SIGNAL,REF,ATTACK,CLASS,SCORE,REF_NUM_POINTS,TEST_NUM_POINTS,time__pc3__w16,pc3__f00,pc3__f01,pc3__f02,pc3__f03,pc3__f04,pc3__f05,pc3__f06,pc3__f07,pc3__f08,pc3__f09,pc3__f10,pc3__f11,pc3__f12,pc3__f13,pc3__f14,pc3__f15,pc3__f16,pc3__f17,pc3__f18,pc3__f19,pc3__f20,pc3__f21,pc3__f22,pc3__f23,pc3__f24,pc3__f25,pc3__f26,pc3__f27,pc3__f28,pc3__f29,pc3__f30,pc3__f31,pc3__f32,pc3__f33,pc3__f34,pc3__f35,pc3__f36,pc3__f37,pc3__f38,pc3__f39
tmc13_amphoriskos_vox10_dec_geom01_text01_octree-predlift.ply,amphoriskos_vox10.ply,OCTREE_PRED_LIFT,1,1.0,814474,34293,1.2285263538360596,0.8822477107506453,0.9771624745916404,0.9861148691323884,0.508460664199773,0.3927597945292991,0.4111000582171444,0.9902864708970696,0.9741156033239268,0.9005953733726741,0.5206902374136698,0.4734081463095425,0.4536760909927456,3.896167197688284,1.9668403628196207,1.9545027544183464,1.921399421697196,0.1772634342501585,0.4030061038606854,3.9291300980070942,1.9631656481814,1.955459948255863,2.604469136733412,0.7567440122371111,2.12475383935666,0.0940068791505496,0.0828598706456543,0.015729934681308,0.9980420675505668,0.9986339801936572,0.9608267628762583,0.0478368498551506,0.0385585833329203,0.9320671886390058,0.9171045454380434,0.285861280395322,0.3002628668400375,0.2760939976188125,0.4913915242191629,0.5536827958078117,0.0217866291483975
tmc13_amphoriskos_vox10_dec_geom01_text01_octree-raht.ply,amphoriskos_vox10.ply,OCTREE_RAHT,2,1.0,814474,34293,1.2159390449523926,0.8788056555895334,0.9740934853357864,0.9844061592080978,0.3832502264038159,0.169851649531596,0.122307935859536,0.9004801795350477,0.5391340326642935,0.3582091662051981,0.3953641804246236,0.1550297996607625,0.3409550834844383,3.896167197688284,1.9668403628196207,1.9545027544183464,1.921399421697196,0.1772634342501585,0.4030061038606854,3.9291300980070942,1.9631656481814,1.955459948255863,2.604469136733412,0.7567440122371111,2.12475383935666,0.0940068791505496,0.0828598706456543,0.015729934681308,0.9980420675505668,0.9986339801936572,0.9608267628762583,0.0478368498551506,0.0385585833329203,0.9320671886390058,0.9171045454380434,0.285861280395322,0.3002628668400375,0.2760939976188125,0.4913915242191629,0.5536827958078117,0.0217866291483975
tmc13_amphoriskos_vox10_dec_geom01_text01_trisoup-predlift.ply,amphoriskos_vox10.ply,TRISOUP_PREDLIFT,3,1.25,814474,1234577,2.1866273880004883,0.964393205574469,0.9897808375184732,0.9926246286141412,0.5252691599204921,0.4428582883477214,0.4014541828950278,0.9662031738188884,0.9273556414495324,0.8263102777147615,0.5339687118182729,0.4191107218000875,0.4519188153118613,0.945677718655846,0.3651222788906429,0.3556855957882995,0.6594003528770946,0.1772634342501585,0.4030061038606854,0.9663369488478384,0.4345823922589943,0.5567951760194791,0.9414534281753234,0.3683378232378485,0.6263760089161984,0.744804204081999,0.804639215777628,0.763074827378897,0.998594721048052,1.000169550448734,0.9696303009678782,0.8421280083822437,0.6855369749307014,0.9856123111637288,0.9058216206256962,0.283627206412706,0.7029965796247067,0.6823990751433827,0.4958902692332351,0.5470722580148105,0.0120452974852919
tmc13_amphoriskos_vox10_dec_geom01_text01_trisoup-raht.ply,amphoriskos_vox10.ply,TRISOUP_RAHT,4,1.025,814474,1234577,2.334118366241455,0.9558540215496654,0.9870007756751764,0.9906833166727476,0.5081233042610654,0.2149623172168193,0.1366424570372901,0.8341853772385708,0.4836206708919421,0.3188869407595404,0.5304516256017984,0.1766532277851144,0.4756832248809461,0.945677718655846,0.3651222788906429,0.3556855957882995,0.6594003528770946,0.1772634342501585,0.4030061038606854,0.9663369488478384,0.4345823922589943,0.5567951760194791,0.9414534281753234,0.3683378232378485,0.6263760089161984,0.744804204081999,0.804639215777628,0.763074827378897,0.998594721048052,1.000169550448734,0.9696303009678782,0.8421280083822437,0.6855369749307014,0.9856123111637288,0.9058216206256962,0.283627206412706,0.7029965796247067,0.6823990751433827,0.4958902692332351,0.5470722580148105,0.0120452974852919
tmc13_amphoriskos_vox10_dec_geom02_text02_octree-predlift.ply,amphoriskos_vox10.ply,OCTREE_PRED_LIFT,1,1.5,814474,128106,1.2585926055908203,0.9280269614390292,0.9861782955701516,0.9910248071370388,0.6001565168447015,0.512020981569214,0.5221855286541496,0.9704374752488916,0.981650383333216,0.9697913688312764,0.6095621162457516,0.6117415489327782,0.5451164186483952,2.014449469395162,1.0353826608820802,1.0332357903728195,0.9593253141878908,0.1772634342501585,0.4030061038606854,2.073695734315684,1.0514895951669991,1.0167634674907624,1.058602740455164,0.3746375236201416,0.7824232958432296,0.2945948385747541,0.2626776410989745,0.0852487380712127,1.0002195307536268,0.9996826635855802,0.9487008666875436,0.1870202922354196,0.1685940094682408,0.9740123301112976,0.9369259073024536,0.2879013083513908,0.4315335640945359,0.4044470711267616,0.5054655876092726,0.5380501451309213,0.0070261600464469
tmc13_amphoriskos_vox10_dec_geom02_text02_octree-raht.ply,amphoriskos_vox10.ply,OCTREE_RAHT,2,1.075,814474,128106,1.2497589588165283,0.9263283569191966,0.9843518981369308,0.989530328379998,0.5248733091226423,0.2832946913943136,0.2190606385769758,0.969374442779121,0.7544862557526997,0.5692621753222149,0.5324934327980134,0.2728777973317121,0.4708730340542119,2.014449469395162,1.0353826608820802,1.0332357903728195,0.9593253141878908,0.1772634342501585,0.4030061038606854,2.073695734315684,1.0514895951669991,1.0167634674907624,1.058602740455164,0.3746375236201416,0.7824232958432296,0.2945948385747541,0.2626776410989745,0.0852487380712127,1.0002195307536268,0.9996826635855802,0.9487008666875436,0.1870202922354196,0.1685940094682408,0.9740123301112976,0.9369259073024536,0.2879013083513908,0.4315335640945359,0.4044470711267616,0.5054655876092726,0.5380501451309213,0.0070261600464469
tmc13_amphoriskos_vox10_dec_geom02_text02_trisoup-predlift.ply,amphoriskos_vox10.ply,TRISOUP_PREDLIFT,3,2.3,814474,1299596,2.5316805839538574,0.979375102424472,0.9937866025916524,0.9952993489772178,0.6163238392487581,0.522582425890872,0.4849280262352128,0.949824639045791,0.9407544756399548,0.8825730762334658,0.6241150244316355,0.5209660196312909,0.5432481890113692,0.6288708628861659,0.2587418421964141,0.2558342008251334,0.4197837420965008,0.1772634342501585,0.4030061038606854,0.7515019073036209,0.3497361439090202,0.4170338979513025,0.6474311061447743,0.2800990292153289,0.4050143760508251,0.7361853728764713,0.7959617752375909,0.819185873203814,0.9990901520758776,0.9995511371965944,0.9468637380846884,0.8232479088145519,0.6683874299760826,0.9942618455252812,0.9172092422247752,0.3020386726535503,0.761170181020024,0.7419937844460851,0.5082190679465693,0.5310826704004205,0.0034267047266832
tmc13_amphoriskos_vox10_dec_geom02_text02_trisoup-raht.ply,amphoriskos_vox10.ply,TRISOUP_RAHT,4,1.625,814474,1299596,2.48132872581482,0.9746472534987034,0.9919410990433905,0.9938032257501416,0.669040635455122,0.328888804618465,0.243353104867975,0.9207587040405976,0.6400551990807652,0.5073939741638901,0.6895774003351257,0.3188765621647598,0.6332831138745548,0.6288708628861659,0.2587418421964141,0.2558342008251334,0.4197837420965008,0.1772634342501585,0.4030061038606854,0.7515019073036209,0.3497361439090202,0.4170338979513025,0.6474311061447743,0.2800990292153289,0.4050143760508251,0.7361853728764713,0.7959617752375909,0.819185873203814,0.9990901520758776,0.9995511371965944,0.9468637380846884,0.8232479088145519,0.6683874299760826,0.9942618455252812,0.9172092422247752,0.3020386726535503,0.761170181020024,0.7419937844460851,0.5082190679465693,0.5310826704004205,0.0034267047266832
tmc13_amphoriskos_vox10_dec_geom03_text03_octree-predlift.ply,amphoriskos_vox10.ply,OCTREE_PRED_LIFT,1,2.9,814474,421899,1.5182783603668213,0.97181842440531,0.9941710284406304,0.9956989960110568,0.7715498782365509,0.6356128776238379,0.6137927261707886,0.938344585586746,0.96487761249356,0.9539469885803518,0.7784110331383567,0.7126701905562882,0.7250936691820064,1.118520518205978,0.583747615780085,0.5780026651192649,0.5169686497186201,0.1772634342501585,0.4030061038606854,1.2300351627310222,0.6182193930768675,0.6016931029129451,0.6366847544807128,0.2387264730239462,0.4588720501905642,0.7129424649428029,0.6564649941052809,0.3955969930387296,0.9996475758626198,1.000131796847939,0.922130936596833,0.5748604472054052,0.5835354377696332,0.990732083892323,0.9347564469358932,0.321328063762987,0.6417739230185843,0.6129709391624942,0.5318993300824024,0.5014223518642237,0.001396906267395
tmc13_amphoriskos_vox10_dec_geom03_text03_octree-raht.ply,amphoriskos_vox10.ply,OCTREE_RAHT,2,2.025,814474,421899,1.58546781539917,0.9705259507803402,0.9933220272069572,0.9947975023507066,0.710060596433056,0.4333529512645342,0.3574410522000368,0.9449366905010244,0.8521284649879821,0.7577912619898192,0.7096839930449081,0.4482700519724882,0.6540817155740184,1.118520518205978,0.583747615780085,0.5780026651192649,0.5169686497186201,0.1772634342501585,0.4030061038606854,1.2300351627310222,0.6182193930768675,0.6016931029129451,0.6366847544807128,0.2387264730239462,0.4588720501905642,0.7129424649428029,0.6564649941052809,0.3955969930387296,0.9996475758626198,1.000131796847939,0.922130936596833,0.5748604472054052,0.5835354377696332,0.990732083892323,0.9347564469358932,0.321328063762987,0.6417739230185843,0.6129709391624942,0.5318993300824024,0.5014223518642237,0.001396906267395
tmc13_amphoriskos_vox10_dec_geom03_text03_trisoup-predlift.ply,amphoriskos_vox10.ply,TRISOUP_PREDLIFT,3,2.675,814474,1299596,2.4427812099456787,0.9852025843922588,0.9962974058152936,0.9970445062436624,0.6869061888651542,0.5886042042375711,0.5502873035418576,0.9350955715617012,0.9394857070248348,0.906429006796432,0.6927868678017152,0.5921238945956387,0.6179042421478539,0.6288708628861659,0.2587418421964141,0.2558342008251334,0.4197837420965008,0.1772634342501585,0.4030061038606854,0.7515019073036209,0.3497361439090202,0.4170338979513025,0.6474311061447743,0.2800990292153289,0.4050143760508251,0.7361853728764713,0.7959617752375909,0.819185873203814,0.9990901520758776,0.9995511371965944,0.9468637380846884,0.8232479088145519,0.6683874299760826,0.9942618455252812,0.9172092422247752,0.3020386726535503,0.761170181020024,0.7419937844460851,0.5082190679465693,0.5310826704004205,0.0034267047266832
tmc13_amphoriskos_vox10_dec_geom03_text03_trisoup-raht.ply,amphoriskos_vox10.ply,TRISOUP_RAHT,4,2.05,814474,1299596,2.4390149116516118,0.9828868142660704,0.9952340726852752,0.9960429584286868,0.7759037796873666,0.4620752866756183,0.3588434945898708,0.9406362847566846,0.7606369838868792,0.6515544615936543,0.7934975227570851,0.4531967200508017,0.7416544551604172,0.6288708628861659,0.2587418421964141,0.2558342008251334,0.4197837420965008,0.1772634342501585,0.4030061038606854,0.7515019073036209,0.3497361439090202,0.4170338979513025,0.6474311061447743,0.2800990292153289,0.4050143760508251,0.7361853728764713,0.7959617752375909,0.819185873203814,0.9990901520758776,0.9995511371965944,0.9468637380846884,0.8232479088145519,0.6683874299760826,0.9942618455252812,0.9172092422247752,0.3020386726535503,0.761170181020024,0.7419937844460851,0.5082190679465693,0.5310826704004205,0.0034267047266832
tmc13_amphoriskos_vox10_dec_geom04_text04_octree-predlift.ply,amphoriskos_vox10.ply,OCTREE_PRED_LIFT,1,4.375,814474,644895,1.816575050354004,0.9878983876439767,0.9971262803352532,0.9976954572286554,0.8834329733692016,0.732461859165448,0.6850404782394832,0.9199434854039358,0.955509615979081,0.9492146763387524,0.8875055101685665,0.7866693136809445,0.8538638638239506,0.6714823092967357,0.3417685957407912,0.3406282572302149,0.3246125169427972,0.1772634342501585,0.4030061038606854,0.8420516727550484,0.3807349051790904,0.49341841367311,0.3634089742343006,0.194617717888124,0.1598860045002306,0.906540564549344,0.8617120437043697,0.6342407880679433,1.000657901512397,0.9994812784949436,0.8992257846602142,0.7963411818418603,0.8411296722584429,0.9946011956316448,0.9438261997608036,0.4357556603975071,0.7380027966622519,0.7161268224682272,0.6129640467177103,0.3840142013289235,0.000513774156468
tmc13_amphoriskos_vox10_dec_geom04_text04_octree-raht.ply,amphoriskos_vox10.ply,OCTREE_RAHT,2,3.7,814474,644895,1.8533172607421875,0.9873439667439462,0.9966434711794332,0.9971742814474251,0.8489935324967207,0.5742988912246196,0.4970949615210181,0.9269018709884538,0.8825721045283184,0.832365745036458,0.8469209486002285,0.599244766637012,0.8100807984467107,0.6714823092967357,0.3417685957407912,0.3406282572302149,0.3246125169427972,0.1772634342501585,0.4030061038606854,0.8420516727550484,0.3807349051790904,0.49341841367311,0.3634089742343006,0.194617717888124,0.1598860045002306,0.906540564549344,0.8617120437043697,0.6342407880679433,1.000657901512397,0.9994812784949436,0.8992257846602142,0.7963411818418603,0.8411296722584429,0.9946011956316448,0.9438261997608036,0.4357556603975071,0.7380027966622519,0.7161268224682272,0.6129640467177103,0.3840142013289235,0.000513774156468
tmc13_amphoriskos_vox10_dec_geom04_text04_trisoup-predlift.ply,amphoriskos_vox10.ply,TRISOUP_PREDLIFT,3,2.725,814474,1299596,2.458349704742432,0.9866098250138676,0.9978213620334252,0.998188981125557,0.734192073930382,0.6439952765877557,0.607333141531895,0.92685934680378,0.9378510707042614,0.918558641466433,0.7377688368539368,0.6440880148129423,0.6700139929990965,0.6288708628861659,0.2587418421964141,0.2558342008251334,0.4197837420965008,0.1772634342501585,0.4030061038606854,0.7515019073036209,0.3497361439090202,0.4170338979513025,0.6474311061447743,0.2800990292153289,0.4050143760508251,0.7361853728764713,0.7959617752375909,0.819185873203814,0.9990901520758776,0.9995511371965944,0.9468637380846884,0.8232479088145519,0.6683874299760826,0.9942618455252812,0.9172092422247752,0.3020386726535503,0.761170181020024,0.7419937844460851,0.5082190679465693,0.5310826704004205,0.0034267047266832
tmc13_amphoriskos_vox10_dec_geom04_text04_trisoup-raht.ply,amphoriskos_vox10.ply,TRISOUP_RAHT,4,2.45,814474,1299596,2.4256668090820312,0.9853543323436192,0.997152645117968,0.9975720101771532,0.8286799783159332,0.592495786139784,0.4959379185176003,0.9362311019874716,0.8495551965197724,0.7728599033402256,0.8406274601273761,0.5924732680130553,0.7950942689194505,0.6288708628861659,0.2587418421964141,0.2558342008251334,0.4197837420965008,0.1772634342501585,0.4030061038606854,0.7515019073036209,0.3497361439090202,0.4170338979513025,0.6474311061447743,0.2800990292153289,0.4050143760508251,0.7361853728764713,0.7959617752375909,0.819185873203814,0.9990901520758776,0.9995511371965944,0.9468637380846884,0.8232479088145519,0.6683874299760826,0.9942618455252812,0.9172092422247752,0.3020386726535503,0.761170181020024,0.7419937844460851,0.5082190679465693,0.5310826704004205,0.0034267047266832
tmc13_amphoriskos_vox10_dec_geom05_text05_octree-predlift.ply,amphoriskos_vox10.ply,OCTREE_PRED_LIFT,1,4.6,814474,737106,2.067619562149048,0.9934997855537864,0.9984612497519232,0.9987104448915206,0.9323551394058666,0.8015111144802939,0.7486578052802724,0.8963307741825545,0.9332901852440856,0.93087653435459,0.9342603731257968,0.8334836918864098,0.9132390028842812,0.5565938992343721,0.2807507482729431,0.2784136327352927,0.2746625449274384,0.1772634342501585,0.4030061038606854,0.7608971463437644,0.3266351738434869,0.4751277986942502,0.278151544167266,0.1580384492005746,0.0999646734974859,0.9603937539689124,0.9348585737662763,0.7403779870124503,0.9812713947968216,0.9812001088842968,0.871279902077478,0.8782418716260069,0.9311198481949446,0.9958827987522793,0.9519761249285228,0.5296158688224258,0.7849134538998511,0.7707818596172908,0.6772054281588166,0.2905892351436039,0.0007447162261741
tmc13_amphoriskos_vox10_dec_geom05_text05_octree-raht.ply,amphoriskos_vox10.ply,OCTREE_RAHT,2,4.475,814474,737106,2.0680062770843506,0.9934205820968568,0.9981929331770744,0.9983785447088112,0.914350053959356,0.7143107244762475,0.6317982999858612,0.9010611448900692,0.9134288846990256,0.8848091570700664,0.9131695474711649,0.7342380746299586,0.8898664969206236,0.5565938992343721,0.2807507482729431,0.2784136327352927,0.2746625449274384,0.1772634342501585,0.4030061038606854,0.7608971463437644,0.3266351738434869,0.4751277986942502,0.278151544167266,0.1580384492005746,0.0999646734974859,0.9603937539689124,0.9348585737662763,0.7403779870124503,0.9812713947968216,0.9812001088842968,0.871279902077478,0.8782418716260069,0.9311198481949446,0.9958827987522793,0.9519761249285228,0.5296158688224258,0.7849134538998511,0.7707818596172908,0.6772054281588166,0.2905892351436039,0.0007447162261741
tmc13_amphoriskos_vox10_dec_geom05_text05_trisoup-predlift.ply,amphoriskos_vox10.ply,TRISOUP_PREDLIFT,3,3.1,814474,1451194,2.3775758743286133,0.985009300941884,0.9985756610135964,0.9989017438635016,0.738296793894912,0.6569165341979248,0.6302572374767124,0.9252913222686469,0.9379148619665746,0.914488308212522,0.7396409894040862,0.6472987658526452,0.6729063348514797,0.4929519032461878,0.2117486573464508,0.2029138624259278,0.3242047742352636,0.1772634342501585,0.4030061038606854,0.7230872333677113,0.3129857322212094,0.4411068732859386,0.5796135010293714,0.2467201511806233,0.3744779090147111,0.6927502116365492,0.7500939245880492,0.8169379252815031,0.999857737921868,0.9989854639369786,0.9340703040407614,0.8385857600075711,0.6025663290320084,0.99093293199485,0.9236683220658962,0.3285713932001676,0.6445248672331143,0.6184613274272479,0.5221503719096426,0.5162217713360978,0.0025313590740348
tmc13_amphoriskos_vox10_dec_geom05_text05_trisoup-raht.ply,amphoriskos_vox10.ply,TRISOUP_RAHT,4,3.1,814474,1451194,2.6178109645843506,0.9842268687162092,0.9981538694471792,0.9984865530952932,0.8158629800514825,0.690803713751197,0.6134926732999738,0.9316014456927256,0.9048733717104448,0.8560554581558051,0.8238312331940533,0.6828645528564378,0.77521014121465,0.4929519032461878,0.2117486573464508,0.2029138624259278,0.3242047742352636,0.1772634342501585,0.4030061038606854,0.7230872333677113,0.3129857322212094,0.4411068732859386,0.5796135010293714,0.2467201511806233,0.3744779090147111,0.6927502116365492,0.7500939245880492,0.8169379252815031,0.999857737921868,0.9989854639369786,0.9340703040407614,0.8385857600075711,0.6025663290320084,0.99093293199485,0.9236683220658962,0.3285713932001676,0.6445248672331143,0.6184613274272479,0.5221503719096426,0.5162217713360978,0.0025313590740348
tmc13_amphoriskos_vox10_dec_geom06_text06_octree-predlift.ply,amphoriskos_vox10.ply,OCTREE_PRED_LIFT,1,4.75,814474,777461,2.1268320083618164,0.9957514872413746,0.9991516571987688,0.9992297495983676,0.955824668176519,0.865698784399571,0.8108866928221886,0.874257173243398,0.9152960947477042,0.9106785475710072,0.9568695189023516,0.8781259032761156,0.9431268581778144,0.51481373016827,0.2546327141355292,0.2579866117164436,0.2601856241156657,0.1772634342501585,0.4030061038606854,0.7281592144496216,0.3058208785187686,0.4702334709037347,0.3169227327426842,0.1727480204941625,0.1472550705316237,0.9712436466492016,0.9606463043962584,0.8206814980327897,0.9592200667204418,0.9605094766459554,0.845195712991433,0.9243055188471644,0.961974736935604,0.99705704849829,0.959864255467098,0.6025139242053258,0.8400823723424754,0.8303437724110434,0.7273951772680327,0.2225335818208751,0.0011322989258699
tmc13_amphoriskos_vox10_dec_geom06_text06_octree-raht.ply,amphoriskos_vox10.ply,OCTREE_RAHT,2,4.85,814474,777461,2.002009153366089,0.995746837630669,0.9989530515185652,0.9990223260059644,0.9468978162160204,0.8134085486916777,0.7460309760462258,0.8757948328242732,0.912231834323056,0.9061438025063848,0.9466968664331188,0.8341644474011439,0.9308409946123928,0.51481373016827,0.2546327141355292,0.2579866117164436,0.2601856241156657,0.1772634342501585,0.4030061038606854,0.7281592144496216,0.3058208785187686,0.4702334709037347,0.3169227327426842,0.1727480204941625,0.1472550705316237,0.9712436466492016,0.9606463043962584,0.8206814980327897,0.9592200667204418,0.9605094766459554,0.845195712991433,0.9243055188471644,0.961974736935604,0.99705704849829,0.959864255467098,0.6025139242053258,0.8400823723424754,0.8303437724110434,0.7273951772680327,0.2225335818208751,0.0011322989258699
tmc13_amphoriskos_vox10_dec_geom06_text06_trisoup-predlift.ply,amphoriskos_vox10.ply,TRISOUP_PREDLIFT,3,4.9,814474,814474,1.84063720703125,0.9983045402796596,0.9992882137818944,0.9992874178113972,0.9702498142268112,0.8664618006230036,0.8102502829248697,0.0252764713493962,0.1998169854928786,0.2907959922909464,0.9701233237885096,0.878511642759382,0.9604018902187816,0.0,0.0,0.0,0.0,0.1772634342501585,0.4030061038606854,0.5266927921373414,0.1772634342501585,0.4030061038606854,3.1761700205787284e-14,1.5614387569287343e-14,1.6118487627287512e-14,1.0,1.0,1.0,6.101151476139924e-17,6.385473786685211e-17,7.393736598011411e-17,1.0,1.0,1.0,1.0,1.0,1.0,1.0,0.9999170613515106,-1.8413185581311163e-20,8.292561572265234e-05
tmc13_amphoriskos_vox10_dec_geom06_text06_trisoup-raht.ply,amphoriskos_vox10.ply,TRISOUP_RAHT,4,4.725,814474,814474,1.9198689460754397,0.9981917358089556,0.9990664255340088,0.9990563270147104,0.9678984244076068,0.8203613410765207,0.7465300251447954,0.035999059085543,0.276699837621828,0.3734066424094753,0.967512371501888,0.8377519177043747,0.9564748961426152,0.0,0.0,0.0,0.0,0.1772634342501585,0.4030061038606854,0.5266927921373414,0.1772634342501585,0.4030061038606854,3.1761700205787284e-14,1.5614387569287343e-14,1.6118487627287512e-14,1.0,1.0,1.0,6.101151476139924e-17,6.385473786685211e-17,7.393736598011411e-17,1.0,1.0,1.0,1.0,1.0,1.0,1.0,0.9999170613515106,-1.8413185581311163e-20,8.292561572265234e-05
tmc13_biplane_vox10_dec_geom01_text01_octree-predlift.ply,biplane_vox10.ply,OCTREE_PRED_LIFT,1,1.0,1181016,14468,2.245112419128418,0.8636184601287049,0.9666820226679508,0.9918154031684996,0.5260974550007452,0.2233433885384773,0.0792349690346189,0.9983821436735696,0.9659229796030512,0.6321368895593026,0.5285807961134321,0.1794384200636712,0.4824692031839212,3.892314875105552,1.9650349123270168,1.9651730970528596,1.9658920291463775,0.2281162754816551,0.7209950352688316,3.999562301425965,1.999111762209712,2.074206844894585,5.9086364898584165,2.5598863082484997,3.584913164963249,0.050428103446875,0.041613953949418,0.0257801473025062,1.001314151253332,0.9967654341814746,0.9742801913853308,0.0330583994422931,0.0104315118950012,0.7437928148839025,0.6950424570918433,0.3232404154750815,0.5875894205120222,0.5261545121390313,0.4694109101377992,0.5134397225240183,0.1878989959929458
tmc13_biplane_vox10_dec_geom01_text01_octree-raht.ply,biplane_vox10.ply,OCTREE_RAHT,2,1.0,1181016,14468,2.1974308490753174,0.8625511040546393,0.9659130542245752,0.9911164898988876,0.5173190018005281,0.1934631727330447,0.0480720014944401,0.9727469246942728,0.6485170274079558,0.312732126744233,0.5238453382753845,0.1192546651297316,0.480515107637869,3.892314875105552,1.9650349123270168,1.9651730970528596,1.9658920291463775,0.2281162754816551,0.7209950352688316,3.999562301425965,1.999111762209712,2.074206844894585,5.9086364898584165,2.5598863082484997,3.584913164963249,0.050428103446875,0.041613953949418,0.0257801473025062,1.001314151253332,0.9967654341814746,0.9742801913853308,0.0330583994422931,0.0104315118950012,0.7437928148839025,0.6950424570918433,0.3232404154750815,0.5875894205120222,0.5261545121390313,0.4694109101377992,0.5134397225240183,0.1878989959929458
tmc13_biplane_vox10_dec_geom01_text01_trisoup-predlift.ply,biplane_vox10.ply,TRISOUP_PREDLIFT,3,1.1,1181016,539974,2.8237500190734863,0.9277537513715984,0.9784864106772656,0.9943228797702032,0.4088478917913437,0.2002712688671262,0.0839662981341076,0.9887924642581312,0.939373186120712,0.5266300741200497,0.4054742548857029,0.1271435423349182,0.3566127742399173,2.306508190761576,0.8898492476749658,0.9284015903125712,1.5023524308754248,0.2281162754816551,0.7209950352688316,2.1554688133868427,0.932325464453785,1.2725669817708487,2.5353397649795224,1.0400587065647604,1.5904978044440867,0.7206958122452249,0.6968858159148748,0.5451878167602119,1.0002410206250882,0.9934395178788462,0.9690362487691072,0.7124530669235254,0.5271068297483475,0.767791886547917,0.6478113931715459,0.3151403220360357,0.5717427373237197,0.5216352134364974,0.4603036039091743,0.535253615259512,0.2201243576112981
tmc13_biplane_vox10_dec_geom01_text01_trisoup-raht.ply,biplane_vox10.ply,TRISOUP_RAHT,4,1.025,1181016,539974,2.7564260959625244,0.9260381921442415,0.9773430062005098,0.9939152542194062,0.4442177209247523,0.2183105249362581,0.0851515443867116,0.9248893307539424,0.5989260171878732,0.3264197357911932,0.4496534220973065,0.1181111602471559,0.4081366550250264,2.306508190761576,0.8898492476749658,0.9284015903125712,1.5023524308754248,0.2281162754816551,0.7209950352688316,2.1554688133868427,0.932325464453785,1.2725669817708487,2.5353397649795224,1.0400587065647604,1.5904978044440867,0.7206958122452249,0.6968858159148748,0.5451878167602119,1.0002410206250882,0.9934395178788462,0.9690362487691072,0.7124530669235254,0.5271068297483475,0.767791886547917,0.6478113931715459,0.3151403220360357,0.5717427373237197,0.5216352134364974,0.4603036039091743,0.535253615259512,0.2201243576112981
tmc13_biplane_vox10_dec_geom02_text02_octree-predlift.ply,biplane_vox10.ply,OCTREE_PRED_LIFT,1,1.1,1181016,64888,2.277827501296997,0.9020648109905642,0.9749329216520012,0.99411090359583,0.5994594260192396,0.3591320335579498,0.1388261070734603,0.992547814227107,0.982756796351383,0.7304622190646117,0.6036809953467785,0.2878282592011965,0.5597853597111969,2.025347762822698,1.0241752618593043,1.0241618751079196,1.0122439353734027,0.2281162754816551,0.7209950352688316,2.204562540785483,1.0775670437629614,1.1956033067147591,2.539264325183692,0.9098238410914886,1.827169829803399,0.1759458507049655,0.1541221879010188,0.0949167396646659,1.000573953460616,0.9941818194194206,0.9678328396175206,0.1216834502799332,0.0522604516389282,0.7406791500294636,0.7068565413991403,0.3489215606556561,0.5802922745608787,0.5251399539204531,0.4943160735353203,0.4955385300048308,0.1384604888354126
tmc13_biplane_vox10_dec_geom02_text02_octree-raht.ply,biplane_vox10.ply,OCTREE_RAHT,2,1.05,1181016,64888,2.204533576965332,0.9022665150079348,0.9751507889988305,0.9937953344061952,0.6058034752336255,0.3399254241164939,0.1647344619319857,0.9908538685373186,0.8613374557691432,0.6446030157726945,0.6125916708830473,0.2814837714526281,0.5715044780978107,2.025347762822698,1.0241752618593043,1.0241618751079196,1.0122439353734027,0.2281162754816551,0.7209950352688316,2.204562540785483,1.0775670437629614,1.1956033067147591,2.539264325183692,0.9098238410914886,1.827169829803399,0.1759458507049655,0.1541221879010188,0.0949167396646659,1.000573953460616,0.9941818194194206,0.9678328396175206,0.1216834502799332,0.0522604516389282,0.7406791500294636,0.7068565413991403,0.3489215606556561,0.5802922745608787,0.5251399539204531,0.4943160735353203,0.4955385300048308,0.1384604888354126
tmc13_biplane_vox10_dec_geom02_text02_trisoup-predlift.ply,biplane_vox10.ply,TRISOUP_PREDLIFT,3,1.9,1181016,745357,3.0342938899993896,0.955307506404333,0.9859610263005129,0.9953719887854188,0.573206069350826,0.2870186047296192,0.1432285487975961,0.9780616623701404,0.9519704194147124,0.6926258539788018,0.5677405203691438,0.2267490761056653,0.5205876162312688,1.0616924646684254,0.3785102733131392,0.42822503239649,0.7202909794749957,0.2281162754816551,0.7209950352688316,1.0337601975485893,0.4727581163505889,0.5970954526102602,1.1046471624389818,0.4590363474987762,0.7417913239741325,0.7930229426736031,0.7749598168010557,0.6711965325436724,0.9993160142601007,0.991370434937105,0.9540969016123884,0.7994811579194003,0.635558673993312,0.8257477731010965,0.723126264918914,0.357975334038184,0.6631844650374952,0.6254248215990486,0.4917463037797788,0.4985128209654651,0.147692494773615
tmc13_biplane_vox10_dec_geom02_text02_trisoup-raht.ply,biplane_vox10.ply,TRISOUP_RAHT,4,1.55,1181016,745357,2.8259084224700928,0.9553054183530444,0.9853547665478865,0.9949373257504492,0.6538180050438803,0.3174872426348084,0.1387881230603156,0.9685402592027084,0.8295954356813079,0.5973363181123084,0.6585883195094511,0.2361896750860061,0.6209217089663553,1.0616924646684254,0.3785102733131392,0.42822503239649,0.7202909794749957,0.2281162754816551,0.7209950352688316,1.0337601975485893,0.4727581163505889,0.5970954526102602,1.1046471624389818,0.4590363474987762,0.7417913239741325,0.7930229426736031,0.7749598168010557,0.6711965325436724,0.9993160142601007,0.991370434937105,0.9540969016123884,0.7994811579194003,0.635558673993312,0.8257477731010965,0.723126264918914,0.357975334038184,0.6631844650374952,0.6254248215990486,0.4917463037797788,0.4985128209654651,0.147692494773615
tmc13_biplane_vox10_dec_geom03_text03_octree-predlift.ply,biplane_vox10.ply,OCTREE_PRED_LIFT,1,1.975,1181016,282456,2.555243968963623,0.9461242589961678,0.98616607157056,0.9956585724361496,0.6993736415954326,0.451289074865854,0.2265703565310301,0.9813884112575764,0.976483188192834,0.8263094388818758,0.7007592238677314,0.3945616947429083,0.6620267966079019,1.1186362790938733,0.5619289347598093,0.5592342103936792,0.5430890369729333,0.2281162754816551,0.7209950352688316,1.3951519548386289,0.6479768121780038,0.8101469375642024,0.8577238069351303,0.331615871990646,0.6110285356348193,0.4779315612496187,0.4432599951298677,0.3495792072978538,0.997951948474878,0.9905315527398362,0.94870064850268,0.4038224128187357,0.2371065603293726,0.8441544792553338,0.7879295566005462,0.4037852621648055,0.7271624975160237,0.6892276637237029,0.5403001759516567,0.4420314958748383,0.0734163356399395
tmc13_biplane_vox10_dec_geom03_text03_octree-raht.ply,biplane_vox10.ply,OCTREE_RAHT,2,2.05,1181016,282456,2.569753170013428,0.9467664796431204,0.9863146427851804,0.9952702589929884,0.7316607439558767,0.4477131303521244,0.1989217287403166,0.9823483540283828,0.9194867939874136,0.6773566285973214,0.7384167740666587,0.336121118834312,0.7041045221017983,1.1186362790938733,0.5619289347598093,0.5592342103936792,0.5430890369729333,0.2281162754816551,0.7209950352688316,1.3951519548386289,0.6479768121780038,0.8101469375642024,0.8577238069351303,0.331615871990646,0.6110285356348193,0.4779315612496187,0.4432599951298677,0.3495792072978538,0.997951948474878,0.9905315527398362,0.94870064850268,0.4038224128187357,0.2371065603293726,0.8441544792553338,0.7879295566005462,0.4037852621648055,0.7271624975160237,0.6892276637237029,0.5403001759516567,0.4420314958748383,0.0734163356399395
tmc13_biplane_vox10_dec_geom03_text03_trisoup-predlift.ply,biplane_vox10.ply,TRISOUP_PREDLIFT,3,2.35,1181016,745357,2.905061721801758,0.9596706599742488,0.989170418983832,0.9963708952869008,0.6984368629387113,0.3787617049126382,0.2125261806766035,0.9735117471900668,0.9737379361579058,0.7988161633945808,0.6927686989086385,0.33192360151491,0.6545455096264321,1.0616924646684254,0.3785102733131392,0.42822503239649,0.7202909794749957,0.2281162754816551,0.7209950352688316,1.0337601975485893,0.4727581163505889,0.5970954526102602,1.1046471624389818,0.4590363474987762,0.7417913239741325,0.7930229426736031,0.7749598168010557,0.6711965325436724,0.9993160142601007,0.991370434937105,0.9540969016123884,0.7994811579194003,0.635558673993312,0.8257477731010965,0.723126264918914,0.357975334038184,0.6631844650374952,0.6254248215990486,0.4917463037797788,0.4985128209654651,0.147692494773615
tmc13_biplane_vox10_dec_geom03_text03_trisoup-raht.ply,biplane_vox10.ply,TRISOUP_RAHT,4,2.15,1181016,745357,2.9811270236968994,0.9600496330677668,0.9890531065690964,0.9959948485163028,0.7608533568246008,0.4152080356383058,0.1979487292673342,0.969849869223788,0.888819784170809,0.6560469052012563,0.7650994720998199,0.3155310454797826,0.7340487321053497,1.0616924646684254,0.3785102733131392,0.42822503239649,0.7202909794749957,0.2281162754816551,0.7209950352688316,1.0337601975485893,0.4727581163505889,0.5970954526102602,1.1046471624389818,0.4590363474987762,0.7417913239741325,0.7930229426736031,0.7749598168010557,0.6711965325436724,0.9993160142601007,0.991370434937105,0.9540969016123884,0.7994811579194003,0.635558673993312,0.8257477731010965,0.723126264918914,0.357975334038184,0.6631844650374952,0.6254248215990486,0.4917463037797788,0.4985128209654651,0.147692494773615
tmc13_biplane_vox10_dec_geom04_text04_octree-predlift.ply,biplane_vox10.ply,OCTREE_PRED_LIFT,1,3.8,1181016,648397,3.0466291904449463,0.9739464053449142,0.9932770452503156,0.997388766210813,0.8064345003677806,0.55831397858193,0.3109310681449962,0.9622151159763698,0.9644358052124988,0.8929353970887338,0.8035534961157027,0.4922363910369033,0.7750331794675057,0.6751151097307065,0.3426011860435569,0.3409052418487224,0.3355749157541293,0.2281162754816551,0.7209950352688316,1.0803030203369186,0.4455973965965096,0.7367303571301208,0.3798301331080705,0.1779406006304853,0.2156842350504219,0.767961779610963,0.7319490911153097,0.6524043024772388,0.9958767988043932,0.9844622855023076,0.9275477198232558,0.7122874945812001,0.5642900490333604,0.9275638632824594,0.864537878366841,0.4868327535496612,0.8513720002503524,0.8267279304522611,0.612957368515256,0.3605057477733248,0.0352810723420152
tmc13_biplane_vox10_dec_geom04_text04_octree-raht.ply,biplane_vox10.ply,OCTREE_RAHT,2,3.925,1181016,648397,2.9187257289886475,0.974462575386396,0.9935348100595652,0.9972801775780652,0.8433580231127561,0.6223413393276883,0.2987641533249109,0.9623748780640154,0.9317293600881178,0.7242748286636098,0.8478513485811623,0.4553740206038777,0.824657811648286,0.6751151097307065,0.3426011860435569,0.3409052418487224,0.3355749157541293,0.2281162754816551,0.7209950352688316,1.0803030203369186,0.4455973965965096,0.7367303571301208,0.3798301331080705,0.1779406006304853,0.2156842350504219,0.767961779610963,0.7319490911153097,0.6524043024772388,0.9958767988043932,0.9844622855023076,0.9275477198232558,0.7122874945812001,0.5642900490333604,0.9275638632824594,0.864537878366841,0.4868327535496612,0.8513720002503524,0.8267279304522611,0.612957368515256,0.3605057477733248,0.0352810723420152
tmc13_biplane_vox10_dec_geom04_text04_trisoup-predlift.ply,biplane_vox10.ply,TRISOUP_PREDLIFT,3,2.225,1181016,745357,2.9400458335876465,0.9613818337492956,0.9909309081365716,0.9972125590187032,0.7504729846421788,0.502508133275743,0.2913016765634137,0.9710202932627334,0.9720374089010684,0.8801534653924495,0.7471735965040486,0.4478242680250941,0.7130783274238985,1.0616924646684254,0.3785102733131392,0.42822503239649,0.7202909794749957,0.2281162754816551,0.7209950352688316,1.0337601975485893,0.4727581163505889,0.5970954526102602,1.1046471624389818,0.4590363474987762,0.7417913239741325,0.7930229426736031,0.7749598168010557,0.6711965325436724,0.9993160142601007,0.991370434937105,0.9540969016123884,0.7994811579194003,0.635558673993312,0.8257477731010965,0.723126264918914,0.357975334038184,0.6631844650374952,0.6254248215990486,0.4917463037797788,0.4985128209654651,0.147692494773615
tmc13_biplane_vox10_dec_geom04_text04_trisoup-raht.ply,biplane_vox10.ply,TRISOUP_RAHT,4,2.1,1181016,745357,2.852015972137451,0.9615864821308712,0.9910274229312332,0.9969816020489544,0.7951657222275827,0.563920044477956,0.2799045765604556,0.9694436782729868,0.9396275018957356,0.7033320446601149,0.7976048736876553,0.4163139717757204,0.76966264238202,1.0616924646684254,0.3785102733131392,0.42822503239649,0.7202909794749957,0.2281162754816551,0.7209950352688316,1.0337601975485893,0.4727581163505889,0.5970954526102602,1.1046471624389818,0.4590363474987762,0.7417913239741325,0.7930229426736031,0.7749598168010557,0.6711965325436724,0.9993160142601007,0.991370434937105,0.9540969016123884,0.7994811579194003,0.635558673993312,0.8257477731010965,0.723126264918914,0.357975334038184,0.6631844650374952,0.6254248215990486,0.4917463037797788,0.4985128209654651,0.147692494773615
tmc13_biplane_vox10_dec_geom05_text05_octree-predlift.ply,biplane_vox10.ply,OCTREE_PRED_LIFT,1,4.575,1181016,892401,3.302396297454834,0.9844147531725236,0.9962696294239908,0.9984288857010732,0.886832438283532,0.73866409586712,0.4159895121091198,0.9438361906105516,0.9491377861802488,0.930375826418584,0.8847109222488143,0.6390044072971522,0.8669281801522076,0.5560435387674553,0.2820088968017882,0.2797918289359195,0.2804071106070603,0.2281162754816551,0.7209950352688316,1.029137806992641,0.3946057106817203,0.7458857523379238,0.2799474258194557,0.1224784184086303,0.1725135317210342,0.8946430500215131,0.8663140622051309,0.8123482477423003,0.9927478277926028,0.9813053458062516,0.914013931089328,0.8580902049688612,0.7735902270228538,0.9530157575174372,0.8948503385973887,0.5524495731205866,0.8998231082184157,0.8812225136760177,0.6638391871387797,0.2923658997397163,0.0250365072674428
tmc13_biplane_vox10_dec_geom05_text05_octree-raht.ply,biplane_vox10.ply,OCTREE_RAHT,2,4.55,1181016,892401,3.288309335708618,0.9846436586986153,0.996400200675972,0.9982665273997576,0.907737188300657,0.799136863334727,0.408578188504995,0.944316669249659,0.942502804690306,0.8146098202591924,0.9121400273967656,0.6131816818279898,0.896811529108113,0.5560435387674553,0.2820088968017882,0.2797918289359195,0.2804071106070603,0.2281162754816551,0.7209950352688316,1.029137806992641,0.3946057106817203,0.7458857523379238,0.2799474258194557,0.1224784184086303,0.1725135317210342,0.8946430500215131,0.8663140622051309,0.8123482477423003,0.9927478277926028,0.9813053458062516,0.914013931089328,0.8580902049688612,0.7735902270228538,0.9530157575174372,0.8948503385973887,0.5524495731205866,0.8998231082184157,0.8812225136760177,0.6638391871387797,0.2923658997397163,0.0250365072674428
tmc13_biplane_vox10_dec_geom05_text05_trisoup-predlift.ply,biplane_vox10.ply,TRISOUP_PREDLIFT,3,3.125,1181016,962077,3.142643451690674,0.9750487729361806,0.9946682574453964,0.998261844684949,0.8345269188253741,0.6929099863943879,0.4065366484910693,0.9592918734435874,0.9606474809126032,0.9333252461945764,0.8334973575049958,0.6074180430181352,0.8082830200451996,0.6234750201507823,0.2291905791317434,0.2427939594448473,0.4147882042818994,0.2281162754816551,0.7209950352688316,0.8791515437334696,0.3628910765134226,0.5748576458942792,0.6162610243888851,0.2517800162795816,0.417078419136495,0.878436894385032,0.8586194680584275,0.7917584242457826,0.99833224642845,0.9866755092853228,0.9366116419342582,0.8734249860522719,0.7765579263520427,0.8900956822930862,0.806100669232979,0.4114482553449674,0.8040693285690432,0.7750439215303143,0.5349671144808728,0.4487380866939697,0.0845949518285791
tmc13_biplane_vox10_dec_geom05_text05_trisoup-raht.ply,biplane_vox10.ply,TRISOUP_RAHT,4,4.15,1181016,962077,3.149134874343872,0.9751095888528712,0.9947394765936338,0.9980898812082836,0.8629147953181397,0.7663818321216364,0.3885156379103678,0.959651970780739,0.9520505023261546,0.8184823833163284,0.8671316351428978,0.5798149745014036,0.845964330550876,0.6234750201507823,0.2291905791317434,0.2427939594448473,0.4147882042818994,0.2281162754816551,0.7209950352688316,0.8791515437334696,0.3628910765134226,0.5748576458942792,0.6162610243888851,0.2517800162795816,0.417078419136495,0.878436894385032,0.8586194680584275,0.7917584242457826,0.99833224642845,0.9866755092853228,0.9366116419342582,0.8734249860522719,0.7765579263520427,0.8900956822930862,0.806100669232979,0.4114482553449674,0.8040693285690432,0.7750439215303143,0.5349671144808728,0.4487380866939697,0.0845949518285791
tmc13_biplane_vox10_dec_geom06_text06_octree-predlift.ply,biplane_vox10.ply,OCTREE_PRED_LIFT,1,4.775,1181016,1031351,3.5373783111572266,0.9883822887729248,0.9975505323056424,0.999017295593346,0.9247011425583054,0.8590274660902557,0.5924932641429734,0.9338287333848984,0.936511251717667,0.9454934174155912,0.924815102512401,0.7823669367867989,0.9128803535632516,0.5142360970007477,0.2588433408956708,0.2597345808671776,0.2606962617695939,0.2281162754816551,0.7209950352688316,1.0064470826809857,0.3788519526382647,0.7417794794344464,0.2637197968493338,0.1011686127649363,0.1828964156712405,0.9491333426356688,0.928830293736406,0.8919760170120423,0.9909463429137172,0.9804745427182106,0.9058209476547624,0.9278918462147496,0.8858042320254926,0.9616198340363276,0.9062330207894398,0.591126402482451,0.9279839095505416,0.9124946134312408,0.6973564128791391,0.2572414077970547,0.0204884764636483
tmc13_biplane_vox10_dec_geom06_text06_octree-raht.ply,biplane_vox10.ply,OCTREE_RAHT,2,4.75,1181016,1031351,3.455900192260742,0.988408310544504,0.9975670232252384,0.9989200103409954,0.934430718189708,0.8908610647719599,0.6708086635874764,0.9340008683057952,0.933297147898584,0.9088750255468568,0.9373652130885024,0.8218358183884661,0.92593644850478,0.5142360970007477,0.2588433408956708,0.2597345808671776,0.2606962617695939,0.2281162754816551,0.7209950352688316,1.0064470826809857,0.3788519526382647,0.7417794794344464,0.2637197968493338,0.1011686127649363,0.1828964156712405,0.9491333426356688,0.928830293736406,0.8919760170120423,0.9909463429137172,0.9804745427182106,0.9058209476547624,0.9278918462147496,0.8858042320254926,0.9616198340363276,0.9062330207894398,0.591126402482451,0.9279839095505416,0.9124946134312408,0.6973564128791391,0.2572414077970547,0.0204884764636483
tmc13_biplane_vox10_dec_geom06_text06_trisoup-predlift.ply,biplane_vox10.ply,TRISOUP_PREDLIFT,3,4.925,1181016,1181016,3.4361062049865723,0.9987114732046248,0.999121462386286,0.9992053945803688,0.9730489522729932,0.8880720624864297,0.600620364892586,0.0108731585529422,0.1384180608792545,0.5286618549652033,0.9693988546929748,0.7964344519038514,0.9657169164250442,0.0,0.0,0.0,0.0,0.2281162754816551,0.7209950352688316,0.8525719501329759,0.2281162754816551,0.7209950352688316,3.0690848567133024e-14,1.6354199377242738e-14,1.2090136743231734e-14,1.0,1.0,1.0,7.732900037320429e-17,7.397440624635633e-17,7.574562978155284e-17,1.0,1.0,1.0,1.0,1.0,1.0,1.0,0.9996852080653874,2.6231572320444895e-05,0.0002885472955248
tmc13_biplane_vox10_dec_geom06_text06_trisoup-raht.ply,biplane_vox10.ply,TRISOUP_RAHT,4,4.975,1181016,1181016,3.3857457637786865,0.9986101565024742,0.9990676564430018,0.999059606375066,0.986279678722948,0.9114890773441208,0.6808333098784065,0.0096234008769541,0.1153235485508759,0.485457602461995,0.9857873762764956,0.8406898351771429,0.9823390446625192,0.0,0.0,0.0,0.0,0.2281162754816551,0.7209950352688316,0.8525719501329759,0.2281162754816551,0.7209950352688316,3.0690848567133024e-14,1.6354199377242738e-14,1.2090136743231734e-14,1.0,1.0,1.0,7.732900037320429e-17,7.397440624635633e-17,7.574562978155284e-17,1.0,1.0,1.0,1.0,1.0,1.0,1.0,0.9996852080653874,2.6231572320444895e-05,0.0002885472955248
tmc13_head_00039_vox9_dec_geom01_text01_octree-predlift.ply,head_00039_vox9.ply,OCTREE_PRED_LIFT,1,1.0,938112,60906,1.4456934928894043,0.9458735734361852,0.9912764564388982,0.99469512527799,0.4551492735305332,0.0699229096423915,0.062564151095226,0.9942899034020152,0.6085892957002713,0.2835259981581101,0.4519296205892449,0.0419513352313831,0.3985023916860201,2.013155121530546,1.0173161800398955,1.0195522515308046,0.9837989805921676,0.2709922405884443,0.6348433885371089,2.166564118099875,1.1013735633059247,1.1039519044000372,1.980911396261112,0.748501967473818,1.4296179481618223,0.150556271633743,0.1253747029424522,0.0683600943827427,0.9999897223971224,0.999182528953092,0.9574097999158137,0.1036564433799465,0.0460528005355114,0.8819112919615164,0.8517161268078184,0.3393322426883661,0.6261362934901525,0.5783181001584571,0.5027536211555659,0.5148265717783095,0.0721256802173936
tmc13_head_00039_vox9_dec_geom01_text01_octree-raht.ply,head_00039_vox9.ply,OCTREE_RAHT,2,1.0,938112,60906,1.4176414012908936,0.943109176644246,0.990741516131637,0.994208531703206,0.4242914571729513,0.0737838385276607,0.0193736887960301,0.8725037210384489,0.1817906254517114,0.1083223638484836,0.4249939925745027,0.0143521024914121,0.3797339377768193,2.013155121530546,1.0173161800398955,1.0195522515308046,0.9837989805921676,0.2709922405884443,0.6348433885371089,2.166564118099875,1.1013735633059247,1.1039519044000372,1.980911396261112,0.748501967473818,1.4296179481618223,0.150556271633743,0.1253747029424522,0.0683600943827427,0.9999897223971224,0.999182528953092,0.9574097999158137,0.1036564433799465,0.0460528005355114,0.8819112919615164,0.8517161268078184,0.3393322426883661,0.6261362934901525,0.5783181001584571,0.5027536211555659,0.5148265717783095,0.0721256802173936
tmc13_head_00039_vox9_dec_geom01_text01_trisoup-predlift.ply,head_00039_vox9.ply,TRISOUP_PREDLIFT,3,1.025,938112,482811,1.8363792896270752,0.965795868168006,0.9925152574761557,0.9952241235989496,0.3811672397900103,0.0708709017703142,0.0577603486422733,0.9865694603222536,0.5122426758093741,0.2658591789635707,0.3759736919663649,0.0369622813437196,0.3216919761626905,1.8461030440271,0.7052227057857637,0.7297681085410757,1.2481185739374776,0.2709922405884443,0.6348433885371089,1.7330179866400488,0.7504412435518916,1.046614008103085,1.9565635792720288,0.7779651779985125,1.291177744718265,0.758965583290304,0.6995861018581049,0.5538286494307741,0.999465390894302,0.9937137702208332,0.9672415339958572,0.7044205993762782,0.5792875347105106,0.8839337743488647,0.7900623601075769,0.3234538472158995,0.6123195993005524,0.5814928437216641,0.4841847987032003,0.5304093783260744,0.1095416383225556
tmc13_head_00039_vox9_dec_geom01_text01_trisoup-raht.ply,head_00039_vox9.ply,TRISOUP_RAHT,4,1.0,938112,482811,1.851861953735352,0.9616950754585014,0.9918376040922952,0.994812651023535,0.409099151406786,0.043462444367228,0.0196551399708306,0.8374438948746264,0.1264640934343856,0.0601609184998204,0.4080557675954489,0.017065379771197,0.3663293381068803,1.8461030440271,0.7052227057857637,0.7297681085410757,1.2481185739374776,0.2709922405884443,0.6348433885371089,1.7330179866400488,0.7504412435518916,1.046614008103085,1.9565635792720288,0.7779651779985125,1.291177744718265,0.758965583290304,0.6995861018581049,0.5538286494307741,0.999465390894302,0.9937137702208332,0.9672415339958572,0.7044205993762782,0.5792875347105106,0.8839337743488647,0.7900623601075769,0.3234538472158995,0.6123195993005524,0.5814928437216641,0.4841847987032003,0.5304093783260744,0.1095416383225556
tmc13_head_00039_vox9_dec_geom02_text02_octree-predlift.ply,head_00039_vox9.ply,OCTREE_PRED_LIFT,1,1.125,938112,240309,1.6301069259643557,0.9701545534097094,0.9930571883929944,0.9953967651792852,0.597474502107657,0.1727011855795412,0.1224289931963886,0.979227631652025,0.8078632969899698,0.4821246124168745,0.5939333068636802,0.1323693807994694,0.5421399852379233,1.1222048914981293,0.5671295217067337,0.5708457273100295,0.5427836735613341,0.2709922405884443,0.6348433885371089,1.3515975188530889,0.6902797187633142,0.7037710780138189,0.8458320854770508,0.3266961620516829,0.6011323296919967,0.4434997868435252,0.3984412992840722,0.3260686304665202,0.9991129100964689,0.9912344954150138,0.931229395109428,0.3818094305652368,0.2327966645585499,0.9644830594283528,0.9048002471924566,0.4123696121487071,0.80425589339453,0.7752834763128744,0.5757264325253807,0.4234201599313346,0.0178556189351611
tmc13_head_00039_vox9_dec_geom02_text02_octree-raht.ply,head_00039_vox9.ply,OCTREE_RAHT,2,1.0,938112,240309,1.6067688465118408,0.9687651723204406,0.992324991309826,0.9951848454975782,0.5947485393881845,0.0985245653408662,0.0692384391990861,0.9587087647458346,0.3050190497888375,0.2316776334977524,0.5959537227338727,0.0660424265934945,0.5488969183403231,1.1222048914981293,0.5671295217067337,0.5708457273100295,0.5427836735613341,0.2709922405884443,0.6348433885371089,1.3515975188530889,0.6902797187633142,0.7037710780138189,0.8458320854770508,0.3266961620516829,0.6011323296919967,0.4434997868435252,0.3984412992840722,0.3260686304665202,0.9991129100964689,0.9912344954150138,0.931229395109428,0.3818094305652368,0.2327966645585499,0.9644830594283528,0.9048002471924566,0.4123696121487071,0.80425589339453,0.7752834763128744,0.5757264325253807,0.4234201599313346,0.0178556189351611
tmc13_head_00039_vox9_dec_geom02_text02_trisoup-predlift.ply,head_00039_vox9.ply,TRISOUP_PREDLIFT,3,1.175,938112,544797,1.915529727935791,0.9784218834813364,0.9936842698991918,0.9956988899190674,0.525853323776872,0.1540456175417844,0.1263701132669552,0.9702483088582252,0.7454920178847468,0.4993095905442796,0.5199072126961745,0.1218197474738041,0.4634696322820638,0.9945018593718612,0.3648187451567648,0.4071591926555095,0.6791002084712273,0.2709922405884443,0.6348433885371089,0.9499825609690492,0.4523239932646245,0.5221401946533955,0.9922428828221432,0.4205712539876813,0.635022881830545,0.7861313963789065,0.7350730575536882,0.7256641079064142,0.9979819404242742,0.9890653653908597,0.943345501341042,0.7929838027508962,0.6267456838543043,0.9608140586565672,0.8627065948557291,0.3799027109410633,0.7133017083355895,0.7016028664355095,0.5355244567557423,0.4708165101925115,0.0322446342334934
tmc13_head_00039_vox9_dec_geom02_text02_trisoup-raht.ply,head_00039_vox9.ply,TRISOUP_RAHT,4,1.1,938112,544797,1.9017994403839111,0.976926645457086,0.9929449362504552,0.9953753606918592,0.585906995289985,0.1093802256678307,0.0620535104057386,0.94306940640058,0.3101700313547848,0.1773234197529797,0.585019464595876,0.0603070658316649,0.5397098580282933,0.9945018593718612,0.3648187451567648,0.4071591926555095,0.6791002084712273,0.2709922405884443,0.6348433885371089,0.9499825609690492,0.4523239932646245,0.5221401946533955,0.9922428828221432,0.4205712539876813,0.635022881830545,0.7861313963789065,0.7350730575536882,0.7256641079064142,0.9979819404242742,0.9890653653908597,0.943345501341042,0.7929838027508962,0.6267456838543043,0.9608140586565672,0.8627065948557291,0.3799027109410633,0.7133017083355895,0.7016028664355095,0.5355244567557423,0.4708165101925115,0.0322446342334934
tmc13_head_00039_vox9_dec_geom03_text03_octree-predlift.ply,head_00039_vox9.ply,OCTREE_PRED_LIFT,1,1.8,938112,531727,1.9459853172302248,0.9854802018566824,0.9954989303579572,0.996575104257492,0.7237091065043081,0.2962279567028842,0.2322243689069851,0.9570569590682246,0.9114397489781448,0.709078895090837,0.7178582008234123,0.2894860571038198,0.6751731776509743,0.6710508476267548,0.3363634390922435,0.3380313093320634,0.331082759397507,0.2709922405884443,0.6348433885371089,1.0333371490671686,0.4870818626944094,0.6424459370816445,0.3682195974743433,0.1731906809290734,0.2049355512275399,0.7482566173578414,0.7092997066378237,0.6383017456129175,0.9946504012837496,0.9850112697591532,0.9146338188976896,0.6965637871397421,0.5732118880620939,0.984305044912214,0.931184532473636,0.5117222056070709,0.8785197236325356,0.8583554012959155,0.6526624161594881,0.3241164222183624,0.0048608001226162
tmc13_head_00039_vox9_dec_geom03_text03_octree-raht.ply,head_00039_vox9.ply,OCTREE_RAHT,2,1.575,938112,531727,1.92838716506958,0.9851368405183574,0.9947284618789164,0.9961559079404976,0.7893880587513513,0.2552289566195045,0.1605938297369042,0.958861284071703,0.5901603089741803,0.4072213160448272,0.7910436432602993,0.1970002054626112,0.7568703652986827,0.6710508476267548,0.3363634390922435,0.3380313093320634,0.331082759397507,0.2709922405884443,0.6348433885371089,1.0333371490671686,0.4870818626944094,0.6424459370816445,0.3682195974743433,0.1731906809290734,0.2049355512275399,0.7482566173578414,0.7092997066378237,0.6383017456129175,0.9946504012837496,0.9850112697591532,0.9146338188976896,0.6965637871397421,0.5732118880620939,0.984305044912214,0.931184532473636,0.5117222056070709,0.8785197236325356,0.8583554012959155,0.6526624161594881,0.3241164222183624,0.0048608001226162
tmc13_head_00039_vox9_dec_geom03_text03_trisoup-predlift.ply,head_00039_vox9.ply,TRISOUP_PREDLIFT,3,1.75,938112,544797,1.931271314620972,0.9821585671422208,0.9953427103255984,0.9965594219400136,0.6831090933351232,0.2678973328211856,0.2328640795127896,0.9619563333861134,0.8951150875993616,0.7158880540781525,0.6776153728533515,0.2695704188233036,0.6302826745345793,0.9945018593718612,0.3648187451567648,0.4071591926555095,0.6791002084712273,0.2709922405884443,0.6348433885371089,0.9499825609690492,0.4523239932646245,0.5221401946533955,0.9922428828221432,0.4205712539876813,0.635022881830545,0.7861313963789065,0.7350730575536882,0.7256641079064142,0.9979819404242742,0.9890653653908597,0.943345501341042,0.7929838027508962,0.6267456838543043,0.9608140586565672,0.8627065948557291,0.3799027109410633,0.7133017083355895,0.7016028664355095,0.5355244567557423,0.4708165101925115,0.0322446342334934
tmc13_head_00039_vox9_dec_geom03_text03_trisoup-raht.ply,head_00039_vox9.ply,TRISOUP_RAHT,4,1.375,938112,544797,1.887463092803955,0.981807876296723,0.9944953407063064,0.9959907016416232,0.7685384730476419,0.2311668298282312,0.1598686548798326,0.9641649988323666,0.5616679980376895,0.4217494079374735,0.7696328720663773,0.1870402238904923,0.73329149787255,0.9945018593718612,0.3648187451567648,0.4071591926555095,0.6791002084712273,0.2709922405884443,0.6348433885371089,0.9499825609690492,0.4523239932646245,0.5221401946533955,0.9922428828221432,0.4205712539876813,0.635022881830545,0.7861313963789065,0.7350730575536882,0.7256641079064142,0.9979819404242742,0.9890653653908597,0.943345501341042,0.7929838027508962,0.6267456838543043,0.9608140586565672,0.8627065948557291,0.3799027109410633,0.7133017083355895,0.7016028664355095,0.5355244567557423,0.4708165101925115,0.0322446342334934
tmc13_head_00039_vox9_dec_geom04_text04_octree-predlift.ply,head_00039_vox9.ply,OCTREE_PRED_LIFT,1,3.6,938112,720289,2.186055898666382,0.99173190117107,0.9973531974303718,0.9978117522840552,0.8489885330694943,0.4337439884671679,0.3582611819576553,0.9379708297477304,0.9503091332409064,0.8639721280614935,0.8431327613147327,0.4622798088305943,0.8173772261719227,0.5553304454848151,0.2804171364966624,0.2788179220943871,0.2742387498235329,0.2709922405884443,0.6348433885371089,0.9805889798821869,0.4367136942587524,0.6476908148911168,0.2658023051744093,0.122762229591428,0.1487207174288264,0.8855221109352815,0.8555203375894497,0.7929348034911525,0.9931460488746914,0.9811274071483032,0.9022147497936224,0.844677095521475,0.7827162588692643,0.9886865029562996,0.9447013913678992,0.5762308348401103,0.901810865186133,0.8865969049788448,0.6998792076808845,0.2642155705260729,0.004180179657363
tmc13_head_00039_vox9_dec_geom04_text04_octree-raht.ply,head_00039_vox9.ply,OCTREE_RAHT,2,3.15,938112,720289,2.256627559661865,0.9917984724727504,0.9968138239734532,0.9973113143175674,0.8925625086987935,0.4278498254033217,0.3123936134838782,0.9406664807514372,0.7997080799130767,0.6433760226958657,0.8965821027128409,0.3942382176288695,0.874157619927995,0.5553304454848151,0.2804171364966624,0.2788179220943871,0.2742387498235329,0.2709922405884443,0.6348433885371089,0.9805889798821869,0.4367136942587524,0.6476908148911168,0.2658023051744093,0.122762229591428,0.1487207174288264,0.8855221109352815,0.8555203375894497,0.7929348034911525,0.9931460488746914,0.9811274071483032,0.9022147497936224,0.844677095521475,0.7827162588692643,0.9886865029562996,0.9447013913678992,0.5762308348401103,0.901810865186133,0.8865969049788448,0.6998792076808845,0.2642155705260729,0.004180179657363
tmc13_head_00039_vox9_dec_geom04_text04_trisoup-predlift.ply,head_00039_vox9.ply,TRISOUP_PREDLIFT,3,2.425,938112,544797,1.8382568359375,0.9836720297510771,0.996681039218512,0.9974558205623604,0.7918605586646984,0.4198841080951963,0.3596934832765548,0.9579575373812472,0.9558937921832584,0.868937411016709,0.7878775874872179,0.4525891631520474,0.7527018233382584,0.9945018593718612,0.3648187451567648,0.4071591926555095,0.6791002084712273,0.2709922405884443,0.6348433885371089,0.9499825609690492,0.4523239932646245,0.5221401946533955,0.9922428828221432,0.4205712539876813,0.635022881830545,0.7861313963789065,0.7350730575536882,0.7256641079064142,0.9979819404242742,0.9890653653908597,0.943345501341042,0.7929838027508962,0.6267456838543043,0.9608140586565672,0.8627065948557291,0.3799027109410633,0.7133017083355895,0.7016028664355095,0.5355244567557423,0.4708165101925115,0.0322446342334934
tmc13_head_00039_vox9_dec_geom04_text04_trisoup-raht.ply,head_00039_vox9.ply,TRISOUP_RAHT,4,3.1,938112,544797,1.859457731246948,0.9837418046651027,0.9962069776947295,0.9969808574405338,0.8494867785324579,0.4216481385726026,0.2928472042666119,0.9602230954343448,0.8153079618939066,0.6249378330371141,0.8516217671039351,0.3701606684644911,0.8235161255993542,0.9945018593718612,0.3648187451567648,0.4071591926555095,0.6791002084712273,0.2709922405884443,0.6348433885371089,0.9499825609690492,0.4523239932646245,0.5221401946533955,0.9922428828221432,0.4205712539876813,0.635022881830545,0.7861313963789065,0.7350730575536882,0.7256641079064142,0.9979819404242742,0.9890653653908597,0.943345501341042,0.7929838027508962,0.6267456838543043,0.9608140586565672,0.8627065948557291,0.3799027109410633,0.7133017083355895,0.7016028664355095,0.5355244567557423,0.4708165101925115,0.0322446342334934
tmc13_head_00039_vox9_dec_geom05_text05_octree-predlift.ply,head_00039_vox9.ply,OCTREE_PRED_LIFT,1,4.45,938112,825465,2.3669044971466064,0.9944568898493324,0.9984404940248348,0.998646199303014,0.919173210959345,0.5876852502803287,0.4929429949172378,0.9246977403755712,0.944634410285654,0.9191197092046424,0.9145357373115632,0.6229431017262029,0.9013872610859828,0.5128793346563786,0.2577750106243315,0.2560962645185066,0.2562306789025158,0.2709922405884443,0.6348433885371089,0.9668664300230296,0.4186459010666744,0.6581021972516534,0.2641191890763867,0.1020803219524835,0.1827527442320935,0.9477140685566532,0.9244395218430592,0.8834970540110142,0.9904383698893996,0.9771769485489707,0.8925083355966319,0.9200345671206008,0.8920268851326962,0.992010144163572,0.9513331414023776,0.6180504602052104,0.9313472205277982,0.9191847242187792,0.7306327745114884,0.223968367184321,0.0034526577824475
tmc13_head_00039_vox9_dec_geom05_text05_octree-raht.ply,head_00039_vox9.ply,OCTREE_RAHT,2,4.875,938112,825465,2.30335545539856,0.9944577505090408,0.9981892399713282,0.9983421861622076,0.9337287569490804,0.6500442509386996,0.4751225570386775,0.9254624111666802,0.9134862471698773,0.8200329215395232,0.9371749391357886,0.6122857118652586,0.9219890137474251,0.5128793346563786,0.2577750106243315,0.2560962645185066,0.2562306789025158,0.2709922405884443,0.6348433885371089,0.9668664300230296,0.4186459010666744,0.6581021972516534,0.2641191890763867,0.1020803219524835,0.1827527442320935,0.9477140685566532,0.9244395218430592,0.8834970540110142,0.9904383698893996,0.9771769485489707,0.8925083355966319,0.9200345671206008,0.8920268851326962,0.992010144163572,0.9513331414023776,0.6180504602052104,0.9313472205277982,0.9191847242187792,0.7306327745114884,0.223968367184321,0.0034526577824475
tmc13_head_00039_vox9_dec_geom05_text05_trisoup-predlift.ply,head_00039_vox9.ply,TRISOUP_PREDLIFT,3,4.05,938112,686386,2.0480260848999023,0.9892278708361966,0.9980183330494796,0.998412949418204,0.8636107498847919,0.5834992724713857,0.4975975693633483,0.9458413234315914,0.9567651078643608,0.9308388809802056,0.8606552584644852,0.6171741246133576,0.8368328364292077,0.6507356769418791,0.2507467383354109,0.2716390017839848,0.4378735136297499,0.2709922405884443,0.6348433885371089,0.8494167504615514,0.4029299666841276,0.4857729989162902,0.6343897097650761,0.2603787089225017,0.4211559395867944,0.8665195435577405,0.8269214770681019,0.8324701890712387,0.997786398086759,0.9870321617923312,0.9255206383622152,0.8624262713192682,0.7537437757329256,0.981915622735446,0.9003368880749041,0.4453981843443013,0.8342200982892496,0.8251231511236546,0.5893865600745076,0.4074901722171901,0.0120584767519041
tmc13_head_00039_vox9_dec_geom05_text05_trisoup-raht.ply,head_00039_vox9.ply,TRISOUP_RAHT,4,3.9,938112,686386,2.0231666564941406,0.9893387724141816,0.9977964481028412,0.998089359464012,0.8962305501531997,0.6295944674383053,0.469399254080345,0.9473211540570802,0.9274170088040308,0.8258901629680893,0.8981850128608451,0.596692516347738,0.878067955088353,0.6507356769418791,0.2507467383354109,0.2716390017839848,0.4378735136297499,0.2709922405884443,0.6348433885371089,0.8494167504615514,0.4029299666841276,0.4857729989162902,0.6343897097650761,0.2603787089225017,0.4211559395867944,0.8665195435577405,0.8269214770681019,0.8324701890712387,0.997786398086759,0.9870321617923312,0.9255206383622152,0.8624262713192682,0.7537437757329256,0.981915622735446,0.9003368880749041,0.4453981843443013,0.8342200982892496,0.8251231511236546,0.5893865600745076,0.4074901722171901,0.0120584767519041
tmc13_head_00039_vox9_dec_geom06_text06_octree-predlift.ply,head_00039_vox9.ply,OCTREE_PRED_LIFT,1,4.6,938112,880451,2.489103078842163,0.9952581299765918,0.9990441300401802,0.999178535748597,0.9436387400666304,0.7563013863899704,0.6386778568186763,0.916630299852736,0.933360056864902,0.9373564486256336,0.9411764617843824,0.7700613093375865,0.9316846667234674,0.4956412482909437,0.2486746755766901,0.2480258546639019,0.246880012899086,0.2709922405884443,0.6348433885371089,0.959378086119692,0.414785727831073,0.6570168997170004,0.2719477155676028,0.0935530598784084,0.2038773957900424,0.9720516135455428,0.9555004272483244,0.9323840911740252,0.9889112099919968,0.9727214833044342,0.8887490965519486,0.9585893683247686,0.9454768446042132,0.9939413427167518,0.953953820953405,0.6323100311594366,0.9493731378045416,0.9386563836289108,0.74374902887959,0.2117791920064299,0.0023726961909592
tmc13_head_00039_vox9_dec_geom06_text06_octree-raht.ply,head_00039_vox9.ply,OCTREE_RAHT,2,4.85,938112,880451,2.379064083099365,0.9952596320653376,0.99890770960187,0.9989573112102348,0.9538535569560588,0.8274619193456316,0.6861894773435506,0.9168657790039036,0.9329013526299188,0.911118544473368,0.9552411300682584,0.8212819657904529,0.9452188285979556,0.4956412482909437,0.2486746755766901,0.2480258546639019,0.246880012899086,0.2709922405884443,0.6348433885371089,0.959378086119692,0.414785727831073,0.6570168997170004,0.2719477155676028,0.0935530598784084,0.2038773957900424,0.9720516135455428,0.9555004272483244,0.9323840911740252,0.9889112099919968,0.9727214833044342,0.8887490965519486,0.9585893683247686,0.9454768446042132,0.9939413427167518,0.953953820953405,0.6323100311594366,0.9493731378045416,0.9386563836289108,0.74374902887959,0.2117791920064299,0.0023726961909592
tmc13_head_00039_vox9_dec_geom06_text06_trisoup-predlift.ply,head_00039_vox9.ply,TRISOUP_PREDLIFT,3,4.9,938112,938112,2.16951322555542,0.9991210573974768,0.9992923842086568,0.9992749062438876,0.9645873435358996,0.7588343670514942,0.640217873522624,0.0161085536745109,0.3068967796428467,0.472834116542714,0.959828095725076,0.7716141413782203,0.9554970879337602,0.0,0.0,0.0,0.0,0.2709922405884443,0.6348433885371089,0.8119878507359384,0.2709922405884443,0.6348433885371089,1.877606503496101e-14,9.568301558826901e-15,9.100603124509948e-15,1.0,1.0,1.0,8.936926255282751e-17,7.13789346280549e-17,8.101624014705603e-17,1.0,1.0,1.0,1.0,1.0,1.0,1.0,0.9994538571933752,4.850606675708832e-20,0.000546129760431
tmc13_head_00039_vox9_dec_geom06_text06_trisoup-raht.ply,head_00039_vox9.ply,TRISOUP_RAHT,4,4.95,938112,938112,2.2457387447357178,0.9990429299037976,0.9991267988189751,0.9990492175274678,0.9797810595516454,0.8352087365316174,0.6833015359122939,0.0146135817694274,0.3149130709761119,0.5033821317697863,0.9806471879077228,0.8243304510859033,0.9752787918996764,0.0,0.0,0.0,0.0,0.2709922405884443,0.6348433885371089,0.8119878507359384,0.2709922405884443,0.6348433885371089,1.877606503496101e-14,9.568301558826901e-15,9.100603124509948e-15,1.0,1.0,1.0,8.936926255282751e-17,7.13789346280549e-17,8.101624014705603e-17,1.0,1.0,1.0,1.0,1.0,1.0,1.0,0.9994538571933752,4.850606675708832e-20,0.000546129760431
tmc13_longdress_vox10_1300_dec_geom01_text01_octree-predlift.ply,longdress_vox10_1300.ply,OCTREE_PRED_LIFT,1,1.0,857966,15685,1.1546413898468018,0.9270605193444452,0.9706324962754154,0.9679076332887916,0.5145260879437491,0.3967184559805911,0.4037477862832099,0.9962547871996744,0.9876655908060996,0.9913784828557084,0.5360540090241487,0.488318213046733,0.4719796872849081,3.9002262260748,1.9673555104499612,1.963553702979816,1.944278663250517,0.0940652497913953,0.4207389588451811,3.925447999929051,1.967961403171288,1.9769754044482917,4.363658837426151,1.3391362913887608,3.522113571652044,0.0517492471288255,0.0479800594971402,0.0087777155563799,1.0010529392681111,0.9991693827509596,0.9648850850291816,0.0257982954400085,0.0133278547372941,0.7986134358148064,0.7944597312629493,0.3261309727034612,0.3265908319662733,0.2959643491799477,0.4786730215910912,0.5325353135300549,0.1178925610917876
tmc13_longdress_vox10_1300_dec_geom01_text01_octree-raht.ply,longdress_vox10_1300.ply,OCTREE_RAHT,2,1.0,857966,15685,1.1425695419311523,0.9235719742346922,0.970034222024215,0.9660076140363256,0.4337722172057277,0.2767243384776192,0.2467743572185508,0.9499526721572388,0.6545795792698466,0.6718018310691695,0.4783782424210928,0.2800391982930417,0.4190802893205992,3.9002262260748,1.9673555104499612,1.963553702979816,1.944278663250517,0.0940652497913953,0.4207389588451811,3.925447999929051,1.967961403171288,1.9769754044482917,4.363658837426151,1.3391362913887608,3.522113571652044,0.0517492471288255,0.0479800594971402,0.0087777155563799,1.0010529392681111,0.9991693827509596,0.9648850850291816,0.0257982954400085,0.0133278547372941,0.7986134358148064,0.7944597312629493,0.3261309727034612,0.3265908319662733,0.2959643491799477,0.4786730215910912,0.5325353135300549,0.1178925610917876
tmc13_longdress_vox10_1300_dec_geom01_text01_trisoup-predlift.ply,longdress_vox10_1300.ply,TRISOUP_PREDLIFT,3,1.05,857966,607613,1.7629940509796145,0.9711763594740674,0.9850263584717236,0.985331371348928,0.5265394466537516,0.3670489331611009,0.4063958471456065,0.9768687157866536,0.9644925074051456,0.968726660292187,0.5539161282743212,0.4241015237169461,0.4785948792176105,1.2740875505550926,0.4286730955956887,0.4511629164890453,0.9697334141784988,0.0940652497913953,0.4207389588451811,1.230379306442004,0.4797661671979689,0.8608147238645316,1.3203004834741472,0.409846955580586,1.0663664095812873,0.8611748171580488,0.8252638274875581,0.5848460134995027,0.9998021689021984,0.999407989724011,0.9668218543277246,0.7753806096681917,0.7677500601211794,0.9232411361217376,0.8643921158996878,0.3030318455149446,0.6153657274034744,0.6006089994723426,0.481672370473035,0.5457504355848289,0.0717119784601399
tmc13_longdress_vox10_1300_dec_geom01_text01_trisoup-raht.ply,longdress_vox10_1300.ply,TRISOUP_RAHT,4,1.0,857966,607613,1.6892025470733645,0.9669934490864308,0.9826957113260064,0.9826608041582576,0.4648567495639801,0.2490558603744838,0.2805897516869768,0.8572185134902072,0.5676530573072266,0.6004068175597033,0.5095777814744751,0.2668942198983525,0.4542504109189658,1.2740875505550926,0.4286730955956887,0.4511629164890453,0.9697334141784988,0.0940652497913953,0.4207389588451811,1.230379306442004,0.4797661671979689,0.8608147238645316,1.3203004834741472,0.409846955580586,1.0663664095812873,0.8611748171580488,0.8252638274875581,0.5848460134995027,0.9998021689021984,0.999407989724011,0.9668218543277246,0.7753806096681917,0.7677500601211794,0.9232411361217376,0.8643921158996878,0.3030318455149446,0.6153657274034744,0.6006089994723426,0.481672370473035,0.5457504355848289,0.0717119784601399
tmc13_longdress_vox10_1300_dec_geom02_text02_octree-predlift.ply,longdress_vox10_1300.ply,OCTREE_PRED_LIFT,1,1.0,857966,62123,1.1957480907440186,0.9501033460755824,0.980306473389845,0.9778898161061118,0.5691775452381098,0.4732024716505907,0.4723345426391949,0.9899833210063212,0.9917200487203904,0.992744865831274,0.5873679948779681,0.5509878528251079,0.5245568085691664,2.007649275766293,1.0218249903428942,1.0138384105690994,0.9841245438423818,0.0940652497913953,0.4207389588451811,2.049119613185972,1.0223472327867136,1.0348992683720823,1.6970755135551845,0.5152097424197677,1.387849847373468,0.1622403753459999,0.1504454489490512,0.0515675855506335,0.9997871636751356,0.9991529874290964,0.9489966724889836,0.1031485155932121,0.0606248912296769,0.9037340063399928,0.8847862113864515,0.3329728208218669,0.4887396463079447,0.4597361520883973,0.5034665499353005,0.5176877024704439,0.0425895122844394
tmc13_longdress_vox10_1300_dec_geom02_text02_octree-raht.ply,longdress_vox10_1300.ply,OCTREE_RAHT,2,1.0,857966,62123,1.2301888465881348,0.9489767211474478,0.9791212921705073,0.9768799938233758,0.5210236467435188,0.3636873302720377,0.3576169203180545,0.9853807414773338,0.836797122125615,0.8689782614542946,0.5406377373100217,0.3974679323321141,0.4804970426975268,2.007649275766293,1.0218249903428942,1.0138384105690994,0.9841245438423818,0.0940652497913953,0.4207389588451811,2.049119613185972,1.0223472327867136,1.0348992683720823,1.6970755135551845,0.5152097424197677,1.387849847373468,0.1622403753459999,0.1504454489490512,0.0515675855506335,0.9997871636751356,0.9991529874290964,0.9489966724889836,0.1031485155932121,0.0606248912296769,0.9037340063399928,0.8847862113864515,0.3329728208218669,0.4887396463079447,0.4597361520883973,0.5034665499353005,0.5176877024704439,0.0425895122844394
tmc13_longdress_vox10_1300_dec_geom02_text02_trisoup-predlift.ply,longdress_vox10_1300.ply,TRISOUP_PREDLIFT,3,1.4,857966,642798,1.653259038925171,0.9827620522586284,0.9905631000636403,0.990766546549828,0.6578208722911524,0.5005184252031555,0.5048799631534223,0.9575402726190132,0.9704607873772856,0.9691082970202508,0.6831031654974519,0.55909998255155,0.616292055028286,0.6803114873839712,0.2394727486542671,0.2598350541414806,0.4941049533848424,0.0940652497913953,0.4207389588451811,0.706095720261808,0.3009328661886632,0.4428281908678715,0.6660124594118303,0.224700766624859,0.5169636962283884,0.8801581318578929,0.8431672500149257,0.7575046562150967,1.0017097685505727,1.0009617747070756,0.9469355863680132,0.8554137398520504,0.7904856020464274,0.9783252892649458,0.917740906811149,0.3352478902726227,0.7551226971856727,0.7497262450525973,0.5147200115246172,0.5116628214351117,0.015758375548183
tmc13_longdress_vox10_1300_dec_geom02_text02_trisoup-raht.ply,longdress_vox10_1300.ply,TRISOUP_RAHT,4,1.025,857966,642798,1.7753946781158447,0.9810708009168664,0.9891491345961202,0.9893359134367476,0.6543939834034328,0.4073098724367492,0.4134541068746757,0.9322333476879064,0.7624737629992503,0.7643711034835322,0.6928417505551087,0.4502243686848856,0.6380139747162342,0.6803114873839712,0.2394727486542671,0.2598350541414806,0.4941049533848424,0.0940652497913953,0.4207389588451811,0.706095720261808,0.3009328661886632,0.4428281908678715,0.6660124594118303,0.224700766624859,0.5169636962283884,0.8801581318578929,0.8431672500149257,0.7575046562150967,1.0017097685505727,1.0009617747070756,0.9469355863680132,0.8554137398520504,0.7904856020464274,0.9783252892649458,0.917740906811149,0.3352478902726227,0.7551226971856727,0.7497262450525973,0.5147200115246172,0.5116628214351117,0.015758375548183
tmc13_longdress_vox10_1300_dec_geom03_text03_octree-predlift.ply,longdress_vox10_1300.ply,OCTREE_PRED_LIFT,1,1.425,857966,238492,1.3823843002319336,0.9730337089014583,0.9894613898468828,0.9885504464754982,0.710297875497096,0.6033595724821766,0.5694131355994347,0.9687738742531226,0.975120764805224,0.9744816305596088,0.7229087110586294,0.6656111056171711,0.666425799881416,1.1218758347577995,0.5711916588488647,0.5742334049941901,0.5312268850007938,0.0940652497913953,0.4207389588451811,1.1918294826236115,0.5915970589585199,0.5958437488180499,0.6862166671497755,0.2029666256967177,0.564697154667654,0.4646403922009477,0.4362213985972946,0.2765536110740121,1.000069726105611,0.9998799715855392,0.9295741466973492,0.3797200460645374,0.2787972819234097,0.970883861614726,0.9343913500825636,0.3605830513536173,0.7103357599846781,0.6850433247505727,0.5396534771511179,0.4865343426934099,0.0091209724537117
tmc13_longdress_vox10_1300_dec_geom03_text03_octree-raht.ply,longdress_vox10_1300.ply,OCTREE_RAHT,2,1.225,857966,238492,1.3584282398223877,0.9725947182607708,0.9886787868809944,0.9879174005491757,0.6682151306129528,0.5137761687815896,0.4794551051871708,0.9707757995262608,0.9242776933064234,0.9138827197360172,0.6734867839481544,0.5656809123174168,0.6161138128135687,1.1218758347577995,0.5711916588488647,0.5742334049941901,0.5312268850007938,0.0940652497913953,0.4207389588451811,1.1918294826236115,0.5915970589585199,0.5958437488180499,0.6862166671497755,0.2029666256967177,0.564697154667654,0.4646403922009477,0.4362213985972946,0.2765536110740121,1.000069726105611,0.9998799715855392,0.9295741466973492,0.3797200460645374,0.2787972819234097,0.970883861614726,0.9343913500825636,0.3605830513536173,0.7103357599846781,0.6850433247505727,0.5396534771511179,0.4865343426934099,0.0091209724537117
tmc13_longdress_vox10_1300_dec_geom03_text03_trisoup-predlift.ply,longdress_vox10_1300.ply,TRISOUP_PREDLIFT,3,1.575,857966,642798,1.8255629539489744,0.9878504686268238,0.994048627785828,0.9938636858214857,0.7672826176969855,0.6237420556884424,0.6242617358767588,0.9436070858827148,0.9574168335683942,0.9624773391500252,0.7883499834409243,0.6892041336913224,0.7341552755975667,0.6803114873839712,0.2394727486542671,0.2598350541414806,0.4941049533848424,0.0940652497913953,0.4207389588451811,0.706095720261808,0.3009328661886632,0.4428281908678715,0.6660124594118303,0.224700766624859,0.5169636962283884,0.8801581318578929,0.8431672500149257,0.7575046562150967,1.0017097685505727,1.0009617747070756,0.9469355863680132,0.8554137398520504,0.7904856020464274,0.9783252892649458,0.917740906811149,0.3352478902726227,0.7551226971856727,0.7497262450525973,0.5147200115246172,0.5116628214351117,0.015758375548183
tmc13_longdress_vox10_1300_dec_geom03_text03_trisoup-raht.ply,longdress_vox10_1300.ply,TRISOUP_RAHT,4,1.2,857966,642798,1.8385050296783447,0.987206773457228,0.9932553500264628,0.9931914398003362,0.7720562508517684,0.5610127882881535,0.5474890957632041,0.9434352441817568,0.8751191550703965,0.8714738169617515,0.7982720166139632,0.6168436650430934,0.7494066166920265,0.6803114873839712,0.2394727486542671,0.2598350541414806,0.4941049533848424,0.0940652497913953,0.4207389588451811,0.706095720261808,0.3009328661886632,0.4428281908678715,0.6660124594118303,0.224700766624859,0.5169636962283884,0.8801581318578929,0.8431672500149257,0.7575046562150967,1.0017097685505727,1.0009617747070756,0.9469355863680132,0.8554137398520504,0.7904856020464274,0.9783252892649458,0.917740906811149,0.3352478902726227,0.7551226971856727,0.7497262450525973,0.5147200115246172,0.5116628214351117,0.015758375548183
tmc13_longdress_vox10_1300_dec_geom04_text04_octree-predlift.ply,longdress_vox10_1300.ply,OCTREE_PRED_LIFT,1,2.25,857966,509139,1.6267764568328855,0.9875906795120308,0.9951104286927188,0.9947403686973926,0.8293965534119605,0.733855627162028,0.7212338336416825,0.9376594871711152,0.9483892786594428,0.9512198799458208,0.8447349335451686,0.7934296938247811,0.8004839962134253,0.6692155483328165,0.3403559213749329,0.336582887630367,0.3276225322186196,0.0940652497913953,0.4207389588451811,0.7934354035023475,0.3524631250716122,0.4777819907953808,0.3029500105881053,0.1277103622523045,0.1949299506045475,0.7681403914666345,0.733361247846192,0.5672384795160956,0.9982312580990028,0.9990706639752064,0.920568699598763,0.6844519959391657,0.6258165419655477,0.9870170913929116,0.9491559495434836,0.4040952829573167,0.793530366899266,0.7721476972299035,0.5771114019143464,0.4323970759742984,0.0026551133070165
tmc13_longdress_vox10_1300_dec_geom04_text04_octree-raht.ply,longdress_vox10_1300.ply,OCTREE_RAHT,2,2.125,857966,509139,1.7411797046661377,0.9876439694001402,0.9948836858085616,0.9945022832669592,0.8042424803093557,0.6746166682876602,0.6579403035454862,0.941313626004857,0.9235618941327702,0.931797960646221,0.8102864351882038,0.7272626694376993,0.7620035474067299,0.6692155483328165,0.3403559213749329,0.336582887630367,0.3276225322186196,0.0940652497913953,0.4207389588451811,0.7934354035023475,0.3524631250716122,0.4777819907953808,0.3029500105881053,0.1277103622523045,0.1949299506045475,0.7681403914666345,0.733361247846192,0.5672384795160956,0.9982312580990028,0.9990706639752064,0.920568699598763,0.6844519959391657,0.6258165419655477,0.9870170913929116,0.9491559495434836,0.4040952829573167,0.793530366899266,0.7721476972299035,0.5771114019143464,0.4323970759742984,0.0026551133070165
tmc13_longdress_vox10_1300_dec_geom04_text04_trisoup-predlift.ply,longdress_vox10_1300.ply,TRISOUP_PREDLIFT,3,1.8,857966,642798,1.7741587162017822,0.9901477449068996,0.9959314852475843,0.9957005031483102,0.8386038311044406,0.729325567869238,0.7257879481386748,0.934303344819796,0.9461458841239284,0.9500698405567404,0.8548822645740972,0.7880656917074002,0.8127132519562666,0.6803114873839712,0.2394727486542671,0.2598350541414806,0.4941049533848424,0.0940652497913953,0.4207389588451811,0.706095720261808,0.3009328661886632,0.4428281908678715,0.6660124594118303,0.224700766624859,0.5169636962283884,0.8801581318578929,0.8431672500149257,0.7575046562150967,1.0017097685505727,1.0009617747070756,0.9469355863680132,0.8554137398520504,0.7904856020464274,0.9783252892649458,0.917740906811149,0.3352478902726227,0.7551226971856727,0.7497262450525973,0.5147200115246172,0.5116628214351117,0.015758375548183
tmc13_longdress_vox10_1300_dec_geom04_text04_trisoup-raht.ply,longdress_vox10_1300.ply,TRISOUP_RAHT,4,1.65,857966,642798,1.7001209259033203,0.9901417786082845,0.9955940052722604,0.9954225666409058,0.8357081673188186,0.69679419560371,0.6873016418352036,0.9378940626758724,0.9203624176774386,0.92965940786928,0.8475402504329315,0.7552378836436098,0.8047172811001742,0.6803114873839712,0.2394727486542671,0.2598350541414806,0.4941049533848424,0.0940652497913953,0.4207389588451811,0.706095720261808,0.3009328661886632,0.4428281908678715,0.6660124594118303,0.224700766624859,0.5169636962283884,0.8801581318578929,0.8431672500149257,0.7575046562150967,1.0017097685505727,1.0009617747070756,0.9469355863680132,0.8554137398520504,0.7904856020464274,0.9783252892649458,0.917740906811149,0.3352478902726227,0.7551226971856727,0.7497262450525973,0.5147200115246172,0.5116628214351117,0.015758375548183
tmc13_longdress_vox10_1300_dec_geom05_text05_octree-predlift.ply,longdress_vox10_1300.ply,OCTREE_PRED_LIFT,1,2.975,857966,674930,1.9326410293579104,0.993195673726655,0.9974100302072892,0.997177382293707,0.89920216387611,0.8171877234995727,0.8158361731338646,0.9203481970440612,0.9305798064238286,0.9333994861433343,0.9091524333597584,0.8647333633616188,0.8789264870991285,0.5571737839444864,0.281584510072238,0.2799240921705438,0.2775437537382361,0.0940652497913953,0.4207389588451811,0.7130509671541063,0.2965551794970625,0.4667771853332249,0.2384771709553846,0.10497231576884,0.1476822831155134,0.8984246547768129,0.8670970554733843,0.7289244398325504,0.998901194955374,0.9987362598633984,0.909473026786486,0.8291447485670247,0.8162889356723653,0.991230224788293,0.9543801520185464,0.4463167873432586,0.8376381767826263,0.8202296017923194,0.6095362471596544,0.3865839242095293,0.0029653411631969
tmc13_longdress_vox10_1300_dec_geom05_text05_octree-raht.ply,longdress_vox10_1300.ply,OCTREE_RAHT,2,2.85,857966,674930,1.9504132270812988,0.993323593247498,0.9973192309486896,0.9971125177906098,0.8866338131503133,0.7958870217706528,0.7935980123972163,0.9226835088759818,0.9251573645771408,0.9310753059839728,0.8904081614917919,0.8430524463995231,0.8559653831461095,0.5571737839444864,0.281584510072238,0.2799240921705438,0.2775437537382361,0.0940652497913953,0.4207389588451811,0.7130509671541063,0.2965551794970625,0.4667771853332249,0.2384771709553846,0.10497231576884,0.1476822831155134,0.8984246547768129,0.8670970554733843,0.7289244398325504,0.998901194955374,0.9987362598633984,0.909473026786486,0.8291447485670247,0.8162889356723653,0.991230224788293,0.9543801520185464,0.4463167873432586,0.8376381767826263,0.8202296017923194,0.6095362471596544,0.3865839242095293,0.0029653411631969
tmc13_longdress_vox10_1300_dec_geom05_text05_trisoup-predlift.ply,longdress_vox10_1300.ply,TRISOUP_PREDLIFT,3,2.925,857966,719478,1.905991792678833,0.993121458259148,0.9974121868309032,0.99720873903558,0.8929455375866202,0.8096151676146047,0.8106826709217655,0.9229617229383744,0.933353746106051,0.9363120016750436,0.9030073137979864,0.8559637232116134,0.871476150681681,0.5129524618819811,0.1884288353063939,0.2078237637686371,0.3562734076866243,0.0940652497913953,0.4207389588451811,0.6472234396326982,0.260175628605861,0.4250799072499726,0.5294401266833071,0.1867843864651018,0.3907344030547297,0.9215436340322434,0.8893592968077348,0.7961938875881819,1.001256179721602,1.0019727180797406,0.9317144235974194,0.8796619075550106,0.8577476702269322,0.989741068503322,0.931220730146534,0.3583602758239872,0.8289005543449879,0.8152367862451797,0.5336191094354472,0.4964450258373147,0.0057206510619395
tmc13_longdress_vox10_1300_dec_geom05_text05_trisoup-raht.ply,longdress_vox10_1300.ply,TRISOUP_RAHT,4,2.9,857966,719478,1.9026274681091309,0.9932168266109072,0.9973301476972042,0.9971094112734176,0.892680456682572,0.798142644982943,0.7994764598498652,0.9253137456168996,0.9284857148327994,0.9364032688135372,0.8978545464451508,0.8485514362698471,0.864466315560338,0.5129524618819811,0.1884288353063939,0.2078237637686371,0.3562734076866243,0.0940652497913953,0.4207389588451811,0.6472234396326982,0.260175628605861,0.4250799072499726,0.5294401266833071,0.1867843864651018,0.3907344030547297,0.9215436340322434,0.8893592968077348,0.7961938875881819,1.001256179721602,1.0019727180797406,0.9317144235974194,0.8796619075550106,0.8577476702269322,0.989741068503322,0.931220730146534,0.3583602758239872,0.8289005543449879,0.8152367862451797,0.5336191094354472,0.4964450258373147,0.0057206510619395
tmc13_longdress_vox10_1300_dec_geom06_text06_octree-predlift.ply,longdress_vox10_1300.ply,OCTREE_PRED_LIFT,1,4.25,857966,764041,2.0628437995910645,0.9955097463164668,0.9984053339701064,0.9982084978021756,0.934964688457362,0.8737891678366988,0.8754502270692962,0.9095050821615628,0.9185628138965142,0.9201184239170298,0.9392636205143884,0.9076340706244662,0.9175015197137304,0.5160194475173788,0.2583192863062685,0.2570251838176284,0.2625883369577459,0.0940652497913953,0.4207389588451811,0.6926635169644442,0.2762720248503243,0.4736904738494619,0.2571673811832725,0.092893088513696,0.1907152333167144,0.9549413583557038,0.9288703138802084,0.8420188726336628,0.9945741904641182,0.9953493372040229,0.8980599128785164,0.908441777455666,0.9093166484154463,0.9941876039827908,0.9590073699317022,0.4952711335151594,0.8917699495780576,0.8779114348735673,0.6465975611496574,0.3342268972670515,0.0024471516215672
tmc13_longdress_vox10_1300_dec_geom06_text06_octree-raht.ply,longdress_vox10_1300.ply,OCTREE_RAHT,2,3.325,857966,764041,1.9596960544586184,0.9955651713032928,0.9983547028871508,0.998165632777581,0.9293210706391938,0.8668838258847769,0.8691076599891749,0.9101651224801328,0.9183649736451772,0.9215579121028686,0.9320351926613608,0.9021317298023857,0.9077888254437628,0.5160194475173788,0.2583192863062685,0.2570251838176284,0.2625883369577459,0.0940652497913953,0.4207389588451811,0.6926635169644442,0.2762720248503243,0.4736904738494619,0.2571673811832725,0.092893088513696,0.1907152333167144,0.9549413583557038,0.9288703138802084,0.8420188726336628,0.9945741904641182,0.9953493372040229,0.8980599128785164,0.908441777455666,0.9093166484154463,0.9941876039827908,0.9590073699317022,0.4952711335151594,0.8917699495780576,0.8779114348735673,0.6465975611496574,0.3342268972670515,0.0024471516215672
tmc13_longdress_vox10_1300_dec_geom06_text06_trisoup-predlift.ply,longdress_vox10_1300.ply,TRISOUP_PREDLIFT,3,4.65,857966,857966,1.923314094543457,0.9990309274234316,0.9992608001870904,0.9992058338422212,0.955269487552658,0.8797875839546578,0.8858222997864104,0.0364119708257864,0.142278223894581,0.1375166620204696,0.9547975245508494,0.9103010138967874,0.9385115018718316,0.0,0.0,0.0,0.0,0.0940652497913953,0.4207389588451811,0.4631387889491005,0.0940652497913953,0.4207389588451811,2.7414227718308464e-14,1.3953468633144466e-14,1.2622520028976978e-14,1.0,1.0,1.0,9.172298451599807e-17,9.825089345765798e-17,7.095771783731412e-17,1.0,1.0,1.0,1.0,1.0,1.0,1.0,0.9999606555856808,1.4409974360916485e-19,3.933136676495669e-05
tmc13_longdress_vox10_1300_dec_geom06_text06_trisoup-raht.ply,longdress_vox10_1300.ply,TRISOUP_RAHT,4,3.925,857966,857966,1.9967777729034424,0.9989290264081012,0.9991318783542766,0.9990922004179734,0.9642679157637152,0.8926449101204045,0.9007908381114766,0.0436772510632746,0.181875182723785,0.1774060389773127,0.9674592989925722,0.9303369550528978,0.9519166731628804,0.0,0.0,0.0,0.0,0.0940652497913953,0.4207389588451811,0.4631387889491005,0.0940652497913953,0.4207389588451811,2.7414227718308464e-14,1.3953468633144466e-14,1.2622520028976978e-14,1.0,1.0,1.0,9.172298451599807e-17,9.825089345765798e-17,7.095771783731412e-17,1.0,1.0,1.0,1.0,1.0,1.0,1.0,0.9999606555856808,1.4409974360916485e-19,3.933136676495669e-05
tmc13_loot_vox10_1200_dec_geom01_text01_octree-predlift.ply,loot_vox10_1200.ply,OCTREE_PRED_LIFT,1,1.0,805285,14828,1.190232515335083,0.944986108752684,0.9898065278323896,0.9887132940473434,0.4620124788109092,0.4542660663601783,0.4739636917461231,0.996958251171206,0.8353654368714989,0.8467955069424749,0.4860402625505541,0.4591921921795477,0.3590278456404019,3.920280571498096,1.9829818326899105,1.9499574257119527,1.96487154478556,0.092034463218571,0.4031448067173417,3.928816825679395,1.9523260194518897,1.9723030634649263,4.063612435863668,1.102912416777554,3.430758401278469,0.0464300961003305,0.0426946119805631,0.0101087617677423,1.0001462301403643,0.999706006255814,0.9545741725767528,0.0255423080670175,0.0123467682968734,0.8796214691433564,0.875472931255527,0.3215757373535439,0.3830881838511913,0.3533349771385922,0.4890832794748516,0.5361869750421006,0.0646323274554088
tmc13_loot_vox10_1200_dec_geom01_text01_octree-raht.ply,loot_vox10_1200.ply,OCTREE_RAHT,2,1.0,805285,14828,1.1467058658599854,0.9453439809612652,0.9903865890881528,0.9885074184883732,0.290943121955552,0.1010108244027231,0.1218961928440846,0.8464250849337094,0.2407816742688791,0.2553063110345797,0.293979527951043,0.1064822532589851,0.2234498421116581,3.920280571498096,1.9829818326899105,1.9499574257119527,1.96487154478556,0.092034463218571,0.4031448067173417,3.928816825679395,1.9523260194518897,1.9723030634649263,4.063612435863668,1.102912416777554,3.430758401278469,0.0464300961003305,0.0426946119805631,0.0101087617677423,1.0001462301403643,0.999706006255814,0.9545741725767528,0.0255423080670175,0.0123467682968734,0.8796214691433564,0.875472931255527,0.3215757373535439,0.3830881838511913,0.3533349771385922,0.4890832794748516,0.5361869750421006,0.0646323274554088
tmc13_loot_vox10_1200_dec_geom01_text01_trisoup-predlift.ply,loot_vox10_1200.ply,TRISOUP_PREDLIFT,3,1.025,805285,565258,1.7077105045318604,0.9772459127540182,0.9955579116790828,0.9954901955062092,0.3721301020939463,0.2319920585572572,0.2110770164706636,0.950185106403197,0.4273976252759728,0.3863106490682816,0.3782790224358902,0.1684370191781163,0.2795259670220614,1.1357733773037622,0.3737007079083944,0.389399625478597,0.8672237564766851,0.092034463218571,0.4031448067173417,1.0946426718396118,0.418030967997462,0.7627763965671344,1.146189512371134,0.3405606945225366,0.9210076812039704,0.8617501960460738,0.8225689400876386,0.6408718076781476,0.9987099200788856,0.9989278706386592,0.9659335325278412,0.79930532652288,0.7621873360453411,0.9571321761764146,0.8988853265673693,0.3119574989996713,0.6624681069610919,0.6510920116670457,0.4936086245734372,0.5381046487866666,0.0413753005011213
tmc13_loot_vox10_1200_dec_geom01_text01_trisoup-raht.ply,loot_vox10_1200.ply,TRISOUP_RAHT,4,1.0,805285,565258,1.7354416847229004,0.9737431653576364,0.9949577420732748,0.9944523800287566,0.2742901844358495,0.0922972267807217,0.1029346122702421,0.5949013234337021,0.1864372520893745,0.2185431267225343,0.2876471950549016,0.1030083884304108,0.2175465362849788,1.1357733773037622,0.3737007079083944,0.389399625478597,0.8672237564766851,0.092034463218571,0.4031448067173417,1.0946426718396118,0.418030967997462,0.7627763965671344,1.146189512371134,0.3405606945225366,0.9210076812039704,0.8617501960460738,0.8225689400876386,0.6408718076781476,0.9987099200788856,0.9989278706386592,0.9659335325278412,0.79930532652288,0.7621873360453411,0.9571321761764146,0.8988853265673693,0.3119574989996713,0.6624681069610919,0.6510920116670457,0.4936086245734372,0.5381046487866666,0.0413753005011213
tmc13_loot_vox10_1200_dec_geom02_text02_octree-predlift.ply,loot_vox10_1200.ply,OCTREE_PRED_LIFT,1,1.0,805285,58133,1.2017722129821775,0.9684484883886648,0.9947719082468668,0.9944498642527226,0.4927388228718241,0.4221857815247629,0.3926741967638181,0.9935870575926484,0.7424543242770133,0.7036152950523246,0.5087821018006069,0.3650055747570083,0.3814665567514131,2.016245457561866,1.0244883989493214,1.0219836456431235,0.9847104409132552,0.092034463218571,0.4031448067173417,2.0565787528651165,1.0289035915680622,1.0352541518871556,1.5125882035518576,0.4714090118066857,1.207266628696119,0.1538933053134314,0.1419206855806803,0.0578966168946644,0.9994108664683122,1.0000846280296103,0.9459458791913344,0.1045721739991518,0.0580327376902183,0.9410639193583304,0.9198581340422188,0.3297987515637109,0.5391084126199929,0.5109994113220195,0.5084322923233172,0.5179437364369256,0.0279099429960018
tmc13_loot_vox10_1200_dec_geom02_text02_octree-raht.ply,loot_vox10_1200.ply,OCTREE_RAHT,2,1.0,805285,58133,1.1509177684783936,0.9673683475360494,0.9939520471044871,0.9936469917440623,0.3787723828906015,0.1539534802780952,0.1466854316090899,0.8607679598100116,0.3851696458427066,0.3957484070138234,0.3875324313311661,0.15305695383533,0.2894523353756874,2.016245457561866,1.0244883989493214,1.0219836456431235,0.9847104409132552,0.092034463218571,0.4031448067173417,2.0565787528651165,1.0289035915680622,1.0352541518871556,1.5125882035518576,0.4714090118066857,1.207266628696119,0.1538933053134314,0.1419206855806803,0.0578966168946644,0.9994108664683122,1.0000846280296103,0.9459458791913344,0.1045721739991518,0.0580327376902183,0.9410639193583304,0.9198581340422188,0.3297987515637109,0.5391084126199929,0.5109994113220195,0.5084322923233172,0.5179437364369256,0.0279099429960018
tmc13_loot_vox10_1200_dec_geom02_text02_trisoup-predlift.ply,loot_vox10_1200.ply,TRISOUP_PREDLIFT,3,1.25,805285,599131,1.707498550415039,0.9849829645603398,0.9968889117434242,0.9969139797479468,0.4810953939732166,0.2565752787152539,0.2298970006799087,0.956837483225718,0.4517894243772032,0.4021959490794875,0.4846234253483028,0.20027084516689,0.3782217513613579,0.6652257162343697,0.2341846949045291,0.2549159507995968,0.4798092785009423,0.092034463218571,0.4031448067173417,0.6924695582522152,0.2951066674802561,0.4363615054845952,0.6438866228642326,0.2172533911191051,0.4923711818163968,0.8783974030365247,0.8370696640423577,0.7823848695413557,0.9997536644782076,0.9996572014001402,0.9494816951756824,0.8630482711200379,0.7840104307445999,0.9829243739283122,0.9202108248874628,0.3216202407934241,0.7737951727320693,0.7705636772818577,0.5060194785600511,0.5341558050979144,0.0142400707867532
tmc13_loot_vox10_1200_dec_geom02_text02_trisoup-raht.ply,loot_vox10_1200.ply,TRISOUP_RAHT,4,1.075,805285,599131,1.7879998683929443,0.9826381127878384,0.996266517650448,0.9963727973400178,0.384953330358256,0.1218461360341903,0.1264804473130383,0.7310874832522218,0.2418242004370169,0.2520335477212437,0.3956245160102454,0.1236526575775817,0.3089235768187731,0.6652257162343697,0.2341846949045291,0.2549159507995968,0.4798092785009423,0.092034463218571,0.4031448067173417,0.6924695582522152,0.2951066674802561,0.4363615054845952,0.6438866228642326,0.2172533911191051,0.4923711818163968,0.8783974030365247,0.8370696640423577,0.7823848695413557,0.9997536644782076,0.9996572014001402,0.9494816951756824,0.8630482711200379,0.7840104307445999,0.9829243739283122,0.9202108248874628,0.3216202407934241,0.7737951727320693,0.7705636772818577,0.5060194785600511,0.5341558050979144,0.0142400707867532
tmc13_loot_vox10_1200_dec_geom03_text03_octree-predlift.ply,loot_vox10_1200.ply,OCTREE_PRED_LIFT,1,1.475,805285,222706,1.3969361782073977,0.9841369226965236,0.9971463643523596,0.9970760790571592,0.5923903940653622,0.3620858603712029,0.313007465458391,0.9736670449562242,0.6072487377392216,0.5293845519688749,0.5990745558776319,0.2957861036389035,0.4762204315770045,1.121304586187554,0.5699775539966748,0.5726568473350941,0.532268156358224,0.092034463218571,0.4031448067173417,1.1860076189060913,0.5904598384709836,0.5905767172122428,0.6560859955181703,0.1997822103475709,0.5318737488027214,0.4597781895821026,0.4307940200195306,0.2880680277572793,1.0010040603336186,0.9995223586319362,0.9334707607095916,0.3819707912221461,0.275211934147514,0.9776888914712728,0.9361476678645008,0.3482100319889298,0.7351580317451882,0.7101401151112905,0.5319368285874182,0.4966045701007611,0.0083453490343774
tmc13_loot_vox10_1200_dec_geom03_text03_octree-raht.ply,loot_vox10_1200.ply,OCTREE_RAHT,2,1.175,805285,222706,1.3606595993041992,0.9828941545231108,0.9966314333884042,0.9967050004024048,0.4900147980843785,0.1966896692224011,0.1786825837810428,0.881548855673858,0.3850055976896958,0.3517087326060959,0.4972240662593948,0.1816488223532233,0.3858366128979402,1.121304586187554,0.5699775539966748,0.5726568473350941,0.532268156358224,0.092034463218571,0.4031448067173417,1.1860076189060913,0.5904598384709836,0.5905767172122428,0.6560859955181703,0.1997822103475709,0.5318737488027214,0.4597781895821026,0.4307940200195306,0.2880680277572793,1.0010040603336186,0.9995223586319362,0.9334707607095916,0.3819707912221461,0.275211934147514,0.9776888914712728,0.9361476678645008,0.3482100319889298,0.7351580317451882,0.7101401151112905,0.5319368285874182,0.4966045701007611,0.0083453490343774
tmc13_loot_vox10_1200_dec_geom03_text03_trisoup-predlift.ply,loot_vox10_1200.ply,TRISOUP_PREDLIFT,3,1.4,805285,599131,1.8277456760406492,0.9898616461255472,0.9977243301814988,0.9976427774766716,0.6092751907254068,0.2949170927933567,0.2696015943206364,0.950202977623101,0.4965752408875097,0.4436782462874914,0.6116489007585035,0.2370249746252134,0.5035200406054802,0.6652257162343697,0.2341846949045291,0.2549159507995968,0.4798092785009423,0.092034463218571,0.4031448067173417,0.6924695582522152,0.2951066674802561,0.4363615054845952,0.6438866228642326,0.2172533911191051,0.4923711818163968,0.8783974030365247,0.8370696640423577,0.7823848695413557,0.9997536644782076,0.9996572014001402,0.9494816951756824,0.8630482711200379,0.7840104307445999,0.9829243739283122,0.9202108248874628,0.3216202407934241,0.7737951727320693,0.7705636772818577,0.5060194785600511,0.5341558050979144,0.0142400707867532
tmc13_loot_vox10_1200_dec_geom03_text03_trisoup-raht.ply,loot_vox10_1200.ply,TRISOUP_RAHT,4,1.075,805285,599131,1.749476671218872,0.9886123822339824,0.99726189364094,0.9972261138403784,0.5471544540336153,0.1931893115568342,0.1733049761383034,0.8512947750754667,0.3442332666577914,0.3156630565188949,0.5592747770498879,0.1728779254787537,0.4537136818936879,0.6652257162343697,0.2341846949045291,0.2549159507995968,0.4798092785009423,0.092034463218571,0.4031448067173417,0.6924695582522152,0.2951066674802561,0.4363615054845952,0.6438866228642326,0.2172533911191051,0.4923711818163968,0.8783974030365247,0.8370696640423577,0.7823848695413557,0.9997536644782076,0.9996572014001402,0.9494816951756824,0.8630482711200379,0.7840104307445999,0.9829243739283122,0.9202108248874628,0.3216202407934241,0.7737951727320693,0.7705636772818577,0.5060194785600511,0.5341558050979144,0.0142400707867532
tmc13_loot_vox10_1200_dec_geom04_text04_octree-predlift.ply,loot_vox10_1200.ply,OCTREE_PRED_LIFT,1,2.725,805285,476836,1.741145133972168,0.9920987199480628,0.9982814561191982,0.9981355243625224,0.7252285950698617,0.3735239654274192,0.3279599506205371,0.943608116814482,0.5980208208353408,0.5147297356487366,0.7254381676387356,0.3114009362061987,0.617291536841858,0.6720809592784577,0.3409118471426884,0.3400826230096492,0.3267223256021095,0.092034463218571,0.4031448067173417,0.7856627922322343,0.3538245004742478,0.4644544063027621,0.2999775773089696,0.1285403268251911,0.1890264015583865,0.7669777758697454,0.7309533048449836,0.5706007136829456,0.9992313810023874,0.9979939518239944,0.9257755395591716,0.6842006216240565,0.6239620566205796,0.9878172115421952,0.9478205098924438,0.3876021432294288,0.7961804252871488,0.7748376325986125,0.5672697321069503,0.450366003402653,0.0029346755838559
tmc13_loot_vox10_1200_dec_geom04_text04_octree-raht.ply,loot_vox10_1200.ply,OCTREE_RAHT,2,2.25,805285,476836,1.7051825523376465,0.991581917750066,0.9979442276763446,0.9978381911255416,0.6819172193876042,0.2687883508035982,0.2303548745519258,0.9133133854391428,0.460470886222693,0.3937534591386268,0.6908991734414588,0.2338659430038098,0.5734897296479412,0.6720809592784577,0.3409118471426884,0.3400826230096492,0.3267223256021095,0.092034463218571,0.4031448067173417,0.7856627922322343,0.3538245004742478,0.4644544063027621,0.2999775773089696,0.1285403268251911,0.1890264015583865,0.7669777758697454,0.7309533048449836,0.5706007136829456,0.9992313810023874,0.9979939518239944,0.9257755395591716,0.6842006216240565,0.6239620566205796,0.9878172115421952,0.9478205098924438,0.3876021432294288,0.7961804252871488,0.7748376325986125,0.5672697321069503,0.450366003402653,0.0029346755838559
tmc13_loot_vox10_1200_dec_geom04_text04_trisoup-predlift.ply,loot_vox10_1200.ply,TRISOUP_PREDLIFT,3,1.725,805285,599131,1.666689157485962,0.992985827155093,0.9983363096415594,0.9981905514884708,0.724329570879317,0.3654257774690285,0.3330846307740104,0.9438373069548764,0.5812697278257176,0.5184219035658246,0.72516670889516,0.3050078558475771,0.6187948591651752,0.6652257162343697,0.2341846949045291,0.2549159507995968,0.4798092785009423,0.092034463218571,0.4031448067173417,0.6924695582522152,0.2951066674802561,0.4363615054845952,0.6438866228642326,0.2172533911191051,0.4923711818163968,0.8783974030365247,0.8370696640423577,0.7823848695413557,0.9997536644782076,0.9996572014001402,0.9494816951756824,0.8630482711200379,0.7840104307445999,0.9829243739283122,0.9202108248874628,0.3216202407934241,0.7737951727320693,0.7705636772818577,0.5060194785600511,0.5341558050979144,0.0142400707867532
tmc13_loot_vox10_1200_dec_geom04_text04_trisoup-raht.ply,loot_vox10_1200.ply,TRISOUP_RAHT,4,1.55,805285,599131,1.6208794116973877,0.9923499781612694,0.9980109713427248,0.997859845722221,0.6983614997584107,0.2570544421548342,0.2326031507722964,0.9110495467187556,0.4336659376981891,0.3884051811249185,0.7051530967735209,0.2339998818719201,0.5944551599947611,0.6652257162343697,0.2341846949045291,0.2549159507995968,0.4798092785009423,0.092034463218571,0.4031448067173417,0.6924695582522152,0.2951066674802561,0.4363615054845952,0.6438866228642326,0.2172533911191051,0.4923711818163968,0.8783974030365247,0.8370696640423577,0.7823848695413557,0.9997536644782076,0.9996572014001402,0.9494816951756824,0.8630482711200379,0.7840104307445999,0.9829243739283122,0.9202108248874628,0.3216202407934241,0.7737951727320693,0.7705636772818577,0.5060194785600511,0.5341558050979144,0.0142400707867532
tmc13_loot_vox10_1200_dec_geom05_text05_octree-predlift.ply,loot_vox10_1200.ply,OCTREE_PRED_LIFT,1,3.475,805285,632549,1.9030070304870603,0.9957082259144324,0.9988729070128544,0.9987099838507272,0.8144569169966338,0.4590193905330281,0.4339734929913376,0.9264904117566232,0.6716736476455719,0.6317578656939359,0.8102268671955698,0.4237916191008036,0.7228908193752097,0.5600386542983885,0.2829211599577936,0.2795637164812317,0.2786024524583425,0.092034463218571,0.4031448067173417,0.7119836306996857,0.2954449624174186,0.4639266591436182,0.2407816624504948,0.1068052379817554,0.1485568416180336,0.8977924410874378,0.8661367223493537,0.7301713088593303,0.998638573948662,0.997796502316224,0.9126374350256518,0.8282853602340793,0.8154277233478163,0.9912989889315738,0.9541058097209706,0.4367167073360086,0.8388212016786588,0.8215193759295224,0.6038379648041771,0.3954256498064972,0.0029854769213102
tmc13_loot_vox10_1200_dec_geom05_text05_octree-raht.ply,loot_vox10_1200.ply,OCTREE_RAHT,2,2.75,805285,632549,1.937719821929932,0.9954442464181084,0.9986120289496562,0.9984425092455602,0.8016660781197331,0.3651398081172064,0.3231175823033582,0.9219879395827892,0.558570570132352,0.4860115164624386,0.8077738463644488,0.3270465968139868,0.7037693791986337,0.5600386542983885,0.2829211599577936,0.2795637164812317,0.2786024524583425,0.092034463218571,0.4031448067173417,0.7119836306996857,0.2954449624174186,0.4639266591436182,0.2407816624504948,0.1068052379817554,0.1485568416180336,0.8977924410874378,0.8661367223493537,0.7301713088593303,0.998638573948662,0.997796502316224,0.9126374350256518,0.8282853602340793,0.8154277233478163,0.9912989889315738,0.9541058097209706,0.4367167073360086,0.8388212016786588,0.8215193759295224,0.6038379648041771,0.3954256498064972,0.0029854769213102
tmc13_loot_vox10_1200_dec_geom05_text05_trisoup-predlift.ply,loot_vox10_1200.ply,TRISOUP_PREDLIFT,3,2.675,805285,673881,1.8235077857971191,0.9955880757797664,0.998875454688634,0.9986677244267004,0.8056321096340839,0.4560688547000097,0.4176152149516633,0.9295584389114528,0.672023123438123,0.6198992679498175,0.8021307451718059,0.4086384700193318,0.7133989751570431,0.5110891510268324,0.1862968995106888,0.2030781284353331,0.3570928849060117,0.092034463218571,0.4031448067173417,0.6339898512912429,0.2525185307163374,0.4183215922988931,0.5317308389563821,0.1870154363690065,0.3905908725092072,0.9207564703760626,0.8877593315326355,0.797552072330527,1.0001827462812556,0.9998847646926998,0.9344242840699128,0.879031984052464,0.8557488983868088,0.990037618459718,0.9307097062247272,0.3495224752543459,0.8277986130585826,0.8145221687437763,0.527560605480879,0.5020088205556389,0.0058846541558994
tmc13_loot_vox10_1200_dec_geom05_text05_trisoup-raht.ply,loot_vox10_1200.ply,TRISOUP_RAHT,4,2.65,805285,673881,1.8359501361846924,0.9952985459440368,0.9986215296120844,0.9984917555400012,0.8033668445916232,0.3547840390946719,0.3183564980774213,0.9233939167764268,0.5457531257924506,0.4797035869884928,0.8080948395170421,0.3182624920128082,0.705706245421589,0.5110891510268324,0.1862968995106888,0.2030781284353331,0.3570928849060117,0.092034463218571,0.4031448067173417,0.6339898512912429,0.2525185307163374,0.4183215922988931,0.5317308389563821,0.1870154363690065,0.3905908725092072,0.9207564703760626,0.8877593315326355,0.797552072330527,1.0001827462812556,0.9998847646926998,0.9344242840699128,0.879031984052464,0.8557488983868088,0.990037618459718,0.9307097062247272,0.3495224752543459,0.8277986130585826,0.8145221687437763,0.527560605480879,0.5020088205556389,0.0058846541558994
tmc13_loot_vox10_1200_dec_geom06_text06_octree-predlift.ply,loot_vox10_1200.ply,OCTREE_PRED_LIFT,1,4.3,805285,717396,1.9530987739562988,0.997330012709728,0.9993061939371808,0.9990714135690192,0.8776390228030163,0.5866595254597755,0.5645554297423495,0.9148919612439216,0.7658502129811683,0.7496052051131739,0.8731327537928364,0.5637164323789027,0.8008250781799768,0.5130882414598116,0.2575824823747858,0.2568002458878184,0.2584567746946008,0.092034463218571,0.4031448067173417,0.6778472957346068,0.2744402622895698,0.4552561980165399,0.2546205895641877,0.0932798710834616,0.1878825812986033,0.9548707612009548,0.9287727698720653,0.8429276228536818,0.9937367269505276,0.9954999581541842,0.9003766072528959,0.9080724869664424,0.9093215925143802,0.994197706996254,0.9590580603080718,0.4898323346374968,0.8934312892353351,0.8796410769050517,0.6463827176964174,0.3385512530885383,0.0024022781745119
tmc13_loot_vox10_1200_dec_geom06_text06_octree-raht.ply,loot_vox10_1200.ply,OCTREE_RAHT,2,4.175,805285,717396,1.9451804161071775,0.9971690714904076,0.9990743516425148,0.998864187987593,0.8779258532470364,0.5085306921609417,0.4609316325260639,0.9159477112186258,0.6882291475419451,0.637880669932821,0.8792783869099448,0.4820295777449487,0.7884314565555525,0.5130882414598116,0.2575824823747858,0.2568002458878184,0.2584567746946008,0.092034463218571,0.4031448067173417,0.6778472957346068,0.2744402622895698,0.4552561980165399,0.2546205895641877,0.0932798710834616,0.1878825812986033,0.9548707612009548,0.9287727698720653,0.8429276228536818,0.9937367269505276,0.9954999581541842,0.9003766072528959,0.9080724869664424,0.9093215925143802,0.994197706996254,0.9590580603080718,0.4898323346374968,0.8934312892353351,0.8796410769050517,0.6463827176964174,0.3385512530885383,0.0024022781745119
tmc13_loot_vox10_1200_dec_geom06_text06_trisoup-predlift.ply,loot_vox10_1200.ply,TRISOUP_PREDLIFT,3,4.7,805285,805285,1.9245357513427732,0.9986910892490072,0.9993616802714064,0.9991544533008632,0.8825165933851581,0.5808142003912994,0.5599737969190002,0.1268705736804273,0.4206988373234995,0.4350284220352,0.8753263964826691,0.550582176477181,0.8118370947638787,0.0,0.0,0.0,0.0,0.092034463218571,0.4031448067173417,0.4454421429366926,0.092034463218571,0.4031448067173417,2.702199082489169e-14,1.4107627932905061e-14,1.1677525153540844e-14,1.0,1.0,1.0,9.20164455793828e-17,9.771820572226733e-17,6.949824428483308e-17,1.0,1.0,1.0,1.0,1.0,1.0,1.0,0.9999177264400776,2.739825668469929e-20,8.226051906383509e-05
tmc13_loot_vox10_1200_dec_geom06_text06_trisoup-raht.ply,loot_vox10_1200.ply,TRISOUP_RAHT,4,4.4,805285,805285,1.9495866298675537,0.9984349019759484,0.9991222515003958,0.9989281519579192,0.9015474534377778,0.5036739602596567,0.4778225945626001,0.1660747805363829,0.4170163073155899,0.4088680504011877,0.90283551275678,0.4842664072338833,0.8228802951185371,0.0,0.0,0.0,0.0,0.092034463218571,0.4031448067173417,0.4454421429366926,0.092034463218571,0.4031448067173417,2.702199082489169e-14,1.4107627932905061e-14,1.1677525153540844e-14,1.0,1.0,1.0,9.20164455793828e-17,9.771820572226733e-17,6.949824428483308e-17,1.0,1.0,1.0,1.0,1.0,1.0,1.0,0.9999177264400776,2.739825668469929e-20,8.226051906383509e-05
tmc13_romanoillamp_vox10_dec_geom01_text01_octree-predlift.ply,romanoillamp_vox10.ply,OCTREE_PRED_LIFT,1,1.0,636127,20356,0.9933681488037108,0.9632095628654064,0.9872458792632236,0.9943821481197536,0.4142669328700565,0.0360515022631605,0.0207435385887727,0.997867118453734,0.6768487839780207,0.2497303949954384,0.3987931920727903,0.0218466581298114,0.3500191305852254,3.9028541844424782,1.9767625125521275,1.980532345275148,1.9311942554113943,0.1548942031111073,0.3573455455921652,3.9298593057483626,1.9881824411295277,1.9552500192132007,3.3466309249374704,0.9281006961943152,2.7944326514161686,0.0759051069935997,0.0676846861197308,0.0116800275018129,1.0009305568984088,0.999340196137942,0.9530101384204632,0.036426465649259,0.0278505715934544,0.9111381693029031,0.9005892947804375,0.3105521375645571,0.2831875650867393,0.2620480969462461,0.4963082441955725,0.5358569809399509,0.0273165267660559
tmc13_romanoillamp_vox10_dec_geom01_text01_octree-raht.ply,romanoillamp_vox10.ply,OCTREE_RAHT,2,1.0,636127,20356,0.934802770614624,0.9610413030624688,0.9860220770018128,0.9940831406803282,0.3953459334964317,5.614041100335117e-18,0.0333240086589786,0.8708972548262514,0.0,0.0834170867385157,0.384423243493606,2.319851694353354e-19,0.3441430384806252,3.9028541844424782,1.9767625125521275,1.980532345275148,1.9311942554113943,0.1548942031111073,0.3573455455921652,3.9298593057483626,1.9881824411295277,1.9552500192132007,3.3466309249374704,0.9281006961943152,2.7944326514161686,0.0759051069935997,0.0676846861197308,0.0116800275018129,1.0009305568984088,0.999340196137942,0.9530101384204632,0.036426465649259,0.0278505715934544,0.9111381693029031,0.9005892947804375,0.3105521375645571,0.2831875650867393,0.2620480969462461,0.4963082441955725,0.5358569809399509,0.0273165267660559
tmc13_romanoillamp_vox10_dec_geom01_text01_trisoup-predlift.ply,romanoillamp_vox10.ply,TRISOUP_PREDLIFT,3,1.075,636127,807367,1.639225721359253,0.9858008576211262,0.9911066367030686,0.9954749094914768,0.3093350539576863,0.059707195658564,0.0358892855192693,0.9803742391235816,0.7229050700895664,0.3176072034021812,0.2918340756981973,0.0328665695027417,0.2395282419536653,0.8505235982041619,0.2841914076777779,0.2936173704375994,0.6402197727967105,0.1548942031111073,0.3573455455921652,0.8772434376500471,0.3645395770360672,0.5690142982022541,0.8540738083823207,0.2844849082173089,0.6611469699213588,0.8377501037911103,0.8835807353702693,0.7267475394576149,1.0008553384647971,1.0010391254713586,0.9700270082788038,0.8923642163665061,0.8044358509280879,0.976823537951444,0.9137621240877518,0.2985341531323817,0.6701617270320326,0.6544482152056469,0.4985849652352558,0.5376302151838475,0.0185696196088169
tmc13_romanoillamp_vox10_dec_geom01_text01_trisoup-raht.ply,romanoillamp_vox10.ply,TRISOUP_RAHT,4,1.0,636127,807367,1.662981033325195,0.9828194206668716,0.9900592275316844,0.9952446223479676,0.3434029199198787,0.062444794399776,0.0466092210953434,0.7762630662353562,0.2275554592546797,0.1427525129589392,0.334023346667635,0.0319905875418933,0.2978749640579065,0.8505235982041619,0.2841914076777779,0.2936173704375994,0.6402197727967105,0.1548942031111073,0.3573455455921652,0.8772434376500471,0.3645395770360672,0.5690142982022541,0.8540738083823207,0.2844849082173089,0.6611469699213588,0.8377501037911103,0.8835807353702693,0.7267475394576149,1.0008553384647971,1.0010391254713586,0.9700270082788038,0.8923642163665061,0.8044358509280879,0.976823537951444,0.9137621240877518,0.2985341531323817,0.6701617270320326,0.6544482152056469,0.4985849652352558,0.5376302151838475,0.0185696196088169
tmc13_romanoillamp_vox10_dec_geom02_text02_octree-predlift.ply,romanoillamp_vox10.ply,OCTREE_PRED_LIFT,1,1.05,636127,76992,1.019831657409668,0.9754984130531474,0.9897044820696628,0.9949440349820328,0.5501098151511137,0.1184833758330837,0.0817034945114406,0.9910317555401872,0.8869642006005902,0.4907034844440409,0.5306732930600875,0.1056529399890689,0.4820744136366821,2.024861240407945,1.0351219071388051,1.0349493724608758,0.98550782976125,0.1548942031111073,0.3573455455921652,2.0722386325845448,1.0537346132678085,1.022555187407746,1.2189921199177611,0.4115777400710815,0.927014738146051,0.2371657649542921,0.2137759899058784,0.0654113232128483,0.999106219960022,1.0005613235464994,0.9507980164956156,0.1455248703979085,0.1213184982387941,0.9605842331370732,0.9294382881387396,0.3133733409071793,0.415713312175949,0.3920816267927684,0.5085263823078822,0.5282403132243176,0.0116909894437488
tmc13_romanoillamp_vox10_dec_geom02_text02_octree-raht.ply,romanoillamp_vox10.ply,OCTREE_RAHT,2,1.0,636127,76992,1.0486469268798828,0.9749332211566164,0.989010021661514,0.9948150178520124,0.5189704679702583,0.1178977980916528,0.0541929421238673,0.9538676219984592,0.4170691173702223,0.1593464921802995,0.5092422633477257,0.0505904910040032,0.4643323736924027,2.024861240407945,1.0351219071388051,1.0349493724608758,0.98550782976125,0.1548942031111073,0.3573455455921652,2.0722386325845448,1.0537346132678085,1.022555187407746,1.2189921199177611,0.4115777400710815,0.927014738146051,0.2371657649542921,0.2137759899058784,0.0654113232128483,0.999106219960022,1.0005613235464994,0.9507980164956156,0.1455248703979085,0.1213184982387941,0.9605842331370732,0.9294382881387396,0.3133733409071793,0.415713312175949,0.3920816267927684,0.5085263823078822,0.5282403132243176,0.0116909894437488
tmc13_romanoillamp_vox10_dec_geom02_text02_trisoup-predlift.ply,romanoillamp_vox10.ply,TRISOUP_PREDLIFT,3,1.825,636127,827271,1.6697003841400146,0.9915524313091618,0.9931893194069228,0.9962323910044192,0.4695485438363743,0.1307925541736341,0.082065393197511,0.957608626187545,0.8952953246038999,0.5681933914925471,0.4457914779508387,0.0993524370922911,0.3880424713197226,0.5666629588293226,0.2049772067250804,0.217234370790864,0.3988694452056108,0.1548942031111073,0.3573455455921652,0.673287909340932,0.3014201088204778,0.4032164803723333,0.5687323291333622,0.2143792429855429,0.4054361644520694,0.8376289826310044,0.8865606221172508,0.8174695366576217,1.0003376834060518,1.00084011060131,0.9543967982267229,0.91436779957284,0.7999234783454323,0.99310805706492,0.9286945683507052,0.3177445604895331,0.7497185082198231,0.7323431642940731,0.5150667371224501,0.5217754385233689,0.0043970924099228
tmc13_romanoillamp_vox10_dec_geom02_text02_trisoup-raht.ply,romanoillamp_vox10.ply,TRISOUP_RAHT,4,1.225,636127,827271,1.75073504447937,0.9898323665321076,0.9920081419043898,0.9958314137812456,0.5426585440047135,0.1201107724662548,0.068796231565681,0.93035664801536,0.4043227074446019,0.2136751687630805,0.5247246150058607,0.0614025606133628,0.483757393504461,0.5666629588293226,0.2049772067250804,0.217234370790864,0.3988694452056108,0.1548942031111073,0.3573455455921652,0.673287909340932,0.3014201088204778,0.4032164803723333,0.5687323291333622,0.2143792429855429,0.4054361644520694,0.8376289826310044,0.8865606221172508,0.8174695366576217,1.0003376834060518,1.00084011060131,0.9543967982267229,0.91436779957284,0.7999234783454323,0.99310805706492,0.9286945683507052,0.3177445604895331,0.7497185082198231,0.7323431642940731,0.5150667371224501,0.5217754385233689,0.0043970924099228
tmc13_romanoillamp_vox10_dec_geom03_text03_octree-predlift.ply,romanoillamp_vox10.ply,OCTREE_PRED_LIFT,1,1.775,636127,270024,1.2499408721923828,0.9879749701416792,0.9935921019897016,0.996384643258586,0.7174902081716299,0.2786685813584655,0.1636321661130279,0.9595739244583368,0.9791218144845624,0.7830498329355902,0.6940873655481307,0.256082439975829,0.6564825104329793,1.1260701340579962,0.5839031261785741,0.5865673858861723,0.5100687457318982,0.1548942031111073,0.3573455455921652,1.228037614414859,0.6253257570769872,0.5858193646653532,0.6291289323645168,0.2223364407967291,0.4748964390985272,0.623661889212768,0.5755123163483618,0.3254210394658245,0.9994333113863496,0.9978491595209577,0.9380430786786702,0.491697414812553,0.4729250149773862,0.9892371640986016,0.9379903905936642,0.3230095313873112,0.6215892599822083,0.5951212906261494,0.521499533178861,0.5106826144131701,0.0021125973233601
tmc13_romanoillamp_vox10_dec_geom03_text03_octree-raht.ply,romanoillamp_vox10.ply,OCTREE_RAHT,2,1.475,636127,270024,1.2239842414855957,0.9879481927438378,0.9927684509665134,0.9960011991718764,0.7609617529726314,0.2169045985672699,0.1332898926674127,0.9664533109641626,0.647146753399674,0.4104222481445743,0.7493881626580378,0.1518449659011902,0.7170013943107243,1.1260701340579962,0.5839031261785741,0.5865673858861723,0.5100687457318982,0.1548942031111073,0.3573455455921652,1.228037614414859,0.6253257570769872,0.5858193646653532,0.6291289323645168,0.2223364407967291,0.4748964390985272,0.623661889212768,0.5755123163483618,0.3254210394658245,0.9994333113863496,0.9978491595209577,0.9380430786786702,0.491697414812553,0.4729250149773862,0.9892371640986016,0.9379903905936642,0.3230095313873112,0.6215892599822083,0.5951212906261494,0.521499533178861,0.5106826144131701,0.0021125973233601
tmc13_romanoillamp_vox10_dec_geom03_text03_trisoup-predlift.ply,romanoillamp_vox10.ply,TRISOUP_PREDLIFT,3,2.475,636127,827271,1.6955091953277588,0.9941962272237996,0.9953264994108312,0.9970881566998404,0.6334992800405134,0.2870231618305413,0.1614407843955635,0.94269708767837,0.9667231330115108,0.7806379565569013,0.609591989946627,0.2359735222689827,0.5586634976626622,0.5666629588293226,0.2049772067250804,0.217234370790864,0.3988694452056108,0.1548942031111073,0.3573455455921652,0.673287909340932,0.3014201088204778,0.4032164803723333,0.5687323291333622,0.2143792429855429,0.4054361644520694,0.8376289826310044,0.8865606221172508,0.8174695366576217,1.0003376834060518,1.00084011060131,0.9543967982267229,0.91436779957284,0.7999234783454323,0.99310805706492,0.9286945683507052,0.3177445604895331,0.7497185082198231,0.7323431642940731,0.5150667371224501,0.5217754385233689,0.0043970924099228
tmc13_romanoillamp_vox10_dec_geom03_text03_trisoup-raht.ply,romanoillamp_vox10.ply,TRISOUP_RAHT,4,2.925,636127,827271,1.7103166580200195,0.993402183914484,0.9944475668834414,0.9966365598500322,0.7719819826351769,0.250646771259173,0.1357508874011263,0.9526332676235284,0.6854996432908486,0.4031211770963013,0.7549821019917567,0.1542315388521119,0.7262785965804351,0.5666629588293226,0.2049772067250804,0.217234370790864,0.3988694452056108,0.1548942031111073,0.3573455455921652,0.673287909340932,0.3014201088204778,0.4032164803723333,0.5687323291333622,0.2143792429855429,0.4054361644520694,0.8376289826310044,0.8865606221172508,0.8174695366576217,1.0003376834060518,1.00084011060131,0.9543967982267229,0.91436779957284,0.7999234783454323,0.99310805706492,0.9286945683507052,0.3177445604895331,0.7497185082198231,0.7323431642940731,0.5150667371224501,0.5217754385233689,0.0043970924099228
tmc13_romanoillamp_vox10_dec_geom04_text04_octree-predlift.ply,romanoillamp_vox10.ply,OCTREE_PRED_LIFT,1,2.75,636127,455777,1.4557394981384275,0.994061163177134,0.9964018573562554,0.9976478867611244,0.8424720400793496,0.5014208090010505,0.3288760591144768,0.9393966143178692,0.964475935000907,0.9254715253828358,0.8230488768046379,0.4821736755347794,0.8005856698501361,0.6749528878875871,0.3413762909023969,0.3460571644542824,0.3292752318831248,0.1548942031111073,0.3573455455921652,0.8165850203535081,0.3876103438737061,0.4558580561329622,0.443229762598328,0.2501661139098575,0.1708994413756852,0.8578310530991836,0.8182328593114795,0.5693639870521631,0.9967280209964752,0.9998236872657752,0.920289645895934,0.7413630128417771,0.7731766218859949,0.9936794896447636,0.9426440039173708,0.4188221822471302,0.7089229958963856,0.6889040651261793,0.5938289618969347,0.4130160469613932,0.0009963326456588
tmc13_romanoillamp_vox10_dec_geom04_text04_octree-raht.ply,romanoillamp_vox10.ply,OCTREE_RAHT,2,2.925,636127,455777,1.4400005340576172,0.99409604905168,0.9958804109585344,0.997292355018253,0.9024527141405918,0.5082607004071957,0.2573806133251584,0.9440617748576088,0.9075754876985044,0.6514974135697905,0.9112967368600848,0.3761721080597608,0.890504157372901,0.6749528878875871,0.3413762909023969,0.3460571644542824,0.3292752318831248,0.1548942031111073,0.3573455455921652,0.8165850203535081,0.3876103438737061,0.4558580561329622,0.443229762598328,0.2501661139098575,0.1708994413756852,0.8578310530991836,0.8182328593114795,0.5693639870521631,0.9967280209964752,0.9998236872657752,0.920289645895934,0.7413630128417771,0.7731766218859949,0.9936794896447636,0.9426440039173708,0.4188221822471302,0.7089229958963856,0.6889040651261793,0.5938289618969347,0.4130160469613932,0.0009963326456588
tmc13_romanoillamp_vox10_dec_geom04_text04_trisoup-predlift.ply,romanoillamp_vox10.ply,TRISOUP_PREDLIFT,3,3.625,636127,827271,1.680678129196167,0.9950773913245644,0.9970658179796724,0.998009228949395,0.7953450545787263,0.4870981464359041,0.3367901854225008,0.9389524059828748,0.9584490345538992,0.9355916327515572,0.7754847387537993,0.4722834540764695,0.7443390961776463,0.5666629588293226,0.2049772067250804,0.217234370790864,0.3988694452056108,0.1548942031111073,0.3573455455921652,0.673287909340932,0.3014201088204778,0.4032164803723333,0.5687323291333622,0.2143792429855429,0.4054361644520694,0.8376289826310044,0.8865606221172508,0.8174695366576217,1.0003376834060518,1.00084011060131,0.9543967982267229,0.91436779957284,0.7999234783454323,0.99310805706492,0.9286945683507052,0.3177445604895331,0.7497185082198231,0.7323431642940731,0.5150667371224501,0.5217754385233689,0.0043970924099228
tmc13_romanoillamp_vox10_dec_geom04_text04_trisoup-raht.ply,romanoillamp_vox10.ply,TRISOUP_RAHT,4,4.5,636127,827271,1.771265983581543,0.9945347845343804,0.9964838963228448,0.9975939289309332,0.9066797858978743,0.5243919057975335,0.2805828599856358,0.9443499903630526,0.910924094268868,0.6691777544681582,0.910043937489157,0.3917153429956121,0.8922547513436044,0.5666629588293226,0.2049772067250804,0.217234370790864,0.3988694452056108,0.1548942031111073,0.3573455455921652,0.673287909340932,0.3014201088204778,0.4032164803723333,0.5687323291333622,0.2143792429855429,0.4054361644520694,0.8376289826310044,0.8865606221172508,0.8174695366576217,1.0003376834060518,1.00084011060131,0.9543967982267229,0.91436779957284,0.7999234783454323,0.99310805706492,0.9286945683507052,0.3177445604895331,0.7497185082198231,0.7323431642940731,0.5150667371224501,0.5217754385233689,0.0043970924099228
tmc13_romanoillamp_vox10_dec_geom05_text05_octree-predlift.ply,romanoillamp_vox10.ply,OCTREE_PRED_LIFT,1,4.45,636127,547676,1.5417053699493408,0.996561220776029,0.997998489241272,0.998561005137376,0.9266459014206954,0.7343087985022207,0.565349651590535,0.913844430036009,0.9347489547010982,0.9496279486470912,0.9162538655607918,0.7266319224844441,0.9060817435621118,0.5575491656376654,0.2821195699378928,0.2819824238445198,0.276439990311438,0.1548942031111073,0.3573455455921652,0.7250960393724074,0.3250510150612449,0.4328848889138915,0.34722762302789,0.1980007210183746,0.1250855682332211,0.9367758809421622,0.9127904988100402,0.7019569951649274,0.9889386854870748,0.9897093062416804,0.8966522208418836,0.8493810627861985,0.8965432556179814,0.9953306099997764,0.9474053110500044,0.486839475238734,0.7656615320482404,0.7522500754293282,0.6476682958226608,0.3361301541385053,0.0011564837512479
tmc13_romanoillamp_vox10_dec_geom05_text05_octree-raht.ply,romanoillamp_vox10.ply,OCTREE_RAHT,2,4.6,636127,547676,1.623105525970459,0.9966257471440858,0.997795532072322,0.9983062692296856,0.9396121981544664,0.8186348903844961,0.5652176821095627,0.9151642418307206,0.939809629518153,0.891783443866923,0.9463473314090822,0.7477041127439845,0.9317211209290206,0.5575491656376654,0.2821195699378928,0.2819824238445198,0.276439990311438,0.1548942031111073,0.3573455455921652,0.7250960393724074,0.3250510150612449,0.4328848889138915,0.34722762302789,0.1980007210183746,0.1250855682332211,0.9367758809421622,0.9127904988100402,0.7019569951649274,0.9889386854870748,0.9897093062416804,0.8966522208418836,0.8493810627861985,0.8965432556179814,0.9953306099997764,0.9474053110500044,0.486839475238734,0.7656615320482404,0.7522500754293282,0.6476682958226608,0.3361301541385053,0.0011564837512479
tmc13_romanoillamp_vox10_dec_geom05_text05_trisoup-predlift.ply,romanoillamp_vox10.ply,TRISOUP_PREDLIFT,3,4.625,636127,904922,1.811959743499756,0.9947617574392456,0.9978455141426,0.9986523648070385,0.8671078715067461,0.6737115934188384,0.5358649487401358,0.9396575712497894,0.9493754593912496,0.9530034049020696,0.8563222293267211,0.6735137355321597,0.8349151231744353,0.462979846784039,0.1747526975094093,0.1789000307850631,0.3183076036228892,0.1548942031111073,0.3573455455921652,0.6565039008223329,0.2768848087912139,0.4171957211493966,0.518487757252945,0.2058553358369067,0.3553705032930028,0.7993646786483841,0.8525869286322381,0.7657224747976958,1.0002732306748647,0.9999890073310428,0.9428018686053606,0.9285876284636608,0.7421507462777286,0.9916490061046812,0.9328617663452587,0.3309262094174481,0.652918257371588,0.6298751097616307,0.5226120139035177,0.510758610342342,0.0027941108039432
tmc13_romanoillamp_vox10_dec_geom05_text05_trisoup-raht.ply,romanoillamp_vox10.ply,TRISOUP_RAHT,4,4.6,636127,904922,1.8192927837371824,0.9944138474108144,0.9975170654053008,0.9983963781140206,0.9260338937026326,0.7881960377099078,0.564557329570394,0.9417906458300228,0.9554961646279148,0.9059399153479356,0.9296142589450108,0.7296770928457362,0.9148204170713888,0.462979846784039,0.1747526975094093,0.1789000307850631,0.3183076036228892,0.1548942031111073,0.3573455455921652,0.6565039008223329,0.2768848087912139,0.4171957211493966,0.518487757252945,0.2058553358369067,0.3553705032930028,0.7993646786483841,0.8525869286322381,0.7657224747976958,1.0002732306748647,0.9999890073310428,0.9428018686053606,0.9285876284636608,0.7421507462777286,0.9916490061046812,0.9328617663452587,0.3309262094174481,0.652918257371588,0.6298751097616307,0.5226120139035177,0.510758610342342,0.0027941108039432
tmc13_romanoillamp_vox10_dec_geom06_text06_octree-predlift.ply,romanoillamp_vox10.ply,OCTREE_PRED_LIFT,1,4.925,636127,593048,1.6109230518341064,0.9977769696334454,0.99883293142241,0.9991177337767548,0.9519678721505852,0.8711839578147714,0.7637443287279315,0.8905147230965216,0.902324333703802,0.9176635086316652,0.9476319945998102,0.864676001893738,0.9399199438617512,0.5148155020806273,0.2584614423532102,0.2573210975003638,0.26154444372538,0.1548942031111073,0.3573455455921652,0.6967124019118167,0.3051333078670231,0.4331675263062388,0.3099575172380926,0.151699198556979,0.171354795560686,0.9620029133278056,0.9490712472274008,0.8055810273476066,0.9761446963523424,0.9735337553520202,0.8691496838885814,0.9106809927391945,0.94372436293192,0.9967885600292292,0.9587597880618716,0.5685301817095245,0.8355685838629712,0.8254387137668496,0.7075477960002717,0.2537577601049438,0.0012763911854482
tmc13_romanoillamp_vox10_dec_geom06_text06_octree-raht.ply,romanoillamp_vox10.ply,OCTREE_RAHT,2,4.65,636127,593048,1.6236522197723389,0.9977720007517245,0.9987517146945608,0.99899212570019,0.9648768822818624,0.9071571283633928,0.8394050540661251,0.8909222267751821,0.9055835889364984,0.9191474556518155,0.9654542069350408,0.926001082907882,0.9582464237002642,0.5148155020806273,0.2584614423532102,0.2573210975003638,0.26154444372538,0.1548942031111073,0.3573455455921652,0.6967124019118167,0.3051333078670231,0.4331675263062388,0.3099575172380926,0.151699198556979,0.171354795560686,0.9620029133278056,0.9490712472274008,0.8055810273476066,0.9761446963523424,0.9735337553520202,0.8691496838885814,0.9106809927391945,0.94372436293192,0.9967885600292292,0.9587597880618716,0.5685301817095245,0.8355685838629712,0.8254387137668496,0.7075477960002717,0.2537577601049438,0.0012763911854482
tmc13_romanoillamp_vox10_dec_geom06_text06_trisoup-predlift.ply,romanoillamp_vox10.ply,TRISOUP_PREDLIFT,3,4.9,636127,636127,1.615916728973389,0.9993633578124378,0.9991655985112984,0.999216630069249,0.9631536361738866,0.8783565446951677,0.7652247625960255,0.0134688653351213,0.1462728360849759,0.3086034229570853,0.9560453691043236,0.8663642102005825,0.9513699290333856,0.0,0.0,0.0,0.0,0.1548942031111073,0.3573455455921652,0.4645520927578521,0.1548942031111073,0.3573455455921652,2.498614317652628e-14,1.3054815782000451e-14,1.1133520933622008e-14,1.0,1.0,1.0,6.490732123895197e-17,6.760993561169833e-17,8.246353855901107e-17,1.0,1.0,1.0,1.0,1.0,1.0,1.0,0.9998955101262174,5.223841613122295e-05,5.2238416131180326e-05
tmc13_romanoillamp_vox10_dec_geom06_text06_trisoup-raht.ply,romanoillamp_vox10.ply,TRISOUP_RAHT,4,4.7,636127,636127,1.4913959503173828,0.9993122151837552,0.9990467983675936,0.9990840463269428,0.9786325289604774,0.910475512739264,0.8433944116253667,0.0137184242043177,0.1498490387301091,0.3372379652640714,0.9762677523659924,0.9295449389589344,0.9721751052541584,0.0,0.0,0.0,0.0,0.1548942031111073,0.3573455455921652,0.4645520927578521,0.1548942031111073,0.3573455455921652,2.498614317652628e-14,1.3054815782000451e-14,1.1133520933622008e-14,1.0,1.0,1.0,6.490732123895197e-17,6.760993561169833e-17,8.246353855901107e-17,1.0,1.0,1.0,1.0,1.0,1.0,1.0,0.9998955101262174,5.223841613122295e-05,5.2238416131180326e-05
tmc13_soldier_vox10_0690_dec_geom01_text01_octree-predlift.ply,soldier_vox10_0690.ply,OCTREE_PRED_LIFT,1,1.0,1089091,20065,1.5475234985351562,0.9339352788130908,0.9916071031424742,0.9936075206916112,0.4544578170938421,0.1844083956347856,0.2338603466988889,0.9964444984808836,0.3602225550193453,0.4568660954170565,0.4570574654231919,0.1717449796632313,0.385773349919925,3.878972789254176,1.9586505167668535,1.9438243649910727,1.9303171821565688,0.0890793737816955,0.416713528533689,3.904346342140473,1.946012235160528,1.9639603891308188,4.324582921435474,1.273916325128363,3.538737221694692,0.0500560575244904,0.045856250711055,0.0085288890939908,0.9993537307109438,0.9998598962220178,0.9606246524438574,0.0253058060539177,0.0128057537874139,0.8132597333082144,0.8202385569987396,0.3179059386366368,0.3296991555331255,0.2976033860266276,0.4766603007223878,0.5391083600767763,0.107788161765801
tmc13_soldier_vox10_0690_dec_geom01_text01_octree-raht.ply,soldier_vox10_0690.ply,OCTREE_RAHT,2,1.0,1089091,20065,1.6422300338745115,0.9312731596486008,0.9929207933971234,0.9926282632850496,0.3775233342810755,0.0123855025714374,0.0158242293296006,0.8850652561991068,0.0,0.0,0.3796767043913179,0.0231885822099144,0.3228495700446985,3.878972789254176,1.9586505167668535,1.9438243649910727,1.9303171821565688,0.0890793737816955,0.416713528533689,3.904346342140473,1.946012235160528,1.9639603891308188,4.324582921435474,1.273916325128363,3.538737221694692,0.0500560575244904,0.045856250711055,0.0085288890939908,0.9993537307109438,0.9998598962220178,0.9606246524438574,0.0253058060539177,0.0128057537874139,0.8132597333082144,0.8202385569987396,0.3179059386366368,0.3296991555331255,0.2976033860266276,0.4766603007223878,0.5391083600767763,0.107788161765801
tmc13_soldier_vox10_0690_dec_geom01_text01_trisoup-predlift.ply,soldier_vox10_0690.ply,TRISOUP_PREDLIFT,3,1.025,1089091,754051,2.3787484169006348,0.9719578248404516,0.9952163913763092,0.9954230881755336,0.4850764535827961,0.1600140747447579,0.174483634105309,0.9829089743115152,0.3179201193062405,0.3318624940076805,0.4871036197183344,0.1188918693819887,0.3948339193375692,1.2497656508203767,0.4094813896627219,0.4183700259968519,0.9771503511150516,0.0890793737816955,0.416713528533689,1.1917525617089473,0.4448787875095258,0.8542155382488783,1.2804646787506695,0.3725631229935322,1.058335180255241,0.8596718913606909,0.8229887938392066,0.5790243601443481,0.9997655049753864,1.0009705595869676,0.9630462436221768,0.7653623222877436,0.7611981760166494,0.9359665558826084,0.8843048529662899,0.3042835359751864,0.623621255289285,0.6067859653105548,0.4885435231986667,0.5413333769598279,0.056333160743653
tmc13_soldier_vox10_0690_dec_geom01_text01_trisoup-raht.ply,soldier_vox10_0690.ply,TRISOUP_RAHT,4,1.0,1089091,754051,2.229588270187378,0.967791252777712,0.994428881063772,0.9946390222684536,0.3951702560593574,0.0720043095461826,0.0878884585285676,0.7928076843074219,0.1337235709363477,0.1596183686342879,0.3993838376773936,0.0831095617461794,0.3379224948341943,1.2497656508203767,0.4094813896627219,0.4183700259968519,0.9771503511150516,0.0890793737816955,0.416713528533689,1.1917525617089473,0.4448787875095258,0.8542155382488783,1.2804646787506695,0.3725631229935322,1.058335180255241,0.8596718913606909,0.8229887938392066,0.5790243601443481,0.9997655049753864,1.0009705595869676,0.9630462436221768,0.7653623222877436,0.7611981760166494,0.9359665558826084,0.8843048529662899,0.3042835359751864,0.623621255289285,0.6067859653105548,0.4885435231986667,0.5413333769598279,0.056333160743653
tmc13_soldier_vox10_0690_dec_geom02_text02_octree-predlift.ply,soldier_vox10_0690.ply,OCTREE_PRED_LIFT,1,1.0,1089091,79099,1.7375142574310305,0.9555864817195456,0.9947625232575168,0.9949320976348428,0.5349435011203141,0.3168840934489784,0.3430676617546089,0.9896147206713904,0.6149864948452284,0.6454918917942987,0.5383963097503487,0.2869809777167649,0.4656137566047696,2.0141611356347373,1.026273696430582,1.0226845961724376,0.9813812727766476,0.0890793737816955,0.416713528533689,2.055642092847101,1.028255868789148,1.0371325634139656,1.646610115464438,0.4832059349485698,1.3558970720863253,0.1595749221867507,0.1469960900404188,0.050430035671997,1.0008747584568214,0.9989437035813508,0.9429733130387308,0.102319759471728,0.0594424299462154,0.9159138887926256,0.9043221121732784,0.3289828014024361,0.483732237430323,0.4536149013930232,0.5051896239699439,0.5232572674699734,0.0395160740274999
tmc13_soldier_vox10_0690_dec_geom02_text02_octree-raht.ply,soldier_vox10_0690.ply,OCTREE_RAHT,2,1.0,1089091,79099,1.6495401859283447,0.9541726787161254,0.9938212848498812,0.994028989551999,0.452868263062527,0.1191296370088944,0.1420598925183348,0.9623326710566862,0.2377003448036817,0.284388779119368,0.4560523823771965,0.1307120494941419,0.3895245007649106,2.0141611356347373,1.026273696430582,1.0226845961724376,0.9813812727766476,0.0890793737816955,0.416713528533689,2.055642092847101,1.028255868789148,1.0371325634139656,1.646610115464438,0.4832059349485698,1.3558970720863253,0.1595749221867507,0.1469960900404188,0.050430035671997,1.0008747584568214,0.9989437035813508,0.9429733130387308,0.102319759471728,0.0594424299462154,0.9159138887926256,0.9043221121732784,0.3289828014024361,0.483732237430323,0.4536149013930232,0.5051896239699439,0.5232572674699734,0.0395160740274999
tmc13_soldier_vox10_0690_dec_geom02_text02_trisoup-predlift.ply,soldier_vox10_0690.ply,TRISOUP_PREDLIFT,3,1.575,1089091,800026,2.4029650688171387,0.9830978610120564,0.9961901360912524,0.9962635709395538,0.6330667363243293,0.2426447895754954,0.2558198278541541,0.9644212447956216,0.4745602945459921,0.4817401168413933,0.6358171878633971,0.2051893189326407,0.5483803952982321,0.6830075529597875,0.2429419821121119,0.2639452280688861,0.494557201931581,0.0890793737816955,0.416713528533689,0.7027942154892658,0.3028480228237574,0.4361426144386836,0.6678510689328665,0.2229918418855913,0.5183847795271666,0.8771376949160341,0.837846465777313,0.7556767269358601,1.0019418189307578,1.0024632566087048,0.9397493336461016,0.8477510808700435,0.7828783486229747,0.9816690313303104,0.9227935319265068,0.3295527421025949,0.7641577800297561,0.7574776463977665,0.5121376159910372,0.5226778799790597,0.0139078795859103
tmc13_soldier_vox10_0690_dec_geom02_text02_trisoup-raht.ply,soldier_vox10_0690.ply,TRISOUP_RAHT,4,1.125,1089091,800026,2.4191415309906006,0.9807652810018508,0.9954772895713704,0.9957083324784368,0.5771998595416413,0.1249078719276993,0.1385395985813646,0.9165182919378804,0.2410131339849789,0.2648095387003043,0.5821635999084235,0.1397264270914023,0.5112230293052497,0.6830075529597875,0.2429419821121119,0.2639452280688861,0.494557201931581,0.0890793737816955,0.416713528533689,0.7027942154892658,0.3028480228237574,0.4361426144386836,0.6678510689328665,0.2229918418855913,0.5183847795271666,0.8771376949160341,0.837846465777313,0.7556767269358601,1.0019418189307578,1.0024632566087048,0.9397493336461016,0.8477510808700435,0.7828783486229747,0.9816690313303104,0.9227935319265068,0.3295527421025949,0.7641577800297561,0.7574776463977665,0.5121376159910372,0.5226778799790597,0.0139078795859103
tmc13_soldier_vox10_0690_dec_geom03_text03_octree-predlift.ply,soldier_vox10_0690.ply,OCTREE_PRED_LIFT,1,1.25,1089091,302674,1.9152870178222656,0.9770594281513116,0.9964876422026904,0.99656282943344,0.6780404793677104,0.3602734932655934,0.3716648204529803,0.9643891687941988,0.6673514897721204,0.6714571731741782,0.6821758816765356,0.3515549429278205,0.6091296258914597,1.1177948073274038,0.5697679473595496,0.5752402276786162,0.5283502915447461,0.0890793737816955,0.416713528533689,1.1862667784923908,0.5891512110655706,0.5960593543762048,0.6791436001756781,0.2012407014749352,0.5574615516466424,0.4633108300203998,0.4348890514655768,0.2718861198760381,0.9998649503055216,1.000580940788678,0.9210263546148906,0.3779397519903162,0.2776030772673981,0.9747607974419352,0.9400031139418344,0.3590727766821132,0.704004985634029,0.6785514053270034,0.5413508288992898,0.4826553796341318,0.0078894109630072
tmc13_soldier_vox10_0690_dec_geom03_text03_octree-raht.ply,soldier_vox10_0690.ply,OCTREE_RAHT,2,1.125,1089091,302674,1.9398398399353027,0.9766329158629284,0.995955306890579,0.9961377867656148,0.6197210743137894,0.2048256872778942,0.2047022951331047,0.9680810827179362,0.4047961479665653,0.4060419914927572,0.6231634429890985,0.2123077005712063,0.5508318442230827,1.1177948073274038,0.5697679473595496,0.5752402276786162,0.5283502915447461,0.0890793737816955,0.416713528533689,1.1862667784923908,0.5891512110655706,0.5960593543762048,0.6791436001756781,0.2012407014749352,0.5574615516466424,0.4633108300203998,0.4348890514655768,0.2718861198760381,0.9998649503055216,1.000580940788678,0.9210263546148906,0.3779397519903162,0.2776030772673981,0.9747607974419352,0.9400031139418344,0.3590727766821132,0.704004985634029,0.6785514053270034,0.5413508288992898,0.4826553796341318,0.0078894109630072
tmc13_soldier_vox10_0690_dec_geom03_text03_trisoup-predlift.ply,soldier_vox10_0690.ply,TRISOUP_PREDLIFT,3,1.925,1089091,800026,2.447478771209717,0.9885077422114498,0.9970793638094008,0.9971532119558012,0.7421307075460255,0.3327804729755962,0.3369227256576312,0.9467355326371012,0.6139792906361514,0.6027324459900488,0.7444682433477062,0.3091149296327735,0.6690216951289306,0.6830075529597875,0.2429419821121119,0.2639452280688861,0.494557201931581,0.0890793737816955,0.416713528533689,0.7027942154892658,0.3028480228237574,0.4361426144386836,0.6678510689328665,0.2229918418855913,0.5183847795271666,0.8771376949160341,0.837846465777313,0.7556767269358601,1.0019418189307578,1.0024632566087048,0.9397493336461016,0.8477510808700435,0.7828783486229747,0.9816690313303104,0.9227935319265068,0.3295527421025949,0.7641577800297561,0.7574776463977665,0.5121376159910372,0.5226778799790597,0.0139078795859103
tmc13_soldier_vox10_0690_dec_geom03_text03_trisoup-raht.ply,soldier_vox10_0690.ply,TRISOUP_RAHT,4,1.225,1089091,800026,2.3671445846557617,0.987743041452748,0.9965937551054892,0.9966854946893992,0.7245146579685773,0.1913979834538002,0.1939197706268286,0.9464253983074734,0.3599412463386391,0.3638369976539327,0.727986240140989,0.1974519369768438,0.660979679104013,0.6830075529597875,0.2429419821121119,0.2639452280688861,0.494557201931581,0.0890793737816955,0.416713528533689,0.7027942154892658,0.3028480228237574,0.4361426144386836,0.6678510689328665,0.2229918418855913,0.5183847795271666,0.8771376949160341,0.837846465777313,0.7556767269358601,1.0019418189307578,1.0024632566087048,0.9397493336461016,0.8477510808700435,0.7828783486229747,0.9816690313303104,0.9227935319265068,0.3295527421025949,0.7641577800297561,0.7574776463977665,0.5121376159910372,0.5226778799790597,0.0139078795859103
tmc13_soldier_vox10_0690_dec_geom04_text04_octree-predlift.ply,soldier_vox10_0690.ply,OCTREE_PRED_LIFT,1,2.5,1089091,647359,2.35262393951416,0.9897902633586604,0.9978590277268328,0.9978563495936056,0.8112282218797967,0.4570955131372453,0.4365413194492586,0.9360348531729236,0.7727316224867925,0.7282072597879586,0.8144521329781778,0.4495593119488968,0.7526750118209743,0.6713862112839841,0.3421435415833828,0.3378096715940746,0.3281124375706252,0.0890793737816955,0.416713528533689,0.786680113768996,0.348771014170168,0.4723579420734662,0.2973937172035309,0.1265833818770983,0.1903223703947386,0.7683171518441795,0.7338336198501738,0.5669408247800747,1.001048620950456,0.999626029354276,0.9122596005549226,0.6848210216543502,0.6261121479710711,0.9879675295994752,0.9515968773024608,0.399655084377245,0.7926890209360107,0.7713858126749563,0.5777243789749283,0.4319185275080446,0.0021149348052982
tmc13_soldier_vox10_0690_dec_geom04_text04_octree-raht.ply,soldier_vox10_0690.ply,OCTREE_RAHT,2,2.4,1089091,647359,2.3527464866638184,0.9897129963675552,0.9974509400276628,0.9974704548489104,0.7716779149863758,0.3034311677327201,0.2962683811910326,0.942223727970774,0.5351361714959163,0.520263802505366,0.7753690233716769,0.3077433323551516,0.7105334024321369,0.6713862112839841,0.3421435415833828,0.3378096715940746,0.3281124375706252,0.0890793737816955,0.416713528533689,0.786680113768996,0.348771014170168,0.4723579420734662,0.2973937172035309,0.1265833818770983,0.1903223703947386,0.7683171518441795,0.7338336198501738,0.5669408247800747,1.001048620950456,0.999626029354276,0.9122596005549226,0.6848210216543502,0.6261121479710711,0.9879675295994752,0.9515968773024608,0.399655084377245,0.7926890209360107,0.7713858126749563,0.5777243789749283,0.4319185275080446,0.0021149348052982
tmc13_soldier_vox10_0690_dec_geom04_text04_trisoup-predlift.ply,soldier_vox10_0690.ply,TRISOUP_PREDLIFT,3,2.475,1089091,800026,2.500121831893921,0.9911965472258524,0.9979582088875644,0.9979445069373905,0.8215700865697046,0.4490195376389773,0.4307530029993263,0.9348384752779952,0.7613309427676456,0.7188756087829177,0.8237729498208116,0.4423010927155572,0.7635418491616216,0.6830075529597875,0.2429419821121119,0.2639452280688861,0.494557201931581,0.0890793737816955,0.416713528533689,0.7027942154892658,0.3028480228237574,0.4361426144386836,0.6678510689328665,0.2229918418855913,0.5183847795271666,0.8771376949160341,0.837846465777313,0.7556767269358601,1.0019418189307578,1.0024632566087048,0.9397493336461016,0.8477510808700435,0.7828783486229747,0.9816690313303104,0.9227935319265068,0.3295527421025949,0.7641577800297561,0.7574776463977665,0.5121376159910372,0.5226778799790597,0.0139078795859103
tmc13_soldier_vox10_0690_dec_geom04_text04_trisoup-raht.ply,soldier_vox10_0690.ply,TRISOUP_RAHT,4,1.775,1089091,800026,2.368815422058105,0.9910020816172528,0.9975655978907348,0.9976221274234957,0.801085084542681,0.3099263266853228,0.3009974074447111,0.9404710207632484,0.5391424904219514,0.525565281501646,0.8045960319232666,0.3149817956191306,0.7435847434741789,0.6830075529597875,0.2429419821121119,0.2639452280688861,0.494557201931581,0.0890793737816955,0.416713528533689,0.7027942154892658,0.3028480228237574,0.4361426144386836,0.6678510689328665,0.2229918418855913,0.5183847795271666,0.8771376949160341,0.837846465777313,0.7556767269358601,1.0019418189307578,1.0024632566087048,0.9397493336461016,0.8477510808700435,0.7828783486229747,0.9816690313303104,0.9227935319265068,0.3295527421025949,0.7641577800297561,0.7574776463977665,0.5121376159910372,0.5226778799790597,0.0139078795859103
tmc13_soldier_vox10_0690_dec_geom05_text05_octree-predlift.ply,soldier_vox10_0690.ply,OCTREE_PRED_LIFT,1,3.45,1089091,856781,2.666475534439087,0.9945370521194912,0.9987148589729736,0.9985510890814144,0.8866224571355249,0.5691979781758386,0.5371183455020924,0.9200230744005244,0.8400544210023381,0.8089525454565512,0.8881178994758607,0.5765416666979722,0.8426841481338847,0.5541375836403643,0.2794735078713044,0.2781384887751873,0.2750023931918408,0.0890793737816955,0.416713528533689,0.707235842789394,0.2923233716493725,0.4646684142030214,0.2343744685179352,0.1041306987385719,0.1436215203355735,0.8981792783182135,0.8675941714015413,0.7310325422977308,0.9989274748942236,0.9983232503923832,0.9010898587397131,0.8296199885325382,0.8163303919243319,0.9916373298002444,0.9556332585479632,0.4492280627584053,0.8400266431198411,0.8228066810299121,0.6129956479583692,0.3785683977345756,0.0026140823759807
tmc13_soldier_vox10_0690_dec_geom05_text05_octree-raht.ply,soldier_vox10_0690.ply,OCTREE_RAHT,2,3.4,1089091,856781,2.5105631351470947,0.9946267145353436,0.9983982952564164,0.9983105484754596,0.8613575705669654,0.4656708765465821,0.4343138518031601,0.9236562700033034,0.7172632491876173,0.6806236958204945,0.8642826053756341,0.4719676390293293,0.8133433503942119,0.5541375836403643,0.2794735078713044,0.2781384887751873,0.2750023931918408,0.0890793737816955,0.416713528533689,0.707235842789394,0.2923233716493725,0.4646684142030214,0.2343744685179352,0.1041306987385719,0.1436215203355735,0.8981792783182135,0.8675941714015413,0.7310325422977308,0.9989274748942236,0.9983232503923832,0.9010898587397131,0.8296199885325382,0.8163303919243319,0.9916373298002444,0.9556332585479632,0.4492280627584053,0.8400266431198411,0.8228066810299121,0.6129956479583692,0.3785683977345756,0.0026140823759807
tmc13_soldier_vox10_0690_dec_geom05_text05_trisoup-predlift.ply,soldier_vox10_0690.ply,TRISOUP_PREDLIFT,3,3.45,1089091,907062,2.459524631500244,0.9942870096454848,0.998733413657754,0.9985887299100552,0.8824652801054971,0.5664048698513914,0.5323889599583633,0.925137002221923,0.8415232589573347,0.8057480528901115,0.8838277537120057,0.5707340860411997,0.83746466090006,0.506142709153759,0.1908779161449998,0.2051081686873981,0.3495404006076753,0.0890793737816955,0.416713528533689,0.6368259539784681,0.2546831140091284,0.4152818280986505,0.5221275638468402,0.1852237640731247,0.3822859224363246,0.9216244872858176,0.8886561127368449,0.8016717937476101,1.003065939618405,1.0011553941593183,0.925460095645551,0.8808063557838973,0.8569254689623119,0.9910724481388392,0.9324561098066504,0.3558779913636172,0.8348746353730049,0.8215236432778086,0.5324899634657687,0.4948487706671847,0.0047090069085167
tmc13_soldier_vox10_0690_dec_geom05_text05_trisoup-raht.ply,soldier_vox10_0690.ply,TRISOUP_RAHT,4,3.55,1089091,907062,2.587369680404663,0.9942857722952128,0.9983929548718484,0.9983131236203416,0.8690298927728748,0.4652285712316637,0.4373185584694736,0.9279963624367504,0.7200782671072364,0.6863379402240424,0.8718039597110094,0.4733002575119858,0.8227410636427368,0.506142709153759,0.1908779161449998,0.2051081686873981,0.3495404006076753,0.0890793737816955,0.416713528533689,0.6368259539784681,0.2546831140091284,0.4152818280986505,0.5221275638468402,0.1852237640731247,0.3822859224363246,0.9216244872858176,0.8886561127368449,0.8016717937476101,1.003065939618405,1.0011553941593183,0.925460095645551,0.8808063557838973,0.8569254689623119,0.9910724481388392,0.9324561098066504,0.3558779913636172,0.8348746353730049,0.8215236432778086,0.5324899634657687,0.4948487706671847,0.0047090069085167
tmc13_soldier_vox10_0690_dec_geom06_text06_octree-predlift.ply,soldier_vox10_0690.ply,OCTREE_PRED_LIFT,1,4.475,1089091,970797,2.800529718399048,0.9964045372104368,0.9992605046279676,0.999009668297894,0.926273193172254,0.680834719565052,0.638277565494704,0.9115552106942522,0.8706395277792309,0.8541407142161013,0.9267896567964063,0.6951650600075587,0.893245111607079,0.5144549180009539,0.2581501440688028,0.256559158898177,0.2582263085808337,0.0890793737816955,0.416713528533689,0.6877200708442458,0.2710269037462317,0.4719862354674585,0.2506296603917251,0.0914440626153325,0.1842664211922439,0.9554813745040344,0.9292406981477204,0.8430209446011544,0.994530592725164,0.9951853036872268,0.8901922845971886,0.908600287726372,0.909822914361476,0.9944907762224248,0.9597682216372412,0.4903679437263669,0.8930502221518094,0.8792294158682009,0.6446113442822693,0.3393212331313627,0.0021293782502517
tmc13_soldier_vox10_0690_dec_geom06_text06_octree-raht.ply,soldier_vox10_0690.ply,OCTREE_RAHT,2,4.325,1089091,970797,2.804815530776977,0.9964275765018624,0.9990180684574312,0.9988310946383409,0.9147215075478922,0.6233936940043411,0.5784619582424566,0.9127895049123684,0.8261024391533927,0.7975838137560416,0.9170891073529084,0.6382480439990464,0.8782178436598612,0.5144549180009539,0.2581501440688028,0.256559158898177,0.2582263085808337,0.0890793737816955,0.416713528533689,0.6877200708442458,0.2710269037462317,0.4719862354674585,0.2506296603917251,0.0914440626153325,0.1842664211922439,0.9554813745040344,0.9292406981477204,0.8430209446011544,0.994530592725164,0.9951853036872268,0.8901922845971886,0.908600287726372,0.909822914361476,0.9944907762224248,0.9597682216372412,0.4903679437263669,0.8930502221518094,0.8792294158682009,0.6446113442822693,0.3393212331313627,0.0021293782502517
tmc13_soldier_vox10_0690_dec_geom06_text06_trisoup-predlift.ply,soldier_vox10_0690.ply,TRISOUP_PREDLIFT,3,4.875,1089091,1089091,2.7123494148254395,0.998982778301142,0.9993429173185808,0.999076966185624,0.944859357938662,0.6733083602958587,0.6270987308213886,0.0468418385255352,0.4301029060283141,0.4532751921004098,0.9431508795283334,0.6781770460655561,0.9167529551028004,0.0,0.0,0.0,0.0,0.0890793737816955,0.416713528533689,0.4560120516977348,0.0890793737816955,0.416713528533689,2.7442609936045678e-14,1.4051251130383801e-14,1.2758666866055076e-14,1.0,1.0,1.0,9.333043630756223e-17,9.814287720071755e-17,6.939406370668938e-17,1.0,1.0,1.0,1.0,1.0,1.0,1.0,0.9999086933117914,9.459920480053676e-20,9.129363074766027e-05
tmc13_soldier_vox10_0690_dec_geom06_text06_trisoup-raht.ply,soldier_vox10_0690.ply,TRISOUP_RAHT,4,4.225,1089091,1089091,2.67090916633606,0.9988530844952744,0.9990660467146996,0.9988928564361368,0.9525924113515988,0.621524579268321,0.57859246986021,0.0634470104181156,0.4729975296228899,0.4843179504817638,0.9541259865140606,0.6356976324914568,0.9261000213577671,0.0,0.0,0.0,0.0,0.0890793737816955,0.416713528533689,0.4560120516977348,0.0890793737816955,0.416713528533689,2.7442609936045678e-14,1.4051251130383801e-14,1.2758666866055076e-14,1.0,1.0,1.0,9.333043630756223e-17,9.814287720071755e-17,6.939406370668938e-17,1.0,1.0,1.0,1.0,1.0,1.0,1.0,0.9999086933117914,9.459920480053676e-20,9.129363074766027e-05
tmc13_the20smaria_00600_vox10_dec_geom01_text01_octree-predlift.ply,the20smaria_00600_vox10.ply,OCTREE_PRED_LIFT,1,1.0,1553937,21738,1.9791910648345947,0.9333470783314152,0.9892059082996588,0.9825472863279384,0.4390402036319827,0.3271891049473154,0.4601097714592489,0.9989228505036548,0.7671091957402042,0.9816701880283047,0.4495213815464391,0.4197995489867825,0.3770297184490725,3.891402690956269,1.9641940632927,1.9424875978192584,1.9416403860665616,0.1809354357849391,0.6668627234985933,3.974126960513285,1.9687294872328869,2.032789476751032,3.9506377749644974,1.4870902193475606,2.8413300844517417,0.0386750787916902,0.0330955877226178,0.027642841912347,0.999813571430858,0.9986773017408362,0.9796125795865788,0.0287803959956549,0.0079834054627689,0.8587012823243667,0.8147195937094803,0.3304646789296848,0.6221203373778195,0.5883718741184797,0.4864824994951418,0.5278278358971938,0.0901496565949284
tmc13_the20smaria_00600_vox10_dec_geom01_text01_octree-raht.ply,the20smaria_00600_vox10.ply,OCTREE_RAHT,2,1.0,1553937,21738,1.9336459636688232,0.931322245607363,0.987845849806992,0.9812173380195016,0.3620322674978214,0.0672648659674213,0.1877016216415379,0.9739788333709004,0.1834987370493254,0.5569030753446041,0.3745651294582714,0.0684437725108416,0.3140821338091961,3.891402690956269,1.9641940632927,1.9424875978192584,1.9416403860665616,0.1809354357849391,0.6668627234985933,3.974126960513285,1.9687294872328869,2.032789476751032,3.9506377749644974,1.4870902193475606,2.8413300844517417,0.0386750787916902,0.0330955877226178,0.027642841912347,0.999813571430858,0.9986773017408362,0.9796125795865788,0.0287803959956549,0.0079834054627689,0.8587012823243667,0.8147195937094803,0.3304646789296848,0.6221203373778195,0.5883718741184797,0.4864824994951418,0.5278278358971938,0.0901496565949284
tmc13_the20smaria_00600_vox10_dec_geom01_text01_trisoup-predlift.ply,the20smaria_00600_vox10.ply,TRISOUP_PREDLIFT,3,1.0,1553937,762775,2.6168015003204346,0.9708798353734964,0.9939507754480926,0.9918405537949972,0.4050026358244886,0.2166561802531505,0.3496870957037678,0.9780039880521124,0.5858838869981727,0.8636835334621449,0.4119541289064821,0.2250112685149299,0.3233247174536781,1.393780046280903,0.4703535254756691,0.5331400818547386,1.0138161645302204,0.1809354357849391,0.6668627234985933,1.2662747608348583,0.547678530437502,0.796716709812361,1.340873782986061,0.5059600948672458,0.9645436884453212,0.7131059652813138,0.6682038068252153,0.6268551203675621,1.0012758710578078,0.995439286422914,0.9751917648235828,0.7901076440812842,0.5240583481292672,0.8954833021288788,0.8063226015149703,0.3175009652218713,0.5455064643751353,0.5293886366618964,0.4887765652742625,0.5308684755445248,0.0733959380873431
tmc13_the20smaria_00600_vox10_dec_geom01_text01_trisoup-raht.ply,the20smaria_00600_vox10.ply,TRISOUP_RAHT,4,1.0,1553937,762775,2.676938056945801,0.9687646495628588,0.9925479480025446,0.9903965309125188,0.3691613015480188,0.1099488797410892,0.1621265384244825,0.7585812416672639,0.2348309385562563,0.3906021159746359,0.3873805957647416,0.1146887224244717,0.3276529002985957,1.393780046280903,0.4703535254756691,0.5331400818547386,1.0138161645302204,0.1809354357849391,0.6668627234985933,1.2662747608348583,0.547678530437502,0.796716709812361,1.340873782986061,0.5059600948672458,0.9645436884453212,0.7131059652813138,0.6682038068252153,0.6268551203675621,1.0012758710578078,0.995439286422914,0.9751917648235828,0.7901076440812842,0.5240583481292672,0.8954833021288788,0.8063226015149703,0.3175009652218713,0.5455064643751353,0.5293886366618964,0.4887765652742625,0.5308684755445248,0.0733959380873431
tmc13_the20smaria_00600_vox10_dec_geom02_text02_octree-predlift.ply,the20smaria_00600_vox10.ply,OCTREE_PRED_LIFT,1,1.05,1553937,90634,2.023093938827514,0.9577075236140884,0.9932583107108504,0.9905527942919172,0.4845012236173375,0.4216872778268879,0.4618860249114739,0.99300797557039,0.882437020775145,0.9747742668857576,0.4969418931186207,0.4972214541619466,0.416523819054682,2.011739109773188,1.0201658971047538,1.0190479814705464,0.985776106777002,0.1809354357849391,0.6668627234985933,2.1413235642181,1.059171409268855,1.1299077059655953,1.5803405576863223,0.618972343974434,1.103855920817753,0.1372004990436573,0.1205189083886999,0.1243078911182205,0.999812910928228,0.9962062810535224,0.9693840842637336,0.1178376278665042,0.0414328614636133,0.90836715856063,0.8526604954431107,0.3392359068744414,0.6854317199276171,0.6599133239295545,0.5088850082462062,0.5062926437851507,0.0460289595270825
tmc13_the20smaria_00600_vox10_dec_geom02_text02_octree-raht.ply,the20smaria_00600_vox10.ply,OCTREE_RAHT,2,1.0,1553937,90634,2.055881261825561,0.9575456674320316,0.9919872072292852,0.9893541957008208,0.4302020250277276,0.1751309137128127,0.2540361177663976,0.9567446472752488,0.4296638288550675,0.6664645426881101,0.444295128607081,0.1978202545733851,0.3755955602636325,2.011739109773188,1.0201658971047538,1.0190479814705464,0.985776106777002,0.1809354357849391,0.6668627234985933,2.1413235642181,1.059171409268855,1.1299077059655953,1.5803405576863223,0.618972343974434,1.103855920817753,0.1372004990436573,0.1205189083886999,0.1243078911182205,0.999812910928228,0.9962062810535224,0.9693840842637336,0.1178376278665042,0.0414328614636133,0.90836715856063,0.8526604954431107,0.3392359068744414,0.6854317199276171,0.6599133239295545,0.5088850082462062,0.5062926437851507,0.0460289595270825
tmc13_the20smaria_00600_vox10_dec_geom02_text02_trisoup-predlift.ply,the20smaria_00600_vox10.ply,TRISOUP_PREDLIFT,3,1.5,1553937,888099,2.839564800262451,0.9820625004097372,0.9954376992987491,0.99437504512537,0.4839679644907439,0.2588908189020438,0.3792970791537059,0.9672718902169194,0.6514218557881082,0.8674196675275039,0.4921593341294319,0.2850612077112858,0.4030156509275431,0.8893805279885856,0.3148413361795349,0.3509702255968379,0.6319505512361724,0.1809354357849391,0.6668627234985933,0.853662455079206,0.3943260856043708,0.4805668810531028,0.7909186696126045,0.3263900550848347,0.5320729367469946,0.763424936384518,0.7211251983981093,0.732327508116362,0.9980082398680636,0.9922918398842248,0.9612265553860349,0.8399203082996215,0.5935593814214983,0.9264808153282076,0.8405182930840471,0.3469506956855612,0.6205699521445059,0.6113998565289587,0.5127017499544314,0.4985205277245338,0.041341497096295
tmc13_the20smaria_00600_vox10_dec_geom02_text02_trisoup-raht.ply,the20smaria_00600_vox10.ply,TRISOUP_RAHT,4,1.25,1553937,888099,2.745717763900757,0.9811268032536744,0.9947651733718345,0.9934550885013046,0.4849284917480259,0.1705236071584443,0.2451000260659502,0.8552475149611983,0.3572364931427951,0.5351182418726383,0.5029357008367276,0.1882305503313884,0.4333737456064877,0.8893805279885856,0.3148413361795349,0.3509702255968379,0.6319505512361724,0.1809354357849391,0.6668627234985933,0.853662455079206,0.3943260856043708,0.4805668810531028,0.7909186696126045,0.3263900550848347,0.5320729367469946,0.763424936384518,0.7211251983981093,0.732327508116362,0.9980082398680636,0.9922918398842248,0.9612265553860349,0.8399203082996215,0.5935593814214983,0.9264808153282076,0.8405182930840471,0.3469506956855612,0.6205699521445059,0.6113998565289587,0.5127017499544314,0.4985205277245338,0.041341497096295
tmc13_the20smaria_00600_vox10_dec_geom03_text03_octree-predlift.ply,the20smaria_00600_vox10.ply,OCTREE_PRED_LIFT,1,1.5,1553937,380644,2.29457688331604,0.97847429979742,0.995997961019892,0.995015740712285,0.5620751942067291,0.3714439825634341,0.4855914450895793,0.9779776899232115,0.8046078535368422,0.927866601166484,0.5742127999730889,0.457181786016645,0.4879115159191062,1.1231124737419125,0.5725969912127478,0.5721736598067632,0.5371654128501813,0.1809354357849391,0.6668627234985933,1.3203739397436414,0.6364491020433558,0.7318915231803145,0.7045875418532622,0.2587162822822975,0.5160638653649433,0.4379634464607778,0.4026374532129688,0.4148480090475212,0.999768819446472,0.9938368630844298,0.9536909700929542,0.4097748055305128,0.2226311429449537,0.941962598952512,0.8801636956264768,0.3846362966184458,0.7905381651709182,0.7731932308370528,0.5495876976671791,0.4576538208863829,0.023592272591533
tmc13_the20smaria_00600_vox10_dec_geom03_text03_octree-raht.ply,the20smaria_00600_vox10.ply,OCTREE_RAHT,2,1.275,1553937,380644,2.295975923538208,0.9784285866638438,0.9954757660008838,0.9945075701505256,0.5442813790590506,0.2632089732822539,0.3448864892212184,0.9311418927921744,0.5203743244080439,0.7213807606888167,0.5607340826891116,0.2929820405119313,0.4857756777473151,1.1231124737419125,0.5725969912127478,0.5721736598067632,0.5371654128501813,0.1809354357849391,0.6668627234985933,1.3203739397436414,0.6364491020433558,0.7318915231803145,0.7045875418532622,0.2587162822822975,0.5160638653649433,0.4379634464607778,0.4026374532129688,0.4148480090475212,0.999768819446472,0.9938368630844298,0.9536909700929542,0.4097748055305128,0.2226311429449537,0.941962598952512,0.8801636956264768,0.3846362966184458,0.7905381651709182,0.7731932308370528,0.5495876976671791,0.4576538208863829,0.023592272591533
tmc13_the20smaria_00600_vox10_dec_geom03_text03_trisoup-predlift.ply,the20smaria_00600_vox10.ply,TRISOUP_PREDLIFT,3,1.5,1553937,888099,2.752692461013794,0.9856823661245584,0.996642718781974,0.9960833486651914,0.5468838749489233,0.3111165449043346,0.4313908902642515,0.9668871033433608,0.7098547201418606,0.8702993917669986,0.5549501450229942,0.3563587119842892,0.4678695527123061,0.8893805279885856,0.3148413361795349,0.3509702255968379,0.6319505512361724,0.1809354357849391,0.6668627234985933,0.853662455079206,0.3943260856043708,0.4805668810531028,0.7909186696126045,0.3263900550848347,0.5320729367469946,0.763424936384518,0.7211251983981093,0.732327508116362,0.9980082398680636,0.9922918398842248,0.9612265553860349,0.8399203082996215,0.5935593814214983,0.9264808153282076,0.8405182930840471,0.3469506956855612,0.6205699521445059,0.6113998565289587,0.5127017499544314,0.4985205277245338,0.041341497096295
tmc13_the20smaria_00600_vox10_dec_geom03_text03_trisoup-raht.ply,the20smaria_00600_vox10.ply,TRISOUP_RAHT,4,1.65,1553937,888099,2.7940127849578857,0.98555575776153,0.9962112277258828,0.9955760898608094,0.5820403011763211,0.2352769169036199,0.3394525582363083,0.9050769391482604,0.4619844536635823,0.6536086162381146,0.5970975256845353,0.2699777957600172,0.5259454909759795,0.8893805279885856,0.3148413361795349,0.3509702255968379,0.6319505512361724,0.1809354357849391,0.6668627234985933,0.853662455079206,0.3943260856043708,0.4805668810531028,0.7909186696126045,0.3263900550848347,0.5320729367469946,0.763424936384518,0.7211251983981093,0.732327508116362,0.9980082398680636,0.9922918398842248,0.9612265553860349,0.8399203082996215,0.5935593814214983,0.9264808153282076,0.8405182930840471,0.3469506956855612,0.6205699521445059,0.6113998565289587,0.5127017499544314,0.4985205277245338,0.041341497096295
tmc13_the20smaria_00600_vox10_dec_geom04_text04_octree-predlift.ply,the20smaria_00600_vox10.ply,OCTREE_PRED_LIFT,1,2.75,1553937,866326,2.9161362648010254,0.9903511509030202,0.9977062722355065,0.9973404018048548,0.6503949954731969,0.378347878571324,0.4940644624907565,0.960967430842593,0.765368767917177,0.8606620687163502,0.6546505037722358,0.4468430161967694,0.5730726719920605,0.6705788293317577,0.3392594211053877,0.3392396849050773,0.328174874773265,0.1809354357849391,0.6668627234985933,0.9886290812683216,0.4127404435010799,0.6691580378358163,0.3237481093510992,0.1505907136386386,0.1840043722071872,0.7508975680191604,0.714819716096365,0.681772524009925,0.9975276193203758,0.9895522065897896,0.9346617326908732,0.7140197788458812,0.5607497363777199,0.96845618555658,0.9154351821512104,0.4586150556508049,0.8668871943975585,0.8517869612669235,0.608867830775855,0.380210564979604,0.0108326721785007
tmc13_the20smaria_00600_vox10_dec_geom04_text04_octree-raht.ply,the20smaria_00600_vox10.ply,OCTREE_RAHT,2,2.5,1553937,866326,2.990039110183716,0.990494227884783,0.99734983047357,0.9971111438995328,0.6643818076987908,0.3227724741655012,0.4335730697078926,0.9330652091595628,0.5844076558629583,0.7344256903184561,0.6748735075493798,0.3731427298320396,0.6047000115473038,0.6705788293317577,0.3392594211053877,0.3392396849050773,0.328174874773265,0.1809354357849391,0.6668627234985933,0.9886290812683216,0.4127404435010799,0.6691580378358163,0.3237481093510992,0.1505907136386386,0.1840043722071872,0.7508975680191604,0.714819716096365,0.681772524009925,0.9975276193203758,0.9895522065897896,0.9346617326908732,0.7140197788458812,0.5607497363777199,0.96845618555658,0.9154351821512104,0.4586150556508049,0.8668871943975585,0.8517869612669235,0.608867830775855,0.380210564979604,0.0108326721785007
tmc13_the20smaria_00600_vox10_dec_geom04_text04_trisoup-predlift.ply,the20smaria_00600_vox10.ply,TRISOUP_PREDLIFT,3,2.1,1553937,888099,2.823784828186035,0.9874507142854828,0.9976280537890272,0.997203018459578,0.6147836290227321,0.3675161359832947,0.4860716248067439,0.9666805174309816,0.7546122577311905,0.8640018890780405,0.6199074523758248,0.430310328724083,0.5381029804201684,0.8893805279885856,0.3148413361795349,0.3509702255968379,0.6319505512361724,0.1809354357849391,0.6668627234985933,0.853662455079206,0.3943260856043708,0.4805668810531028,0.7909186696126045,0.3263900550848347,0.5320729367469946,0.763424936384518,0.7211251983981093,0.732327508116362,0.9980082398680636,0.9922918398842248,0.9612265553860349,0.8399203082996215,0.5935593814214983,0.9264808153282076,0.8405182930840471,0.3469506956855612,0.6205699521445059,0.6113998565289587,0.5127017499544314,0.4985205277245338,0.041341497096295
tmc13_the20smaria_00600_vox10_dec_geom04_text04_trisoup-raht.ply,the20smaria_00600_vox10.ply,TRISOUP_RAHT,4,1.65,1553937,888099,2.827096939086914,0.9875530473545922,0.9972618273186188,0.9968784840014536,0.6392506292557438,0.3112918718700682,0.4380796011308233,0.9324952679678694,0.5808695110968496,0.745449396837894,0.6509473901875199,0.3652767591197396,0.580701161762785,0.8893805279885856,0.3148413361795349,0.3509702255968379,0.6319505512361724,0.1809354357849391,0.6668627234985933,0.853662455079206,0.3943260856043708,0.4805668810531028,0.7909186696126045,0.3263900550848347,0.5320729367469946,0.763424936384518,0.7211251983981093,0.732327508116362,0.9980082398680636,0.9922918398842248,0.9612265553860349,0.8399203082996215,0.5935593814214983,0.9264808153282076,0.8405182930840471,0.3469506956855612,0.6205699521445059,0.6113998565289587,0.5127017499544314,0.4985205277245338,0.041341497096295
tmc13_the20smaria_00600_vox10_dec_geom05_text05_octree-predlift.ply,the20smaria_00600_vox10.ply,OCTREE_PRED_LIFT,1,3.95,1553937,1185268,3.354822397232056,0.9947465743819178,0.9985767498645168,0.9984614401232426,0.7710951738125815,0.4380266942135912,0.5518304321250237,0.9467583535433906,0.7804006890583274,0.858026752206419,0.7677939764654396,0.5136529743970649,0.6984276664724809,0.5559132674205325,0.2808653621703117,0.2779759653361767,0.2764800560343328,0.1809354357849391,0.6668627234985933,0.932586627398258,0.3584400523353059,0.6757877712908067,0.2458969271567402,0.1101454186027244,0.1467427131492013,0.8886103686644089,0.858741203986536,0.8101336541544684,0.994723010902421,0.988369524591651,0.9195182725558804,0.8540441388643351,0.7743787379876582,0.9773661717652408,0.932562121259742,0.5093909468074317,0.8985763725963356,0.883754375037052,0.6482737696672414,0.3296351420551797,0.008953956245105
tmc13_the20smaria_00600_vox10_dec_geom05_text05_octree-raht.ply,the20smaria_00600_vox10.ply,OCTREE_RAHT,2,3.725,1553937,1185268,3.346092939376831,0.9948199339917988,0.9983139888772532,0.9982923017163076,0.8185947919685972,0.4073461782414227,0.5287908499437779,0.9469243758671418,0.6675042020563725,0.7735584369325925,0.8196328290245593,0.4771135233761129,0.7684670658485171,0.5559132674205325,0.2808653621703117,0.2779759653361767,0.2764800560343328,0.1809354357849391,0.6668627234985933,0.932586627398258,0.3584400523353059,0.6757877712908067,0.2458969271567402,0.1101454186027244,0.1467427131492013,0.8886103686644089,0.858741203986536,0.8101336541544684,0.994723010902421,0.988369524591651,0.9195182725558804,0.8540441388643351,0.7743787379876582,0.9773661717652408,0.932562121259742,0.5093909468074317,0.8985763725963356,0.883754375037052,0.6482737696672414,0.3296351420551797,0.008953956245105
tmc13_the20smaria_00600_vox10_dec_geom05_text05_trisoup-predlift.ply,the20smaria_00600_vox10.ply,TRISOUP_PREDLIFT,3,3.125,1553937,1166579,3.045527219772339,0.992644360567813,0.9984858951638284,0.998294110271573,0.7352490333003046,0.4406186379196805,0.5466092598412402,0.9557965270514894,0.7918715340365439,0.8641796453000826,0.7335061388342039,0.5116425882003489,0.6586754154437281,0.5971060140680259,0.2301979059827056,0.2448987365736527,0.4021870031660145,0.1809354357849391,0.6668627234985933,0.8033905719511387,0.3389156674028892,0.5028242098818488,0.5369799592312993,0.2152138084944707,0.3690296450873906,0.8643800967687587,0.8321372171843112,0.8377372468485914,0.9986858276447574,0.9912321540533066,0.9431218089885236,0.8808455212525212,0.7471284628748155,0.9551401796837646,0.8803724777510712,0.3913447136197114,0.8000506943112431,0.790096731680957,0.5484662183811019,0.461574867231499,0.0231895040110301
tmc13_the20smaria_00600_vox10_dec_geom05_text05_trisoup-raht.ply,the20smaria_00600_vox10.ply,TRISOUP_RAHT,4,2.675,1553937,1166579,3.076889753341675,0.9926953285034724,0.998264541486311,0.9981433786354068,0.7797081773263356,0.4037178429668457,0.525686679082578,0.9551565674518954,0.6766611643393955,0.7938102219502369,0.781318562018888,0.4746426109841574,0.7235394162731672,0.5971060140680259,0.2301979059827056,0.2448987365736527,0.4021870031660145,0.1809354357849391,0.6668627234985933,0.8033905719511387,0.3389156674028892,0.5028242098818488,0.5369799592312993,0.2152138084944707,0.3690296450873906,0.8643800967687587,0.8321372171843112,0.8377372468485914,0.9986858276447574,0.9912321540533066,0.9431218089885236,0.8808455212525212,0.7471284628748155,0.9551401796837646,0.8803724777510712,0.3913447136197114,0.8000506943112431,0.790096731680957,0.5484662183811019,0.461574867231499,0.0231895040110301
tmc13_the20smaria_00600_vox10_dec_geom06_text06_octree-predlift.ply,the20smaria_00600_vox10.ply,OCTREE_PRED_LIFT,1,4.65,1553937,1364947,3.528241872787476,0.9963597529001176,0.9991094775853158,0.9989985162239976,0.9001249707570043,0.5658505167240432,0.6546524184651252,0.9344893684264772,0.8653281015356891,0.8967208925120969,0.8933685738672208,0.6478388051794206,0.8653343161848461,0.5126763696435156,0.2577406264669655,0.2573790608241086,0.2542686033058051,0.1809354357849391,0.6668627234985933,0.930479894350797,0.3408271061200613,0.6990006963209505,0.2449882613205679,0.0925255169700011,0.1738304957508802,0.9494037259143592,0.92566459567335,0.8907925674579317,0.9927513725781136,0.9841779983477824,0.9102589413374284,0.9253169646948628,0.8874035339485428,0.9821657530868684,0.94171797515764,0.5489307362739296,0.9300431810030444,0.9171420159185416,0.6781501478313618,0.2909297663008617,0.0069430132406601
tmc13_the20smaria_00600_vox10_dec_geom06_text06_octree-raht.ply,the20smaria_00600_vox10.ply,OCTREE_RAHT,2,4.25,1553937,1364947,3.5670294761657715,0.996399930247246,0.998907891490373,0.9988762466787012,0.9075199476259318,0.5399883035663284,0.6411521238942364,0.9345677119242036,0.7610107497522608,0.8257704260229645,0.9165867569010168,0.6149740997691042,0.8788430727106878,0.5126763696435156,0.2577406264669655,0.2573790608241086,0.2542686033058051,0.1809354357849391,0.6668627234985933,0.930479894350797,0.3408271061200613,0.6990006963209505,0.2449882613205679,0.0925255169700011,0.1738304957508802,0.9494037259143592,0.92566459567335,0.8907925674579317,0.9927513725781136,0.9841779983477824,0.9102589413374284,0.9253169646948628,0.8874035339485428,0.9821657530868684,0.94171797515764,0.5489307362739296,0.9300431810030444,0.9171420159185416,0.6781501478313618,0.2909297663008617,0.0069430132406601
tmc13_the20smaria_00600_vox10_dec_geom06_text06_trisoup-predlift.ply,the20smaria_00600_vox10.ply,TRISOUP_PREDLIFT,3,5.0,1553937,1553937,3.466106653213501,0.999126562732816,0.999231599871703,0.9992374505308448,0.9315419004263654,0.5627401436505367,0.652302446146211,0.101631216494503,0.5070110181253852,0.4279585522636832,0.921142085684892,0.6415223167917522,0.9031280137656568,0.0,0.0,0.0,0.0,0.1809354357849391,0.6668627234985933,0.7657174929297135,0.1809354357849391,0.6668627234985933,2.5995684338873643e-14,1.3449152089222242e-14,1.1961379608957731e-14,1.0,1.0,1.0,7.884339458634187e-17,7.58155308271118e-17,7.486242535981381e-17,1.0,1.0,1.0,1.0,1.0,1.0,1.0,0.99977031307442,2.318083736219895e-21,0.0002296738631143
tmc13_the20smaria_00600_vox10_dec_geom06_text06_trisoup-raht.ply,the20smaria_00600_vox10.ply,TRISOUP_RAHT,4,4.625,1553937,1553937,3.439059019088745,0.9990584320377424,0.9989803247982983,0.9990832066215048,0.9324403302638722,0.5370353945923682,0.6486273268016914,0.0834689891215294,0.4642754055247216,0.4050171888908572,0.9433555054369596,0.6161822654920035,0.9074611871600794,0.0,0.0,0.0,0.0,0.1809354357849391,0.6668627234985933,0.7657174929297135,0.1809354357849391,0.6668627234985933,2.5995684338873643e-14,1.3449152089222242e-14,1.1961379608957731e-14,1.0,1.0,1.0,7.884339458634187e-17,7.58155308271118e-17,7.486242535981381e-17,1.0,1.0,1.0,1.0,1.0,1.0,1.0,0.99977031307442,2.318083736219895e-21,0.0002296738631143
tmc2_amphoriskos_vox10_dec_geom01_text01.ply,amphoriskos_vox10.ply,TEXT,5,2.5,814474,1328117,2.2571518421173096,0.9813367319559696,0.99366031405425,0.994989662908466,0.634218288707158,0.4887794643725424,0.429309157588939,0.944744882415987,0.887519021249004,0.79195765151344,0.6456905139835155,0.489241991626494,0.5673138468184721,0.6848884685978097,0.2588593469921085,0.2483879791188374,0.5041458744287989,0.1772634342501585,0.4030061038606854,0.765789766808503,0.338176530320319,0.4588439527135249,0.6045825227468119,0.2336097587436933,0.4220126312464248,0.7373726184305355,0.7990892098073625,0.7284254418501483,0.9995767618639164,1.001929757346523,0.9712011484918676,0.8611402248845506,0.6696981870247932,0.9853986484195209,0.9291086648542758,0.2815460614844021,0.6311880808886836,0.6097077130606793,0.4992321254332846,0.5422009542655953,0.0103322415389654
tmc2_amphoriskos_vox10_dec_geom02_text02.ply,amphoriskos_vox10.ply,TEXT,5,3.475,814474,1318165,2.3061742782592773,0.9851998195178256,0.9951983660843104,0.9960588229916986,0.7026969372069618,0.5395671822198329,0.4852648068903032,0.9311837039823584,0.9024456333115792,0.8382736034393188,0.7110103173630438,0.554401472185293,0.6400461782405362,0.5755215208451346,0.2312586798518676,0.2212987827914424,0.4052544311739042,0.1772634342501585,0.4030061038606854,0.687363345226299,0.3217244712798454,0.3750194752324656,0.5070937924747337,0.2282154336984797,0.3064723090358625,0.7419142029016436,0.8034921961013568,0.7621949122440603,0.9996142296611942,0.999680465678314,0.9641630064535168,0.8465176807908031,0.6757063032788055,0.9895759448559708,0.928538484714959,0.2793256091069387,0.6900436659880068,0.6707427396970433,0.5010367410527294,0.5396580995404012,0.0069321795494552
tmc2_amphoriskos_vox10_dec_geom03_text03.ply,amphoriskos_vox10.ply,TEXT,5,3.6,814474,1315489,2.30427885055542,0.986445845419816,0.9963362962702396,0.9968828637969172,0.7478305289332694,0.5815518344108092,0.5300067687215972,0.9237519841185682,0.9136396345250184,0.8674093401540932,0.7526264479622277,0.5998610019291768,0.6895256858779448,0.5071084400336097,0.2143600508690989,0.2071633736242179,0.3404337031616092,0.1772634342501585,0.4030061038606854,0.648176149597164,0.3127452818586859,0.3326076921414593,0.4504545913250762,0.2267869352777148,0.2281576823920997,0.743373216996818,0.8050855709001677,0.7805663844997301,0.9999127015060812,0.9999207477098578,0.9554072880836796,0.8290653473196302,0.6776782721018445,0.9924288578918417,0.9280721054955126,0.2830257826890192,0.7378230957653541,0.7216841862657954,0.5060499732308928,0.5374043033573945,0.0043645847138092
tmc2_amphoriskos_vox10_dec_geom04_text04.ply,amphoriskos_vox10.ply,TEXT,5,4.5,814474,1398123,2.28617000579834,0.9860315421022576,0.9972560907075227,0.997640565974386,0.745181864958887,0.6093675761523265,0.5710328272110559,0.9211819396144754,0.9210565923565748,0.8898023044674335,0.7484438649623513,0.6231151392240272,0.6835220302481471,0.4121114992604321,0.1816328938879605,0.177201878451882,0.2643935739163212,0.1772634342501585,0.4030061038606854,0.6095850098574729,0.2938234288332086,0.3119745420366311,0.4237985341911174,0.2288665604167484,0.1837250742238315,0.7166139980449302,0.778639496176239,0.7936034753849168,1.000833609341907,0.998851433600059,0.9441418910506124,0.7971833768488193,0.6399261627704469,0.9935009248002956,0.92671964145267,0.288983371457722,0.7623122474785622,0.7459794803113539,0.506740422637611,0.5371520728445411,0.0028264703094354
tmc2_amphoriskos_vox10_dec_geom05_text05.ply,amphoriskos_vox10.ply,TEXT,5,4.475,814474,1365634,2.397336006164551,0.986384244069458,0.998170331928323,0.998428926841634,0.7748637583174981,0.6369510675426611,0.616383886703917,0.9235822285255952,0.9328276122855854,0.9069124325537874,0.7751331941557902,0.6529002012929054,0.7167350887842862,0.3507861539071315,0.1595777698348266,0.1566514059120276,0.2164017356057541,0.1772634342501585,0.4030061038606854,0.5928033151508175,0.282412323465516,0.3123085900459774,0.3876407275811304,0.2197282750326977,0.1425298912854151,0.7237782280670153,0.7835085562360162,0.8059038745339271,1.000726192782017,1.0004205797579633,0.9277778416946222,0.7839656905413914,0.6482478512356403,0.9962559471760194,0.9281806097011208,0.3123955982880309,0.8123292341500566,0.7979690056999003,0.5237703036638943,0.5165807664114069,0.0014068734770326
tmc2_biplane_vox10_dec_geom01_text01.ply,biplane_vox10.ply,TEXT,5,2.0,1181016,1001175,3.174952268600464,0.9638516926713478,0.9868311518506552,0.9940628153283982,0.5255326164969876,0.3288361031121063,0.2311788485377538,0.9654828043131356,0.920288749967678,0.7274719195095593,0.5235876478539558,0.2798191915416853,0.4774477445219511,0.8446076036944717,0.2941473930677461,0.3057665350158436,0.6047360298308877,0.2281162754816551,0.7209950352688316,0.9965245647989648,0.3967077139711298,0.6663682724441177,0.8070131032506002,0.3111422322977435,0.5642851998229101,0.8613286398320182,0.8307184540588652,0.7022552024980087,0.9974234270783572,0.9931177222934784,0.9517920230218796,0.8419227153806177,0.7293901568530393,0.8354448494376389,0.7555491961595099,0.3525042087111714,0.7358070227664743,0.6996087754636889,0.4924045785447819,0.5163226378477498,0.1385834893439244
tmc2_biplane_vox10_dec_geom02_text02.ply,biplane_vox10.ply,TEXT,5,3.5,1181016,1022893,3.154881715774536,0.9690654349311196,0.9889455594273532,0.9945947331571852,0.6888228173969401,0.3671363344481144,0.2545494235200933,0.9594632570794868,0.9410698535122328,0.7705475280421926,0.685061780398817,0.3347682475569491,0.6504060930041895,0.7241275452289512,0.2659281875458956,0.2741129894891047,0.4980683667964157,0.2281162754816551,0.7209950352688316,0.9175116366394264,0.3709304104374164,0.6057712282412854,0.6779852404301061,0.2796022358944162,0.4499179645996918,0.8719360292504837,0.8399469062994317,0.7160589476133482,0.9981128310347244,0.9925636459315303,0.9473852752511556,0.845318684049328,0.7455492589720233,0.8458327753359994,0.7674655467060855,0.3652182719228539,0.7531034440235495,0.7203765921427835,0.5029627561952849,0.5013649719720552,0.124074891542158
tmc2_biplane_vox10_dec_geom03_text03.ply,biplane_vox10.ply,TEXT,5,3.0,1181016,1048188,3.119990348815918,0.9735241905789423,0.9907035741885842,0.9958459619520568,0.7938069508877775,0.4016210821517394,0.2939218907250497,0.954731422574514,0.9477732333368304,0.819393997784124,0.7879475192188458,0.4042732421541977,0.7618529040693985,0.6188624763337031,0.2355390561962587,0.2389213146957457,0.4137709258386954,0.2281162754816551,0.7209950352688316,0.8915983910883386,0.3575354367558108,0.5945250821515965,0.5704401678774768,0.2615526427803822,0.3447836960873181,0.8795726765435821,0.8487207432052412,0.7247788643134915,0.9978417123158214,0.9911132574819442,0.9396331119267104,0.8477716753076607,0.7581988800373239,0.8667892528042614,0.7919186661573298,0.3779738780658948,0.7745264948335825,0.7418749862173487,0.5164679165665239,0.4823848885521787,0.103086146099478
tmc2_biplane_vox10_dec_geom04_text04.ply,biplane_vox10.ply,TEXT,5,3.5,1181016,1053197,3.2014827728271484,0.976490798051761,0.9924671261932748,0.9968135969688248,0.8487322102149885,0.4363302814727881,0.3152698773433397,0.9499600923074338,0.949260420382203,0.8548846895155312,0.8406868439631158,0.4509418558081429,0.8200256001932124,0.5475815479902283,0.2121702122068935,0.2108467775319023,0.3627330780053169,0.2281162754816551,0.7209950352688316,0.8725358453168569,0.343999548270878,0.5951549930974416,0.5046139168140565,0.2473401413764566,0.2799675615031568,0.8835001779461693,0.8533770340568133,0.7458271228048935,0.99686004156949,0.9903465306121356,0.9342193279614126,0.8545515043367748,0.7637368734702819,0.8845196685619621,0.8070067638097571,0.3950234069655493,0.8020553097404827,0.7721575958021218,0.5313890875060304,0.4612590571291116,0.087497681301074
tmc2_biplane_vox10_dec_geom05_text05.ply,biplane_vox10.ply,TEXT,5,4.725,1181016,965628,3.181511402130127,0.9778612257334234,0.9933138786296856,0.99774284196204,0.8717503259248937,0.4778990985486556,0.3324834321306129,0.9482576019591898,0.9521293131943446,0.8788592839328973,0.8632413963686209,0.4896605672539176,0.8461429504447154,0.5365641469700639,0.2091375834487243,0.210379379322266,0.3492192435971569,0.2281162754816551,0.7209950352688316,0.865543209233521,0.3434812490643709,0.5863915076116069,0.4501283029579443,0.2138252711278513,0.2471698116912183,0.8755304289137182,0.8486379982319916,0.7612086760993204,0.9964773556421186,0.9864461171446076,0.925234214750004,0.8485243811894474,0.7486140957999179,0.9094717441035453,0.8320901887536976,0.4236271484658069,0.831710262242685,0.8062458293436362,0.5584340716704268,0.424888876948919,0.0661641929225865
tmc2_head_00039_vox9_dec_geom01_text01.ply,head_00039_vox9.ply,TEXT,5,1.2,938112,866569,2.070791244506836,0.9808493822439188,0.9926928665074408,0.9947370408657724,0.4186464069121353,0.1067242723330729,0.110279099799139,0.9704089679467092,0.5034591943639033,0.3756224342621158,0.4132308963214469,0.08709885096898,0.354159515290865,0.7651300969850853,0.2682767651388835,0.2879793495500871,0.5638526655697507,0.2709922405884443,0.6348433885371089,0.8943397196766839,0.42719834765171,0.518376270245924,0.807515840096033,0.3322076230403778,0.5552980509052305,0.8943968112562275,0.8675504967712293,0.7053846882307658,0.9989352488869476,0.9932073221259574,0.9557786743713124,0.8676566440733203,0.8254655527924845,0.9401466341614038,0.8728389181940039,0.356422399862643,0.7153708267829257,0.685992704310969,0.5241001730841365,0.4865674209971116,0.0482841944149457
tmc2_head_00039_vox9_dec_geom02_text02.ply,head_00039_vox9.ply,TEXT,5,1.875,938112,915244,2.1732871532440186,0.9862666936646106,0.9934480563202104,0.9954245822554804,0.5798240455053826,0.1557074266587575,0.1234129055147648,0.9557907781665186,0.6287167567153165,0.4272700348509184,0.5726948628431557,0.1240934928338767,0.5186266716477305,0.6093602326326985,0.2270408574031016,0.2400003827011183,0.4318081208836603,0.2709922405884443,0.6348433885371089,0.8151578762252701,0.3968125484286175,0.4557065228166297,0.6479621725250051,0.2951587803701639,0.4063747838038558,0.9036164432804104,0.8847821131594424,0.7574835596603356,0.9984332344776196,0.9917344012215128,0.9463893335469332,0.8981475004448639,0.8432474640185602,0.9570569750948812,0.8854040124364804,0.3615566700179455,0.7524206697102208,0.7272021617347246,0.5365099603789878,0.4720826967184825,0.0322991065974555
tmc2_head_00039_vox9_dec_geom03_text03.ply,head_00039_vox9.ply,TEXT,5,2.9,938112,920963,2.192629098892212,0.9893088358917316,0.9944878094317462,0.995901397999941,0.754451498843184,0.2412176881464969,0.1974354579091951,0.9429496050819708,0.7935602212718363,0.603814017091027,0.7469437690230678,0.2230169228914558,0.7090521236671834,0.520503133935602,0.2063672409956614,0.2151648494660123,0.3509453018911974,0.2709922405884443,0.6348433885371089,0.7826444874041427,0.3813231532870206,0.4365395249813595,0.5372825880819848,0.2719284565845123,0.2962862990907314,0.9128275217746228,0.8938609317399375,0.7997553851129382,0.996674187129256,0.990610715785036,0.9387851992800624,0.9122900508332622,0.8576196782748984,0.9694113333955138,0.8947188082736394,0.3819719053650912,0.7944822636041416,0.772816187729013,0.5580692870002107,0.4450799245269644,0.0215214697467411
tmc2_head_00039_vox9_dec_geom04_text04.ply,head_00039_vox9.ply,TEXT,5,3.775,938112,911572,2.1734118461608887,0.990857183092467,0.9959167434003408,0.9966080950736486,0.8660573213806527,0.2984817907546743,0.2801700545302468,0.9348825662001344,0.8913684378547884,0.739712758882398,0.8586653170237142,0.3316181935345837,0.8372946705306019,0.4646236864426958,0.1892630795230191,0.1989396329495174,0.3048044804588071,0.2709922405884443,0.6348433885371089,0.7761354695802231,0.3756501455018889,0.445758165435413,0.4658608493681794,0.2564824284990485,0.2224092616223414,0.9193977094852808,0.8972830277859982,0.8351430491793163,0.9952801297356872,0.9873237047147692,0.9288047721527158,0.921385330478729,0.8648686851706672,0.9778077836942428,0.8994139633705246,0.4066008367593938,0.8317227922980258,0.815906710151006,0.5774488283803385,0.421488286894546,0.0137208179896443
tmc2_head_00039_vox9_dec_geom05_text05.ply,head_00039_vox9.ply,TEXT,5,4.55,938112,854088,2.1032674312591557,0.9920340954070794,0.9972409793222112,0.9977174829286196,0.9095852264030492,0.3544691145777688,0.3293519334939243,0.9282231345453948,0.9329645358105064,0.8337498166688001,0.9035385823972236,0.418020095624518,0.89007451081125,0.4325620195249957,0.1877828818660046,0.1924011516007178,0.2681432976300587,0.2709922405884443,0.6348433885371089,0.7852969291951636,0.3690594589475736,0.4647020880559672,0.3788613328026622,0.2063700958435774,0.1673152672652078,0.9277487061656924,0.9006346785324438,0.8675468766123363,0.994158063959842,0.9841090744019708,0.9172839893528782,0.924178715296712,0.8696124271726611,0.9857995457960436,0.9138250468516996,0.4547865999039499,0.8748996739562798,0.8648307610794134,0.6112611025810809,0.3772147384419176,0.0079440817701494
tmc2_longdress_vox10_1300_dec_geom01_text01.ply,longdress_vox10_1300.ply,TEXT,5,1.2,857966,790643,1.7796900272369385,0.985546767223131,0.990636705393752,0.9906995642341608,0.633124854474908,0.4336594576606623,0.4464644793808457,0.9524079729734608,0.9270049823760954,0.916461313473894,0.6565598103601318,0.4864373665542375,0.5898029654721757,0.6302344188063197,0.2152290022893729,0.2367730603487131,0.4647943341637161,0.0940652497913953,0.4207389588451811,0.7049589225377542,0.280839824114777,0.4742689388150517,0.6230516820785141,0.2158392516493109,0.4713935356603941,0.8954003602034056,0.8767532070882301,0.6502572249551419,1.0009960686383528,0.9988935775108478,0.9616440361346712,0.8441513281970977,0.827218276582832,0.9651114025796306,0.9231303805668156,0.3267353731294527,0.6617259195980522,0.6432082213525694,0.5050940905080147,0.5233319195309819,0.024557098059946
tmc2_longdress_vox10_1300_dec_geom02_text02.ply,longdress_vox10_1300.ply,TEXT,5,1.575,857966,849360,1.9907457828521729,0.990395448315308,0.992903403328906,0.9929572237989818,0.7357735202952069,0.495934198647697,0.5053065550584777,0.9366488654417162,0.9416432089217894,0.93814583963316,0.7474988279664377,0.5678958522314728,0.6911282066054801,0.4728694337133435,0.1734724801253576,0.188738506674977,0.3313515397587609,0.0940652497913953,0.4207389588451811,0.5990929539871476,0.2421313983164315,0.3852382118215049,0.494763159629553,0.195626165543688,0.3424337349944856,0.9177904332704776,0.9105170888922512,0.7179339040969528,0.998592757710664,0.998386386003834,0.9531310725242844,0.8899510775727019,0.8716601356731242,0.9752053781623418,0.929438981739514,0.3407767430899319,0.7133726186720222,0.6950349359198152,0.5180423431565061,0.5129048837725763,0.0162530368857551
tmc2_longdress_vox10_1300_dec_geom03_text03.ply,longdress_vox10_1300.ply,TEXT,5,3.025,857966,854014,1.8406767845153809,0.9928357249868284,0.994595003113802,0.994600574151228,0.8214629473100608,0.5597311761171849,0.5673375797578972,0.9220195768649742,0.943740966630019,0.9434297009622556,0.8233671913131407,0.6414013936280543,0.7794587425164463,0.3902202052733604,0.1523796278772523,0.1658673019455028,0.2577078485995349,0.0940652497913953,0.4207389588451811,0.5555827121504414,0.2255654673826735,0.352823159718551,0.4092699765440475,0.183874384271296,0.2505981133886805,0.931600256608699,0.9231046524470216,0.772722698884104,0.9943016660249968,0.993647007251493,0.941599735311906,0.912867346975888,0.8937279133358145,0.982054681098502,0.9325878793936644,0.3502485785765706,0.765580470390801,0.7496513613412381,0.528000940890836,0.5028009248764301,0.0108134760109425
tmc2_longdress_vox10_1300_dec_geom04_text04.ply,longdress_vox10_1300.ply,TEXT,5,3.975,857966,883318,1.916859149932861,0.9943923228383263,0.9963470433256778,0.9962125163133736,0.8764907162922612,0.6392272699034662,0.6400666668386209,0.9095725371636144,0.9355444092040572,0.9407553678017953,0.8736331383024322,0.7185211167378573,0.8393168419929539,0.3084890004104895,0.1273900654024334,0.1380044241160745,0.1926196291055212,0.0940652497913953,0.4207389588451811,0.5232438836469668,0.2038427250414147,0.3412944101118133,0.3463622899677863,0.1691585615959931,0.1897493950609479,0.9389915415773727,0.936954330115666,0.8210862177096009,0.9887751215928244,0.9895661828799988,0.9300021511989705,0.9378411132156046,0.91034381423391,0.9862405555311896,0.9363109496130676,0.3617934675659032,0.8067975321888866,0.7926683425627015,0.5433670062602065,0.4838023077964172,0.0072541346124352
tmc2_longdress_vox10_1300_dec_geom05_text05.ply,longdress_vox10_1300.ply,TEXT,5,3.775,857966,849247,1.838658571243286,0.9952728912012724,0.9975010582867389,0.9974066811738096,0.9197526973363156,0.7290142287408042,0.7380063223516716,0.8994454367981269,0.9220226140314772,0.9276287762186964,0.9152986258032288,0.8014128992112927,0.8909743946768165,0.2709296004138107,0.117246522745213,0.1244328397192302,0.1616076631892745,0.0940652497913953,0.4207389588451811,0.5124840023276908,0.1930462331972145,0.3425868034672206,0.298328467025104,0.1515994798654619,0.1487679746434604,0.9502345016412848,0.9463647513019052,0.8653930146919121,0.9862494542793416,0.9820965254480636,0.9120339885644896,0.9485863180589762,0.9282542862488238,0.9917254386443772,0.94105459202283,0.3817101227107682,0.8573871155926891,0.8454638082374283,0.5607884312860877,0.4573971659274999,0.0041541225599041
tmc2_loot_vox10_1200_dec_geom01_text01.ply,loot_vox10_1200.ply,TEXT,5,1.3,805285,700344,1.7562406063079834,0.9860197392287556,0.9964422392051504,0.996019740329585,0.4295550124481982,0.2585427791367239,0.2566256832762144,0.9287819204890084,0.4597755136519392,0.4580717432030846,0.4431142426886756,0.2322297528895999,0.319882118169466,0.6606688576322969,0.220896278757939,0.2433917041956206,0.4947512277543248,0.092034463218571,0.4031448067173417,0.7125844219117557,0.2853377278277082,0.4811871465265529,0.6213643219786519,0.2076750631853875,0.4795618819813289,0.891749232454184,0.8645193485900278,0.6516992835346503,0.999932123431485,0.9994717423659516,0.9657997594819802,0.8280180412892675,0.8140835152524313,0.9701762073987912,0.9269584545143904,0.3138806001940964,0.6736092605616487,0.6574084782476812,0.4976567122810564,0.5391483218249598,0.0224515187888262
tmc2_loot_vox10_1200_dec_geom02_text02.ply,loot_vox10_1200.ply,TEXT,5,1.775,805285,782954,1.8049311637878416,0.9905498386460472,0.9968357002944288,0.996860417877363,0.5367741476023855,0.2626379627651208,0.2700172304854161,0.9341031725742136,0.4525339172569546,0.4572767970092283,0.5460944440949137,0.2447577947359976,0.4270893658620943,0.4857347976628571,0.1734810302425556,0.1898562019761459,0.3465525099214092,0.092034463218571,0.4031448067173417,0.5906738440245516,0.2414364287683528,0.3804379353673878,0.4987433984054712,0.1904798774586613,0.3516855966836879,0.9147066230521744,0.9040379767135868,0.7145526771998125,0.9974700563819788,0.9982686661339004,0.9566714892244425,0.8841352591013586,0.8635163553991404,0.9765427878893228,0.931655279976882,0.3251945643006644,0.7109133135861043,0.693666266782568,0.5099651795842282,0.5248161510135599,0.0161317464988831
tmc2_loot_vox10_1200_dec_geom03_text03.ply,loot_vox10_1200.ply,TEXT,5,2.4,805285,800329,1.8635342121124268,0.9937850925233314,0.9974925270326752,0.9972360258579018,0.6851926923664448,0.2866059782167969,0.2716870855154581,0.928419981497066,0.4773847421415803,0.4429528778369317,0.6875851449424984,0.2569918294496628,0.579918438970951,0.3891461972370146,0.149781566145456,0.1614905815349598,0.2607008443009073,0.092034463218571,0.4031448067173417,0.5381240463053361,0.2185310734046061,0.3387224723208181,0.4063929195043244,0.1763228850169447,0.2568430861470396,0.9315214884571708,0.9225468147335716,0.769864529243293,0.9942795949621352,0.9952337717971436,0.9470813357371484,0.9114440272348862,0.8924725448662584,0.9822052274563244,0.9341826481063836,0.3360256466719643,0.760984198034106,0.7454295510842198,0.5158499514334149,0.5147738988672919,0.0111903568166736
tmc2_loot_vox10_1200_dec_geom04_text04.ply,loot_vox10_1200.ply,TEXT,5,3.075,805285,831408,1.8343305587768557,0.9956000247516784,0.9979587783176826,0.99778606219496,0.7652934547246274,0.3066385732858642,0.2940226143527865,0.9175984010313262,0.4974562476025825,0.4671674698334586,0.760726856835089,0.2750357773209257,0.6709557932672848,0.3044830173607388,0.1251313683818169,0.1318664188665361,0.1928515560679891,0.092034463218571,0.4031448067173417,0.5028625141038282,0.1961601285960417,0.3247234527251122,0.3445848588645969,0.1651153067812844,0.1919502259768901,0.9396602165669156,0.9383095089047258,0.8165566467975145,0.9903364005576292,0.9878143904562948,0.93364845184183,0.9367464860042064,0.9118303833412328,0.985765459083115,0.9373883037522592,0.357449072202296,0.7998919067742476,0.7853385054142843,0.5369788271686753,0.4846274727555232,0.008087496703577
tmc2_loot_vox10_1200_dec_geom05_text05.ply,loot_vox10_1200.ply,TEXT,5,3.1,805285,803024,1.895737171173096,0.9967259126871812,0.9984204760955504,0.9981768995215152,0.8351314417566759,0.3525099418572092,0.326903336934819,0.9074129071082292,0.5477970251280208,0.4956548788514677,0.826817360979244,0.3160096963527755,0.7524296817448961,0.2613773765642209,0.1116044960237043,0.1180771244995224,0.1578974962367962,0.092034463218571,0.4031448067173417,0.4894516017293883,0.1855839235415412,0.325272860398773,0.2856142279093611,0.1448982928665773,0.1428973693473228,0.950872776918074,0.9478819547471788,0.8667180887748439,0.9825933198106074,0.9821335293945248,0.914234290590418,0.9511169172951036,0.9293528379554592,0.9914437863841308,0.9413801105693396,0.3728854023562419,0.8541276210659443,0.8421815277923742,0.552778432843756,0.4654767348069061,0.0044424958102997
tmc2_romanoillamp_vox10_dec_geom01_text01.ply,romanoillamp_vox10.ply,TEXT,5,1.525,636127,850975,1.683000564575195,0.9926059126710168,0.9924780188723524,0.9956415264224948,0.402576466239498,0.0767595832735964,0.0794472981701077,0.954893983724982,0.6631348553301059,0.4362136977248747,0.3793910290187368,0.0639792955284595,0.320265354708412,0.6342947899306097,0.220405631242742,0.2315757084859187,0.4660437188423304,0.1548942031111073,0.3573455455921652,0.7327784947046063,0.3145825806359158,0.4651976515614414,0.5870946624708335,0.2195601469651386,0.4251105095763539,0.8312288207957198,0.8798912870949692,0.685261502548045,0.9996018061396924,0.9983390952209292,0.9716937508023952,0.8988632446197727,0.7901085340268051,0.983032699350444,0.9325306093166016,0.2986501067067674,0.6097901251119512,0.5889290515581893,0.5041148883332948,0.5345672149304586,0.0115222581642622
tmc2_romanoillamp_vox10_dec_geom02_text02.ply,romanoillamp_vox10.ply,TEXT,5,2.4,636127,844084,1.6273868083953855,0.9943855326058736,0.9934341763088044,0.9959832796859304,0.580772483629468,0.1015199013022905,0.0946745943099142,0.9374108619834106,0.7441390780886992,0.5117946117625309,0.548021880829537,0.098484228521774,0.4980940340965326,0.5225877950051011,0.1956032657476445,0.2066970639070895,0.3619301623896203,0.1548942031111073,0.3573455455921652,0.6546062826288118,0.298786159291056,0.3839953952744399,0.4879623704800588,0.2145568065282301,0.3083891606222659,0.8368068701865224,0.8843671691291025,0.741768601548435,0.9975658224393156,1.00015305983524,0.9642297931400712,0.9060067124676596,0.7973977915907139,0.9876791987656058,0.9330368644631228,0.3037311468153543,0.6703981062847737,0.6510637784806764,0.507923436692294,0.5290624217642946,0.0074812583941703
tmc2_romanoillamp_vox10_dec_geom03_text03.ply,romanoillamp_vox10.ply,TEXT,5,2.975,636127,851303,1.6591970920562744,0.9950561350199064,0.9947453153141051,0.9963014425627266,0.7561787594701512,0.1748336695746982,0.139458318209326,0.9342156125028388,0.8712788436432396,0.6284665414968307,0.719534001619112,0.1741516122805002,0.6909959745143404,0.4288838302786455,0.1696496826287,0.1779391065700981,0.2827550003123033,0.1548942031111073,0.3573455455921652,0.5995137325832168,0.2804323429448608,0.3374309200096387,0.423978492740215,0.2098482573619668,0.2310862495460374,0.8347470147799001,0.8838528301454678,0.7840468231287622,0.9991150847448216,0.9979330366978824,0.956881504076251,0.9071860318556324,0.7947923778926174,0.9907916696909056,0.9332001974936688,0.3050727436468763,0.7168678780370681,0.6987703890655736,0.5126130975849522,0.5193668431331246,0.0049176942027228
tmc2_romanoillamp_vox10_dec_geom04_text04.ply,romanoillamp_vox10.ply,TEXT,5,4.2,636127,869702,1.744253396987915,0.9950664547765448,0.9963983916793252,0.9973851194266716,0.8811881525073993,0.2555686549264232,0.2083450930745899,0.9342754905048124,0.943024257804828,0.8008384709384901,0.8478983114687465,0.2938962320554631,0.8397101095105279,0.3667936082858526,0.1524088220155811,0.1585728613425719,0.2284900414024498,0.1548942031111073,0.3573455455921652,0.5688641959646086,0.2672832306386556,0.3134379093248085,0.3897336639851135,0.2087698660122871,0.1839325414020324,0.8272289514623542,0.8785640674804512,0.8183750567478534,0.9998946089618664,0.9986488955614437,0.9507650714749688,0.9023675248999304,0.7844355576672041,0.9925571684420516,0.9328438556234134,0.3123189211786596,0.754538598800267,0.7373230540035128,0.5165473884993819,0.521650454389106,0.0035093367752399
tmc2_romanoillamp_vox10_dec_geom05_text05.ply,romanoillamp_vox10.ply,TEXT,5,4.475,636127,877327,1.6739938259124756,0.9949595319843808,0.997606069126471,0.998302360325287,0.9103031992874374,0.4010477990432067,0.296701859020589,0.9357458523401156,0.9493961848213154,0.9071028768670236,0.8857756686715333,0.4440014368681085,0.8794399865922385,0.3024725106905928,0.1299095842309164,0.1344028531828134,0.1829626335375819,0.1548942031111073,0.3573455455921652,0.540082107655129,0.2510207852826116,0.3019781934460578,0.3479871145314919,0.1950590770001506,0.1399687397659762,0.8175425972120585,0.8707820758994972,0.8571781422131611,1.0017778029937656,1.0016316522477302,0.9406689654864054,0.8895174566809507,0.7705684568796488,0.995663848825163,0.9335612719787124,0.3120486382123102,0.7962394677735051,0.7788316432259201,0.5164604558018729,0.5216607046163704,0.0017010843028806
tmc2_soldier_vox10_0690_dec_geom01_text01.ply,soldier_vox10_0690.ply,TEXT,5,1.275,1089091,968262,2.524977445602417,0.9854179209071824,0.995489856602084,0.995608588929694,0.5962806158355279,0.2407341887965868,0.2527392248099491,0.9609075288708484,0.4613166087013599,0.4796119251487813,0.6005836458240982,0.2332948874429247,0.5097051999822948,0.6700916127720289,0.2283049325403764,0.2509009646798343,0.4985522906665914,0.0890793737816955,0.416713528533689,0.7234108655567616,0.2910537315355272,0.4848760706761012,0.6418210431138502,0.2231314590569426,0.4852475326471782,0.8911066229526572,0.867197475135142,0.6340695963194403,1.000489837248799,1.000327306079431,0.959742740696269,0.8264395506641511,0.8161069977561135,0.9657755330881682,0.9257576883570036,0.3236359398422102,0.6589498672580492,0.6400159911673505,0.5029521935019152,0.527463036058184,0.023525352492285
tmc2_soldier_vox10_0690_dec_geom02_text02.ply,soldier_vox10_0690.ply,TEXT,5,2.15,1089091,1073246,2.571160078048706,0.9907551040148456,0.9959473308462236,0.9961690610639744,0.7145593477363468,0.2542568531657355,0.2835278164785845,0.9432369725064296,0.4789955834111312,0.5196311152761606,0.718326585858027,0.2602195208721404,0.6379621150999126,0.5040816049349761,0.1840396812536903,0.2003528750599345,0.3571629455726736,0.0890793737816955,0.416713528533689,0.6088907535609005,0.2488541168255919,0.3902220624191934,0.5159429584650634,0.2013708979299238,0.3600768047505258,0.9142780564543032,0.9052919382353944,0.7015288379932623,0.999451474032738,0.997260764240424,0.9516923122841392,0.8811593146332349,0.8645278876206227,0.9748610824879352,0.9320552483230649,0.3369716465350834,0.7002643998810172,0.6820179525315233,0.5170558009261463,0.515667984473943,0.0159363909970446
tmc2_soldier_vox10_0690_dec_geom03_text03.ply,soldier_vox10_0690.ply,TEXT,5,2.425,1089091,1089834,2.550010204315185,0.9935477784450992,0.9966108045910114,0.9967621252228304,0.8065647037063798,0.2832868635072627,0.2989681599878172,0.9276551892527832,0.5190356124997537,0.530306308145907,0.8082744955353975,0.2880727064073218,0.7430639384658548,0.400212999862945,0.1568688500234175,0.1676806104697102,0.2681580573664044,0.0890793737816955,0.416713528533689,0.5517023388890285,0.2223007636557005,0.3483029320410703,0.420085216235061,0.1858433438793728,0.2619794877322297,0.9296364208710824,0.9206569107140248,0.7638519319606685,0.997005894305402,0.9976979847710334,0.9416202483548318,0.9088091264237328,0.8895081211742272,0.9823856646774596,0.9350453599389172,0.3441452378708409,0.7571973535770751,0.7412462507114689,0.5232346339160616,0.5054110528963015,0.0102002488584702
tmc2_soldier_vox10_0690_dec_geom04_text04.ply,soldier_vox10_0690.ply,TEXT,5,4.025,1089091,1142036,2.723811626434326,0.9951023744609075,0.9972425264122798,0.9973695303208684,0.8605491655862649,0.3346918159213993,0.3438425528028714,0.913374476803268,0.5936877034213168,0.5835012155146502,0.8611803288387744,0.3412874984422451,0.8089007837657495,0.3086939592777582,0.1307797985226257,0.1371401975887686,0.1927878019267349,0.0890793737816955,0.416713528533689,0.5176996110265865,0.1986308428698731,0.337495401763289,0.3553413776502797,0.1728227768051153,0.1947475088809633,0.9355964952692464,0.9363949837975382,0.8093404039945572,0.9918139474518844,0.9903226485377696,0.9264893909578992,0.9353191230389012,0.9065129903742988,0.9860977190329422,0.9385025055033798,0.3617231146190079,0.7932225055048433,0.7778607074686757,0.5411771552931511,0.4826614902828243,0.0067144164239501
tmc2_soldier_vox10_0690_dec_geom05_text05.ply,soldier_vox10_0690.ply,TEXT,5,3.625,1089091,1085730,2.6848275661468506,0.9960042024804296,0.9980662306711532,0.9980499164061752,0.9065387321848232,0.4342727769726965,0.4224923660843537,0.9022912995258828,0.7194414122870848,0.6761031407359772,0.9063411471455664,0.4346868255182543,0.8669077061825989,0.2682284375444138,0.1188121768958921,0.123948667548292,0.1595061868847444,0.0890793737816955,0.416713528533689,0.5046125972063141,0.1892711857198113,0.3367124474710636,0.2978907155374038,0.1527959668152577,0.1469264844883756,0.9488967171103192,0.9468473314882342,0.8645811606222209,0.9858775630913432,0.9839702769194536,0.9058884160605072,0.9488520805660952,0.9271174103164964,0.9924647296817184,0.943287504368762,0.3861091278933229,0.8556419435725527,0.8433059392895982,0.5636127277266103,0.4514484074229387,0.0034854359346263
tmc2_the20smaria_00600_vox10_dec_geom01_text01.ply,the20smaria_00600_vox10.ply,TEXT,5,1.525,1553937,1373208,3.2315475940704346,0.9850227387842108,0.9946978607407642,0.993862470732802,0.4398833612130912,0.2576021440002048,0.3307781773629783,0.9500637423669652,0.5793453281371806,0.7486596172486724,0.4500866151977242,0.2659818609083928,0.3582848945960949,0.6659206130184633,0.2419149649036486,0.2604588609618947,0.4748199689221615,0.1809354357849391,0.6668627234985933,0.840714970193474,0.3427441545830619,0.547831260035802,0.6563894485395844,0.2495717511117477,0.4709677276639645,0.872438042736355,0.8482095175554242,0.7301972680459424,0.9995936457153812,0.9954915237084092,0.9540456040354164,0.8707564108618395,0.7660743608636024,0.922571675978712,0.8627263795559701,0.3358799608765492,0.7269267524579579,0.7041129829185718,0.5056876779190074,0.5178602010425507,0.0507306916280921
tmc2_the20smaria_00600_vox10_dec_geom02_text02.ply,the20smaria_00600_vox10.ply,TEXT,5,2.15,1553937,1409071,3.249708414077759,0.9893510377659352,0.9953002653465308,0.9948175044803516,0.5153752289286607,0.2830523250525865,0.3569483505895418,0.95091452554386,0.6165477948376984,0.7779185943182084,0.5225231695342938,0.301457427113158,0.4290915554232392,0.5598153024332696,0.2096059570880336,0.2265939028366741,0.3881802494875316,0.1809354357849391,0.6668627234985933,0.7941234169803134,0.3183959883637047,0.5238768705623881,0.5408099252230015,0.2278764005756805,0.3589033451972501,0.8849045230334047,0.8613502859789373,0.7596438823883207,0.9977323913951842,0.9938698508692032,0.946722055556532,0.8825248761412532,0.7860729604328677,0.9354520326723876,0.8743421221574503,0.3406114792908368,0.7646963214262942,0.7434239678705017,0.5130683202135335,0.5067066005371647,0.0403442919059685
tmc2_the20smaria_00600_vox10_dec_geom03_text03.ply,the20smaria_00600_vox10.ply,TEXT,5,3.4,1553937,1412419,3.2063162326812744,0.9917649210729528,0.9960093613087764,0.9958421078945268,0.5890480158912309,0.3289581163105866,0.4110193878998112,0.9506124017708754,0.6804690330625653,0.8179960138588352,0.5955069114296174,0.3622210243498248,0.5057336605161035,0.4807367908429046,0.1878893113239566,0.2032549969614858,0.3197774613695711,0.1809354357849391,0.6668627234985933,0.777360752545033,0.3040028759295485,0.5237520582884693,0.4547481567329526,0.2119148466698492,0.2708096084492945,0.892138521196423,0.8675647762768809,0.7837648876045145,0.9974568289414468,0.9922562195043988,0.9401769698324656,0.887769933111041,0.7959637077274112,0.9458407569566482,0.8833770385683168,0.3507151442480549,0.7952731664229036,0.7761372823060723,0.5245901127335914,0.4918280012681091,0.0322610501590296
tmc2_the20smaria_00600_vox10_dec_geom04_text04.ply,the20smaria_00600_vox10.ply,TEXT,5,3.475,1553937,1411358,3.202587604522705,0.9931503744148612,0.9971064846355796,0.9968846410285058,0.661450443978801,0.3555571477307092,0.4490239501123976,0.9490287945963998,0.7135452793529349,0.8374031476498128,0.6644410898277738,0.4006646399019135,0.5834944912791898,0.4219706156014439,0.1718274265926319,0.1819261106954981,0.2722154318238196,0.1809354357849391,0.6668627234985933,0.7742879552597659,0.2927899841160621,0.5353643852869173,0.3985310358944463,0.2010773344641672,0.2136332650823611,0.8985877371497945,0.8726903553285612,0.8070915738309595,0.9962981519412968,0.9900901517573004,0.9327693831702732,0.8922245062281389,0.80500962194119,0.9544650809674206,0.8904533538327887,0.3595118410578399,0.8275131347768284,0.8107749036632477,0.5341109700096969,0.4812833868679023,0.0262407332593745
tmc2_the20smaria_00600_vox10_dec_geom05_text05.ply,the20smaria_00600_vox10.ply,TEXT,5,3.45,1553937,1336318,3.229827880859375,0.9939240831094026,0.9979161073939206,0.9977751557326856,0.7731991742272419,0.3991532657625768,0.5030032499665507,0.94249402160484,0.7726711017977579,0.8732141119107554,0.7692951313526675,0.4676481657964008,0.7012939977394904,0.387040062931038,0.1636305438536696,0.1720631102872672,0.2407033908694456,0.1809354357849391,0.6668627234985933,0.7789153008397063,0.2869180098260953,0.5504327567570849,0.3436315497856952,0.175502752629822,0.1717503106944554,0.902519986857254,0.8740668348017517,0.8314124268320705,0.994461489074529,0.9886085406105332,0.9241291616961184,0.8912590408948764,0.8068201849989959,0.9640691142493644,0.9020517476884168,0.390742908667738,0.8657511292069355,0.8515680279611507,0.5586368643833148,0.4481373453881188,0.0185521169821675
