SIGNAL,REF,ATTACK,CLASS,SCORE,pc3__f00,pc3__f01,pc3__f02,pc3__f03,pc3__f04,pc3__f05,pc3__f06,pc3__f07,pc3__f08,pc3__f09,pc3__f10,pc3__f11,pc3__f12,pc3__f13,pc3__f14,pc3__f15,pc3__f16,pc3__f17,pc3__f18,pc3__f19,pc3__f20,pc3__f21,pc3__f22,pc3__f23,pc3__f24,pc3__f25,pc3__f26,pc3__f27,pc3__f28,pc3__f29,pc3__f30,pc3__f31,pc3__f32,pc3__f33,pc3__f34,pc3__f35,pc3__f36,pc3__f37,pc3__f38,pc3__f39,proj__crop_pad_navier__ahiqmetric__view0,proj__crop_pad_navier__ahiqmetric__view1,proj__crop_pad_navier__ahiqmetric__view2,proj__crop_pad_navier__ahiqmetric__view3,proj__crop_pad_navier__ahiqmetric__view4,proj__crop_pad_navier__ahiqmetric__view5,proj__crop_pad_navier__ckdnmetric__view0,proj__crop_pad_navier__ckdnmetric__view1,proj__crop_pad_navier__ckdnmetric__view2,proj__crop_pad_navier__ckdnmetric__view3,proj__crop_pad_navier__ckdnmetric__view4,proj__crop_pad_navier__ckdnmetric__view5,proj__crop_pad_navier__cw_ssimmetric__view0,proj__crop_pad_navier__cw_ssimmetric__view1,proj__crop_pad_navier__cw_ssimmetric__view2,proj__crop_pad_navier__cw_ssimmetric__view3,proj__crop_pad_navier__cw_ssimmetric__view4,proj__crop_pad_navier__cw_ssimmetric__view5,proj__crop_pad_navier__distsmetric__view0,proj__crop_pad_navier__distsmetric__view1,proj__crop_pad_navier__distsmetric__view2,proj__crop_pad_navier__distsmetric__view3,proj__crop_pad_navier__distsmetric__view4,proj__crop_pad_navier__distsmetric__view5,proj__crop_pad_navier__dssmetric__view0,proj__crop_pad_navier__dssmetric__view1,proj__crop_pad_navier__dssmetric__view2,proj__crop_pad_navier__dssmetric__view3,proj__crop_pad_navier__dssmetric__view4,proj__crop_pad_navier__dssmetric__view5,proj__crop_pad_navier__fsimmetric__view0,proj__crop_pad_navier__fsimmetric__view1,proj__crop_pad_navier__fsimmetric__view2,proj__crop_pad_navier__fsimmetric__view3,proj__crop_pad_navier__fsimmetric__view4,proj__crop_pad_navier__fsimmetric__view5,proj__crop_pad_navier__gmsdmetric__view0,proj__crop_pad_navier__gmsdmetric__view1,proj__crop_pad_navier__gmsdmetric__view2,proj__crop_pad_navier__gmsdmetric__view3,proj__crop_pad_navier__gmsdmetric__view4,proj__crop_pad_navier__gmsdmetric__view5,proj__crop_pad_navier__haarpsimetric__view0,proj__crop_pad_navier__haarpsimetric__view1,proj__crop_pad_navier__haarpsimetric__view2,proj__crop_pad_navier__haarpsimetric__view3,proj__crop_pad_navier__haarpsimetric__view4,proj__crop_pad_navier__haarpsimetric__view5,proj__crop_pad_navier__madmetric__view0,proj__crop_pad_navier__madmetric__view1,proj__crop_pad_navier__madmetric__view2,proj__crop_pad_navier__madmetric__view3,proj__crop_pad_navier__madmetric__view4,proj__crop_pad_navier__madmetric__view5,proj__crop_pad_navier__mdsimetric__view0,proj__crop_pad_navier__mdsimetric__view1,proj__crop_pad_navier__mdsimetric__view2,proj__crop_pad_navier__mdsimetric__view3,proj__crop_pad_navier__mdsimetric__view4,proj__crop_pad_navier__mdsimetric__view5,proj__crop_pad_navier__msgmsdmetric__view0,proj__crop_pad_navier__msgmsdmetric__view1,proj__crop_pad_navier__msgmsdmetric__view2,proj__crop_pad_navier__msgmsdmetric__view3,proj__crop_pad_navier__msgmsdmetric__view4,proj__crop_pad_navier__msgmsdmetric__view5,proj__crop_pad_navier__msssimmetric__view0,proj__crop_pad_navier__msssimmetric__view1,proj__crop_pad_navier__msssimmetric__view2,proj__crop_pad_navier__msssimmetric__view3,proj__crop_pad_navier__msssimmetric__view4,proj__crop_pad_navier__msssimmetric__view5,proj__crop_pad_navier__nlpdmetric__view0,proj__crop_pad_navier__nlpdmetric__view1,proj__crop_pad_navier__nlpdmetric__view2,proj__crop_pad_navier__nlpdmetric__view3,proj__crop_pad_navier__nlpdmetric__view4,proj__crop_pad_navier__nlpdmetric__view5,proj__crop_pad_navier__pieappmetric__view0,proj__crop_pad_navier__pieappmetric__view1,proj__crop_pad_navier__pieappmetric__view2,proj__crop_pad_navier__pieappmetric__view3,proj__crop_pad_navier__pieappmetric__view4,proj__crop_pad_navier__pieappmetric__view5,proj__crop_pad_navier__psnrmetric__view0,proj__crop_pad_navier__psnrmetric__view1,proj__crop_pad_navier__psnrmetric__view2,proj__crop_pad_navier__psnrmetric__view3,proj__crop_pad_navier__psnrmetric__view4,proj__crop_pad_navier__psnrmetric__view5,proj__crop_pad_navier__srssimmetric__view0,proj__crop_pad_navier__srssimmetric__view1,proj__crop_pad_navier__srssimmetric__view2,proj__crop_pad_navier__srssimmetric__view3,proj__crop_pad_navier__srssimmetric__view4,proj__crop_pad_navier__srssimmetric__view5,proj__crop_pad_navier__ssimcmetric__view0,proj__crop_pad_navier__ssimcmetric__view1,proj__crop_pad_navier__ssimcmetric__view2,proj__crop_pad_navier__ssimcmetric__view3,proj__crop_pad_navier__ssimcmetric__view4,proj__crop_pad_navier__ssimcmetric__view5,proj__crop_pad_navier__ssimmetric__view0,proj__crop_pad_navier__ssimmetric__view1,proj__crop_pad_navier__ssimmetric__view2,proj__crop_pad_navier__ssimmetric__view3,proj__crop_pad_navier__ssimmetric__view4,proj__crop_pad_navier__ssimmetric__view5,proj__crop_pad_navier__topiq_frmetric__view0,proj__crop_pad_navier__topiq_frmetric__view1,proj__crop_pad_navier__topiq_frmetric__view2,proj__crop_pad_navier__topiq_frmetric__view3,proj__crop_pad_navier__topiq_frmetric__view4,proj__crop_pad_navier__topiq_frmetric__view5,proj__crop_pad_navier__vifmetric__view0,proj__crop_pad_navier__vifmetric__view1,proj__crop_pad_navier__vifmetric__view2,proj__crop_pad_navier__vifmetric__view3,proj__crop_pad_navier__vifmetric__view4,proj__crop_pad_navier__vifmetric__view5,proj__crop_pad_navier__vsimetric__view0,proj__crop_pad_navier__vsimetric__view1,proj__crop_pad_navier__vsimetric__view2,proj__crop_pad_navier__vsimetric__view3,proj__crop_pad_navier__vsimetric__view4,proj__crop_pad_navier__vsimetric__view5,proj__crop_pad_navier__wadiqam_frmetric__view0,proj__crop_pad_navier__wadiqam_frmetric__view1,proj__crop_pad_navier__wadiqam_frmetric__view2,proj__crop_pad_navier__wadiqam_frmetric__view3,proj__crop_pad_navier__wadiqam_frmetric__view4,proj__crop_pad_navier__wadiqam_frmetric__view5
tmc13_amphoriskos_vox10_dec_geom01_text01_octree-predlift.ply,amphoriskos_vox10.ply,OCTREE_PRED_LIFT,1,1.0,0.8822477107506453,0.9771624745916404,0.9861148691323884,0.508460664199773,0.3927597945292991,0.4111000582171444,0.9902864708970696,0.9741156033239268,0.9005953733726741,0.5206902374136698,0.4734081463095425,0.4536760909927456,3.896167197688284,1.9668403628196207,1.9545027544183464,1.921399421697196,0.1772634342501585,0.4030061038606854,3.9291300980070942,1.9631656481814,1.955459948255863,2.604469136733412,0.7567440122371111,2.12475383935666,0.0940068791505496,0.0828598706456543,0.015729934681308,0.9980420675505668,0.9986339801936572,0.9608267628762583,0.0478368498551506,0.0385585833329203,0.9320671886390058,0.9171045454380434,0.285861280395322,0.3002628668400375,0.2760939976188125,0.4913915242191629,0.5536827958078117,0.0217866291483975,-0.1307575702667236,-0.1572059690952301,-0.2567951679229736,-0.3383373916149139,-0.1978303343057632,-0.2010387480258941,0.5413501262664795,0.528322696685791,0.5324113965034485,0.4775860607624054,0.529944121837616,0.5089400410652161,0.0987040388961399,0.094227645289061,0.0706874764675847,0.0739879971799004,0.0695538447124456,0.0769162237481801,0.6266039609909058,0.6318915486335754,0.6087806224822998,0.6273194551467896,0.6308842897415161,0.6254956722259521,0.1924179494380951,0.1904009878635406,0.164705604314804,0.1708037406206131,0.1796115934848785,0.1850725412368774,0.5719267129898071,0.5622408986091614,0.550119936466217,0.5597226023674011,0.5505542159080505,0.5385420322418213,0.2697767615318298,0.27560755610466,0.2832247018814087,0.2895640432834625,0.2794471681118011,0.2885640561580658,0.2925242483615875,0.2828969359397888,0.2762421667575836,0.2744230926036834,0.2757746279239654,0.2731488943099975,0.0,0.0,212.13104936809992,207.39894235034237,206.36585884476784,208.6871131147023,0.54676753282547,0.5582241415977478,0.5765591859817505,0.5769238471984863,0.5614904761314392,0.5767188668251038,0.3162462413311004,0.3188481330871582,0.3198253512382507,0.3178190290927887,0.316170185804367,0.3212212324142456,0.3531593084335327,0.3550655543804168,0.2253186553716659,0.2628436088562011,0.2905321717262268,0.2905385494232178,1.0298519134521484,1.0238040685653689,1.1757042407989502,1.1194865703582764,1.0761051177978516,1.0704069137573242,3.996122121810913,4.085042476654053,4.095856189727783,3.9557888507843018,4.5101318359375,4.562709331512451,5.566070556640625,5.642161846160889,4.421976089477539,5.039263725280762,4.765002727508545,4.644470691680908,0.808570384979248,0.7956570982933044,0.7603227496147156,0.7634934782981873,0.7532218098640442,0.7477949857711792,0.4117136525187762,0.4126564443686593,0.2437643921120057,0.2545512440854747,0.3227685430871649,0.3202091743511779,0.3740623891353607,0.3754197955131531,0.1905252933502197,0.2023926973342895,0.2779894471168518,0.2777265906333923,0.2863577008247375,0.2816151678562164,0.2687362730503082,0.2772857844829559,0.2798136472702026,0.2839377820491791,0.0061323046684265,0.0061041605658829,0.0053975717164576,0.0056620673276484,0.0056662485003471,0.0057094749063253,0.8357913494110107,0.8253119587898254,0.7832779884338379,0.7369316816329956,0.7590106129646301,0.7712130546569824,-0.1140467822551727,-0.1185252219438552,-0.1469919234514236,-0.1441324651241302,-0.1314813047647476,-0.1315144151449203
tmc13_amphoriskos_vox10_dec_geom01_text01_octree-raht.ply,amphoriskos_vox10.ply,OCTREE_RAHT,2,1.0,0.8788056555895334,0.9740934853357864,0.9844061592080978,0.3832502264038159,0.169851649531596,0.122307935859536,0.9004801795350477,0.5391340326642935,0.3582091662051981,0.3953641804246236,0.1550297996607625,0.3409550834844383,3.896167197688284,1.9668403628196207,1.9545027544183464,1.921399421697196,0.1772634342501585,0.4030061038606854,3.9291300980070942,1.9631656481814,1.955459948255863,2.604469136733412,0.7567440122371111,2.12475383935666,0.0940068791505496,0.0828598706456543,0.015729934681308,0.9980420675505668,0.9986339801936572,0.9608267628762583,0.0478368498551506,0.0385585833329203,0.9320671886390058,0.9171045454380434,0.285861280395322,0.3002628668400375,0.2760939976188125,0.4913915242191629,0.5536827958078117,0.0217866291483975,-0.1319945901632309,-0.15959133207798,-0.2582541108131408,-0.3450571298599243,-0.1973682940006256,-0.2010377943515777,0.5414232611656189,0.5265475511550903,0.5318029522895813,0.4741263687610626,0.5292263031005859,0.5070679187774658,0.0851288685733895,0.0914518932407388,0.0575531342879668,0.0929950532896821,0.0636775780982567,0.08628378394309,0.6262643337249756,0.6318376064300537,0.6077024936676025,0.6247955560684204,0.6297045946121216,0.6245906352996826,0.1626591682434082,0.1788110733032226,0.1279152035713195,0.1516820341348648,0.1538247913122177,0.1656914353370666,0.573813796043396,0.5642595291137695,0.5514419674873352,0.5611159205436707,0.5506447553634644,0.5394760966300964,0.2693749666213989,0.2753939926624298,0.2826161086559295,0.2879636287689209,0.2801030576229095,0.2882148027420044,0.2932714223861694,0.2830449938774109,0.2770437896251678,0.2747243642807007,0.2753594219684601,0.2743595242500305,0.0,0.0,212.7500641183339,208.4302127487552,206.6709483286577,209.24195157449267,0.5463796854019165,0.558050811290741,0.5758822560310364,0.575168251991272,0.5621582865715027,0.5762432813644409,0.318624198436737,0.3199809789657593,0.3216064274311065,0.3182482123374939,0.3183850049972534,0.3222940862178802,0.3467385172843933,0.3516280651092529,0.2179645746946334,0.2572750747203827,0.2860777974128723,0.2872189283370971,1.0347280502319336,1.0262420177459717,1.180026292800903,1.122309923171997,1.0795695781707764,1.0732142925262451,3.970506429672241,4.050708293914795,4.102661609649658,3.859654664993286,4.540369987487793,4.473641395568848,5.565250396728516,5.639922142028809,4.421510219573975,5.031241893768311,4.76484489440918,4.644510746002197,0.80978924036026,0.7950507998466492,0.7649251818656921,0.7695115804672241,0.7511105537414551,0.7480084896087646,0.4112043310644569,0.4129070309614422,0.2434175602845487,0.255025495862718,0.3226088393525022,0.3202657356028056,0.3728981614112854,0.3751592636108398,0.1895468235015869,0.201127678155899,0.277414858341217,0.2773147225379944,0.2848637104034424,0.2810447216033935,0.2691352069377899,0.2767013907432556,0.28047975897789,0.2825024127960205,0.0055413795635104,0.0056835324503481,0.0048331571742892,0.0052012973465025,0.0052860919386148,0.0053271362558007,0.8300307393074036,0.8232125043869019,0.7801983952522278,0.7371957302093506,0.755449116230011,0.7703817486763,-0.1149449869990348,-0.1184213384985923,-0.1464470028877258,-0.141975849866867,-0.1325608938932418,-0.1324302703142166
tmc13_amphoriskos_vox10_dec_geom01_text01_trisoup-predlift.ply,amphoriskos_vox10.ply,TRISOUP_PREDLIFT,3,1.25,0.964393205574469,0.9897808375184732,0.9926246286141412,0.5252691599204921,0.4428582883477214,0.4014541828950278,0.9662031738188884,0.9273556414495324,0.8263102777147615,0.5339687118182729,0.4191107218000875,0.4519188153118613,0.945677718655846,0.3651222788906429,0.3556855957882995,0.6594003528770946,0.1772634342501585,0.4030061038606854,0.9663369488478384,0.4345823922589943,0.5567951760194791,0.9414534281753234,0.3683378232378485,0.6263760089161984,0.744804204081999,0.804639215777628,0.763074827378897,0.998594721048052,1.000169550448734,0.9696303009678782,0.8421280083822437,0.6855369749307014,0.9856123111637288,0.9058216206256962,0.283627206412706,0.7029965796247067,0.6823990751433827,0.4958902692332351,0.5470722580148105,0.0120452974852919,0.4011520445346832,0.41266068816185,0.3119163811206817,0.2224416583776474,0.352704107761383,0.3619938194751739,0.4765022099018097,0.4761394262313843,0.492073655128479,0.4054642617702484,0.4472957253456116,0.4265642464160919,0.8853868952927552,0.8883711274807143,0.8982345395595352,0.7718987680934417,0.8633762842424214,0.845864576927064,0.1533889174461364,0.1407958269119262,0.1814409494400024,0.1874802112579345,0.1435388326644897,0.1438826322555542,0.6533826589584351,0.6714207530021667,0.6698517799377441,0.4327579736709595,0.5818173885345459,0.6071531772613525,0.880454957485199,0.8872512578964233,0.8803618550300598,0.842759370803833,0.8777247071266174,0.879039466381073,0.1294459849596023,0.1254708170890808,0.1348393857479095,0.160140722990036,0.1350886821746826,0.1323351413011551,0.6406622529029846,0.6521062254905701,0.6580320596694946,0.6176921129226685,0.6287131309509277,0.6319152116775513,78.76150182169773,80.79517143163918,155.94678483032664,198.52614394795677,159.774258331413,158.0079013361765,0.3559217453002929,0.35303395986557,0.3653294742107391,0.3836899697780609,0.3610387444496155,0.3600319325923919,0.1326230317354202,0.1273016482591629,0.1379112601280212,0.1659754663705825,0.1376554369926452,0.1350319236516952,0.8949216604232788,0.9013540744781494,0.870536744594574,0.7875885367393494,0.8704730868339539,0.8764943480491638,0.3473325669765472,0.3318361937999725,0.3741458654403686,0.4757006764411926,0.3762474656105041,0.3549102246761322,1.0455503463745115,1.1157774925231934,1.0261318683624268,1.5154818296432495,1.20434308052063,1.2397018671035769,26.311073303222656,26.66847419738769,25.509321212768555,23.16645812988281,25.57616424560547,25.86952209472656,0.9461832642555236,0.9427209496498108,0.9448279738426208,0.9343041181564332,0.938839554786682,0.9387802481651306,0.8121447999786197,0.8213957947393858,0.7608333670194156,0.6812276409595505,0.7918234440227351,0.8062042977797753,0.8391909003257751,0.8474895358085632,0.8121415376663208,0.7227990031242371,0.8130151033401489,0.8220192790031433,0.4900379776954651,0.4665495753288269,0.489310622215271,0.4714022576808929,0.4746916890144348,0.4606976509094238,0.2804406583309173,0.2924323678016662,0.2900161147117615,0.2318803369998932,0.2806861996650696,0.2893122732639313,0.97231262922287,0.973679780960083,0.968739926815033,0.9572224617004396,0.9712954759597778,0.972140371799469,-0.0451165996491909,-0.0429168567061424,-0.0548333264887332,-0.0628798231482505,-0.0486805513501167,-0.0496078506112098
tmc13_amphoriskos_vox10_dec_geom01_text01_trisoup-raht.ply,amphoriskos_vox10.ply,TRISOUP_RAHT,4,1.025,0.9558540215496654,0.9870007756751764,0.9906833166727476,0.5081233042610654,0.2149623172168193,0.1366424570372901,0.8341853772385708,0.4836206708919421,0.3188869407595404,0.5304516256017984,0.1766532277851144,0.4756832248809461,0.945677718655846,0.3651222788906429,0.3556855957882995,0.6594003528770946,0.1772634342501585,0.4030061038606854,0.9663369488478384,0.4345823922589943,0.5567951760194791,0.9414534281753234,0.3683378232378485,0.6263760089161984,0.744804204081999,0.804639215777628,0.763074827378897,0.998594721048052,1.000169550448734,0.9696303009678782,0.8421280083822437,0.6855369749307014,0.9856123111637288,0.9058216206256962,0.283627206412706,0.7029965796247067,0.6823990751433827,0.4958902692332351,0.5470722580148105,0.0120452974852919,0.3532712459564209,0.361992597579956,0.2815291583538055,0.2217672318220138,0.3127303719520569,0.3203505575656891,0.4418136477470398,0.430350512266159,0.4512643814086914,0.3996236026287079,0.4138279855251312,0.3918986618518829,0.8587366651692617,0.8614322858407166,0.8724143907249267,0.7216148600802338,0.8244197459962939,0.8168248266450316,0.2671681642532348,0.277347981929779,0.2694203853607178,0.2731368541717529,0.2847358584403991,0.2887204885482788,0.5496735572814941,0.5376801490783691,0.5671152472496033,0.3458808064460754,0.4613569974899292,0.4925393164157867,0.8098964691162109,0.817393958568573,0.8248083591461182,0.7841594219207764,0.8046067953109741,0.8072130084037781,0.1917006969451904,0.1873348802328109,0.1874307990074157,0.2069664299488067,0.1984289288520813,0.1938096731901168,0.4986982345581054,0.5058465003967285,0.5381352305412292,0.5051292777061462,0.482328712940216,0.4903462529182434,90.24262155415474,93.55216320152527,167.8909636708949,206.73217262651443,176.8097338570492,173.5849724685986,0.3834836483001709,0.3824796080589294,0.3890877366065979,0.3936784267425537,0.3852016627788543,0.3849970400333404,0.1870827078819275,0.1831279098987579,0.1855021566152572,0.2064913213253021,0.1937610656023025,0.18917877972126,0.8438083529472351,0.8460914492607117,0.8145718574523926,0.7341136336326599,0.811118483543396,0.8153003454208374,0.4147853851318359,0.4041032195091247,0.4505545496940613,0.529350996017456,0.4471940398216247,0.4259700775146484,3.305695056915283,3.1724331378936768,2.763603448867798,2.626967430114746,3.244875192642212,3.2914373874664307,24.45179748535156,24.714452743530277,23.713191986083984,22.083406448364254,23.90152359008789,24.148487091064453,0.9172128438949584,0.91607928276062,0.9237234592437744,0.9126732349395752,0.9069436192512512,0.9097485542297364,0.71139229201068,0.7203434510693462,0.6342347573809428,0.5990984645417761,0.685894079938269,0.7005509101576424,0.7723942995071411,0.775894045829773,0.7308449149131775,0.658603310585022,0.7397394180297852,0.7483577132225037,0.3389852046966553,0.326744943857193,0.3355583548545837,0.3474181294441223,0.3329136967658996,0.3389166593551636,0.1739210337400436,0.1778579801321029,0.1816263794898986,0.1599662601947784,0.1717192381620407,0.1772983968257904,0.944852352142334,0.9457927346229552,0.9452534317970276,0.9328440427780152,0.9411700367927552,0.9436516165733336,-0.0784162580966949,-0.0745046436786651,-0.0879665315151214,-0.0876186415553093,-0.082503005862236,-0.0808319449424743
tmc13_amphoriskos_vox10_dec_geom02_text02_octree-predlift.ply,amphoriskos_vox10.ply,OCTREE_PRED_LIFT,1,1.5,0.9280269614390292,0.9861782955701516,0.9910248071370388,0.6001565168447015,0.512020981569214,0.5221855286541496,0.9704374752488916,0.981650383333216,0.9697913688312764,0.6095621162457516,0.6117415489327782,0.5451164186483952,2.014449469395162,1.0353826608820802,1.0332357903728195,0.9593253141878908,0.1772634342501585,0.4030061038606854,2.073695734315684,1.0514895951669991,1.0167634674907624,1.058602740455164,0.3746375236201416,0.7824232958432296,0.2945948385747541,0.2626776410989745,0.0852487380712127,1.0002195307536268,0.9996826635855802,0.9487008666875436,0.1870202922354196,0.1685940094682408,0.9740123301112976,0.9369259073024536,0.2879013083513908,0.4315335640945359,0.4044470711267616,0.5054655876092726,0.5380501451309213,0.0070261600464469,0.4435649812221527,0.4407480657100677,0.3389259278774261,0.3156737983226776,0.3690201342105865,0.3950547873973846,0.4451397061347961,0.4526940882205963,0.465221643447876,0.4413849413394928,0.4277519285678863,0.4012264311313629,0.8284663411977036,0.8236493900156221,0.8459242587062707,0.7072258156667004,0.797218995237442,0.7957350685147981,0.2217943668365478,0.2338430285453796,0.2262464761734008,0.2369871139526367,0.1941398382186889,0.2006173729896545,0.5065815448760986,0.48904550075531,0.5028858184814453,0.3487151563167572,0.4599410593509674,0.4865714311599731,0.8322247266769409,0.835273265838623,0.819823682308197,0.7909657955169678,0.8273300528526306,0.8354101777076721,0.1664765924215316,0.1675924658775329,0.1845844537019729,0.1900467723608017,0.1727081388235092,0.1670553535223007,0.5423948764801025,0.5428388714790344,0.5343462824821472,0.52318274974823,0.5366907715797424,0.5433629751205444,98.27135149768336,98.44057784309751,178.2549067069151,193.1641039572513,175.0057616534778,173.6100811446733,0.3813670873641968,0.3811409771442413,0.3913030922412872,0.3925338983535766,0.3830986022949219,0.3802666962146759,0.1714667081832885,0.1721279323101043,0.1904548406600952,0.1961327791213989,0.1766293197870254,0.1716933250427246,0.8384835720062256,0.8398866653442383,0.7863444089889526,0.738850474357605,0.8091942071914673,0.8204463720321655,0.4233477711677551,0.4192947149276733,0.4882113933563232,0.5363904237747192,0.4369699358940124,0.4234531819820404,1.5058822631835938,1.5640885829925537,1.2952382564544678,1.8642407655715945,1.8760687112808228,1.7338861227035522,24.272220611572266,24.364070892333984,23.093700408935547,21.735876083374023,23.945003509521484,24.0716552734375,0.919092059135437,0.9111371636390686,0.90477454662323,0.8777981400489807,0.9084442853927612,0.907741129398346,0.7556816256130935,0.7666892703394428,0.6769171633788987,0.6250018364602892,0.7348093453955109,0.7542608651861904,0.7665491104125977,0.771969199180603,0.6996541023254395,0.654327392578125,0.7357096672058105,0.7483173608779907,0.3810584545135498,0.3718416094779968,0.3905842900276184,0.3704419732093811,0.3884911835193634,0.3889930844306946,0.2132148891687393,0.2230318784713745,0.2057152092456817,0.1814975291490554,0.2204906791448593,0.2287540584802627,0.9596264958381652,0.958876371383667,0.9518392086029052,0.9429211020469666,0.9574927091598512,0.9604740142822266,-0.0580804869532585,-0.0583096221089363,-0.0698859542608261,-0.0688230618834495,-0.0611191242933273,-0.0611104741692543
tmc13_amphoriskos_vox10_dec_geom02_text02_octree-raht.ply,amphoriskos_vox10.ply,OCTREE_RAHT,2,1.075,0.9263283569191966,0.9843518981369308,0.989530328379998,0.5248733091226423,0.2832946913943136,0.2190606385769758,0.969374442779121,0.7544862557526997,0.5692621753222149,0.5324934327980134,0.2728777973317121,0.4708730340542119,2.014449469395162,1.0353826608820802,1.0332357903728195,0.9593253141878908,0.1772634342501585,0.4030061038606854,2.073695734315684,1.0514895951669991,1.0167634674907624,1.058602740455164,0.3746375236201416,0.7824232958432296,0.2945948385747541,0.2626776410989745,0.0852487380712127,1.0002195307536268,0.9996826635855802,0.9487008666875436,0.1870202922354196,0.1685940094682408,0.9740123301112976,0.9369259073024536,0.2879013083513908,0.4315335640945359,0.4044470711267616,0.5054655876092726,0.5380501451309213,0.0070261600464469,0.4023283123970032,0.3828798532485962,0.3065212666988373,0.2703627049922943,0.3378894031047821,0.338771790266037,0.3859223127365112,0.392524778842926,0.3992651402950287,0.3997144699096679,0.3750120997428894,0.3514677584171295,0.7764070143855193,0.766150687926036,0.805817716494675,0.6587626877131669,0.7449057496400603,0.7238137796149431,0.2974461317062378,0.3080447316169739,0.3083948493003845,0.3196605443954468,0.2955995202064514,0.2953056097030639,0.4591383934020996,0.4335115849971771,0.454897403717041,0.3176221847534179,0.4026102423667907,0.4276530742645263,0.7845990657806396,0.7885244488716125,0.7763034701347351,0.7605276703834534,0.7814016938209534,0.7821049690246582,0.2089360505342483,0.2088186889886856,0.2223471254110336,0.217496246099472,0.2118791490793228,0.2086953222751617,0.4565740525722503,0.4589046537876129,0.4585926830768585,0.4637945294380188,0.4590062499046325,0.4554053843021393,100.94909514232282,101.82044175978166,181.04390843997825,199.89935318116392,178.4704497267351,180.91590891390535,0.3982010185718536,0.3967656195163727,0.4048406779766083,0.4003483951091766,0.3953062891960144,0.3960559070110321,0.206680417060852,0.2069688886404037,0.2213658839464187,0.2177378535270691,0.2094033062458038,0.2072306722402572,0.7934997081756592,0.7927194833755493,0.7267572283744812,0.6972641348838806,0.76781165599823,0.7666582465171814,0.4712769389152527,0.4673207402229309,0.5422158241271973,0.5708153247833252,0.4735251665115356,0.4691995978355407,2.2860448360443115,2.274078607559204,1.9523431062698364,1.925325870513916,2.4733633995056152,2.30661678314209,23.449485778808597,23.55111122131348,22.308835983276367,21.211505889892575,23.27663230895996,23.2510986328125,0.9000899791717529,0.8973022699356079,0.8852540254592896,0.8734216094017029,0.8916592597961426,0.8903636336326599,0.7157689400177268,0.7241280652090035,0.625429884592612,0.5923324981254857,0.697293529422905,0.7090851263942819,0.7160916328430176,0.7183722257614136,0.6332652568817139,0.6107726693153381,0.6900774240493774,0.6900383830070496,0.3429014086723327,0.335086464881897,0.3421463370323181,0.3431162238121032,0.3421743512153625,0.3411909341812134,0.1551832556724548,0.1574151068925857,0.1494364887475967,0.1423366069793701,0.1685510575771331,0.165176436305046,0.9443440437316896,0.9446483254432678,0.9366106390953064,0.921271562576294,0.9428324699401855,0.9439319372177124,-0.0699333027005195,-0.0713064074516296,-0.0852904766798019,-0.0769267082214355,-0.0735648795962333,-0.0730961114168167
tmc13_amphoriskos_vox10_dec_geom02_text02_trisoup-predlift.ply,amphoriskos_vox10.ply,TRISOUP_PREDLIFT,3,2.3,0.979375102424472,0.9937866025916524,0.9952993489772178,0.6163238392487581,0.522582425890872,0.4849280262352128,0.949824639045791,0.9407544756399548,0.8825730762334658,0.6241150244316355,0.5209660196312909,0.5432481890113692,0.6288708628861659,0.2587418421964141,0.2558342008251334,0.4197837420965008,0.1772634342501585,0.4030061038606854,0.7515019073036209,0.3497361439090202,0.4170338979513025,0.6474311061447743,0.2800990292153289,0.4050143760508251,0.7361853728764713,0.7959617752375909,0.819185873203814,0.9990901520758776,0.9995511371965944,0.9468637380846884,0.8232479088145519,0.6683874299760826,0.9942618455252812,0.9172092422247752,0.3020386726535503,0.761170181020024,0.7419937844460851,0.5082190679465693,0.5310826704004205,0.0034267047266832,0.4512482285499573,0.4484159648418426,0.3679135739803314,0.2651298940181732,0.4183076918125152,0.4190830290317535,0.5585164427757263,0.5558903217315674,0.5739234089851379,0.4575322568416595,0.5340273380279541,0.5206899046897888,0.9588389997065936,0.959665684209668,0.9623145166515834,0.8639068655884523,0.9590690370857564,0.9458223734362444,0.089755117893219,0.0914777517318725,0.1019836664199829,0.1437491178512573,0.0871170759201049,0.0784627795219421,0.8308711051940918,0.8331021070480347,0.7976306080818176,0.5656487941741943,0.8078927993774414,0.7897520065307617,0.9313100576400756,0.9347838759422302,0.932176947593689,0.8944243788719177,0.9302919507026672,0.930763065814972,0.0854735001921653,0.0822486206889152,0.0912920758128166,0.1262171566486358,0.0886469557881355,0.0873657613992691,0.7742979526519775,0.7835483551025391,0.7864725589752197,0.7175562381744385,0.769198477268219,0.7755225300788879,52.501591768540216,56.05051902753696,128.8977268295696,187.8696827264423,128.25708086433738,128.09758275049558,0.3143442571163177,0.3116824924945831,0.320714920759201,0.3532756865024566,0.318805456161499,0.3180286288261413,0.086429975926876,0.0833475887775421,0.093816764652729,0.1334128826856613,0.0896828323602676,0.08821702003479,0.9501234292984008,0.950192928314209,0.938988447189331,0.8617299795150757,0.9401201009750366,0.94035005569458,0.2454015016555786,0.2368543744087219,0.2723692059516907,0.3890263438224792,0.264521837234497,0.2505707740783691,0.7732345461845398,0.924070417881012,0.8891084790229797,1.2659186124801636,0.830020010471344,1.0610257387161257,29.421480178833008,29.77762031555176,28.392427444458008,24.61754608154297,28.86956214904785,29.326684951782227,0.9711382985115052,0.971067190170288,0.970426857471466,0.9600704312324524,0.9677784442901612,0.9682395458221436,0.8698152941184575,0.8735682743468418,0.8345470973371253,0.7394986496798682,0.8565740125938488,0.8659729467675596,0.914726734161377,0.9154103994369508,0.8999248743057251,0.8058225512504578,0.901224970817566,0.9019376039505004,0.6749194264411926,0.6318976283073425,0.5636125206947327,0.5315953493118286,0.6564900279045105,0.6211739182472229,0.382375419139862,0.3914853632450104,0.395982563495636,0.3119846880435943,0.3841925263404846,0.393517792224884,0.9846845269203186,0.985318958759308,0.9831888675689696,0.9728386998176576,0.9842954277992249,0.9845005869865416,-0.0339538939297199,-0.0343444757163524,-0.0403398536145687,-0.0489334128797054,-0.0350142382085323,-0.0350184552371501
tmc13_amphoriskos_vox10_dec_geom02_text02_trisoup-raht.ply,amphoriskos_vox10.ply,TRISOUP_RAHT,4,1.625,0.9746472534987034,0.9919410990433905,0.9938032257501416,0.669040635455122,0.328888804618465,0.243353104867975,0.9207587040405976,0.6400551990807652,0.5073939741638901,0.6895774003351257,0.3188765621647598,0.6332831138745548,0.6288708628861659,0.2587418421964141,0.2558342008251334,0.4197837420965008,0.1772634342501585,0.4030061038606854,0.7515019073036209,0.3497361439090202,0.4170338979513025,0.6474311061447743,0.2800990292153289,0.4050143760508251,0.7361853728764713,0.7959617752375909,0.819185873203814,0.9990901520758776,0.9995511371965944,0.9468637380846884,0.8232479088145519,0.6683874299760826,0.9942618455252812,0.9172092422247752,0.3020386726535503,0.761170181020024,0.7419937844460851,0.5082190679465693,0.5310826704004205,0.0034267047266832,0.3730048239231109,0.3847557306289673,0.3254138529300689,0.2511034905910492,0.3512564599514007,0.3641788065433502,0.5447246432304382,0.5381765961647034,0.5594255328178406,0.4512439966201782,0.518028199672699,0.5004869699478149,0.9516488893075424,0.94808980514769,0.952642131725936,0.8384803595412844,0.9485238924007484,0.9287767651377388,0.1916513442993164,0.2019577622413635,0.1702426671981811,0.2144660353660583,0.2110858559608459,0.2136138677597046,0.7509104013442993,0.7512166500091553,0.7543470859527588,0.5270982980728149,0.7245687246322632,0.719978392124176,0.8967262506484985,0.9008404016494752,0.9067007899284364,0.863785982131958,0.8968319296836853,0.8970162868499756,0.1193021014332771,0.116194799542427,0.1178295686841011,0.1599367558956146,0.1243791654706001,0.1217985153198242,0.684386134147644,0.6925454139709473,0.7157577872276306,0.6387589573860168,0.679875373840332,0.6824790835380554,61.99002368510912,64.66671385730399,133.0684875653301,180.6722199473027,136.89767534816102,136.54968507282,0.3415882289409637,0.3399295210838318,0.3434912860393524,0.3682802021503448,0.3443745076656341,0.3435910642147064,0.1212537288665771,0.1182799190282821,0.121994063258171,0.1622351258993148,0.1255992949008941,0.1229657679796218,0.9130710959434508,0.9128734469413756,0.9064072370529176,0.8245521783828735,0.8993786573410034,0.9000711441040039,0.3045286834239959,0.2959493398666382,0.3313823640346527,0.4307663440704345,0.3176184594631195,0.3062758445739746,2.286785364151001,2.453458309173584,1.9363155364990237,1.8705840110778809,2.4102632999420166,2.409335136413574,27.184593200683597,27.444786071777344,26.290451049804688,23.643943786621094,26.84364128112793,27.207109451293945,0.9583160877227784,0.958897590637207,0.9611346125602722,0.9475162029266356,0.9544239044189452,0.9552686810493468,0.7714426585919356,0.7758172448194188,0.718889743376184,0.6559104674095221,0.7536141987954297,0.7650149627263624,0.8693684339523315,0.868535041809082,0.8515622615814209,0.7543625235557556,0.8538946509361267,0.8555328845977783,0.4075069725513458,0.3948152065277099,0.4363493323326111,0.4433539509773254,0.4163173139095306,0.4100712537765503,0.2631107270717621,0.2649791538715362,0.2815972864627838,0.2283210605382919,0.2660765647888183,0.2718794047832489,0.9705402851104736,0.9712462425231934,0.9715730547904968,0.956670343875885,0.9690850973129272,0.9698633551597596,-0.0596729703247547,-0.0581602603197097,-0.0619057901203632,-0.0715810656547546,-0.060481559485197,-0.0640587210655212
tmc13_amphoriskos_vox10_dec_geom03_text03_octree-predlift.ply,amphoriskos_vox10.ply,OCTREE_PRED_LIFT,1,2.9,0.97181842440531,0.9941710284406304,0.9956989960110568,0.7715498782365509,0.6356128776238379,0.6137927261707886,0.938344585586746,0.96487761249356,0.9539469885803518,0.7784110331383567,0.7126701905562882,0.7250936691820064,1.118520518205978,0.583747615780085,0.5780026651192649,0.5169686497186201,0.1772634342501585,0.4030061038606854,1.2300351627310222,0.6182193930768675,0.6016931029129451,0.6366847544807128,0.2387264730239462,0.4588720501905642,0.7129424649428029,0.6564649941052809,0.3955969930387296,0.9996475758626198,1.000131796847939,0.922130936596833,0.5748604472054052,0.5835354377696332,0.990732083892323,0.9347564469358932,0.321328063762987,0.6417739230185843,0.6129709391624942,0.5318993300824024,0.5014223518642237,0.001396906267395,0.4269133508205414,0.43070188164711,0.3161816298961639,0.2930582165718078,0.3834195733070373,0.3959324359893799,0.5505157113075256,0.5506054162979126,0.5421245694160461,0.4778938293457031,0.5243411660194397,0.4993810653686523,0.9714647264226496,0.972658561170024,0.9678086227738344,0.9182834421521828,0.9716472474147708,0.965678349534188,0.0867367982864379,0.0817887783050537,0.1033024787902832,0.1442393064498901,0.0809918045997619,0.0786142945289611,0.7983773350715637,0.7846333384513855,0.7447363138198853,0.5416436195373535,0.7650340795516968,0.7615998387336731,0.925783634185791,0.926539957523346,0.9140105843544006,0.8801041841506958,0.9191089272499084,0.9192685484886168,0.0931447893381118,0.0921665057539939,0.1104421988129615,0.1345946192741394,0.1024863645434379,0.1023691594600677,0.7492212653160095,0.7562767267227173,0.739054799079895,0.6909855008125305,0.7255000472068787,0.726690411567688,67.17111266729802,69.83520656771182,141.51895107263914,187.6219915035627,146.3384645990877,144.1721544168213,0.3181480765342712,0.3168781697750091,0.3347661197185516,0.354759156703949,0.3252154290676117,0.3249809443950653,0.0960102081298828,0.0945557281374931,0.1147668734192848,0.140664204955101,0.1051403358578682,0.1048278659582138,0.9449721574783324,0.945739209651947,0.9278604984283448,0.8661214709281921,0.9340716600418092,0.9343446493148804,0.2815193235874176,0.2678231000900268,0.3283192813396454,0.4072222709655761,0.2913392186164856,0.2861297130584717,0.6357819437980652,0.7391446232795715,0.8252167105674744,0.934617042541504,0.8419539928436279,0.8496485352516174,28.0006046295166,28.39742660522461,26.618732452392575,23.907676696777344,27.16163825988769,27.383766174316406,0.9628010988235474,0.9608060121536256,0.9562602043151855,0.9471169114112854,0.95795476436615,0.9565653800964355,0.8581238798455206,0.8634660131385883,0.810727348090352,0.7208996844724114,0.8411761705475679,0.8499664294933429,0.9129388332366944,0.9126679301261902,0.8859459757804871,0.8064912557601929,0.8959095478057861,0.8963269591331482,0.6758635640144348,0.6845265626907349,0.5626536011695862,0.5352778434753418,0.6431887745857239,0.6828280091285706,0.367586612701416,0.3784860372543335,0.3547673225402832,0.2969179153442383,0.3638807237148285,0.3714203238487243,0.9822531342506408,0.9827697277069092,0.9781166315078736,0.969459056854248,0.9810989499092102,0.9812362790107728,-0.0316900052130222,-0.0344266109168529,-0.0398146472871303,-0.0504767671227455,-0.0347642488777637,-0.0351857617497444
tmc13_amphoriskos_vox10_dec_geom03_text03_octree-raht.ply,amphoriskos_vox10.ply,OCTREE_RAHT,2,2.025,0.9705259507803402,0.9933220272069572,0.9947975023507066,0.710060596433056,0.4333529512645342,0.3574410522000368,0.9449366905010244,0.8521284649879821,0.7577912619898192,0.7096839930449081,0.4482700519724882,0.6540817155740184,1.118520518205978,0.583747615780085,0.5780026651192649,0.5169686497186201,0.1772634342501585,0.4030061038606854,1.2300351627310222,0.6182193930768675,0.6016931029129451,0.6366847544807128,0.2387264730239462,0.4588720501905642,0.7129424649428029,0.6564649941052809,0.3955969930387296,0.9996475758626198,1.000131796847939,0.922130936596833,0.5748604472054052,0.5835354377696332,0.990732083892323,0.9347564469358932,0.321328063762987,0.6417739230185843,0.6129709391624942,0.5318993300824024,0.5014223518642237,0.001396906267395,0.4147543013095855,0.4151887893676758,0.3217487335205078,0.296341985464096,0.3720060586929321,0.3779384791851043,0.5432137250900269,0.5409875512123108,0.5401554107666016,0.4683568179607391,0.5165270566940308,0.4829609096050262,0.9608381647422736,0.9621940736879364,0.958363142759498,0.8942882009660452,0.9588011342950884,0.9499731495194402,0.1333743333816528,0.1331400871276855,0.1289187669754028,0.1844452619552612,0.1387024521827697,0.1487447023391723,0.7664786577224731,0.7681925296783447,0.729057788848877,0.5536377429962158,0.7384698390960693,0.7354215383529663,0.904428005218506,0.9091810584068298,0.8986997604370117,0.8646875619888306,0.9015502333641052,0.9002590775489807,0.1133221164345741,0.1093220114707946,0.1236067190766334,0.1525827199220657,0.1191648244857788,0.1180897057056427,0.694638729095459,0.7054874897003174,0.6967141032218933,0.6450944542884827,0.6789708733558655,0.6784319281578064,68.81269335850358,70.0085500925342,139.89377530449875,181.91606564388889,146.37601736667025,146.4753957312734,0.3374075591564178,0.3342084288597107,0.3480968773365021,0.364221453666687,0.3407150208950043,0.3412458896636963,0.1147373542189598,0.110710896551609,0.1279351264238357,0.1551699191331863,0.1208193153142929,0.1198256164789199,0.9238879680633544,0.925508975982666,0.9067580699920654,0.8419713973999023,0.912552535533905,0.9110962748527528,0.3130968511104584,0.2998972833156585,0.3596341609954834,0.4332264065742492,0.3212349414825439,0.3169109523296356,1.0406969785690308,1.147977352142334,0.9337371587753296,0.9297114610671996,1.3132054805755615,1.280805587768555,27.202787399291992,27.5546989440918,25.93516540527344,23.502588272094727,26.54437828063965,26.68900489807129,0.9557686448097228,0.954635500907898,0.9511690139770508,0.9415847659111024,0.9527758955955504,0.952113389968872,0.8116104586959165,0.8168040321930147,0.7581172388213442,0.6805193390389171,0.7946213882848333,0.8027372329609007,0.8808799982070923,0.8825323581695557,0.8531597852706909,0.7726378440856934,0.8645378947257996,0.8638010025024414,0.5486704111099243,0.5509365797042847,0.5507153868675232,0.5141076445579529,0.5621546506881714,0.553007185459137,0.2963539958000183,0.3025709390640259,0.2944273948669433,0.245220348238945,0.2992444038391113,0.2992340326309204,0.9763712882995604,0.9771448969841005,0.9730268716812134,0.9622248411178588,0.9753677248954772,0.9751134514808656,-0.0459190085530281,-0.0471416302025318,-0.0516553968191146,-0.0584777742624282,-0.0490282028913497,-0.0495060235261917
tmc13_amphoriskos_vox10_dec_geom03_text03_trisoup-predlift.ply,amphoriskos_vox10.ply,TRISOUP_PREDLIFT,3,2.675,0.9852025843922588,0.9962974058152936,0.9970445062436624,0.6869061888651542,0.5886042042375711,0.5502873035418576,0.9350955715617012,0.9394857070248348,0.906429006796432,0.6927868678017152,0.5921238945956387,0.6179042421478539,0.6288708628861659,0.2587418421964141,0.2558342008251334,0.4197837420965008,0.1772634342501585,0.4030061038606854,0.7515019073036209,0.3497361439090202,0.4170338979513025,0.6474311061447743,0.2800990292153289,0.4050143760508251,0.7361853728764713,0.7959617752375909,0.819185873203814,0.9990901520758776,0.9995511371965944,0.9468637380846884,0.8232479088145519,0.6683874299760826,0.9942618455252812,0.9172092422247752,0.3020386726535503,0.761170181020024,0.7419937844460851,0.5082190679465693,0.5310826704004205,0.0034267047266832,0.46297287940979,0.4672442078590393,0.3899263441562652,0.2748352289199829,0.4365245997905731,0.4416609406471252,0.5835198760032654,0.5790122747421265,0.5910207629203796,0.4771417379379272,0.5624233484268188,0.5446538329124451,0.9756171759264228,0.9740069002035728,0.974775863328008,0.8865775405252528,0.9778823309005608,0.9711411412751992,0.0592445135116577,0.0582921504974365,0.0689722895622253,0.1315929889678955,0.0499005317687988,0.0493853092193603,0.8763442635536194,0.8793812990188599,0.8328058123588562,0.6039361357688904,0.8590795397758484,0.842118501663208,0.9556177854537964,0.9577630758285522,0.9536452293395996,0.9156474471092224,0.95414400100708,0.9552912712097168,0.0657401010394096,0.0619230307638645,0.0747272372245788,0.111949011683464,0.0675888583064079,0.0678177922964096,0.8290722966194153,0.8357135057449341,0.8351171612739563,0.7562395930290222,0.8239057660102844,0.8325395584106445,42.73485399075907,44.1522397272556,119.85084023172485,178.98084597362305,117.41004811118634,115.8846591795951,0.2831180393695831,0.2799182534217834,0.2931909561157226,0.336700290441513,0.287143737077713,0.2875833213329315,0.0675572231411933,0.0640642791986465,0.0778137668967247,0.121544636785984,0.0696950629353523,0.0693769231438636,0.9704937934875488,0.9700255393981934,0.9615896940231324,0.8863966464996338,0.9645790457725524,0.9646002650260924,0.2120445221662521,0.20472252368927,0.239901527762413,0.3684439063072204,0.2273944020271301,0.2156545370817184,0.6572360992431641,0.7335748672485352,0.8080815076828003,1.0752195119857788,0.6871563792228699,0.8123148679733276,30.37767791748047,30.745399475097656,29.299375534057617,24.877779006958008,29.7882080078125,30.312299728393555,0.98031485080719,0.9809966087341307,0.9797099232673644,0.9685341119766236,0.9773649573326112,0.9788998961448668,0.902347023606784,0.9040959861821716,0.8742975440758608,0.7709897970262514,0.8925239833445265,0.8996243117441378,0.9486135840415956,0.947969377040863,0.9359993934631348,0.8433089256286621,0.94008207321167,0.9404416084289552,0.7674095034599304,0.7425543665885925,0.5906416773796082,0.5689796805381775,0.7355297207832336,0.7261582016944885,0.4576309025287628,0.4634886085987091,0.461838811635971,0.3601729869842529,0.4593994319438934,0.4705784618854522,0.990342617034912,0.9908979535102844,0.9888377785682678,0.9787371158599854,0.9902435541152954,0.9904849529266356,-0.0289115142077207,-0.0268708132207393,-0.0272924453020095,-0.0410893186926841,-0.0232578851282596,-0.0252681672573089
tmc13_amphoriskos_vox10_dec_geom03_text03_trisoup-raht.ply,amphoriskos_vox10.ply,TRISOUP_RAHT,4,2.05,0.9828868142660704,0.9952340726852752,0.9960429584286868,0.7759037796873666,0.4620752866756183,0.3588434945898708,0.9406362847566846,0.7606369838868792,0.6515544615936543,0.7934975227570851,0.4531967200508017,0.7416544551604172,0.6288708628861659,0.2587418421964141,0.2558342008251334,0.4197837420965008,0.1772634342501585,0.4030061038606854,0.7515019073036209,0.3497361439090202,0.4170338979513025,0.6474311061447743,0.2800990292153289,0.4050143760508251,0.7361853728764713,0.7959617752375909,0.819185873203814,0.9990901520758776,0.9995511371965944,0.9468637380846884,0.8232479088145519,0.6683874299760826,0.9942618455252812,0.9172092422247752,0.3020386726535503,0.761170181020024,0.7419937844460851,0.5082190679465693,0.5310826704004205,0.0034267047266832,0.3818738460540771,0.3962496817111969,0.3475091755390167,0.2520486414432525,0.3603746592998504,0.3622928261756897,0.5835070610046387,0.5766123533248901,0.5881949663162231,0.4787221550941467,0.5593624114990234,0.5434767007827759,0.9724805167972022,0.9700667027287754,0.9692532408757846,0.8790059993725918,0.9727019374273628,0.9658768855939704,0.1147845983505249,0.1223623752593994,0.1084515452384948,0.1546181440353393,0.1289483904838562,0.1298851370811462,0.8493423461914062,0.8530709147453308,0.8234728574752808,0.610448956489563,0.8324694633483887,0.8149487972259521,0.9408358335494996,0.9438453316688538,0.9424367547035216,0.9016326069831848,0.9411253929138184,0.9414607882499696,0.0774295628070831,0.0735711008310318,0.0837434977293014,0.1255133599042892,0.0788109004497528,0.0789292529225349,0.7909362316131592,0.7984235882759094,0.8038982152938843,0.7206861972808838,0.7893808484077454,0.7965322732925415,49.27598286879585,50.36059917073595,118.74785112667286,167.03039727870947,120.13636426763324,119.69485064541192,0.3019899129867553,0.2983657717704773,0.3066490888595581,0.3470935225486755,0.3041248321533203,0.3051193952560425,0.0839733108878135,0.0800856873393058,0.0900804027915,0.133784070611,0.0858589187264442,0.0851189568638801,0.948270320892334,0.94814795255661,0.9451815485954284,0.8674356341362,0.9401025772094728,0.9392733573913574,0.2523978948593139,0.2442568242549896,0.2787021398544311,0.3972136378288269,0.2666859030723572,0.2563183605670929,1.3218482732772827,1.5013771057128906,1.1252354383468628,1.174391269683838,1.421663522720337,1.4489601850509644,28.637523651123047,28.958627700805664,27.74187469482422,24.20404052734375,28.23441696166992,28.63201904296875,0.975025475025177,0.9760823249816896,0.9749679565429688,0.9627623558044434,0.9730371832847596,0.97343909740448,0.823470053581693,0.8270084483229498,0.7870920096808618,0.7007161124105233,0.8113393088605336,0.817954928270561,0.9246308207511902,0.9243857860565186,0.9116160869598388,0.8154053688049316,0.9168726205825806,0.9157589673995972,0.5861226916313171,0.5650762915611267,0.5741201043128967,0.5392851233482361,0.5809227228164673,0.5752442479133606,0.3429651260375976,0.3468040823936462,0.3623082637786865,0.2813299894332886,0.3481484055519104,0.3527360260486603,0.9841102361679076,0.9848070740699768,0.9835890531539916,0.9712628722190856,0.9837979078292848,0.9838013648986816,-0.0430905111134052,-0.0395256988704204,-0.041738137602806,-0.0527970753610134,-0.042136263102293,-0.0436150543391704
tmc13_amphoriskos_vox10_dec_geom04_text04_octree-predlift.ply,amphoriskos_vox10.ply,OCTREE_PRED_LIFT,1,4.375,0.9878983876439767,0.9971262803352532,0.9976954572286554,0.8834329733692016,0.732461859165448,0.6850404782394832,0.9199434854039358,0.955509615979081,0.9492146763387524,0.8875055101685665,0.7866693136809445,0.8538638638239506,0.6714823092967357,0.3417685957407912,0.3406282572302149,0.3246125169427972,0.1772634342501585,0.4030061038606854,0.8420516727550484,0.3807349051790904,0.49341841367311,0.3634089742343006,0.194617717888124,0.1598860045002306,0.906540564549344,0.8617120437043697,0.6342407880679433,1.000657901512397,0.9994812784949436,0.8992257846602142,0.7963411818418603,0.8411296722584429,0.9946011956316448,0.9438261997608036,0.4357556603975071,0.7380027966622519,0.7161268224682272,0.6129640467177103,0.3840142013289235,0.000513774156468,0.4977725148200989,0.4995028972625732,0.4396872520446777,0.3251557052135467,0.465712308883667,0.4728713929653168,0.5850969552993774,0.5830094218254089,0.578224241733551,0.5145238637924194,0.5629350543022156,0.5470414161682129,0.9915151439420156,0.9920310731870216,0.9875282214762772,0.9632493336777824,0.9911078836527883,0.9908344327075804,0.0505222082138061,0.0484663844108581,0.0543799400329589,0.0732479095458984,0.0437004566192626,0.0370712876319885,0.9144481420516968,0.9110236167907716,0.8740028738975525,0.7932533621788025,0.8840476870536804,0.8927540183067322,0.9675845503807068,0.9686943292617798,0.9621784090995787,0.9411505460739136,0.9642740488052368,0.9671517610549928,0.0498722530901432,0.0478707030415535,0.0628658011555671,0.0868683084845542,0.0555404089391231,0.0512648113071918,0.8730774521827698,0.875545859336853,0.8591991066932678,0.8155308365821838,0.8593200445175171,0.8699579238891602,86.4434172643453,89.71439821921524,110.96174565094636,136.30130831111802,107.65189188119194,105.55163103418576,0.262222021818161,0.2586440443992615,0.2787017822265625,0.3094531893730163,0.2697159945964813,0.2641444504261017,0.0525012910366058,0.050707072019577,0.0667176768183708,0.0922941341996193,0.0582561753690242,0.0535081326961517,0.9795617461204528,0.9796007871627808,0.9709979295730592,0.9304574728012084,0.9749011993408204,0.9766004085540771,0.1836031526327133,0.1790988445281982,0.2282638549804687,0.3124093413352966,0.1999270021915435,0.18406942486763,0.5235844254493713,0.5554681420326233,0.5914490222930908,0.6654499173164368,0.8083088397979736,0.892448902130127,31.578510284423828,31.8023681640625,29.53312110900879,25.82229995727539,30.567331314086918,31.184083938598636,0.9852637648582458,0.9851709008216858,0.982026994228363,0.9766294956207277,0.9828747510910034,0.984355330467224,0.9170707988728684,0.9189005651484576,0.8829621531455958,0.8003634493826347,0.907093586896125,0.9157467834544112,0.9624032974243164,0.9626504182815552,0.9489620923995972,0.8901692628860474,0.9546726942062378,0.9574979543685912,0.8098475933074951,0.8217830061912537,0.7738929390907288,0.7446905970573425,0.7591371536254883,0.8252200484275818,0.5013707280158997,0.5105398893356323,0.4758533835411072,0.3871276974678039,0.4982115030288696,0.5164777040481567,0.99286288022995,0.993289351463318,0.9911512732505798,0.9860662221908568,0.9924761056900024,0.9931268095970154,-0.0233154390007257,-0.0233395639806985,-0.0229600965976715,-0.0323861129581928,-0.0205946192145347,-0.0188011545687913
tmc13_amphoriskos_vox10_dec_geom04_text04_octree-raht.ply,amphoriskos_vox10.ply,OCTREE_RAHT,2,3.7,0.9873439667439462,0.9966434711794332,0.9971742814474251,0.8489935324967207,0.5742988912246196,0.4970949615210181,0.9269018709884538,0.8825721045283184,0.832365745036458,0.8469209486002285,0.599244766637012,0.8100807984467107,0.6714823092967357,0.3417685957407912,0.3406282572302149,0.3246125169427972,0.1772634342501585,0.4030061038606854,0.8420516727550484,0.3807349051790904,0.49341841367311,0.3634089742343006,0.194617717888124,0.1598860045002306,0.906540564549344,0.8617120437043697,0.6342407880679433,1.000657901512397,0.9994812784949436,0.8992257846602142,0.7963411818418603,0.8411296722584429,0.9946011956316448,0.9438261997608036,0.4357556603975071,0.7380027966622519,0.7161268224682272,0.6129640467177103,0.3840142013289235,0.000513774156468,0.4539506137371063,0.4645903706550598,0.4185369908809662,0.3300426304340362,0.4324139654636383,0.4390523135662079,0.5882756114006042,0.5805812478065491,0.5791575312614441,0.5152378082275391,0.5599673986434937,0.54542475938797,0.9891738127326224,0.9894406978922716,0.9864766207313128,0.9597020725536016,0.9895830528329388,0.9869047354263564,0.0651238560676574,0.0617338418960571,0.0693257451057434,0.0944985747337341,0.0654149055480957,0.0715680122375488,0.9091041684150696,0.9059098958969116,0.8696820139884949,0.7943074703216553,0.8797209858894348,0.8808038830757141,0.9595082402229308,0.9605883359909058,0.9548006653785706,0.9348580837249756,0.9553783535957336,0.957281231880188,0.0570709072053432,0.0556721277534961,0.069909356534481,0.0916256308555603,0.0637887865304946,0.0609463788568973,0.8474442362785339,0.8496758341789246,0.8353434205055237,0.7952872514724731,0.8315239548683167,0.8393823504447937,87.98654731572402,91.15219942282032,112.41506949738722,133.25353993260308,109.25442970380972,107.98699703117362,0.2766320407390594,0.2741060853004455,0.2912046313285827,0.3177322149276733,0.2846064269542694,0.2824209034442901,0.059937447309494,0.0583446770906448,0.0738772228360176,0.0960495322942733,0.066509261727333,0.0633681043982505,0.9709140062332152,0.9704065322875975,0.960310399532318,0.9198064804077148,0.964797019958496,0.9647927284240724,0.2054753899574279,0.2017342299222946,0.2520624101161957,0.3285304307937622,0.224780797958374,0.2118642628192901,0.685975968837738,0.7071144580841064,0.7638264894485474,0.6542683243751526,0.9865100979804992,0.9951289892196656,30.572265625,30.785913467407227,28.685382843017575,25.49053955078125,29.617267608642575,30.127992630004883,0.9823145866394044,0.982405960559845,0.9793736338615416,0.9743627905845642,0.9792066216468812,0.9803903102874756,0.8797017921262824,0.881337199257422,0.8380486347970348,0.7647184512722959,0.8664994364861763,0.8735367499020467,0.9472712278366088,0.9464422464370728,0.9309894442558287,0.8718711733818054,0.9369717836380004,0.9375585317611694,0.7528413534164429,0.7490226030349731,0.7120568156242371,0.7100898623466492,0.7285135388374329,0.7527746558189392,0.4302257299423218,0.4350236356258392,0.4135343134403229,0.3356489539146423,0.4246258437633514,0.4337750971317291,0.9911739230155944,0.9914728403091432,0.9892220497131348,0.9839229583740234,0.9905019402503968,0.990995228290558,-0.0296213086694479,-0.027603693306446,-0.0298964232206344,-0.0379376821219921,-0.0265577342361211,-0.025839889422059
tmc13_amphoriskos_vox10_dec_geom04_text04_trisoup-predlift.ply,amphoriskos_vox10.ply,TRISOUP_PREDLIFT,3,2.725,0.9866098250138676,0.9978213620334252,0.998188981125557,0.734192073930382,0.6439952765877557,0.607333141531895,0.92685934680378,0.9378510707042614,0.918558641466433,0.7377688368539368,0.6440880148129423,0.6700139929990965,0.6288708628861659,0.2587418421964141,0.2558342008251334,0.4197837420965008,0.1772634342501585,0.4030061038606854,0.7515019073036209,0.3497361439090202,0.4170338979513025,0.6474311061447743,0.2800990292153289,0.4050143760508251,0.7361853728764713,0.7959617752375909,0.819185873203814,0.9990901520758776,0.9995511371965944,0.9468637380846884,0.8232479088145519,0.6683874299760826,0.9942618455252812,0.9172092422247752,0.3020386726535503,0.761170181020024,0.7419937844460851,0.5082190679465693,0.5310826704004205,0.0034267047266832,0.4695168435573578,0.474871963262558,0.4039922654628753,0.270916223526001,0.4459242522716522,0.4461630284786224,0.5875237584114075,0.5829179286956787,0.5934664011001587,0.4826840162277221,0.5665351152420044,0.5525006651878357,0.979626717145092,0.9775203129659632,0.97682060496709,0.8948926969926896,0.9828609031366982,0.9773158163792204,0.0411614179611206,0.0468248724937438,0.0553970336914062,0.1215894222259521,0.0437040328979492,0.0369189977645874,0.8908144235610962,0.8946449160575867,0.8431345820426941,0.6158332824707031,0.8707655668258667,0.8540588021278381,0.967295229434967,0.969429612159729,0.9633891582489014,0.92569762468338,0.9662317633628844,0.9668118953704834,0.0586003027856349,0.0542460195720195,0.0691478103399276,0.1080317422747612,0.0607449151575565,0.0608068704605102,0.8554606437683105,0.8629451394081116,0.8580450415611267,0.7758980393409729,0.8499521017074585,0.8592272996902466,38.09742318971218,38.01581109819435,114.786120483348,172.7281588720221,112.94403139992144,110.29914280136234,0.2640717029571533,0.2588477730751037,0.2788570821285248,0.3293559849262237,0.2687703371047973,0.2690698206424713,0.0607637241482734,0.0568514429032802,0.0725894272327423,0.118356853723526,0.0630565285682678,0.062831163406372,0.9791053533554076,0.9790072441101074,0.970946967601776,0.8983172178268433,0.9748960733413696,0.9746304750442504,0.1972603797912597,0.1895637363195419,0.2264382541179657,0.3590424060821533,0.2122061103582382,0.2011714875698089,0.597603440284729,0.6588819622993469,0.6613796949386597,1.059640645980835,0.6060454249382019,0.7365056276321411,30.79006576538086,31.20406723022461,29.66493225097656,24.98299789428711,30.173904418945312,30.750919342041016,0.98466295003891,0.98557049036026,0.9834297299385072,0.972144603729248,0.9813165068626404,0.9831756353378296,0.9194681359084704,0.921714153438583,0.8945048280515259,0.7892416720280935,0.9122564655766836,0.9179123378896974,0.964206337928772,0.9641114473342896,0.9520630240440368,0.8627089262008667,0.9581522941589355,0.9579929709434508,0.7871819734573364,0.780464231967926,0.6102157831192017,0.5751331448554993,0.7551208138465881,0.7587071657180786,0.5024978518486023,0.5110768675804138,0.4979506433010101,0.3902774751186371,0.506944477558136,0.5184357762336731,0.992962658405304,0.9936307072639464,0.9912115931510924,0.9815042614936828,0.992969810962677,0.9930870532989502,-0.0250566191971302,-0.0229891799390316,-0.0228927843272686,-0.0373660065233707,-0.0192014537751674,-0.0207735821604728
tmc13_amphoriskos_vox10_dec_geom04_text04_trisoup-raht.ply,amphoriskos_vox10.ply,TRISOUP_RAHT,4,2.45,0.9853543323436192,0.997152645117968,0.9975720101771532,0.8286799783159332,0.592495786139784,0.4959379185176003,0.9362311019874716,0.8495551965197724,0.7728599033402256,0.8406274601273761,0.5924732680130553,0.7950942689194505,0.6288708628861659,0.2587418421964141,0.2558342008251334,0.4197837420965008,0.1772634342501585,0.4030061038606854,0.7515019073036209,0.3497361439090202,0.4170338979513025,0.6474311061447743,0.2800990292153289,0.4050143760508251,0.7361853728764713,0.7959617752375909,0.819185873203814,0.9990901520758776,0.9995511371965944,0.9468637380846884,0.8232479088145519,0.6683874299760826,0.9942618455252812,0.9172092422247752,0.3020386726535503,0.761170181020024,0.7419937844460851,0.5082190679465693,0.5310826704004205,0.0034267047266832,0.4079780280590057,0.4198583662509918,0.3708497285842895,0.2602428495883941,0.3839921057224273,0.3833338022232055,0.5890214443206787,0.5840072631835938,0.592762291431427,0.4861803352832794,0.5684891939163208,0.5537756085395813,0.9783980830114676,0.976862770218575,0.9764035998917796,0.8923158199242297,0.9818738477148734,0.9761911184115266,0.0698129534721374,0.0686343312263488,0.0746796131134033,0.1364185810089111,0.0707766413688659,0.0802290439605712,0.8804405927658081,0.8851600885391235,0.8423826694488525,0.6288918852806091,0.8650473952293396,0.8438953161239624,0.9619446396827698,0.963653028011322,0.9579817056655884,0.9207419753074646,0.9611982703208924,0.961779773235321,0.0620699562132358,0.0583419352769851,0.0725302174687385,0.1115682721138,0.0629588440060615,0.0638356655836105,0.8405289649963379,0.8473649024963379,0.8423624634742737,0.7624959349632263,0.8369418978691101,0.8451502323150635,40.95518041546217,40.7428515696587,111.3849266436222,158.78801590923723,109.57049413675712,108.89003677362837,0.272724449634552,0.2692202627658844,0.2858403921127319,0.3325743973255157,0.2757823765277862,0.2773739099502563,0.0665585845708847,0.0629029721021652,0.0771946683526039,0.1217511743307113,0.0679342672228813,0.0681942552328109,0.9677032232284546,0.9675629138946532,0.9621022939682008,0.8896414637565613,0.9623481631278992,0.9612767696380616,0.2231042385101318,0.2144078016281128,0.2513791918754577,0.3764899373054504,0.2368275374174118,0.2260014414787292,0.8358809351921082,0.960343897342682,0.7685969471931458,0.9488455653190612,0.8391943573951721,0.9527018666267396,29.589031219482425,29.97804450988769,28.58475112915039,24.573360443115234,29.12111473083496,29.60892868041992,0.982720673084259,0.9834163784980774,0.9816103577613832,0.970088541507721,0.979357361793518,0.9815081357955932,0.8656492077945828,0.8685770365670469,0.8341085689544503,0.7401218299445914,0.8563380228579773,0.8613334707287557,0.9534281492233276,0.9526273608207704,0.9388917684555054,0.8506352305412292,0.9478084444999696,0.9466968774795532,0.7306075692176819,0.7017229199409485,0.6266489028930664,0.5836853384971619,0.7177824974060059,0.6993116736412048,0.4113993048667907,0.416157454252243,0.4185435771942138,0.3297377228736877,0.417864054441452,0.4235212206840515,0.9904877543449402,0.9911161661148072,0.9891257286071776,0.9790278077125548,0.9905081391334534,0.9904369115829468,-0.0326632596552372,-0.0295018944889307,-0.0275621637701988,-0.0421863980591297,-0.0259446911513805,-0.0282777734100818
tmc13_amphoriskos_vox10_dec_geom05_text05_octree-predlift.ply,amphoriskos_vox10.ply,OCTREE_PRED_LIFT,1,4.6,0.9934997855537864,0.9984612497519232,0.9987104448915206,0.9323551394058666,0.8015111144802939,0.7486578052802724,0.8963307741825545,0.9332901852440856,0.93087653435459,0.9342603731257968,0.8334836918864098,0.9132390028842812,0.5565938992343721,0.2807507482729431,0.2784136327352927,0.2746625449274384,0.1772634342501585,0.4030061038606854,0.7608971463437644,0.3266351738434869,0.4751277986942502,0.278151544167266,0.1580384492005746,0.0999646734974859,0.9603937539689124,0.9348585737662763,0.7403779870124503,0.9812713947968216,0.9812001088842968,0.871279902077478,0.8782418716260069,0.9311198481949446,0.9958827987522793,0.9519761249285228,0.5296158688224258,0.7849134538998511,0.7707818596172908,0.6772054281588166,0.2905892351436039,0.0007447162261741,0.5022932887077332,0.5102665424346924,0.4611960351467132,0.3936149477958679,0.4800393581390381,0.4874978959560394,0.5864896178245544,0.5805628299713135,0.5799540281295776,0.5239771008491516,0.5644195675849915,0.5480630993843079,0.9930697335295686,0.9942601634145912,0.9942355212736576,0.9836999184541548,0.994831452738534,0.9950808381521852,0.0307630896568298,0.0271856784820556,0.0319149494171142,0.0542438030242919,0.0334437489509582,0.0303912162780761,0.9350287914276124,0.9349748492240906,0.9098427295684814,0.8660088181495667,0.9143531322479248,0.920526921749115,0.9776727557182312,0.9785720109939576,0.9719635248184204,0.9575469493865968,0.9753940105438232,0.977147340774536,0.0415807254612445,0.0393971092998981,0.0529767870903015,0.0735686868429184,0.046314287930727,0.0425275452435016,0.8967958688735962,0.9031556844711304,0.8868967294692993,0.8482295870780945,0.8880422115325928,0.8982533812522888,28.439501191772354,25.893811432869175,95.4191501732694,108.82989289261076,94.30593028861996,92.02917748977734,0.2391537576913833,0.2350130379199981,0.2586953341960907,0.2907413840293884,0.2463803440332412,0.2399241179227829,0.0450830496847629,0.042496420443058,0.0573971718549728,0.078271746635437,0.0495156161487102,0.0456455908715724,0.9873330593109132,0.9873006343841552,0.9799669981002808,0.9551143050193788,0.984204888343811,0.9849302768707277,0.1667622029781341,0.1636642813682556,0.2085007429122924,0.2737317979335785,0.1833111047744751,0.1690653413534164,0.3857409656047821,0.3958886563777923,0.4493629336357116,0.5054901838302612,0.6170738339424133,0.607981264591217,32.13587951660156,32.51301193237305,30.419662475585938,26.58855438232422,31.38686180114746,32.0371208190918,0.9882386922836304,0.9893079996109008,0.9857917428016664,0.9817529916763306,0.9866760969161988,0.9880831837654114,0.939179227939136,0.9400669124372512,0.9097374150353612,0.844114142612228,0.9317833807942584,0.937956966033152,0.9763083457946776,0.9763736724853516,0.9647897481918336,0.9218662977218628,0.9713685512542723,0.9731909036636353,0.8605349063873291,0.8684722185134888,0.8368725180625916,0.82417893409729,0.8594467043876648,0.8783115148544312,0.5611615777015686,0.5682713985443115,0.5224182605743408,0.4321077466011047,0.560518741607666,0.5776256322860718,0.995283842086792,0.995725691318512,0.993793785572052,0.9904773235321044,0.9951242804527284,0.9955666661262512,-0.0186368115246295,-0.016360180452466,-0.0189411453902721,-0.0225115101784467,-0.0150570450350642,-0.0157367810606956
tmc13_amphoriskos_vox10_dec_geom05_text05_octree-raht.ply,amphoriskos_vox10.ply,OCTREE_RAHT,2,4.475,0.9934205820968568,0.9981929331770744,0.9983785447088112,0.914350053959356,0.7143107244762475,0.6317982999858612,0.9010611448900692,0.9134288846990256,0.8848091570700664,0.9131695474711649,0.7342380746299586,0.8898664969206236,0.5565938992343721,0.2807507482729431,0.2784136327352927,0.2746625449274384,0.1772634342501585,0.4030061038606854,0.7608971463437644,0.3266351738434869,0.4751277986942502,0.278151544167266,0.1580384492005746,0.0999646734974859,0.9603937539689124,0.9348585737662763,0.7403779870124503,0.9812713947968216,0.9812001088842968,0.871279902077478,0.8782418716260069,0.9311198481949446,0.9958827987522793,0.9519761249285228,0.5296158688224258,0.7849134538998511,0.7707818596172908,0.6772054281588166,0.2905892351436039,0.0007447162261741,0.4749760627746582,0.4868960380554199,0.4392734169960022,0.3804490566253662,0.4543297886848449,0.4563789367675781,0.5874631404876709,0.581746518611908,0.5814963579177856,0.5230323672294617,0.5634372234344482,0.5459378957748413,0.9926682765005324,0.99382462199122,0.9941668814851936,0.982802512145268,0.9942335674684382,0.9940490098212192,0.036691129207611,0.0341795682907104,0.0453478097915649,0.0651508569717407,0.0444438457489013,0.0484720468521118,0.9334837198257446,0.9337050318717957,0.9097030758857728,0.8670254945755005,0.9119545817375184,0.9162417650222778,0.9749939441680908,0.9760103821754456,0.969404399394989,0.9556943774223328,0.9723827838897704,0.9736825227737428,0.0432717129588127,0.0410087034106254,0.0546967610716819,0.0745330601930618,0.0483664833009243,0.0451046451926231,0.8875583410263062,0.8942613005638123,0.8776871562004089,0.8410015106201172,0.8780435919761658,0.8866649270057678,30.517800537746243,26.84537245655976,95.24356909267368,108.44760543523655,95.24324599605151,93.09708330986656,0.2454334497451782,0.2414258420467376,0.2635287344455719,0.2937118411064148,0.2523804903030395,0.2487915754318237,0.0470695421099662,0.044380810111761,0.0593985132873058,0.0790554955601692,0.0519011169672012,0.0486519485712051,0.9837998151779176,0.9836432933807372,0.9756722450256348,0.9507797956466676,0.9799181818962096,0.9802008867263794,0.1774755418300628,0.1743785142898559,0.2193481922149658,0.2804406881332397,0.1952676177024841,0.1822887659072876,0.4556412398815155,0.5040513277053833,0.5354580283164978,0.5439210534095764,0.6888110637664795,0.7036030888557434,31.62659072875977,31.979887008666992,29.92958068847656,26.399921417236328,30.877685546875,31.447364807128903,0.98737370967865,0.9885756969451904,0.984844207763672,0.9811904430389404,0.9854843020439148,0.9870666265487672,0.9186884524451282,0.9194424632090128,0.8840910731070292,0.8234227090460522,0.909553642516503,0.9141539157860684,0.9700181484222412,0.96980082988739,0.9572931528091432,0.914592742919922,0.964067816734314,0.964688003063202,0.8476336002349854,0.8565247654914856,0.8056114912033081,0.8159216642379761,0.8398109078407288,0.8609687685966492,0.5145792961120605,0.5202490091323853,0.4843198657035827,0.39938485622406,0.5118412971496582,0.5224648714065552,0.9946829080581664,0.9951542019844056,0.9931409358978271,0.9898805022239684,0.9944336414337158,0.9948222041130066,-0.0205044671893119,-0.0188342407345771,-0.0199680663645267,-0.0228994973003864,-0.0181289594620466,-0.0178967304527759
tmc13_amphoriskos_vox10_dec_geom05_text05_trisoup-predlift.ply,amphoriskos_vox10.ply,TRISOUP_PREDLIFT,3,3.1,0.985009300941884,0.9985756610135964,0.9989017438635016,0.738296793894912,0.6569165341979248,0.6302572374767124,0.9252913222686469,0.9379148619665746,0.914488308212522,0.7396409894040862,0.6472987658526452,0.6729063348514797,0.4929519032461878,0.2117486573464508,0.2029138624259278,0.3242047742352636,0.1772634342501585,0.4030061038606854,0.7230872333677113,0.3129857322212094,0.4411068732859386,0.5796135010293714,0.2467201511806233,0.3744779090147111,0.6927502116365492,0.7500939245880492,0.8169379252815031,0.999857737921868,0.9989854639369786,0.9340703040407614,0.8385857600075711,0.6025663290320084,0.99093293199485,0.9236683220658962,0.3285713932001676,0.6445248672331143,0.6184613274272479,0.5221503719096426,0.5162217713360978,0.0025313590740348,0.4770561158657074,0.4873549044132232,0.4214843213558197,0.3081447184085846,0.4666352868080139,0.4731132686138153,0.5960338711738586,0.5904543995857239,0.5954201817512512,0.5111144781112671,0.5765300393104553,0.5621259808540344,0.9901103621994948,0.9909501123839156,0.9868714769185154,0.9436778080879952,0.9942380793688386,0.9941905274245312,0.0253682136535644,0.0246016979217529,0.0493039488792419,0.1027790307998657,0.0256470441818237,0.0231629610061645,0.9207780361175536,0.9266908168792723,0.8643098473548889,0.6739047169685364,0.9066354036331176,0.916727602481842,0.9766306281089784,0.9793971180915833,0.9708715677261353,0.9440236687660216,0.976470947265625,0.9798176288604736,0.049537144601345,0.0440488494932651,0.0635359212756156,0.097302071750164,0.0509795919060707,0.0434194803237915,0.8820005655288696,0.892027735710144,0.8738349080085754,0.8184584379196167,0.8824183940887451,0.897230863571167,30.648610031976347,27.6877398674189,107.54771747919308,161.8278130992647,100.99537248660208,97.60766728022,0.2464698851108551,0.2366725504398346,0.2675465643405914,0.3128710687160492,0.2509488463401794,0.2391225099563598,0.0518907122313976,0.0463085360825061,0.0669370964169502,0.1065780147910118,0.0529862530529499,0.0459607914090156,0.9858874082565308,0.9870443344116212,0.9779456853866576,0.9209536910057068,0.9838399291038512,0.9858624935150146,0.1838773339986801,0.1663485318422317,0.2151837348937988,0.3251248896121979,0.1893053352832794,0.1722277998924255,0.3655886650085449,0.5233405828475952,0.6544591784477234,0.620206356048584,0.4704602062702179,0.494945615530014,31.154014587402344,31.82534408569336,29.96102333068848,25.48501205444336,30.95371437072754,31.64221954345703,0.9867348670959472,0.9888269901275636,0.9855477809906006,0.9800976514816284,0.9865459203720092,0.9892234802246094,0.9318742712720752,0.9355549868820574,0.9045034859703062,0.8132150298608091,0.925678058669374,0.934509186230326,0.9763051867485046,0.9775959253311156,0.9631458520889282,0.8913478851318359,0.9724563360214232,0.9759048819541932,0.8624977469444275,0.8749702572822571,0.6353769898414612,0.6266635060310364,0.7999035120010376,0.8633983731269836,0.5371871590614319,0.5510555505752563,0.5156506896018982,0.4356346726417541,0.5413079261779785,0.5648134350776672,0.9948055148124696,0.9958308339118958,0.993049681186676,0.986043095588684,0.9951229095458984,0.9960578083992004,-0.0190901029855012,-0.0189766958355903,-0.0191165171563625,-0.0327203348278999,-0.015471464022994,-0.0152238672599196
tmc13_amphoriskos_vox10_dec_geom05_text05_trisoup-raht.ply,amphoriskos_vox10.ply,TRISOUP_RAHT,4,3.1,0.9842268687162092,0.9981538694471792,0.9984865530952932,0.8158629800514825,0.690803713751197,0.6134926732999738,0.9316014456927256,0.9048733717104448,0.8560554581558051,0.8238312331940533,0.6828645528564378,0.77521014121465,0.4929519032461878,0.2117486573464508,0.2029138624259278,0.3242047742352636,0.1772634342501585,0.4030061038606854,0.7230872333677113,0.3129857322212094,0.4411068732859386,0.5796135010293714,0.2467201511806233,0.3744779090147111,0.6927502116365492,0.7500939245880492,0.8169379252815031,0.999857737921868,0.9989854639369786,0.9340703040407614,0.8385857600075711,0.6025663290320084,0.99093293199485,0.9236683220658962,0.3285713932001676,0.6445248672331143,0.6184613274272479,0.5221503719096426,0.5162217713360978,0.0025313590740348,0.4465691149234772,0.4574157297611236,0.3954509198665619,0.3047999441623688,0.4307698905467987,0.4286732673645019,0.5974413156509399,0.5915729999542236,0.5964961051940918,0.5120185017585754,0.5764977335929871,0.562753438949585,0.9898503570384418,0.99051036994584,0.986655323332706,0.9428246592014832,0.9936211766092604,0.9935730181862924,0.0393013954162597,0.0362794995307922,0.0608682632446289,0.1049939393997192,0.0361826419830322,0.0391943454742431,0.9182507395744324,0.9248852729797364,0.8665065169334412,0.6869237422943115,0.905038058757782,0.9156036972999572,0.974077045917511,0.97695791721344,0.968129813671112,0.9417967796325684,0.9741456508636476,0.9778034090995787,0.0507600270211696,0.0453525893390178,0.0656891837716102,0.098376952111721,0.0520355589687824,0.0443236008286476,0.8741905689239502,0.8849694132804871,0.8649494647979736,0.8121322393417358,0.8760099411010742,0.8906866312026978,32.264021564850054,30.590188816428128,106.0111642071114,149.0659864138525,99.04542403068449,95.87127244759364,0.2513713836669922,0.2416305691003799,0.271576464176178,0.3144492506980896,0.2549680471420288,0.2432840168476104,0.0537784695625305,0.0481463484466075,0.0692278370261192,0.1070181056857109,0.0546980984508991,0.0475587323307991,0.9808459281921388,0.9819531440734864,0.9735126495361328,0.9170565009117126,0.9780871272087096,0.9796813726425172,0.1971621364355087,0.1794520616531372,0.229619026184082,0.3347708582878113,0.2015927731990814,0.1857652068138122,0.4920377433300018,0.6170486807823181,0.7085755467414856,0.6388608813285828,0.6062079071998596,0.6326118111610413,30.545204162597656,31.164400100708008,29.351119995117188,25.26546859741211,30.347808837890625,30.9768123626709,0.9855384826660156,0.9878947734832764,0.9845594763755798,0.9792035818099976,0.9860162734985352,0.9883999228477478,0.9013770502992842,0.9059048937522765,0.8699371883692322,0.7846690897768986,0.8936086822693451,0.9013582514180584,0.9709565043449402,0.9724194407463074,0.9565419554710388,0.8860645294189453,0.9671478271484376,0.9706019759178162,0.8453237414360046,0.8478278517723083,0.660017192363739,0.6421410441398621,0.7756257653236389,0.8460446000099182,0.4786576628684997,0.4902404844760895,0.4662741720676422,0.3927943706512451,0.4833157956600189,0.4994983971118927,0.9938506484031676,0.994868814945221,0.9921281337738036,0.9850577116012572,0.9941903352737428,0.9950761198997498,-0.0236140079796314,-0.0219705924391746,-0.0212474837899208,-0.0345102287828922,-0.0186637472361326,-0.0185932125896215
tmc13_amphoriskos_vox10_dec_geom06_text06_octree-predlift.ply,amphoriskos_vox10.ply,OCTREE_PRED_LIFT,1,4.75,0.9957514872413746,0.9991516571987688,0.9992297495983676,0.955824668176519,0.865698784399571,0.8108866928221886,0.874257173243398,0.9152960947477042,0.9106785475710072,0.9568695189023516,0.8781259032761156,0.9431268581778144,0.51481373016827,0.2546327141355292,0.2579866117164436,0.2601856241156657,0.1772634342501585,0.4030061038606854,0.7281592144496216,0.3058208785187686,0.4702334709037347,0.3169227327426842,0.1727480204941625,0.1472550705316237,0.9712436466492016,0.9606463043962584,0.8206814980327897,0.9592200667204418,0.9605094766459554,0.845195712991433,0.9243055188471644,0.961974736935604,0.99705704849829,0.959864255467098,0.6025139242053258,0.8400823723424754,0.8303437724110434,0.7273951772680327,0.2225335818208751,0.0011322989258699,0.5098617672920227,0.516211748123169,0.4748696386814117,0.4387976825237274,0.4895375370979309,0.4889282286167145,0.5852437019348145,0.5810571908950806,0.5785276889801025,0.5228691101074219,0.5645573735237122,0.5460096001625061,0.9853245657375584,0.9885269139883026,0.9945333720472944,0.987772572612475,0.9920224567471724,0.9918602758914572,0.0253635048866271,0.0218589305877685,0.020742654800415,0.0309596061706542,0.0236204266548156,0.0166726112365722,0.941500723361969,0.9425880312919616,0.93220055103302,0.906769335269928,0.93219256401062,0.9321216344833374,0.9809844493865968,0.9823296666145324,0.9764325618743896,0.967674434185028,0.9794048070907592,0.9803326725959778,0.0428461804986,0.039532471448183,0.0504519827663898,0.0648054257035255,0.0462830252945423,0.0442241169512271,0.9099048376083374,0.9161109924316406,0.903892457485199,0.8821550607681274,0.9035238027572632,0.9066816568374634,20.79371144191805,24.27504653798227,80.57937786307065,91.02825278504486,82.96563541731973,82.81843479490138,0.2352089881896972,0.2297499328851699,0.2522826790809631,0.2757832705974579,0.2399834543466568,0.23526431620121,0.0456899143755435,0.042395681142807,0.0536017082631588,0.0687628909945488,0.0488298572599887,0.0465186387300491,0.9899461269378662,0.990225911140442,0.9850438833236694,0.9673609733581544,0.9876613020896912,0.9882749915122986,0.1575638800859451,0.1531353741884231,0.1926055401563644,0.2459320873022079,0.1708361208438873,0.1654967665672302,0.342738389968872,0.3198186755180359,0.3751552402973175,0.3840784430503845,0.3920836746692657,0.3831882774829864,32.30348587036133,32.79037857055664,30.90757369995117,27.236440658569336,31.80765151977539,32.20301818847656,0.9899734258651732,0.9907684326171876,0.9883071184158324,0.9856612086296082,0.9887112379074096,0.9886823296546936,0.9510957476852676,0.9528421079264132,0.9305692598611658,0.8742968215188878,0.945899235834778,0.950117798170742,0.9815196394920348,0.9821125268936156,0.9737749099731444,0.9415881037712096,0.977947473526001,0.9793529510498048,0.9032093286514282,0.9079289436340332,0.8936881422996521,0.8940511345863342,0.8990663886070251,0.906013548374176,0.6065254211425781,0.6179701685905457,0.5744467377662659,0.4878622889518738,0.6096569895744324,0.6239902377128601,0.9960227012634276,0.996467113494873,0.994805097579956,0.9927894473075868,0.99595707654953,0.9963102340698242,-0.0163284000009298,-0.0151688214391469,-0.0124540468677878,-0.0167891252785921,-0.0123064126819372,-0.0127123463898897
tmc13_amphoriskos_vox10_dec_geom06_text06_octree-raht.ply,amphoriskos_vox10.ply,OCTREE_RAHT,2,4.85,0.995746837630669,0.9989530515185652,0.9990223260059644,0.9468978162160204,0.8134085486916777,0.7460309760462258,0.8757948328242732,0.912231834323056,0.9061438025063848,0.9466968664331188,0.8341644474011439,0.9308409946123928,0.51481373016827,0.2546327141355292,0.2579866117164436,0.2601856241156657,0.1772634342501585,0.4030061038606854,0.7281592144496216,0.3058208785187686,0.4702334709037347,0.3169227327426842,0.1727480204941625,0.1472550705316237,0.9712436466492016,0.9606463043962584,0.8206814980327897,0.9592200667204418,0.9605094766459554,0.845195712991433,0.9243055188471644,0.961974736935604,0.99705704849829,0.959864255467098,0.6025139242053258,0.8400823723424754,0.8303437724110434,0.7273951772680327,0.2225335818208751,0.0011322989258699,0.4969159066677093,0.5046829581260681,0.4642768800258636,0.4228900074958801,0.476365327835083,0.4744440019130707,0.5860843658447266,0.5815231800079346,0.5806215405464172,0.52370685338974,0.565297544002533,0.5455847382545471,0.9854065943524368,0.9883721147607488,0.9945612743774136,0.9872847203195536,0.9916702506510694,0.9918059522905128,0.0309342741966247,0.0257879495620727,0.0281077027320861,0.0333349108695983,0.0247305631637573,0.0200777053833007,0.9419472217559814,0.9431167840957642,0.9301248788833618,0.9053660035133362,0.9307789206504822,0.9326677322387696,0.9802343249320984,0.98142009973526,0.975452959537506,0.9671614170074464,0.9783996343612672,0.979113757610321,0.0430554039776325,0.0401055105030536,0.0514940544962883,0.0655094236135482,0.0469906218349933,0.0449817590415477,0.907571017742157,0.9128887057304382,0.8998697400093079,0.8793877959251404,0.8995215892791748,0.902746856212616,22.01110780406165,24.34886968379136,83.09643442322923,93.17376397413696,84.28949320174048,83.59701275234495,0.2366431355476379,0.2319080978631973,0.2542316317558288,0.2769736051559448,0.2422424405813217,0.2385147362947464,0.0459593571722507,0.0429541356861591,0.054562646895647,0.069108746945858,0.0496320873498916,0.0473067797720432,0.9887070655822754,0.9888798594474792,0.9832212328910828,0.9656858444213868,0.9859870672225952,0.9864479303359984,0.1612206399440765,0.1576398462057113,0.1976325213909149,0.2486396133899688,0.1758293360471725,0.1708640158176422,0.3590116202831268,0.3558242619037628,0.4020797908306122,0.3890992105007171,0.4120025038719177,0.4251530468463897,32.11521530151367,32.556522369384766,30.656099319458008,27.137474060058597,31.5786190032959,31.96183967590332,0.9898343682289124,0.9904681444168092,0.987941026687622,0.9854451417922974,0.9884703159332277,0.9883458018302916,0.9424465730945047,0.9439625412639004,0.918755432639696,0.8652189781555747,0.9360981675018208,0.9393940256948224,0.9793619513511658,0.979682207107544,0.9706255793571472,0.9387251138687134,0.9750768542289734,0.9760958552360536,0.8997164368629456,0.9059639573097228,0.8882268667221069,0.8883950710296631,0.8875278830528259,0.9007370471954346,0.5844424366950989,0.5937663912773132,0.5536549091339111,0.4698066413402557,0.5844733119010925,0.5942729115486145,0.9958840608596802,0.9962896704673768,0.9945321083068848,0.9925731420516968,0.9957424402236938,0.9960524439811708,-0.0175433736294507,-0.0159186143428087,-0.0121279256418347,-0.0164863280951976,-0.0130978971719741,-0.0133785335347056
tmc13_amphoriskos_vox10_dec_geom06_text06_trisoup-predlift.ply,amphoriskos_vox10.ply,TRISOUP_PREDLIFT,3,4.9,0.9983045402796596,0.9992882137818944,0.9992874178113972,0.9702498142268112,0.8664618006230036,0.8102502829248697,0.0252764713493962,0.1998169854928786,0.2907959922909464,0.9701233237885096,0.878511642759382,0.9604018902187816,0.0,0.0,0.0,0.0,0.1772634342501585,0.4030061038606854,0.5266927921373414,0.1772634342501585,0.4030061038606854,3.1761700205787284e-14,1.5614387569287343e-14,1.6118487627287512e-14,1.0,1.0,1.0,6.101151476139924e-17,6.385473786685211e-17,7.393736598011411e-17,1.0,1.0,1.0,1.0,1.0,1.0,1.0,0.9999170613515106,-1.8413185581311163e-20,8.292561572265234e-05,0.5270953178405762,0.5346587300300598,0.5019854307174683,0.5100551247596741,0.5093247294425964,0.5105569958686829,0.5946878790855408,0.5910230875015259,0.5948073863983154,0.5370225310325623,0.5744343400001526,0.5600258111953735,0.9997084024448376,0.9997257712223144,0.999756437892882,0.99929663950878,0.9996347004351444,0.999476561986514,0.0049313902854919,0.0045552253723144,0.0046459436416625,0.0059385299682617,0.0069981813430786,0.0052417516708374,0.9970735907554626,0.9968397617340088,0.9946963787078856,0.9936426281929016,0.9959064722061156,0.9954330921173096,0.998275339603424,0.998192310333252,0.998381733894348,0.9983035922050476,0.9980835318565368,0.9979881644248962,0.0026390547864139,0.0027806321159005,0.0064541366882622,0.0066774054430425,0.0030874309595674,0.0031992814037948,0.9932130575180054,0.993124783039093,0.993456482887268,0.992961883544922,0.9927799105644226,0.9926154613494872,0.0,0.0,20.23297853253814,16.76050261178114,12.84608169193104,13.700057705065,0.1241424828767776,0.1259070187807083,0.1254662722349167,0.1316492110490799,0.1296172142028808,0.1315054148435592,0.0033789651934057,0.0034615925978869,0.006227936130017,0.0064327735453844,0.0037094808649271,0.0037896716967225,0.9982497692108154,0.9981178045272828,0.9978970885276794,0.9974106550216676,0.997743546962738,0.9975911378860474,0.0410328954458236,0.0412800125777721,0.0457986518740654,0.0454212501645088,0.0448486171662807,0.0450756400823593,0.1587446480989456,0.2045768052339553,0.2171898484230041,0.1735591441392898,0.2106283903121948,0.2000529915094375,44.66544342041016,44.6355094909668,43.21588134765625,43.19197082519531,44.204044342041016,44.30251693725586,0.9994046688079834,0.9993534684181212,0.9993730783462524,0.9993624687194824,0.9992938041687012,0.9993261694908142,0.9888888522409754,0.9883804363660376,0.9860679691995388,0.9871533521421214,0.9872778244222952,0.9868432914623396,0.9968276023864746,0.9965475797653198,0.996346652507782,0.99545156955719,0.9959672689437866,0.9956482648849488,0.9320902824401855,0.9304423928260804,0.929188072681427,0.9272900223731996,0.9301523566246032,0.9312821626663208,0.8689759373664856,0.8678708076477051,0.8677340149879456,0.8694128394126892,0.8683434724807739,0.8694975972175598,0.999630331993103,0.9996083378791808,0.9995850324630736,0.999501883983612,0.9995883703231812,0.9995741248130798,-0.0083561055362224,-0.0072916466742753,-0.0003344019351061,0.0002105703169945,-0.0031415945850312,-0.0038152737542986
tmc13_amphoriskos_vox10_dec_geom06_text06_trisoup-raht.ply,amphoriskos_vox10.ply,TRISOUP_RAHT,4,4.725,0.9981917358089556,0.9990664255340088,0.9990563270147104,0.9678984244076068,0.8203613410765207,0.7465300251447954,0.035999059085543,0.276699837621828,0.3734066424094753,0.967512371501888,0.8377519177043747,0.9564748961426152,0.0,0.0,0.0,0.0,0.1772634342501585,0.4030061038606854,0.5266927921373414,0.1772634342501585,0.4030061038606854,3.1761700205787284e-14,1.5614387569287343e-14,1.6118487627287512e-14,1.0,1.0,1.0,6.101151476139924e-17,6.385473786685211e-17,7.393736598011411e-17,1.0,1.0,1.0,1.0,1.0,1.0,1.0,0.9999170613515106,-1.8413185581311163e-20,8.292561572265234e-05,0.5099664926528931,0.5172368884086609,0.4814720153808594,0.4882218539714813,0.4920712113380432,0.494558721780777,0.5947365760803223,0.5910833477973938,0.5954335331916809,0.5371078252792358,0.5754175782203674,0.5609280467033386,0.9995731413890844,0.999597507463025,0.9995262261362344,0.9991281329991568,0.9994271568512132,0.9993640134597568,0.0081672668457031,0.0068716406822204,0.0092255473136901,0.0111281871795654,0.0110583305358886,0.0102494955062866,0.9963492155075072,0.9961728453636168,0.9937227368354796,0.9931255578994752,0.9949837923049928,0.994820475578308,0.9977039694786072,0.997604250907898,0.9977997541427612,0.9978280663490297,0.9974585771560668,0.9974358081817628,0.003419297048822,0.003574549453333,0.0068987742997705,0.0070630377158522,0.0038951055612415,0.0039598196744918,0.9907615184783936,0.9906492233276368,0.9912400841712952,0.9906530380249025,0.990215301513672,0.9901317358016968,0.0,0.0,25.52331576243768,23.965885874056617,19.281744722541102,20.581503929497657,0.1338090300559997,0.1352151036262512,0.1356725990772247,0.1400847882032394,0.1386890411376953,0.1399755179882049,0.0044105877168476,0.0044793928973376,0.0069440747611224,0.0071047241799533,0.0047700386494398,0.0047763627953827,0.997006058692932,0.9967933893203736,0.996654748916626,0.996190905570984,0.996290385723114,0.995997190475464,0.047959815710783,0.048026368021965,0.0535822436213493,0.0531426891684532,0.0525503568351268,0.0521652959287166,0.2010596692562103,0.2263523787260055,0.2198525369167328,0.1813829243183136,0.1931306272745132,0.2286139130592346,42.57378005981445,42.58779144287109,41.15184020996094,41.29879379272461,42.19111633300781,42.250518798828125,0.9992095828056335,0.9991633296012878,0.9991827607154846,0.9991971254348756,0.9991355538368224,0.9991423487663268,0.981716685084032,0.9808763651931784,0.9764945648841048,0.9797888641412472,0.9795257157447732,0.9784694793542266,0.995227038860321,0.9948484301567078,0.9944413900375366,0.9935348033905028,0.9942249655723572,0.9936761856079102,0.933772623538971,0.9329721331596376,0.9301186203956604,0.9295255541801452,0.9334622025489808,0.933096706867218,0.8324385285377502,0.8299850225448608,0.8316094279289246,0.8301381468772888,0.8303315043449402,0.8300232291221619,0.9994414448738098,0.9994173645973206,0.9993714094161988,0.9992927312850952,0.9993941783905028,0.9993618726730348,-0.0094741722568869,-0.0084255579859018,-0.0009877777192741,-0.0011433059116825,-0.0044914823956787,-0.0054701413027942
tmc13_biplane_vox10_dec_geom01_text01_octree-predlift.ply,biplane_vox10.ply,OCTREE_PRED_LIFT,1,1.0,0.8636184601287049,0.9666820226679508,0.9918154031684996,0.5260974550007452,0.2233433885384773,0.0792349690346189,0.9983821436735696,0.9659229796030512,0.6321368895593026,0.5285807961134321,0.1794384200636712,0.4824692031839212,3.892314875105552,1.9650349123270168,1.9651730970528596,1.9658920291463775,0.2281162754816551,0.7209950352688316,3.999562301425965,1.999111762209712,2.074206844894585,5.9086364898584165,2.5598863082484997,3.584913164963249,0.050428103446875,0.041613953949418,0.0257801473025062,1.001314151253332,0.9967654341814746,0.9742801913853308,0.0330583994422931,0.0104315118950012,0.7437928148839025,0.6950424570918433,0.3232404154750815,0.5875894205120222,0.5261545121390313,0.4694109101377992,0.5134397225240183,0.1878989959929458,-0.4712390601634979,-0.3672078251838684,-0.1781999915838241,-0.176886186003685,0.2091054469347,0.1183249875903129,0.2962114810943603,0.2427924126386642,0.3235993683338165,0.3485165536403656,0.5677837133407593,0.5686290264129639,0.1682624313764741,0.1476858045380844,0.1468955092364565,0.153976157094182,0.1652375554818221,0.2220886943768019,0.6074007749557495,0.636033296585083,0.6330500245094299,0.6305873394012451,0.5276950597763062,0.4901536703109741,0.1412678360939026,0.1214385032653808,0.0990588068962097,0.0988906621932983,0.1443335115909576,0.1466683745384216,0.5450736284255981,0.5227285623550415,0.5283961892127991,0.5429396629333496,0.8595592379570007,0.8669953346252441,0.2490374147891998,0.2367959767580032,0.2478121370077133,0.2511067986488342,0.1856227964162826,0.1811689734458923,0.2658438086509704,0.2332929819822311,0.2624744474887848,0.269462913274765,0.2366883903741836,0.3132158517837524,0.0,0.0,0.0,0.0,155.71573632772726,164.34569284325372,0.4661583304405212,0.4777551889419555,0.4944543242454529,0.5004569292068481,0.4286616146564483,0.4013153612613678,0.3025338649749756,0.3055530786514282,0.3163557946681976,0.3161264061927795,0.2596868574619293,0.2397888302803039,0.3424890637397766,0.339665025472641,0.3446835279464721,0.3537194430828094,0.6234030723571777,0.6578817367553711,1.0397413969039917,1.1849768161773682,1.163408279418945,1.1378886699676514,0.770706295967102,0.6757500171661377,1.730008840560913,1.8150875568389893,1.6011230945587158,2.016842603683472,1.7949013710021973,1.7097108364105225,9.345358848571776,7.41950798034668,7.164895534515381,7.335344314575195,10.064136505126951,13.77241325378418,0.7013716697692871,0.6729128360748291,0.6370397806167603,0.6065459847450256,0.8473493456840515,0.8684953451156616,0.4847089935870686,0.4640283675659356,0.4751093125956266,0.478594413892275,0.7011595656278451,0.7156925375341253,0.4724217653274536,0.4473414421081543,0.4592616260051727,0.4641970098018646,0.660712718963623,0.6921542882919312,0.2780195474624634,0.2576472759246826,0.2689777016639709,0.2771548330783844,0.315600574016571,0.3384534418582916,0.0155396163463592,0.0151439951732754,0.0154884234070777,0.0156508646905422,0.019281143322587,0.0198792871087789,0.8201690316200256,0.7881057858467102,0.7722126245498657,0.7761082649230957,0.8718762397766113,0.9023045897483826,-0.1171439364552497,-0.1342733353376388,-0.1239798739552497,-0.1253010630607605,-0.0958669781684875,-0.0848252773284912
tmc13_biplane_vox10_dec_geom01_text01_octree-raht.ply,biplane_vox10.ply,OCTREE_RAHT,2,1.0,0.8625511040546393,0.9659130542245752,0.9911164898988876,0.5173190018005281,0.1934631727330447,0.0480720014944401,0.9727469246942728,0.6485170274079558,0.312732126744233,0.5238453382753845,0.1192546651297316,0.480515107637869,3.892314875105552,1.9650349123270168,1.9651730970528596,1.9658920291463775,0.2281162754816551,0.7209950352688316,3.999562301425965,1.999111762209712,2.074206844894585,5.9086364898584165,2.5598863082484997,3.584913164963249,0.050428103446875,0.041613953949418,0.0257801473025062,1.001314151253332,0.9967654341814746,0.9742801913853308,0.0330583994422931,0.0104315118950012,0.7437928148839025,0.6950424570918433,0.3232404154750815,0.5875894205120222,0.5261545121390313,0.4694109101377992,0.5134397225240183,0.1878989959929458,-0.4760669767856598,-0.3634976744651794,-0.1785880923271179,-0.1874672919511795,0.2073162645101547,0.1084033772349357,0.2979579865932464,0.2445714771747589,0.3210344016551971,0.3502600789070129,0.5672767162322998,0.564478874206543,0.1673882562215382,0.1495925303201318,0.1547615070111833,0.1585326286926704,0.1663430840267613,0.2230041681261919,0.6079248785972595,0.6364743709564209,0.6310427784919739,0.6282561421394348,0.5300067067146301,0.4906191229820251,0.1252821683883667,0.1179859936237335,0.087449811398983,0.0943494513630867,0.1290813088417053,0.1331726461648941,0.5403376817703247,0.5217279195785522,0.5276056528091431,0.5431123971939087,0.8591464161872864,0.8609235882759094,0.2532155215740204,0.2375819534063339,0.2487474679946899,0.2513618767261505,0.1867057085037231,0.1883307844400406,0.264226883649826,0.2331408858299255,0.2607609033584595,0.2674457728862762,0.2362247109413147,0.3105884492397308,0.0,0.0,0.0,0.0,157.35217218572046,169.87761374509648,0.4659899175167084,0.478192389011383,0.4941891729831695,0.4994256794452667,0.4287711977958679,0.4045189917087555,0.3054136633872986,0.3062596023082733,0.316502571105957,0.3157050907611847,0.2609120309352875,0.2441792041063308,0.3418651521205902,0.3390827775001526,0.3456916809082031,0.3534604907035827,0.6224541068077087,0.6559725999832153,1.0419156551361084,1.186786651611328,1.1613836288452148,1.1387006044387815,0.7732512354850769,0.6763445138931274,1.7223553657531738,1.7804783582687378,1.4979326725006104,1.927159547805786,1.7155613899230957,1.581384301185608,9.336899757385254,7.417989730834961,7.1638054847717285,7.325825214385986,10.064826965332031,13.752605438232422,0.7147312164306641,0.6739445924758911,0.6521755456924438,0.6203773617744446,0.8546063899993896,0.8596010804176331,0.4841686619358024,0.4638053520474623,0.4754315868189934,0.4785209266364756,0.7010453480054972,0.7153906011214681,0.471996396780014,0.4470624923706054,0.4598264396190643,0.4641633927822113,0.660060465335846,0.6915699243545532,0.2771134078502655,0.2571919560432434,0.2673483192920685,0.2768250703811645,0.3142876029014587,0.3364687263965606,0.0154819069430232,0.0147380633279681,0.0162112619727849,0.0153505774214863,0.0187904220074415,0.0205693524330854,0.8190054893493652,0.7876284122467041,0.767581045627594,0.7751742601394653,0.8697155714035034,0.8975210785865784,-0.1131991595029831,-0.1288148760795593,-0.1229148432612419,-0.1304520964622497,-0.0968496724963188,-0.0865512788295745
tmc13_biplane_vox10_dec_geom01_text01_trisoup-predlift.ply,biplane_vox10.ply,TRISOUP_PREDLIFT,3,1.1,0.9277537513715984,0.9784864106772656,0.9943228797702032,0.4088478917913437,0.2002712688671262,0.0839662981341076,0.9887924642581312,0.939373186120712,0.5266300741200497,0.4054742548857029,0.1271435423349182,0.3566127742399173,2.306508190761576,0.8898492476749658,0.9284015903125712,1.5023524308754248,0.2281162754816551,0.7209950352688316,2.1554688133868427,0.932325464453785,1.2725669817708487,2.5353397649795224,1.0400587065647604,1.5904978044440867,0.7206958122452249,0.6968858159148748,0.5451878167602119,1.0002410206250882,0.9934395178788462,0.9690362487691072,0.7124530669235254,0.5271068297483475,0.767791886547917,0.6478113931715459,0.3151403220360357,0.5717427373237197,0.5216352134364974,0.4603036039091743,0.535253615259512,0.2201243576112981,-0.0259938780218362,-0.0712708756327629,0.20626862347126,0.2320041209459304,0.3845585882663727,0.3863565325736999,0.2807880938053131,0.2796221375465393,0.3772395849227905,0.3885533809661865,0.4587250649929046,0.4189679324626922,0.6139803008308371,0.6445565978048757,0.7728720188307696,0.7757403414906903,0.7300830438543697,0.7095648561269008,0.2631245851516723,0.2659960985183716,0.2549948096275329,0.2499788999557495,0.2574175596237182,0.2640027999877929,0.2280871719121933,0.2553718388080597,0.3356510996818542,0.345544159412384,0.3572556674480438,0.337624192237854,0.6601393222808838,0.6429039239883423,0.6994917392730713,0.7083319425582886,0.8914617896080017,0.8755688071250916,0.2645849287509918,0.2554389536380768,0.2325645387172699,0.2376302778720855,0.1997626721858978,0.2055836021900177,0.3452288508415222,0.343625545501709,0.3968452513217926,0.3906285166740417,0.3482804596424103,0.3632203340530395,0.0,0.0,0.0,0.0,181.25833033513385,185.89910989216847,0.4439341127872467,0.4414726495742798,0.4353348314762115,0.4365207850933075,0.3817007541656494,0.4172066450119018,0.273249477148056,0.2661167979240417,0.239295944571495,0.2433531880378723,0.2091131806373596,0.2164831161499023,0.6091160774230957,0.6354281902313232,0.7563445568084717,0.7448293566703796,0.8336553573608398,0.8137456178665161,0.9122799634933472,0.944461226463318,0.8189704418182373,0.8216177225112915,0.6089169979095459,0.5872300863265991,1.7602213621139526,1.3209983110427856,1.1558172702789309,1.5956567525863647,1.172361135482788,2.3609631061553955,14.5446195602417,13.771920204162598,15.84158992767334,16.087411880493164,18.337305068969727,18.47845458984375,0.7999435067176819,0.7724103331565857,0.7877999544143677,0.7776208519935608,0.8765974640846252,0.8664867877960205,0.5607217108992397,0.5481188258090921,0.5845330919429566,0.5850174704355513,0.7440543032689112,0.7420444865975911,0.5495994091033936,0.5355159640312195,0.5764962434768677,0.5763735175132751,0.8012514114379883,0.7828683853149414,0.3078989386558532,0.3147900104522705,0.3432027101516723,0.3486841917037964,0.3384543061256408,0.3506540656089782,0.0669582039117813,0.0696318671107292,0.1027589738368988,0.1020548343658447,0.0806581750512123,0.0604864098131656,0.8896467685699463,0.8831274509429932,0.8979355692863464,0.8986120223999023,0.9346914291381836,0.9204642176628112,-0.0886885896325111,-0.0891042202711105,-0.0841110944747924,-0.0836333036422729,-0.0696938335895538,-0.0723324120044708
tmc13_biplane_vox10_dec_geom01_text01_trisoup-raht.ply,biplane_vox10.ply,TRISOUP_RAHT,4,1.025,0.9260381921442415,0.9773430062005098,0.9939152542194062,0.4442177209247523,0.2183105249362581,0.0851515443867116,0.9248893307539424,0.5989260171878732,0.3264197357911932,0.4496534220973065,0.1181111602471559,0.4081366550250264,2.306508190761576,0.8898492476749658,0.9284015903125712,1.5023524308754248,0.2281162754816551,0.7209950352688316,2.1554688133868427,0.932325464453785,1.2725669817708487,2.5353397649795224,1.0400587065647604,1.5904978044440867,0.7206958122452249,0.6968858159148748,0.5451878167602119,1.0002410206250882,0.9934395178788462,0.9690362487691072,0.7124530669235254,0.5271068297483475,0.767791886547917,0.6478113931715459,0.3151403220360357,0.5717427373237197,0.5216352134364974,0.4603036039091743,0.535253615259512,0.2201243576112981,0.0216324627399444,-0.0349133089184761,0.2137696593999862,0.2357098162174224,0.4100982844829559,0.4248619675636291,0.2804631888866424,0.2753174006938934,0.3636798858642578,0.3849005401134491,0.4523335099220276,0.4122025072574615,0.6122591000453677,0.6395235103804697,0.7663842342614673,0.7643448371567814,0.7160597457909414,0.6938092580517051,0.2624094486236572,0.2753995656967163,0.2877521514892578,0.2606409788131714,0.2603292465209961,0.2528232336044311,0.2229143679141998,0.2473673671483993,0.3157700598239898,0.3162081837654114,0.3228817582130432,0.3228514790534973,0.6225367784500122,0.6082502007484436,0.6558233499526978,0.6704981923103333,0.8809061646461487,0.86504065990448,0.2728516459465027,0.266536682844162,0.24912990629673,0.2525826096534729,0.2266566753387451,0.2219448983669281,0.3303717672824859,0.3279450237751007,0.3737875819206238,0.3709447085857391,0.3140304088592529,0.3361653685569763,0.0,0.0,0.0,0.0,178.1338483654661,182.381228394243,0.4492267072200775,0.4389038980007171,0.4340735971927643,0.4357199370861053,0.3888830542564392,0.4217959642410278,0.2819671630859375,0.2766887247562408,0.2544097602367401,0.2568550705909729,0.2327596396207809,0.232099249958992,0.6006503105163574,0.6254342794418335,0.7417258024215698,0.7372885942459106,0.8234108686447144,0.8057781457901001,0.9279497861862184,0.9601189494132996,0.8444077372550964,0.838641345500946,0.6247433423995972,0.6016664505004883,2.005244016647339,1.595461130142212,1.4575413465499878,1.6309806108474731,1.6273174285888672,2.961475372314453,14.351038932800291,13.652752876281738,15.508256912231444,15.805896759033203,18.112201690673828,18.13896369934082,0.7610586285591125,0.7340710759162903,0.7506665587425232,0.7407733201980591,0.8591665625572205,0.8504283428192139,0.5537986277673642,0.5388939581264979,0.5729790277292388,0.57825786176337,0.7352772274266587,0.7367425455984846,0.5424681901931763,0.5251948237419128,0.5644255876541138,0.5693938136100769,0.7880227565765381,0.7740832567214966,0.3066776096820831,0.3093719184398651,0.3231739699840545,0.3339597880840301,0.3158222436904907,0.3325191736221313,0.0632025375962257,0.0646397098898887,0.0921953096985817,0.0964408293366432,0.0687042623758316,0.0541841611266136,0.8705515265464783,0.8619796633720398,0.8724246621131897,0.8738111257553101,0.9255145788192748,0.9123665690422058,-0.0900704935193061,-0.0955771654844284,-0.0858121663331985,-0.0840261653065681,-0.0734409168362617,-0.0745637118816375
tmc13_biplane_vox10_dec_geom02_text02_octree-predlift.ply,biplane_vox10.ply,OCTREE_PRED_LIFT,1,1.1,0.9020648109905642,0.9749329216520012,0.99411090359583,0.5994594260192396,0.3591320335579498,0.1388261070734603,0.992547814227107,0.982756796351383,0.7304622190646117,0.6036809953467785,0.2878282592011965,0.5597853597111969,2.025347762822698,1.0241752618593043,1.0241618751079196,1.0122439353734027,0.2281162754816551,0.7209950352688316,2.204562540785483,1.0775670437629614,1.1956033067147591,2.539264325183692,0.9098238410914886,1.827169829803399,0.1759458507049655,0.1541221879010188,0.0949167396646659,1.000573953460616,0.9941818194194206,0.9678328396175206,0.1216834502799332,0.0522604516389282,0.7406791500294636,0.7068565413991403,0.3489215606556561,0.5802922745608787,0.5251399539204531,0.4943160735353203,0.4955385300048308,0.1384604888354126,0.2438956797122955,0.2369595766067505,0.3171474039554596,0.3422010242938995,0.4711908400058746,0.4911464154720306,0.447294145822525,0.4303597211837768,0.4372187256813049,0.4625425636768341,0.511314332485199,0.4883277714252472,0.7891981674569583,0.8036702804775571,0.8682472303105082,0.8828274072436383,0.8478109867998311,0.8172174066909081,0.2608583569526672,0.286811351776123,0.3456647992134094,0.3391168117523193,0.2584893703460693,0.227952241897583,0.37398362159729,0.3898536562919616,0.3995813131332397,0.4232004582881927,0.4442331194877624,0.4215767979621887,0.7219311594963074,0.6910650730133057,0.7078847289085388,0.7280939817428589,0.9236739873886108,0.9188412427902222,0.2015051990747451,0.2099939733743667,0.2087068706750869,0.2052089869976043,0.1710087209939956,0.1594576686620712,0.5019788146018982,0.4788048863410949,0.4912826418876648,0.4984651505947113,0.4801161885261535,0.4905507266521454,0.0,0.0,0.0,0.0,161.91523821932708,166.96227632971795,0.4129528999328613,0.4253169298171997,0.4314178228378296,0.428193598985672,0.360194981098175,0.3632655143737793,0.2092353403568267,0.2195436060428619,0.216149091720581,0.2109570801258087,0.1793585866689682,0.1695675402879715,0.7744344472885132,0.7679612636566162,0.805181622505188,0.8164657354354858,0.8784856796264648,0.8589826822280884,0.6142376661300659,0.6913092136383057,0.6592194437980652,0.6284700632095337,0.4615749716758728,0.4618699550628662,0.5323007106781006,0.3369983434677124,0.2928270697593689,0.6172425746917725,0.2023329436779022,0.8265125155448914,19.602678298950195,18.479881286621094,18.055021286010746,18.558937072753903,21.19906616210937,21.06614875793457,0.8044975996017456,0.7769858837127686,0.7827434539794922,0.755934476852417,0.914209008216858,0.9206815361976624,0.6006600536381043,0.5830662205969004,0.5796874158539506,0.5921751630259269,0.7507356190888738,0.7538202811429096,0.5966698527336121,0.5780858993530273,0.5763207674026489,0.5881277918815613,0.8460650444030762,0.8337304592132568,0.3416324257850647,0.3224040269851684,0.3221705555915832,0.3368732333183288,0.3474983274936676,0.3632914423942566,0.1245068684220314,0.1249308511614799,0.1205443292856216,0.1263447105884552,0.121457427740097,0.0990451574325561,0.9163707494735718,0.8999446034431458,0.8992735743522644,0.9058451056480408,0.9510846138000488,0.9495323300361632,-0.0762145519256591,-0.0727540627121925,-0.0815666541457176,-0.0785659104585647,-0.061126984655857,-0.05774612352252
tmc13_biplane_vox10_dec_geom02_text02_octree-raht.ply,biplane_vox10.ply,OCTREE_RAHT,2,1.05,0.9022665150079348,0.9751507889988305,0.9937953344061952,0.6058034752336255,0.3399254241164939,0.1647344619319857,0.9908538685373186,0.8613374557691432,0.6446030157726945,0.6125916708830473,0.2814837714526281,0.5715044780978107,2.025347762822698,1.0241752618593043,1.0241618751079196,1.0122439353734027,0.2281162754816551,0.7209950352688316,2.204562540785483,1.0775670437629614,1.1956033067147591,2.539264325183692,0.9098238410914886,1.827169829803399,0.1759458507049655,0.1541221879010188,0.0949167396646659,1.000573953460616,0.9941818194194206,0.9678328396175206,0.1216834502799332,0.0522604516389282,0.7406791500294636,0.7068565413991403,0.3489215606556561,0.5802922745608787,0.5251399539204531,0.4943160735353203,0.4955385300048308,0.1384604888354126,0.239157423377037,0.2473907023668289,0.3069584965705871,0.3347885608673095,0.4812390506267547,0.505925714969635,0.4141358733177185,0.4064557254314422,0.4079328179359436,0.4344383180141449,0.4941262900829315,0.4789531230926513,0.7593582362246951,0.7621619497788512,0.8586771010222036,0.8649492813573822,0.8421222609972532,0.7901312393500998,0.2646924257278442,0.2862089276313782,0.356471300125122,0.3497775793075561,0.252771258354187,0.2541828155517578,0.3632424771785736,0.3659839034080505,0.4358053207397461,0.4431853294372558,0.4357563257217407,0.4239258468151092,0.7144383192062378,0.6875448822975159,0.7066661715507507,0.7268950939178467,0.9161474704742432,0.9118137955665588,0.2153684496879577,0.2232399582862854,0.2186093628406524,0.2160724848508834,0.1936199218034744,0.1763480305671692,0.4823773205280304,0.4589013457298279,0.4759999811649322,0.4822109043598175,0.4511736929416656,0.4649530053138733,0.0,0.0,0.0,0.0,161.17821667514983,168.7599043496719,0.4159644544124603,0.4261522591114044,0.4334020018577575,0.4297482371330261,0.3673872649669647,0.3720510005950928,0.2204824388027191,0.2284322381019592,0.2217277735471725,0.2181698977947235,0.1962690502405166,0.1823874115943908,0.7620185613632202,0.7505102157592773,0.8019813299179077,0.8088153600692749,0.8745143413543701,0.8501638770103455,0.6395322680473328,0.7205721139907837,0.6750390529632568,0.648558497428894,0.4736592173576355,0.4803487956523895,0.6222526431083679,0.4369814097881317,0.8224009871482849,1.0236444473266602,0.5826623439788818,1.1923972368240356,19.386083602905277,18.232208251953125,17.879362106323242,18.295398712158203,21.020172119140625,20.78808212280273,0.8151558637619019,0.7811708450317383,0.7959449291229248,0.7839153409004211,0.907362461090088,0.912080943584442,0.5956668220329273,0.5778713328577888,0.5797570193840691,0.5918006874181819,0.7496715186772429,0.7528945472383307,0.5905079245567322,0.5717833042144775,0.5753597021102905,0.5870518684387207,0.840584397315979,0.8239442706108093,0.3405703902244568,0.3226441740989685,0.3182725310325622,0.3387880623340606,0.3476330637931824,0.356792151927948,0.1152306646108627,0.1155803129076957,0.1132729724049568,0.1194659769535064,0.1146694123744964,0.091171771287918,0.9116231799125672,0.8959077000617981,0.896629810333252,0.9032875895500184,0.9428598880767822,0.9441312551498412,-0.0724560096859932,-0.0823729336261749,-0.082993283867836,-0.0827109143137931,-0.0630835741758346,-0.0577204227447509
tmc13_biplane_vox10_dec_geom02_text02_trisoup-predlift.ply,biplane_vox10.ply,TRISOUP_PREDLIFT,3,1.9,0.955307506404333,0.9859610263005129,0.9953719887854188,0.573206069350826,0.2870186047296192,0.1432285487975961,0.9780616623701404,0.9519704194147124,0.6926258539788018,0.5677405203691438,0.2267490761056653,0.5205876162312688,1.0616924646684254,0.3785102733131392,0.42822503239649,0.7202909794749957,0.2281162754816551,0.7209950352688316,1.0337601975485893,0.4727581163505889,0.5970954526102602,1.1046471624389818,0.4590363474987762,0.7417913239741325,0.7930229426736031,0.7749598168010557,0.6711965325436724,0.9993160142601007,0.991370434937105,0.9540969016123884,0.7994811579194003,0.635558673993312,0.8257477731010965,0.723126264918914,0.357975334038184,0.6631844650374952,0.6254248215990486,0.4917463037797788,0.4985128209654651,0.147692494773615,0.2379178553819656,0.2831131219863891,0.3866260349750519,0.3850992321968078,0.4803949296474457,0.4399888515472412,0.3616116046905517,0.3405873477458954,0.4212227165699005,0.4553333520889282,0.5338919162750244,0.4803619682788849,0.8097040452329115,0.8422871282935224,0.9064653609239774,0.9184607122263928,0.8520019088604307,0.8023972085474802,0.1931897401809692,0.1919606328010559,0.1961547136306762,0.1862586736679077,0.1653203964233398,0.1679386496543884,0.4194002449512481,0.4978222846984863,0.5608750581741333,0.5821515917778015,0.6052462458610535,0.4569137692451477,0.7475281953811646,0.7372716069221497,0.7719945311546326,0.7792655825614929,0.9351302981376648,0.915121853351593,0.1980813294649124,0.187034323811531,0.173437163233757,0.173806220293045,0.1500812321901321,0.1732274144887924,0.5457006096839905,0.5236243605613708,0.5551594495773315,0.5613712072372437,0.5010824203491211,0.4715220034122467,0.0,0.0,0.0,0.0,147.20860652574655,168.22775991809735,0.4290108680725097,0.4219927787780761,0.4159064888954162,0.4135726690292358,0.341278076171875,0.38323974609375,0.2017048895359039,0.1964291930198669,0.1793798208236694,0.1793469935655594,0.1567956358194351,0.1789033859968185,0.8177666664123535,0.8068423271179199,0.857696533203125,0.8605760931968689,0.9027082324028016,0.8657207489013672,0.6019985675811768,0.7175554037094116,0.6217775940895081,0.5971946716308594,0.4744136929512024,0.503209114074707,1.144750475883484,0.8510125875473022,0.7489053606987,0.9399622082710266,0.9772974252700806,1.7601656913757324,19.504430770874023,18.19945907592773,18.33109664916992,18.793621063232425,20.683048248291016,19.80731773376465,0.861312747001648,0.8549761176109314,0.8580780029296875,0.8571173548698425,0.9309425950050354,0.90974223613739,0.6324482442628911,0.6282875148922118,0.6490051746996055,0.6519802205834582,0.78050183820173,0.7602942838480892,0.6283957362174988,0.6232027411460876,0.6452523469924927,0.6488097906112671,0.881405770778656,0.8391541242599487,0.3865763545036316,0.396822065114975,0.4518237113952636,0.4717679023742676,0.4082638025283813,0.3936643600463867,0.1402320563793182,0.1367178410291671,0.1539105325937271,0.1594176292419433,0.1281798928976059,0.0919217020273208,0.93022358417511,0.9244377613067628,0.9320728778839112,0.932402491569519,0.963996648788452,0.9464995861053468,-0.0757709369063377,-0.073464535176754,-0.0629486069083213,-0.0631092563271522,-0.0580526813864707,-0.0607172064483165
tmc13_biplane_vox10_dec_geom02_text02_trisoup-raht.ply,biplane_vox10.ply,TRISOUP_RAHT,4,1.55,0.9553054183530444,0.9853547665478865,0.9949373257504492,0.6538180050438803,0.3174872426348084,0.1387881230603156,0.9685402592027084,0.8295954356813079,0.5973363181123084,0.6585883195094511,0.2361896750860061,0.6209217089663553,1.0616924646684254,0.3785102733131392,0.42822503239649,0.7202909794749957,0.2281162754816551,0.7209950352688316,1.0337601975485893,0.4727581163505889,0.5970954526102602,1.1046471624389818,0.4590363474987762,0.7417913239741325,0.7930229426736031,0.7749598168010557,0.6711965325436724,0.9993160142601007,0.991370434937105,0.9540969016123884,0.7994811579194003,0.635558673993312,0.8257477731010965,0.723126264918914,0.357975334038184,0.6631844650374952,0.6254248215990486,0.4917463037797788,0.4985128209654651,0.147692494773615,0.2582958340644836,0.2955306768417358,0.3873513340950012,0.3745369017124176,0.4867475628852844,0.4659428596496582,0.3381768763065338,0.3238001465797424,0.4071075022220611,0.4406329989433288,0.5270312428474426,0.4744997024536133,0.8158335995682788,0.8424401276959081,0.902680610956655,0.91339986973638,0.858472782153473,0.8055581826857742,0.1885877847671508,0.1900054216384887,0.2036798000335693,0.192314863204956,0.1619717478752136,0.1645461320877075,0.4023211598396301,0.4875079393386841,0.5647857189178467,0.5744240283966064,0.6041621565818787,0.4483596384525299,0.7259230613708496,0.72282475233078,0.751222550868988,0.7564067244529724,0.933236837387085,0.9120853543281556,0.2018868625164032,0.189402237534523,0.1789136826992035,0.1812985837459564,0.1575711667537689,0.1795108765363693,0.5357638597488403,0.5169484615325928,0.5410709381103516,0.5470305681228638,0.4873961508274078,0.4576605856418609,0.0,0.0,0.0,0.0,144.71831150149933,165.52420259898204,0.4384092092514038,0.4261756837368011,0.4184598326683044,0.4168379604816437,0.3459941446781158,0.3861546516418457,0.2067275494337082,0.1993276923894882,0.1859371215105056,0.1869116276502609,0.1661076247692108,0.1860500276088714,0.811627984046936,0.7999529838562012,0.8521825671195984,0.8549814224243164,0.8985442519187927,0.8627244234085083,0.6147185564041138,0.7233292460441589,0.629177987575531,0.6085406541824341,0.484450101852417,0.5120359063148499,1.2847687005996704,0.8343183994293213,0.876671314239502,0.9379580616950988,1.1037808656692505,2.0448176860809326,18.983461380004883,17.83386993408203,17.854955673217773,18.318023681640625,20.26399803161621,19.39616203308105,0.8409687280654907,0.8447629809379578,0.8393154740333557,0.8415921330451965,0.9276320934295654,0.9066100120544434,0.6251672880487282,0.6188961498305758,0.643168611482479,0.645188730562663,0.7754135560309208,0.7573230281287482,0.6204604506492615,0.6132988333702087,0.6389966011047363,0.6412842273712158,0.8752614855766296,0.8345233798027039,0.3756203055381775,0.3961283266544342,0.4275423288345337,0.4551276564598083,0.3936572670936584,0.3884592056274414,0.1318163424730301,0.1263729780912399,0.1436720192432403,0.1505001783370971,0.1165717616677284,0.0852581262588501,0.9206138253211976,0.9160885214805604,0.9207087755203248,0.9204554557800292,0.9622486233711244,0.9442776441574096,-0.0766471773386001,-0.0702679231762886,-0.0650104582309722,-0.0647727027535438,-0.056344948709011,-0.0614981353282928
tmc13_biplane_vox10_dec_geom03_text03_octree-predlift.ply,biplane_vox10.ply,OCTREE_PRED_LIFT,1,1.975,0.9461242589961678,0.98616607157056,0.9956585724361496,0.6993736415954326,0.451289074865854,0.2265703565310301,0.9813884112575764,0.976483188192834,0.8263094388818758,0.7007592238677314,0.3945616947429083,0.6620267966079019,1.1186362790938733,0.5619289347598093,0.5592342103936792,0.5430890369729333,0.2281162754816551,0.7209950352688316,1.3951519548386289,0.6479768121780038,0.8101469375642024,0.8577238069351303,0.331615871990646,0.6110285356348193,0.4779315612496187,0.4432599951298677,0.3495792072978538,0.997951948474878,0.9905315527398362,0.94870064850268,0.4038224128187357,0.2371065603293726,0.8441544792553338,0.7879295566005462,0.4037852621648055,0.7271624975160237,0.6892276637237029,0.5403001759516567,0.4420314958748383,0.0734163356399395,0.3156407475471496,0.3307047486305237,0.3778786361217499,0.4026530385017395,0.5198842883110046,0.5459648966789246,0.4494673013687134,0.4294907450675964,0.4648726284503937,0.4886306524276733,0.5769879817962646,0.5531904101371765,0.9179478369797756,0.9298035351283132,0.9561111126321072,0.9674817146882928,0.9577774018585538,0.937334543453172,0.192876398563385,0.2021893858909607,0.2085177302360534,0.1989863514900207,0.1334178447723388,0.1300899982452392,0.6178800463676453,0.6414698958396912,0.6682939529418945,0.6915924549102783,0.7131256461143494,0.6252297759056091,0.792725682258606,0.7874650359153748,0.7871713638305664,0.8024910092353821,0.9609285593032836,0.9558640122413636,0.1386996358633041,0.1416158974170684,0.1429192721843719,0.1415830552577972,0.1147642210125923,0.1218242570757865,0.6569128036499023,0.6378846168518066,0.6412070989608765,0.6491858959197998,0.6364766955375671,0.6220398545265198,0.0,0.0,0.0,0.0,132.74524551875618,151.36379291569267,0.3946131765842438,0.3996965885162353,0.4109764695167541,0.404970109462738,0.3084728717803955,0.3165874183177948,0.1472429633140564,0.1518107205629348,0.151264801621437,0.149961769580841,0.1237358748912811,0.1294845789670944,0.8767542243003845,0.8749710321426392,0.9011319875717164,0.9040316343307496,0.9328903555870056,0.9198378920555116,0.4591004848480224,0.5216644406318665,0.507026195526123,0.4943438172340393,0.3596960008144378,0.3618970811367035,0.4971097707748413,0.3863665163516998,0.4030576348304748,0.3275442123413086,0.3824800848960876,0.7507009506225586,21.56102752685547,20.467777252197266,19.659013748168945,20.104406356811523,23.01944923400879,22.47776222229004,0.8802245259284973,0.8744795918464661,0.8685450553894043,0.864747166633606,0.9572922587394714,0.9546313881874084,0.6697836843937702,0.6793616980638266,0.6614297245595673,0.6698801380849732,0.7914493226048308,0.7868415726125622,0.6687776446342468,0.6783267855644226,0.6603428721427917,0.6688854694366455,0.9250186681747437,0.9106369018554688,0.4754858911037445,0.4615709483623504,0.4451261758804321,0.4865365028381347,0.4707999527454376,0.4654989838600158,0.1924517750740051,0.1926872730255127,0.1835340559482574,0.1898465752601623,0.1823735535144806,0.1595596224069595,0.9439046382904052,0.9393075704574584,0.9355669617652892,0.9393122792243958,0.9762487411499025,0.9724778532981871,-0.0585866384208202,-0.0550664849579334,-0.0558247007429599,-0.0602963529527187,-0.0434727855026721,-0.0484239384531974
tmc13_biplane_vox10_dec_geom03_text03_octree-raht.ply,biplane_vox10.ply,OCTREE_RAHT,2,2.05,0.9467664796431204,0.9863146427851804,0.9952702589929884,0.7316607439558767,0.4477131303521244,0.1989217287403166,0.9823483540283828,0.9194867939874136,0.6773566285973214,0.7384167740666587,0.336121118834312,0.7041045221017983,1.1186362790938733,0.5619289347598093,0.5592342103936792,0.5430890369729333,0.2281162754816551,0.7209950352688316,1.3951519548386289,0.6479768121780038,0.8101469375642024,0.8577238069351303,0.331615871990646,0.6110285356348193,0.4779315612496187,0.4432599951298677,0.3495792072978538,0.997951948474878,0.9905315527398362,0.94870064850268,0.4038224128187357,0.2371065603293726,0.8441544792553338,0.7879295566005462,0.4037852621648055,0.7271624975160237,0.6892276637237029,0.5403001759516567,0.4420314958748383,0.0734163356399395,0.3257094323635101,0.3508092761039734,0.4024271070957184,0.4142168164253235,0.5309883952140808,0.5522003173828125,0.4249924421310425,0.4004204869270324,0.441754937171936,0.4655490815639496,0.5741182565689087,0.5522202849388123,0.9073338973712312,0.9248062958791382,0.9590617575530724,0.9656583127146152,0.9593526519277876,0.9328831686174136,0.2028269171714782,0.1983187794685363,0.2138586640357971,0.2120677232742309,0.1219453811645507,0.1214475631713867,0.6174287796020508,0.6481327414512634,0.6879298090934753,0.7015540599822998,0.7343116998672485,0.6362814903259277,0.7853057980537415,0.787932276725769,0.7867413759231567,0.7986106872558594,0.960878312587738,0.9547133445739746,0.141123279929161,0.141507089138031,0.1422015279531479,0.1416453868150711,0.115021251142025,0.1248971670866012,0.6475301384925842,0.6343871355056763,0.6411747932434082,0.6464477777481079,0.6322140097618103,0.612281084060669,0.0,0.0,0.0,0.0,128.0067622247824,151.044931551116,0.3975275456905365,0.4001881182193756,0.4105544984340668,0.4057826995849609,0.3120567202568054,0.3207572102546692,0.1498660743236541,0.1515924483537674,0.1508012562990188,0.1497475653886795,0.1245655268430709,0.1320556402206421,0.8693810701370239,0.8710176944732666,0.9000276327133179,0.9035939574241638,0.9304615259170532,0.9180119037628174,0.4739202857017517,0.5315524339675903,0.51738440990448,0.5046638250350952,0.3684580326080322,0.3694518506526947,0.6500423550605774,0.5024188160896301,0.4399121105670929,0.5856974720954895,0.4546763598918915,0.9372453093528748,21.348285675048828,20.3278923034668,19.52707290649414,19.951187133789062,22.89082717895508,22.3079891204834,0.879297137260437,0.8765698075294495,0.8719114065170288,0.872509241104126,0.956417977809906,0.9529278874397278,0.6651933699693452,0.6791451445715512,0.6615951357004951,0.6694348514507853,0.7913533898096149,0.7868196121908423,0.6638747453689575,0.6777650117874146,0.6601592302322388,0.6680836081504822,0.922259509563446,0.907724380493164,0.4714294075965881,0.4783468842506408,0.4616695642471313,0.4999763965606689,0.4848341941833496,0.4654276072978973,0.1798416674137115,0.1829915642738342,0.1767844259738922,0.1823768317699432,0.1733260154724121,0.1527305692434311,0.9414904713630676,0.9393412470817566,0.9350686073303224,0.9375554323196412,0.975909411907196,0.9715536236763,-0.0540414489805698,-0.0563179105520248,-0.0499991662800312,-0.0617831721901893,-0.0439860671758651,-0.0478498637676239
tmc13_biplane_vox10_dec_geom03_text03_trisoup-predlift.ply,biplane_vox10.ply,TRISOUP_PREDLIFT,3,2.35,0.9596706599742488,0.989170418983832,0.9963708952869008,0.6984368629387113,0.3787617049126382,0.2125261806766035,0.9735117471900668,0.9737379361579058,0.7988161633945808,0.6927686989086385,0.33192360151491,0.6545455096264321,1.0616924646684254,0.3785102733131392,0.42822503239649,0.7202909794749957,0.2281162754816551,0.7209950352688316,1.0337601975485893,0.4727581163505889,0.5970954526102602,1.1046471624389818,0.4590363474987762,0.7417913239741325,0.7930229426736031,0.7749598168010557,0.6711965325436724,0.9993160142601007,0.991370434937105,0.9540969016123884,0.7994811579194003,0.635558673993312,0.8257477731010965,0.723126264918914,0.357975334038184,0.6631844650374952,0.6254248215990486,0.4917463037797788,0.4985128209654651,0.147692494773615,0.2765799462795257,0.3296282291412353,0.4272715747356415,0.3897739946842193,0.5187944769859314,0.4663522839546203,0.3738292455673218,0.3672919869422912,0.4423315823078155,0.4775502681732178,0.539810299873352,0.4852159917354584,0.8284071600593025,0.8546935193183671,0.9180870303531156,0.9259444329364588,0.8617919185615031,0.8064766757117677,0.152069091796875,0.1304678320884704,0.1425956487655639,0.1335400342941284,0.1534126996994018,0.1501729488372802,0.4278998672962188,0.5224933624267578,0.589409589767456,0.6084813475608826,0.6228048801422119,0.4626632034778595,0.7595043778419495,0.7559148669242859,0.7866489887237549,0.7921805381774902,0.9396551251411438,0.9175788164138794,0.1952079534530639,0.1805332601070404,0.1671472489833831,0.1685066223144531,0.1450736820697784,0.172098308801651,0.5583497881889343,0.5366818308830261,0.5698121786117554,0.5735020637512207,0.5156428217887878,0.4784319698810577,0.0,0.0,0.0,0.0,130.70978341135807,158.66522747822603,0.4295543134212494,0.4184675812721252,0.4098669588565826,0.4090782701969147,0.3354773223400116,0.3812547028064728,0.1973592191934585,0.1884988695383072,0.1721453219652176,0.1732776910066604,0.1502600014209747,0.1770211458206176,0.8301618099212646,0.8228336572647095,0.872333288192749,0.8728928565979004,0.9133620262145996,0.8718377351760864,0.5935813188552856,0.6969455480575562,0.6037716865539551,0.5866101980209351,0.4619571566581726,0.5004329085350037,1.0218594074249268,0.7807353734970093,0.6808664798736572,0.8907603621482849,0.8851929306983948,1.606218338012695,19.525989532470703,18.33652114868164,18.453449249267575,18.86896514892578,20.856884002685547,19.79693984985352,0.8694029450416565,0.8709471225738525,0.8689536452293396,0.8664595484733582,0.9357566237449646,0.9116643071174622,0.6441671384438866,0.6430665121671603,0.6767549469374163,0.6703536449434362,0.8054247099377181,0.77143795063934,0.6401940584182739,0.6384963989257812,0.6735283732414246,0.6675071716308594,0.8931516408920288,0.8463010787963867,0.4152206182479858,0.4298817813396454,0.475925862789154,0.5229924917221069,0.4483984112739563,0.4135331511497497,0.1452169567346573,0.1398238241672516,0.1636122763156891,0.1682120710611343,0.1416442245244979,0.0973249822854995,0.9347758889198304,0.931380808353424,0.9407821893692015,0.9388160109519958,0.966809093952179,0.9480518698692322,-0.0716227367520332,-0.0675514638423919,-0.0562050975859165,-0.0591106861829757,-0.0526056885719299,-0.0591442659497261
tmc13_biplane_vox10_dec_geom03_text03_trisoup-raht.ply,biplane_vox10.ply,TRISOUP_RAHT,4,2.15,0.9600496330677668,0.9890531065690964,0.9959948485163028,0.7608533568246008,0.4152080356383058,0.1979487292673342,0.969849869223788,0.888819784170809,0.6560469052012563,0.7650994720998199,0.3155310454797826,0.7340487321053497,1.0616924646684254,0.3785102733131392,0.42822503239649,0.7202909794749957,0.2281162754816551,0.7209950352688316,1.0337601975485893,0.4727581163505889,0.5970954526102602,1.1046471624389818,0.4590363474987762,0.7417913239741325,0.7930229426736031,0.7749598168010557,0.6711965325436724,0.9993160142601007,0.991370434937105,0.9540969016123884,0.7994811579194003,0.635558673993312,0.8257477731010965,0.723126264918914,0.357975334038184,0.6631844650374952,0.6254248215990486,0.4917463037797788,0.4985128209654651,0.147692494773615,0.3010990023612976,0.3526631295681,0.4522514343261719,0.4076963067054748,0.5373356938362122,0.4815603196620941,0.3621885478496551,0.3516843318939209,0.4172340035438537,0.4585066139698028,0.5341547727584839,0.4812101721763611,0.8270853687208854,0.8578855941410425,0.9191477299369636,0.9258522861354416,0.8650162230152953,0.8052555694295971,0.1480065584182739,0.1269786953926086,0.1479985117912292,0.1366041898727417,0.1442685723304748,0.1518775224685669,0.4200155138969421,0.5355145931243896,0.600528359413147,0.6093571186065674,0.6226886510848999,0.4514490067958832,0.749704897403717,0.7540953755378723,0.7781016826629639,0.7807853817939758,0.9390243291854858,0.9158947467803956,0.197634682059288,0.1795552372932434,0.1693135350942611,0.1698607206344604,0.1469643861055374,0.1767464429140091,0.5537059903144836,0.5365412831306458,0.5653123259544373,0.569719672203064,0.5103317499160767,0.4710233807563782,0.0,0.0,0.0,0.0,129.26828538834187,158.75718256679153,0.4369672536849975,0.422940731048584,0.413239449262619,0.4126533269882202,0.3380052447319031,0.3845840692520141,0.2001523226499557,0.1875689029693603,0.1743122488260269,0.1748891621828079,0.1527589708566665,0.1816028803586959,0.8264271020889282,0.8239139914512634,0.8701514601707458,0.8693192005157471,0.911251425743103,0.8702338933944702,0.6035146713256836,0.6937730312347412,0.6113834381103516,0.5947731733322144,0.4661851823329925,0.5055789351463318,1.1944583654403689,0.8571776747703552,0.7914840579032898,0.8795319199562073,0.9708207845687866,1.7343151569366455,19.16695022583008,18.06945037841797,18.13192749023437,18.55087661743164,20.53704833984375,19.531909942626957,0.8608824014663696,0.8687981367111206,0.8649014234542847,0.8646137118339539,0.933947503566742,0.9081172347068788,0.6377063389341971,0.638228757904371,0.6717768284300265,0.6641091210500816,0.8048757896305305,0.7719493708563858,0.6333500146865845,0.6334558725357056,0.668289840221405,0.6606917977333069,0.8901945352554321,0.8430911302566528,0.4192200899124145,0.4366695582866668,0.483111560344696,0.5188089609146118,0.4464283883571625,0.4083260595798492,0.1378208696842193,0.1342674940824508,0.1553690433502197,0.1607918888330459,0.1341490745544433,0.0933699682354927,0.9311536550521852,0.9297912120819092,0.9371860027313232,0.9338151812553406,0.965920865535736,0.9461818337440492,-0.0725676789879798,-0.0702326521277427,-0.0549055226147174,-0.059440754354,-0.0532457455992698,-0.0608618780970573
tmc13_biplane_vox10_dec_geom04_text04_octree-predlift.ply,biplane_vox10.ply,OCTREE_PRED_LIFT,1,3.8,0.9739464053449142,0.9932770452503156,0.997388766210813,0.8064345003677806,0.55831397858193,0.3109310681449962,0.9622151159763698,0.9644358052124988,0.8929353970887338,0.8035534961157027,0.4922363910369033,0.7750331794675057,0.6751151097307065,0.3426011860435569,0.3409052418487224,0.3355749157541293,0.2281162754816551,0.7209950352688316,1.0803030203369186,0.4455973965965096,0.7367303571301208,0.3798301331080705,0.1779406006304853,0.2156842350504219,0.767961779610963,0.7319490911153097,0.6524043024772388,0.9958767988043932,0.9844622855023076,0.9275477198232558,0.7122874945812001,0.5642900490333604,0.9275638632824594,0.864537878366841,0.4868327535496612,0.8513720002503524,0.8267279304522611,0.612957368515256,0.3605057477733248,0.0352810723420152,0.4334495663642883,0.4536686837673187,0.4947822690010071,0.4887961447238922,0.5773082375526428,0.5915924906730652,0.5128844976425171,0.5070191621780396,0.5033017992973328,0.5199328660964966,0.5934576988220215,0.5711053013801575,0.9579399829384804,0.9687017782410132,0.9826288744283036,0.984589116339686,0.9773967704798096,0.9740958386226716,0.1115579605102539,0.1200314760208129,0.1260733604431152,0.1102443933486938,0.0705163478851318,0.0720852613449096,0.7391490340232849,0.7784861326217651,0.8206300139427185,0.8205345273017883,0.8705931901931763,0.8494613170623779,0.8457167148590088,0.8461464643478394,0.8432010412216187,0.8550989031791687,0.9823973774909972,0.9787590503692628,0.1087700203061103,0.1082524806261062,0.1046020686626434,0.1006795465946197,0.0752844363451004,0.0790727734565734,0.7432771325111389,0.7341348528862,0.7390490770339966,0.7552611231803894,0.7666381597518921,0.7540842294692993,0.0,0.0,0.0,0.0,97.23062490943028,116.50733076398716,0.3771080076694488,0.378170907497406,0.3879441618919372,0.3828020989894867,0.2558853030204773,0.2661032974720001,0.1148557513952255,0.1148735582828521,0.111560121178627,0.1069889515638351,0.080932430922985,0.0841226652264595,0.930836856365204,0.9344362020492554,0.9390231966972352,0.9397394061088562,0.9686467051506042,0.9632861614227296,0.3812435269355774,0.4191921651363373,0.4103402495384216,0.3895992636680603,0.2643876075744629,0.2587593793869018,0.4591335952281952,0.3500308990478515,0.2995133697986603,0.3368730545043945,0.3162885010242462,0.4670220613479614,22.54095458984375,21.662885665893555,20.74221611022949,21.271045684814453,24.83072662353516,24.584148406982425,0.9173566699028016,0.912085235118866,0.907756507396698,0.911912441253662,0.9811891913414,0.9791070818901062,0.7272101176185662,0.7562834561995188,0.7402411713468812,0.7412702313823215,0.8592906387549043,0.8565754914733599,0.7265802621841431,0.7560462355613708,0.740003228187561,0.7408151030540466,0.9665749073028564,0.9592870473861694,0.6285420656204224,0.6579387784004211,0.6002184748649597,0.6587901711463928,0.683183491230011,0.6572583317756653,0.2423226237297058,0.2501277029514313,0.2342303246259689,0.2434691786766052,0.2644802033901214,0.2384612709283828,0.959610641002655,0.9573917984962464,0.9555514454841614,0.9585409164428712,0.989639401435852,0.9877312183380128,-0.0402418449521064,-0.0392988249659538,-0.0440123081207275,-0.0446546748280525,-0.0322338305413723,-0.0369713045656681
tmc13_biplane_vox10_dec_geom04_text04_octree-raht.ply,biplane_vox10.ply,OCTREE_RAHT,2,3.925,0.974462575386396,0.9935348100595652,0.9972801775780652,0.8433580231127561,0.6223413393276883,0.2987641533249109,0.9623748780640154,0.9317293600881178,0.7242748286636098,0.8478513485811623,0.4553740206038777,0.824657811648286,0.6751151097307065,0.3426011860435569,0.3409052418487224,0.3355749157541293,0.2281162754816551,0.7209950352688316,1.0803030203369186,0.4455973965965096,0.7367303571301208,0.3798301331080705,0.1779406006304853,0.2156842350504219,0.767961779610963,0.7319490911153097,0.6524043024772388,0.9958767988043932,0.9844622855023076,0.9275477198232558,0.7122874945812001,0.5642900490333604,0.9275638632824594,0.864537878366841,0.4868327535496612,0.8513720002503524,0.8267279304522611,0.612957368515256,0.3605057477733248,0.0352810723420152,0.451276034116745,0.466646283864975,0.5104365348815918,0.5039366483688354,0.5979878306388855,0.5961236953735352,0.5053134560585022,0.4942499697208404,0.4885095059871673,0.5088750123977661,0.5897963047027588,0.5691500306129456,0.9560038416442947,0.969513246747608,0.9828115001484948,0.9846237655519852,0.9770684788978172,0.9706031103330132,0.1160796880722045,0.1115921735763549,0.1289576888084411,0.1178469657897949,0.0630239248275756,0.0689579248428344,0.7469742298126221,0.7873564958572388,0.8237252831459045,0.832166314125061,0.8779165744781494,0.8546503782272339,0.8482569456100464,0.8488041162490845,0.8432052731513977,0.8546395897865295,0.9821045994758606,0.9786314964294434,0.1090965718030929,0.1079606711864471,0.106042705476284,0.1012879163026809,0.0755080431699752,0.0796469822525978,0.7411645650863647,0.7326783537864685,0.7338592410087585,0.7512389421463013,0.7633390426635742,0.750266969203949,0.0,0.0,0.0,0.0,94.65265672558756,112.73922147484122,0.3775355517864227,0.3787599205970764,0.3895317018032074,0.3838137090206146,0.2581014335155487,0.2680756449699402,0.1147249117493629,0.1141071170568466,0.1122162044048309,0.1073114871978759,0.0805817246437072,0.0841230303049087,0.9290497303009032,0.933490753173828,0.9376289248466492,0.9390188455581664,0.9681493639945984,0.9629961848258972,0.3878442049026489,0.4209328591823578,0.4173429906368255,0.3940901160240173,0.2694377601146698,0.2626084089279175,0.4476680159568786,0.3737757205963135,0.3763969242572784,0.285229355096817,0.321725457906723,0.3678383231163025,22.353321075439453,21.513002395629883,20.583499908447266,21.12114906311035,24.676246643066406,24.481565475463867,0.91974276304245,0.9144993424415588,0.9073449969291688,0.9139567613601683,0.9808622002601624,0.9785800576210022,0.7240976507487324,0.7545946861314201,0.7387686190980924,0.7408714211405375,0.8603873924022729,0.8587495290380794,0.7233824133872986,0.7543165683746338,0.7384418845176697,0.740351676940918,0.9651554822921752,0.9584370851516724,0.6394906640052795,0.6644001603126526,0.6112523674964905,0.6592194437980652,0.6989727020263672,0.6625091433525085,0.2332733869552612,0.2439415901899337,0.2273482382297516,0.2362009584903717,0.2557666003704071,0.2307541221380233,0.9607317447662354,0.958297312259674,0.955875277519226,0.959347128868103,0.9892116785049438,0.9876532554626464,-0.0366451293230056,-0.0390622913837432,-0.0407263599336147,-0.0421269424259662,-0.0316017307341098,-0.0368666984140872
tmc13_biplane_vox10_dec_geom04_text04_trisoup-predlift.ply,biplane_vox10.ply,TRISOUP_PREDLIFT,3,2.225,0.9613818337492956,0.9909309081365716,0.9972125590187032,0.7504729846421788,0.502508133275743,0.2913016765634137,0.9710202932627334,0.9720374089010684,0.8801534653924495,0.7471735965040486,0.4478242680250941,0.7130783274238985,1.0616924646684254,0.3785102733131392,0.42822503239649,0.7202909794749957,0.2281162754816551,0.7209950352688316,1.0337601975485893,0.4727581163505889,0.5970954526102602,1.1046471624389818,0.4590363474987762,0.7417913239741325,0.7930229426736031,0.7749598168010557,0.6711965325436724,0.9993160142601007,0.991370434937105,0.9540969016123884,0.7994811579194003,0.635558673993312,0.8257477731010965,0.723126264918914,0.357975334038184,0.6631844650374952,0.6254248215990486,0.4917463037797788,0.4985128209654651,0.147692494773615,0.299230009317398,0.344092845916748,0.4455300867557525,0.3944653570652008,0.5320215225219727,0.4846462905406952,0.3831981122493744,0.3783908188343048,0.4546242654323578,0.4904166460037231,0.5416556596755981,0.4879101514816284,0.8346914355254125,0.8600200619866578,0.92207243522623,0.9274593308780212,0.8656856368234944,0.8088540930440161,0.135211706161499,0.1107458472251892,0.1195665597915649,0.1119777560234069,0.1426297426223755,0.1462156772613525,0.4317170977592468,0.5327600836753845,0.6034801602363586,0.6147862672805786,0.6283632516860962,0.4634058475494385,0.7650145888328552,0.7618186473846436,0.793303906917572,0.7987134456634521,0.941209316253662,0.9185108542442322,0.1945100277662277,0.1785201728343963,0.1654587537050247,0.1664869785308838,0.1428730636835098,0.1712355762720108,0.5635436773300171,0.5440211892127991,0.5771897435188293,0.581253707408905,0.5224332213401794,0.4828595519065857,0.0,0.0,0.0,0.0,129.17901213309852,152.99261543739271,0.4287201762199402,0.4176289439201355,0.40687295794487,0.4057178497314453,0.3331278562545776,0.3805703222751617,0.1961349546909332,0.1860103011131286,0.1698579937219619,0.1706590503454208,0.1478156000375747,0.1758113801479339,0.8370252847671509,0.8318953514099121,0.8789195418357849,0.878987729549408,0.9185655117034912,0.8756883144378662,0.5871843099594116,0.681299090385437,0.5931718349456787,0.5784099102020264,0.4506820142269134,0.4942260682582855,1.0504869222640991,0.7960816025733948,0.6513077020645142,0.8672115206718445,0.878726065158844,1.5019776821136477,19.5642204284668,18.468414306640625,18.56668281555176,18.935964584350582,21.00100326538086,19.837934494018555,0.873691976070404,0.8750205636024475,0.8759961724281311,0.8748074173927307,0.9371223449707032,0.9130776524543762,0.6527611282281106,0.6518858309317357,0.6918059695137194,0.6838602594370586,0.8222108315631227,0.7836951731464137,0.6490727663040161,0.6476914882659912,0.6887757182121277,0.6811844706535339,0.8987112045288086,0.850023627281189,0.4227095246315002,0.4504748880863189,0.4895121455192566,0.5468217730522156,0.4692896604537964,0.4231708943843841,0.1481651067733764,0.1432921588420868,0.1699499785900116,0.1736499220132827,0.1543251872062683,0.1026080250740051,0.9372902512550354,0.9338944554328918,0.9446179270744324,0.942887842655182,0.9682406187057496,0.948373317718506,-0.0732447057962417,-0.0677981302142143,-0.057687971740961,-0.0558717437088489,-0.0520849451422691,-0.0588793866336345
tmc13_biplane_vox10_dec_geom04_text04_trisoup-raht.ply,biplane_vox10.ply,TRISOUP_RAHT,4,2.1,0.9615864821308712,0.9910274229312332,0.9969816020489544,0.7951657222275827,0.563920044477956,0.2799045765604556,0.9694436782729868,0.9396275018957356,0.7033320446601149,0.7976048736876553,0.4163139717757204,0.76966264238202,1.0616924646684254,0.3785102733131392,0.42822503239649,0.7202909794749957,0.2281162754816551,0.7209950352688316,1.0337601975485893,0.4727581163505889,0.5970954526102602,1.1046471624389818,0.4590363474987762,0.7417913239741325,0.7930229426736031,0.7749598168010557,0.6711965325436724,0.9993160142601007,0.991370434937105,0.9540969016123884,0.7994811579194003,0.635558673993312,0.8257477731010965,0.723126264918914,0.357975334038184,0.6631844650374952,0.6254248215990486,0.4917463037797788,0.4985128209654651,0.147692494773615,0.3204379677772522,0.3645289838314056,0.4620326459407806,0.4036551415920257,0.5445873141288757,0.4977632164955139,0.376262217760086,0.3704958856105804,0.4441273510456085,0.4789066910743713,0.541401207447052,0.4859144687652588,0.8346182204555632,0.8624308108182812,0.9246390597769478,0.9281970906291396,0.867915313166243,0.8093394644169859,0.1300132274627685,0.1105519533157348,0.1182867884635925,0.1070404052734375,0.1383249759674072,0.1459599733352661,0.4258602857589721,0.5445675849914551,0.607905924320221,0.6229125261306763,0.6280025839805603,0.4594928324222564,0.7616247534751892,0.7621634006500244,0.7897648215293884,0.7946808338165283,0.9411272406578064,0.9179936051368712,0.1963502615690231,0.1775050312280655,0.1658259183168411,0.1657496988773346,0.1435431987047195,0.1731042563915252,0.560811460018158,0.5432048439979553,0.5751703977584839,0.578891932964325,0.5209833383560181,0.4811241924762726,0.0,0.0,0.0,0.0,127.82432923894238,151.24043828240897,0.4346319735050201,0.420729249715805,0.4101283550262451,0.4087053537368774,0.3338854014873504,0.3819856941699981,0.1978047043085098,0.1850252449512481,0.1698494404554367,0.170057937502861,0.1484961211681366,0.1774251461029052,0.8344697952270508,0.8327114582061768,0.8784748315811157,0.8781594038009644,0.9177162647247314,0.8756362199783325,0.5938990712165833,0.6823462247848511,0.5970997214317322,0.5829669833183289,0.4544694423675537,0.4974116086959839,1.0742671489715576,0.7932062149047852,0.6893798112869263,0.8715918064117432,0.9076083898544312,1.4699400663375854,19.316442489624023,18.31121253967285,18.39225959777832,18.762954711914062,20.815479278564453,19.676401138305664,0.8707135915756226,0.8762578368186951,0.8753772377967834,0.8760561943054199,0.936665952205658,0.9107447266578674,0.6473669204923995,0.6488763978510981,0.6882756198546625,0.6811843446717466,0.8210833273695275,0.7847302041917527,0.6433992385864258,0.6445062756538391,0.6850549578666687,0.6783818602561951,0.8975121378898621,0.8490597605705261,0.4228690862655639,0.4609623253345489,0.4939205646514892,0.5638634562492371,0.4791568517684936,0.4205799698829651,0.1427472978830337,0.1397414058446884,0.1655013114213943,0.1691716313362121,0.1501487344503402,0.1003151014447212,0.9362396001815796,0.9337593913078308,0.9433115124702454,0.941432237625122,0.9679494500160216,0.9481492638587952,-0.071145050227642,-0.0659313946962356,-0.0548068918287754,-0.0559351183474063,-0.0517652481794357,-0.0582542978227138
tmc13_biplane_vox10_dec_geom05_text05_octree-predlift.ply,biplane_vox10.ply,OCTREE_PRED_LIFT,1,4.575,0.9844147531725236,0.9962696294239908,0.9984288857010732,0.886832438283532,0.73866409586712,0.4159895121091198,0.9438361906105516,0.9491377861802488,0.930375826418584,0.8847109222488143,0.6390044072971522,0.8669281801522076,0.5560435387674553,0.2820088968017882,0.2797918289359195,0.2804071106070603,0.2281162754816551,0.7209950352688316,1.029137806992641,0.3946057106817203,0.7458857523379238,0.2799474258194557,0.1224784184086303,0.1725135317210342,0.8946430500215131,0.8663140622051309,0.8123482477423003,0.9927478277926028,0.9813053458062516,0.914013931089328,0.8580902049688612,0.7735902270228538,0.9530157575174372,0.8948503385973887,0.5524495731205866,0.8998231082184157,0.8812225136760177,0.6638391871387797,0.2923658997397163,0.0250365072674428,0.4950747191905975,0.4911379516124725,0.5264119505882263,0.5174574851989746,0.6258415579795837,0.6321183443069458,0.5490549206733704,0.5309498310089111,0.5088001489639282,0.5319396257400513,0.5921720862388611,0.5717558860778809,0.976069623024837,0.9828930466410274,0.9786921994876482,0.9813250699377564,0.9838380903844935,0.980108987529159,0.0712064504623413,0.0691203474998474,0.0734955072402954,0.0734716653823852,0.0407604575157165,0.0454645752906799,0.8124998211860657,0.8399706482887268,0.8500077724456787,0.854427695274353,0.9232861399650574,0.9130091667175292,0.8814719319343567,0.8789222240447998,0.8689324259757996,0.8788479566574097,0.9882033467292786,0.9856122136116028,0.0953796356916427,0.096720851957798,0.0981540605425834,0.0915130823850631,0.0598969869315624,0.0628636628389358,0.7847866415977478,0.7713409662246704,0.7650931477546692,0.7814255356788635,0.8183853030204773,0.8103601932525635,0.0,0.0,0.0,0.0,83.21846866266748,91.5676761397772,0.3584422767162323,0.3641446828842163,0.3758188486099243,0.3688558638095855,0.2337327599525451,0.2391601204872131,0.0995979011058807,0.1014800891280174,0.1033462509512901,0.097931794822216,0.06485016644001,0.0669279173016548,0.9518265724182128,0.9541046619415284,0.953600287437439,0.9564032554626464,0.9796428084373474,0.9765228033065796,0.3334530293941498,0.3663282096385956,0.3808853030204773,0.3673188388347626,0.2283798307180404,0.2198425531387329,0.3910010159015655,0.4817192852497101,0.4044394791126251,0.3820984661579132,0.3052289485931396,0.3784650564193725,23.262243270874023,22.157285690307617,20.91946792602539,21.619932174682617,25.693408966064453,25.81881523132324,0.938114047050476,0.9349519610404968,0.922458291053772,0.9311566948890686,0.9874037504196168,0.986232340335846,0.7810035447426095,0.7993873103329382,0.7769739652011032,0.7824067330503777,0.8962517706943898,0.8971075873834907,0.7805218696594238,0.7989313006401062,0.7763499021530151,0.7817368507385254,0.9794737696647644,0.974360466003418,0.7500247359275818,0.772283136844635,0.7175855040550232,0.7433709502220154,0.8016913533210754,0.769779622554779,0.2856406569480896,0.2828617095947265,0.2526270747184753,0.2679623961448669,0.3138291835784912,0.2912591993808746,0.969274401664734,0.9662163853645324,0.9641143083572388,0.9663736820220948,0.9932119250297546,0.992216408252716,-0.0339585170149803,-0.0333591885864734,-0.0304785594344139,-0.035993181169033,-0.0264821574091911,-0.0297275315970182
tmc13_biplane_vox10_dec_geom05_text05_octree-raht.ply,biplane_vox10.ply,OCTREE_RAHT,2,4.55,0.9846436586986153,0.996400200675972,0.9982665273997576,0.907737188300657,0.799136863334727,0.408578188504995,0.944316669249659,0.942502804690306,0.8146098202591924,0.9121400273967656,0.6131816818279898,0.896811529108113,0.5560435387674553,0.2820088968017882,0.2797918289359195,0.2804071106070603,0.2281162754816551,0.7209950352688316,1.029137806992641,0.3946057106817203,0.7458857523379238,0.2799474258194557,0.1224784184086303,0.1725135317210342,0.8946430500215131,0.8663140622051309,0.8123482477423003,0.9927478277926028,0.9813053458062516,0.914013931089328,0.8580902049688612,0.7735902270228538,0.9530157575174372,0.8948503385973887,0.5524495731205866,0.8998231082184157,0.8812225136760177,0.6638391871387797,0.2923658997397163,0.0250365072674428,0.5172712206840515,0.5026224851608276,0.5337068438529968,0.5229353904724121,0.6341413855552673,0.6445509791374207,0.5444748997688293,0.52837735414505,0.5068632960319519,0.5262205004692078,0.5925292372703552,0.5717798471450806,0.976317098824705,0.9827963446659772,0.9785745357977936,0.9818367415567028,0.983995321166674,0.9804384193407722,0.0661084651947021,0.069532573223114,0.0778833627700805,0.0678241848945617,0.0369776487350463,0.041674256324768,0.8138654232025146,0.841731071472168,0.8508090972900391,0.8584879040718079,0.925196886062622,0.9142839312553406,0.8813473582267761,0.8791488409042358,0.8680211305618286,0.8780804872512817,0.9881218075752258,0.9854202270507812,0.0952070206403732,0.0970429554581642,0.0986789241433143,0.0919163152575492,0.0602009370923042,0.0626639723777771,0.7832033634185791,0.7690798044204712,0.7636093497276306,0.7805411219596863,0.817954957485199,0.8094704747200012,0.0,0.0,0.0,0.0,82.58073600646924,90.23205100754782,0.3595182299613952,0.3656473755836487,0.3774778246879577,0.3700669407844543,0.2342609465122223,0.2398075312376022,0.0995111092925071,0.1017692685127258,0.1036495417356491,0.0979799255728721,0.0649150758981704,0.0667101293802261,0.9507185220718384,0.9535101652145386,0.9532203674316406,0.9562220573425292,0.979321837425232,0.976308524608612,0.3382997512817383,0.3682679831981659,0.3835828304290771,0.3691332340240478,0.2303964793682098,0.2219829261302948,0.3799669444561004,0.4857111871242523,0.4188205003738403,0.3911107182502746,0.3284295797348022,0.3297382295131683,23.10870933532715,22.048038482666016,20.80987930297852,21.508790969848636,25.575000762939453,25.730817794799805,0.9390847086906432,0.935435712337494,0.9228803515434264,0.9320523142814636,0.9873474836349488,0.9861759543418884,0.7783833674975227,0.7979476790716544,0.775212649740293,0.7818987010340719,0.8958012581724619,0.8978060460114017,0.7778098583221436,0.7974791526794434,0.7745343446731567,0.7811992168426514,0.9789592027664183,0.9737619161605836,0.7571884393692017,0.7766799330711365,0.7307646870613098,0.7415187954902649,0.8032501935958862,0.7849015593528748,0.2788084149360657,0.2791179716587066,0.2492946535348892,0.2640108168125152,0.3088540136814117,0.2857258021831512,0.9694274067878724,0.96626079082489,0.964121162891388,0.9664918780326844,0.9932007789611816,0.9922112822532654,-0.0350401476025581,-0.0334706157445907,-0.029578011482954,-0.0365422703325748,-0.0264623500406742,-0.0289428997784852
tmc13_biplane_vox10_dec_geom05_text05_trisoup-predlift.ply,biplane_vox10.ply,TRISOUP_PREDLIFT,3,3.125,0.9750487729361806,0.9946682574453964,0.998261844684949,0.8345269188253741,0.6929099863943879,0.4065366484910693,0.9592918734435874,0.9606474809126032,0.9333252461945764,0.8334973575049958,0.6074180430181352,0.8082830200451996,0.6234750201507823,0.2291905791317434,0.2427939594448473,0.4147882042818994,0.2281162754816551,0.7209950352688316,0.8791515437334696,0.3628910765134226,0.5748576458942792,0.6162610243888851,0.2517800162795816,0.417078419136495,0.878436894385032,0.8586194680584275,0.7917584242457826,0.99833224642845,0.9866755092853228,0.9366116419342582,0.8734249860522719,0.7765579263520427,0.8900956822930862,0.806100669232979,0.4114482553449674,0.8040693285690432,0.7750439215303143,0.5349671144808728,0.4487380866939697,0.0845949518285791,0.4214771389961242,0.4369255006313324,0.5302239060401917,0.4561185836791992,0.6126303672790527,0.5602931380271912,0.4610061943531036,0.4399455785751343,0.4759904444217682,0.5147915482521057,0.5816288590431213,0.5411177277565002,0.9049145323570308,0.9227837755251428,0.9671887287781024,0.968471415342388,0.94654930256766,0.902269494615011,0.0981921553611755,0.0834434032440185,0.1050467491149902,0.0830227136611938,0.0672501921653747,0.0909414291381836,0.6493311524391174,0.6600902676582336,0.7515233755111694,0.749587893486023,0.7999148368835449,0.6649233102798462,0.8376710414886475,0.8255277276039124,0.8470303416252136,0.8478856682777405,0.9734283089637756,0.9553886651992798,0.1279452890157699,0.1359466165304184,0.1206657737493515,0.1234168335795402,0.0930906608700752,0.1215476393699646,0.6946296095848083,0.6610842943191528,0.699546754360199,0.7056424021720886,0.6991981267929077,0.6323567032814026,0.0,0.0,0.0,0.0,106.0633909611213,134.9538764878081,0.3912977576255798,0.3988054692745209,0.3881138563156128,0.3885293900966644,0.2813870310783386,0.3207511901855469,0.1331166625022888,0.1431196630001068,0.1246073544025421,0.1275165528059005,0.0970197319984436,0.1262067854404449,0.9105510711669922,0.8984533548355103,0.9324434995651244,0.9271243810653688,0.9608013033866882,0.9267854690551758,0.4294275641441345,0.5349655151367188,0.4513143002986908,0.4368739724159241,0.3088461756706238,0.3753469586372375,0.7074822187423706,0.710517942905426,0.8149541020393372,0.7706742882728577,0.6203174591064453,0.9517720341682434,21.742679595947266,20.187227249145508,20.22574615478516,20.61027717590332,23.78187561035156,21.849477767944336,0.9186356067657472,0.9101458787918092,0.9136435985565186,0.903744637966156,0.9705869555473328,0.9554440975189208,0.7377847119942481,0.7242361941306271,0.7695704041241535,0.7501061342773748,0.8751963409835642,0.8271008814643777,0.7371052503585815,0.7230261564254761,0.7689225077629089,0.7495457530021667,0.9533191919326782,0.9130138754844666,0.5604380369186401,0.5894516110420227,0.6142492294311523,0.6555306315422058,0.6442984342575073,0.5250940918922424,0.2107359915971756,0.195994883775711,0.2204085439443588,0.2231877893209457,0.2336480170488357,0.1564647257328033,0.9572513699531556,0.9526488780975342,0.9604870080947876,0.9590736627578736,0.9856920838356018,0.9730512499809264,-0.0504228919744491,-0.0524385385215282,-0.0442952699959278,-0.0459159836173057,-0.0399666279554367,-0.0494923554360866
tmc13_biplane_vox10_dec_geom05_text05_trisoup-raht.ply,biplane_vox10.ply,TRISOUP_RAHT,4,4.15,0.9751095888528712,0.9947394765936338,0.9980898812082836,0.8629147953181397,0.7663818321216364,0.3885156379103678,0.959651970780739,0.9520505023261546,0.8184823833163284,0.8671316351428978,0.5798149745014036,0.845964330550876,0.6234750201507823,0.2291905791317434,0.2427939594448473,0.4147882042818994,0.2281162754816551,0.7209950352688316,0.8791515437334696,0.3628910765134226,0.5748576458942792,0.6162610243888851,0.2517800162795816,0.417078419136495,0.878436894385032,0.8586194680584275,0.7917584242457826,0.99833224642845,0.9866755092853228,0.9366116419342582,0.8734249860522719,0.7765579263520427,0.8900956822930862,0.806100669232979,0.4114482553449674,0.8040693285690432,0.7750439215303143,0.5349671144808728,0.4487380866939697,0.0845949518285791,0.4404526650905609,0.4489293098449707,0.5415661334991455,0.4624671936035156,0.6180683970451355,0.5707136988639832,0.4597738981246948,0.4366656839847564,0.4740046262741089,0.5117173194885254,0.5807344317436218,0.5414819717407227,0.9053021465669068,0.923774445572058,0.967012736558724,0.969124175567491,0.946839282732728,0.902501883769388,0.0964560508728027,0.0845149159431457,0.1056801080703735,0.0830188989639282,0.0672149658203125,0.0895770788192749,0.6497859954833984,0.6640076041221619,0.7517719864845276,0.7511541843414307,0.7984252572059631,0.6662760972976685,0.8367006182670593,0.8251404762268066,0.8454427719116211,0.846560001373291,0.9732234477996826,0.9554855227470398,0.128455713391304,0.1356681138277053,0.1212758794426918,0.12347262352705,0.0937174707651138,0.1217722222208976,0.6927875876426697,0.6615233421325684,0.6980999708175659,0.7049058675765991,0.6972452998161316,0.6314682960510254,0.0,0.0,0.0,0.0,105.41354704819152,133.11738038431113,0.3940404653549194,0.4013605415821075,0.3905560672283172,0.3901502788066864,0.2826639711856842,0.3211946785449981,0.1336301118135452,0.1426428407430648,0.1249879673123359,0.1276345402002334,0.0976458340883255,0.1262256503105163,0.9096469283103944,0.8980218768119812,0.9318947196006776,0.9268340468406676,0.9601725935935974,0.926616072654724,0.4328248202800751,0.5355144739151001,0.453040599822998,0.439540147781372,0.3109674453735351,0.3766890168190002,0.6996766924858093,0.7458938956260681,0.8069985508918762,0.7784739136695862,0.683294415473938,0.9050013422966005,21.60197257995605,20.074005126953125,20.117055892944336,20.49396324157715,23.648006439208984,21.75398063659668,0.9183022975921632,0.9101535677909852,0.915105164051056,0.9048821330070496,0.9704471230506896,0.9552209973335266,0.7349214604374299,0.7219995828436596,0.7684432945768864,0.7492441093783201,0.8742394516772979,0.8284309420369953,0.7342262268066406,0.7207615375518799,0.7677816152572632,0.7486504316329956,0.9525493383407592,0.9125057458877563,0.5749896168708801,0.6011225581169128,0.6228314638137817,0.6596172451972961,0.6441589593887329,0.528080403804779,0.2074428796768188,0.1932224631309509,0.217697873711586,0.2197989672422409,0.2300410717725753,0.1544406116008758,0.9570652842521667,0.9521581530570984,0.9600672125816344,0.9593159556388856,0.985478699207306,0.9730331301689148,-0.0515957027673721,-0.0530363693833351,-0.0431132353842258,-0.045572891831398,-0.0401080101728439,-0.049473587423563
tmc13_biplane_vox10_dec_geom06_text06_octree-predlift.ply,biplane_vox10.ply,OCTREE_PRED_LIFT,1,4.775,0.9883822887729248,0.9975505323056424,0.999017295593346,0.9247011425583054,0.8590274660902557,0.5924932641429734,0.9338287333848984,0.936511251717667,0.9454934174155912,0.924815102512401,0.7823669367867989,0.9128803535632516,0.5142360970007477,0.2588433408956708,0.2597345808671776,0.2606962617695939,0.2281162754816551,0.7209950352688316,1.0064470826809857,0.3788519526382647,0.7417794794344464,0.2637197968493338,0.1011686127649363,0.1828964156712405,0.9491333426356688,0.928830293736406,0.8919760170120423,0.9909463429137172,0.9804745427182106,0.9058209476547624,0.9278918462147496,0.8858042320254926,0.9616198340363276,0.9062330207894398,0.591126402482451,0.9279839095505416,0.9124946134312408,0.6973564128791391,0.2572414077970547,0.0204884764636483,0.5173456072807312,0.5232210159301758,0.5357989072799683,0.5258335471153259,0.6352100372314453,0.6520561575889587,0.5453115105628967,0.5251875519752502,0.5142552852630615,0.5389319658279419,0.594393789768219,0.5744979381561279,0.9840150090314032,0.9866155733850516,0.9832354064445245,0.98881923766751,0.9883653410940384,0.9877644081953594,0.0368722081184387,0.0379086732864379,0.0435861945152282,0.0398879051208496,0.0280482172966003,0.0324006080627441,0.8184369802474976,0.8467788696289062,0.874890148639679,0.8796108961105347,0.9257376790046692,0.9202228784561156,0.8956159949302673,0.8920219540596008,0.8875248432159424,0.8966123461723328,0.9912365078926086,0.990375816822052,0.0882264003157615,0.0948483720421791,0.093218058347702,0.0862257853150367,0.0521802753210067,0.0513367727398872,0.8037738800048828,0.7911524176597595,0.7912189960479736,0.8112709522247314,0.8583211302757263,0.8607722520828247,0.0,0.0,0.0,0.0,72.45492981039928,76.26150732976802,0.3514074087142944,0.3609622120857239,0.3681248426437378,0.3599956035614013,0.2174677103757858,0.2182124853134155,0.0931074246764183,0.1003512516617775,0.0976759195327758,0.0915956497192382,0.0562231726944446,0.0547514073550701,0.9596278667449952,0.9588785171508788,0.9617087244987488,0.9642840623855592,0.9848294258117676,0.9837254285812378,0.3204753994941711,0.3575485944747925,0.3624356687068939,0.3449434638023376,0.2042742222547531,0.189396858215332,0.3530431389808655,0.3740986585617065,0.2881911695003509,0.3355212807655334,0.2873332500457763,0.2827629148960113,23.306442260742188,22.29509162902832,21.100845336914062,21.91697120666504,26.323129653930664,26.78066635131836,0.9483599662780762,0.9448391199111938,0.9404252171516418,0.9443014860153198,0.9911548495292664,0.9904990196228028,0.8084398318190851,0.8162780537127017,0.8008555146790219,0.8082450847110945,0.9163718213450766,0.9204296742961308,0.8071111440658569,0.8151096105575562,0.7989884614944458,0.8068687319755554,0.9853233098983764,0.9834020137786864,0.810167133808136,0.8392117619514465,0.8022284507751465,0.8236951231956482,0.8576470017433167,0.8396044373512268,0.3123948276042938,0.302088588476181,0.2833605408668518,0.3015320301055908,0.366568922996521,0.3550698459148407,0.974443793296814,0.9711917638778688,0.9694734811782836,0.9715964198112488,0.99511456489563,0.99455726146698,-0.0266104973852634,-0.026464506983757,-0.0246438458561897,-0.023869739845395,-0.0220367275178432,-0.022966606542468
tmc13_biplane_vox10_dec_geom06_text06_octree-raht.ply,biplane_vox10.ply,OCTREE_RAHT,2,4.75,0.988408310544504,0.9975670232252384,0.9989200103409954,0.934430718189708,0.8908610647719599,0.6708086635874764,0.9340008683057952,0.933297147898584,0.9088750255468568,0.9373652130885024,0.8218358183884661,0.92593644850478,0.5142360970007477,0.2588433408956708,0.2597345808671776,0.2606962617695939,0.2281162754816551,0.7209950352688316,1.0064470826809857,0.3788519526382647,0.7417794794344464,0.2637197968493338,0.1011686127649363,0.1828964156712405,0.9491333426356688,0.928830293736406,0.8919760170120423,0.9909463429137172,0.9804745427182106,0.9058209476547624,0.9278918462147496,0.8858042320254926,0.9616198340363276,0.9062330207894398,0.591126402482451,0.9279839095505416,0.9124946134312408,0.6973564128791391,0.2572414077970547,0.0204884764636483,0.5302338004112244,0.5300208330154419,0.543499231338501,0.5347343683242798,0.6373932957649231,0.6589823365211487,0.5446916222572327,0.5243037343025208,0.5124235153198242,0.5373138785362244,0.5945590138435364,0.5747929811477661,0.984265056071235,0.9862769077456808,0.983020078188652,0.988915642750189,0.9884818269589404,0.9878162883607944,0.0376666188240051,0.037675142288208,0.0426716804504394,0.0384670495986938,0.0271064639091491,0.0331305265426635,0.8208057880401611,0.8452454805374146,0.875038743019104,0.8806194067001343,0.9265828132629396,0.9202091693878174,0.8955897688865662,0.8919103741645813,0.886987030506134,0.8963102102279663,0.9911763072013856,0.9902326464653016,0.0880521237850189,0.0950308442115783,0.0933782234787941,0.0863827839493751,0.0524650700390338,0.051613874733448,0.8037463426589966,0.790844202041626,0.7905593514442444,0.8106134533882141,0.8575778603553772,0.860008955001831,0.0,0.0,0.0,0.0,72.37216959922173,75.57524211793569,0.3524914085865021,0.3619382083415985,0.3695145547389984,0.3613483607769012,0.2179626822471618,0.218887597322464,0.0928984582424163,0.1004224941134452,0.0979231968522071,0.0916769951581955,0.0564180836081504,0.0548939444124698,0.9591767191886902,0.95832359790802,0.9614092111587524,0.9641791582107544,0.9846560955047609,0.9835287928581238,0.321987509727478,0.3594042956829071,0.3638931512832641,0.3467572629451751,0.2054841369390487,0.1909729689359665,0.3456472754478454,0.3922029435634613,0.3223475515842438,0.3438735008239746,0.2848387062549591,0.2511833012104034,23.205711364746094,22.21401023864746,21.021623611450195,21.83331298828125,26.23658943176269,26.69554710388184,0.9484205842018129,0.944919764995575,0.9404491782188416,0.9444562792778016,0.9911161661148072,0.9903741478919984,0.8064418964815756,0.8150828752451353,0.7996807095578232,0.8072874541309565,0.9158764170452168,0.920297160091927,0.8049821853637695,0.8138903975486755,0.7977359294891357,0.8058898448944092,0.9851266741752625,0.9831334948539734,0.8219844102859497,0.841484010219574,0.804925262928009,0.825450599193573,0.8636320233345032,0.8431980609893799,0.3089467287063598,0.2993107140064239,0.2811983525753021,0.2989238500595093,0.3633790016174316,0.3511210083961487,0.9744433760643004,0.9711081385612488,0.9693410396575928,0.9716481566429138,0.9950461387634276,0.9945147037506104,-0.0249770209193229,-0.0262060575187206,-0.0232108477503061,-0.0245821811258792,-0.0219188034534454,-0.0225621499121189
tmc13_biplane_vox10_dec_geom06_text06_trisoup-predlift.ply,biplane_vox10.ply,TRISOUP_PREDLIFT,3,4.925,0.9987114732046248,0.999121462386286,0.9992053945803688,0.9730489522729932,0.8880720624864297,0.600620364892586,0.0108731585529422,0.1384180608792545,0.5286618549652033,0.9693988546929748,0.7964344519038514,0.9657169164250442,0.0,0.0,0.0,0.0,0.2281162754816551,0.7209950352688316,0.8525719501329759,0.2281162754816551,0.7209950352688316,3.0690848567133024e-14,1.6354199377242738e-14,1.2090136743231734e-14,1.0,1.0,1.0,7.732900037320429e-17,7.397440624635633e-17,7.574562978155284e-17,1.0,1.0,1.0,1.0,1.0,1.0,1.0,0.9996852080653874,2.6231572320444895e-05,0.0002885472955248,0.5890833735466003,0.5868573188781738,0.6059852242469788,0.5958941578865051,0.6743142604827881,0.6843145489692688,0.577349841594696,0.5731674432754517,0.5698184967041016,0.5713839530944824,0.5944083333015442,0.5755316615104675,0.9997434244390466,0.9997630984066866,0.9999223777638956,0.9999229686028608,0.999939642096463,0.9998593367438556,0.005702793598175,0.003652811050415,0.004850685596466,0.0044370293617248,0.0037117004394531,0.0032994747161865,0.9973751306533812,0.997982621192932,0.9987173676490784,0.9981786012649536,0.9989681839942932,0.9982556104660034,0.9953217506408693,0.9964337944984436,0.995811939239502,0.99510657787323,0.999811589717865,0.9997244477272034,0.0030664301011711,0.0020563779398798,0.0020815061870962,0.0024404942523688,0.0016016215085983,0.0021232508588582,0.9938977360725404,0.9943665862083436,0.9945529103279114,0.9940783977508544,0.9944394826889038,0.9935465455055236,0.0,0.0,0.0,0.0,11.261567252060448,11.195342759122257,0.1702581942081451,0.1560075432062149,0.1653041243553161,0.1735230237245559,0.0875541865825653,0.0964858457446098,0.0038439901545643,0.0028062250930815,0.0030346093699336,0.0036442521959543,0.0023377027828246,0.0029770864639431,0.9982467889785768,0.9987055659294128,0.9989490509033204,0.9986788630485536,0.9992847442626952,0.9990253448486328,0.0385589823126792,0.0355101339519023,0.0323786586523056,0.0356749296188354,0.0254346393048763,0.0286726709455251,0.1130277290940284,0.0919440165162086,0.0692869797348976,0.0847742557525634,0.0528929010033607,0.0791022554039955,40.9058723449707,40.68052673339844,40.66265487670898,40.38225173950195,42.81051254272461,42.81711196899414,0.9979450702667236,0.9983713626861572,0.998188316822052,0.997794270515442,0.9998127818107604,0.9997600317001344,0.990130919666305,0.994213460102494,0.9937663776171044,0.9913836155186851,0.9960066561371308,0.9949439242854576,0.990131378173828,0.9942138195037842,0.9937664866447448,0.991383731365204,0.9993060827255248,0.9990588426589966,0.9284158945083618,0.9277087450027466,0.928659975528717,0.9267784357070924,0.9170011878013612,0.9044561982154846,0.8636947274208069,0.875200629234314,0.8742620944976807,0.8638320565223694,0.8644153475761414,0.8468430638313293,0.9988426566123962,0.9990155696868896,0.9987868666648864,0.9984549283981324,0.9998735189437866,0.9998425245285034,-0.0047047832049429,-0.0038486218545585,-0.0027565367054194,-0.0029599473346024,-0.0117315538227558,-0.013428890146315
tmc13_biplane_vox10_dec_geom06_text06_trisoup-raht.ply,biplane_vox10.ply,TRISOUP_RAHT,4,4.975,0.9986101565024742,0.9990676564430018,0.999059606375066,0.986279678722948,0.9114890773441208,0.6808333098784065,0.0096234008769541,0.1153235485508759,0.485457602461995,0.9857873762764956,0.8406898351771429,0.9823390446625192,0.0,0.0,0.0,0.0,0.2281162754816551,0.7209950352688316,0.8525719501329759,0.2281162754816551,0.7209950352688316,3.0690848567133024e-14,1.6354199377242738e-14,1.2090136743231734e-14,1.0,1.0,1.0,7.732900037320429e-17,7.397440624635633e-17,7.574562978155284e-17,1.0,1.0,1.0,1.0,1.0,1.0,1.0,0.9996852080653874,2.6231572320444895e-05,0.0002885472955248,0.5964452624320984,0.5925607681274414,0.6085429191589355,0.599381148815155,0.6762221455574036,0.6875676512718201,0.5777079463005066,0.5724911093711853,0.5699096918106079,0.5706631541252136,0.5940513610839844,0.575695276260376,0.9996615338723543,0.999832445789672,0.9999183902758416,0.9999155473717696,0.9999155329718712,0.9998351986490684,0.0045373439788818,0.0046219229698181,0.0050272941589355,0.0061033368110656,0.003953218460083,0.0040643215179443,0.9975175857543944,0.9980626702308656,0.9987128376960754,0.9984277486801147,0.998988389968872,0.9981237649917604,0.9952924847602844,0.9963690638542176,0.995566189289093,0.9953478574752808,0.999791979789734,0.9997004270553588,0.0030998459551483,0.0021943545434623,0.0022392205428332,0.0024263181257992,0.0018587914528325,0.0023695891723036,0.9936482906341552,0.9942318201065063,0.99393230676651,0.994036078453064,0.9940187931060792,0.9933623671531676,0.0,0.0,0.0,0.0,11.756948906073136,11.135063838766818,0.171590581536293,0.1571828871965408,0.167496845126152,0.1709585487842559,0.0904518216848373,0.0986200794577598,0.0039752689190208,0.0029113919008523,0.0032276336569339,0.0034652368631213,0.002546910662204,0.0031070148106664,0.9981340169906616,0.9986431002616882,0.998888373374939,0.998731791973114,0.9991602897644044,0.9989861845970154,0.0387619622051715,0.0344515740871429,0.0326602645218372,0.0345377102494239,0.0263905953615903,0.0288278833031654,0.0887631326913833,0.0776703208684921,0.0640105009078979,0.0947857052087783,0.0529565401375293,0.0486488230526447,40.912784576416016,40.64771270751953,40.56707763671875,40.68424987792969,42.57086181640625,43.00144958496094,0.997912049293518,0.9983505010604858,0.9981228709220886,0.9979485273361206,0.9997907876968384,0.9997264742851256,0.9904941632187224,0.9939725673981188,0.993817264724208,0.9924803042275444,0.995708743739217,0.9953428121667002,0.9904946088790894,0.993972897529602,0.9938174486160278,0.992480456829071,0.9991838335990906,0.9989611506462096,0.9290871620178224,0.9287135004997252,0.9294566512107848,0.9277106523513794,0.918122172355652,0.9059592485427856,0.8573873043060303,0.8695635199546814,0.8659088015556335,0.8628132939338684,0.8543744087219238,0.8411179184913635,0.9988909959793092,0.9989637136459352,0.9987013936042786,0.998570680618286,0.9998507499694824,0.9998377561569214,-0.0046284482814371,-0.0035223511513322,-0.0024804561398923,-0.0027280617505311,-0.0116801867261528,-0.0130630005151033
tmc13_head_00039_vox9_dec_geom01_text01_octree-predlift.ply,head_00039_vox9.ply,OCTREE_PRED_LIFT,1,1.0,0.9458735734361852,0.9912764564388982,0.99469512527799,0.4551492735305332,0.0699229096423915,0.062564151095226,0.9942899034020152,0.6085892957002713,0.2835259981581101,0.4519296205892449,0.0419513352313831,0.3985023916860201,2.013155121530546,1.0173161800398955,1.0195522515308046,0.9837989805921676,0.2709922405884443,0.6348433885371089,2.166564118099875,1.1013735633059247,1.1039519044000372,1.980911396261112,0.748501967473818,1.4296179481618223,0.150556271633743,0.1253747029424522,0.0683600943827427,0.9999897223971224,0.999182528953092,0.9574097999158137,0.1036564433799465,0.0460528005355114,0.8819112919615164,0.8517161268078184,0.3393322426883661,0.6261362934901525,0.5783181001584571,0.5027536211555659,0.5148265717783095,0.0721256802173936,0.0001928295969264,0.0203417371958494,0.0450453124940395,0.0699721351265907,0.2183645814657211,0.1281196624040603,0.5117313265800476,0.4928800761699676,0.4931912422180176,0.4855246841907501,0.5088323950767517,0.5098605751991272,0.6595287220653847,0.6975316137661294,0.6663785923419916,0.7001645108633612,0.5343600146275169,0.5753949120530037,0.3226090669631958,0.3249984979629516,0.3108179569244385,0.3184103369712829,0.3172865509986877,0.318017840385437,0.1827548146247863,0.1975136548280716,0.2416080236434936,0.2581492066383362,0.22982919216156,0.2239982932806015,0.6959009170532227,0.6954373717308044,0.7411994338035583,0.7469429969787598,0.7220433950424194,0.7046249508857727,0.2591165602207184,0.2545950710773468,0.2356120347976684,0.234500303864479,0.23411825299263,0.2436241507530212,0.4227944016456604,0.4265998899936676,0.4657384753227234,0.4731394946575165,0.4798905551433563,0.4551124274730682,120.00295583012644,62.80929039584863,214.0307337368941,213.45352397773777,197.37587286236425,210.9630761106103,0.4093604981899261,0.4120423793792724,0.4052967131137848,0.4056495130062103,0.3978615403175354,0.4076938331127167,0.2603184580802917,0.2562538087368011,0.2390898466110229,0.2377932220697403,0.2340410053730011,0.2436065673828125,0.5762037038803101,0.5836578607559204,0.6340097188949585,0.641704797744751,0.6405478715896606,0.6040183305740356,0.6973780393600464,0.6938936710357666,0.6364098787307739,0.6269212961196899,0.5841473340988159,0.6451965570449829,3.4933364391326904,3.1604971885681152,2.241459369659424,2.09181809425354,2.9398653507232666,3.0778846740722656,19.95831680297852,19.90181350708008,20.65669822692871,20.94072532653809,21.94927215576172,20.461105346679688,0.8344884514808655,0.8306854367256165,0.8487781286239624,0.8422030806541443,0.8699756860733032,0.8397206664085388,0.3747998766547759,0.3762493769037419,0.4794314324418102,0.4967728401288137,0.4914812774316597,0.4333494969206827,0.4487391114234924,0.4493170380592346,0.5312751531600952,0.5448530912399292,0.5596731901168823,0.4925942420959472,0.3457843661308288,0.3471785485744476,0.3666741847991943,0.3787032961845398,0.3815285563468933,0.3592418432235718,0.1088473945856094,0.1069754809141159,0.1286268830299377,0.1393768787384033,0.1379519551992416,0.0983129441738128,0.8956599831581116,0.8952739238739014,0.9073681831359864,0.9129640460014344,0.9193899035453796,0.9030959606170654,-0.0923235788941383,-0.0909750536084175,-0.0903046727180481,-0.0850943475961685,-0.0868924632668495,-0.1017291545867919
tmc13_head_00039_vox9_dec_geom01_text01_octree-raht.ply,head_00039_vox9.ply,OCTREE_RAHT,2,1.0,0.943109176644246,0.990741516131637,0.994208531703206,0.4242914571729513,0.0737838385276607,0.0193736887960301,0.8725037210384489,0.1817906254517114,0.1083223638484836,0.4249939925745027,0.0143521024914121,0.3797339377768193,2.013155121530546,1.0173161800398955,1.0195522515308046,0.9837989805921676,0.2709922405884443,0.6348433885371089,2.166564118099875,1.1013735633059247,1.1039519044000372,1.980911396261112,0.748501967473818,1.4296179481618223,0.150556271633743,0.1253747029424522,0.0683600943827427,0.9999897223971224,0.999182528953092,0.9574097999158137,0.1036564433799465,0.0460528005355114,0.8819112919615164,0.8517161268078184,0.3393322426883661,0.6261362934901525,0.5783181001584571,0.5027536211555659,0.5148265717783095,0.0721256802173936,-0.0188259966671466,-0.0096883298829197,0.0221499223262071,0.0333653353154659,0.1519317179918289,0.0003243714745622,0.5093315243721008,0.4864907562732696,0.4745959043502807,0.470701664686203,0.4962788820266723,0.5051071047782898,0.5443528255608432,0.6156887124043472,0.6115725987990694,0.623966502472091,0.4903777704295927,0.4882038425590108,0.3756847381591797,0.3684544563293457,0.3496592044830322,0.3389159440994262,0.3468799591064453,0.366897702217102,0.1101859658956527,0.1272776126861572,0.2041408717632293,0.1995783746242523,0.1874154806137085,0.1411308050155639,0.640474796295166,0.6596492528915405,0.7109904289245605,0.7189048528671265,0.7056350111961365,0.6643741130828857,0.3066545128822326,0.3012660443782806,0.2670793235301971,0.2683410346508026,0.2600768804550171,0.2861543297767639,0.3430242240428924,0.3528245091438293,0.4180571138858795,0.4181194603443146,0.4357123076915741,0.3868443071842193,66.21925698054946,62.9091816296326,218.82399693591097,223.22820363938823,203.0939812480421,218.83311521651785,0.4001501202583313,0.4040681421756744,0.4049484729766845,0.4050522148609161,0.3932969570159912,0.4012771844863891,0.3025003969669342,0.2965059876441955,0.2652250528335571,0.2668871879577636,0.2576757371425628,0.2808648645877838,0.5109087824821472,0.5299314260482788,0.6005954742431641,0.593525230884552,0.6064753532409668,0.5533943772315979,0.741529643535614,0.7335565090179443,0.6698834896087646,0.6685872077941895,0.600028932094574,0.6776809692382812,2.9495842456817627,2.768223285675049,2.034015655517578,2.2207531929016118,2.717128276824951,2.8686366081237797,19.542280197143555,19.523113250732425,20.33420753479004,20.512121200561523,21.693418502807617,20.076831817626957,0.7944148778915405,0.7978471517562866,0.8270113468170166,0.8231678605079651,0.8581397533416748,0.7993190288543701,0.359915044731793,0.3636288386472615,0.4682119733985018,0.4807751619160905,0.4847977991908687,0.4235921136742038,0.4065395295619964,0.4146215319633484,0.5038375854492188,0.5070542693138123,0.5405966639518738,0.4646446704864502,0.3422203660011291,0.3397882580757141,0.3585734367370605,0.3684990406036377,0.3643097877502441,0.3491342067718506,0.0932730063796043,0.0940451547503471,0.110288605093956,0.1203239783644676,0.1225719675421714,0.0864000618457794,0.8672201633453369,0.8719210624694824,0.8970639705657959,0.8994821906089783,0.907730221748352,0.8790004849433899,-0.0998703837394714,-0.0988647118210792,-0.0923951789736747,-0.0930425077676773,-0.0907629951834678,-0.1047331839799881
tmc13_head_00039_vox9_dec_geom01_text01_trisoup-predlift.ply,head_00039_vox9.ply,TRISOUP_PREDLIFT,3,1.025,0.965795868168006,0.9925152574761557,0.9952241235989496,0.3811672397900103,0.0708709017703142,0.0577603486422733,0.9865694603222536,0.5122426758093741,0.2658591789635707,0.3759736919663649,0.0369622813437196,0.3216919761626905,1.8461030440271,0.7052227057857637,0.7297681085410757,1.2481185739374776,0.2709922405884443,0.6348433885371089,1.7330179866400488,0.7504412435518916,1.046614008103085,1.9565635792720288,0.7779651779985125,1.291177744718265,0.758965583290304,0.6995861018581049,0.5538286494307741,0.999465390894302,0.9937137702208332,0.9672415339958572,0.7044205993762782,0.5792875347105106,0.8839337743488647,0.7900623601075769,0.3234538472158995,0.6123195993005524,0.5814928437216641,0.4841847987032003,0.5304093783260744,0.1095416383225556,0.0569172985851764,0.0496991984546184,0.0818751007318496,0.0769178494811058,-0.0337614528834819,-0.0156182423233985,0.422315239906311,0.3943221867084503,0.415784627199173,0.4033060669898987,0.3467285931110382,0.4286691546440124,0.8025893261722687,0.8190468567755577,0.7001290023926016,0.6749072093266414,0.6310024897061559,0.7585799779854142,0.276624321937561,0.2635785937309265,0.2392849922180175,0.241231083869934,0.2544577121734619,0.2513851523399353,0.3347882032394409,0.345841646194458,0.3605205416679382,0.3171228766441345,0.3060500919818878,0.3162345290184021,0.7629568576812744,0.7576754689216614,0.7605076432228088,0.7467256784439087,0.7316349744796753,0.7355794310569763,0.2173544615507125,0.2189389914274215,0.2111574560403823,0.2225329130887985,0.2289013713598251,0.2211079597473144,0.4428311288356781,0.4412034451961517,0.471765398979187,0.4563367068767547,0.4149809181690216,0.4347769021987915,229.20281436043143,221.04241799066813,0.0,0.0,225.18997750050292,225.5965581532842,0.4110455214977264,0.4136342704296112,0.4046084284782409,0.4117572605609894,0.4198761284351349,0.4136304557323456,0.2227574735879898,0.2233692407608032,0.2164199352264404,0.2272407412528991,0.2345749586820602,0.2263373732566833,0.6936156153678894,0.6809353828430176,0.6877415180206299,0.6438910365104675,0.6331155300140381,0.6642422080039978,0.7084136009216309,0.7180072665214539,0.6544748544692993,0.6822530627250671,0.7712888121604919,0.7879416942596436,2.0754339694976807,1.931146502494812,2.066441297531128,2.1642537117004395,2.813628435134888,2.574601888656616,18.09481430053711,18.00299835205078,20.18063735961914,19.97271728515625,18.208202362060547,18.09703254699707,0.8606956005096436,0.8582838177680969,0.882686972618103,0.8745598196983337,0.8497275710105896,0.8573137521743774,0.4151781936182438,0.4110218124007335,0.4990779073632991,0.4957085441668629,0.4846051539503657,0.4523253634568722,0.5489996671676636,0.532843291759491,0.5743496417999268,0.5479256510734558,0.5557237863540649,0.5405568480491638,0.3815929889678955,0.3765460252761841,0.4104849696159363,0.3973872363567352,0.3672500848770141,0.3613817095756531,0.1100198104977607,0.1022769138216972,0.1015535220503807,0.0963638946413993,0.0851200073957443,0.08020581305027,0.9173479080200196,0.9185157418251038,0.9224960207939148,0.9135797023773192,0.9162351489067078,0.910719871520996,-0.0819579064846038,-0.0803900733590126,-0.0830913186073303,-0.0812884271144867,-0.0826068297028541,-0.0844461992383003
tmc13_head_00039_vox9_dec_geom01_text01_trisoup-raht.ply,head_00039_vox9.ply,TRISOUP_RAHT,4,1.0,0.9616950754585014,0.9918376040922952,0.994812651023535,0.409099151406786,0.043462444367228,0.0196551399708306,0.8374438948746264,0.1264640934343856,0.0601609184998204,0.4080557675954489,0.017065379771197,0.3663293381068803,1.8461030440271,0.7052227057857637,0.7297681085410757,1.2481185739374776,0.2709922405884443,0.6348433885371089,1.7330179866400488,0.7504412435518916,1.046614008103085,1.9565635792720288,0.7779651779985125,1.291177744718265,0.758965583290304,0.6995861018581049,0.5538286494307741,0.999465390894302,0.9937137702208332,0.9672415339958572,0.7044205993762782,0.5792875347105106,0.8839337743488647,0.7900623601075769,0.3234538472158995,0.6123195993005524,0.5814928437216641,0.4841847987032003,0.5304093783260744,0.1095416383225556,0.0941874906420707,0.0840253084897995,0.09270029515028,0.066003181040287,-0.0076652052812278,0.0302708651870489,0.4254132509231567,0.4027282893657684,0.4131227731704712,0.4012103080749511,0.3615271747112274,0.4386554062366485,0.7815748160300888,0.7964256697064959,0.6564268288863213,0.6184364873420245,0.593827376242795,0.723782390285719,0.3575497269630432,0.3414961099624634,0.2934800386428833,0.3080418109893799,0.3226057291030884,0.3274655342102051,0.2738746404647827,0.2896163463592529,0.3189805150032043,0.2792353630065918,0.2507116794586181,0.2608046531677246,0.7081299424171448,0.7099342942237854,0.7251783609390259,0.7117871642112732,0.6833812594413757,0.6923349499702454,0.2708814740180969,0.2677450478076935,0.2372092604637146,0.2508941292762756,0.2629677057266235,0.2585300207138061,0.3726542592048645,0.3777639269828796,0.4253188669681549,0.4094897508621216,0.3645602464675903,0.3841961920261383,221.6977305344623,216.6318921126671,0.0,0.0,223.8148032244009,221.45830336934864,0.4114227592945099,0.4146357178688049,0.4090613722801208,0.4150376319885254,0.4188506603240967,0.4140923917293548,0.2648818492889404,0.2617857158184051,0.2396755218505859,0.2511557936668396,0.2624844014644623,0.2564342617988586,0.6421190500259399,0.6295152306556702,0.6450783014297485,0.5987223386764526,0.5898737907409668,0.6196836829185486,0.7466901540756226,0.760553240776062,0.689605712890625,0.7204262018203735,0.7965466976165771,0.8152432441711426,2.867051124572754,2.560379981994629,2.045393466949463,2.360536575317383,3.2841391563415527,2.8609511852264404,17.737781524658203,17.60724639892578,19.629505157470703,19.43864250183105,17.960519790649414,17.763078689575195,0.8280999064445496,0.8295437693595886,0.8652629852294922,0.8522785305976868,0.8260787725448608,0.8235246539115906,0.3809322376624843,0.3744497112806558,0.4709199975385034,0.4691003786768929,0.4580724031095379,0.4241627568939456,0.4961249828338623,0.4829519689083099,0.5388597249984741,0.508144736289978,0.5170819759368896,0.5021502375602722,0.3387582302093506,0.3344297707080841,0.3857775330543518,0.3879270255565643,0.3458753824234009,0.3400245308876037,0.0820687264204025,0.0774234607815742,0.0832200944423675,0.0801052376627922,0.0663815215229988,0.0624441355466842,0.8879912495613098,0.8874567151069641,0.9057869911193848,0.8983402252197266,0.8889248967170715,0.88506019115448,-0.0973368808627128,-0.0975316762924194,-0.0891156643629074,-0.088247962296009,-0.0917090699076652,-0.1030737236142158
tmc13_head_00039_vox9_dec_geom02_text02_octree-predlift.ply,head_00039_vox9.ply,OCTREE_PRED_LIFT,1,1.125,0.9701545534097094,0.9930571883929944,0.9953967651792852,0.597474502107657,0.1727011855795412,0.1224289931963886,0.979227631652025,0.8078632969899698,0.4821246124168745,0.5939333068636802,0.1323693807994694,0.5421399852379233,1.1222048914981293,0.5671295217067337,0.5708457273100295,0.5427836735613341,0.2709922405884443,0.6348433885371089,1.3515975188530889,0.6902797187633142,0.7037710780138189,0.8458320854770508,0.3266961620516829,0.6011323296919967,0.4434997868435252,0.3984412992840722,0.3260686304665202,0.9991129100964689,0.9912344954150138,0.931229395109428,0.3818094305652368,0.2327966645585499,0.9644830594283528,0.9048002471924566,0.4123696121487071,0.80425589339453,0.7752834763128744,0.5757264325253807,0.4234201599313346,0.0178556189351611,0.1229005455970764,0.1014202237129211,0.1673388332128524,0.1890591531991958,0.2920408248901367,0.1496644467115402,0.475792646408081,0.4598231017589569,0.4605186581611633,0.4537211954593658,0.4392428994178772,0.4909028112888336,0.9273863681239184,0.9466506484291792,0.9007877673134492,0.9160082040590056,0.8833442339787976,0.9054251431889218,0.2510207295417785,0.2525162696838379,0.2337034940719604,0.2341406345367431,0.2264201641082763,0.2241769433021545,0.5630432963371277,0.5656190514564514,0.5822694301605225,0.5889933705329895,0.5417999625205994,0.5714226961135864,0.8441243767738342,0.8433684706687927,0.853247344493866,0.854459285736084,0.8488172292709351,0.8409489989280701,0.1686001867055893,0.1716333031654358,0.1572099179029464,0.1555940359830856,0.1606119275093078,0.1635863333940506,0.6053720116615295,0.5999369621276855,0.6224818229675293,0.6278621554374695,0.627912700176239,0.6158158183097839,97.14604337018534,55.34111208778511,186.44974192157704,184.49958955987975,173.8382065041698,208.22822144637664,0.379667192697525,0.3813711106777191,0.3726335167884826,0.3735986948013305,0.3729042708873749,0.3766573369503021,0.1753407269716262,0.1766322255134582,0.1636755913496017,0.1617089360952377,0.1641088426113128,0.1696187406778335,0.7913124561309814,0.7925450205802917,0.8196907043457031,0.8216379880905151,0.8047248721122742,0.7921298742294312,0.5249534845352173,0.524188756942749,0.4876863956451416,0.4845992028713226,0.4524819254875183,0.4892292022705078,1.3876748085021973,1.473658323287964,1.16137957572937,1.2528462409973145,1.6079702377319336,1.6682177782058716,21.67478370666504,21.66668701171875,22.51718521118164,22.774227142333984,23.75430679321289,22.20575523376465,0.9199118614196776,0.9126262664794922,0.9230265021324158,0.924313485622406,0.927396297454834,0.9214768409729004,0.4726907298977406,0.4763170021528965,0.5713731397787415,0.5866427745832464,0.5603322440250852,0.517643800352851,0.6645371913909912,0.6617116332054138,0.717749297618866,0.7236447334289551,0.7047144770622253,0.6794790029525757,0.4658769369125366,0.4761209487915039,0.5235220789909363,0.542563796043396,0.5111380815505981,0.4801461100578308,0.1708013266324997,0.1705153882503509,0.1909467726945877,0.1983329355716705,0.1802503615617752,0.1580241024494171,0.9499064683914183,0.9482977390289308,0.9563195705413818,0.9548079371452332,0.9571541547775269,0.951583445072174,-0.0654886737465858,-0.0644915476441383,-0.0653510987758636,-0.0629970282316207,-0.0644152835011482,-0.0691799372434616
tmc13_head_00039_vox9_dec_geom02_text02_octree-raht.ply,head_00039_vox9.ply,OCTREE_RAHT,2,1.0,0.9687651723204406,0.992324991309826,0.9951848454975782,0.5947485393881845,0.0985245653408662,0.0692384391990861,0.9587087647458346,0.3050190497888375,0.2316776334977524,0.5959537227338727,0.0660424265934945,0.5488969183403231,1.1222048914981293,0.5671295217067337,0.5708457273100295,0.5427836735613341,0.2709922405884443,0.6348433885371089,1.3515975188530889,0.6902797187633142,0.7037710780138189,0.8458320854770508,0.3266961620516829,0.6011323296919967,0.4434997868435252,0.3984412992840722,0.3260686304665202,0.9991129100964689,0.9912344954150138,0.931229395109428,0.3818094305652368,0.2327966645585499,0.9644830594283528,0.9048002471924566,0.4123696121487071,0.80425589339453,0.7752834763128744,0.5757264325253807,0.4234201599313346,0.0178556189351611,0.1254472881555557,0.1041982993483543,0.1792174726724624,0.1789765208959579,0.196402445435524,0.115358330309391,0.4551378190517425,0.4478916823863983,0.4382597506046295,0.4275728762149811,0.428486555814743,0.4782576262950897,0.9066882690784138,0.9222372008106772,0.864043788699453,0.8940981057224378,0.8427269033100324,0.8554520719091625,0.3083887100219726,0.3020721077919006,0.2711915969848633,0.2754287719726562,0.2993232011795044,0.2922291755676269,0.4999236464500427,0.4985660910606384,0.5259768962860107,0.5505295395851135,0.4578020572662353,0.4789177775382995,0.8140580058097839,0.8146591782569885,0.8286460638046265,0.8343393802642822,0.8186294436454773,0.8123225569725037,0.204218327999115,0.2068026661872863,0.1799289286136627,0.1802273839712143,0.1940700560808181,0.1977184563875198,0.5427461266517639,0.5432195067405701,0.5766918063163757,0.5859742164611816,0.5694848299026489,0.5549620389938354,56.05270565754583,54.290350613338376,191.21906540675676,188.28336742086972,182.98215238277623,205.6580778819748,0.3907529413700104,0.3925836384296417,0.3837301433086395,0.3840332627296448,0.381172627210617,0.3870657980442047,0.204807236790657,0.2060239315032959,0.1845003813505172,0.1832247376441955,0.192404493689537,0.1974048912525177,0.7578003406524658,0.7588009834289551,0.7910258769989014,0.7953371405601501,0.7728959918022156,0.753606915473938,0.5676150918006897,0.5638887286186218,0.5222253799438477,0.5144529938697815,0.4818152189254761,0.5261625647544861,1.5043822526931765,1.3590484857559204,1.1528353691101074,1.3274235725402832,1.755483627319336,1.8243461847305296,21.265941619873047,21.241151809692383,22.08073616027832,22.349061965942383,23.39775276184082,21.75347137451172,0.9030547142028807,0.8967024087905884,0.9130399227142334,0.9159116744995116,0.9166656732559204,0.9067129492759703,0.4473578729569236,0.4504777771041675,0.5479934557056297,0.5668191799819603,0.539883652727652,0.4945273024583247,0.6233834624290466,0.6216108202934265,0.6830739378929138,0.6943001747131348,0.6690400838851929,0.6409913301467896,0.4497130811214447,0.4558931887149811,0.5103933811187744,0.5044735074043274,0.4851870536804199,0.4598769247531891,0.140417143702507,0.1436161398887634,0.1631616353988647,0.1737258583307266,0.1570034623146057,0.1310103684663772,0.9373111724853516,0.9359890818595886,0.9464895725250244,0.9473507404327391,0.944929540157318,0.940179407596588,-0.0695257484912872,-0.0763981491327285,-0.0724307745695114,-0.0690876394510269,-0.0720720365643501,-0.07504303753376
tmc13_head_00039_vox9_dec_geom02_text02_trisoup-predlift.ply,head_00039_vox9.ply,TRISOUP_PREDLIFT,3,1.175,0.9784218834813364,0.9936842698991918,0.9956988899190674,0.525853323776872,0.1540456175417844,0.1263701132669552,0.9702483088582252,0.7454920178847468,0.4993095905442796,0.5199072126961745,0.1218197474738041,0.4634696322820638,0.9945018593718612,0.3648187451567648,0.4071591926555095,0.6791002084712273,0.2709922405884443,0.6348433885371089,0.9499825609690492,0.4523239932646245,0.5221401946533955,0.9922428828221432,0.4205712539876813,0.635022881830545,0.7861313963789065,0.7350730575536882,0.7256641079064142,0.9979819404242742,0.9890653653908597,0.943345501341042,0.7929838027508962,0.6267456838543043,0.9608140586565672,0.8627065948557291,0.3799027109410633,0.7133017083355895,0.7016028664355095,0.5355244567557423,0.4708165101925115,0.0322446342334934,0.2464703172445297,0.245575338602066,0.1960038393735885,0.224108412861824,0.2277062386274337,0.2456492483615875,0.4877560436725616,0.4630452692508697,0.4509515464305877,0.4432381987571716,0.3929380476474762,0.4898195266723633,0.9340368981783068,0.9403872269888178,0.8540279015660208,0.8386147695643802,0.8462625243964856,0.920961124168084,0.2217578887939453,0.2221915125846862,0.1963387727737426,0.1925967335700988,0.2127861976623535,0.2009040713310241,0.5697106719017029,0.5786882638931274,0.5729758143424988,0.536451518535614,0.5439531803131104,0.6060420870780945,0.8566099405288696,0.8489225506782532,0.8480129241943359,0.8400593996047974,0.8336786031723022,0.8408764004707336,0.1583499759435653,0.1643430888652801,0.1572017222642898,0.1660416424274444,0.1662024706602096,0.1617649495601654,0.5737658739089966,0.5629343390464783,0.6091482639312744,0.5958334803581238,0.5623921751976013,0.5742655992507935,200.31649904724796,191.9933224525079,0.0,0.0,196.50885167391647,196.5003200862691,0.3763850033283233,0.3828320801258087,0.3773477077484131,0.3832854926586151,0.3835526406764984,0.378127247095108,0.1652668118476867,0.1698540151119232,0.1627112478017807,0.1713256686925888,0.1717050969600677,0.1665449291467666,0.823698878288269,0.8137993812561035,0.8094483613967896,0.7895399332046509,0.7960643768310547,0.8113354444503784,0.5659120082855225,0.5757176280021667,0.5147620439529419,0.5381336212158203,0.5691992044448853,0.5740925669670105,1.2339595556259155,1.242987036705017,1.4055325984954834,1.5220396518707275,1.9911407232284544,1.3344473838806152,20.26052665710449,20.144405364990234,21.992942810058597,21.94465446472168,21.889732360839844,21.09939193725586,0.8919636607170105,0.895551323890686,0.9300663471221924,0.9265204668045044,0.9149447083473206,0.9228475689888,0.5151328909252748,0.5066621104875186,0.5815323586820236,0.5822265793552848,0.5688986472046774,0.5353450508417681,0.71006178855896,0.6942741274833679,0.715819239616394,0.7009751796722412,0.7113860845565796,0.6942334175109863,0.5180261135101318,0.529852032661438,0.5717085599899292,0.5541300177574158,0.5026313066482544,0.5149169564247131,0.1757261902093887,0.1646057367324829,0.1721774935722351,0.1697545945644378,0.1560681313276291,0.144532173871994,0.953911542892456,0.951926290988922,0.9537950158119202,0.9512776136398317,0.9554126262664796,0.9526941180229188,-0.0684353411197662,-0.0658533722162246,-0.0661500170826911,-0.0657097920775413,-0.068113774061203,-0.0637818947434425
tmc13_head_00039_vox9_dec_geom02_text02_trisoup-raht.ply,head_00039_vox9.ply,TRISOUP_RAHT,4,1.1,0.976926645457086,0.9929449362504552,0.9953753606918592,0.585906995289985,0.1093802256678307,0.0620535104057386,0.94306940640058,0.3101700313547848,0.1773234197529797,0.585019464595876,0.0603070658316649,0.5397098580282933,0.9945018593718612,0.3648187451567648,0.4071591926555095,0.6791002084712273,0.2709922405884443,0.6348433885371089,0.9499825609690492,0.4523239932646245,0.5221401946533955,0.9922428828221432,0.4205712539876813,0.635022881830545,0.7861313963789065,0.7350730575536882,0.7256641079064142,0.9979819404242742,0.9890653653908597,0.943345501341042,0.7929838027508962,0.6267456838543043,0.9608140586565672,0.8627065948557291,0.3799027109410633,0.7133017083355895,0.7016028664355095,0.5355244567557423,0.4708165101925115,0.0322446342334934,0.2981266677379608,0.2568745911121368,0.2278131991624832,0.2252483367919922,0.2077185213565826,0.2519532740116119,0.4659906029701233,0.4430853128433227,0.4395947754383087,0.4300981760025024,0.3835837244987488,0.4776812493801117,0.9316963112867988,0.9349128286328956,0.8466092412663249,0.8290125958610123,0.832189082619442,0.906901276848882,0.2874230146408081,0.2670536041259765,0.2218916416168213,0.2271932363510131,0.2629913091659546,0.2685748338699341,0.5373058915138245,0.5491623282432556,0.5477054715156555,0.5118363499641418,0.4976404905319214,0.5561500787734985,0.8303998708724976,0.8275089263916016,0.8308400511741638,0.8232311606407166,0.8066408634185791,0.8212041258811951,0.1863592863082885,0.1888539344072342,0.1728511750698089,0.1826236993074417,0.1902643591165542,0.1845807582139969,0.5297457575798035,0.5266223549842834,0.5804017186164856,0.564875066280365,0.5224899053573608,0.54010009765625,191.4611178642056,181.85036348914232,0.0,0.0,188.0350490740512,188.6876701719541,0.3883987665176391,0.3934723734855652,0.3841753005981445,0.3898628056049347,0.3918325304985046,0.386491984128952,0.1918302923440933,0.1938356459140777,0.1782734096050262,0.1872180998325348,0.1932435929775238,0.1885822862386703,0.7969249486923218,0.7839745283126831,0.7879733443260193,0.7669721841812134,0.7645578384399414,0.7795941829681396,0.5994327664375305,0.6128534078598022,0.5354189276695251,0.5580829381942749,0.599483847618103,0.6055487394332886,1.4229600429534912,1.3211398124694824,1.3172411918640137,1.3315337896347046,1.9978220462799072,1.572973132133484,19.76801300048828,19.60733985900879,21.52008819580078,21.521697998046875,21.5091495513916,20.582035064697266,0.8838287591934204,0.8807621002197266,0.9204771518707277,0.9171129465103148,0.9015547633171082,0.9099491834640504,0.4751549633387263,0.4642471535189817,0.550222085598998,0.5494726218095782,0.5326468699783373,0.5005372884562834,0.6706694960594177,0.6551282405853271,0.688422679901123,0.6730164289474487,0.6747589111328125,0.6646870970726013,0.4696091711521148,0.4845229387283325,0.5303359031677246,0.502872109413147,0.4706763327121734,0.4654386341571808,0.1432448923587799,0.1350955516099929,0.149023950099945,0.1468038409948349,0.1264677494764328,0.1196260452270507,0.9428970217704772,0.9410204887390136,0.9475907683372498,0.9439896941184998,0.9428563714027404,0.9432761073112488,-0.0774096474051475,-0.0799785330891609,-0.0645335540175437,-0.0682040974497795,-0.0719813257455825,-0.075292594730854
tmc13_head_00039_vox9_dec_geom03_text03_octree-predlift.ply,head_00039_vox9.ply,OCTREE_PRED_LIFT,1,1.8,0.9854802018566824,0.9954989303579572,0.996575104257492,0.7237091065043081,0.2962279567028842,0.2322243689069851,0.9570569590682246,0.9114397489781448,0.709078895090837,0.7178582008234123,0.2894860571038198,0.6751731776509743,0.6710508476267548,0.3363634390922435,0.3380313093320634,0.331082759397507,0.2709922405884443,0.6348433885371089,1.0333371490671686,0.4870818626944094,0.6424459370816445,0.3682195974743433,0.1731906809290734,0.2049355512275399,0.7482566173578414,0.7092997066378237,0.6383017456129175,0.9946504012837496,0.9850112697591532,0.9146338188976896,0.6965637871397421,0.5732118880620939,0.984305044912214,0.931184532473636,0.5117222056070709,0.8785197236325356,0.8583554012959155,0.6526624161594881,0.3241164222183624,0.0048608001226162,0.3957681655883789,0.3601731956005096,0.3961509168148041,0.3941323161125183,0.4545542299747467,0.4101581573486328,0.5241789817810059,0.5213322043418884,0.5089923739433289,0.5068782567977905,0.4798188805580139,0.5336266160011292,0.9820599554302624,0.9861476052205936,0.9655433331191328,0.9697534717228914,0.9734950024143988,0.9766222830470642,0.1502987146377563,0.1594861149787902,0.1520692706108093,0.161573052406311,0.1705161333084106,0.1436015367507934,0.8038905262947083,0.8148592710494995,0.7992669343948364,0.8151703476905823,0.8046296834945679,0.8124195337295532,0.9233329892158508,0.9214664101600648,0.9258307218551636,0.9297783374786376,0.9255504012107848,0.9213386178016664,0.1024588942527771,0.1051471829414367,0.097507432103157,0.0945988297462463,0.0949911102652549,0.1008112281560897,0.7442193627357483,0.7417331337928772,0.7605390548706055,0.7691318988800049,0.7666723132133484,0.7504106163978577,137.2886343279498,134.41013380051112,0.0,0.0,135.2219885713673,143.68605549475689,0.3306539952754974,0.3326323926448822,0.3260785937309265,0.3242067992687225,0.3253159821033478,0.3296257555484772,0.1105397343635559,0.1116054579615593,0.1044416651129722,0.1007690206170082,0.1010472849011421,0.1074630692601203,0.9058372974395752,0.9052159190177916,0.9162276983261108,0.9187403917312622,0.907878577709198,0.90458744764328,0.3872857987880707,0.3817293643951416,0.3530592918395996,0.3420178592205047,0.32591712474823,0.3643092513084411,0.6163098216056824,0.6007470488548279,0.5583977699279785,0.6321088671684265,0.7509540915489197,0.7984127402305603,23.40625,23.488862991333008,24.576000213623047,25.0377197265625,25.759315490722656,23.91901016235352,0.9622926115989684,0.9608561396598816,0.9627398252487184,0.9656129479408264,0.964369297027588,0.9615976214408876,0.6243323748126269,0.6285689394812428,0.6994190848546684,0.7126943821764146,0.6699083017923889,0.649895444093722,0.8264845609664917,0.8240044116973877,0.8533041477203369,0.8598238825798035,0.8395997285842896,0.8270441293716431,0.702806293964386,0.6927374601364136,0.7333446145057678,0.7354419827461243,0.699742317199707,0.6872197985649109,0.2538627088069916,0.253313273191452,0.2846351265907287,0.3004778623580932,0.2708069086074829,0.2419703155755996,0.9773017764091492,0.9757516384124756,0.9765551686286926,0.9787196516990662,0.9799630641937256,0.9774938225746156,-0.0477065667510032,-0.0438616462051868,-0.0386329889297485,-0.0417616590857505,-0.0421283952891826,-0.0459847673773765
tmc13_head_00039_vox9_dec_geom03_text03_octree-raht.ply,head_00039_vox9.ply,OCTREE_RAHT,2,1.575,0.9851368405183574,0.9947284618789164,0.9961559079404976,0.7893880587513513,0.2552289566195045,0.1605938297369042,0.958861284071703,0.5901603089741803,0.4072213160448272,0.7910436432602993,0.1970002054626112,0.7568703652986827,0.6710508476267548,0.3363634390922435,0.3380313093320634,0.331082759397507,0.2709922405884443,0.6348433885371089,1.0333371490671686,0.4870818626944094,0.6424459370816445,0.3682195974743433,0.1731906809290734,0.2049355512275399,0.7482566173578414,0.7092997066378237,0.6383017456129175,0.9946504012837496,0.9850112697591532,0.9146338188976896,0.6965637871397421,0.5732118880620939,0.984305044912214,0.931184532473636,0.5117222056070709,0.8785197236325356,0.8583554012959155,0.6526624161594881,0.3241164222183624,0.0048608001226162,0.4442461133003235,0.4218094944953918,0.3842334151268005,0.4112286567687988,0.4088758528232574,0.393867939710617,0.5097302794456482,0.5057110786437988,0.4973354637622833,0.488202840089798,0.4560962617397308,0.5232033133506775,0.9793496850045236,0.9819512944268952,0.9596453323073174,0.9696650522759782,0.964952654911494,0.9655359072880316,0.1776696443557739,0.1717451810836792,0.1685394048690796,0.1853179931640625,0.2101286649703979,0.1825106143951416,0.8113864660263062,0.827794075012207,0.7937744855880737,0.8162719011306763,0.7862905263900757,0.8240841627120972,0.9168339371681212,0.9175233244895936,0.9176663160324096,0.9223193526268004,0.9128897190093994,0.916376292705536,0.1115240454673767,0.1103099212050437,0.1077931374311447,0.1040204018354415,0.1101581156253814,0.1078191548585891,0.7204691171646118,0.7201281785964966,0.7347489595413208,0.742955207824707,0.7369847893714905,0.7269399166107178,126.9081972779854,119.39186283567535,0.0,0.0,134.13364225090027,129.89232978645904,0.3410548269748688,0.3413727879524231,0.337348461151123,0.3347704410552978,0.3398790061473846,0.3392115533351898,0.1183515042066574,0.1163366138935089,0.1127764359116554,0.1087822467088699,0.1141055300831794,0.1132848262786865,0.8984360098838806,0.8990103602409363,0.9041390419006348,0.9070040583610536,0.892068088054657,0.894633412361145,0.4151819944381714,0.4107756614685058,0.3812950551509857,0.3679503798484802,0.3549110293388366,0.3925430178642273,0.5911120176315308,0.5112736821174622,0.5745087265968323,0.6788387298583984,0.8505449295043945,0.6047482490539551,22.924541473388672,22.98281478881836,24.0264892578125,24.48814392089844,25.22063446044922,23.42147827148437,0.9594079852104188,0.9595680236816406,0.9601097106933594,0.9632357358932496,0.9610071778297424,0.9604076147079468,0.6154935251491922,0.6254806063821878,0.6825162430766317,0.6955837832181734,0.6460836839819221,0.6411287430484011,0.8144792914390564,0.8146717548370361,0.8352416753768921,0.8420119285583496,0.8155674338340759,0.8129278421401978,0.6912413239479065,0.69256991147995,0.693957507610321,0.690767228603363,0.6531746983528137,0.6571129560470581,0.2222418487071991,0.2226674109697342,0.2563521265983581,0.266562819480896,0.2349652796983719,0.2102452367544174,0.9749626517295836,0.9743107557296752,0.9743511080741882,0.9774274230003356,0.9766178131103516,0.9760643243789672,-0.048523373901844,-0.0485139973461627,-0.0459979511797428,-0.0460352599620819,-0.042760245501995,-0.0506639182567596
tmc13_head_00039_vox9_dec_geom03_text03_trisoup-predlift.ply,head_00039_vox9.ply,TRISOUP_PREDLIFT,3,1.75,0.9821585671422208,0.9953427103255984,0.9965594219400136,0.6831090933351232,0.2678973328211856,0.2328640795127896,0.9619563333861134,0.8951150875993616,0.7158880540781525,0.6776153728533515,0.2695704188233036,0.6302826745345793,0.9945018593718612,0.3648187451567648,0.4071591926555095,0.6791002084712273,0.2709922405884443,0.6348433885371089,0.9499825609690492,0.4523239932646245,0.5221401946533955,0.9922428828221432,0.4205712539876813,0.635022881830545,0.7861313963789065,0.7350730575536882,0.7256641079064142,0.9979819404242742,0.9890653653908597,0.943345501341042,0.7929838027508962,0.6267456838543043,0.9608140586565672,0.8627065948557291,0.3799027109410633,0.7133017083355895,0.7016028664355095,0.5355244567557423,0.4708165101925115,0.0322446342334934,0.3925817012786865,0.3659268319606781,0.2649856507778168,0.2710707187652588,0.2819294035434723,0.4024250209331512,0.5205519199371338,0.4984627068042755,0.473434180021286,0.4641035795211792,0.4265435338020324,0.5156487822532654,0.951039252128024,0.9521294153771426,0.8789605909512886,0.8653433049740323,0.8701048549920729,0.9482468558425956,0.1507655978202819,0.1527799367904663,0.1604909300804138,0.1609331965446472,0.1696195602416992,0.1528725624084472,0.6212696433067322,0.6229280829429626,0.6168221235275269,0.5780165195465088,0.5743483304977417,0.658998966217041,0.8800671100616455,0.8674452304840088,0.8620629906654358,0.8549782633781433,0.8519536852836609,0.8582866191864014,0.1425368189811706,0.1507973670959472,0.1484264284372329,0.1583856791257858,0.1557058840990066,0.14896060526371,0.6044450402259827,0.5901377201080322,0.6299747824668884,0.6157524585723877,0.5814197063446045,0.5976424217224121,163.26049074921275,162.03559460227638,0.0,0.0,175.33779152940315,172.0545322714651,0.3605208694934845,0.3713774681091308,0.3680750429630279,0.3745931684970855,0.3724366128444671,0.366642415523529,0.1484104394912719,0.155435711145401,0.1545766741037368,0.1631485968828201,0.1613921970129013,0.1538633555173874,0.8675086498260498,0.850407063961029,0.8374313116073608,0.8169728517532349,0.8295533657073975,0.8445674180984497,0.5376262664794922,0.5575835704803467,0.4974223971366882,0.5226544141769409,0.5540245771408081,0.5624687671661377,0.8677931427955627,0.8558908104896545,1.032661199569702,1.1320959329605105,1.2661350965499878,0.9726574420928956,20.530941009521484,20.28706741333008,22.14974403381348,22.099910736083984,22.00829696655273,21.13604736328125,0.9066603779792786,0.9087170362472534,0.9368930459022522,0.933901309967041,0.9209576845169068,0.930999994277954,0.5910330550585381,0.5616302493239146,0.6138043680149117,0.6102121546393998,0.6092043539407169,0.5726145462013683,0.7798556685447693,0.751427173614502,0.7522919178009033,0.7376915812492371,0.7597259283065796,0.7430528402328491,0.5935300588607788,0.6105098128318787,0.6546257734298706,0.6178836822509766,0.5568636059761047,0.5780301094055176,0.2016147375106811,0.1803956478834152,0.1822562366724014,0.1805073320865631,0.1779735386371612,0.1585288047790527,0.962523341178894,0.9597612619400024,0.9600669145584106,0.956323266029358,0.9622536301612854,0.9589062333106996,-0.0563451722264289,-0.05756825953722,-0.0569120086729526,-0.0595399141311645,-0.057436641305685,-0.0547767654061317
tmc13_head_00039_vox9_dec_geom03_text03_trisoup-raht.ply,head_00039_vox9.ply,TRISOUP_RAHT,4,1.375,0.981807876296723,0.9944953407063064,0.9959907016416232,0.7685384730476419,0.2311668298282312,0.1598686548798326,0.9641649988323666,0.5616679980376895,0.4217494079374735,0.7696328720663773,0.1870402238904923,0.73329149787255,0.9945018593718612,0.3648187451567648,0.4071591926555095,0.6791002084712273,0.2709922405884443,0.6348433885371089,0.9499825609690492,0.4523239932646245,0.5221401946533955,0.9922428828221432,0.4205712539876813,0.635022881830545,0.7861313963789065,0.7350730575536882,0.7256641079064142,0.9979819404242742,0.9890653653908597,0.943345501341042,0.7929838027508962,0.6267456838543043,0.9608140586565672,0.8627065948557291,0.3799027109410633,0.7133017083355895,0.7016028664355095,0.5355244567557423,0.4708165101925115,0.0322446342334934,0.4156164228916168,0.3899168968200683,0.2984532415866852,0.2944014966487884,0.2688661515712738,0.3544741570949554,0.5047563314437866,0.4853319823741913,0.4594782590866089,0.4509898126125335,0.4119191467761993,0.509853184223175,0.952183478762742,0.9488809478644628,0.8736108902578603,0.8597389656764653,0.865429875653364,0.9454387257582064,0.1756479740142822,0.1681161522865295,0.1676216125488281,0.1800282001495361,0.2144482135772705,0.1971812844276428,0.6300975680351257,0.6283046007156372,0.612191915512085,0.5862921476364136,0.5723950862884521,0.6694188714027405,0.873425304889679,0.8621764183044434,0.8556240797042847,0.8500629663467407,0.8422934412956238,0.8518706560134888,0.1478374004364013,0.1552795022726059,0.1528674513101577,0.160570353269577,0.1628082394599914,0.1536890268325805,0.5915361046791077,0.5787210464477539,0.6165138483047485,0.6047061681747437,0.5681619048118591,0.5873743295669556,151.43357724826083,149.2265754498938,0.0,0.0,170.2667046157485,159.4890556070091,0.3668489158153534,0.3760042488574981,0.3735105097293854,0.3788001239299774,0.3792635798454284,0.3712629377841949,0.1551907211542129,0.1615075021982193,0.1594641655683517,0.1665762066841125,0.1695395410060882,0.1598634868860244,0.8581624031066895,0.8392559289932251,0.8247983455657959,0.8057114481925964,0.8140683174133301,0.8305902481079102,0.5592643618583679,0.5820645093917847,0.5192388296127319,0.5404740571975708,0.5749505162239075,0.5829200744628906,0.8671161532402039,0.722212016582489,1.0294183492660522,1.0785212516784668,1.3026777505874634,0.9193787574768066,20.13357162475586,19.807605743408203,21.595935821533203,21.58523178100586,21.63274574279785,20.628854751586918,0.903649628162384,0.9045075178146362,0.9339991807937622,0.9325117468833924,0.9163194298744202,0.9273051619529724,0.5762234130384695,0.5411216962897195,0.5905421137250679,0.5864417924326644,0.5817009480210042,0.5491871608458123,0.767663836479187,0.7388103008270264,0.7370505332946777,0.7241734266281128,0.7395480871200562,0.7276585102081299,0.5749723315238953,0.5959733128547668,0.6331241130828857,0.5909283757209778,0.5394359230995178,0.5694026350975037,0.1775111407041549,0.1594644337892532,0.1628427058458328,0.1609105914831161,0.1540679782629013,0.1377945691347122,0.9594967365264891,0.9573776125907898,0.9574245810508728,0.954454243183136,0.9575100541114808,0.9566821455955504,-0.0662233978509903,-0.0623925440013408,-0.0602701269090175,-0.0594912432134151,-0.0631475001573562,-0.05916303768754
tmc13_head_00039_vox9_dec_geom04_text04_octree-predlift.ply,head_00039_vox9.ply,OCTREE_PRED_LIFT,1,3.6,0.99173190117107,0.9973531974303718,0.9978117522840552,0.8489885330694943,0.4337439884671679,0.3582611819576553,0.9379708297477304,0.9503091332409064,0.8639721280614935,0.8431327613147327,0.4622798088305943,0.8173772261719227,0.5553304454848151,0.2804171364966624,0.2788179220943871,0.2742387498235329,0.2709922405884443,0.6348433885371089,0.9805889798821869,0.4367136942587524,0.6476908148911168,0.2658023051744093,0.122762229591428,0.1487207174288264,0.8855221109352815,0.8555203375894497,0.7929348034911525,0.9931460488746914,0.9811274071483032,0.9022147497936224,0.844677095521475,0.7827162588692643,0.9886865029562996,0.9447013913678992,0.5762308348401103,0.901810865186133,0.8865969049788448,0.6998792076808845,0.2642155705260729,0.004180179657363,0.5217643976211548,0.4948006570339203,0.4829683899879455,0.4887623488903045,0.5075311064720154,0.5398218035697937,0.5385218262672424,0.5362374782562256,0.5300899744033813,0.5264775156974792,0.505509614944458,0.5458435416221619,0.992330527590938,0.9924906666045112,0.9828236263513696,0.9864404360750232,0.9882810341644832,0.9895534467577044,0.0867300629615783,0.0869682431221008,0.100032091140747,0.1054195761680603,0.1115994453430175,0.0842519998550415,0.8795031309127808,0.8830042481422424,0.8751610517501831,0.8741747140884399,0.8802779316902161,0.8899760246276855,0.9481289386749268,0.948442816734314,0.951842963695526,0.9547165632247924,0.9489939212799072,0.9483105540275574,0.0783799514174461,0.0775641202926635,0.0706609413027763,0.071378119289875,0.0719799548387527,0.0738936141133308,0.8053836226463318,0.804051399230957,0.8215798139572144,0.8315090537071228,0.8185891509056091,0.8111124038696289,98.11501208061016,94.6086634497102,0.0,0.0,97.68292750173136,103.01117659905722,0.3014222979545593,0.3019276559352875,0.2930178046226501,0.2935816943645477,0.294048547744751,0.2973084151744842,0.0849461406469345,0.0842828676104545,0.0773863792419433,0.0766093134880065,0.0774139314889907,0.0803608670830726,0.9458264708518982,0.9452280402183532,0.9500371813774108,0.9513065218925476,0.94423907995224,0.9439365863800048,0.3459441661834717,0.345097005367279,0.3074668645858764,0.3032146394252777,0.3002343475818634,0.3174625933170318,0.5356999039649963,0.5063264966011047,0.4908674359321594,0.5508872866630554,0.4841937720775604,0.5838404893875122,24.498727798461918,24.603084564208984,25.84328842163086,26.281211853027344,26.591583251953125,24.91522026062012,0.9752212762832642,0.9755472540855408,0.9775441884994508,0.9786639213562012,0.9762134552001952,0.9746580719947816,0.7406527333593228,0.745720618782323,0.7887414836037713,0.7971900169105769,0.7503039723131407,0.7520741430960958,0.898303210735321,0.8985658884048462,0.9111312627792358,0.9147579073905944,0.8989484310150146,0.897678554058075,0.8183974027633667,0.8129664063453674,0.8412467837333679,0.839739203453064,0.8204255700111389,0.8148873448371887,0.3024892210960388,0.3058463633060455,0.3439943194389343,0.3628351092338562,0.3166512250900268,0.2941506206989288,0.9850437045097352,0.9848646521568298,0.986912727355957,0.9875290989875792,0.9874337315559388,0.985886573791504,-0.0333692282438278,-0.0333758033812046,-0.0310126971453428,-0.031299103051424,-0.0289435386657714,-0.0298734530806541
tmc13_head_00039_vox9_dec_geom04_text04_octree-raht.ply,head_00039_vox9.ply,OCTREE_RAHT,2,3.15,0.9917984724727504,0.9968138239734532,0.9973113143175674,0.8925625086987935,0.4278498254033217,0.3123936134838782,0.9406664807514372,0.7997080799130767,0.6433760226958657,0.8965821027128409,0.3942382176288695,0.874157619927995,0.5553304454848151,0.2804171364966624,0.2788179220943871,0.2742387498235329,0.2709922405884443,0.6348433885371089,0.9805889798821869,0.4367136942587524,0.6476908148911168,0.2658023051744093,0.122762229591428,0.1487207174288264,0.8855221109352815,0.8555203375894497,0.7929348034911525,0.9931460488746914,0.9811274071483032,0.9022147497936224,0.844677095521475,0.7827162588692643,0.9886865029562996,0.9447013913678992,0.5762308348401103,0.901810865186133,0.8865969049788448,0.6998792076808845,0.2642155705260729,0.004180179657363,0.5502220988273621,0.5338681936264038,0.490814596414566,0.4967133998870849,0.4742031991481781,0.5144203305244446,0.5329496264457703,0.5305203795433044,0.5219914317131042,0.5218868851661682,0.4940052330493927,0.5427142381668091,0.9916857509995328,0.9919390229992904,0.9796629239254072,0.9843523006709748,0.987788543376153,0.9863322050475184,0.1025269627571106,0.0942908525466919,0.1084274053573608,0.1053580045700073,0.109803557395935,0.094506025314331,0.8860443830490112,0.8876320123672485,0.8785512447357178,0.873592734336853,0.8854995965957642,0.8959553241729736,0.947905659675598,0.9475619196891784,0.949299931526184,0.9519683718681335,0.9465251564979552,0.9471220970153807,0.079459436237812,0.0793507173657417,0.0738344863057136,0.0742470845580101,0.074896901845932,0.0762140601873397,0.7963115572929382,0.7954983711242676,0.8125341534614563,0.820835292339325,0.8098835349082947,0.8020241260528564,94.39175878263032,92.12061220653663,0.0,0.0,92.469775500382,97.85504309312358,0.305173248052597,0.3057522773742676,0.298793762922287,0.2991857230663299,0.3002012073993683,0.3023534715175628,0.0859532430768013,0.0853816717863082,0.0801148861646652,0.0790819823741912,0.0799581333994865,0.0818895176053047,0.9438480138778688,0.9436845183372498,0.9462971687316896,0.9472960233688354,0.9407860040664672,0.9403772354125975,0.3567515611648559,0.3559233844280243,0.3191770613193512,0.3159508407115936,0.3122387528419494,0.3277819454669952,0.4495358765125274,0.3868869245052337,0.4918191134929657,0.5442468523979187,0.4473150968551636,0.4982244372367859,24.148860931396484,24.295574188232425,25.47647857666016,25.88371086120605,26.197118759155277,24.54819869995117,0.9748446345329284,0.9755675792694092,0.9766570925712584,0.9773260354995728,0.9759779572486876,0.9743107557296752,0.7385578860625139,0.7460048958326393,0.7805642900748935,0.788042056855714,0.7415291443187251,0.7472376891402924,0.8953477740287781,0.897185742855072,0.9053661823272704,0.908780038356781,0.8923308849334717,0.8920563459396362,0.8201151490211487,0.8281348943710327,0.8323267698287964,0.8351439237594604,0.8199695944786072,0.8073498010635376,0.2842002213001251,0.2898826599121094,0.3234595060348511,0.3394487798213959,0.29156294465065,0.2752734720706939,0.984575092792511,0.9845573902130128,0.986322820186615,0.9869566559791564,0.9870397448539734,0.9855540990829468,-0.0353280901908874,-0.0333432294428348,-0.0306519959121942,-0.0323688238859176,-0.033405628055334,-0.0335919186472892
tmc13_head_00039_vox9_dec_geom04_text04_trisoup-predlift.ply,head_00039_vox9.ply,TRISOUP_PREDLIFT,3,2.425,0.9836720297510771,0.996681039218512,0.9974558205623604,0.7918605586646984,0.4198841080951963,0.3596934832765548,0.9579575373812472,0.9558937921832584,0.868937411016709,0.7878775874872179,0.4525891631520474,0.7527018233382584,0.9945018593718612,0.3648187451567648,0.4071591926555095,0.6791002084712273,0.2709922405884443,0.6348433885371089,0.9499825609690492,0.4523239932646245,0.5221401946533955,0.9922428828221432,0.4205712539876813,0.635022881830545,0.7861313963789065,0.7350730575536882,0.7256641079064142,0.9979819404242742,0.9890653653908597,0.943345501341042,0.7929838027508962,0.6267456838543043,0.9608140586565672,0.8627065948557291,0.3799027109410633,0.7133017083355895,0.7016028664355095,0.5355244567557423,0.4708165101925115,0.0322446342334934,0.4398687481880188,0.4040849804878235,0.3159683644771576,0.3243586719036102,0.343741238117218,0.436916172504425,0.5302810668945312,0.5101561546325684,0.4855277836322784,0.4746191203594208,0.4486604928970337,0.5278348922729492,0.9559105838361016,0.9564693049319842,0.882394846110234,0.8675518140045364,0.8794749465984025,0.955413196639176,0.1108590960502624,0.1176934838294982,0.1198151707649231,0.1268278360366821,0.1222707033157348,0.1224797964096069,0.6358988881111145,0.6359431743621826,0.6305157542228699,0.5942027568817139,0.583991527557373,0.6796674728393555,0.8914827108383179,0.8764932155609131,0.8674827218055725,0.8616271615028381,0.8631709814071655,0.8670214414596558,0.1362646669149398,0.1456241309642791,0.1449636816978454,0.1531703919172287,0.1511053293943405,0.1442369520664215,0.6211966276168823,0.603986918926239,0.6405935287475586,0.6302628517150879,0.5965630412101746,0.6119155883789062,142.3047911430885,142.2150828497039,0.0,0.0,154.49971612499098,149.5786632454779,0.3519662916660309,0.3648365437984466,0.3639141321182251,0.3706655502319336,0.3653095364570617,0.36016446352005,0.1413988023996353,0.1496954411268234,0.1504745632410049,0.1581994891166687,0.1562467366456985,0.1487620174884796,0.8896999359130859,0.8694812655448914,0.8501403331756592,0.8293415307998657,0.8512219190597534,0.8650258779525757,0.518880307674408,0.5464865565299988,0.4923129081726074,0.5177952647209167,0.5446561574935913,0.5536150932312012,0.7625963687896729,0.7122698426246643,0.9872084856033324,1.0680227279663086,0.9752992987632751,0.841916561126709,20.770523071289062,20.42316627502441,22.178194046020508,22.11880111694336,22.094066619873047,21.19987297058105,0.912880003452301,0.910581350326538,0.9400104880332948,0.9380927681922911,0.9274143576622008,0.9350625276565552,0.6527539689291503,0.6048144117395051,0.6362391569000619,0.6284192392073725,0.6510351144435865,0.6049738919860023,0.8189562559127808,0.7839592695236206,0.774716854095459,0.7571772336959839,0.7931003570556641,0.7728645205497742,0.6307386755943298,0.6535794138908386,0.6981351971626282,0.6528274416923523,0.6164157390594482,0.6190119385719299,0.2218796461820602,0.1929591447114944,0.1894359141588211,0.1846559941768646,0.1960663646459579,0.1701581478118896,0.9665368795394896,0.9634303450584412,0.962687075138092,0.9590097665786744,0.9658096432685852,0.9617947340011596,-0.0485772043466568,-0.0527789741754531,-0.0510921217501163,-0.0553774870932102,-0.0513558089733123,-0.0547900721430778
tmc13_head_00039_vox9_dec_geom04_text04_trisoup-raht.ply,head_00039_vox9.ply,TRISOUP_RAHT,4,3.1,0.9837418046651027,0.9962069776947295,0.9969808574405338,0.8494867785324579,0.4216481385726026,0.2928472042666119,0.9602230954343448,0.8153079618939066,0.6249378330371141,0.8516217671039351,0.3701606684644911,0.8235161255993542,0.9945018593718612,0.3648187451567648,0.4071591926555095,0.6791002084712273,0.2709922405884443,0.6348433885371089,0.9499825609690492,0.4523239932646245,0.5221401946533955,0.9922428828221432,0.4205712539876813,0.635022881830545,0.7861313963789065,0.7350730575536882,0.7256641079064142,0.9979819404242742,0.9890653653908597,0.943345501341042,0.7929838027508962,0.6267456838543043,0.9608140586565672,0.8627065948557291,0.3799027109410633,0.7133017083355895,0.7016028664355095,0.5355244567557423,0.4708165101925115,0.0322446342334934,0.4824776649475097,0.436576098203659,0.3351412117481231,0.3294312655925751,0.3401919305324554,0.4097632467746734,0.5231190323829651,0.5065245032310486,0.4810395836830139,0.4714646339416504,0.4410368800163269,0.5263692736625671,0.956017733289528,0.9564200178566888,0.88908935120209,0.8766754908186758,0.8792011506634635,0.9548537683749276,0.1180570125579834,0.1182242631912231,0.1267672181129455,0.1229093074798584,0.1218307018280029,0.132152259349823,0.6404223442077637,0.6428523659706116,0.6453644633293152,0.6111959218978882,0.5829826593399048,0.6873324513435364,0.890108585357666,0.8749342560768127,0.8668825626373291,0.8615227937698364,0.8597875833511353,0.8663778901100159,0.137050375342369,0.147199347615242,0.1452365666627884,0.152800440788269,0.1533356010913849,0.1448762863874435,0.6177148818969727,0.599879264831543,0.6373353004455566,0.6267934441566467,0.5916703939437866,0.6096997857093811,137.24232704603523,138.12143520260014,0.0,0.0,146.69005078492242,146.21322464790617,0.3545613288879394,0.3674273490905761,0.3660848140716553,0.3721854984760284,0.3691405057907104,0.3626321852207184,0.1420279592275619,0.1509841680526733,0.1504871994256973,0.1576625257730484,0.1585201621055603,0.149354875087738,0.8866352438926697,0.8656721115112305,0.8472944498062134,0.8278927803039551,0.8440338969230652,0.8585680723190308,0.5300837755203247,0.5581423044204712,0.5029799938201904,0.5259717106819153,0.555698812007904,0.5655047297477722,0.6842150688171387,0.643866777420044,0.7563852667808533,0.8451277613639832,0.8524589538574219,0.7005662322044373,20.540475845336918,20.157136917114254,21.858383178710938,21.83174514770508,21.8391056060791,20.88969039916992,0.9151453375816344,0.9142795205116272,0.939736545085907,0.9379429817199708,0.9256664514541626,0.9348395466804504,0.6495718977458927,0.5976891858077699,0.6245499453090152,0.6144309304872024,0.6367546272719959,0.5929592901175762,0.8162592649459839,0.7796398997306824,0.7696795463562012,0.7544140219688416,0.7839093208312988,0.7669488787651062,0.6372765898704529,0.6553861498832703,0.7162503600120544,0.6503549218177795,0.6234920620918274,0.6293131709098816,0.2070591449737548,0.1810177713632583,0.1777688562870025,0.1739901900291443,0.1780396848917007,0.157134473323822,0.9661853313446044,0.96267431974411,0.9621400833129884,0.9589462876319884,0.9646630883216858,0.961531698703766,-0.0512454695999622,-0.0527409613132476,-0.0501111932098865,-0.0523564331233501,-0.0530028715729713,-0.055717434734106
tmc13_head_00039_vox9_dec_geom05_text05_octree-predlift.ply,head_00039_vox9.ply,OCTREE_PRED_LIFT,1,4.45,0.9944568898493324,0.9984404940248348,0.998646199303014,0.919173210959345,0.5876852502803287,0.4929429949172378,0.9246977403755712,0.944634410285654,0.9191197092046424,0.9145357373115632,0.6229431017262029,0.9013872610859828,0.5128793346563786,0.2577750106243315,0.2560962645185066,0.2562306789025158,0.2709922405884443,0.6348433885371089,0.9668664300230296,0.4186459010666744,0.6581021972516534,0.2641191890763867,0.1020803219524835,0.1827527442320935,0.9477140685566532,0.9244395218430592,0.8834970540110142,0.9904383698893996,0.9771769485489707,0.8925083355966319,0.9200345671206008,0.8920268851326962,0.992010144163572,0.9513331414023776,0.6180504602052104,0.9313472205277982,0.9191847242187792,0.7306327745114884,0.223968367184321,0.0034526577824475,0.5815806984901428,0.5688843727111816,0.5680624842643738,0.5592072606086731,0.5843033790588379,0.6021105647087097,0.5426287651062012,0.5369774699211121,0.5353071689605713,0.5366094708442688,0.5199573040008545,0.5488619804382324,0.9933312226540192,0.9931795987154212,0.9888769880030668,0.9903345520203776,0.9911741377687112,0.9923252720533496,0.0552773475646972,0.0501334071159362,0.061158001422882,0.0732707381248474,0.0617784261703491,0.0563960671424865,0.8903422355651855,0.8967639207839966,0.8946488499641418,0.8914093971252441,0.8951050639152527,0.8987076878547668,0.9553374648094176,0.9563788175582886,0.9603378176689148,0.9619077444076538,0.9568257927894592,0.9527518153190612,0.0757092833518982,0.0732119083404541,0.0660532116889953,0.0675928369164466,0.0667161494493484,0.0715131685137748,0.8218789100646973,0.8279494643211365,0.8484761118888855,0.8527652621269226,0.8354365825653076,0.830573320388794,83.59677640862046,83.2036503518695,0.0,0.0,79.69099142894439,87.68932696867469,0.2935216724872589,0.2917787730693817,0.2804182469844818,0.2815425097942352,0.2808935046195984,0.287460058927536,0.0810562446713447,0.078604057431221,0.07081238925457,0.0720744878053665,0.0715534016489982,0.0765491276979446,0.9582492709159852,0.958824634552002,0.9634029865264891,0.9636287689208984,0.9601140022277832,0.956814467906952,0.3255599439144134,0.3237888216972351,0.2868689298629761,0.2825329899787903,0.283679187297821,0.3016309142112732,0.4340589940547943,0.3860781788825989,0.3690549433231354,0.3849260509014129,0.3527168929576874,0.4452322721481323,24.790735244750977,24.96350479125977,26.24717712402344,26.548568725585938,26.782072067260746,25.08533096313477,0.9782070517539978,0.9793787598609924,0.9815540313720704,0.9818844199180604,0.9793086647987366,0.9780433773994446,0.7886528274488965,0.7930517769500701,0.8294759169832849,0.8331407875313199,0.8055751416842744,0.798381522565551,0.9214166402816772,0.9232184886932372,0.9341341853141784,0.935215175151825,0.9290671348571776,0.9219619035720824,0.8752574324607849,0.8712078332901001,0.880908191204071,0.8868995904922485,0.88556969165802,0.8629571795463562,0.3379031717777252,0.343858927488327,0.3895571529865265,0.4016018807888031,0.3579201400279999,0.3330550491809845,0.9870123863220216,0.9878573417663574,0.9902385473251344,0.9902774691581726,0.9900668859481812,0.9879537224769592,-0.0230789650231599,-0.0226086862385272,-0.0209494866430759,-0.0222741179168224,-0.0214755740016698,-0.0232447404414415
tmc13_head_00039_vox9_dec_geom05_text05_octree-raht.ply,head_00039_vox9.ply,OCTREE_RAHT,2,4.875,0.9944577505090408,0.9981892399713282,0.9983421861622076,0.9337287569490804,0.6500442509386996,0.4751225570386775,0.9254624111666802,0.9134862471698773,0.8200329215395232,0.9371749391357886,0.6122857118652586,0.9219890137474251,0.5128793346563786,0.2577750106243315,0.2560962645185066,0.2562306789025158,0.2709922405884443,0.6348433885371089,0.9668664300230296,0.4186459010666744,0.6581021972516534,0.2641191890763867,0.1020803219524835,0.1827527442320935,0.9477140685566532,0.9244395218430592,0.8834970540110142,0.9904383698893996,0.9771769485489707,0.8925083355966319,0.9200345671206008,0.8920268851326962,0.992010144163572,0.9513331414023776,0.6180504602052104,0.9313472205277982,0.9191847242187792,0.7306327745114884,0.223968367184321,0.0034526577824475,0.5922331809997559,0.583541214466095,0.5563830733299255,0.5613381266593933,0.5913898348808289,0.5844355821609497,0.540221095085144,0.5348945260047913,0.5339463353157043,0.5347321033477783,0.5153061747550964,0.5484743714332581,0.9929866558956496,0.9929082699025328,0.9881258055681916,0.9881533770883892,0.9916892754917432,0.9914221643262946,0.0584444999694824,0.0546685457229614,0.0572231411933898,0.0686028599739074,0.0538532733917236,0.0547400712966918,0.8900656700134277,0.9001498222351074,0.8921110033988953,0.8893927335739136,0.8988126516342163,0.9007163047790527,0.9545378088951112,0.956154465675354,0.95918208360672,0.9610856175422668,0.9560286402702332,0.9522574543952942,0.0768666490912437,0.0736657828092575,0.0670529529452323,0.0684324204921722,0.0673332512378692,0.0730627104640007,0.8191198706626892,0.8242970705032349,0.8436474204063416,0.8483105301856995,0.8316534161567688,0.8277954459190369,82.48113204980798,82.52378501832665,0.0,0.0,77.98523725048662,86.35161253289648,0.2955547869205475,0.2935773432254791,0.2833373248577118,0.2844985127449035,0.2831633687019348,0.2899698913097381,0.081951268017292,0.0788866057991981,0.0718195885419845,0.0729237347841262,0.072110079228878,0.0775838419795036,0.9568029642105104,0.9577969312667848,0.9614747762680054,0.9618296027183532,0.9587051272392272,0.9555553197860718,0.330959141254425,0.3280132114887237,0.2923596501350403,0.2877883613109588,0.2897568941116333,0.3057045638561249,0.3733196556568146,0.3930251598358154,0.3614590167999267,0.3748553097248077,0.3533114194869995,0.3838945031166076,24.566688537597656,24.748937606811523,25.991647720336918,26.313770294189453,26.534423828125,24.872299194335938,0.977912962436676,0.9792512059211732,0.9812203049659728,0.9819349646568298,0.979095458984375,0.9779387712478638,0.7847862808302313,0.7912603972592616,0.8239631383153874,0.8278830452921608,0.8007887714691618,0.7954660905408655,0.9191015958786012,0.9220187067985536,0.931748390197754,0.932247519493103,0.9261104464530944,0.919249415397644,0.8782159090042114,0.8804648518562317,0.8767431974411011,0.8831228613853455,0.892606794834137,0.8718946576118469,0.327975183725357,0.335319846868515,0.377863347530365,0.3885276317596435,0.3436577320098877,0.3233087956905365,0.9870765805244446,0.9877522587776184,0.989570140838623,0.9896983504295348,0.9898988604545592,0.9878509640693665,-0.024433558806777,-0.0218547098338603,-0.0215742159634828,-0.0235530044883489,-0.0199448857456445,-0.0242340881377458
tmc13_head_00039_vox9_dec_geom05_text05_trisoup-predlift.ply,head_00039_vox9.ply,TRISOUP_PREDLIFT,3,4.05,0.9892278708361966,0.9980183330494796,0.998412949418204,0.8636107498847919,0.5834992724713857,0.4975975693633483,0.9458413234315914,0.9567651078643608,0.9308388809802056,0.8606552584644852,0.6171741246133576,0.8368328364292077,0.6507356769418791,0.2507467383354109,0.2716390017839848,0.4378735136297499,0.2709922405884443,0.6348433885371089,0.8494167504615514,0.4029299666841276,0.4857729989162902,0.6343897097650761,0.2603787089225017,0.4211559395867944,0.8665195435577405,0.8269214770681019,0.8324701890712387,0.997786398086759,0.9870321617923312,0.9255206383622152,0.8624262713192682,0.7537437757329256,0.981915622735446,0.9003368880749041,0.4453981843443013,0.8342200982892496,0.8251231511236546,0.5893865600745076,0.4074901722171901,0.0120584767519041,0.526077389717102,0.4934969842433929,0.4500537812709808,0.4418171942234039,0.500978410243988,0.5228244662284851,0.5390427708625793,0.5302331447601318,0.5174726247787476,0.511730432510376,0.504601776599884,0.5428259372711182,0.9806166800034952,0.9807482124617696,0.9470297399430732,0.94339795932483,0.96349191763182,0.979003518182008,0.0660716295242309,0.075832724571228,0.084722876548767,0.0966763496398925,0.068440556526184,0.0806478261947631,0.8028653860092163,0.7914972901344299,0.7665239572525024,0.7493870854377747,0.7981059551239014,0.8167074918746948,0.9361346960067748,0.9271970987319946,0.9174203872680664,0.9147196412086488,0.9309927821159364,0.924553155899048,0.0969987139105796,0.1052207648754119,0.1056856513023376,0.110666736960411,0.0958560928702354,0.1017942205071449,0.7486621737480164,0.7314496040344238,0.7362419366836548,0.7285025715827942,0.7553620338439941,0.7449346780776978,113.30302356219052,116.08289203414044,0.0,0.0,107.50491182214216,119.3782071575958,0.3157123327255249,0.3276778161525726,0.329714298248291,0.3342780768871307,0.3148405253887176,0.3250688910484314,0.1011178568005561,0.109036847949028,0.1107585802674293,0.1153541505336761,0.099441185593605,0.1054925695061683,0.9357315301895142,0.9230748414993286,0.9151166677474976,0.904771327972412,0.9320058226585388,0.91869056224823,0.36946702003479,0.3988133370876312,0.3953640162944793,0.4105567634105682,0.3529624938964844,0.3875420987606048,0.5038601160049438,0.6454762816429138,0.5434678196907043,0.5700425505638123,0.6964675784111023,0.7960086464881897,23.633270263671875,23.073143005371094,23.7124137878418,23.73230361938477,25.091407775878903,23.284507751464844,0.9644359946250916,0.9613219499588012,0.9625643491744996,0.961182177066803,0.9658164381980896,0.9641700983047484,0.7512086261473125,0.7042731742241782,0.7324676245907269,0.7209604800883798,0.7573163919270905,0.7014854493565469,0.8904145956039429,0.8662459254264832,0.8666009902954102,0.8554975986480713,0.8893450498580933,0.8602361679077148,0.7984238266944885,0.7979118227958679,0.7963047027587891,0.7623092532157898,0.808391273021698,0.7807130217552185,0.2810267806053161,0.2520707249641418,0.2562152445316314,0.2520544528961181,0.2769473195075989,0.2357779741287231,0.9819850325584412,0.9794793128967284,0.977999746799469,0.9764417409896852,0.9840482473373412,0.979404628276825,-0.039949357509613,-0.0394947789609432,-0.0394182950258255,-0.0421629473567009,-0.03816669434309,-0.040446899831295
tmc13_head_00039_vox9_dec_geom05_text05_trisoup-raht.ply,head_00039_vox9.ply,TRISOUP_RAHT,4,3.9,0.9893387724141816,0.9977964481028412,0.998089359464012,0.8962305501531997,0.6295944674383053,0.469399254080345,0.9473211540570802,0.9274170088040308,0.8258901629680893,0.8981850128608451,0.596692516347738,0.878067955088353,0.6507356769418791,0.2507467383354109,0.2716390017839848,0.4378735136297499,0.2709922405884443,0.6348433885371089,0.8494167504615514,0.4029299666841276,0.4857729989162902,0.6343897097650761,0.2603787089225017,0.4211559395867944,0.8665195435577405,0.8269214770681019,0.8324701890712387,0.997786398086759,0.9870321617923312,0.9255206383622152,0.8624262713192682,0.7537437757329256,0.981915622735446,0.9003368880749041,0.4453981843443013,0.8342200982892496,0.8251231511236546,0.5893865600745076,0.4074901722171901,0.0120584767519041,0.5347925424575806,0.5176413655281067,0.4660809636116028,0.458851546049118,0.5062904357910156,0.5103521943092346,0.5370131134986877,0.5283532738685608,0.5161884427070618,0.5140009522438049,0.501832127571106,0.5424075722694397,0.981467906197084,0.9811240500490672,0.9472229192389529,0.9448757310180436,0.9645261395968436,0.978088868091525,0.077075719833374,0.0797030925750732,0.0860004425048828,0.0921715497970581,0.0689339637756347,0.08280611038208,0.8057988882064819,0.7971906661987305,0.7690370082855225,0.757038950920105,0.7996833324432373,0.822597861289978,0.9354012608528136,0.9267053008079528,0.916919767856598,0.9148849248886108,0.9293594360351562,0.9245293140411376,0.0976855531334877,0.1055298447608947,0.1062324792146682,0.1101469621062278,0.0966846272349357,0.1022259220480918,0.7457971572875977,0.7293946743011475,0.7328193783760071,0.7268399000167847,0.7518268823623657,0.7428743243217468,111.47097307786328,113.47527908193672,0.0,0.0,106.62842996593928,118.8277537404945,0.3175078332424164,0.3292929232120514,0.3313834965229034,0.3356187045574188,0.3177470564842224,0.3263370990753174,0.1015156581997871,0.1091854199767112,0.1113281399011612,0.1150457039475441,0.1001380234956741,0.1056936010718345,0.9345302581787108,0.9220337867736816,0.9135746359825134,0.903160810470581,0.9296457767486572,0.9164477586746216,0.374374508857727,0.4045310020446777,0.4002456665039062,0.4142411649227142,0.3600384593009949,0.3944457769393921,0.5133155584335327,0.580227255821228,0.5341928601264954,0.5876998901367188,0.6303994655609131,0.7293229699134827,23.465145111083984,22.87740898132324,23.51822853088379,23.55201911926269,24.873275756835938,23.0639762878418,0.964555561542511,0.961548924446106,0.9622347354888916,0.9613288044929504,0.9652034640312196,0.9639779925346376,0.7493342210011698,0.7006408915939656,0.7262768633678408,0.7135601853792124,0.7515291128015497,0.695925397087057,0.8882297277450562,0.8644494414329529,0.8627462387084961,0.8522685766220093,0.8852764964103699,0.8573951125144958,0.8051671385765076,0.8050839304924011,0.7977550625801086,0.774226725101471,0.8114429116249084,0.7878753542900085,0.2728173732757568,0.2447169423103332,0.2476541548967361,0.244368314743042,0.2649204134941101,0.2269631475210189,0.9818143844604492,0.9793726205825806,0.9777448177337646,0.9763547778129578,0.9836220741271972,0.9792643189430236,-0.037842534482479,-0.0409537218511104,-0.037751380354166,-0.0446896217763423,-0.0375941321253776,-0.0423589311540126
tmc13_head_00039_vox9_dec_geom06_text06_octree-predlift.ply,head_00039_vox9.ply,OCTREE_PRED_LIFT,1,4.6,0.9952581299765918,0.9990441300401802,0.999178535748597,0.9436387400666304,0.7563013863899704,0.6386778568186763,0.916630299852736,0.933360056864902,0.9373564486256336,0.9411764617843824,0.7700613093375865,0.9316846667234674,0.4956412482909437,0.2486746755766901,0.2480258546639019,0.246880012899086,0.2709922405884443,0.6348433885371089,0.959378086119692,0.414785727831073,0.6570168997170004,0.2719477155676028,0.0935530598784084,0.2038773957900424,0.9720516135455428,0.9555004272483244,0.9323840911740252,0.9889112099919968,0.9727214833044342,0.8887490965519486,0.9585893683247686,0.9454768446042132,0.9939413427167518,0.953953820953405,0.6323100311594366,0.9493731378045416,0.9386563836289108,0.74374902887959,0.2117791920064299,0.0023726961909592,0.6175556182861328,0.6093570590019226,0.5896974205970764,0.5880293846130371,0.6203520894050598,0.6282951235771179,0.5422149300575256,0.5400338172912598,0.5400205254554749,0.5407633781433105,0.5258413553237915,0.5508887767791748,0.9943451537493204,0.9953198716737888,0.9933392517586634,0.994138913668302,0.9949179561671638,0.9949829106863888,0.0355521440505981,0.0368430614471435,0.0412831902503967,0.0464516878128051,0.0430308580398559,0.0362693071365356,0.8979945182800293,0.9026224613189696,0.913445234298706,0.9131160378456116,0.91949462890625,0.9148821234703064,0.9591059684753418,0.9597190618515016,0.9645026326179504,0.9673620462417604,0.9637281894683838,0.9597969651222228,0.0736532509326934,0.0742174610495567,0.0665017142891883,0.0630829110741615,0.0633363276720047,0.0709267780184745,0.84140545129776,0.8455628752708435,0.8681999444961548,0.8756119012832642,0.8594008088111877,0.8494938611984253,72.70874417637356,72.60959119187117,0.0,0.0,68.93917431315471,72.55206957173598,0.2850414514541626,0.2871030271053314,0.2742000520229339,0.2716034948825836,0.2704463899135589,0.2808954417705536,0.0782361850142479,0.0784249827265739,0.0692078024148941,0.0665489137172699,0.0675461664795875,0.0748189613223075,0.9651603698730468,0.9658880233764648,0.970876395702362,0.971364200115204,0.9694711565971376,0.9663059115409852,0.3119630217552185,0.3092927634716034,0.2698206901550293,0.262570321559906,0.2630623579025268,0.2899346947669983,0.3126063346862793,0.3153950273990631,0.2594354748725891,0.2666347026824951,0.3395562469959259,0.3513514399528503,25.10890007019043,25.260677337646484,26.545751571655277,26.966402053833008,27.1417236328125,25.44829368591309,0.9814652800559998,0.9822131991386414,0.9837698936462402,0.9857242703437804,0.9823923707008362,0.9804156422615052,0.8189332499364814,0.8214647702935166,0.8535051372077137,0.8549111828417706,0.8397236600799687,0.8294952907451641,0.9367283582687378,0.9370640516281128,0.9472858905792236,0.9492095708847046,0.9455833435058594,0.939067542552948,0.903438925743103,0.9009401202201844,0.9056065678596495,0.9087810516357422,0.9114415049552916,0.891140878200531,0.4259750247001648,0.432717353105545,0.4769934415817261,0.4903875887393951,0.4523839950561523,0.4272467792034149,0.9890965223312378,0.989354372024536,0.991521418094635,0.9920524954795836,0.991697072982788,0.9894915819168092,-0.0177823230624198,-0.015628021210432,-0.0163567047566175,-0.0179848652333021,-0.0123396115377545,-0.0136252781376242
tmc13_head_00039_vox9_dec_geom06_text06_octree-raht.ply,head_00039_vox9.ply,OCTREE_RAHT,2,4.85,0.9952596320653376,0.99890770960187,0.9989573112102348,0.9538535569560588,0.8274619193456316,0.6861894773435506,0.9168657790039036,0.9329013526299188,0.911118544473368,0.9552411300682584,0.8212819657904529,0.9452188285979556,0.4956412482909437,0.2486746755766901,0.2480258546639019,0.246880012899086,0.2709922405884443,0.6348433885371089,0.959378086119692,0.414785727831073,0.6570168997170004,0.2719477155676028,0.0935530598784084,0.2038773957900424,0.9720516135455428,0.9555004272483244,0.9323840911740252,0.9889112099919968,0.9727214833044342,0.8887490965519486,0.9585893683247686,0.9454768446042132,0.9939413427167518,0.953953820953405,0.6323100311594366,0.9493731378045416,0.9386563836289108,0.74374902887959,0.2117791920064299,0.0023726961909592,0.619743824005127,0.6075764894485474,0.5878865122795105,0.58991539478302,0.6235200762748718,0.6204935908317566,0.5420761704444885,0.5395625233650208,0.5401546955108643,0.5413771271705627,0.5257475972175598,0.5511550903320312,0.9942146338990738,0.995207922088786,0.9932142817984126,0.9940610327103274,0.9952001600423968,0.994652292464105,0.0364773869514465,0.0358644127845764,0.0454127788543701,0.0439289808273315,0.0435016155242919,0.0374848842620849,0.898273766040802,0.9031753540039062,0.9136883020401,0.9129254817962646,0.9195601344108582,0.9142935276031494,0.958492636680603,0.9592972993850708,0.9641771912574768,0.9670501351356506,0.9635873436927797,0.959516167640686,0.0743249654769897,0.0747287347912788,0.0665349438786506,0.0633881986141204,0.063643604516983,0.0715575292706489,0.8392742276191711,0.8442658185958862,0.8667260408401489,0.8732157945632935,0.856981635093689,0.8481853604316711,72.57001125453309,71.9054147858842,0.0,0.0,68.91265525389895,72.86088608585405,0.2866201400756836,0.288251519203186,0.275252491235733,0.2725768387317657,0.2717093527317047,0.281923770904541,0.0788307785987854,0.0788674354553222,0.069355271756649,0.066884271800518,0.0678751021623611,0.0752798318862915,0.9642642736434937,0.9652198553085328,0.9699347019195556,0.9704973101615906,0.968398928642273,0.965496063232422,0.3149044513702392,0.3118256330490112,0.2723498940467834,0.2654957771301269,0.2657539546489715,0.2925796508789062,0.3083961606025696,0.2973352968692779,0.2862593233585357,0.2977363169193268,0.3085882663726806,0.2891311347484588,24.964996337890625,25.116714477539062,26.4010066986084,26.79876518249512,26.974842071533203,25.299915313720703,0.9811951518058776,0.981891930103302,0.983684241771698,0.985566020011902,0.9823472499847412,0.9801993370056152,0.8157205918736119,0.8190711812599206,0.8501494408648781,0.8515478791183937,0.8355230473753907,0.8270990338506673,0.9352230429649352,0.9361193180084229,0.9456366896629332,0.9476012587547302,0.9436463117599488,0.9379438161849976,0.9046146273612976,0.9063026905059814,0.909221649169922,0.9107500910758972,0.9120906591415404,0.8995558023452759,0.4191774427890777,0.4279080927371979,0.4693775475025177,0.4829221665859222,0.4429534077644348,0.4214501082897186,0.9889471530914308,0.989300549030304,0.991399109363556,0.9920059442520142,0.9915922284126282,0.989354968070984,-0.0182702876627445,-0.0155472503975033,-0.0158079359680414,-0.0181725416332483,-0.01278658490628,-0.0142523450776934
tmc13_head_00039_vox9_dec_geom06_text06_trisoup-predlift.ply,head_00039_vox9.ply,TRISOUP_PREDLIFT,3,4.9,0.9991210573974768,0.9992923842086568,0.9992749062438876,0.9645873435358996,0.7588343670514942,0.640217873522624,0.0161085536745109,0.3068967796428467,0.472834116542714,0.959828095725076,0.7716141413782203,0.9554970879337602,0.0,0.0,0.0,0.0,0.2709922405884443,0.6348433885371089,0.8119878507359384,0.2709922405884443,0.6348433885371089,1.877606503496101e-14,9.568301558826901e-15,9.100603124509948e-15,1.0,1.0,1.0,8.936926255282751e-17,7.13789346280549e-17,8.101624014705603e-17,1.0,1.0,1.0,1.0,1.0,1.0,1.0,0.9994538571933752,4.850606675708832e-20,0.000546129760431,0.6560513377189636,0.6484072804450989,0.6233089566230774,0.619830310344696,0.6505503058433533,0.6602332592010498,0.5490281581878662,0.5454069375991821,0.5492866635322571,0.5511987805366516,0.5354006290435791,0.5543532371520996,0.9998535838375572,0.9998780131627416,0.9990552827238378,0.9991668837857712,0.999683853628002,0.9996376217015964,0.0070163607597351,0.006104826927185,0.0230962038040161,0.0158227682113647,0.0121225118637084,0.009281575679779,0.9978837966918944,0.997779369354248,0.9948232173919678,0.995597243309021,0.9966297149658204,0.9974773526191713,0.9987034201622008,0.99858558177948,0.9983773827552797,0.9983308911323548,0.9982648491859436,0.9985915422439576,0.0026481240056455,0.0037846788763999,0.0036351198796182,0.0036333668977022,0.0033674975857138,0.0030816025100648,0.991850733757019,0.9905768632888794,0.990971028804779,0.9910720586776732,0.9916961193084716,0.9916139841079712,3.987921069096464,4.715893628361201,0.0,0.0,8.661779711900763,7.235453494270871,0.1285576671361923,0.1313020139932632,0.136100560426712,0.1371370106935501,0.1362866014242172,0.1317529827356338,0.0039205444045364,0.0046509434469044,0.0047194431535899,0.0046072751283645,0.004802260082215,0.0044080880470573,0.9979791045188904,0.997947096824646,0.9973012804985046,0.997241199016571,0.996797740459442,0.9974035024642944,0.0468522161245346,0.0483133271336555,0.0478981547057628,0.0483278334140777,0.0506685897707939,0.0490574315190315,0.1158261969685554,0.0991078689694404,0.1476920694112777,0.1545935720205307,0.1466613858938217,0.133076936006546,39.59284210205078,39.101688385009766,40.53278350830078,40.25669097900391,40.2012825012207,39.757102966308594,0.9993977546691896,0.9993584752082824,0.999405801296234,0.999320387840271,0.9993248581886292,0.99940288066864,0.9882612959472424,0.9880811470013188,0.988467724700112,0.9869847239703364,0.9821281543702914,0.9851946681145624,0.996135115623474,0.9960834980010986,0.995353937149048,0.9951907992362976,0.9939937591552734,0.9951700568199158,0.9201346039772034,0.9188528656959534,0.9182575345039368,0.923344075679779,0.9223684668540956,0.9177108407020568,0.8316549062728882,0.8276217579841614,0.8492804765701294,0.8460546135902405,0.8175230622291565,0.8204473257064819,0.9995436072349548,0.9994970560073853,0.9994232654571532,0.9994404911994934,0.9994720816612244,0.9995737075805664,-0.0002381051453994,0.0001495957112638,-0.0015202098293229,-0.0017928618472069,-0.0004550812591332,0.0001818038290366
tmc13_head_00039_vox9_dec_geom06_text06_trisoup-raht.ply,head_00039_vox9.ply,TRISOUP_RAHT,4,4.95,0.9990429299037976,0.9991267988189751,0.9990492175274678,0.9797810595516454,0.8352087365316174,0.6833015359122939,0.0146135817694274,0.3149130709761119,0.5033821317697863,0.9806471879077228,0.8243304510859033,0.9752787918996764,0.0,0.0,0.0,0.0,0.2709922405884443,0.6348433885371089,0.8119878507359384,0.2709922405884443,0.6348433885371089,1.877606503496101e-14,9.568301558826901e-15,9.100603124509948e-15,1.0,1.0,1.0,8.936926255282751e-17,7.13789346280549e-17,8.101624014705603e-17,1.0,1.0,1.0,1.0,1.0,1.0,1.0,0.9994538571933752,4.850606675708832e-20,0.000546129760431,0.6548215746879578,0.6463043093681335,0.6171056032180786,0.6126532554626465,0.6498384475708008,0.6477357745170593,0.5490087866783142,0.5455441474914551,0.5490915775299072,0.5503925681114197,0.5343740582466125,0.5547496676445007,0.9998247297812825,0.9998466730875804,0.9970471653614712,0.9973591026677956,0.9996215868862756,0.9995428493302854,0.0091990232467651,0.0076653361320495,0.0225970745086669,0.0174024701118469,0.0120840072631835,0.00905442237854,0.9973546266555786,0.997937798500061,0.9854653477668762,0.986068606376648,0.99696946144104,0.9973881244659424,0.9984990954399108,0.9986035227775574,0.9977648258209229,0.9976487755775452,0.998097598552704,0.998515009880066,0.003997478634119,0.0030352061148732,0.0077757383696734,0.0095497723668813,0.0035321104805916,0.0032701594755053,0.989956796169281,0.990580677986145,0.9890814423561096,0.989142119884491,0.9907215237617492,0.9909063577651978,4.6934086068706256,4.8806962430926735,0.0,0.0,9.071061364014898,7.914508874287076,0.132302850484848,0.1316082626581192,0.1463889926671981,0.1467420905828476,0.1387424618005752,0.1340171694755554,0.0048634586855769,0.0040775523521006,0.0088320169597864,0.0107246125116944,0.0048233633860945,0.004472182597965,0.9975687861442566,0.9976917505264282,0.9961198568344116,0.9962286353111268,0.9962191581726074,0.9969089031219482,0.0498583316802978,0.0478576235473156,0.056753285229206,0.0545255467295646,0.0520736649632453,0.049578920006752,0.1484153717756271,0.1171555519104003,0.1419612318277359,0.1636018007993698,0.1510811448097229,0.1371453702449798,39.05485534667969,39.137020111083984,39.73639678955078,39.778053283691406,39.919677734375,39.54254913330078,0.9993104934692384,0.9993852376937866,0.999275267124176,0.9992570877075196,0.9992756843566896,0.999376654624939,0.9878812643822712,0.98833906718946,0.9872535362518688,0.9865607240966164,0.9821914149060614,0.9854833431545356,0.995758056640625,0.9960352778434752,0.9941222667694092,0.9942802786827089,0.993667721748352,0.9949697852134703,0.9223436713218688,0.920542061328888,0.9128451347351074,0.9202162623405457,0.92460435628891,0.919412076473236,0.8188512325286865,0.8249568343162537,0.83237224817276,0.8373610377311707,0.8043969869613647,0.8154003620147705,0.999489426612854,0.9994990229606628,0.9989694356918336,0.9989030361175536,0.9994189143180848,0.9995547533035278,-0.0002304842782905,0.00028888246743,-0.0012332785408943,-0.0010044914670288,-0.0009027364430949,0.0001437504397472
tmc13_longdress_vox10_1300_dec_geom01_text01_octree-predlift.ply,longdress_vox10_1300.ply,OCTREE_PRED_LIFT,1,1.0,0.9270605193444452,0.9706324962754154,0.9679076332887916,0.5145260879437491,0.3967184559805911,0.4037477862832099,0.9962547871996744,0.9876655908060996,0.9913784828557084,0.5360540090241487,0.488318213046733,0.4719796872849081,3.9002262260748,1.9673555104499612,1.963553702979816,1.944278663250517,0.0940652497913953,0.4207389588451811,3.925447999929051,1.967961403171288,1.9769754044482917,4.363658837426151,1.3391362913887608,3.522113571652044,0.0517492471288255,0.0479800594971402,0.0087777155563799,1.0010529392681111,0.9991693827509596,0.9648850850291816,0.0257982954400085,0.0133278547372941,0.7986134358148064,0.7944597312629493,0.3261309727034612,0.3265908319662733,0.2959643491799477,0.4786730215910912,0.5325353135300549,0.1178925610917876,-0.290636271238327,-0.2552362382411957,-0.3368430137634277,-0.3080731034278869,-0.349606990814209,-0.3523388504981994,0.202763095498085,0.2742977440357208,0.2036704570055008,0.2228034734725952,0.4501994550228119,0.448905885219574,0.088828716452131,0.0862528491853214,0.0956737717012362,0.1108161657694716,0.089840647247878,0.0951268957818072,0.6504926085472107,0.6544650793075562,0.642825722694397,0.6250220537185669,0.6243941187858582,0.6291433572769165,0.1249433979392051,0.1167618036270141,0.1632813513278961,0.1111161634325981,0.1138327121734619,0.1131181865930557,0.4980653524398803,0.5029712319374084,0.4975275099277496,0.5059970617294312,0.6014657020568848,0.5985234975814819,0.2844415307044983,0.2704527974128723,0.2915570139884949,0.2620023787021637,0.2549668550491333,0.2626454532146454,0.3100907802581787,0.3140916526317596,0.3447471857070923,0.3108243346214294,0.3214192986488342,0.3215356767177582,0.0,0.0,225.65128580536185,209.33001771932865,198.37985147528175,200.6931040130759,0.583403468132019,0.5647565722465515,0.5978198647499084,0.5492227673530579,0.5381021499633789,0.5547668933868408,0.3165646493434906,0.3095643222332001,0.3148306906223297,0.3049949705600738,0.3043937087059021,0.3084391057491302,0.2080455273389816,0.2023581564426422,0.2092758864164352,0.1848108619451522,0.3439048528671264,0.3455575108528137,1.2327827215194702,1.2389490604400637,1.255993127822876,1.27327299118042,0.9450505971908568,0.9437850713729858,3.332581758499145,2.899350166320801,3.382895946502685,3.559422016143799,3.1387524604797363,3.4165916442871094,6.550768852233887,7.134713649749756,6.12774658203125,7.539400577545166,8.343774795532227,7.970677375793457,0.7360556721687317,0.7075291872024536,0.7106989026069641,0.6655832529067993,0.748461127281189,0.7875600457191467,0.2824870345747255,0.2895233267036762,0.2307490174615908,0.2466745351416904,0.486230027286728,0.4824430759881702,0.2602622210979461,0.2638912796974182,0.21060311794281,0.2156758308410644,0.4214082658290863,0.4177487790584564,0.2568854689598083,0.2644594013690948,0.2527010142803192,0.2578141987323761,0.3087821304798126,0.3163674175739288,0.0100568057969212,0.0105261886492371,0.0063761444762349,0.0084159234538674,0.012301467359066,0.0121796010062098,0.7869144082069397,0.7968061566352844,0.7892128825187683,0.7570554614067078,0.8542357683181763,0.8379883766174316,-0.1687483936548233,-0.1574580371379852,-0.1531793028116226,-0.181700125336647,-0.1359719187021255,-0.1461223065853119
tmc13_longdress_vox10_1300_dec_geom01_text01_octree-raht.ply,longdress_vox10_1300.ply,OCTREE_RAHT,2,1.0,0.9235719742346922,0.970034222024215,0.9660076140363256,0.4337722172057277,0.2767243384776192,0.2467743572185508,0.9499526721572388,0.6545795792698466,0.6718018310691695,0.4783782424210928,0.2800391982930417,0.4190802893205992,3.9002262260748,1.9673555104499612,1.963553702979816,1.944278663250517,0.0940652497913953,0.4207389588451811,3.925447999929051,1.967961403171288,1.9769754044482917,4.363658837426151,1.3391362913887608,3.522113571652044,0.0517492471288255,0.0479800594971402,0.0087777155563799,1.0010529392681111,0.9991693827509596,0.9648850850291816,0.0257982954400085,0.0133278547372941,0.7986134358148064,0.7944597312629493,0.3261309727034612,0.3265908319662733,0.2959643491799477,0.4786730215910912,0.5325353135300549,0.1178925610917876,-0.277404636144638,-0.245796725153923,-0.3274601101875305,-0.292577177286148,-0.3468759655952453,-0.3497726917266845,0.2039178609848022,0.2692747116088867,0.203037142753601,0.2189009636640548,0.4540637135505676,0.4447566270828247,0.0892422078427215,0.0918084897546001,0.0934356115918595,0.1043651680910783,0.1013097752251056,0.0970058019257208,0.6479834318161011,0.6519801616668701,0.6410682201385498,0.6259325742721558,0.6227303743362427,0.6267251968383789,0.0985840111970901,0.0961327403783798,0.142324686050415,0.0864689350128173,0.0954146236181259,0.0944132655858993,0.4962159097194671,0.5014194250106812,0.4964986443519592,0.5014612078666687,0.6004430055618286,0.598385751247406,0.2860109806060791,0.2709622383117676,0.2928868532180786,0.2638640105724334,0.2562108635902405,0.2631261646747589,0.3095746040344238,0.3125284016132355,0.3435263335704803,0.3104225695133209,0.3230752646923065,0.3212006986141205,0.0,0.0,226.98627718829084,212.40793603881085,200.12325633236935,202.74211315594465,0.5853083729743958,0.5655614733695984,0.5981228947639465,0.5546886324882507,0.5397247672080994,0.5551900863647461,0.3181498646736145,0.3102334439754486,0.3156330287456512,0.3070068359375,0.3052945733070373,0.3095273673534393,0.2029900848865509,0.1965650022029876,0.2053993791341781,0.1722171753644943,0.3409692049026489,0.3419985175132751,1.2357786893844604,1.243721842765808,1.258633732795715,1.2820395231246948,0.9477197527885436,0.9462118148803712,3.344722986221313,2.90247654914856,3.3915302753448486,3.60766077041626,3.1426987648010254,3.3705904483795166,6.553572654724121,7.133090496063232,6.1264848709106445,7.542736530303955,8.341814041137695,7.968527793884277,0.73444002866745,0.714988648891449,0.7159150242805481,0.6636301279067993,0.7602280974388123,0.7861306071281433,0.2816534999149472,0.2890592077580565,0.2302901417770525,0.2409407160386238,0.4862696287103342,0.4819002506463412,0.2594980299472809,0.2637178003787994,0.2101917564868927,0.210039883852005,0.4212782084941864,0.4170100092887878,0.2566719651222229,0.2648197412490845,0.2533419132232666,0.2582924365997314,0.3094189167022705,0.3184748291969299,0.0099146803840994,0.0099887959659099,0.0062137180939316,0.0076282653026282,0.0119887804612517,0.0117293931543827,0.7863162755966187,0.7946605086326599,0.7877385020256042,0.7561076283454895,0.8554985523223877,0.8415458798408508,-0.1702616810798645,-0.1590804904699325,-0.1525980681180954,-0.1785994917154312,-0.1369431167840957,-0.1447091698646545
tmc13_longdress_vox10_1300_dec_geom01_text01_trisoup-predlift.ply,longdress_vox10_1300.ply,TRISOUP_PREDLIFT,3,1.05,0.9711763594740674,0.9850263584717236,0.985331371348928,0.5265394466537516,0.3670489331611009,0.4063958471456065,0.9768687157866536,0.9644925074051456,0.968726660292187,0.5539161282743212,0.4241015237169461,0.4785948792176105,1.2740875505550926,0.4286730955956887,0.4511629164890453,0.9697334141784988,0.0940652497913953,0.4207389588451811,1.230379306442004,0.4797661671979689,0.8608147238645316,1.3203004834741472,0.409846955580586,1.0663664095812873,0.8611748171580488,0.8252638274875581,0.5848460134995027,0.9998021689021984,0.999407989724011,0.9668218543277246,0.7753806096681917,0.7677500601211794,0.9232411361217376,0.8643921158996878,0.3030318455149446,0.6153657274034744,0.6006089994723426,0.481672370473035,0.5457504355848289,0.0717119784601399,0.3037468194961548,0.2945654094219208,0.2461129873991012,0.308039903640747,0.3988323211669922,0.3849531710147857,0.4378575980663299,0.4200451672077179,0.362392395734787,0.4362068176269531,0.4737518727779388,0.4754035174846649,0.8729375541589446,0.901442987101942,0.8525102896824003,0.8916196271662387,0.8947927697800803,0.8797250110833486,0.2191154360771179,0.2026786208152771,0.1870746612548828,0.1953533291816711,0.1904377937316894,0.1876308917999267,0.4240478575229645,0.4446737766265869,0.4336744546890259,0.5040276646614075,0.5112348198890686,0.5013027191162109,0.7594850659370422,0.7454674243927002,0.7722751498222351,0.7447291016578674,0.8306778073310852,0.8313441276550293,0.1897027641534805,0.1913095712661743,0.1942670345306396,0.1916427761316299,0.1682050377130508,0.1739833503961563,0.5223140716552734,0.5152041912078857,0.4975215494632721,0.5282407999038696,0.5326665639877319,0.5254525542259216,0.0,0.0,214.9509110638824,193.38912034994647,182.67269435898748,187.81678724281568,0.4243785142898559,0.4289984703063965,0.43411785364151,0.4353032410144806,0.3913577795028686,0.3956908881664276,0.1918081194162368,0.1935207992792129,0.197762981057167,0.1961347013711929,0.1700702756643295,0.1770149022340774,0.789946973323822,0.7907540202140808,0.7367262840270996,0.793122410774231,0.8538011908531189,0.843023955821991,0.558353066444397,0.5705510377883911,0.5980422496795654,0.6420495510101318,0.4371842741966247,0.4482650756835937,1.0877498388290403,0.7537371516227722,0.989388346672058,1.3939324617385864,1.0979489088058472,0.9438431262969972,20.79157257080078,20.532733917236328,20.1467399597168,19.236223220825195,22.60044288635254,22.475765228271484,0.862860918045044,0.8320388197898865,0.8593245148658752,0.8551697134971619,0.9110413789749146,0.9091973900794984,0.625723325405033,0.5982323644483166,0.5915695789250512,0.5558281888838396,0.7173800207983267,0.720443065125638,0.6236244440078735,0.5952469706535339,0.5860309600830078,0.5496973395347595,0.768802285194397,0.7581273913383484,0.403652012348175,0.3850691020488739,0.4452406167984009,0.4315028786659241,0.3993467688560486,0.4039205908775329,0.200460746884346,0.1895118206739425,0.1583846062421798,0.1677714139223098,0.1992718577384948,0.1890817880630493,0.9302073121070862,0.925792634487152,0.9299283623695374,0.918656885623932,0.950956642627716,0.950098752975464,-0.0838377550244331,-0.0793032869696617,-0.0805006846785545,-0.0888712480664253,-0.0776720345020294,-0.0747458934783935
tmc13_longdress_vox10_1300_dec_geom01_text01_trisoup-raht.ply,longdress_vox10_1300.ply,TRISOUP_RAHT,4,1.0,0.9669934490864308,0.9826957113260064,0.9826608041582576,0.4648567495639801,0.2490558603744838,0.2805897516869768,0.8572185134902072,0.5676530573072266,0.6004068175597033,0.5095777814744751,0.2668942198983525,0.4542504109189658,1.2740875505550926,0.4286730955956887,0.4511629164890453,0.9697334141784988,0.0940652497913953,0.4207389588451811,1.230379306442004,0.4797661671979689,0.8608147238645316,1.3203004834741472,0.409846955580586,1.0663664095812873,0.8611748171580488,0.8252638274875581,0.5848460134995027,0.9998021689021984,0.999407989724011,0.9668218543277246,0.7753806096681917,0.7677500601211794,0.9232411361217376,0.8643921158996878,0.3030318455149446,0.6153657274034744,0.6006089994723426,0.481672370473035,0.5457504355848289,0.0717119784601399,0.2378374636173248,0.2244646549224853,0.1703547835350036,0.2537368237972259,0.339075893163681,0.321998119354248,0.4221003651618957,0.4350741803646087,0.3456689417362213,0.3960989713668823,0.4400682747364044,0.4428486824035644,0.8418319714473459,0.880453349224183,0.8372215896141927,0.8594040831246804,0.8527539536708918,0.8572269737722051,0.3023338317871094,0.3153226375579834,0.2811112403869629,0.2770737409591675,0.2770471572875976,0.2835389971733093,0.231938362121582,0.2249011546373367,0.3250840306282043,0.3790735304355621,0.2068954110145568,0.2096684575080871,0.6655535101890564,0.6462589502334595,0.688206136226654,0.6558777093887329,0.7404463887214661,0.7512802481651306,0.2497257143259048,0.2559511363506317,0.2330543845891952,0.2367182672023773,0.2473008185625076,0.2482630312442779,0.4332548081874847,0.4285588562488556,0.4385876059532165,0.4602779746055603,0.4084931015968323,0.4112336933612823,0.0,0.0,212.8525683274213,190.37227996610864,186.54871744863044,189.60784984241903,0.4337284564971924,0.4355786144733429,0.4466807842254638,0.4388285279273987,0.4142378866672516,0.4164271652698517,0.2413684278726577,0.2457169890403747,0.2298931181430816,0.2334686815738678,0.2353862822055816,0.2368370741605758,0.7336782217025757,0.7432868480682373,0.692646861076355,0.7499315738677979,0.8137432932853699,0.8049589395523071,0.6088610291481018,0.6169716119766235,0.6391985416412354,0.6833347082138062,0.4874672293663025,0.4909135699272156,1.790138602256775,1.801672101020813,1.86632239818573,1.903024792671204,1.997782588005066,1.886790990829468,19.89382743835449,19.683238983154297,19.57262420654297,18.472436904907227,21.463232040405277,21.49330139160156,0.8080123066902161,0.7772930860519409,0.8242561221122742,0.7945798635482788,0.8693127632141113,0.8750953078269958,0.5521166857144127,0.528452198996997,0.5249755248526724,0.4868225992890974,0.6589652892944711,0.6672477665282979,0.5484094023704529,0.524285078048706,0.5188161134719849,0.479486346244812,0.6969367861747742,0.6943488121032715,0.3296382129192352,0.3293422758579254,0.348105639219284,0.3316320776939392,0.3469472825527191,0.351555585861206,0.1487210839986801,0.1444443464279174,0.1112446635961532,0.1283442378044128,0.1431624740362167,0.1419240534305572,0.8930162787437439,0.8835049867630005,0.9008718729019164,0.8772861957550049,0.9274500012397766,0.9285318851470948,-0.0966235920786857,-0.093352273106575,-0.1024650782346725,-0.1104825660586357,-0.0881484597921371,-0.0814583152532577
tmc13_longdress_vox10_1300_dec_geom02_text02_octree-predlift.ply,longdress_vox10_1300.ply,OCTREE_PRED_LIFT,1,1.0,0.9501033460755824,0.980306473389845,0.9778898161061118,0.5691775452381098,0.4732024716505907,0.4723345426391949,0.9899833210063212,0.9917200487203904,0.992744865831274,0.5873679948779681,0.5509878528251079,0.5245568085691664,2.007649275766293,1.0218249903428942,1.0138384105690994,0.9841245438423818,0.0940652497913953,0.4207389588451811,2.049119613185972,1.0223472327867136,1.0348992683720823,1.6970755135551845,0.5152097424197677,1.387849847373468,0.1622403753459999,0.1504454489490512,0.0515675855506335,0.9997871636751356,0.9991529874290964,0.9489966724889836,0.1031485155932121,0.0606248912296769,0.9037340063399928,0.8847862113864515,0.3329728208218669,0.4887396463079447,0.4597361520883973,0.5034665499353005,0.5176877024704439,0.0425895122844394,0.3368533253669739,0.2817916572093963,0.381236732006073,0.2578148543834686,0.3691432476043701,0.3227507174015045,0.5072870850563049,0.5105729103088379,0.4407584369182586,0.5045467615127563,0.5098828077316284,0.5127024054527283,0.8123029733714624,0.8128128776144343,0.8495487437836076,0.865322989529522,0.7979803274071806,0.8049545005139851,0.3500940799713135,0.3681811094284057,0.3431646227836609,0.31930673122406,0.2949324250221252,0.282695472240448,0.3133263885974884,0.2777773141860962,0.4198796451091766,0.3817463219165802,0.3056739270687103,0.3019104301929474,0.7043046355247498,0.674679160118103,0.7674763798713684,0.670619010925293,0.781051754951477,0.7904537320137024,0.2199300080537796,0.230400949716568,0.1928240805864334,0.2236786037683487,0.2120052427053451,0.2152286320924759,0.5026693940162659,0.4940939545631408,0.5565823316574097,0.5085398554801941,0.4827816784381866,0.4877239465713501,0.0,0.0,205.5477098444468,218.1746140922492,190.19427734469076,190.0475345027808,0.4328871667385101,0.4351286590099334,0.4218606352806091,0.4474566876888275,0.4165467321872711,0.4163356125354767,0.2189858257770538,0.2294452637434005,0.1938647925853729,0.2263987362384796,0.212074801325798,0.214169442653656,0.7282379865646362,0.7090362906455994,0.7514729499816895,0.7040378451347351,0.7878674864768982,0.7940378189086914,0.5943877696990967,0.6173540949821472,0.5805116891860962,0.6965753436088562,0.4793012142181396,0.4596593976020813,1.5848398208618164,1.523579239845276,1.1395549774169922,1.3288565874099731,1.9707390069961548,2.0989108085632324,20.750980377197266,20.39494514465332,21.539627075195312,19.125917434692383,21.852405548095703,22.206073760986328,0.8203855752944946,0.7565761804580688,0.8657940030097961,0.7866835594177246,0.8495543003082275,0.8655173778533936,0.5717264600899874,0.530976680577934,0.6024255783303953,0.4619433306088082,0.6672093802888434,0.6812115943439006,0.5694102644920349,0.5280138850212097,0.5998790264129639,0.4561532437801361,0.6871268153190613,0.6963217258453369,0.3279297351837158,0.3282651305198669,0.3543952703475952,0.3278899192810058,0.3467409014701843,0.352675050497055,0.1649857014417648,0.1525634527206421,0.1831913590431213,0.1394499689340591,0.1588712483644485,0.1717461496591568,0.912035346031189,0.9000627398490906,0.9278706312179564,0.8863928914070129,0.9264732003211976,0.9273751974105836,-0.0997201353311538,-0.1084620952606201,-0.0845317989587783,-0.1118112504482269,-0.0903135687112808,-0.0918143093585968
tmc13_longdress_vox10_1300_dec_geom02_text02_octree-raht.ply,longdress_vox10_1300.ply,OCTREE_RAHT,2,1.0,0.9489767211474478,0.9791212921705073,0.9768799938233758,0.5210236467435188,0.3636873302720377,0.3576169203180545,0.9853807414773338,0.836797122125615,0.8689782614542946,0.5406377373100217,0.3974679323321141,0.4804970426975268,2.007649275766293,1.0218249903428942,1.0138384105690994,0.9841245438423818,0.0940652497913953,0.4207389588451811,2.049119613185972,1.0223472327867136,1.0348992683720823,1.6970755135551845,0.5152097424197677,1.387849847373468,0.1622403753459999,0.1504454489490512,0.0515675855506335,0.9997871636751356,0.9991529874290964,0.9489966724889836,0.1031485155932121,0.0606248912296769,0.9037340063399928,0.8847862113864515,0.3329728208218669,0.4887396463079447,0.4597361520883973,0.5034665499353005,0.5176877024704439,0.0425895122844394,0.3010007441043854,0.252761572599411,0.2999358773231506,0.287557303905487,0.2995037138462066,0.3028430044651031,0.4744292795658111,0.4994681775569916,0.4078839421272278,0.4609547257423401,0.4695066213607788,0.4624849855899811,0.7651690357309333,0.76776688032285,0.7834312889717454,0.8510732115142232,0.7541769064998025,0.7681086824692672,0.367720365524292,0.3766220211982727,0.3627024888992309,0.3533879518508911,0.3453625440597534,0.3397750854492187,0.2337782084941864,0.2226234972476959,0.3177829384803772,0.3737618029117584,0.2519645690917969,0.251748651266098,0.6945310235023499,0.6723417043685913,0.7432830929756165,0.6725346446037292,0.7503580451011658,0.7646557688713074,0.2496927827596664,0.2554167509078979,0.2180040180683136,0.2348255068063736,0.2438215762376785,0.2415652722120285,0.4592030346393585,0.451858639717102,0.5071725249290466,0.4886940121650696,0.4318764805793762,0.4429376721382141,0.0,0.0,213.96517480546527,208.4963913410959,192.80955598570452,191.2426884910712,0.4360514283180237,0.4379984736442566,0.425065815448761,0.452048659324646,0.4228469431400299,0.4216060936450958,0.2445140182971954,0.2497089058160781,0.2171332389116287,0.2327795475721359,0.2379310578107834,0.2353932112455368,0.6788134574890137,0.6780813932418823,0.6923395991325378,0.6871744394302368,0.7565385699272156,0.7728642821311951,0.6290377378463745,0.6424254179000854,0.6260762214660645,0.7166026830673218,0.5090381503105164,0.4853507280349731,1.3002938032150269,1.1987488269805908,0.7668641805648804,1.089723825454712,1.5838836431503296,1.4281651973724363,20.18270492553711,19.958471298217773,20.910425186157227,18.77600479125977,21.352283477783203,21.76980209350586,0.8257814645767212,0.7807090282440186,0.8601565361022949,0.7976068258285522,0.8614798188209534,0.8664886355400085,0.5446052601459078,0.5095340687744947,0.5692246894203821,0.4474894454163045,0.6499653147490566,0.6674460202367534,0.5406920909881592,0.504711389541626,0.5655263662338257,0.4388896226882934,0.656952977180481,0.6748198866844177,0.3147816658020019,0.3202132880687713,0.3348453044891357,0.3238994479179382,0.3330650925636291,0.345956802368164,0.1411208510398864,0.1289339363574981,0.1454150676727295,0.1183302849531173,0.1336505711078643,0.1457096934318542,0.9023951292037964,0.8944845795631409,0.9169986248016356,0.8828631043434143,0.9126025438308716,0.9149978756904602,-0.1052351221442222,-0.113685056567192,-0.0851650610566139,-0.1098494902253151,-0.0973609015345573,-0.0920911282300949
tmc13_longdress_vox10_1300_dec_geom02_text02_trisoup-predlift.ply,longdress_vox10_1300.ply,TRISOUP_PREDLIFT,3,1.4,0.9827620522586284,0.9905631000636403,0.990766546549828,0.6578208722911524,0.5005184252031555,0.5048799631534223,0.9575402726190132,0.9704607873772856,0.9691082970202508,0.6831031654974519,0.55909998255155,0.616292055028286,0.6803114873839712,0.2394727486542671,0.2598350541414806,0.4941049533848424,0.0940652497913953,0.4207389588451811,0.706095720261808,0.3009328661886632,0.4428281908678715,0.6660124594118303,0.224700766624859,0.5169636962283884,0.8801581318578929,0.8431672500149257,0.7575046562150967,1.0017097685505727,1.0009617747070756,0.9469355863680132,0.8554137398520504,0.7904856020464274,0.9783252892649458,0.917740906811149,0.3352478902726227,0.7551226971856727,0.7497262450525973,0.5147200115246172,0.5116628214351117,0.015758375548183,0.4799671769142151,0.4585988521575928,0.4970962703227997,0.4775971472263336,0.5372673869132996,0.5322896838188171,0.446157842874527,0.4326086640357971,0.4399873912334442,0.486672431230545,0.551253080368042,0.5618619322776794,0.9660460304686224,0.97234686716919,0.9744480310382752,0.9744609980158668,0.9670155505740607,0.9646120327568416,0.1633430123329162,0.1566312313079834,0.1487153768539428,0.1475602388381958,0.13099205493927,0.1253643631935119,0.7461910247802734,0.7526732683181763,0.7821759581565857,0.7825037240982056,0.7766921520233154,0.7599160075187683,0.8367834687232971,0.8282142877578735,0.8626081943511963,0.8287590742111206,0.9091395139694214,0.9081429243087769,0.1181304305791854,0.1245048642158508,0.1139594167470932,0.1270518004894256,0.1036733612418174,0.1073766499757766,0.7194211483001709,0.7040218710899353,0.7204708456993103,0.7046723961830139,0.7264556288719177,0.7225452065467834,0.0,0.0,157.79101996315063,142.4492381813463,141.81431775397112,142.4921171965301,0.3916842043399811,0.3965712487697601,0.3890330195426941,0.4055368900299072,0.3388907015323639,0.3419973254203796,0.1202241629362106,0.1267242580652237,0.1165230497717857,0.130081221461296,0.1062955856323242,0.1102869883179664,0.901725709438324,0.8975868225097656,0.8968175649642944,0.9007527232170104,0.9298694133758544,0.9282538294792176,0.3550876080989837,0.3811129033565521,0.3610922694206238,0.4310809075832367,0.2819082736968994,0.2892526388168335,0.7124081254005432,0.6598250865936279,0.5984828472137451,1.3004417419433594,0.7115438580513,0.7187016606330872,24.596866607666016,24.00239944458008,24.670482635498047,22.082256317138672,26.1470890045166,26.051528930664062,0.916766881942749,0.9041889905929564,0.92158305644989,0.906493604183197,0.9601964354515076,0.959151804447174,0.7286900672782622,0.7098446743142706,0.7290312839743406,0.6798360713111645,0.7968065486648148,0.8044323966685236,0.7284111976623535,0.7093503475189209,0.7284883856773376,0.6787776350975037,0.870598554611206,0.870356559753418,0.544709324836731,0.5345052480697632,0.6219021677970886,0.6188477873802185,0.5146031975746155,0.5353848338127136,0.3024361729621887,0.2876692116260528,0.2879723906517029,0.2564953863620758,0.3106848299503326,0.3015071153640747,0.956132173538208,0.9532921314239502,0.9603887796401978,0.9463244080543518,0.9752645492553712,0.9747864007949828,-0.0580134354531765,-0.0524161830544471,-0.0447028391063213,-0.0595634542405605,-0.0449250191450119,-0.0442730113863945
tmc13_longdress_vox10_1300_dec_geom02_text02_trisoup-raht.ply,longdress_vox10_1300.ply,TRISOUP_RAHT,4,1.025,0.9810708009168664,0.9891491345961202,0.9893359134367476,0.6543939834034328,0.4073098724367492,0.4134541068746757,0.9322333476879064,0.7624737629992503,0.7643711034835322,0.6928417505551087,0.4502243686848856,0.6380139747162342,0.6803114873839712,0.2394727486542671,0.2598350541414806,0.4941049533848424,0.0940652497913953,0.4207389588451811,0.706095720261808,0.3009328661886632,0.4428281908678715,0.6660124594118303,0.224700766624859,0.5169636962283884,0.8801581318578929,0.8431672500149257,0.7575046562150967,1.0017097685505727,1.0009617747070756,0.9469355863680132,0.8554137398520504,0.7904856020464274,0.9783252892649458,0.917740906811149,0.3352478902726227,0.7551226971856727,0.7497262450525973,0.5147200115246172,0.5116628214351117,0.015758375548183,0.4056893289089203,0.4095518290996551,0.4004048407077789,0.4256033897399902,0.4832618832588196,0.4749367833137512,0.4107632040977478,0.4076174795627594,0.4027271270751953,0.434565007686615,0.5199314951896667,0.5301657319068909,0.957713650585448,0.968069000630398,0.9641443001673996,0.9715074010609136,0.956911835415706,0.961245531895888,0.2608659863471985,0.2697137594223022,0.2447316646575927,0.2089161276817321,0.2045249342918396,0.207038402557373,0.6094105839729309,0.6374379396438599,0.6468005776405334,0.7147352695465088,0.5746092796325684,0.603788435459137,0.7655958533287048,0.7588123083114624,0.7957499027252197,0.7824360728263855,0.8630716800689697,0.8697405457496643,0.1602837443351745,0.1646501123905182,0.1513851135969162,0.1501658707857132,0.1544703990221023,0.1489304006099701,0.6366047859191895,0.6245574355125427,0.6496397256851196,0.6460921168327332,0.608966052532196,0.6147645711898804,0.0,0.0,161.82422512171374,145.01992839609835,141.8092618514944,142.4470642167024,0.409706711769104,0.4128324091434479,0.4106189310550689,0.4199650883674621,0.3697082698345184,0.368604451417923,0.156427577137947,0.1611201465129852,0.1482516527175903,0.152473509311676,0.1501466631889343,0.1472315788269043,0.8740420341491699,0.8718215227127075,0.863200306892395,0.8770086169242859,0.9082493782043456,0.908780038356781,0.399677038192749,0.4232094883918762,0.4025635719299316,0.4725326895713806,0.3241184651851654,0.3262966573238373,1.2285749912261963,1.1503769159317017,1.199082612991333,0.987455427646637,1.1927999258041382,1.0770128965377808,23.22251510620117,22.669174194335938,23.541378021240234,20.839216232299805,24.54707717895508,24.599334716796875,0.8813971877098083,0.8681135773658752,0.8959469199180603,0.8819509744644165,0.9395183324813844,0.9432411789894104,0.652583591914034,0.6329088461499512,0.6427512275158989,0.6076430764858775,0.7359511754109577,0.7472183060842121,0.6520038843154907,0.6320554614067078,0.6419124603271484,0.606083869934082,0.8167054057121277,0.821853756904602,0.4204663336277008,0.4222915172576904,0.4382202625274658,0.467673659324646,0.4188626408576965,0.4360969662666321,0.2360650897026062,0.2281471192836761,0.2141410708427429,0.2072502374649047,0.2404363304376602,0.2372405380010604,0.9313815832138062,0.927009344100952,0.9416155219078064,0.9265791177749634,0.9662164449691772,0.9669156670570374,-0.0630783885717392,-0.071892000734806,-0.0689404755830764,-0.0636059716343879,-0.0527208186686039,-0.0531182438135147
tmc13_longdress_vox10_1300_dec_geom03_text03_octree-predlift.ply,longdress_vox10_1300.ply,OCTREE_PRED_LIFT,1,1.425,0.9730337089014583,0.9894613898468828,0.9885504464754982,0.710297875497096,0.6033595724821766,0.5694131355994347,0.9687738742531226,0.975120764805224,0.9744816305596088,0.7229087110586294,0.6656111056171711,0.666425799881416,1.1218758347577995,0.5711916588488647,0.5742334049941901,0.5312268850007938,0.0940652497913953,0.4207389588451811,1.1918294826236115,0.5915970589585199,0.5958437488180499,0.6862166671497755,0.2029666256967177,0.564697154667654,0.4646403922009477,0.4362213985972946,0.2765536110740121,1.000069726105611,0.9998799715855392,0.9295741466973492,0.3797200460645374,0.2787972819234097,0.970883861614726,0.9343913500825636,0.3605830513536173,0.7103357599846781,0.6850433247505727,0.5396534771511179,0.4865343426934099,0.0091209724537117,0.5089882016181946,0.4679438173770904,0.5042813420295715,0.4820284843444824,0.4752501547336578,0.4498517215251922,0.5069451332092285,0.4875116944313049,0.4810429513454437,0.5193235278129578,0.5565293431282043,0.5601173639297485,0.9693562151662642,0.9741913289025074,0.9735811868425002,0.975112208590931,0.9702241387625912,0.9732047956985764,0.2415269017219543,0.2661575078964233,0.2211446166038513,0.2298747301101684,0.1495463848114013,0.136194109916687,0.6853982210159302,0.6746686697006226,0.7273818254470825,0.6816807985305786,0.6832815408706665,0.6805476546287537,0.817547619342804,0.8024996519088745,0.8500602841377258,0.7921628952026367,0.8780651688575745,0.8839980959892273,0.130327358841896,0.1367045640945434,0.1238496303558349,0.1466643661260604,0.1291046738624572,0.129660815000534,0.6998770236968994,0.6851978302001953,0.7055745124816895,0.6663302779197693,0.6554266810417175,0.6632421612739563,0.0,0.0,163.67635891991262,157.0561504036215,155.26879394515055,153.52483308816343,0.3964466154575348,0.4019621014595032,0.3898223042488098,0.4177778363227844,0.3578372001647949,0.3561710715293884,0.1338807642459869,0.1408271491527557,0.126915618777275,0.1514460891485214,0.1321908831596374,0.1329919099807739,0.894849956035614,0.8864414095878601,0.8971046805381775,0.8783349394798279,0.9165915250778198,0.9184838533401488,0.3948791027069092,0.4184582233428955,0.3998286426067352,0.495370090007782,0.328324407339096,0.3225138187408447,0.4820036590099334,0.6048104763031006,0.5317062139511108,0.7779436111450195,0.6437039971351624,0.7575624585151672,23.98949432373047,23.454111099243164,24.247589111328125,21.483062744140625,24.915102005004883,25.1020450592041,0.9026148915290833,0.8769550323486328,0.91239196062088,0.8817258477210999,0.9423424005508424,0.9468662738800048,0.7070554520943642,0.679876804725524,0.7196993411108595,0.6214496629460375,0.7693730154205853,0.7819910110796322,0.7067305445671082,0.6794648170471191,0.719403862953186,0.6202223300933838,0.8456258177757263,0.8497564792633057,0.4889371693134308,0.4916994869709015,0.5349133014678955,0.5141831040382385,0.4837502837181091,0.5109071135520935,0.2810590267181396,0.2674024403095245,0.2983414232730865,0.2341131567955017,0.2711298167705536,0.2749391198158264,0.9513440132141112,0.945560336112976,0.957532286643982,0.9343567490577698,0.9673696160316468,0.9679356217384338,-0.0628484785556793,-0.0631930455565452,-0.0571721047163009,-0.0749256685376167,-0.0556119009852409,-0.0558739118278026
tmc13_longdress_vox10_1300_dec_geom03_text03_octree-raht.ply,longdress_vox10_1300.ply,OCTREE_RAHT,2,1.225,0.9725947182607708,0.9886787868809944,0.9879174005491757,0.6682151306129528,0.5137761687815896,0.4794551051871708,0.9707757995262608,0.9242776933064234,0.9138827197360172,0.6734867839481544,0.5656809123174168,0.6161138128135687,1.1218758347577995,0.5711916588488647,0.5742334049941901,0.5312268850007938,0.0940652497913953,0.4207389588451811,1.1918294826236115,0.5915970589585199,0.5958437488180499,0.6862166671497755,0.2029666256967177,0.564697154667654,0.4646403922009477,0.4362213985972946,0.2765536110740121,1.000069726105611,0.9998799715855392,0.9295741466973492,0.3797200460645374,0.2787972819234097,0.970883861614726,0.9343913500825636,0.3605830513536173,0.7103357599846781,0.6850433247505727,0.5396534771511179,0.4865343426934099,0.0091209724537117,0.5084460973739624,0.479792982339859,0.4807135164737701,0.4998082220554352,0.4659239947795868,0.4589868485927582,0.4694445431232452,0.4504333734512329,0.441237598657608,0.4765093624591827,0.537059485912323,0.5412817001342773,0.965827693760267,0.9692535759375832,0.9643125682304812,0.9744015831445944,0.9652417159410888,0.9659090219156709,0.307157039642334,0.3178589344024658,0.2869401574134826,0.2574687600135803,0.1816082000732422,0.1758971810340881,0.6364625096321106,0.6481331586837769,0.6768233180046082,0.6831741333007812,0.6401325464248657,0.6540184020996094,0.7992529273033142,0.7863086462020874,0.8252208828926086,0.7849845290184021,0.8654582500457764,0.8730658292770386,0.1432808637619018,0.1498888432979583,0.1339131295680999,0.149906575679779,0.1403073519468307,0.1384530216455459,0.6694486737251282,0.6560922861099243,0.6742339730262756,0.648212730884552,0.6268075704574585,0.6326012015342712,0.0,0.0,163.70920202290282,151.3887663196843,148.4618121100888,147.50332653529412,0.4020969271659851,0.4069140553474426,0.3964588940143585,0.4217284917831421,0.3668626546859741,0.3659020364284515,0.1444318443536758,0.1511323899030685,0.135975956916809,0.1538585871458053,0.1417325139045715,0.1404397785663604,0.876388669013977,0.8703206777572632,0.8732880353927612,0.8655688166618347,0.905383288860321,0.9076284766197203,0.4166239202022552,0.441626489162445,0.422322928905487,0.5222639441490173,0.3470509946346283,0.3420300483703613,0.4549043476581573,0.4955708086490631,0.3783600926399231,0.5094703435897827,0.5635902881622314,0.6070514917373657,23.52878189086914,23.01231575012207,23.813364028930664,21.06622314453125,24.49856185913086,24.66418838500977,0.898978590965271,0.8804121613502502,0.9064751267433168,0.8816815614700317,0.937203586101532,0.9451457262039183,0.673655683731304,0.6485545074579124,0.6787490911927554,0.5984151861579098,0.748511244061739,0.7623409800884944,0.6730107069015503,0.6477710008621216,0.6782495975494385,0.5965629816055298,0.8254865407943726,0.8304711580276489,0.4649412631988525,0.4831219911575317,0.4895939528942108,0.4822224974632263,0.4678062796592712,0.488129049539566,0.2450696229934692,0.2355615645647049,0.2448936849832534,0.2084233313798904,0.2387955784797668,0.241116777062416,0.944818377494812,0.9401347637176514,0.95106703042984,0.9310909509658812,0.9655987024307252,0.966909646987915,-0.0672558173537254,-0.0638437941670417,-0.0568541698157787,-0.0694862529635429,-0.0535546094179153,-0.0561665669083595
tmc13_longdress_vox10_1300_dec_geom03_text03_trisoup-predlift.ply,longdress_vox10_1300.ply,TRISOUP_PREDLIFT,3,1.575,0.9878504686268238,0.994048627785828,0.9938636858214857,0.7672826176969855,0.6237420556884424,0.6242617358767588,0.9436070858827148,0.9574168335683942,0.9624773391500252,0.7883499834409243,0.6892041336913224,0.7341552755975667,0.6803114873839712,0.2394727486542671,0.2598350541414806,0.4941049533848424,0.0940652497913953,0.4207389588451811,0.706095720261808,0.3009328661886632,0.4428281908678715,0.6660124594118303,0.224700766624859,0.5169636962283884,0.8801581318578929,0.8431672500149257,0.7575046562150967,1.0017097685505727,1.0009617747070756,0.9469355863680132,0.8554137398520504,0.7904856020464274,0.9783252892649458,0.917740906811149,0.3352478902726227,0.7551226971856727,0.7497262450525973,0.5147200115246172,0.5116628214351117,0.015758375548183,0.5350031852722168,0.5198344588279724,0.5407458543777466,0.5258129239082336,0.5844480991363525,0.575655996799469,0.491841048002243,0.4737853407859802,0.4735997021198272,0.518060028553009,0.5805447697639465,0.5841909646987915,0.9819067635234242,0.9853788807906754,0.98301487216759,0.9814609284077412,0.9807762639539576,0.9809226210567872,0.1264116764068603,0.1098748445510864,0.1193475723266601,0.1270004510879516,0.094190239906311,0.0898618698120117,0.8239018321037292,0.8143225908279419,0.8268643617630005,0.8190650939941406,0.8549827337265015,0.8348681926727295,0.8725423812866211,0.8639764189720154,0.8817319273948669,0.8515292406082153,0.9380421042442322,0.9334399104118348,0.0945663154125213,0.1020453944802284,0.1003832146525383,0.1141071915626525,0.0773469358682632,0.0843682661652565,0.7641369104385376,0.7502413392066956,0.7514434456825256,0.7341263890266418,0.7857410907745361,0.7740265727043152,0.0,0.0,144.63452778769556,127.46259407133984,120.8352155579582,125.68301347134611,0.3716975152492523,0.3786118030548095,0.3792076110839844,0.3947763741016388,0.3022565245628357,0.3109383583068847,0.0975750759243965,0.1048552095890045,0.103126049041748,0.1177307292819023,0.0809849873185157,0.0876147523522377,0.9405010938644408,0.9365848302841188,0.927985429763794,0.9266986846923828,0.958815097808838,0.955794095993042,0.3166705369949341,0.3440404832363128,0.3380905091762543,0.4117434620857239,0.2378594279289245,0.2503295540809631,0.6647957563400269,0.6866125464439392,0.6924182772636414,0.9416661858558656,0.5874966979026794,0.6367835402488708,25.47601890563965,24.791372299194336,25.067302703857425,22.5029411315918,27.377397537231445,27.03914451599121,0.9368657469749452,0.92954283952713,0.9331660270690918,0.9257356524467468,0.9732182025909424,0.9712398052215576,0.7903917025910254,0.7732959630749794,0.770628427901369,0.7261746768502955,0.8485434282791358,0.8494809949993479,0.7902433276176453,0.772871196269989,0.7701715230941772,0.7253059148788452,0.9213709831237792,0.9165668487548828,0.6805680394172668,0.6544037461280823,0.7268116474151611,0.7443868517875671,0.6254341006278992,0.6393468379974365,0.3586676120758056,0.3428816497325897,0.3329812884330749,0.2848950326442718,0.3753601014614105,0.3583879470825195,0.9673665761947632,0.9645830392837524,0.9656180143356324,0.9554840326309204,0.9852507710456848,0.983439803123474,-0.0378117524087429,-0.0378021821379661,-0.0314837992191314,-0.04255897924304,-0.0303536932915449,-0.0324109680950641
tmc13_longdress_vox10_1300_dec_geom03_text03_trisoup-raht.ply,longdress_vox10_1300.ply,TRISOUP_RAHT,4,1.2,0.987206773457228,0.9932553500264628,0.9931914398003362,0.7720562508517684,0.5610127882881535,0.5474890957632041,0.9434352441817568,0.8751191550703965,0.8714738169617515,0.7982720166139632,0.6168436650430934,0.7494066166920265,0.6803114873839712,0.2394727486542671,0.2598350541414806,0.4941049533848424,0.0940652497913953,0.4207389588451811,0.706095720261808,0.3009328661886632,0.4428281908678715,0.6660124594118303,0.224700766624859,0.5169636962283884,0.8801581318578929,0.8431672500149257,0.7575046562150967,1.0017097685505727,1.0009617747070756,0.9469355863680132,0.8554137398520504,0.7904856020464274,0.9783252892649458,0.917740906811149,0.3352478902726227,0.7551226971856727,0.7497262450525973,0.5147200115246172,0.5116628214351117,0.015758375548183,0.4816706776618957,0.4833281636238098,0.4849255979061126,0.4866312146186828,0.5273041129112244,0.5080119967460632,0.4598022699356079,0.4461612701416015,0.4433465600013733,0.48239865899086,0.5704941153526306,0.5748211145401001,0.9791100232877784,0.9828790173252298,0.9808575601727996,0.9791044041235918,0.9780445457416816,0.9757789394506744,0.2139180898666381,0.207323670387268,0.1902845501899719,0.1693695783615112,0.1316317319869995,0.1338773965835571,0.7898827791213989,0.7933496832847595,0.7744702100753784,0.8064274191856384,0.8169780373573303,0.8011108040809631,0.8325574994087219,0.8291923999786377,0.8429226279258728,0.8319700956344604,0.9216256737709044,0.9179803133010864,0.1092528030276298,0.1157933324575424,0.1125916764140129,0.1207046136260032,0.0934432968497276,0.0983349084854126,0.7202053666114807,0.7076889276504517,0.7124150395393372,0.7046912908554077,0.7252285480499268,0.7175428867340088,0.0,0.0,147.48402698743348,129.90443808359583,123.2817351451069,127.08658825671382,0.3901821970939636,0.3948948383331299,0.3961586952209472,0.4065828919410705,0.3235319852828979,0.3313298523426056,0.1125927567481994,0.1184340640902519,0.1143331602215766,0.1253028362989425,0.0977919623255729,0.1020634323358535,0.9233550429344176,0.9212664365768432,0.9092726707458496,0.9130677580833436,0.9483649134635924,0.9454768896102904,0.3480509221553802,0.374139130115509,0.3674005270004272,0.4411067962646484,0.2639250457286834,0.2761566340923309,0.8277686238288879,0.825259268283844,0.6788946390151978,0.8024349808692932,0.7610112428665161,0.7801026105880737,24.325214385986328,23.65485191345215,24.196762084960938,21.493024826049805,26.02451705932617,25.78426551818848,0.9204646944999696,0.916467785835266,0.9199886918067932,0.9163697957992554,0.968170166015625,0.96631520986557,0.7229345221406027,0.7106791357263657,0.7004517641359526,0.6737161910637397,0.7990926804160761,0.803418926794854,0.7227178812026978,0.710178554058075,0.6999061107635498,0.6722761988639832,0.8881080150604248,0.8858064413070679,0.5356606245040894,0.5588050484657288,0.5812831521034241,0.6525456309318542,0.5497447848320007,0.5540292859077454,0.2954905927181244,0.2858764231204986,0.265815794467926,0.2435560971498489,0.3129310309886932,0.2970942556858063,0.9541290998458862,0.9524231553077698,0.9557281732559204,0.9470301866531372,0.982362687587738,0.9811736941337584,-0.0411490947008132,-0.0452336557209491,-0.0443592630326747,-0.0453217700123786,-0.035182099789381,-0.0335700027644634
tmc13_longdress_vox10_1300_dec_geom04_text04_octree-predlift.ply,longdress_vox10_1300.ply,OCTREE_PRED_LIFT,1,2.25,0.9875906795120308,0.9951104286927188,0.9947403686973926,0.8293965534119605,0.733855627162028,0.7212338336416825,0.9376594871711152,0.9483892786594428,0.9512198799458208,0.8447349335451686,0.7934296938247811,0.8004839962134253,0.6692155483328165,0.3403559213749329,0.336582887630367,0.3276225322186196,0.0940652497913953,0.4207389588451811,0.7934354035023475,0.3524631250716122,0.4777819907953808,0.3029500105881053,0.1277103622523045,0.1949299506045475,0.7681403914666345,0.733361247846192,0.5672384795160956,0.9982312580990028,0.9990706639752064,0.920568699598763,0.6844519959391657,0.6258165419655477,0.9870170913929116,0.9491559495434836,0.4040952829573167,0.793530366899266,0.7721476972299035,0.5771114019143464,0.4323970759742984,0.0026551133070165,0.584123432636261,0.5880843997001648,0.6209834218025208,0.5987963676452637,0.5997124910354614,0.5888544917106628,0.5308067202568054,0.5067496299743652,0.5060427188873291,0.5472273826599121,0.5817312598228455,0.5886350274085999,0.9902525578882873,0.992425201904278,0.9916762774424313,0.9897256075729662,0.9873991807720894,0.9908995541092138,0.1582651138305664,0.1512736082077026,0.1547675728797912,0.166896104812622,0.0825910568237304,0.0793352127075195,0.8487796187400818,0.8429454565048218,0.8689877986907959,0.8511505126953125,0.8582234382629395,0.8610192537307739,0.8838311433792114,0.8758074641227722,0.8994741439819336,0.8576488494873047,0.9392586946487428,0.9425867199897766,0.0782392174005508,0.084441639482975,0.0792074054479599,0.0998595580458641,0.0763722360134124,0.076425515115261,0.818101167678833,0.8052518367767334,0.8109011054039001,0.766851007938385,0.788810670375824,0.7979683876037598,0.0,0.0,0.0,0.0,110.83861313628276,112.21230000376023,0.3601840138435364,0.3665708303451538,0.3627569675445556,0.3889132738113403,0.3021730780601501,0.3002178966999054,0.082959160208702,0.0889459922909736,0.0835975706577301,0.1056275591254234,0.0808968991041183,0.0807523354887962,0.9559199810028076,0.9531359672546388,0.9518389701843262,0.9397850036621094,0.9630929231643676,0.9645555019378662,0.2802844047546386,0.2948414981365204,0.2899854183197021,0.3734358549118042,0.2372088134288787,0.2293471992015838,0.53582763671875,0.4954549074172973,0.4861888289451599,0.4952559471130371,0.604517936706543,0.540924072265625,26.571577072143555,25.95039367675781,26.376562118530277,23.064308166503903,27.4558048248291,27.746362686157227,0.9427037835121156,0.9310327768325806,0.9464882016181946,0.9257157444953918,0.9733534455299376,0.9760074019432068,0.8172594419408695,0.8023115801702084,0.8076161228569481,0.7384930515170876,0.8562918513774448,0.8694882525614972,0.817243218421936,0.8022967576980591,0.8075217008590698,0.7383891940116882,0.9319204092025756,0.9355405569076538,0.6834912896156311,0.6644925475120544,0.7021645307540894,0.6889575123786926,0.6492361426353455,0.7003322243690491,0.389841079711914,0.3741177320480346,0.3850740492343902,0.3024472892284393,0.3755214810371399,0.3862544894218445,0.9701590538024902,0.9667099714279176,0.9715290665626526,0.9561582207679749,0.985054612159729,0.9861023426055908,-0.0343970656394958,-0.0347955673933029,-0.0321369059383869,-0.0452722050249576,-0.0373584888875484,-0.0336468368768692
tmc13_longdress_vox10_1300_dec_geom04_text04_octree-raht.ply,longdress_vox10_1300.ply,OCTREE_RAHT,2,2.125,0.9876439694001402,0.9948836858085616,0.9945022832669592,0.8042424803093557,0.6746166682876602,0.6579403035454862,0.941313626004857,0.9235618941327702,0.931797960646221,0.8102864351882038,0.7272626694376993,0.7620035474067299,0.6692155483328165,0.3403559213749329,0.336582887630367,0.3276225322186196,0.0940652497913953,0.4207389588451811,0.7934354035023475,0.3524631250716122,0.4777819907953808,0.3029500105881053,0.1277103622523045,0.1949299506045475,0.7681403914666345,0.733361247846192,0.5672384795160956,0.9982312580990028,0.9990706639752064,0.920568699598763,0.6844519959391657,0.6258165419655477,0.9870170913929116,0.9491559495434836,0.4040952829573167,0.793530366899266,0.7721476972299035,0.5771114019143464,0.4323970759742984,0.0026551133070165,0.5806614756584167,0.5742090344429016,0.5724345445632935,0.578856885433197,0.5832539200782776,0.5666411519050598,0.5144405364990234,0.4981178939342499,0.4876370728015899,0.5302823781967163,0.5796279311180115,0.5859164595603943,0.9890384047237208,0.9910667684600754,0.9911385205816036,0.9879886557765958,0.9853864621003574,0.9896079790761216,0.1968997716903686,0.1980676054954528,0.2082328200340271,0.192516803741455,0.0971425771713256,0.0993779897689819,0.853695809841156,0.8515059351921082,0.8700377941131592,0.8512898087501526,0.8660454154014587,0.8667361736297607,0.8796736598014832,0.874226987361908,0.8870974183082581,0.8564093708992004,0.9354293942451476,0.9390789270401,0.0812823995947837,0.0867248773574829,0.0838373824954032,0.1036735028028488,0.0799027606844902,0.0789805352687835,0.8089693784713745,0.7959604263305664,0.7960077524185181,0.7588708996772766,0.775488555431366,0.7849958539009094,0.0,0.0,0.0,0.0,108.36467246597802,109.894097779214,0.3659362196922302,0.37100750207901,0.369516521692276,0.3933456242084503,0.3080170750617981,0.3052184581756592,0.0855340808629989,0.090835653245449,0.0873870626091957,0.1086179465055465,0.0840322077274322,0.082782968878746,0.9488134384155272,0.9473608732223512,0.9416725039482116,0.9346468448638916,0.95781272649765,0.9599801301956176,0.2947617769241333,0.3092122673988342,0.3065613508224487,0.3897071778774261,0.25235116481781,0.2428066432476043,0.4414631426334381,0.4437796473503113,0.4180657863616943,0.3962767720222473,0.5824158191680908,0.5730878710746765,26.050758361816406,25.459205627441406,25.883930206298828,22.64700126647949,26.85555458068848,27.162803649902344,0.9429978132247924,0.936794638633728,0.9449817538261414,0.9277560114860536,0.9726203083992004,0.9752480983734132,0.7854524746724133,0.7762140105883556,0.7696594938212883,0.7177138418537564,0.8329693808762597,0.8487820021764939,0.7854346632957458,0.7761852145195007,0.7695485949516296,0.7175436019897461,0.9232312440872192,0.9282028079032898,0.6465337872505188,0.6770843863487244,0.6504001021385193,0.6759719848632812,0.643916666507721,0.6909059286117554,0.3527955412864685,0.3414296507835388,0.3334161639213562,0.2785833477973938,0.3387626111507416,0.3491005003452301,0.9690249562263488,0.9664415121078492,0.9687399864196776,0.9558319449424744,0.9844903349876404,0.9858763217926024,-0.0327398739755153,-0.036238569766283,-0.0367992557585239,-0.0454734601080417,-0.036746360361576,-0.0314278639853
tmc13_longdress_vox10_1300_dec_geom04_text04_trisoup-predlift.ply,longdress_vox10_1300.ply,TRISOUP_PREDLIFT,3,1.8,0.9901477449068996,0.9959314852475843,0.9957005031483102,0.8386038311044406,0.729325567869238,0.7257879481386748,0.934303344819796,0.9461458841239284,0.9500698405567404,0.8548822645740972,0.7880656917074002,0.8127132519562666,0.6803114873839712,0.2394727486542671,0.2598350541414806,0.4941049533848424,0.0940652497913953,0.4207389588451811,0.706095720261808,0.3009328661886632,0.4428281908678715,0.6660124594118303,0.224700766624859,0.5169636962283884,0.8801581318578929,0.8431672500149257,0.7575046562150967,1.0017097685505727,1.0009617747070756,0.9469355863680132,0.8554137398520504,0.7904856020464274,0.9783252892649458,0.917740906811149,0.3352478902726227,0.7551226971856727,0.7497262450525973,0.5147200115246172,0.5116628214351117,0.015758375548183,0.5628137588500977,0.5498407483100891,0.5590019822120667,0.5478753447532654,0.6064663529396057,0.5890330672264099,0.5268921852111816,0.5013784766197205,0.5042211413383484,0.5480506420135498,0.5902577042579651,0.594687819480896,0.9854869140173392,0.9877699839389668,0.9868771879712764,0.9835800837551872,0.9852892991468876,0.9845220688963616,0.1007783412933349,0.0905288457870483,0.0936741828918457,0.0992963314056396,0.0618014335632324,0.0669227838516235,0.8470064997673035,0.8346319198608398,0.8373346328735352,0.8361392617225647,0.879837155342102,0.8594517707824707,0.8955060243606567,0.8859291672706604,0.8944748044013977,0.86595219373703,0.9542335867881776,0.9478293061256408,0.0841742828488349,0.0942313447594642,0.0946666896343231,0.1106874346733093,0.0656392052769661,0.0750976651906967,0.7911678552627563,0.7742990851402283,0.7691838145256042,0.750450074672699,0.8212592601776123,0.8028835654258728,0.0,0.0,136.28189759208303,118.7412908130827,109.23888485200806,115.07402474993174,0.3556604385375976,0.3652390241622925,0.3724969327449798,0.3886738121509552,0.2755423188209533,0.290976345539093,0.0874619856476783,0.0965170338749885,0.0973944067955017,0.1139093413949012,0.068979687988758,0.0777460113167762,0.9597883224487304,0.9540883898735046,0.9430867433547974,0.9376683235168456,0.9734704494476318,0.9692201018333436,0.295398473739624,0.3244556784629822,0.3251898288726806,0.4011021852493286,0.2122234106063842,0.2293415963649749,0.6189977526664734,0.6046847105026245,0.5651202201843262,1.0495805740356443,0.5387426614761353,0.5111058354377747,26.00937271118164,25.22491836547852,25.281145095825195,22.726150512695312,28.235092163085938,27.6663818359375,0.9490631818771362,0.9438154697418212,0.9401426911354064,0.9342101812362672,0.9810581207275392,0.976955771446228,0.8335869127909856,0.8142611980774621,0.7987971337834385,0.7528667035428049,0.8853984743216793,0.8804107824048643,0.8334211111068726,0.8138601183891296,0.7983571290969849,0.7519885897636414,0.9497020244598388,0.9420709013938904,0.7838601469993591,0.7340738773345947,0.7900821566581726,0.8275691866874695,0.7157436609268188,0.7084479928016663,0.4010950326919555,0.3804676532745361,0.3635860681533813,0.3018912672996521,0.4286288022994995,0.3996581137180328,0.974280059337616,0.97145277261734,0.9684050679206848,0.9606406092643738,0.990106999874115,0.987855076789856,-0.0247420296072959,-0.0292840488255023,-0.0269154552370309,-0.0336215384304523,-0.0231395009905099,-0.0244257673621177
tmc13_longdress_vox10_1300_dec_geom04_text04_trisoup-raht.ply,longdress_vox10_1300.ply,TRISOUP_RAHT,4,1.65,0.9901417786082845,0.9955940052722604,0.9954225666409058,0.8357081673188186,0.69679419560371,0.6873016418352036,0.9378940626758724,0.9203624176774386,0.92965940786928,0.8475402504329315,0.7552378836436098,0.8047172811001742,0.6803114873839712,0.2394727486542671,0.2598350541414806,0.4941049533848424,0.0940652497913953,0.4207389588451811,0.706095720261808,0.3009328661886632,0.4428281908678715,0.6660124594118303,0.224700766624859,0.5169636962283884,0.8801581318578929,0.8431672500149257,0.7575046562150967,1.0017097685505727,1.0009617747070756,0.9469355863680132,0.8554137398520504,0.7904856020464274,0.9783252892649458,0.917740906811149,0.3352478902726227,0.7551226971856727,0.7497262450525973,0.5147200115246172,0.5116628214351117,0.015758375548183,0.5320345759391785,0.5337964296340942,0.5262693762779236,0.5320664644241333,0.5592089295387268,0.5423179864883423,0.5094883441925049,0.4912886917591095,0.4898939430713653,0.5285018086433411,0.5883092880249023,0.5929015874862671,0.9851999115084972,0.987402526083468,0.9869354051859038,0.9830003764092884,0.983958459645722,0.9844168702063654,0.1516746282577514,0.1537679433822631,0.1548118591308593,0.1340470910072326,0.0771408081054687,0.083054780960083,0.8408617973327637,0.832852303981781,0.8258864879608154,0.8308948874473572,0.8785076141357422,0.8609097003936768,0.8800809383392334,0.873733639717102,0.873612642288208,0.8593034148216248,0.95003479719162,0.9421234130859376,0.0884765982627868,0.0965225622057914,0.0984547063708305,0.1115180626511573,0.0684766694903373,0.0774868056178093,0.7729820013046265,0.7595582008361816,0.7495304942131042,0.7419856190681458,0.8011496067047119,0.7828144431114197,0.0,0.0,134.46244565511338,119.04773189605773,108.48134470514438,114.9092873261314,0.3679893612861633,0.3751450777053833,0.383796751499176,0.3962028920650482,0.2844547629356384,0.2991738319396972,0.0918916836380958,0.0992705821990966,0.101040206849575,0.1151267439126968,0.07244773209095,0.0808513835072517,0.9520812034606934,0.9477014541625975,0.9337088465690612,0.932302176952362,0.9690072536468506,0.9649395942687988,0.3111536502838135,0.3397900462150574,0.3425936698913574,0.4152682721614837,0.2249097526073455,0.2417427003383636,0.7190895080566406,0.6967144012451172,0.5787730813026428,0.8503795862197876,0.5136570334434509,0.52168208360672,25.29682159423828,24.566612243652344,24.703758239746094,22.14390182495117,27.39813804626465,26.917770385742188,0.9448541402816772,0.9404125213623048,0.9351658225059508,0.9322311282157898,0.9799548983573914,0.9756187200546264,0.7883217338800043,0.7748998928802311,0.7481922818629569,0.7210678707464467,0.8546079791861839,0.8510771131661538,0.7881308794021606,0.7744573354721069,0.7477695345878601,0.7200353145599365,0.9340693354606628,0.9272990226745604,0.7180473208427429,0.7202377915382385,0.7042769193649292,0.806087076663971,0.6800511479377747,0.68257075548172,0.3543297350406647,0.3429960906505584,0.3103965222835541,0.2772057354450226,0.3844999074935913,0.3583059906959533,0.9696236848831176,0.9670311212539672,0.9636521935462952,0.9574693441390992,0.9893772006034852,0.9870783090591432,-0.0299794487655162,-0.0290155801922082,-0.0286677796393632,-0.0402248613536357,-0.0220485720783472,-0.0251701641827821
tmc13_longdress_vox10_1300_dec_geom05_text05_octree-predlift.ply,longdress_vox10_1300.ply,OCTREE_PRED_LIFT,1,2.975,0.993195673726655,0.9974100302072892,0.997177382293707,0.89920216387611,0.8171877234995727,0.8158361731338646,0.9203481970440612,0.9305798064238286,0.9333994861433343,0.9091524333597584,0.8647333633616188,0.8789264870991285,0.5571737839444864,0.281584510072238,0.2799240921705438,0.2775437537382361,0.0940652497913953,0.4207389588451811,0.7130509671541063,0.2965551794970625,0.4667771853332249,0.2384771709553846,0.10497231576884,0.1476822831155134,0.8984246547768129,0.8670970554733843,0.7289244398325504,0.998901194955374,0.9987362598633984,0.909473026786486,0.8291447485670247,0.8162889356723653,0.991230224788293,0.9543801520185464,0.4463167873432586,0.8376381767826263,0.8202296017923194,0.6095362471596544,0.3865839242095293,0.0029653411631969,0.5939366817474365,0.5898640751838684,0.6091758012771606,0.5918691754341125,0.6293527483940125,0.6220375299453735,0.5386981964111328,0.5135678648948669,0.5224179625511169,0.5563228726387024,0.5863640904426575,0.5899671912193298,0.9911379161430792,0.9931042436675804,0.9935192613964576,0.9904754797898444,0.9834755704845916,0.9909086576993252,0.1044505834579467,0.0904281139373779,0.1018839478492736,0.1107497215270996,0.0532839298248291,0.0587133169174194,0.8917819261550903,0.890760600566864,0.8824130296707153,0.8929809927940369,0.9011999368667604,0.9038254022598268,0.9157549738883972,0.9110199213027954,0.9214950203895568,0.8916525840759277,0.9578582644462584,0.9609932899475098,0.0680114477872848,0.0708006098866462,0.0704813823103904,0.087638534605503,0.0607209876179695,0.0602136217057704,0.8483822345733643,0.8466697335243225,0.8437581062316895,0.8130524158477783,0.8439397811889648,0.8527058362960815,0.0,0.0,25.338764251796324,42.61976132333229,95.94542939930324,96.36453046370936,0.3386407494544983,0.3448259532451629,0.3494974672794342,0.3761545419692993,0.2777028083801269,0.274865984916687,0.0712317749857902,0.0747795552015304,0.074289932847023,0.0924976244568824,0.0646748095750808,0.063982255756855,0.9731284976005554,0.9713405966758728,0.9667219519615172,0.9575531482696532,0.9777001142501832,0.9786500930786132,0.2562983334064483,0.2708834707736969,0.3004912436008453,0.3637629449367523,0.2113372087478637,0.202983558177948,0.409355878829956,0.4452865421772003,0.3571918904781341,0.4908244907855987,0.4132606983184814,0.3957064747810364,27.55077362060547,27.08765983581543,27.04147720336914,23.951265335083008,28.663759231567383,28.92887306213379,0.9611304998397828,0.9568955898284912,0.9577959179878236,0.9439135789871216,0.981078326702118,0.98332679271698,0.8719823498346078,0.8635359721934227,0.8517623855674866,0.8021931036452138,0.897626345871829,0.9066456361465464,0.8719562292098999,0.8634953498840332,0.8516992330551147,0.8019423484802246,0.9581668376922609,0.9604021310806274,0.8157709240913391,0.8029784560203552,0.8044614195823669,0.8246915936470032,0.791296660900116,0.8065785765647888,0.4425796568393707,0.4286630153656006,0.4285856783390045,0.341226190328598,0.4250353574752807,0.4368956089019775,0.9791498184204102,0.977548122406006,0.9778455495834352,0.9669498801231384,0.990002691745758,0.9905480742454528,-0.0232623517513275,-0.0244567766785621,-0.0215892232954502,-0.0303406976163387,-0.0217210743576288,-0.0225467216223478
tmc13_longdress_vox10_1300_dec_geom05_text05_octree-raht.ply,longdress_vox10_1300.ply,OCTREE_RAHT,2,2.85,0.993323593247498,0.9973192309486896,0.9971125177906098,0.8866338131503133,0.7958870217706528,0.7935980123972163,0.9226835088759818,0.9251573645771408,0.9310753059839728,0.8904081614917919,0.8430524463995231,0.8559653831461095,0.5571737839444864,0.281584510072238,0.2799240921705438,0.2775437537382361,0.0940652497913953,0.4207389588451811,0.7130509671541063,0.2965551794970625,0.4667771853332249,0.2384771709553846,0.10497231576884,0.1476822831155134,0.8984246547768129,0.8670970554733843,0.7289244398325504,0.998901194955374,0.9987362598633984,0.909473026786486,0.8291447485670247,0.8162889356723653,0.991230224788293,0.9543801520185464,0.4463167873432586,0.8376381767826263,0.8202296017923194,0.6095362471596544,0.3865839242095293,0.0029653411631969,0.586346447467804,0.5799994468688965,0.5885033011436462,0.5847737193107605,0.6088463664054871,0.5999801754951477,0.5361279249191284,0.5126722455024719,0.513896644115448,0.5505070090293884,0.586216390132904,0.5889792442321777,0.9910480407256486,0.992839909756462,0.993750997671228,0.989656887048112,0.9831089000485456,0.9908416597845976,0.1370488405227661,0.1177720427513122,0.1427325010299682,0.1209165453910827,0.0638975501060485,0.0671404600143432,0.8936964273452759,0.8928242325782776,0.8886173367500305,0.896517813205719,0.9029249548912048,0.9063433408737184,0.9139044880867004,0.9111104011535645,0.9160118699073792,0.8894255757331848,0.9570990800857544,0.9599681496620178,0.0689975023269653,0.070747822523117,0.0710403472185134,0.0884136408567428,0.0614695437252521,0.0608295463025569,0.8436486124992371,0.8435328006744385,0.8390021920204163,0.8091071248054504,0.8395974040031433,0.8483795523643494,0.0,0.0,24.61745146181844,39.67816099688751,95.49018109944092,95.86075822800235,0.3419393897056579,0.3474820554256439,0.3530052304267883,0.3794091343879699,0.2799383103847503,0.2772172093391418,0.0719189122319221,0.0746592432260513,0.0747541263699531,0.0933354273438453,0.0652949512004852,0.0646251142024993,0.9700549840927124,0.968923270702362,0.9620959162712096,0.9547147750854492,0.9754881262779236,0.9765049815177916,0.2627875506877899,0.2763840556144714,0.30615234375,0.3699380755424499,0.2176929712295532,0.2090502679347992,0.452945739030838,0.5051537156105042,0.3728254735469818,0.4320423901081085,0.4295003414154053,0.386744737625122,27.230833053588867,26.800338745117188,26.76137924194336,23.67850875854492,28.28840065002441,28.56279754638672,0.9610164165496826,0.9583977460861206,0.9569292664527892,0.9440835118293762,0.9810830354690552,0.9830631017684937,0.8523136286113362,0.8475051680458883,0.8276910247210909,0.7889322884777239,0.8830720477119591,0.8932612416147327,0.852285623550415,0.8474712371826172,0.827633798122406,0.7886533141136169,0.9545093774795532,0.9571764469146729,0.8086572289466858,0.8090447783470154,0.7800843119621277,0.8198908567428589,0.7952044606208801,0.8172337412834167,0.4177561700344085,0.408773273229599,0.3945485353469848,0.32501882314682,0.4030947685241699,0.4132445454597473,0.9785519242286682,0.9772857427597046,0.9767082333564758,0.9661832451820374,0.989699125289917,0.990198850631714,-0.0239419098943471,-0.0251980014145374,-0.0201741270720958,-0.0330768302083015,-0.0207500662654638,-0.0208688341081142
tmc13_longdress_vox10_1300_dec_geom05_text05_trisoup-predlift.ply,longdress_vox10_1300.ply,TRISOUP_PREDLIFT,3,2.925,0.993121458259148,0.9974121868309032,0.99720873903558,0.8929455375866202,0.8096151676146047,0.8106826709217655,0.9229617229383744,0.933353746106051,0.9363120016750436,0.9030073137979864,0.8559637232116134,0.871476150681681,0.5129524618819811,0.1884288353063939,0.2078237637686371,0.3562734076866243,0.0940652497913953,0.4207389588451811,0.6472234396326982,0.260175628605861,0.4250799072499726,0.5294401266833071,0.1867843864651018,0.3907344030547297,0.9215436340322434,0.8893592968077348,0.7961938875881819,1.001256179721602,1.0019727180797406,0.9317144235974194,0.8796619075550106,0.8577476702269322,0.989741068503322,0.931220730146534,0.3583602758239872,0.8289005543449879,0.8152367862451797,0.5336191094354472,0.4964450258373147,0.0057206510619395,0.5957905650138855,0.5868064761161804,0.6002001166343689,0.5951513648033142,0.6248943209648132,0.6184654235839844,0.5485027432441711,0.5205191969871521,0.5444061160087585,0.5726613402366638,0.5978953242301941,0.6036168932914734,0.9920366924543856,0.9939255131496894,0.9931069671195548,0.9912713027518336,0.9893898362308716,0.99344191640935,0.0768635869026184,0.0685105323791503,0.0864717364311218,0.095255434513092,0.0380996465682983,0.0421792864799499,0.8868250846862793,0.8803820610046387,0.8823010921478271,0.877057671546936,0.9133360385894777,0.9039803743362428,0.9269994497299194,0.9203773736953736,0.9254876971244812,0.9003676176071167,0.9708845615386964,0.9679808616638184,0.0617479011416435,0.0696861743927002,0.0658530443906784,0.0829669907689094,0.0479771681129932,0.0528544969856739,0.8586524724960327,0.8449641466140747,0.8461495637893677,0.8125200867652893,0.8752873539924622,0.8661187291145325,0.0,0.0,119.25506068346888,102.6583745424361,92.2092885679536,95.9232504016152,0.3307437002658844,0.3410302102565765,0.3494221270084381,0.3709455132484436,0.2471265941858291,0.2580215334892273,0.0649580433964729,0.0728613287210464,0.0704316198825836,0.0876418799161911,0.0514984428882598,0.0561259128153324,0.9770159721374512,0.9737803339958192,0.9674414396286012,0.96180260181427,0.9850229620933532,0.983161687850952,0.2451705187559127,0.2688372731208801,0.2861220836639404,0.3472212255001068,0.1710522025823593,0.18210469186306,0.4309735596179962,0.4631745517253876,0.3280297517776489,0.47256600856781,0.3975879848003387,0.3969433009624481,27.80744743347168,26.974496841430664,26.969581604003903,24.083385467529297,29.860382080078125,29.37119483947754,0.966673731803894,0.962909698486328,0.958663046360016,0.949664294719696,0.9884938597679138,0.9861060380935668,0.8823094584690512,0.8706265574834411,0.8517669164933022,0.8151227368765029,0.9228932084942671,0.9201238445627672,0.8822935819625854,0.8705436587333679,0.8516888618469238,0.8149667978286743,0.9721872210502625,0.968237280845642,0.8393949270248413,0.8255954384803772,0.8198449015617371,0.8419187664985657,0.8464120626449585,0.8264480233192444,0.4645348787307739,0.4467099905014038,0.4315076768398285,0.3574124872684479,0.4935081899166107,0.4729523062705993,0.983187198638916,0.9805135726928712,0.9785459637641908,0.970741331577301,0.9941848516464232,0.9932286143302916,-0.0183042213320732,-0.0183497332036495,-0.0247117038816213,-0.028511906042695,-0.0152634643018245,-0.0164367035031318
tmc13_longdress_vox10_1300_dec_geom05_text05_trisoup-raht.ply,longdress_vox10_1300.ply,TRISOUP_RAHT,4,2.9,0.9932168266109072,0.9973301476972042,0.9971094112734176,0.892680456682572,0.798142644982943,0.7994764598498652,0.9253137456168996,0.9284857148327994,0.9364032688135372,0.8978545464451508,0.8485514362698471,0.864466315560338,0.5129524618819811,0.1884288353063939,0.2078237637686371,0.3562734076866243,0.0940652497913953,0.4207389588451811,0.6472234396326982,0.260175628605861,0.4250799072499726,0.5294401266833071,0.1867843864651018,0.3907344030547297,0.9215436340322434,0.8893592968077348,0.7961938875881819,1.001256179721602,1.0019727180797406,0.9317144235974194,0.8796619075550106,0.8577476702269322,0.989741068503322,0.931220730146534,0.3583602758239872,0.8289005543449879,0.8152367862451797,0.5336191094354472,0.4964450258373147,0.0057206510619395,0.5809168219566345,0.5727294087409973,0.5904384851455688,0.5898879766464233,0.6025113463401794,0.5860687494277954,0.5430409908294678,0.5190900564193726,0.5399070382118225,0.569500744342804,0.5975104570388794,0.6030088663101196,0.9918581991155372,0.9937937315909012,0.9928316940450658,0.9913473287986184,0.9888911475863618,0.993434708467521,0.1035631895065307,0.0931353569030761,0.1208487749099731,0.1013672947883606,0.0393918752670288,0.0483860969543457,0.8843460083007812,0.880429744720459,0.8803026080131531,0.8774830102920532,0.9132511615753174,0.9051235914230348,0.9225100874900818,0.917126715183258,0.9177297353744508,0.8977433443069458,0.9695869088172911,0.966587245464325,0.0623968094587326,0.070264421403408,0.0672585740685463,0.0837420746684074,0.0483924858272075,0.0531055517494678,0.8535992503166199,0.8401616811752319,0.8383522033691406,0.8096190094947815,0.8710101246833801,0.8614748120307922,0.0,0.0,117.72614255998715,102.70217812969334,91.60851342415774,96.0200553903296,0.3362984359264374,0.3454570770263672,0.3537458181381225,0.3751193881034851,0.250207781791687,0.2605306506156921,0.0657651647925376,0.0735448002815246,0.0714981034398078,0.088288240134716,0.0519700720906257,0.0564508438110351,0.9735366702079772,0.9710041880607604,0.9631140232086182,0.959584653377533,0.983168363571167,0.9815919399261476,0.2532877624034881,0.2753471136093139,0.2963472604751587,0.3523304462432861,0.1772385686635971,0.1873275488615036,0.4822666943073272,0.434742659330368,0.4107154607772827,0.5477750301361084,0.437998503446579,0.4707092046737671,27.358057022094727,26.594844818115234,26.588394165039062,23.78956794738769,29.374778747558597,28.95377349853516,0.9652187824249268,0.9626895785331726,0.9573026299476624,0.9478920102119446,0.9881976842880248,0.9863330721855164,0.8569503994124722,0.8500946363807181,0.8230741843132424,0.800487974787454,0.9060706579734618,0.905215323593865,0.856925368309021,0.8500020503997803,0.822966456413269,0.8002952933311462,0.9658827185630798,0.9628962278366088,0.8286340832710266,0.8288690447807312,0.8064467310905457,0.8276486992835999,0.8433700203895569,0.8230486512184143,0.4330731928348541,0.4233371019363403,0.3927060961723327,0.3428732752799988,0.4666774570941925,0.4468153715133667,0.981644570827484,0.9792044758796692,0.9765322804450988,0.9695927500724792,0.9938978552818298,0.9930634498596193,-0.0173641126602888,-0.0204816553741693,-0.0283585470169782,-0.0320081114768981,-0.0158286299556493,-0.0150209115818142
tmc13_longdress_vox10_1300_dec_geom06_text06_octree-predlift.ply,longdress_vox10_1300.ply,OCTREE_PRED_LIFT,1,4.25,0.9955097463164668,0.9984053339701064,0.9982084978021756,0.934964688457362,0.8737891678366988,0.8754502270692962,0.9095050821615628,0.9185628138965142,0.9201184239170298,0.9392636205143884,0.9076340706244662,0.9175015197137304,0.5160194475173788,0.2583192863062685,0.2570251838176284,0.2625883369577459,0.0940652497913953,0.4207389588451811,0.6926635169644442,0.2762720248503243,0.4736904738494619,0.2571673811832725,0.092893088513696,0.1907152333167144,0.9549413583557038,0.9288703138802084,0.8420188726336628,0.9945741904641182,0.9953493372040229,0.8980599128785164,0.908441777455666,0.9093166484154463,0.9941876039827908,0.9590073699317022,0.4952711335151594,0.8917699495780576,0.8779114348735673,0.6465975611496574,0.3342268972670515,0.0024471516215672,0.5840232968330383,0.5880058407783508,0.5984774827957153,0.5972511172294617,0.6284058690071106,0.620201587677002,0.5427864193916321,0.515123188495636,0.5312127470970154,0.5635817050933838,0.5898284316062927,0.5943334102630615,0.992553319415162,0.9928790686265496,0.9933120048109269,0.991595157708128,0.9909624002027454,0.990910258939856,0.0540100336074829,0.0446030497550964,0.059505820274353,0.0654207468032836,0.0318765044212341,0.0317330360412597,0.896122395992279,0.889059841632843,0.897286057472229,0.8879760503768921,0.9037692546844482,0.9047884941101074,0.9303823113441468,0.9225806593894958,0.928693950176239,0.9031332731246948,0.9571218490600586,0.960021197795868,0.0685082450509071,0.0767166018486023,0.0738121196627616,0.0890261903405189,0.0680123344063758,0.067431055009365,0.8630443811416626,0.8529751300811768,0.847342848777771,0.822032630443573,0.8409401774406433,0.8488650918006897,0.0,0.0,99.08394020322028,91.61421171466704,87.10342205347297,88.60449144665998,0.3303262293338775,0.3404138386249542,0.3440715372562408,0.3712413311004638,0.2810787558555603,0.2781939506530761,0.0708363354206085,0.0787631869316101,0.0770002156496048,0.0926978290081024,0.0703070610761642,0.0694012865424156,0.977065086364746,0.9743756055831908,0.9699413776397704,0.9626396894454956,0.9798082113265992,0.9809811115264891,0.2374585121870041,0.2559202909469604,0.2816437780857086,0.3420828282833099,0.2081207036972046,0.2000117301940918,0.2802679538726806,0.2811278998851776,0.2967429459095001,0.5145413279533386,0.3948850929737091,0.3496841192245483,28.023365020751957,27.38776206970215,27.17951202392578,24.160449981689453,28.697185516357425,28.96786117553711,0.9674813747406006,0.965344488620758,0.9627487659454346,0.9503172636032104,0.9808886647224426,0.9805434346199036,0.894748009033975,0.8836402320041706,0.8682884246722867,0.8285184034977046,0.9124593512865984,0.9200089281020604,0.8946784734725952,0.8835344314575195,0.8679565191268921,0.8280155062675476,0.9622868299484252,0.964670181274414,0.8834128975868225,0.882162868976593,0.8865048289299011,0.8754892945289612,0.8717380166053772,0.8802621960639954,0.4815063178539276,0.4567331671714782,0.456487625837326,0.3695031404495239,0.4471569955348968,0.4616248905658722,0.9835754632949828,0.9807851314544678,0.980280101299286,0.9719009399414062,0.9899391531944276,0.9909712672233582,-0.0127385817468166,-0.0155569287016987,-0.0169137548655271,-0.023509781807661,-0.0203379038721323,-0.0189146474003791
tmc13_longdress_vox10_1300_dec_geom06_text06_octree-raht.ply,longdress_vox10_1300.ply,OCTREE_RAHT,2,3.325,0.9955651713032928,0.9983547028871508,0.998165632777581,0.9293210706391938,0.8668838258847769,0.8691076599891749,0.9101651224801328,0.9183649736451772,0.9215579121028686,0.9320351926613608,0.9021317298023857,0.9077888254437628,0.5160194475173788,0.2583192863062685,0.2570251838176284,0.2625883369577459,0.0940652497913953,0.4207389588451811,0.6926635169644442,0.2762720248503243,0.4736904738494619,0.2571673811832725,0.092893088513696,0.1907152333167144,0.9549413583557038,0.9288703138802084,0.8420188726336628,0.9945741904641182,0.9953493372040229,0.8980599128785164,0.908441777455666,0.9093166484154463,0.9941876039827908,0.9590073699317022,0.4952711335151594,0.8917699495780576,0.8779114348735673,0.6465975611496574,0.3342268972670515,0.0024471516215672,0.5816383361816406,0.5848552584648132,0.5972025990486145,0.5956067442893982,0.6174688339233398,0.6118773221969604,0.5418453812599182,0.5148276090621948,0.5314803719520569,0.5619459748268127,0.5896103978157043,0.5942087173461914,0.9923953605803032,0.9927465879112048,0.9931851860123546,0.991391193937072,0.9910653335768934,0.9907696789278552,0.0580040216445922,0.0545065999031066,0.080203115940094,0.07125985622406,0.0332437753677368,0.0371354818344116,0.8967669010162354,0.8901879787445068,0.8967697620391846,0.8896002769470215,0.90455424785614,0.905028223991394,0.9295414090156556,0.9225016236305236,0.9263753294944764,0.9024587869644164,0.9566131234169006,0.9593521952629088,0.0689266696572303,0.0773878693580627,0.0738451033830642,0.0897385999560356,0.068520575761795,0.0676546916365623,0.8611652255058289,0.851186990737915,0.8448465466499329,0.8211010098457336,0.8390212059020996,0.8468502759933472,0.0,0.0,100.98230277678256,91.30032705747708,86.95921009001682,88.73958284173547,0.3322388231754303,0.3419912159442901,0.3454967737197876,0.3729699254035949,0.2822723984718323,0.2791109383106231,0.0711617246270179,0.0792208239436149,0.0769991129636764,0.0931100100278854,0.0707677528262138,0.0696027278900146,0.9758405685424804,0.9733762741088868,0.9681174755096436,0.9616057276725768,0.9789385795593262,0.9801455736160278,0.2407889813184738,0.2586521804332733,0.2852692008018493,0.3450421690940857,0.2109783142805099,0.2030514478683471,0.3031209111213684,0.3023055493831634,0.2744040489196777,0.4994814097881317,0.3861906826496124,0.3397002220153808,27.858966827392575,27.23831367492676,27.029151916503903,24.029090881347656,28.512561798095703,28.798791885375977,0.9673742055892944,0.9659475684165956,0.9622612595558168,0.9503345489501952,0.9809431433677672,0.9811935424804688,0.8853517558127131,0.8759718034692064,0.8556762219581033,0.8221120604387923,0.9053959475571292,0.9139438146981016,0.8852816820144653,0.8758586645126343,0.8553303480148315,0.8216037750244141,0.9608702063560486,0.9634279012680054,0.8851063847541809,0.8807512521743774,0.8831906914710999,0.8755233287811279,0.8740440607070923,0.884329617023468,0.4676251411437988,0.4461706578731537,0.4365599453449249,0.3610592782497406,0.4362160563468933,0.4492908120155334,0.9832321405410768,0.9805880188941956,0.9797478318214417,0.9715554118156432,0.9898017048835754,0.9907981157302856,-0.0120929423719644,-0.0155371529981493,-0.0143230436369776,-0.0228510592132806,-0.0200474672019481,-0.0186788123100996
tmc13_longdress_vox10_1300_dec_geom06_text06_trisoup-predlift.ply,longdress_vox10_1300.ply,TRISOUP_PREDLIFT,3,4.65,0.9990309274234316,0.9992608001870904,0.9992058338422212,0.955269487552658,0.8797875839546578,0.8858222997864104,0.0364119708257864,0.142278223894581,0.1375166620204696,0.9547975245508494,0.9103010138967874,0.9385115018718316,0.0,0.0,0.0,0.0,0.0940652497913953,0.4207389588451811,0.4631387889491005,0.0940652497913953,0.4207389588451811,2.7414227718308464e-14,1.3953468633144466e-14,1.2622520028976978e-14,1.0,1.0,1.0,9.172298451599807e-17,9.825089345765798e-17,7.095771783731412e-17,1.0,1.0,1.0,1.0,1.0,1.0,1.0,0.9999606555856808,1.4409974360916485e-19,3.933136676495669e-05,0.6108714938163757,0.6124645471572876,0.6240288615226746,0.621065616607666,0.6438210606575012,0.6421204805374146,0.5599297881126404,0.5351330637931824,0.5748632550239563,0.6086472868919373,0.6014420390129089,0.6053605079650879,0.9998534523655256,0.9999060437145286,0.9998524480377464,0.9998925568632444,0.9998783969198322,0.9998693548745242,0.0152901411056518,0.0123990178108215,0.0160388946533203,0.0162171125411987,0.0063294172286987,0.0079551935195922,0.9970769882202148,0.997276782989502,0.9971494674682616,0.9978535771369934,0.997649908065796,0.997422695159912,0.993174135684967,0.9935516715049744,0.9941259622573853,0.995129406452179,0.998457372188568,0.9983856081962584,0.0028053699061274,0.00276709953323,0.0027267986442893,0.0022776168771088,0.0023844144307076,0.0025380018632858,0.9938977360725404,0.9936615824699402,0.9944106936454772,0.9944992661476136,0.993613600730896,0.99339497089386,0.0,0.0,0.2900493962105612,0.0,19.0413670428007,19.935532521156237,0.1858365535736084,0.1844768673181533,0.1787175387144088,0.1763027757406234,0.1239926367998123,0.1259801536798477,0.0043629566207528,0.0043627345003187,0.0038938876241445,0.0037002570461481,0.0039984486065804,0.0040000942535698,0.9971861839294434,0.9974440336227416,0.9974905848503112,0.9980880618095398,0.998029351234436,0.9981035590171814,0.0475324839353561,0.0473145768046379,0.0454332791268825,0.0448736771941185,0.0413967929780483,0.0409285649657249,0.1461711972951889,0.1787780523300171,0.1636958867311477,0.1704998016357422,0.1251178085803985,0.1315059959888458,40.32195281982422,39.89280319213867,41.323429107666016,39.29085540771485,41.10761642456055,41.34675598144531,0.997248649597168,0.9971096515655518,0.9976206421852112,0.997834324836731,0.999428689479828,0.9994465112686156,0.9791374356964134,0.9804735460542766,0.9829746369842436,0.9858260645357154,0.9844169463901292,0.9854953229105778,0.9791363477706908,0.9804722666740416,0.9829732775688172,0.9858257174491882,0.9964558482170104,0.9964792132377625,0.9342725872993468,0.9334834814071656,0.9372020363807678,0.9349361062049866,0.923338770866394,0.9267666339874268,0.8435067534446716,0.8413764238357544,0.8517499566078186,0.8459222316741943,0.8405538201332092,0.8411929607391357,0.9982125759124756,0.9981778264045716,0.998579204082489,0.998340666294098,0.9995815753936768,0.9995934963226318,0.0037912984844297,0.0036754212342202,0.0030343863181769,0.007439131848514,-0.0018947068601846,-0.001067773788236
tmc13_longdress_vox10_1300_dec_geom06_text06_trisoup-raht.ply,longdress_vox10_1300.ply,TRISOUP_RAHT,4,3.925,0.9989290264081012,0.9991318783542766,0.9990922004179734,0.9642679157637152,0.8926449101204045,0.9007908381114766,0.0436772510632746,0.181875182723785,0.1774060389773127,0.9674592989925722,0.9303369550528978,0.9519166731628804,0.0,0.0,0.0,0.0,0.0940652497913953,0.4207389588451811,0.4631387889491005,0.0940652497913953,0.4207389588451811,2.7414227718308464e-14,1.3953468633144466e-14,1.2622520028976978e-14,1.0,1.0,1.0,9.172298451599807e-17,9.825089345765798e-17,7.095771783731412e-17,1.0,1.0,1.0,1.0,1.0,1.0,1.0,0.9999606555856808,1.4409974360916485e-19,3.933136676495669e-05,0.6059183478355408,0.6071171760559082,0.6240527629852295,0.619426429271698,0.6338529586791992,0.628636360168457,0.560289740562439,0.534859836101532,0.5763128399848938,0.6071798801422119,0.6022117137908936,0.6060299873352051,0.9998176495432256,0.9998795947864708,0.9997882459942832,0.9998688179989006,0.9998368418086756,0.9998374747450144,0.0272387266159057,0.0211736559867858,0.0394500494003295,0.0215269327163696,0.0068167448043823,0.0104001760482788,0.996806263923645,0.9974924325942992,0.9959995746612548,0.9976303577423096,0.9975215792655944,0.9971994161605836,0.992468237876892,0.9932577610015868,0.9922351241111756,0.994836926460266,0.998137593269348,0.9979845285415648,0.0036377431824803,0.0032853886950761,0.0041054831817746,0.0028936972375959,0.0030118213035166,0.0031393342651426,0.9923206567764282,0.9925866723060608,0.9922901391983032,0.993489146232605,0.9921029210090636,0.9920188188552856,0.0,0.0,0.5900556578709804,0.0,22.055469596824743,23.28557589749491,0.192283347249031,0.1879081577062606,0.1918271034955978,0.1797245740890503,0.1311434805393219,0.1326295286417007,0.0048299268819391,0.0045265108346939,0.0049429270438849,0.0040330928750336,0.0041923974640667,0.0042384415864944,0.996251940727234,0.9967283606529236,0.9962813258171082,0.997597336769104,0.9974892139434814,0.997626006603241,0.05166582390666,0.0499311909079551,0.0524212233722209,0.0477247908711433,0.0441517941653728,0.0439472198486328,0.1832344084978103,0.144219771027565,0.202579990029335,0.20528045296669,0.1282460838556289,0.1499612480401992,39.188236236572266,39.035865783691406,39.81985092163086,38.665157318115234,40.0498161315918,40.37863159179688,0.997043788433075,0.9971477389335632,0.9972684979438782,0.997830331325531,0.9993393421173096,0.9993382096290588,0.9708276214316418,0.9741639733218432,0.9719523219661192,0.9819334411583648,0.9789826313862016,0.9805894796118694,0.9708258509635924,0.974162220954895,0.9719501733779908,0.9819324016571044,0.9948415160179138,0.9948536157608032,0.9364555478096008,0.93610018491745,0.9382842183113098,0.9361448884010316,0.9255028367042542,0.9289382696151732,0.8193365335464478,0.8254604935646057,0.8158954381942749,0.8327428102493286,0.8214097619056702,0.8225195407867432,0.9978398084640504,0.9979435205459596,0.9981080293655396,0.9981772303581238,0.9995086789131165,0.99952232837677,0.0031258184462785,0.0037970400881022,0.0020845290273427,0.006659347563982,-0.0017472235485911,-0.0005168113857507
tmc13_loot_vox10_1200_dec_geom01_text01_octree-predlift.ply,loot_vox10_1200.ply,OCTREE_PRED_LIFT,1,1.0,0.944986108752684,0.9898065278323896,0.9887132940473434,0.4620124788109092,0.4542660663601783,0.4739636917461231,0.996958251171206,0.8353654368714989,0.8467955069424749,0.4860402625505541,0.4591921921795477,0.3590278456404019,3.920280571498096,1.9829818326899105,1.9499574257119527,1.96487154478556,0.092034463218571,0.4031448067173417,3.928816825679395,1.9523260194518897,1.9723030634649263,4.063612435863668,1.102912416777554,3.430758401278469,0.0464300961003305,0.0426946119805631,0.0101087617677423,1.0001462301403643,0.999706006255814,0.9545741725767528,0.0255423080670175,0.0123467682968734,0.8796214691433564,0.875472931255527,0.3215757373535439,0.3830881838511913,0.3533349771385922,0.4890832794748516,0.5361869750421006,0.0646323274554088,-0.1047654524445533,-0.1005778238177299,-0.2635590434074402,-0.1338716596364975,-0.1247143968939781,-0.0828680545091629,0.4211870729923248,0.4102919697761535,0.3477904796600342,0.3988092839717865,0.342036098241806,0.3470044136047363,0.1712093333905973,0.1753458111410607,0.1588951814050438,0.1569547179151047,0.1390521946515896,0.1297297097622619,0.5846121311187744,0.5799251794815063,0.6208325028419495,0.586916446685791,0.6186224222183228,0.6253075003623962,0.2539478838443756,0.2367982119321823,0.2015332877635955,0.1898222118616104,0.175862580537796,0.1605273634195327,0.6402505040168762,0.6533114910125732,0.5675637722015381,0.5513822436332703,0.5764395594596863,0.5826948881149292,0.3174493312835693,0.3092320263385772,0.3607200384140014,0.295579195022583,0.3535849452018738,0.3163295388221741,0.3460287153720855,0.3465941548347473,0.34961998462677,0.368868350982666,0.33462655544281,0.334694504737854,0.0,0.0,243.6913216110458,222.75226212965617,214.7931160397865,213.01513924455008,0.5987036228179932,0.5883455872535706,0.6494356393814087,0.5605592727661133,0.6288082599639893,0.5921710729598999,0.3133357465267181,0.3074798583984375,0.3557842373847961,0.3144837319850921,0.3423020541667938,0.3265060484409332,0.5188928842544556,0.5165686011314392,0.3361387848854065,0.3464513719081878,0.4060983657836914,0.3707629442214966,0.8637515306472778,0.8700909614562988,1.0486798286437988,0.9658703207969666,0.9542831182479858,0.956743597984314,2.650703430175781,2.5466716289520264,3.4972171783447266,2.5164337158203125,2.736504316329956,2.6400837898254395,8.078957557678223,8.061711311340332,5.912874221801758,8.263480186462402,6.243060111999512,7.012260437011719,0.7940426468849182,0.7994822263717651,0.7685782313346863,0.7853490114212036,0.713074266910553,0.7330342531204224,0.6137339397132499,0.613441210411739,0.3961720853151009,0.4318451142461791,0.4309669140684539,0.4410331437650408,0.5731400847434998,0.5735560655593872,0.3889811038970947,0.4188926815986633,0.4245274066925049,0.4291163384914398,0.3205470740795135,0.3164421319961548,0.2955847978591919,0.3230905830860138,0.3620062470436096,0.3656083345413208,0.0131871970370411,0.0134118506684899,0.0123858340084552,0.0143104512244462,0.0120324632152915,0.0126090059056878,0.7737587690353394,0.7803450226783752,0.7962886095046997,0.8135722875595093,0.7834797501564026,0.7893959283828735,-0.0916380360722541,-0.0901424661278724,-0.1517422944307327,-0.1421141773462295,-0.1569657176733017,-0.1583732217550277
tmc13_loot_vox10_1200_dec_geom01_text01_octree-raht.ply,loot_vox10_1200.ply,OCTREE_RAHT,2,1.0,0.9453439809612652,0.9903865890881528,0.9885074184883732,0.290943121955552,0.1010108244027231,0.1218961928440846,0.8464250849337094,0.2407816742688791,0.2553063110345797,0.293979527951043,0.1064822532589851,0.2234498421116581,3.920280571498096,1.9829818326899105,1.9499574257119527,1.96487154478556,0.092034463218571,0.4031448067173417,3.928816825679395,1.9523260194518897,1.9723030634649263,4.063612435863668,1.102912416777554,3.430758401278469,0.0464300961003305,0.0426946119805631,0.0101087617677423,1.0001462301403643,0.999706006255814,0.9545741725767528,0.0255423080670175,0.0123467682968734,0.8796214691433564,0.875472931255527,0.3215757373535439,0.3830881838511913,0.3533349771385922,0.4890832794748516,0.5361869750421006,0.0646323274554088,-0.1058911085128784,-0.0938795804977417,-0.2641383707523346,-0.1306012123823166,-0.1173778772354126,-0.0767291262745857,0.4166962504386902,0.4042078554630279,0.3467616736888885,0.3952283561229706,0.3351467847824096,0.3425801992416382,0.1822317035374975,0.1876829893700609,0.1672101201824666,0.1814976214892052,0.1528885249917863,0.1535361773410005,0.5835829973220825,0.5791926383972168,0.6220889687538147,0.5895642042160034,0.621441662311554,0.6248158812522888,0.2586812376976013,0.2338676005601883,0.1996815502643585,0.2023757398128509,0.178101047873497,0.161359965801239,0.6432679891586304,0.6547608971595764,0.5672107338905334,0.5486881732940674,0.5751124024391174,0.5823420882225037,0.318260133266449,0.3102839589118957,0.3610945045948028,0.298430860042572,0.3547428250312805,0.3166839182376861,0.3461723327636719,0.3456535935401916,0.3503547012805938,0.3668824136257171,0.3331181406974792,0.3347526490688324,0.0,0.0,244.4619650207112,224.79698822387587,215.643405675384,213.65164796922164,0.599957287311554,0.5892044305801392,0.6502464413642883,0.5632781982421875,0.6293120384216309,0.591701090335846,0.3133928179740906,0.307656854391098,0.3557136952877044,0.3154276907444,0.3429410457611084,0.3265801668167114,0.5192563533782959,0.5163399577140808,0.3368502557277679,0.346088707447052,0.4050192832946777,0.3724737763404846,0.8648592829704285,0.8721114993095398,1.0506651401519775,0.970855176448822,0.9574912786483764,0.9575759768486024,2.6712396144866943,2.566939115524292,3.554546594619751,2.605712890625,2.756891250610352,2.60917329788208,8.08049488067627,8.064135551452637,5.915629386901856,8.269479751586914,6.2456889152526855,7.013680934906006,0.7942075133323669,0.7944408655166626,0.7622673511505127,0.7845913171768188,0.7236287593841553,0.7507163882255554,0.6138029725106203,0.612924889300977,0.3955848646964297,0.4296170887891984,0.4301768619727754,0.4413539581638794,0.5732276439666748,0.5730804800987244,0.3883121609687805,0.4166646003723144,0.4237384498119354,0.4294414222240448,0.3207749128341675,0.3167182207107544,0.2961006462574005,0.3228611946105957,0.3655198812484741,0.365086555480957,0.0129007650539278,0.0130669083446264,0.0120518496260046,0.0139261586591601,0.0119108594954013,0.0124599700793623,0.772588849067688,0.7833902835845947,0.7958453893661499,0.8099481463432312,0.7830783128738403,0.7882119417190552,-0.091290034353733,-0.0900884717702865,-0.1528231799602508,-0.1451693773269653,-0.1575221121311187,-0.1575461030006408
tmc13_loot_vox10_1200_dec_geom01_text01_trisoup-predlift.ply,loot_vox10_1200.ply,TRISOUP_PREDLIFT,3,1.025,0.9772459127540182,0.9955579116790828,0.9954901955062092,0.3721301020939463,0.2319920585572572,0.2110770164706636,0.950185106403197,0.4273976252759728,0.3863106490682816,0.3782790224358902,0.1684370191781163,0.2795259670220614,1.1357733773037622,0.3737007079083944,0.389399625478597,0.8672237564766851,0.092034463218571,0.4031448067173417,1.0946426718396118,0.418030967997462,0.7627763965671344,1.146189512371134,0.3405606945225366,0.9210076812039704,0.8617501960460738,0.8225689400876386,0.6408718076781476,0.9987099200788856,0.9989278706386592,0.9659335325278412,0.79930532652288,0.7621873360453411,0.9571321761764146,0.8988853265673693,0.3119574989996713,0.6624681069610919,0.6510920116670457,0.4936086245734372,0.5381046487866666,0.0413753005011213,0.4870756268501282,0.4556446969509125,0.3397192656993866,0.2940272390842438,0.4551799893379211,0.3972034156322479,0.4948312044143677,0.4657003283500671,0.4317501187324524,0.4787989258766174,0.4682362675666809,0.4390993416309356,0.8829464216515949,0.8695861997970238,0.8694322637987897,0.8738253286165142,0.7825684585812023,0.8363488338903249,0.1722866296768188,0.1941081285476684,0.1524578928947448,0.2136358618736267,0.1958516836166381,0.2124502658843994,0.6023721694946289,0.5699364542961121,0.3819207549095154,0.3638656735420227,0.5105776786804199,0.4441078305244446,0.9424899816513062,0.9324354529380798,0.8795106410980225,0.7781329154968262,0.8717520833015442,0.8316909670829773,0.120512418448925,0.1316122412681579,0.1856286376714706,0.1918165683746338,0.1422920823097229,0.171010822057724,0.6175913214683533,0.6067578792572021,0.4914715886116028,0.5038477182388306,0.6000800132751465,0.5807327628135681,0.0,0.0,221.5267906678223,213.84839339623457,172.10043713291614,182.8193518602565,0.3295382559299469,0.3413725793361664,0.3881541788578033,0.4025573432445526,0.3628252446651459,0.3834494948387146,0.1195127293467521,0.1297734677791595,0.1872289478778839,0.1931909620761871,0.1389934122562408,0.1671772748231887,0.9418268203735352,0.9322675466537476,0.8940832018852234,0.8520175814628601,0.9152238368988036,0.8771659135818481,0.2779830396175384,0.2880769968032837,0.4381258487701416,0.4537361860275268,0.3067300319671631,0.35555499792099,0.7973239421844482,1.3617466688156128,1.3601220846176147,1.6565476655960083,1.24250066280365,1.6096841096878052,26.894197463989254,26.70170021057129,21.306039810180664,22.339696884155277,25.00902938842773,24.38468742370605,0.94969642162323,0.9424148201942444,0.892037570476532,0.8780213594436646,0.9157164096832277,0.8990827202796936,0.907627450802213,0.8839477917183989,0.8503144980765093,0.7357894011522409,0.8662112454119896,0.7942654386110706,0.9091276526451112,0.8903031349182129,0.8498694896697998,0.7344274520874023,0.8661701083183289,0.7939650416374207,0.5098806023597717,0.4885235726833343,0.4598925113677978,0.4310526549816131,0.5027698278427124,0.4756296277046203,0.2973561286926269,0.2784442603588104,0.256295770406723,0.2131328284740448,0.2796601951122284,0.2576168179512024,0.980938196182251,0.9777090549468994,0.9699745178222656,0.954193949699402,0.9815660119056702,0.9725103378295898,-0.0412984117865562,-0.0422368310391902,-0.0497549995779991,-0.0622347891330719,-0.0443925857543945,-0.0517553761601448
tmc13_loot_vox10_1200_dec_geom01_text01_trisoup-raht.ply,loot_vox10_1200.ply,TRISOUP_RAHT,4,1.0,0.9737431653576364,0.9949577420732748,0.9944523800287566,0.2742901844358495,0.0922972267807217,0.1029346122702421,0.5949013234337021,0.1864372520893745,0.2185431267225343,0.2876471950549016,0.1030083884304108,0.2175465362849788,1.1357733773037622,0.3737007079083944,0.389399625478597,0.8672237564766851,0.092034463218571,0.4031448067173417,1.0946426718396118,0.418030967997462,0.7627763965671344,1.146189512371134,0.3405606945225366,0.9210076812039704,0.8617501960460738,0.8225689400876386,0.6408718076781476,0.9987099200788856,0.9989278706386592,0.9659335325278412,0.79930532652288,0.7621873360453411,0.9571321761764146,0.8988853265673693,0.3119574989996713,0.6624681069610919,0.6510920116670457,0.4936086245734372,0.5381046487866666,0.0413753005011213,0.4452142715454101,0.4280087947845459,0.3014662861824035,0.3034261167049408,0.4263798892498016,0.3669633567333221,0.4524170160293579,0.43306764960289,0.4022700488567352,0.4545271098613739,0.4388356208801269,0.4038399457931518,0.8626662492274482,0.8622387349914316,0.8516404921875568,0.8636436834166882,0.8029060219637764,0.8231379981739202,0.2503692507743835,0.2345287203788757,0.2388057708740234,0.2703977227210998,0.2624969482421875,0.2918845415115356,0.4625791609287262,0.4104194641113281,0.3425788879394531,0.2993737459182739,0.3927001357078552,0.2429308891296386,0.9200103878974916,0.91024911403656,0.8483331203460693,0.7497112154960632,0.8499917387962341,0.7850322723388672,0.157321810722351,0.1675837934017181,0.2026973664760589,0.224881500005722,0.1744951158761978,0.2252249717712402,0.5383605360984802,0.5377147793769836,0.4546694159507751,0.4533301889896393,0.5353690981864929,0.4868846237659454,0.0,0.0,228.55872843485307,221.2262778532894,189.77607569266448,192.1812843757639,0.3502916097640991,0.3604749739170074,0.4070145785808563,0.4066924750804901,0.3710363209247589,0.3918102383613586,0.1525273323059082,0.1614977419376373,0.2035927027463913,0.2210393548011779,0.1688484102487564,0.213571086525917,0.925851821899414,0.9149764776229858,0.8714627623558044,0.8276309967041016,0.8962225317955017,0.8461174964904785,0.3087558448314667,0.3157468736171722,0.4640941023826599,0.478958785533905,0.3321323990821838,0.3884733617305755,1.5424518585205078,1.6664471626281738,1.3854377269744873,1.781318187713623,1.3807727098464966,2.000874757766724,26.05261611938477,25.96410751342773,20.906667709350582,21.84262466430664,24.415285110473636,23.70836639404297,0.9272425174713136,0.9222093224525452,0.8730255365371704,0.8545094728469849,0.8971160650253296,0.8659182190895081,0.8850957816886551,0.8591953029702097,0.8207526578858568,0.7051007851652122,0.8439115940436426,0.7552108163084559,0.8830900192260742,0.8603172302246094,0.8203796148300171,0.7033513784408569,0.8438271284103394,0.7545369863510132,0.3980786204338074,0.4122762382030487,0.3929370641708374,0.3919665813446045,0.4307168126106262,0.3814281523227691,0.2311363369226455,0.2140087634325027,0.2014141678810119,0.1801004260778427,0.220480591058731,0.1948303580284118,0.9723713994026184,0.9690218567848206,0.961978316307068,0.9406409859657288,0.9754874110221864,0.958974540233612,-0.0465530417859554,-0.0470097437500953,-0.0574695579707622,-0.0635415464639663,-0.0503503940999507,-0.0658308267593383
tmc13_loot_vox10_1200_dec_geom02_text02_octree-predlift.ply,loot_vox10_1200.ply,OCTREE_PRED_LIFT,1,1.0,0.9684484883886648,0.9947719082468668,0.9944498642527226,0.4927388228718241,0.4221857815247629,0.3926741967638181,0.9935870575926484,0.7424543242770133,0.7036152950523246,0.5087821018006069,0.3650055747570083,0.3814665567514131,2.016245457561866,1.0244883989493214,1.0219836456431235,0.9847104409132552,0.092034463218571,0.4031448067173417,2.0565787528651165,1.0289035915680622,1.0352541518871556,1.5125882035518576,0.4714090118066857,1.207266628696119,0.1538933053134314,0.1419206855806803,0.0578966168946644,0.9994108664683122,1.0000846280296103,0.9459458791913344,0.1045721739991518,0.0580327376902183,0.9410639193583304,0.9198581340422188,0.3297987515637109,0.5391084126199929,0.5109994113220195,0.5084322923233172,0.5179437364369256,0.0279099429960018,0.5137284398078918,0.4785514771938324,0.435943603515625,0.3942856788635254,0.4393792748451233,0.4296885132789612,0.4980376660823822,0.4898498952388763,0.45013627409935,0.5259354114532471,0.4613207280635834,0.4745514988899231,0.8396329239627495,0.837498776860762,0.8919685421800022,0.8594307678521822,0.7532896455826622,0.809586692023905,0.2927236557006836,0.2729357481002807,0.2713083028793335,0.3068155646324157,0.317669153213501,0.3106974959373474,0.4540482759475708,0.3948994874954223,0.5134714245796204,0.4142433702945709,0.417477548122406,0.3051074743270874,0.9207579493522644,0.9090381860733032,0.8837251663208008,0.7741358876228333,0.8539227247238159,0.8001523613929749,0.1481226831674575,0.1595624983310699,0.1508674174547195,0.1753285527229309,0.1676269024610519,0.2039454579353332,0.5261984467506409,0.5227706432342529,0.5796283483505249,0.575895369052887,0.5064098834991455,0.5000820159912109,0.0,0.0,192.4207687907237,191.0143107271298,175.9517360847714,185.30770995110544,0.3688832819461822,0.3757516741752624,0.3875995874404907,0.4022987782955169,0.3908576965332031,0.4022979438304901,0.1491986960172653,0.1582280695438385,0.1540992707014084,0.1737843304872512,0.1674812585115432,0.1999769210815429,0.921453595161438,0.9117011427879332,0.9069446325302124,0.8586359024047852,0.8913172483444214,0.8388481140136719,0.3449583947658539,0.3585107922554016,0.3811554312705993,0.4295259714126587,0.3552284240722656,0.4057905077934265,1.3393471240997314,1.816032886505127,1.535893440246582,1.8077794313430784,1.5713560581207275,2.0263843536376958,24.745407104492188,24.685741424560547,23.243825912475582,23.47582244873047,23.272104263305664,22.71453094482422,0.9288268089294434,0.92735755443573,0.8970851898193359,0.8772948384284973,0.8971474170684814,0.8816279768943787,0.8862082893325234,0.8628161003235143,0.8528967296236413,0.7307267383740453,0.8401070598249176,0.7610535908621625,0.8839216232299805,0.8646916151046753,0.852719247341156,0.7299708127975464,0.840042233467102,0.760738730430603,0.4125773906707763,0.4157813787460327,0.4641523063182831,0.4209492206573486,0.4419553577899933,0.4086408913135528,0.2241872400045395,0.2184373885393142,0.2396820187568664,0.2030814737081527,0.2086811959743499,0.2063938379287719,0.9724107384681702,0.9684063196182252,0.9750527143478394,0.9573307633399964,0.974852979183197,0.9627686142921448,-0.0555483475327491,-0.0555310510098934,-0.06757802516222,-0.0780070945620536,-0.0621413402259349,-0.0718106180429458
tmc13_loot_vox10_1200_dec_geom02_text02_octree-raht.ply,loot_vox10_1200.ply,OCTREE_RAHT,2,1.0,0.9673683475360494,0.9939520471044871,0.9936469917440623,0.3787723828906015,0.1539534802780952,0.1466854316090899,0.8607679598100116,0.3851696458427066,0.3957484070138234,0.3875324313311661,0.15305695383533,0.2894523353756874,2.016245457561866,1.0244883989493214,1.0219836456431235,0.9847104409132552,0.092034463218571,0.4031448067173417,2.0565787528651165,1.0289035915680622,1.0352541518871556,1.5125882035518576,0.4714090118066857,1.207266628696119,0.1538933053134314,0.1419206855806803,0.0578966168946644,0.9994108664683122,1.0000846280296103,0.9459458791913344,0.1045721739991518,0.0580327376902183,0.9410639193583304,0.9198581340422188,0.3297987515637109,0.5391084126199929,0.5109994113220195,0.5084322923233172,0.5179437364369256,0.0279099429960018,0.486710637807846,0.4570325911045074,0.423962265253067,0.4170277714729309,0.4491202533245086,0.3965387046337127,0.4630848169326782,0.4532287418842315,0.4235449731349945,0.4956005215644836,0.4422465562820434,0.435235857963562,0.8348768433455229,0.82834348180054,0.8699924940214965,0.8471919498376814,0.7645519637321124,0.7839084109916953,0.3024685382843017,0.3040094375610351,0.2978896498680115,0.3116402626037597,0.3317106962203979,0.3530054688453674,0.4279199242591858,0.3867907524108886,0.4834202826023102,0.3779471516609192,0.3951596021652221,0.2739571630954742,0.9127184748649596,0.9026798009872437,0.8765239119529724,0.7725144624710083,0.8521381616592407,0.7947793006896973,0.1618033498525619,0.1718642562627792,0.1609983593225479,0.1951873749494552,0.1806511878967285,0.2245707362890243,0.5054211020469666,0.5043734908103943,0.5625720620155334,0.5515754818916321,0.4916915595531463,0.4722014963626861,0.0,0.0,197.2312309350285,197.4913659407229,182.72870068623484,193.443165919737,0.3739950060844421,0.3788502216339111,0.3929037749767303,0.4022747874259949,0.3927526473999023,0.4054238200187683,0.1609285622835159,0.1685658693313598,0.1628096997737884,0.1912214905023574,0.1789946258068084,0.217274472117424,0.9129992723464966,0.9029091596603394,0.8896567225456238,0.8385056853294373,0.8747291564941406,0.822013258934021,0.3545698523521423,0.369792640209198,0.3942615985870361,0.4501468539237976,0.3695353269577026,0.4215715825557709,1.445232629776001,1.6480292081832886,1.5945019721984863,1.8391501903533936,1.5482076406478882,1.8941785097122192,24.60478782653809,24.56201934814453,23.115283966064453,23.229219436645508,23.14379119873047,22.576068878173828,0.9231452941894532,0.9218095541000366,0.8912030458450317,0.8687496185302734,0.8961708545684814,0.876989483833313,0.8781417143588927,0.8544491002896847,0.8409886815600242,0.7169931971995828,0.8328241544823657,0.7487063502266942,0.8730468153953552,0.8527573943138123,0.8406777381896973,0.7158575057983398,0.8326460123062134,0.7482713460922241,0.3974961638450622,0.4062720537185669,0.4351192116737366,0.4086182117462158,0.424521803855896,0.4009914994239807,0.1910152584314346,0.1853134930133819,0.2117897719144821,0.1809949874877929,0.1855348795652389,0.1753036379814148,0.9680394530296326,0.9644938111305236,0.9725988507270812,0.9550189971923828,0.9738354086875916,0.9599654078483582,-0.0564479827880859,-0.0565474890172481,-0.0657112225890159,-0.0812395960092544,-0.0661738589406013,-0.0775657296180725
tmc13_loot_vox10_1200_dec_geom02_text02_trisoup-predlift.ply,loot_vox10_1200.ply,TRISOUP_PREDLIFT,3,1.25,0.9849829645603398,0.9968889117434242,0.9969139797479468,0.4810953939732166,0.2565752787152539,0.2298970006799087,0.956837483225718,0.4517894243772032,0.4021959490794875,0.4846234253483028,0.20027084516689,0.3782217513613579,0.6652257162343697,0.2341846949045291,0.2549159507995968,0.4798092785009423,0.092034463218571,0.4031448067173417,0.6924695582522152,0.2951066674802561,0.4363615054845952,0.6438866228642326,0.2172533911191051,0.4923711818163968,0.8783974030365247,0.8370696640423577,0.7823848695413557,0.9997536644782076,0.9996572014001402,0.9494816951756824,0.8630482711200379,0.7840104307445999,0.9829243739283122,0.9202108248874628,0.3216202407934241,0.7737951727320693,0.7705636772818577,0.5060194785600511,0.5341558050979144,0.0142400707867532,0.5554980039596558,0.5288206934928894,0.5014786124229431,0.4441753029823303,0.5335429906845093,0.510446310043335,0.5110651850700378,0.4811342358589172,0.4836373627185821,0.5143244862556458,0.4709258675575256,0.4551112055778503,0.9431907134297336,0.9370733432232468,0.9550403076241056,0.958751892622258,0.8978461276565018,0.9417190730909112,0.1355123519897461,0.1669261455535888,0.1251568794250488,0.1785308122634887,0.1687732934951782,0.1710824966430664,0.789693295955658,0.765175998210907,0.7282362580299377,0.6883924603462219,0.6843700408935547,0.6960720419883728,0.9683324098587036,0.962311327457428,0.9277928471565248,0.8538223505020142,0.902831256389618,0.8857797384262085,0.0756246522068977,0.0840602368116378,0.1060084626078605,0.1254850327968597,0.0978036597371101,0.1122831329703331,0.8007925152778625,0.7920266389846802,0.7381858229637146,0.7158697247505188,0.7713085412979126,0.7446663975715637,0.0,0.0,164.13264823141316,161.40693302362718,147.56712198816854,143.88534223938817,0.2913748323917389,0.3024985790252685,0.3397850096225738,0.3743453025817871,0.3389896154403686,0.3573100864887237,0.0745827630162239,0.083527036011219,0.1054710000753402,0.1240296140313148,0.0950376912951469,0.1122653111815452,0.9682480692863464,0.9599357843399048,0.9534387588500975,0.921290159225464,0.9464733004570008,0.9312742948532104,0.1812032461166381,0.1967882364988327,0.2682299315929413,0.2998631596565246,0.2161988019943237,0.2545859813690185,0.6423824429512024,0.92107754945755,0.7757189273834229,1.0495045185089111,0.948693037033081,1.0683472156524658,31.264747619628903,30.851043701171875,26.931072235107425,26.74199104309082,28.55539321899414,27.70020294189453,0.9735442996025084,0.970172882080078,0.9485969543457032,0.9325757622718812,0.9531039595603944,0.9408794045448304,0.9328093279885592,0.9103769721689664,0.9024817495619856,0.8003655118080287,0.8948422911919167,0.8461015667347993,0.944461464881897,0.9275333881378174,0.902431845664978,0.8000493049621582,0.8948385119438171,0.8460273742675781,0.6044703125953674,0.6038584113121033,0.6362472772598267,0.6014716029167175,0.5908952355384827,0.6130908131599426,0.3937838971614837,0.3679309785366058,0.3621598482131958,0.2972254753112793,0.3556275367736816,0.3353340029716491,0.9899659156799316,0.9876916408538818,0.985328733921051,0.9729941487312316,0.9882468581199646,0.9825897216796876,-0.035014621913433,-0.0335468724370002,-0.0296500790864229,-0.0486612170934677,-0.0330735780298709,-0.0398278385400772
tmc13_loot_vox10_1200_dec_geom02_text02_trisoup-raht.ply,loot_vox10_1200.ply,TRISOUP_RAHT,4,1.075,0.9826381127878384,0.996266517650448,0.9963727973400178,0.384953330358256,0.1218461360341903,0.1264804473130383,0.7310874832522218,0.2418242004370169,0.2520335477212437,0.3956245160102454,0.1236526575775817,0.3089235768187731,0.6652257162343697,0.2341846949045291,0.2549159507995968,0.4798092785009423,0.092034463218571,0.4031448067173417,0.6924695582522152,0.2951066674802561,0.4363615054845952,0.6438866228642326,0.2172533911191051,0.4923711818163968,0.8783974030365247,0.8370696640423577,0.7823848695413557,0.9997536644782076,0.9996572014001402,0.9494816951756824,0.8630482711200379,0.7840104307445999,0.9829243739283122,0.9202108248874628,0.3216202407934241,0.7737951727320693,0.7705636772818577,0.5060194785600511,0.5341558050979144,0.0142400707867532,0.5123364329338074,0.4941301345825195,0.4330311417579651,0.4120987951755523,0.47980996966362,0.4452826678752899,0.485294908285141,0.4680001139640808,0.4606097340583801,0.4939230978488922,0.4603369534015655,0.4371808171272278,0.932847206802259,0.9308946765043687,0.9400854992768882,0.9479262405768284,0.8653803353417662,0.928158841281046,0.2323423027992248,0.2197716236114502,0.2140506505966186,0.2339391112327575,0.2431004047393798,0.2608330249786377,0.6619622707366943,0.6270347833633423,0.6606963872909546,0.5445095896720886,0.5227463841438293,0.4221708178520202,0.9513282775878906,0.94434654712677,0.8984696269035339,0.8180394172668457,0.8794942498207092,0.8311542868614197,0.1090669184923172,0.1206748560070991,0.1246410906314849,0.1568005532026291,0.1320459246635437,0.169747993350029,0.723486065864563,0.7178329229354858,0.6936115026473999,0.6618256568908691,0.7035428881645203,0.6467708945274353,0.0,0.0,171.54766119167743,166.0743956242002,161.3545402632558,163.96006349196722,0.3167685866355896,0.3263359367847442,0.3641558587551117,0.3829264044761657,0.3473826348781585,0.3722868263721466,0.1038448065519332,0.1144442334771156,0.1226087734103202,0.1507128626108169,0.1241247206926345,0.1586879789829254,0.957177758216858,0.9488350749015808,0.9395672678947448,0.9043495059013368,0.9326534271240234,0.9029254913330078,0.2076223492622375,0.2189894616603851,0.2925682365894317,0.3225734233856201,0.2366392612457275,0.2890089750289917,1.134255051612854,1.2453420162200928,0.8371036052703857,1.2667667865753174,1.0776969194412231,1.596311330795288,30.252201080322266,29.957788467407227,26.33380889892578,26.176002502441406,27.98165512084961,26.7613582611084,0.958658754825592,0.9555226564407348,0.9320037961006165,0.9079895615577698,0.9358485341072084,0.9097487926483154,0.9080665280471486,0.8857529425110103,0.871757793520479,0.7628913159489878,0.8726118679006978,0.7980528553336099,0.9200803637504578,0.9023046493530272,0.8717228770256042,0.7624908685684204,0.8725823760032654,0.7978647947311401,0.4609415829181671,0.4848242104053497,0.5271251797676086,0.5149104595184326,0.4915483593940735,0.4540223777294159,0.3124676942825317,0.3011095523834228,0.3006024956703186,0.2582737803459167,0.3017390370368957,0.2656092047691345,0.9851751327514648,0.9823581576347352,0.9789608716964722,0.9616581201553344,0.9834094047546388,0.9707236886024476,-0.0384112671017646,-0.0410306416451931,-0.0353599451482296,-0.0477782823145389,-0.0420619361102581,-0.055634070187807
tmc13_loot_vox10_1200_dec_geom03_text03_octree-predlift.ply,loot_vox10_1200.ply,OCTREE_PRED_LIFT,1,1.475,0.9841369226965236,0.9971463643523596,0.9970760790571592,0.5923903940653622,0.3620858603712029,0.313007465458391,0.9736670449562242,0.6072487377392216,0.5293845519688749,0.5990745558776319,0.2957861036389035,0.4762204315770045,1.121304586187554,0.5699775539966748,0.5726568473350941,0.532268156358224,0.092034463218571,0.4031448067173417,1.1860076189060913,0.5904598384709836,0.5905767172122428,0.6560859955181703,0.1997822103475709,0.5318737488027214,0.4597781895821026,0.4307940200195306,0.2880680277572793,1.0010040603336186,0.9995223586319362,0.9334707607095916,0.3819707912221461,0.275211934147514,0.9776888914712728,0.9361476678645008,0.3482100319889298,0.7351580317451882,0.7101401151112905,0.5319368285874182,0.4966045701007611,0.0083453490343774,0.5164796113967896,0.5080890655517578,0.4733346104621887,0.4053535461425781,0.4834035038948059,0.4427916705608368,0.5124868154525757,0.4844775199890136,0.4958847761154175,0.5418455004692078,0.4750654995441437,0.4661889672279358,0.9632092326309448,0.9556050339235443,0.9679657711625952,0.96323515491497,0.9115066612643552,0.957409885169114,0.1639063358306884,0.1729208827018737,0.1824484467506408,0.1872795224189758,0.2111867070198059,0.2015889883041381,0.7308294773101807,0.6907787322998047,0.7107914686203003,0.6752552390098572,0.6179808378219604,0.6000345945358276,0.9617030620574952,0.9546892046928406,0.9232487678527832,0.844550371170044,0.8941624760627747,0.8706785440444946,0.0884204283356666,0.0987599194049835,0.1065667122602462,0.1262356489896774,0.1171803995966911,0.1335866153240203,0.7415949702262878,0.7328156232833862,0.7223696112632751,0.7018365859985352,0.6698041558265686,0.6620367169380188,0.0,0.0,168.03210895401858,172.44640344771597,166.03305441016988,170.06116820144445,0.3083416819572449,0.3182939291000366,0.3405050039291382,0.3740286827087402,0.3492438793182373,0.3671692311763763,0.0888547003269195,0.0990439057350158,0.1073376387357711,0.1257907599210739,0.1153737157583236,0.1330266892910003,0.9661029577255248,0.95758056640625,0.95697021484375,0.9260101318359376,0.9426199793815612,0.9232760667800904,0.2309322357177734,0.2457727640867233,0.2731708288192749,0.3145452737808227,0.2639760971069336,0.3148080706596374,0.5993622541427612,0.9233925342559814,0.6225752234458923,0.9389537572860718,0.8669490814208984,1.1380879878997805,28.759845733642575,28.58478355407715,26.21812438964844,26.33184242248535,26.15373992919922,25.472824096679688,0.9635874032974244,0.960724115371704,0.9401293396949768,0.922596514225006,0.9415789246559144,0.92694890499115,0.925348234934082,0.9017669820578712,0.9005026750637086,0.8019442408939299,0.8830511557684151,0.8294716811567403,0.9399859309196472,0.9215859174728394,0.9004899263381958,0.8018574714660645,0.8830448985099792,0.829424262046814,0.5737426280975342,0.5759078860282898,0.667207658290863,0.5992085337638855,0.5900818109512329,0.5616633296012878,0.353861540555954,0.3312656879425049,0.3571999967098236,0.3011731207370758,0.3124788701534271,0.3070046901702881,0.9878433346748352,0.9849743843078612,0.984782576560974,0.9713473916053772,0.9848915934562684,0.9784566760063172,-0.0395778231322765,-0.0380855537950992,-0.0375486239790916,-0.0496219918131828,-0.0391081944108009,-0.0457937307655811
tmc13_loot_vox10_1200_dec_geom03_text03_octree-raht.ply,loot_vox10_1200.ply,OCTREE_RAHT,2,1.175,0.9828941545231108,0.9966314333884042,0.9967050004024048,0.4900147980843785,0.1966896692224011,0.1786825837810428,0.881548855673858,0.3850055976896958,0.3517087326060959,0.4972240662593948,0.1816488223532233,0.3858366128979402,1.121304586187554,0.5699775539966748,0.5726568473350941,0.532268156358224,0.092034463218571,0.4031448067173417,1.1860076189060913,0.5904598384709836,0.5905767172122428,0.6560859955181703,0.1997822103475709,0.5318737488027214,0.4597781895821026,0.4307940200195306,0.2880680277572793,1.0010040603336186,0.9995223586319362,0.9334707607095916,0.3819707912221461,0.275211934147514,0.9776888914712728,0.9361476678645008,0.3482100319889298,0.7351580317451882,0.7101401151112905,0.5319368285874182,0.4966045701007611,0.0083453490343774,0.5244648456573486,0.5001518130302429,0.4628124237060547,0.4104288220405578,0.4617397487163543,0.4141383767127991,0.4945787787437439,0.4712624847888946,0.4715793430805206,0.5239732265472412,0.4659121334552765,0.4528829157352447,0.9511404600755315,0.9495418000868776,0.957846051517174,0.9555574460936866,0.8863465221937158,0.9492266714497484,0.2108500003814697,0.2027598619461059,0.2294005155563354,0.2212843298912048,0.2534276247024536,0.257436990737915,0.665560245513916,0.6230171918869019,0.684601902961731,0.5937508940696716,0.5452206134796143,0.494092583656311,0.9545267224311828,0.946067750453949,0.9125774502754213,0.8293394446372986,0.8820513486862183,0.8507810235023499,0.1006979420781135,0.1136424392461776,0.1115859821438789,0.1425347924232483,0.1338223218917846,0.1550316512584686,0.7150362730026245,0.7062599062919617,0.7097675204277039,0.6785379648208618,0.6458110213279724,0.6332935094833374,0.0,0.0,168.87419218262642,175.1679704152108,168.7261436295262,172.36590478098566,0.320152223110199,0.3296784162521362,0.3477852046489715,0.3772057294845581,0.3527432978153229,0.3715620040893554,0.099313735961914,0.1112558767199516,0.111764058470726,0.1388636380434036,0.1288629174232483,0.1496835798025131,0.9584864974021912,0.9494020938873292,0.9473771452903748,0.914031147956848,0.9338068962097168,0.9100557565689088,0.2430012822151184,0.2566277384757995,0.2827088534832001,0.3290733397006988,0.2739066183567047,0.3282689452171325,0.5994309186935425,0.8395052552223206,0.5692141652107239,0.9149501323699952,0.9324197173118592,1.2251338958740234,28.55563163757324,28.38729476928711,26.106475830078125,26.1064453125,25.9795036315918,25.27652740478516,0.9580345153808594,0.955359935760498,0.9392677545547484,0.9151370525360109,0.9355905652046204,0.918097198009491,0.9136015378006102,0.8900392752032803,0.8865998262639431,0.7822047083254292,0.8713112522726505,0.8095220790449486,0.927653968334198,0.9081434011459352,0.8865587115287781,0.7821066379547119,0.8712982535362244,0.8094663619995117,0.5329475402832031,0.5446890592575073,0.6345296502113342,0.5554054379463196,0.5398383140563965,0.5262013077735901,0.3069127798080444,0.2877765595912933,0.3128902018070221,0.2744709849357605,0.2825587689876556,0.2672645449638366,0.9855893850326538,0.9821035861968994,0.9829835295677184,0.9673029184341432,0.9827554225921632,0.9744293689727784,-0.0398047864437103,-0.0414398089051246,-0.0406484268605709,-0.0496751554310321,-0.0428107716143131,-0.0513649620115757
tmc13_loot_vox10_1200_dec_geom03_text03_trisoup-predlift.ply,loot_vox10_1200.ply,TRISOUP_PREDLIFT,3,1.4,0.9898616461255472,0.9977243301814988,0.9976427774766716,0.6092751907254068,0.2949170927933567,0.2696015943206364,0.950202977623101,0.4965752408875097,0.4436782462874914,0.6116489007585035,0.2370249746252134,0.5035200406054802,0.6652257162343697,0.2341846949045291,0.2549159507995968,0.4798092785009423,0.092034463218571,0.4031448067173417,0.6924695582522152,0.2951066674802561,0.4363615054845952,0.6438866228642326,0.2172533911191051,0.4923711818163968,0.8783974030365247,0.8370696640423577,0.7823848695413557,0.9997536644782076,0.9996572014001402,0.9494816951756824,0.8630482711200379,0.7840104307445999,0.9829243739283122,0.9202108248874628,0.3216202407934241,0.7737951727320693,0.7705636772818577,0.5060194785600511,0.5341558050979144,0.0142400707867532,0.5698232054710388,0.5790529251098633,0.5181704163551331,0.496082454919815,0.5783722996711731,0.5615348219871521,0.5208778381347656,0.5001375079154968,0.5157591104507446,0.539202094078064,0.4702623784542084,0.4784616529941559,0.9587823516674124,0.9566999140098296,0.9689770304091974,0.9732657515870724,0.9401807997135244,0.9601230238971664,0.1122416257858276,0.1273035407066345,0.1136393547058105,0.1376720666885376,0.1281095147132873,0.1356532573699951,0.8629919290542603,0.8516654968261719,0.744706392288208,0.7568152546882629,0.7939351797103882,0.7868181467056274,0.9765979647636414,0.973436713218689,0.9344497919082642,0.8819572925567627,0.9289812445640564,0.9158812761306764,0.0612561888992786,0.0666140764951706,0.1018791422247886,0.1121731847524643,0.0769310966134071,0.0861513763666153,0.8264398574829102,0.8192809820175171,0.7496464252471924,0.7360551357269287,0.8032131195068359,0.781895101070404,0.0,0.0,159.30038304178225,145.10569131056542,134.40575970675835,131.6640592319792,0.2690079808235168,0.2779092490673065,0.3348821997642517,0.3623275458812713,0.3234015703201294,0.338474690914154,0.0613305643200874,0.0669871494174003,0.1019936725497245,0.1117988750338554,0.0769844129681587,0.0883467867970466,0.9786917567253112,0.9738842248916626,0.9626118540763856,0.9425851702690125,0.9646250605583192,0.9577965140342712,0.1644006818532943,0.1761919856071472,0.2599585652351379,0.2827181220054626,0.1933008432388305,0.2224456518888473,0.4640349447727203,0.6259282231330872,0.7467958927154541,0.6787659525871277,0.5323992967605591,0.6903831958770752,31.75806427001953,31.38507080078125,27.06692123413086,27.048397064208984,29.13623809814453,28.29965209960937,0.979622483253479,0.9768211841583252,0.950417459011078,0.9405003786087036,0.9600098133087158,0.9516533613204956,0.9452817187357376,0.9275733828621696,0.9113985597286992,0.8307410079092784,0.9151599533003592,0.8838735511121654,0.9609823226928712,0.9499306082725524,0.911365270614624,0.8304213285446167,0.9151574969291688,0.8838313817977905,0.7194555401802063,0.7233152985572815,0.6574711203575134,0.6616854071617126,0.7406965494155884,0.7201276421546936,0.4349934160709381,0.407352089881897,0.3922283053398132,0.3283407092094421,0.3916003406047821,0.3902823328971863,0.9927164316177368,0.9913161993026732,0.9863900542259216,0.9771002531051636,0.99056077003479,0.9864858388900756,-0.0287451054900884,-0.0285251103341579,-0.0276604853570461,-0.0367322266101837,-0.0258012544363737,-0.0308074802160263
tmc13_loot_vox10_1200_dec_geom03_text03_trisoup-raht.ply,loot_vox10_1200.ply,TRISOUP_RAHT,4,1.075,0.9886123822339824,0.99726189364094,0.9972261138403784,0.5471544540336153,0.1931893115568342,0.1733049761383034,0.8512947750754667,0.3442332666577914,0.3156630565188949,0.5592747770498879,0.1728779254787537,0.4537136818936879,0.6652257162343697,0.2341846949045291,0.2549159507995968,0.4798092785009423,0.092034463218571,0.4031448067173417,0.6924695582522152,0.2951066674802561,0.4363615054845952,0.6438866228642326,0.2172533911191051,0.4923711818163968,0.8783974030365247,0.8370696640423577,0.7823848695413557,0.9997536644782076,0.9996572014001402,0.9494816951756824,0.8630482711200379,0.7840104307445999,0.9829243739283122,0.9202108248874628,0.3216202407934241,0.7737951727320693,0.7705636772818577,0.5060194785600511,0.5341558050979144,0.0142400707867532,0.5307992100715637,0.5362256169319153,0.4672592282295227,0.4451101720333099,0.5083397030830383,0.5035043358802795,0.5080930590629578,0.4888885617256164,0.4920827150344848,0.5271168947219849,0.4628792107105255,0.454701691865921,0.9538669476354776,0.9533049730141068,0.9621205718549054,0.9670518589883652,0.9266936761249124,0.9583739349717604,0.1727643013000488,0.1622844934463501,0.1900583505630493,0.1915137767791748,0.203453779220581,0.2163962125778198,0.7938951849937439,0.7831128239631653,0.7075170278549194,0.7058104872703552,0.6600918173789978,0.7071108818054199,0.9664873480796814,0.9643828868865968,0.9114128947257996,0.8540875911712646,0.9013919234275818,0.8750361204147339,0.079745128750801,0.0836781486868858,0.1110056862235069,0.1259909868240356,0.1026746556162834,0.107321910560131,0.7795301675796509,0.776259183883667,0.7198575139045715,0.706953763961792,0.7509477734565735,0.7251646518707275,0.0,0.0,163.8976465406971,147.83702112648317,152.46713185020178,134.38786333245292,0.2926739454269409,0.2989672124385834,0.3544487953186035,0.3739828169345855,0.3391859233379364,0.3584844172000885,0.0778823047876358,0.0823954865336418,0.1099288538098335,0.123828537762165,0.0985066369175911,0.1077399551868438,0.9718233346939088,0.9666673541069032,0.953873872756958,0.9315170645713806,0.9516045451164246,0.9421305656433104,0.1843592375516891,0.1953868120908737,0.2777092456817627,0.3009150624275207,0.2135780453681945,0.248566061258316,0.5797414779663086,0.6698780655860901,0.7498037815093994,0.9030592441558838,0.7669804692268372,0.8549716472625732,30.930044174194336,30.56948471069336,26.629432678222656,26.58168029785156,28.435043334960938,27.559589385986328,0.9715709686279296,0.9699832201004028,0.9401240348815918,0.9267463088035583,0.9470162987709044,0.9341827630996704,0.9226628074305804,0.9047053586170876,0.8853410407218084,0.794768639984599,0.8884762862700026,0.8417595062599931,0.942658305168152,0.932295262813568,0.8852735757827759,0.7944015264511108,0.8884727954864502,0.8416986465454102,0.5924738049507141,0.6370280385017395,0.6132654547691345,0.627354085445404,0.5856099724769592,0.5797620415687561,0.3542742431163788,0.3389114141464233,0.3293590545654297,0.2835287451744079,0.3275147378444671,0.3109883666038513,0.9899168014526368,0.9885346293449402,0.981889545917511,0.969737708568573,0.9860563278198242,0.9789851307868958,-0.0336518622934818,-0.0337009392678737,-0.0341578610241413,-0.039529126137495,-0.0338039584457874,-0.0412282459437847
tmc13_loot_vox10_1200_dec_geom04_text04_octree-predlift.ply,loot_vox10_1200.ply,OCTREE_PRED_LIFT,1,2.725,0.9920987199480628,0.9982814561191982,0.9981355243625224,0.7252285950698617,0.3735239654274192,0.3279599506205371,0.943608116814482,0.5980208208353408,0.5147297356487366,0.7254381676387356,0.3114009362061987,0.617291536841858,0.6720809592784577,0.3409118471426884,0.3400826230096492,0.3267223256021095,0.092034463218571,0.4031448067173417,0.7856627922322343,0.3538245004742478,0.4644544063027621,0.2999775773089696,0.1285403268251911,0.1890264015583865,0.7669777758697454,0.7309533048449836,0.5706007136829456,0.9992313810023874,0.9979939518239944,0.9257755395591716,0.6842006216240565,0.6239620566205796,0.9878172115421952,0.9478205098924438,0.3876021432294288,0.7961804252871488,0.7748376325986125,0.5672697321069503,0.450366003402653,0.0029346755838559,0.5859059691429138,0.5814239978790283,0.5832715034484863,0.5364392399787903,0.5707058310508728,0.5622111558914185,0.5283574461936951,0.511092483997345,0.5242982506752014,0.558252215385437,0.4822762012481689,0.5009438395500183,0.972577465052785,0.9732652634846556,0.9907185339479976,0.9885900382963352,0.9716527507796786,0.981924037460447,0.1288986802101135,0.1279458999633789,0.1350574493408203,0.1257424354553222,0.1389819383621215,0.1199038028717041,0.8338625431060791,0.8230395317077637,0.8381773829460144,0.8373584747314453,0.7939261198043823,0.7932466268539429,0.980452835559845,0.9769001007080078,0.9524661302566528,0.9043514728546144,0.94081711769104,0.924592137336731,0.0590999163687229,0.0639789998531341,0.0622871853411197,0.077126458287239,0.0741558000445365,0.0807035863399505,0.826983630657196,0.8213753700256348,0.8501328825950623,0.8181958794593811,0.7946535348892212,0.7915430665016174,0.0,0.0,127.76238178626356,119.66228019030493,127.93798865305082,123.6598876625324,0.2626700401306152,0.2703154683113098,0.3126066029071808,0.3451533615589142,0.3196872770786285,0.3335510194301605,0.060877226293087,0.0661438032984733,0.0648141056299209,0.0792505592107772,0.0757744014263153,0.0833992138504982,0.984210729598999,0.9800705909729004,0.979117751121521,0.9619457721710204,0.9732033610343932,0.9666361212730408,0.1672217696905136,0.1750343739986419,0.1882781684398651,0.2309407442808151,0.1881033182144165,0.2094661891460418,0.4861569702625274,0.6546332836151123,0.7253562211990356,0.6637936234474182,0.6201491951942444,0.7987921237945557,31.519269943237305,31.285350799560547,29.52043342590332,28.96686172485352,28.977149963378903,28.44796371459961,0.9827664494514464,0.9804115295410156,0.9665713906288148,0.9528769254684448,0.9650884866714478,0.9574989676475524,0.953912246983428,0.9384567722146738,0.9348369058213786,0.8657124195289536,0.9268118181864076,0.8982833703841504,0.9711267352104188,0.9627310037612916,0.934830367565155,0.8656992316246033,0.9268099665641784,0.8982771635055542,0.6499394774436951,0.6444646716117859,0.7473099827766418,0.7477557063102722,0.7504801154136658,0.7289146780967712,0.4712172150611877,0.4414624571800232,0.4583219885826111,0.391914039850235,0.422012448310852,0.4244913756847381,0.9938937425613404,0.9925915002822876,0.991294801235199,0.9823317527770996,0.9911500811576844,0.9873714447021484,-0.0295199416577816,-0.0305308811366558,-0.0252862013876438,-0.0337176173925399,-0.0252657569944858,-0.0299465805292129
tmc13_loot_vox10_1200_dec_geom04_text04_octree-raht.ply,loot_vox10_1200.ply,OCTREE_RAHT,2,2.25,0.991581917750066,0.9979442276763446,0.9978381911255416,0.6819172193876042,0.2687883508035982,0.2303548745519258,0.9133133854391428,0.460470886222693,0.3937534591386268,0.6908991734414588,0.2338659430038098,0.5734897296479412,0.6720809592784577,0.3409118471426884,0.3400826230096492,0.3267223256021095,0.092034463218571,0.4031448067173417,0.7856627922322343,0.3538245004742478,0.4644544063027621,0.2999775773089696,0.1285403268251911,0.1890264015583865,0.7669777758697454,0.7309533048449836,0.5706007136829456,0.9992313810023874,0.9979939518239944,0.9257755395591716,0.6842006216240565,0.6239620566205796,0.9878172115421952,0.9478205098924438,0.3876021432294288,0.7961804252871488,0.7748376325986125,0.5672697321069503,0.450366003402653,0.0029346755838559,0.5642366409301758,0.5645536780357361,0.5507802963256836,0.5018126368522644,0.5212830901145935,0.5199159979820251,0.5193776488304138,0.5028329491615295,0.5147600173950195,0.5452917218208313,0.4669734239578247,0.4872475564479828,0.9699505652376638,0.9696735694726268,0.9876920254030545,0.984996302039778,0.960838089457194,0.9784711583047662,0.1537293791770935,0.1471202373504638,0.1803918480873108,0.1717492341995239,0.1743669509887695,0.1633429527282714,0.8193020820617676,0.8207437992095947,0.8294894695281982,0.8270103931427002,0.7705246806144714,0.7856706380844116,0.9771440029144288,0.9746124744415284,0.9419999718666076,0.8980152606964111,0.9293791651725768,0.9166439771652222,0.0640516057610511,0.0676102191209793,0.0666782930493354,0.081922598183155,0.0840307027101516,0.0850028842687606,0.8106768727302551,0.8032267689704895,0.8317057490348816,0.8051432371139526,0.7613100409507751,0.7687251567840576,0.0,0.0,133.45228255965077,116.80251018290024,132.7795600254742,122.9747017602003,0.2747342586517334,0.2795662581920624,0.3236951231956482,0.3525060713291168,0.3327719569206238,0.3415704667568207,0.0657897442579269,0.0697947591543197,0.0692709535360336,0.0834858864545822,0.085206538438797,0.0875412970781326,0.980082631111145,0.9764974117279052,0.9728493690490724,0.9551658630371094,0.9655128717422484,0.9630807638168336,0.1826623380184173,0.1921911537647247,0.2022454738616943,0.2484024763107299,0.2072822749614715,0.2262238711118698,0.4471465945243835,0.5403690338134766,0.6183735132217407,0.604357123374939,0.5636741518974304,0.5833523273468018,30.9955997467041,30.715150833129883,29.04861831665039,28.54141998291016,28.264009475708008,27.904788970947266,0.9800737500190736,0.9774776101112366,0.9623138308525084,0.9507734179496764,0.9601728916168212,0.9549394249916076,0.9403247252514748,0.9259097838505438,0.918032744597004,0.8436942489618648,0.9075380321284544,0.8801675490601414,0.9636590480804444,0.9566516876220704,0.9180249571800232,0.8436784744262695,0.9075355529785156,0.8801616430282593,0.6074694991111755,0.6454910635948181,0.7173107862472534,0.7241801619529724,0.7192004323005676,0.6979177594184875,0.4062571227550506,0.3827354907989502,0.3995375037193298,0.3475121259689331,0.3583743274211883,0.3664092421531677,0.9925920963287354,0.9915629029273988,0.9896538853645324,0.9809677600860596,0.989254891872406,0.985786497592926,-0.0316053368151187,-0.0317662917077541,-0.0294538494199514,-0.0334702134132385,-0.0293443817645311,-0.0325237549841403
tmc13_loot_vox10_1200_dec_geom04_text04_trisoup-predlift.ply,loot_vox10_1200.ply,TRISOUP_PREDLIFT,3,1.725,0.992985827155093,0.9983363096415594,0.9981905514884708,0.724329570879317,0.3654257774690285,0.3330846307740104,0.9438373069548764,0.5812697278257176,0.5184219035658246,0.72516670889516,0.3050078558475771,0.6187948591651752,0.6652257162343697,0.2341846949045291,0.2549159507995968,0.4798092785009423,0.092034463218571,0.4031448067173417,0.6924695582522152,0.2951066674802561,0.4363615054845952,0.6438866228642326,0.2172533911191051,0.4923711818163968,0.8783974030365247,0.8370696640423577,0.7823848695413557,0.9997536644782076,0.9996572014001402,0.9494816951756824,0.8630482711200379,0.7840104307445999,0.9829243739283122,0.9202108248874628,0.3216202407934241,0.7737951727320693,0.7705636772818577,0.5060194785600511,0.5341558050979144,0.0142400707867532,0.5870062708854675,0.6018485426902771,0.5353245139122009,0.5268121361732483,0.6006537079811096,0.5873104929924011,0.533246636390686,0.5147216320037842,0.5288962721824646,0.5566223859786987,0.490542471408844,0.505121648311615,0.968591445126002,0.966956526957664,0.975921982433554,0.9781776960844476,0.9697996678642332,0.9716127603238428,0.0824087858200073,0.0828720331192016,0.0969340801239013,0.1166005134582519,0.0918335318565368,0.0960882306098938,0.8920024037361145,0.8809704184532166,0.7486445903778076,0.7703705430030823,0.8309882879257202,0.8162081241607666,0.9821306467056274,0.9795961380004884,0.9394580721855164,0.8961228132247925,0.9487415552139282,0.9350073337554932,0.0537406764924526,0.0571320615708828,0.100810594856739,0.1059491410851478,0.0649507120251655,0.0749105364084243,0.8428270816802979,0.8384840488433838,0.757880687713623,0.7494853138923645,0.8216924071311951,0.8045397400856018,0.0,0.0,156.80685591919547,137.73330323985286,122.32650221251558,120.91330119853792,0.2469636499881744,0.2564367651939392,0.3320065438747406,0.3504021167755127,0.3039981126785278,0.3201993107795715,0.0543450899422168,0.0582350715994834,0.1005100533366203,0.1057881414890289,0.066828541457653,0.0774283334612846,0.9861392974853516,0.9820043444633484,0.9680689573287964,0.9558071494102478,0.9783180952072144,0.9724570512771606,0.1517613679170608,0.1623766124248504,0.2549662590026855,0.270935595035553,0.1755784451961517,0.2030524462461471,0.4104893505573272,0.5388647317886353,0.7566890120506287,0.6510933637619019,0.4016385674476623,0.506045937538147,32.07495880126953,31.71838760375977,27.15522575378418,27.203628540039062,29.416309356689453,28.633745193481445,0.9834216833114624,0.9814018607139589,0.9528118968009948,0.9449109435081482,0.964670956134796,0.9587634205818176,0.9574295132923396,0.9413707127706064,0.9182067593218638,0.8575719135138785,0.936572921553915,0.9112821155594648,0.9740052223205566,0.965001106262207,0.9181772470474244,0.8572559356689453,0.9365715980529784,0.9112420082092284,0.8192522525787354,0.8183156847953796,0.67850661277771,0.6930622458457947,0.8305026888847351,0.7912530303001404,0.4888525307178497,0.453909158706665,0.4135511815547943,0.3639821410179138,0.4517551958560943,0.4434139430522918,0.9946750402450562,0.993606686592102,0.9870176911354064,0.9802401661872864,0.992373526096344,0.9890382885932922,-0.0244894493371248,-0.0244290102273225,-0.0255444720387458,-0.0309250149875879,-0.0185070037841796,-0.0219570770859718
tmc13_loot_vox10_1200_dec_geom04_text04_trisoup-raht.ply,loot_vox10_1200.ply,TRISOUP_RAHT,4,1.55,0.9923499781612694,0.9980109713427248,0.997859845722221,0.6983614997584107,0.2570544421548342,0.2326031507722964,0.9110495467187556,0.4336659376981891,0.3884051811249185,0.7051530967735209,0.2339998818719201,0.5944551599947611,0.6652257162343697,0.2341846949045291,0.2549159507995968,0.4798092785009423,0.092034463218571,0.4031448067173417,0.6924695582522152,0.2951066674802561,0.4363615054845952,0.6438866228642326,0.2172533911191051,0.4923711818163968,0.8783974030365247,0.8370696640423577,0.7823848695413557,0.9997536644782076,0.9996572014001402,0.9494816951756824,0.8630482711200379,0.7840104307445999,0.9829243739283122,0.9202108248874628,0.3216202407934241,0.7737951727320693,0.7705636772818577,0.5060194785600511,0.5341558050979144,0.0142400707867532,0.5413245558738708,0.5571821331977844,0.4982627034187317,0.4791234135627746,0.5260533094406128,0.5269837379455566,0.5195931792259216,0.5102425813674927,0.5240879058837891,0.5530522465705872,0.4737662672996521,0.4927494525909424,0.9652676352878076,0.965719310491412,0.9742227922785148,0.9761933504328092,0.9619875778017452,0.9704851390102414,0.1177268624305725,0.1089923381805419,0.1494534611701965,0.1468223929405212,0.1449779272079467,0.1362773180007934,0.8727351427078247,0.8674653172492981,0.7356305122375488,0.7660894393920898,0.7998039126396179,0.8046998381614685,0.9780318140983582,0.9762455821037292,0.923927366733551,0.8807746171951294,0.9326399564743042,0.9167593717575072,0.0591265484690666,0.0619738586246967,0.1038224175572395,0.1083757653832435,0.0712121948599815,0.0777005851268768,0.820835292339325,0.8185135722160339,0.741370677947998,0.7373853325843811,0.7985289096832275,0.7850568890571594,0.0,0.0,158.23525567438458,135.47998885780643,128.69791739500567,119.94062219304828,0.2626949846744537,0.269006997346878,0.3429299592971802,0.360370010137558,0.3204818665981293,0.3345318734645843,0.0601776279509067,0.0631655752658844,0.1035620793700218,0.1086649075150489,0.0736370608210563,0.0808949992060661,0.9821019172668456,0.9781677722930908,0.963096797466278,0.9497804641723632,0.970343828201294,0.9665613174438475,0.1666686981916427,0.1764526218175888,0.2659797072410583,0.2856082618236542,0.1906523406505584,0.2182242274284362,0.4044813811779022,0.4905194938182831,0.6587985754013062,0.5753941535949707,0.3751767575740814,0.4573420584201813,31.50630760192871,31.12965583801269,26.868736267089844,26.85055923461914,28.98876190185547,28.207643508911133,0.9802560210227966,0.9791982173919678,0.9467442035675048,0.9395819902420044,0.958159863948822,0.952474057674408,0.939466072098358,0.9244291845102768,0.8990400943476491,0.8290346213903853,0.9136699898886114,0.8854148940264276,0.9628061056137084,0.955326497554779,0.8990070819854736,0.8286632895469666,0.9136667251586914,0.8853735327720642,0.7482734322547913,0.7652400135993958,0.6497179865837097,0.6859995722770691,0.7631145119667053,0.743639349937439,0.407421737909317,0.3868975043296814,0.3607786893844604,0.3189706206321716,0.376270979642868,0.3766949772834778,0.9934818744659424,0.9924087524414062,0.9844948053359984,0.9769095778465272,0.9898164868354796,0.985801637172699,-0.0288070943206548,-0.0285674892365932,-0.0284960195422172,-0.0336372070014476,-0.0264952313154935,-0.0266796573996543
tmc13_loot_vox10_1200_dec_geom05_text05_octree-predlift.ply,loot_vox10_1200.ply,OCTREE_PRED_LIFT,1,3.475,0.9957082259144324,0.9988729070128544,0.9987099838507272,0.8144569169966338,0.4590193905330281,0.4339734929913376,0.9264904117566232,0.6716736476455719,0.6317578656939359,0.8102268671955698,0.4237916191008036,0.7228908193752097,0.5600386542983885,0.2829211599577936,0.2795637164812317,0.2786024524583425,0.092034463218571,0.4031448067173417,0.7119836306996857,0.2954449624174186,0.4639266591436182,0.2407816624504948,0.1068052379817554,0.1485568416180336,0.8977924410874378,0.8661367223493537,0.7301713088593303,0.998638573948662,0.997796502316224,0.9126374350256518,0.8282853602340793,0.8154277233478163,0.9912989889315738,0.9541058097209706,0.4367167073360086,0.8388212016786588,0.8215193759295224,0.6038379648041771,0.3954256498064972,0.0029854769213102,0.6011571288108826,0.6157401204109192,0.625599205493927,0.6020747423171997,0.6033870577812195,0.6087727546691895,0.5327370762825012,0.5211799740791321,0.534649670124054,0.5650186538696289,0.4928587079048157,0.5073778033256531,0.9683070972917576,0.9696786589181664,0.989254853729668,0.988176318145422,0.9749019295836956,0.9789566732288176,0.0835117101669311,0.0899326801300048,0.1073908805847168,0.0816437602043151,0.0894883871078491,0.0795865654945373,0.8516347408294678,0.850875735282898,0.8548137545585632,0.8621865510940552,0.8159464001655579,0.8174885511398315,0.985235869884491,0.9836654663085938,0.9636678099632264,0.9276896119117736,0.9591712355613708,0.9466635584831238,0.054969236254692,0.0553246885538101,0.0594686530530452,0.0666131973266601,0.0623732134699821,0.0664968863129615,0.856173038482666,0.8551403284072876,0.8727830648422241,0.8538084030151367,0.8376539945602417,0.8356919884681702,0.0,0.0,111.1594942057666,96.79475518948794,110.17379484644783,109.58745531386036,0.2446300685405731,0.2479801774024963,0.2926424443721771,0.3232184946537018,0.2954640984535217,0.310060054063797,0.054849799722433,0.0561047121882438,0.0600673109292984,0.0688551589846611,0.0633516982197761,0.0681381225585937,0.9901719093322754,0.9878063201904296,0.985437512397766,0.9751616716384888,0.9841246604919434,0.9807509183883668,0.1653666347265243,0.1745575368404388,0.194701462984085,0.2324977815151214,0.1782608479261398,0.2143487185239792,0.55776447057724,0.5680074691772461,0.4336543381214142,0.3528285920619964,0.4239136874675751,0.4574223756790161,31.51290702819824,31.59077835083008,29.676408767700195,29.36905860900879,29.720088958740234,29.10604858398437,0.9852928519248962,0.9843072891235352,0.9712544083595276,0.9637919664382936,0.967565894126892,0.965463161468506,0.9662787405807016,0.9558054115629782,0.950456189751599,0.8980002885715634,0.9483225241449952,0.9303323067822284,0.981669783592224,0.9773328304290771,0.9504522681236268,0.8979723453521729,0.94832181930542,0.9303267002105712,0.646499514579773,0.6945393085479736,0.8036186099052429,0.8241257071495056,0.8046592473983765,0.7185404300689697,0.5329331755638123,0.503423273563385,0.516511082649231,0.4452174007892608,0.4959917366504669,0.4893010854721069,0.9955154657363892,0.99502694606781,0.9932926297187804,0.9871975779533386,0.9935985207557678,0.9911876916885376,-0.0248201750218868,-0.0244163293391466,-0.0196446683257818,-0.0235347468405962,-0.0186084005981683,-0.0201729871332645
tmc13_loot_vox10_1200_dec_geom05_text05_octree-raht.ply,loot_vox10_1200.ply,OCTREE_RAHT,2,2.75,0.9954442464181084,0.9986120289496562,0.9984425092455602,0.8016660781197331,0.3651398081172064,0.3231175823033582,0.9219879395827892,0.558570570132352,0.4860115164624386,0.8077738463644488,0.3270465968139868,0.7037693791986337,0.5600386542983885,0.2829211599577936,0.2795637164812317,0.2786024524583425,0.092034463218571,0.4031448067173417,0.7119836306996857,0.2954449624174186,0.4639266591436182,0.2407816624504948,0.1068052379817554,0.1485568416180336,0.8977924410874378,0.8661367223493537,0.7301713088593303,0.998638573948662,0.997796502316224,0.9126374350256518,0.8282853602340793,0.8154277233478163,0.9912989889315738,0.9541058097209706,0.4367167073360086,0.8388212016786588,0.8215193759295224,0.6038379648041771,0.3954256498064972,0.0029854769213102,0.5709101557731628,0.5808073282241821,0.584553599357605,0.5488753318786621,0.5523352026939392,0.5570805072784424,0.5314383506774902,0.5164936184883118,0.532059907913208,0.5635057091712952,0.4871736466884613,0.500454843044281,0.9660865725775196,0.9690702491351426,0.9895405351317186,0.9877434337354528,0.9722435657144064,0.9787275958627132,0.0964823961257934,0.0972695350646972,0.1245574951171875,0.1048299074172973,0.1110305190086364,0.0937620401382446,0.850498378276825,0.8506019115447998,0.8496851921081543,0.8646389245986938,0.8137581944465637,0.8174503445625305,0.9842600226402284,0.9828376770019532,0.9569432139396667,0.9238160848617554,0.954294979572296,0.94238942861557,0.0560752674937248,0.056338645517826,0.0613695234060287,0.0681504756212234,0.0657012164592742,0.068340890109539,0.8485661149024963,0.8478648066520691,0.8644950985908508,0.8485583066940308,0.821955144405365,0.8261749744415283,0.0,0.0,113.5999629702396,95.67610024258911,112.56211740512391,107.92304479487736,0.2487666308879852,0.2521247267723083,0.3004577755928039,0.3283762335777282,0.30390065908432,0.3150099217891693,0.0561239570379257,0.0571826957166194,0.0622646287083625,0.0702492669224739,0.0667356848716735,0.0699651092290878,0.9884039759635924,0.9862295985221864,0.9825842380523682,0.9726895093917848,0.9812790751457214,0.9789474010467528,0.1728327274322509,0.18063285946846,0.2019615173339843,0.2406295537948608,0.188302680850029,0.2223525494337082,0.5267989635467529,0.5273870825767517,0.4187183976173401,0.3431856036186218,0.4200507402420044,0.3990887999534607,31.25199317932129,31.32019805908203,29.380998611450195,29.11126708984375,29.294023513793945,28.800464630126957,0.9846120476722716,0.9832156896591188,0.9679590463638306,0.9627312421798706,0.9655155539512634,0.964529275894165,0.9572160765665418,0.9480879224965458,0.9392061094716886,0.8841131269885744,0.93535755706953,0.9194716517722734,0.9786385893821716,0.9748573303222656,0.9392032623291016,0.8840786218643188,0.935356378555298,0.919465720653534,0.6387876868247986,0.689802885055542,0.7903802990913391,0.8147029280662537,0.7926658987998962,0.7169851660728455,0.4782747030258178,0.4576708674430847,0.4703225493431091,0.410564512014389,0.437525600194931,0.446318656206131,0.9950949549674988,0.9946714043617249,0.9922447800636292,0.9865301847457886,0.9926981925964355,0.9903472661972046,-0.0260484144091606,-0.0250208750367164,-0.021374937146902,-0.0234908182173967,-0.0204525832086801,-0.021885510534048
tmc13_loot_vox10_1200_dec_geom05_text05_trisoup-predlift.ply,loot_vox10_1200.ply,TRISOUP_PREDLIFT,3,2.675,0.9955880757797664,0.998875454688634,0.9986677244267004,0.8056321096340839,0.4560688547000097,0.4176152149516633,0.9295584389114528,0.672023123438123,0.6198992679498175,0.8021307451718059,0.4086384700193318,0.7133989751570431,0.5110891510268324,0.1862968995106888,0.2030781284353331,0.3570928849060117,0.092034463218571,0.4031448067173417,0.6339898512912429,0.2525185307163374,0.4183215922988931,0.5317308389563821,0.1870154363690065,0.3905908725092072,0.9207564703760626,0.8877593315326355,0.797552072330527,1.0001827462812556,0.9998847646926998,0.9344242840699128,0.879031984052464,0.8557488983868088,0.990037618459718,0.9307097062247272,0.3495224752543459,0.8277986130585826,0.8145221687437763,0.527560605480879,0.5020088205556389,0.0058846541558994,0.6201093792915344,0.6303586363792419,0.6027857661247253,0.5939151644706726,0.6179021000862122,0.6186449527740479,0.5387840270996094,0.5269479751586914,0.5459955930709839,0.571854829788208,0.5006535053253174,0.5196344256401062,0.9782756784540426,0.9772087621852914,0.9924520107035382,0.988604893866,0.983697261357391,0.9847322634949112,0.0639730095863342,0.0595738291740417,0.0760676860809326,0.0761880278587341,0.063865065574646,0.0606473684310913,0.907418727874756,0.9057658314704896,0.834028959274292,0.8380007743835449,0.8661750555038452,0.8589304685592651,0.9879929423332214,0.986372172832489,0.9585265517234802,0.9239789843559264,0.9652116894721984,0.9551381468772888,0.0416084937751293,0.043940246105194,0.0628835782408714,0.0735011920332908,0.0470908619463443,0.0551566332578659,0.8838505744934082,0.8809106945991516,0.8623725771903992,0.8301466107368469,0.8746305704116821,0.8600009679794312,0.0,0.0,129.17779039381588,111.23479072872692,105.38682588285292,104.85689033437896,0.2209241539239883,0.2297232747077942,0.3022948801517486,0.3234863877296448,0.2818758487701416,0.2970402836799621,0.0429868698120117,0.0454150214791297,0.0652599856257438,0.0752423703670501,0.0502223744988441,0.0580876059830188,0.9917473196983336,0.9891579151153564,0.9842187166213988,0.9757698774337769,0.988182783126831,0.9850597381591796,0.1411446928977966,0.1445656865835189,0.1989837288856506,0.2252626419067382,0.1498011946678161,0.1725474447011947,0.4266607165336609,0.4721659421920776,0.4897512197494507,0.4055306315422058,0.4864786267280578,0.5174204707145691,33.0142936706543,32.82611846923828,29.31215476989746,28.946144104003903,30.699501037597656,29.933692932128903,0.9890232682228088,0.9878053069114684,0.9677294492721558,0.9592888355255128,0.9744247198104858,0.971158504486084,0.9691561472771076,0.9576411536448648,0.943687583551909,0.9001109725539986,0.9566546609812466,0.939253992194262,0.984362244606018,0.9787806272506714,0.943683624267578,0.9000954627990723,0.9566545486450196,0.9392517805099488,0.8073858022689819,0.8368176817893982,0.7324753999710083,0.7949539422988892,0.8434584736824036,0.8586586117744446,0.5504880547523499,0.5136845111846924,0.4884093105792999,0.4388247430324554,0.5324950814247131,0.5197358131408691,0.996509611606598,0.995901346206665,0.9920623898506165,0.9867390394210817,0.9946070313453674,0.99248605966568,-0.0215148571878671,-0.0198390241712331,-0.0211111232638359,-0.0206818766891956,-0.0151013042777776,-0.0146484021097421
tmc13_loot_vox10_1200_dec_geom05_text05_trisoup-raht.ply,loot_vox10_1200.ply,TRISOUP_RAHT,4,2.65,0.9952985459440368,0.9986215296120844,0.9984917555400012,0.8033668445916232,0.3547840390946719,0.3183564980774213,0.9233939167764268,0.5457531257924506,0.4797035869884928,0.8080948395170421,0.3182624920128082,0.705706245421589,0.5110891510268324,0.1862968995106888,0.2030781284353331,0.3570928849060117,0.092034463218571,0.4031448067173417,0.6339898512912429,0.2525185307163374,0.4183215922988931,0.5317308389563821,0.1870154363690065,0.3905908725092072,0.9207564703760626,0.8877593315326355,0.797552072330527,1.0001827462812556,0.9998847646926998,0.9344242840699128,0.879031984052464,0.8557488983868088,0.990037618459718,0.9307097062247272,0.3495224752543459,0.8277986130585826,0.8145221687437763,0.527560605480879,0.5020088205556389,0.0058846541558994,0.5710048079490662,0.5881628394126892,0.5539631843566895,0.5410254597663879,0.5549210906028748,0.5611843466758728,0.5362590551376343,0.5230148434638977,0.5432528853416443,0.5711674094200134,0.4962581098079681,0.5182250738143921,0.97666098093257,0.9761239331508004,0.9916053104469252,0.9885224425405412,0.980072744627664,0.9852190254454116,0.0734668970108032,0.0705033540725708,0.1046786308288574,0.0912151336669921,0.0928493738174438,0.0765684247016906,0.9055142402648926,0.906481146812439,0.8311971426010132,0.8372455835342407,0.8611431121826172,0.8593888282775879,0.9871092438697816,0.9858368039131165,0.9506537914276124,0.9183558225631714,0.9596956372261048,0.9493612051010132,0.0419814586639404,0.0440332554280757,0.0628221929073333,0.0732706561684608,0.0475275553762912,0.0541740767657756,0.877742350101471,0.8769583702087402,0.857215404510498,0.8272934556007385,0.867676854133606,0.8577103614807129,0.0,0.0,125.6871416485283,107.1621439181932,109.60105563745864,103.9301063802512,0.2269937992095947,0.2336395531892776,0.3085433542728424,0.3296836018562317,0.2901643514633178,0.3027231693267822,0.0436819717288017,0.0456173606216907,0.0653133615851402,0.0753534957766532,0.0510068126022815,0.057533536106348,0.9901849627494812,0.9879416823387146,0.9822278022766112,0.9739686846733092,0.9853845834732056,0.982803225517273,0.148212656378746,0.1495374590158462,0.2037804126739502,0.2328090667724609,0.1577534973621368,0.1792358011007309,0.3991743326187134,0.4393074512481689,0.4597887098789215,0.3768828213214874,0.473942369222641,0.4439060389995575,32.78595352172852,32.6201057434082,29.251758575439453,28.7553768157959,30.48147964477539,29.817569732666016,0.9884191751480104,0.987482249736786,0.9659879803657532,0.9578436613082886,0.972894549369812,0.969794750213623,0.9585274778792664,0.948765443010784,0.931833002385631,0.884495409799751,0.942954948327028,0.9266034453133586,0.979838728904724,0.9752448797225952,0.9318264722824096,0.8844680190086365,0.9429542422294616,0.926599383354187,0.7905671000480652,0.8389225602149963,0.7229236364364624,0.7971040606498718,0.8304293751716614,0.8532931208610535,0.4846859872341156,0.463832288980484,0.4471693336963653,0.4042709767818451,0.4650121927261352,0.4719753563404083,0.9961882829666138,0.9956904053688048,0.9909384250640868,0.9856839776039124,0.9937268495559692,0.9914341568946838,-0.0226955246180295,-0.0214604791253805,-0.0231722816824913,-0.0232187006622552,-0.0166462585330009,-0.0159190744161605
tmc13_loot_vox10_1200_dec_geom06_text06_octree-predlift.ply,loot_vox10_1200.ply,OCTREE_PRED_LIFT,1,4.3,0.997330012709728,0.9993061939371808,0.9990714135690192,0.8776390228030163,0.5866595254597755,0.5645554297423495,0.9148919612439216,0.7658502129811683,0.7496052051131739,0.8731327537928364,0.5637164323789027,0.8008250781799768,0.5130882414598116,0.2575824823747858,0.2568002458878184,0.2584567746946008,0.092034463218571,0.4031448067173417,0.6778472957346068,0.2744402622895698,0.4552561980165399,0.2546205895641877,0.0932798710834616,0.1878825812986033,0.9548707612009548,0.9287727698720653,0.8429276228536818,0.9937367269505276,0.9954999581541842,0.9003766072528959,0.9080724869664424,0.9093215925143802,0.994197706996254,0.9590580603080718,0.4898323346374968,0.8934312892353351,0.8796410769050517,0.6463827176964174,0.3385512530885383,0.0024022781745119,0.6203370690345764,0.6329094171524048,0.6206521391868591,0.6179565787315369,0.6144298911094666,0.6139580607414246,0.5376927852630615,0.5254346132278442,0.5412718057632446,0.5668079257011414,0.4979382157325744,0.5095919966697693,0.9779017942315062,0.9781730656536988,0.9900499801605476,0.987837541202687,0.975401147158499,0.981747231073692,0.0488961338996887,0.0536884069442749,0.0705516338348388,0.0528453588485717,0.0520695447921752,0.0452911853790283,0.8981990814208984,0.8962985277175903,0.8677201271057129,0.8622345924377441,0.8438012599945068,0.8446063995361328,0.9883856177330016,0.987255036830902,0.9680805802345276,0.9326385259628296,0.9658413529396056,0.9562718272209167,0.0492904856801033,0.0482907555997371,0.0586838312447071,0.0692846700549125,0.0652827844023704,0.0685250908136367,0.8887336850166321,0.8897343873977661,0.8825345635414124,0.8582286834716797,0.8419175148010254,0.8453531861305237,0.0,0.0,100.73469568779048,88.7095282554179,102.84712895321516,100.08981386705936,0.2342644780874252,0.2355385571718216,0.2850732207298279,0.3182204961776733,0.2879140079021454,0.3002936542034149,0.0492942370474338,0.0492246784269809,0.0596606843173503,0.0711103677749633,0.0659518167376518,0.0695291310548782,0.9924720525741576,0.9908170104026794,0.988011360168457,0.978136420249939,0.9872190356254578,0.9844703078269958,0.1519972681999206,0.1586161255836486,0.1845957636833191,0.2255805432796478,0.1698799431324005,0.1976232826709747,0.3431856036186218,0.3568843603134155,0.3829461634159088,0.3951378166675567,0.3348133862018585,0.3751645982265472,32.408721923828125,32.70351791381836,29.98466110229492,29.524858474731445,29.98263931274414,29.563232421875,0.9876233339309692,0.9884039163589478,0.9746964573860168,0.9667553901672364,0.9702633023262024,0.9680078029632568,0.9733457868768876,0.9656339096839434,0.9573311863594308,0.9107510161265812,0.9571583010695296,0.9442764015967398,0.9864513874053956,0.982886791229248,0.9573113322257996,0.910733699798584,0.957155466079712,0.944271981716156,0.7166007161140442,0.7946990728378296,0.8674144744873047,0.8683395981788635,0.8324283957481384,0.779238224029541,0.5934411287307739,0.5612286925315857,0.5646383166313171,0.4816525876522064,0.5392665266990662,0.5332195162773132,0.9964923858642578,0.9962838292121888,0.9936032295227052,0.9885311126708984,0.9944671988487244,0.9928246736526488,-0.0220705792307853,-0.0211676396429538,-0.0161729492247104,-0.0245382022112607,-0.015625474974513,-0.0156268943101167
tmc13_loot_vox10_1200_dec_geom06_text06_octree-raht.ply,loot_vox10_1200.ply,OCTREE_RAHT,2,4.175,0.9971690714904076,0.9990743516425148,0.998864187987593,0.8779258532470364,0.5085306921609417,0.4609316325260639,0.9159477112186258,0.6882291475419451,0.637880669932821,0.8792783869099448,0.4820295777449487,0.7884314565555525,0.5130882414598116,0.2575824823747858,0.2568002458878184,0.2584567746946008,0.092034463218571,0.4031448067173417,0.6778472957346068,0.2744402622895698,0.4552561980165399,0.2546205895641877,0.0932798710834616,0.1878825812986033,0.9548707612009548,0.9287727698720653,0.8429276228536818,0.9937367269505276,0.9954999581541842,0.9003766072528959,0.9080724869664424,0.9093215925143802,0.994197706996254,0.9590580603080718,0.4898323346374968,0.8934312892353351,0.8796410769050517,0.6463827176964174,0.3385512530885383,0.0024022781745119,0.5944131016731262,0.6076306700706482,0.5961220860481262,0.5945157408714294,0.5812711119651794,0.5822445750236511,0.5368229150772095,0.5268033742904663,0.540116012096405,0.5678698420524597,0.493609070777893,0.5094859600067139,0.9777811877959416,0.977493803363979,0.9897024897020246,0.9878086316163558,0.9737791110083048,0.9819252296503566,0.0540481805801391,0.049611210823059,0.0770842432975769,0.059777557849884,0.058903157711029,0.0532448291778564,0.8986592292785645,0.8961492776870728,0.8649399280548096,0.8616709113121033,0.8425173163414001,0.8403741717338562,0.9881224036216736,0.987003207206726,0.964899480342865,0.9307458400726318,0.9638670086860656,0.9540661573410034,0.0495790876448154,0.0485776215791702,0.0593240223824977,0.0694428086280822,0.0663619041442871,0.0694153755903244,0.8860770463943481,0.886954665184021,0.879220187664032,0.8572287559509277,0.8371049761772156,0.8393937945365906,0.0,0.0,102.36059834727234,87.78754260577132,102.49587758609805,100.32062343069428,0.2357354611158371,0.2370469272136688,0.2881839871406555,0.3201535940170288,0.2907550036907196,0.3032825589179992,0.0496532507240772,0.0494987554848194,0.060343462973833,0.0713471099734306,0.066935196518898,0.0703041478991508,0.991754949092865,0.990226149559021,0.9865230917930604,0.977236032485962,0.9862470030784608,0.9835333228111268,0.1556368172168731,0.16164630651474,0.1882489770650863,0.2286587208509445,0.1745514720678329,0.2015175074338913,0.321120411157608,0.3348270058631897,0.3347153663635254,0.3548993468284607,0.3022263050079345,0.3278012871742248,32.256771087646484,32.541831970214844,29.85369110107422,29.41548538208008,29.840211868286133,29.39462661743164,0.987218976020813,0.9881640076637268,0.9738588929176332,0.9663506746292114,0.9699118733406068,0.966790497303009,0.9689715273708448,0.9619151386146996,0.9508283815577944,0.9047127302017272,0.9513097866035182,0.9390597545657514,0.9852175712585448,0.9818269610404968,0.9508060216903688,0.9046964049339294,0.9513047933578492,0.93905508518219,0.7164649367332458,0.8015085458755493,0.8521832227706909,0.8695650696754456,0.8356327414512634,0.7772439122200012,0.5578132271766663,0.5327973365783691,0.531435489654541,0.4627986550331116,0.5021281242370605,0.5077217221260071,0.9963608384132384,0.9961833953857422,0.9931311011314392,0.9882842898368835,0.9941486120224,0.9923826456069946,-0.0223085731267929,-0.0212980881333351,-0.0171136129647493,-0.0233749821782112,-0.0170546844601631,-0.0151374135166406
tmc13_loot_vox10_1200_dec_geom06_text06_trisoup-predlift.ply,loot_vox10_1200.ply,TRISOUP_PREDLIFT,3,4.7,0.9986910892490072,0.9993616802714064,0.9991544533008632,0.8825165933851581,0.5808142003912994,0.5599737969190002,0.1268705736804273,0.4206988373234995,0.4350284220352,0.8753263964826691,0.550582176477181,0.8118370947638787,0.0,0.0,0.0,0.0,0.092034463218571,0.4031448067173417,0.4454421429366926,0.092034463218571,0.4031448067173417,2.702199082489169e-14,1.4107627932905061e-14,1.1677525153540844e-14,1.0,1.0,1.0,9.20164455793828e-17,9.771820572226733e-17,6.949824428483308e-17,1.0,1.0,1.0,1.0,1.0,1.0,1.0,0.9999177264400776,2.739825668469929e-20,8.226051906383509e-05,0.6405342817306519,0.6569282412528992,0.6371034383773804,0.6585729122161865,0.6430484652519226,0.6492968201637268,0.5437081456184387,0.5339794754981995,0.5608474612236023,0.5865599513053894,0.5130807161331177,0.5331926941871643,0.9989331259414695,0.999179141834132,0.9995984605681736,0.9997260509831086,0.9982479558253196,0.9994325703907828,0.0189060568809509,0.0181029438972473,0.0166677236557006,0.017005443572998,0.0158485770225524,0.014885663986206,0.9949175119400024,0.9952119588851928,0.9962971806526184,0.9956923127174376,0.9920409321784972,0.9928630590438844,0.9991472959518432,0.9990217089653016,0.996261179447174,0.9937363266944884,0.9940375685691832,0.9931500554084778,0.002794750733301,0.0030814204365015,0.0023984184954315,0.0030871767085045,0.0035819208715111,0.0034995900932699,0.9938671588897704,0.9933683276176452,0.9950090050697328,0.9945356845855712,0.9900176525115968,0.9893812537193298,0.0,0.0,6.137971825874346,8.608009163659926,22.57528648780101,21.619098718389317,0.12553271651268,0.1281379163265228,0.1592330783605575,0.184726670384407,0.1805577874183654,0.1840548366308212,0.0035708786454051,0.0040542841888964,0.0028143550734966,0.004634169396013,0.0047950246371328,0.0047676665708422,0.9983320236206056,0.9981905817985536,0.998130202293396,0.997602641582489,0.9973379969596864,0.9975289702415466,0.0329527929425239,0.0356077067553997,0.0318690836429595,0.0422909706830978,0.0404857769608497,0.0435078889131546,0.0983591824769973,0.1171419024467468,0.146030843257904,0.1569316983222961,0.1235013827681541,0.1639934331178665,46.80603790283203,45.94887161254883,46.21210479736328,44.05994415283203,44.24894332885742,43.1279525756836,0.999388575553894,0.9992886781692504,0.998618185520172,0.9975216388702391,0.9979706406593324,0.9973567128181458,0.9920859349368312,0.990471603586345,0.9914215751798168,0.9856109277548566,0.9876341623615422,0.9860789780576752,0.9968286752700806,0.9964151382446288,0.9914230108261108,0.9856103658676147,0.9876353144645692,0.9860787391662598,0.9248262643814088,0.9221819043159484,0.9354254603385924,0.9274048805236816,0.9221335053443908,0.9256672859191896,0.8689978718757629,0.8534334897994995,0.9052823781967164,0.8545011878013611,0.8453423976898193,0.8381773829460144,0.9996215105056764,0.9995874166488647,0.999400794506073,0.9985739588737488,0.999181032180786,0.9988968968391418,-0.0129806110635399,-0.0124481366947293,-0.0016382117755711,-0.0014106784947216,-0.0009644341189414,0.0006156094023026
tmc13_loot_vox10_1200_dec_geom06_text06_trisoup-raht.ply,loot_vox10_1200.ply,TRISOUP_RAHT,4,4.4,0.9984349019759484,0.9991222515003958,0.9989281519579192,0.9015474534377778,0.5036739602596567,0.4778225945626001,0.1660747805363829,0.4170163073155899,0.4088680504011877,0.90283551275678,0.4842664072338833,0.8228802951185371,0.0,0.0,0.0,0.0,0.092034463218571,0.4031448067173417,0.4454421429366926,0.092034463218571,0.4031448067173417,2.702199082489169e-14,1.4107627932905061e-14,1.1677525153540844e-14,1.0,1.0,1.0,9.20164455793828e-17,9.771820572226733e-17,6.949824428483308e-17,1.0,1.0,1.0,1.0,1.0,1.0,1.0,0.9999177264400776,2.739825668469929e-20,8.226051906383509e-05,0.6127066016197205,0.630238950252533,0.6039552092552185,0.6266297698020935,0.6062996983528137,0.6150527000427246,0.5422435998916626,0.5328047871589661,0.560368537902832,0.5856130123138428,0.5120351314544678,0.530415415763855,0.9979954724270876,0.9982244939968916,0.9994374736210708,0.9995990825316042,0.9980201080114508,0.9988311176508784,0.0168680548667907,0.0152708292007446,0.0323514938354492,0.0177835822105407,0.0214103460311889,0.020290195941925,0.9938008189201356,0.9930860996246338,0.9942017793655396,0.996278703212738,0.9897735118865968,0.9921649694442748,0.9988049268722534,0.9987766146659852,0.9932825565338136,0.9932278394699096,0.9926220178604126,0.9921839833259584,0.0038822123315185,0.0041374992579221,0.0038601229898631,0.0037113944999873,0.0056911436840891,0.0044229221530258,0.9907976984977722,0.9907482266426086,0.9921583533287048,0.9928202033042908,0.986501157283783,0.9869160056114196,0.0,0.0,8.967771739251084,10.66713216135838,31.488192964516983,27.50514853960357,0.1359387338161468,0.1364557892084121,0.1809780001640319,0.1881253570318222,0.1888133585453033,0.1899293363094329,0.0045837629586458,0.0050444616936147,0.0041850879788398,0.0048598260618746,0.006532949861139,0.0054219607263803,0.9978131055831908,0.9977625608444214,0.9972360134124756,0.9971668124198914,0.9964617490768432,0.9966246485710144,0.0402029938995838,0.0420123152434825,0.0407253615558147,0.0471727401018142,0.0494556725025177,0.0489732138812541,0.1291409432888031,0.1153818741440773,0.1859042644500732,0.1106470078229904,0.0891669690608978,0.13279490172863,44.95856475830078,44.461761474609375,44.56639862060547,43.04390335083008,42.562137603759766,41.95381164550781,0.999121069908142,0.9991008639335632,0.997907280921936,0.9972981214523317,0.9974316954612732,0.9970666766166688,0.9882790794190468,0.9876128124959012,0.9856104738910936,0.9823539016949788,0.983299532092658,0.982220750877354,0.9951367378234864,0.9949756860733032,0.9856115579605104,0.982352614402771,0.9833003878593444,0.98222017288208,0.9268237948417664,0.9249380230903624,0.9338920712471008,0.929758369922638,0.9244465231895448,0.9273662567138672,0.8085487484931946,0.806510865688324,0.8490685820579529,0.8187744617462158,0.7810096740722656,0.799913763999939,0.9995139241218568,0.999494194984436,0.9989532828330994,0.99845951795578,0.998884618282318,0.9985974431037904,-0.0139648336917161,-0.013598128221929,-0.0019943250808864,-0.0012242977973073,-0.002203598851338,-5.763559965998866e-05
tmc13_romanoillamp_vox10_dec_geom01_text01_octree-predlift.ply,romanoillamp_vox10.ply,OCTREE_PRED_LIFT,1,1.0,0.9632095628654064,0.9872458792632236,0.9943821481197536,0.4142669328700565,0.0360515022631605,0.0207435385887727,0.997867118453734,0.6768487839780207,0.2497303949954384,0.3987931920727903,0.0218466581298114,0.3500191305852254,3.9028541844424782,1.9767625125521275,1.980532345275148,1.9311942554113943,0.1548942031111073,0.3573455455921652,3.9298593057483626,1.9881824411295277,1.9552500192132007,3.3466309249374704,0.9281006961943152,2.7944326514161686,0.0759051069935997,0.0676846861197308,0.0116800275018129,1.0009305568984088,0.999340196137942,0.9530101384204632,0.036426465649259,0.0278505715934544,0.9111381693029031,0.9005892947804375,0.3105521375645571,0.2831875650867393,0.2620480969462461,0.4963082441955725,0.5358569809399509,0.0273165267660559,-0.3753423690795898,-0.3919823765754699,-0.5507981181144714,-0.5633818507194519,-0.5617555379867554,-0.4295143783092499,0.4747344553470611,0.4875742793083191,0.4797389507293701,0.5116313695907593,0.5045172572135925,0.5100832581520081,0.1422175736744009,0.1396114183037251,0.093765053919649,0.1049705232225099,0.0794075531655723,0.0834987428699214,0.5750191807746887,0.5590959787368774,0.5310991406440735,0.5384640693664551,0.5376801490783691,0.5512667298316956,0.19074547290802,0.1754042357206344,0.1691830456256866,0.1762095689773559,0.1709088087081909,0.1786650866270065,0.7481750845909119,0.7576869130134583,0.6857035756111145,0.6886370182037354,0.6807610988616943,0.6632556319236755,0.1757814288139343,0.1659098863601684,0.1847366392612457,0.1812570542097091,0.1807523220777511,0.2046757489442825,0.3346786201000213,0.326446920633316,0.3207941055297851,0.3239234685897827,0.2984710931777954,0.2994621098041534,0.0,0.0,186.7439971162733,188.35114805427636,170.97583535648653,175.18606609850212,0.4349869787693023,0.4265775978565216,0.4411886930465698,0.4436219334602356,0.4361354112625122,0.4606418907642364,0.2394234836101532,0.2379980534315109,0.2548061907291412,0.2504178583621979,0.2475981712341308,0.2609414756298065,0.5604439973831177,0.5549602508544922,0.3997335433959961,0.3990220725536346,0.4379829168319702,0.4400453567504883,0.7019075155258179,0.7112109065055847,0.8182041049003601,0.8034137487411499,0.7504475116729736,0.7774072885513306,2.8067023754119877,2.955446243286133,3.1452016830444336,3.273648500442505,2.9991629123687744,2.851470470428467,11.9667329788208,12.282712936401367,11.135135650634766,11.507545471191406,11.338274002075195,9.9340181350708,0.8429989218711853,0.8340910077095032,0.853139340877533,0.8321022391319275,0.8688493967056274,0.8284700512886047,0.6242520891487746,0.6253094383862426,0.4935732362614941,0.499204063319515,0.4962620732993593,0.4890529070485754,0.5967110991477966,0.5968074798583984,0.4538947939872741,0.4586535096168518,0.4681786000728607,0.4509946703910827,0.3099340200424194,0.3227138221263885,0.3013811707496643,0.3026024103164673,0.3158793747425079,0.3037418723106384,0.0132320933043956,0.0135743664577603,0.0120835741981863,0.0120087387040257,0.0112401833757758,0.0105037204921245,0.9040549993515016,0.9056087732315063,0.8697412610054016,0.8572706580162048,0.8716312050819397,0.8479844927787781,-0.0904352664947509,-0.0939680188894271,-0.1176963075995445,-0.1171084567904472,-0.1163003221154213,-0.1159549504518508
tmc13_romanoillamp_vox10_dec_geom01_text01_octree-raht.ply,romanoillamp_vox10.ply,OCTREE_RAHT,2,1.0,0.9610413030624688,0.9860220770018128,0.9940831406803282,0.3953459334964317,5.614041100335117e-18,0.0333240086589786,0.8708972548262514,0.0,0.0834170867385157,0.384423243493606,2.319851694353354e-19,0.3441430384806252,3.9028541844424782,1.9767625125521275,1.980532345275148,1.9311942554113943,0.1548942031111073,0.3573455455921652,3.9298593057483626,1.9881824411295277,1.9552500192132007,3.3466309249374704,0.9281006961943152,2.7944326514161686,0.0759051069935997,0.0676846861197308,0.0116800275018129,1.0009305568984088,0.999340196137942,0.9530101384204632,0.036426465649259,0.0278505715934544,0.9111381693029031,0.9005892947804375,0.3105521375645571,0.2831875650867393,0.2620480969462461,0.4963082441955725,0.5358569809399509,0.0273165267660559,-0.3564961850643158,-0.3885165154933929,-0.5318791270256042,-0.5543577075004578,-0.5526126623153687,-0.4240496754646301,0.4734196364879608,0.486088216304779,0.4772981107234955,0.5113312602043152,0.5029529333114624,0.5099503397941589,0.1397504168808678,0.1408721481930206,0.1045464640072894,0.1077976026765435,0.0893714425074823,0.0900659878573328,0.5738812685012817,0.5593843460083008,0.5315696597099304,0.5386775135993958,0.53745436668396,0.5503451824188232,0.1802859604358673,0.1629006564617157,0.1591488420963287,0.1562886536121368,0.1543334573507309,0.163941353559494,0.747187077999115,0.7583919763565063,0.6838492751121521,0.6867956519126892,0.6796660423278809,0.6640944480895996,0.1782771646976471,0.1650734990835189,0.1870130002498626,0.1823264211416244,0.1811668276786804,0.2047986388206482,0.3352768123149872,0.3259763121604919,0.321456104516983,0.3234716951847076,0.3005526065826416,0.30038583278656,0.0,0.0,189.35546232613171,188.92868182195187,173.5825069275433,175.886494832464,0.4368521869182586,0.4258973002433777,0.4430324733257293,0.4448342621326446,0.4368042647838592,0.4606656432151794,0.2412223666906356,0.2381526082754135,0.256372332572937,0.2521873116493225,0.2479815781116485,0.2617768049240112,0.5586087107658386,0.5533118844032288,0.3964987397193908,0.3961624503135681,0.4350599646568298,0.4372047185897827,0.7054921984672546,0.7124509215354919,0.8207858800888062,0.8053805828094482,0.7526718974113464,0.7797056436538696,2.743699789047241,2.937342643737793,3.133507490158081,3.269766092300415,2.941476345062256,2.831862449645996,11.974863052368164,12.277852058410645,11.135926246643066,11.508356094360352,11.336799621582031,9.932774543762209,0.8325111865997314,0.8129125833511353,0.8224579691886902,0.7757845520973206,0.8597247004508972,0.8165335655212402,0.6232303862725794,0.6257605855919793,0.4932284961516424,0.4988891519628982,0.4958474577447249,0.4893106872739046,0.595183253288269,0.5972139239311218,0.4529058635234833,0.4579795002937317,0.4676056504249573,0.4509341120719909,0.3099424242973327,0.3226434886455536,0.3029282689094543,0.3044016361236572,0.3154537379741668,0.3035701513290405,0.0127236098051071,0.013309565372765,0.0116678224876523,0.0118211582303047,0.0107893804088234,0.0100549729540944,0.9054310917854308,0.906356155872345,0.8696314096450806,0.8550177216529846,0.8729776740074158,0.8484430909156799,-0.0901970639824867,-0.0934970825910568,-0.1172093152999877,-0.1180747970938682,-0.1164984926581382,-0.1161981374025344
tmc13_romanoillamp_vox10_dec_geom01_text01_trisoup-predlift.ply,romanoillamp_vox10.ply,TRISOUP_PREDLIFT,3,1.075,0.9858008576211262,0.9911066367030686,0.9954749094914768,0.3093350539576863,0.059707195658564,0.0358892855192693,0.9803742391235816,0.7229050700895664,0.3176072034021812,0.2918340756981973,0.0328665695027417,0.2395282419536653,0.8505235982041619,0.2841914076777779,0.2936173704375994,0.6402197727967105,0.1548942031111073,0.3573455455921652,0.8772434376500471,0.3645395770360672,0.5690142982022541,0.8540738083823207,0.2844849082173089,0.6611469699213588,0.8377501037911103,0.8835807353702693,0.7267475394576149,1.0008553384647971,1.0010391254713586,0.9700270082788038,0.8923642163665061,0.8044358509280879,0.976823537951444,0.9137621240877518,0.2985341531323817,0.6701617270320326,0.6544482152056469,0.4985849652352558,0.5376302151838475,0.0185696196088169,0.3860938251018524,0.3640076220035553,0.2000922709703445,0.2480935901403427,0.2943293750286102,0.336391419172287,0.4706596434116363,0.4743467569351196,0.4521611630916595,0.5087412595748901,0.4730292558670044,0.4756181836128235,0.90929711107972,0.910533037792242,0.8957337667022877,0.89779770994253,0.8796525915017985,0.8130301175880692,0.1991748213768005,0.194874882698059,0.2230532169342041,0.2247287631034851,0.213920772075653,0.2267482280731201,0.6021640300750732,0.6132795810699463,0.5554318428039551,0.5889686942100525,0.5459541082382202,0.5000303387641907,0.9035010933876038,0.8973401188850403,0.8538774251937866,0.8511261343955994,0.8281950950622559,0.8380590081214905,0.1323821544647216,0.1379282474517822,0.1533444821834564,0.1523534655570984,0.1562774330377578,0.1623179912567138,0.6559470891952515,0.6492984294891357,0.6339907646179199,0.6430966258049011,0.6086013913154602,0.6000787019729614,0.0,0.0,173.7105231952935,166.30629631719717,169.57318345636364,169.68212188215335,0.3521781861782074,0.3551129102706909,0.3709692358970642,0.3684801161289215,0.3724814355373382,0.3755321204662323,0.1350229382514953,0.1398699283599853,0.1561376899480819,0.1536373794078827,0.1588124334812164,0.1623211950063705,0.8945507407188416,0.8922643661499023,0.8466969728469849,0.8583611249923706,0.8401691913604736,0.8381131887435913,0.325320690870285,0.3381842970848083,0.4067611694335937,0.3779723644256592,0.3960988521575928,0.392448753118515,2.87835693359375,2.6558008193969727,2.7805168628692627,3.202969074249268,3.117623805999756,2.920383214950561,27.466524124145508,27.154767990112305,25.38041877746582,25.96721649169922,25.65983009338379,25.98603820800781,0.9323277473449708,0.9259163737297058,0.9324326515197754,0.9318271279335022,0.9271731376647948,0.9241594076156616,0.7548871284951393,0.7473106954466815,0.6513203960170686,0.6622969317785188,0.6382957494482066,0.6704379878653351,0.8294339179992676,0.8226641416549683,0.7557159662246704,0.769071102142334,0.7445404529571533,0.7539731860160828,0.4214889705181122,0.4220018982887268,0.411991536617279,0.4205495715141296,0.4219388365745544,0.400674819946289,0.208924189209938,0.200685366988182,0.1884683519601822,0.198422372341156,0.1751954704523086,0.1823612302541732,0.971331775188446,0.968552827835083,0.9651042222976683,0.964187741279602,0.9651951193809508,0.9653608798980712,-0.0462643541395664,-0.0452541783452034,-0.0544177666306495,-0.0512232109904289,-0.0590826459228992,-0.0594832859933376
tmc13_romanoillamp_vox10_dec_geom01_text01_trisoup-raht.ply,romanoillamp_vox10.ply,TRISOUP_RAHT,4,1.0,0.9828194206668716,0.9900592275316844,0.9952446223479676,0.3434029199198787,0.062444794399776,0.0466092210953434,0.7762630662353562,0.2275554592546797,0.1427525129589392,0.334023346667635,0.0319905875418933,0.2978749640579065,0.8505235982041619,0.2841914076777779,0.2936173704375994,0.6402197727967105,0.1548942031111073,0.3573455455921652,0.8772434376500471,0.3645395770360672,0.5690142982022541,0.8540738083823207,0.2844849082173089,0.6611469699213588,0.8377501037911103,0.8835807353702693,0.7267475394576149,1.0008553384647971,1.0010391254713586,0.9700270082788038,0.8923642163665061,0.8044358509280879,0.976823537951444,0.9137621240877518,0.2985341531323817,0.6701617270320326,0.6544482152056469,0.4985849652352558,0.5376302151838475,0.0185696196088169,0.401860237121582,0.4037117958068847,0.2436188757419586,0.2852917313575744,0.3345747590065002,0.3540442883968353,0.4605175852775574,0.4675621390342712,0.4498346447944641,0.4974234104156494,0.4687612950801849,0.494064599275589,0.8743944328981497,0.8784314120067697,0.8407756081516465,0.8530207519964217,0.8007497670934912,0.7075558072452472,0.2616562843322754,0.2442877292633056,0.2612839937210083,0.2831988334655761,0.2750245332717895,0.3070172667503357,0.4815407395362854,0.5135560631752014,0.413183331489563,0.454230397939682,0.3889057338237762,0.3555420637130737,0.8613871335983276,0.85575270652771,0.7969676852226257,0.7937409281730652,0.7535911202430725,0.7770752906799316,0.1913705766201019,0.192755788564682,0.2151462882757187,0.2113816738128662,0.2249592989683151,0.2300392836332321,0.5282398462295532,0.5325789451599121,0.5213574171066284,0.5347679257392883,0.4682391583919525,0.4638869166374206,0.0,0.0,175.2717645644333,172.65615462211895,180.20158909594187,178.21159518311518,0.3646215498447418,0.3665256798267364,0.3818998336791992,0.3790938556194305,0.3819451034069061,0.3823975622653961,0.1856003403663635,0.1868710368871688,0.2087181508541107,0.2038934677839279,0.2167196720838546,0.2198259085416793,0.8651450872421265,0.8658556938171387,0.8090616464614868,0.8219375014305115,0.792945384979248,0.7920731902122498,0.3666430711746216,0.3784385919570923,0.4464008212089538,0.4212850928306579,0.4400167167186737,0.4319728016853332,3.16825795173645,2.997457981109619,3.28169846534729,3.308518886566162,3.5419514179229736,3.114075183868408,26.506092071533203,26.22457504272461,24.63166236877441,25.1209716796875,24.84141159057617,25.166845321655277,0.8945373296737671,0.8912087082862854,0.8994503617286682,0.8974475860595703,0.885133683681488,0.8827387094497681,0.7310344645052086,0.7220829956652556,0.6210978837998139,0.6288494937267601,0.6067783999668876,0.636353614087466,0.795559287071228,0.7902273535728455,0.7114385366439819,0.7235087156295776,0.6982258558273315,0.7106156349182129,0.3474655747413635,0.3493261337280273,0.3290753364562988,0.3390883207321167,0.3391002714633941,0.3297596573829651,0.1655716598033905,0.1587524563074112,0.1539185345172882,0.1604012548923492,0.1339931339025497,0.141124352812767,0.9488247632980348,0.948152482509613,0.9405694007873536,0.9408034086227416,0.937325954437256,0.9371944069862366,-0.0575856454670429,-0.0562063194811344,-0.0640406757593154,-0.0620872639119625,-0.0712939426302909,-0.0696893706917762
tmc13_romanoillamp_vox10_dec_geom02_text02_octree-predlift.ply,romanoillamp_vox10.ply,OCTREE_PRED_LIFT,1,1.05,0.9754984130531474,0.9897044820696628,0.9949440349820328,0.5501098151511137,0.1184833758330837,0.0817034945114406,0.9910317555401872,0.8869642006005902,0.4907034844440409,0.5306732930600875,0.1056529399890689,0.4820744136366821,2.024861240407945,1.0351219071388051,1.0349493724608758,0.98550782976125,0.1548942031111073,0.3573455455921652,2.0722386325845448,1.0537346132678085,1.022555187407746,1.2189921199177611,0.4115777400710815,0.927014738146051,0.2371657649542921,0.2137759899058784,0.0654113232128483,0.999106219960022,1.0005613235464994,0.9507980164956156,0.1455248703979085,0.1213184982387941,0.9605842331370732,0.9294382881387396,0.3133733409071793,0.415713312175949,0.3920816267927684,0.5085263823078822,0.5282403132243176,0.0116909894437488,0.4166986644268036,0.4189886152744293,0.2651672065258026,0.2872684895992279,0.3411832749843597,0.3661576509475708,0.4932528436183929,0.50616854429245,0.4899795651435852,0.5220654010772705,0.4989256858825683,0.5253870487213135,0.8318362704558395,0.8327426736002512,0.7799287557613106,0.7879990896477042,0.7217408029151547,0.6725035400760597,0.2708282470703125,0.2675487995147705,0.2739927172660827,0.2647979259490967,0.2739924788475036,0.2754074335098266,0.4085394740104675,0.3972955346107483,0.3669398128986358,0.4022595286369324,0.3430022001266479,0.3134513795375824,0.8603816032409668,0.8473889827728271,0.8015298247337341,0.7880280613899231,0.7613438963890076,0.76772540807724,0.1726299673318863,0.182997390627861,0.1976932436227798,0.1922918260097503,0.2036666870117187,0.2081791460514068,0.5588054656982422,0.5459524393081665,0.5472277402877808,0.5535372495651245,0.5138738751411438,0.5101162195205688,0.0,0.0,182.60616187104057,180.47415083742055,176.54563046521503,175.27736183826238,0.3752346336841583,0.3808980882167816,0.3920656144618988,0.3919567465782165,0.3928277492523193,0.3931257426738739,0.1738187372684478,0.1836323589086532,0.1975516825914383,0.1929255276918411,0.2030021846294403,0.2061531841754913,0.8506045341491699,0.8417506217956543,0.7906648516654968,0.7937657237052917,0.7775813937187195,0.7754179239273071,0.3874330520629883,0.4045440554618835,0.4579142928123474,0.4463628232479095,0.4452073574066162,0.4444842338562011,3.1698122024536133,3.30218505859375,3.378935575485229,3.571871280670166,3.7372817993164062,3.4846677780151367,26.15582656860352,25.90552520751953,24.50568008422852,24.69757461547852,24.856578826904297,25.124435424804688,0.8976643085479736,0.8849419951438904,0.8967107534408569,0.8813386559486389,0.8888704776763916,0.8871685862541199,0.7254840936587044,0.7147144413747135,0.6133641035377745,0.616349205570151,0.6003698049381767,0.635410964587377,0.7794077396392822,0.7662051916122437,0.692574679851532,0.6921243667602539,0.6756953001022339,0.6895202398300171,0.3736379146575928,0.3800238966941833,0.3672909736633301,0.3666826784610748,0.3751405477523803,0.3576449751853943,0.168290689587593,0.1630336493253708,0.1599801629781723,0.1574524939060211,0.1478618085384369,0.1561241298913955,0.9573580622673036,0.9516818523406982,0.9476147294044496,0.9466233253479004,0.9461351037025452,0.9480212926864624,-0.0535408183932304,-0.0543690100312233,-0.064468428492546,-0.0677179992198944,-0.0676842480897903,-0.0680885538458824
tmc13_romanoillamp_vox10_dec_geom02_text02_octree-raht.ply,romanoillamp_vox10.ply,OCTREE_RAHT,2,1.0,0.9749332211566164,0.989010021661514,0.9948150178520124,0.5189704679702583,0.1178977980916528,0.0541929421238673,0.9538676219984592,0.4170691173702223,0.1593464921802995,0.5092422633477257,0.0505904910040032,0.4643323736924027,2.024861240407945,1.0351219071388051,1.0349493724608758,0.98550782976125,0.1548942031111073,0.3573455455921652,2.0722386325845448,1.0537346132678085,1.022555187407746,1.2189921199177611,0.4115777400710815,0.927014738146051,0.2371657649542921,0.2137759899058784,0.0654113232128483,0.999106219960022,1.0005613235464994,0.9507980164956156,0.1455248703979085,0.1213184982387941,0.9605842331370732,0.9294382881387396,0.3133733409071793,0.415713312175949,0.3920816267927684,0.5085263823078822,0.5282403132243176,0.0116909894437488,0.3860764503479004,0.400842010974884,0.2624281346797943,0.2669596672058105,0.319381445646286,0.368475466966629,0.4838181138038635,0.4944309294223785,0.487334281206131,0.4945148527622223,0.4933676719665527,0.5311381816864014,0.7735099850148424,0.7916349357331676,0.7116851239893738,0.7364544717092142,0.6409590410951198,0.5468901364797709,0.3256349563598633,0.3084948062896728,0.3141973614692688,0.3125069141387939,0.3426754474639892,0.3458354473114013,0.3204718232154846,0.3358028531074524,0.2996687889099121,0.3466957211494446,0.2626190781593323,0.239034503698349,0.8290255665779114,0.8248361349105835,0.7690234184265137,0.7683878540992737,0.7256550192832947,0.7320023775100708,0.2119429856538772,0.2162639498710632,0.2347844690084457,0.2244984954595565,0.2431196868419647,0.2489057928323745,0.479643166065216,0.4815694987773895,0.4821454286575317,0.5030338168144226,0.4365898072719574,0.4338614046573639,0.0,0.0,185.18464823875695,183.23530704283544,185.40238959197268,177.5964577371799,0.3784337937831878,0.3820757865905761,0.3932871520519256,0.3928179740905761,0.3921399712562561,0.3908194005489349,0.2087491750717163,0.2112482786178589,0.2294843345880508,0.2185713052749633,0.2372129559516906,0.2415548861026764,0.8252143859863281,0.823234498500824,0.7618461847305298,0.7699432373046875,0.7460471987724304,0.7470904588699341,0.4190518856048584,0.4300794601440429,0.4857558608055115,0.4743472933769226,0.4758214652538299,0.4679792821407318,2.712405204772949,2.818310499191284,3.0552754402160645,2.783780574798584,3.0905656814575195,3.011848211288452,25.67418098449707,25.53512954711914,24.16080474853516,24.345497131347656,24.41773223876953,24.759672164916992,0.8700567483901978,0.8630964159965515,0.8709565997123718,0.8655942678451538,0.8604209423065186,0.8559333086013794,0.7175570253760277,0.7076727984405224,0.6044048567452353,0.6087497753876728,0.5913251453238507,0.6266208866912648,0.7581971883773804,0.7475553750991821,0.6670517325401306,0.6724570989608765,0.6505730748176575,0.6669573783874512,0.3516547083854675,0.3586796522140503,0.3452574014663696,0.348405659198761,0.3513509631156921,0.3409374058246612,0.150730013847351,0.1429375559091568,0.1448452174663543,0.1384678483009338,0.1267811954021453,0.138671338558197,0.9434624910354614,0.940796673297882,0.9340127110481262,0.9361177682876588,0.9313493371009828,0.9335528016090392,-0.0538977831602096,-0.0555670149624347,-0.0653031691908836,-0.0658789724111557,-0.0718640908598899,-0.0693193897604942
tmc13_romanoillamp_vox10_dec_geom02_text02_trisoup-predlift.ply,romanoillamp_vox10.ply,TRISOUP_PREDLIFT,3,1.825,0.9915524313091618,0.9931893194069228,0.9962323910044192,0.4695485438363743,0.1307925541736341,0.082065393197511,0.957608626187545,0.8952953246038999,0.5681933914925471,0.4457914779508387,0.0993524370922911,0.3880424713197226,0.5666629588293226,0.2049772067250804,0.217234370790864,0.3988694452056108,0.1548942031111073,0.3573455455921652,0.673287909340932,0.3014201088204778,0.4032164803723333,0.5687323291333622,0.2143792429855429,0.4054361644520694,0.8376289826310044,0.8865606221172508,0.8174695366576217,1.0003376834060518,1.00084011060131,0.9543967982267229,0.91436779957284,0.7999234783454323,0.99310805706492,0.9286945683507052,0.3177445604895331,0.7497185082198231,0.7323431642940731,0.5150667371224501,0.5217754385233689,0.0043970924099228,0.4703060090541839,0.456575870513916,0.3141247928142547,0.3756225407123565,0.3936345279216766,0.4287575781345367,0.5143654942512512,0.5235723257064819,0.5069595575332642,0.5511326193809509,0.5261247754096985,0.5304186940193176,0.9700461240077468,0.9638642071686486,0.9626852866446894,0.963826828423331,0.9590570845021056,0.922940228259549,0.1455499529838562,0.1473479270935058,0.1817466616630554,0.1743414402008056,0.1569613218307495,0.1687921285629272,0.8127520084381104,0.809657633304596,0.7857182025909424,0.8001810312271118,0.7813344597816467,0.767346203327179,0.943361222743988,0.9399037957191468,0.9112680554389954,0.9134564995765686,0.8987783789634705,0.9024376273155212,0.0875337421894073,0.0915781185030937,0.1028549149632453,0.1001461073756218,0.1033662408590316,0.1067291498184204,0.7647631168365479,0.7563416957855225,0.7483880519866943,0.7539179921150208,0.7356694340705872,0.7324439883232117,0.0,0.0,145.34905267479294,138.8646348116562,152.1509264660478,146.64048143136608,0.3147401213645935,0.3180856704711914,0.3333278894424438,0.3299952149391174,0.3348588645458221,0.3365605175495147,0.0914562717080116,0.0957226231694221,0.1078833565115928,0.1041836440563201,0.10833141207695,0.1092374622821807,0.9358734488487244,0.935008704662323,0.9073641300201416,0.9144830703735352,0.9018648862838744,0.9040203094482422,0.2575059235095978,0.2689738869667053,0.3192632794380188,0.3002286851406097,0.3080103397369385,0.2965515553951263,1.5236278772354126,1.412137150764465,1.7029263973236084,1.8428248167037964,1.863117218017578,1.6769258975982666,28.86244773864746,28.54151725769043,26.777645111083984,27.35150146484375,27.119474411010746,27.84847640991211,0.9608985185623168,0.9600776433944702,0.9621419906616212,0.961631178855896,0.9586714506149292,0.9583574533462524,0.7923184646098864,0.7904943166953815,0.7059241738431279,0.718309937650593,0.6963493676834033,0.7258623355515869,0.8866502642631531,0.8845884203910828,0.8389694094657898,0.8496298789978027,0.8306978940963745,0.8403140306472778,0.542829155921936,0.5568099617958069,0.5524811148643494,0.5669928789138794,0.5687705278396606,0.5301693677902222,0.2663992941379547,0.2605873644351959,0.2486762404441833,0.2573999166488647,0.2378022670745849,0.2523705661296844,0.9831475019454956,0.9819778203964232,0.9792638421058656,0.9794997572898864,0.9798794388771056,0.9805264472961426,-0.039293672889471,-0.0377692617475986,-0.0439322181046009,-0.0417356640100479,-0.0436455681920051,-0.0435671247541904
tmc13_romanoillamp_vox10_dec_geom02_text02_trisoup-raht.ply,romanoillamp_vox10.ply,TRISOUP_RAHT,4,1.225,0.9898323665321076,0.9920081419043898,0.9958314137812456,0.5426585440047135,0.1201107724662548,0.068796231565681,0.93035664801536,0.4043227074446019,0.2136751687630805,0.5247246150058607,0.0614025606133628,0.483757393504461,0.5666629588293226,0.2049772067250804,0.217234370790864,0.3988694452056108,0.1548942031111073,0.3573455455921652,0.673287909340932,0.3014201088204778,0.4032164803723333,0.5687323291333622,0.2143792429855429,0.4054361644520694,0.8376289826310044,0.8865606221172508,0.8174695366576217,1.0003376834060518,1.00084011060131,0.9543967982267229,0.91436779957284,0.7999234783454323,0.99310805706492,0.9286945683507052,0.3177445604895331,0.7497185082198231,0.7323431642940731,0.5150667371224501,0.5217754385233689,0.0043970924099228,0.4744240939617157,0.461196631193161,0.3289727568626404,0.3695736229419708,0.3872788548469543,0.4140786230564117,0.4999451041221618,0.5082719326019287,0.4908232390880584,0.5354722142219543,0.5017111301422119,0.5007131099700928,0.9601821578637814,0.950901329961178,0.951633443403254,0.951598564470344,0.9374270201885058,0.8825401586934485,0.2034264802932739,0.1812474727630615,0.2022674083709716,0.2110807299613952,0.2138632535934448,0.2138203382492065,0.7581446766853333,0.7549348473548889,0.726344108581543,0.7324957847595215,0.6859974265098572,0.667873740196228,0.9205058217048644,0.9164343476295472,0.8853932619094849,0.878354012966156,0.8541498184204102,0.867481529712677,0.1242484524846077,0.1262698471546173,0.1400292515754699,0.1386908739805221,0.1490279138088226,0.150245115160942,0.6897656917572021,0.6850895881652832,0.6826737523078918,0.6854636073112488,0.6458081603050232,0.6466658115386963,0.0,0.0,147.9401598337451,139.46314750177245,149.6029605876231,147.52893114474108,0.3356925845146179,0.3376431763172149,0.352371871471405,0.3507581353187561,0.3553230464458465,0.3553970456123352,0.125960424542427,0.1288003325462341,0.1421022862195968,0.1399876475334167,0.1499354094266891,0.1492917984724044,0.916351318359375,0.9159151911735536,0.8854910135269165,0.8909798860549927,0.8689906001091003,0.8689403533935547,0.2887662053108215,0.3014900684356689,0.3497837781906128,0.3370799422264099,0.3460277020931244,0.336162656545639,2.00418472290039,1.714463472366333,2.014892816543579,2.1044459342956543,2.3910961151123047,2.283942222595215,27.81824493408203,27.46185302734375,25.937450408935547,26.366167068481445,26.170339584350582,26.731061935424805,0.9433019161224364,0.9418962597846984,0.9472566843032836,0.9447700381278992,0.940861165523529,0.941222369670868,0.7630507737162774,0.7593271550797636,0.6696358658981807,0.676829092072718,0.6557812089154624,0.6840604082389048,0.8596994280815125,0.8582127094268799,0.8047258257865906,0.8118085265159607,0.7919518351554871,0.8063607215881348,0.4308406710624695,0.446512758731842,0.4469753205776214,0.4557808041572571,0.4446253180503845,0.4196524024009704,0.2160094678401947,0.2109625041484832,0.2068036347627639,0.2087405920028686,0.1898463517427444,0.1985471695661544,0.9715449810028076,0.9702988862991332,0.9669259786605836,0.9671745896339417,0.9644941091537476,0.964917540550232,-0.0463076867163181,-0.0438825823366642,-0.0546517558395862,-0.0469475649297237,-0.0541514344513416,-0.0555286705493927
tmc13_romanoillamp_vox10_dec_geom03_text03_octree-predlift.ply,romanoillamp_vox10.ply,OCTREE_PRED_LIFT,1,1.775,0.9879749701416792,0.9935921019897016,0.996384643258586,0.7174902081716299,0.2786685813584655,0.1636321661130279,0.9595739244583368,0.9791218144845624,0.7830498329355902,0.6940873655481307,0.256082439975829,0.6564825104329793,1.1260701340579962,0.5839031261785741,0.5865673858861723,0.5100687457318982,0.1548942031111073,0.3573455455921652,1.228037614414859,0.6253257570769872,0.5858193646653532,0.6291289323645168,0.2223364407967291,0.4748964390985272,0.623661889212768,0.5755123163483618,0.3254210394658245,0.9994333113863496,0.9978491595209577,0.9380430786786702,0.491697414812553,0.4729250149773862,0.9892371640986016,0.9379903905936642,0.3230095313873112,0.6215892599822083,0.5951212906261494,0.521499533178861,0.5106826144131701,0.0021125973233601,0.470570296049118,0.427542895078659,0.3123362362384796,0.3389703929424286,0.4002737998962402,0.4245339035987854,0.5167062282562256,0.5270839929580688,0.515784740447998,0.5488843321800232,0.5229052901268005,0.5342319011688232,0.9641364899349002,0.961710447460424,0.9621131410046622,0.961922384174248,0.953333366545884,0.9171169649436864,0.1575230360031128,0.156858742237091,0.1889197826385498,0.1784842610359192,0.1698760986328125,0.1633063554763794,0.7636195421218872,0.756251871585846,0.7376402616500854,0.734459638595581,0.7263696789741516,0.716552734375,0.9355032444000244,0.9288000464439392,0.8960479497909546,0.8897911906242371,0.8787897825241089,0.8862508535385132,0.0960598438978195,0.1015249118208885,0.1147291362285614,0.1171253249049186,0.1163772866129875,0.1185050159692764,0.7466170787811279,0.7333037853240967,0.7190507054328918,0.715793251991272,0.6981319785118103,0.7003254890441895,0.0,0.0,155.25281968477032,154.53401517903708,157.48044790063528,155.52492788591465,0.3208594918251037,0.3252873122692108,0.3392019271850586,0.3414779305458069,0.3415268957614898,0.342919111251831,0.1009201779961586,0.1068408042192459,0.119928166270256,0.1222269833087921,0.1218902021646499,0.1219054386019706,0.9285281896591188,0.92479407787323,0.8992037177085876,0.9007177352905273,0.8884820938110352,0.8937699198722839,0.2736031711101532,0.2889716327190399,0.3396643400192261,0.3323937058448791,0.3329194784164428,0.3196116685867309,1.2138415575027466,1.143957257270813,1.530341386795044,1.6496930122375488,1.5369776487350464,1.5086009502410889,28.50602149963379,28.10511016845703,26.37420654296875,26.64050674438477,26.614015579223636,27.314348220825195,0.9536114931106568,0.9507428407669068,0.9527586102485656,0.9455734491348268,0.9500295519828796,0.9492997527122498,0.7798656352690024,0.7727223845435744,0.6852931915985447,0.6896782398894366,0.6722048180528692,0.7077067179913951,0.8795645236968994,0.8762884140014648,0.8282565474510193,0.8280205130577087,0.8158929347991943,0.8282489776611328,0.5586298704147339,0.5700716376304626,0.5835304856300354,0.5902184247970581,0.5691478252410889,0.5385264158248901,0.2562413513660431,0.2457872033119201,0.2361724227666854,0.2347663342952728,0.2172548621892929,0.2365814745426178,0.9807881712913512,0.9783968329429626,0.974718689918518,0.9744401574134828,0.9759740829467772,0.976842999458313,-0.0390217714011669,-0.0391563102602958,-0.0435722060501575,-0.0442722365260124,-0.0463093444705009,-0.0460167378187179
tmc13_romanoillamp_vox10_dec_geom03_text03_octree-raht.ply,romanoillamp_vox10.ply,OCTREE_RAHT,2,1.475,0.9879481927438378,0.9927684509665134,0.9960011991718764,0.7609617529726314,0.2169045985672699,0.1332898926674127,0.9664533109641626,0.647146753399674,0.4104222481445743,0.7493881626580378,0.1518449659011902,0.7170013943107243,1.1260701340579962,0.5839031261785741,0.5865673858861723,0.5100687457318982,0.1548942031111073,0.3573455455921652,1.228037614414859,0.6253257570769872,0.5858193646653532,0.6291289323645168,0.2223364407967291,0.4748964390985272,0.623661889212768,0.5755123163483618,0.3254210394658245,0.9994333113863496,0.9978491595209577,0.9380430786786702,0.491697414812553,0.4729250149773862,0.9892371640986016,0.9379903905936642,0.3230095313873112,0.6215892599822083,0.5951212906261494,0.521499533178861,0.5106826144131701,0.0021125973233601,0.4828338623046875,0.4582987427711487,0.3387737274169922,0.3701986074447632,0.393400102853775,0.4091707170009613,0.5047323107719421,0.512099027633667,0.4999817609786987,0.536105215549469,0.506807804107666,0.5046457648277283,0.9601159620791254,0.9564315251626918,0.9575676621044265,0.95247354638162,0.946854950248613,0.9048761949134072,0.1786589622497558,0.1779267191886901,0.1974236965179443,0.1956125497817993,0.1925994753837585,0.1837905645370483,0.7534582614898682,0.7486255764961243,0.7150958776473999,0.7145482301712036,0.714746356010437,0.6931923627853394,0.9236324429512024,0.9184466600418092,0.8823844790458679,0.8757902383804321,0.8614872694015503,0.8696950674057007,0.1123992130160331,0.1166501343250274,0.1303975135087967,0.1322864145040512,0.1337185502052307,0.1376761496067047,0.7079842686653137,0.6994851231575012,0.6876693367958069,0.6850329637527466,0.6618744730949402,0.6603161692619324,0.0,0.0,152.69049233108117,152.01350563675834,153.14049713845452,152.88667547152954,0.3327730894088745,0.3365235328674316,0.35121750831604,0.3519541025161743,0.3529107868671417,0.3551088273525238,0.115443617105484,0.1204416453838348,0.1341045796871185,0.1355166435241699,0.1373183578252792,0.1386560499668121,0.918405055999756,0.9140920639038086,0.8869162797927856,0.8886147737503052,0.8745924830436707,0.8776944875717163,0.291191041469574,0.3097916841506958,0.3612153530120849,0.3550012111663818,0.3523874282836914,0.3407944142818451,1.2822058200836182,1.1202476024627686,1.2442331314086914,1.505298376083374,1.4443747997283936,1.4329986572265625,28.083717346191406,27.618785858154297,25.98912048339844,26.204500198364254,26.22881126403809,26.85142517089844,0.9458439350128174,0.9443109631538392,0.9463282823562622,0.9424527287483216,0.9441521763801576,0.9428095817565918,0.768240963041618,0.7598953582948922,0.6704327247727025,0.6733372008378192,0.6578525621995931,0.6910545475633033,0.8651222586631775,0.8613775968551636,0.8093394041061401,0.8094474077224731,0.7984012365341187,0.8096168041229248,0.5225934982299805,0.5423012375831604,0.5556707382202148,0.5487709641456604,0.5280914306640625,0.5081846714019775,0.2251930981874466,0.2128876894712448,0.2079343497753143,0.2046611011028289,0.189475804567337,0.2029315382242202,0.9760906100273132,0.9744561314582824,0.9704495668411256,0.9694949388504028,0.9710325002670288,0.9718507528305054,-0.0379822701215744,-0.0395190604031086,-0.0416850447654724,-0.0419058501720428,-0.0472845174372196,-0.0479843132197856
tmc13_romanoillamp_vox10_dec_geom03_text03_trisoup-predlift.ply,romanoillamp_vox10.ply,TRISOUP_PREDLIFT,3,2.475,0.9941962272237996,0.9953264994108312,0.9970881566998404,0.6334992800405134,0.2870231618305413,0.1614407843955635,0.94269708767837,0.9667231330115108,0.7806379565569013,0.609591989946627,0.2359735222689827,0.5586634976626622,0.5666629588293226,0.2049772067250804,0.217234370790864,0.3988694452056108,0.1548942031111073,0.3573455455921652,0.673287909340932,0.3014201088204778,0.4032164803723333,0.5687323291333622,0.2143792429855429,0.4054361644520694,0.8376289826310044,0.8865606221172508,0.8174695366576217,1.0003376834060518,1.00084011060131,0.9543967982267229,0.91436779957284,0.7999234783454323,0.99310805706492,0.9286945683507052,0.3177445604895331,0.7497185082198231,0.7323431642940731,0.5150667371224501,0.5217754385233689,0.0043970924099228,0.5246437191963196,0.519758403301239,0.4474546611309051,0.4646883904933929,0.4991114735603332,0.4915798306465149,0.5522518754005432,0.5546133518218994,0.5441662669181824,0.5730904340744019,0.5619344115257263,0.5715178847312927,0.9824334061866238,0.974787423819644,0.9776444366670024,0.9815345500297016,0.982349755123982,0.9662738961237264,0.0960215330123901,0.0974791049957275,0.1251490116119384,0.1230957508087158,0.0905742049217224,0.0987111330032348,0.891703188419342,0.8874406814575195,0.8733215928077698,0.8772181272506714,0.8813036680221558,0.8715343475341797,0.9621205925941468,0.9591235518455504,0.9376352429389954,0.9396708607673644,0.9349480867385864,0.9362413883209229,0.0642054304480552,0.0679788142442703,0.0770734325051307,0.0740751773118972,0.072606548666954,0.0747715607285499,0.818496823310852,0.80792236328125,0.7960898280143738,0.8041988015174866,0.7977681756019592,0.7951468825340271,0.0,0.0,121.1592907119514,116.35831698568713,115.1169239128114,120.25900992311394,0.2848474681377411,0.2890233993530273,0.3032503724098205,0.2994408011436462,0.3001051545143127,0.3015459775924682,0.0685596019029617,0.0723634734749794,0.0822831019759178,0.0790816769003868,0.0782540813088417,0.0791732892394065,0.956740379333496,0.9561771154403688,0.9374645948410034,0.9429589509963988,0.9377176761627196,0.9379436373710632,0.2250158488750457,0.2351139634847641,0.2840522229671478,0.2654341459274292,0.2633563876152038,0.2534288763999939,0.8029182553291321,0.785797119140625,0.8548870086669922,1.0798028707504272,1.0183494091033936,1.0083974599838257,29.454833984375,29.173694610595703,27.224462509155277,27.92874526977539,27.75975799560547,28.57825088500977,0.974547564983368,0.9736006259918212,0.9743056893348694,0.973527491092682,0.9738675355911256,0.9713439345359802,0.8252970194923636,0.8263204214471104,0.7515394760776258,0.7631944933140677,0.7520721378185014,0.7743910619454982,0.9225649237632751,0.9209189414978028,0.8881983757019043,0.8965631723403931,0.8877094984054565,0.8932427167892456,0.6443184018135071,0.6570664048194885,0.6638526320457458,0.6752915978431702,0.6935518383979797,0.668349027633667,0.3053601086139679,0.2987305521965027,0.28285613656044,0.2936278581619262,0.2819871306419372,0.3018271923065185,0.9889851212501526,0.9875954985618592,0.9862346649169922,0.986526608467102,0.9877092242240906,0.98805034160614,-0.032677911221981,-0.0322668813169002,-0.035181351006031,-0.0288785193115472,-0.033533725887537,-0.0348967276513576
tmc13_romanoillamp_vox10_dec_geom03_text03_trisoup-raht.ply,romanoillamp_vox10.ply,TRISOUP_RAHT,4,2.925,0.993402183914484,0.9944475668834414,0.9966365598500322,0.7719819826351769,0.250646771259173,0.1357508874011263,0.9526332676235284,0.6854996432908486,0.4031211770963013,0.7549821019917567,0.1542315388521119,0.7262785965804351,0.5666629588293226,0.2049772067250804,0.217234370790864,0.3988694452056108,0.1548942031111073,0.3573455455921652,0.673287909340932,0.3014201088204778,0.4032164803723333,0.5687323291333622,0.2143792429855429,0.4054361644520694,0.8376289826310044,0.8865606221172508,0.8174695366576217,1.0003376834060518,1.00084011060131,0.9543967982267229,0.91436779957284,0.7999234783454323,0.99310805706492,0.9286945683507052,0.3177445604895331,0.7497185082198231,0.7323431642940731,0.5150667371224501,0.5217754385233689,0.0043970924099228,0.4835762977600097,0.4789609014987945,0.387950599193573,0.4131690561771393,0.4282421171665191,0.4124220907688141,0.5386306643486023,0.5449666976928711,0.5331690907478333,0.5658334493637085,0.5496670007705688,0.553333580493927,0.9790990581014876,0.9728613278880556,0.9783578059355916,0.9779840056136632,0.9781390311245854,0.9580034809814936,0.1204097867012023,0.1173131465911865,0.1303502321243286,0.1319910287857055,0.1173839569091796,0.1242732405662536,0.8794016242027283,0.8816041946411133,0.8650527000427246,0.8686872124671936,0.8736924529075623,0.8538838028907776,0.9540395736694336,0.952263116836548,0.9279025197029114,0.929891049861908,0.9242998957633972,0.9252672791481018,0.0758308768272399,0.0768018513917923,0.0885344296693801,0.0842844545841217,0.0831333622336387,0.0871629267930984,0.7883899211883545,0.7838730216026306,0.7726327180862427,0.7824041843414307,0.773318886756897,0.7691090106964111,0.0,0.0,118.43043435916138,116.2577388171613,113.7647504747418,120.72500434312454,0.2995039522647857,0.3015975654125213,0.317689448595047,0.3128486275672912,0.3131140172481537,0.3152633905410766,0.083189345896244,0.0843781158328056,0.096257172524929,0.0923352316021919,0.09334347397089,0.0957144498825073,0.9458645582199096,0.9459368586540222,0.9264566898345948,0.9313167333602904,0.920996367931366,0.9179089069366456,0.2472428530454635,0.2573693394660949,0.3071375787258148,0.2907361686229706,0.2867961823940277,0.2789191603660583,1.112945795059204,0.8751814961433411,0.9479309320449828,1.0600746870040894,1.1757967472076416,1.1273664236068726,28.32258415222168,28.03253173828125,26.257007598876957,26.878454208374023,26.70802116394043,27.397220611572266,0.968313694000244,0.9688705801963806,0.9695421457290648,0.9686139225959778,0.9689075350761414,0.9666048884391784,0.8015451174069697,0.8034795781925741,0.7228824059213483,0.7313885354020063,0.7242420600063324,0.7408898289480355,0.9067312479019164,0.9074736833572388,0.8692809343338013,0.876327395439148,0.869924783706665,0.8768551349639893,0.5816172361373901,0.5979556441307068,0.6225626468658447,0.6216108798980713,0.6377423405647278,0.5936494469642639,0.2580325305461883,0.2532440423965454,0.2420926839113235,0.2486731261014938,0.2378433048725128,0.2494511306285858,0.984222650527954,0.9836999773979188,0.9812089800834656,0.9824464321136476,0.9829604029655457,0.982227385044098,-0.036569707095623,-0.0378136523067951,-0.0384326614439487,-0.0339565128087997,-0.0398093946278095,-0.0417970344424247
tmc13_romanoillamp_vox10_dec_geom04_text04_octree-predlift.ply,romanoillamp_vox10.ply,OCTREE_PRED_LIFT,1,2.75,0.994061163177134,0.9964018573562554,0.9976478867611244,0.8424720400793496,0.5014208090010505,0.3288760591144768,0.9393966143178692,0.964475935000907,0.9254715253828358,0.8230488768046379,0.4821736755347794,0.8005856698501361,0.6749528878875871,0.3413762909023969,0.3460571644542824,0.3292752318831248,0.1548942031111073,0.3573455455921652,0.8165850203535081,0.3876103438737061,0.4558580561329622,0.443229762598328,0.2501661139098575,0.1708994413756852,0.8578310530991836,0.8182328593114795,0.5693639870521631,0.9967280209964752,0.9998236872657752,0.920289645895934,0.7413630128417771,0.7731766218859949,0.9936794896447636,0.9426440039173708,0.4188221822471302,0.7089229958963856,0.6889040651261793,0.5938289618969347,0.4130160469613932,0.0009963326456588,0.585072934627533,0.5769259333610535,0.5071868300437927,0.5105559825897217,0.5397669672966003,0.5659998059272766,0.5556818842887878,0.558605432510376,0.5506598353385925,0.5714835524559021,0.5599470734596252,0.5742679834365845,0.986703143401071,0.982604265307232,0.983314649892416,0.9841290638185494,0.9864003075433252,0.9772779747123548,0.0892317295074462,0.0789304971694946,0.1179537773132324,0.1063305139541626,0.0840110778808593,0.0804938077926635,0.8891282081604004,0.8760995864868164,0.8660243153572083,0.8690725564956665,0.8848116397857666,0.8799697160720825,0.9654554128646852,0.9605221152305604,0.9390522241592408,0.9416698217391968,0.9384551048278807,0.942900776863098,0.0579978190362453,0.0659511238336563,0.0756708160042762,0.0718614757061004,0.0683290287852287,0.0674641281366348,0.8364067077636719,0.8274631500244141,0.8066744208335876,0.8156747817993164,0.8123726844787598,0.8216476440429688,90.66465028443326,89.74203621202025,18.47249464657052,0.0,103.5511318923556,109.02472575457304,0.2760102450847626,0.2834464609622955,0.3013366758823395,0.2963595390319824,0.2938507795333862,0.2919611632823944,0.0639079883694648,0.0710125118494033,0.0810431391000747,0.0775585025548935,0.0746184512972831,0.072713978588581,0.961892068386078,0.960894763469696,0.9412910342216492,0.9454145431518556,0.9438966512680054,0.9478897452354432,0.2180084437131881,0.229673147201538,0.2772021293640136,0.2645166516304016,0.2543138861656189,0.2406576126813888,0.6398859620094299,0.7140951752662659,0.9464913606643676,0.9642803072929382,0.7408465147018433,0.7768742442131042,29.68468475341797,29.289230346679688,27.418933868408203,27.93058204650879,27.95433807373047,28.93912124633789,0.976983904838562,0.974590539932251,0.9744017720222472,0.9736146330833436,0.9752777814865112,0.9762166142463684,0.8311583304314524,0.826315595451101,0.7506497903184797,0.7620468612328526,0.7555657552675831,0.7817829700396033,0.9310469627380372,0.9278520345687866,0.8963824510574341,0.9038631319999696,0.8965303301811218,0.9066948294639589,0.7600097060203552,0.7614577412605286,0.7703129649162292,0.7662560343742371,0.7687200903892517,0.7513443827629089,0.3181754648685455,0.309279590845108,0.2865833640098572,0.2943317592144012,0.2922621965408325,0.318401962518692,0.9896024465560912,0.9884175062179564,0.9861541986465454,0.9861467480659484,0.9880567193031312,0.9889893531799316,-0.0282377637922763,-0.0275192502886056,-0.032919593155384,-0.0300178118050098,-0.0290168151259422,-0.0288923624902963
tmc13_romanoillamp_vox10_dec_geom04_text04_octree-raht.ply,romanoillamp_vox10.ply,OCTREE_RAHT,2,2.925,0.99409604905168,0.9958804109585344,0.997292355018253,0.9024527141405918,0.5082607004071957,0.2573806133251584,0.9440617748576088,0.9075754876985044,0.6514974135697905,0.9112967368600848,0.3761721080597608,0.890504157372901,0.6749528878875871,0.3413762909023969,0.3460571644542824,0.3292752318831248,0.1548942031111073,0.3573455455921652,0.8165850203535081,0.3876103438737061,0.4558580561329622,0.443229762598328,0.2501661139098575,0.1708994413756852,0.8578310530991836,0.8182328593114795,0.5693639870521631,0.9967280209964752,0.9998236872657752,0.920289645895934,0.7413630128417771,0.7731766218859949,0.9936794896447636,0.9426440039173708,0.4188221822471302,0.7089229958963856,0.6889040651261793,0.5938289618969347,0.4130160469613932,0.0009963326456588,0.5629147887229919,0.5769986510276794,0.5091471076011658,0.518521785736084,0.5444572567939758,0.5433019995689392,0.5506777763366699,0.5565204620361328,0.5459536910057068,0.5667628049850464,0.5547754168510437,0.5670250058174133,0.9840929882036968,0.9821891107101572,0.9800630812864392,0.9814194576487418,0.9852250408406568,0.9728498242762884,0.079487144947052,0.0749375820159912,0.1151806116104126,0.0949344038963317,0.0874437093734741,0.0794364213943481,0.895745038986206,0.8893613815307617,0.8723706007003784,0.8766415119171143,0.8938218355178833,0.8922830820083618,0.9631081223487854,0.959782063961029,0.937063694000244,0.9389201402664183,0.9356272220611572,0.9404367804527284,0.0619620382785797,0.0672438368201255,0.0781320482492446,0.075577400624752,0.0720869004726409,0.0702146738767623,0.8245264291763306,0.8194229006767273,0.7969663143157959,0.8039914965629578,0.7981178164482117,0.8075269460678101,86.54897851897552,85.72272203984767,16.851851237974486,0.0,97.679151136966,99.96878836075037,0.2830822467803955,0.286770224571228,0.3063791990280151,0.302738219499588,0.3001964390277862,0.2977899610996246,0.0666389316320419,0.0715767592191696,0.0828346759080886,0.0802058577537536,0.0772392600774765,0.0749356299638748,0.9579480886459352,0.9580632448196412,0.9359121322631836,0.9393664598464966,0.939120888710022,0.942324161529541,0.230045199394226,0.2404164671897888,0.2922772467136383,0.2800503671169281,0.270225465297699,0.2551553249359131,0.5069526433944702,0.5215939283370972,0.7792332768440247,0.6680412292480469,0.5638436675071716,0.551426351070404,29.157012939453125,28.760570526123047,26.885818481445312,27.37577438354492,27.410968780517575,28.35184097290039,0.9759397506713868,0.9748367071151732,0.9740700125694276,0.9720472693443298,0.9745264053344728,0.9753576517105104,0.8250895011886884,0.8216948300588508,0.742198182777247,0.7525141352615881,0.7498058521867608,0.7722222094204559,0.92525053024292,0.9239596128463744,0.8898712992668152,0.8953254222869873,0.8897638320922852,0.898516058921814,0.753828227519989,0.7615696787834167,0.7618796229362488,0.7625030279159546,0.7613402009010315,0.7468660473823547,0.2871353924274444,0.2831599414348602,0.2597526907920837,0.2649538516998291,0.2611034512519836,0.2836117148399353,0.988791048526764,0.9878387451171876,0.9852553009986876,0.985117495059967,0.9874112010002136,0.9883880615234376,-0.0305027123540639,-0.0295129753649234,-0.0324673578143119,-0.0308187454938888,-0.03176736459136,-0.0304967537522315
tmc13_romanoillamp_vox10_dec_geom04_text04_trisoup-predlift.ply,romanoillamp_vox10.ply,TRISOUP_PREDLIFT,3,3.625,0.9950773913245644,0.9970658179796724,0.998009228949395,0.7953450545787263,0.4870981464359041,0.3367901854225008,0.9389524059828748,0.9584490345538992,0.9355916327515572,0.7754847387537993,0.4722834540764695,0.7443390961776463,0.5666629588293226,0.2049772067250804,0.217234370790864,0.3988694452056108,0.1548942031111073,0.3573455455921652,0.673287909340932,0.3014201088204778,0.4032164803723333,0.5687323291333622,0.2143792429855429,0.4054361644520694,0.8376289826310044,0.8865606221172508,0.8174695366576217,1.0003376834060518,1.00084011060131,0.9543967982267229,0.91436779957284,0.7999234783454323,0.99310805706492,0.9286945683507052,0.3177445604895331,0.7497185082198231,0.7323431642940731,0.5150667371224501,0.5217754385233689,0.0043970924099228,0.5710717439651489,0.57200688123703,0.5204426050186157,0.5374905467033386,0.5766080021858215,0.5628889203071594,0.5609522461891174,0.5654674172401428,0.5567016005516052,0.5795059204101562,0.5707755088806152,0.5820075869560242,0.984753424400109,0.9777590065483804,0.984911588612532,0.9849899008495616,0.9892324489388716,0.980211104929134,0.0498681664466857,0.0554615259170532,0.072681725025177,0.080796480178833,0.0439492464065551,0.0491689443588256,0.9115926027297974,0.9083500504493712,0.8913125991821289,0.8993356823921204,0.9100930094718932,0.9014332294464112,0.9718837141990662,0.968148410320282,0.9471712112426758,0.9513554573059082,0.9516921043395996,0.9528958201408386,0.053163856267929,0.0582304447889328,0.068560242652893,0.0642713010311126,0.0593751035630703,0.0602347254753112,0.846772313117981,0.8365757465362549,0.8180124163627625,0.8287832736968994,0.8336395025253296,0.8328192234039307,0.0,0.0,102.5555968306178,98.49142393353632,92.73330812661516,98.95329828411909,0.2644351720809936,0.2717021405696869,0.2887320220470428,0.28277587890625,0.2774028778076172,0.276538610458374,0.0571918152272701,0.0620517767965793,0.072726622223854,0.0685430914163589,0.0642905309796333,0.0644140392541885,0.9691156148910522,0.9675923585891724,0.9529851675033568,0.9574269652366638,0.9572242498397828,0.9585745334625244,0.2083425968885421,0.2193251699209213,0.2693414390087127,0.2505881786346435,0.2378161996603012,0.2276985049247741,0.5805789232254028,0.5133389234542847,0.6491572856903076,0.6902067065238953,0.6326698064804077,0.6235684752464294,29.827537536621094,29.5497989654541,27.41630744934082,28.169696807861328,28.208467483520508,29.111196517944336,0.9815435409545898,0.9795507788658142,0.9784018397331238,0.9785168170928956,0.9801187515258788,0.9782623052597046,0.8570158974367769,0.8560070409664029,0.786991332236883,0.7979460192467454,0.8022455315574157,0.8192723822499685,0.944087028503418,0.9411439299583436,0.9145957827568054,0.9222075939178468,0.9212164878845216,0.92709082365036,0.7045831084251404,0.7096465229988098,0.7299657464027405,0.7375492453575134,0.7735689878463745,0.7393404841423035,0.3318007886409759,0.3227863907814026,0.3021672666072845,0.3107456564903259,0.313668817281723,0.3368046581745147,0.9919514060020448,0.990325927734375,0.9889844059944152,0.9894865155220032,0.9913647770881652,0.9917154908180236,-0.0274775587022304,-0.0290132239460945,-0.0308096278458833,-0.0254469737410545,-0.0267608594149351,-0.0265438184142112
tmc13_romanoillamp_vox10_dec_geom04_text04_trisoup-raht.ply,romanoillamp_vox10.ply,TRISOUP_RAHT,4,4.5,0.9945347845343804,0.9964838963228448,0.9975939289309332,0.9066797858978743,0.5243919057975335,0.2805828599856358,0.9443499903630526,0.910924094268868,0.6691777544681582,0.910043937489157,0.3917153429956121,0.8922547513436044,0.5666629588293226,0.2049772067250804,0.217234370790864,0.3988694452056108,0.1548942031111073,0.3573455455921652,0.673287909340932,0.3014201088204778,0.4032164803723333,0.5687323291333622,0.2143792429855429,0.4054361644520694,0.8376289826310044,0.8865606221172508,0.8174695366576217,1.0003376834060518,1.00084011060131,0.9543967982267229,0.91436779957284,0.7999234783454323,0.99310805706492,0.9286945683507052,0.3177445604895331,0.7497185082198231,0.7323431642940731,0.5150667371224501,0.5217754385233689,0.0043970924099228,0.5305094122886658,0.5585684776306152,0.4964305460453033,0.5172368288040161,0.5336101055145264,0.4903841018676758,0.5602240562438965,0.5627144575119019,0.552238941192627,0.5763692855834961,0.5651888847351074,0.574738085269928,0.9845562848884574,0.976589472753596,0.9831013590541796,0.9843632741098328,0.9863490483491196,0.976488729215525,0.0523575544357299,0.049972116947174,0.0632390975952148,0.0725883245468139,0.0542619228363037,0.0518020987510681,0.9054062962532043,0.9023104310035706,0.88194739818573,0.8945304751396179,0.9009729027748108,0.8952817916870117,0.9688281416893004,0.9651098251342772,0.942596971988678,0.9473168849945068,0.945938527584076,0.948547899723053,0.0566550269722938,0.0621084459125995,0.072534255683422,0.0676028504967689,0.0645003840327262,0.0637707561254501,0.8350781798362732,0.8233910202980042,0.8063486814498901,0.8173661828041077,0.8205455541610718,0.8217406868934631,0.0,0.0,103.69884925600806,100.05432322422324,93.2931557991766,97.14581044339334,0.2726329267024994,0.2797373831272125,0.2971911430358886,0.2908174097537994,0.2878264784812927,0.2846048474311828,0.0615480467677116,0.0663287192583084,0.0773185491561889,0.0728267580270767,0.0700413659214973,0.0695722550153732,0.9635868072509766,0.9621588587760924,0.9464675784111024,0.9516069293022156,0.948311448097229,0.9480910301208496,0.2209416627883911,0.2326639145612716,0.2850163578987121,0.2666606605052948,0.253149926662445,0.2424072623252868,0.628370463848114,0.6149901151657104,0.7170690894126892,0.61697918176651,0.699382483959198,0.7656092047691345,28.89305305480957,28.605615615844727,26.571849822998047,27.231334686279297,27.270381927490234,28.13105773925781,0.9793707728385924,0.9777541160583496,0.9766634702682496,0.976682186126709,0.9773865342140198,0.9763142466545104,0.8451200755502288,0.8430059884722555,0.7711005591963612,0.7808241333513412,0.7891609613818076,0.8000058733249746,0.936431050300598,0.933184027671814,0.9031512141227722,0.9120863676071168,0.9117393493652344,0.91787451505661,0.6972529292106628,0.6941084265708923,0.7287888526916504,0.7244641184806824,0.7753977179527283,0.7462466359138489,0.2999012768268585,0.291689783334732,0.2733873724937439,0.2797026932239532,0.2823346853256225,0.3002389669418335,0.990143060684204,0.9885493516921996,0.9868122339248656,0.987689971923828,0.9890132546424866,0.9891350865364076,-0.0321804359555244,-0.0329451113939285,-0.034364253282547,-0.0299303159117698,-0.0313995108008384,-0.0316442251205444
tmc13_romanoillamp_vox10_dec_geom05_text05_octree-predlift.ply,romanoillamp_vox10.ply,OCTREE_PRED_LIFT,1,4.45,0.996561220776029,0.997998489241272,0.998561005137376,0.9266459014206954,0.7343087985022207,0.565349651590535,0.913844430036009,0.9347489547010982,0.9496279486470912,0.9162538655607918,0.7266319224844441,0.9060817435621118,0.5575491656376654,0.2821195699378928,0.2819824238445198,0.276439990311438,0.1548942031111073,0.3573455455921652,0.7250960393724074,0.3250510150612449,0.4328848889138915,0.34722762302789,0.1980007210183746,0.1250855682332211,0.9367758809421622,0.9127904988100402,0.7019569951649274,0.9889386854870748,0.9897093062416804,0.8966522208418836,0.8493810627861985,0.8965432556179814,0.9953306099997764,0.9474053110500044,0.486839475238734,0.7656615320482404,0.7522500754293282,0.6476682958226608,0.3361301541385053,0.0011564837512479,0.6309539675712585,0.6220504641532898,0.5907348990440369,0.5779244303703308,0.6177717447280884,0.622288167476654,0.5625694394111633,0.5697882771492004,0.5545369982719421,0.5776883363723755,0.5690546035766602,0.5804184675216675,0.98883553488288,0.98547657297846,0.9870553987086316,0.989199049668448,0.9910644284758692,0.9861936772523704,0.0489758253097534,0.0449553728103637,0.06397545337677,0.0577231645584106,0.0408594608306884,0.0359703302383422,0.9323070645332336,0.926857054233551,0.9123351573944092,0.9193860292434692,0.9283441305160522,0.9279640913009644,0.973664164543152,0.97083979845047,0.9520309567451476,0.9547712802886964,0.9559093713760376,0.9588168263435364,0.0479595884680748,0.0520736202597618,0.0623612068593502,0.0593580529093742,0.0540410839021205,0.0528146773576736,0.8656806945800781,0.8569655418395996,0.842349648475647,0.8485921621322632,0.8531218767166138,0.8594194650650024,0.0,0.0,87.23267220709673,84.3192552083188,83.99408415077066,83.62055464340227,0.2584480345249176,0.2642695307731628,0.2821371555328369,0.277823656797409,0.2714828848838806,0.2679895758628845,0.0532724820077419,0.0570311099290847,0.0678256079554557,0.0649405643343925,0.0597996450960636,0.057715930044651,0.9725871086120604,0.9721567034721376,0.9576336741447448,0.9613516330718994,0.9620038866996764,0.9661855697631836,0.2009612023830413,0.2121535539627075,0.2565078139305115,0.2435844391584396,0.2263028025627136,0.2125574797391891,0.4668694734573364,0.4294173717498779,0.6057516932487488,0.6154426336288452,0.487830102443695,0.4709363877773285,30.17260360717773,29.88888168334961,27.88259696960449,28.53339195251465,28.68431854248047,29.657115936279297,0.9803586602211,0.980740487575531,0.9804707765579224,0.9790099859237672,0.9818164110183716,0.982541561126709,0.8617824989167556,0.8612311703331381,0.795176579257996,0.8082283059138229,0.8139921168395012,0.8323615811734795,0.9498230814933776,0.9490921497344972,0.9241463541984558,0.9308010935783386,0.9301066398620604,0.9385839700698853,0.8270264863967896,0.8262100219726562,0.835915744304657,0.8376036286354065,0.8438946604728699,0.8468611836433411,0.3446628451347351,0.3383442759513855,0.3140214681625366,0.3222548365592956,0.3311389684677124,0.3563069701194763,0.9926210045814514,0.9919496178627014,0.98992121219635,0.9902566075325012,0.9921260476112366,0.9928311705589294,-0.0244344808161258,-0.0253195017576217,-0.0268861185759305,-0.025889653712511,-0.0244722440838813,-0.0227441750466823
tmc13_romanoillamp_vox10_dec_geom05_text05_octree-raht.ply,romanoillamp_vox10.ply,OCTREE_RAHT,2,4.6,0.9966257471440858,0.997795532072322,0.9983062692296856,0.9396121981544664,0.8186348903844961,0.5652176821095627,0.9151642418307206,0.939809629518153,0.891783443866923,0.9463473314090822,0.7477041127439845,0.9317211209290206,0.5575491656376654,0.2821195699378928,0.2819824238445198,0.276439990311438,0.1548942031111073,0.3573455455921652,0.7250960393724074,0.3250510150612449,0.4328848889138915,0.34722762302789,0.1980007210183746,0.1250855682332211,0.9367758809421622,0.9127904988100402,0.7019569951649274,0.9889386854870748,0.9897093062416804,0.8966522208418836,0.8493810627861985,0.8965432556179814,0.9953306099997764,0.9474053110500044,0.486839475238734,0.7656615320482404,0.7522500754293282,0.6476682958226608,0.3361301541385053,0.0011564837512479,0.6283414363861084,0.6344057321548462,0.5975868105888367,0.5987975001335144,0.6294304728507996,0.6169071197509766,0.5627328753471375,0.5676827430725098,0.5539607405662537,0.5765821933746338,0.5671746134757996,0.5790650248527527,0.9883873557470544,0.984506931115605,0.9864453374689284,0.9888099014868168,0.9903387347711852,0.9859052074850804,0.0477246046066284,0.0432081222534179,0.0603910088539123,0.0574045181274414,0.0447639822959899,0.0358418226242065,0.9347720742225648,0.9302736520767212,0.913489043712616,0.920842945575714,0.9315845370292664,0.9303330779075624,0.9727030992507936,0.9700446128845216,0.950775682926178,0.9538291096687316,0.9548651576042176,0.957556128501892,0.0493037812411785,0.0530372895300388,0.0634179413318634,0.0605230033397674,0.0553239956498146,0.0534789450466632,0.8596280217170715,0.851980447769165,0.8371808528900146,0.8435508608818054,0.8469840288162231,0.8534365892410278,0.0,0.0,87.21180183996952,84.25467878389424,84.04925976207892,83.62934527265801,0.2616551518440246,0.26658695936203,0.2849321365356445,0.2811692953109741,0.275012195110321,0.2706892192363739,0.0542471706867218,0.0578039921820163,0.0687271729111671,0.0658230409026146,0.0607387609779834,0.0584459565579891,0.9709615111351012,0.9706575870513916,0.9550208449363708,0.9588517546653748,0.9594780206680298,0.9636136889457704,0.206769973039627,0.2181423902511596,0.2641684412956238,0.2507657706737518,0.233968436717987,0.2197906970977783,0.397157222032547,0.3828679025173187,0.5623369812965393,0.5526886582374573,0.4252022206783294,0.4255309104919433,29.76864624023437,29.479736328125,27.48020362854004,28.12676429748535,28.26011848449707,29.233959197998047,0.9805760383605956,0.9804035425186156,0.9801695942878724,0.9786207675933838,0.9810466170310974,0.9821888208389282,0.8571302235875816,0.8562869398841304,0.7886103880843794,0.8008139813382477,0.8079501123398112,0.8247666381172765,0.9468638300895692,0.9461307525634766,0.9195854663848876,0.9263975024223328,0.925879955291748,0.9339289665222168,0.8361115455627441,0.8296461701393127,0.8428264260292053,0.8405024409294128,0.84946209192276,0.8503863215446472,0.327629804611206,0.3229986131191253,0.2992543280124664,0.3065029084682464,0.3139255344867706,0.3369632959365845,0.992362916469574,0.9917300343513488,0.9894999861717224,0.9898452162742616,0.99177086353302,0.992571234703064,-0.0260877050459384,-0.0257711000740528,-0.026559792459011,-0.0258058030158281,-0.0257481765002012,-0.0234729498624801
tmc13_romanoillamp_vox10_dec_geom05_text05_trisoup-predlift.ply,romanoillamp_vox10.ply,TRISOUP_PREDLIFT,3,4.625,0.9947617574392456,0.9978455141426,0.9986523648070385,0.8671078715067461,0.6737115934188384,0.5358649487401358,0.9396575712497894,0.9493754593912496,0.9530034049020696,0.8563222293267211,0.6735137355321597,0.8349151231744353,0.462979846784039,0.1747526975094093,0.1789000307850631,0.3183076036228892,0.1548942031111073,0.3573455455921652,0.6565039008223329,0.2768848087912139,0.4171957211493966,0.518487757252945,0.2058553358369067,0.3553705032930028,0.7993646786483841,0.8525869286322381,0.7657224747976958,1.0002732306748647,0.9999890073310428,0.9428018686053606,0.9285876284636608,0.7421507462777286,0.9916490061046812,0.9328617663452587,0.3309262094174481,0.652918257371588,0.6298751097616307,0.5226120139035177,0.510758610342342,0.0027941108039432,0.6069155335426331,0.609512448310852,0.5694440007209778,0.5803940892219543,0.5962406396865845,0.5885681509971619,0.5670328736305237,0.5724427700042725,0.5613649487495422,0.5826619267463684,0.5723609328269958,0.5845177173614502,0.9879445299836442,0.983546365848084,0.9862380453679058,0.9905993480780872,0.9915598176739536,0.9879686945163852,0.0394477844238281,0.0339388251304626,0.0584142208099365,0.0558689832687377,0.0314684510231018,0.0357012152671813,0.9240180850028992,0.9224574565887452,0.903130829334259,0.9152734875679016,0.9171535968780518,0.9211486577987672,0.976643204689026,0.9749853610992432,0.9559653401374816,0.960697054862976,0.959587037563324,0.9647775888442992,0.0469336099922657,0.0488165356218814,0.0619954504072666,0.0565680116415023,0.0543154627084732,0.0495030172169208,0.8657983541488647,0.8630415797233582,0.8390212059020996,0.8520371317863464,0.8519001603126526,0.8656478524208069,0.0,0.0,95.682413095382,90.08721018481812,87.57269856592234,88.35702299257028,0.2528709173202514,0.2546118199825287,0.2794897556304931,0.2708638310432434,0.2679828405380249,0.2560101151466369,0.050366535782814,0.0519127771258354,0.0658557265996933,0.0600427277386188,0.058475624769926,0.0531809851527214,0.9765962362289428,0.9773337841033936,0.9629555940628052,0.967363715171814,0.9668455123901368,0.972861647605896,0.1908398568630218,0.192347452044487,0.2468116134405136,0.22650907933712,0.2186040878295898,0.1955610513687133,0.4821077287197113,0.5133550763130188,0.6585903167724609,0.5983104109764099,0.5782974362373352,0.523203432559967,30.35826873779297,30.47966766357422,27.89232063293457,28.82092666625977,28.77938270568848,30.189111709594727,0.9851748943328856,0.9846115708351136,0.9821054935455322,0.983310341835022,0.9832444787025452,0.9825347065925598,0.8831153752730759,0.8903961833453534,0.8192400173035944,0.8352502082491177,0.8416068203336978,0.868256288554307,0.9567302465438844,0.9585710763931274,0.931748390197754,0.9400038123130798,0.9397103786468506,0.951930284500122,0.7162193059921265,0.7250357866287231,0.7484665513038635,0.7649552822113037,0.8049165606498718,0.7965709567070007,0.3636223673820495,0.3638738691806793,0.3309643864631653,0.3433903753757477,0.3452566564083099,0.3861510157585144,0.9937779903411864,0.9931071996688844,0.9912259578704834,0.9915816187858582,0.992788016796112,0.9941437840461732,-0.0265356972813606,-0.027594581246376,-0.0270485635846853,-0.0240570101886987,-0.026923282071948,-0.0245194472372531
tmc13_romanoillamp_vox10_dec_geom05_text05_trisoup-raht.ply,romanoillamp_vox10.ply,TRISOUP_RAHT,4,4.6,0.9944138474108144,0.9975170654053008,0.9983963781140206,0.9260338937026326,0.7881960377099078,0.564557329570394,0.9417906458300228,0.9554961646279148,0.9059399153479356,0.9296142589450108,0.7296770928457362,0.9148204170713888,0.462979846784039,0.1747526975094093,0.1789000307850631,0.3183076036228892,0.1548942031111073,0.3573455455921652,0.6565039008223329,0.2768848087912139,0.4171957211493966,0.518487757252945,0.2058553358369067,0.3553705032930028,0.7993646786483841,0.8525869286322381,0.7657224747976958,1.0002732306748647,0.9999890073310428,0.9428018686053606,0.9285876284636608,0.7421507462777286,0.9916490061046812,0.9328617663452587,0.3309262094174481,0.652918257371588,0.6298751097616307,0.5226120139035177,0.510758610342342,0.0027941108039432,0.5923697352409363,0.6066352725028992,0.5613355040550232,0.5837815403938293,0.5848562121391296,0.5629561543464661,0.5673559904098511,0.572274923324585,0.5600891709327698,0.5814709067344666,0.5716649293899536,0.5830391645431519,0.9878149230013532,0.9831438290472728,0.9859605069910028,0.9898225842704608,0.9905592034437288,0.9864484304510016,0.0424422025680542,0.0358451604843139,0.0626962780952453,0.0497593879699707,0.036928117275238,0.0366391539573669,0.919479250907898,0.9192731976509094,0.8977823257446289,0.9117144346237184,0.9108873009681702,0.9151850938796996,0.9747223258018494,0.9734839200973512,0.9535249471664428,0.9579437375068665,0.956038534641266,0.9615617990493774,0.0488688424229621,0.0499775074422359,0.064670518040657,0.0588867031037807,0.0573352947831153,0.0520842559635639,0.8589935302734375,0.8573076725006104,0.8319423198699951,0.8451036214828491,0.8432563543319702,0.8570177555084229,0.0,0.0,96.72328871955168,91.10801607577967,88.95259116893388,89.60754585971952,0.25876584649086,0.259627103805542,0.2848468720912933,0.2770145237445831,0.2747344076633453,0.263723075389862,0.0528976656496524,0.0535853616893291,0.0684449970722198,0.0625159665942192,0.061565525829792,0.0560430958867073,0.9734796285629272,0.9747690558433532,0.959413468837738,0.9640793204307556,0.9622039794921876,0.9678131341934204,0.1979978531599044,0.19854336977005,0.2547607421875,0.2346478402614593,0.2270153015851974,0.203204870223999,0.610202968120575,0.576154887676239,0.7260622978210449,0.6732977628707886,0.6623530387878418,0.6227288246154785,29.76810646057129,29.907245635986328,27.37360000610352,28.266921997070312,28.18335723876953,29.550874710083008,0.9838218092918396,0.983445167541504,0.9809353351593018,0.9820984601974488,0.9813715815544128,0.9806338548660278,0.8755093358979031,0.8835256085893634,0.8094202619081554,0.8256857696703324,0.8321887074269837,0.8569091582927593,0.9517902731895448,0.9546162486076356,0.9248690009117126,0.9339386820793152,0.9332816004753112,0.945569634437561,0.71812504529953,0.7194260358810425,0.7422662377357483,0.7595646977424622,0.7932718992233276,0.7980907559394836,0.3457439839839935,0.3473206758499145,0.315447062253952,0.3261815905570984,0.3279103636741638,0.3649582862854004,0.9927800893783568,0.992312490940094,0.9901078939437866,0.9907265305519104,0.9917564988136292,0.9929390549659728,-0.0285547245293855,-0.0283348821103572,-0.0288607366383075,-0.0268621891736984,-0.0288976803421974,-0.0282246582210063
tmc13_romanoillamp_vox10_dec_geom06_text06_octree-predlift.ply,romanoillamp_vox10.ply,OCTREE_PRED_LIFT,1,4.925,0.9977769696334454,0.99883293142241,0.9991177337767548,0.9519678721505852,0.8711839578147714,0.7637443287279315,0.8905147230965216,0.902324333703802,0.9176635086316652,0.9476319945998102,0.864676001893738,0.9399199438617512,0.5148155020806273,0.2584614423532102,0.2573210975003638,0.26154444372538,0.1548942031111073,0.3573455455921652,0.6967124019118167,0.3051333078670231,0.4331675263062388,0.3099575172380926,0.151699198556979,0.171354795560686,0.9620029133278056,0.9490712472274008,0.8055810273476066,0.9761446963523424,0.9735337553520202,0.8691496838885814,0.9106809927391945,0.94372436293192,0.9967885600292292,0.9587597880618716,0.5685301817095245,0.8355685838629712,0.8254387137668496,0.7075477960002717,0.2537577601049438,0.0012763911854482,0.6412039995193481,0.6434199213981628,0.6090725660324097,0.6180124282836914,0.6421637535095215,0.6416266560554504,0.5655208230018616,0.5724165439605713,0.5588850975036621,0.5807428359985352,0.5673925876617432,0.583336591720581,0.9904752295403152,0.9881975607176532,0.9888944809551056,0.988942357002867,0.9913705984885806,0.9892584981084354,0.031147301197052,0.0368710160255432,0.0461833477020263,0.045628547668457,0.034192144870758,0.032426118850708,0.934274196624756,0.9327094554901124,0.9159877300262452,0.9206146001815796,0.9362196922302246,0.9379656314849854,0.9773672819137572,0.974609673023224,0.958626389503479,0.960612177848816,0.9635103344917296,0.9662725925445556,0.0473708249628543,0.0506067499518394,0.0606902092695236,0.0585063174366951,0.0511801205575466,0.0498806908726692,0.8767341375350952,0.8725028038024902,0.8624513149261475,0.8663791418075562,0.8748984932899475,0.8802309632301331,0.0,0.0,0.0,0.0,74.77536258176187,75.18488467372748,0.2507962584495544,0.2563537359237671,0.2754751741886139,0.2719433307647705,0.2610058784484863,0.2570405602455139,0.0513835661113262,0.0547524578869342,0.0647013485431671,0.0628641247749328,0.0558396913111209,0.0538161844015121,0.977982461452484,0.977428376674652,0.9663421511650084,0.9686800837516784,0.9708864688873292,0.974940061569214,0.1943518221378326,0.2032895535230636,0.2432916015386581,0.2339225262403488,0.2129584997892379,0.1992386877536773,0.3093424141407013,0.3499567210674286,0.5129963755607605,0.4666851162910461,0.3751630187034607,0.3578770458698272,30.4149169921875,30.178516387939453,28.21291923522949,28.85923194885254,29.12384796142578,30.180814743041992,0.9854892492294312,0.9836131930351256,0.9831443428993224,0.983667492866516,0.9853920340538024,0.9843252301216124,0.8790098251187503,0.8786396341398128,0.8224359887285804,0.833424646806336,0.843658533926289,0.861459510998227,0.9592680931091307,0.9585530161857604,0.9372078776359558,0.9425930976867676,0.9453366994857788,0.9534232020378112,0.8669292330741882,0.8578630685806274,0.8685153126716614,0.8727767467498779,0.8759757876396179,0.8764868378639221,0.3762409687042236,0.3692942559719085,0.3507949113845825,0.3563835620880127,0.3694477677345276,0.3995545506477356,0.9939389824867249,0.9931805729866028,0.9918851852416992,0.9916714429855348,0.9936721920967102,0.994407594203949,-0.0221397802233696,-0.023000968620181,-0.0200054887682199,-0.0208635851740837,-0.0211505889892578,-0.018954113125801
tmc13_romanoillamp_vox10_dec_geom06_text06_octree-raht.ply,romanoillamp_vox10.ply,OCTREE_RAHT,2,4.65,0.9977720007517245,0.9987517146945608,0.99899212570019,0.9648768822818624,0.9071571283633928,0.8394050540661251,0.8909222267751821,0.9055835889364984,0.9191474556518155,0.9654542069350408,0.926001082907882,0.9582464237002642,0.5148155020806273,0.2584614423532102,0.2573210975003638,0.26154444372538,0.1548942031111073,0.3573455455921652,0.6967124019118167,0.3051333078670231,0.4331675263062388,0.3099575172380926,0.151699198556979,0.171354795560686,0.9620029133278056,0.9490712472274008,0.8055810273476066,0.9761446963523424,0.9735337553520202,0.8691496838885814,0.9106809927391945,0.94372436293192,0.9967885600292292,0.9587597880618716,0.5685301817095245,0.8355685838629712,0.8254387137668496,0.7075477960002717,0.2537577601049438,0.0012763911854482,0.6417646408081055,0.6447824835777283,0.6129905581474304,0.6226826310157776,0.6467005014419556,0.638107419013977,0.5655487179756165,0.57358318567276,0.5601502656936646,0.5809110999107361,0.5687012672424316,0.5830138325691223,0.990463993394665,0.9882305179142914,0.988898730237334,0.9887595590409328,0.9912809896695588,0.9883710533795574,0.0303757190704345,0.0333244204521179,0.0455690622329711,0.0467300415039062,0.0318039655685424,0.0292709469795227,0.9357867240905762,0.9334429502487184,0.9174216985702516,0.9223576188087464,0.9374129176139832,0.9389311075210572,0.9768152832984924,0.9743271470069884,0.9581965804100036,0.9600729942321776,0.9628202319145204,0.9656786918640136,0.0481053069233894,0.0509843453764915,0.0611162111163139,0.059093277901411,0.051660019904375,0.0506427697837352,0.8743950724601746,0.8702695369720459,0.8607479333877563,0.8641979098320007,0.8731669187545776,0.8779544234275818,0.0,0.0,0.0,0.0,74.82909139085088,75.56286284408077,0.252778023481369,0.2578818202018738,0.2766810953617096,0.2735249698162079,0.2626752853393554,0.2586574256420135,0.05197674036026,0.0551059208810329,0.0650420412421226,0.0633775368332862,0.0562327653169631,0.0544184446334838,0.9771506786346436,0.9766077399253844,0.9652082324028016,0.9674951434135436,0.9699942469596864,0.9736530184745787,0.1977862417697906,0.2062864303588867,0.2468632757663726,0.2376284897327423,0.2165810763835907,0.2030490636825561,0.2969197928905487,0.3526316583156585,0.4817382097244262,0.4488708972930908,0.3314170837402344,0.3498595356941223,30.140140533447266,29.915966033935547,27.952823638916016,28.598846435546875,28.86087417602539,29.902721405029297,0.9851788878440856,0.9832987785339355,0.9828976392745972,0.9835419058799744,0.9851937890052797,0.9839556217193604,0.8755596989449286,0.8754486810887593,0.817882728140828,0.828512762965918,0.8399907465712534,0.8565289834827404,0.9574868679046632,0.9571444392204284,0.9351298809051514,0.9406442046165466,0.9435912370681764,0.951213240623474,0.8669686913490295,0.8594350218772888,0.8750203251838684,0.8780444860458374,0.8809255957603455,0.8797081112861633,0.3665679395198822,0.360607236623764,0.3423545360565185,0.3473463058471679,0.3600241243839264,0.3878442347049713,0.993787944316864,0.993048131465912,0.9917011857032776,0.9914817810058594,0.993545949459076,0.994249165058136,-0.0227079279720783,-0.0233268681913614,-0.0202265977859497,-0.0216647442430257,-0.0223420057445764,-0.0196539368480443
tmc13_romanoillamp_vox10_dec_geom06_text06_trisoup-predlift.ply,romanoillamp_vox10.ply,TRISOUP_PREDLIFT,3,4.9,0.9993633578124378,0.9991655985112984,0.999216630069249,0.9631536361738866,0.8783565446951677,0.7652247625960255,0.0134688653351213,0.1462728360849759,0.3086034229570853,0.9560453691043236,0.8663642102005825,0.9513699290333856,0.0,0.0,0.0,0.0,0.1548942031111073,0.3573455455921652,0.4645520927578521,0.1548942031111073,0.3573455455921652,2.498614317652628e-14,1.3054815782000451e-14,1.1133520933622008e-14,1.0,1.0,1.0,6.490732123895197e-17,6.760993561169833e-17,8.246353855901107e-17,1.0,1.0,1.0,1.0,1.0,1.0,1.0,0.9998955101262174,5.223841613122295e-05,5.2238416131180326e-05,0.665996253490448,0.6691495776176453,0.6506957411766052,0.6530309915542603,0.6699506640434265,0.6624541878700256,0.5737396478652954,0.5802164673805237,0.5676933526992798,0.5881834030151367,0.5761010646820068,0.5890276432037354,0.9997268940532544,0.99977037596026,0.999752320704764,0.999749480692522,0.9996588959825272,0.9993467877111172,0.0067535042762756,0.0045400857925415,0.0080771446228027,0.0080780386924743,0.0060138702392578,0.0050316452980041,0.9974411725997924,0.9977911114692688,0.997541606426239,0.9976766705513,0.9974964261054992,0.9970781803131104,0.998871684074402,0.9989263415336608,0.9985480904579164,0.9985240697860718,0.9982247948646544,0.998312532901764,0.0022462003398686,0.0021109946537762,0.0024167269002646,0.0024092928506433,0.0024273544549942,0.0025683180429041,0.9938938021659852,0.9941627383232116,0.9942089915275574,0.9942089915275574,0.9932628273963928,0.9931823015213012,0.0,0.0,6.776609158059852,7.5250272570251155,14.803826583426272,15.426045154557867,0.1213203221559524,0.118804931640625,0.1243071854114532,0.1238627657294273,0.1253106445074081,0.1271315962076187,0.0031718844547867,0.0030936251860111,0.0034922391641885,0.0035302063915878,0.0034675765782594,0.0037032107356935,0.9979263544082642,0.9981455206871032,0.9974304437637328,0.9974696040153505,0.9972867369651794,0.9969169497489928,0.0355979949235916,0.0353628247976303,0.0398821756243705,0.0407473519444465,0.0408447943627834,0.0418749675154686,0.1263095736503601,0.0929626449942588,0.1324261128902435,0.1229530274868011,0.1265539824962616,0.1561460196971893,42.45196914672852,42.32475662231445,40.9805908203125,41.05086898803711,40.8403434753418,41.32062530517578,0.999303936958313,0.9993500709533693,0.999386727809906,0.9993651509284972,0.9993628263473512,0.9993472695350648,0.9893071179278748,0.9900488800684968,0.9867954212010336,0.986323706018124,0.9862450769958412,0.9840271209748208,0.9959885478019714,0.9964258074760436,0.9950606822967528,0.9951192140579224,0.9947780966758728,0.9941741824150084,0.9048861861228944,0.904045045375824,0.9099573493003844,0.9078447222709656,0.9069035649299622,0.906532108783722,0.8415052890777588,0.8412363529205322,0.8416315913200378,0.8363222479820251,0.8370710015296936,0.8360839486122131,0.9996294975280762,0.999650239944458,0.9996102452278136,0.9995932579040528,0.9996042847633362,0.9996052384376526,-0.0133946621790528,-0.0128542846068739,-0.007329455576837,-0.0073343687690794,-0.0074625657871365,-0.0071068378165364
tmc13_romanoillamp_vox10_dec_geom06_text06_trisoup-raht.ply,romanoillamp_vox10.ply,TRISOUP_RAHT,4,4.7,0.9993122151837552,0.9990467983675936,0.9990840463269428,0.9786325289604774,0.910475512739264,0.8433944116253667,0.0137184242043177,0.1498490387301091,0.3372379652640714,0.9762677523659924,0.9295449389589344,0.9721751052541584,0.0,0.0,0.0,0.0,0.1548942031111073,0.3573455455921652,0.4645520927578521,0.1548942031111073,0.3573455455921652,2.498614317652628e-14,1.3054815782000451e-14,1.1133520933622008e-14,1.0,1.0,1.0,6.490732123895197e-17,6.760993561169833e-17,8.246353855901107e-17,1.0,1.0,1.0,1.0,1.0,1.0,1.0,0.9998955101262174,5.223841613122295e-05,5.2238416131180326e-05,0.661507785320282,0.6656914353370667,0.6457063555717468,0.6473140716552734,0.668106198310852,0.6542442440986633,0.5742722749710083,0.580041766166687,0.56839519739151,0.5885193347930908,0.5762800574302673,0.5889725685119629,0.9996526109332436,0.9997056420559672,0.9997012710811496,0.999709454890898,0.9996007667661886,0.9990687695303664,0.0064774751663208,0.0047004222869873,0.0083425045013427,0.0064924359321594,0.0053566694259643,0.004159390926361,0.9971736073493958,0.9977319240570068,0.997571587562561,0.997568428516388,0.9974998235702516,0.9970635771751404,0.9986223578453064,0.9987357258796692,0.9982818961143494,0.998249650001526,0.9978846311569214,0.9979684948921204,0.0028413308318704,0.0025451078545302,0.0028736323583871,0.0029604211449623,0.0029734352137893,0.0031494470313191,0.9927149415016174,0.9930270314216614,0.993025243282318,0.9929236769676208,0.9919041395187378,0.9917379021644592,0.0,0.0,8.039523201482869,9.19229829379027,16.47285453830599,17.50912545835215,0.1277269572019577,0.1245329827070236,0.1298667937517166,0.1301616877317428,0.131281167268753,0.1334365010261535,0.0036223090719431,0.0034103440120816,0.0038716110866516,0.0039795176126062,0.0039199171587824,0.0041201673448085,0.997451663017273,0.997748076915741,0.9969817399978638,0.9970144629478456,0.9966762065887452,0.996092677116394,0.037919033318758,0.037313625216484,0.0423913523554801,0.0429989509284496,0.0434037074446678,0.0443506836891174,0.0987768247723579,0.1000689268112182,0.1488168835639953,0.1498551070690155,0.1130970790982246,0.1247920617461204,41.849212646484375,41.7575798034668,40.37456893920898,40.43389892578125,40.262962341308594,40.68315505981445,0.9991752505302428,0.999228298664093,0.999288022518158,0.9992740750312804,0.9992573857307434,0.9992392659187316,0.98856195267676,0.9893425147365308,0.9856636524852452,0.9852055004054618,0.985314867747904,0.9827605282784386,0.9953290224075316,0.9958795309066772,0.9942421317100524,0.9942781329154968,0.994004487991333,0.9932467341423036,0.9073953032493592,0.9067763686180116,0.9118722081184388,0.9115975499153136,0.9096391797065736,0.9081849455833436,0.8221476078033447,0.8251774311065674,0.8240506052970886,0.8191420435905457,0.8168962001800537,0.817663311958313,0.9995170831680298,0.9995650053024292,0.9995136857032776,0.9995095133781432,0.9995096325874328,0.9994781613349916,-0.0140052717179059,-0.0136826336383819,-0.0083378748968243,-0.0078447554260492,-0.0079763112589716,-0.0078443503007292
tmc13_soldier_vox10_0690_dec_geom01_text01_octree-predlift.ply,soldier_vox10_0690.ply,OCTREE_PRED_LIFT,1,1.0,0.9339352788130908,0.9916071031424742,0.9936075206916112,0.4544578170938421,0.1844083956347856,0.2338603466988889,0.9964444984808836,0.3602225550193453,0.4568660954170565,0.4570574654231919,0.1717449796632313,0.385773349919925,3.878972789254176,1.9586505167668535,1.9438243649910727,1.9303171821565688,0.0890793737816955,0.416713528533689,3.904346342140473,1.946012235160528,1.9639603891308188,4.324582921435474,1.273916325128363,3.538737221694692,0.0500560575244904,0.045856250711055,0.0085288890939908,0.9993537307109438,0.9998598962220178,0.9606246524438574,0.0253058060539177,0.0128057537874139,0.8132597333082144,0.8202385569987396,0.3179059386366368,0.3296991555331255,0.2976033860266276,0.4766603007223878,0.5391083600767763,0.107788161765801,0.0187571179121732,0.0156505145132541,-0.1672326624393463,-0.1628329753875732,-0.1760278940200805,-0.1812644451856613,0.5589160919189453,0.5637233257293701,0.5052694082260132,0.5737344622612,0.5151534676551819,0.5240294933319092,0.1513172316245357,0.1505050501776173,0.1201444108378434,0.1125835387942809,0.1150570209573757,0.115282814556393,0.6080204844474792,0.6088108420372009,0.6307490468025208,0.6313630938529968,0.6365159153938293,0.6556183695793152,0.1927495449781417,0.1638421416282653,0.2059113830327987,0.153490737080574,0.1546144783496856,0.1595897525548935,0.6549538373947144,0.6529297232627869,0.6137427687644958,0.6695109009742737,0.6231450438499451,0.6259851455688477,0.2617558240890503,0.2600957453250885,0.2922619581222534,0.2356247752904892,0.277993768453598,0.2718596160411834,0.3915643990039825,0.3897716403007507,0.4052019119262695,0.4202942848205566,0.3727990984916687,0.3805887997150421,0.0,0.0,207.6593791027879,201.61222198011689,199.25823251502004,197.54947358955383,0.5172414779663086,0.5175570845603943,0.5579422116279602,0.4758327901363373,0.5296337604522705,0.5243680477142334,0.294579416513443,0.2949572503566742,0.3098787069320678,0.2904914319515228,0.3080144822597503,0.3079092800617218,0.5046212673187256,0.5048885345458984,0.4421142041683197,0.4239154756069183,0.4045677781105041,0.3958915174007416,0.858840823173523,0.8632049560546875,0.8832238912582397,0.874442458152771,0.9090895652770996,0.9039794206619264,2.845853090286255,2.859872579574585,2.7183454036712646,2.879602670669556,3.0610623359680176,2.8861443996429443,8.447935104370117,8.375669479370117,7.774920463562012,9.644436836242676,7.774406433105469,8.266922950744629,0.7978419661521912,0.7802892923355103,0.8095164895057678,0.7967730760574341,0.7756712436676025,0.7854312062263489,0.5738952221460736,0.5739898203408635,0.5456018899197349,0.565930038990202,0.4954677980628162,0.5043433138233844,0.5268203020095825,0.5275183916091919,0.4901956021785736,0.5023365616798401,0.4366440773010254,0.4444805979728699,0.3065286576747894,0.3070515692234039,0.2973625659942627,0.2822220623493194,0.2921069860458374,0.294475108385086,0.0110514806583523,0.0111285094171762,0.013761069625616,0.0152592435479164,0.0138477841392159,0.0143686309456825,0.8580388426780701,0.8625743985176086,0.8344869613647461,0.876141369342804,0.8265429139137268,0.8455566167831421,-0.0894106477499008,-0.0925515219569206,-0.0983207151293754,-0.0975431948900222,-0.1230747550725936,-0.1207361593842506
tmc13_soldier_vox10_0690_dec_geom01_text01_octree-raht.ply,soldier_vox10_0690.ply,OCTREE_RAHT,2,1.0,0.9312731596486008,0.9929207933971234,0.9926282632850496,0.3775233342810755,0.0123855025714374,0.0158242293296006,0.8850652561991068,0.0,0.0,0.3796767043913179,0.0231885822099144,0.3228495700446985,3.878972789254176,1.9586505167668535,1.9438243649910727,1.9303171821565688,0.0890793737816955,0.416713528533689,3.904346342140473,1.946012235160528,1.9639603891308188,4.324582921435474,1.273916325128363,3.538737221694692,0.0500560575244904,0.045856250711055,0.0085288890939908,0.9993537307109438,0.9998598962220178,0.9606246524438574,0.0253058060539177,0.0128057537874139,0.8132597333082144,0.8202385569987396,0.3179059386366368,0.3296991555331255,0.2976033860266276,0.4766603007223878,0.5391083600767763,0.107788161765801,0.0200505014508962,0.0190192647278308,-0.1626425683498382,-0.1655508875846862,-0.1712053120136261,-0.1786485016345977,0.558068037033081,0.5635745525360107,0.5035181045532227,0.5730447769165039,0.5153206586837769,0.5220412015914917,0.1584204748798302,0.1525691326588251,0.1284096422113733,0.1237792731026958,0.1145075034244884,0.1245092943327036,0.6089072823524475,0.6106200814247131,0.6297056078910828,0.6318906545639038,0.6374937295913696,0.656233012676239,0.1812090277671814,0.1609055697917938,0.2069848626852035,0.1331362575292587,0.1443130522966385,0.1501094400882721,0.6576590538024902,0.6572642922401428,0.6177047491073608,0.6677298545837402,0.6240758895874023,0.6250012516975403,0.2614626884460449,0.2582255005836487,0.2914915680885315,0.2369920760393142,0.2775528728961944,0.2721867561340332,0.3924944996833801,0.3908018171787262,0.4058562219142914,0.4204420447349548,0.3725858628749847,0.3805052638053894,0.0,0.0,207.95845320395688,203.12165159637016,199.24221795801168,198.4014399616471,0.5166981220245361,0.5151840448379517,0.55661940574646,0.4778878688812256,0.5285967588424683,0.5244922041893005,0.2943175435066223,0.2936395704746246,0.3093023300170898,0.2915075421333313,0.3081032633781433,0.3080567419528961,0.5041451454162598,0.504375159740448,0.4418216347694397,0.4198223054409027,0.4017382264137268,0.3939399421215057,0.8594679832458496,0.8620598316192627,0.8836463689804077,0.8787763118743896,0.9096879959106444,0.9069526195526124,2.851295232772827,2.8593533039093018,2.702666997909546,2.9399561882019043,3.0697543621063232,2.889334917068481,8.444284439086914,8.366291999816895,7.770959854125977,9.642949104309082,7.767621040344238,8.26326847076416,0.8024004101753235,0.7900920510292053,0.8075037598609924,0.8013404607772827,0.7857531905174255,0.7891914248466492,0.5742096655105526,0.5751875467228521,0.5463808411527717,0.5655022301715249,0.4958289863420007,0.5046747165096079,0.5270704030990601,0.5285049676895142,0.4907900691032409,0.5017043352127075,0.436753362417221,0.4445012509822845,0.3073829114437103,0.3067561089992523,0.2969930469989776,0.282638669013977,0.2921400070190429,0.2932455837726593,0.0107159651815891,0.0109557462856173,0.0135406106710433,0.0147209968417882,0.0137406727299094,0.0141365025192499,0.8582671284675598,0.8664734363555908,0.8324461579322815,0.8748608231544495,0.828728973865509,0.8465149402618408,-0.0889914110302925,-0.0919278115034103,-0.0981083363294601,-0.0969797000288963,-0.1230065003037452,-0.1217001378536224
tmc13_soldier_vox10_0690_dec_geom01_text01_trisoup-predlift.ply,soldier_vox10_0690.ply,TRISOUP_PREDLIFT,3,1.025,0.9719578248404516,0.9952163913763092,0.9954230881755336,0.4850764535827961,0.1600140747447579,0.174483634105309,0.9829089743115152,0.3179201193062405,0.3318624940076805,0.4871036197183344,0.1188918693819887,0.3948339193375692,1.2497656508203767,0.4094813896627219,0.4183700259968519,0.9771503511150516,0.0890793737816955,0.416713528533689,1.1917525617089473,0.4448787875095258,0.8542155382488783,1.2804646787506695,0.3725631229935322,1.058335180255241,0.8596718913606909,0.8229887938392066,0.5790243601443481,0.9997655049753864,1.0009705595869676,0.9630462436221768,0.7653623222877436,0.7611981760166494,0.9359665558826084,0.8843048529662899,0.3042835359751864,0.623621255289285,0.6067859653105548,0.4885435231986667,0.5413333769598279,0.056333160743653,0.3048357665538788,0.3161990344524383,0.3615719676017761,0.3999170958995819,0.41068035364151,0.4055843353271484,0.5247052907943726,0.5309213399887085,0.4981702864170074,0.5541307330131531,0.4958304464817047,0.5028324723243713,0.8912148603186836,0.8858720365339903,0.8652786983489196,0.8928034523585683,0.868933178624639,0.8960934913924541,0.2220440506935119,0.2056574821472168,0.1681008338928222,0.1988391876220703,0.1953763961791992,0.2065002918243408,0.4106662273406982,0.4067418873310089,0.5671557188034058,0.5518707036972046,0.486742615699768,0.5231796503067017,0.8774414658546448,0.8741592168807983,0.8814848065376282,0.8389925956726074,0.8553200960159302,0.8526644706726074,0.1663941144943237,0.1664492487907409,0.1535109728574752,0.1700057387351989,0.168155550956726,0.1661851704120636,0.5035338997840881,0.5064522624015808,0.5733169317245483,0.5500441789627075,0.5614782571792603,0.5625078082084656,0.0,0.0,190.0072174344587,184.50884758920463,170.0982881160577,170.52169618927894,0.3808417022228241,0.3803494870662689,0.3606655597686767,0.3763132691383362,0.3747886121273041,0.3737858831882477,0.1686639487743377,0.1694404184818267,0.1532880365848541,0.1710616648197174,0.1677213758230209,0.1654478907585144,0.8684712648391724,0.86279296875,0.8998345732688904,0.8816560506820679,0.8682481646537781,0.8782961368560791,0.4237558841705322,0.433542937040329,0.3720982670783996,0.4341099262237549,0.3756133913993835,0.3820376396179199,1.467454195022583,1.4735444784164429,1.1088634729385376,1.2183939218521118,1.5921854972839355,1.2651206254959106,20.5873966217041,20.572006225585938,24.1539306640625,23.1750602722168,24.427902221679688,24.406021118164062,0.8955845236778259,0.8966482877731323,0.911612331867218,0.8934686779975891,0.9209144115447998,0.9225370287895204,0.8143491050980772,0.8025695004488235,0.830020512742992,0.7682036676142593,0.7776620836856131,0.780712105774813,0.8175889849662781,0.8089818358421326,0.841831386089325,0.8064844012260437,0.7929138541221619,0.8008407950401306,0.4531728029251098,0.4382888674736023,0.5229727029800415,0.4444563388824463,0.4454635381698608,0.4469345808029175,0.2025250941514969,0.1942877471446991,0.2279946655035019,0.1928155422210693,0.2088880240917205,0.2121604681015014,0.9628132581710817,0.9611648321151732,0.96777081489563,0.9529754519462584,0.9624606966972352,0.9629797339439392,-0.0520511791110038,-0.0541123524308204,-0.0508726797997951,-0.0566340051591396,-0.0544488653540611,-0.0549632534384727
tmc13_soldier_vox10_0690_dec_geom01_text01_trisoup-raht.ply,soldier_vox10_0690.ply,TRISOUP_RAHT,4,1.0,0.967791252777712,0.994428881063772,0.9946390222684536,0.3951702560593574,0.0720043095461826,0.0878884585285676,0.7928076843074219,0.1337235709363477,0.1596183686342879,0.3993838376773936,0.0831095617461794,0.3379224948341943,1.2497656508203767,0.4094813896627219,0.4183700259968519,0.9771503511150516,0.0890793737816955,0.416713528533689,1.1917525617089473,0.4448787875095258,0.8542155382488783,1.2804646787506695,0.3725631229935322,1.058335180255241,0.8596718913606909,0.8229887938392066,0.5790243601443481,0.9997655049753864,1.0009705595869676,0.9630462436221768,0.7653623222877436,0.7611981760166494,0.9359665558826084,0.8843048529662899,0.3042835359751864,0.623621255289285,0.6067859653105548,0.4885435231986667,0.5413333769598279,0.056333160743653,0.2822456359863281,0.2927486598491668,0.3556025922298431,0.3680632710456848,0.3488153219223022,0.3597173988819122,0.5112985372543335,0.5180906057357788,0.4661904275417328,0.5240784883499146,0.473879873752594,0.4716137945652008,0.8612044874387863,0.8572904908247162,0.8544111316857269,0.8805922878611812,0.8187564237027388,0.8693413184703789,0.2643517851829529,0.2509393692016601,0.2531793117523193,0.2662444114685058,0.2828830480575561,0.2961471080780029,0.2573213875293731,0.257274866104126,0.4460285305976867,0.4251292049884796,0.2828283905982971,0.2910200953483581,0.8285538554191589,0.827887237071991,0.8337064981460571,0.7815611958503723,0.7960983514785767,0.7835737466812134,0.2225220203399658,0.2223162353038787,0.1928460150957107,0.220371201634407,0.2303660660982132,0.2318979650735855,0.4234821200370788,0.4282551109790802,0.5082928538322449,0.4717027544975281,0.4617368280887604,0.4566948115825653,0.0,0.0,189.0458166247916,181.50181025036215,179.428542234382,172.09710579090668,0.3941164910793304,0.3937748968601227,0.3816765546798706,0.3940595984458923,0.3882990479469299,0.3918524086475372,0.2161615639925003,0.2158210575580597,0.1875779628753662,0.2127784192562103,0.2205308526754379,0.2200919538736343,0.8413184881210327,0.837112307548523,0.8794363737106323,0.8574471473693848,0.838948667049408,0.8507579565048218,0.4588364958763122,0.4658289849758148,0.4010416865348816,0.4715051054954529,0.4135998487472534,0.4221227169036865,1.913601636886597,1.8469024896621704,1.478728413581848,1.3258312940597534,1.838796138763428,1.7640832662582395,20.297643661499023,20.30164337158203,23.641111373901367,22.52821922302246,23.685359954833984,23.668336868286133,0.8669791221618652,0.8622140288352966,0.8916351199150085,0.8631380200386047,0.887646496295929,0.8834620714187622,0.7764721699075364,0.7662223151957945,0.7935093136020063,0.7214421766633087,0.7364845678794825,0.7334012040592843,0.7715358734130859,0.7674394845962524,0.8005778789520264,0.7581419348716736,0.7422389984130859,0.7482821345329285,0.3906350433826446,0.392804890871048,0.4141836762428283,0.3773687779903412,0.3861711025238037,0.3740294575691223,0.1481704860925674,0.1477375328540802,0.1714932918548584,0.1474775224924087,0.1610799878835678,0.160508319735527,0.9454776644706726,0.945309579372406,0.9554441571235656,0.9376393556594848,0.9464299082756042,0.9473973512649536,-0.0588988810777664,-0.0598633773624897,-0.0571025051176548,-0.0660100802779197,-0.064895175397396,-0.0644128769636154
tmc13_soldier_vox10_0690_dec_geom02_text02_octree-predlift.ply,soldier_vox10_0690.ply,OCTREE_PRED_LIFT,1,1.0,0.9555864817195456,0.9947625232575168,0.9949320976348428,0.5349435011203141,0.3168840934489784,0.3430676617546089,0.9896147206713904,0.6149864948452284,0.6454918917942987,0.5383963097503487,0.2869809777167649,0.4656137566047696,2.0141611356347373,1.026273696430582,1.0226845961724376,0.9813812727766476,0.0890793737816955,0.416713528533689,2.055642092847101,1.028255868789148,1.0371325634139656,1.646610115464438,0.4832059349485698,1.3558970720863253,0.1595749221867507,0.1469960900404188,0.050430035671997,1.0008747584568214,0.9989437035813508,0.9429733130387308,0.102319759471728,0.0594424299462154,0.9159138887926256,0.9043221121732784,0.3289828014024361,0.483732237430323,0.4536149013930232,0.5051896239699439,0.5232572674699734,0.0395160740274999,0.4714073836803436,0.4792160987854004,0.4566240310668945,0.4063057005405426,0.382250040769577,0.4018146991729736,0.5595929026603699,0.5702303051948547,0.5274940729141235,0.5722146034240723,0.5411874055862427,0.5427544116973877,0.8718211700986753,0.858278009733833,0.8322700550741879,0.8578850220416243,0.7842587190895358,0.820572621406252,0.2956929206848144,0.2941392660140991,0.3014720678329468,0.327536940574646,0.3115630745887756,0.330324113368988,0.3650858402252197,0.3490113019943237,0.4591968357563019,0.4097697138786316,0.3450735807418823,0.3573664724826813,0.8575153350830078,0.8474573493003845,0.8746880292892456,0.8219241499900818,0.8135561347007751,0.8176739811897278,0.1799200624227523,0.1869009435176849,0.1584183424711227,0.187375321984291,0.200423777103424,0.1977733820676803,0.5452078580856323,0.5358819961547852,0.6112866997718811,0.5580899119377136,0.5187469124794006,0.5185725688934326,0.0,0.0,185.54981930693748,189.18564663295007,177.12193712901126,175.18239400358007,0.3795732855796814,0.3816803395748138,0.3671242892742157,0.3855178356170654,0.392017513513565,0.3903656303882599,0.1790851950645446,0.185059368610382,0.1577897518873214,0.1881299018859863,0.1983572393655777,0.1968257576227188,0.8604733347892761,0.8532602787017822,0.8847421407699585,0.8497070074081421,0.8275675177574158,0.8390129804611206,0.382375568151474,0.3925047814846039,0.356607437133789,0.4319891929626465,0.4096265733242035,0.4140770435333252,1.9606789350509644,2.008683443069458,1.4715973138809204,1.5601638555526731,2.1890645027160645,1.995991826057434,24.957067489624023,24.812397003173828,24.753541946411133,23.609798431396484,23.66570472717285,23.707630157470703,0.9126564860343932,0.9040074944496156,0.9219439029693604,0.8871520757675171,0.9048258662223816,0.8996390104293823,0.803012901111628,0.7900077673063038,0.8198360778890841,0.7385420269426332,0.7467999206161656,0.7503109911814301,0.7957704067230225,0.7857746481895447,0.8258737325668335,0.7642565965652466,0.744270920753479,0.7522992491722107,0.4043545722961426,0.3939366340637207,0.4181264638900757,0.3731768131256103,0.3908160924911499,0.3849326968193054,0.2028434872627258,0.1934685707092285,0.224420741200447,0.1775750368833542,0.1851626187562942,0.1916594356298446,0.9570179581642152,0.9535858035087584,0.9647199511528016,0.942345142364502,0.9497407674789428,0.9506933093070984,-0.0587257742881774,-0.0603211559355258,-0.0591852627694606,-0.069603830575943,-0.0737813711166381,-0.0753290280699729
tmc13_soldier_vox10_0690_dec_geom02_text02_octree-raht.ply,soldier_vox10_0690.ply,OCTREE_RAHT,2,1.0,0.9541726787161254,0.9938212848498812,0.994028989551999,0.452868263062527,0.1191296370088944,0.1420598925183348,0.9623326710566862,0.2377003448036817,0.284388779119368,0.4560523823771965,0.1307120494941419,0.3895245007649106,2.0141611356347373,1.026273696430582,1.0226845961724376,0.9813812727766476,0.0890793737816955,0.416713528533689,2.055642092847101,1.028255868789148,1.0371325634139656,1.646610115464438,0.4832059349485698,1.3558970720863253,0.1595749221867507,0.1469960900404188,0.050430035671997,1.0008747584568214,0.9989437035813508,0.9429733130387308,0.102319759471728,0.0594424299462154,0.9159138887926256,0.9043221121732784,0.3289828014024361,0.483732237430323,0.4536149013930232,0.5051896239699439,0.5232572674699734,0.0395160740274999,0.4281993508338928,0.446919173002243,0.4251515567302704,0.3507449626922607,0.3386983573436737,0.3644277453422546,0.5491126179695129,0.5611684322357178,0.487787127494812,0.5551023483276367,0.5202625393867493,0.5102308988571167,0.8443378647222681,0.8255410555288275,0.7886289299387146,0.8324002685302527,0.756341263735863,0.7653690110788955,0.3183314204216003,0.3257662057876587,0.3362122774124145,0.3660038113594055,0.3470213413238525,0.3705817461013794,0.3123851418495178,0.2722101807594299,0.4406189620494842,0.3516961634159088,0.2739234566688537,0.2993538379669189,0.836983859539032,0.823376476764679,0.8537937998771667,0.7971073985099792,0.7898283004760742,0.7950059175491333,0.2076407372951507,0.2191698849201202,0.1757794171571731,0.2143239378929138,0.229497492313385,0.2255496233701706,0.4996852874755859,0.4840874671936035,0.578738808631897,0.5157723426818848,0.47776660323143,0.4771789610385895,0.0,0.0,189.46838878831733,188.84671810550796,178.25705513002438,177.11893980679662,0.3821353912353515,0.3830718100070953,0.3763671517372131,0.3910742402076721,0.3921826481819153,0.3929525911808014,0.203506126999855,0.2142189294099807,0.1734994053840637,0.2101458758115768,0.2241462767124176,0.2207126766443252,0.8432232141494751,0.8328346014022827,0.8650487661361694,0.8317275047302246,0.8068183660507202,0.822222888469696,0.3992869853973388,0.4165198802947998,0.3777535855770111,0.4593114852905273,0.431071937084198,0.438143253326416,1.5859724283218384,1.6854333877563477,1.1855953931808472,1.2076424360275269,1.946675539016724,1.571135401725769,24.72100830078125,24.4714469909668,24.548622131347656,23.18661880493164,23.4483642578125,23.452980041503903,0.8998363018035889,0.889008104801178,0.9119703769683838,0.8722019195556641,0.8913320302963257,0.8855818510055542,0.7911791667988832,0.7787315222427859,0.8038246579646856,0.723519866394455,0.7357710599980816,0.7354683405639949,0.7779093980789185,0.7662243843078613,0.8015815019607544,0.7419233322143555,0.7245673537254333,0.7319926023483276,0.3864175677299499,0.3892073035240173,0.4069494307041168,0.361950010061264,0.3798349499702453,0.3770176768302917,0.1753518283367157,0.1682499796152115,0.1825959086418151,0.1540758311748504,0.1663335263729095,0.1636190265417099,0.9485087990760804,0.9426596760749816,0.957551896572113,0.9316527247428894,0.9400452971458436,0.9429444074630736,-0.0609924308955669,-0.0609155260026454,-0.0654143169522285,-0.0713595747947692,-0.0752847418189048,-0.0741368532180786
tmc13_soldier_vox10_0690_dec_geom02_text02_trisoup-predlift.ply,soldier_vox10_0690.ply,TRISOUP_PREDLIFT,3,1.575,0.9830978610120564,0.9961901360912524,0.9962635709395538,0.6330667363243293,0.2426447895754954,0.2558198278541541,0.9644212447956216,0.4745602945459921,0.4817401168413933,0.6358171878633971,0.2051893189326407,0.5483803952982321,0.6830075529597875,0.2429419821121119,0.2639452280688861,0.494557201931581,0.0890793737816955,0.416713528533689,0.7027942154892658,0.3028480228237574,0.4361426144386836,0.6678510689328665,0.2229918418855913,0.5183847795271666,0.8771376949160341,0.837846465777313,0.7556767269358601,1.0019418189307578,1.0024632566087048,0.9397493336461016,0.8477510808700435,0.7828783486229747,0.9816690313303104,0.9227935319265068,0.3295527421025949,0.7641577800297561,0.7574776463977665,0.5121376159910372,0.5226778799790597,0.0139078795859103,0.5596856474876404,0.5691017508506775,0.487174242734909,0.5230879187583923,0.5496314167976379,0.5504471659660339,0.5796536803245544,0.5752501487731934,0.5508067607879639,0.6058130860328674,0.5395893454551697,0.5553144812583923,0.9747410839651508,0.9746402964333716,0.9615282583084142,0.9728087844689982,0.956608385119476,0.9676067715587892,0.1666572093963623,0.1556512713432312,0.1267371773719787,0.1325078010559082,0.1438730955123901,0.1484385132789611,0.7764592170715332,0.7707855105400085,0.7679720520973206,0.7838684320449829,0.7408929467201233,0.7699739933013916,0.9381852746009828,0.9352980852127076,0.9359766840934752,0.9105182886123656,0.9203635454177856,0.917777180671692,0.0969326421618461,0.0995498895645141,0.0966949760913848,0.1073331013321876,0.1075798124074935,0.1056687757372856,0.7455446720123291,0.7371788620948792,0.7657107710838318,0.7284084558486938,0.7415854334831238,0.7405290603637695,0.0,0.0,153.0402914698817,142.35350282329068,131.51012504267248,129.3140951022787,0.3183997869491577,0.3212236166000366,0.3150639533996582,0.3267484307289123,0.3300540745258331,0.32881960272789,0.0967297777533531,0.1000653728842735,0.0971480086445808,0.1100166663527488,0.1080310642719268,0.105735920369625,0.9492947459220886,0.9462027549743652,0.9539076685905457,0.9461178779602052,0.9367040991783142,0.9417837858200072,0.23280069231987,0.2418581694364547,0.2382774204015731,0.2894422113895416,0.2548241317272186,0.2557305693626404,0.8419914841651917,0.8133836388587952,0.9537583589553832,0.8509294986724854,1.015457272529602,0.7702756524085999,29.609752655029297,29.190080642700195,28.57703018188477,26.92549705505371,28.26886940002441,28.251148223876957,0.963460385799408,0.960387408733368,0.9629631638526917,0.9516884684562684,0.96125590801239,0.9602630734443665,0.8773445812230585,0.8671839502664629,0.8861730063763414,0.8410223511362968,0.842590365410566,0.8477837147187669,0.9076812267303468,0.9024633169174194,0.9171254634857178,0.9001296758651733,0.8845890760421753,0.8923808336257935,0.5740352869033813,0.5910887122154236,0.6448313593864441,0.5831554532051086,0.5779066681861877,0.5781134963035583,0.3279050588607788,0.3163166046142578,0.3422561883926391,0.3013071119785309,0.3201116621494293,0.3255357146263122,0.9826492071151732,0.9817743897438048,0.98405522108078,0.9758150577545166,0.9806021451950072,0.9807480573654176,-0.0384785383939743,-0.0384576581418514,-0.036842968314886,-0.0444728285074234,-0.0365183427929878,-0.0390903390944004
tmc13_soldier_vox10_0690_dec_geom02_text02_trisoup-raht.ply,soldier_vox10_0690.ply,TRISOUP_RAHT,4,1.125,0.9807652810018508,0.9954772895713704,0.9957083324784368,0.5771998595416413,0.1249078719276993,0.1385395985813646,0.9165182919378804,0.2410131339849789,0.2648095387003043,0.5821635999084235,0.1397264270914023,0.5112230293052497,0.6830075529597875,0.2429419821121119,0.2639452280688861,0.494557201931581,0.0890793737816955,0.416713528533689,0.7027942154892658,0.3028480228237574,0.4361426144386836,0.6678510689328665,0.2229918418855913,0.5183847795271666,0.8771376949160341,0.837846465777313,0.7556767269358601,1.0019418189307578,1.0024632566087048,0.9397493336461016,0.8477510808700435,0.7828783486229747,0.9816690313303104,0.9227935319265068,0.3295527421025949,0.7641577800297561,0.7574776463977665,0.5121376159910372,0.5226778799790597,0.0139078795859103,0.5212653875350952,0.5285376906394958,0.453294962644577,0.4964436590671539,0.470921516418457,0.4911801815032959,0.5600388050079346,0.5577338337898254,0.5207619071006775,0.5873575806617737,0.5115793943405151,0.524351179599762,0.9672639332244516,0.9651837547306114,0.9523113010004198,0.9693845763274754,0.940977867571078,0.956482361017321,0.1842057704925537,0.1869764924049377,0.2032119035720825,0.199324369430542,0.2265039682388305,0.2328337430953979,0.5692205429077148,0.6030114889144897,0.6734275221824646,0.7082120180130005,0.5243799090385437,0.6440945863723755,0.9040996432304382,0.9058589339256288,0.9034196734428406,0.8807011842727661,0.8811503052711487,0.8865731358528137,0.1486044377088546,0.1457295417785644,0.1275745183229446,0.1381828039884567,0.1597323566675186,0.1454795747995376,0.6375635862350464,0.6416302919387817,0.6976824402809143,0.6597840785980225,0.6435691714286804,0.6601788401603699,0.0,0.0,154.10705677739992,141.459122996068,132.83306884638765,132.36028750654432,0.3471105098724365,0.3464740812778473,0.3434284627437591,0.3484643101692199,0.3558058142662048,0.3512775599956512,0.1405612826347351,0.1389743983745575,0.1245848089456558,0.1373312622308731,0.1510801613330841,0.140978991985321,0.930194854736328,0.9294792413711548,0.9390559196472168,0.9330058097839355,0.9165204763412476,0.9216291308403016,0.2717207670211792,0.2783374488353729,0.2705851197242737,0.3218370079994201,0.2915714383125305,0.2931796312332153,1.193634867668152,1.163666605949402,1.1332472562789917,0.9403270483016968,1.1932564973831177,1.0979915857315063,28.35702133178711,28.01797103881836,27.670307159423828,25.916240692138672,27.238201141357425,27.159975051879883,0.9410515427589417,0.941270649433136,0.9493353366851808,0.9393232464790344,0.9424930810928344,0.944517970085144,0.8321002451867526,0.82430881297869,0.8430962094085335,0.7954615259483264,0.7937482301239418,0.7953653218487972,0.8663545846939087,0.8652005195617676,0.8795296549797058,0.8652045726776123,0.8387691974639893,0.8568894863128662,0.4696914255619049,0.4801316261291504,0.5209611058235168,0.4531102776527405,0.455376923084259,0.4457102119922638,0.2477453798055648,0.2428338825702667,0.2635683715343475,0.244347870349884,0.2503101229667663,0.2533635795116424,0.9743009209632874,0.9746860265731812,0.9775355458259584,0.9703837037086488,0.9725341796875,0.9714457988739014,-0.0490216203033924,-0.0474665090441703,-0.043377760797739,-0.0482509993016719,-0.0465821363031864,-0.0444654673337936
tmc13_soldier_vox10_0690_dec_geom03_text03_octree-predlift.ply,soldier_vox10_0690.ply,OCTREE_PRED_LIFT,1,1.25,0.9770594281513116,0.9964876422026904,0.99656282943344,0.6780404793677104,0.3602734932655934,0.3716648204529803,0.9643891687941988,0.6673514897721204,0.6714571731741782,0.6821758816765356,0.3515549429278205,0.6091296258914597,1.1177948073274038,0.5697679473595496,0.5752402276786162,0.5283502915447461,0.0890793737816955,0.416713528533689,1.1862667784923908,0.5891512110655706,0.5960593543762048,0.6791436001756781,0.2012407014749352,0.5574615516466424,0.4633108300203998,0.4348890514655768,0.2718861198760381,0.9998649503055216,1.000580940788678,0.9210263546148906,0.3779397519903162,0.2776030772673981,0.9747607974419352,0.9400031139418344,0.3590727766821132,0.704004985634029,0.6785514053270034,0.5413508288992898,0.4826553796341318,0.0078894109630072,0.4840731620788574,0.4933030307292938,0.4628276824951172,0.4209117591381073,0.4678317606449127,0.4464554786682129,0.5725948214530945,0.5812934041023254,0.559773862361908,0.6052309274673462,0.5430987477302551,0.5594133734703064,0.9785028887542552,0.9771272466197656,0.9659125910885888,0.976565214127864,0.9645706901661156,0.9716857533311516,0.190675675868988,0.1758029460906982,0.1469756364822387,0.1714658141136169,0.1812139153480529,0.1952878832817077,0.7083754539489746,0.6974981427192688,0.7419914603233337,0.7029225826263428,0.6623445153236389,0.6708481311798096,0.9315444231033324,0.9269397258758544,0.9345261454582214,0.9003092050552368,0.8944799304008484,0.895883321762085,0.1055300384759903,0.1095746532082557,0.0995350703597068,0.1194150894880294,0.1300897896289825,0.126930832862854,0.7138217687606812,0.7115745544433594,0.7577629089355469,0.7056010365486145,0.6610033512115479,0.6689062714576721,0.0,0.0,152.45333847235486,156.067046359274,154.74486758076415,148.5768013421191,0.3268845081329345,0.3298121690750122,0.3151252865791321,0.3351064920425415,0.3447378873825073,0.340091735124588,0.1066888496279716,0.1105414256453514,0.1001515612006187,0.1215570122003555,0.1306561529636383,0.1274702101945877,0.9446539878845216,0.94113028049469,0.9529876708984376,0.9391083717346193,0.927672564983368,0.9332178831100464,0.2593080997467041,0.2652919888496399,0.2422944009304046,0.300709068775177,0.2978780269622803,0.2937830090522766,0.9203919172286988,0.8904035091400146,0.7558712363243103,0.8913326859474182,1.040278673171997,0.9843037128448486,28.32675170898437,28.13392639160156,28.226716995239254,26.519794464111328,26.354366302490234,26.531932830810547,0.955790877342224,0.952899694442749,0.9623464345932008,0.9440081119537354,0.9496135711669922,0.9501519799232484,0.8677851179383856,0.8580025186012241,0.8790138711027021,0.8264273734106258,0.8221343089260811,0.832590296797853,0.8989636301994324,0.8939064741134644,0.9125017523765564,0.8852754831314087,0.865890622138977,0.8790714740753174,0.5625795722007751,0.5522366762161255,0.6364850997924805,0.516623318195343,0.541616678237915,0.5291435122489929,0.321307361125946,0.3152206242084503,0.3467500209808349,0.2971243858337402,0.2879124581813812,0.3065633475780487,0.9801919460296632,0.978449821472168,0.9832915663719176,0.9716225266456604,0.9750076532363892,0.975159227848053,-0.0432195290923118,-0.0445134937763214,-0.0369245633482933,-0.0474154204130172,-0.0468546710908412,-0.0499180778861045
tmc13_soldier_vox10_0690_dec_geom03_text03_octree-raht.ply,soldier_vox10_0690.ply,OCTREE_RAHT,2,1.125,0.9766329158629284,0.995955306890579,0.9961377867656148,0.6197210743137894,0.2048256872778942,0.2047022951331047,0.9680810827179362,0.4047961479665653,0.4060419914927572,0.6231634429890985,0.2123077005712063,0.5508318442230827,1.1177948073274038,0.5697679473595496,0.5752402276786162,0.5283502915447461,0.0890793737816955,0.416713528533689,1.1862667784923908,0.5891512110655706,0.5960593543762048,0.6791436001756781,0.2012407014749352,0.5574615516466424,0.4633108300203998,0.4348890514655768,0.2718861198760381,0.9998649503055216,1.000580940788678,0.9210263546148906,0.3779397519903162,0.2776030772673981,0.9747607974419352,0.9400031139418344,0.3590727766821132,0.704004985634029,0.6785514053270034,0.5413508288992898,0.4826553796341318,0.0078894109630072,0.4732871949672699,0.4750009477138519,0.4524876177310943,0.452452152967453,0.420441061258316,0.4423296153545379,0.5590469241142273,0.567193865776062,0.5395658016204834,0.5942942500114441,0.5255299210548401,0.5379984974861145,0.972786719842613,0.974393997907062,0.9629079451332134,0.9724539167980212,0.955745854129447,0.9648820138900852,0.2004276514053344,0.1853814125061035,0.200684905052185,0.1710116863250732,0.2260710597038269,0.2224379181861877,0.6185082197189331,0.6352431178092957,0.695814311504364,0.6934505105018616,0.5878298282623291,0.642327070236206,0.9160133600234984,0.9171122312545776,0.9196686148643494,0.8922260403633118,0.8824701309204102,0.8847929239273071,0.1278676837682724,0.1249156594276428,0.1127888560295105,0.1269240081310272,0.1466238051652908,0.1402073353528976,0.6709075570106506,0.6759322881698608,0.7277542948722839,0.684028685092926,0.6334113478660583,0.6386244297027588,0.0,0.0,152.74229989137166,153.15040026611868,149.2646176659106,146.0060744914825,0.3417730331420898,0.3401024937629699,0.3296229243278503,0.3432419002056122,0.3552510142326355,0.3503637313842773,0.1248947083950042,0.1230945959687233,0.1116690412163734,0.1282145828008651,0.1439074128866195,0.138558954000473,0.9328064918518066,0.9324547052383424,0.9431145191192628,0.9320924282073976,0.9161752462387084,0.9245781898498536,0.2787973284721374,0.2840705811977386,0.2568535208702087,0.3186192214488983,0.3142321109771728,0.3119667768478393,0.7062141299247742,0.6299328804016113,0.6254435181617737,0.6626908183097839,0.7713923454284668,0.6175855398178101,27.93398666381836,27.79886054992676,27.94379425048828,26.16824150085449,26.11884117126465,26.28170394897461,0.9478598833084106,0.9486267566680908,0.9562280774116516,0.9420384168624878,0.9442570805549622,0.9464150667190552,0.8476774683625954,0.8418558937367505,0.8595339922889123,0.8108118663145893,0.8028078311266343,0.8142865759272613,0.8786468505859375,0.8783308863639832,0.8936312198638916,0.8718902468681335,0.8465162515640259,0.8625550270080566,0.5445864796638489,0.5469458699226379,0.6014922857284546,0.4925373196601867,0.5317372679710388,0.5194483995437622,0.2726938426494598,0.2692841291427612,0.2952173948287964,0.263885885477066,0.2515905797481537,0.2656907737255096,0.9762438535690308,0.9763327836990356,0.9801207780838012,0.9706224799156188,0.9720937609672546,0.973298192024231,-0.0418435186147689,-0.0427490100264549,-0.0377836339175701,-0.0489999316632747,-0.045980904251337,-0.0462718084454536
tmc13_soldier_vox10_0690_dec_geom03_text03_trisoup-predlift.ply,soldier_vox10_0690.ply,TRISOUP_PREDLIFT,3,1.925,0.9885077422114498,0.9970793638094008,0.9971532119558012,0.7421307075460255,0.3327804729755962,0.3369227256576312,0.9467355326371012,0.6139792906361514,0.6027324459900488,0.7444682433477062,0.3091149296327735,0.6690216951289306,0.6830075529597875,0.2429419821121119,0.2639452280688861,0.494557201931581,0.0890793737816955,0.416713528533689,0.7027942154892658,0.3028480228237574,0.4361426144386836,0.6678510689328665,0.2229918418855913,0.5183847795271666,0.8771376949160341,0.837846465777313,0.7556767269358601,1.0019418189307578,1.0024632566087048,0.9397493336461016,0.8477510808700435,0.7828783486229747,0.9816690313303104,0.9227935319265068,0.3295527421025949,0.7641577800297561,0.7574776463977665,0.5121376159910372,0.5226778799790597,0.0139078795859103,0.6028379797935486,0.6070122122764587,0.5323325395584106,0.5852987766265869,0.6011867523193359,0.5975821614265442,0.5986844897270203,0.596781849861145,0.5786631107330322,0.6194275617599487,0.5735882520675659,0.5863664746284485,0.9845372429361864,0.984032537606723,0.9787614182400926,0.9797660640828868,0.9771891355247064,0.9827844837054808,0.1257557868957519,0.1177842020988464,0.1024582386016845,0.0929350852966308,0.1048194169998169,0.112357497215271,0.8551765084266663,0.8451282978057861,0.8018869757652283,0.8300008773803711,0.8328395485877991,0.8319261074066162,0.956137478351593,0.9537878632545472,0.94938725233078,0.9279863238334656,0.9425113201141356,0.9390650987625122,0.0740844681859016,0.0768979117274284,0.0849326625466346,0.0928919315338134,0.0825324803590774,0.0851142331957817,0.7872998118400574,0.7811581492424011,0.7888028621673584,0.7602713108062744,0.7850623726844788,0.781802237033844,0.0,0.0,145.62566670771673,132.42384784430868,118.4795814523598,118.7607126464621,0.2877342104911804,0.2924027740955353,0.2969107925891876,0.3071531057357788,0.297660231590271,0.3021885454654693,0.075658194720745,0.0789691358804702,0.086251251399517,0.0958041921257972,0.0843620598316192,0.0858684256672859,0.9696351885795592,0.966298282146454,0.9672036170959472,0.9608310461044312,0.9626330733299256,0.962838053703308,0.2029374688863754,0.2134473621845245,0.2212967574596405,0.2687378823757171,0.2187755405902862,0.2235217541456222,0.7388056516647339,0.6919888257980347,0.9301280975341796,0.6952939629554749,0.7623317837715149,0.662167489528656,30.30756187438965,29.86229705810547,28.88421630859375,27.362106323242188,28.92338180541992,28.941463470458984,0.9727024435997008,0.9710080623626708,0.9688174724578856,0.961209237575531,0.9720886945724488,0.9707793593406676,0.907783762034416,0.8980218836708502,0.9046495745231532,0.8698424841638176,0.8821161698102239,0.8819194689183303,0.9423325061798096,0.9368166923522948,0.9390140771865844,0.9265291094779968,0.9288854598999025,0.9293224811553956,0.6352554559707642,0.6932377815246582,0.6874323487281799,0.6724642515182495,0.6904615163803101,0.6765562891960144,0.3993532657623291,0.378490537405014,0.3868709206581116,0.3392618596553802,0.3846500515937805,0.3862837255001068,0.9886083006858826,0.987905204296112,0.9876441955566406,0.9812438488006592,0.9872214794158936,0.9864429831504822,-0.0304209180176258,-0.0315373986959457,-0.0287987682968378,-0.0331963822245597,-0.0281256418675184,-0.0295923873782157
tmc13_soldier_vox10_0690_dec_geom03_text03_trisoup-raht.ply,soldier_vox10_0690.ply,TRISOUP_RAHT,4,1.225,0.987743041452748,0.9965937551054892,0.9966854946893992,0.7245146579685773,0.1913979834538002,0.1939197706268286,0.9464253983074734,0.3599412463386391,0.3638369976539327,0.727986240140989,0.1974519369768438,0.660979679104013,0.6830075529597875,0.2429419821121119,0.2639452280688861,0.494557201931581,0.0890793737816955,0.416713528533689,0.7027942154892658,0.3028480228237574,0.4361426144386836,0.6678510689328665,0.2229918418855913,0.5183847795271666,0.8771376949160341,0.837846465777313,0.7556767269358601,1.0019418189307578,1.0024632566087048,0.9397493336461016,0.8477510808700435,0.7828783486229747,0.9816690313303104,0.9227935319265068,0.3295527421025949,0.7641577800297561,0.7574776463977665,0.5121376159910372,0.5226778799790597,0.0139078795859103,0.5785625576972961,0.5762274265289307,0.4932305514812469,0.5420696139335632,0.5356030464172363,0.5274431109428406,0.5894007086753845,0.5905743837356567,0.5674582123756409,0.6115948557853699,0.5596758127212524,0.5732888579368591,0.9826934870708376,0.9823879834367014,0.9766954559534904,0.9803634006224872,0.9733725327960392,0.9787915206337554,0.1252046823501587,0.1299774050712585,0.1546794176101684,0.1302794218063354,0.1592185497283935,0.1692883968353271,0.8096319437026978,0.807590126991272,0.7669467329978943,0.8181058168411255,0.7700130939483643,0.8089057207107544,0.9425868988037108,0.941294252872467,0.9352073669433594,0.9166299700737,0.9273004531860352,0.9284976720809937,0.0926975682377815,0.0941374003887176,0.0959176644682884,0.101319745182991,0.1012498587369918,0.0974359065294265,0.7331587076187134,0.729897141456604,0.7563146948814392,0.7274682521820068,0.7321314215660095,0.7483488917350769,0.0,0.0,143.102533458748,132.04766177776835,115.93453422042104,117.37229886457308,0.3099178075790405,0.311402291059494,0.3147626221179962,0.3203212320804596,0.3191158175468445,0.3165411055088043,0.0932757258415222,0.0954896658658981,0.0967968329787254,0.1049886718392372,0.1025309190154075,0.0997860580682754,0.9616727828979492,0.9583472609519958,0.9596633315086364,0.9553511142730712,0.953058421611786,0.9536263346672058,0.2279581427574157,0.2385072410106659,0.2397530674934387,0.2879931330680847,0.2456711232662201,0.2482375502586364,0.7900020480155945,0.6966893672943115,0.868445873260498,0.7279355525970459,0.777721643447876,0.655759871006012,29.383869171142575,28.926055908203125,28.33031463623047,26.58798599243164,28.10299301147461,28.10226249694824,0.966071844100952,0.9643340706825256,0.9646510481834412,0.957971215248108,0.9648739695549012,0.9663583040237428,0.8707497846059784,0.862954533971027,0.8731892506113953,0.8357273690521632,0.8411065886328074,0.841394234839067,0.9190419912338256,0.9152376055717468,0.9176186323165894,0.9092423319816588,0.9013452529907228,0.9124009609222412,0.5865191221237183,0.5990311503410339,0.6140413880348206,0.5854565501213074,0.6006404757499695,0.5675659775733948,0.3174532055854797,0.3058664798736572,0.3170640468597412,0.2906513512134552,0.3114065527915954,0.31803959608078,0.9861434698104858,0.9853705167770386,0.9855709075927734,0.979487955570221,0.9846603274345398,0.983697235584259,-0.0359502620995044,-0.0356047786772251,-0.0343874208629131,-0.0378902629017829,-0.0327918007969856,-0.0324341058731079
tmc13_soldier_vox10_0690_dec_geom04_text04_octree-predlift.ply,soldier_vox10_0690.ply,OCTREE_PRED_LIFT,1,2.5,0.9897902633586604,0.9978590277268328,0.9978563495936056,0.8112282218797967,0.4570955131372453,0.4365413194492586,0.9360348531729236,0.7727316224867925,0.7282072597879586,0.8144521329781778,0.4495593119488968,0.7526750118209743,0.6713862112839841,0.3421435415833828,0.3378096715940746,0.3281124375706252,0.0890793737816955,0.416713528533689,0.786680113768996,0.348771014170168,0.4723579420734662,0.2973937172035309,0.1265833818770983,0.1903223703947386,0.7683171518441795,0.7338336198501738,0.5669408247800747,1.001048620950456,0.999626029354276,0.9122596005549226,0.6848210216543502,0.6261121479710711,0.9879675295994752,0.9515968773024608,0.399655084377245,0.7926890209360107,0.7713858126749563,0.5777243789749283,0.4319185275080446,0.0021149348052982,0.597653865814209,0.604692280292511,0.6080026030540466,0.5704202651977539,0.5820083022117615,0.594882607460022,0.5985377430915833,0.6050305366516113,0.5827429294586182,0.6255401372909546,0.576339602470398,0.5922524333000183,0.9938527244730728,0.9937546521835648,0.9914478550108364,0.9932640905525753,0.9899997143432928,0.9919859247725732,0.1089595556259155,0.1287863254547119,0.1081035733222961,0.1072900295257568,0.113010287284851,0.1204040050506591,0.8806208968162537,0.8785490989685059,0.8813351988792419,0.8677189350128174,0.8422790169715881,0.8430120944976807,0.9691099524497986,0.9678005576133728,0.9705424308776855,0.9518043398857116,0.9539113640785216,0.9529474973678588,0.0577807128429412,0.0580650232732296,0.0560941286385059,0.0704410597681999,0.0707454681396484,0.0692689418792724,0.8401731252670288,0.8394230604171753,0.8727384209632874,0.8310824632644653,0.8205673694610596,0.8199295997619629,27.997418229631656,26.423488412341364,92.13259195253328,102.03697207032714,106.76600175192291,107.01943097511504,0.2691273987293243,0.2705943584442138,0.2638031840324402,0.2837764322757721,0.2841006517410278,0.2815935909748077,0.0603583045303821,0.0613246448338031,0.0582744665443897,0.0735556036233902,0.073325976729393,0.0722153484821319,0.9782570600509644,0.976844072341919,0.9794973134994508,0.9734758734703064,0.9724617004394532,0.9747394919395448,0.1756464838981628,0.1819000244140625,0.1682254374027252,0.2138879001140594,0.2004313915967941,0.1967638731002807,0.5997685790061951,0.6156030297279358,0.4393307566642761,0.6261021494865417,0.7516764998435974,0.6382082104682922,31.494701385498047,31.234241485595703,31.37333869934082,29.20493698120117,29.662918090820312,29.842723846435547,0.9818521738052368,0.980763852596283,0.9844410419464112,0.9754801988601683,0.9794758558273317,0.9792493581771852,0.9250022032059264,0.9194660626781908,0.9237329914680772,0.8924416942736221,0.8995080403375302,0.9059463509269852,0.9597047567367554,0.9569608569145204,0.960277020931244,0.9470436573028564,0.9465821981430054,0.950690746307373,0.707936704158783,0.7087063193321228,0.7468196153640747,0.6720148921012878,0.713285505771637,0.6863593459129333,0.4570721685886383,0.4460119009017944,0.4585825204849243,0.3996550738811493,0.4251197278499603,0.44118332862854,0.991990089416504,0.9915980100631714,0.992992103099823,0.9878405332565308,0.9901941418647766,0.9903620481491088,-0.0275378059595823,-0.0305344369262456,-0.0269218496978282,-0.0342712625861167,-0.0295082293450832,-0.0321025215089321
tmc13_soldier_vox10_0690_dec_geom04_text04_octree-raht.ply,soldier_vox10_0690.ply,OCTREE_RAHT,2,2.4,0.9897129963675552,0.9974509400276628,0.9974704548489104,0.7716779149863758,0.3034311677327201,0.2962683811910326,0.942223727970774,0.5351361714959163,0.520263802505366,0.7753690233716769,0.3077433323551516,0.7105334024321369,0.6713862112839841,0.3421435415833828,0.3378096715940746,0.3281124375706252,0.0890793737816955,0.416713528533689,0.786680113768996,0.348771014170168,0.4723579420734662,0.2973937172035309,0.1265833818770983,0.1903223703947386,0.7683171518441795,0.7338336198501738,0.5669408247800747,1.001048620950456,0.999626029354276,0.9122596005549226,0.6848210216543502,0.6261121479710711,0.9879675295994752,0.9515968773024608,0.399655084377245,0.7926890209360107,0.7713858126749563,0.5777243789749283,0.4319185275080446,0.0021149348052982,0.5595027804374695,0.5746590495109558,0.5605584979057312,0.5535961985588074,0.5413031578063965,0.5416116118431091,0.595919132232666,0.6024211049079895,0.5760259032249451,0.6206477284431458,0.5656147599220276,0.5877144932746887,0.9929798789340606,0.9927192226330348,0.9895019870530496,0.9917944371046696,0.9877475422065852,0.9909652428584814,0.1147325634956359,0.1409305930137634,0.1567599177360534,0.1230207681655883,0.1393404603004455,0.1459712386131286,0.879721999168396,0.8837159872055054,0.8772330284118652,0.8694621324539185,0.838962733745575,0.8439571857452393,0.9653913974761964,0.965293288230896,0.9651894569396972,0.9493348598480223,0.9492197632789612,0.9484583139419556,0.0625368431210517,0.0610267184674739,0.0603330321609973,0.0726473331451416,0.0745167508721351,0.0737452879548072,0.8241642117500305,0.8251136541366577,0.8574801683425903,0.8207266330718994,0.8040421009063721,0.8037855625152588,26.80631694585162,28.041096869277148,95.618079322343,99.76660107102478,106.72004764579196,105.15483578041427,0.2782379984855652,0.2770136296749115,0.2737868428230285,0.2883845269680023,0.291931003332138,0.2890998125076294,0.0653756484389305,0.0644761472940445,0.0626244619488716,0.0758224129676818,0.0775122717022895,0.0767012313008308,0.9744802713394164,0.9738209247589112,0.9751795530319214,0.9706491231918336,0.967995822429657,0.9710318446159364,0.1918069720268249,0.1957650184631347,0.183604747056961,0.2282524555921554,0.2170256227254867,0.2133812606334686,0.5933694243431091,0.5543922185897827,0.4067438542842865,0.6549565196037292,0.7445225119590759,0.5225028395652771,30.891380310058597,30.74204635620117,30.83418655395508,28.7028865814209,29.132413864135746,29.302425384521484,0.979889750480652,0.979672074317932,0.9821261167526244,0.9739293456077576,0.9775274395942688,0.978149712085724,0.9072477208796732,0.9037737204713931,0.9063524408120256,0.8782116747512176,0.8797301856227646,0.8872458489883364,0.9532992243766784,0.9521374106407166,0.952060878276825,0.9426263570785522,0.9393060207366944,0.9447388648986816,0.696209728717804,0.6939124464988708,0.7150815725326538,0.6535705924034119,0.6952641606330872,0.6726151704788208,0.3999962508678436,0.3915328681468963,0.4020610749721527,0.363956868648529,0.3733308911323547,0.3886242508888244,0.9911417365074158,0.9910401701927184,0.991656482219696,0.987632155418396,0.989246666431427,0.989603877067566,-0.0295307170599699,-0.0291916523128747,-0.0290874261409044,-0.0361639484763145,-0.031562115997076,-0.0300276260823011
tmc13_soldier_vox10_0690_dec_geom04_text04_trisoup-predlift.ply,soldier_vox10_0690.ply,TRISOUP_PREDLIFT,3,2.475,0.9911965472258524,0.9979582088875644,0.9979445069373905,0.8215700865697046,0.4490195376389773,0.4307530029993263,0.9348384752779952,0.7613309427676456,0.7188756087829177,0.8237729498208116,0.4423010927155572,0.7635418491616216,0.6830075529597875,0.2429419821121119,0.2639452280688861,0.494557201931581,0.0890793737816955,0.416713528533689,0.7027942154892658,0.3028480228237574,0.4361426144386836,0.6678510689328665,0.2229918418855913,0.5183847795271666,0.8771376949160341,0.837846465777313,0.7556767269358601,1.0019418189307578,1.0024632566087048,0.9397493336461016,0.8477510808700435,0.7828783486229747,0.9816690313303104,0.9227935319265068,0.3295527421025949,0.7641577800297561,0.7574776463977665,0.5121376159910372,0.5226778799790597,0.0139078795859103,0.6166419982910156,0.6220893263816833,0.5580199360847473,0.5864545702934265,0.6182882189750671,0.6125827431678772,0.6067988872528076,0.6039423942565918,0.5876717567443848,0.625899612903595,0.5838097333908081,0.5988490581512451,0.9876500075167158,0.986986025107159,0.9840029653668728,0.982451534158318,0.981567146785598,0.9870604928269198,0.0820270776748657,0.0798639059066772,0.0863770246505737,0.0747725963592529,0.0748242139816284,0.0814026594161987,0.8810417652130127,0.8710987567901611,0.8157321810722351,0.8466367721557617,0.8575239181518555,0.8580392003059387,0.967320680618286,0.9647919535636902,0.9570782780647278,0.9376251697540284,0.9543787240982056,0.9506381750106812,0.0631764009594917,0.0663166642189025,0.0798221603035926,0.0871523097157478,0.0718983262777328,0.0754142329096794,0.8148724436759949,0.8070946335792542,0.8047196865081787,0.7781267762184143,0.8086798787117004,0.8060938119888306,0.0,0.0,139.8006736207954,127.01080959099647,106.17082216489432,109.14674341024175,0.2627060413360595,0.2691254913806915,0.2837806940078735,0.2960836291313171,0.2742268443107605,0.2821941077709198,0.065110333263874,0.0689309686422348,0.0812572538852691,0.0902049541473388,0.0742348209023475,0.0765585526823997,0.980162501335144,0.9769166707992554,0.974083125591278,0.9678842425346376,0.9748749732971193,0.9735257625579834,0.1843830794095993,0.1961528062820434,0.2121116816997528,0.2584076225757599,0.2004640698432922,0.2065804004669189,0.5935291647911072,0.5892665386199951,0.8355807662010193,0.5798615217208862,0.6067970991134644,0.5391070246696472,30.773948669433597,30.278018951416016,29.069744110107425,27.55790901184082,29.27926254272461,29.3176383972168,0.978873610496521,0.976914882659912,0.9732010364532472,0.9664860963821412,0.9775856137275696,0.97660231590271,0.9305479241322816,0.920775036687656,0.9178002953756712,0.8868968125949194,0.9095270692047974,0.9057376250416582,0.962668776512146,0.957129180431366,0.951775312423706,0.9403247237205504,0.9528793096542358,0.950219750404358,0.7155569195747375,0.755452573299408,0.7113294005393982,0.7247278094291687,0.7655331492424011,0.7515326142311096,0.4613509774208069,0.4328879117965698,0.4192287623882293,0.3659832775592804,0.4356769621372223,0.4335778653621673,0.99229896068573,0.9915669560432434,0.989883840084076,0.98408442735672,0.9909400343894958,0.9898552298545836,-0.0254524573683738,-0.02585094794631,-0.0259941965341568,-0.0277189332991838,-0.0202266555279493,-0.0238702185451984
tmc13_soldier_vox10_0690_dec_geom04_text04_trisoup-raht.ply,soldier_vox10_0690.ply,TRISOUP_RAHT,4,1.775,0.9910020816172528,0.9975655978907348,0.9976221274234957,0.801085084542681,0.3099263266853228,0.3009974074447111,0.9404710207632484,0.5391424904219514,0.525565281501646,0.8045960319232666,0.3149817956191306,0.7435847434741789,0.6830075529597875,0.2429419821121119,0.2639452280688861,0.494557201931581,0.0890793737816955,0.416713528533689,0.7027942154892658,0.3028480228237574,0.4361426144386836,0.6678510689328665,0.2229918418855913,0.5183847795271666,0.8771376949160341,0.837846465777313,0.7556767269358601,1.0019418189307578,1.0024632566087048,0.9397493336461016,0.8477510808700435,0.7828783486229747,0.9816690313303104,0.9227935319265068,0.3295527421025949,0.7641577800297561,0.7574776463977665,0.5121376159910372,0.5226778799790597,0.0139078795859103,0.570387601852417,0.5776581764221191,0.5058690309524536,0.5453262329101562,0.5466877222061157,0.5396283268928528,0.6031085848808289,0.6027454733848572,0.5855353474617004,0.6219466328620911,0.5786008238792419,0.5946017503738403,0.986698218235692,0.9862442284204996,0.984576769153864,0.9817104129529018,0.9801490620569644,0.9864554734491542,0.085245132446289,0.0895321369171142,0.1132978200912475,0.1003148555755615,0.104715347290039,0.1140918731689453,0.8763262033462524,0.8663914799690247,0.8062478303909302,0.8435850143432617,0.853294312953949,0.8573440313339233,0.9628812074661256,0.961391270160675,0.9511218070983888,0.933279037475586,0.949914813041687,0.9475632309913636,0.0667720213532447,0.0693892315030098,0.0825722366571426,0.0887487009167671,0.0747246742248535,0.077695108950138,0.792712390422821,0.7871166467666626,0.7883427143096924,0.7655407190322876,0.7888569831848145,0.7937369346618652,0.0,0.0,137.2769192540537,126.28145706072875,106.4588210741048,107.49875032346957,0.2727277278900146,0.2776384055614471,0.2920275628566742,0.3008943796157837,0.2833471596240997,0.2882271707057953,0.0697898790240287,0.0730353072285652,0.0842633545398712,0.09227304905653,0.0782445818185806,0.0801196545362472,0.9766356945037842,0.9733942747116088,0.9703338146209716,0.9647456407546996,0.9708828926086426,0.9697980880737304,0.2004719972610473,0.2118501663208007,0.2243780195713043,0.2712031304836273,0.2159373015165329,0.2214979976415634,0.6176873445510864,0.5712113380432129,0.7792506217956543,0.6569566130638123,0.5744345784187317,0.5177896022796631,30.13708877563477,29.665157318115234,28.69759559631348,27.07843017578125,28.76590919494629,28.799989700317383,0.97696453332901,0.97504061460495,0.9712138175964355,0.966156840324402,0.9757111668586732,0.9753807783126832,0.9062780338611894,0.8975497727891193,0.8956640296095165,0.8663207123123382,0.8830719299269446,0.8794228081439975,0.9528855681419371,0.9478893280029296,0.9402524828910828,0.9322943091392516,0.9419135451316832,0.94370836019516,0.679246723651886,0.7274312973022461,0.6623329520225525,0.6974092125892639,0.7281386256217957,0.7177430987358093,0.3885862827301025,0.3710434436798095,0.3620141148567199,0.3301597833633423,0.3763448596000671,0.3769026696681976,0.9915047883987428,0.9906787872314452,0.9889168739318848,0.9832270741462708,0.9900060296058656,0.9891761541366576,-0.0277644023299217,-0.0275210533291101,-0.0303085576742887,-0.0293625257909297,-0.0224602576345205,-0.0246090590953826
tmc13_soldier_vox10_0690_dec_geom05_text05_octree-predlift.ply,soldier_vox10_0690.ply,OCTREE_PRED_LIFT,1,3.45,0.9945370521194912,0.9987148589729736,0.9985510890814144,0.8866224571355249,0.5691979781758386,0.5371183455020924,0.9200230744005244,0.8400544210023381,0.8089525454565512,0.8881178994758607,0.5765416666979722,0.8426841481338847,0.5541375836403643,0.2794735078713044,0.2781384887751873,0.2750023931918408,0.0890793737816955,0.416713528533689,0.707235842789394,0.2923233716493725,0.4646684142030214,0.2343744685179352,0.1041306987385719,0.1436215203355735,0.8981792783182135,0.8675941714015413,0.7310325422977308,0.9989274748942236,0.9983232503923832,0.9010898587397131,0.8296199885325382,0.8163303919243319,0.9916373298002444,0.9556332585479632,0.4492280627584053,0.8400266431198411,0.8228066810299121,0.6129956479583692,0.3785683977345756,0.0026140823759807,0.6336708068847656,0.6424450278282166,0.6467353701591492,0.6268853545188904,0.6157501935958862,0.6271418333053589,0.6012730598449707,0.6057674288749695,0.5886731147766113,0.6271609663963318,0.5769661664962769,0.6003793478012085,0.9929856154342048,0.9936283688330828,0.9952180198165258,0.9954746692781392,0.989465329627556,0.9929625463565568,0.0706302523612976,0.0766925811767578,0.070442259311676,0.0676337480545044,0.0698167085647583,0.069088339805603,0.9089319705963136,0.9084516763687134,0.9156466126441956,0.9059617519378662,0.8718154430389404,0.8761566877365112,0.9781430959701538,0.977668821811676,0.9789208173751832,0.9659550189971924,0.9669355750083924,0.9663599133491516,0.0472043417394161,0.0454710125923156,0.0461238957941532,0.0568227469921112,0.0581019856035709,0.0580052658915519,0.8766720294952393,0.8773749470710754,0.8977454900741577,0.870535671710968,0.8579005002975464,0.8588269948959351,0.0,0.0,87.35262261291116,93.2090088292912,91.83867597453224,91.6349795198872,0.2453489452600479,0.2443114817142486,0.2423833310604095,0.2626310884952545,0.2605705261230469,0.2590674757957458,0.0492985695600509,0.0485214814543724,0.0484578199684619,0.0602108687162399,0.0608737953007221,0.0604384206235408,0.9866194128990172,0.9859778881072998,0.9866362810134888,0.9818198084831238,0.9823503494262696,0.9840671420097352,0.1617222428321838,0.167648047208786,0.1545340716838836,0.1922954022884369,0.1772291362285614,0.1810215711593628,0.4333536326885223,0.3355354368686676,0.3421021401882171,0.4303776621818542,0.4628744721412658,0.4167889356613159,32.29338073730469,32.103416442871094,32.07144927978516,30.12704849243164,30.61199951171875,30.805381774902344,0.9864826202392578,0.9861660599708556,0.9877435564994812,0.9833523035049438,0.9849677085876464,0.984621286392212,0.94642215654317,0.9429563970951638,0.944017180892752,0.9187088705649286,0.9281268257621822,0.9334279897061843,0.9747952222824096,0.97361820936203,0.9746164083480836,0.9642325639724731,0.966824233531952,0.969671666622162,0.7967470288276672,0.8015096187591553,0.8142535090446472,0.7847934365272522,0.8187379240989685,0.7984738945960999,0.5108017921447754,0.4990464150905609,0.5105166435241699,0.4458406567573547,0.4811933040618896,0.4992650747299194,0.9948332905769348,0.9948171973228456,0.9952069520950316,0.9914590120315552,0.9936862587928772,0.9937285780906676,-0.0247800666838884,-0.0233617685735225,-0.0174637343734502,-0.0230863615870475,-0.0219773761928081,-0.0219129994511604
tmc13_soldier_vox10_0690_dec_geom05_text05_octree-raht.ply,soldier_vox10_0690.ply,OCTREE_RAHT,2,3.4,0.9946267145353436,0.9983982952564164,0.9983105484754596,0.8613575705669654,0.4656708765465821,0.4343138518031601,0.9236562700033034,0.7172632491876173,0.6806236958204945,0.8642826053756341,0.4719676390293293,0.8133433503942119,0.5541375836403643,0.2794735078713044,0.2781384887751873,0.2750023931918408,0.0890793737816955,0.416713528533689,0.707235842789394,0.2923233716493725,0.4646684142030214,0.2343744685179352,0.1041306987385719,0.1436215203355735,0.8981792783182135,0.8675941714015413,0.7310325422977308,0.9989274748942236,0.9983232503923832,0.9010898587397131,0.8296199885325382,0.8163303919243319,0.9916373298002444,0.9556332585479632,0.4492280627584053,0.8400266431198411,0.8228066810299121,0.6129956479583692,0.3785683977345756,0.0026140823759807,0.5824369788169861,0.5966883897781372,0.5920724868774414,0.589931309223175,0.5541961193084717,0.5638565421104431,0.6003056764602661,0.6044530868530273,0.58773273229599,0.6248344779014587,0.5748058557510376,0.5973809361457825,0.992694250006533,0.993213329429802,0.99505312534053,0.9951917178955692,0.9883380735169884,0.9925395516786432,0.0698194503784179,0.0837808847427368,0.0921627283096313,0.0829854011535644,0.076052725315094,0.0798686742782592,0.9102554321289062,0.9104660749435424,0.913917601108551,0.9074004292488098,0.8718314170837402,0.8761047124862671,0.9770696759223938,0.976925492286682,0.9770516753196716,0.965055525302887,0.9656970500946044,0.9654789566993712,0.0488779321312904,0.0462903790175914,0.0471061393618583,0.0575982518494129,0.0590079575777053,0.0590637139976024,0.869696319103241,0.8726645708084106,0.8911981582641602,0.8660503029823303,0.8516223430633545,0.8539368510246277,0.0,0.0,89.05972151355685,92.74673614435,90.848809809923,90.34072951228532,0.2493077963590622,0.2468193173408508,0.2464918494224548,0.2650328278541565,0.2635228037834167,0.2616785764694214,0.051095213741064,0.0494141317903995,0.0497657693922519,0.0611755661666393,0.0618727542459964,0.0616119354963302,0.9852315187454224,0.9848796129226683,0.9847414493560792,0.9806980490684508,0.9808262586593628,0.9825810194015504,0.1702027320861816,0.1743237227201461,0.1613869667053222,0.198725625872612,0.1853491067886352,0.1884079575538635,0.4239112436771393,0.3468658328056335,0.3595950901508331,0.4396647214889526,0.4743837416172027,0.3997663259506225,31.906831741333008,31.79690361022949,31.76464080810547,29.840747833251957,30.322799682617188,30.528438568115234,0.9858993291854858,0.9860761761665344,0.9870913624763488,0.98333340883255,0.9845996499061584,0.9842873811721802,0.93621187005673,0.934318730129806,0.9332136212266592,0.9110546521555444,0.9172547260617744,0.9226590584095578,0.9727839231491088,0.9722442626953124,0.970917820930481,0.9628825187683104,0.9645878672599792,0.9674314260482788,0.7929506897926331,0.7997335195541382,0.8056910634040833,0.772343099117279,0.8166943192481995,0.8062740564346313,0.4707206487655639,0.4630555808544159,0.4705906510353088,0.4247262477874756,0.4461493194103241,0.4637811779975891,0.9945992827415466,0.9947073459625244,0.9948643445968628,0.991374373435974,0.9935415387153624,0.9935895800590516,-0.0248069111257791,-0.0237983707338571,-0.0183783806860446,-0.0235346499830484,-0.0215062610805034,-0.0219844412058591
tmc13_soldier_vox10_0690_dec_geom05_text05_trisoup-predlift.ply,soldier_vox10_0690.ply,TRISOUP_PREDLIFT,3,3.45,0.9942870096454848,0.998733413657754,0.9985887299100552,0.8824652801054971,0.5664048698513914,0.5323889599583633,0.925137002221923,0.8415232589573347,0.8057480528901115,0.8838277537120057,0.5707340860411997,0.83746466090006,0.506142709153759,0.1908779161449998,0.2051081686873981,0.3495404006076753,0.0890793737816955,0.416713528533689,0.6368259539784681,0.2546831140091284,0.4152818280986505,0.5221275638468402,0.1852237640731247,0.3822859224363246,0.9216244872858176,0.8886561127368449,0.8016717937476101,1.003065939618405,1.0011553941593183,0.925460095645551,0.8808063557838973,0.8569254689623119,0.9910724481388392,0.9324561098066504,0.3558779913636172,0.8348746353730049,0.8215236432778086,0.5324899634657687,0.4948487706671847,0.0047090069085167,0.6428319811820984,0.6372429728507996,0.6192569136619568,0.6184276938438416,0.6286486983299255,0.6288824081420898,0.6106760501861572,0.6113225817680359,0.5957984328269958,0.635850191116333,0.5934321880340576,0.6059056520462036,0.9939441323373068,0.9941025031590472,0.9925147868801678,0.9924602755010294,0.990180390951804,0.9928849895764922,0.0475658178329467,0.0546572208404541,0.0581674575805664,0.0554201602935791,0.0480920076370239,0.0562780499458313,0.9098756909370422,0.9056622982025146,0.893255352973938,0.892504870891571,0.8869874477386475,0.8962070345878601,0.9815219044685364,0.9801421165466307,0.977209210395813,0.964656949043274,0.9719229340553284,0.9708281755447388,0.0430796965956687,0.0432193204760551,0.0497075505554676,0.0586018078029155,0.0494499281048774,0.0503456890583038,0.8816930651664734,0.8801427483558655,0.8876802921295166,0.8638071417808533,0.8701074719429016,0.8716116547584534,0.0,0.0,111.52760679931438,104.7955033891384,94.11102128454702,92.27910325542416,0.2278652489185333,0.2338127791881561,0.2417922168970108,0.2614049315452575,0.2414798587560653,0.2466947585344314,0.0452745035290718,0.0463405065238475,0.0521934777498245,0.061542123556137,0.0533295013010501,0.053340408951044,0.9896640181541444,0.9877870082855223,0.9868714213371276,0.9828262329101562,0.986151158809662,0.9858473539352416,0.1615813821554184,0.1695126742124557,0.1674404144287109,0.2030701041221618,0.1724724471569061,0.1644366830587387,0.4366506338119507,0.4398441314697265,0.4347458481788635,0.3731676340103149,0.5556811690330505,0.4503886699676513,32.296905517578125,31.917598724365234,31.514806747436523,29.8123779296875,30.685848236083984,31.084585189819336,0.9879759550094604,0.9828084707260132,0.987310528755188,0.9833909869194032,0.987046718597412,0.9865958094596864,0.9548337507787656,0.9483627400925452,0.9453655661644302,0.9245726709310796,0.9384112759334337,0.9371200696440528,0.9805378913879396,0.9777132868766784,0.9747633934020996,0.9669020175933838,0.9740753173828124,0.9732438921928406,0.8408307433128357,0.8239892721176147,0.837597131729126,0.8008711338043213,0.8315524458885193,0.8276516795158386,0.5442337393760681,0.5187582969665527,0.5056660771369934,0.4454298913478851,0.5067543387413025,0.5110499262809753,0.9960772395133972,0.9957035183906556,0.9949766993522644,0.9912579655647278,0.9946818947792052,0.9943947196006776,-0.0198838338255882,-0.0191570948809385,-0.0181821174919605,-0.0216090381145477,-0.0144027741625905,-0.015260019339621
tmc13_soldier_vox10_0690_dec_geom05_text05_trisoup-raht.ply,soldier_vox10_0690.ply,TRISOUP_RAHT,4,3.55,0.9942857722952128,0.9983929548718484,0.9983131236203416,0.8690298927728748,0.4652285712316637,0.4373185584694736,0.9279963624367504,0.7200782671072364,0.6863379402240424,0.8718039597110094,0.4733002575119858,0.8227410636427368,0.506142709153759,0.1908779161449998,0.2051081686873981,0.3495404006076753,0.0890793737816955,0.416713528533689,0.6368259539784681,0.2546831140091284,0.4152818280986505,0.5221275638468402,0.1852237640731247,0.3822859224363246,0.9216244872858176,0.8886561127368449,0.8016717937476101,1.003065939618405,1.0011553941593183,0.925460095645551,0.8808063557838973,0.8569254689623119,0.9910724481388392,0.9324561098066504,0.3558779913636172,0.8348746353730049,0.8215236432778086,0.5324899634657687,0.4948487706671847,0.0047090069085167,0.58414626121521,0.588918149471283,0.5711691975593567,0.5796725153923035,0.5653281211853027,0.5626368522644043,0.6097607016563416,0.6117368340492249,0.5958576798439026,0.6339800953865051,0.5904682278633118,0.6050679087638855,0.9938058621487366,0.9936054995940348,0.9921565561179632,0.9921318681522828,0.9898535904824004,0.9928048629306828,0.0550062656402587,0.064875304698944,0.0836123824119567,0.0623973608016967,0.0564767122268676,0.0684270858764648,0.9102530479431152,0.9064199924468994,0.8929921984672546,0.8931488990783691,0.8863199949264526,0.8978402018547058,0.980688214302063,0.9797199368476868,0.9752143621444702,0.9632771611213684,0.9707818627357484,0.9701054096221924,0.0433741509914398,0.0432567484676837,0.0502827949821949,0.0594897121191024,0.0499297119677066,0.0506132803857326,0.8760972023010254,0.8761043548583984,0.880107045173645,0.8587383031845093,0.8655781745910645,0.8679603338241577,0.0,0.0,111.54069706046766,105.2392707628737,92.7979906214822,90.59947170938511,0.2311172038316726,0.2361291050910949,0.2464306205511093,0.2636922895908355,0.2449519038200378,0.2492612600326538,0.0458593666553497,0.0466221757233142,0.0529844984412193,0.0623523108661174,0.0539648607373237,0.0539091415703296,0.9884628653526306,0.986692190170288,0.9850572347640992,0.9816489219665528,0.9846646189689636,0.9845240116119384,0.1689823120832443,0.1756958067417144,0.1748623549938202,0.2090732306241989,0.1802356839179992,0.1715498864650726,0.4579265117645263,0.4556641280651092,0.4250404834747314,0.4062773883342743,0.5038327574729919,0.4279508590698242,32.003662109375,31.638813018798828,31.2468376159668,29.54810333251953,30.433528900146484,30.810657501220703,0.987594485282898,0.9830744862556458,0.9865856766700744,0.9830322861671448,0.98678320646286,0.9862621426582336,0.943357892008606,0.9383720804124804,0.9329639795310468,0.9155764931075798,0.9255403139856953,0.9245901991986534,0.9777923822402954,0.975317656993866,0.9698379039764404,0.9641377925872804,0.9706182479858398,0.9710289239883424,0.8256687521934509,0.8147786259651184,0.8255370855331421,0.7932175397872925,0.8255294561386108,0.8220193982124329,0.4943308234214782,0.4774344861507416,0.4591464698314667,0.4220467805862427,0.4643586874008178,0.4714671075344085,0.9958598613739014,0.9955609440803528,0.9945799112319946,0.9909488558769226,0.9944354295730592,0.9942508339881896,-0.0209528356790542,-0.0197985302656888,-0.020829489454627,-0.0213523413985967,-0.016086783260107,-0.0153136840090155
tmc13_soldier_vox10_0690_dec_geom06_text06_octree-predlift.ply,soldier_vox10_0690.ply,OCTREE_PRED_LIFT,1,4.475,0.9964045372104368,0.9992605046279676,0.999009668297894,0.926273193172254,0.680834719565052,0.638277565494704,0.9115552106942522,0.8706395277792309,0.8541407142161013,0.9267896567964063,0.6951650600075587,0.893245111607079,0.5144549180009539,0.2581501440688028,0.256559158898177,0.2582263085808337,0.0890793737816955,0.416713528533689,0.6877200708442458,0.2710269037462317,0.4719862354674585,0.2506296603917251,0.0914440626153325,0.1842664211922439,0.9554813745040344,0.9292406981477204,0.8430209446011544,0.994530592725164,0.9951853036872268,0.8901922845971886,0.908600287726372,0.909822914361476,0.9944907762224248,0.9597682216372412,0.4903679437263669,0.8930502221518094,0.8792294158682009,0.6446113442822693,0.3393212331313627,0.0021293782502517,0.6322028040885925,0.642536997795105,0.6372575759887695,0.632063090801239,0.6230313777923584,0.6333281397819519,0.603378176689148,0.6068357825279236,0.5872842073440552,0.6287382245063782,0.581690788269043,0.6013985872268677,0.9924232279189455,0.9909022626242638,0.9935363120280248,0.9942438237537484,0.9925005502452816,0.993841627826452,0.0362931489944458,0.0476430058479309,0.0408768653869628,0.0400513410568237,0.0420532822608947,0.0416648387908935,0.9142023921012878,0.9165412783622742,0.922144651412964,0.908945620059967,0.8969460725784302,0.8985869884490967,0.980133056640625,0.979393482208252,0.98084557056427,0.9682985544204712,0.9674152135849,0.9665332436561584,0.0471317879855632,0.0482751205563545,0.0454748719930648,0.0591251403093338,0.0620527863502502,0.0623374320566654,0.8846364617347717,0.8845874071121216,0.9086422324180604,0.8827652335166931,0.8638724088668823,0.8615424036979675,0.0,0.0,86.6085913395138,91.50778430938428,82.50273025012724,84.00934417673548,0.2410921454429626,0.2418334782123565,0.233424961566925,0.2578122615814209,0.2614611983299255,0.2608083486557007,0.0492485128343105,0.0502685233950614,0.0471929162740707,0.061229757964611,0.0633447542786598,0.0638308674097061,0.9886528253555298,0.9881664514541626,0.9889353513717652,0.9838811159133912,0.9849593043327332,0.9855996966362,0.1527513563632965,0.1577281951904297,0.1430940777063369,0.1795985549688339,0.171625018119812,0.1720577478408813,0.3013229370117187,0.3480798900127411,0.2640773355960846,0.3353370428085327,0.3753951489925384,0.3423427045345306,32.57533264160156,32.3776741027832,32.455467224121094,30.57603454589844,30.77890396118164,30.89454841613769,0.9881804585456848,0.9877710938453674,0.988962709903717,0.985050618648529,0.985640585422516,0.9860832691192628,0.9567839422036036,0.9532310260375252,0.9545407759968486,0.9327896207918636,0.9404572060053044,0.943907580852842,0.9794606566429138,0.9782265424728394,0.979077935218811,0.9693357348442078,0.9716994166374208,0.9737528562545776,0.86074298620224,0.8593526482582092,0.8832299113273621,0.8570781350135803,0.8684881925582886,0.859477162361145,0.5522227883338928,0.5365884304046631,0.5585615634918213,0.4902770817279815,0.5221835970878601,0.5371617674827576,0.9954094290733336,0.9953756928443908,0.995917558670044,0.992471158504486,0.9939842224121094,0.9937636256217957,-0.019253235310316,-0.0195488054305315,-0.0159565117210149,-0.0189253371208906,-0.0176389757543802,-0.0175478216260671
tmc13_soldier_vox10_0690_dec_geom06_text06_octree-raht.ply,soldier_vox10_0690.ply,OCTREE_RAHT,2,4.325,0.9964275765018624,0.9990180684574312,0.9988310946383409,0.9147215075478922,0.6233936940043411,0.5784619582424566,0.9127895049123684,0.8261024391533927,0.7975838137560416,0.9170891073529084,0.6382480439990464,0.8782178436598612,0.5144549180009539,0.2581501440688028,0.256559158898177,0.2582263085808337,0.0890793737816955,0.416713528533689,0.6877200708442458,0.2710269037462317,0.4719862354674585,0.2506296603917251,0.0914440626153325,0.1842664211922439,0.9554813745040344,0.9292406981477204,0.8430209446011544,0.994530592725164,0.9951853036872268,0.8901922845971886,0.908600287726372,0.909822914361476,0.9944907762224248,0.9597682216372412,0.4903679437263669,0.8930502221518094,0.8792294158682009,0.6446113442822693,0.3393212331313627,0.0021293782502517,0.6000027060508728,0.6167457699775696,0.5940653085708618,0.6128038763999939,0.583879828453064,0.5913013815879822,0.6032928824424744,0.6070407032966614,0.5873098969459534,0.628177285194397,0.5819152593612671,0.601690411567688,0.992313744472858,0.990607352045825,0.9929726245015806,0.9941942293054908,0.9921180490182816,0.9936400301835616,0.0404974222183227,0.0457910299301147,0.0560779571533203,0.0416726469993591,0.0454180240631103,0.0454679131507873,0.9153534770011902,0.9178603291511536,0.921317219734192,0.9097604751586914,0.8980631232261658,0.8987652659416199,0.9796959161758424,0.9789928197860718,0.9801921248435974,0.9679750204086304,0.96695739030838,0.9661820530891418,0.047715600579977,0.0487145595252513,0.0459807850420475,0.0594275929033756,0.0623109452426433,0.0626749247312545,0.8819061517715454,0.8822982907295227,0.9067106246948242,0.881720244884491,0.8618713021278381,0.8598015904426575,0.0,0.0,88.06098148593242,90.8031654088551,82.24289329862496,83.35908273419219,0.2427399158477783,0.2431505024433136,0.2353347688913345,0.2584485411643982,0.2623730301856994,0.2619242370128631,0.0498794466257095,0.0507679246366024,0.0477063432335853,0.0614739656448364,0.0636665597558021,0.0641829818487167,0.9881106615066528,0.9876221418380736,0.9881190061569214,0.983430564403534,0.9842745065689088,0.9850351810455322,0.1561056822538375,0.1610681116580963,0.1465192437171936,0.1818803548812866,0.1748560667037964,0.175242468714714,0.2964192628860473,0.3401365280151367,0.2510147988796234,0.3341338634490967,0.3715977370738983,0.3185457587242126,32.38713073730469,32.22418594360352,32.33760452270508,30.451622009277344,30.669204711914062,30.777530670166016,0.987889528274536,0.9875022172927856,0.9888011813163756,0.9850195050239564,0.9855032563209534,0.985959768295288,0.9525465118499512,0.9495167902349868,0.9496256268633948,0.9294997206264776,0.9359502600647064,0.9397127099452536,0.9786401987075806,0.9774717688560486,0.9776549339294434,0.9685611724853516,0.9707860350608826,0.9728848338127136,0.8653427362442017,0.859929621219635,0.8791150450706482,0.854886531829834,0.8719583749771118,0.8632075786590576,0.5312013626098633,0.5181320905685425,0.534344494342804,0.4799817204475403,0.5040420889854431,0.5191779732704163,0.995328724384308,0.9953124523162842,0.9957777261734008,0.9923843145370485,0.993894338607788,0.9937399625778198,-0.0194596443325281,-0.0191701781004667,-0.0169629417359828,-0.019789645448327,-0.0181202348321676,-0.0177639387547969
tmc13_soldier_vox10_0690_dec_geom06_text06_trisoup-predlift.ply,soldier_vox10_0690.ply,TRISOUP_PREDLIFT,3,4.875,0.998982778301142,0.9993429173185808,0.999076966185624,0.944859357938662,0.6733083602958587,0.6270987308213886,0.0468418385255352,0.4301029060283141,0.4532751921004098,0.9431508795283334,0.6781770460655561,0.9167529551028004,0.0,0.0,0.0,0.0,0.0890793737816955,0.416713528533689,0.4560120516977348,0.0890793737816955,0.416713528533689,2.7442609936045678e-14,1.4051251130383801e-14,1.2758666866055076e-14,1.0,1.0,1.0,9.333043630756223e-17,9.814287720071755e-17,6.939406370668938e-17,1.0,1.0,1.0,1.0,1.0,1.0,1.0,0.9999086933117914,9.459920480053676e-20,9.129363074766027e-05,0.6540651321411133,0.6607583165168762,0.653290867805481,0.6547574400901794,0.6520482897758484,0.6556051969528198,0.6105189323425293,0.6132914423942566,0.6001740097999573,0.640627384185791,0.5936292409896851,0.609423816204071,0.9998156016212696,0.9998022052495,0.99973945831985,0.9998978575894898,0.9996554175074498,0.9997731273337344,0.0131287574768066,0.0148608684539794,0.0093799233436584,0.0108082294464111,0.0131747722625732,0.0118864774703979,0.9966116547584534,0.996532380580902,0.9974856972694396,0.9978134632110596,0.9968095421791076,0.9964578747749328,0.9987686276435852,0.9987339973449708,0.9989125728607178,0.9986200928688048,0.9986975789070128,0.9984997510910034,0.0027307488489896,0.002822290174663,0.0022076512686908,0.0022299983538687,0.0027587991207838,0.002940229140222,0.9933739304542542,0.9929867386817932,0.9951651096343994,0.9944165349006652,0.9937346577644348,0.9931650757789612,0.0,0.0,5.508611153595848,7.35702961560438,14.042267588160984,12.89792342491383,0.1219533905386924,0.1233028993010521,0.1156111881136894,0.1170628145337104,0.1232785508036613,0.1253886520862579,0.0037883969489485,0.0039484919980168,0.0029029422439634,0.0034145028330385,0.0039420467801392,0.0041174781508743,0.9984683990478516,0.9984210729599,0.9987409114837646,0.998895823955536,0.9982997179031372,0.9983536601066588,0.0370399951934814,0.0378928408026695,0.0322426036000251,0.0358898229897022,0.0394478291273117,0.0393721833825111,0.1468496769666671,0.1388821899890899,0.1347758322954177,0.1469147503376007,0.1407739818096161,0.1489032804965973,45.35852813720703,44.843563079833984,46.32891845703125,44.41207885742188,44.44923400878906,44.284210205078125,0.9994258284568788,0.9993708729743958,0.999586582183838,0.9994855523109436,0.9994634985923768,0.9994164109230042,0.9905563077583108,0.9900946639998656,0.9926573611395436,0.9921845817325726,0.9889910712338228,0.989103374285482,0.9972383975982666,0.9970948100090028,0.997686803340912,0.9979621171951294,0.9969122409820556,0.9969011545181274,0.9181939959526062,0.9179791808128356,0.9227492213249208,0.9200248122215272,0.9192073345184326,0.9207202196121216,0.8558320999145508,0.8484039306640625,0.8780595660209656,0.8581988215446472,0.8540228009223938,0.8554027080535889,0.9996350407600404,0.9996240139007568,0.9997210502624512,0.9996827244758606,0.9996504187583924,0.9996278285980223,-0.0106342798098921,-0.0106099657714366,-0.0076904012821614,-0.0053961165249347,-0.003582659875974,-0.0038964017294347
tmc13_soldier_vox10_0690_dec_geom06_text06_trisoup-raht.ply,soldier_vox10_0690.ply,TRISOUP_RAHT,4,4.225,0.9988530844952744,0.9990660467146996,0.9988928564361368,0.9525924113515988,0.621524579268321,0.57859246986021,0.0634470104181156,0.4729975296228899,0.4843179504817638,0.9541259865140606,0.6356976324914568,0.9261000213577671,0.0,0.0,0.0,0.0,0.0890793737816955,0.416713528533689,0.4560120516977348,0.0890793737816955,0.416713528533689,2.7442609936045678e-14,1.4051251130383801e-14,1.2758666866055076e-14,1.0,1.0,1.0,9.333043630756223e-17,9.814287720071755e-17,6.939406370668938e-17,1.0,1.0,1.0,1.0,1.0,1.0,1.0,0.9999086933117914,9.459920480053676e-20,9.129363074766027e-05,0.6202996373176575,0.6267693638801575,0.6131044626235962,0.6320738196372986,0.6073200106620789,0.6177567839622498,0.6109692454338074,0.6138253211975098,0.5999215245246887,0.639975905418396,0.5942029356956482,0.6090925931930542,0.9997193790995356,0.9996938087035432,0.9994572417584828,0.9998500947322432,0.999526460964326,0.9996413745263854,0.0135177969932556,0.0148210525512695,0.0188477039337158,0.0134555697441101,0.0156291127204895,0.0146173238754272,0.9967626929283142,0.9969459176063538,0.9957782030105592,0.997978448867798,0.9968343377113342,0.996828317642212,0.9985013008117676,0.9985306262969972,0.998153805732727,0.9983176589012146,0.998312771320343,0.9983210563659668,0.0031916717998683,0.0033031315542757,0.0035926064010709,0.0026338489260524,0.0034749752376228,0.0032247849740087,0.9906378388404846,0.9913850426673888,0.9924163818359376,0.9929754734039308,0.9918621182441713,0.9919500946998596,0.0,0.0,10.719416530485754,10.35480279780311,16.728536232263647,15.590510276014216,0.1286388933658599,0.1293955445289611,0.1317509859800338,0.124298095703125,0.1316109299659729,0.1300053745508194,0.0040776315145194,0.0040682321414351,0.0041088480502367,0.0036575659178197,0.00432257540524,0.0042921546846628,0.9981839656829834,0.9982020258903505,0.9982547760009766,0.9986467361450196,0.9980036020278932,0.998009204864502,0.0422085374593734,0.0413476228713989,0.0412894301116466,0.0389984250068664,0.0438896194100379,0.0437993817031383,0.1338744014501571,0.1389492601156234,0.1791305989027023,0.1176406517624855,0.1383541524410247,0.1305765360593795,44.2313232421875,44.0863037109375,44.75658416748047,43.58970260620117,43.50701141357422,43.3736572265625,0.9993172883987428,0.9992996454238892,0.9993608593940736,0.9994103908538818,0.999329388141632,0.999348759651184,0.987740510367576,0.9881652061034828,0.988720824815554,0.9900721025706978,0.9862873595442694,0.9862886094012752,0.9963260889053344,0.9963922500610352,0.9959582090377808,0.99717515707016,0.9958804845809937,0.996392011642456,0.921602189540863,0.9219209551811218,0.922863781452179,0.9217726588249208,0.9221846461296082,0.9228613376617432,0.8220442533493042,0.8220211863517761,0.8338199257850647,0.8396686911582947,0.8236087560653687,0.8282430768013,0.9996054172515868,0.9996027946472168,0.9996201395988464,0.9996392130851746,0.9996089339256288,0.9996072053909302,-0.0111681576818227,-0.0110527267679572,-0.0085393898189067,-0.0059178699739277,-0.0041260435245931,-0.0043334048241376
tmc13_the20smaria_00600_vox10_dec_geom01_text01_octree-predlift.ply,the20smaria_00600_vox10.ply,OCTREE_PRED_LIFT,1,1.0,0.9333470783314152,0.9892059082996588,0.9825472863279384,0.4390402036319827,0.3271891049473154,0.4601097714592489,0.9989228505036548,0.7671091957402042,0.9816701880283047,0.4495213815464391,0.4197995489867825,0.3770297184490725,3.891402690956269,1.9641940632927,1.9424875978192584,1.9416403860665616,0.1809354357849391,0.6668627234985933,3.974126960513285,1.9687294872328869,2.032789476751032,3.9506377749644974,1.4870902193475606,2.8413300844517417,0.0386750787916902,0.0330955877226178,0.027642841912347,0.999813571430858,0.9986773017408362,0.9796125795865788,0.0287803959956549,0.0079834054627689,0.8587012823243667,0.8147195937094803,0.3304646789296848,0.6221203373778195,0.5883718741184797,0.4864824994951418,0.5278278358971938,0.0901496565949284,-0.7007272243499756,-0.777542769908905,0.0325106494128704,-0.0730029493570327,-0.6941859126091003,-0.5789077877998352,0.4873028695583343,0.4989594519138336,0.6295241117477417,0.6429269909858704,0.4528106153011322,0.3828968405723572,0.128868919245866,0.1242660528058571,0.1292655564236672,0.1200783645998698,0.1192741544949468,0.1317155616781604,0.6401583552360535,0.6311631202697754,0.5713608264923096,0.569544792175293,0.6360483169555664,0.6535951495170593,0.159619390964508,0.1903993636369705,0.1783921420574188,0.2185449451208114,0.1888098120689392,0.169878140091896,0.5626220703125,0.5684505105018616,0.7946932315826416,0.7641062140464783,0.5580477714538574,0.5402992963790894,0.2928200364112854,0.3039479553699493,0.2342221736907959,0.2746872305870056,0.279710590839386,0.2814193964004516,0.2951680719852447,0.290675014257431,0.2979341745376587,0.3215573132038116,0.3171222805976867,0.2882533371448517,203.20530228726832,210.02849373179947,189.83206531695103,190.18002961632735,0.0,0.0,0.5862782001495361,0.5919485092163086,0.4781456589698791,0.522481381893158,0.565891683101654,0.5695035457611084,0.3191398680210113,0.3242373764514923,0.2743128836154938,0.2851686775684356,0.3123496472835541,0.3193545639514923,0.320860743522644,0.3336321115493774,0.5650918483734131,0.5980963706970215,0.3330737352371216,0.304417073726654,0.9472979307174684,0.9289538264274596,0.7204645872116089,0.666621208190918,0.9379338026046752,0.969143271446228,2.77538800239563,2.611469984054565,2.420661449432373,2.3645644187927246,2.952507972717285,3.011955499649048,8.076700210571289,8.456758499145508,10.77444076538086,10.801348686218262,8.680286407470703,7.731006145477295,0.7403987050056458,0.7496721744537354,0.8570919632911682,0.8576560616493225,0.7311561107635498,0.7464633584022522,0.4254708222530839,0.4344071298366117,0.651651607656898,0.6554260296386398,0.4304182437441813,0.4221897835851028,0.41302090883255,0.4236529767513275,0.6039752960205078,0.6175815463066101,0.4171678423881531,0.4085325598716736,0.3045826554298401,0.3176062703132629,0.2975596189498901,0.2933381497859955,0.2785711586475372,0.2586695849895477,0.011429788544774,0.0117239970713853,0.0119406320154666,0.0110567985102534,0.0110147120431065,0.0113648576661944,0.7813024520874023,0.7947723269462585,0.867315948009491,0.86653071641922,0.8179885149002075,0.7802478671073914,-0.1698024868965149,-0.1712239384651184,-0.0998506173491478,-0.0998823046684265,-0.156224325299263,-0.1729593127965927
tmc13_the20smaria_00600_vox10_dec_geom01_text01_octree-raht.ply,the20smaria_00600_vox10.ply,OCTREE_RAHT,2,1.0,0.931322245607363,0.987845849806992,0.9812173380195016,0.3620322674978214,0.0672648659674213,0.1877016216415379,0.9739788333709004,0.1834987370493254,0.5569030753446041,0.3745651294582714,0.0684437725108416,0.3140821338091961,3.891402690956269,1.9641940632927,1.9424875978192584,1.9416403860665616,0.1809354357849391,0.6668627234985933,3.974126960513285,1.9687294872328869,2.032789476751032,3.9506377749644974,1.4870902193475606,2.8413300844517417,0.0386750787916902,0.0330955877226178,0.027642841912347,0.999813571430858,0.9986773017408362,0.9796125795865788,0.0287803959956549,0.0079834054627689,0.8587012823243667,0.8147195937094803,0.3304646789296848,0.6221203373778195,0.5883718741184797,0.4864824994951418,0.5278278358971938,0.0901496565949284,-0.6918001174926758,-0.7666082382202148,0.0338651500642299,-0.0784381851553917,-0.694669783115387,-0.5673075914382935,0.4867470264434814,0.4966569244861603,0.6283463835716248,0.6424130797386169,0.4489585757255554,0.3764518797397613,0.1334883476439243,0.125656161905264,0.1392903886744084,0.1319711566366255,0.1318995979427772,0.1342186410249004,0.6436383128166199,0.6308664679527283,0.5695143342018127,0.5677251219749451,0.634455144405365,0.648260235786438,0.1666070222854614,0.1990249454975128,0.1744154095649719,0.2282783687114715,0.1895191073417663,0.1666167080402374,0.5619347095489502,0.5666930079460144,0.7926406264305115,0.765458881855011,0.5560208559036255,0.5384113788604736,0.2940965294837951,0.3073457777500152,0.2357699871063232,0.2752897143363952,0.2826741635799408,0.2878649830818176,0.2936125695705414,0.2846074402332306,0.2967442274093628,0.3203026950359344,0.3145236670970917,0.283936083316803,206.0262064098573,214.12957750862475,193.12022892280987,193.0090018429359,0.0,0.0,0.587195873260498,0.5919650793075562,0.4786922335624695,0.5244638919830322,0.5669394731521606,0.5714929699897766,0.3184079825878143,0.3254140317440033,0.2744333446025848,0.2847233712673187,0.3137571215629577,0.322228193283081,0.3205588161945343,0.3316391706466675,0.5653001070022583,0.596278190612793,0.3298425078392029,0.3060083389282226,0.9506236910820008,0.9297202825546264,0.722663164138794,0.6688855886459351,0.9413477778434752,0.9708493947982788,2.674992561340332,2.4734933376312256,2.3556833267211914,2.3370678424835205,2.840677499771118,2.859430313110352,8.07509708404541,8.452299118041992,10.7762451171875,10.796842575073242,8.679818153381348,7.7364182472229,0.7406889200210571,0.7513888478279114,0.8614422082901001,0.8618144989013672,0.7321271300315857,0.7481834888458252,0.4247468566963652,0.4348147127149687,0.6512973448871573,0.6550298696137403,0.429278695118414,0.4240600615942201,0.4123074412345886,0.4243509173393249,0.6029946804046631,0.6156753301620483,0.4159678816795349,0.4104921817779541,0.3059675991535187,0.3158863186836242,0.2979449927806854,0.29518723487854,0.2775205373764038,0.2576039433479309,0.0112784206867218,0.0114259254187345,0.0114628430455923,0.0105865346267819,0.0100363539531826,0.0113446759060025,0.7787076830863953,0.7927441596984863,0.8566274046897888,0.8708465695381165,0.8191743493080139,0.7834703326225281,-0.168668732047081,-0.1701447814702987,-0.0999324917793273,-0.0996508076786995,-0.1577160507440567,-0.1738809943199157
tmc13_the20smaria_00600_vox10_dec_geom01_text01_trisoup-predlift.ply,the20smaria_00600_vox10.ply,TRISOUP_PREDLIFT,3,1.0,0.9708798353734964,0.9939507754480926,0.9918405537949972,0.4050026358244886,0.2166561802531505,0.3496870957037678,0.9780039880521124,0.5858838869981727,0.8636835334621449,0.4119541289064821,0.2250112685149299,0.3233247174536781,1.393780046280903,0.4703535254756691,0.5331400818547386,1.0138161645302204,0.1809354357849391,0.6668627234985933,1.2662747608348583,0.547678530437502,0.796716709812361,1.340873782986061,0.5059600948672458,0.9645436884453212,0.7131059652813138,0.6682038068252153,0.6268551203675621,1.0012758710578078,0.995439286422914,0.9751917648235828,0.7901076440812842,0.5240583481292672,0.8954833021288788,0.8063226015149703,0.3175009652218713,0.5455064643751353,0.5293886366618964,0.4887765652742625,0.5308684755445248,0.0733959380873431,0.2609103918075561,0.2771286070346832,0.4768497049808502,0.5160770416259766,0.2668382823467254,0.196218729019165,0.4629893004894256,0.4801729619503021,0.6274126172065735,0.6467062830924988,0.5144448280334473,0.4157429337501526,0.8022477606537042,0.8227386329608892,0.8020042382969503,0.853867946408253,0.8720773631123482,0.7975269262177698,0.2130622863769531,0.2064461708068847,0.1869064569473266,0.1918461918830871,0.2018184661865234,0.1975296735763549,0.4255268275737762,0.4258076250553131,0.4664144515991211,0.5617841482162476,0.4551398158073425,0.3946702480316162,0.7807167768478394,0.7966939806938171,0.9014229774475098,0.933169424533844,0.7722009420394897,0.7628905177116394,0.1907006055116653,0.195095345377922,0.1670529246330261,0.1342910230159759,0.181534394621849,0.2050222903490066,0.4899065196514129,0.4686482548713684,0.5157855749130249,0.5409336686134338,0.525989294052124,0.4731501638889313,196.0887462485981,197.650401194462,178.1545018964539,173.85665629506803,200.85906064321105,200.97444507281617,0.4127198457717895,0.4098464548587799,0.3691788017749786,0.3351622521877289,0.4091507792472839,0.4254010617733001,0.1923497468233108,0.1949120014905929,0.1694277077913284,0.1365112513303756,0.1833966970443725,0.2069717496633529,0.835116982460022,0.8412795066833496,0.8836356401443481,0.9204508662223816,0.8501068949699402,0.8009626865386963,0.4781780838966369,0.4852978885173797,0.3895675539970398,0.3212973475456238,0.4756103157997131,0.552417516708374,1.1730589866638184,1.1764918565750122,1.588588833808899,1.1378339529037476,1.5225108861923218,1.6128567457199097,22.34246253967285,21.7984561920166,24.21662139892578,25.855772018432617,22.61161994934082,20.60895729064941,0.8430882692337036,0.8428669571876526,0.928303360939026,0.9411834478378296,0.8384133577346802,0.8411869406700134,0.6988590792205899,0.7341643507617078,0.8006181861965795,0.8530724474864545,0.6931301186178659,0.6801631531444499,0.6969217658042908,0.7324764132499695,0.8540759086608887,0.8998363018035889,0.6914770007133484,0.6769119501113892,0.3719176054000854,0.3703323304653168,0.391204297542572,0.3908405303955078,0.3967971801757812,0.400421142578125,0.1634047329425811,0.1680516600608825,0.1696059256792068,0.1896344870328903,0.1773467510938644,0.1599608361721038,0.9407485723495485,0.949282169342041,0.9580602645874025,0.9749425053596495,0.9391995668411256,0.9328288435935974,-0.0789072513580322,-0.0788108855485916,-0.0555534772574901,-0.048652745783329,-0.0838253423571586,-0.0908275097608566
tmc13_the20smaria_00600_vox10_dec_geom01_text01_trisoup-raht.ply,the20smaria_00600_vox10.ply,TRISOUP_RAHT,4,1.0,0.9687646495628588,0.9925479480025446,0.9903965309125188,0.3691613015480188,0.1099488797410892,0.1621265384244825,0.7585812416672639,0.2348309385562563,0.3906021159746359,0.3873805957647416,0.1146887224244717,0.3276529002985957,1.393780046280903,0.4703535254756691,0.5331400818547386,1.0138161645302204,0.1809354357849391,0.6668627234985933,1.2662747608348583,0.547678530437502,0.796716709812361,1.340873782986061,0.5059600948672458,0.9645436884453212,0.7131059652813138,0.6682038068252153,0.6268551203675621,1.0012758710578078,0.995439286422914,0.9751917648235828,0.7901076440812842,0.5240583481292672,0.8954833021288788,0.8063226015149703,0.3175009652218713,0.5455064643751353,0.5293886366618964,0.4887765652742625,0.5308684755445248,0.0733959380873431,0.2515960931777954,0.2938856780529022,0.4516449868679046,0.4930878281593323,0.2826170921325683,0.2180822342634201,0.4503669142723083,0.4586769044399261,0.618821382522583,0.6375222206115723,0.4664057493209839,0.390371024608612,0.7970918046391962,0.80493214421821,0.7995226211284542,0.8430520734016547,0.8512077545977568,0.7920985240074696,0.2702988386154175,0.239038348197937,0.2504366636276245,0.2542705535888672,0.2617542743682861,0.2730289697647095,0.3709394335746765,0.405022919178009,0.4214519262313843,0.5278266668319702,0.4210134744644165,0.3672236800193786,0.7284880876541138,0.7596132755279541,0.876855194568634,0.9165693521499634,0.7169164419174194,0.7036761045455933,0.2232722043991089,0.2123310416936874,0.2041133791208267,0.1600100547075271,0.2112176716327667,0.2275319844484329,0.4329266548156738,0.4324028491973877,0.4476347267627716,0.4865750968456268,0.4735563099384308,0.4335290193557739,202.3929104996768,204.7039834761897,180.1435993170362,181.7056523927404,195.78001883299623,200.7035336305616,0.4229430854320526,0.4222650825977325,0.3851690292358398,0.3511845171451568,0.4149941802024841,0.434284895658493,0.2210401594638824,0.2107734978199005,0.2009441256523132,0.1593480855226516,0.2093487977981567,0.2267828285694122,0.7994130849838257,0.8149275183677673,0.8629385232925415,0.903134286403656,0.8213223218917847,0.7716569900512695,0.5114438533782959,0.5100071430206299,0.4144957065582275,0.3446374833583832,0.5061306357383728,0.5832463502883911,1.6778273582458496,1.5219966173171997,2.2468032836914062,1.962013959884644,1.837963581085205,1.6452795267105105,21.7039794921875,21.282493591308597,23.611408233642575,25.22529983520508,22.036380767822266,20.13052749633789,0.800541877746582,0.8083653450012207,0.9083192348480223,0.928135097026825,0.8051000833511353,0.8014741539955139,0.6629935154096082,0.7041153447837131,0.7753908260137435,0.8343592803787035,0.6633075996612182,0.6443337783874826,0.6603735089302063,0.7019249200820923,0.831113338470459,0.881827712059021,0.6613281965255737,0.640357255935669,0.3461979031562805,0.3547671437263489,0.3591834604740143,0.3491115570068359,0.3492900431156158,0.3476500511169433,0.1269616931676864,0.1347611099481582,0.1329253762960434,0.1476387679576873,0.1448492556810379,0.1285503059625625,0.919945240020752,0.9339365363121032,0.94377464056015,0.9683603644371032,0.9174985289573668,0.9115880131721495,-0.0899336040019989,-0.0853438451886177,-0.0635498166084289,-0.0546159446239471,-0.0802196189761161,-0.1035008355975151
tmc13_the20smaria_00600_vox10_dec_geom02_text02_octree-predlift.ply,the20smaria_00600_vox10.ply,OCTREE_PRED_LIFT,1,1.05,0.9577075236140884,0.9932583107108504,0.9905527942919172,0.4845012236173375,0.4216872778268879,0.4618860249114739,0.99300797557039,0.882437020775145,0.9747742668857576,0.4969418931186207,0.4972214541619466,0.416523819054682,2.011739109773188,1.0201658971047538,1.0190479814705464,0.985776106777002,0.1809354357849391,0.6668627234985933,2.1413235642181,1.059171409268855,1.1299077059655953,1.5803405576863223,0.618972343974434,1.103855920817753,0.1372004990436573,0.1205189083886999,0.1243078911182205,0.999812910928228,0.9962062810535224,0.9693840842637336,0.1178376278665042,0.0414328614636133,0.90836715856063,0.8526604954431107,0.3392359068744414,0.6854317199276171,0.6599133239295545,0.5088850082462062,0.5062926437851507,0.0460289595270825,0.3255171477794647,0.3803984224796295,0.548969566822052,0.5583873987197876,0.357694000005722,0.2948091626167297,0.4829804301261902,0.4998151659965515,0.6367090344429016,0.648547887802124,0.5392966270446777,0.452733963727951,0.7912250858104171,0.7550907815995874,0.8372422938875572,0.8426318820051378,0.8649900550271677,0.8573402583295702,0.2891294956207275,0.3029416799545288,0.2636749744415283,0.2546266913414001,0.2689247131347656,0.3051927089691162,0.4154402017593384,0.4676390290260315,0.4364722669124603,0.5030761957168579,0.4297618865966797,0.4603786468505859,0.7752885222434998,0.8043007254600525,0.9027421474456788,0.9301636219024658,0.7697654366493225,0.7728503346443176,0.1815150827169418,0.1700660437345504,0.1638125330209732,0.1307939887046814,0.1769556701183319,0.186838686466217,0.5458361506462097,0.5461983680725098,0.5508559346199036,0.5930432677268982,0.5644935965538025,0.522062361240387,179.06374151532626,181.3569820498037,174.07930048228718,167.56785604740304,148.56596234394274,105.02851550393213,0.4020995497703552,0.3944202959537506,0.3628734648227691,0.3370193243026733,0.3997759222984314,0.4151593446731567,0.1838620752096176,0.1723531484603881,0.1646958589553833,0.1334216892719268,0.1795076876878738,0.1914320290088653,0.8353543281555176,0.8495835065841675,0.8869384527206421,0.9168624877929688,0.8390674591064453,0.8217777013778687,0.4299168288707733,0.4271602034568786,0.3582455515861511,0.3028088808059692,0.4379768371582031,0.487177312374115,1.2048858404159546,0.8242794275283813,1.461933970451355,0.9619184136390686,1.2895870208740234,1.097108244895935,23.724916458129883,23.06352806091309,25.14731216430664,26.760501861572266,23.721111297607425,21.83792304992676,0.8457420468330383,0.8591557741165161,0.9317591190338136,0.9451548457145692,0.8511362075805664,0.854210376739502,0.6991936944781165,0.7361880030685902,0.7966165637158468,0.8499134311682454,0.6861018165728799,0.6793471002774069,0.6983904242515564,0.7348592281341553,0.8535456657409668,0.8962346315383911,0.6851615905761719,0.6779360771179199,0.3493731319904327,0.3678306341171264,0.362903356552124,0.3640015423297882,0.3705680966377258,0.3368508815765381,0.1730776280164718,0.1743953675031662,0.174704760313034,0.19241663813591,0.1796218603849411,0.1644984781742096,0.943374514579773,0.9586292505264282,0.957551896572113,0.9737537503242492,0.9413933753967284,0.9392881393432616,-0.0882968977093696,-0.088910736143589,-0.0609662011265754,-0.0520847626030445,-0.0940397977828979,-0.0945023298263549
tmc13_the20smaria_00600_vox10_dec_geom02_text02_octree-raht.ply,the20smaria_00600_vox10.ply,OCTREE_RAHT,2,1.0,0.9575456674320316,0.9919872072292852,0.9893541957008208,0.4302020250277276,0.1751309137128127,0.2540361177663976,0.9567446472752488,0.4296638288550675,0.6664645426881101,0.444295128607081,0.1978202545733851,0.3755955602636325,2.011739109773188,1.0201658971047538,1.0190479814705464,0.985776106777002,0.1809354357849391,0.6668627234985933,2.1413235642181,1.059171409268855,1.1299077059655953,1.5803405576863223,0.618972343974434,1.103855920817753,0.1372004990436573,0.1205189083886999,0.1243078911182205,0.999812910928228,0.9962062810535224,0.9693840842637336,0.1178376278665042,0.0414328614636133,0.90836715856063,0.8526604954431107,0.3392359068744414,0.6854317199276171,0.6599133239295545,0.5088850082462062,0.5062926437851507,0.0460289595270825,0.2880682945251465,0.3273211121559143,0.5257110595703125,0.5344679951667786,0.3525390625,0.3117692470550537,0.4564030170440674,0.4726710915565491,0.6250403523445129,0.6387708187103271,0.4896902740001678,0.4167380332946777,0.769119643834844,0.7665123674100827,0.8063326031689642,0.8241075705341314,0.8308960787850119,0.8315906667698931,0.3425989151000976,0.3185340762138366,0.300758957862854,0.2965394854545593,0.3229362964630127,0.3362355232238769,0.407741367816925,0.4729089736938476,0.4342568516731262,0.5280148983001709,0.435696005821228,0.4463465213775635,0.7715457677841187,0.7995370626449585,0.8862484693527222,0.9211888909339904,0.765186607837677,0.7656702995300293,0.203467458486557,0.1863088458776474,0.186982125043869,0.1477386355400085,0.1968393623828888,0.2049406170845031,0.5065620541572571,0.5175396203994751,0.5057432055473328,0.551676332950592,0.5314227342605591,0.4975185096263885,182.6298894270215,184.78594244035924,176.49751641692444,172.41077470821415,152.98136307255027,118.16632081417112,0.4063717424869537,0.4019970595836639,0.3738343715667724,0.3496157526969909,0.4046889543533325,0.4215640723705292,0.2022140175104141,0.18583644926548,0.1833633780479431,0.1474287509918213,0.1957481801509857,0.2053103744983673,0.8145021200180054,0.8346497416496277,0.873157262802124,0.905732274055481,0.8210093975067139,0.8048211932182312,0.4531227052211761,0.4456747174263,0.3795407712459564,0.3212203085422516,0.4630661904811859,0.511354386806488,0.8792849779129028,0.8270348310470581,1.2620292901992798,0.9284183979034424,1.0149953365325928,0.9333431720733644,23.33433532714844,22.82586097717285,24.715900421142575,26.31635284423828,23.35266876220703,21.458641052246094,0.8448931574821472,0.8490455150604248,0.9204280972480774,0.93597012758255,0.8485969305038452,0.8564587831497192,0.6858797920808046,0.7254982142360288,0.7872969824171545,0.8427553125611985,0.6735848547233092,0.6679161174936554,0.6845323443412781,0.7239745855331421,0.8363968729972839,0.8825230002403259,0.6718198657035828,0.6659642457962036,0.3528408408164978,0.364465594291687,0.3555896580219269,0.369170993566513,0.3600220084190368,0.3342187702655792,0.1507092118263244,0.1555375158786773,0.1491957455873489,0.1644459813833236,0.155778169631958,0.1484540104866027,0.9394325017929076,0.9546956419944764,0.9481340646743774,0.9688210487365724,0.9377482533454896,0.9337889552116394,-0.091893769800663,-0.0873092040419578,-0.0591390244662761,-0.0499968081712722,-0.083593338727951,-0.0963053256273269
tmc13_the20smaria_00600_vox10_dec_geom02_text02_trisoup-predlift.ply,the20smaria_00600_vox10.ply,TRISOUP_PREDLIFT,3,1.5,0.9820625004097372,0.9954376992987491,0.99437504512537,0.4839679644907439,0.2588908189020438,0.3792970791537059,0.9672718902169194,0.6514218557881082,0.8674196675275039,0.4921593341294319,0.2850612077112858,0.4030156509275431,0.8893805279885856,0.3148413361795349,0.3509702255968379,0.6319505512361724,0.1809354357849391,0.6668627234985933,0.853662455079206,0.3943260856043708,0.4805668810531028,0.7909186696126045,0.3263900550848347,0.5320729367469946,0.763424936384518,0.7211251983981093,0.732327508116362,0.9980082398680636,0.9922918398842248,0.9612265553860349,0.8399203082996215,0.5935593814214983,0.9264808153282076,0.8405182930840471,0.3469506956855612,0.6205699521445059,0.6113998565289587,0.5127017499544314,0.4985205277245338,0.041341497096295,0.4014993607997894,0.4007662236690521,0.5547009110450745,0.5836062431335449,0.3962148129940033,0.350527822971344,0.5289406776428223,0.5283929705619812,0.6521129012107849,0.6590901613235474,0.5563006401062012,0.4680913090705871,0.9082221411828904,0.8972464761739315,0.9262743747882756,0.9251158739863664,0.9570943913172356,0.9045283152599994,0.1864763498306274,0.182894766330719,0.128376305103302,0.1358277797698974,0.1618858575820922,0.1517496109008789,0.6567248702049255,0.6194369196891785,0.7191923260688782,0.7522768974304199,0.6806386113166809,0.6013793349266052,0.8345633149147034,0.8400669693946838,0.9483793377876282,0.9625778794288636,0.824927806854248,0.8182362914085388,0.1350563168525695,0.1400956511497497,0.1147739142179489,0.0924684256315231,0.1303296238183975,0.1545718610286712,0.6419034600257874,0.6244177222251892,0.6718343496322632,0.6960450410842896,0.6710065007209778,0.6102929711341858,169.81602309844527,173.75786306783567,153.10413392643383,150.09650758243257,165.21879917807658,175.46025785354237,0.3897169232368469,0.3879843950271606,0.3131356835365295,0.2899391949176788,0.3866492211818695,0.4025571644306183,0.1365753412246704,0.1400936096906662,0.1162261143326759,0.0943083390593528,0.1328277587890625,0.1560117155313491,0.9074694514274596,0.9113072752952576,0.9408897161483764,0.954253077507019,0.9110921621322632,0.8860841989517212,0.3587918877601623,0.3600555062294006,0.2861869633197784,0.2449662536382675,0.3569872379302978,0.418072909116745,0.9298152923583984,1.056026577949524,1.0849744081497192,0.8341227173805237,0.92144376039505,1.2235900163650513,24.963224411010746,24.41074752807617,26.940200805664062,28.60999298095703,25.129802703857425,22.9626579284668,0.895794153213501,0.8941684365272522,0.9653128385543824,0.9696905612945556,0.9036984443664552,0.8870375752449036,0.7521548969291892,0.7819951073964136,0.8434974447406408,0.8781629584657787,0.7445933288764254,0.7449860336958254,0.7514907717704773,0.7814409136772156,0.9272245168685912,0.9447219371795654,0.7441031336784363,0.7439548969268799,0.4523510336875915,0.4616209864616394,0.4796782732009887,0.4780267477035522,0.4949284791946411,0.5083211064338684,0.2371367663145065,0.2466019988059997,0.2559424638748169,0.2716551125049591,0.2474679350852966,0.2348554283380508,0.9595460295677184,0.9624319076538086,0.9808330535888672,0.9874151945114136,0.9571064114570618,0.9532197713851928,-0.0577502101659774,-0.0570559576153755,-0.042951226234436,-0.0375322364270687,-0.061403639614582,-0.0679507181048393
tmc13_the20smaria_00600_vox10_dec_geom02_text02_trisoup-raht.ply,the20smaria_00600_vox10.ply,TRISOUP_RAHT,4,1.25,0.9811268032536744,0.9947651733718345,0.9934550885013046,0.4849284917480259,0.1705236071584443,0.2451000260659502,0.8552475149611983,0.3572364931427951,0.5351182418726383,0.5029357008367276,0.1882305503313884,0.4333737456064877,0.8893805279885856,0.3148413361795349,0.3509702255968379,0.6319505512361724,0.1809354357849391,0.6668627234985933,0.853662455079206,0.3943260856043708,0.4805668810531028,0.7909186696126045,0.3263900550848347,0.5320729367469946,0.763424936384518,0.7211251983981093,0.732327508116362,0.9980082398680636,0.9922918398842248,0.9612265553860349,0.8399203082996215,0.5935593814214983,0.9264808153282076,0.8405182930840471,0.3469506956855612,0.6205699521445059,0.6113998565289587,0.5127017499544314,0.4985205277245338,0.041341497096295,0.3872554302215576,0.4005584716796875,0.5236499905586243,0.5527147650718689,0.3566925823688507,0.33660688996315,0.5115315318107605,0.5049216747283936,0.6448372602462769,0.6533806920051575,0.5303490161895752,0.448672741651535,0.9035130846281516,0.8952846631381381,0.9184210391817972,0.9106056394373012,0.9437284626145755,0.896749081069365,0.2565423250198364,0.2229164838790893,0.1811983585357666,0.1918699741363525,0.2239471673965454,0.2261037826538086,0.631749153137207,0.589185893535614,0.6922883987426758,0.7255955934524536,0.6306297779083252,0.5780913829803467,0.790880024433136,0.8110601305961609,0.9380747675895692,0.9546929001808168,0.7782410979270935,0.7673101425170898,0.1523043513298034,0.1546016633510589,0.1344259083271026,0.1067564263939857,0.1507946401834488,0.167192280292511,0.605302631855011,0.587912917137146,0.6246913075447083,0.6574785113334656,0.6290073990821838,0.5821677446365356,173.35175981700095,180.52601685945643,152.0744726744686,155.9766055099821,169.4440295948191,173.65192790027453,0.4017584919929504,0.4018936157226562,0.3285947144031524,0.3045568466186523,0.3948988318443298,0.413273811340332,0.1535876244306564,0.1543288081884384,0.1359733045101165,0.1090512350201606,0.1524543017148971,0.1687628626823425,0.8847560286521912,0.8890196084976196,0.9260166883468628,0.9412381052970886,0.8894389867782593,0.8660225868225098,0.386661946773529,0.3869379758834839,0.3087829649448395,0.2638472616672516,0.3825807273387909,0.4402248859405517,1.1911500692367554,1.1879788637161257,1.5709172487258911,1.2933639287948608,1.1072288751602173,1.2723994255065918,24.248292922973636,23.78438949584961,26.112831115722656,27.91001319885254,24.425153732299805,22.421628952026367,0.8644496202468872,0.8688178658485413,0.9579495191574096,0.9633614420890808,0.8757122159004211,0.8636643290519714,0.7157387561721733,0.7477286121368895,0.8158482141011953,0.8595079624326877,0.7107364138863473,0.7086896789849167,0.7149434089660645,0.7470332384109497,0.9121626615524292,0.9321149587631226,0.7100831270217896,0.7074188590049744,0.4073226153850555,0.4079236388206482,0.4163010120391845,0.4159192740917206,0.4405775070190429,0.4609872102737427,0.1957862675189972,0.201025441288948,0.2071698009967804,0.2238723188638687,0.2097688019275665,0.1989826560020446,0.9439837336540222,0.9513494968414308,0.976328432559967,0.9845179319381714,0.9397074580192566,0.937095046043396,-0.0655098855495452,-0.0600269213318824,-0.0490832887589931,-0.0434758923947811,-0.0609055906534194,-0.0722430571913719
tmc13_the20smaria_00600_vox10_dec_geom03_text03_octree-predlift.ply,the20smaria_00600_vox10.ply,OCTREE_PRED_LIFT,1,1.5,0.97847429979742,0.995997961019892,0.995015740712285,0.5620751942067291,0.3714439825634341,0.4855914450895793,0.9779776899232115,0.8046078535368422,0.927866601166484,0.5742127999730889,0.457181786016645,0.4879115159191062,1.1231124737419125,0.5725969912127478,0.5721736598067632,0.5371654128501813,0.1809354357849391,0.6668627234985933,1.3203739397436414,0.6364491020433558,0.7318915231803145,0.7045875418532622,0.2587162822822975,0.5160638653649433,0.4379634464607778,0.4026374532129688,0.4148480090475212,0.999768819446472,0.9938368630844298,0.9536909700929542,0.4097748055305128,0.2226311429449537,0.941962598952512,0.8801636956264768,0.3846362966184458,0.7905381651709182,0.7731932308370528,0.5495876976671791,0.4576538208863829,0.023592272591533,0.4423044323921203,0.4499400556087494,0.5903796553611755,0.5904546976089478,0.4063103199005127,0.372112512588501,0.5538391470909119,0.556941568851471,0.6577665209770203,0.6614805459976196,0.5677573680877686,0.5160581469535828,0.9481956984932816,0.9236721373363348,0.9621492786099696,0.9464369793195132,0.9730541767278964,0.9609159588409022,0.1738845705986023,0.1898547410964965,0.1171584129333496,0.1398895382881164,0.1758460998535156,0.1790790557861328,0.6973326206207275,0.7061812877655029,0.7502794861793518,0.7732621431350708,0.6995804309844971,0.7156844139099121,0.8437666893005371,0.8516148328781128,0.956926703453064,0.9672366380691528,0.8329675793647766,0.8417937755584717,0.1189699918031692,0.1173370033502578,0.0984167456626892,0.0820069164037704,0.1156826391816139,0.1251075118780136,0.7030293941497803,0.6938753128051758,0.7226042151451111,0.7406342029571533,0.7240534424781799,0.6907068490982056,157.19710807492248,160.13705705149908,147.4334275485833,145.31688807762674,120.46795907576366,79.3650995919313,0.3748817145824432,0.3655230104923248,0.295045793056488,0.2784590423107147,0.375378668308258,0.3828912675380707,0.1234677731990814,0.1202150657773017,0.1023152321577072,0.0856731012463569,0.1209012418985366,0.1307184547185897,0.9211149215698242,0.930039882659912,0.9518293738365172,0.9610344767570496,0.9227370023727416,0.9202828407287598,0.3175530433654785,0.3076073229312897,0.2554114460945129,0.2225856631994247,0.3296662867069244,0.3608666062355041,0.5836375951766968,0.6466575264930725,0.6774489283561707,0.4895768165588379,0.7195256352424622,0.6803780794143677,26.16870880126953,25.90223503112793,27.921876907348636,29.439189910888672,26.155929565429688,24.402544021606445,0.9077879786491394,0.8994501829147339,0.9699111580848694,0.9750611186027528,0.9049506783485411,0.9054968953132628,0.7694515272722843,0.7987402886344819,0.8528723034531386,0.8834203325917522,0.7538847449711167,0.7676189228678477,0.769355058670044,0.7985440492630005,0.941914677619934,0.9543346166610718,0.7536875009536743,0.7674183249473572,0.4964664280414581,0.5135697722434998,0.5101629495620728,0.4784538149833679,0.5159903764724731,0.5336117148399353,0.2691278755664825,0.2763100564479828,0.2871615886688232,0.2993590235710144,0.271684318780899,0.2690472900867462,0.96372789144516,0.9713824391365052,0.9830645322799684,0.989015519618988,0.9604121446609496,0.960453987121582,-0.0554876066744327,-0.0581188984215259,-0.0389083437621593,-0.0358967967331409,-0.0583765730261802,-0.0571594834327697
tmc13_the20smaria_00600_vox10_dec_geom03_text03_octree-raht.ply,the20smaria_00600_vox10.ply,OCTREE_RAHT,2,1.275,0.9784285866638438,0.9954757660008838,0.9945075701505256,0.5442813790590506,0.2632089732822539,0.3448864892212184,0.9311418927921744,0.5203743244080439,0.7213807606888167,0.5607340826891116,0.2929820405119313,0.4857756777473151,1.1231124737419125,0.5725969912127478,0.5721736598067632,0.5371654128501813,0.1809354357849391,0.6668627234985933,1.3203739397436414,0.6364491020433558,0.7318915231803145,0.7045875418532622,0.2587162822822975,0.5160638653649433,0.4379634464607778,0.4026374532129688,0.4148480090475212,0.999768819446472,0.9938368630844298,0.9536909700929542,0.4097748055305128,0.2226311429449537,0.941962598952512,0.8801636956264768,0.3846362966184458,0.7905381651709182,0.7731932308370528,0.5495876976671791,0.4576538208863829,0.023592272591533,0.4172999858856201,0.4389541745185852,0.5799647569656372,0.5900797843933105,0.4274273514747619,0.402004212141037,0.5345092415809631,0.538244903087616,0.6535007357597351,0.6584244966506958,0.5563485622406006,0.4897696375846863,0.9374711908383162,0.9143037949781914,0.9532371171176413,0.9410529181395332,0.967586050153681,0.9551969334256196,0.218846321105957,0.2110520601272583,0.1449893712997436,0.1525864005088806,0.2052935361862182,0.2109943628311157,0.6977530717849731,0.6993190050125122,0.76216059923172,0.7770150899887085,0.6858327388763428,0.7109299302101135,0.8360015153884888,0.8503167033195496,0.9524508118629456,0.9634489417076112,0.8216677904129028,0.828581690788269,0.1252411603927612,0.1228363364934921,0.1060130298137664,0.0878152698278427,0.1231030374765396,0.1287886500358581,0.6841832399368286,0.6771350502967834,0.698625922203064,0.7232544422149658,0.7042788863182068,0.6763908267021179,158.43571181915314,164.57709246385292,145.42365676385194,147.6665847504973,123.09048567332891,76.80768872172239,0.378407210111618,0.3694103956222534,0.3045494854450226,0.2864734232425689,0.3789907991886139,0.3876784741878509,0.1297979205846786,0.1252367496490478,0.1096454635262489,0.0908222869038581,0.1276284456253051,0.134151741862297,0.9097957611083984,0.9209688901901244,0.945107877254486,0.955877959728241,0.9146615862846376,0.9148166179656982,0.333031564950943,0.3209880590438843,0.2692000865936279,0.233106181025505,0.3443524837493896,0.3738934397697449,0.48665452003479,0.5947734117507935,0.6469354629516602,0.5291061401367188,0.6068111062049866,0.4107901453971863,25.91039276123047,25.706987380981445,27.58940887451172,29.128955841064453,25.85603904724121,24.176233291625977,0.9034316539764404,0.8912062048912048,0.9675992727279664,0.9723058938980104,0.9022985696792604,0.8992044925689697,0.7559078923001088,0.7878852149332245,0.8424168665690354,0.8768926595159722,0.7412665531583026,0.7566134958111591,0.7557213306427002,0.7875399589538574,0.9338548183441162,0.9485356211662292,0.7409836649894714,0.7563114166259766,0.4811884760856628,0.5022826790809631,0.4790478944778442,0.4645195603370666,0.51154625415802,0.5289934277534485,0.2426422834396362,0.2518907189369201,0.2570021152496338,0.271781325340271,0.2500895261764526,0.2498420923948288,0.9601663947105408,0.9689098596572876,0.9813871383666992,0.9878138303756714,0.9560994505882264,0.956582486629486,-0.0514971502125263,-0.053565140813589,-0.0397008471190929,-0.0352749787271022,-0.0528781116008758,-0.0555925853550434
tmc13_the20smaria_00600_vox10_dec_geom03_text03_trisoup-predlift.ply,the20smaria_00600_vox10.ply,TRISOUP_PREDLIFT,3,1.5,0.9856823661245584,0.996642718781974,0.9960833486651914,0.5468838749489233,0.3111165449043346,0.4313908902642515,0.9668871033433608,0.7098547201418606,0.8702993917669986,0.5549501450229942,0.3563587119842892,0.4678695527123061,0.8893805279885856,0.3148413361795349,0.3509702255968379,0.6319505512361724,0.1809354357849391,0.6668627234985933,0.853662455079206,0.3943260856043708,0.4805668810531028,0.7909186696126045,0.3263900550848347,0.5320729367469946,0.763424936384518,0.7211251983981093,0.732327508116362,0.9980082398680636,0.9922918398842248,0.9612265553860349,0.8399203082996215,0.5935593814214983,0.9264808153282076,0.8405182930840471,0.3469506956855612,0.6205699521445059,0.6113998565289587,0.5127017499544314,0.4985205277245338,0.041341497096295,0.4491835236549377,0.422905683517456,0.571020781993866,0.5879755616188049,0.4431973397731781,0.400073766708374,0.5546647906303406,0.5417563915252686,0.6558831334114075,0.6615190505981445,0.5740797519683838,0.4862892925739288,0.9219422621348634,0.920964029132308,0.9385754159331688,0.9351431515026593,0.9646050047509964,0.9135480789298568,0.1493030786514282,0.1542395949363708,0.1022731661796569,0.0939601063728332,0.1409484148025512,0.1213457584381103,0.7000201940536499,0.6435267925262451,0.7557623982429504,0.7973349094390869,0.7315415143966675,0.6220282912254333,0.8564208149909973,0.8548367619514465,0.957566261291504,0.9700024127960204,0.844438910484314,0.8317995667457581,0.1257464736700058,0.1331943571567535,0.1028321683406829,0.0832231417298317,0.1217321008443832,0.1485569924116134,0.6654869914054871,0.641446053981781,0.7008897662162781,0.7193412780761719,0.6902815103530884,0.6275023818016052,163.7572820641443,168.8691003596073,146.00414381501707,144.93984290554295,156.79226558567976,171.57127280201954,0.3809058964252472,0.3833021521568298,0.2978682816028595,0.2740214467048645,0.3784835636615753,0.3973078727722168,0.1270105391740799,0.1335373818874359,0.1043857708573341,0.0852344557642936,0.1238666772842407,0.1503461897373199,0.924482762813568,0.9238249659538268,0.953116536140442,0.9630610942840576,0.9271077513694764,0.8996920585632324,0.3439751863479614,0.3496670126914978,0.2698669135570526,0.2324145287275314,0.3419170379638672,0.4088959097862243,0.7690273523330688,0.9120115041732788,0.8543779850006104,0.7044629454612732,0.8106696605682373,1.054591417312622,25.190513610839844,24.54248046875,27.278573989868164,28.911392211914062,25.323020935058597,23.037845611572266,0.9105624556541444,0.9004610776901245,0.9711620211601256,0.9744430780410768,0.9162743091583252,0.8928582668304443,0.7749886753027327,0.795060066614676,0.862231224369594,0.8892447410679847,0.7674356112366605,0.763294437838304,0.7743884325027466,0.7944852709770203,0.9442546367645264,0.956883668899536,0.7669832706451416,0.7621878981590271,0.4936130940914154,0.4970284104347229,0.5278973579406738,0.5678912997245789,0.5857717990875244,0.5905324816703796,0.2595947980880737,0.2668334245681762,0.2837759852409363,0.299826443195343,0.2644932270050049,0.2507509291172027,0.9648786783218384,0.9649547338485718,0.9848859310150146,0.9901102781295776,0.9632275700569152,0.9575783014297484,-0.0491405948996543,-0.0489039160311222,-0.0399396233260631,-0.034374214708805,-0.0478061623871326,-0.0560883618891239
tmc13_the20smaria_00600_vox10_dec_geom03_text03_trisoup-raht.ply,the20smaria_00600_vox10.ply,TRISOUP_RAHT,4,1.65,0.98555575776153,0.9962112277258828,0.9955760898608094,0.5820403011763211,0.2352769169036199,0.3394525582363083,0.9050769391482604,0.4619844536635823,0.6536086162381146,0.5970975256845353,0.2699777957600172,0.5259454909759795,0.8893805279885856,0.3148413361795349,0.3509702255968379,0.6319505512361724,0.1809354357849391,0.6668627234985933,0.853662455079206,0.3943260856043708,0.4805668810531028,0.7909186696126045,0.3263900550848347,0.5320729367469946,0.763424936384518,0.7211251983981093,0.732327508116362,0.9980082398680636,0.9922918398842248,0.9612265553860349,0.8399203082996215,0.5935593814214983,0.9264808153282076,0.8405182930840471,0.3469506956855612,0.6205699521445059,0.6113998565289587,0.5127017499544314,0.4985205277245338,0.041341497096295,0.4323046803474426,0.4169141352176666,0.5451830625534058,0.572550356388092,0.4152350425720215,0.3812654912471771,0.5473313927650452,0.5332564115524292,0.6525238156318665,0.6594318151473999,0.5636373162269592,0.4760020673274994,0.9224126121263873,0.9148865349959904,0.9357211128805568,0.9331666156706158,0.9625650210257012,0.9126674790707427,0.1782175302505493,0.1916658282279968,0.1200721263885498,0.1122717857360839,0.1744327545166015,0.1723222136497497,0.690314531326294,0.632951557636261,0.7544031143188477,0.7880967855453491,0.7267197370529175,0.6246943473815918,0.8300831913948059,0.8385228514671326,0.9543697834014891,0.9662421941757202,0.8187962174415588,0.8004226088523865,0.1309924274682998,0.1381230652332306,0.1075091734528541,0.0878601744771003,0.1254799216985702,0.1520393937826156,0.6481689810752869,0.6253966689109802,0.6848182678222656,0.7030115127563477,0.6793450713157654,0.6162604093551636,162.88655524973004,169.8579312201732,141.7276333130841,148.56075149104083,154.19031944512517,166.09739260759312,0.3901617228984833,0.3927875161170959,0.3035313189029693,0.2818585038185119,0.3853175342082977,0.4062270522117615,0.1332395523786544,0.1391072571277618,0.1106207370758056,0.0910060405731201,0.129008486866951,0.1545560657978058,0.911477267742157,0.9114981889724731,0.946114718914032,0.956060826778412,0.9172788858413696,0.8883541822433472,0.3607072830200195,0.3644647598266601,0.283353328704834,0.2444907128810882,0.3550898432731628,0.4220801293849945,0.8298346996307373,0.8790889978408813,0.9766689538955688,0.8182001113891602,0.7749207615852356,1.0165098905563354,24.66998672485352,24.11800193786621,26.68168830871582,28.35493850708008,24.865915298461918,22.685548782348636,0.8956469297409058,0.8859477043151855,0.9691985845565796,0.9721055030822754,0.9034117460250854,0.8812217116355896,0.7493258317406202,0.7699948179629157,0.8442966115917347,0.8759026031092023,0.7442022731211734,0.7354814852497348,0.7486485242843628,0.7693289518356323,0.9383896589279176,0.9509999752044678,0.743666410446167,0.7342504262924194,0.4658739566802978,0.4657415151596069,0.4898388385772705,0.4850267171859741,0.5390374660491943,0.560448169708252,0.2256013602018356,0.2320766299962997,0.2459984570741653,0.2607713639736175,0.235159769654274,0.222716748714447,0.958353579044342,0.9591602087020874,0.9836246967315674,0.9889170527458192,0.9556230306625366,0.9487743377685548,-0.0536983087658882,-0.0517878495156765,-0.0420383922755718,-0.0365338921546936,-0.048114500939846,-0.0596711598336696
tmc13_the20smaria_00600_vox10_dec_geom04_text04_octree-predlift.ply,the20smaria_00600_vox10.ply,OCTREE_PRED_LIFT,1,2.75,0.9903511509030202,0.9977062722355065,0.9973404018048548,0.6503949954731969,0.378347878571324,0.4940644624907565,0.960967430842593,0.765368767917177,0.8606620687163502,0.6546505037722358,0.4468430161967694,0.5730726719920605,0.6705788293317577,0.3392594211053877,0.3392396849050773,0.328174874773265,0.1809354357849391,0.6668627234985933,0.9886290812683216,0.4127404435010799,0.6691580378358163,0.3237481093510992,0.1505907136386386,0.1840043722071872,0.7508975680191604,0.714819716096365,0.681772524009925,0.9975276193203758,0.9895522065897896,0.9346617326908732,0.7140197788458812,0.5607497363777199,0.96845618555658,0.9154351821512104,0.4586150556508049,0.8668871943975585,0.8517869612669235,0.608867830775855,0.380210564979604,0.0108326721785007,0.5635504126548767,0.5589889883995056,0.6373224258422852,0.6342094540596008,0.5433105826377869,0.5340133905410767,0.5846452713012695,0.5850672125816345,0.6645986437797546,0.6655541062355042,0.585999608039856,0.5540368556976318,0.9509224007450024,0.95630532716178,0.9904109478325794,0.9697634743734138,0.9901428527101048,0.9871270229202588,0.1121110320091247,0.1398758888244629,0.071903109550476,0.0717909336090087,0.1178810000419616,0.1146130561828613,0.8525430560112,0.8580748438835144,0.8984836339950562,0.902230978012085,0.8473073244094849,0.8446575403213501,0.8983030319213867,0.9044862389564514,0.983031451702118,0.9867372512817384,0.886995792388916,0.8922960162162781,0.0736035779118537,0.0701702386140823,0.0538491792976856,0.0452466420829296,0.0736117511987686,0.0801147744059562,0.8257339596748352,0.8275690078735352,0.8455201387405396,0.8681792616844177,0.8289598822593689,0.8097535371780396,129.52836904340376,138.6118883690747,117.4093468485368,118.5979954532026,123.15177219459235,122.47697580620456,0.3483683168888092,0.3413059413433075,0.2345646321773529,0.2217339426279068,0.3508422672748565,0.3532632887363434,0.0782358273863792,0.0736445486545562,0.0584030039608478,0.0489905886352062,0.0786965861916542,0.0842322334647178,0.9599019885063172,0.966271996498108,0.9782158732414246,0.9804272651672364,0.9577312469482422,0.9608368277549744,0.2354243993759155,0.2193189114332199,0.1807456910610199,0.1550558507442474,0.2529881596565246,0.2623738050460815,0.5537087917327881,0.5159516930580139,0.4100899398326874,0.4596384465694427,0.4953263401985168,0.4545072019100189,28.186805725097656,28.4519100189209,30.150529861450195,32.19485855102539,28.00806427001953,26.600610733032227,0.9419754147529602,0.9371090531349182,0.9883521795272828,0.990716278553009,0.9388625621795654,0.9349414110183716,0.8259901568556125,0.8481389700755388,0.8976997326092581,0.9117389700598124,0.8079120995739836,0.8317966969264181,0.8259600400924683,0.8481061458587646,0.977561891078949,0.9797513484954834,0.8078545928001404,0.8317529559135437,0.6598382592201233,0.6984507441520691,0.685514509677887,0.6760149598121643,0.6985973119735718,0.7134985327720642,0.3491013348102569,0.3654893636703491,0.3864772021770477,0.3915761709213257,0.3390372991561889,0.3508693277835846,0.9766210317611694,0.9815033078193665,0.9939488768577576,0.9960535764694214,0.9739519953727722,0.9753836989402772,-0.0324864983558654,-0.0296718589961528,-0.0231529343873262,-0.0252689402550458,-0.0302037224173545,-0.0311593953520059
tmc13_the20smaria_00600_vox10_dec_geom04_text04_octree-raht.ply,the20smaria_00600_vox10.ply,OCTREE_RAHT,2,2.5,0.990494227884783,0.99734983047357,0.9971111438995328,0.6643818076987908,0.3227724741655012,0.4335730697078926,0.9330652091595628,0.5844076558629583,0.7344256903184561,0.6748735075493798,0.3731427298320396,0.6047000115473038,0.6705788293317577,0.3392594211053877,0.3392396849050773,0.328174874773265,0.1809354357849391,0.6668627234985933,0.9886290812683216,0.4127404435010799,0.6691580378358163,0.3237481093510992,0.1505907136386386,0.1840043722071872,0.7508975680191604,0.714819716096365,0.681772524009925,0.9975276193203758,0.9895522065897896,0.9346617326908732,0.7140197788458812,0.5607497363777199,0.96845618555658,0.9154351821512104,0.4586150556508049,0.8668871943975585,0.8517869612669235,0.608867830775855,0.380210564979604,0.0108326721785007,0.5396847128868103,0.5330767631530762,0.625275731086731,0.6182703375816345,0.511186420917511,0.5023293495178223,0.5780359506607056,0.5796626806259155,0.6626186370849609,0.6635595560073853,0.5829917192459106,0.5459640026092529,0.9489078556359142,0.953148169665023,0.9889244054104488,0.9699241444510344,0.9890510124922802,0.9854748015884148,0.1308073997497558,0.1530933380126953,0.0831108689308166,0.0750491619110107,0.1293507814407348,0.1347732543945312,0.8539639711380005,0.8574925065040588,0.9017198085784912,0.901163637638092,0.8501852750778198,0.8480457067489624,0.8942296504974365,0.9020987749099731,0.9813589453697203,0.9847346544265748,0.8833948969841003,0.8850687146186829,0.0768534168601036,0.0727091580629348,0.0565460287034511,0.0478300973773002,0.076359637081623,0.0836650431156158,0.813236653804779,0.8146742582321167,0.8315737843513489,0.855688214302063,0.8180029392242432,0.7978101372718811,127.29706827387976,133.3077834199243,113.930142746911,117.75516443907304,119.96267840441784,120.7143043829496,0.352984756231308,0.3461892306804657,0.2403515428304672,0.2302015274763107,0.354363203048706,0.3590613901615143,0.0812458395957946,0.07594595849514,0.0607347376644611,0.0514873228967189,0.0808707326650619,0.0876784846186637,0.9550976157188416,0.962112307548523,0.9761180877685548,0.9780516624450684,0.953978419303894,0.9564267992973328,0.2494924962520599,0.2288671731948852,0.1904959380626678,0.1641452312469482,0.2638431787490845,0.2744161486625671,0.4975654184818268,0.4570985734462738,0.4015000164508819,0.4399499297142029,0.5305556654930115,0.4193049669265747,27.78141975402832,28.11654281616211,29.720335006713867,31.75961685180664,27.615970611572266,26.266902923583984,0.9403373599052428,0.9329559206962584,0.9876434206962584,0.989671230316162,0.9380593299865724,0.9323225021362304,0.8134009011106857,0.8362999729358596,0.8902334950151737,0.9056525784517562,0.7969297128763063,0.8181339571713618,0.8133594393730164,0.8362640142440796,0.9752458333969116,0.9770914316177368,0.7968419790267944,0.818082332611084,0.6232648491859436,0.6805812120437622,0.667300820350647,0.64251309633255,0.6804805397987366,0.7059412002563477,0.3211537599563598,0.3404601812362671,0.3563947975635528,0.3641013503074646,0.3163183033466339,0.3269048035144806,0.9758730530738832,0.9803563356399536,0.9935868978500366,0.9955501556396484,0.9735923409461976,0.9740288257598876,-0.0315953120589256,-0.0303905680775642,-0.0246933568269014,-0.0255464781075716,-0.0292739626020193,-0.0294306278228759
tmc13_the20smaria_00600_vox10_dec_geom04_text04_trisoup-predlift.ply,the20smaria_00600_vox10.ply,TRISOUP_PREDLIFT,3,2.1,0.9874507142854828,0.9976280537890272,0.997203018459578,0.6147836290227321,0.3675161359832947,0.4860716248067439,0.9666805174309816,0.7546122577311905,0.8640018890780405,0.6199074523758248,0.430310328724083,0.5381029804201684,0.8893805279885856,0.3148413361795349,0.3509702255968379,0.6319505512361724,0.1809354357849391,0.6668627234985933,0.853662455079206,0.3943260856043708,0.4805668810531028,0.7909186696126045,0.3263900550848347,0.5320729367469946,0.763424936384518,0.7211251983981093,0.732327508116362,0.9980082398680636,0.9922918398842248,0.9612265553860349,0.8399203082996215,0.5935593814214983,0.9264808153282076,0.8405182930840471,0.3469506956855612,0.6205699521445059,0.6113998565289587,0.5127017499544314,0.4985205277245338,0.041341497096295,0.45648393034935,0.4313229024410248,0.5725323557853699,0.5868315696716309,0.4672168791294098,0.414913147687912,0.5661514401435852,0.5598713159561157,0.6566447019577026,0.6626637578010559,0.5827293992042542,0.5023398995399475,0.925926008620688,0.9345154083325355,0.9425253978336976,0.9476521212123924,0.9684435272399832,0.9165427326993172,0.1195461750030517,0.1342748999595642,0.0828117132186889,0.0717028379440307,0.1182771921157836,0.1021434068679809,0.7124746441841125,0.6501390933990479,0.7713862061500549,0.8141410946846008,0.7495648860931396,0.6313100457191467,0.8699894547462463,0.8681238293647766,0.9624937176704408,0.9733310341835022,0.8595069050788879,0.8399428129196167,0.1219114959239959,0.1310133635997772,0.0980813577771186,0.0800928995013237,0.116412803530693,0.1462315917015075,0.6768060326576233,0.6504340767860413,0.7178472876548767,0.7303709387779236,0.7067395448684692,0.6373241543769836,162.97926711205673,172.5771041112538,137.99281334763774,143.01591224782277,150.18584157305497,162.84690925659868,0.3738552629947662,0.3795276880264282,0.2903201282024383,0.2656863629817962,0.3712156116962433,0.3932528495788574,0.1227446794509887,0.1310813426971435,0.0993069037795066,0.0817370563745498,0.1182990223169326,0.1477303206920623,0.9341813921928406,0.9312475919723512,0.9598466753959656,0.9677993655204772,0.9365448355674744,0.9080036878585817,0.3358157575130462,0.345000684261322,0.2605404257774353,0.2264683097600937,0.3323597908020019,0.4037151038646698,0.7739745378494263,0.9101852774620056,0.7695199251174927,0.6164776682853699,0.6586108803749084,0.9605185985565186,25.32272720336914,24.58382797241211,27.48159408569336,29.03475570678711,25.470792770385746,23.08901596069336,0.9178141951560974,0.9050046801567078,0.9741464257240297,0.97651469707489,0.9243981242179872,0.897386372089386,0.7932251273283677,0.8058551135155769,0.8772049356548232,0.8970190861897074,0.7869809995907613,0.7763022895994033,0.7926353216171265,0.8052799105644226,0.9529752731323242,0.9632977843284608,0.7865566611289978,0.7751930952072144,0.5269640684127808,0.5267481803894043,0.5433043241500854,0.6486620306968689,0.6334589123725891,0.638319730758667,0.2742881178855896,0.2798222005367279,0.3030951023101806,0.3135432004928589,0.2778401672840118,0.2617612481117248,0.9690724611282348,0.9669305086135864,0.986645519733429,0.991292119026184,0.9678010940551758,0.9604486227035522,-0.0425892807543277,-0.0453321039676666,-0.0354890525341033,-0.0318128615617752,-0.0441515929996967,-0.0543989166617393
tmc13_the20smaria_00600_vox10_dec_geom04_text04_trisoup-raht.ply,the20smaria_00600_vox10.ply,TRISOUP_RAHT,4,1.65,0.9875530473545922,0.9972618273186188,0.9968784840014536,0.6392506292557438,0.3112918718700682,0.4380796011308233,0.9324952679678694,0.5808695110968496,0.745449396837894,0.6509473901875199,0.3652767591197396,0.580701161762785,0.8893805279885856,0.3148413361795349,0.3509702255968379,0.6319505512361724,0.1809354357849391,0.6668627234985933,0.853662455079206,0.3943260856043708,0.4805668810531028,0.7909186696126045,0.3263900550848347,0.5320729367469946,0.763424936384518,0.7211251983981093,0.732327508116362,0.9980082398680636,0.9922918398842248,0.9612265553860349,0.8399203082996215,0.5935593814214983,0.9264808153282076,0.8405182930840471,0.3469506956855612,0.6205699521445059,0.6113998565289587,0.5127017499544314,0.4985205277245338,0.041341497096295,0.4485202729701996,0.4205810725688934,0.5593361258506775,0.5704901814460754,0.4386372566223144,0.400654524564743,0.5616576075553894,0.5540331602096558,0.654819905757904,0.6617510318756104,0.5779980421066284,0.4997968971729278,0.925699398593919,0.9334528256204988,0.9417178675252272,0.9415684283350834,0.9687373920399028,0.9165111692134744,0.1335926651954651,0.1519123315811157,0.0944084525108337,0.0804253816604614,0.1295719146728515,0.1152575612068176,0.7112206816673279,0.6445978283882141,0.7708448767662048,0.8108224868774414,0.751113772392273,0.6325053572654724,0.8569150567054749,0.858976423740387,0.9610658288002014,0.9714432954788208,0.8474339842796326,0.8246408700942993,0.1238254234194755,0.1326901018619537,0.0994443446397781,0.0815714746713638,0.1183528900146484,0.1466178596019745,0.6690361499786377,0.643340528011322,0.7101712226867676,0.7232191562652588,0.6975498199462891,0.6316861510276794,156.39648792060552,165.1011407993149,135.1948940671411,142.6606886775539,148.4435475642532,158.21622348826878,0.3797067105770111,0.3851663172245025,0.2929372787475586,0.2696799635887146,0.3765840530395508,0.3989458978176117,0.1249118372797966,0.1329727172851562,0.1009250059723854,0.0836189240217208,0.1204616203904151,0.1484822481870651,0.9281052947044371,0.924754798412323,0.9563823938369752,0.9643402099609376,0.9310208559036256,0.9026110172271729,0.3458682000637054,0.3532201647758484,0.2692024111747741,0.2337422221899032,0.3425043523311615,0.4122776687145233,0.7927696704864502,0.8779671788215637,0.8383951187133789,0.6297003626823425,0.688079297542572,0.9358535408973694,25.000205993652344,24.36260986328125,27.11862564086914,28.735715866088867,25.125730514526367,22.87287712097168,0.9137291312217712,0.8998584151268005,0.973272979259491,0.9758161902427672,0.92033451795578,0.8937193751335144,0.7779687771549693,0.7913663074725334,0.8673101778363492,0.8891946689486956,0.7728153586051274,0.7594494534590488,0.7773882150650024,0.790780246257782,0.9503122568130492,0.960418462753296,0.7722970247268677,0.7582907676696777,0.5089532732963562,0.5145926475524902,0.5278581380844116,0.619145929813385,0.6112158894538879,0.6236850619316101,0.2517370879650116,0.2589639723300934,0.2777931988239288,0.289535641670227,0.2569845616817474,0.2428936958312988,0.9663172364234924,0.9638640880584716,0.9863066673278807,0.9907636642456056,0.9652552008628844,0.9568272829055786,-0.0458638109266757,-0.0451391041278839,-0.0367360301315784,-0.0334657616913318,-0.0475257970392704,-0.0570239946246147
tmc13_the20smaria_00600_vox10_dec_geom05_text05_octree-predlift.ply,the20smaria_00600_vox10.ply,OCTREE_PRED_LIFT,1,3.95,0.9947465743819178,0.9985767498645168,0.9984614401232426,0.7710951738125815,0.4380266942135912,0.5518304321250237,0.9467583535433906,0.7804006890583274,0.858026752206419,0.7677939764654396,0.5136529743970649,0.6984276664724809,0.5559132674205325,0.2808653621703117,0.2779759653361767,0.2764800560343328,0.1809354357849391,0.6668627234985933,0.932586627398258,0.3584400523353059,0.6757877712908067,0.2458969271567402,0.1101454186027244,0.1467427131492013,0.8886103686644089,0.858741203986536,0.8101336541544684,0.994723010902421,0.988369524591651,0.9195182725558804,0.8540441388643351,0.7743787379876582,0.9773661717652408,0.932562121259742,0.5093909468074317,0.8985763725963356,0.883754375037052,0.6482737696672414,0.3296351420551797,0.008953956245105,0.5661122798919678,0.5711763501167297,0.6354805827140808,0.626203179359436,0.565686047077179,0.557939350605011,0.593482494354248,0.5947288870811462,0.6641326546669006,0.6665706634521484,0.5921120643615723,0.5660068392753601,0.9624044272639076,0.9744744875963024,0.9926529304525352,0.9881973367328716,0.9911317217770927,0.9908380611823668,0.0739867687225341,0.0940241813659668,0.0438734292984008,0.050053596496582,0.0877699255943298,0.0649062395095825,0.8819352984428406,0.8819255828857422,0.932727575302124,0.9388592839241028,0.901883602142334,0.8996246457099915,0.9181509017944336,0.9260220527648926,0.9885998368263244,0.9909430742263794,0.9104351997375488,0.9152733087539672,0.0663161352276802,0.0673804283142089,0.0437477827072143,0.0377968065440654,0.0643241330981254,0.0648369044065475,0.8501879572868347,0.8465074896812439,0.875741183757782,0.8946727514266968,0.8559625744819641,0.8544936180114746,108.37297289563794,117.86574658016572,98.31253309123176,95.49020056519348,101.23685146663423,101.61028791199976,0.3331657648086548,0.3280108571052551,0.2119659781455993,0.2018116116523742,0.3350257575511932,0.3345779776573181,0.0708811283111572,0.0698059201240539,0.0477289073169231,0.0410373099148273,0.0686413943767547,0.0692867338657379,0.9690191745758056,0.9738421440124512,0.984444499015808,0.9854403734207152,0.9684845805168152,0.9721885919570924,0.2256858348846435,0.2092228233814239,0.1664362698793411,0.1426001489162445,0.2344198524951934,0.2373380362987518,0.4432799816131592,0.4140770137310028,0.2872663140296936,0.3288138210773468,0.4798658788204193,0.4130600988864898,28.527278900146484,28.695051193237305,30.88650131225586,32.92607879638672,28.47920227050781,27.545366287231445,0.955112874507904,0.9531669020652772,0.9919341802597046,0.9933284521102904,0.957054078578949,0.9555383920669556,0.8489804379227467,0.8654447616762565,0.9178288964772172,0.9236204315875622,0.8373278405622799,0.8608777859392313,0.8488932847976685,0.8654054403305054,0.9853310585021972,0.986266553401947,0.837260901927948,0.8608319163322449,0.776467502117157,0.812572717666626,0.7877228260040283,0.7767248749732971,0.7778222560882568,0.8189870715141296,0.3712614476680755,0.3864842057228088,0.4203107357025146,0.4160488843917846,0.3674651086330414,0.3913653492927551,0.981693685054779,0.9849843382835388,0.9962563514709472,0.9974773526191713,0.9802899956703186,0.9815966486930848,-0.0230662710964679,-0.023833492770791,-0.0195755623281002,-0.0199595540761947,-0.0205114893615245,-0.0207396745681762
tmc13_the20smaria_00600_vox10_dec_geom05_text05_octree-raht.ply,the20smaria_00600_vox10.ply,OCTREE_RAHT,2,3.725,0.9948199339917988,0.9983139888772532,0.9982923017163076,0.8185947919685972,0.4073461782414227,0.5287908499437779,0.9469243758671418,0.6675042020563725,0.7735584369325925,0.8196328290245593,0.4771135233761129,0.7684670658485171,0.5559132674205325,0.2808653621703117,0.2779759653361767,0.2764800560343328,0.1809354357849391,0.6668627234985933,0.932586627398258,0.3584400523353059,0.6757877712908067,0.2458969271567402,0.1101454186027244,0.1467427131492013,0.8886103686644089,0.858741203986536,0.8101336541544684,0.994723010902421,0.988369524591651,0.9195182725558804,0.8540441388643351,0.7743787379876582,0.9773661717652408,0.932562121259742,0.5093909468074317,0.8985763725963356,0.883754375037052,0.6482737696672414,0.3296351420551797,0.008953956245105,0.5530685782432556,0.5512414574623108,0.6267049312591553,0.6014319062232971,0.5529062151908875,0.5539637804031372,0.5919770002365112,0.5921133160591125,0.6634367108345032,0.666228711605072,0.5900524258613586,0.5636295080184937,0.9616928393357196,0.9744543175004854,0.991800189337906,0.9856065397700416,0.9903221167355228,0.991386196504122,0.0790736079216003,0.0962142944335937,0.047196626663208,0.0574292540550231,0.0903167724609375,0.0737119913101196,0.8821142315864563,0.8803297281265259,0.9332702159881592,0.9380762577056884,0.9033960103988647,0.8986472487449646,0.9139529466629028,0.9231489300727844,0.9880136847496032,0.9901790022850036,0.9078572392463684,0.9115134477615356,0.0682600811123848,0.0687869936227798,0.045031726360321,0.0388614162802696,0.0651943385601043,0.0659507289528846,0.8431406617164612,0.8409428000450134,0.8693258166313171,0.8891928195953369,0.8519304990768433,0.8498839735984802,108.44480314210304,113.70665197170766,95.96443212067364,95.47758371063163,98.01386794026912,99.88196552822338,0.3370028734207153,0.3316925466060638,0.2156834751367569,0.2055240273475647,0.3376589119434356,0.338420957326889,0.0725221559405326,0.0712017193436622,0.048916894942522,0.0421342365443706,0.0692803487181663,0.0703156068921089,0.9664474725723268,0.9715951681137084,0.9833405017852784,0.9842530488967896,0.966873049736023,0.9701089859008788,0.2323647737503051,0.2161633074283599,0.1718591898679733,0.1467528045177459,0.2394199818372726,0.2431329190731048,0.4105713367462158,0.3797324001789093,0.2943229675292969,0.2709465622901916,0.4597465097904205,0.395912617444992,28.25191879272461,28.47437858581543,30.589561462402344,32.66126251220703,28.234283447265625,27.309999465942383,0.9540213346481324,0.9516171216964722,0.9916405081748962,0.9930387139320374,0.9567854404449464,0.9549809098243712,0.8391424509345402,0.8557240706706005,0.9126060653633904,0.9190774982400182,0.8288588538890889,0.8510434536191567,0.8390345573425293,0.8556801080703735,0.9842259287834167,0.9848990440368652,0.8287836909294128,0.8509950041770935,0.762845516204834,0.79616379737854,0.783337414264679,0.7464783787727356,0.7705390453338623,0.8112362027168274,0.3518116474151611,0.3661014437675476,0.4003975391387939,0.395621120929718,0.3514042794704437,0.3752162158489227,0.9809870719909668,0.9841637015342712,0.996093451976776,0.997272491455078,0.9799793362617492,0.980844497680664,-0.0248706117272377,-0.0251947231590747,-0.0195456594228744,-0.0208121240139007,-0.0227558128535747,-0.0216297209262847
tmc13_the20smaria_00600_vox10_dec_geom05_text05_trisoup-predlift.ply,the20smaria_00600_vox10.ply,TRISOUP_PREDLIFT,3,3.125,0.992644360567813,0.9984858951638284,0.998294110271573,0.7352490333003046,0.4406186379196805,0.5466092598412402,0.9557965270514894,0.7918715340365439,0.8641796453000826,0.7335061388342039,0.5116425882003489,0.6586754154437281,0.5971060140680259,0.2301979059827056,0.2448987365736527,0.4021870031660145,0.1809354357849391,0.6668627234985933,0.8033905719511387,0.3389156674028892,0.5028242098818488,0.5369799592312993,0.2152138084944707,0.3690296450873906,0.8643800967687587,0.8321372171843112,0.8377372468485914,0.9986858276447574,0.9912321540533066,0.9431218089885236,0.8808455212525212,0.7471284628748155,0.9551401796837646,0.8803724777510712,0.3913447136197114,0.8000506943112431,0.790096731680957,0.5484662183811019,0.461574867231499,0.0231895040110301,0.5546546578407288,0.5420905351638794,0.6241689920425415,0.613455593585968,0.5445595383644104,0.5101107358932495,0.591846764087677,0.5873657464981079,0.6644808053970337,0.6654261350631714,0.5975430607795715,0.5617086887359619,0.9447434609063692,0.9595788448421848,0.985447446978579,0.976178419484078,0.9880590361171796,0.9819341891510602,0.0866351127624511,0.0896402597427368,0.0513091683387756,0.0426862835884094,0.0793849229812622,0.0680762529373169,0.8428261280059814,0.8346804976463318,0.9020331501960754,0.8984552621841431,0.8651826977729797,0.8371530771255493,0.913999617099762,0.9174370765686036,0.9858014583587646,0.9873359799385072,0.9048245549201964,0.8994112610816956,0.0755343958735466,0.0797230377793312,0.0525130555033683,0.0470305904746055,0.0732231214642524,0.0854599922895431,0.8171475529670715,0.804678201675415,0.8493421077728271,0.8539965748786926,0.829825758934021,0.8024685382843018,124.53375120886096,133.55231427566568,113.36111689607232,111.04479124066222,111.78296779667323,122.34687958499444,0.3357584476470947,0.3373112082481384,0.2233151644468307,0.2191523760557174,0.3377605080604553,0.3478052318096161,0.0769257023930549,0.0807922855019569,0.0548336841166019,0.0492541305720806,0.0757862851023674,0.0884121283888816,0.9660153388977052,0.9666661620140076,0.9820995330810548,0.9820468425750732,0.9649977087974548,0.9610456824302672,0.2342880666255951,0.2345215082168579,0.1750742048025131,0.1583921313285827,0.2441015690565109,0.268389344215393,0.7364641427993774,0.7104995250701904,0.5058553814888,0.4142380654811859,0.6885289549827576,0.7399564981460571,27.9659423828125,27.612592697143555,30.23248863220215,31.85613822937012,27.971912384033203,26.181377410888672,0.9487994313240052,0.942976176738739,0.9907373189926147,0.9909574389457704,0.95338636636734,0.9408164620399476,0.852295303003311,0.8563687452579595,0.9154713130501768,0.9197238113120644,0.8415968830791697,0.8430233979589054,0.8522603511810303,0.8563215136528015,0.98220556974411,0.9817618131637572,0.8414692878723145,0.8429684042930603,0.6628403663635254,0.7015776038169861,0.6567847728729248,0.7214962244033813,0.7344754338264465,0.7593531012535095,0.3518835604190826,0.3551633358001709,0.3914171159267425,0.3784591853618622,0.3485523462295532,0.3466077744960785,0.9815874695777892,0.9826229214668274,0.995468258857727,0.9964152574539183,0.9801033735275269,0.9778442978858948,-0.0265834052115678,-0.0286890659481287,-0.0247664172202348,-0.0241952668875455,-0.0273763835430145,-0.030322952196002
tmc13_the20smaria_00600_vox10_dec_geom05_text05_trisoup-raht.ply,the20smaria_00600_vox10.ply,TRISOUP_RAHT,4,2.675,0.9926953285034724,0.998264541486311,0.9981433786354068,0.7797081773263356,0.4037178429668457,0.525686679082578,0.9551565674518954,0.6766611643393955,0.7938102219502369,0.781318562018888,0.4746426109841574,0.7235394162731672,0.5971060140680259,0.2301979059827056,0.2448987365736527,0.4021870031660145,0.1809354357849391,0.6668627234985933,0.8033905719511387,0.3389156674028892,0.5028242098818488,0.5369799592312993,0.2152138084944707,0.3690296450873906,0.8643800967687587,0.8321372171843112,0.8377372468485914,0.9986858276447574,0.9912321540533066,0.9431218089885236,0.8808455212525212,0.7471284628748155,0.9551401796837646,0.8803724777510712,0.3913447136197114,0.8000506943112431,0.790096731680957,0.5484662183811019,0.461574867231499,0.0231895040110301,0.5395253896713257,0.5212222933769226,0.6120091080665588,0.5849642157554626,0.5338292717933655,0.5010489225387573,0.5909724831581116,0.5849683880805969,0.6638838648796082,0.6649094223976135,0.5971248149871826,0.5612762570381165,0.9445566020514572,0.9606275363957324,0.9850808566924648,0.9762886622090008,0.9877164011938632,0.9825099652601614,0.0996156334877014,0.0971245765686035,0.0553326606750488,0.0500204563140869,0.0854578018188476,0.0804513096809387,0.8400883674621582,0.8343775272369385,0.90295672416687,0.8983327150344849,0.8655972480773926,0.8407115340232849,0.9072991609573364,0.9124862551689148,0.9853533506393432,0.9867637157440186,0.8992262482643127,0.8929518461227417,0.0766863450407981,0.080332227051258,0.053250964730978,0.0474248863756656,0.0742101967334747,0.0863343998789787,0.8126120567321777,0.8012226819992065,0.8459448218345642,0.8513644933700562,0.8267123103141785,0.7986671924591064,123.43095410338222,129.39005418186056,110.39105017061954,111.58577807597248,109.86266387240698,119.58390664831666,0.3405866026878357,0.3413430154323578,0.2253853678703308,0.2219964265823364,0.3418170809745788,0.3526251018047333,0.0780482813715934,0.0814652070403099,0.0556001476943492,0.0499832481145858,0.0768580362200737,0.0891702845692634,0.9625972509384156,0.9637327194213868,0.980705201625824,0.9800915122032166,0.9623538851737976,0.958565592765808,0.2402160614728927,0.2388886511325836,0.1793057769536972,0.1621482074260711,0.2494243085384369,0.2730601727962494,0.7120229601860046,0.6242994070053101,0.4852819740772247,0.3772590458393097,0.6807252168655396,0.6914601922035217,27.700740814208984,27.42438507080078,29.97514915466309,31.62777137756348,27.733055114746094,25.998952865600582,0.947962522506714,0.9410203099250792,0.9904515147209167,0.9907097220420836,0.9516631364822388,0.938176691532135,0.8418648541805532,0.8463332796312326,0.9098554277954858,0.9140447451108284,0.832417850882876,0.8325305681705143,0.8418292999267578,0.8462762832641602,0.9811140894889832,0.980386197566986,0.8322954177856445,0.8324722051620483,0.6500128507614136,0.6934716701507568,0.6615248322486877,0.7102574706077576,0.7285610437393188,0.7620248794555664,0.3325881063938141,0.3368241190910339,0.3739337921142578,0.3596157431602478,0.3336716890335083,0.3324870765209198,0.9803199172019958,0.9812504053115844,0.9953018426895142,0.9962648153305054,0.9788217544555664,0.97642320394516,-0.0271580629050731,-0.0307763889431953,-0.025053659453988,-0.0243440885096788,-0.0274588484317064,-0.03040412068367
tmc13_the20smaria_00600_vox10_dec_geom06_text06_octree-predlift.ply,the20smaria_00600_vox10.ply,OCTREE_PRED_LIFT,1,4.65,0.9963597529001176,0.9991094775853158,0.9989985162239976,0.9001249707570043,0.5658505167240432,0.6546524184651252,0.9344893684264772,0.8653281015356891,0.8967208925120969,0.8933685738672208,0.6478388051794206,0.8653343161848461,0.5126763696435156,0.2577406264669655,0.2573790608241086,0.2542686033058051,0.1809354357849391,0.6668627234985933,0.930479894350797,0.3408271061200613,0.6990006963209505,0.2449882613205679,0.0925255169700011,0.1738304957508802,0.9494037259143592,0.92566459567335,0.8907925674579317,0.9927513725781136,0.9841779983477824,0.9102589413374284,0.9253169646948628,0.8874035339485428,0.9821657530868684,0.94171797515764,0.5489307362739296,0.9300431810030444,0.9171420159185416,0.6781501478313618,0.2909297663008617,0.0069430132406601,0.6026806235313416,0.5906438231468201,0.6538009643554688,0.6548109650611877,0.6057326197624207,0.5874132513999939,0.5983289480209351,0.5967210531234741,0.6644394397735596,0.6667611002922058,0.5970785021781921,0.5681321024894714,0.983424151575034,0.989039748318157,0.9865607857373082,0.9858079400741429,0.9917959928647272,0.9923545995303326,0.0380815267562866,0.0504400730133056,0.0339177846908569,0.0279450416564941,0.0393366813659668,0.033635139465332,0.8920522332191467,0.8834700584411621,0.9381515979766846,0.9439867734909058,0.8936754465103149,0.8962719440460205,0.93008154630661,0.937779188156128,0.9897180795669556,0.992279291152954,0.9264886379241944,0.9290587306022644,0.0662388801574707,0.0647788643836975,0.0435927286744117,0.0378895923495292,0.0620924159884452,0.0671186074614524,0.863237202167511,0.8588793873786926,0.8898615837097168,0.904661238193512,0.8725919723510742,0.867766261100769,89.42188009049984,93.14107791559806,83.72145587723935,77.76600497728958,82.60841602864708,86.98812992043892,0.3233054578304291,0.31597900390625,0.2083182334899902,0.1951541006565094,0.3219072818756103,0.3227816224098205,0.0684793069958686,0.0665137320756912,0.0462863892316818,0.0399080142378807,0.065041996538639,0.069692313671112,0.9742056727409364,0.9778000712394714,0.9875218272209167,0.9887003898620604,0.9742038249969482,0.9772545099258424,0.2116740942001342,0.1994157284498214,0.1549533307552337,0.1356578022241592,0.2199991941452026,0.2254515141248703,0.3708341717720032,0.4263995885848999,0.2745165526866913,0.2590064704418182,0.3720556497573852,0.3638273179531097,28.960681915283203,29.03484535217285,31.41698837280273,33.206451416015625,29.035430908203125,28.138856887817383,0.9616930484771729,0.9602639079093932,0.9922699928283693,0.9939777851104736,0.9664542078971864,0.964056134223938,0.8649298404177034,0.8794368460317621,0.9316099844270732,0.935678632504689,0.8575909679033409,0.8810759608874392,0.8647448420524597,0.87937992811203,0.9883170127868652,0.989449381828308,0.8573246002197266,0.8809863924980164,0.8715077638626099,0.868688702583313,0.8708643317222595,0.8588132262229919,0.8708553910255432,0.8872367739677429,0.4007359743118286,0.4114739298820495,0.4630950391292572,0.452265202999115,0.4016841948032379,0.4269599914550781,0.9849458932876588,0.9878242611885072,0.996796190738678,0.9978013038635254,0.9846967458724976,0.9845906496047974,-0.0167295522987842,-0.0195523258298635,-0.0164190400391817,-0.0181888658553361,-0.0133487172424793,-0.0141573492437601
tmc13_the20smaria_00600_vox10_dec_geom06_text06_octree-raht.ply,the20smaria_00600_vox10.ply,OCTREE_RAHT,2,4.25,0.996399930247246,0.998907891490373,0.9988762466787012,0.9075199476259318,0.5399883035663284,0.6411521238942364,0.9345677119242036,0.7610107497522608,0.8257704260229645,0.9165867569010168,0.6149740997691042,0.8788430727106878,0.5126763696435156,0.2577406264669655,0.2573790608241086,0.2542686033058051,0.1809354357849391,0.6668627234985933,0.930479894350797,0.3408271061200613,0.6990006963209505,0.2449882613205679,0.0925255169700011,0.1738304957508802,0.9494037259143592,0.92566459567335,0.8907925674579317,0.9927513725781136,0.9841779983477824,0.9102589413374284,0.9253169646948628,0.8874035339485428,0.9821657530868684,0.94171797515764,0.5489307362739296,0.9300431810030444,0.9171420159185416,0.6781501478313618,0.2909297663008617,0.0069430132406601,0.6037641763687134,0.5852190852165222,0.650837242603302,0.648648202419281,0.6036610007286072,0.5805342793464661,0.5973592400550842,0.5962575674057007,0.6641957759857178,0.6669352650642395,0.5968316793441772,0.5679696798324585,0.9842103068316278,0.987853901080744,0.9866550480762284,0.9860303471926432,0.9917228329782042,0.9924461341276708,0.0373576879501342,0.0490009188652038,0.0361651182174682,0.0304381847381591,0.0405535101890563,0.0375844836235046,0.8932751417160034,0.8848650455474854,0.938878893852234,0.9443877935409546,0.8940953016281128,0.897591769695282,0.9271925091743468,0.9348686337471008,0.9896002411842346,0.9919819831848145,0.9240766167640686,0.9267195463180542,0.0666807740926742,0.065021276473999,0.0439177602529525,0.0383775494992733,0.0628932490944862,0.0676954910159111,0.8607505559921265,0.8571820855140686,0.8875975608825684,0.902182936668396,0.8705675601959229,0.8659968972206116,88.79966521828757,91.51147947012802,83.01443716773954,77.62572080626678,81.54650413939478,86.5920574265764,0.3259854912757873,0.3185171484947204,0.2091928422451019,0.1963956207036972,0.3243922889232635,0.3253675997257232,0.068913459777832,0.0667458772659301,0.0466382466256618,0.0403968431055545,0.0657002925872802,0.0701125264167785,0.9727271795272828,0.9764009714126588,0.9869884252548218,0.9881293177604676,0.9731512069702148,0.9762394428253174,0.2156532704830169,0.2032191753387451,0.1576473712921142,0.1382547616958618,0.2240802645683288,0.2291637659072876,0.3760448694229126,0.3732528686523437,0.2704826891422272,0.2600131034851074,0.363692969083786,0.3476137220859527,28.784387588500977,28.88982963562012,31.23702049255371,33.03596115112305,28.84745407104492,28.00165557861328,0.9608602523803712,0.9595900177955629,0.992222547531128,0.9938607811927797,0.966026484966278,0.9635369777679444,0.8563333582367553,0.8708100639168141,0.9281909623168167,0.9328643116061186,0.8507063584879673,0.8741227359884317,0.8561245799064636,0.8707496523857117,0.987877607345581,0.9888683557510376,0.8504051566123962,0.8740310668945312,0.875927746295929,0.8713362812995911,0.8682873845100403,0.8639371991157532,0.8682161569595337,0.8875346779823303,0.3853972852230072,0.3951413035392761,0.4500089287757873,0.4373150467872619,0.3891738355159759,0.415432870388031,0.984495222568512,0.9874252080917358,0.9967506527900696,0.9977262020111084,0.9842897653579712,0.9841582775115968,-0.0175143424421548,-0.0202737804502248,-0.0166576988995075,-0.018903449177742,-0.014938386157155,-0.0151523323729634
tmc13_the20smaria_00600_vox10_dec_geom06_text06_trisoup-predlift.ply,the20smaria_00600_vox10.ply,TRISOUP_PREDLIFT,3,5.0,0.999126562732816,0.999231599871703,0.9992374505308448,0.9315419004263654,0.5627401436505367,0.652302446146211,0.101631216494503,0.5070110181253852,0.4279585522636832,0.921142085684892,0.6415223167917522,0.9031280137656568,0.0,0.0,0.0,0.0,0.1809354357849391,0.6668627234985933,0.7657174929297135,0.1809354357849391,0.6668627234985933,2.5995684338873643e-14,1.3449152089222242e-14,1.1961379608957731e-14,1.0,1.0,1.0,7.884339458634187e-17,7.58155308271118e-17,7.486242535981381e-17,1.0,1.0,1.0,1.0,1.0,1.0,1.0,0.99977031307442,2.318083736219895e-21,0.0002296738631143,0.6387260556221008,0.6327840089797974,0.6624090671539307,0.6662516593933105,0.6389263868331909,0.6118277311325073,0.6141286492347717,0.6077585816383362,0.6671085357666016,0.668925404548645,0.609572172164917,0.5910440683364868,0.999556226765427,0.9983832068634588,0.999712278979314,0.9975741161148116,0.9997481382715256,0.9997856431867532,0.0082986950874328,0.0099727511405944,0.0047495365142822,0.0064089894294738,0.010072112083435,0.0072522163391113,0.9951953887939452,0.9943789839744568,0.9973505139350892,0.9958035945892334,0.9955027103424072,0.9958093166351318,0.9917423725128174,0.990756630897522,0.999420404434204,0.999244511127472,0.991061508655548,0.9912328124046326,0.0047754682600498,0.0047196182422339,0.0027078341227024,0.0034875667188316,0.0040537794120609,0.0042821154929697,0.9915319681167604,0.9908835887908936,0.9924069046974182,0.9919844269752502,0.9921411275863647,0.9913011193275452,22.098527365296896,22.437089123478984,10.853955168924234,13.124003622724176,3.744209059725855,4.946640772948446,0.1965939402580261,0.2034690827131271,0.1036384627223014,0.1107577979564666,0.1964301466941833,0.1935093849897384,0.0060451752506196,0.0062253451906144,0.0038527830038219,0.004633137024939,0.0054086078889667,0.0055185649544,0.996348798274994,0.9956812858581544,0.9982141256332396,0.9970566630363464,0.996593713760376,0.9972169399261476,0.0527099668979644,0.0543859750032424,0.0380874909460544,0.0431665852665901,0.0512295477092266,0.0497204959392547,0.1761088371276855,0.1735233068466186,0.1078067943453788,0.1287726312875747,0.1673095375299453,0.1641222089529037,41.42658233642578,41.4341049194336,43.70550155639648,43.950077056884766,41.65130615234375,41.46465301513672,0.9961121082305908,0.9960969090461732,0.9996715188026428,0.9996253848075868,0.9963907599449158,0.9966247081756592,0.9753868648664802,0.970622012776274,0.9870515513443816,0.98128928138127,0.9761375932013951,0.9793518039249818,0.975383162498474,0.9706164598464966,0.9986159801483154,0.9974813461303712,0.976133108139038,0.9793478846549988,0.931461751461029,0.9280931353569032,0.9254623055458068,0.9267835021018982,0.9289694428443908,0.9326375126838684,0.8019672632217407,0.7865486145019531,0.822831392288208,0.7733829021453857,0.8063873648643494,0.8200008273124695,0.9982175827026368,0.9980125427246094,0.9998031258583068,0.9997714757919312,0.998100757598877,0.9980320930480956,-0.0003589785192161,-0.0011714354623109,-0.0102086085826158,-0.0126852504909038,-0.0008400586666539,0.0010021199705079
tmc13_the20smaria_00600_vox10_dec_geom06_text06_trisoup-raht.ply,the20smaria_00600_vox10.ply,TRISOUP_RAHT,4,4.625,0.9990584320377424,0.9989803247982983,0.9990832066215048,0.9324403302638722,0.5370353945923682,0.6486273268016914,0.0834689891215294,0.4642754055247216,0.4050171888908572,0.9433555054369596,0.6161822654920035,0.9074611871600794,0.0,0.0,0.0,0.0,0.1809354357849391,0.6668627234985933,0.7657174929297135,0.1809354357849391,0.6668627234985933,2.5995684338873643e-14,1.3449152089222242e-14,1.1961379608957731e-14,1.0,1.0,1.0,7.884339458634187e-17,7.58155308271118e-17,7.486242535981381e-17,1.0,1.0,1.0,1.0,1.0,1.0,1.0,0.99977031307442,2.318083736219895e-21,0.0002296738631143,0.635028064250946,0.6214525699615479,0.6592642664909363,0.6596329808235168,0.637227475643158,0.6116918325424194,0.6138914823532104,0.6070489287376404,0.6664794683456421,0.6689439415931702,0.6094183325767517,0.5905321836471558,0.9994521783392688,0.9981912108338784,0.999691637202311,0.997181111801089,0.9996972522313544,0.9997481458804224,0.0124421119689941,0.0110736489295959,0.0112668275833129,0.0107169151306152,0.0120429992675781,0.0130616426467895,0.9946131110191344,0.9932806491851808,0.9972196221351624,0.9946800470352172,0.9949882626533508,0.9954410791397096,0.9909040331840516,0.9903878569602966,0.9993568658828736,0.9991306662559508,0.990426540374756,0.9902922511100768,0.0053996234200894,0.0051780343055725,0.0030621520709246,0.003920916467905,0.0044522257521748,0.0055510317906737,0.9904607534408568,0.9900935888290404,0.9912856817245485,0.9914095997810364,0.9913105964660645,0.9899604916572572,23.21864119428277,22.92500327962253,13.045742917884512,14.7232794890845,6.0997122792056375,8.059837501456158,0.2002204954624176,0.204302579164505,0.1074775159358978,0.1154698505997657,0.1986895352602005,0.197801187634468,0.0065796631388366,0.0065918322652578,0.0042614368721842,0.005070496816188,0.0058397054672241,0.0067735379561781,0.9956371188163756,0.9950591325759888,0.9978434443473816,0.9966694712638856,0.9960879683494568,0.99660062789917,0.0542693510651588,0.0547757670283317,0.0395476929843425,0.0434216186404228,0.0523164272308349,0.0520474277436733,0.1935207694768905,0.1563637405633926,0.1097390949726104,0.1144749745726585,0.1656176298856735,0.1658597886562347,40.90717697143555,41.21136093139648,43.13413238525391,43.714202880859375,41.19718933105469,40.77009582519531,0.995999038219452,0.9959641098976136,0.999628484249115,0.9995625615119934,0.9961045384407043,0.9961191415786744,0.9743851115643756,0.9712307996610328,0.9862710128938204,0.9817973722565844,0.9759118536243476,0.9780010320783132,0.9743818044662476,0.9712260961532592,0.9983201026916504,0.997122049331665,0.9759078025817872,0.9779969453811646,0.9311271905899048,0.9288315773010254,0.9269853234291076,0.9260239005088806,0.9297930598258972,0.9334192872047424,0.783397912979126,0.7731338739395142,0.8053892254829407,0.760595440864563,0.7908622026443481,0.8044825792312622,0.9979248642921448,0.9977775812149048,0.9997714161872864,0.999730348587036,0.9978822469711304,0.9977594614028932,-0.0003100189787801,-0.0017726176884025,-0.0100539736449718,-0.0133752841502428,-0.0010719685815274,0.0010418829042464
tmc2_amphoriskos_vox10_dec_geom01_text01.ply,amphoriskos_vox10.ply,TEXT,5,2.5,0.9813367319559696,0.99366031405425,0.994989662908466,0.634218288707158,0.4887794643725424,0.429309157588939,0.944744882415987,0.887519021249004,0.79195765151344,0.6456905139835155,0.489241991626494,0.5673138468184721,0.6848884685978097,0.2588593469921085,0.2483879791188374,0.5041458744287989,0.1772634342501585,0.4030061038606854,0.765789766808503,0.338176530320319,0.4588439527135249,0.6045825227468119,0.2336097587436933,0.4220126312464248,0.7373726184305355,0.7990892098073625,0.7284254418501483,0.9995767618639164,1.001929757346523,0.9712011484918676,0.8611402248845506,0.6696981870247932,0.9853986484195209,0.9291086648542758,0.2815460614844021,0.6311880808886836,0.6097077130606793,0.4992321254332846,0.5422009542655953,0.0103322415389654,0.4274101853370666,0.4353426992893219,0.3335746526718139,0.2936380803585052,0.3867782056331634,0.3984328806400299,0.553571343421936,0.5452477931976318,0.5562828779220581,0.4666619002819061,0.5275140404701233,0.5057510137557983,0.9607940552077742,0.9616830520155067,0.968463398210016,0.911323652870118,0.9674383396639972,0.961650142837838,0.0940260887145996,0.101279079914093,0.1223953366279602,0.1439810395240783,0.099171757698059,0.0943282842636108,0.8275807499885559,0.8163747787475586,0.7789600491523743,0.5403553247451782,0.7833948135375977,0.7825319766998291,0.9355573654174804,0.9369980692863464,0.9311931729316713,0.8929029703140259,0.9298083782196044,0.9345592856407166,0.0839675664901733,0.0826486051082611,0.0920707434415817,0.126057431101799,0.0904118865728378,0.0837829634547233,0.7734137773513794,0.7758460640907288,0.7698798775672913,0.7087244391441345,0.7643266916275024,0.7746341824531555,59.820907094108335,62.93728586112832,141.97450165478944,177.54563526092102,137.93139731247882,134.00900048433232,0.3106549084186554,0.309195727109909,0.320612221956253,0.3518040776252746,0.3178688287734985,0.3115319311618805,0.0837824270129203,0.0821810513734817,0.0935658365488052,0.1316003799438476,0.0903816893696785,0.0842001587152481,0.954734206199646,0.9539947509765624,0.9421677589416504,0.8684475421905518,0.9414366483688354,0.9452481269836426,0.234171450138092,0.2278321236371994,0.2740005254745483,0.3825852274894714,0.2513296008110046,0.2367408275604248,0.8789028525352478,1.0745097398757937,1.05478835105896,1.3831801414489746,1.0265426635742188,1.0684527158737185,29.13187026977539,29.31075859069824,27.61603164672852,24.281646728515625,28.56462287902832,28.990947723388672,0.9704025983810424,0.9711622595787048,0.9678055047988892,0.9596657156944276,0.9672671556472778,0.9700788855552672,0.8815222075775617,0.8838743389575457,0.8443024269040813,0.7396194405929774,0.8634976511925468,0.8768692571800026,0.9212327003479004,0.9204220771789552,0.9038835763931274,0.8090454936027527,0.9031232595443726,0.909111738204956,0.6697326302528381,0.6646674275398254,0.544182538986206,0.5092313885688782,0.6261483430862427,0.6621678471565247,0.411060631275177,0.4165622889995575,0.4079761207103729,0.3172850310802459,0.4035821855068207,0.4205487370491028,0.985457479953766,0.9857552647590636,0.9827987551689148,0.9728264212608336,0.9843209981918336,0.9856663942337036,-0.0345927849411964,-0.0363155342638492,-0.0437704361975193,-0.0534047931432724,-0.0357161462306976,-0.0366137661039829
tmc2_amphoriskos_vox10_dec_geom02_text02.ply,amphoriskos_vox10.ply,TEXT,5,3.475,0.9851998195178256,0.9951983660843104,0.9960588229916986,0.7026969372069618,0.5395671822198329,0.4852648068903032,0.9311837039823584,0.9024456333115792,0.8382736034393188,0.7110103173630438,0.554401472185293,0.6400461782405362,0.5755215208451346,0.2312586798518676,0.2212987827914424,0.4052544311739042,0.1772634342501585,0.4030061038606854,0.687363345226299,0.3217244712798454,0.3750194752324656,0.5070937924747337,0.2282154336984797,0.3064723090358625,0.7419142029016436,0.8034921961013568,0.7621949122440603,0.9996142296611942,0.999680465678314,0.9641630064535168,0.8465176807908031,0.6757063032788055,0.9895759448559708,0.928538484714959,0.2793256091069387,0.6900436659880068,0.6707427396970433,0.5010367410527294,0.5396580995404012,0.0069321795494552,0.4610298275947571,0.4598779380321502,0.3695951402187347,0.3108917772769928,0.4220865368843078,0.4341584742069244,0.5708747506141663,0.566783607006073,0.5755916833877563,0.4852295219898224,0.5552219748497009,0.5353711247444153,0.9747951946146852,0.975639243229802,0.977093315284888,0.9317139234484244,0.9842335589111272,0.9803433722403612,0.0686924457550048,0.06706303358078,0.0999481678009033,0.1266149878501892,0.0694308280944824,0.0660550594329834,0.8935796618461609,0.8916858434677124,0.8171495199203491,0.5972598791122437,0.8550761342048645,0.871945321559906,0.9593570828437804,0.95988792181015,0.9535400867462158,0.9188069701194764,0.9553589224815368,0.9585735201835632,0.0582954473793506,0.0571861974895,0.0729522630572319,0.1081078425049781,0.0634220615029335,0.0591378360986709,0.8376615047454834,0.8416395783424377,0.8250746130943298,0.7591021656990051,0.8276095986366272,0.8397182822227478,41.97252607659039,46.53760431416247,127.52440682463198,165.9384932816507,123.16131014437867,119.03146460294928,0.2747093439102173,0.2730894684791565,0.289981871843338,0.330940842628479,0.2822931110858917,0.2779719531536102,0.0598174929618835,0.0588803738355636,0.0751929655671119,0.1159761548042297,0.0653092116117477,0.060357242822647,0.972709059715271,0.9722012877464294,0.9623366594314576,0.8949375152587891,0.9645835757255554,0.9674633741378784,0.1915043294429779,0.1852179020643234,0.2319952845573425,0.3487473428249359,0.2157218903303146,0.1967542618513107,0.751880407333374,0.8878821730613708,1.0070534944534302,1.0160677433013916,0.9020564556121826,0.7965172529220581,30.574342727661133,30.85421371459961,28.921239852905277,24.79500770568848,29.92619514465332,30.57033348083496,0.9811846613883972,0.9815236926078796,0.9779999256134032,0.9686092734336852,0.9779778718948364,0.9806441068649292,0.912453289047742,0.9139476256926546,0.8828618708062446,0.7761823987127178,0.9006721652923088,0.9095744823934953,0.9519736766815186,0.9510557651519777,0.9371914863586426,0.8501707911491394,0.9408308863639832,0.9443140029907228,0.7699971199035645,0.7819797396659851,0.5774256587028503,0.5481710433959961,0.6864016652107239,0.7735986113548279,0.4869981706142425,0.4915351867675781,0.4798692762851715,0.3750426173210144,0.4827853441238403,0.4982846677303314,0.9910570979118348,0.9913687109947203,0.9889195561408995,0.9796415567398072,0.990617573261261,0.9912915825843812,-0.0288577433675527,-0.0292066503316164,-0.034606147557497,-0.044420801103115,-0.0282285641878843,-0.0269052125513553
tmc2_amphoriskos_vox10_dec_geom03_text03.ply,amphoriskos_vox10.ply,TEXT,5,3.6,0.986445845419816,0.9963362962702396,0.9968828637969172,0.7478305289332694,0.5815518344108092,0.5300067687215972,0.9237519841185682,0.9136396345250184,0.8674093401540932,0.7526264479622277,0.5998610019291768,0.6895256858779448,0.5071084400336097,0.2143600508690989,0.2071633736242179,0.3404337031616092,0.1772634342501585,0.4030061038606854,0.648176149597164,0.3127452818586859,0.3326076921414593,0.4504545913250762,0.2267869352777148,0.2281576823920997,0.743373216996818,0.8050855709001677,0.7805663844997301,0.9999127015060812,0.9999207477098578,0.9554072880836796,0.8290653473196302,0.6776782721018445,0.9924288578918417,0.9280721054955126,0.2830257826890192,0.7378230957653541,0.7216841862657954,0.5060499732308928,0.5374043033573945,0.0043645847138092,0.4747714102268219,0.484556496143341,0.3995066583156585,0.3264916539192199,0.4498926103115082,0.4611527919769287,0.5793682932853699,0.5773911476135254,0.5843994617462158,0.4940098226070404,0.5641544461250305,0.5473676323890686,0.98234034706284,0.9839335133261868,0.9831095890894256,0.9422571392458156,0.9887934750801418,0.9886960276807816,0.0487805604934692,0.0435509085655212,0.0787896513938903,0.1179172992706298,0.0497103929519653,0.0467470288276672,0.9191504716873168,0.9174280166625975,0.8533101677894592,0.6435668468475342,0.8917498588562012,0.9073750972747804,0.9735568761825562,0.9735792279243468,0.9711510539054872,0.939053475856781,0.9711602330207824,0.9735884666442872,0.0444931201636791,0.0443410389125347,0.057032436132431,0.0958177149295806,0.0487171076238155,0.0443051047623157,0.87776780128479,0.8781654238700867,0.8783437609672546,0.8053466081619263,0.8695483803749084,0.8801469802856445,31.316256692144755,35.16033274788502,113.972705663517,152.95754771267667,110.89904515653214,105.0860913969617,0.2451159656047821,0.2443524450063705,0.2568691968917846,0.3123278021812439,0.2518937885761261,0.2465039640665054,0.0469901077449321,0.0468379892408847,0.0603637360036373,0.1053099706768989,0.051361359655857,0.0464770384132862,0.9820200800895692,0.9816279411315918,0.9749153852462769,0.9113492965698242,0.977121114730835,0.979045271873474,0.1676959693431854,0.1624446660280227,0.1940786838531494,0.3220723867416382,0.1859848201274871,0.1674810945987701,0.6125238537788391,0.7203848361968994,0.8636530637741089,0.8332700729370117,0.6859865784645081,0.6482886672019958,31.59801483154297,31.781787872314453,30.378307342529297,25.32694625854492,30.977373123168945,31.59357452392578,0.9865735769271852,0.9872342348098756,0.986493706703186,0.9795682430267334,0.9849475622177124,0.9868643879890442,0.9328697386110878,0.9336705869311012,0.9108001025022504,0.8048451700017905,0.9249906895415346,0.9311549894642565,0.9687578082084656,0.9679498672485352,0.9585392475128174,0.8772046566009521,0.9621093273162842,0.9643248319625854,0.8203210234642029,0.8301761746406555,0.6042812466621399,0.5833311080932617,0.735219419002533,0.8410113453865051,0.5482624769210815,0.5517352223396301,0.5461574792861938,0.4342057406902313,0.545501172542572,0.5602535605430603,0.9944612383842468,0.994590938091278,0.9929186701774596,0.9847866296768188,0.9941708445549012,0.9946322441101074,-0.0218606535345315,-0.0220899451524019,-0.0249496474862098,-0.0392099246382713,-0.0209134835749864,-0.0197858586907386
tmc2_amphoriskos_vox10_dec_geom04_text04.ply,amphoriskos_vox10.ply,TEXT,5,4.5,0.9860315421022576,0.9972560907075227,0.997640565974386,0.745181864958887,0.6093675761523265,0.5710328272110559,0.9211819396144754,0.9210565923565748,0.8898023044674335,0.7484438649623513,0.6231151392240272,0.6835220302481471,0.4121114992604321,0.1816328938879605,0.177201878451882,0.2643935739163212,0.1772634342501585,0.4030061038606854,0.6095850098574729,0.2938234288332086,0.3119745420366311,0.4237985341911174,0.2288665604167484,0.1837250742238315,0.7166139980449302,0.778639496176239,0.7936034753849168,1.000833609341907,0.998851433600059,0.9441418910506124,0.7971833768488193,0.6399261627704469,0.9935009248002956,0.92671964145267,0.288983371457722,0.7623122474785622,0.7459794803113539,0.506740422637611,0.5371520728445411,0.0028264703094354,0.4674322307109833,0.472721666097641,0.4029959142208099,0.3105733394622803,0.4457339942455292,0.4621951282024383,0.5861782431602478,0.5832692980766296,0.5860738158226013,0.502679169178009,0.5687788128852844,0.5517085194587708,0.9894178498343124,0.9902434596617442,0.9856840351747624,0.9451342325622208,0.993041085486096,0.9939041557445772,0.0312098264694213,0.0267985463142395,0.0659472346305847,0.1069405078887939,0.0333139896392822,0.0293920040130615,0.9401646852493286,0.9409054517745972,0.8640466332435608,0.656341016292572,0.9149699211120604,0.934412956237793,0.9831717014312744,0.9833062291145324,0.9797030091285706,0.9488127827644348,0.9817748069763184,0.9833811521530152,0.033227402716875,0.0332062244415283,0.0515505261719226,0.091649942100048,0.0376429855823516,0.032718539237976,0.9138584733009338,0.9151902198791504,0.9051815271377563,0.8333253860473633,0.9078163504600524,0.9157162308692932,22.26630454737314,22.184399226572893,106.6557759806927,146.64803810629135,98.52286381417191,94.23499386329706,0.2198186367750167,0.2188048064708709,0.2376383990049362,0.3046656548976898,0.2263754308223724,0.2202344089746475,0.0365388877689838,0.0362855158746242,0.0546422973275184,0.1017491742968559,0.0409255698323249,0.0358189791440963,0.9876660108566284,0.9875704646110536,0.9814735651016236,0.9193903207778932,0.9839023351669312,0.9858068823814392,0.1483388543128967,0.1402125358581543,0.1767172515392303,0.3073738515377044,0.1590977609157562,0.1455359309911728,0.4792985618114471,0.5044010281562805,0.7640606164932251,0.6511167883872986,0.5415458083152771,0.537861168384552,32.70149612426758,33.09037780761719,31.20333480834961,25.64531707763672,32.18155288696289,32.82441711425781,0.991142511367798,0.9917603731155396,0.9908050298690796,0.9838519096374512,0.9898407459259032,0.9918100833892822,0.9456053144201796,0.9463299927074004,0.9272929506585188,0.8211994900832469,0.9396422523761326,0.9453450020025456,0.978748083114624,0.9783172011375428,0.969569444656372,0.8910538554191589,0.974022388458252,0.9760043621063232,0.8589826226234436,0.8762761950492859,0.6280514597892761,0.6119470000267029,0.7862218022346497,0.8800498247146606,0.5923282504081726,0.59711754322052,0.5916151404380798,0.4741524457931518,0.5916013121604919,0.6102869510650635,0.9965267777442932,0.996666431427002,0.995046854019165,0.9871561527252196,0.9964138865470886,0.9967042207717896,-0.0197355933487415,-0.018319021910429,-0.0191177148371934,-0.0356413833796978,-0.0165513847023248,-0.0154102509841322
tmc2_amphoriskos_vox10_dec_geom05_text05.ply,amphoriskos_vox10.ply,TEXT,5,4.475,0.986384244069458,0.998170331928323,0.998428926841634,0.7748637583174981,0.6369510675426611,0.616383886703917,0.9235822285255952,0.9328276122855854,0.9069124325537874,0.7751331941557902,0.6529002012929054,0.7167350887842862,0.3507861539071315,0.1595777698348266,0.1566514059120276,0.2164017356057541,0.1772634342501585,0.4030061038606854,0.5928033151508175,0.282412323465516,0.3123085900459774,0.3876407275811304,0.2197282750326977,0.1425298912854151,0.7237782280670153,0.7835085562360162,0.8059038745339271,1.000726192782017,1.0004205797579633,0.9277778416946222,0.7839656905413914,0.6482478512356403,0.9962559471760194,0.9281806097011208,0.3123955982880309,0.8123292341500566,0.7979690056999003,0.5237703036638943,0.5165807664114069,0.0014068734770326,0.4648007452487945,0.4742953479290008,0.411626249551773,0.3011990189552307,0.4513138830661773,0.4590817987918854,0.5883853435516357,0.5871067047119141,0.5887601971626282,0.5113064646720886,0.5697301626205444,0.5561650395393372,0.9929986245878816,0.9938027087714292,0.9867406645954756,0.949614994209129,0.995270991070606,0.99631810523619,0.0218494534492492,0.0195782780647277,0.046689748764038,0.0999332666397094,0.0239527225494384,0.0198520421981811,0.9493290781974792,0.9541347026824952,0.8829185366630554,0.6824414730072021,0.927072286605835,0.9431798458099364,0.988017201423645,0.98847633600235,0.9858629703521729,0.9578025937080384,0.9862623810768129,0.9883286356925964,0.0278102252632379,0.0264707803726196,0.0457024611532688,0.0870445594191551,0.0336605086922645,0.0274708662182092,0.9338613748550416,0.9376704096794128,0.9299017190933228,0.8604902625083923,0.9236226677894592,0.933986246585846,17.978747319643404,19.68703372215857,92.66700875922322,155.6384535941308,88.94674651097796,83.7292890098658,0.2023561298847198,0.1976916790008545,0.2200567424297332,0.2958113849163055,0.2102992087602615,0.2004840821027755,0.0309949945658445,0.0292944740504026,0.0487325191497802,0.0969599932432174,0.0368818119168281,0.0301897414028644,0.990876078605652,0.9910427331924438,0.98584645986557,0.9272879362106324,0.9882811903953552,0.9900020360946656,0.1323467195034027,0.1241079196333885,0.1561484932899475,0.2924462258815765,0.1512887775897979,0.1309833228588104,0.4045938849449157,0.4577351808547973,0.6314460635185242,0.636913537979126,0.4669514298439026,0.4132201969623565,33.58260726928711,34.0466423034668,32.31183624267578,26.05753326416016,32.70384216308594,33.57571792602539,0.9938770532608032,0.9944944381713868,0.993937373161316,0.9875391721725464,0.9929339289665222,0.994228720664978,0.9516455055657032,0.953519228809799,0.937914524393818,0.8363572522131089,0.9471578576381466,0.9526052912543018,0.984552562236786,0.984698474407196,0.977009654045105,0.9028910994529724,0.9809751510620116,0.9832056760787964,0.8785065412521362,0.8952190279960632,0.6527436375617981,0.6423454880714417,0.8079344630241394,0.896669864654541,0.6099656820297241,0.6208139657974243,0.621828556060791,0.5068724155426025,0.6131479740142822,0.6338953375816345,0.997596263885498,0.9977458119392396,0.996406316757202,0.9892104268074036,0.9974350333213806,0.9977980256080629,-0.0172942094504833,-0.0158018711954355,-0.01475340873003,-0.0297093894332647,-0.0130531843751668,-0.0130124008283019
tmc2_biplane_vox10_dec_geom01_text01.ply,biplane_vox10.ply,TEXT,5,2.0,0.9638516926713478,0.9868311518506552,0.9940628153283982,0.5255326164969876,0.3288361031121063,0.2311788485377538,0.9654828043131356,0.920288749967678,0.7274719195095593,0.5235876478539558,0.2798191915416853,0.4774477445219511,0.8446076036944717,0.2941473930677461,0.3057665350158436,0.6047360298308877,0.2281162754816551,0.7209950352688316,0.9965245647989648,0.3967077139711298,0.6663682724441177,0.8070131032506002,0.3111422322977435,0.5642851998229101,0.8613286398320182,0.8307184540588652,0.7022552024980087,0.9974234270783572,0.9931177222934784,0.9517920230218796,0.8419227153806177,0.7293901568530393,0.8354448494376389,0.7555491961595099,0.3525042087111714,0.7358070227664743,0.6996087754636889,0.4924045785447819,0.5163226378477498,0.1385834893439244,0.2514159977436065,0.2656601369380951,0.3351808190345764,0.3451972007751465,0.450554758310318,0.4828742146492004,0.4011184573173523,0.3645544946193695,0.4313969314098358,0.4728116989135742,0.556703507900238,0.5136902332305908,0.8283304987128104,0.8351270230374213,0.91853578740787,0.9265455677210253,0.9083382006214892,0.8778145224460924,0.1819381713867187,0.1882878541946411,0.192305326461792,0.1894368529319763,0.1625068187713623,0.185292363166809,0.4692201614379883,0.4851869344711303,0.5693150758743286,0.5666777491569519,0.591239333152771,0.5655438899993896,0.7542456388473511,0.7521834373474121,0.7587870359420776,0.7661016583442688,0.9434407353401184,0.9394355416297911,0.1741508543491363,0.1781779676675796,0.1812430471181869,0.1794902384281158,0.1425010859966278,0.1460665464401245,0.5770647525787354,0.5525334477424622,0.5333139300346375,0.5381059646606445,0.5300546288490295,0.5344304442405701,0.0,0.0,0.0,0.0,157.13608248529044,171.78262626937948,0.4276764094829559,0.4259263873100281,0.4353919923305511,0.4341326355934143,0.3481552004814148,0.3482373058795929,0.1820809692144394,0.1877662986516952,0.1854929327964782,0.1834887564182281,0.1499204635620117,0.1509266346693039,0.8466787338256836,0.8196360468864441,0.8705662488937378,0.8780190944671631,0.9170726537704468,0.913826584815979,0.5526576042175293,0.6519791483879089,0.5993584394454956,0.5667616128921509,0.4250828623771667,0.401296317577362,1.1345062255859375,0.801588773727417,1.4605841636657717,0.9999143481254578,1.064396619796753,2.0772597789764404,20.05324363708496,18.792726516723636,18.55279541015625,19.083585739135746,21.66376304626465,21.63079261779785,0.8617914319038391,0.8554601669311523,0.8576697111129761,0.8530034422874451,0.9403315782546996,0.9370518922805786,0.6525490526263327,0.6459091149628381,0.6631094765033256,0.6668897260216281,0.7900606693958263,0.787468190090961,0.649407684803009,0.6411566138267517,0.6608487367630005,0.6648130416870117,0.8998009562492371,0.8950575590133667,0.4097448587417602,0.4251339137554168,0.43678680062294,0.4698902368545532,0.4294496476650238,0.4187856912612915,0.1592466980218887,0.1472318321466446,0.1666963547468185,0.1727332174777984,0.1553306430578231,0.135867491364479,0.929094672203064,0.9276398420333862,0.9262688755989076,0.9300259947776794,0.9710140824317932,0.96826171875,-0.0663153082132339,-0.0663125216960907,-0.0736036151647567,-0.0780722796916961,-0.0542927086353302,-0.0536375604569911
tmc2_biplane_vox10_dec_geom02_text02.ply,biplane_vox10.ply,TEXT,5,3.5,0.9690654349311196,0.9889455594273532,0.9945947331571852,0.6888228173969401,0.3671363344481144,0.2545494235200933,0.9594632570794868,0.9410698535122328,0.7705475280421926,0.685061780398817,0.3347682475569491,0.6504060930041895,0.7241275452289512,0.2659281875458956,0.2741129894891047,0.4980683667964157,0.2281162754816551,0.7209950352688316,0.9175116366394264,0.3709304104374164,0.6057712282412854,0.6779852404301061,0.2796022358944162,0.4499179645996918,0.8719360292504837,0.8399469062994317,0.7160589476133482,0.9981128310347244,0.9925636459315303,0.9473852752511556,0.845318684049328,0.7455492589720233,0.8458327753359994,0.7674655467060855,0.3652182719228539,0.7531034440235495,0.7203765921427835,0.5029627561952849,0.5013649719720552,0.124074891542158,0.3286890089511871,0.3709897994995117,0.4049295485019684,0.4015059471130371,0.5344404578208923,0.4965836107730865,0.4112746715545654,0.3881801962852478,0.4397262334823608,0.4769059717655182,0.5663923025131226,0.5260010957717896,0.8661701421131383,0.8889233779865622,0.930684049237774,0.9324170043794768,0.9186426841846717,0.8980363517758659,0.1447014808654785,0.1174048781394958,0.1297000646591186,0.1449639797210693,0.0911004543304443,0.1379076242446899,0.5519574284553528,0.5696481466293335,0.6387117505073547,0.6466783285140991,0.6421982049942017,0.6280637383460999,0.7876222133636475,0.7957242727279663,0.7906123995780945,0.7987719178199768,0.9528761506080629,0.9478491544723512,0.1516273915767669,0.1542450487613678,0.1597814410924911,0.158873051404953,0.1264229267835617,0.1337735056877136,0.6314744353294373,0.6110324263572693,0.5861926078796387,0.5953085422515869,0.5740006566047668,0.5659622550010681,0.0,0.0,0.0,0.0,130.16679957310842,159.28061508092335,0.414008229970932,0.4116620123386383,0.4235362708568573,0.4227828979492187,0.3370278477668762,0.3386404514312744,0.1577818989753723,0.1626992225646972,0.1644269973039627,0.1630789786577224,0.133397489786148,0.1380594968795776,0.8759986162185669,0.860527515411377,0.8928202390670776,0.9019495844841005,0.93125581741333,0.9255211353302002,0.5033555626869202,0.5753213167190552,0.5570327639579773,0.5171911120414734,0.4021818339824676,0.3801248669624328,0.923228085041046,0.6210280656814575,1.0155646800994873,0.9977144598960876,0.7819579243659973,1.6185513734817505,20.720272064208984,19.544248580932617,19.03072166442871,19.746442794799805,22.094337463378903,21.965187072753903,0.8841479420661926,0.8900545239448547,0.8780931830406189,0.8809144496917725,0.9485718607902528,0.9451722502708436,0.6821317932822395,0.6903449395102672,0.7059769308825088,0.7066142948515501,0.8309119312907308,0.8127371309185318,0.6797685623168945,0.6874047517776489,0.7041205763816833,0.7051581144332886,0.9159204363822936,0.909829318523407,0.4599090814590454,0.5171352028846741,0.5058987736701965,0.5267141461372375,0.4846729338169098,0.455877810716629,0.1802766323089599,0.1716286092996597,0.183525413274765,0.1970370560884475,0.1816516071557998,0.1518372595310211,0.9417185187339784,0.9425020813941956,0.9420612454414368,0.9432308673858644,0.9760669469833374,0.973329484462738,-0.058254562318325,-0.0518700443208217,-0.0621836446225643,-0.0606865435838699,-0.0448298566043376,-0.0481970533728599
tmc2_biplane_vox10_dec_geom03_text03.ply,biplane_vox10.ply,TEXT,5,3.0,0.9735241905789423,0.9907035741885842,0.9958459619520568,0.7938069508877775,0.4016210821517394,0.2939218907250497,0.954731422574514,0.9477732333368304,0.819393997784124,0.7879475192188458,0.4042732421541977,0.7618529040693985,0.6188624763337031,0.2355390561962587,0.2389213146957457,0.4137709258386954,0.2281162754816551,0.7209950352688316,0.8915983910883386,0.3575354367558108,0.5945250821515965,0.5704401678774768,0.2615526427803822,0.3447836960873181,0.8795726765435821,0.8487207432052412,0.7247788643134915,0.9978417123158214,0.9911132574819442,0.9396331119267104,0.8477716753076607,0.7581988800373239,0.8667892528042614,0.7919186661573298,0.3779738780658948,0.7745264948335825,0.7418749862173487,0.5164679165665239,0.4823848885521787,0.103086146099478,0.3749741017818451,0.4031932353973388,0.4553237557411194,0.4474611282348633,0.5721852779388428,0.5589825510978699,0.4409699141979217,0.3911965787410736,0.4493696391582489,0.4974101185798645,0.5716578364372253,0.5386162996292114,0.8845983761286147,0.9017719812631888,0.9401043525754292,0.9505868834289894,0.9291258023032438,0.890104371845523,0.0975980162620544,0.0821353793144226,0.1000013947486877,0.1005667448043823,0.0733190774917602,0.1005363464355468,0.5899717807769775,0.6053236722946167,0.6826380491256714,0.6798775792121887,0.6601440906524658,0.6696559190750122,0.8238644599914551,0.8186501264572144,0.8128684759140015,0.8233570456504822,0.957500457763672,0.9573889374732972,0.138103187084198,0.1435000300407409,0.1491001546382904,0.145133301615715,0.1182722002267837,0.1164133548736572,0.6707932353019714,0.644938588142395,0.6189363598823547,0.6359919905662537,0.602246880531311,0.6012135148048401,150.57596053769078,144.88561163810445,143.6758693605711,147.90695800405774,122.72544716026798,140.9263951293248,0.4009508192539215,0.4045677185058594,0.4159402251243591,0.414385974407196,0.3296807408332824,0.324901670217514,0.1416224092245102,0.1496290564537048,0.152255579829216,0.1489656269550323,0.1245531141757965,0.1208861097693443,0.8936632871627808,0.8774802684783936,0.9081804752349854,0.9165822863578796,0.940467357635498,0.9404478073120116,0.4706566929817199,0.5398694276809692,0.5261136293411255,0.48787522315979,0.3797852396965027,0.3504707217216491,0.7742320895195007,0.5910049080848694,0.8393120765686035,0.897409200668335,0.709031879901886,0.9899624586105348,21.240482330322266,19.91965103149414,19.46833229064941,20.200572967529297,22.496213912963867,22.73503875732422,0.9069642424583436,0.9048466086387634,0.8992323279380798,0.900909960269928,0.9551320672035216,0.9555079340934752,0.7198395927090459,0.718859594820981,0.7374896301452786,0.742517663145885,0.8579733422173471,0.8556331963912372,0.7183374166488647,0.716823935508728,0.7362350225448608,0.7413472533226013,0.9265567064285278,0.9278389811515808,0.5137380957603455,0.5860814452171326,0.5328548550605774,0.5863072276115417,0.5113648772239685,0.518221378326416,0.2019509524106979,0.1886611133813858,0.2058865576982498,0.2219680249691009,0.2100698500871658,0.1852450221776962,0.9528666734695436,0.9505555033683776,0.9507309198379515,0.9537044167518616,0.9789701700210572,0.9792472124099731,-0.0535545535385608,-0.0468795448541641,-0.0517527908086776,-0.0612154975533485,-0.0422911569476127,-0.0424296371638774
tmc2_biplane_vox10_dec_geom04_text04.ply,biplane_vox10.ply,TEXT,5,3.5,0.976490798051761,0.9924671261932748,0.9968135969688248,0.8487322102149885,0.4363302814727881,0.3152698773433397,0.9499600923074338,0.949260420382203,0.8548846895155312,0.8406868439631158,0.4509418558081429,0.8200256001932124,0.5475815479902283,0.2121702122068935,0.2108467775319023,0.3627330780053169,0.2281162754816551,0.7209950352688316,0.8725358453168569,0.343999548270878,0.5951549930974416,0.5046139168140565,0.2473401413764566,0.2799675615031568,0.8835001779461693,0.8533770340568133,0.7458271228048935,0.99686004156949,0.9903465306121356,0.9342193279614126,0.8545515043367748,0.7637368734702819,0.8845196685619621,0.8070067638097571,0.3950234069655493,0.8020553097404827,0.7721575958021218,0.5313890875060304,0.4612590571291116,0.087497681301074,0.4228453636169433,0.4359499514102936,0.4758559167385101,0.4779648780822754,0.5898346900939941,0.6011657118797302,0.4649462103843689,0.4125938415527344,0.4599561095237732,0.5009443163871765,0.5760006308555603,0.545039713382721,0.8966390152325953,0.912098237562567,0.9456416785607058,0.95969054266945,0.9355176128415026,0.9018580035276512,0.0901515483856201,0.0721831321716308,0.0951844453811645,0.0822831392288208,0.0751786231994628,0.0797272324562072,0.6164195537567139,0.6303321123123169,0.692001461982727,0.7101243734359741,0.6668532490730286,0.6844625473022461,0.8441275358200073,0.8352881669998169,0.8298816680908203,0.8433479070663452,0.9594484567642212,0.962234377861023,0.1290354132652282,0.1350051909685135,0.1425025314092636,0.134910449385643,0.1151884645223617,0.106818675994873,0.6904990673065186,0.6619172096252441,0.6406552791595459,0.6645681262016296,0.6164114475250244,0.6253926753997803,0.0,0.0,0.0,0.0,119.35066184329207,127.47456277182678,0.3905412256717682,0.398089200258255,0.4075749814510345,0.4031543731689453,0.3272181451320648,0.3159075379371643,0.1334062814712524,0.1418972164392471,0.1461653262376785,0.1388665437698364,0.1211287006735801,0.1108613833785057,0.9077293872833252,0.8901500701904297,0.9168425798416138,0.9276773929595948,0.9451093077659608,0.9523317217826844,0.4417358040809631,0.5088640451431274,0.5038119554519653,0.4544397592544555,0.366436243057251,0.3234462440013885,0.7148100137710571,0.7511774301528931,0.8340412974357605,0.8166212439537048,0.7543944716453552,0.797575056552887,21.68599319458008,20.28467559814453,19.75986671447754,20.61124992370605,22.74100112915039,23.450836181640625,0.919328510761261,0.9118767380714417,0.9099061489105223,0.913549780845642,0.9567676186561584,0.9609802961349488,0.7522255422271517,0.7415347275034414,0.7597930269474367,0.7728298934463937,0.871183902817528,0.8890133607441933,0.7511157989501953,0.7401211261749268,0.758854866027832,0.7718468904495239,0.9314395785331726,0.9416956901550292,0.5465821027755737,0.6056734919548035,0.5466613173484802,0.6014792323112488,0.534838855266571,0.5686166882514954,0.2183275073766708,0.2041465491056442,0.221878707408905,0.2433818578720092,0.2261865884065628,0.2271317690610885,0.9590551257133484,0.9551216959953308,0.9567641615867616,0.9609885215759276,0.9804225564002992,0.9830744862556458,-0.0484791360795497,-0.0445427857339382,-0.047773502767086,-0.0505665801465511,-0.0402459800243377,-0.0372133702039718
tmc2_biplane_vox10_dec_geom05_text05.ply,biplane_vox10.ply,TEXT,5,4.725,0.9778612257334234,0.9933138786296856,0.99774284196204,0.8717503259248937,0.4778990985486556,0.3324834321306129,0.9482576019591898,0.9521293131943446,0.8788592839328973,0.8632413963686209,0.4896605672539176,0.8461429504447154,0.5365641469700639,0.2091375834487243,0.210379379322266,0.3492192435971569,0.2281162754816551,0.7209950352688316,0.865543209233521,0.3434812490643709,0.5863915076116069,0.4501283029579443,0.2138252711278513,0.2471698116912183,0.8755304289137182,0.8486379982319916,0.7612086760993204,0.9964773556421186,0.9864461171446076,0.925234214750004,0.8485243811894474,0.7486140957999179,0.9094717441035453,0.8320901887536976,0.4236271484658069,0.831710262242685,0.8062458293436362,0.5584340716704268,0.424888876948919,0.0661641929225865,0.4491668343544006,0.4397232234477997,0.4969377219676971,0.4861775040626526,0.6102887392044067,0.6297553181648254,0.4925630092620849,0.4409166574478149,0.4875362813472748,0.5260499119758606,0.5850023031234741,0.5620855093002319,0.910109860723364,0.9338287646218544,0.9705125053055308,0.9780909698197268,0.9634531291384916,0.9483490659894735,0.0727272033691406,0.0638298988342285,0.0755993127822876,0.0628587007522583,0.0599393248558044,0.0571876764297485,0.6763436198234558,0.6893554329872131,0.7788627743721008,0.7919848561286926,0.754352867603302,0.7996923327445984,0.8624019026756287,0.8490808010101318,0.8624499440193176,0.8736041784286499,0.973090410232544,0.9740106463432312,0.1170853450894355,0.1234140545129776,0.1161515265703201,0.1073117405176162,0.0928991809487342,0.083724245429039,0.7285338044166565,0.692762017250061,0.7113320231437683,0.7338048815727234,0.7093565464019775,0.7195665240287781,0.0,0.0,0.0,0.0,104.7635558217644,109.86934712011478,0.3774216473102569,0.3886097073554992,0.376077800989151,0.3718714416027069,0.2881242036819458,0.2707572281360626,0.1211843490600586,0.1302599161863327,0.1204302087426185,0.112566277384758,0.0986829921603202,0.0875129178166389,0.922658145427704,0.9102994799613952,0.9407837390899658,0.9479846954345704,0.9575315713882446,0.968648076057434,0.4053484201431274,0.4775673747062683,0.431735098361969,0.3873353004455566,0.3208596706390381,0.2678986191749573,0.5925559997558594,0.6872415542602539,0.6212788224220276,0.7179461717605591,0.6217632293701172,0.6317870020866394,22.3261833190918,20.754802703857425,20.647676467895508,21.54449844360352,23.60791778564453,24.65299415588379,0.9284526705741882,0.9203972816467284,0.9253677725791932,0.9261798858642578,0.9690229296684264,0.9719953536987304,0.7803722037100687,0.756301582137299,0.7946956852130743,0.8073913780194094,0.884422261185887,0.9106013872042216,0.7797694206237793,0.7553657293319702,0.794009804725647,0.8070464134216309,0.9505037665367126,0.9629756808280944,0.5968064665794373,0.6340040564537048,0.6197586059570312,0.6999557614326477,0.5740827918052673,0.7040247917175293,0.2439685314893722,0.223459243774414,0.2598054111003876,0.2792813181877136,0.2585889399051666,0.2787043154239654,0.96371728181839,0.9593074917793274,0.9651527404785156,0.9679818749427797,0.9851774573326112,0.9874263405799866,-0.0456854030489921,-0.0426696389913558,-0.0426470600068569,-0.0389525815844535,-0.0360230952501297,-0.0327517017722129
tmc2_head_00039_vox9_dec_geom01_text01.ply,head_00039_vox9.ply,TEXT,5,1.2,0.9808493822439188,0.9926928665074408,0.9947370408657724,0.4186464069121353,0.1067242723330729,0.110279099799139,0.9704089679467092,0.5034591943639033,0.3756224342621158,0.4132308963214469,0.08709885096898,0.354159515290865,0.7651300969850853,0.2682767651388835,0.2879793495500871,0.5638526655697507,0.2709922405884443,0.6348433885371089,0.8943397196766839,0.42719834765171,0.518376270245924,0.807515840096033,0.3322076230403778,0.5552980509052305,0.8943968112562275,0.8675504967712293,0.7053846882307658,0.9989352488869476,0.9932073221259574,0.9557786743713124,0.8676566440733203,0.8254655527924845,0.9401466341614038,0.8728389181940039,0.356422399862643,0.7153708267829257,0.685992704310969,0.5241001730841365,0.4865674209971116,0.0482841944149457,0.1236300468444824,0.1394336968660354,0.1743320524692535,0.1706046015024185,0.2583764195442199,0.1463283896446228,0.4733204841613769,0.4430020451545715,0.441892921924591,0.4207661151885986,0.4354252219200134,0.4874462187290191,0.9483405070982116,0.956782021653408,0.8648122111161605,0.8527761689777155,0.9054238884273976,0.9273407642018648,0.2282774448394775,0.2326633334159851,0.2115601301193237,0.2217481136322021,0.2042516469955444,0.2088959217071533,0.6065536737442017,0.6142052412033081,0.5618942975997925,0.5288782715797424,0.4757524728775024,0.5612645745277405,0.8699011206626892,0.8661484122276306,0.8500240445137024,0.8450447916984558,0.8397247195243835,0.8481146693229675,0.1518955528736114,0.1518160551786422,0.1584224253892898,0.1628915667533874,0.1690426915884018,0.158967450261116,0.6095109581947327,0.603199303150177,0.5988205075263977,0.5937618613243103,0.5659146904945374,0.5819995999336243,189.1737587361937,186.74625521896465,0.0,0.0,197.18664494139617,200.4087522304256,0.3735089898109436,0.3752144277095794,0.3817914724349975,0.3853837549686432,0.384485125541687,0.3850516080856323,0.1569183319807052,0.1566290706396103,0.1628779768943786,0.1672160774469375,0.1717940121889114,0.1635647118091583,0.840560793876648,0.841679573059082,0.8200570940971375,0.7995150089263916,0.816097617149353,0.8214831352233887,0.4917425811290741,0.4943220615386963,0.5108846426010132,0.5353596210479736,0.5236215591430664,0.5407875776290894,1.3499447107315063,1.3877900838851929,1.6019198894500732,1.5996527671813965,1.8179606199264529,1.72973895072937,21.715734481811523,21.625959396362305,22.1121768951416,22.06308364868164,22.210119247436523,21.503353118896484,0.9323810935020448,0.9309868216514589,0.9278916716575624,0.9277207851409912,0.9158817529678344,0.9122613668441772,0.5213944275600957,0.5260138804922065,0.5820954958569489,0.5884742656184231,0.5656558954061777,0.5432729867978762,0.7248061895370483,0.7249712944030762,0.7240301966667175,0.7113873362541199,0.7115492820739746,0.7083544731140137,0.4879705905914306,0.479349285364151,0.5027092695236206,0.5214420557022095,0.4685556590557098,0.45372074842453,0.1868298649787902,0.1843496561050415,0.1761781573295593,0.1775875985622406,0.1709558665752411,0.1606126278638839,0.9595206379890442,0.9583393335342408,0.9548481106758118,0.9528558254241944,0.9543614983558656,0.9548593163490297,-0.0722173452377319,-0.0740040317177772,-0.0772034898400306,-0.0748722851276397,-0.0666569620370864,-0.0728021040558815
tmc2_head_00039_vox9_dec_geom02_text02.ply,head_00039_vox9.ply,TEXT,5,1.875,0.9862666936646106,0.9934480563202104,0.9954245822554804,0.5798240455053826,0.1557074266587575,0.1234129055147648,0.9557907781665186,0.6287167567153165,0.4272700348509184,0.5726948628431557,0.1240934928338767,0.5186266716477305,0.6093602326326985,0.2270408574031016,0.2400003827011183,0.4318081208836603,0.2709922405884443,0.6348433885371089,0.8151578762252701,0.3968125484286175,0.4557065228166297,0.6479621725250051,0.2951587803701639,0.4063747838038558,0.9036164432804104,0.8847821131594424,0.7574835596603356,0.9984332344776196,0.9917344012215128,0.9463893335469332,0.8981475004448639,0.8432474640185602,0.9570569750948812,0.8854040124364804,0.3615566700179455,0.7524206697102208,0.7272021617347246,0.5365099603789878,0.4720826967184825,0.0322991065974555,0.3145969212055206,0.3069941103458404,0.2469461262226104,0.2411965429782867,0.3067524433135986,0.2984891831874847,0.501159131526947,0.4803443551063537,0.4558981359004974,0.4376248717308044,0.4431205093860626,0.5121610760688782,0.9685045985975546,0.9719379550869588,0.9002081302498964,0.8904784277155351,0.931511966906326,0.9584579696211069,0.1844650506973266,0.1795553565025329,0.1727646589279174,0.1852886080741882,0.1764428615570068,0.172081708908081,0.7205495834350586,0.7272015810012817,0.6553374528884888,0.6158629655838013,0.5975415706634521,0.6955803632736206,0.9059112071990968,0.8985604047775269,0.880260169506073,0.8800866007804871,0.8704619407653809,0.885664701461792,0.1208502873778343,0.1239458173513412,0.1357383728027343,0.1374244391918182,0.1458420604467392,0.1297153830528259,0.6742932200431824,0.6615009307861328,0.6568005084991455,0.6514506340026855,0.6137428283691406,0.6424404978752136,156.24670279312775,154.30910877859915,0.0,0.0,175.17065389046434,172.85116230222405,0.3483856320381164,0.3520857989788055,0.3602533042430877,0.3641261756420135,0.3639982044696808,0.3593882024288177,0.1272127628326416,0.1291821002960205,0.1408843249082565,0.14312344789505,0.1497772485017776,0.1341515779495239,0.8959638476371765,0.8940492868423462,0.8592758178710938,0.8450614809989929,0.8642768859863281,0.8786681890487671,0.4406227767467499,0.4477495551109314,0.4612356126308441,0.4796826243400574,0.4875608384609222,0.4884514510631561,1.0703349113464355,0.964651107788086,1.156223177909851,1.2419096231460571,1.1250717639923096,1.3227099180221558,22.48862838745117,22.284887313842773,22.71011734008789,22.78689384460449,22.74132537841797,22.06804656982422,0.9518467783927916,0.9500212073326112,0.945279598236084,0.9480957388877868,0.9347468614578248,0.9358794689178468,0.6342813652929082,0.6358901430638704,0.6358115366379817,0.6476588005738091,0.6206322089116395,0.6315110058472232,0.8201462626457214,0.8180197477340698,0.7832913398742676,0.7774114012718201,0.783847987651825,0.7995811700820923,0.6086646914482117,0.5994101762771606,0.6253842711448669,0.6301484704017639,0.5589879155158997,0.5750346779823303,0.2282942980527877,0.2232697010040283,0.2035804986953735,0.2080128043889999,0.2086939662694931,0.1983105689287185,0.9717958569526672,0.9700186848640442,0.9652740359306335,0.964560091495514,0.9663724303245544,0.967902421951294,-0.0527920648455619,-0.0555932372808456,-0.0542012266814708,-0.0631509199738502,-0.0539017505943775,-0.0585312135517597
tmc2_head_00039_vox9_dec_geom03_text03.ply,head_00039_vox9.ply,TEXT,5,2.9,0.9893088358917316,0.9944878094317462,0.995901397999941,0.754451498843184,0.2412176881464969,0.1974354579091951,0.9429496050819708,0.7935602212718363,0.603814017091027,0.7469437690230678,0.2230169228914558,0.7090521236671834,0.520503133935602,0.2063672409956614,0.2151648494660123,0.3509453018911974,0.2709922405884443,0.6348433885371089,0.7826444874041427,0.3813231532870206,0.4365395249813595,0.5372825880819848,0.2719284565845123,0.2962862990907314,0.9128275217746228,0.8938609317399375,0.7997553851129382,0.996674187129256,0.990610715785036,0.9387851992800624,0.9122900508332622,0.8576196782748984,0.9694113333955138,0.8947188082736394,0.3819719053650912,0.7944822636041416,0.772816187729013,0.5580692870002107,0.4450799245269644,0.0215214697467411,0.4395383298397064,0.4423493444919586,0.3482125401496887,0.3253794908523559,0.3484816253185272,0.4227299392223358,0.5229694843292236,0.5055434703826904,0.4771130979061126,0.458943098783493,0.4663859605789184,0.5298406481742859,0.980088552848096,0.97933676346557,0.9205590100134606,0.9033291131872924,0.938599126803224,0.9707697801184566,0.1158879995346069,0.1318545341491699,0.1333363056182861,0.1314658522605896,0.151819109916687,0.1328115463256836,0.7773438692092896,0.7843025922775269,0.7238503694534302,0.6880485415458679,0.6491184234619141,0.7604522705078125,0.9286483526229858,0.9211660027503968,0.9070130586624146,0.9054794311523438,0.8950871229171753,0.910329282283783,0.104164034128189,0.1068365648388862,0.1151482239365577,0.118361048400402,0.1308691650629043,0.110103003680706,0.7224954962730408,0.7081725001335144,0.709277331829071,0.7019258737564087,0.6530302166938782,0.6886867880821228,125.02800744768444,124.29402012231692,0.0,0.0,152.38066711475932,143.9130416572624,0.3292261064052582,0.3332839608192444,0.3404431343078613,0.34566530585289,0.3473469018936157,0.3403803408145904,0.1086025089025497,0.1117256358265876,0.120351105928421,0.1250809878110885,0.1350889354944229,0.1145061925053596,0.9258744716644288,0.9236194491386414,0.8911596536636353,0.8783524036407471,0.8935016393661499,0.9120219945907592,0.3907082676887512,0.4006801843643188,0.4200114905834198,0.4371742606163025,0.4544516205787658,0.4469686448574066,0.6240423917770386,0.6806438565254211,0.8182697892189026,0.9112423062324524,0.7613409757614136,0.7252904772758484,23.329456329345703,23.1213493347168,23.384418487548828,23.49581527709961,23.315370559692383,22.783098220825195,0.964414119720459,0.963164210319519,0.9589473605155944,0.9590718150138856,0.9435973167419434,0.9492174386978148,0.7273059867906649,0.723471726758825,0.6953011038350466,0.7078731208160692,0.6870478670273985,0.7122206630701725,0.8723852038383484,0.8673686981201172,0.8326573371887207,0.8269832134246826,0.8348576426506042,0.853050172328949,0.7314373850822449,0.7295111417770386,0.7319018244743347,0.7206754088401794,0.6283971667289734,0.6762127876281738,0.2692254781723022,0.2605728209018707,0.2375588566064834,0.2414990961551666,0.2428680658340454,0.234328955411911,0.9791495203971864,0.9767531752586364,0.9728469252586364,0.9716851711273192,0.9737666249275208,0.9753284454345704,-0.0445685163140296,-0.047115035355091,-0.0465428158640861,-0.0522783957421779,-0.0469566471874713,-0.045848686248064
tmc2_head_00039_vox9_dec_geom04_text04.ply,head_00039_vox9.ply,TEXT,5,3.775,0.990857183092467,0.9959167434003408,0.9966080950736486,0.8660573213806527,0.2984817907546743,0.2801700545302468,0.9348825662001344,0.8913684378547884,0.739712758882398,0.8586653170237142,0.3316181935345837,0.8372946705306019,0.4646236864426958,0.1892630795230191,0.1989396329495174,0.3048044804588071,0.2709922405884443,0.6348433885371089,0.7761354695802231,0.3756501455018889,0.445758165435413,0.4658608493681794,0.2564824284990485,0.2224092616223414,0.9193977094852808,0.8972830277859982,0.8351430491793163,0.9952801297356872,0.9873237047147692,0.9288047721527158,0.921385330478729,0.8648686851706672,0.9778077836942428,0.8994139633705246,0.4066008367593938,0.8317227922980258,0.815906710151006,0.5774488283803385,0.421488286894546,0.0137208179896443,0.5043872594833374,0.4858435094356537,0.4020106494426727,0.382500559091568,0.4372460544109344,0.479812353849411,0.5305649042129517,0.5164787769317627,0.4958149492740631,0.4735070765018463,0.4946812093257904,0.5376982092857361,0.984185976234478,0.9820881292132406,0.9169414231673412,0.9205438831999064,0.9454167809947236,0.9772028106155652,0.0954852104187011,0.102917194366455,0.1121066808700561,0.1061725616455078,0.1093965172767639,0.1010037660598754,0.7977758646011353,0.7936056852340698,0.7259161472320557,0.7158384323120117,0.6736655831336975,0.7847793698310852,0.9391939043998718,0.929861307144165,0.915438950061798,0.9161278009414672,0.90575909614563,0.92030131816864,0.0953570678830146,0.0992915034294128,0.1090354174375534,0.1112283542752265,0.1248578652739524,0.1019077226519584,0.7500956654548645,0.7327072620391846,0.7244113087654114,0.7241644859313965,0.6728173494338989,0.7084231972694397,114.48413833363828,114.4013880275856,0.0,0.0,129.56701607032056,130.04746789454236,0.3169318437576294,0.323006272315979,0.3321394622325897,0.3359256088733673,0.3378388285636902,0.3297459185123443,0.0992889925837516,0.1042028293013572,0.1144253984093666,0.1167549341917038,0.1285481601953506,0.1059531718492508,0.9410805106163024,0.9366292953491212,0.9032076597213744,0.8986865878105164,0.9133671522140504,0.929268717765808,0.3612070083618164,0.3761857450008392,0.4056820571422577,0.4108943939208984,0.4350175857543945,0.4254596829414367,0.5447571873664856,0.5114119648933411,0.6208473443984985,0.6696329712867737,0.7075994610786438,0.5372415781021118,23.878742218017575,23.572263717651367,23.74485206604004,23.920307159423828,23.62830352783203,23.129566192626957,0.9692403078079224,0.9664236903190612,0.963481605052948,0.9647008180618286,0.9484127163887024,0.9514643549919128,0.7759008107988914,0.7677967230491561,0.738379754114082,0.7484363542081166,0.7591247547530822,0.7627047492862888,0.8973175883293152,0.8882198333740234,0.8580741882324219,0.8548452854156494,0.8681582808494568,0.881244421005249,0.7799355387687683,0.7810086607933044,0.7658101916313171,0.7704563736915588,0.6892898678779602,0.7015619874000549,0.3000423908233642,0.2860545516014099,0.2573222815990448,0.2630817890167236,0.2808758318424225,0.2667315006256103,0.9826213121414183,0.9801050424575806,0.9752640724182128,0.975183129310608,0.9772220849990844,0.9782238006591796,-0.0372423976659774,-0.0426675342023372,-0.0412444360554218,-0.0506044365465641,-0.0398763455450534,-0.0407027825713157
tmc2_head_00039_vox9_dec_geom05_text05.ply,head_00039_vox9.ply,TEXT,5,4.55,0.9920340954070794,0.9972409793222112,0.9977174829286196,0.9095852264030492,0.3544691145777688,0.3293519334939243,0.9282231345453948,0.9329645358105064,0.8337498166688001,0.9035385823972236,0.418020095624518,0.89007451081125,0.4325620195249957,0.1877828818660046,0.1924011516007178,0.2681432976300587,0.2709922405884443,0.6348433885371089,0.7852969291951636,0.3690594589475736,0.4647020880559672,0.3788613328026622,0.2063700958435774,0.1673152672652078,0.9277487061656924,0.9006346785324438,0.8675468766123363,0.994158063959842,0.9841090744019708,0.9172839893528782,0.924178715296712,0.8696124271726611,0.9857995457960436,0.9138250468516996,0.4547865999039499,0.8748996739562798,0.8648307610794134,0.6112611025810809,0.3772147384419176,0.0079440817701494,0.5483850836753845,0.5336219668388367,0.44229856133461,0.4505220949649811,0.5178113579750061,0.5462717413902283,0.5361169576644897,0.5299846529960632,0.513717532157898,0.503796398639679,0.5081654787063599,0.5420895218849182,0.9899832247637166,0.991396941662413,0.9303014353474136,0.9447557382170996,0.9796242620772196,0.9854585238648508,0.0636099576950073,0.0682250261306762,0.0903155207633972,0.0774565935134887,0.0702148675918579,0.0746993422508239,0.867117166519165,0.8772395849227905,0.7751284241676331,0.7802485227584839,0.8151589632034302,0.8565558195114136,0.9561455249786376,0.9533928036689758,0.9359077215194702,0.9395282864570618,0.9446303248405457,0.9449145197868348,0.0768522769212722,0.0767299830913543,0.090454526245594,0.0905301198363304,0.0847170278429985,0.0819914862513542,0.8116236925125122,0.8096904754638672,0.7739336490631104,0.7796235680580139,0.7875929474830627,0.7883205413818359,98.69019704544657,99.00062494709108,0.0,0.0,105.63954648692987,110.40569881087202,0.2903147041797638,0.2927820086479187,0.310222864151001,0.3114868700504303,0.2940280139446258,0.299966961145401,0.0804124251008033,0.0806895568966865,0.0963578671216964,0.0959158316254615,0.0877218842506408,0.0859621092677116,0.9566627740859984,0.9563328623771667,0.927933633327484,0.9315356612205504,0.9492045640945436,0.9497496485710144,0.2976843118667602,0.3003399074077606,0.3595921993255615,0.3466060161590576,0.3137303292751312,0.3389858603477478,0.5516929626464844,0.5665154457092285,0.5672969818115234,0.658323347568512,0.5813854932785034,0.5400984883308411,25.108715057373047,25.079513549804688,24.585941314697266,25.040159225463867,26.03930282592773,24.63809967041016,0.9784547090530396,0.9785925149917604,0.9711247682571412,0.9734317660331726,0.9729806780815125,0.9742425680160522,0.815597389552439,0.8121311064899458,0.7823434767560811,0.800652218269329,0.8190048182811497,0.8085174138592036,0.9211844205856324,0.919864535331726,0.8903169631958008,0.8956985473632812,0.915781021118164,0.9106491804122924,0.8305001854896545,0.8237513899803162,0.8134623169898987,0.8149963021278381,0.8263323903083801,0.7914177775382996,0.3371918499469757,0.3308494389057159,0.3001790642738342,0.3174541890621185,0.3384689390659332,0.3070384562015533,0.9877818822860718,0.9867092370986938,0.9824984073638916,0.98268461227417,0.987117886543274,0.9855356216430664,-0.0350127518177032,-0.0313233844935894,-0.0320404954254627,-0.0397489890456199,-0.0293476842343807,-0.0320311076939106
tmc2_longdress_vox10_1300_dec_geom01_text01.ply,longdress_vox10_1300.ply,TEXT,5,1.2,0.985546767223131,0.990636705393752,0.9906995642341608,0.633124854474908,0.4336594576606623,0.4464644793808457,0.9524079729734608,0.9270049823760954,0.916461313473894,0.6565598103601318,0.4864373665542375,0.5898029654721757,0.6302344188063197,0.2152290022893729,0.2367730603487131,0.4647943341637161,0.0940652497913953,0.4207389588451811,0.7049589225377542,0.280839824114777,0.4742689388150517,0.6230516820785141,0.2158392516493109,0.4713935356603941,0.8954003602034056,0.8767532070882301,0.6502572249551419,1.0009960686383528,0.9988935775108478,0.9616440361346712,0.8441513281970977,0.827218276582832,0.9651114025796306,0.9231303805668156,0.3267353731294527,0.6617259195980522,0.6432082213525694,0.5050940905080147,0.5233319195309819,0.024557098059946,0.3873062431812286,0.3866127431392669,0.4388664662837982,0.3966746926307678,0.442118376493454,0.4624391496181488,0.4675086140632629,0.403655856847763,0.4493297934532165,0.4844261407852173,0.5482161641120911,0.5550500750541687,0.9618866712021228,0.9714237930867272,0.9625575233342456,0.954727371729577,0.9714786151441228,0.9701193580145012,0.1435970067977905,0.1362745761871338,0.1369612216949463,0.1429469585418701,0.1207448244094848,0.1136924624443054,0.6765074133872986,0.6962742209434509,0.7259269952774048,0.7460284233093262,0.7513298988342285,0.7546817660331726,0.8285475969314575,0.8272696137428284,0.852180540561676,0.8161717653274536,0.9038007855415344,0.9082340002059937,0.1304405927658081,0.1292123198509216,0.1253227740526199,0.1352110803127288,0.1116589084267616,0.1086445525288581,0.6761371493339539,0.6709516048431396,0.6905260682106018,0.6728134155273438,0.6961477398872375,0.6997224688529968,0.0,0.0,169.28493830695214,154.01876334791794,145.2514047085772,146.63925979514676,0.4010388553142547,0.4025189876556396,0.4009048342704773,0.4205917716026306,0.3487749695777893,0.3461810648441314,0.1314297616481781,0.1309593915939331,0.1267335712909698,0.1398597061634063,0.1133201420307159,0.1108455583453178,0.8956671953201294,0.9020423293113708,0.8953420519828796,0.8935933113098145,0.9284857511520386,0.9307886958122252,0.3844255805015564,0.3962693214416504,0.4095500409603119,0.4741630554199219,0.2886565327644348,0.2866249978542328,0.9592600464820862,0.9072890281677246,0.8040409684181213,1.1770269870758057,0.966334879398346,0.9119201898574828,23.948532104492188,23.66046524047852,24.011978149414062,21.552698135375977,25.81032943725586,25.9263916015625,0.9128156304359436,0.9094058871269226,0.9164259433746338,0.9029477834701538,0.9568287134170532,0.9594622254371644,0.725318471346575,0.7211779568359712,0.7229531154262748,0.6730758060213328,0.7965648671984241,0.8122172803498298,0.7249824404716492,0.720794677734375,0.7224785685539246,0.6721687316894531,0.8686546087265015,0.876152515411377,0.5619670152664185,0.5582283735275269,0.6096340417861938,0.6126912236213684,0.5049319863319397,0.5402360558509827,0.2991866171360016,0.2964271605014801,0.2923671305179596,0.2376751750707626,0.3124347925186157,0.3106953799724579,0.9546229839324952,0.9537779688835144,0.9571475386619568,0.9430110454559326,0.974564492702484,0.975737690925598,-0.0669491589069366,-0.0603665634989738,-0.0581262931227684,-0.0586284883320331,-0.0546175874769687,-0.0496759042143821
tmc2_longdress_vox10_1300_dec_geom02_text02.ply,longdress_vox10_1300.ply,TEXT,5,1.575,0.990395448315308,0.992903403328906,0.9929572237989818,0.7357735202952069,0.495934198647697,0.5053065550584777,0.9366488654417162,0.9416432089217894,0.93814583963316,0.7474988279664377,0.5678958522314728,0.6911282066054801,0.4728694337133435,0.1734724801253576,0.188738506674977,0.3313515397587609,0.0940652497913953,0.4207389588451811,0.5990929539871476,0.2421313983164315,0.3852382118215049,0.494763159629553,0.195626165543688,0.3424337349944856,0.9177904332704776,0.9105170888922512,0.7179339040969528,0.998592757710664,0.998386386003834,0.9531310725242844,0.8899510775727019,0.8716601356731242,0.9752053781623418,0.929438981739514,0.3407767430899319,0.7133726186720222,0.6950349359198152,0.5180423431565061,0.5129048837725763,0.0162530368857551,0.4782843589782715,0.4853938221931457,0.4978362023830414,0.4928694665431976,0.5120765566825867,0.5387645959854126,0.4689823091030121,0.4428214728832245,0.4746398329734802,0.5050069689750671,0.5673652291297913,0.5745209455490112,0.981689759974894,0.9857589086154512,0.9786159204271326,0.976784545497236,0.9806995277358296,0.9838143796836816,0.1151119470596313,0.1033950448036193,0.1141842603683471,0.1089743375778198,0.0965234041213989,0.0840163826942443,0.7976663112640381,0.8076790571212769,0.8152185678482056,0.8128097057342529,0.8333172798156738,0.8347249627113342,0.8762786388397217,0.877923846244812,0.8909972906112671,0.860924243927002,0.9405652284622192,0.941257655620575,0.0929507687687873,0.0937312692403793,0.0931482315063476,0.1091732531785965,0.0774680376052856,0.077603593468666,0.7652885317802429,0.7600948214530945,0.7641985416412354,0.7458155751228333,0.7790340185165405,0.7797244787216187,125.03738839207313,121.9483918548001,149.54328438528208,130.04258670233617,127.44391438585892,130.3029822736787,0.3727240860462188,0.3731169104576111,0.3777157366275787,0.3966120481491089,0.309523195028305,0.309852123260498,0.0958058685064315,0.0966060012578964,0.0956244766712188,0.1127778813242912,0.0808706954121589,0.0802866443991661,0.9352024793624878,0.938942849636078,0.9289669990539552,0.929126501083374,0.9556190371513368,0.9579671621322632,0.2984309792518616,0.310829758644104,0.3219120502471924,0.3977767825126648,0.2365161180496215,0.2381518334150314,0.9902685880661012,0.7471031546592712,0.6981552839279175,0.8229520916938782,0.8250073194503784,0.7630899548530579,25.57758331298828,25.237218856811523,25.337482452392575,22.726348876953125,27.351476669311523,27.44342041015625,0.941405177116394,0.9394766092300416,0.93968665599823,0.9312568306922911,0.974507212638855,0.9757894277572632,0.793113263822627,0.795320970061856,0.7833816252669097,0.7477148610596769,0.8515931011670296,0.8641817991240078,0.7930207252502441,0.7951850295066833,0.7832610607147217,0.747337818145752,0.9170496463775636,0.92245614528656,0.6841033697128296,0.6775702834129333,0.7317331433296204,0.7397159934043884,0.6419140696525574,0.6650238633155823,0.3717203140258789,0.3720662891864776,0.3543949723243713,0.2943480610847473,0.3963871002197265,0.3951484858989715,0.9689950942993164,0.9683491587638856,0.967090904712677,0.9572456479072572,0.9856770038604736,0.9858176112174988,-0.0441621877253055,-0.0423559732735157,-0.0423950068652629,-0.0433035939931869,-0.038069799542427,-0.0326370559632778
tmc2_longdress_vox10_1300_dec_geom03_text03.ply,longdress_vox10_1300.ply,TEXT,5,3.025,0.9928357249868284,0.994595003113802,0.994600574151228,0.8214629473100608,0.5597311761171849,0.5673375797578972,0.9220195768649742,0.943740966630019,0.9434297009622556,0.8233671913131407,0.6414013936280543,0.7794587425164463,0.3902202052733604,0.1523796278772523,0.1658673019455028,0.2577078485995349,0.0940652497913953,0.4207389588451811,0.5555827121504414,0.2255654673826735,0.352823159718551,0.4092699765440475,0.183874384271296,0.2505981133886805,0.931600256608699,0.9231046524470216,0.772722698884104,0.9943016660249968,0.993647007251493,0.941599735311906,0.912867346975888,0.8937279133358145,0.982054681098502,0.9325878793936644,0.3502485785765706,0.765580470390801,0.7496513613412381,0.528000940890836,0.5028009248764301,0.0108134760109425,0.5323926210403442,0.5344791412353516,0.5385403037071228,0.5477449297904968,0.5649741291999817,0.5757656097412109,0.5030691623687744,0.4800922572612762,0.507879912853241,0.536148726940155,0.5815576314926147,0.589409351348877,0.9901266872023116,0.990886733215073,0.9915969936913256,0.9863916549444834,0.9834332715451686,0.9897851692763716,0.0799026489257812,0.0690175294876098,0.0975784063339233,0.0761618614196777,0.058210015296936,0.0570329427719116,0.8693525791168213,0.8707813024520874,0.8700273633003235,0.8677520751953125,0.8968217372894287,0.9020928144454956,0.9150546193122864,0.9150748252868652,0.9183684587478638,0.8940514922142029,0.9620773196220398,0.962949812412262,0.0672463253140449,0.0694826245307922,0.0723450034856796,0.0885706171393394,0.0576858483254909,0.0563117489218711,0.8326718211174011,0.8294049501419067,0.823418915271759,0.799688994884491,0.8354805111885071,0.8410231471061707,0.0,0.0,127.76803714656434,113.83854744415387,109.6960602488693,111.66091069282784,0.3424516916275024,0.343124121427536,0.3535295724868774,0.3718149363994598,0.2743445932865143,0.2741911113262176,0.0703966468572616,0.0726891905069351,0.0749673023819923,0.0922953188419342,0.0611132904887199,0.0595842897891998,0.9591602087020874,0.960427463054657,0.9544204473495485,0.9514548778533936,0.9710955023765564,0.9731499552726746,0.2462800145149231,0.2547706067562103,0.273661345243454,0.3362761437892914,0.1916415989398956,0.1874279677867889,0.6395267248153687,0.5821208357810974,0.7574593424797058,0.6497441530227661,0.6879491806030273,0.5998125076293945,27.10311889648437,26.738433837890625,26.758270263671875,23.96173858642578,28.718280792236328,28.93368148803711,0.9608527421951294,0.9596340656280518,0.9568892121315002,0.9494049549102784,0.9844703674316406,0.984654188156128,0.8495306564598307,0.8498423371243802,0.8342191784852505,0.8075272255941055,0.8923985242991292,0.902305223436829,0.8494893908500671,0.8497946262359619,0.8340740203857422,0.8074120283126831,0.9459468722343444,0.9500898718833924,0.8114780783653259,0.8058759570121765,0.8223791122436523,0.8272344470024109,0.7688437700271606,0.7916572690010071,0.4498464167118072,0.4462679028511047,0.4205332100391388,0.3497728407382965,0.4675126671791076,0.4693071544170379,0.9790412187576294,0.9784618616104126,0.9764387607574464,0.9689690470695496,0.9912565350532532,0.9913352131843568,-0.0272207409143447,-0.0251789055764675,-0.0300168208777904,-0.0349677130579948,-0.0225440021604299,-0.0204313267022371
tmc2_longdress_vox10_1300_dec_geom04_text04.ply,longdress_vox10_1300.ply,TEXT,5,3.975,0.9943923228383263,0.9963470433256778,0.9962125163133736,0.8764907162922612,0.6392272699034662,0.6400666668386209,0.9095725371636144,0.9355444092040572,0.9407553678017953,0.8736331383024322,0.7185211167378573,0.8393168419929539,0.3084890004104895,0.1273900654024334,0.1380044241160745,0.1926196291055212,0.0940652497913953,0.4207389588451811,0.5232438836469668,0.2038427250414147,0.3412944101118133,0.3463622899677863,0.1691585615959931,0.1897493950609479,0.9389915415773727,0.936954330115666,0.8210862177096009,0.9887751215928244,0.9895661828799988,0.9300021511989705,0.9378411132156046,0.91034381423391,0.9862405555311896,0.9363109496130676,0.3617934675659032,0.8067975321888866,0.7926683425627015,0.5433670062602065,0.4838023077964172,0.0072541346124352,0.5718525648117065,0.5842232704162598,0.5706992149353027,0.5813778042793274,0.6047173738479614,0.6065600514411926,0.5289998054504395,0.5070411562919617,0.5324492454528809,0.5610848665237427,0.5891007781028748,0.5928441286087036,0.9931348741815996,0.9929323609259642,0.9942944063796944,0.990674735718222,0.9936513829439928,0.9944633639795948,0.0593644380569458,0.050006628036499,0.071810245513916,0.0666444301605224,0.0354371070861816,0.0393570661544799,0.8998318910598755,0.8924698233604431,0.9005119800567627,0.897104799747467,0.9131368398666382,0.9133416414260864,0.940573275089264,0.9389992356300354,0.9384504556655884,0.91677325963974,0.9746384024620056,0.97490257024765,0.0527923144400119,0.0582171268761158,0.056112352758646,0.0746229514479637,0.047586340457201,0.0467406064271926,0.8764972686767578,0.8658846616744995,0.8616520762443542,0.8387646079063416,0.8795254826545715,0.8804046511650085,0.0,0.0,23.088115841355226,38.06941788078662,95.82049395179754,98.20672556597012,0.3154748678207397,0.3195186257362366,0.3343640863895416,0.355536013841629,0.2484691441059112,0.2492942065000534,0.0555583871901035,0.0609141252934932,0.0600005611777305,0.0787137895822525,0.050080981105566,0.0491330437362194,0.9741209745407104,0.9737393856048584,0.9703673124313354,0.9659711718559264,0.9818679690361024,0.9828559756278992,0.2024433314800262,0.2212472409009933,0.2258060872554779,0.2804545164108276,0.1627627611160278,0.1607275903224945,0.6703226566314697,0.5780184864997864,0.4182297587394714,0.5798090100288391,0.5089197754859924,0.5278595089912415,28.49365997314453,27.958688735961918,28.016681671142575,25.160594940185547,30.050758361816406,30.17178726196289,0.9726957082748412,0.9718603491783142,0.9658671021461488,0.9586167931556702,0.98895525932312,0.9871671199798584,0.890524506554295,0.889828795077867,0.8755749835761091,0.8511680705591994,0.9237990589723984,0.9300016959282784,0.8905102014541626,0.8898091316223145,0.87553471326828,0.85113924741745,0.9658207297325134,0.9677998423576356,0.8606020212173462,0.8448647856712341,0.8620629906654358,0.8842677474021912,0.8529815077781677,0.8481939435005188,0.5113213658332825,0.5017042756080627,0.4785228073596954,0.395535409450531,0.5312989950180054,0.531958818435669,0.9857081770896912,0.9850670695304872,0.9820643663406372,0.9760010242462158,0.9944602251052856,0.994459867477417,-0.0143354581668972,-0.0183156318962574,-0.0171537827700376,-0.0213008821010589,-0.0144950626417994,-0.011810895986855
tmc2_longdress_vox10_1300_dec_geom05_text05.ply,longdress_vox10_1300.ply,TEXT,5,3.775,0.9952728912012724,0.9975010582867389,0.9974066811738096,0.9197526973363156,0.7290142287408042,0.7380063223516716,0.8994454367981269,0.9220226140314772,0.9276287762186964,0.9152986258032288,0.8014128992112927,0.8909743946768165,0.2709296004138107,0.117246522745213,0.1244328397192302,0.1616076631892745,0.0940652497913953,0.4207389588451811,0.5124840023276908,0.1930462331972145,0.3425868034672206,0.298328467025104,0.1515994798654619,0.1487679746434604,0.9502345016412848,0.9463647513019052,0.8653930146919121,0.9862494542793416,0.9820965254480636,0.9120339885644896,0.9485863180589762,0.9282542862488238,0.9917254386443772,0.94105459202283,0.3817101227107682,0.8573871155926891,0.8454638082374283,0.5607884312860877,0.4573971659274999,0.0041541225599041,0.5912079215049744,0.6001719832420349,0.5899524092674255,0.5946168899536133,0.6299145221710205,0.6233001947402954,0.5450029373168945,0.5163480043411255,0.5482847690582275,0.5787845253944397,0.5947723388671875,0.5986403226852417,0.996663017666074,0.9957834810490384,0.9969593221066124,0.993791139638978,0.9948887346359544,0.9966447005346226,0.0373880267143249,0.0292728543281555,0.0535999536514282,0.0500832200050354,0.0183878540992736,0.0207928419113159,0.9279005527496338,0.9249056577682496,0.9289841651916504,0.925238072872162,0.9540886878967284,0.9549218416213988,0.958477795124054,0.9570460319519044,0.9534361362457277,0.9393295049667358,0.9852782487869264,0.9854317307472228,0.0408522151410579,0.0437081642448902,0.0489504933357238,0.0592277832329273,0.0305275898426771,0.0304595585912466,0.9166632890701294,0.910956621170044,0.8970714211463928,0.8820763230323792,0.9289579391479492,0.9277415871620178,0.0,0.0,94.96159941553051,82.38252539303735,80.16449250934183,80.82836826594084,0.2887746691703796,0.2919100224971771,0.3103140294551849,0.325690746307373,0.2134299427270889,0.2165305316448211,0.0440432131290435,0.047043889760971,0.0513494722545146,0.0627032592892646,0.0334583707153797,0.0333756208419799,0.9838041067123412,0.9837515354156494,0.9792137145996094,0.9778353571891784,0.9898728132247924,0.9899706840515136,0.1698182076215744,0.1841633766889572,0.1881628334522247,0.2350862920284271,0.12592414021492,0.1266319006681442,0.4299909174442291,0.4098311066627502,0.4036850035190582,0.5774123072624207,0.3275288343429565,0.3540314733982086,30.017526626586918,29.482627868652344,29.262733459472656,26.619279861450195,31.972415924072266,32.00514602661133,0.9807979464530944,0.9801650643348694,0.974778652191162,0.9706938862800598,0.9941462874412536,0.9940674901008606,0.921088721923974,0.9207042683313348,0.9041212996624192,0.8911556309890304,0.9475726448747812,0.9504503495335764,0.921055257320404,0.9206954836845398,0.904104232788086,0.8911396861076355,0.9801344871520996,0.9807003736495972,0.901574432849884,0.9001309275627136,0.8941604495048523,0.9151185154914856,0.9001210927963257,0.9099069237709044,0.5666482448577881,0.5573194622993469,0.5272583961486816,0.4570556879043579,0.5918812155723572,0.5885420441627502,0.9901496767997742,0.9895054697990416,0.9863354563713074,0.9825396537780762,0.9967828989028932,0.9965842366218568,-0.009947545826435,-0.0103109814226627,-0.0131591763347387,-0.0154971666634082,-0.0094471471384167,-0.0080120135098695
tmc2_loot_vox10_1200_dec_geom01_text01.ply,loot_vox10_1200.ply,TEXT,5,1.3,0.9860197392287556,0.9964422392051504,0.996019740329585,0.4295550124481982,0.2585427791367239,0.2566256832762144,0.9287819204890084,0.4597755136519392,0.4580717432030846,0.4431142426886756,0.2322297528895999,0.319882118169466,0.6606688576322969,0.220896278757939,0.2433917041956206,0.4947512277543248,0.092034463218571,0.4031448067173417,0.7125844219117557,0.2853377278277082,0.4811871465265529,0.6213643219786519,0.2076750631853875,0.4795618819813289,0.891749232454184,0.8645193485900278,0.6516992835346503,0.999932123431485,0.9994717423659516,0.9657997594819802,0.8280180412892675,0.8140835152524313,0.9701762073987912,0.9269584545143904,0.3138806001940964,0.6736092605616487,0.6574084782476812,0.4976567122810564,0.5391483218249598,0.0224515187888262,0.5310534238815308,0.5131359100341797,0.4684754312038421,0.3911806941032409,0.4937341809272766,0.4454711079597473,0.516211986541748,0.4984689354896545,0.4737785756587982,0.52144455909729,0.4823949038982391,0.4920281171798706,0.9277400957479188,0.9239129614520912,0.9363023008138802,0.925007197630262,0.8840796862170688,0.9379065357173794,0.1374151110649109,0.1417139172554016,0.1600421071052551,0.1717413663864135,0.1518657803535461,0.1535494327545166,0.7376120090484619,0.7001625299453735,0.6695739030838013,0.5625835061073303,0.6206502914428711,0.5843924283981323,0.964317798614502,0.957528829574585,0.9163115620613098,0.8233300447463989,0.8912902474403381,0.8724342584609985,0.0849128812551498,0.0959736853837966,0.1195897981524467,0.1455166786909103,0.112452819943428,0.1300543993711471,0.7730250954627991,0.7590475678443909,0.6849353909492493,0.6576310992240906,0.731027364730835,0.7188544273376465,0.0,0.0,173.20087851120627,175.10507232856327,152.23506185745612,150.80645796321178,0.3007233738899231,0.3111756443977356,0.3701279461383819,0.3980157673358917,0.3496297597885132,0.3650934100151062,0.0829993933439254,0.0936133041977882,0.1191083043813705,0.1430747210979461,0.1074661314487457,0.1255204230546951,0.9660943746566772,0.959292769432068,0.9492358565330504,0.9074563384056092,0.9434968829154968,0.9271942377090454,0.1895700395107269,0.2049187868833542,0.2904282808303833,0.3426514565944671,0.228612869977951,0.2538241147994995,0.9325073957443236,1.39619779586792,0.7606463432312012,1.3408088684082031,1.2182202339172363,1.42970073223114,30.522565841674805,30.17211151123047,25.84130477905273,25.37177276611328,28.084678649902344,27.46983337402344,0.9708805084228516,0.967135488986969,0.9332044124603271,0.9129714965820312,0.9447454214096068,0.9328243732452391,0.9293753670857504,0.9080643318489752,0.8947333815085127,0.7862247708763023,0.8887323449230321,0.8384686781742589,0.9408406019210817,0.9254069328308104,0.8946285247802734,0.7857731580734253,0.8887280821800232,0.8384436964988708,0.5860607028007507,0.5656651854515076,0.6366173028945923,0.5669655203819275,0.5608324408531189,0.5646830201148987,0.3907379806041717,0.3677137196063995,0.3316627442836761,0.2713602483272552,0.3487272560596466,0.3396506011486053,0.988736927509308,0.9863374829292296,0.9829074740409852,0.9678195714950562,0.9868537783622742,0.981049418449402,-0.036520317196846,-0.0367171987891197,-0.0341514460742473,-0.0560244582593441,-0.0355976298451423,-0.0455419309437274
tmc2_loot_vox10_1200_dec_geom02_text02.ply,loot_vox10_1200.ply,TEXT,5,1.775,0.9905498386460472,0.9968357002944288,0.996860417877363,0.5367741476023855,0.2626379627651208,0.2700172304854161,0.9341031725742136,0.4525339172569546,0.4572767970092283,0.5460944440949137,0.2447577947359976,0.4270893658620943,0.4857347976628571,0.1734810302425556,0.1898562019761459,0.3465525099214092,0.092034463218571,0.4031448067173417,0.5906738440245516,0.2414364287683528,0.3804379353673878,0.4987433984054712,0.1904798774586613,0.3516855966836879,0.9147066230521744,0.9040379767135868,0.7145526771998125,0.9974700563819788,0.9982686661339004,0.9566714892244425,0.8841352591013586,0.8635163553991404,0.9765427878893228,0.931655279976882,0.3251945643006644,0.7109133135861043,0.693666266782568,0.5099651795842282,0.5248161510135599,0.0161317464988831,0.5656344294548035,0.555156409740448,0.5141966342926025,0.4601019918918609,0.5239206552505493,0.5357791781425476,0.5217863321304321,0.5003305077552795,0.5057644248008728,0.5390451550483704,0.4893251061439514,0.475917100906372,0.9551014304822478,0.9566555234801434,0.9664044247407628,0.9650028836308496,0.93441207117182,0.9685778280277312,0.1126479506492614,0.0970462560653686,0.1290292143821716,0.1397292613983154,0.1229729652404785,0.1092187762260437,0.8196253180503845,0.8307428956031799,0.7446197271347046,0.7033005356788635,0.7034276127815247,0.7967413663864136,0.975182056427002,0.9742764234542848,0.9343021512031556,0.8739420175552368,0.910754382610321,0.9230219721794128,0.0655874758958816,0.0671284198760986,0.0993123948574066,0.1104405000805854,0.0898482799530029,0.0773390457034111,0.8197742700576782,0.818434476852417,0.7483607530593872,0.7303467988967896,0.8002066612243652,0.8030477166175842,0.0,0.0,158.83901821499427,152.45615594464948,136.19485039762878,127.82104984737865,0.2792766094207763,0.2807751595973968,0.348895251750946,0.3766463994979858,0.3331947922706604,0.3332293331623077,0.0649144202470779,0.0673502311110496,0.0987416133284568,0.1108830347657203,0.0852456465363502,0.0780783519148826,0.976655900478363,0.9747318625450134,0.9648196697235109,0.9398469924926758,0.959305465221405,0.9634947180747986,0.1625263690948486,0.1699922978878021,0.2437721490859985,0.2877821624279022,0.2031574249267578,0.2032870948314666,0.7829926013946533,0.7241496443748474,0.5144369602203369,1.116112470626831,1.018909215927124,0.911074995994568,31.678373336791992,31.42582321166992,27.041454315185547,26.618253707885746,29.3834285736084,29.06718063354492,0.9796017408370972,0.9791550636291504,0.9488317370414734,0.934515416622162,0.9583165645599364,0.9562636613845824,0.9438183257569842,0.9316912003840748,0.9167263060086692,0.8339652744646713,0.9086431337057952,0.8952103693920683,0.9575971364974976,0.9524263143539428,0.916707456111908,0.8336887359619141,0.9086353778839112,0.8951964378356934,0.6695338487625122,0.6896269917488098,0.6940082907676697,0.670364499092102,0.6224144101142883,0.7164560556411743,0.4474609494209289,0.4256965517997741,0.3995406925678253,0.3323563635349273,0.4098783731460571,0.4159469604492187,0.9920978546142578,0.9913159608840942,0.987368643283844,0.976643681526184,0.99005389213562,0.98781019449234,-0.0301831532269716,-0.0309749338775873,-0.0299471374601125,-0.0523348413407802,-0.0309564061462879,-0.0321447998285293
tmc2_loot_vox10_1200_dec_geom03_text03.ply,loot_vox10_1200.ply,TEXT,5,2.4,0.9937850925233314,0.9974925270326752,0.9972360258579018,0.6851926923664448,0.2866059782167969,0.2716870855154581,0.928419981497066,0.4773847421415803,0.4429528778369317,0.6875851449424984,0.2569918294496628,0.579918438970951,0.3891461972370146,0.149781566145456,0.1614905815349598,0.2607008443009073,0.092034463218571,0.4031448067173417,0.5381240463053361,0.2185310734046061,0.3387224723208181,0.4063929195043244,0.1763228850169447,0.2568430861470396,0.9315214884571708,0.9225468147335716,0.769864529243293,0.9942795949621352,0.9952337717971436,0.9470813357371484,0.9114440272348862,0.8924725448662584,0.9822052274563244,0.9341826481063836,0.3360256466719643,0.760984198034106,0.7454295510842198,0.5158499514334149,0.5147738988672919,0.0111903568166736,0.5948018431663513,0.603478193283081,0.564895749092102,0.5509118437767029,0.5853137969970703,0.5952353477478027,0.5303608179092407,0.5133082270622253,0.5263130068778992,0.547537088394165,0.4802359044551849,0.485518217086792,0.969561358877284,0.9711973515605078,0.981784860132356,0.9783408552939186,0.9662627552512292,0.9747128680059992,0.0801750421524047,0.0646954774856567,0.0935591459274292,0.0864884853363037,0.0851183533668518,0.0819164514541626,0.9066705107688904,0.904928982257843,0.7797064185142517,0.7671903371810913,0.8329935073852539,0.841659426689148,0.98679381608963,0.9856492280960084,0.9456589818000792,0.906854510307312,0.9536031484603882,0.9481404423713684,0.040535919368267,0.0425207167863845,0.090013213455677,0.0925894752144813,0.0540588721632957,0.0556719154119491,0.8928901553153992,0.8859079480171204,0.7775354981422424,0.7694743871688843,0.8615586757659912,0.8540335893630981,0.0,0.0,147.7733832465253,133.86970764406732,113.37150490415128,109.98373542063987,0.2373092621564865,0.2411296814680099,0.334231287240982,0.350284069776535,0.2975783348083496,0.3058224320411682,0.0408589877188205,0.0437859967350959,0.0895414650440216,0.0938866138458252,0.0546657182276248,0.0577235631644725,0.9874953031539916,0.9859578013420104,0.9745575785636902,0.96325945854187,0.9796054363250732,0.9797300100326538,0.1241937279701232,0.1311476826667785,0.2289179265499115,0.2580815255641937,0.1576150804758072,0.1712797582149505,0.487495869398117,0.4870596528053283,0.6393150091171265,0.6565212607383728,0.4431274235248565,0.5412295460700989,33.95061111450195,33.55533981323242,27.703598022460938,27.47129249572754,31.040422439575195,30.374732971191406,0.9883747100830078,0.987595796585083,0.9550606608390808,0.949797511100769,0.9713496565818788,0.9684482216835022,0.962649147306286,0.9542285277208972,0.9311302150225932,0.8848848346339362,0.9414199918564342,0.9302699159314408,0.9765909910202026,0.9733095169067384,0.9311091303825378,0.8847305178642273,0.9414185285568236,0.9302520751953124,0.8087915778160095,0.8130927681922913,0.7515577077865601,0.7875006794929504,0.8221892714500427,0.8231095671653748,0.5323197245597839,0.5055934190750122,0.4480898678302765,0.3994123041629791,0.4844605028629303,0.496874451637268,0.9958417415618896,0.9953410625457764,0.9893880486488342,0.9835679531097412,0.9936137795448304,0.9915529489517212,-0.0222872328013181,-0.0237586516886949,-0.0241479594260454,-0.0296372659504413,-0.0188879985362291,-0.0196721609681844
tmc2_loot_vox10_1200_dec_geom04_text04.ply,loot_vox10_1200.ply,TEXT,5,3.075,0.9956000247516784,0.9979587783176826,0.99778606219496,0.7652934547246274,0.3066385732858642,0.2940226143527865,0.9175984010313262,0.4974562476025825,0.4671674698334586,0.760726856835089,0.2750357773209257,0.6709557932672848,0.3044830173607388,0.1251313683818169,0.1318664188665361,0.1928515560679891,0.092034463218571,0.4031448067173417,0.5028625141038282,0.1961601285960417,0.3247234527251122,0.3445848588645969,0.1651153067812844,0.1919502259768901,0.9396602165669156,0.9383095089047258,0.8165566467975145,0.9903364005576292,0.9878143904562948,0.93364845184183,0.9367464860042064,0.9118303833412328,0.985765459083115,0.9373883037522592,0.357449072202296,0.7998919067742476,0.7853385054142843,0.5369788271686753,0.4846274727555232,0.008087496703577,0.618107259273529,0.630218505859375,0.5728146433830261,0.6043712496757507,0.6204754710197449,0.623638927936554,0.5320742726325989,0.5209963917732239,0.5417490601539612,0.5635278820991516,0.4899922311306,0.5055238008499146,0.9808182376599384,0.9813327093067796,0.9871877345355352,0.983938146006876,0.9830944876790284,0.9872238382132892,0.0552116632461547,0.054158866405487,0.0681833028793335,0.0611127614974975,0.0532878637313842,0.0611035823822021,0.9300702214241028,0.9310734868049622,0.8152607679367065,0.8121328353881836,0.9112433791160583,0.906924605369568,0.99221533536911,0.9914413690567015,0.9587560892105104,0.930338442325592,0.9719138145446776,0.9663739800453186,0.0292309056967496,0.0309816282242536,0.076672613620758,0.0789230018854141,0.036318864673376,0.0395566634833812,0.925603449344635,0.9215900897979736,0.819781482219696,0.8118003010749817,0.9109055399894714,0.9017542600631714,0.0,0.0,128.69538251265044,116.82399131277955,92.80167660049626,93.22782633585288,0.205115258693695,0.2094678580760955,0.3163934648036957,0.3274000883102417,0.2646474540233612,0.274625301361084,0.0300039071589708,0.0321373715996742,0.0770088210701942,0.0806652978062629,0.0374724827706813,0.0409945882856845,0.9926921129226683,0.9915978908538818,0.98206889629364,0.9754208922386168,0.9889511466026306,0.9880110025405884,0.101574920117855,0.1075259000062942,0.1978816986083984,0.2228318303823471,0.1194894164800643,0.1375710666179657,0.3199105858802795,0.3365726470947265,0.5307969450950623,0.4732567965984344,0.3194696009159088,0.4176828265190124,35.4244384765625,35.026763916015625,28.93833541870117,28.620662689208984,32.90459060668945,32.080806732177734,0.9924582839012146,0.9924486875534058,0.9665810465812684,0.9630369544029236,0.9797200560569764,0.978004276752472,0.9744568463952112,0.9687036660567628,0.946705498617529,0.9186682387753874,0.9624547435597997,0.9537531436480426,0.9863055944442748,0.9841944575309752,0.9466797709465028,0.9185463190078736,0.9624547362327576,0.953751266002655,0.8580424189567566,0.8743041157722473,0.8010520935058594,0.8432855606079102,0.8715140223503113,0.8613379001617432,0.6030454635620117,0.5755798816680908,0.5123540759086609,0.4770843982696533,0.573286771774292,0.5763835906982422,0.9976112246513368,0.9973298907279968,0.9920799732208252,0.9884307980537416,0.995922863483429,0.9945412874221802,-0.0202310197055339,-0.0191025510430336,-0.0206502601504325,-0.0206747446209192,-0.0103881796821951,-0.0105492155998945
tmc2_loot_vox10_1200_dec_geom05_text05.ply,loot_vox10_1200.ply,TEXT,5,3.1,0.9967259126871812,0.9984204760955504,0.9981768995215152,0.8351314417566759,0.3525099418572092,0.326903336934819,0.9074129071082292,0.5477970251280208,0.4956548788514677,0.826817360979244,0.3160096963527755,0.7524296817448961,0.2613773765642209,0.1116044960237043,0.1180771244995224,0.1578974962367962,0.092034463218571,0.4031448067173417,0.4894516017293883,0.1855839235415412,0.325272860398773,0.2856142279093611,0.1448982928665773,0.1428973693473228,0.950872776918074,0.9478819547471788,0.8667180887748439,0.9825933198106074,0.9821335293945248,0.914234290590418,0.9511169172951036,0.9293528379554592,0.9914437863841308,0.9413801105693396,0.3728854023562419,0.8541276210659443,0.8421815277923742,0.552778432843756,0.4654767348069061,0.0044424958102997,0.6328350901603699,0.642388641834259,0.5926839709281921,0.6300975680351257,0.6299772262573242,0.6312792897224426,0.5396546125411987,0.526718258857727,0.5536271929740906,0.5742046236991882,0.5019600987434387,0.5196899771690369,0.9915096483028152,0.9910216989342916,0.9922598627444068,0.991755977576578,0.9910232564295344,0.9943295734006914,0.0319037437438964,0.0336804389953613,0.0471106767654418,0.0381770133972168,0.0311402082443237,0.039249300956726,0.9633215069770812,0.9628756046295166,0.9079766869544984,0.9051985144615172,0.9332267045974731,0.9354973435401917,0.995801329612732,0.9953298568725586,0.973766267299652,0.9573050141334534,0.9831621646881104,0.9786012172698976,0.019552182406187,0.0201591700315475,0.0458143539726734,0.0471018850803375,0.0270397551357746,0.0289939865469932,0.9542244672775269,0.9534451961517334,0.9086024761199952,0.8993566632270813,0.940108358860016,0.937114715576172,0.0,0.0,99.49897770827086,83.87099336413668,78.99335062571275,79.18055466183034,0.1728511750698089,0.1774055212736129,0.2645924687385559,0.273451030254364,0.2289543449878692,0.2408593446016311,0.020488753914833,0.0215906538069248,0.047560341656208,0.0492183677852153,0.0273214858025312,0.0297205224633216,0.9958456754684448,0.995083212852478,0.9899404048919678,0.9878706932067872,0.993818998336792,0.9927482604980468,0.080235980451107,0.0840615630149841,0.1474128067493438,0.1539683789014816,0.0909636616706848,0.1010942459106445,0.2463756650686264,0.245542973279953,0.3342633247375488,0.3395818173885345,0.2441269755363464,0.3312022089958191,37.21664810180664,36.95622634887695,31.88594627380371,31.768817901611328,34.5818977355957,33.88896560668945,0.9961315393447876,0.9958369135856628,0.9798447489738464,0.9785829186439514,0.9888117909431458,0.9870192408561708,0.9834146672888576,0.9791870379385316,0.9637699866887796,0.948784905380715,0.9761214896363178,0.9686634252472496,0.9923834204673768,0.9908392429351808,0.9637702703475952,0.948763370513916,0.9761220812797546,0.9686623811721802,0.9141135811805724,0.915645182132721,0.8934003710746765,0.9074217677116394,0.906414806842804,0.8999229669570923,0.6810651421546936,0.6543156504631042,0.5877725481987,0.563237190246582,0.6523628830909729,0.6458053588867188,0.9987611174583436,0.9985740780830384,0.995265781879425,0.993299126625061,0.9975484609603882,0.9965730309486388,-0.01606578938663,-0.0160914231091737,-0.0107634849846363,-0.0107105262577533,-0.0047669759951531,-0.0057306690141558
tmc2_romanoillamp_vox10_dec_geom01_text01.ply,romanoillamp_vox10.ply,TEXT,5,1.525,0.9926059126710168,0.9924780188723524,0.9956415264224948,0.402576466239498,0.0767595832735964,0.0794472981701077,0.954893983724982,0.6631348553301059,0.4362136977248747,0.3793910290187368,0.0639792955284595,0.320265354708412,0.6342947899306097,0.220405631242742,0.2315757084859187,0.4660437188423304,0.1548942031111073,0.3573455455921652,0.7327784947046063,0.3145825806359158,0.4651976515614414,0.5870946624708335,0.2195601469651386,0.4251105095763539,0.8312288207957198,0.8798912870949692,0.685261502548045,0.9996018061396924,0.9983390952209292,0.9716937508023952,0.8988632446197727,0.7901085340268051,0.983032699350444,0.9325306093166016,0.2986501067067674,0.6097901251119512,0.5889290515581893,0.5041148883332948,0.5345672149304586,0.0115222581642622,0.4581456184387207,0.4009016156196594,0.2742916345596313,0.3341780602931976,0.3476904332637787,0.3736301064491272,0.5080344080924988,0.5101014971733093,0.4960742592811584,0.5397185683250427,0.5144109129905701,0.529972493648529,0.9565752124842678,0.9529979231982711,0.9611740357389034,0.953946693600836,0.961353890289914,0.9240453420556762,0.1821074485778808,0.1685091257095337,0.2104777693748474,0.2063730955123901,0.1944149732589721,0.1861284971237182,0.741044819355011,0.7455785274505615,0.7084693908691406,0.7177373766899109,0.7019162178039551,0.6971827745437622,0.9367460012435912,0.9325854778289796,0.9008904099464417,0.8953606486320496,0.8883891701698303,0.8987278342247009,0.0969223454594612,0.0999959409236908,0.1150712817907333,0.1147060468792915,0.1117724478244781,0.1109476089477539,0.7366755604743958,0.7340503931045532,0.7209367156028748,0.7174502015113831,0.7140972018241882,0.7207150459289551,0.0,0.0,148.54073144178943,147.25249508170117,141.08564963585417,142.02799719881742,0.3237859308719635,0.3256098926067352,0.3435286581516266,0.3440772294998169,0.3406261503696441,0.3392294645309448,0.1002377718687057,0.1032538563013076,0.1185396164655685,0.1180420145392417,0.1158559918403625,0.1125584170222282,0.9321058988571168,0.9320590496063232,0.9018661379814148,0.9051601886749268,0.8995494842529297,0.9053243398666382,0.2662067711353302,0.2783553600311279,0.3246031701564789,0.3194668292999267,0.3083570301532745,0.2927411794662475,1.85831618309021,1.7520643472671509,1.985346794128418,2.327943801879883,2.2095158100128174,2.274714946746826,28.565895080566406,28.253610610961918,26.519515991210938,26.883602142333984,26.981170654296875,27.78433990478516,0.9545376300811768,0.9546060562133788,0.9554708003997804,0.9492071270942688,0.9533470869064332,0.954270839691162,0.7840943878601543,0.7831332772823876,0.6934916340801234,0.7018859671578692,0.6836507838032745,0.7245058418695324,0.87864089012146,0.8780761957168579,0.8277601003646851,0.832263171672821,0.8214656710624695,0.8394033312797546,0.4649118185043335,0.4713128209114074,0.475842148065567,0.4890684187412262,0.4939678311347961,0.4640445709228515,0.2655694782733917,0.2606427669525146,0.2486105561256408,0.2467149049043655,0.2420753836631775,0.2631627917289734,0.9811398983001708,0.9801090955734252,0.977400004863739,0.9759723544120787,0.9782291650772096,0.9797539114952089,-0.0447966270148754,-0.0436610281467437,-0.0463790409266948,-0.0466394796967506,-0.0495415218174457,-0.0508060716092586
tmc2_romanoillamp_vox10_dec_geom02_text02.ply,romanoillamp_vox10.ply,TEXT,5,2.4,0.9943855326058736,0.9934341763088044,0.9959832796859304,0.580772483629468,0.1015199013022905,0.0946745943099142,0.9374108619834106,0.7441390780886992,0.5117946117625309,0.548021880829537,0.098484228521774,0.4980940340965326,0.5225877950051011,0.1956032657476445,0.2066970639070895,0.3619301623896203,0.1548942031111073,0.3573455455921652,0.6546062826288118,0.298786159291056,0.3839953952744399,0.4879623704800588,0.2145568065282301,0.3083891606222659,0.8368068701865224,0.8843671691291025,0.741768601548435,0.9975658224393156,1.00015305983524,0.9642297931400712,0.9060067124676596,0.7973977915907139,0.9876791987656058,0.9330368644631228,0.3037311468153543,0.6703981062847737,0.6510637784806764,0.507923436692294,0.5290624217642946,0.0074812583941703,0.4915842115879059,0.451054573059082,0.354119211435318,0.397400438785553,0.4318032264709472,0.4377840161323547,0.5325914621353149,0.5375129580497742,0.52524733543396,0.5605127215385437,0.5411386489868164,0.5528215169906616,0.973048418961844,0.9746964117178384,0.97485124547371,0.976002058118707,0.9774667478650731,0.969812625910318,0.1496855616569519,0.1265197992324829,0.1661036610603332,0.1702318787574768,0.1448744535446167,0.1445333957672119,0.8686544895172119,0.8828608989715576,0.8454570770263672,0.8507220149040222,0.8662868738174438,0.8632587790489197,0.96077561378479,0.9592887163162231,0.9335618615150452,0.9345278143882751,0.9343368411064148,0.9391078352928162,0.0650760158896446,0.0665239170193672,0.0806247070431709,0.0788063779473304,0.0735116079449653,0.0716075152158737,0.8097511529922485,0.8068868517875671,0.782677948474884,0.7912301421165466,0.7919710874557495,0.7990949153900146,0.0,0.0,126.62789568905428,125.14611289709644,119.49848892108572,122.18441150518156,0.2869112491607666,0.2877190709114074,0.3093809187412262,0.3060733377933502,0.3014381229877472,0.2982720732688904,0.0702129378914833,0.0713153481483459,0.0855148583650589,0.0842224955558776,0.0794672593474388,0.076491005718708,0.95526123046875,0.9560829997062684,0.9342284202575684,0.9380568265914916,0.9357149004936218,0.9387163519859314,0.2233422100543975,0.2274668663740158,0.2798237204551697,0.2678227126598358,0.2573912441730499,0.2431620359420776,1.0900379419326782,1.0313657522201538,1.219591498374939,1.713189959526062,1.3016680479049685,1.3228932619094849,29.5241641998291,29.259315490722656,27.257509231567383,27.75921630859375,27.82830810546875,28.727998733520508,0.9736517667770386,0.9742544889450072,0.9710492491722108,0.9715771079063416,0.973534345626831,0.9730039238929749,0.8239454627895417,0.8276315359816236,0.7495711390041937,0.7560902098307078,0.7488558239438557,0.7778362150033641,0.91953706741333,0.922339916229248,0.8844143152236938,0.8903990983963013,0.8869065642356873,0.895955502986908,0.576299250125885,0.5860379338264465,0.6063953042030334,0.6040500998497009,0.6308916211128235,0.5877559781074524,0.3160678148269653,0.3115376234054565,0.2880716025829315,0.2963713407516479,0.2911053895950317,0.3193462193012237,0.988649308681488,0.9878050088882446,0.985650599002838,0.9858269691467284,0.987462878227234,0.9882022738456726,-0.0346605628728866,-0.0357250869274139,-0.0358871407806873,-0.0362954959273338,-0.0392807051539421,-0.0377970039844512
tmc2_romanoillamp_vox10_dec_geom03_text03.ply,romanoillamp_vox10.ply,TEXT,5,2.975,0.9950561350199064,0.9947453153141051,0.9963014425627266,0.7561787594701512,0.1748336695746982,0.139458318209326,0.9342156125028388,0.8712788436432396,0.6284665414968307,0.719534001619112,0.1741516122805002,0.6909959745143404,0.4288838302786455,0.1696496826287,0.1779391065700981,0.2827550003123033,0.1548942031111073,0.3573455455921652,0.5995137325832168,0.2804323429448608,0.3374309200096387,0.423978492740215,0.2098482573619668,0.2310862495460374,0.8347470147799001,0.8838528301454678,0.7840468231287622,0.9991150847448216,0.9979330366978824,0.956881504076251,0.9071860318556324,0.7947923778926174,0.9907916696909056,0.9332001974936688,0.3050727436468763,0.7168678780370681,0.6987703890655736,0.5126130975849522,0.5193668431331246,0.0049176942027228,0.5015980005264282,0.5141900777816772,0.4277980923652649,0.4598417282104492,0.4909479320049286,0.438408613204956,0.5490645170211792,0.5523828268051147,0.5423362255096436,0.5712959170341492,0.5567517876625061,0.5667144060134888,0.9831226775983276,0.98045946067442,0.9850917498283348,0.9828961983028786,0.988324416183998,0.983223914838118,0.0867398977279663,0.0804836750030517,0.1060220599174499,0.1086956858634948,0.0851649045944213,0.0876673460006713,0.9177955389022828,0.9193859696388244,0.8804534673690796,0.8850050568580627,0.9107203483581544,0.9079352617263794,0.9743162393569946,0.971619188785553,0.9526769518852234,0.9535872340202332,0.9562009572982788,0.9591474533081056,0.0473136380314827,0.0501897931098938,0.0635633692145347,0.062107965350151,0.0538333915174007,0.0528146065771579,0.8576741814613342,0.8509793281555176,0.8251527547836304,0.8309196829795837,0.8446980118751526,0.8482282757759094,0.0,0.0,106.88939658541484,106.49270651813788,97.05531802352088,103.97246837742044,0.2586397528648376,0.2634051740169525,0.2849206328392029,0.2818627655506134,0.2723486423492431,0.2679231166839599,0.0521226301789283,0.0547724589705467,0.0681620836257934,0.0669482424855232,0.0590706579387187,0.0581104159355163,0.9686928987503052,0.968509078025818,0.952870786190033,0.9557946920394896,0.9562159776687622,0.957303524017334,0.1910476982593536,0.2002222836017608,0.2487672269344329,0.2387251108884811,0.222067579627037,0.2089366316795349,0.6697298288345337,0.6895062923431396,0.8197446465492249,0.8838079571723938,0.7645911574363708,0.8546520471572876,30.32381820678711,29.99449157714844,27.890138626098636,28.423023223876957,28.647605895996094,29.53232765197754,0.9831912517547609,0.9824302196502686,0.97820383310318,0.9801933765411376,0.9819703102111816,0.9804170727729796,0.86691358136155,0.8680003603477159,0.8063360768782648,0.8108975055165956,0.8155334483322241,0.830056613503997,0.9454132914543152,0.9447556734085084,0.9179503321647644,0.9225568175315856,0.9232549667358398,0.9283902645111084,0.6621865630149841,0.6757704615592957,0.707994282245636,0.70566326379776,0.7256978154182434,0.6733049750328064,0.3566678166389465,0.3487631678581238,0.3243489563465118,0.3304691314697265,0.3353073000907898,0.3667355477809906,0.9924218654632568,0.9913776516914368,0.989852249622345,0.9900293946266174,0.9917814135551452,0.992226779460907,-0.0291630439460277,-0.0297630596905946,-0.0302207916975021,-0.0285014677792787,-0.0309367887675762,-0.0278669092804193
tmc2_romanoillamp_vox10_dec_geom04_text04.ply,romanoillamp_vox10.ply,TEXT,5,4.2,0.9950664547765448,0.9963983916793252,0.9973851194266716,0.8811881525073993,0.2555686549264232,0.2083450930745899,0.9342754905048124,0.943024257804828,0.8008384709384901,0.8478983114687465,0.2938962320554631,0.8397101095105279,0.3667936082858526,0.1524088220155811,0.1585728613425719,0.2284900414024498,0.1548942031111073,0.3573455455921652,0.5688641959646086,0.2672832306386556,0.3134379093248085,0.3897336639851135,0.2087698660122871,0.1839325414020324,0.8272289514623542,0.8785640674804512,0.8183750567478534,0.9998946089618664,0.9986488955614437,0.9507650714749688,0.9023675248999304,0.7844355576672041,0.9925571684420516,0.9328438556234134,0.3123189211786596,0.754538598800267,0.7373230540035128,0.5165473884993819,0.521650454389106,0.0035093367752399,0.5648035407066345,0.5771978497505188,0.4969496428966522,0.5365920066833496,0.5565168261528015,0.5395727157592773,0.5596646666526794,0.56104975938797,0.5509504675865173,0.5754326581954956,0.5633715391159058,0.5761722922325134,0.9886151821403788,0.9848958623694516,0.9878522908340492,0.9880933896076284,0.990802780015552,0.9867513974032806,0.0509239435195922,0.0453138351440429,0.0668954849243164,0.0591766834259033,0.0575431585311889,0.0557650923728942,0.9352233409881592,0.9352538585662842,0.8998303413391113,0.9048874378204346,0.9223545789718628,0.9189525842666626,0.980043888092041,0.9788742065429688,0.9614678621292114,0.963717520236969,0.964314103126526,0.9672136306762696,0.0400542430579662,0.0399064868688583,0.0566305331885814,0.0539878457784652,0.0473134368658065,0.0463722497224807,0.8856608271598816,0.882445752620697,0.8519158363342285,0.8550804853439331,0.867296040058136,0.8736475110054016,0.0,0.0,94.92394916567288,92.31370595664364,86.16696610757904,89.63877110394152,0.2432541847229004,0.2443263977766037,0.2710888683795929,0.2657997906208038,0.2592160701751709,0.2527652978897095,0.0438527129590511,0.0442800261080265,0.0603761337697505,0.0577693618834018,0.0519179962575435,0.0508018285036087,0.9767435789108276,0.976354718208313,0.96371591091156,0.9665976762771606,0.9662150144577026,0.9682103991508484,0.1696461886167526,0.1761154532432556,0.2257011532783508,0.2163209170103073,0.2012180984020233,0.1906541585922241,0.5257300138473511,0.5412420034408569,0.6029260754585266,0.5295500755310059,0.5746615529060364,0.5940753221511841,31.077096939086918,30.783565521240234,28.537193298339844,29.129138946533203,29.29336166381836,30.208606719970703,0.986647367477417,0.9864410758018494,0.9829235672950744,0.9846508502960204,0.9856604933738708,0.9841476678848268,0.8981831285375461,0.8972346104826366,0.8438811675542464,0.8527050864233933,0.8562720985744903,0.8712132775235168,0.9582213163375854,0.9578489065170288,0.934240698814392,0.9399845004081726,0.9388952255249025,0.9450888633728028,0.7166677117347717,0.7252815961837769,0.7587471604347229,0.7646446824073792,0.7864636778831482,0.7447834610939026,0.3919374346733093,0.3848273456096649,0.3574084341526031,0.3647719621658325,0.3683483600616455,0.4021055698394775,0.9940881729125975,0.9934926629066468,0.9918075203895568,0.9922729134559632,0.9934344291687012,0.9937978982925416,-0.0272828210145235,-0.0279586482793092,-0.0250366181135177,-0.0244124289602041,-0.0271799135953187,-0.0247140675783157
tmc2_romanoillamp_vox10_dec_geom05_text05.ply,romanoillamp_vox10.ply,TEXT,5,4.475,0.9949595319843808,0.997606069126471,0.998302360325287,0.9103031992874374,0.4010477990432067,0.296701859020589,0.9357458523401156,0.9493961848213154,0.9071028768670236,0.8857756686715333,0.4440014368681085,0.8794399865922385,0.3024725106905928,0.1299095842309164,0.1344028531828134,0.1829626335375819,0.1548942031111073,0.3573455455921652,0.540082107655129,0.2510207852826116,0.3019781934460578,0.3479871145314919,0.1950590770001506,0.1399687397659762,0.8175425972120585,0.8707820758994972,0.8571781422131611,1.0017778029937656,1.0016316522477302,0.9406689654864054,0.8895174566809507,0.7705684568796488,0.995663848825163,0.9335612719787124,0.3120486382123102,0.7962394677735051,0.7788316432259201,0.5164604558018729,0.5216607046163704,0.0017010843028806,0.5982475280761719,0.6136207580566406,0.5633878111839294,0.5797005891799927,0.5937454104423523,0.5757418870925903,0.563749372959137,0.5699717998504639,0.557499885559082,0.5794363617897034,0.5679036974906921,0.5814201831817627,0.9921925894520836,0.9906635732679828,0.992596983206902,0.9928379079785334,0.9933657630967596,0.9911044514873036,0.0339247584342956,0.0272814631462097,0.0460262298583984,0.0449938178062438,0.0283465981483459,0.0319217443466186,0.948017716407776,0.95142662525177,0.9295679330825806,0.938431680202484,0.9410454034805298,0.9413625001907348,0.9846615195274352,0.983768343925476,0.9710987210273744,0.9743332266807556,0.9721159338951112,0.9749853610992432,0.0329315587878227,0.0321152471005916,0.0449004843831062,0.0398334227502346,0.0390912964940071,0.0376604907214641,0.9092116355895996,0.9079666137695312,0.8864142894744873,0.8959926962852478,0.8953439593315125,0.9011993408203124,0.0,0.0,83.16621655331585,77.54327110530917,77.16477949177496,79.06432658041666,0.2287936508655548,0.2288736999034881,0.2533550262451172,0.2443201541900634,0.2441572397947311,0.2369993329048156,0.036651637405157,0.0364975482225418,0.0489930287003517,0.0444108769297599,0.0439366772770881,0.0423649363219738,0.9827112555503844,0.982978105545044,0.9729716181755066,0.9760351181030272,0.9745556712150574,0.977176070213318,0.1505223512649536,0.1535670757293701,0.1972450911998748,0.1850578784942627,0.1783376634120941,0.1662329137325287,0.4731075167655945,0.446757823228836,0.5492709875106812,0.4947052299976349,0.5744651556015015,0.568972647190094,31.95442008972168,31.75237274169922,29.52035140991211,30.216651916503903,30.134765625,31.10967254638672,0.990158200263977,0.9898204803466796,0.9868157505989076,0.988958477973938,0.9886533617973328,0.988824725151062,0.91679286526853,0.9167019807829088,0.8718039434212345,0.8799657839309439,0.8804615510485683,0.8941427867121782,0.9680087566375732,0.9685234427452089,0.949547290802002,0.955383002758026,0.9528178572654724,0.9581217169761658,0.7400415539741516,0.7501943707466125,0.7779718041419983,0.7864041924476624,0.8245282769203186,0.7893785834312439,0.426161527633667,0.4216611385345459,0.3927093148231506,0.4033547341823578,0.4000732898712158,0.4362925887107849,0.9955698847770692,0.9951266050338744,0.9938610196113586,0.9944533109664916,0.9947500228881836,0.9952840209007264,-0.0243702009320259,-0.025020720437169,-0.024668950587511,-0.0235134605318307,-0.024445267394185,-0.0228583011776208
tmc2_soldier_vox10_0690_dec_geom01_text01.ply,soldier_vox10_0690.ply,TEXT,5,1.275,0.9854179209071824,0.995489856602084,0.995608588929694,0.5962806158355279,0.2407341887965868,0.2527392248099491,0.9609075288708484,0.4613166087013599,0.4796119251487813,0.6005836458240982,0.2332948874429247,0.5097051999822948,0.6700916127720289,0.2283049325403764,0.2509009646798343,0.4985522906665914,0.0890793737816955,0.416713528533689,0.7234108655567616,0.2910537315355272,0.4848760706761012,0.6418210431138502,0.2231314590569426,0.4852475326471782,0.8911066229526572,0.867197475135142,0.6340695963194403,1.000489837248799,1.000327306079431,0.959742740696269,0.8264395506641511,0.8161069977561135,0.9657755330881682,0.9257576883570036,0.3236359398422102,0.6589498672580492,0.6400159911673505,0.5029521935019152,0.527463036058184,0.023525352492285,0.5164811015129089,0.525425136089325,0.4408491253852844,0.4459239542484283,0.4967380464076996,0.4839055240154266,0.5782964825630188,0.5795509219169617,0.5528654456138611,0.603356659412384,0.5414372086524963,0.556667149066925,0.9699515364807464,0.9675720576727432,0.9567821314355814,0.9654233194473918,0.9626387169117658,0.9691562125575968,0.1508167386054992,0.1424903869628906,0.1344072818756103,0.1371961832046508,0.1399049758911132,0.1460592150688171,0.7272043824195862,0.7288143634796143,0.745064377784729,0.7747089862823486,0.7036553621292114,0.7357158660888672,0.9351823329925536,0.9336630702018738,0.9287370443344116,0.9066439867019652,0.9123586416244508,0.9143667221069336,0.1022391617298126,0.1021173670887947,0.1058522760868072,0.1107974424958229,0.1172578632831573,0.111097864806652,0.7130578756332397,0.714985728263855,0.7300853133201599,0.7050071954727173,0.7090555429458618,0.7148946523666382,32.10238199147834,43.78528165675922,135.5234016731794,135.02181999910508,141.73052526897482,139.2988350734512,0.325564295053482,0.3253411650657654,0.3262499868869781,0.3355602920055389,0.3405480980873108,0.3341636657714844,0.1013400480151176,0.1020886301994323,0.1045605093240737,0.1125203073024749,0.1159612908959388,0.1100976392626762,0.9484940767288208,0.946767032146454,0.9491479396820068,0.9450756311416626,0.9346007108688354,0.9435727000236512,0.2397242486476898,0.2435822486877441,0.2545507848262787,0.2945119142532348,0.2632158696651459,0.2593091130256653,1.1499896049499512,0.9596754908561708,1.014872431755066,1.0730541944503784,1.2457247972488403,1.049232006072998,28.934844970703125,28.775739669799805,27.920997619628903,26.605209350585938,27.62771987915039,27.802295684814453,0.9569286704063416,0.9570754170417786,0.9567022323608398,0.9508457779884338,0.9529823660850524,0.955743372440338,0.875078855788452,0.868067632150452,0.8762029561901558,0.8397769911792742,0.835587662781725,0.8484090810433341,0.9060322046279908,0.9037057161331176,0.9092988967895508,0.8997707366943359,0.8791948556900024,0.8932384252548218,0.592613160610199,0.5765199065208435,0.652242124080658,0.5698056817054749,0.5711594223976135,0.5631259083747864,0.3298302292823791,0.3222144544124603,0.3256887793540954,0.2930148839950561,0.3074575066566467,0.3263124525547027,0.981277883052826,0.9810745716094972,0.9818403124809264,0.9757843017578124,0.9784416556358336,0.9798423647880554,-0.045715507119894,-0.0444346480071544,-0.0397225283086299,-0.0456934347748756,-0.0452775284647941,-0.0444976687431335
tmc2_soldier_vox10_0690_dec_geom02_text02.ply,soldier_vox10_0690.ply,TEXT,5,2.15,0.9907551040148456,0.9959473308462236,0.9961690610639744,0.7145593477363468,0.2542568531657355,0.2835278164785845,0.9432369725064296,0.4789955834111312,0.5196311152761606,0.718326585858027,0.2602195208721404,0.6379621150999126,0.5040816049349761,0.1840396812536903,0.2003528750599345,0.3571629455726736,0.0890793737816955,0.416713528533689,0.6088907535609005,0.2488541168255919,0.3902220624191934,0.5159429584650634,0.2013708979299238,0.3600768047505258,0.9142780564543032,0.9052919382353944,0.7015288379932623,0.999451474032738,0.997260764240424,0.9516923122841392,0.8811593146332349,0.8645278876206227,0.9748610824879352,0.9320552483230649,0.3369716465350834,0.7002643998810172,0.6820179525315233,0.5170558009261463,0.515667984473943,0.0159363909970446,0.5974931716918945,0.5806331634521484,0.5209153890609741,0.5327696204185486,0.5800116062164307,0.5790178179740906,0.5881103873252869,0.5961715579032898,0.5663264989852905,0.618044376373291,0.5543927550315857,0.5782799124717712,0.9837084682250354,0.983703146705612,0.9726273571431208,0.9793753389799068,0.9791231738202626,0.9832529862859924,0.1082404851913452,0.1150813102722168,0.1133983731269836,0.0979300141334533,0.1139458417892456,0.1047117710113525,0.8416215181350708,0.8481276631355286,0.8265503644943237,0.8362317085266113,0.8220747709274292,0.8361836671829224,0.9589967727661132,0.9597358107566832,0.9514714479446412,0.9356290102005004,0.945310354232788,0.9463357329368592,0.0704471692442894,0.0690894499421119,0.0809205770492553,0.0863219872117042,0.0786743685603141,0.0760091245174408,0.7902140617370605,0.7924273014068604,0.7830407619476318,0.7648062705993652,0.7923148274421692,0.79537034034729,26.361236944042265,35.08887233891495,121.44936989208053,114.76466313351476,120.28676472081835,119.72672628276293,0.2879676818847656,0.2869987189769745,0.2992273271083832,0.3069753646850586,0.3004595637321472,0.2946755290031433,0.0714644342660904,0.0708147883415222,0.0817463472485542,0.0884748920798301,0.0801736339926719,0.0772142708301544,0.9717483520507812,0.9707465171813964,0.9679217338562012,0.965664267539978,0.9646679162979126,0.9691511988639832,0.199599027633667,0.1997948288917541,0.2207088470458984,0.2485194206237793,0.2121745944023132,0.2076483219861984,0.8152317404747009,0.7090981006622314,0.7524126172065735,0.9319989085197448,0.8807477951049805,0.6883845925331116,30.5024356842041,30.38567543029785,28.93610954284668,27.799779891967773,29.19034194946289,29.44706344604492,0.9708876013755798,0.974733591079712,0.9707977175712584,0.9675183296203612,0.974489152431488,0.9727660417556764,0.9139098873382792,0.908607496576512,0.9059469999833092,0.8852999956678481,0.8851172183892264,0.8963489880338978,0.947251796722412,0.945526123046875,0.9415301084518432,0.9373601675033568,0.9322304129600524,0.9399399757385254,0.7079623937606812,0.6927071213722229,0.7587105631828308,0.6875024437904358,0.7074683308601379,0.6978511214256287,0.4167017042636871,0.4054749608039856,0.3917905986309051,0.3618431389331817,0.3906736373901367,0.4131049215793609,0.9895779490470886,0.9896066784858704,0.9881385564804076,0.9842959642410278,0.987953782081604,0.9886242151260376,-0.0335351191461086,-0.0353943184018135,-0.027506148442626,-0.0335974022746086,-0.0299869440495967,-0.0300127696245908
tmc2_soldier_vox10_0690_dec_geom03_text03.ply,soldier_vox10_0690.ply,TEXT,5,2.425,0.9935477784450992,0.9966108045910114,0.9967621252228304,0.8065647037063798,0.2832868635072627,0.2989681599878172,0.9276551892527832,0.5190356124997537,0.530306308145907,0.8082744955353975,0.2880727064073218,0.7430639384658548,0.400212999862945,0.1568688500234175,0.1676806104697102,0.2681580573664044,0.0890793737816955,0.416713528533689,0.5517023388890285,0.2223007636557005,0.3483029320410703,0.420085216235061,0.1858433438793728,0.2619794877322297,0.9296364208710824,0.9206569107140248,0.7638519319606685,0.997005894305402,0.9976979847710334,0.9416202483548318,0.9088091264237328,0.8895081211742272,0.9823856646774596,0.9350453599389172,0.3441452378708409,0.7571973535770751,0.7412462507114689,0.5232346339160616,0.5054110528963015,0.0102002488584702,0.6509720683097839,0.6385679841041565,0.5764195322990417,0.5842909216880798,0.6226760745048523,0.6165680885314941,0.6003665924072266,0.6039199829101562,0.5805371999740601,0.6242891550064087,0.5763472318649292,0.5941519737243652,0.9921002739755722,0.9912394575678564,0.9865110681074944,0.9871807129817473,0.9875018320162732,0.9900602345739932,0.0674754381179809,0.0781859159469604,0.0790432691574096,0.069004476070404,0.0901819467544555,0.0715199708938598,0.9096397161483764,0.9098073244094848,0.8846791386604309,0.879366934299469,0.8811308145523071,0.8920789957046509,0.9765585064888,0.9763314127922058,0.968306601047516,0.9547425508499146,0.9665141701698304,0.9669886231422424,0.0466828271746635,0.0464342683553695,0.0611021630465984,0.0673333778977394,0.0558497160673141,0.0540874749422073,0.8565184473991394,0.8544219732284546,0.8373199105262756,0.8199607729911804,0.854902446269989,0.853968620300293,13.96084209724925,25.331177939807752,105.85552018059812,101.443494654042,102.7644217776462,100.13661372488517,0.248006671667099,0.2496013194322586,0.2674945294857025,0.2799013257026672,0.2612967193126678,0.2580040693283081,0.0488278158009052,0.0491982623934745,0.0627627819776535,0.070498801767826,0.0583107583224773,0.0559558346867561,0.984264075756073,0.9836757183074952,0.9804064035415648,0.9767057299613952,0.9799029231071472,0.9821852445602416,0.157306283712387,0.1572707444429397,0.1845894902944564,0.2120006084442138,0.1700436323881149,0.165175199508667,0.5265082716941833,0.5357869267463684,0.5491448640823364,0.5805478692054749,0.6311950087547302,0.5701553821563721,32.18610763549805,32.037376403808594,30.230005264282227,29.02153778076172,30.77758026123047,31.084177017211918,0.9848121404647828,0.9838272333145142,0.9812936782836914,0.978876531124115,0.9846641421318054,0.98297917842865,0.9433349680615336,0.9394530036380818,0.9322167341469164,0.9156757215794552,0.9234885684135112,0.9307887983073926,0.9708542227745056,0.9695702791213988,0.9636480212211608,0.9577192068099976,0.9618510007858276,0.9655768871307372,0.7857207655906677,0.7921500205993652,0.8191052079200745,0.7843077778816223,0.7822919487953186,0.7804264426231384,0.5049647688865662,0.4899818301200866,0.4604686796665191,0.4198841750621795,0.474570095539093,0.4960519671440124,0.9944919347763062,0.9942941665649414,0.9927895665168762,0.9897408485412598,0.9931641817092896,0.9934583902359008,-0.0258918777108192,-0.0247852224856615,-0.0216194726526737,-0.0260436553508043,-0.0217976812273263,-0.0187466479837894
tmc2_soldier_vox10_0690_dec_geom04_text04.ply,soldier_vox10_0690.ply,TEXT,5,4.025,0.9951023744609075,0.9972425264122798,0.9973695303208684,0.8605491655862649,0.3346918159213993,0.3438425528028714,0.913374476803268,0.5936877034213168,0.5835012155146502,0.8611803288387744,0.3412874984422451,0.8089007837657495,0.3086939592777582,0.1307797985226257,0.1371401975887686,0.1927878019267349,0.0890793737816955,0.416713528533689,0.5176996110265865,0.1986308428698731,0.337495401763289,0.3553413776502797,0.1728227768051153,0.1947475088809633,0.9355964952692464,0.9363949837975382,0.8093404039945572,0.9918139474518844,0.9903226485377696,0.9264893909578992,0.9353191230389012,0.9065129903742988,0.9860977190329422,0.9385025055033798,0.3617231146190079,0.7932225055048433,0.7778607074686757,0.5411771552931511,0.4826614902828243,0.0067144164239501,0.6573584675788879,0.6497873663902283,0.6003063321113586,0.6216549277305603,0.6308194398880005,0.6362547874450684,0.6054043769836426,0.6111029386520386,0.5885903835296631,0.6297188997268677,0.5839846730232239,0.5994452238082886,0.994195975940244,0.9938446616987442,0.9890544076443368,0.9918696477411107,0.9939647526143628,0.993744203565988,0.0478795766830444,0.0539889335632324,0.0576366186141967,0.0541059374809265,0.0597254037857055,0.0546585321426391,0.9327329397201538,0.9350074529647828,0.9037925004959106,0.908837080001831,0.9109459519386292,0.920240879058838,0.9855449199676514,0.9853250980377196,0.9781076312065125,0.97026389837265,0.9782384634017944,0.9786303639411926,0.0352726653218269,0.0350968576967716,0.0500343590974807,0.052639439702034,0.0443642847239971,0.0421239212155342,0.8995112180709839,0.8979664444923401,0.8721711039543152,0.8661200404167175,0.8903732895851135,0.8940381407737732,0.0,0.0,117.06888284473963,109.88116476269482,89.69189171004554,87.77151944448259,0.2186697870492935,0.2203391045331955,0.2444319128990173,0.251951664686203,0.2333495467901229,0.2305094897747039,0.0375154912471771,0.0377468355000019,0.051784198731184,0.0552097558975219,0.0465115867555141,0.0435740165412426,0.9903273582458496,0.9898771643638612,0.9862183928489684,0.9847009181976318,0.9873363375663756,0.9887441396713256,0.1301145553588867,0.1288840025663375,0.1597695648670196,0.1798382848501205,0.1458365321159362,0.1393828839063644,0.3946080505847931,0.4148313403129577,0.4718833565711975,0.5110917687416077,0.5050545930862427,0.4128034710884094,33.557334899902344,33.50690841674805,31.38627243041992,30.37416076660156,31.909503936767575,32.333961486816406,0.9906545877456664,0.9906774759292604,0.985782265663147,0.9860689043998718,0.9897711277008056,0.9889925122261048,0.9617799125140934,0.9588530840951311,0.9489669090756958,0.9396864657970186,0.94761583104142,0.9521848502055164,0.9824647903442384,0.9815788269042968,0.9747860431671144,0.9726321697235109,0.9766906499862672,0.9788385629653932,0.8541528582572937,0.8482221364974976,0.849816620349884,0.8263842463493347,0.8381217122077942,0.8517235517501831,0.5828036665916443,0.562821090221405,0.5239906311035156,0.4870562851428985,0.5453885197639465,0.566477358341217,0.9967992901802064,0.9966877102851868,0.9951377511024476,0.9931360483169556,0.9958900809288024,0.9961193799972534,-0.0202141758054494,-0.0199521165341138,-0.0187237486243248,-0.0197804998606443,-0.0139600802212953,-0.0136787369847297
tmc2_soldier_vox10_0690_dec_geom05_text05.ply,soldier_vox10_0690.ply,TEXT,5,3.625,0.9960042024804296,0.9980662306711532,0.9980499164061752,0.9065387321848232,0.4342727769726965,0.4224923660843537,0.9022912995258828,0.7194414122870848,0.6761031407359772,0.9063411471455664,0.4346868255182543,0.8669077061825989,0.2682284375444138,0.1188121768958921,0.123948667548292,0.1595061868847444,0.0890793737816955,0.416713528533689,0.5046125972063141,0.1892711857198113,0.3367124474710636,0.2978907155374038,0.1527959668152577,0.1469264844883756,0.9488967171103192,0.9468473314882342,0.8645811606222209,0.9858775630913432,0.9839702769194536,0.9058884160605072,0.9488520805660952,0.9271174103164964,0.9924647296817184,0.943287504368762,0.3861091278933229,0.8556419435725527,0.8433059392895982,0.5636127277266103,0.4514484074229387,0.0034854359346263,0.662686288356781,0.6632719039916992,0.6286415457725525,0.6357293725013733,0.6384653449058533,0.6457821130752563,0.6069535613059998,0.6101661920547485,0.5941463708877563,0.6330060362815857,0.5858939290046692,0.6044967770576477,0.997207087462475,0.9972157013317962,0.994340048874697,0.995354486712526,0.9967635044852036,0.9975695857876784,0.0323600769042968,0.0374824404716491,0.0368585586547851,0.0316569209098815,0.0355823636054992,0.0312934517860412,0.9531692266464232,0.9552052021026612,0.935779869556427,0.9362558722496032,0.937889814376831,0.9434483647346495,0.9911898374557496,0.991191565990448,0.9862799644470216,0.9807933568954468,0.9869565963745116,0.98777037858963,0.0262142643332481,0.0245512146502733,0.0365098863840103,0.0383594408631324,0.0319050922989845,0.0284423287957906,0.9327356815338136,0.9364951252937316,0.9205066561698914,0.911636233329773,0.9315643310546876,0.9342362880706788,0.0,0.0,94.38322678036832,88.69449872741836,72.61858204973603,71.25758775285149,0.1915539056062698,0.1916847974061966,0.2125113606452942,0.2216407507658004,0.2039078921079635,0.1993021667003631,0.0282557047903537,0.0268696919083595,0.0383512116968631,0.0410103201866149,0.0345555804669857,0.0304255355149507,0.9939741492271424,0.993853747844696,0.9916452765464784,0.9906996488571168,0.992198646068573,0.9933902621269226,0.1038024276494979,0.1027691587805748,0.1250503659248352,0.144014298915863,0.1142525300383567,0.1087847203016281,0.3482653200626373,0.3134998083114624,0.3547065556049347,0.3334365785121918,0.3614973127841949,0.315955251455307,35.27255630493164,35.30680465698242,33.21387481689453,32.097625732421875,33.67597579956055,34.191898345947266,0.9942684769630432,0.994521975517273,0.9916412830352784,0.991187334060669,0.9940804243087769,0.9940837621688844,0.9740649629960256,0.972293982808514,0.964046815414611,0.9574839338193746,0.964674809570659,0.9680390884637796,0.989205241203308,0.989005982875824,0.9846115112304688,0.9828831553459167,0.9858352541923524,0.9877285957336426,0.8945959210395813,0.8884021043777466,0.8879260420799255,0.8676550388336182,0.8874711394309998,0.8881551623344421,0.6526370048522949,0.6337244510650635,0.5908918380737305,0.5474750399589539,0.6173685193061829,0.6380094289779663,0.9981392025947572,0.9980441331863404,0.9969943165779114,0.9955731630325316,0.9975923299789428,0.9978055357933044,-0.0153621137142181,-0.0160526875406503,-0.0159363914281129,-0.0140079017728567,-0.0094879157841205,-0.0098443441092967
tmc2_the20smaria_00600_vox10_dec_geom01_text01.ply,the20smaria_00600_vox10.ply,TEXT,5,1.525,0.9850227387842108,0.9946978607407642,0.993862470732802,0.4398833612130912,0.2576021440002048,0.3307781773629783,0.9500637423669652,0.5793453281371806,0.7486596172486724,0.4500866151977242,0.2659818609083928,0.3582848945960949,0.6659206130184633,0.2419149649036486,0.2604588609618947,0.4748199689221615,0.1809354357849391,0.6668627234985933,0.840714970193474,0.3427441545830619,0.547831260035802,0.6563894485395844,0.2495717511117477,0.4709677276639645,0.872438042736355,0.8482095175554242,0.7301972680459424,0.9995936457153812,0.9954915237084092,0.9540456040354164,0.8707564108618395,0.7660743608636024,0.922571675978712,0.8627263795559701,0.3358799608765492,0.7269267524579579,0.7041129829185718,0.5056876779190074,0.5178602010425507,0.0507306916280921,0.3661124408245086,0.380985677242279,0.5510589480400085,0.5549647212028503,0.3391829431056976,0.338038295507431,0.5601404309272766,0.5596153736114502,0.6524511575698853,0.6578249931335449,0.5638188719749451,0.4990252256393432,0.9066662941980602,0.922272478831635,0.9287774025087194,0.9126519453008806,0.954436356402138,0.9280251754070326,0.1615083217620849,0.1626925468444824,0.1189720630645752,0.1449575424194336,0.1589961051940918,0.1550679802894592,0.6560000777244568,0.6637870073318481,0.7062788605690002,0.7200602293014526,0.63072669506073,0.6447863578796387,0.8358563184738159,0.8453409671783447,0.9529141187667848,0.9629440307617188,0.8203034996986389,0.820825457572937,0.1237105354666709,0.1277135908603668,0.1099256351590156,0.0937627479434013,0.1310560405254364,0.1483342796564102,0.6792689561843872,0.659159779548645,0.6691628694534302,0.6904054284095764,0.6775315403938293,0.6272470951080322,172.7115926902964,176.19312267800458,163.42904428038543,153.87166551347968,39.408862596502175,43.69657103497802,0.3840271830558777,0.3815583288669586,0.3087319731712341,0.2919003367424011,0.387114405632019,0.3985991477966308,0.1257631629705429,0.1280194222927093,0.112058125436306,0.095483973622322,0.1328127384185791,0.1501526087522506,0.9191526174545288,0.9235396385192872,0.9457381963729858,0.956237256526947,0.9158729910850524,0.9010276794433594,0.3187481462955475,0.3226885497570038,0.2755276560783386,0.2349466979503631,0.3337666988372803,0.3914998471736908,1.2191317081451416,1.2941230535507202,1.164456486701965,0.8907548189163208,1.2415446043014526,1.151202917098999,25.9068603515625,25.141401290893555,27.090015411376957,28.77538681030273,25.63554000854492,23.398515701293945,0.8994379639625549,0.8949902057647705,0.9664692282676696,0.9699247479438782,0.8933843374252319,0.8808687925338745,0.767274656208966,0.7952656274312253,0.8480201450036582,0.87982516838739,0.748115702265916,0.7511133946585066,0.7669081687927246,0.7948164343833923,0.9333451986312866,0.9464807510375975,0.7478440999984741,0.7500662803649902,0.4889445304870605,0.4850315451622009,0.488508015871048,0.491074800491333,0.491344004869461,0.5091730356216431,0.2669510543346405,0.272014170885086,0.2701572477817535,0.2833301424980163,0.2604123055934906,0.2427041232585907,0.9612821340560912,0.967828929424286,0.9828019738197328,0.9876369833946228,0.955647349357605,0.9549951553344728,-0.0627013742923736,-0.0608105733990669,-0.0439465790987014,-0.041610449552536,-0.0553319044411182,-0.0664707347750663
tmc2_the20smaria_00600_vox10_dec_geom02_text02.ply,the20smaria_00600_vox10.ply,TEXT,5,2.15,0.9893510377659352,0.9953002653465308,0.9948175044803516,0.5153752289286607,0.2830523250525865,0.3569483505895418,0.95091452554386,0.6165477948376984,0.7779185943182084,0.5225231695342938,0.301457427113158,0.4290915554232392,0.5598153024332696,0.2096059570880336,0.2265939028366741,0.3881802494875316,0.1809354357849391,0.6668627234985933,0.7941234169803134,0.3183959883637047,0.5238768705623881,0.5408099252230015,0.2278764005756805,0.3589033451972501,0.8849045230334047,0.8613502859789373,0.7596438823883207,0.9977323913951842,0.9938698508692032,0.946722055556532,0.8825248761412532,0.7860729604328677,0.9354520326723876,0.8743421221574503,0.3406114792908368,0.7646963214262942,0.7434239678705017,0.5130683202135335,0.5067066005371647,0.0403442919059685,0.4344618022441864,0.4380040168762207,0.5798199772834778,0.5862728953361511,0.4152843654155731,0.3915752172470093,0.570855438709259,0.5737079977989197,0.6581293940544128,0.6642389297485352,0.5780863165855408,0.5259736776351929,0.9309259428283996,0.9325233690898618,0.959461544546334,0.9410169155149778,0.970160658992123,0.9535074034042264,0.1299628019332885,0.1414442658424377,0.092580497264862,0.100605309009552,0.125234842300415,0.1297107934951782,0.7392064929008484,0.7293206453323364,0.8074822425842285,0.8097215890884399,0.7680695056915283,0.7098723649978638,0.8657457232475281,0.8661543726921082,0.9670419096946716,0.974239468574524,0.8594653010368347,0.8485576510429382,0.103499986231327,0.1107173413038253,0.0872474983334541,0.0760763809084892,0.1051247641444206,0.131591796875,0.7246464490890503,0.6951633095741272,0.7258328795433044,0.7408360838890076,0.7358117699623108,0.6737378835678101,153.92382510477606,167.46522564311613,149.21042564343088,141.56445376436508,33.639897140499414,37.12280904908304,0.3710165619850158,0.369034081697464,0.2827125191688537,0.2664566934108734,0.3693984746932983,0.3846762180328369,0.1065706983208656,0.1126480177044868,0.0897638723254203,0.0778335556387901,0.1074359938502311,0.1335669457912445,0.9402040243148804,0.9416542053222656,0.961579203605652,0.968836545944214,0.9408099055290222,0.9243601560592652,0.2875489592552185,0.2966726124286651,0.2439512461423874,0.2056299895048141,0.2968688905239105,0.351637601852417,1.0247446298599243,1.0387846231460571,0.8030708432197571,0.8465549945831299,1.065459370613098,1.1902365684509275,26.544384002685547,25.73241233825684,27.922897338867188,29.709476470947266,26.516647338867188,24.0546875,0.917129397392273,0.9045804142951964,0.9761449694633484,0.978751540184021,0.9253953099250792,0.9068663716316224,0.7987533993603168,0.8185818338439234,0.8746528133687598,0.8978349509834953,0.7875445421588744,0.7836201131850352,0.7985116839408875,0.818376898765564,0.9554161429405212,0.9636382460594176,0.7873247861862183,0.782832145690918,0.5714728236198425,0.577343761920929,0.5783581137657166,0.6186714172363281,0.5963416695594788,0.6159717440605164,0.3030911684036255,0.3116536140441894,0.3166422545909881,0.3376833796501159,0.299624890089035,0.279291957616806,0.9694562554359436,0.9730569124221802,0.9885138869285583,0.9919590950012208,0.9673335552215576,0.963319718837738,-0.0451842285692691,-0.045047104358673,-0.0363758988678455,-0.0325931496918201,-0.0352397374808788,-0.0527053587138652
tmc2_the20smaria_00600_vox10_dec_geom03_text03.ply,the20smaria_00600_vox10.ply,TEXT,5,3.4,0.9917649210729528,0.9960093613087764,0.9958421078945268,0.5890480158912309,0.3289581163105866,0.4110193878998112,0.9506124017708754,0.6804690330625653,0.8179960138588352,0.5955069114296174,0.3622210243498248,0.5057336605161035,0.4807367908429046,0.1878893113239566,0.2032549969614858,0.3197774613695711,0.1809354357849391,0.6668627234985933,0.777360752545033,0.3040028759295485,0.5237520582884693,0.4547481567329526,0.2119148466698492,0.2708096084492945,0.892138521196423,0.8675647762768809,0.7837648876045145,0.9974568289414468,0.9922562195043988,0.9401769698324656,0.887769933111041,0.7959637077274112,0.9458407569566482,0.8833770385683168,0.3507151442480549,0.7952731664229036,0.7761372823060723,0.5245901127335914,0.4918280012681091,0.0322610501590296,0.4748437106609344,0.4626295566558838,0.6014882922172546,0.6009644865989685,0.4935397207736969,0.4255979657173157,0.586116373538971,0.5851777195930481,0.6610420942306519,0.6652711629867554,0.5888448357582092,0.5452392101287842,0.9430635077427952,0.966750315850854,0.9736462711278946,0.9603036814530932,0.9817024307300378,0.9596117537500892,0.0965403318405151,0.1195218563079834,0.0721368193626403,0.0892889499664306,0.105448842048645,0.1032890081405639,0.8059237599372864,0.7843223810195923,0.8513576984405518,0.8577260971069336,0.8136406540870667,0.7399449944496155,0.8930082321166992,0.8853649497032166,0.9763451814651488,0.9816061854362488,0.8858318328857422,0.8687551021575928,0.086371399462223,0.0963565483689308,0.0713215619325637,0.0621488839387893,0.0890701338648796,0.1194733530282974,0.777604877948761,0.7452545166015625,0.7736730575561523,0.7893178462982178,0.7778021693229675,0.7042472958564758,142.7280135481733,151.81974585319668,141.34665566566065,132.13504611031078,102.93329663565626,70.15967131587668,0.352044939994812,0.3550828695297241,0.2604512870311737,0.2454445511102676,0.3522933423519134,0.3723639845848083,0.0889284759759903,0.0983097925782203,0.0737997964024543,0.0640096291899681,0.0910814255475997,0.1212525144219398,0.9562601447105408,0.9549383521080016,0.9721592664718628,0.9768548011779784,0.9567809104919434,0.9387807846069336,0.2557592093944549,0.269188642501831,0.2132821083068847,0.1779207438230514,0.2633819580078125,0.3268634080886841,0.8235878944396973,0.9788971543312072,0.7183431386947632,0.7469226717948914,0.8666370511054993,1.116047978401184,27.45064163208008,26.461322784423828,28.8990478515625,30.7679443359375,27.261266708374023,24.522876739501957,0.9395966529846193,0.923552632331848,0.9832108020782472,0.9853639602661132,0.939237415790558,0.9179156422615052,0.8339980117152894,0.8407613974290825,0.8986968143340737,0.912644297581904,0.824788343647159,0.8124825224464589,0.8339263200759888,0.8406016230583191,0.9684222936630248,0.9740660190582277,0.82467120885849,0.8120073080062866,0.6274230480194092,0.6358799338340759,0.6239878535270691,0.6886797547340393,0.7038903832435608,0.684650182723999,0.3466230928897857,0.3527985215187073,0.3605213463306427,0.3827894032001495,0.3407777845859527,0.3150428831577301,0.9766917824745178,0.9772816300392152,0.9918466806411744,0.994358479976654,0.9748701453208924,0.9688958525657654,-0.0335198193788528,-0.0361243076622486,-0.030636228621006,-0.0288021154701709,-0.0300441198050975,-0.0451489388942718
tmc2_the20smaria_00600_vox10_dec_geom04_text04.ply,the20smaria_00600_vox10.ply,TEXT,5,3.475,0.9931503744148612,0.9971064846355796,0.9968846410285058,0.661450443978801,0.3555571477307092,0.4490239501123976,0.9490287945963998,0.7135452793529349,0.8374031476498128,0.6644410898277738,0.4006646399019135,0.5834944912791898,0.4219706156014439,0.1718274265926319,0.1819261106954981,0.2722154318238196,0.1809354357849391,0.6668627234985933,0.7742879552597659,0.2927899841160621,0.5353643852869173,0.3985310358944463,0.2010773344641672,0.2136332650823611,0.8985877371497945,0.8726903553285612,0.8070915738309595,0.9962981519412968,0.9900901517573004,0.9327693831702732,0.8922245062281389,0.80500962194119,0.9544650809674206,0.8904533538327887,0.3595118410578399,0.8275131347768284,0.8107749036632477,0.5341109700096969,0.4812833868679023,0.0262407332593745,0.5182170271873474,0.4850400984287262,0.6006588339805603,0.6080552935600281,0.5071370601654053,0.4502689838409424,0.595678448677063,0.5911343693733215,0.6621363759040833,0.6667419075965881,0.5933565497398376,0.557386577129364,0.9588776785655668,0.9721853210819078,0.978284502433714,0.9723015266766852,0.9853604374892192,0.9699206590822088,0.0826050043106079,0.0997899174690246,0.0636558532714843,0.0765678882598877,0.0891869068145752,0.0825116634368896,0.8430688977241516,0.8091496825218201,0.8653228282928467,0.8830159902572632,0.8460942506790161,0.7790455222129822,0.913599967956543,0.9039011001586914,0.9801214933395386,0.9859336018562316,0.9059962034225464,0.8871045708656311,0.0753641873598098,0.0890168100595474,0.0662835985422134,0.0548214837908744,0.0777904316782951,0.1080518513917923,0.8099103569984436,0.7702106833457947,0.800660252571106,0.8140009641647339,0.8167569637298584,0.7383406162261963,135.1447840914614,146.4970683136031,128.9700732675347,122.41296700595224,93.6143339220456,61.96083008724239,0.3362111747264862,0.3446519374847412,0.2483320385217666,0.2294926345348358,0.3365960121154785,0.3591338992118835,0.0774288773536682,0.0910506024956703,0.06827262789011,0.056815467774868,0.0797923356294632,0.1096925735473632,0.9664143323898317,0.9631360769271852,0.977390468120575,0.9815510511398317,0.966454267501831,0.9520977735519408,0.2342940866947174,0.2517234086990356,0.1972830295562744,0.1645116209983825,0.2377095222473144,0.2978632152080536,0.6310280561447144,0.8125128746032715,0.6340787410736084,0.5997072458267212,0.8336573243141174,0.8224186897277832,28.12618637084961,26.85371208190918,29.480449676513672,31.359235763549805,28.07011032104492,25.09905242919922,0.948455572128296,0.9277529120445251,0.9864156246185304,0.9883368611335754,0.9499924182891846,0.9320337176322936,0.8598542955608875,0.8583612068921009,0.9150790314485489,0.9247275702090912,0.8536126876544307,0.8379418889536014,0.8598012328147888,0.8582310676574707,0.974547564983368,0.980021834373474,0.8535664081573486,0.8377212882041931,0.6896962523460388,0.6784228682518005,0.6611476540565491,0.7585405707359314,0.7480041980743408,0.759387195110321,0.379721850156784,0.3803335726261139,0.3937867879867553,0.416654109954834,0.3741161823272705,0.3462101817131042,0.9814592003822328,0.9805669188499452,0.9935575127601624,0.9957857131958008,0.9798574447631836,0.9741076827049256,-0.0251417066901922,-0.0320015549659729,-0.0268558301031589,-0.0250949747860431,-0.0267274230718612,-0.0378796346485614
tmc2_the20smaria_00600_vox10_dec_geom05_text05.ply,the20smaria_00600_vox10.ply,TEXT,5,3.45,0.9939240831094026,0.9979161073939206,0.9977751557326856,0.7731991742272419,0.3991532657625768,0.5030032499665507,0.94249402160484,0.7726711017977579,0.8732141119107554,0.7692951313526675,0.4676481657964008,0.7012939977394904,0.387040062931038,0.1636305438536696,0.1720631102872672,0.2407033908694456,0.1809354357849391,0.6668627234985933,0.7789153008397063,0.2869180098260953,0.5504327567570849,0.3436315497856952,0.175502752629822,0.1717503106944554,0.902519986857254,0.8740668348017517,0.8314124268320705,0.994461489074529,0.9886085406105332,0.9241291616961184,0.8912590408948764,0.8068201849989959,0.9640691142493644,0.9020517476884168,0.390742908667738,0.8657511292069355,0.8515680279611507,0.5586368643833148,0.4481373453881188,0.0185521169821675,0.5477835536003113,0.5341132283210754,0.6125576496124268,0.6207368969917297,0.5387670397758484,0.5107799172401428,0.6014449596405029,0.5947279930114746,0.6618539094924927,0.6671801209449768,0.5992779731750488,0.5645243525505066,0.9762723554159156,0.9843470159647808,0.9853646398639384,0.985484246071274,0.9905235960451212,0.985786996811822,0.0535656213760376,0.0666440725326538,0.0444233417510986,0.0343856811523437,0.0572002530097961,0.0561896562576293,0.884318470954895,0.8839666843414307,0.900994062423706,0.9267644882202148,0.8773329854011536,0.8420283794403076,0.9339894652366638,0.938351273536682,0.9859243035316468,0.9917196035385132,0.9251234531402588,0.916584014892578,0.0599494986236095,0.0606442019343376,0.0535442270338535,0.0392450541257858,0.0627522245049476,0.0784696340560913,0.8609693646430969,0.8506944179534912,0.856515645980835,0.8789519667625427,0.8511370420455933,0.8207024335861206,110.8779159843986,114.70183856717192,104.70634867750825,96.29732357930357,0.0,0.0,0.3120129406452179,0.3122428357601166,0.2263083755970001,0.1982263028621673,0.3160167336463928,0.3328759670257568,0.063028909265995,0.0633464455604553,0.0557410195469856,0.0413436703383922,0.0661292001605033,0.081629566848278,0.9753729701042176,0.9772790670394896,0.9841402769088744,0.9880029559135436,0.9746747016906738,0.969919204711914,0.199561595916748,0.1932004988193512,0.1652741283178329,0.1340127438306808,0.2181241512298584,0.2445892095565796,0.483491450548172,0.5466529130935669,0.4848240613937378,0.4350459277629852,0.4812574982643127,0.7074296474456787,29.19858741760254,28.67906951904297,30.69898796081543,32.85533142089844,28.69063377380371,26.56336975097656,0.9600088000297546,0.9564071893692015,0.9905816316604614,0.9926934242248536,0.9625905752182008,0.9500834345817566,0.8858892299804005,0.8929317507726071,0.9307340018591408,0.9413137667288932,0.8802382683634269,0.8753783640323795,0.8858556747436523,0.8928684592247009,0.9829913973808287,0.9879781603813172,0.880202054977417,0.8753144145011902,0.7852367758750916,0.7753409743309021,0.7279090881347656,0.8483868837356567,0.823801577091217,0.8354187607765198,0.4179289937019348,0.4305178523063659,0.4353532493114471,0.4566859602928161,0.4117884337902069,0.4011520445346832,0.9858249425888062,0.9873611330986024,0.9956061244010924,0.9975162148475648,0.9845655560493468,0.9823495149612428,-0.0167765654623508,-0.0205970015376806,-0.0232605654746294,-0.0219157971441745,-0.0215640440583229,-0.0301968902349472
