dataset,outer_fold,feature_set,SIGNAL,REF,y_true,y_pred
APSIPA,0,pointpca3_only,tmc13_head_00039_vox9_dec_geom01_text01_octree-predlift.ply,head_00039_vox9.ply,1.0,1.025
APSIPA,0,pointpca3_only,tmc13_head_00039_vox9_dec_geom02_text02_octree-predlift.ply,head_00039_vox9.ply,1.125,1.6932500000000001
APSIPA,0,pointpca3_only,tmc13_head_00039_vox9_dec_geom03_text03_octree-predlift.ply,head_00039_vox9.ply,1.8,3.3047500000000025
APSIPA,0,pointpca3_only,tmc13_head_00039_vox9_dec_geom04_text04_octree-predlift.ply,head_00039_vox9.ply,3.6,4.0825000000000005
APSIPA,0,pointpca3_only,tmc13_head_00039_vox9_dec_geom05_text05_octree-predlift.ply,head_00039_vox9.ply,4.45,4.589249999999997
APSIPA,0,pointpca3_only,tmc13_head_00039_vox9_dec_geom06_text06_octree-predlift.ply,head_00039_vox9.ply,4.6,4.8015000000000025
APSIPA,0,pointpca3_only,tmc13_head_00039_vox9_dec_geom01_text01_octree-raht.ply,head_00039_vox9.ply,1.0,1.0242499999999999
APSIPA,0,pointpca3_only,tmc13_head_00039_vox9_dec_geom02_text02_octree-raht.ply,head_00039_vox9.ply,1.0,1.5855000000000001
APSIPA,0,pointpca3_only,tmc13_head_00039_vox9_dec_geom03_text03_octree-raht.ply,head_00039_vox9.ply,1.575,3.447500000000004
APSIPA,0,pointpca3_only,tmc13_head_00039_vox9_dec_geom04_text04_octree-raht.ply,head_00039_vox9.ply,3.15,4.146250000000002
APSIPA,0,pointpca3_only,tmc13_head_00039_vox9_dec_geom05_text05_octree-raht.ply,head_00039_vox9.ply,4.875,4.622000000000002
APSIPA,0,pointpca3_only,tmc13_head_00039_vox9_dec_geom06_text06_octree-raht.ply,head_00039_vox9.ply,4.85,4.768750000000003
APSIPA,0,pointpca3_only,tmc13_head_00039_vox9_dec_geom01_text01_trisoup-predlift.ply,head_00039_vox9.ply,1.025,1.0835
APSIPA,0,pointpca3_only,tmc13_head_00039_vox9_dec_geom02_text02_trisoup-predlift.ply,head_00039_vox9.ply,1.175,1.690000000000001
APSIPA,0,pointpca3_only,tmc13_head_00039_vox9_dec_geom03_text03_trisoup-predlift.ply,head_00039_vox9.ply,1.75,2.1034999999999995
APSIPA,0,pointpca3_only,tmc13_head_00039_vox9_dec_geom04_text04_trisoup-predlift.ply,head_00039_vox9.ply,2.425,2.2332499999999986
APSIPA,0,pointpca3_only,tmc13_head_00039_vox9_dec_geom05_text05_trisoup-predlift.ply,head_00039_vox9.ply,4.05,3.73325
APSIPA,0,pointpca3_only,tmc13_head_00039_vox9_dec_geom06_text06_trisoup-predlift.ply,head_00039_vox9.ply,4.9,4.825500000000003
APSIPA,0,pointpca3_only,tmc13_head_00039_vox9_dec_geom01_text01_trisoup-raht.ply,head_00039_vox9.ply,1.0,1.0712499999999996
APSIPA,0,pointpca3_only,tmc13_head_00039_vox9_dec_geom02_text02_trisoup-raht.ply,head_00039_vox9.ply,1.1,1.5850000000000006
APSIPA,0,pointpca3_only,tmc13_head_00039_vox9_dec_geom03_text03_trisoup-raht.ply,head_00039_vox9.ply,1.375,1.8882499999999995
APSIPA,0,pointpca3_only,tmc13_head_00039_vox9_dec_geom04_text04_trisoup-raht.ply,head_00039_vox9.ply,3.1,2.4547499999999998
APSIPA,0,pointpca3_only,tmc13_head_00039_vox9_dec_geom05_text05_trisoup-raht.ply,head_00039_vox9.ply,3.9,3.7927499999999994
APSIPA,0,pointpca3_only,tmc13_head_00039_vox9_dec_geom06_text06_trisoup-raht.ply,head_00039_vox9.ply,4.95,4.857500000000006
APSIPA,0,pointpca3_only,tmc2_head_00039_vox9_dec_geom01_text01.ply,head_00039_vox9.ply,1.2,1.5337500000000006
APSIPA,0,pointpca3_only,tmc2_head_00039_vox9_dec_geom02_text02.ply,head_00039_vox9.ply,1.875,1.7857500000000002
APSIPA,0,pointpca3_only,tmc2_head_00039_vox9_dec_geom03_text03.ply,head_00039_vox9.ply,2.9,2.6449999999999996
APSIPA,0,pointpca3_only,tmc2_head_00039_vox9_dec_geom04_text04.ply,head_00039_vox9.ply,3.775,3.9032500000000003
APSIPA,0,pointpca3_only,tmc2_head_00039_vox9_dec_geom05_text05.ply,head_00039_vox9.ply,4.55,4.1579999999999995
APSIPA,0,pointpca3_only,tmc13_the20smaria_00600_vox10_dec_geom01_text01_octree-predlift.ply,the20smaria_00600_vox10.ply,1.0,1.0115
APSIPA,0,pointpca3_only,tmc13_the20smaria_00600_vox10_dec_geom02_text02_octree-predlift.ply,the20smaria_00600_vox10.ply,1.05,1.0832499999999994
APSIPA,0,pointpca3_only,tmc13_the20smaria_00600_vox10_dec_geom03_text03_octree-predlift.ply,the20smaria_00600_vox10.ply,1.5,1.7272499999999997
APSIPA,0,pointpca3_only,tmc13_the20smaria_00600_vox10_dec_geom04_text04_octree-predlift.ply,the20smaria_00600_vox10.ply,2.75,2.613250000000001
APSIPA,0,pointpca3_only,tmc13_the20smaria_00600_vox10_dec_geom05_text05_octree-predlift.ply,the20smaria_00600_vox10.ply,3.95,3.5767500000000014
APSIPA,0,pointpca3_only,tmc13_the20smaria_00600_vox10_dec_geom06_text06_octree-predlift.ply,the20smaria_00600_vox10.ply,4.65,4.562749999999999
APSIPA,0,pointpca3_only,tmc13_the20smaria_00600_vox10_dec_geom01_text01_octree-raht.ply,the20smaria_00600_vox10.ply,1.0,1.00275
APSIPA,0,pointpca3_only,tmc13_the20smaria_00600_vox10_dec_geom02_text02_octree-raht.ply,the20smaria_00600_vox10.ply,1.0,1.0582500000000001
APSIPA,0,pointpca3_only,tmc13_the20smaria_00600_vox10_dec_geom03_text03_octree-raht.ply,the20smaria_00600_vox10.ply,1.275,1.6145000000000003
APSIPA,0,pointpca3_only,tmc13_the20smaria_00600_vox10_dec_geom04_text04_octree-raht.ply,the20smaria_00600_vox10.ply,2.5,2.664000000000001
APSIPA,0,pointpca3_only,tmc13_the20smaria_00600_vox10_dec_geom05_text05_octree-raht.ply,the20smaria_00600_vox10.ply,3.725,3.697250000000001
APSIPA,0,pointpca3_only,tmc13_the20smaria_00600_vox10_dec_geom06_text06_octree-raht.ply,the20smaria_00600_vox10.ply,4.25,4.5619999999999985
APSIPA,0,pointpca3_only,tmc13_the20smaria_00600_vox10_dec_geom01_text01_trisoup-predlift.ply,the20smaria_00600_vox10.ply,1.0,1.1032500000000003
APSIPA,0,pointpca3_only,tmc13_the20smaria_00600_vox10_dec_geom02_text02_trisoup-predlift.ply,the20smaria_00600_vox10.ply,1.5,1.6970000000000007
APSIPA,0,pointpca3_only,tmc13_the20smaria_00600_vox10_dec_geom03_text03_trisoup-predlift.ply,the20smaria_00600_vox10.ply,1.5,1.767250000000001
APSIPA,0,pointpca3_only,tmc13_the20smaria_00600_vox10_dec_geom04_text04_trisoup-predlift.ply,the20smaria_00600_vox10.ply,2.1,1.9500000000000006
APSIPA,0,pointpca3_only,tmc13_the20smaria_00600_vox10_dec_geom05_text05_trisoup-predlift.ply,the20smaria_00600_vox10.ply,3.125,2.9789999999999996
APSIPA,0,pointpca3_only,tmc13_the20smaria_00600_vox10_dec_geom06_text06_trisoup-predlift.ply,the20smaria_00600_vox10.ply,5.0,4.711000000000002
APSIPA,0,pointpca3_only,tmc13_the20smaria_00600_vox10_dec_geom01_text01_trisoup-raht.ply,the20smaria_00600_vox10.ply,1.0,1.0567500000000003
APSIPA,0,pointpca3_only,tmc13_the20smaria_00600_vox10_dec_geom02_text02_trisoup-raht.ply,the20smaria_00600_vox10.ply,1.25,1.5755000000000008
APSIPA,0,pointpca3_only,tmc13_the20smaria_00600_vox10_dec_geom03_text03_trisoup-raht.ply,the20smaria_00600_vox10.ply,1.65,1.7740000000000011
APSIPA,0,pointpca3_only,tmc13_the20smaria_00600_vox10_dec_geom04_text04_trisoup-raht.ply,the20smaria_00600_vox10.ply,1.65,2.0742500000000006
APSIPA,0,pointpca3_only,tmc13_the20smaria_00600_vox10_dec_geom05_text05_trisoup-raht.ply,the20smaria_00600_vox10.ply,2.675,2.975250000000001
APSIPA,0,pointpca3_only,tmc13_the20smaria_00600_vox10_dec_geom06_text06_trisoup-raht.ply,the20smaria_00600_vox10.ply,4.625,4.691000000000003
APSIPA,0,pointpca3_only,tmc2_the20smaria_00600_vox10_dec_geom01_text01.ply,the20smaria_00600_vox10.ply,1.525,1.752500000000001
APSIPA,0,pointpca3_only,tmc2_the20smaria_00600_vox10_dec_geom02_text02.ply,the20smaria_00600_vox10.ply,2.15,1.9087500000000015
APSIPA,0,pointpca3_only,tmc2_the20smaria_00600_vox10_dec_geom03_text03.ply,the20smaria_00600_vox10.ply,3.4,2.247750000000002
APSIPA,0,pointpca3_only,tmc2_the20smaria_00600_vox10_dec_geom04_text04.ply,the20smaria_00600_vox10.ply,3.475,2.657250000000001
APSIPA,0,pointpca3_only,tmc2_the20smaria_00600_vox10_dec_geom05_text05.ply,the20smaria_00600_vox10.ply,3.45,3.4180000000000006
APSIPA,0,dists_only,tmc13_head_00039_vox9_dec_geom01_text01_octree-predlift.ply,head_00039_vox9.ply,1.0,1.0172500000000004
APSIPA,0,dists_only,tmc13_head_00039_vox9_dec_geom02_text02_octree-predlift.ply,head_00039_vox9.ply,1.125,1.1087500000000001
APSIPA,0,dists_only,tmc13_head_00039_vox9_dec_geom03_text03_octree-predlift.ply,head_00039_vox9.ply,1.8,1.6945000000000017
APSIPA,0,dists_only,tmc13_head_00039_vox9_dec_geom04_text04_octree-predlift.ply,head_00039_vox9.ply,3.6,2.5199999999999996
APSIPA,0,dists_only,tmc13_head_00039_vox9_dec_geom05_text05_octree-predlift.ply,head_00039_vox9.ply,4.45,4.1315
APSIPA,0,dists_only,tmc13_head_00039_vox9_dec_geom06_text06_octree-predlift.ply,head_00039_vox9.ply,4.6,4.521750000000006
APSIPA,0,dists_only,tmc13_head_00039_vox9_dec_geom01_text01_octree-raht.ply,head_00039_vox9.ply,1.0,1.0
APSIPA,0,dists_only,tmc13_head_00039_vox9_dec_geom02_text02_octree-raht.ply,head_00039_vox9.ply,1.0,1.0257500000000004
APSIPA,0,dists_only,tmc13_head_00039_vox9_dec_geom03_text03_octree-raht.ply,head_00039_vox9.ply,1.575,1.458499999999999
APSIPA,0,dists_only,tmc13_head_00039_vox9_dec_geom04_text04_octree-raht.ply,head_00039_vox9.ply,3.15,2.4202500000000007
APSIPA,0,dists_only,tmc13_head_00039_vox9_dec_geom05_text05_octree-raht.ply,head_00039_vox9.ply,4.875,3.809999999999998
APSIPA,0,dists_only,tmc13_head_00039_vox9_dec_geom06_text06_octree-raht.ply,head_00039_vox9.ply,4.85,4.507000000000008
APSIPA,0,dists_only,tmc13_head_00039_vox9_dec_geom01_text01_trisoup-predlift.ply,head_00039_vox9.ply,1.025,1.0757499999999998
APSIPA,0,dists_only,tmc13_head_00039_vox9_dec_geom02_text02_trisoup-predlift.ply,head_00039_vox9.ply,1.175,1.2032499999999997
APSIPA,0,dists_only,tmc13_head_00039_vox9_dec_geom03_text03_trisoup-predlift.ply,head_00039_vox9.ply,1.75,1.7420000000000013
APSIPA,0,dists_only,tmc13_head_00039_vox9_dec_geom04_text04_trisoup-predlift.ply,head_00039_vox9.ply,2.425,2.3597500000000022
APSIPA,0,dists_only,tmc13_head_00039_vox9_dec_geom05_text05_trisoup-predlift.ply,head_00039_vox9.ply,4.05,3.142749999999998
APSIPA,0,dists_only,tmc13_head_00039_vox9_dec_geom06_text06_trisoup-predlift.ply,head_00039_vox9.ply,4.9,4.553749999999999
APSIPA,0,dists_only,tmc13_head_00039_vox9_dec_geom01_text01_trisoup-raht.ply,head_00039_vox9.ply,1.0,1.0030000000000001
APSIPA,0,dists_only,tmc13_head_00039_vox9_dec_geom02_text02_trisoup-raht.ply,head_00039_vox9.ply,1.1,1.0862499999999997
APSIPA,0,dists_only,tmc13_head_00039_vox9_dec_geom03_text03_trisoup-raht.ply,head_00039_vox9.ply,1.375,1.3374999999999992
APSIPA,0,dists_only,tmc13_head_00039_vox9_dec_geom04_text04_trisoup-raht.ply,head_00039_vox9.ply,3.1,2.468250000000002
APSIPA,0,dists_only,tmc13_head_00039_vox9_dec_geom05_text05_trisoup-raht.ply,head_00039_vox9.ply,3.9,2.7895000000000003
APSIPA,0,dists_only,tmc13_head_00039_vox9_dec_geom06_text06_trisoup-raht.ply,head_00039_vox9.ply,4.95,4.536499999999998
APSIPA,0,dists_only,tmc2_head_00039_vox9_dec_geom01_text01.ply,head_00039_vox9.ply,1.2,1.206250000000001
APSIPA,0,dists_only,tmc2_head_00039_vox9_dec_geom02_text02.ply,head_00039_vox9.ply,1.875,1.6502499999999998
APSIPA,0,dists_only,tmc2_head_00039_vox9_dec_geom03_text03.ply,head_00039_vox9.ply,2.9,1.99325
APSIPA,0,dists_only,tmc2_head_00039_vox9_dec_geom04_text04.ply,head_00039_vox9.ply,3.775,2.4035000000000006
APSIPA,0,dists_only,tmc2_head_00039_vox9_dec_geom05_text05.ply,head_00039_vox9.ply,4.55,3.0817499999999995
APSIPA,0,dists_only,tmc13_the20smaria_00600_vox10_dec_geom01_text01_octree-predlift.ply,the20smaria_00600_vox10.ply,1.0,1.0
APSIPA,0,dists_only,tmc13_the20smaria_00600_vox10_dec_geom02_text02_octree-predlift.ply,the20smaria_00600_vox10.ply,1.05,1.0362499999999997
APSIPA,0,dists_only,tmc13_the20smaria_00600_vox10_dec_geom03_text03_octree-predlift.ply,the20smaria_00600_vox10.ply,1.5,1.4170000000000003
APSIPA,0,dists_only,tmc13_the20smaria_00600_vox10_dec_geom04_text04_octree-predlift.ply,the20smaria_00600_vox10.ply,2.75,2.419500000000001
APSIPA,0,dists_only,tmc13_the20smaria_00600_vox10_dec_geom05_text05_octree-predlift.ply,the20smaria_00600_vox10.ply,3.95,3.1214999999999997
APSIPA,0,dists_only,tmc13_the20smaria_00600_vox10_dec_geom06_text06_octree-predlift.ply,the20smaria_00600_vox10.ply,4.65,4.102750000000003
APSIPA,0,dists_only,tmc13_the20smaria_00600_vox10_dec_geom01_text01_octree-raht.ply,the20smaria_00600_vox10.ply,1.0,1.0
APSIPA,0,dists_only,tmc13_the20smaria_00600_vox10_dec_geom02_text02_octree-raht.ply,the20smaria_00600_vox10.ply,1.0,1.00225
APSIPA,0,dists_only,tmc13_the20smaria_00600_vox10_dec_geom03_text03_octree-raht.ply,the20smaria_00600_vox10.ply,1.275,1.1820000000000006
APSIPA,0,dists_only,tmc13_the20smaria_00600_vox10_dec_geom04_text04_octree-raht.ply,the20smaria_00600_vox10.ply,2.5,2.029250000000001
APSIPA,0,dists_only,tmc13_the20smaria_00600_vox10_dec_geom05_text05_octree-raht.ply,the20smaria_00600_vox10.ply,3.725,2.9964999999999997
APSIPA,0,dists_only,tmc13_the20smaria_00600_vox10_dec_geom06_text06_octree-raht.ply,the20smaria_00600_vox10.ply,4.25,4.096000000000004
APSIPA,0,dists_only,tmc13_the20smaria_00600_vox10_dec_geom01_text01_trisoup-predlift.ply,the20smaria_00600_vox10.ply,1.0,1.2049999999999992
APSIPA,0,dists_only,tmc13_the20smaria_00600_vox10_dec_geom02_text02_trisoup-predlift.ply,the20smaria_00600_vox10.ply,1.5,1.5817499999999993
APSIPA,0,dists_only,tmc13_the20smaria_00600_vox10_dec_geom03_text03_trisoup-predlift.ply,the20smaria_00600_vox10.ply,1.5,1.9602500000000003
APSIPA,0,dists_only,tmc13_the20smaria_00600_vox10_dec_geom04_text04_trisoup-predlift.ply,the20smaria_00600_vox10.ply,2.1,2.2730000000000006
APSIPA,0,dists_only,tmc13_the20smaria_00600_vox10_dec_geom05_text05_trisoup-predlift.ply,the20smaria_00600_vox10.ply,3.125,3.2242499999999983
APSIPA,0,dists_only,tmc13_the20smaria_00600_vox10_dec_geom06_text06_trisoup-predlift.ply,the20smaria_00600_vox10.ply,5.0,4.872499999999997
APSIPA,0,dists_only,tmc13_the20smaria_00600_vox10_dec_geom01_text01_trisoup-raht.ply,the20smaria_00600_vox10.ply,1.0,1.0582499999999988
APSIPA,0,dists_only,tmc13_the20smaria_00600_vox10_dec_geom02_text02_trisoup-raht.ply,the20smaria_00600_vox10.ply,1.25,1.1652500000000001
APSIPA,0,dists_only,tmc13_the20smaria_00600_vox10_dec_geom03_text03_trisoup-raht.ply,the20smaria_00600_vox10.ply,1.65,1.5649999999999988
APSIPA,0,dists_only,tmc13_the20smaria_00600_vox10_dec_geom04_text04_trisoup-raht.ply,the20smaria_00600_vox10.ply,1.65,2.13025
APSIPA,0,dists_only,tmc13_the20smaria_00600_vox10_dec_geom05_text05_trisoup-raht.ply,the20smaria_00600_vox10.ply,2.675,2.9380000000000006
APSIPA,0,dists_only,tmc13_the20smaria_00600_vox10_dec_geom06_text06_trisoup-raht.ply,the20smaria_00600_vox10.ply,4.625,4.7192500000000015
APSIPA,0,dists_only,tmc2_the20smaria_00600_vox10_dec_geom01_text01.ply,the20smaria_00600_vox10.ply,1.525,1.5505000000000007
APSIPA,0,dists_only,tmc2_the20smaria_00600_vox10_dec_geom02_text02.ply,the20smaria_00600_vox10.ply,2.15,2.083750000000001
APSIPA,0,dists_only,tmc2_the20smaria_00600_vox10_dec_geom03_text03.ply,the20smaria_00600_vox10.ply,3.4,2.4062500000000013
APSIPA,0,dists_only,tmc2_the20smaria_00600_vox10_dec_geom04_text04.ply,the20smaria_00600_vox10.ply,3.475,2.894
APSIPA,0,dists_only,tmc2_the20smaria_00600_vox10_dec_geom05_text05.ply,the20smaria_00600_vox10.ply,3.45,4.056500000000001
APSIPA,0,fusion_46,tmc13_head_00039_vox9_dec_geom01_text01_octree-predlift.ply,head_00039_vox9.ply,1.0,1.0097500000000001
APSIPA,0,fusion_46,tmc13_head_00039_vox9_dec_geom02_text02_octree-predlift.ply,head_00039_vox9.ply,1.125,1.5629999999999995
APSIPA,0,fusion_46,tmc13_head_00039_vox9_dec_geom03_text03_octree-predlift.ply,head_00039_vox9.ply,1.8,2.5512500000000014
APSIPA,0,fusion_46,tmc13_head_00039_vox9_dec_geom04_text04_octree-predlift.ply,head_00039_vox9.ply,3.6,3.3895000000000004
APSIPA,0,fusion_46,tmc13_head_00039_vox9_dec_geom05_text05_octree-predlift.ply,head_00039_vox9.ply,4.45,4.419499999999998
APSIPA,0,fusion_46,tmc13_head_00039_vox9_dec_geom06_text06_octree-predlift.ply,head_00039_vox9.ply,4.6,4.810750000000004
APSIPA,0,fusion_46,tmc13_head_00039_vox9_dec_geom01_text01_octree-raht.ply,head_00039_vox9.ply,1.0,1.00825
APSIPA,0,fusion_46,tmc13_head_00039_vox9_dec_geom02_text02_octree-raht.ply,head_00039_vox9.ply,1.0,1.4564999999999992
APSIPA,0,fusion_46,tmc13_head_00039_vox9_dec_geom03_text03_octree-raht.ply,head_00039_vox9.ply,1.575,2.484000000000001
APSIPA,0,fusion_46,tmc13_head_00039_vox9_dec_geom04_text04_octree-raht.ply,head_00039_vox9.ply,3.15,3.378750000000001
APSIPA,0,fusion_46,tmc13_head_00039_vox9_dec_geom05_text05_octree-raht.ply,head_00039_vox9.ply,4.875,4.519000000000001
APSIPA,0,fusion_46,tmc13_head_00039_vox9_dec_geom06_text06_octree-raht.ply,head_00039_vox9.ply,4.85,4.779750000000002
APSIPA,0,fusion_46,tmc13_head_00039_vox9_dec_geom01_text01_trisoup-predlift.ply,head_00039_vox9.ply,1.025,1.072
APSIPA,0,fusion_46,tmc13_head_00039_vox9_dec_geom02_text02_trisoup-predlift.ply,head_00039_vox9.ply,1.175,1.5312500000000002
APSIPA,0,fusion_46,tmc13_head_00039_vox9_dec_geom03_text03_trisoup-predlift.ply,head_00039_vox9.ply,1.75,2.033
APSIPA,0,fusion_46,tmc13_head_00039_vox9_dec_geom04_text04_trisoup-predlift.ply,head_00039_vox9.ply,2.425,2.3874999999999997
APSIPA,0,fusion_46,tmc13_head_00039_vox9_dec_geom05_text05_trisoup-predlift.ply,head_00039_vox9.ply,4.05,3.524499999999999
APSIPA,0,fusion_46,tmc13_head_00039_vox9_dec_geom06_text06_trisoup-predlift.ply,head_00039_vox9.ply,4.9,4.794000000000004
APSIPA,0,fusion_46,tmc13_head_00039_vox9_dec_geom01_text01_trisoup-raht.ply,head_00039_vox9.ply,1.0,1.02425
APSIPA,0,fusion_46,tmc13_head_00039_vox9_dec_geom02_text02_trisoup-raht.ply,head_00039_vox9.ply,1.1,1.3134999999999997
APSIPA,0,fusion_46,tmc13_head_00039_vox9_dec_geom03_text03_trisoup-raht.ply,head_00039_vox9.ply,1.375,1.6855000000000004
APSIPA,0,fusion_46,tmc13_head_00039_vox9_dec_geom04_text04_trisoup-raht.ply,head_00039_vox9.ply,3.1,2.4280000000000004
APSIPA,0,fusion_46,tmc13_head_00039_vox9_dec_geom05_text05_trisoup-raht.ply,head_00039_vox9.ply,3.9,3.4882499999999994
APSIPA,0,fusion_46,tmc13_head_00039_vox9_dec_geom06_text06_trisoup-raht.ply,head_00039_vox9.ply,4.95,4.790000000000007
APSIPA,0,fusion_46,tmc2_head_00039_vox9_dec_geom01_text01.ply,head_00039_vox9.ply,1.2,1.3900000000000003
APSIPA,0,fusion_46,tmc2_head_00039_vox9_dec_geom02_text02.ply,head_00039_vox9.ply,1.875,1.8617500000000005
APSIPA,0,fusion_46,tmc2_head_00039_vox9_dec_geom03_text03.ply,head_00039_vox9.ply,2.9,2.568750000000002
APSIPA,0,fusion_46,tmc2_head_00039_vox9_dec_geom04_text04.ply,head_00039_vox9.ply,3.775,3.0027500000000007
APSIPA,0,fusion_46,tmc2_head_00039_vox9_dec_geom05_text05.ply,head_00039_vox9.ply,4.55,3.7437499999999995
APSIPA,0,fusion_46,tmc13_the20smaria_00600_vox10_dec_geom01_text01_octree-predlift.ply,the20smaria_00600_vox10.ply,1.0,1.0005
APSIPA,0,fusion_46,tmc13_the20smaria_00600_vox10_dec_geom02_text02_octree-predlift.ply,the20smaria_00600_vox10.ply,1.05,1.0384999999999998
APSIPA,0,fusion_46,tmc13_the20smaria_00600_vox10_dec_geom03_text03_octree-predlift.ply,the20smaria_00600_vox10.ply,1.5,2.0017500000000004
APSIPA,0,fusion_46,tmc13_the20smaria_00600_vox10_dec_geom04_text04_octree-predlift.ply,the20smaria_00600_vox10.ply,2.75,2.8
APSIPA,0,fusion_46,tmc13_the20smaria_00600_vox10_dec_geom05_text05_octree-predlift.ply,the20smaria_00600_vox10.ply,3.95,3.5257500000000004
APSIPA,0,fusion_46,tmc13_the20smaria_00600_vox10_dec_geom06_text06_octree-predlift.ply,the20smaria_00600_vox10.ply,4.65,4.636000000000001
APSIPA,0,fusion_46,tmc13_the20smaria_00600_vox10_dec_geom01_text01_octree-raht.ply,the20smaria_00600_vox10.ply,1.0,1.0005
APSIPA,0,fusion_46,tmc13_the20smaria_00600_vox10_dec_geom02_text02_octree-raht.ply,the20smaria_00600_vox10.ply,1.0,1.01325
APSIPA,0,fusion_46,tmc13_the20smaria_00600_vox10_dec_geom03_text03_octree-raht.ply,the20smaria_00600_vox10.ply,1.275,1.66575
APSIPA,0,fusion_46,tmc13_the20smaria_00600_vox10_dec_geom04_text04_octree-raht.ply,the20smaria_00600_vox10.ply,2.5,2.746000000000001
APSIPA,0,fusion_46,tmc13_the20smaria_00600_vox10_dec_geom05_text05_octree-raht.ply,the20smaria_00600_vox10.ply,3.725,3.5612500000000007
APSIPA,0,fusion_46,tmc13_the20smaria_00600_vox10_dec_geom06_text06_octree-raht.ply,the20smaria_00600_vox10.ply,4.25,4.614000000000002
APSIPA,0,fusion_46,tmc13_the20smaria_00600_vox10_dec_geom01_text01_trisoup-predlift.ply,the20smaria_00600_vox10.ply,1.0,1.2842500000000008
APSIPA,0,fusion_46,tmc13_the20smaria_00600_vox10_dec_geom02_text02_trisoup-predlift.ply,the20smaria_00600_vox10.ply,1.5,1.87025
APSIPA,0,fusion_46,tmc13_the20smaria_00600_vox10_dec_geom03_text03_trisoup-predlift.ply,the20smaria_00600_vox10.ply,1.5,1.8935000000000002
APSIPA,0,fusion_46,tmc13_the20smaria_00600_vox10_dec_geom04_text04_trisoup-predlift.ply,the20smaria_00600_vox10.ply,2.1,2.139500000000001
APSIPA,0,fusion_46,tmc13_the20smaria_00600_vox10_dec_geom05_text05_trisoup-predlift.ply,the20smaria_00600_vox10.ply,3.125,3.0454999999999997
APSIPA,0,fusion_46,tmc13_the20smaria_00600_vox10_dec_geom06_text06_trisoup-predlift.ply,the20smaria_00600_vox10.ply,5.0,4.780999999999999
APSIPA,0,fusion_46,tmc13_the20smaria_00600_vox10_dec_geom01_text01_trisoup-raht.ply,the20smaria_00600_vox10.ply,1.0,1.0530000000000004
APSIPA,0,fusion_46,tmc13_the20smaria_00600_vox10_dec_geom02_text02_trisoup-raht.ply,the20smaria_00600_vox10.ply,1.25,1.3115
APSIPA,0,fusion_46,tmc13_the20smaria_00600_vox10_dec_geom03_text03_trisoup-raht.ply,the20smaria_00600_vox10.ply,1.65,1.8602500000000006
APSIPA,0,fusion_46,tmc13_the20smaria_00600_vox10_dec_geom04_text04_trisoup-raht.ply,the20smaria_00600_vox10.ply,1.65,1.9920000000000004
APSIPA,0,fusion_46,tmc13_the20smaria_00600_vox10_dec_geom05_text05_trisoup-raht.ply,the20smaria_00600_vox10.ply,2.675,2.9665000000000004
APSIPA,0,fusion_46,tmc13_the20smaria_00600_vox10_dec_geom06_text06_trisoup-raht.ply,the20smaria_00600_vox10.ply,4.625,4.716000000000003
APSIPA,0,fusion_46,tmc2_the20smaria_00600_vox10_dec_geom01_text01.ply,the20smaria_00600_vox10.ply,1.525,1.9017499999999998
APSIPA,0,fusion_46,tmc2_the20smaria_00600_vox10_dec_geom02_text02.ply,the20smaria_00600_vox10.ply,2.15,2.173
APSIPA,0,fusion_46,tmc2_the20smaria_00600_vox10_dec_geom03_text03.ply,the20smaria_00600_vox10.ply,3.4,2.469250000000001
APSIPA,0,fusion_46,tmc2_the20smaria_00600_vox10_dec_geom04_text04.ply,the20smaria_00600_vox10.ply,3.475,2.807500000000001
APSIPA,0,fusion_46,tmc2_the20smaria_00600_vox10_dec_geom05_text05.ply,the20smaria_00600_vox10.ply,3.45,3.477500000000002
APSIPA,1,pointpca3_only,tmc13_biplane_vox10_dec_geom01_text01_octree-predlift.ply,biplane_vox10.ply,1.0,1.0065
APSIPA,1,pointpca3_only,tmc13_biplane_vox10_dec_geom02_text02_octree-predlift.ply,biplane_vox10.ply,1.1,1.2092500000000002
APSIPA,1,pointpca3_only,tmc13_biplane_vox10_dec_geom03_text03_octree-predlift.ply,biplane_vox10.ply,1.975,1.6407500000000004
APSIPA,1,pointpca3_only,tmc13_biplane_vox10_dec_geom04_text04_octree-predlift.ply,biplane_vox10.ply,3.8,2.3314999999999997
APSIPA,1,pointpca3_only,tmc13_biplane_vox10_dec_geom05_text05_octree-predlift.ply,biplane_vox10.ply,4.575,3.908000000000001
APSIPA,1,pointpca3_only,tmc13_biplane_vox10_dec_geom06_text06_octree-predlift.ply,biplane_vox10.ply,4.775,4.560999999999997
APSIPA,1,pointpca3_only,tmc13_biplane_vox10_dec_geom01_text01_octree-raht.ply,biplane_vox10.ply,1.0,1.0019999999999998
APSIPA,1,pointpca3_only,tmc13_biplane_vox10_dec_geom02_text02_octree-raht.ply,biplane_vox10.ply,1.05,1.2332500000000002
APSIPA,1,pointpca3_only,tmc13_biplane_vox10_dec_geom03_text03_octree-raht.ply,biplane_vox10.ply,2.05,1.7085
APSIPA,1,pointpca3_only,tmc13_biplane_vox10_dec_geom04_text04_octree-raht.ply,biplane_vox10.ply,3.925,2.6499999999999995
APSIPA,1,pointpca3_only,tmc13_biplane_vox10_dec_geom05_text05_octree-raht.ply,biplane_vox10.ply,4.55,3.9960000000000004
APSIPA,1,pointpca3_only,tmc13_biplane_vox10_dec_geom06_text06_octree-raht.ply,biplane_vox10.ply,4.75,4.659250000000001
APSIPA,1,pointpca3_only,tmc13_biplane_vox10_dec_geom01_text01_trisoup-predlift.ply,biplane_vox10.ply,1.1,1.0130000000000003
APSIPA,1,pointpca3_only,tmc13_biplane_vox10_dec_geom02_text02_trisoup-predlift.ply,biplane_vox10.ply,1.9,1.27325
APSIPA,1,pointpca3_only,tmc13_biplane_vox10_dec_geom03_text03_trisoup-predlift.ply,biplane_vox10.ply,2.35,1.6907500000000004
APSIPA,1,pointpca3_only,tmc13_biplane_vox10_dec_geom04_text04_trisoup-predlift.ply,biplane_vox10.ply,2.225,1.9469999999999994
APSIPA,1,pointpca3_only,tmc13_biplane_vox10_dec_geom05_text05_trisoup-predlift.ply,biplane_vox10.ply,3.125,2.9722500000000007
APSIPA,1,pointpca3_only,tmc13_biplane_vox10_dec_geom06_text06_trisoup-predlift.ply,biplane_vox10.ply,4.925,4.859499999999995
APSIPA,1,pointpca3_only,tmc13_biplane_vox10_dec_geom01_text01_trisoup-raht.ply,biplane_vox10.ply,1.025,1.0090000000000001
APSIPA,1,pointpca3_only,tmc13_biplane_vox10_dec_geom02_text02_trisoup-raht.ply,biplane_vox10.ply,1.55,1.4547499999999998
APSIPA,1,pointpca3_only,tmc13_biplane_vox10_dec_geom03_text03_trisoup-raht.ply,biplane_vox10.ply,2.15,1.6587499999999995
APSIPA,1,pointpca3_only,tmc13_biplane_vox10_dec_geom04_text04_trisoup-raht.ply,biplane_vox10.ply,2.1,2.123999999999999
APSIPA,1,pointpca3_only,tmc13_biplane_vox10_dec_geom05_text05_trisoup-raht.ply,biplane_vox10.ply,4.15,3.5867499999999994
APSIPA,1,pointpca3_only,tmc13_biplane_vox10_dec_geom06_text06_trisoup-raht.ply,biplane_vox10.ply,4.975,4.837499999999997
APSIPA,1,pointpca3_only,tmc2_biplane_vox10_dec_geom01_text01.ply,biplane_vox10.ply,2.0,1.3820000000000008
APSIPA,1,pointpca3_only,tmc2_biplane_vox10_dec_geom02_text02.ply,biplane_vox10.ply,3.5,1.7137500000000008
APSIPA,1,pointpca3_only,tmc2_biplane_vox10_dec_geom03_text03.ply,biplane_vox10.ply,3.0,2.2505
APSIPA,1,pointpca3_only,tmc2_biplane_vox10_dec_geom04_text04.ply,biplane_vox10.ply,3.5,2.942999999999999
APSIPA,1,pointpca3_only,tmc2_biplane_vox10_dec_geom05_text05.ply,biplane_vox10.ply,4.725,3.626500000000001
APSIPA,1,pointpca3_only,tmc13_soldier_vox10_0690_dec_geom01_text01_octree-predlift.ply,soldier_vox10_0690.ply,1.0,1.00025
APSIPA,1,pointpca3_only,tmc13_soldier_vox10_0690_dec_geom02_text02_octree-predlift.ply,soldier_vox10_0690.ply,1.0,1.02875
APSIPA,1,pointpca3_only,tmc13_soldier_vox10_0690_dec_geom03_text03_octree-predlift.ply,soldier_vox10_0690.ply,1.25,1.5824999999999998
APSIPA,1,pointpca3_only,tmc13_soldier_vox10_0690_dec_geom04_text04_octree-predlift.ply,soldier_vox10_0690.ply,2.5,2.798499999999999
APSIPA,1,pointpca3_only,tmc13_soldier_vox10_0690_dec_geom05_text05_octree-predlift.ply,soldier_vox10_0690.ply,3.45,3.7940000000000014
APSIPA,1,pointpca3_only,tmc13_soldier_vox10_0690_dec_geom06_text06_octree-predlift.ply,soldier_vox10_0690.ply,4.475,4.105249999999999
APSIPA,1,pointpca3_only,tmc13_soldier_vox10_0690_dec_geom01_text01_octree-raht.ply,soldier_vox10_0690.ply,1.0,1.0005000000000002
APSIPA,1,pointpca3_only,tmc13_soldier_vox10_0690_dec_geom02_text02_octree-raht.ply,soldier_vox10_0690.ply,1.0,1.00275
APSIPA,1,pointpca3_only,tmc13_soldier_vox10_0690_dec_geom03_text03_octree-raht.ply,soldier_vox10_0690.ply,1.125,1.3567499999999992
APSIPA,1,pointpca3_only,tmc13_soldier_vox10_0690_dec_geom04_text04_octree-raht.ply,soldier_vox10_0690.ply,2.4,2.6382499999999993
APSIPA,1,pointpca3_only,tmc13_soldier_vox10_0690_dec_geom05_text05_octree-raht.ply,soldier_vox10_0690.ply,3.4,3.6197500000000025
APSIPA,1,pointpca3_only,tmc13_soldier_vox10_0690_dec_geom06_text06_octree-raht.ply,soldier_vox10_0690.ply,4.325,4.0497499999999995
APSIPA,1,pointpca3_only,tmc13_soldier_vox10_0690_dec_geom01_text01_trisoup-predlift.ply,soldier_vox10_0690.ply,1.025,1.02075
APSIPA,1,pointpca3_only,tmc13_soldier_vox10_0690_dec_geom02_text02_trisoup-predlift.ply,soldier_vox10_0690.ply,1.575,1.4182500000000005
APSIPA,1,pointpca3_only,tmc13_soldier_vox10_0690_dec_geom03_text03_trisoup-predlift.ply,soldier_vox10_0690.ply,1.925,1.7834999999999992
APSIPA,1,pointpca3_only,tmc13_soldier_vox10_0690_dec_geom04_text04_trisoup-predlift.ply,soldier_vox10_0690.ply,2.475,2.084750000000001
APSIPA,1,pointpca3_only,tmc13_soldier_vox10_0690_dec_geom05_text05_trisoup-predlift.ply,soldier_vox10_0690.ply,3.45,3.678499999999999
APSIPA,1,pointpca3_only,tmc13_soldier_vox10_0690_dec_geom06_text06_trisoup-predlift.ply,soldier_vox10_0690.ply,4.875,4.552749999999994
APSIPA,1,pointpca3_only,tmc13_soldier_vox10_0690_dec_geom01_text01_trisoup-raht.ply,soldier_vox10_0690.ply,1.0,1.00875
APSIPA,1,pointpca3_only,tmc13_soldier_vox10_0690_dec_geom02_text02_trisoup-raht.ply,soldier_vox10_0690.ply,1.125,1.1922500000000011
APSIPA,1,pointpca3_only,tmc13_soldier_vox10_0690_dec_geom03_text03_trisoup-raht.ply,soldier_vox10_0690.ply,1.225,1.5992499999999998
APSIPA,1,pointpca3_only,tmc13_soldier_vox10_0690_dec_geom04_text04_trisoup-raht.ply,soldier_vox10_0690.ply,1.775,1.9715000000000011
APSIPA,1,pointpca3_only,tmc13_soldier_vox10_0690_dec_geom05_text05_trisoup-raht.ply,soldier_vox10_0690.ply,3.55,3.473250000000001
APSIPA,1,pointpca3_only,tmc13_soldier_vox10_0690_dec_geom06_text06_trisoup-raht.ply,soldier_vox10_0690.ply,4.225,4.341499999999997
APSIPA,1,pointpca3_only,tmc2_soldier_vox10_0690_dec_geom01_text01.ply,soldier_vox10_0690.ply,1.275,1.367750000000001
APSIPA,1,pointpca3_only,tmc2_soldier_vox10_0690_dec_geom02_text02.ply,soldier_vox10_0690.ply,2.15,2.364500000000001
APSIPA,1,pointpca3_only,tmc2_soldier_vox10_0690_dec_geom03_text03.ply,soldier_vox10_0690.ply,2.425,2.8995000000000006
APSIPA,1,pointpca3_only,tmc2_soldier_vox10_0690_dec_geom04_text04.ply,soldier_vox10_0690.ply,4.025,3.553
APSIPA,1,pointpca3_only,tmc2_soldier_vox10_0690_dec_geom05_text05.ply,soldier_vox10_0690.ply,3.625,3.955000000000001
APSIPA,1,dists_only,tmc13_biplane_vox10_dec_geom01_text01_octree-predlift.ply,biplane_vox10.ply,1.0,1.0
APSIPA,1,dists_only,tmc13_biplane_vox10_dec_geom02_text02_octree-predlift.ply,biplane_vox10.ply,1.1,1.0592500000000005
APSIPA,1,dists_only,tmc13_biplane_vox10_dec_geom03_text03_octree-predlift.ply,biplane_vox10.ply,1.975,1.4952500000000004
APSIPA,1,dists_only,tmc13_biplane_vox10_dec_geom04_text04_octree-predlift.ply,biplane_vox10.ply,3.8,2.523249999999999
APSIPA,1,dists_only,tmc13_biplane_vox10_dec_geom05_text05_octree-predlift.ply,biplane_vox10.ply,4.575,3.3170000000000015
APSIPA,1,dists_only,tmc13_biplane_vox10_dec_geom06_text06_octree-predlift.ply,biplane_vox10.ply,4.775,4.357750000000006
APSIPA,1,dists_only,tmc13_biplane_vox10_dec_geom01_text01_octree-raht.ply,biplane_vox10.ply,1.0,1.0
APSIPA,1,dists_only,tmc13_biplane_vox10_dec_geom02_text02_octree-raht.ply,biplane_vox10.ply,1.05,1.041000000000001
APSIPA,1,dists_only,tmc13_biplane_vox10_dec_geom03_text03_octree-raht.ply,biplane_vox10.ply,2.05,1.5497500000000002
APSIPA,1,dists_only,tmc13_biplane_vox10_dec_geom04_text04_octree-raht.ply,biplane_vox10.ply,3.925,2.541749999999997
APSIPA,1,dists_only,tmc13_biplane_vox10_dec_geom05_text05_octree-raht.ply,biplane_vox10.ply,4.55,3.3815000000000026
APSIPA,1,dists_only,tmc13_biplane_vox10_dec_geom06_text06_octree-raht.ply,biplane_vox10.ply,4.75,4.330000000000003
APSIPA,1,dists_only,tmc13_biplane_vox10_dec_geom01_text01_trisoup-predlift.ply,biplane_vox10.ply,1.1,1.0327500000000003
APSIPA,1,dists_only,tmc13_biplane_vox10_dec_geom02_text02_trisoup-predlift.ply,biplane_vox10.ply,1.9,1.65325
APSIPA,1,dists_only,tmc13_biplane_vox10_dec_geom03_text03_trisoup-predlift.ply,biplane_vox10.ply,2.35,2.0010000000000017
APSIPA,1,dists_only,tmc13_biplane_vox10_dec_geom04_text04_trisoup-predlift.ply,biplane_vox10.ply,2.225,2.127250000000001
APSIPA,1,dists_only,tmc13_biplane_vox10_dec_geom05_text05_trisoup-predlift.ply,biplane_vox10.ply,3.125,2.986750000000002
APSIPA,1,dists_only,tmc13_biplane_vox10_dec_geom06_text06_trisoup-predlift.ply,biplane_vox10.ply,4.925,4.828999999999993
APSIPA,1,dists_only,tmc13_biplane_vox10_dec_geom01_text01_trisoup-raht.ply,biplane_vox10.ply,1.025,1.0379999999999998
APSIPA,1,dists_only,tmc13_biplane_vox10_dec_geom02_text02_trisoup-raht.ply,biplane_vox10.ply,1.55,1.6125
APSIPA,1,dists_only,tmc13_biplane_vox10_dec_geom03_text03_trisoup-raht.ply,biplane_vox10.ply,2.15,2.0540000000000016
APSIPA,1,dists_only,tmc13_biplane_vox10_dec_geom04_text04_trisoup-raht.ply,biplane_vox10.ply,2.1,2.142000000000001
APSIPA,1,dists_only,tmc13_biplane_vox10_dec_geom05_text05_trisoup-raht.ply,biplane_vox10.ply,4.15,3.012000000000002
APSIPA,1,dists_only,tmc13_biplane_vox10_dec_geom06_text06_trisoup-raht.ply,biplane_vox10.ply,4.975,4.820999999999993
APSIPA,1,dists_only,tmc2_biplane_vox10_dec_geom01_text01.ply,biplane_vox10.ply,2.0,1.5187499999999992
APSIPA,1,dists_only,tmc2_biplane_vox10_dec_geom02_text02.ply,biplane_vox10.ply,3.5,2.1407500000000024
APSIPA,1,dists_only,tmc2_biplane_vox10_dec_geom03_text03.ply,biplane_vox10.ply,3.0,2.8647499999999995
APSIPA,1,dists_only,tmc2_biplane_vox10_dec_geom04_text04.ply,biplane_vox10.ply,3.5,2.8820000000000023
APSIPA,1,dists_only,tmc2_biplane_vox10_dec_geom05_text05.ply,biplane_vox10.ply,4.725,3.061500000000002
APSIPA,1,dists_only,tmc13_soldier_vox10_0690_dec_geom01_text01_octree-predlift.ply,soldier_vox10_0690.ply,1.0,1.0
APSIPA,1,dists_only,tmc13_soldier_vox10_0690_dec_geom02_text02_octree-predlift.ply,soldier_vox10_0690.ply,1.0,1.0227500000000005
APSIPA,1,dists_only,tmc13_soldier_vox10_0690_dec_geom03_text03_octree-predlift.ply,soldier_vox10_0690.ply,1.25,1.4452500000000001
APSIPA,1,dists_only,tmc13_soldier_vox10_0690_dec_geom04_text04_octree-predlift.ply,soldier_vox10_0690.ply,2.5,2.5180000000000025
APSIPA,1,dists_only,tmc13_soldier_vox10_0690_dec_geom05_text05_octree-predlift.ply,soldier_vox10_0690.ply,3.45,3.6264999999999987
APSIPA,1,dists_only,tmc13_soldier_vox10_0690_dec_geom06_text06_octree-predlift.ply,soldier_vox10_0690.ply,4.475,4.162750000000003
APSIPA,1,dists_only,tmc13_soldier_vox10_0690_dec_geom01_text01_octree-raht.ply,soldier_vox10_0690.ply,1.0,1.0
APSIPA,1,dists_only,tmc13_soldier_vox10_0690_dec_geom02_text02_octree-raht.ply,soldier_vox10_0690.ply,1.0,1.0052500000000002
APSIPA,1,dists_only,tmc13_soldier_vox10_0690_dec_geom03_text03_octree-raht.ply,soldier_vox10_0690.ply,1.125,1.23975
APSIPA,1,dists_only,tmc13_soldier_vox10_0690_dec_geom04_text04_octree-raht.ply,soldier_vox10_0690.ply,2.4,2.189250000000002
APSIPA,1,dists_only,tmc13_soldier_vox10_0690_dec_geom05_text05_octree-raht.ply,soldier_vox10_0690.ply,3.4,3.6047500000000037
APSIPA,1,dists_only,tmc13_soldier_vox10_0690_dec_geom06_text06_octree-raht.ply,soldier_vox10_0690.ply,4.325,4.1570000000000045
APSIPA,1,dists_only,tmc13_soldier_vox10_0690_dec_geom01_text01_trisoup-predlift.ply,soldier_vox10_0690.ply,1.025,1.156
APSIPA,1,dists_only,tmc13_soldier_vox10_0690_dec_geom02_text02_trisoup-predlift.ply,soldier_vox10_0690.ply,1.575,1.5720000000000016
APSIPA,1,dists_only,tmc13_soldier_vox10_0690_dec_geom03_text03_trisoup-predlift.ply,soldier_vox10_0690.ply,1.925,2.3284999999999996
APSIPA,1,dists_only,tmc13_soldier_vox10_0690_dec_geom04_text04_trisoup-predlift.ply,soldier_vox10_0690.ply,2.475,3.4557500000000014
APSIPA,1,dists_only,tmc13_soldier_vox10_0690_dec_geom05_text05_trisoup-predlift.ply,soldier_vox10_0690.ply,3.45,4.170999999999998
APSIPA,1,dists_only,tmc13_soldier_vox10_0690_dec_geom06_text06_trisoup-predlift.ply,soldier_vox10_0690.ply,4.875,4.6492499999999986
APSIPA,1,dists_only,tmc13_soldier_vox10_0690_dec_geom01_text01_trisoup-raht.ply,soldier_vox10_0690.ply,1.0,1.0145
APSIPA,1,dists_only,tmc13_soldier_vox10_0690_dec_geom02_text02_trisoup-raht.ply,soldier_vox10_0690.ply,1.125,1.208
APSIPA,1,dists_only,tmc13_soldier_vox10_0690_dec_geom03_text03_trisoup-raht.ply,soldier_vox10_0690.ply,1.225,2.256250000000001
APSIPA,1,dists_only,tmc13_soldier_vox10_0690_dec_geom04_text04_trisoup-raht.ply,soldier_vox10_0690.ply,1.775,3.073
APSIPA,1,dists_only,tmc13_soldier_vox10_0690_dec_geom05_text05_trisoup-raht.ply,soldier_vox10_0690.ply,3.55,3.5892499999999994
APSIPA,1,dists_only,tmc13_soldier_vox10_0690_dec_geom06_text06_trisoup-raht.ply,soldier_vox10_0690.ply,4.225,4.656999999999995
APSIPA,1,dists_only,tmc2_soldier_vox10_0690_dec_geom01_text01.ply,soldier_vox10_0690.ply,1.275,1.6652500000000017
APSIPA,1,dists_only,tmc2_soldier_vox10_0690_dec_geom02_text02.ply,soldier_vox10_0690.ply,2.15,2.694000000000001
APSIPA,1,dists_only,tmc2_soldier_vox10_0690_dec_geom03_text03.ply,soldier_vox10_0690.ply,2.425,3.6950000000000016
APSIPA,1,dists_only,tmc2_soldier_vox10_0690_dec_geom04_text04.ply,soldier_vox10_0690.ply,4.025,4.395000000000001
APSIPA,1,dists_only,tmc2_soldier_vox10_0690_dec_geom05_text05.ply,soldier_vox10_0690.ply,3.625,4.474750000000006
APSIPA,1,fusion_46,tmc13_biplane_vox10_dec_geom01_text01_octree-predlift.ply,biplane_vox10.ply,1.0,1.00375
APSIPA,1,fusion_46,tmc13_biplane_vox10_dec_geom02_text02_octree-predlift.ply,biplane_vox10.ply,1.1,1.0957499999999998
APSIPA,1,fusion_46,tmc13_biplane_vox10_dec_geom03_text03_octree-predlift.ply,biplane_vox10.ply,1.975,1.5647500000000005
APSIPA,1,fusion_46,tmc13_biplane_vox10_dec_geom04_text04_octree-predlift.ply,biplane_vox10.ply,3.8,2.978750000000001
APSIPA,1,fusion_46,tmc13_biplane_vox10_dec_geom05_text05_octree-predlift.ply,biplane_vox10.ply,4.575,4.006749999999999
APSIPA,1,fusion_46,tmc13_biplane_vox10_dec_geom06_text06_octree-predlift.ply,biplane_vox10.ply,4.775,4.624999999999999
APSIPA,1,fusion_46,tmc13_biplane_vox10_dec_geom01_text01_octree-raht.ply,biplane_vox10.ply,1.0,1.0025
APSIPA,1,fusion_46,tmc13_biplane_vox10_dec_geom02_text02_octree-raht.ply,biplane_vox10.ply,1.05,1.1045000000000003
APSIPA,1,fusion_46,tmc13_biplane_vox10_dec_geom03_text03_octree-raht.ply,biplane_vox10.ply,2.05,1.62825
APSIPA,1,fusion_46,tmc13_biplane_vox10_dec_geom04_text04_octree-raht.ply,biplane_vox10.ply,3.925,3.02025
APSIPA,1,fusion_46,tmc13_biplane_vox10_dec_geom05_text05_octree-raht.ply,biplane_vox10.ply,4.55,4.1007500000000014
APSIPA,1,fusion_46,tmc13_biplane_vox10_dec_geom06_text06_octree-raht.ply,biplane_vox10.ply,4.75,4.723000000000003
APSIPA,1,fusion_46,tmc13_biplane_vox10_dec_geom01_text01_trisoup-predlift.ply,biplane_vox10.ply,1.1,1.0375000000000003
APSIPA,1,fusion_46,tmc13_biplane_vox10_dec_geom02_text02_trisoup-predlift.ply,biplane_vox10.ply,1.9,1.4265000000000003
APSIPA,1,fusion_46,tmc13_biplane_vox10_dec_geom03_text03_trisoup-predlift.ply,biplane_vox10.ply,2.35,1.79775
APSIPA,1,fusion_46,tmc13_biplane_vox10_dec_geom04_text04_trisoup-predlift.ply,biplane_vox10.ply,2.225,2.2172500000000004
APSIPA,1,fusion_46,tmc13_biplane_vox10_dec_geom05_text05_trisoup-predlift.ply,biplane_vox10.ply,3.125,2.9270000000000014
APSIPA,1,fusion_46,tmc13_biplane_vox10_dec_geom06_text06_trisoup-predlift.ply,biplane_vox10.ply,4.925,4.873749999999996
APSIPA,1,fusion_46,tmc13_biplane_vox10_dec_geom01_text01_trisoup-raht.ply,biplane_vox10.ply,1.025,1.033250000000001
APSIPA,1,fusion_46,tmc13_biplane_vox10_dec_geom02_text02_trisoup-raht.ply,biplane_vox10.ply,1.55,1.4710000000000003
APSIPA,1,fusion_46,tmc13_biplane_vox10_dec_geom03_text03_trisoup-raht.ply,biplane_vox10.ply,2.15,2.06325
APSIPA,1,fusion_46,tmc13_biplane_vox10_dec_geom04_text04_trisoup-raht.ply,biplane_vox10.ply,2.1,2.3620000000000005
APSIPA,1,fusion_46,tmc13_biplane_vox10_dec_geom05_text05_trisoup-raht.ply,biplane_vox10.ply,4.15,3.162500000000002
APSIPA,1,fusion_46,tmc13_biplane_vox10_dec_geom06_text06_trisoup-raht.ply,biplane_vox10.ply,4.975,4.823249999999999
APSIPA,1,fusion_46,tmc2_biplane_vox10_dec_geom01_text01.ply,biplane_vox10.ply,2.0,1.4252500000000001
APSIPA,1,fusion_46,tmc2_biplane_vox10_dec_geom02_text02.ply,biplane_vox10.ply,3.5,2.0057500000000004
APSIPA,1,fusion_46,tmc2_biplane_vox10_dec_geom03_text03.ply,biplane_vox10.ply,3.0,2.7147500000000013
APSIPA,1,fusion_46,tmc2_biplane_vox10_dec_geom04_text04.ply,biplane_vox10.ply,3.5,3.102750000000001
APSIPA,1,fusion_46,tmc2_biplane_vox10_dec_geom05_text05.ply,biplane_vox10.ply,4.725,3.7697500000000015
APSIPA,1,fusion_46,tmc13_soldier_vox10_0690_dec_geom01_text01_octree-predlift.ply,soldier_vox10_0690.ply,1.0,1.0
APSIPA,1,fusion_46,tmc13_soldier_vox10_0690_dec_geom02_text02_octree-predlift.ply,soldier_vox10_0690.ply,1.0,1.00575
APSIPA,1,fusion_46,tmc13_soldier_vox10_0690_dec_geom03_text03_octree-predlift.ply,soldier_vox10_0690.ply,1.25,1.5127499999999998
APSIPA,1,fusion_46,tmc13_soldier_vox10_0690_dec_geom04_text04_octree-predlift.ply,soldier_vox10_0690.ply,2.5,2.7769999999999997
APSIPA,1,fusion_46,tmc13_soldier_vox10_0690_dec_geom05_text05_octree-predlift.ply,soldier_vox10_0690.ply,3.45,3.5675000000000017
APSIPA,1,fusion_46,tmc13_soldier_vox10_0690_dec_geom06_text06_octree-predlift.ply,soldier_vox10_0690.ply,4.475,4.272750000000001
APSIPA,1,fusion_46,tmc13_soldier_vox10_0690_dec_geom01_text01_octree-raht.ply,soldier_vox10_0690.ply,1.0,1.0
APSIPA,1,fusion_46,tmc13_soldier_vox10_0690_dec_geom02_text02_octree-raht.ply,soldier_vox10_0690.ply,1.0,1.0
APSIPA,1,fusion_46,tmc13_soldier_vox10_0690_dec_geom03_text03_octree-raht.ply,soldier_vox10_0690.ply,1.125,1.3302499999999993
APSIPA,1,fusion_46,tmc13_soldier_vox10_0690_dec_geom04_text04_octree-raht.ply,soldier_vox10_0690.ply,2.4,2.5462499999999992
APSIPA,1,fusion_46,tmc13_soldier_vox10_0690_dec_geom05_text05_octree-raht.ply,soldier_vox10_0690.ply,3.4,3.4702500000000014
APSIPA,1,fusion_46,tmc13_soldier_vox10_0690_dec_geom06_text06_octree-raht.ply,soldier_vox10_0690.ply,4.325,4.244500000000002
APSIPA,1,fusion_46,tmc13_soldier_vox10_0690_dec_geom01_text01_trisoup-predlift.ply,soldier_vox10_0690.ply,1.025,1.05575
APSIPA,1,fusion_46,tmc13_soldier_vox10_0690_dec_geom02_text02_trisoup-predlift.ply,soldier_vox10_0690.ply,1.575,1.4635000000000011
APSIPA,1,fusion_46,tmc13_soldier_vox10_0690_dec_geom03_text03_trisoup-predlift.ply,soldier_vox10_0690.ply,1.925,1.8167500000000008
APSIPA,1,fusion_46,tmc13_soldier_vox10_0690_dec_geom04_text04_trisoup-predlift.ply,soldier_vox10_0690.ply,2.475,2.2827499999999996
APSIPA,1,fusion_46,tmc13_soldier_vox10_0690_dec_geom05_text05_trisoup-predlift.ply,soldier_vox10_0690.ply,3.45,3.9062500000000004
APSIPA,1,fusion_46,tmc13_soldier_vox10_0690_dec_geom06_text06_trisoup-predlift.ply,soldier_vox10_0690.ply,4.875,4.5854999999999935
APSIPA,1,fusion_46,tmc13_soldier_vox10_0690_dec_geom01_text01_trisoup-raht.ply,soldier_vox10_0690.ply,1.0,1.00225
APSIPA,1,fusion_46,tmc13_soldier_vox10_0690_dec_geom02_text02_trisoup-raht.ply,soldier_vox10_0690.ply,1.125,1.2195
APSIPA,1,fusion_46,tmc13_soldier_vox10_0690_dec_geom03_text03_trisoup-raht.ply,soldier_vox10_0690.ply,1.225,1.6612500000000003
APSIPA,1,fusion_46,tmc13_soldier_vox10_0690_dec_geom04_text04_trisoup-raht.ply,soldier_vox10_0690.ply,1.775,1.94425
APSIPA,1,fusion_46,tmc13_soldier_vox10_0690_dec_geom05_text05_trisoup-raht.ply,soldier_vox10_0690.ply,3.55,3.4150000000000023
APSIPA,1,fusion_46,tmc13_soldier_vox10_0690_dec_geom06_text06_trisoup-raht.ply,soldier_vox10_0690.ply,4.225,4.541499999999994
APSIPA,1,fusion_46,tmc2_soldier_vox10_0690_dec_geom01_text01.ply,soldier_vox10_0690.ply,1.275,1.3685000000000003
APSIPA,1,fusion_46,tmc2_soldier_vox10_0690_dec_geom02_text02.ply,soldier_vox10_0690.ply,2.15,2.222750000000001
APSIPA,1,fusion_46,tmc2_soldier_vox10_0690_dec_geom03_text03.ply,soldier_vox10_0690.ply,2.425,2.8097500000000015
APSIPA,1,fusion_46,tmc2_soldier_vox10_0690_dec_geom04_text04.ply,soldier_vox10_0690.ply,4.025,3.6477499999999976
APSIPA,1,fusion_46,tmc2_soldier_vox10_0690_dec_geom05_text05.ply,soldier_vox10_0690.ply,3.625,3.9352499999999977
APSIPA,2,pointpca3_only,tmc13_amphoriskos_vox10_dec_geom01_text01_octree-predlift.ply,amphoriskos_vox10.ply,1.0,1.1597499999999998
APSIPA,2,pointpca3_only,tmc13_amphoriskos_vox10_dec_geom02_text02_octree-predlift.ply,amphoriskos_vox10.ply,1.5,1.0799999999999996
APSIPA,2,pointpca3_only,tmc13_amphoriskos_vox10_dec_geom03_text03_octree-predlift.ply,amphoriskos_vox10.ply,2.9,1.85925
APSIPA,2,pointpca3_only,tmc13_amphoriskos_vox10_dec_geom04_text04_octree-predlift.ply,amphoriskos_vox10.ply,4.375,2.9109999999999987
APSIPA,2,pointpca3_only,tmc13_amphoriskos_vox10_dec_geom05_text05_octree-predlift.ply,amphoriskos_vox10.ply,4.6,3.6902499999999994
APSIPA,2,pointpca3_only,tmc13_amphoriskos_vox10_dec_geom06_text06_octree-predlift.ply,amphoriskos_vox10.ply,4.75,4.077750000000001
APSIPA,2,pointpca3_only,tmc13_amphoriskos_vox10_dec_geom01_text01_octree-raht.ply,amphoriskos_vox10.ply,1.0,1.0647499999999999
APSIPA,2,pointpca3_only,tmc13_amphoriskos_vox10_dec_geom02_text02_octree-raht.ply,amphoriskos_vox10.ply,1.075,1.0597500000000002
APSIPA,2,pointpca3_only,tmc13_amphoriskos_vox10_dec_geom03_text03_octree-raht.ply,amphoriskos_vox10.ply,2.025,1.7695000000000005
APSIPA,2,pointpca3_only,tmc13_amphoriskos_vox10_dec_geom04_text04_octree-raht.ply,amphoriskos_vox10.ply,3.7,2.8022499999999995
APSIPA,2,pointpca3_only,tmc13_amphoriskos_vox10_dec_geom05_text05_octree-raht.ply,amphoriskos_vox10.ply,4.475,3.71225
APSIPA,2,pointpca3_only,tmc13_amphoriskos_vox10_dec_geom06_text06_octree-raht.ply,amphoriskos_vox10.ply,4.85,4.094250000000001
APSIPA,2,pointpca3_only,tmc13_amphoriskos_vox10_dec_geom01_text01_trisoup-predlift.ply,amphoriskos_vox10.ply,1.25,1.5167499999999998
APSIPA,2,pointpca3_only,tmc13_amphoriskos_vox10_dec_geom02_text02_trisoup-predlift.ply,amphoriskos_vox10.ply,2.3,1.8987500000000006
APSIPA,2,pointpca3_only,tmc13_amphoriskos_vox10_dec_geom03_text03_trisoup-predlift.ply,amphoriskos_vox10.ply,2.675,2.1645000000000003
APSIPA,2,pointpca3_only,tmc13_amphoriskos_vox10_dec_geom04_text04_trisoup-predlift.ply,amphoriskos_vox10.ply,2.725,2.3534999999999995
APSIPA,2,pointpca3_only,tmc13_amphoriskos_vox10_dec_geom05_text05_trisoup-predlift.ply,amphoriskos_vox10.ply,3.1,2.346
APSIPA,2,pointpca3_only,tmc13_amphoriskos_vox10_dec_geom06_text06_trisoup-predlift.ply,amphoriskos_vox10.ply,4.9,4.629749999999999
APSIPA,2,pointpca3_only,tmc13_amphoriskos_vox10_dec_geom01_text01_trisoup-raht.ply,amphoriskos_vox10.ply,1.025,1.2260000000000002
APSIPA,2,pointpca3_only,tmc13_amphoriskos_vox10_dec_geom02_text02_trisoup-raht.ply,amphoriskos_vox10.ply,1.625,1.910750000000001
APSIPA,2,pointpca3_only,tmc13_amphoriskos_vox10_dec_geom03_text03_trisoup-raht.ply,amphoriskos_vox10.ply,2.05,2.2027500000000013
APSIPA,2,pointpca3_only,tmc13_amphoriskos_vox10_dec_geom04_text04_trisoup-raht.ply,amphoriskos_vox10.ply,2.45,2.472000000000001
APSIPA,2,pointpca3_only,tmc13_amphoriskos_vox10_dec_geom05_text05_trisoup-raht.ply,amphoriskos_vox10.ply,3.1,2.4920000000000004
APSIPA,2,pointpca3_only,tmc13_amphoriskos_vox10_dec_geom06_text06_trisoup-raht.ply,amphoriskos_vox10.ply,4.725,4.3502500000000035
APSIPA,2,pointpca3_only,tmc2_amphoriskos_vox10_dec_geom01_text01.ply,amphoriskos_vox10.ply,2.5,1.5762499999999995
APSIPA,2,pointpca3_only,tmc2_amphoriskos_vox10_dec_geom02_text02.ply,amphoriskos_vox10.ply,3.475,2.043250000000002
APSIPA,2,pointpca3_only,tmc2_amphoriskos_vox10_dec_geom03_text03.ply,amphoriskos_vox10.ply,3.6,2.2867499999999996
APSIPA,2,pointpca3_only,tmc2_amphoriskos_vox10_dec_geom04_text04.ply,amphoriskos_vox10.ply,4.5,2.5669999999999993
APSIPA,2,pointpca3_only,tmc2_amphoriskos_vox10_dec_geom05_text05.ply,amphoriskos_vox10.ply,4.475,2.91925
APSIPA,2,pointpca3_only,tmc13_romanoillamp_vox10_dec_geom01_text01_octree-predlift.ply,romanoillamp_vox10.ply,1.0,1.0005
APSIPA,2,pointpca3_only,tmc13_romanoillamp_vox10_dec_geom02_text02_octree-predlift.ply,romanoillamp_vox10.ply,1.05,1.0259999999999998
APSIPA,2,pointpca3_only,tmc13_romanoillamp_vox10_dec_geom03_text03_octree-predlift.ply,romanoillamp_vox10.ply,1.775,1.74175
APSIPA,2,pointpca3_only,tmc13_romanoillamp_vox10_dec_geom04_text04_octree-predlift.ply,romanoillamp_vox10.ply,2.75,2.660500000000001
APSIPA,2,pointpca3_only,tmc13_romanoillamp_vox10_dec_geom05_text05_octree-predlift.ply,romanoillamp_vox10.ply,4.45,3.5569999999999986
APSIPA,2,pointpca3_only,tmc13_romanoillamp_vox10_dec_geom06_text06_octree-predlift.ply,romanoillamp_vox10.ply,4.925,3.9624999999999995
APSIPA,2,pointpca3_only,tmc13_romanoillamp_vox10_dec_geom01_text01_octree-raht.ply,romanoillamp_vox10.ply,1.0,1.00025
APSIPA,2,pointpca3_only,tmc13_romanoillamp_vox10_dec_geom02_text02_octree-raht.ply,romanoillamp_vox10.ply,1.0,1.01625
APSIPA,2,pointpca3_only,tmc13_romanoillamp_vox10_dec_geom03_text03_octree-raht.ply,romanoillamp_vox10.ply,1.475,1.5492499999999998
APSIPA,2,pointpca3_only,tmc13_romanoillamp_vox10_dec_geom04_text04_octree-raht.ply,romanoillamp_vox10.ply,2.925,2.984749999999999
APSIPA,2,pointpca3_only,tmc13_romanoillamp_vox10_dec_geom05_text05_octree-raht.ply,romanoillamp_vox10.ply,4.6,3.5575
APSIPA,2,pointpca3_only,tmc13_romanoillamp_vox10_dec_geom06_text06_octree-raht.ply,romanoillamp_vox10.ply,4.65,3.9390000000000005
APSIPA,2,pointpca3_only,tmc13_romanoillamp_vox10_dec_geom01_text01_trisoup-predlift.ply,romanoillamp_vox10.ply,1.075,1.2010000000000007
APSIPA,2,pointpca3_only,tmc13_romanoillamp_vox10_dec_geom02_text02_trisoup-predlift.ply,romanoillamp_vox10.ply,1.825,1.7940000000000014
APSIPA,2,pointpca3_only,tmc13_romanoillamp_vox10_dec_geom03_text03_trisoup-predlift.ply,romanoillamp_vox10.ply,2.475,1.8887500000000015
APSIPA,2,pointpca3_only,tmc13_romanoillamp_vox10_dec_geom04_text04_trisoup-predlift.ply,romanoillamp_vox10.ply,3.625,2.3160000000000016
APSIPA,2,pointpca3_only,tmc13_romanoillamp_vox10_dec_geom05_text05_trisoup-predlift.ply,romanoillamp_vox10.ply,4.625,2.8554999999999997
APSIPA,2,pointpca3_only,tmc13_romanoillamp_vox10_dec_geom06_text06_trisoup-predlift.ply,romanoillamp_vox10.ply,4.9,4.3660000000000005
APSIPA,2,pointpca3_only,tmc13_romanoillamp_vox10_dec_geom01_text01_trisoup-raht.ply,romanoillamp_vox10.ply,1.0,1.1432500000000005
APSIPA,2,pointpca3_only,tmc13_romanoillamp_vox10_dec_geom02_text02_trisoup-raht.ply,romanoillamp_vox10.ply,1.225,1.6965000000000015
APSIPA,2,pointpca3_only,tmc13_romanoillamp_vox10_dec_geom03_text03_trisoup-raht.ply,romanoillamp_vox10.ply,2.925,2.1477500000000016
APSIPA,2,pointpca3_only,tmc13_romanoillamp_vox10_dec_geom04_text04_trisoup-raht.ply,romanoillamp_vox10.ply,4.5,2.954000000000001
APSIPA,2,pointpca3_only,tmc13_romanoillamp_vox10_dec_geom05_text05_trisoup-raht.ply,romanoillamp_vox10.ply,4.6,2.926499999999999
APSIPA,2,pointpca3_only,tmc13_romanoillamp_vox10_dec_geom06_text06_trisoup-raht.ply,romanoillamp_vox10.ply,4.7,4.184750000000005
APSIPA,2,pointpca3_only,tmc2_romanoillamp_vox10_dec_geom01_text01.ply,romanoillamp_vox10.ply,1.525,1.409250000000001
APSIPA,2,pointpca3_only,tmc2_romanoillamp_vox10_dec_geom02_text02.ply,romanoillamp_vox10.ply,2.4,1.8637500000000018
APSIPA,2,pointpca3_only,tmc2_romanoillamp_vox10_dec_geom03_text03.ply,romanoillamp_vox10.ply,2.975,2.340500000000001
APSIPA,2,pointpca3_only,tmc2_romanoillamp_vox10_dec_geom04_text04.ply,romanoillamp_vox10.ply,4.2,2.998250000000001
APSIPA,2,pointpca3_only,tmc2_romanoillamp_vox10_dec_geom05_text05.ply,romanoillamp_vox10.ply,4.475,3.3392500000000007
APSIPA,2,dists_only,tmc13_amphoriskos_vox10_dec_geom01_text01_octree-predlift.ply,amphoriskos_vox10.ply,1.0,1.0
APSIPA,2,dists_only,tmc13_amphoriskos_vox10_dec_geom02_text02_octree-predlift.ply,amphoriskos_vox10.ply,1.5,1.1242500000000006
APSIPA,2,dists_only,tmc13_amphoriskos_vox10_dec_geom03_text03_octree-predlift.ply,amphoriskos_vox10.ply,2.9,2.6214999999999997
APSIPA,2,dists_only,tmc13_amphoriskos_vox10_dec_geom04_text04_octree-predlift.ply,amphoriskos_vox10.ply,4.375,4.4064999999999985
APSIPA,2,dists_only,tmc13_amphoriskos_vox10_dec_geom05_text05_octree-predlift.ply,amphoriskos_vox10.ply,4.6,3.9429999999999996
APSIPA,2,dists_only,tmc13_amphoriskos_vox10_dec_geom06_text06_octree-predlift.ply,amphoriskos_vox10.ply,4.75,4.269999999999998
APSIPA,2,dists_only,tmc13_amphoriskos_vox10_dec_geom01_text01_octree-raht.ply,amphoriskos_vox10.ply,1.0,1.0
APSIPA,2,dists_only,tmc13_amphoriskos_vox10_dec_geom02_text02_octree-raht.ply,amphoriskos_vox10.ply,1.075,1.001
APSIPA,2,dists_only,tmc13_amphoriskos_vox10_dec_geom03_text03_octree-raht.ply,amphoriskos_vox10.ply,2.025,1.6645000000000008
APSIPA,2,dists_only,tmc13_amphoriskos_vox10_dec_geom04_text04_octree-raht.ply,amphoriskos_vox10.ply,3.7,3.503250000000004
APSIPA,2,dists_only,tmc13_amphoriskos_vox10_dec_geom05_text05_octree-raht.ply,amphoriskos_vox10.ply,4.475,4.490500000000002
APSIPA,2,dists_only,tmc13_amphoriskos_vox10_dec_geom06_text06_octree-raht.ply,amphoriskos_vox10.ply,4.85,4.166749999999998
APSIPA,2,dists_only,tmc13_amphoriskos_vox10_dec_geom01_text01_trisoup-predlift.ply,amphoriskos_vox10.ply,1.25,1.7950000000000015
APSIPA,2,dists_only,tmc13_amphoriskos_vox10_dec_geom02_text02_trisoup-predlift.ply,amphoriskos_vox10.ply,2.3,2.61075
APSIPA,2,dists_only,tmc13_amphoriskos_vox10_dec_geom03_text03_trisoup-predlift.ply,amphoriskos_vox10.ply,2.675,3.451000000000001
APSIPA,2,dists_only,tmc13_amphoriskos_vox10_dec_geom04_text04_trisoup-predlift.ply,amphoriskos_vox10.ply,2.725,3.93575
APSIPA,2,dists_only,tmc13_amphoriskos_vox10_dec_geom05_text05_trisoup-predlift.ply,amphoriskos_vox10.ply,3.1,3.685500000000002
APSIPA,2,dists_only,tmc13_amphoriskos_vox10_dec_geom06_text06_trisoup-predlift.ply,amphoriskos_vox10.ply,4.9,4.9725000000000055
APSIPA,2,dists_only,tmc13_amphoriskos_vox10_dec_geom01_text01_trisoup-raht.ply,amphoriskos_vox10.ply,1.025,1.0107499999999998
APSIPA,2,dists_only,tmc13_amphoriskos_vox10_dec_geom02_text02_trisoup-raht.ply,amphoriskos_vox10.ply,1.625,1.1655000000000013
APSIPA,2,dists_only,tmc13_amphoriskos_vox10_dec_geom03_text03_trisoup-raht.ply,amphoriskos_vox10.ply,2.05,1.756500000000002
APSIPA,2,dists_only,tmc13_amphoriskos_vox10_dec_geom04_text04_trisoup-raht.ply,amphoriskos_vox10.ply,2.45,3.372250000000002
APSIPA,2,dists_only,tmc13_amphoriskos_vox10_dec_geom05_text05_trisoup-raht.ply,amphoriskos_vox10.ply,3.1,3.952250000000002
APSIPA,2,dists_only,tmc13_amphoriskos_vox10_dec_geom06_text06_trisoup-raht.ply,amphoriskos_vox10.ply,4.725,4.911249999999997
APSIPA,2,dists_only,tmc2_amphoriskos_vox10_dec_geom01_text01.ply,amphoriskos_vox10.ply,2.5,2.503750000000001
APSIPA,2,dists_only,tmc2_amphoriskos_vox10_dec_geom02_text02.ply,amphoriskos_vox10.ply,3.475,3.120250000000003
APSIPA,2,dists_only,tmc2_amphoriskos_vox10_dec_geom03_text03.ply,amphoriskos_vox10.ply,3.6,3.6880000000000024
APSIPA,2,dists_only,tmc2_amphoriskos_vox10_dec_geom04_text04.ply,amphoriskos_vox10.ply,4.5,3.6950000000000016
APSIPA,2,dists_only,tmc2_amphoriskos_vox10_dec_geom05_text05.ply,amphoriskos_vox10.ply,4.475,3.802000000000001
APSIPA,2,dists_only,tmc13_romanoillamp_vox10_dec_geom01_text01_octree-predlift.ply,romanoillamp_vox10.ply,1.0,1.0
APSIPA,2,dists_only,tmc13_romanoillamp_vox10_dec_geom02_text02_octree-predlift.ply,romanoillamp_vox10.ply,1.05,1.02375
APSIPA,2,dists_only,tmc13_romanoillamp_vox10_dec_geom03_text03_octree-predlift.ply,romanoillamp_vox10.ply,1.775,2.0177500000000004
APSIPA,2,dists_only,tmc13_romanoillamp_vox10_dec_geom04_text04_octree-predlift.ply,romanoillamp_vox10.ply,2.75,2.93
APSIPA,2,dists_only,tmc13_romanoillamp_vox10_dec_geom05_text05_octree-predlift.ply,romanoillamp_vox10.ply,4.45,4.182750000000001
APSIPA,2,dists_only,tmc13_romanoillamp_vox10_dec_geom06_text06_octree-predlift.ply,romanoillamp_vox10.ply,4.925,3.8697500000000016
APSIPA,2,dists_only,tmc13_romanoillamp_vox10_dec_geom01_text01_octree-raht.ply,romanoillamp_vox10.ply,1.0,1.0
APSIPA,2,dists_only,tmc13_romanoillamp_vox10_dec_geom02_text02_octree-raht.ply,romanoillamp_vox10.ply,1.0,1.0
APSIPA,2,dists_only,tmc13_romanoillamp_vox10_dec_geom03_text03_octree-raht.ply,romanoillamp_vox10.ply,1.475,1.45875
APSIPA,2,dists_only,tmc13_romanoillamp_vox10_dec_geom04_text04_octree-raht.ply,romanoillamp_vox10.ply,2.925,2.8297500000000007
APSIPA,2,dists_only,tmc13_romanoillamp_vox10_dec_geom05_text05_octree-raht.ply,romanoillamp_vox10.ply,4.6,4.23925
APSIPA,2,dists_only,tmc13_romanoillamp_vox10_dec_geom06_text06_octree-raht.ply,romanoillamp_vox10.ply,4.65,3.806750000000002
APSIPA,2,dists_only,tmc13_romanoillamp_vox10_dec_geom01_text01_trisoup-predlift.ply,romanoillamp_vox10.ply,1.075,1.1547499999999997
APSIPA,2,dists_only,tmc13_romanoillamp_vox10_dec_geom02_text02_trisoup-predlift.ply,romanoillamp_vox10.ply,1.825,1.8202500000000004
APSIPA,2,dists_only,tmc13_romanoillamp_vox10_dec_geom03_text03_trisoup-predlift.ply,romanoillamp_vox10.ply,2.475,2.5614999999999997
APSIPA,2,dists_only,tmc13_romanoillamp_vox10_dec_geom04_text04_trisoup-predlift.ply,romanoillamp_vox10.ply,3.625,3.980500000000001
APSIPA,2,dists_only,tmc13_romanoillamp_vox10_dec_geom05_text05_trisoup-predlift.ply,romanoillamp_vox10.ply,4.625,4.067749999999999
APSIPA,2,dists_only,tmc13_romanoillamp_vox10_dec_geom06_text06_trisoup-predlift.ply,romanoillamp_vox10.ply,4.9,4.957000000000004
APSIPA,2,dists_only,tmc13_romanoillamp_vox10_dec_geom01_text01_trisoup-raht.ply,romanoillamp_vox10.ply,1.0,1.0122499999999999
APSIPA,2,dists_only,tmc13_romanoillamp_vox10_dec_geom02_text02_trisoup-raht.ply,romanoillamp_vox10.ply,1.225,1.1397500000000007
APSIPA,2,dists_only,tmc13_romanoillamp_vox10_dec_geom03_text03_trisoup-raht.ply,romanoillamp_vox10.ply,2.925,2.6522499999999996
APSIPA,2,dists_only,tmc13_romanoillamp_vox10_dec_geom04_text04_trisoup-raht.ply,romanoillamp_vox10.ply,4.5,4.358999999999997
APSIPA,2,dists_only,tmc13_romanoillamp_vox10_dec_geom05_text05_trisoup-raht.ply,romanoillamp_vox10.ply,4.6,4.14775
APSIPA,2,dists_only,tmc13_romanoillamp_vox10_dec_geom06_text06_trisoup-raht.ply,romanoillamp_vox10.ply,4.7,4.956500000000006
APSIPA,2,dists_only,tmc2_romanoillamp_vox10_dec_geom01_text01.ply,romanoillamp_vox10.ply,1.525,1.3810000000000002
APSIPA,2,dists_only,tmc2_romanoillamp_vox10_dec_geom02_text02.ply,romanoillamp_vox10.ply,2.4,1.8412500000000023
APSIPA,2,dists_only,tmc2_romanoillamp_vox10_dec_geom03_text03.ply,romanoillamp_vox10.ply,2.975,2.768999999999999
APSIPA,2,dists_only,tmc2_romanoillamp_vox10_dec_geom04_text04.ply,romanoillamp_vox10.ply,4.2,3.95625
APSIPA,2,dists_only,tmc2_romanoillamp_vox10_dec_geom05_text05.ply,romanoillamp_vox10.ply,4.475,4.09625
APSIPA,2,fusion_46,tmc13_amphoriskos_vox10_dec_geom01_text01_octree-predlift.ply,amphoriskos_vox10.ply,1.0,1.0397500000000002
APSIPA,2,fusion_46,tmc13_amphoriskos_vox10_dec_geom02_text02_octree-predlift.ply,amphoriskos_vox10.ply,1.5,1.1134999999999993
APSIPA,2,fusion_46,tmc13_amphoriskos_vox10_dec_geom03_text03_octree-predlift.ply,amphoriskos_vox10.ply,2.9,2.2729999999999997
APSIPA,2,fusion_46,tmc13_amphoriskos_vox10_dec_geom04_text04_octree-predlift.ply,amphoriskos_vox10.ply,4.375,3.2602499999999996
APSIPA,2,fusion_46,tmc13_amphoriskos_vox10_dec_geom05_text05_octree-predlift.ply,amphoriskos_vox10.ply,4.6,3.8917500000000005
APSIPA,2,fusion_46,tmc13_amphoriskos_vox10_dec_geom06_text06_octree-predlift.ply,amphoriskos_vox10.ply,4.75,4.075250000000004
APSIPA,2,fusion_46,tmc13_amphoriskos_vox10_dec_geom01_text01_octree-raht.ply,amphoriskos_vox10.ply,1.0,1.02375
APSIPA,2,fusion_46,tmc13_amphoriskos_vox10_dec_geom02_text02_octree-raht.ply,amphoriskos_vox10.ply,1.075,1.0394999999999999
APSIPA,2,fusion_46,tmc13_amphoriskos_vox10_dec_geom03_text03_octree-raht.ply,amphoriskos_vox10.ply,2.025,1.8032499999999996
APSIPA,2,fusion_46,tmc13_amphoriskos_vox10_dec_geom04_text04_octree-raht.ply,amphoriskos_vox10.ply,3.7,3.1147500000000004
APSIPA,2,fusion_46,tmc13_amphoriskos_vox10_dec_geom05_text05_octree-raht.ply,amphoriskos_vox10.ply,4.475,3.891499999999999
APSIPA,2,fusion_46,tmc13_amphoriskos_vox10_dec_geom06_text06_octree-raht.ply,amphoriskos_vox10.ply,4.85,4.050750000000003
APSIPA,2,fusion_46,tmc13_amphoriskos_vox10_dec_geom01_text01_trisoup-predlift.ply,amphoriskos_vox10.ply,1.25,1.510000000000001
APSIPA,2,fusion_46,tmc13_amphoriskos_vox10_dec_geom02_text02_trisoup-predlift.ply,amphoriskos_vox10.ply,2.3,2.1062499999999997
APSIPA,2,fusion_46,tmc13_amphoriskos_vox10_dec_geom03_text03_trisoup-predlift.ply,amphoriskos_vox10.ply,2.675,2.2707499999999996
APSIPA,2,fusion_46,tmc13_amphoriskos_vox10_dec_geom04_text04_trisoup-predlift.ply,amphoriskos_vox10.ply,2.725,2.304
APSIPA,2,fusion_46,tmc13_amphoriskos_vox10_dec_geom05_text05_trisoup-predlift.ply,amphoriskos_vox10.ply,3.1,2.4215
APSIPA,2,fusion_46,tmc13_amphoriskos_vox10_dec_geom06_text06_trisoup-predlift.ply,amphoriskos_vox10.ply,4.9,4.760499999999999
APSIPA,2,fusion_46,tmc13_amphoriskos_vox10_dec_geom01_text01_trisoup-raht.ply,amphoriskos_vox10.ply,1.025,1.1205000000000005
APSIPA,2,fusion_46,tmc13_amphoriskos_vox10_dec_geom02_text02_trisoup-raht.ply,amphoriskos_vox10.ply,1.625,1.4337500000000005
APSIPA,2,fusion_46,tmc13_amphoriskos_vox10_dec_geom03_text03_trisoup-raht.ply,amphoriskos_vox10.ply,2.05,2.0355000000000008
APSIPA,2,fusion_46,tmc13_amphoriskos_vox10_dec_geom04_text04_trisoup-raht.ply,amphoriskos_vox10.ply,2.45,2.3630000000000004
APSIPA,2,fusion_46,tmc13_amphoriskos_vox10_dec_geom05_text05_trisoup-raht.ply,amphoriskos_vox10.ply,3.1,2.5242500000000003
APSIPA,2,fusion_46,tmc13_amphoriskos_vox10_dec_geom06_text06_trisoup-raht.ply,amphoriskos_vox10.ply,4.725,4.532000000000002
APSIPA,2,fusion_46,tmc2_amphoriskos_vox10_dec_geom01_text01.ply,amphoriskos_vox10.ply,2.5,1.8867500000000004
APSIPA,2,fusion_46,tmc2_amphoriskos_vox10_dec_geom02_text02.ply,amphoriskos_vox10.ply,3.475,2.18525
APSIPA,2,fusion_46,tmc2_amphoriskos_vox10_dec_geom03_text03.ply,amphoriskos_vox10.ply,3.6,2.3040000000000003
APSIPA,2,fusion_46,tmc2_amphoriskos_vox10_dec_geom04_text04.ply,amphoriskos_vox10.ply,4.5,2.4455
APSIPA,2,fusion_46,tmc2_amphoriskos_vox10_dec_geom05_text05.ply,amphoriskos_vox10.ply,4.475,2.8682500000000006
APSIPA,2,fusion_46,tmc13_romanoillamp_vox10_dec_geom01_text01_octree-predlift.ply,romanoillamp_vox10.ply,1.0,1.001
APSIPA,2,fusion_46,tmc13_romanoillamp_vox10_dec_geom02_text02_octree-predlift.ply,romanoillamp_vox10.ply,1.05,1.0234999999999999
APSIPA,2,fusion_46,tmc13_romanoillamp_vox10_dec_geom03_text03_octree-predlift.ply,romanoillamp_vox10.ply,1.775,1.4720000000000002
APSIPA,2,fusion_46,tmc13_romanoillamp_vox10_dec_geom04_text04_octree-predlift.ply,romanoillamp_vox10.ply,2.75,2.843
APSIPA,2,fusion_46,tmc13_romanoillamp_vox10_dec_geom05_text05_octree-predlift.ply,romanoillamp_vox10.ply,4.45,3.7067499999999995
APSIPA,2,fusion_46,tmc13_romanoillamp_vox10_dec_geom06_text06_octree-predlift.ply,romanoillamp_vox10.ply,4.925,4.025500000000003
APSIPA,2,fusion_46,tmc13_romanoillamp_vox10_dec_geom01_text01_octree-raht.ply,romanoillamp_vox10.ply,1.0,1.00025
APSIPA,2,fusion_46,tmc13_romanoillamp_vox10_dec_geom02_text02_octree-raht.ply,romanoillamp_vox10.ply,1.0,1.0054999999999998
APSIPA,2,fusion_46,tmc13_romanoillamp_vox10_dec_geom03_text03_octree-raht.ply,romanoillamp_vox10.ply,1.475,1.3827500000000004
APSIPA,2,fusion_46,tmc13_romanoillamp_vox10_dec_geom04_text04_octree-raht.ply,romanoillamp_vox10.ply,2.925,3.071
APSIPA,2,fusion_46,tmc13_romanoillamp_vox10_dec_geom05_text05_octree-raht.ply,romanoillamp_vox10.ply,4.6,3.7157499999999994
APSIPA,2,fusion_46,tmc13_romanoillamp_vox10_dec_geom06_text06_octree-raht.ply,romanoillamp_vox10.ply,4.65,3.997250000000004
APSIPA,2,fusion_46,tmc13_romanoillamp_vox10_dec_geom01_text01_trisoup-predlift.ply,romanoillamp_vox10.ply,1.075,1.148250000000001
APSIPA,2,fusion_46,tmc13_romanoillamp_vox10_dec_geom02_text02_trisoup-predlift.ply,romanoillamp_vox10.ply,1.825,1.6412500000000003
APSIPA,2,fusion_46,tmc13_romanoillamp_vox10_dec_geom03_text03_trisoup-predlift.ply,romanoillamp_vox10.ply,2.475,2.0557500000000006
APSIPA,2,fusion_46,tmc13_romanoillamp_vox10_dec_geom04_text04_trisoup-predlift.ply,romanoillamp_vox10.ply,3.625,2.435500000000001
APSIPA,2,fusion_46,tmc13_romanoillamp_vox10_dec_geom05_text05_trisoup-predlift.ply,romanoillamp_vox10.ply,4.625,2.9262499999999996
APSIPA,2,fusion_46,tmc13_romanoillamp_vox10_dec_geom06_text06_trisoup-predlift.ply,romanoillamp_vox10.ply,4.9,4.620250000000002
APSIPA,2,fusion_46,tmc13_romanoillamp_vox10_dec_geom01_text01_trisoup-raht.ply,romanoillamp_vox10.ply,1.0,1.1035000000000008
APSIPA,2,fusion_46,tmc13_romanoillamp_vox10_dec_geom02_text02_trisoup-raht.ply,romanoillamp_vox10.ply,1.225,1.401750000000001
APSIPA,2,fusion_46,tmc13_romanoillamp_vox10_dec_geom03_text03_trisoup-raht.ply,romanoillamp_vox10.ply,2.925,1.8747500000000017
APSIPA,2,fusion_46,tmc13_romanoillamp_vox10_dec_geom04_text04_trisoup-raht.ply,romanoillamp_vox10.ply,4.5,2.8875
APSIPA,2,fusion_46,tmc13_romanoillamp_vox10_dec_geom05_text05_trisoup-raht.ply,romanoillamp_vox10.ply,4.6,2.9655
APSIPA,2,fusion_46,tmc13_romanoillamp_vox10_dec_geom06_text06_trisoup-raht.ply,romanoillamp_vox10.ply,4.7,4.497250000000004
APSIPA,2,fusion_46,tmc2_romanoillamp_vox10_dec_geom01_text01.ply,romanoillamp_vox10.ply,1.525,1.3510000000000004
APSIPA,2,fusion_46,tmc2_romanoillamp_vox10_dec_geom02_text02.ply,romanoillamp_vox10.ply,2.4,1.8095000000000012
APSIPA,2,fusion_46,tmc2_romanoillamp_vox10_dec_geom03_text03.ply,romanoillamp_vox10.ply,2.975,2.2792500000000007
APSIPA,2,fusion_46,tmc2_romanoillamp_vox10_dec_geom04_text04.ply,romanoillamp_vox10.ply,4.2,2.9487499999999986
APSIPA,2,fusion_46,tmc2_romanoillamp_vox10_dec_geom05_text05.ply,romanoillamp_vox10.ply,4.475,3.2594999999999987
APSIPA,3,pointpca3_only,tmc13_loot_vox10_1200_dec_geom01_text01_octree-predlift.ply,loot_vox10_1200.ply,1.0,1.009
APSIPA,3,pointpca3_only,tmc13_loot_vox10_1200_dec_geom02_text02_octree-predlift.ply,loot_vox10_1200.ply,1.0,1.0172499999999995
APSIPA,3,pointpca3_only,tmc13_loot_vox10_1200_dec_geom03_text03_octree-predlift.ply,loot_vox10_1200.ply,1.475,1.3770000000000002
APSIPA,3,pointpca3_only,tmc13_loot_vox10_1200_dec_geom04_text04_octree-predlift.ply,loot_vox10_1200.ply,2.725,2.3980000000000015
APSIPA,3,pointpca3_only,tmc13_loot_vox10_1200_dec_geom05_text05_octree-predlift.ply,loot_vox10_1200.ply,3.475,3.2277500000000003
APSIPA,3,pointpca3_only,tmc13_loot_vox10_1200_dec_geom06_text06_octree-predlift.ply,loot_vox10_1200.ply,4.3,4.0037499999999975
APSIPA,3,pointpca3_only,tmc13_loot_vox10_1200_dec_geom01_text01_octree-raht.ply,loot_vox10_1200.ply,1.0,1.0
APSIPA,3,pointpca3_only,tmc13_loot_vox10_1200_dec_geom02_text02_octree-raht.ply,loot_vox10_1200.ply,1.0,1.00075
APSIPA,3,pointpca3_only,tmc13_loot_vox10_1200_dec_geom03_text03_octree-raht.ply,loot_vox10_1200.ply,1.175,1.1790000000000003
APSIPA,3,pointpca3_only,tmc13_loot_vox10_1200_dec_geom04_text04_octree-raht.ply,loot_vox10_1200.ply,2.25,2.299750000000001
APSIPA,3,pointpca3_only,tmc13_loot_vox10_1200_dec_geom05_text05_octree-raht.ply,loot_vox10_1200.ply,2.75,3.1515000000000004
APSIPA,3,pointpca3_only,tmc13_loot_vox10_1200_dec_geom06_text06_octree-raht.ply,loot_vox10_1200.ply,4.175,3.902499999999997
APSIPA,3,pointpca3_only,tmc13_loot_vox10_1200_dec_geom01_text01_trisoup-predlift.ply,loot_vox10_1200.ply,1.025,1.0667500000000008
APSIPA,3,pointpca3_only,tmc13_loot_vox10_1200_dec_geom02_text02_trisoup-predlift.ply,loot_vox10_1200.ply,1.25,1.5117500000000001
APSIPA,3,pointpca3_only,tmc13_loot_vox10_1200_dec_geom03_text03_trisoup-predlift.ply,loot_vox10_1200.ply,1.4,1.7235
APSIPA,3,pointpca3_only,tmc13_loot_vox10_1200_dec_geom04_text04_trisoup-predlift.ply,loot_vox10_1200.ply,1.725,2.0959999999999996
APSIPA,3,pointpca3_only,tmc13_loot_vox10_1200_dec_geom05_text05_trisoup-predlift.ply,loot_vox10_1200.ply,2.675,3.074500000000001
APSIPA,3,pointpca3_only,tmc13_loot_vox10_1200_dec_geom06_text06_trisoup-predlift.ply,loot_vox10_1200.ply,4.7,4.221999999999997
APSIPA,3,pointpca3_only,tmc13_loot_vox10_1200_dec_geom01_text01_trisoup-raht.ply,loot_vox10_1200.ply,1.0,1.0377500000000004
APSIPA,3,pointpca3_only,tmc13_loot_vox10_1200_dec_geom02_text02_trisoup-raht.ply,loot_vox10_1200.ply,1.075,1.297
APSIPA,3,pointpca3_only,tmc13_loot_vox10_1200_dec_geom03_text03_trisoup-raht.ply,loot_vox10_1200.ply,1.075,1.451249999999999
APSIPA,3,pointpca3_only,tmc13_loot_vox10_1200_dec_geom04_text04_trisoup-raht.ply,loot_vox10_1200.ply,1.55,1.8352499999999994
APSIPA,3,pointpca3_only,tmc13_loot_vox10_1200_dec_geom05_text05_trisoup-raht.ply,loot_vox10_1200.ply,2.65,2.947500000000001
APSIPA,3,pointpca3_only,tmc13_loot_vox10_1200_dec_geom06_text06_trisoup-raht.ply,loot_vox10_1200.ply,4.4,4.071000000000001
APSIPA,3,pointpca3_only,tmc2_loot_vox10_1200_dec_geom01_text01.ply,loot_vox10_1200.ply,1.3,1.357000000000002
APSIPA,3,pointpca3_only,tmc2_loot_vox10_1200_dec_geom02_text02.ply,loot_vox10_1200.ply,1.775,2.3950000000000022
APSIPA,3,pointpca3_only,tmc2_loot_vox10_1200_dec_geom03_text03.ply,loot_vox10_1200.ply,2.4,2.6862500000000025
APSIPA,3,pointpca3_only,tmc2_loot_vox10_1200_dec_geom04_text04.ply,loot_vox10_1200.ply,3.075,3.3400000000000007
APSIPA,3,pointpca3_only,tmc2_loot_vox10_1200_dec_geom05_text05.ply,loot_vox10_1200.ply,3.1,3.5292499999999984
APSIPA,3,dists_only,tmc13_loot_vox10_1200_dec_geom01_text01_octree-predlift.ply,loot_vox10_1200.ply,1.0,1.0
APSIPA,3,dists_only,tmc13_loot_vox10_1200_dec_geom02_text02_octree-predlift.ply,loot_vox10_1200.ply,1.0,1.014
APSIPA,3,dists_only,tmc13_loot_vox10_1200_dec_geom03_text03_octree-predlift.ply,loot_vox10_1200.ply,1.475,1.4244999999999999
APSIPA,3,dists_only,tmc13_loot_vox10_1200_dec_geom04_text04_octree-predlift.ply,loot_vox10_1200.ply,2.725,2.1265000000000005
APSIPA,3,dists_only,tmc13_loot_vox10_1200_dec_geom05_text05_octree-predlift.ply,loot_vox10_1200.ply,3.475,3.0265000000000013
APSIPA,3,dists_only,tmc13_loot_vox10_1200_dec_geom06_text06_octree-predlift.ply,loot_vox10_1200.ply,4.3,3.973999999999996
APSIPA,3,dists_only,tmc13_loot_vox10_1200_dec_geom01_text01_octree-raht.ply,loot_vox10_1200.ply,1.0,1.0
APSIPA,3,dists_only,tmc13_loot_vox10_1200_dec_geom02_text02_octree-raht.ply,loot_vox10_1200.ply,1.0,1.0052500000000002
APSIPA,3,dists_only,tmc13_loot_vox10_1200_dec_geom03_text03_octree-raht.ply,loot_vox10_1200.ply,1.175,1.0922500000000008
APSIPA,3,dists_only,tmc13_loot_vox10_1200_dec_geom04_text04_octree-raht.ply,loot_vox10_1200.ply,2.25,1.7475000000000016
APSIPA,3,dists_only,tmc13_loot_vox10_1200_dec_geom05_text05_octree-raht.ply,loot_vox10_1200.ply,2.75,3.128499999999999
APSIPA,3,dists_only,tmc13_loot_vox10_1200_dec_geom06_text06_octree-raht.ply,loot_vox10_1200.ply,4.175,4.095749999999998
APSIPA,3,dists_only,tmc13_loot_vox10_1200_dec_geom01_text01_trisoup-predlift.ply,loot_vox10_1200.ply,1.025,1.469
APSIPA,3,dists_only,tmc13_loot_vox10_1200_dec_geom02_text02_trisoup-predlift.ply,loot_vox10_1200.ply,1.25,1.7057500000000008
APSIPA,3,dists_only,tmc13_loot_vox10_1200_dec_geom03_text03_trisoup-predlift.ply,loot_vox10_1200.ply,1.4,2.346250000000004
APSIPA,3,dists_only,tmc13_loot_vox10_1200_dec_geom04_text04_trisoup-predlift.ply,loot_vox10_1200.ply,1.725,2.877250000000001
APSIPA,3,dists_only,tmc13_loot_vox10_1200_dec_geom05_text05_trisoup-predlift.ply,loot_vox10_1200.ply,2.675,4.1775
APSIPA,3,dists_only,tmc13_loot_vox10_1200_dec_geom06_text06_trisoup-predlift.ply,loot_vox10_1200.ply,4.7,4.451000000000002
APSIPA,3,dists_only,tmc13_loot_vox10_1200_dec_geom01_text01_trisoup-raht.ply,loot_vox10_1200.ply,1.0,1.0407500000000003
APSIPA,3,dists_only,tmc13_loot_vox10_1200_dec_geom02_text02_trisoup-raht.ply,loot_vox10_1200.ply,1.075,1.11125
APSIPA,3,dists_only,tmc13_loot_vox10_1200_dec_geom03_text03_trisoup-raht.ply,loot_vox10_1200.ply,1.075,1.3569999999999995
APSIPA,3,dists_only,tmc13_loot_vox10_1200_dec_geom04_text04_trisoup-raht.ply,loot_vox10_1200.ply,1.55,2.6017500000000022
APSIPA,3,dists_only,tmc13_loot_vox10_1200_dec_geom05_text05_trisoup-raht.ply,loot_vox10_1200.ply,2.65,3.1547500000000026
APSIPA,3,dists_only,tmc13_loot_vox10_1200_dec_geom06_text06_trisoup-raht.ply,loot_vox10_1200.ply,4.4,4.370750000000003
APSIPA,3,dists_only,tmc2_loot_vox10_1200_dec_geom01_text01.ply,loot_vox10_1200.ply,1.3,1.7947500000000012
APSIPA,3,dists_only,tmc2_loot_vox10_1200_dec_geom02_text02.ply,loot_vox10_1200.ply,1.775,2.3657500000000016
APSIPA,3,dists_only,tmc2_loot_vox10_1200_dec_geom03_text03.ply,loot_vox10_1200.ply,2.4,3.2390000000000008
APSIPA,3,dists_only,tmc2_loot_vox10_1200_dec_geom04_text04.ply,loot_vox10_1200.ply,3.075,4.034249999999999
APSIPA,3,dists_only,tmc2_loot_vox10_1200_dec_geom05_text05.ply,loot_vox10_1200.ply,3.1,4.557250000000002
APSIPA,3,fusion_46,tmc13_loot_vox10_1200_dec_geom01_text01_octree-predlift.ply,loot_vox10_1200.ply,1.0,1.0022499999999999
APSIPA,3,fusion_46,tmc13_loot_vox10_1200_dec_geom02_text02_octree-predlift.ply,loot_vox10_1200.ply,1.0,1.0139999999999998
APSIPA,3,fusion_46,tmc13_loot_vox10_1200_dec_geom03_text03_octree-predlift.ply,loot_vox10_1200.ply,1.475,1.3632500000000005
APSIPA,3,fusion_46,tmc13_loot_vox10_1200_dec_geom04_text04_octree-predlift.ply,loot_vox10_1200.ply,2.725,2.3435000000000015
APSIPA,3,fusion_46,tmc13_loot_vox10_1200_dec_geom05_text05_octree-predlift.ply,loot_vox10_1200.ply,3.475,3.0017500000000013
APSIPA,3,fusion_46,tmc13_loot_vox10_1200_dec_geom06_text06_octree-predlift.ply,loot_vox10_1200.ply,4.3,3.923499999999996
APSIPA,3,fusion_46,tmc13_loot_vox10_1200_dec_geom01_text01_octree-raht.ply,loot_vox10_1200.ply,1.0,1.0
APSIPA,3,fusion_46,tmc13_loot_vox10_1200_dec_geom02_text02_octree-raht.ply,loot_vox10_1200.ply,1.0,1.00275
APSIPA,3,fusion_46,tmc13_loot_vox10_1200_dec_geom03_text03_octree-raht.ply,loot_vox10_1200.ply,1.175,1.1315000000000006
APSIPA,3,fusion_46,tmc13_loot_vox10_1200_dec_geom04_text04_octree-raht.ply,loot_vox10_1200.ply,2.25,1.9700000000000009
APSIPA,3,fusion_46,tmc13_loot_vox10_1200_dec_geom05_text05_octree-raht.ply,loot_vox10_1200.ply,2.75,2.7920000000000003
APSIPA,3,fusion_46,tmc13_loot_vox10_1200_dec_geom06_text06_octree-raht.ply,loot_vox10_1200.ply,4.175,3.9329999999999963
APSIPA,3,fusion_46,tmc13_loot_vox10_1200_dec_geom01_text01_trisoup-predlift.ply,loot_vox10_1200.ply,1.025,1.2050000000000005
APSIPA,3,fusion_46,tmc13_loot_vox10_1200_dec_geom02_text02_trisoup-predlift.ply,loot_vox10_1200.ply,1.25,1.5602500000000004
APSIPA,3,fusion_46,tmc13_loot_vox10_1200_dec_geom03_text03_trisoup-predlift.ply,loot_vox10_1200.ply,1.4,1.8842500000000009
APSIPA,3,fusion_46,tmc13_loot_vox10_1200_dec_geom04_text04_trisoup-predlift.ply,loot_vox10_1200.ply,1.725,2.3015000000000008
APSIPA,3,fusion_46,tmc13_loot_vox10_1200_dec_geom05_text05_trisoup-predlift.ply,loot_vox10_1200.ply,2.675,3.2270000000000003
APSIPA,3,fusion_46,tmc13_loot_vox10_1200_dec_geom06_text06_trisoup-predlift.ply,loot_vox10_1200.ply,4.7,4.33625
APSIPA,3,fusion_46,tmc13_loot_vox10_1200_dec_geom01_text01_trisoup-raht.ply,loot_vox10_1200.ply,1.0,1.0417500000000002
APSIPA,3,fusion_46,tmc13_loot_vox10_1200_dec_geom02_text02_trisoup-raht.ply,loot_vox10_1200.ply,1.075,1.1357500000000003
APSIPA,3,fusion_46,tmc13_loot_vox10_1200_dec_geom03_text03_trisoup-raht.ply,loot_vox10_1200.ply,1.075,1.3282500000000002
APSIPA,3,fusion_46,tmc13_loot_vox10_1200_dec_geom04_text04_trisoup-raht.ply,loot_vox10_1200.ply,1.55,1.9102500000000007
APSIPA,3,fusion_46,tmc13_loot_vox10_1200_dec_geom05_text05_trisoup-raht.ply,loot_vox10_1200.ply,2.65,2.7742500000000008
APSIPA,3,fusion_46,tmc13_loot_vox10_1200_dec_geom06_text06_trisoup-raht.ply,loot_vox10_1200.ply,4.4,4.145250000000002
APSIPA,3,fusion_46,tmc2_loot_vox10_1200_dec_geom01_text01.ply,loot_vox10_1200.ply,1.3,1.3727500000000012
APSIPA,3,fusion_46,tmc2_loot_vox10_1200_dec_geom02_text02.ply,loot_vox10_1200.ply,1.775,2.2117500000000017
APSIPA,3,fusion_46,tmc2_loot_vox10_1200_dec_geom03_text03.ply,loot_vox10_1200.ply,2.4,2.686000000000001
APSIPA,3,fusion_46,tmc2_loot_vox10_1200_dec_geom04_text04.ply,loot_vox10_1200.ply,3.075,3.5994999999999995
APSIPA,3,fusion_46,tmc2_loot_vox10_1200_dec_geom05_text05.ply,loot_vox10_1200.ply,3.1,3.7355
APSIPA,4,pointpca3_only,tmc13_longdress_vox10_1300_dec_geom01_text01_octree-predlift.ply,longdress_vox10_1300.ply,1.0,1.0204999999999997
APSIPA,4,pointpca3_only,tmc13_longdress_vox10_1300_dec_geom02_text02_octree-predlift.ply,longdress_vox10_1300.ply,1.0,1.1924999999999992
APSIPA,4,pointpca3_only,tmc13_longdress_vox10_1300_dec_geom03_text03_octree-predlift.ply,longdress_vox10_1300.ply,1.425,2.4390000000000014
APSIPA,4,pointpca3_only,tmc13_longdress_vox10_1300_dec_geom04_text04_octree-predlift.ply,longdress_vox10_1300.ply,2.25,3.4172500000000015
APSIPA,4,pointpca3_only,tmc13_longdress_vox10_1300_dec_geom05_text05_octree-predlift.ply,longdress_vox10_1300.ply,2.975,4.205500000000001
APSIPA,4,pointpca3_only,tmc13_longdress_vox10_1300_dec_geom06_text06_octree-predlift.ply,longdress_vox10_1300.ply,4.25,4.602250000000005
APSIPA,4,pointpca3_only,tmc13_longdress_vox10_1300_dec_geom01_text01_octree-raht.ply,longdress_vox10_1300.ply,1.0,1.0022499999999999
APSIPA,4,pointpca3_only,tmc13_longdress_vox10_1300_dec_geom02_text02_octree-raht.ply,longdress_vox10_1300.ply,1.0,1.0307499999999998
APSIPA,4,pointpca3_only,tmc13_longdress_vox10_1300_dec_geom03_text03_octree-raht.ply,longdress_vox10_1300.ply,1.225,2.0205
APSIPA,4,pointpca3_only,tmc13_longdress_vox10_1300_dec_geom04_text04_octree-raht.ply,longdress_vox10_1300.ply,2.125,3.267500000000002
APSIPA,4,pointpca3_only,tmc13_longdress_vox10_1300_dec_geom05_text05_octree-raht.ply,longdress_vox10_1300.ply,2.85,4.1865
APSIPA,4,pointpca3_only,tmc13_longdress_vox10_1300_dec_geom06_text06_octree-raht.ply,longdress_vox10_1300.ply,3.325,4.567000000000005
APSIPA,4,pointpca3_only,tmc13_longdress_vox10_1300_dec_geom01_text01_trisoup-predlift.ply,longdress_vox10_1300.ply,1.05,1.2574999999999996
APSIPA,4,pointpca3_only,tmc13_longdress_vox10_1300_dec_geom02_text02_trisoup-predlift.ply,longdress_vox10_1300.ply,1.4,2.71275
APSIPA,4,pointpca3_only,tmc13_longdress_vox10_1300_dec_geom03_text03_trisoup-predlift.ply,longdress_vox10_1300.ply,1.575,2.9497500000000008
APSIPA,4,pointpca3_only,tmc13_longdress_vox10_1300_dec_geom04_text04_trisoup-predlift.ply,longdress_vox10_1300.ply,1.8,3.4095
APSIPA,4,pointpca3_only,tmc13_longdress_vox10_1300_dec_geom05_text05_trisoup-predlift.ply,longdress_vox10_1300.ply,2.925,4.128500000000001
APSIPA,4,pointpca3_only,tmc13_longdress_vox10_1300_dec_geom06_text06_trisoup-predlift.ply,longdress_vox10_1300.ply,4.65,4.821249999999995
APSIPA,4,pointpca3_only,tmc13_longdress_vox10_1300_dec_geom01_text01_trisoup-raht.ply,longdress_vox10_1300.ply,1.0,1.0917500000000004
APSIPA,4,pointpca3_only,tmc13_longdress_vox10_1300_dec_geom02_text02_trisoup-raht.ply,longdress_vox10_1300.ply,1.025,2.4447499999999995
APSIPA,4,pointpca3_only,tmc13_longdress_vox10_1300_dec_geom03_text03_trisoup-raht.ply,longdress_vox10_1300.ply,1.2,2.8582500000000004
APSIPA,4,pointpca3_only,tmc13_longdress_vox10_1300_dec_geom04_text04_trisoup-raht.ply,longdress_vox10_1300.ply,1.65,3.24475
APSIPA,4,pointpca3_only,tmc13_longdress_vox10_1300_dec_geom05_text05_trisoup-raht.ply,longdress_vox10_1300.ply,2.9,4.104
APSIPA,4,pointpca3_only,tmc13_longdress_vox10_1300_dec_geom06_text06_trisoup-raht.ply,longdress_vox10_1300.ply,3.925,4.740249999999996
APSIPA,4,pointpca3_only,tmc2_longdress_vox10_1300_dec_geom01_text01.ply,longdress_vox10_1300.ply,1.2,2.5027500000000003
APSIPA,4,pointpca3_only,tmc2_longdress_vox10_1300_dec_geom02_text02.ply,longdress_vox10_1300.ply,1.575,3.3857500000000016
APSIPA,4,pointpca3_only,tmc2_longdress_vox10_1300_dec_geom03_text03.ply,longdress_vox10_1300.ply,3.025,3.7230000000000003
APSIPA,4,pointpca3_only,tmc2_longdress_vox10_1300_dec_geom04_text04.ply,longdress_vox10_1300.ply,3.975,4.2055
APSIPA,4,pointpca3_only,tmc2_longdress_vox10_1300_dec_geom05_text05.ply,longdress_vox10_1300.ply,3.775,4.230250000000002
APSIPA,4,dists_only,tmc13_longdress_vox10_1300_dec_geom01_text01_octree-predlift.ply,longdress_vox10_1300.ply,1.0,1.0
APSIPA,4,dists_only,tmc13_longdress_vox10_1300_dec_geom02_text02_octree-predlift.ply,longdress_vox10_1300.ply,1.0,1.0462500000000001
APSIPA,4,dists_only,tmc13_longdress_vox10_1300_dec_geom03_text03_octree-predlift.ply,longdress_vox10_1300.ply,1.425,1.70175
APSIPA,4,dists_only,tmc13_longdress_vox10_1300_dec_geom04_text04_octree-predlift.ply,longdress_vox10_1300.ply,2.25,2.708500000000002
APSIPA,4,dists_only,tmc13_longdress_vox10_1300_dec_geom05_text05_octree-predlift.ply,longdress_vox10_1300.ply,2.975,3.7032500000000033
APSIPA,4,dists_only,tmc13_longdress_vox10_1300_dec_geom06_text06_octree-predlift.ply,longdress_vox10_1300.ply,4.25,4.491249999999999
APSIPA,4,dists_only,tmc13_longdress_vox10_1300_dec_geom01_text01_octree-raht.ply,longdress_vox10_1300.ply,1.0,1.0
APSIPA,4,dists_only,tmc13_longdress_vox10_1300_dec_geom02_text02_octree-raht.ply,longdress_vox10_1300.ply,1.0,1.0
APSIPA,4,dists_only,tmc13_longdress_vox10_1300_dec_geom03_text03_octree-raht.ply,longdress_vox10_1300.ply,1.225,1.4530000000000003
APSIPA,4,dists_only,tmc13_longdress_vox10_1300_dec_geom04_text04_octree-raht.ply,longdress_vox10_1300.ply,2.125,2.322000000000001
APSIPA,4,dists_only,tmc13_longdress_vox10_1300_dec_geom05_text05_octree-raht.ply,longdress_vox10_1300.ply,2.85,3.648000000000005
APSIPA,4,dists_only,tmc13_longdress_vox10_1300_dec_geom06_text06_octree-raht.ply,longdress_vox10_1300.ply,3.325,4.2970000000000015
APSIPA,4,dists_only,tmc13_longdress_vox10_1300_dec_geom01_text01_trisoup-predlift.ply,longdress_vox10_1300.ply,1.05,1.3605000000000005
APSIPA,4,dists_only,tmc13_longdress_vox10_1300_dec_geom02_text02_trisoup-predlift.ply,longdress_vox10_1300.ply,1.4,1.8485000000000003
APSIPA,4,dists_only,tmc13_longdress_vox10_1300_dec_geom03_text03_trisoup-predlift.ply,longdress_vox10_1300.ply,1.575,2.6932500000000017
APSIPA,4,dists_only,tmc13_longdress_vox10_1300_dec_geom04_text04_trisoup-predlift.ply,longdress_vox10_1300.ply,1.8,3.7632500000000015
APSIPA,4,dists_only,tmc13_longdress_vox10_1300_dec_geom05_text05_trisoup-predlift.ply,longdress_vox10_1300.ply,2.925,3.9217500000000007
APSIPA,4,dists_only,tmc13_longdress_vox10_1300_dec_geom06_text06_trisoup-predlift.ply,longdress_vox10_1300.ply,4.65,4.749749999999998
APSIPA,4,dists_only,tmc13_longdress_vox10_1300_dec_geom01_text01_trisoup-raht.ply,longdress_vox10_1300.ply,1.0,1.0317499999999995
APSIPA,4,dists_only,tmc13_longdress_vox10_1300_dec_geom02_text02_trisoup-raht.ply,longdress_vox10_1300.ply,1.025,1.2012500000000004
APSIPA,4,dists_only,tmc13_longdress_vox10_1300_dec_geom03_text03_trisoup-raht.ply,longdress_vox10_1300.ply,1.2,1.9155000000000002
APSIPA,4,dists_only,tmc13_longdress_vox10_1300_dec_geom04_text04_trisoup-raht.ply,longdress_vox10_1300.ply,1.65,2.7330000000000014
APSIPA,4,dists_only,tmc13_longdress_vox10_1300_dec_geom05_text05_trisoup-raht.ply,longdress_vox10_1300.ply,2.9,3.760500000000002
APSIPA,4,dists_only,tmc13_longdress_vox10_1300_dec_geom06_text06_trisoup-raht.ply,longdress_vox10_1300.ply,3.925,4.645999999999998
APSIPA,4,dists_only,tmc2_longdress_vox10_1300_dec_geom01_text01.ply,longdress_vox10_1300.ply,1.2,2.0567500000000014
APSIPA,4,dists_only,tmc2_longdress_vox10_1300_dec_geom02_text02.ply,longdress_vox10_1300.ply,1.575,2.929250000000002
APSIPA,4,dists_only,tmc2_longdress_vox10_1300_dec_geom03_text03.ply,longdress_vox10_1300.ply,3.025,4.156250000000003
APSIPA,4,dists_only,tmc2_longdress_vox10_1300_dec_geom04_text04.ply,longdress_vox10_1300.ply,3.975,4.374250000000003
APSIPA,4,dists_only,tmc2_longdress_vox10_1300_dec_geom05_text05.ply,longdress_vox10_1300.ply,3.775,4.575500000000003
APSIPA,4,fusion_46,tmc13_longdress_vox10_1300_dec_geom01_text01_octree-predlift.ply,longdress_vox10_1300.ply,1.0,1.0007499999999998
APSIPA,4,fusion_46,tmc13_longdress_vox10_1300_dec_geom02_text02_octree-predlift.ply,longdress_vox10_1300.ply,1.0,1.1199999999999997
APSIPA,4,fusion_46,tmc13_longdress_vox10_1300_dec_geom03_text03_octree-predlift.ply,longdress_vox10_1300.ply,1.425,1.8537500000000011
APSIPA,4,fusion_46,tmc13_longdress_vox10_1300_dec_geom04_text04_octree-predlift.ply,longdress_vox10_1300.ply,2.25,2.9802500000000003
APSIPA,4,fusion_46,tmc13_longdress_vox10_1300_dec_geom05_text05_octree-predlift.ply,longdress_vox10_1300.ply,2.975,3.850999999999999
APSIPA,4,fusion_46,tmc13_longdress_vox10_1300_dec_geom06_text06_octree-predlift.ply,longdress_vox10_1300.ply,4.25,4.562750000000003
APSIPA,4,fusion_46,tmc13_longdress_vox10_1300_dec_geom01_text01_octree-raht.ply,longdress_vox10_1300.ply,1.0,1.0027499999999998
APSIPA,4,fusion_46,tmc13_longdress_vox10_1300_dec_geom02_text02_octree-raht.ply,longdress_vox10_1300.ply,1.0,1.00975
APSIPA,4,fusion_46,tmc13_longdress_vox10_1300_dec_geom03_text03_octree-raht.ply,longdress_vox10_1300.ply,1.225,1.4870000000000005
APSIPA,4,fusion_46,tmc13_longdress_vox10_1300_dec_geom04_text04_octree-raht.ply,longdress_vox10_1300.ply,2.125,2.5522500000000004
APSIPA,4,fusion_46,tmc13_longdress_vox10_1300_dec_geom05_text05_octree-raht.ply,longdress_vox10_1300.ply,2.85,3.5262499999999988
APSIPA,4,fusion_46,tmc13_longdress_vox10_1300_dec_geom06_text06_octree-raht.ply,longdress_vox10_1300.ply,3.325,4.5107500000000025
APSIPA,4,fusion_46,tmc13_longdress_vox10_1300_dec_geom01_text01_trisoup-predlift.ply,longdress_vox10_1300.ply,1.05,1.3397500000000009
APSIPA,4,fusion_46,tmc13_longdress_vox10_1300_dec_geom02_text02_trisoup-predlift.ply,longdress_vox10_1300.ply,1.4,2.0145000000000004
APSIPA,4,fusion_46,tmc13_longdress_vox10_1300_dec_geom03_text03_trisoup-predlift.ply,longdress_vox10_1300.ply,1.575,2.576500000000001
APSIPA,4,fusion_46,tmc13_longdress_vox10_1300_dec_geom04_text04_trisoup-predlift.ply,longdress_vox10_1300.ply,1.8,3.2457499999999997
APSIPA,4,fusion_46,tmc13_longdress_vox10_1300_dec_geom05_text05_trisoup-predlift.ply,longdress_vox10_1300.ply,2.925,3.9882499999999976
APSIPA,4,fusion_46,tmc13_longdress_vox10_1300_dec_geom06_text06_trisoup-predlift.ply,longdress_vox10_1300.ply,4.65,4.783999999999998
APSIPA,4,fusion_46,tmc13_longdress_vox10_1300_dec_geom01_text01_trisoup-raht.ply,longdress_vox10_1300.ply,1.0,1.0350000000000004
APSIPA,4,fusion_46,tmc13_longdress_vox10_1300_dec_geom02_text02_trisoup-raht.ply,longdress_vox10_1300.ply,1.025,1.5095
APSIPA,4,fusion_46,tmc13_longdress_vox10_1300_dec_geom03_text03_trisoup-raht.ply,longdress_vox10_1300.ply,1.2,2.078000000000001
APSIPA,4,fusion_46,tmc13_longdress_vox10_1300_dec_geom04_text04_trisoup-raht.ply,longdress_vox10_1300.ply,1.65,2.74525
APSIPA,4,fusion_46,tmc13_longdress_vox10_1300_dec_geom05_text05_trisoup-raht.ply,longdress_vox10_1300.ply,2.9,3.8159999999999985
APSIPA,4,fusion_46,tmc13_longdress_vox10_1300_dec_geom06_text06_trisoup-raht.ply,longdress_vox10_1300.ply,3.925,4.738999999999997
APSIPA,4,fusion_46,tmc2_longdress_vox10_1300_dec_geom01_text01.ply,longdress_vox10_1300.ply,1.2,2.150250000000002
APSIPA,4,fusion_46,tmc2_longdress_vox10_1300_dec_geom02_text02.ply,longdress_vox10_1300.ply,1.575,2.8892500000000014
APSIPA,4,fusion_46,tmc2_longdress_vox10_1300_dec_geom03_text03.ply,longdress_vox10_1300.ply,3.025,3.339000000000001
APSIPA,4,fusion_46,tmc2_longdress_vox10_1300_dec_geom04_text04.ply,longdress_vox10_1300.ply,3.975,4.078249999999998
APSIPA,4,fusion_46,tmc2_longdress_vox10_1300_dec_geom05_text05.ply,longdress_vox10_1300.ply,3.775,4.157750000000002
WPC,0,pointpca3_only,cauliflower_level_7.ply,cauliflower.ply,8.79345962299418,5.6860802506014485
WPC,0,pointpca3_only,cauliflower_level_8.ply,cauliflower.ply,16.0306030369897,21.192219289672362
WPC,0,pointpca3_only,cauliflower_level_9.ply,cauliflower.ply,74.6811494247904,75.20981923945594
WPC,0,pointpca3_only,cauliflower_gsigma_0_tsigma_8.ply,cauliflower.ply,77.7622683284028,80.50754944482081
WPC,0,pointpca3_only,cauliflower_gsigma_0_tsigma_16.ply,cauliflower.ply,57.425103805969,62.211901275499784
WPC,0,pointpca3_only,cauliflower_gsigma_0_tsigma_32.ply,cauliflower.ply,40.190717226665,45.17890443479935
WPC,0,pointpca3_only,cauliflower_gsigma_2_tsigma_8.ply,cauliflower.ply,64.1622967039307,50.283053264158006
WPC,0,pointpca3_only,cauliflower_gsigma_2_tsigma_16.ply,cauliflower.ply,53.1317191703664,43.61876931201079
WPC,0,pointpca3_only,cauliflower_gsigma_2_tsigma_32.ply,cauliflower.ply,31.3681861609079,32.753572224202415
WPC,0,pointpca3_only,cauliflower_gsigma_4_tsigma_8.ply,cauliflower.ply,47.8571729909968,36.632996250570415
WPC,0,pointpca3_only,cauliflower_gsigma_4_tsigma_16.ply,cauliflower.ply,44.4047016090656,33.47898854952667
WPC,0,pointpca3_only,cauliflower_gsigma_4_tsigma_32.ply,cauliflower.ply,27.3258415882843,27.99553913866849
WPC,0,pointpca3_only,cauliflower_tsl_4_tqs_64.ply,cauliflower.ply,61.9039972872389,35.978026942322984
WPC,0,pointpca3_only,cauliflower_tsl_4_tqs_128.ply,cauliflower.ply,42.188692944374,29.998029460096664
WPC,0,pointpca3_only,cauliflower_tsl_4_tqs_256.ply,cauliflower.ply,33.1300686929086,20.71318264129383
WPC,0,pointpca3_only,cauliflower_tsl_4_tqs_512.ply,cauliflower.ply,26.6104175998077,17.057134431381282
WPC,0,pointpca3_only,cauliflower_tsl_6_tqs_64.ply,cauliflower.ply,75.5339573340953,78.1331573536945
WPC,0,pointpca3_only,cauliflower_tsl_6_tqs_128.ply,cauliflower.ply,64.2706535471644,65.01161887052108
WPC,0,pointpca3_only,cauliflower_tsl_6_tqs_256.ply,cauliflower.ply,41.8663397248415,45.512080272084035
WPC,0,pointpca3_only,cauliflower_tsl_6_tqs_512.ply,cauliflower.ply,29.7421656574121,32.8941934498015
WPC,0,pointpca3_only,cauliflower_tsl_8_tqs_64.ply,cauliflower.ply,92.8513690778754,83.02584275557105
WPC,0,pointpca3_only,cauliflower_tsl_8_tqs_128.ply,cauliflower.ply,79.7652667648818,71.80211035625388
WPC,0,pointpca3_only,cauliflower_tsl_8_tqs_256.ply,cauliflower.ply,43.9879089599129,51.706127968175764
WPC,0,pointpca3_only,cauliflower_tsl_8_tqs_512.ply,cauliflower.ply,27.7443960854802,37.56121210392258
WPC,0,pointpca3_only,cauliflower_gQP_1_tQP_1.ply,cauliflower.ply,87.6248392427318,78.73963611232404
WPC,0,pointpca3_only,cauliflower_gQP_1_tQP_2.ply,cauliflower.ply,69.9340182104258,64.70426322705545
WPC,0,pointpca3_only,cauliflower_gQP_1_tQP_3.ply,cauliflower.ply,55.8664800791356,51.779746252070865
WPC,0,pointpca3_only,cauliflower_gQP_2_tQP_1.ply,cauliflower.ply,77.6400648006452,67.35221216481862
WPC,0,pointpca3_only,cauliflower_gQP_2_tQP_2.ply,cauliflower.ply,61.7264692699532,56.998175440547485
WPC,0,pointpca3_only,cauliflower_gQP_2_tQP_3.ply,cauliflower.ply,50.2228411565292,48.45847639051272
WPC,0,pointpca3_only,cauliflower_gQP_3_tQP_1.ply,cauliflower.ply,34.4736481448513,39.882450828941415
WPC,0,pointpca3_only,cauliflower_gQP_3_tQP_2.ply,cauliflower.ply,27.4116195543465,33.49241870055031
WPC,0,pointpca3_only,cauliflower_gQP_3_tQP_3.ply,cauliflower.ply,30.2313975655941,31.687301844711893
WPC,0,pointpca3_only,cauliflower_pqs_1_qs_16_rounded.ply,cauliflower.ply,90.0384616380816,86.41877545723123
WPC,0,pointpca3_only,cauliflower_pqs_1_qs_32_rounded.ply,cauliflower.ply,63.72945613739,71.2978751911611
WPC,0,pointpca3_only,cauliflower_pqs_1_qs_48_rounded.ply,cauliflower.ply,27.0784601811131,52.67832013350803
WPC,0,pointpca3_only,cauliflower_pqs_1_qs_64_rounded.ply,cauliflower.ply,14.4033486133223,41.76597507949788
WPC,0,pointpca3_only,litchi_level_7.ply,litchi.ply,2.48274825766083,10.566304924545523
WPC,0,pointpca3_only,litchi_level_8.ply,litchi.ply,23.5190476695968,22.63134724272603
WPC,0,pointpca3_only,litchi_level_9.ply,litchi.ply,88.2565402235114,67.36398724512642
WPC,0,pointpca3_only,litchi_gsigma_0_tsigma_8.ply,litchi.ply,92.5519659002015,89.48824133806151
WPC,0,pointpca3_only,litchi_gsigma_0_tsigma_16.ply,litchi.ply,78.9932472626517,74.01726272293247
WPC,0,pointpca3_only,litchi_gsigma_0_tsigma_32.ply,litchi.ply,40.7583214780207,48.58446529423839
WPC,0,pointpca3_only,litchi_gsigma_2_tsigma_8.ply,litchi.ply,66.6919619162232,54.265744817965185
WPC,0,pointpca3_only,litchi_gsigma_2_tsigma_16.ply,litchi.ply,55.4614195640488,50.68789729733121
WPC,0,pointpca3_only,litchi_gsigma_2_tsigma_32.ply,litchi.ply,39.7558833886201,37.377025131109924
WPC,0,pointpca3_only,litchi_gsigma_4_tsigma_8.ply,litchi.ply,39.0795202563234,38.54832044911409
WPC,0,pointpca3_only,litchi_gsigma_4_tsigma_16.ply,litchi.ply,43.3964948941778,35.59020159336772
WPC,0,pointpca3_only,litchi_gsigma_4_tsigma_32.ply,litchi.ply,32.5660157341656,31.69593153398072
WPC,0,pointpca3_only,litchi_tsl_4_tqs_64.ply,litchi.ply,41.4499562169134,41.255855387938055
WPC,0,pointpca3_only,litchi_tsl_4_tqs_128.ply,litchi.ply,33.9275303741484,34.27821107056075
WPC,0,pointpca3_only,litchi_tsl_4_tqs_256.ply,litchi.ply,24.4817713883161,24.467758464116155
WPC,0,pointpca3_only,litchi_tsl_4_tqs_512.ply,litchi.ply,14.1638346194462,17.355259244923044
WPC,0,pointpca3_only,litchi_tsl_6_tqs_64.ply,litchi.ply,76.6159398833369,70.29824110722846
WPC,0,pointpca3_only,litchi_tsl_6_tqs_128.ply,litchi.ply,66.5232624212034,61.283235586785125
WPC,0,pointpca3_only,litchi_tsl_6_tqs_256.ply,litchi.ply,38.6309616528636,45.470672838542484
WPC,0,pointpca3_only,litchi_tsl_6_tqs_512.ply,litchi.ply,21.5470054418339,28.645488559351097
WPC,0,pointpca3_only,litchi_tsl_8_tqs_64.ply,litchi.ply,89.1348528544494,84.09800138000486
WPC,0,pointpca3_only,litchi_tsl_8_tqs_128.ply,litchi.ply,72.2904768461572,76.48639649563452
WPC,0,pointpca3_only,litchi_tsl_8_tqs_256.ply,litchi.ply,52.2418214751017,54.226846953439164
WPC,0,pointpca3_only,litchi_tsl_8_tqs_512.ply,litchi.ply,25.865772694275,31.191630806001907
WPC,0,pointpca3_only,litchi_gQP_1_tQP_1.ply,litchi.ply,83.8245971648544,61.11513333100477
WPC,0,pointpca3_only,litchi_gQP_1_tQP_2.ply,litchi.ply,73.7164483027422,60.1050775265082
WPC,0,pointpca3_only,litchi_gQP_1_tQP_3.ply,litchi.ply,59.2921925280305,50.02568989282087
WPC,0,pointpca3_only,litchi_gQP_2_tQP_1.ply,litchi.ply,62.0841589108816,36.08369298446601
WPC,0,pointpca3_only,litchi_gQP_2_tQP_2.ply,litchi.ply,49.4680949601792,34.52634402162128
WPC,0,pointpca3_only,litchi_gQP_2_tQP_3.ply,litchi.ply,40.8373808033559,32.56048774576233
WPC,0,pointpca3_only,litchi_gQP_3_tQP_1.ply,litchi.ply,38.8157313038377,48.22174036318045
WPC,0,pointpca3_only,litchi_gQP_3_tQP_2.ply,litchi.ply,41.6217843598167,42.78287237389443
WPC,0,pointpca3_only,litchi_gQP_3_tQP_3.ply,litchi.ply,29.9512447586551,36.35134260250607
WPC,0,pointpca3_only,litchi_pqs_1_qs_16_rounded.ply,litchi.ply,90.5961494710678,88.64123737866389
WPC,0,pointpca3_only,litchi_pqs_1_qs_32_rounded.ply,litchi.ply,72.2646975341265,77.26901302497336
WPC,0,pointpca3_only,litchi_pqs_1_qs_48_rounded.ply,litchi.ply,43.1575564763788,63.42418813807899
WPC,0,pointpca3_only,litchi_pqs_1_qs_64_rounded.ply,litchi.ply,32.0967345671909,52.76377697951502
WPC,0,pointpca3_only,puer_tea_level_7.ply,puer_tea.ply,3.15346252854002,7.281874936753349
WPC,0,pointpca3_only,puer_tea_level_8.ply,puer_tea.ply,16.2603349265675,22.73489335895051
WPC,0,pointpca3_only,puer_tea_level_9.ply,puer_tea.ply,77.8432664101668,68.70987696629163
WPC,0,pointpca3_only,puer_tea_gsigma_0_tsigma_8.ply,puer_tea.ply,79.4766933491598,84.09138195319436
WPC,0,pointpca3_only,puer_tea_gsigma_0_tsigma_16.ply,puer_tea.ply,48.6325940292948,74.80374894946094
WPC,0,pointpca3_only,puer_tea_gsigma_0_tsigma_32.ply,puer_tea.ply,34.7408576952058,49.28954260091194
WPC,0,pointpca3_only,puer_tea_gsigma_2_tsigma_8.ply,puer_tea.ply,43.4702655634764,52.94244489266771
WPC,0,pointpca3_only,puer_tea_gsigma_2_tsigma_16.ply,puer_tea.ply,32.5523097966144,48.51228996451943
WPC,0,pointpca3_only,puer_tea_gsigma_2_tsigma_32.ply,puer_tea.ply,27.4135990964935,34.28071242544295
WPC,0,pointpca3_only,puer_tea_gsigma_4_tsigma_8.ply,puer_tea.ply,24.0019876904387,36.05017181184526
WPC,0,pointpca3_only,puer_tea_gsigma_4_tsigma_16.ply,puer_tea.ply,22.9869495082541,36.860060145441096
WPC,0,pointpca3_only,puer_tea_gsigma_4_tsigma_32.ply,puer_tea.ply,17.40818679622,30.208022305348408
WPC,0,pointpca3_only,puer_tea_tsl_4_tqs_64.ply,puer_tea.ply,22.6305666322368,32.22504343915527
WPC,0,pointpca3_only,puer_tea_tsl_4_tqs_128.ply,puer_tea.ply,26.8199135306378,26.48000299904575
WPC,0,pointpca3_only,puer_tea_tsl_4_tqs_256.ply,puer_tea.ply,12.1998153379797,20.75734516605684
WPC,0,pointpca3_only,puer_tea_tsl_4_tqs_512.ply,puer_tea.ply,5.84222472057741,18.4899254870281
WPC,0,pointpca3_only,puer_tea_tsl_6_tqs_64.ply,puer_tea.ply,86.8804487654727,72.15195115239229
WPC,0,pointpca3_only,puer_tea_tsl_6_tqs_128.ply,puer_tea.ply,62.9862121483958,61.59167151742917
WPC,0,pointpca3_only,puer_tea_tsl_6_tqs_256.ply,puer_tea.ply,28.5558617819512,44.284999583978326
WPC,0,pointpca3_only,puer_tea_tsl_6_tqs_512.ply,puer_tea.ply,16.5995484743701,27.659636695396454
WPC,0,pointpca3_only,puer_tea_tsl_8_tqs_64.ply,puer_tea.ply,79.8453305174932,79.10297621702034
WPC,0,pointpca3_only,puer_tea_tsl_8_tqs_128.ply,puer_tea.ply,61.7974566844332,68.68579461238612
WPC,0,pointpca3_only,puer_tea_tsl_8_tqs_256.ply,puer_tea.ply,36.1136410683924,45.522144684914075
WPC,0,pointpca3_only,puer_tea_tsl_8_tqs_512.ply,puer_tea.ply,21.5459093155011,30.965745323785328
WPC,0,pointpca3_only,puer_tea_gQP_1_tQP_1.ply,puer_tea.ply,77.914700954506,66.09694119732377
WPC,0,pointpca3_only,puer_tea_gQP_1_tQP_2.ply,puer_tea.ply,75.4444591024422,64.30098418843706
WPC,0,pointpca3_only,puer_tea_gQP_1_tQP_3.ply,puer_tea.ply,51.2988745216774,58.666641717100795
WPC,0,pointpca3_only,puer_tea_gQP_2_tQP_1.ply,puer_tea.ply,62.5054541432411,57.304865342280635
WPC,0,pointpca3_only,puer_tea_gQP_2_tQP_2.ply,puer_tea.ply,63.4256547659898,55.892354852106266
WPC,0,pointpca3_only,puer_tea_gQP_2_tQP_3.ply,puer_tea.ply,48.9932846071129,50.54551703320604
WPC,0,pointpca3_only,puer_tea_gQP_3_tQP_1.ply,puer_tea.ply,49.2533031787853,45.845555181855296
WPC,0,pointpca3_only,puer_tea_gQP_3_tQP_2.ply,puer_tea.ply,42.0841687809331,42.14036147806408
WPC,0,pointpca3_only,puer_tea_gQP_3_tQP_3.ply,puer_tea.ply,37.3107135366479,40.09502769221601
WPC,0,pointpca3_only,puer_tea_pqs_1_qs_16_rounded.ply,puer_tea.ply,88.7792248817324,87.77694686712839
WPC,0,pointpca3_only,puer_tea_pqs_1_qs_32_rounded.ply,puer_tea.ply,57.8307403442314,72.92706001650998
WPC,0,pointpca3_only,puer_tea_pqs_1_qs_48_rounded.ply,puer_tea.ply,53.8310144289387,64.46473889377197
WPC,0,pointpca3_only,puer_tea_pqs_1_qs_64_rounded.ply,puer_tea.ply,48.0135449671769,60.59255052271234
WPC,0,pointpca3_only,tool_box_level_7.ply,tool_box.ply,7.78815081382912,7.125712376412171
WPC,0,pointpca3_only,tool_box_level_8.ply,tool_box.ply,25.3570692321109,19.808978421449428
WPC,0,pointpca3_only,tool_box_level_9.ply,tool_box.ply,72.9680686629272,65.40291251232573
WPC,0,pointpca3_only,tool_box_gsigma_0_tsigma_8.ply,tool_box.ply,74.0777420470806,76.78040591206208
WPC,0,pointpca3_only,tool_box_gsigma_0_tsigma_16.ply,tool_box.ply,47.6539583277037,58.11030115864091
WPC,0,pointpca3_only,tool_box_gsigma_0_tsigma_32.ply,tool_box.ply,33.3808952190659,44.80400009584153
WPC,0,pointpca3_only,tool_box_gsigma_2_tsigma_8.ply,tool_box.ply,42.1586836898212,47.205969533023925
WPC,0,pointpca3_only,tool_box_gsigma_2_tsigma_16.ply,tool_box.ply,30.4911353870176,42.7268267070673
WPC,0,pointpca3_only,tool_box_gsigma_2_tsigma_32.ply,tool_box.ply,19.7353896644349,32.83569836037822
WPC,0,pointpca3_only,tool_box_gsigma_4_tsigma_8.ply,tool_box.ply,27.6145145983668,33.026296331754764
WPC,0,pointpca3_only,tool_box_gsigma_4_tsigma_16.ply,tool_box.ply,22.032861690286,31.192066980641403
WPC,0,pointpca3_only,tool_box_gsigma_4_tsigma_32.ply,tool_box.ply,13.7126560479102,28.321630178850423
WPC,0,pointpca3_only,tool_box_tsl_4_tqs_64.ply,tool_box.ply,53.8100580363865,37.062651495707584
WPC,0,pointpca3_only,tool_box_tsl_4_tqs_128.ply,tool_box.ply,43.4806332561404,31.638323173602306
WPC,0,pointpca3_only,tool_box_tsl_4_tqs_256.ply,tool_box.ply,21.3399042402183,27.599301380838536
WPC,0,pointpca3_only,tool_box_tsl_4_tqs_512.ply,tool_box.ply,9.772409239441,26.543622482492243
WPC,0,pointpca3_only,tool_box_tsl_6_tqs_64.ply,tool_box.ply,80.4800722020086,59.90809623796297
WPC,0,pointpca3_only,tool_box_tsl_6_tqs_128.ply,tool_box.ply,46.7185364229069,42.149064210577805
WPC,0,pointpca3_only,tool_box_tsl_6_tqs_256.ply,tool_box.ply,31.6904848394128,33.99121810246983
WPC,0,pointpca3_only,tool_box_tsl_6_tqs_512.ply,tool_box.ply,13.2445947729477,30.279760741885315
WPC,0,pointpca3_only,tool_box_tsl_8_tqs_64.ply,tool_box.ply,73.8705759608815,63.02042029316837
WPC,0,pointpca3_only,tool_box_tsl_8_tqs_128.ply,tool_box.ply,52.1691946744185,45.148331878857995
WPC,0,pointpca3_only,tool_box_tsl_8_tqs_256.ply,tool_box.ply,29.3246156020452,37.04927479308572
WPC,0,pointpca3_only,tool_box_tsl_8_tqs_512.ply,tool_box.ply,18.0808647645683,31.351172180547763
WPC,0,pointpca3_only,tool_box_gQP_1_tQP_1.ply,tool_box.ply,77.1818034804779,57.62675308307993
WPC,0,pointpca3_only,tool_box_gQP_1_tQP_2.ply,tool_box.ply,59.1793726323538,48.69003665103185
WPC,0,pointpca3_only,tool_box_gQP_1_tQP_3.ply,tool_box.ply,56.7594447126585,47.71416766157267
WPC,0,pointpca3_only,tool_box_gQP_2_tQP_1.ply,tool_box.ply,57.8707979905386,49.050897407407376
WPC,0,pointpca3_only,tool_box_gQP_2_tQP_2.ply,tool_box.ply,57.2117340327635,39.422074206333725
WPC,0,pointpca3_only,tool_box_gQP_2_tQP_3.ply,tool_box.ply,45.3218746375929,37.320982997888684
WPC,0,pointpca3_only,tool_box_gQP_3_tQP_1.ply,tool_box.ply,44.4899426853948,34.91363256461163
WPC,0,pointpca3_only,tool_box_gQP_3_tQP_2.ply,tool_box.ply,47.6371547753809,33.45570147548436
WPC,0,pointpca3_only,tool_box_gQP_3_tQP_3.ply,tool_box.ply,34.6512821957151,31.923273825659045
WPC,0,pointpca3_only,tool_box_pqs_1_qs_16_rounded.ply,tool_box.ply,82.5089138067047,76.9517404396508
WPC,0,pointpca3_only,tool_box_pqs_1_qs_32_rounded.ply,tool_box.ply,58.7412497169173,63.71309373159442
WPC,0,pointpca3_only,tool_box_pqs_1_qs_48_rounded.ply,tool_box.ply,38.8030536311133,45.446506376615744
WPC,0,pointpca3_only,tool_box_pqs_1_qs_64_rounded.ply,tool_box.ply,22.5981055276887,35.22893862205628
WPC,0,dists_only,cauliflower_level_7.ply,cauliflower.ply,8.79345962299418,45.373697433192554
WPC,0,dists_only,cauliflower_level_8.ply,cauliflower.ply,16.0306030369897,65.99121482177269
WPC,0,dists_only,cauliflower_level_9.ply,cauliflower.ply,74.6811494247904,87.38996932019617
WPC,0,dists_only,cauliflower_gsigma_0_tsigma_8.ply,cauliflower.ply,77.7622683284028,69.53908534166322
WPC,0,dists_only,cauliflower_gsigma_0_tsigma_16.ply,cauliflower.ply,57.425103805969,52.784952208011994
WPC,0,dists_only,cauliflower_gsigma_0_tsigma_32.ply,cauliflower.ply,40.190717226665,31.287415384835963
WPC,0,dists_only,cauliflower_gsigma_2_tsigma_8.ply,cauliflower.ply,64.1622967039307,54.32613694919465
WPC,0,dists_only,cauliflower_gsigma_2_tsigma_16.ply,cauliflower.ply,53.1317191703664,40.96718786461774
WPC,0,dists_only,cauliflower_gsigma_2_tsigma_32.ply,cauliflower.ply,31.3681861609079,30.015109962019732
WPC,0,dists_only,cauliflower_gsigma_4_tsigma_8.ply,cauliflower.ply,47.8571729909968,39.72855652260545
WPC,0,dists_only,cauliflower_gsigma_4_tsigma_16.ply,cauliflower.ply,44.4047016090656,30.50210286124536
WPC,0,dists_only,cauliflower_gsigma_4_tsigma_32.ply,cauliflower.ply,27.3258415882843,15.815163792575241
WPC,0,dists_only,cauliflower_tsl_4_tqs_64.ply,cauliflower.ply,61.9039972872389,55.934060300286426
WPC,0,dists_only,cauliflower_tsl_4_tqs_128.ply,cauliflower.ply,42.188692944374,40.80811560665241
WPC,0,dists_only,cauliflower_tsl_4_tqs_256.ply,cauliflower.ply,33.1300686929086,33.41207188485946
WPC,0,dists_only,cauliflower_tsl_4_tqs_512.ply,cauliflower.ply,26.6104175998077,21.695775793707163
WPC,0,dists_only,cauliflower_tsl_6_tqs_64.ply,cauliflower.ply,75.5339573340953,64.08303363369623
WPC,0,dists_only,cauliflower_tsl_6_tqs_128.ply,cauliflower.ply,64.2706535471644,57.22931756101951
WPC,0,dists_only,cauliflower_tsl_6_tqs_256.ply,cauliflower.ply,41.8663397248415,32.75263379321435
WPC,0,dists_only,cauliflower_tsl_6_tqs_512.ply,cauliflower.ply,29.7421656574121,21.456224106232938
WPC,0,dists_only,cauliflower_tsl_8_tqs_64.ply,cauliflower.ply,92.8513690778754,72.20271241838881
WPC,0,dists_only,cauliflower_tsl_8_tqs_128.ply,cauliflower.ply,79.7652667648818,54.40445970353156
WPC,0,dists_only,cauliflower_tsl_8_tqs_256.ply,cauliflower.ply,43.9879089599129,34.32386539242265
WPC,0,dists_only,cauliflower_tsl_8_tqs_512.ply,cauliflower.ply,27.7443960854802,20.36298227906822
WPC,0,dists_only,cauliflower_gQP_1_tQP_1.ply,cauliflower.ply,87.6248392427318,69.92468007659367
WPC,0,dists_only,cauliflower_gQP_1_tQP_2.ply,cauliflower.ply,69.9340182104258,61.09498470116693
WPC,0,dists_only,cauliflower_gQP_1_tQP_3.ply,cauliflower.ply,55.8664800791356,48.80732823182732
WPC,0,dists_only,cauliflower_gQP_2_tQP_1.ply,cauliflower.ply,77.6400648006452,68.98074941782002
WPC,0,dists_only,cauliflower_gQP_2_tQP_2.ply,cauliflower.ply,61.7264692699532,56.65587477705269
WPC,0,dists_only,cauliflower_gQP_2_tQP_3.ply,cauliflower.ply,50.2228411565292,49.213300951654965
WPC,0,dists_only,cauliflower_gQP_3_tQP_1.ply,cauliflower.ply,34.4736481448513,59.08876267013231
WPC,0,dists_only,cauliflower_gQP_3_tQP_2.ply,cauliflower.ply,27.4116195543465,46.512295933830565
WPC,0,dists_only,cauliflower_gQP_3_tQP_3.ply,cauliflower.ply,30.2313975655941,40.78108071376245
WPC,0,dists_only,cauliflower_pqs_1_qs_16_rounded.ply,cauliflower.ply,90.0384616380816,71.05224123755193
WPC,0,dists_only,cauliflower_pqs_1_qs_32_rounded.ply,cauliflower.ply,63.72945613739,50.7011085356597
WPC,0,dists_only,cauliflower_pqs_1_qs_48_rounded.ply,cauliflower.ply,27.0784601811131,37.10320735234323
WPC,0,dists_only,cauliflower_pqs_1_qs_64_rounded.ply,cauliflower.ply,14.4033486133223,30.857563056903615
WPC,0,dists_only,litchi_level_7.ply,litchi.ply,2.48274825766083,29.520531722227396
WPC,0,dists_only,litchi_level_8.ply,litchi.ply,23.5190476695968,56.100464217141926
WPC,0,dists_only,litchi_level_9.ply,litchi.ply,88.2565402235114,62.98794298017628
WPC,0,dists_only,litchi_gsigma_0_tsigma_8.ply,litchi.ply,92.5519659002015,82.03205601140682
WPC,0,dists_only,litchi_gsigma_0_tsigma_16.ply,litchi.ply,78.9932472626517,61.60672814085838
WPC,0,dists_only,litchi_gsigma_0_tsigma_32.ply,litchi.ply,40.7583214780207,45.91841320799505
WPC,0,dists_only,litchi_gsigma_2_tsigma_8.ply,litchi.ply,66.6919619162232,42.593204463839086
WPC,0,dists_only,litchi_gsigma_2_tsigma_16.ply,litchi.ply,55.4614195640488,34.43733512901389
WPC,0,dists_only,litchi_gsigma_2_tsigma_32.ply,litchi.ply,39.7558833886201,32.06681903942014
WPC,0,dists_only,litchi_gsigma_4_tsigma_8.ply,litchi.ply,39.0795202563234,26.007467617912017
WPC,0,dists_only,litchi_gsigma_4_tsigma_16.ply,litchi.ply,43.3964948941778,24.587919011110216
WPC,0,dists_only,litchi_gsigma_4_tsigma_32.ply,litchi.ply,32.5660157341656,20.23574949211369
WPC,0,dists_only,litchi_tsl_4_tqs_64.ply,litchi.ply,41.4499562169134,24.971285557019932
WPC,0,dists_only,litchi_tsl_4_tqs_128.ply,litchi.ply,33.9275303741484,22.904637954267372
WPC,0,dists_only,litchi_tsl_4_tqs_256.ply,litchi.ply,24.4817713883161,16.440148816184525
WPC,0,dists_only,litchi_tsl_4_tqs_512.ply,litchi.ply,14.1638346194462,10.884433054684415
WPC,0,dists_only,litchi_tsl_6_tqs_64.ply,litchi.ply,76.6159398833369,63.21285255836802
WPC,0,dists_only,litchi_tsl_6_tqs_128.ply,litchi.ply,66.5232624212034,40.38489225888825
WPC,0,dists_only,litchi_tsl_6_tqs_256.ply,litchi.ply,38.6309616528636,25.098776094083117
WPC,0,dists_only,litchi_tsl_6_tqs_512.ply,litchi.ply,21.5470054418339,20.754653875583628
WPC,0,dists_only,litchi_tsl_8_tqs_64.ply,litchi.ply,89.1348528544494,59.99263243270035
WPC,0,dists_only,litchi_tsl_8_tqs_128.ply,litchi.ply,72.2904768461572,42.64933474884949
WPC,0,dists_only,litchi_tsl_8_tqs_256.ply,litchi.ply,52.2418214751017,37.800005911692885
WPC,0,dists_only,litchi_tsl_8_tqs_512.ply,litchi.ply,25.865772694275,25.9803261851983
WPC,0,dists_only,litchi_gQP_1_tQP_1.ply,litchi.ply,83.8245971648544,55.93827191923121
WPC,0,dists_only,litchi_gQP_1_tQP_2.ply,litchi.ply,73.7164483027422,47.75873996219684
WPC,0,dists_only,litchi_gQP_1_tQP_3.ply,litchi.ply,59.2921925280305,44.20854015741451
WPC,0,dists_only,litchi_gQP_2_tQP_1.ply,litchi.ply,62.0841589108816,61.231362128577004
WPC,0,dists_only,litchi_gQP_2_tQP_2.ply,litchi.ply,49.4680949601792,51.37078762117254
WPC,0,dists_only,litchi_gQP_2_tQP_3.ply,litchi.ply,40.8373808033559,44.22479823998532
WPC,0,dists_only,litchi_gQP_3_tQP_1.ply,litchi.ply,38.8157313038377,51.97384463666066
WPC,0,dists_only,litchi_gQP_3_tQP_2.ply,litchi.ply,41.6217843598167,42.55871481585805
WPC,0,dists_only,litchi_gQP_3_tQP_3.ply,litchi.ply,29.9512447586551,30.487377272204768
WPC,0,dists_only,litchi_pqs_1_qs_16_rounded.ply,litchi.ply,90.5961494710678,55.38653047556879
WPC,0,dists_only,litchi_pqs_1_qs_32_rounded.ply,litchi.ply,72.2646975341265,61.20680499512141
WPC,0,dists_only,litchi_pqs_1_qs_48_rounded.ply,litchi.ply,43.1575564763788,46.0625705228794
WPC,0,dists_only,litchi_pqs_1_qs_64_rounded.ply,litchi.ply,32.0967345671909,44.948021194193764
WPC,0,dists_only,puer_tea_level_7.ply,puer_tea.ply,3.15346252854002,21.73543022051527
WPC,0,dists_only,puer_tea_level_8.ply,puer_tea.ply,16.2603349265675,48.51999184153493
WPC,0,dists_only,puer_tea_level_9.ply,puer_tea.ply,77.8432664101668,50.48754854537168
WPC,0,dists_only,puer_tea_gsigma_0_tsigma_8.ply,puer_tea.ply,79.4766933491598,68.50592976206035
WPC,0,dists_only,puer_tea_gsigma_0_tsigma_16.ply,puer_tea.ply,48.6325940292948,54.435249938286134
WPC,0,dists_only,puer_tea_gsigma_0_tsigma_32.ply,puer_tea.ply,34.7408576952058,26.591197687193695
WPC,0,dists_only,puer_tea_gsigma_2_tsigma_8.ply,puer_tea.ply,43.4702655634764,25.329731885278466
WPC,0,dists_only,puer_tea_gsigma_2_tsigma_16.ply,puer_tea.ply,32.5523097966144,23.16043232631629
WPC,0,dists_only,puer_tea_gsigma_2_tsigma_32.ply,puer_tea.ply,27.4135990964935,15.16599539019119
WPC,0,dists_only,puer_tea_gsigma_4_tsigma_8.ply,puer_tea.ply,24.0019876904387,11.704002293001768
WPC,0,dists_only,puer_tea_gsigma_4_tsigma_16.ply,puer_tea.ply,22.9869495082541,10.883101341665242
WPC,0,dists_only,puer_tea_gsigma_4_tsigma_32.ply,puer_tea.ply,17.40818679622,10.733593613832355
WPC,0,dists_only,puer_tea_tsl_4_tqs_64.ply,puer_tea.ply,22.6305666322368,26.54372943871777
WPC,0,dists_only,puer_tea_tsl_4_tqs_128.ply,puer_tea.ply,26.8199135306378,12.777604881642834
WPC,0,dists_only,puer_tea_tsl_4_tqs_256.ply,puer_tea.ply,12.1998153379797,12.406490802097997
WPC,0,dists_only,puer_tea_tsl_4_tqs_512.ply,puer_tea.ply,5.84222472057741,10.619577534552697
WPC,0,dists_only,puer_tea_tsl_6_tqs_64.ply,puer_tea.ply,86.8804487654727,49.49409665282689
WPC,0,dists_only,puer_tea_tsl_6_tqs_128.ply,puer_tea.ply,62.9862121483958,26.621931069102207
WPC,0,dists_only,puer_tea_tsl_6_tqs_256.ply,puer_tea.ply,28.5558617819512,20.692493306176235
WPC,0,dists_only,puer_tea_tsl_6_tqs_512.ply,puer_tea.ply,16.5995484743701,13.48822291900771
WPC,0,dists_only,puer_tea_tsl_8_tqs_64.ply,puer_tea.ply,79.8453305174932,47.82545055056143
WPC,0,dists_only,puer_tea_tsl_8_tqs_128.ply,puer_tea.ply,61.7974566844332,24.610261612696117
WPC,0,dists_only,puer_tea_tsl_8_tqs_256.ply,puer_tea.ply,36.1136410683924,21.476630005373057
WPC,0,dists_only,puer_tea_tsl_8_tqs_512.ply,puer_tea.ply,21.5459093155011,12.886424656147353
WPC,0,dists_only,puer_tea_gQP_1_tQP_1.ply,puer_tea.ply,77.914700954506,31.718865222741794
WPC,0,dists_only,puer_tea_gQP_1_tQP_2.ply,puer_tea.ply,75.4444591024422,27.69789097324674
WPC,0,dists_only,puer_tea_gQP_1_tQP_3.ply,puer_tea.ply,51.2988745216774,26.305328284366702
WPC,0,dists_only,puer_tea_gQP_2_tQP_1.ply,puer_tea.ply,62.5054541432411,36.349853923684414
WPC,0,dists_only,puer_tea_gQP_2_tQP_2.ply,puer_tea.ply,63.4256547659898,22.918483886274572
WPC,0,dists_only,puer_tea_gQP_2_tQP_3.ply,puer_tea.ply,48.9932846071129,21.50365804600342
WPC,0,dists_only,puer_tea_gQP_3_tQP_1.ply,puer_tea.ply,49.2533031787853,29.73656203653322
WPC,0,dists_only,puer_tea_gQP_3_tQP_2.ply,puer_tea.ply,42.0841687809331,25.207968379117247
WPC,0,dists_only,puer_tea_gQP_3_tQP_3.ply,puer_tea.ply,37.3107135366479,21.07651313036968
WPC,0,dists_only,puer_tea_pqs_1_qs_16_rounded.ply,puer_tea.ply,88.7792248817324,64.23466974443353
WPC,0,dists_only,puer_tea_pqs_1_qs_32_rounded.ply,puer_tea.ply,57.8307403442314,59.28403465138753
WPC,0,dists_only,puer_tea_pqs_1_qs_48_rounded.ply,puer_tea.ply,53.8310144289387,64.39565058466488
WPC,0,dists_only,puer_tea_pqs_1_qs_64_rounded.ply,puer_tea.ply,48.0135449671769,51.725506320629385
WPC,0,dists_only,tool_box_level_7.ply,tool_box.ply,7.78815081382912,36.23302130404211
WPC,0,dists_only,tool_box_level_8.ply,tool_box.ply,25.3570692321109,59.62722090313524
WPC,0,dists_only,tool_box_level_9.ply,tool_box.ply,72.9680686629272,80.97217125288591
WPC,0,dists_only,tool_box_gsigma_0_tsigma_8.ply,tool_box.ply,74.0777420470806,56.76375965123006
WPC,0,dists_only,tool_box_gsigma_0_tsigma_16.ply,tool_box.ply,47.6539583277037,54.59494115336611
WPC,0,dists_only,tool_box_gsigma_0_tsigma_32.ply,tool_box.ply,33.3808952190659,31.882470210563135
WPC,0,dists_only,tool_box_gsigma_2_tsigma_8.ply,tool_box.ply,42.1586836898212,27.618622819541546
WPC,0,dists_only,tool_box_gsigma_2_tsigma_16.ply,tool_box.ply,30.4911353870176,30.318347082446067
WPC,0,dists_only,tool_box_gsigma_2_tsigma_32.ply,tool_box.ply,19.7353896644349,28.28720943947151
WPC,0,dists_only,tool_box_gsigma_4_tsigma_8.ply,tool_box.ply,27.6145145983668,29.498241178302706
WPC,0,dists_only,tool_box_gsigma_4_tsigma_16.ply,tool_box.ply,22.032861690286,26.418667040487538
WPC,0,dists_only,tool_box_gsigma_4_tsigma_32.ply,tool_box.ply,13.7126560479102,17.97624530930954
WPC,0,dists_only,tool_box_tsl_4_tqs_64.ply,tool_box.ply,53.8100580363865,44.18920910668093
WPC,0,dists_only,tool_box_tsl_4_tqs_128.ply,tool_box.ply,43.4806332561404,42.86434725336787
WPC,0,dists_only,tool_box_tsl_4_tqs_256.ply,tool_box.ply,21.3399042402183,30.016846427718562
WPC,0,dists_only,tool_box_tsl_4_tqs_512.ply,tool_box.ply,9.772409239441,28.05938819625218
WPC,0,dists_only,tool_box_tsl_6_tqs_64.ply,tool_box.ply,80.4800722020086,63.00917593330042
WPC,0,dists_only,tool_box_tsl_6_tqs_128.ply,tool_box.ply,46.7185364229069,50.00046445119561
WPC,0,dists_only,tool_box_tsl_6_tqs_256.ply,tool_box.ply,31.6904848394128,30.39375888661666
WPC,0,dists_only,tool_box_tsl_6_tqs_512.ply,tool_box.ply,13.2445947729477,25.238247102891272
WPC,0,dists_only,tool_box_tsl_8_tqs_64.ply,tool_box.ply,73.8705759608815,55.605530933094535
WPC,0,dists_only,tool_box_tsl_8_tqs_128.ply,tool_box.ply,52.1691946744185,47.36412165621039
WPC,0,dists_only,tool_box_tsl_8_tqs_256.ply,tool_box.ply,29.3246156020452,37.44085605640415
WPC,0,dists_only,tool_box_tsl_8_tqs_512.ply,tool_box.ply,18.0808647645683,25.18195263458168
WPC,0,dists_only,tool_box_gQP_1_tQP_1.ply,tool_box.ply,77.1818034804779,57.876354739863466
WPC,0,dists_only,tool_box_gQP_1_tQP_2.ply,tool_box.ply,59.1793726323538,51.73587796688905
WPC,0,dists_only,tool_box_gQP_1_tQP_3.ply,tool_box.ply,56.7594447126585,48.66285756611761
WPC,0,dists_only,tool_box_gQP_2_tQP_1.ply,tool_box.ply,57.8707979905386,53.22039346305729
WPC,0,dists_only,tool_box_gQP_2_tQP_2.ply,tool_box.ply,57.2117340327635,47.945376880678495
WPC,0,dists_only,tool_box_gQP_2_tQP_3.ply,tool_box.ply,45.3218746375929,42.00164981137803
WPC,0,dists_only,tool_box_gQP_3_tQP_1.ply,tool_box.ply,44.4899426853948,44.71815134510816
WPC,0,dists_only,tool_box_gQP_3_tQP_2.ply,tool_box.ply,47.6371547753809,36.85831367173733
WPC,0,dists_only,tool_box_gQP_3_tQP_3.ply,tool_box.ply,34.6512821957151,38.30356741802538
WPC,0,dists_only,tool_box_pqs_1_qs_16_rounded.ply,tool_box.ply,82.5089138067047,74.05769946734728
WPC,0,dists_only,tool_box_pqs_1_qs_32_rounded.ply,tool_box.ply,58.7412497169173,66.28792031637803
WPC,0,dists_only,tool_box_pqs_1_qs_48_rounded.ply,tool_box.ply,38.8030536311133,45.76298907516794
WPC,0,dists_only,tool_box_pqs_1_qs_64_rounded.ply,tool_box.ply,22.5981055276887,35.444741763771546
WPC,0,fusion_46,cauliflower_level_7.ply,cauliflower.ply,8.79345962299418,7.166305721398511
WPC,0,fusion_46,cauliflower_level_8.ply,cauliflower.ply,16.0306030369897,19.751010257693245
WPC,0,fusion_46,cauliflower_level_9.ply,cauliflower.ply,74.6811494247904,75.57256049836052
WPC,0,fusion_46,cauliflower_gsigma_0_tsigma_8.ply,cauliflower.ply,77.7622683284028,79.94029323742457
WPC,0,fusion_46,cauliflower_gsigma_0_tsigma_16.ply,cauliflower.ply,57.425103805969,54.68399752416889
WPC,0,fusion_46,cauliflower_gsigma_0_tsigma_32.ply,cauliflower.ply,40.190717226665,36.70927079429854
WPC,0,fusion_46,cauliflower_gsigma_2_tsigma_8.ply,cauliflower.ply,64.1622967039307,58.35460555780369
WPC,0,fusion_46,cauliflower_gsigma_2_tsigma_16.ply,cauliflower.ply,53.1317191703664,43.30838798214524
WPC,0,fusion_46,cauliflower_gsigma_2_tsigma_32.ply,cauliflower.ply,31.3681861609079,32.038882365055265
WPC,0,fusion_46,cauliflower_gsigma_4_tsigma_8.ply,cauliflower.ply,47.8571729909968,39.826377274832865
WPC,0,fusion_46,cauliflower_gsigma_4_tsigma_16.ply,cauliflower.ply,44.4047016090656,35.86931735647161
WPC,0,fusion_46,cauliflower_gsigma_4_tsigma_32.ply,cauliflower.ply,27.3258415882843,28.135807209680856
WPC,0,fusion_46,cauliflower_tsl_4_tqs_64.ply,cauliflower.ply,61.9039972872389,48.348638420594405
WPC,0,fusion_46,cauliflower_tsl_4_tqs_128.ply,cauliflower.ply,42.188692944374,35.82761347397961
WPC,0,fusion_46,cauliflower_tsl_4_tqs_256.ply,cauliflower.ply,33.1300686929086,22.928064972455708
WPC,0,fusion_46,cauliflower_tsl_4_tqs_512.ply,cauliflower.ply,26.6104175998077,17.990973799997857
WPC,0,fusion_46,cauliflower_tsl_6_tqs_64.ply,cauliflower.ply,75.5339573340953,78.28855972694149
WPC,0,fusion_46,cauliflower_tsl_6_tqs_128.ply,cauliflower.ply,64.2706535471644,64.2501214992235
WPC,0,fusion_46,cauliflower_tsl_6_tqs_256.ply,cauliflower.ply,41.8663397248415,36.62465114367766
WPC,0,fusion_46,cauliflower_tsl_6_tqs_512.ply,cauliflower.ply,29.7421656574121,27.09993420010765
WPC,0,fusion_46,cauliflower_tsl_8_tqs_64.ply,cauliflower.ply,92.8513690778754,84.12412947423395
WPC,0,fusion_46,cauliflower_tsl_8_tqs_128.ply,cauliflower.ply,79.7652667648818,70.15761650660357
WPC,0,fusion_46,cauliflower_tsl_8_tqs_256.ply,cauliflower.ply,43.9879089599129,40.90406004760896
WPC,0,fusion_46,cauliflower_tsl_8_tqs_512.ply,cauliflower.ply,27.7443960854802,29.885231577310122
WPC,0,fusion_46,cauliflower_gQP_1_tQP_1.ply,cauliflower.ply,87.6248392427318,79.55235671966621
WPC,0,fusion_46,cauliflower_gQP_1_tQP_2.ply,cauliflower.ply,69.9340182104258,69.35866388292787
WPC,0,fusion_46,cauliflower_gQP_1_tQP_3.ply,cauliflower.ply,55.8664800791356,61.34652968067523
WPC,0,fusion_46,cauliflower_gQP_2_tQP_1.ply,cauliflower.ply,77.6400648006452,68.0734639134419
WPC,0,fusion_46,cauliflower_gQP_2_tQP_2.ply,cauliflower.ply,61.7264692699532,60.759380540894036
WPC,0,fusion_46,cauliflower_gQP_2_tQP_3.ply,cauliflower.ply,50.2228411565292,55.182525661257365
WPC,0,fusion_46,cauliflower_gQP_3_tQP_1.ply,cauliflower.ply,34.4736481448513,37.15877047260463
WPC,0,fusion_46,cauliflower_gQP_3_tQP_2.ply,cauliflower.ply,27.4116195543465,35.87745263740082
WPC,0,fusion_46,cauliflower_gQP_3_tQP_3.ply,cauliflower.ply,30.2313975655941,34.935312013250666
WPC,0,fusion_46,cauliflower_pqs_1_qs_16_rounded.ply,cauliflower.ply,90.0384616380816,82.38243732760488
WPC,0,fusion_46,cauliflower_pqs_1_qs_32_rounded.ply,cauliflower.ply,63.72945613739,62.21190571964119
WPC,0,fusion_46,cauliflower_pqs_1_qs_48_rounded.ply,cauliflower.ply,27.0784601811131,42.13286349967549
WPC,0,fusion_46,cauliflower_pqs_1_qs_64_rounded.ply,cauliflower.ply,14.4033486133223,33.499286957349675
WPC,0,fusion_46,litchi_level_7.ply,litchi.ply,2.48274825766083,11.78083007706685
WPC,0,fusion_46,litchi_level_8.ply,litchi.ply,23.5190476695968,21.413181925462027
WPC,0,fusion_46,litchi_level_9.ply,litchi.ply,88.2565402235114,68.27053100562117
WPC,0,fusion_46,litchi_gsigma_0_tsigma_8.ply,litchi.ply,92.5519659002015,88.46235933691811
WPC,0,fusion_46,litchi_gsigma_0_tsigma_16.ply,litchi.ply,78.9932472626517,70.88673251601016
WPC,0,fusion_46,litchi_gsigma_0_tsigma_32.ply,litchi.ply,40.7583214780207,47.28251232760357
WPC,0,fusion_46,litchi_gsigma_2_tsigma_8.ply,litchi.ply,66.6919619162232,46.27390592974064
WPC,0,fusion_46,litchi_gsigma_2_tsigma_16.ply,litchi.ply,55.4614195640488,42.08553218032209
WPC,0,fusion_46,litchi_gsigma_2_tsigma_32.ply,litchi.ply,39.7558833886201,34.88624122390232
WPC,0,fusion_46,litchi_gsigma_4_tsigma_8.ply,litchi.ply,39.0795202563234,35.47390378806283
WPC,0,fusion_46,litchi_gsigma_4_tsigma_16.ply,litchi.ply,43.3964948941778,32.97261017564027
WPC,0,fusion_46,litchi_gsigma_4_tsigma_32.ply,litchi.ply,32.5660157341656,29.2443185430958
WPC,0,fusion_46,litchi_tsl_4_tqs_64.ply,litchi.ply,41.4499562169134,27.215279758955216
WPC,0,fusion_46,litchi_tsl_4_tqs_128.ply,litchi.ply,33.9275303741484,25.94647580735291
WPC,0,fusion_46,litchi_tsl_4_tqs_256.ply,litchi.ply,24.4817713883161,20.868708537133458
WPC,0,fusion_46,litchi_tsl_4_tqs_512.ply,litchi.ply,14.1638346194462,16.774158068580682
WPC,0,fusion_46,litchi_tsl_6_tqs_64.ply,litchi.ply,76.6159398833369,69.35100805170265
WPC,0,fusion_46,litchi_tsl_6_tqs_128.ply,litchi.ply,66.5232624212034,52.70521882638744
WPC,0,fusion_46,litchi_tsl_6_tqs_256.ply,litchi.ply,38.6309616528636,34.52716878109633
WPC,0,fusion_46,litchi_tsl_6_tqs_512.ply,litchi.ply,21.5470054418339,25.557465646475336
WPC,0,fusion_46,litchi_tsl_8_tqs_64.ply,litchi.ply,89.1348528544494,79.03890978256601
WPC,0,fusion_46,litchi_tsl_8_tqs_128.ply,litchi.ply,72.2904768461572,64.53600322111497
WPC,0,fusion_46,litchi_tsl_8_tqs_256.ply,litchi.ply,52.2418214751017,42.84915365857605
WPC,0,fusion_46,litchi_tsl_8_tqs_512.ply,litchi.ply,25.865772694275,28.108646062157764
WPC,0,fusion_46,litchi_gQP_1_tQP_1.ply,litchi.ply,83.8245971648544,58.77679398330494
WPC,0,fusion_46,litchi_gQP_1_tQP_2.ply,litchi.ply,73.7164483027422,56.68773415330102
WPC,0,fusion_46,litchi_gQP_1_tQP_3.ply,litchi.ply,59.2921925280305,52.771704366921
WPC,0,fusion_46,litchi_gQP_2_tQP_1.ply,litchi.ply,62.0841589108816,39.48431753226234
WPC,0,fusion_46,litchi_gQP_2_tQP_2.ply,litchi.ply,49.4680949601792,36.56214164667667
WPC,0,fusion_46,litchi_gQP_2_tQP_3.ply,litchi.ply,40.8373808033559,34.4359592719223
WPC,0,fusion_46,litchi_gQP_3_tQP_1.ply,litchi.ply,38.8157313038377,39.70161901182139
WPC,0,fusion_46,litchi_gQP_3_tQP_2.ply,litchi.ply,41.6217843598167,38.29733751850924
WPC,0,fusion_46,litchi_gQP_3_tQP_3.ply,litchi.ply,29.9512447586551,34.62495030419706
WPC,0,fusion_46,litchi_pqs_1_qs_16_rounded.ply,litchi.ply,90.5961494710678,86.64861771703312
WPC,0,fusion_46,litchi_pqs_1_qs_32_rounded.ply,litchi.ply,72.2646975341265,72.67219248063869
WPC,0,fusion_46,litchi_pqs_1_qs_48_rounded.ply,litchi.ply,43.1575564763788,57.77995320648671
WPC,0,fusion_46,litchi_pqs_1_qs_64_rounded.ply,litchi.ply,32.0967345671909,43.6758740372155
WPC,0,fusion_46,puer_tea_level_7.ply,puer_tea.ply,3.15346252854002,8.733454438477791
WPC,0,fusion_46,puer_tea_level_8.ply,puer_tea.ply,16.2603349265675,27.254287864323555
WPC,0,fusion_46,puer_tea_level_9.ply,puer_tea.ply,77.8432664101668,67.93956801344012
WPC,0,fusion_46,puer_tea_gsigma_0_tsigma_8.ply,puer_tea.ply,79.4766933491598,76.69115863280126
WPC,0,fusion_46,puer_tea_gsigma_0_tsigma_16.ply,puer_tea.ply,48.6325940292948,54.70567910226601
WPC,0,fusion_46,puer_tea_gsigma_0_tsigma_32.ply,puer_tea.ply,34.7408576952058,30.235239993074043
WPC,0,fusion_46,puer_tea_gsigma_2_tsigma_8.ply,puer_tea.ply,43.4702655634764,34.20276596159412
WPC,0,fusion_46,puer_tea_gsigma_2_tsigma_16.ply,puer_tea.ply,32.5523097966144,27.52833819376375
WPC,0,fusion_46,puer_tea_gsigma_2_tsigma_32.ply,puer_tea.ply,27.4135990964935,25.564180623038386
WPC,0,fusion_46,puer_tea_gsigma_4_tsigma_8.ply,puer_tea.ply,24.0019876904387,28.042456781684987
WPC,0,fusion_46,puer_tea_gsigma_4_tsigma_16.ply,puer_tea.ply,22.9869495082541,25.371000468043466
WPC,0,fusion_46,puer_tea_gsigma_4_tsigma_32.ply,puer_tea.ply,17.40818679622,25.25039266028385
WPC,0,fusion_46,puer_tea_tsl_4_tqs_64.ply,puer_tea.ply,22.6305666322368,25.465361871352457
WPC,0,fusion_46,puer_tea_tsl_4_tqs_128.ply,puer_tea.ply,26.8199135306378,20.856274224944617
WPC,0,fusion_46,puer_tea_tsl_4_tqs_256.ply,puer_tea.ply,12.1998153379797,18.157259371400727
WPC,0,fusion_46,puer_tea_tsl_4_tqs_512.ply,puer_tea.ply,5.84222472057741,17.604737905152447
WPC,0,fusion_46,puer_tea_tsl_6_tqs_64.ply,puer_tea.ply,86.8804487654727,56.93260027942754
WPC,0,fusion_46,puer_tea_tsl_6_tqs_128.ply,puer_tea.ply,62.9862121483958,31.965170163413333
WPC,0,fusion_46,puer_tea_tsl_6_tqs_256.ply,puer_tea.ply,28.5558617819512,25.15041384462287
WPC,0,fusion_46,puer_tea_tsl_6_tqs_512.ply,puer_tea.ply,16.5995484743701,22.324404163951172
WPC,0,fusion_46,puer_tea_tsl_8_tqs_64.ply,puer_tea.ply,79.8453305174932,57.19057262162764
WPC,0,fusion_46,puer_tea_tsl_8_tqs_128.ply,puer_tea.ply,61.7974566844332,32.632060564417095
WPC,0,fusion_46,puer_tea_tsl_8_tqs_256.ply,puer_tea.ply,36.1136410683924,25.188599595044938
WPC,0,fusion_46,puer_tea_tsl_8_tqs_512.ply,puer_tea.ply,21.5459093155011,22.085721757180526
WPC,0,fusion_46,puer_tea_gQP_1_tQP_1.ply,puer_tea.ply,77.914700954506,45.86071360087521
WPC,0,fusion_46,puer_tea_gQP_1_tQP_2.ply,puer_tea.ply,75.4444591024422,35.401389298933026
WPC,0,fusion_46,puer_tea_gQP_1_tQP_3.ply,puer_tea.ply,51.2988745216774,30.02180244484537
WPC,0,fusion_46,puer_tea_gQP_2_tQP_1.ply,puer_tea.ply,62.5054541432411,39.34660452221248
WPC,0,fusion_46,puer_tea_gQP_2_tQP_2.ply,puer_tea.ply,63.4256547659898,29.717073991861295
WPC,0,fusion_46,puer_tea_gQP_2_tQP_3.ply,puer_tea.ply,48.9932846071129,26.83153522126344
WPC,0,fusion_46,puer_tea_gQP_3_tQP_1.ply,puer_tea.ply,49.2533031787853,34.322911864535676
WPC,0,fusion_46,puer_tea_gQP_3_tQP_2.ply,puer_tea.ply,42.0841687809331,28.519802426522475
WPC,0,fusion_46,puer_tea_gQP_3_tQP_3.ply,puer_tea.ply,37.3107135366479,25.784343687967272
WPC,0,fusion_46,puer_tea_pqs_1_qs_16_rounded.ply,puer_tea.ply,88.7792248817324,79.65595388651198
WPC,0,fusion_46,puer_tea_pqs_1_qs_32_rounded.ply,puer_tea.ply,57.8307403442314,68.02922481740667
WPC,0,fusion_46,puer_tea_pqs_1_qs_48_rounded.ply,puer_tea.ply,53.8310144289387,58.46470036725704
WPC,0,fusion_46,puer_tea_pqs_1_qs_64_rounded.ply,puer_tea.ply,48.0135449671769,47.94776448777049
WPC,0,fusion_46,tool_box_level_7.ply,tool_box.ply,7.78815081382912,9.470124756781878
WPC,0,fusion_46,tool_box_level_8.ply,tool_box.ply,25.3570692321109,20.251000855004726
WPC,0,fusion_46,tool_box_level_9.ply,tool_box.ply,72.9680686629272,77.9200503782298
WPC,0,fusion_46,tool_box_gsigma_0_tsigma_8.ply,tool_box.ply,74.0777420470806,77.16075142295084
WPC,0,fusion_46,tool_box_gsigma_0_tsigma_16.ply,tool_box.ply,47.6539583277037,57.626533837223114
WPC,0,fusion_46,tool_box_gsigma_0_tsigma_32.ply,tool_box.ply,33.3808952190659,42.76605020418872
WPC,0,fusion_46,tool_box_gsigma_2_tsigma_8.ply,tool_box.ply,42.1586836898212,44.444077418080326
WPC,0,fusion_46,tool_box_gsigma_2_tsigma_16.ply,tool_box.ply,30.4911353870176,37.19538268547492
WPC,0,fusion_46,tool_box_gsigma_2_tsigma_32.ply,tool_box.ply,19.7353896644349,31.197157413651404
WPC,0,fusion_46,tool_box_gsigma_4_tsigma_8.ply,tool_box.ply,27.6145145983668,35.09115203370075
WPC,0,fusion_46,tool_box_gsigma_4_tsigma_16.ply,tool_box.ply,22.032861690286,30.67972970596766
WPC,0,fusion_46,tool_box_gsigma_4_tsigma_32.ply,tool_box.ply,13.7126560479102,26.844184911886053
WPC,0,fusion_46,tool_box_tsl_4_tqs_64.ply,tool_box.ply,53.8100580363865,52.002786656659644
WPC,0,fusion_46,tool_box_tsl_4_tqs_128.ply,tool_box.ply,43.4806332561404,40.1674989199058
WPC,0,fusion_46,tool_box_tsl_4_tqs_256.ply,tool_box.ply,21.3399042402183,30.775159536550937
WPC,0,fusion_46,tool_box_tsl_4_tqs_512.ply,tool_box.ply,9.772409239441,26.36899254571318
WPC,0,fusion_46,tool_box_tsl_6_tqs_64.ply,tool_box.ply,80.4800722020086,72.69869481950542
WPC,0,fusion_46,tool_box_tsl_6_tqs_128.ply,tool_box.ply,46.7185364229069,56.556680361529494
WPC,0,fusion_46,tool_box_tsl_6_tqs_256.ply,tool_box.ply,31.6904848394128,35.447454539350936
WPC,0,fusion_46,tool_box_tsl_6_tqs_512.ply,tool_box.ply,13.2445947729477,30.726311814881505
WPC,0,fusion_46,tool_box_tsl_8_tqs_64.ply,tool_box.ply,73.8705759608815,78.70221889278973
WPC,0,fusion_46,tool_box_tsl_8_tqs_128.ply,tool_box.ply,52.1691946744185,62.60579024161217
WPC,0,fusion_46,tool_box_tsl_8_tqs_256.ply,tool_box.ply,29.3246156020452,40.97681916093555
WPC,0,fusion_46,tool_box_tsl_8_tqs_512.ply,tool_box.ply,18.0808647645683,32.76854480915416
WPC,0,fusion_46,tool_box_gQP_1_tQP_1.ply,tool_box.ply,77.1818034804779,64.38237669255211
WPC,0,fusion_46,tool_box_gQP_1_tQP_2.ply,tool_box.ply,59.1793726323538,58.65279194361093
WPC,0,fusion_46,tool_box_gQP_1_tQP_3.ply,tool_box.ply,56.7594447126585,51.98906128995813
WPC,0,fusion_46,tool_box_gQP_2_tQP_1.ply,tool_box.ply,57.8707979905386,51.866620226087804
WPC,0,fusion_46,tool_box_gQP_2_tQP_2.ply,tool_box.ply,57.2117340327635,48.90399839591269
WPC,0,fusion_46,tool_box_gQP_2_tQP_3.ply,tool_box.ply,45.3218746375929,45.038007595626816
WPC,0,fusion_46,tool_box_gQP_3_tQP_1.ply,tool_box.ply,44.4899426853948,39.599574348833485
WPC,0,fusion_46,tool_box_gQP_3_tQP_2.ply,tool_box.ply,47.6371547753809,34.87016820719639
WPC,0,fusion_46,tool_box_gQP_3_tQP_3.ply,tool_box.ply,34.6512821957151,32.885092721013606
WPC,0,fusion_46,tool_box_pqs_1_qs_16_rounded.ply,tool_box.ply,82.5089138067047,80.95121721326562
WPC,0,fusion_46,tool_box_pqs_1_qs_32_rounded.ply,tool_box.ply,58.7412497169173,63.58669219924916
WPC,0,fusion_46,tool_box_pqs_1_qs_48_rounded.ply,tool_box.ply,38.8030536311133,49.7846335015185
WPC,0,fusion_46,tool_box_pqs_1_qs_64_rounded.ply,tool_box.ply,22.5981055276887,34.6641272791574
WPC,1,pointpca3_only,cake_level_7.ply,cake.ply,7.77036630933149,6.754873412636345
WPC,1,pointpca3_only,cake_level_8.ply,cake.ply,17.0859315355819,20.800040138057366
WPC,1,pointpca3_only,cake_level_9.ply,cake.ply,64.345121670555,73.95113020078809
WPC,1,pointpca3_only,cake_gsigma_0_tsigma_8.ply,cake.ply,82.3590312049873,73.82111439623631
WPC,1,pointpca3_only,cake_gsigma_0_tsigma_16.ply,cake.ply,68.4854323789437,56.268927961907046
WPC,1,pointpca3_only,cake_gsigma_0_tsigma_32.ply,cake.ply,44.2810515123353,36.795739003172635
WPC,1,pointpca3_only,cake_gsigma_2_tsigma_8.ply,cake.ply,67.1418394852242,48.06739392499514
WPC,1,pointpca3_only,cake_gsigma_2_tsigma_16.ply,cake.ply,58.6861334648242,41.69993001885771
WPC,1,pointpca3_only,cake_gsigma_2_tsigma_32.ply,cake.ply,40.5821688086074,32.63179542467449
WPC,1,pointpca3_only,cake_gsigma_4_tsigma_8.ply,cake.ply,50.0208990235177,31.647091602553495
WPC,1,pointpca3_only,cake_gsigma_4_tsigma_16.ply,cake.ply,45.0085000603682,29.619907160608086
WPC,1,pointpca3_only,cake_gsigma_4_tsigma_32.ply,cake.ply,33.5864561619986,26.543893071754063
WPC,1,pointpca3_only,cake_tsl_4_tqs_64.ply,cake.ply,83.7601889304529,42.12933351611084
WPC,1,pointpca3_only,cake_tsl_4_tqs_128.ply,cake.ply,71.4192006225946,37.090012320648846
WPC,1,pointpca3_only,cake_tsl_4_tqs_256.ply,cake.ply,53.06015189417,30.276091200937454
WPC,1,pointpca3_only,cake_tsl_4_tqs_512.ply,cake.ply,21.540601757417,23.600053070416067
WPC,1,pointpca3_only,cake_tsl_6_tqs_64.ply,cake.ply,82.758494070103,68.57057158885425
WPC,1,pointpca3_only,cake_tsl_6_tqs_128.ply,cake.ply,79.7423791075781,60.22553220116895
WPC,1,pointpca3_only,cake_tsl_6_tqs_256.ply,cake.ply,51.5022683172203,44.512906712214715
WPC,1,pointpca3_only,cake_tsl_6_tqs_512.ply,cake.ply,27.3954821215605,32.047863990143554
WPC,1,pointpca3_only,cake_tsl_8_tqs_64.ply,cake.ply,90.6540825183606,78.71262684377491
WPC,1,pointpca3_only,cake_tsl_8_tqs_128.ply,cake.ply,83.1920702766834,67.51038690950244
WPC,1,pointpca3_only,cake_tsl_8_tqs_256.ply,cake.ply,62.1457518157293,48.97727232353076
WPC,1,pointpca3_only,cake_tsl_8_tqs_512.ply,cake.ply,32.9655251142529,30.740975232465043
WPC,1,pointpca3_only,cake_gQP_1_tQP_1.ply,cake.ply,80.2052650200606,75.89864834866879
WPC,1,pointpca3_only,cake_gQP_1_tQP_2.ply,cake.ply,71.9209757291828,62.48846169688025
WPC,1,pointpca3_only,cake_gQP_1_tQP_3.ply,cake.ply,53.3831320857794,50.66062495627973
WPC,1,pointpca3_only,cake_gQP_2_tQP_1.ply,cake.ply,55.7972335545827,66.84084549816338
WPC,1,pointpca3_only,cake_gQP_2_tQP_2.ply,cake.ply,51.1128466069268,58.613287125485684
WPC,1,pointpca3_only,cake_gQP_2_tQP_3.ply,cake.ply,49.4090771166687,49.14026512457358
WPC,1,pointpca3_only,cake_gQP_3_tQP_1.ply,cake.ply,27.0367428218134,42.64981519884099
WPC,1,pointpca3_only,cake_gQP_3_tQP_2.ply,cake.ply,25.9380433382507,41.46793946638637
WPC,1,pointpca3_only,cake_gQP_3_tQP_3.ply,cake.ply,25.6380268432067,39.213874620432414
WPC,1,pointpca3_only,cake_pqs_1_qs_16_rounded.ply,cake.ply,90.7820152659122,75.16305755865909
WPC,1,pointpca3_only,cake_pqs_1_qs_32_rounded.ply,cake.ply,62.3118503892637,50.52743458105711
WPC,1,pointpca3_only,cake_pqs_1_qs_48_rounded.ply,cake.ply,34.5621685118863,30.29950506895533
WPC,1,pointpca3_only,cake_pqs_1_qs_64_rounded.ply,cake.ply,24.8590251527503,32.52505803605455
WPC,1,pointpca3_only,house_level_7.ply,house.ply,2.9538774237317,7.36538643656236
WPC,1,pointpca3_only,house_level_8.ply,house.ply,15.9444624227128,22.34320629445808
WPC,1,pointpca3_only,house_level_9.ply,house.ply,63.6912103194696,64.2232442266781
WPC,1,pointpca3_only,house_gsigma_0_tsigma_8.ply,house.ply,90.1711356373714,90.35518528860051
WPC,1,pointpca3_only,house_gsigma_0_tsigma_16.ply,house.ply,69.8058394235221,74.37379969384361
WPC,1,pointpca3_only,house_gsigma_0_tsigma_32.ply,house.ply,48.933215794281,47.88291391882958
WPC,1,pointpca3_only,house_gsigma_2_tsigma_8.ply,house.ply,48.6814121128676,52.60176129200375
WPC,1,pointpca3_only,house_gsigma_2_tsigma_16.ply,house.ply,46.3008359886891,47.2852177136598
WPC,1,pointpca3_only,house_gsigma_2_tsigma_32.ply,house.ply,34.8664587624749,34.543179631565806
WPC,1,pointpca3_only,house_gsigma_4_tsigma_8.ply,house.ply,35.6885477690345,34.74470621862501
WPC,1,pointpca3_only,house_gsigma_4_tsigma_16.ply,house.ply,29.8975414427219,31.534267778919673
WPC,1,pointpca3_only,house_gsigma_4_tsigma_32.ply,house.ply,19.3845422907278,25.27206877345356
WPC,1,pointpca3_only,house_tsl_4_tqs_64.ply,house.ply,65.0948580797,33.0809485349973
WPC,1,pointpca3_only,house_tsl_4_tqs_128.ply,house.ply,54.3110169538046,30.039958234054428
WPC,1,pointpca3_only,house_tsl_4_tqs_256.ply,house.ply,37.9014346107238,23.806449368785707
WPC,1,pointpca3_only,house_tsl_4_tqs_512.ply,house.ply,22.3964365056709,17.453187755226892
WPC,1,pointpca3_only,house_tsl_6_tqs_64.ply,house.ply,84.7730269494444,75.93868402496616
WPC,1,pointpca3_only,house_tsl_6_tqs_128.ply,house.ply,75.3571451984004,71.42629223330643
WPC,1,pointpca3_only,house_tsl_6_tqs_256.ply,house.ply,42.9864841290645,47.137098852894205
WPC,1,pointpca3_only,house_tsl_6_tqs_512.ply,house.ply,26.5847345410514,29.682161195419614
WPC,1,pointpca3_only,house_tsl_8_tqs_64.ply,house.ply,86.7884342972181,85.53112077216021
WPC,1,pointpca3_only,house_tsl_8_tqs_128.ply,house.ply,80.2478118667351,77.4936008237053
WPC,1,pointpca3_only,house_tsl_8_tqs_256.ply,house.ply,52.6012065154044,53.57429855187259
WPC,1,pointpca3_only,house_tsl_8_tqs_512.ply,house.ply,27.6033084176504,31.812014539997058
WPC,1,pointpca3_only,house_gQP_1_tQP_1.ply,house.ply,92.2279533577551,77.37648475266393
WPC,1,pointpca3_only,house_gQP_1_tQP_2.ply,house.ply,70.6532309133315,68.64363021848047
WPC,1,pointpca3_only,house_gQP_1_tQP_3.ply,house.ply,38.2582098475362,49.4158510870165
WPC,1,pointpca3_only,house_gQP_2_tQP_1.ply,house.ply,74.4527078789402,72.93758964824225
WPC,1,pointpca3_only,house_gQP_2_tQP_2.ply,house.ply,63.0601920212403,62.05614511041627
WPC,1,pointpca3_only,house_gQP_2_tQP_3.ply,house.ply,40.7900467714785,44.03199784971867
WPC,1,pointpca3_only,house_gQP_3_tQP_1.ply,house.ply,40.6393737444513,33.25921163792369
WPC,1,pointpca3_only,house_gQP_3_tQP_2.ply,house.ply,37.1261608885675,33.709870227595836
WPC,1,pointpca3_only,house_gQP_3_tQP_3.ply,house.ply,29.2212435870754,32.32787140546406
WPC,1,pointpca3_only,house_pqs_1_qs_16_rounded.ply,house.ply,88.4320109976302,89.32054367345405
WPC,1,pointpca3_only,house_pqs_1_qs_32_rounded.ply,house.ply,77.6921630714695,74.77446483119732
WPC,1,pointpca3_only,house_pqs_1_qs_48_rounded.ply,house.ply,68.0670300360019,58.61717497090306
WPC,1,pointpca3_only,house_pqs_1_qs_64_rounded.ply,house.ply,50.5938538218811,53.44582211994557
WPC,1,pointpca3_only,ping-pong_bat_level_7.ply,ping-pong_bat.ply,10.6690482299712,6.554143286926223
WPC,1,pointpca3_only,ping-pong_bat_level_8.ply,ping-pong_bat.ply,26.1100390607099,20.9800849374319
WPC,1,pointpca3_only,ping-pong_bat_level_9.ply,ping-pong_bat.ply,85.7174830576411,65.47210089741844
WPC,1,pointpca3_only,ping-pong_bat_gsigma_0_tsigma_8.ply,ping-pong_bat.ply,85.769393720766,80.39162935861783
WPC,1,pointpca3_only,ping-pong_bat_gsigma_0_tsigma_16.ply,ping-pong_bat.ply,59.9268872039021,71.28524768350164
WPC,1,pointpca3_only,ping-pong_bat_gsigma_0_tsigma_32.ply,ping-pong_bat.ply,45.2645196707695,40.21180442666195
WPC,1,pointpca3_only,ping-pong_bat_gsigma_2_tsigma_8.ply,ping-pong_bat.ply,53.5935646400685,48.9927404991989
WPC,1,pointpca3_only,ping-pong_bat_gsigma_2_tsigma_16.ply,ping-pong_bat.ply,43.7257316446207,45.3397061566468
WPC,1,pointpca3_only,ping-pong_bat_gsigma_2_tsigma_32.ply,ping-pong_bat.ply,36.8020877997066,33.51596440561835
WPC,1,pointpca3_only,ping-pong_bat_gsigma_4_tsigma_8.ply,ping-pong_bat.ply,36.8318039649704,33.77961996148583
WPC,1,pointpca3_only,ping-pong_bat_gsigma_4_tsigma_16.ply,ping-pong_bat.ply,31.3729003671076,29.949062987666043
WPC,1,pointpca3_only,ping-pong_bat_gsigma_4_tsigma_32.ply,ping-pong_bat.ply,28.1278545758974,27.0532948922475
WPC,1,pointpca3_only,ping-pong_bat_tsl_4_tqs_64.ply,ping-pong_bat.ply,5.51761494975227,16.872844460489567
WPC,1,pointpca3_only,ping-pong_bat_tsl_4_tqs_128.ply,ping-pong_bat.ply,5.6089146066107,13.316896009379489
WPC,1,pointpca3_only,ping-pong_bat_tsl_4_tqs_256.ply,ping-pong_bat.ply,4.17255565702724,12.218250017549314
WPC,1,pointpca3_only,ping-pong_bat_tsl_4_tqs_512.ply,ping-pong_bat.ply,5.08596036666654,11.0871460476802
WPC,1,pointpca3_only,ping-pong_bat_tsl_6_tqs_64.ply,ping-pong_bat.ply,70.2438172993147,75.71472802076201
WPC,1,pointpca3_only,ping-pong_bat_tsl_6_tqs_128.ply,ping-pong_bat.ply,50.0484512957028,61.607556278911
WPC,1,pointpca3_only,ping-pong_bat_tsl_6_tqs_256.ply,ping-pong_bat.ply,33.4945503475571,38.83180689542819
WPC,1,pointpca3_only,ping-pong_bat_tsl_6_tqs_512.ply,ping-pong_bat.ply,26.984078720206,30.44222482132146
WPC,1,pointpca3_only,ping-pong_bat_tsl_8_tqs_64.ply,ping-pong_bat.ply,77.2407728875596,80.35325560389668
WPC,1,pointpca3_only,ping-pong_bat_tsl_8_tqs_128.ply,ping-pong_bat.ply,52.6310751361073,67.53821046811886
WPC,1,pointpca3_only,ping-pong_bat_tsl_8_tqs_256.ply,ping-pong_bat.ply,38.2532322365905,41.326561123783186
WPC,1,pointpca3_only,ping-pong_bat_tsl_8_tqs_512.ply,ping-pong_bat.ply,30.3627763585824,31.391655810718213
WPC,1,pointpca3_only,ping-pong_bat_gQP_1_tQP_1.ply,ping-pong_bat.ply,73.3250111560863,71.10479348069734
WPC,1,pointpca3_only,ping-pong_bat_gQP_1_tQP_2.ply,ping-pong_bat.ply,63.8519578741261,65.01953789014054
WPC,1,pointpca3_only,ping-pong_bat_gQP_1_tQP_3.ply,ping-pong_bat.ply,53.2647474080303,51.97341559598196
WPC,1,pointpca3_only,ping-pong_bat_gQP_2_tQP_1.ply,ping-pong_bat.ply,61.7305609005537,63.552177496681004
WPC,1,pointpca3_only,ping-pong_bat_gQP_2_tQP_2.ply,ping-pong_bat.ply,57.0515105524467,58.4354817590345
WPC,1,pointpca3_only,ping-pong_bat_gQP_2_tQP_3.ply,ping-pong_bat.ply,42.2614631118788,45.757170040913216
WPC,1,pointpca3_only,ping-pong_bat_gQP_3_tQP_1.ply,ping-pong_bat.ply,35.5500027297284,38.10236258385524
WPC,1,pointpca3_only,ping-pong_bat_gQP_3_tQP_2.ply,ping-pong_bat.ply,34.6620967679305,35.980630674340865
WPC,1,pointpca3_only,ping-pong_bat_gQP_3_tQP_3.ply,ping-pong_bat.ply,36.7548439737199,34.88069205328877
WPC,1,pointpca3_only,ping-pong_bat_pqs_1_qs_16_rounded.ply,ping-pong_bat.ply,91.8415346275812,87.10240770041041
WPC,1,pointpca3_only,ping-pong_bat_pqs_1_qs_32_rounded.ply,ping-pong_bat.ply,57.3354633109323,65.08830602683366
WPC,1,pointpca3_only,ping-pong_bat_pqs_1_qs_48_rounded.ply,ping-pong_bat.ply,41.3243172710329,48.15632574153783
WPC,1,pointpca3_only,ping-pong_bat_pqs_1_qs_64_rounded.ply,ping-pong_bat.ply,28.3499924782165,31.35025281833743
WPC,1,pointpca3_only,stone_level_7.ply,stone.ply,8.58053319292371,5.293812173015353
WPC,1,pointpca3_only,stone_level_8.ply,stone.ply,20.6493113794565,17.45857526091807
WPC,1,pointpca3_only,stone_level_9.ply,stone.ply,86.872321281179,68.43087331342367
WPC,1,pointpca3_only,stone_gsigma_0_tsigma_8.ply,stone.ply,86.8766848211552,89.16431636055955
WPC,1,pointpca3_only,stone_gsigma_0_tsigma_16.ply,stone.ply,75.0615560139541,84.69210480093307
WPC,1,pointpca3_only,stone_gsigma_0_tsigma_32.ply,stone.ply,47.836863678051,60.94200010923384
WPC,1,pointpca3_only,stone_gsigma_2_tsigma_8.ply,stone.ply,71.6157091186009,55.308582587526146
WPC,1,pointpca3_only,stone_gsigma_2_tsigma_16.ply,stone.ply,62.4059409006599,49.625183020468555
WPC,1,pointpca3_only,stone_gsigma_2_tsigma_32.ply,stone.ply,47.6251229700144,38.60384592609656
WPC,1,pointpca3_only,stone_gsigma_4_tsigma_8.ply,stone.ply,34.4159190445181,36.764152435706976
WPC,1,pointpca3_only,stone_gsigma_4_tsigma_16.ply,stone.ply,36.8529422604938,36.57739438084853
WPC,1,pointpca3_only,stone_gsigma_4_tsigma_32.ply,stone.ply,24.0907463682826,30.380848861469204
WPC,1,pointpca3_only,stone_tsl_4_tqs_64.ply,stone.ply,57.6383741144741,64.61030407393794
WPC,1,pointpca3_only,stone_tsl_4_tqs_128.ply,stone.ply,47.1735467282753,59.340456234227986
WPC,1,pointpca3_only,stone_tsl_4_tqs_256.ply,stone.ply,34.2206143434335,42.046532676586885
WPC,1,pointpca3_only,stone_tsl_4_tqs_512.ply,stone.ply,18.7636046116809,27.152411241434887
WPC,1,pointpca3_only,stone_tsl_6_tqs_64.ply,stone.ply,65.9392597468463,74.25631187500261
WPC,1,pointpca3_only,stone_tsl_6_tqs_128.ply,stone.ply,60.6549209297791,66.85455852678616
WPC,1,pointpca3_only,stone_tsl_6_tqs_256.ply,stone.ply,42.3730925010962,57.378362048869896
WPC,1,pointpca3_only,stone_tsl_6_tqs_512.ply,stone.ply,22.6359196309754,26.789906334845078
WPC,1,pointpca3_only,stone_tsl_8_tqs_64.ply,stone.ply,76.9686124364125,83.87685507003147
WPC,1,pointpca3_only,stone_tsl_8_tqs_128.ply,stone.ply,75.6815365519877,76.58705584510197
WPC,1,pointpca3_only,stone_tsl_8_tqs_256.ply,stone.ply,47.4369456685297,61.71634306728436
WPC,1,pointpca3_only,stone_tsl_8_tqs_512.ply,stone.ply,20.3125947364039,29.109020208016627
WPC,1,pointpca3_only,stone_gQP_1_tQP_1.ply,stone.ply,78.8199476731929,68.51381720991223
WPC,1,pointpca3_only,stone_gQP_1_tQP_2.ply,stone.ply,55.9642947110012,64.18226629027521
WPC,1,pointpca3_only,stone_gQP_1_tQP_3.ply,stone.ply,38.1912520635221,43.3510842812088
WPC,1,pointpca3_only,stone_gQP_2_tQP_1.ply,stone.ply,58.8787093055682,57.60796929767329
WPC,1,pointpca3_only,stone_gQP_2_tQP_2.ply,stone.ply,56.0219351966566,53.5154570922074
WPC,1,pointpca3_only,stone_gQP_2_tQP_3.ply,stone.ply,34.4622505904907,39.43408524300817
WPC,1,pointpca3_only,stone_gQP_3_tQP_1.ply,stone.ply,41.7610959776657,40.116067647756836
WPC,1,pointpca3_only,stone_gQP_3_tQP_2.ply,stone.ply,35.6204916846575,35.501331019948445
WPC,1,pointpca3_only,stone_gQP_3_tQP_3.ply,stone.ply,26.0134287410296,30.780725256891238
WPC,1,pointpca3_only,stone_pqs_1_qs_16_rounded.ply,stone.ply,80.9089254448558,89.08371067186421
WPC,1,pointpca3_only,stone_pqs_1_qs_32_rounded.ply,stone.ply,69.4849326204119,79.71244669866051
WPC,1,pointpca3_only,stone_pqs_1_qs_48_rounded.ply,stone.ply,77.068618338965,77.34174259525805
WPC,1,pointpca3_only,stone_pqs_1_qs_64_rounded.ply,stone.ply,65.579572732327,69.88393825839658
WPC,1,dists_only,cake_level_7.ply,cake.ply,7.77036630933149,41.615203916818835
WPC,1,dists_only,cake_level_8.ply,cake.ply,17.0859315355819,76.17449686375491
WPC,1,dists_only,cake_level_9.ply,cake.ply,64.345121670555,83.59465191283557
WPC,1,dists_only,cake_gsigma_0_tsigma_8.ply,cake.ply,82.3590312049873,82.40643039596831
WPC,1,dists_only,cake_gsigma_0_tsigma_16.ply,cake.ply,68.4854323789437,69.75394456899278
WPC,1,dists_only,cake_gsigma_0_tsigma_32.ply,cake.ply,44.2810515123353,39.314863980268136
WPC,1,dists_only,cake_gsigma_2_tsigma_8.ply,cake.ply,67.1418394852242,73.90939360056151
WPC,1,dists_only,cake_gsigma_2_tsigma_16.ply,cake.ply,58.6861334648242,47.155082714389756
WPC,1,dists_only,cake_gsigma_2_tsigma_32.ply,cake.ply,40.5821688086074,44.986485793757495
WPC,1,dists_only,cake_gsigma_4_tsigma_8.ply,cake.ply,50.0208990235177,42.21184219458587
WPC,1,dists_only,cake_gsigma_4_tsigma_16.ply,cake.ply,45.0085000603682,41.775342948312776
WPC,1,dists_only,cake_gsigma_4_tsigma_32.ply,cake.ply,33.5864561619986,22.349637088324553
WPC,1,dists_only,cake_tsl_4_tqs_64.ply,cake.ply,83.7601889304529,64.97304422467117
WPC,1,dists_only,cake_tsl_4_tqs_128.ply,cake.ply,71.4192006225946,65.87598979903196
WPC,1,dists_only,cake_tsl_4_tqs_256.ply,cake.ply,53.06015189417,47.77040907680731
WPC,1,dists_only,cake_tsl_4_tqs_512.ply,cake.ply,21.540601757417,24.88049454493941
WPC,1,dists_only,cake_tsl_6_tqs_64.ply,cake.ply,82.758494070103,73.14876485175105
WPC,1,dists_only,cake_tsl_6_tqs_128.ply,cake.ply,79.7423791075781,69.88692245420394
WPC,1,dists_only,cake_tsl_6_tqs_256.ply,cake.ply,51.5022683172203,37.81452598554958
WPC,1,dists_only,cake_tsl_6_tqs_512.ply,cake.ply,27.3954821215605,26.017218744287476
WPC,1,dists_only,cake_tsl_8_tqs_64.ply,cake.ply,90.6540825183606,63.764781866453234
WPC,1,dists_only,cake_tsl_8_tqs_128.ply,cake.ply,83.1920702766834,61.366332217508614
WPC,1,dists_only,cake_tsl_8_tqs_256.ply,cake.ply,62.1457518157293,49.03546333911244
WPC,1,dists_only,cake_tsl_8_tqs_512.ply,cake.ply,32.9655251142529,28.280703140307835
WPC,1,dists_only,cake_gQP_1_tQP_1.ply,cake.ply,80.2052650200606,75.56490348187889
WPC,1,dists_only,cake_gQP_1_tQP_2.ply,cake.ply,71.9209757291828,58.86154805986247
WPC,1,dists_only,cake_gQP_1_tQP_3.ply,cake.ply,53.3831320857794,47.225550698842255
WPC,1,dists_only,cake_gQP_2_tQP_1.ply,cake.ply,55.7972335545827,71.22664203190403
WPC,1,dists_only,cake_gQP_2_tQP_2.ply,cake.ply,51.1128466069268,48.47735188083483
WPC,1,dists_only,cake_gQP_2_tQP_3.ply,cake.ply,49.4090771166687,49.08879519648355
WPC,1,dists_only,cake_gQP_3_tQP_1.ply,cake.ply,27.0367428218134,68.749516863421
WPC,1,dists_only,cake_gQP_3_tQP_2.ply,cake.ply,25.9380433382507,50.10394352859009
WPC,1,dists_only,cake_gQP_3_tQP_3.ply,cake.ply,25.6380268432067,47.34099399966826
WPC,1,dists_only,cake_pqs_1_qs_16_rounded.ply,cake.ply,90.7820152659122,82.78720103786334
WPC,1,dists_only,cake_pqs_1_qs_32_rounded.ply,cake.ply,62.3118503892637,63.714010246526726
WPC,1,dists_only,cake_pqs_1_qs_48_rounded.ply,cake.ply,34.5621685118863,50.81449726848908
WPC,1,dists_only,cake_pqs_1_qs_64_rounded.ply,cake.ply,24.8590251527503,43.03795752816902
WPC,1,dists_only,house_level_7.ply,house.ply,2.9538774237317,33.319260925198094
WPC,1,dists_only,house_level_8.ply,house.ply,15.9444624227128,61.799043564373775
WPC,1,dists_only,house_level_9.ply,house.ply,63.6912103194696,74.30581926767466
WPC,1,dists_only,house_gsigma_0_tsigma_8.ply,house.ply,90.1711356373714,81.74515530309307
WPC,1,dists_only,house_gsigma_0_tsigma_16.ply,house.ply,69.8058394235221,61.50514066949671
WPC,1,dists_only,house_gsigma_0_tsigma_32.ply,house.ply,48.933215794281,42.75058631761808
WPC,1,dists_only,house_gsigma_2_tsigma_8.ply,house.ply,48.6814121128676,41.7716254268415
WPC,1,dists_only,house_gsigma_2_tsigma_16.ply,house.ply,46.3008359886891,43.584026241133714
WPC,1,dists_only,house_gsigma_2_tsigma_32.ply,house.ply,34.8664587624749,30.23277899672007
WPC,1,dists_only,house_gsigma_4_tsigma_8.ply,house.ply,35.6885477690345,29.746692488989538
WPC,1,dists_only,house_gsigma_4_tsigma_16.ply,house.ply,29.8975414427219,28.68026023209398
WPC,1,dists_only,house_gsigma_4_tsigma_32.ply,house.ply,19.3845422907278,21.570752666161706
WPC,1,dists_only,house_tsl_4_tqs_64.ply,house.ply,65.0948580797,51.57703527194164
WPC,1,dists_only,house_tsl_4_tqs_128.ply,house.ply,54.3110169538046,37.05765710713803
WPC,1,dists_only,house_tsl_4_tqs_256.ply,house.ply,37.9014346107238,28.520603652620085
WPC,1,dists_only,house_tsl_4_tqs_512.ply,house.ply,22.3964365056709,24.951691489253577
WPC,1,dists_only,house_tsl_6_tqs_64.ply,house.ply,84.7730269494444,61.04026117539969
WPC,1,dists_only,house_tsl_6_tqs_128.ply,house.ply,75.3571451984004,48.60782267757652
WPC,1,dists_only,house_tsl_6_tqs_256.ply,house.ply,42.9864841290645,32.278844659446364
WPC,1,dists_only,house_tsl_6_tqs_512.ply,house.ply,26.5847345410514,34.68304972282503
WPC,1,dists_only,house_tsl_8_tqs_64.ply,house.ply,86.7884342972181,65.4277513131962
WPC,1,dists_only,house_tsl_8_tqs_128.ply,house.ply,80.2478118667351,58.19842275687526
WPC,1,dists_only,house_tsl_8_tqs_256.ply,house.ply,52.6012065154044,36.962374447862416
WPC,1,dists_only,house_tsl_8_tqs_512.ply,house.ply,27.6033084176504,30.33419953745176
WPC,1,dists_only,house_gQP_1_tQP_1.ply,house.ply,92.2279533577551,66.31215805064966
WPC,1,dists_only,house_gQP_1_tQP_2.ply,house.ply,70.6532309133315,49.42761342120653
WPC,1,dists_only,house_gQP_1_tQP_3.ply,house.ply,38.2582098475362,37.03049659899213
WPC,1,dists_only,house_gQP_2_tQP_1.ply,house.ply,74.4527078789402,68.78226940504241
WPC,1,dists_only,house_gQP_2_tQP_2.ply,house.ply,63.0601920212403,49.38592556761737
WPC,1,dists_only,house_gQP_2_tQP_3.ply,house.ply,40.7900467714785,32.34210953679789
WPC,1,dists_only,house_gQP_3_tQP_1.ply,house.ply,40.6393737444513,46.295879305005165
WPC,1,dists_only,house_gQP_3_tQP_2.ply,house.ply,37.1261608885675,42.36903564171193
WPC,1,dists_only,house_gQP_3_tQP_3.ply,house.ply,29.2212435870754,35.08812306771946
WPC,1,dists_only,house_pqs_1_qs_16_rounded.ply,house.ply,88.4320109976302,73.85689489572066
WPC,1,dists_only,house_pqs_1_qs_32_rounded.ply,house.ply,77.6921630714695,55.09697673074848
WPC,1,dists_only,house_pqs_1_qs_48_rounded.ply,house.ply,68.0670300360019,52.476139892068005
WPC,1,dists_only,house_pqs_1_qs_64_rounded.ply,house.ply,50.5938538218811,45.24332666971171
WPC,1,dists_only,ping-pong_bat_level_7.ply,ping-pong_bat.ply,10.6690482299712,25.65183760462082
WPC,1,dists_only,ping-pong_bat_level_8.ply,ping-pong_bat.ply,26.1100390607099,62.89723831576284
WPC,1,dists_only,ping-pong_bat_level_9.ply,ping-pong_bat.ply,85.7174830576411,80.96075945954948
WPC,1,dists_only,ping-pong_bat_gsigma_0_tsigma_8.ply,ping-pong_bat.ply,85.769393720766,74.55751473191957
WPC,1,dists_only,ping-pong_bat_gsigma_0_tsigma_16.ply,ping-pong_bat.ply,59.9268872039021,60.36380606870551
WPC,1,dists_only,ping-pong_bat_gsigma_0_tsigma_32.ply,ping-pong_bat.ply,45.2645196707695,45.89373510272174
WPC,1,dists_only,ping-pong_bat_gsigma_2_tsigma_8.ply,ping-pong_bat.ply,53.5935646400685,40.418533980283726
WPC,1,dists_only,ping-pong_bat_gsigma_2_tsigma_16.ply,ping-pong_bat.ply,43.7257316446207,37.834305222860074
WPC,1,dists_only,ping-pong_bat_gsigma_2_tsigma_32.ply,ping-pong_bat.ply,36.8020877997066,29.859634831555727
WPC,1,dists_only,ping-pong_bat_gsigma_4_tsigma_8.ply,ping-pong_bat.ply,36.8318039649704,30.378630812755308
WPC,1,dists_only,ping-pong_bat_gsigma_4_tsigma_16.ply,ping-pong_bat.ply,31.3729003671076,29.651830167807553
WPC,1,dists_only,ping-pong_bat_gsigma_4_tsigma_32.ply,ping-pong_bat.ply,28.1278545758974,28.54478497852374
WPC,1,dists_only,ping-pong_bat_tsl_4_tqs_64.ply,ping-pong_bat.ply,5.51761494975227,30.97002753885176
WPC,1,dists_only,ping-pong_bat_tsl_4_tqs_128.ply,ping-pong_bat.ply,5.6089146066107,26.4249180187307
WPC,1,dists_only,ping-pong_bat_tsl_4_tqs_256.ply,ping-pong_bat.ply,4.17255565702724,22.74910563016877
WPC,1,dists_only,ping-pong_bat_tsl_4_tqs_512.ply,ping-pong_bat.ply,5.08596036666654,13.852485525119642
WPC,1,dists_only,ping-pong_bat_tsl_6_tqs_64.ply,ping-pong_bat.ply,70.2438172993147,57.63873433927908
WPC,1,dists_only,ping-pong_bat_tsl_6_tqs_128.ply,ping-pong_bat.ply,50.0484512957028,44.29810679045158
WPC,1,dists_only,ping-pong_bat_tsl_6_tqs_256.ply,ping-pong_bat.ply,33.4945503475571,35.10794471390645
WPC,1,dists_only,ping-pong_bat_tsl_6_tqs_512.ply,ping-pong_bat.ply,26.984078720206,33.33001216182581
WPC,1,dists_only,ping-pong_bat_tsl_8_tqs_64.ply,ping-pong_bat.ply,77.2407728875596,68.23891973756842
WPC,1,dists_only,ping-pong_bat_tsl_8_tqs_128.ply,ping-pong_bat.ply,52.6310751361073,49.119858648243735
WPC,1,dists_only,ping-pong_bat_tsl_8_tqs_256.ply,ping-pong_bat.ply,38.2532322365905,44.174808452469236
WPC,1,dists_only,ping-pong_bat_tsl_8_tqs_512.ply,ping-pong_bat.ply,30.3627763585824,42.82157763714436
WPC,1,dists_only,ping-pong_bat_gQP_1_tQP_1.ply,ping-pong_bat.ply,73.3250111560863,62.248273608469745
WPC,1,dists_only,ping-pong_bat_gQP_1_tQP_2.ply,ping-pong_bat.ply,63.8519578741261,55.4532524457107
WPC,1,dists_only,ping-pong_bat_gQP_1_tQP_3.ply,ping-pong_bat.ply,53.2647474080303,45.079433905685256
WPC,1,dists_only,ping-pong_bat_gQP_2_tQP_1.ply,ping-pong_bat.ply,61.7305609005537,43.004648297153246
WPC,1,dists_only,ping-pong_bat_gQP_2_tQP_2.ply,ping-pong_bat.ply,57.0515105524467,46.07864953569732
WPC,1,dists_only,ping-pong_bat_gQP_2_tQP_3.ply,ping-pong_bat.ply,42.2614631118788,30.97476305982998
WPC,1,dists_only,ping-pong_bat_gQP_3_tQP_1.ply,ping-pong_bat.ply,35.5500027297284,28.98456895960905
WPC,1,dists_only,ping-pong_bat_gQP_3_tQP_2.ply,ping-pong_bat.ply,34.6620967679305,35.303786312420186
WPC,1,dists_only,ping-pong_bat_gQP_3_tQP_3.ply,ping-pong_bat.ply,36.7548439737199,33.15162656357097
WPC,1,dists_only,ping-pong_bat_pqs_1_qs_16_rounded.ply,ping-pong_bat.ply,91.8415346275812,79.26955645351543
WPC,1,dists_only,ping-pong_bat_pqs_1_qs_32_rounded.ply,ping-pong_bat.ply,57.3354633109323,70.54329902011625
WPC,1,dists_only,ping-pong_bat_pqs_1_qs_48_rounded.ply,ping-pong_bat.ply,41.3243172710329,37.249355678132495
WPC,1,dists_only,ping-pong_bat_pqs_1_qs_64_rounded.ply,ping-pong_bat.ply,28.3499924782165,43.61449140379652
WPC,1,dists_only,stone_level_7.ply,stone.ply,8.58053319292371,44.729390651570775
WPC,1,dists_only,stone_level_8.ply,stone.ply,20.6493113794565,62.67885834807261
WPC,1,dists_only,stone_level_9.ply,stone.ply,86.872321281179,86.86263661625566
WPC,1,dists_only,stone_gsigma_0_tsigma_8.ply,stone.ply,86.8766848211552,83.60723677125392
WPC,1,dists_only,stone_gsigma_0_tsigma_16.ply,stone.ply,75.0615560139541,62.182028755135526
WPC,1,dists_only,stone_gsigma_0_tsigma_32.ply,stone.ply,47.836863678051,48.69263936163656
WPC,1,dists_only,stone_gsigma_2_tsigma_8.ply,stone.ply,71.6157091186009,56.560782714491104
WPC,1,dists_only,stone_gsigma_2_tsigma_16.ply,stone.ply,62.4059409006599,52.40300027892049
WPC,1,dists_only,stone_gsigma_2_tsigma_32.ply,stone.ply,47.6251229700144,32.83340281441166
WPC,1,dists_only,stone_gsigma_4_tsigma_8.ply,stone.ply,34.4159190445181,32.735027442194095
WPC,1,dists_only,stone_gsigma_4_tsigma_16.ply,stone.ply,36.8529422604938,35.623372978182076
WPC,1,dists_only,stone_gsigma_4_tsigma_32.ply,stone.ply,24.0907463682826,31.122076693121034
WPC,1,dists_only,stone_tsl_4_tqs_64.ply,stone.ply,57.6383741144741,70.56973669458212
WPC,1,dists_only,stone_tsl_4_tqs_128.ply,stone.ply,47.1735467282753,51.84082996778668
WPC,1,dists_only,stone_tsl_4_tqs_256.ply,stone.ply,34.2206143434335,31.40100465116917
WPC,1,dists_only,stone_tsl_4_tqs_512.ply,stone.ply,18.7636046116809,25.550624587281607
WPC,1,dists_only,stone_tsl_6_tqs_64.ply,stone.ply,65.9392597468463,75.60592424374221
WPC,1,dists_only,stone_tsl_6_tqs_128.ply,stone.ply,60.6549209297791,53.863608744298126
WPC,1,dists_only,stone_tsl_6_tqs_256.ply,stone.ply,42.3730925010962,31.101003590662074
WPC,1,dists_only,stone_tsl_6_tqs_512.ply,stone.ply,22.6359196309754,26.05454386191277
WPC,1,dists_only,stone_tsl_8_tqs_64.ply,stone.ply,76.9686124364125,69.40369017877188
WPC,1,dists_only,stone_tsl_8_tqs_128.ply,stone.ply,75.6815365519877,55.810565217841216
WPC,1,dists_only,stone_tsl_8_tqs_256.ply,stone.ply,47.4369456685297,30.639993545425124
WPC,1,dists_only,stone_tsl_8_tqs_512.ply,stone.ply,20.3125947364039,26.76094741086739
WPC,1,dists_only,stone_gQP_1_tQP_1.ply,stone.ply,78.8199476731929,52.01457626438488
WPC,1,dists_only,stone_gQP_1_tQP_2.ply,stone.ply,55.9642947110012,28.555133044333772
WPC,1,dists_only,stone_gQP_1_tQP_3.ply,stone.ply,38.1912520635221,34.099850005026795
WPC,1,dists_only,stone_gQP_2_tQP_1.ply,stone.ply,58.8787093055682,51.69758378607614
WPC,1,dists_only,stone_gQP_2_tQP_2.ply,stone.ply,56.0219351966566,32.61597733369953
WPC,1,dists_only,stone_gQP_2_tQP_3.ply,stone.ply,34.4622505904907,31.40651250899701
WPC,1,dists_only,stone_gQP_3_tQP_1.ply,stone.ply,41.7610959776657,40.472786002421124
WPC,1,dists_only,stone_gQP_3_tQP_2.ply,stone.ply,35.6204916846575,34.50015588357122
WPC,1,dists_only,stone_gQP_3_tQP_3.ply,stone.ply,26.0134287410296,26.787117503288272
WPC,1,dists_only,stone_pqs_1_qs_16_rounded.ply,stone.ply,80.9089254448558,67.04599456184596
WPC,1,dists_only,stone_pqs_1_qs_32_rounded.ply,stone.ply,69.4849326204119,67.26770190722866
WPC,1,dists_only,stone_pqs_1_qs_48_rounded.ply,stone.ply,77.068618338965,60.440590841375254
WPC,1,dists_only,stone_pqs_1_qs_64_rounded.ply,stone.ply,65.579572732327,51.97391943474523
WPC,1,fusion_46,cake_level_7.ply,cake.ply,7.77036630933149,6.169903289109886
WPC,1,fusion_46,cake_level_8.ply,cake.ply,17.0859315355819,19.831731396159338
WPC,1,fusion_46,cake_level_9.ply,cake.ply,64.345121670555,76.49283339534988
WPC,1,fusion_46,cake_gsigma_0_tsigma_8.ply,cake.ply,82.3590312049873,79.9558277849359
WPC,1,fusion_46,cake_gsigma_0_tsigma_16.ply,cake.ply,68.4854323789437,64.66312512393105
WPC,1,fusion_46,cake_gsigma_0_tsigma_32.ply,cake.ply,44.2810515123353,36.3692382755331
WPC,1,fusion_46,cake_gsigma_2_tsigma_8.ply,cake.ply,67.1418394852242,56.83752092259166
WPC,1,fusion_46,cake_gsigma_2_tsigma_16.ply,cake.ply,58.6861334648242,52.841411600967724
WPC,1,fusion_46,cake_gsigma_2_tsigma_32.ply,cake.ply,40.5821688086074,33.280135910641704
WPC,1,fusion_46,cake_gsigma_4_tsigma_8.ply,cake.ply,50.0208990235177,33.573891073098935
WPC,1,fusion_46,cake_gsigma_4_tsigma_16.ply,cake.ply,45.0085000603682,28.797858480292266
WPC,1,fusion_46,cake_gsigma_4_tsigma_32.ply,cake.ply,33.5864561619986,26.833602060681756
WPC,1,fusion_46,cake_tsl_4_tqs_64.ply,cake.ply,83.7601889304529,52.23604758869783
WPC,1,fusion_46,cake_tsl_4_tqs_128.ply,cake.ply,71.4192006225946,48.3497594843506
WPC,1,fusion_46,cake_tsl_4_tqs_256.ply,cake.ply,53.06015189417,34.780735594955324
WPC,1,fusion_46,cake_tsl_4_tqs_512.ply,cake.ply,21.540601757417,25.135076022094392
WPC,1,fusion_46,cake_tsl_6_tqs_64.ply,cake.ply,82.758494070103,69.22205760396363
WPC,1,fusion_46,cake_tsl_6_tqs_128.ply,cake.ply,79.7423791075781,63.568700454105254
WPC,1,fusion_46,cake_tsl_6_tqs_256.ply,cake.ply,51.5022683172203,49.67154176328761
WPC,1,fusion_46,cake_tsl_6_tqs_512.ply,cake.ply,27.3954821215605,28.78433264322851
WPC,1,fusion_46,cake_tsl_8_tqs_64.ply,cake.ply,90.6540825183606,80.39121865783774
WPC,1,fusion_46,cake_tsl_8_tqs_128.ply,cake.ply,83.1920702766834,76.02232589098173
WPC,1,fusion_46,cake_tsl_8_tqs_256.ply,cake.ply,62.1457518157293,53.71271271066019
WPC,1,fusion_46,cake_tsl_8_tqs_512.ply,cake.ply,32.9655251142529,32.56489502220445
WPC,1,fusion_46,cake_gQP_1_tQP_1.ply,cake.ply,80.2052650200606,72.30159448125812
WPC,1,fusion_46,cake_gQP_1_tQP_2.ply,cake.ply,71.9209757291828,62.791105502840935
WPC,1,fusion_46,cake_gQP_1_tQP_3.ply,cake.ply,53.3831320857794,52.3658342006998
WPC,1,fusion_46,cake_gQP_2_tQP_1.ply,cake.ply,55.7972335545827,65.26306440783249
WPC,1,fusion_46,cake_gQP_2_tQP_2.ply,cake.ply,51.1128466069268,56.066651589894775
WPC,1,fusion_46,cake_gQP_2_tQP_3.ply,cake.ply,49.4090771166687,49.54503531714834
WPC,1,fusion_46,cake_gQP_3_tQP_1.ply,cake.ply,27.0367428218134,44.8973578431911
WPC,1,fusion_46,cake_gQP_3_tQP_2.ply,cake.ply,25.9380433382507,43.716807730603286
WPC,1,fusion_46,cake_gQP_3_tQP_3.ply,cake.ply,25.6380268432067,39.16243340901096
WPC,1,fusion_46,cake_pqs_1_qs_16_rounded.ply,cake.ply,90.7820152659122,82.22958914369545
WPC,1,fusion_46,cake_pqs_1_qs_32_rounded.ply,cake.ply,62.3118503892637,62.29033506895023
WPC,1,fusion_46,cake_pqs_1_qs_48_rounded.ply,cake.ply,34.5621685118863,41.27474173996808
WPC,1,fusion_46,cake_pqs_1_qs_64_rounded.ply,cake.ply,24.8590251527503,36.03086635380383
WPC,1,fusion_46,house_level_7.ply,house.ply,2.9538774237317,7.761228124134581
WPC,1,fusion_46,house_level_8.ply,house.ply,15.9444624227128,23.409024176009
WPC,1,fusion_46,house_level_9.ply,house.ply,63.6912103194696,67.86534698019226
WPC,1,fusion_46,house_gsigma_0_tsigma_8.ply,house.ply,90.1711356373714,89.69751811216798
WPC,1,fusion_46,house_gsigma_0_tsigma_16.ply,house.ply,69.8058394235221,74.77170584959985
WPC,1,fusion_46,house_gsigma_0_tsigma_32.ply,house.ply,48.933215794281,48.48959355394299
WPC,1,fusion_46,house_gsigma_2_tsigma_8.ply,house.ply,48.6814121128676,49.05790840325429
WPC,1,fusion_46,house_gsigma_2_tsigma_16.ply,house.ply,46.3008359886891,46.836049840832345
WPC,1,fusion_46,house_gsigma_2_tsigma_32.ply,house.ply,34.8664587624749,33.73485376613535
WPC,1,fusion_46,house_gsigma_4_tsigma_8.ply,house.ply,35.6885477690345,34.27862476709624
WPC,1,fusion_46,house_gsigma_4_tsigma_16.ply,house.ply,29.8975414427219,32.54342832311914
WPC,1,fusion_46,house_gsigma_4_tsigma_32.ply,house.ply,19.3845422907278,26.473323779203696
WPC,1,fusion_46,house_tsl_4_tqs_64.ply,house.ply,65.0948580797,36.860024165523036
WPC,1,fusion_46,house_tsl_4_tqs_128.ply,house.ply,54.3110169538046,29.152603631138632
WPC,1,fusion_46,house_tsl_4_tqs_256.ply,house.ply,37.9014346107238,24.38111761423136
WPC,1,fusion_46,house_tsl_4_tqs_512.ply,house.ply,22.3964365056709,17.601833642576228
WPC,1,fusion_46,house_tsl_6_tqs_64.ply,house.ply,84.7730269494444,75.93236657564631
WPC,1,fusion_46,house_tsl_6_tqs_128.ply,house.ply,75.3571451984004,62.343858698947344
WPC,1,fusion_46,house_tsl_6_tqs_256.ply,house.ply,42.9864841290645,45.45332244595705
WPC,1,fusion_46,house_tsl_6_tqs_512.ply,house.ply,26.5847345410514,27.3560875822417
WPC,1,fusion_46,house_tsl_8_tqs_64.ply,house.ply,86.7884342972181,81.88623755686994
WPC,1,fusion_46,house_tsl_8_tqs_128.ply,house.ply,80.2478118667351,71.49014613738218
WPC,1,fusion_46,house_tsl_8_tqs_256.ply,house.ply,52.6012065154044,52.07483982954971
WPC,1,fusion_46,house_tsl_8_tqs_512.ply,house.ply,27.6033084176504,30.940955888043217
WPC,1,fusion_46,house_gQP_1_tQP_1.ply,house.ply,92.2279533577551,79.69109174456342
WPC,1,fusion_46,house_gQP_1_tQP_2.ply,house.ply,70.6532309133315,61.417676704544085
WPC,1,fusion_46,house_gQP_1_tQP_3.ply,house.ply,38.2582098475362,49.40702927655538
WPC,1,fusion_46,house_gQP_2_tQP_1.ply,house.ply,74.4527078789402,73.2651889256113
WPC,1,fusion_46,house_gQP_2_tQP_2.ply,house.ply,63.0601920212403,56.63945636191072
WPC,1,fusion_46,house_gQP_2_tQP_3.ply,house.ply,40.7900467714785,42.483603758000584
WPC,1,fusion_46,house_gQP_3_tQP_1.ply,house.ply,40.6393737444513,39.39488817153196
WPC,1,fusion_46,house_gQP_3_tQP_2.ply,house.ply,37.1261608885675,33.80178575657428
WPC,1,fusion_46,house_gQP_3_tQP_3.ply,house.ply,29.2212435870754,30.928285508669557
WPC,1,fusion_46,house_pqs_1_qs_16_rounded.ply,house.ply,88.4320109976302,89.03220123762944
WPC,1,fusion_46,house_pqs_1_qs_32_rounded.ply,house.ply,77.6921630714695,70.4888475258797
WPC,1,fusion_46,house_pqs_1_qs_48_rounded.ply,house.ply,68.0670300360019,59.407219923873726
WPC,1,fusion_46,house_pqs_1_qs_64_rounded.ply,house.ply,50.5938538218811,46.210964648017445
WPC,1,fusion_46,ping-pong_bat_level_7.ply,ping-pong_bat.ply,10.6690482299712,6.719342333764277
WPC,1,fusion_46,ping-pong_bat_level_8.ply,ping-pong_bat.ply,26.1100390607099,22.247335026512246
WPC,1,fusion_46,ping-pong_bat_level_9.ply,ping-pong_bat.ply,85.7174830576411,66.02912715299588
WPC,1,fusion_46,ping-pong_bat_gsigma_0_tsigma_8.ply,ping-pong_bat.ply,85.769393720766,82.51943568677552
WPC,1,fusion_46,ping-pong_bat_gsigma_0_tsigma_16.ply,ping-pong_bat.ply,59.9268872039021,72.65946269631455
WPC,1,fusion_46,ping-pong_bat_gsigma_0_tsigma_32.ply,ping-pong_bat.ply,45.2645196707695,46.96987323208343
WPC,1,fusion_46,ping-pong_bat_gsigma_2_tsigma_8.ply,ping-pong_bat.ply,53.5935646400685,50.47520074724591
WPC,1,fusion_46,ping-pong_bat_gsigma_2_tsigma_16.ply,ping-pong_bat.ply,43.7257316446207,43.35646221712982
WPC,1,fusion_46,ping-pong_bat_gsigma_2_tsigma_32.ply,ping-pong_bat.ply,36.8020877997066,32.00762265636904
WPC,1,fusion_46,ping-pong_bat_gsigma_4_tsigma_8.ply,ping-pong_bat.ply,36.8318039649704,33.43940795505119
WPC,1,fusion_46,ping-pong_bat_gsigma_4_tsigma_16.ply,ping-pong_bat.ply,31.3729003671076,30.941080274423918
WPC,1,fusion_46,ping-pong_bat_gsigma_4_tsigma_32.ply,ping-pong_bat.ply,28.1278545758974,26.909865261563205
WPC,1,fusion_46,ping-pong_bat_tsl_4_tqs_64.ply,ping-pong_bat.ply,5.51761494975227,15.564155090068184
WPC,1,fusion_46,ping-pong_bat_tsl_4_tqs_128.ply,ping-pong_bat.ply,5.6089146066107,12.7527957363819
WPC,1,fusion_46,ping-pong_bat_tsl_4_tqs_256.ply,ping-pong_bat.ply,4.17255565702724,11.233503416046046
WPC,1,fusion_46,ping-pong_bat_tsl_4_tqs_512.ply,ping-pong_bat.ply,5.08596036666654,11.145148473720779
WPC,1,fusion_46,ping-pong_bat_tsl_6_tqs_64.ply,ping-pong_bat.ply,70.2438172993147,70.14591064683377
WPC,1,fusion_46,ping-pong_bat_tsl_6_tqs_128.ply,ping-pong_bat.ply,50.0484512957028,56.930068816541414
WPC,1,fusion_46,ping-pong_bat_tsl_6_tqs_256.ply,ping-pong_bat.ply,33.4945503475571,38.405165740030505
WPC,1,fusion_46,ping-pong_bat_tsl_6_tqs_512.ply,ping-pong_bat.ply,26.984078720206,25.840288095162876
WPC,1,fusion_46,ping-pong_bat_tsl_8_tqs_64.ply,ping-pong_bat.ply,77.2407728875596,78.16874633694347
WPC,1,fusion_46,ping-pong_bat_tsl_8_tqs_128.ply,ping-pong_bat.ply,52.6310751361073,64.44202142250754
WPC,1,fusion_46,ping-pong_bat_tsl_8_tqs_256.ply,ping-pong_bat.ply,38.2532322365905,46.373420617513744
WPC,1,fusion_46,ping-pong_bat_tsl_8_tqs_512.ply,ping-pong_bat.ply,30.3627763585824,29.167468371150854
WPC,1,fusion_46,ping-pong_bat_gQP_1_tQP_1.ply,ping-pong_bat.ply,73.3250111560863,64.17901022556742
WPC,1,fusion_46,ping-pong_bat_gQP_1_tQP_2.ply,ping-pong_bat.ply,63.8519578741261,58.1799828747734
WPC,1,fusion_46,ping-pong_bat_gQP_1_tQP_3.ply,ping-pong_bat.ply,53.2647474080303,51.447162256629866
WPC,1,fusion_46,ping-pong_bat_gQP_2_tQP_1.ply,ping-pong_bat.ply,61.7305609005537,52.75365902827003
WPC,1,fusion_46,ping-pong_bat_gQP_2_tQP_2.ply,ping-pong_bat.ply,57.0515105524467,48.61010772772747
WPC,1,fusion_46,ping-pong_bat_gQP_2_tQP_3.ply,ping-pong_bat.ply,42.2614631118788,40.15485982543692
WPC,1,fusion_46,ping-pong_bat_gQP_3_tQP_1.ply,ping-pong_bat.ply,35.5500027297284,35.55735172839475
WPC,1,fusion_46,ping-pong_bat_gQP_3_tQP_2.ply,ping-pong_bat.ply,34.6620967679305,33.499022735583154
WPC,1,fusion_46,ping-pong_bat_gQP_3_tQP_3.ply,ping-pong_bat.ply,36.7548439737199,31.722671439552062
WPC,1,fusion_46,ping-pong_bat_pqs_1_qs_16_rounded.ply,ping-pong_bat.ply,91.8415346275812,87.23451167698127
WPC,1,fusion_46,ping-pong_bat_pqs_1_qs_32_rounded.ply,ping-pong_bat.ply,57.3354633109323,66.30670315501487
WPC,1,fusion_46,ping-pong_bat_pqs_1_qs_48_rounded.ply,ping-pong_bat.ply,41.3243172710329,43.789156725632886
WPC,1,fusion_46,ping-pong_bat_pqs_1_qs_64_rounded.ply,ping-pong_bat.ply,28.3499924782165,38.502965799405374
WPC,1,fusion_46,stone_level_7.ply,stone.ply,8.58053319292371,6.769900658926994
WPC,1,fusion_46,stone_level_8.ply,stone.ply,20.6493113794565,17.623226459242073
WPC,1,fusion_46,stone_level_9.ply,stone.ply,86.872321281179,74.50082830948611
WPC,1,fusion_46,stone_gsigma_0_tsigma_8.ply,stone.ply,86.8766848211552,89.20210953322866
WPC,1,fusion_46,stone_gsigma_0_tsigma_16.ply,stone.ply,75.0615560139541,77.81615510875794
WPC,1,fusion_46,stone_gsigma_0_tsigma_32.ply,stone.ply,47.836863678051,50.25172743652767
WPC,1,fusion_46,stone_gsigma_2_tsigma_8.ply,stone.ply,71.6157091186009,57.990074183926
WPC,1,fusion_46,stone_gsigma_2_tsigma_16.ply,stone.ply,62.4059409006599,50.307836562548175
WPC,1,fusion_46,stone_gsigma_2_tsigma_32.ply,stone.ply,47.6251229700144,35.92886251770737
WPC,1,fusion_46,stone_gsigma_4_tsigma_8.ply,stone.ply,34.4159190445181,39.89379950142421
WPC,1,fusion_46,stone_gsigma_4_tsigma_16.ply,stone.ply,36.8529422604938,36.121235364848026
WPC,1,fusion_46,stone_gsigma_4_tsigma_32.ply,stone.ply,24.0907463682826,30.09306155636662
WPC,1,fusion_46,stone_tsl_4_tqs_64.ply,stone.ply,57.6383741144741,66.34419195636173
WPC,1,fusion_46,stone_tsl_4_tqs_128.ply,stone.ply,47.1735467282753,54.728065018452035
WPC,1,fusion_46,stone_tsl_4_tqs_256.ply,stone.ply,34.2206143434335,33.04849678689134
WPC,1,fusion_46,stone_tsl_4_tqs_512.ply,stone.ply,18.7636046116809,21.896881308130396
WPC,1,fusion_46,stone_tsl_6_tqs_64.ply,stone.ply,65.9392597468463,71.3280914558186
WPC,1,fusion_46,stone_tsl_6_tqs_128.ply,stone.ply,60.6549209297791,66.8320361693332
WPC,1,fusion_46,stone_tsl_6_tqs_256.ply,stone.ply,42.3730925010962,37.687427965917074
WPC,1,fusion_46,stone_tsl_6_tqs_512.ply,stone.ply,22.6359196309754,21.282118260777683
WPC,1,fusion_46,stone_tsl_8_tqs_64.ply,stone.ply,76.9686124364125,84.39024710991386
WPC,1,fusion_46,stone_tsl_8_tqs_128.ply,stone.ply,75.6815365519877,69.94191732691861
WPC,1,fusion_46,stone_tsl_8_tqs_256.ply,stone.ply,47.4369456685297,41.914403322317256
WPC,1,fusion_46,stone_tsl_8_tqs_512.ply,stone.ply,20.3125947364039,24.66965338372274
WPC,1,fusion_46,stone_gQP_1_tQP_1.ply,stone.ply,78.8199476731929,63.80953015716054
WPC,1,fusion_46,stone_gQP_1_tQP_2.ply,stone.ply,55.9642947110012,48.35843480206665
WPC,1,fusion_46,stone_gQP_1_tQP_3.ply,stone.ply,38.1912520635221,34.349024004399276
WPC,1,fusion_46,stone_gQP_2_tQP_1.ply,stone.ply,58.8787093055682,56.77871168946762
WPC,1,fusion_46,stone_gQP_2_tQP_2.ply,stone.ply,56.0219351966566,44.60969630449935
WPC,1,fusion_46,stone_gQP_2_tQP_3.ply,stone.ply,34.4622505904907,33.08152091053366
WPC,1,fusion_46,stone_gQP_3_tQP_1.ply,stone.ply,41.7610959776657,37.90657117293551
WPC,1,fusion_46,stone_gQP_3_tQP_2.ply,stone.ply,35.6204916846575,32.99433423482796
WPC,1,fusion_46,stone_gQP_3_tQP_3.ply,stone.ply,26.0134287410296,28.58671170471131
WPC,1,fusion_46,stone_pqs_1_qs_16_rounded.ply,stone.ply,80.9089254448558,88.52306895729944
WPC,1,fusion_46,stone_pqs_1_qs_32_rounded.ply,stone.ply,69.4849326204119,77.20577755988482
WPC,1,fusion_46,stone_pqs_1_qs_48_rounded.ply,stone.ply,77.068618338965,68.9286718267257
WPC,1,fusion_46,stone_pqs_1_qs_64_rounded.ply,stone.ply,65.579572732327,58.40605728004371
WPC,2,pointpca3_only,biscuits_level_7.ply,biscuits.ply,6.91047271435654,7.324398625342493
WPC,2,pointpca3_only,biscuits_level_8.ply,biscuits.ply,26.0782931903573,19.224646880953074
WPC,2,pointpca3_only,biscuits_level_9.ply,biscuits.ply,78.9066204635677,70.96596273314515
WPC,2,pointpca3_only,biscuits_gsigma_0_tsigma_8.ply,biscuits.ply,82.2826667088248,84.89119812508581
WPC,2,pointpca3_only,biscuits_gsigma_0_tsigma_16.ply,biscuits.ply,70.8999140507115,72.33613344184236
WPC,2,pointpca3_only,biscuits_gsigma_0_tsigma_32.ply,biscuits.ply,40.4726299909337,45.478244789764084
WPC,2,pointpca3_only,biscuits_gsigma_2_tsigma_8.ply,biscuits.ply,60.9307664700768,52.37152160654181
WPC,2,pointpca3_only,biscuits_gsigma_2_tsigma_16.ply,biscuits.ply,55.5454027377535,48.86240196891835
WPC,2,pointpca3_only,biscuits_gsigma_2_tsigma_32.ply,biscuits.ply,37.8585251636165,36.64749863405919
WPC,2,pointpca3_only,biscuits_gsigma_4_tsigma_8.ply,biscuits.ply,46.5881520537883,35.86166713946949
WPC,2,pointpca3_only,biscuits_gsigma_4_tsigma_16.ply,biscuits.ply,43.1335575048828,31.734147188625297
WPC,2,pointpca3_only,biscuits_gsigma_4_tsigma_32.ply,biscuits.ply,25.3793537368916,26.94921167799755
WPC,2,pointpca3_only,biscuits_tsl_4_tqs_64.ply,biscuits.ply,18.0451544344017,18.718024262062947
WPC,2,pointpca3_only,biscuits_tsl_4_tqs_128.ply,biscuits.ply,20.5642609568839,17.998964255990703
WPC,2,pointpca3_only,biscuits_tsl_4_tqs_256.ply,biscuits.ply,17.3871050794022,15.653448502132939
WPC,2,pointpca3_only,biscuits_tsl_4_tqs_512.ply,biscuits.ply,11.2989396340749,12.119154040367102
WPC,2,pointpca3_only,biscuits_tsl_6_tqs_64.ply,biscuits.ply,83.0091458231808,76.03447042875011
WPC,2,pointpca3_only,biscuits_tsl_6_tqs_128.ply,biscuits.ply,68.9556829116783,70.25590885558785
WPC,2,pointpca3_only,biscuits_tsl_6_tqs_256.ply,biscuits.ply,46.8488477736057,57.85763297920571
WPC,2,pointpca3_only,biscuits_tsl_6_tqs_512.ply,biscuits.ply,27.4947960395713,37.246957881818254
WPC,2,pointpca3_only,biscuits_tsl_8_tqs_64.ply,biscuits.ply,81.6069470425006,84.65693390819914
WPC,2,pointpca3_only,biscuits_tsl_8_tqs_128.ply,biscuits.ply,71.1781634010122,78.09118946241018
WPC,2,pointpca3_only,biscuits_tsl_8_tqs_256.ply,biscuits.ply,50.5576824003506,65.5530516657882
WPC,2,pointpca3_only,biscuits_tsl_8_tqs_512.ply,biscuits.ply,24.2646277437371,41.4183194342515
WPC,2,pointpca3_only,biscuits_gQP_1_tQP_1.ply,biscuits.ply,80.6477298716552,71.7826134523537
WPC,2,pointpca3_only,biscuits_gQP_1_tQP_2.ply,biscuits.ply,69.6636406326868,68.24839436508528
WPC,2,pointpca3_only,biscuits_gQP_1_tQP_3.ply,biscuits.ply,55.2905776230521,55.42505896998382
WPC,2,pointpca3_only,biscuits_gQP_2_tQP_1.ply,biscuits.ply,68.1340514058868,57.42881662129642
WPC,2,pointpca3_only,biscuits_gQP_2_tQP_2.ply,biscuits.ply,65.2907505243469,55.73173973760609
WPC,2,pointpca3_only,biscuits_gQP_2_tQP_3.ply,biscuits.ply,53.113349303426,50.051287360288
WPC,2,pointpca3_only,biscuits_gQP_3_tQP_1.ply,biscuits.ply,67.1480668654126,37.399985952711944
WPC,2,pointpca3_only,biscuits_gQP_3_tQP_2.ply,biscuits.ply,54.1912987291856,37.0470414317164
WPC,2,pointpca3_only,biscuits_gQP_3_tQP_3.ply,biscuits.ply,45.6768554152778,34.12513575225751
WPC,2,pointpca3_only,biscuits_pqs_1_qs_16_rounded.ply,biscuits.ply,85.0818696568213,87.37911421743793
WPC,2,pointpca3_only,biscuits_pqs_1_qs_32_rounded.ply,biscuits.ply,74.4478809868645,76.53609100368301
WPC,2,pointpca3_only,biscuits_pqs_1_qs_48_rounded.ply,biscuits.ply,40.2038171566461,61.031627521945474
WPC,2,pointpca3_only,biscuits_pqs_1_qs_64_rounded.ply,biscuits.ply,24.0311580218429,46.539779140406345
WPC,2,pointpca3_only,honeydew_melon_level_7.ply,honeydew_melon.ply,5.73974709893926,7.945660680399301
WPC,2,pointpca3_only,honeydew_melon_level_8.ply,honeydew_melon.ply,20.5582786035406,22.842532510332443
WPC,2,pointpca3_only,honeydew_melon_level_9.ply,honeydew_melon.ply,87.6226845755433,80.41151147623091
WPC,2,pointpca3_only,honeydew_melon_gsigma_0_tsigma_8.ply,honeydew_melon.ply,92.6624600352998,85.97751002385388
WPC,2,pointpca3_only,honeydew_melon_gsigma_0_tsigma_16.ply,honeydew_melon.ply,79.5747103383625,70.2922161107826
WPC,2,pointpca3_only,honeydew_melon_gsigma_0_tsigma_32.ply,honeydew_melon.ply,46.8407325132864,46.12701226755516
WPC,2,pointpca3_only,honeydew_melon_gsigma_2_tsigma_8.ply,honeydew_melon.ply,65.3956595679704,58.65098173581876
WPC,2,pointpca3_only,honeydew_melon_gsigma_2_tsigma_16.ply,honeydew_melon.ply,54.8570837304523,50.67780181550295
WPC,2,pointpca3_only,honeydew_melon_gsigma_2_tsigma_32.ply,honeydew_melon.ply,30.2885785430484,36.9172964615916
WPC,2,pointpca3_only,honeydew_melon_gsigma_4_tsigma_8.ply,honeydew_melon.ply,40.1786693272132,38.29145126013954
WPC,2,pointpca3_only,honeydew_melon_gsigma_4_tsigma_16.ply,honeydew_melon.ply,44.80889224433,38.18922424957749
WPC,2,pointpca3_only,honeydew_melon_gsigma_4_tsigma_32.ply,honeydew_melon.ply,31.0107340153386,26.698633217077717
WPC,2,pointpca3_only,honeydew_melon_tsl_4_tqs_64.ply,honeydew_melon.ply,49.6591653138564,70.05261962703332
WPC,2,pointpca3_only,honeydew_melon_tsl_4_tqs_128.ply,honeydew_melon.ply,42.6301054089424,51.79632966397211
WPC,2,pointpca3_only,honeydew_melon_tsl_4_tqs_256.ply,honeydew_melon.ply,25.9163127058032,36.411508533091585
WPC,2,pointpca3_only,honeydew_melon_tsl_4_tqs_512.ply,honeydew_melon.ply,10.8306511506384,32.11741904777181
WPC,2,pointpca3_only,honeydew_melon_tsl_6_tqs_64.ply,honeydew_melon.ply,54.8827351984185,73.32652972974351
WPC,2,pointpca3_only,honeydew_melon_tsl_6_tqs_128.ply,honeydew_melon.ply,52.8968763742297,55.75878828157793
WPC,2,pointpca3_only,honeydew_melon_tsl_6_tqs_256.ply,honeydew_melon.ply,35.5987565108889,38.07211819024885
WPC,2,pointpca3_only,honeydew_melon_tsl_6_tqs_512.ply,honeydew_melon.ply,13.9062135458541,32.03254514897326
WPC,2,pointpca3_only,honeydew_melon_tsl_8_tqs_64.ply,honeydew_melon.ply,88.0734534021688,80.41248205486596
WPC,2,pointpca3_only,honeydew_melon_tsl_8_tqs_128.ply,honeydew_melon.ply,81.3507379209043,56.25211813499006
WPC,2,pointpca3_only,honeydew_melon_tsl_8_tqs_256.ply,honeydew_melon.ply,41.7185866702785,39.1057420321878
WPC,2,pointpca3_only,honeydew_melon_tsl_8_tqs_512.ply,honeydew_melon.ply,14.2942998549572,32.53752023349444
WPC,2,pointpca3_only,honeydew_melon_gQP_1_tQP_1.ply,honeydew_melon.ply,85.527655327143,67.88969223954028
WPC,2,pointpca3_only,honeydew_melon_gQP_1_tQP_2.ply,honeydew_melon.ply,74.1735313877125,54.426150165940065
WPC,2,pointpca3_only,honeydew_melon_gQP_1_tQP_3.ply,honeydew_melon.ply,58.1210565783074,47.352594078622204
WPC,2,pointpca3_only,honeydew_melon_gQP_2_tQP_1.ply,honeydew_melon.ply,63.274363758741,60.7762534743151
WPC,2,pointpca3_only,honeydew_melon_gQP_2_tQP_2.ply,honeydew_melon.ply,62.4489875416363,52.091793030824526
WPC,2,pointpca3_only,honeydew_melon_gQP_2_tQP_3.ply,honeydew_melon.ply,47.4424609702056,44.44758982276051
WPC,2,pointpca3_only,honeydew_melon_gQP_3_tQP_1.ply,honeydew_melon.ply,46.0852063289474,45.09436670124745
WPC,2,pointpca3_only,honeydew_melon_gQP_3_tQP_2.ply,honeydew_melon.ply,45.9636978649354,40.971278389890216
WPC,2,pointpca3_only,honeydew_melon_gQP_3_tQP_3.ply,honeydew_melon.ply,39.60295451806,38.86951240426029
WPC,2,pointpca3_only,honeydew_melon_pqs_1_qs_16_rounded.ply,honeydew_melon.ply,88.3373638863001,85.67770989173421
WPC,2,pointpca3_only,honeydew_melon_pqs_1_qs_32_rounded.ply,honeydew_melon.ply,78.1730237763995,72.63709107886139
WPC,2,pointpca3_only,honeydew_melon_pqs_1_qs_48_rounded.ply,honeydew_melon.ply,62.136096367329,64.40945611993139
WPC,2,pointpca3_only,honeydew_melon_pqs_1_qs_64_rounded.ply,honeydew_melon.ply,30.1734831300728,52.57189222106717
WPC,2,pointpca3_only,pineapple_level_7.ply,pineapple.ply,2.23990532591865,7.33422019352437
WPC,2,pointpca3_only,pineapple_level_8.ply,pineapple.ply,19.2952257202308,19.827806236784962
WPC,2,pointpca3_only,pineapple_level_9.ply,pineapple.ply,68.2241961163991,76.71040624238368
WPC,2,pointpca3_only,pineapple_gsigma_0_tsigma_8.ply,pineapple.ply,84.5210237697385,89.42473992362049
WPC,2,pointpca3_only,pineapple_gsigma_0_tsigma_16.ply,pineapple.ply,71.0019369276565,78.5079788102206
WPC,2,pointpca3_only,pineapple_gsigma_0_tsigma_32.ply,pineapple.ply,46.795056555246,51.48804675522561
WPC,2,pointpca3_only,pineapple_gsigma_2_tsigma_8.ply,pineapple.ply,54.3496073324298,55.878885250441044
WPC,2,pointpca3_only,pineapple_gsigma_2_tsigma_16.ply,pineapple.ply,46.5702241839765,48.87878336802064
WPC,2,pointpca3_only,pineapple_gsigma_2_tsigma_32.ply,pineapple.ply,33.105761090531,38.118882311577664
WPC,2,pointpca3_only,pineapple_gsigma_4_tsigma_8.ply,pineapple.ply,39.1643579252667,30.361470443164603
WPC,2,pointpca3_only,pineapple_gsigma_4_tsigma_16.ply,pineapple.ply,37.6444040492302,30.602389411946355
WPC,2,pointpca3_only,pineapple_gsigma_4_tsigma_32.ply,pineapple.ply,32.9775401662978,27.82736439108207
WPC,2,pointpca3_only,pineapple_tsl_4_tqs_64.ply,pineapple.ply,72.7418610931373,56.10229087847477
WPC,2,pointpca3_only,pineapple_tsl_4_tqs_128.ply,pineapple.ply,63.2674599178851,55.39923866300696
WPC,2,pointpca3_only,pineapple_tsl_4_tqs_256.ply,pineapple.ply,38.9571686758426,46.84613854640831
WPC,2,pointpca3_only,pineapple_tsl_4_tqs_512.ply,pineapple.ply,22.1745819545208,27.92324757709366
WPC,2,pointpca3_only,pineapple_tsl_6_tqs_64.ply,pineapple.ply,63.0469112364966,76.60391618140491
WPC,2,pointpca3_only,pineapple_tsl_6_tqs_128.ply,pineapple.ply,54.8796372496039,67.96675996301624
WPC,2,pointpca3_only,pineapple_tsl_6_tqs_256.ply,pineapple.ply,42.9586439435337,46.03353801230973
WPC,2,pointpca3_only,pineapple_tsl_6_tqs_512.ply,pineapple.ply,22.9575236881565,30.43420951535029
WPC,2,pointpca3_only,pineapple_tsl_8_tqs_64.ply,pineapple.ply,86.2140965750536,83.11643236838783
WPC,2,pointpca3_only,pineapple_tsl_8_tqs_128.ply,pineapple.ply,74.1207308535902,75.82222820838338
WPC,2,pointpca3_only,pineapple_tsl_8_tqs_256.ply,pineapple.ply,49.5954702850419,54.59787220295605
WPC,2,pointpca3_only,pineapple_tsl_8_tqs_512.ply,pineapple.ply,30.3483281686754,33.76770283726697
WPC,2,pointpca3_only,pineapple_gQP_1_tQP_1.ply,pineapple.ply,80.619490835398,77.265379232744
WPC,2,pointpca3_only,pineapple_gQP_1_tQP_2.ply,pineapple.ply,63.4549412974101,65.26092683250225
WPC,2,pointpca3_only,pineapple_gQP_1_tQP_3.ply,pineapple.ply,46.0406662983886,47.44301789747443
WPC,2,pointpca3_only,pineapple_gQP_2_tQP_1.ply,pineapple.ply,65.7822807299726,47.573079238799785
WPC,2,pointpca3_only,pineapple_gQP_2_tQP_2.ply,pineapple.ply,50.0556248314212,42.9687568529629
WPC,2,pointpca3_only,pineapple_gQP_2_tQP_3.ply,pineapple.ply,34.3809160802291,39.20438814347756
WPC,2,pointpca3_only,pineapple_gQP_3_tQP_1.ply,pineapple.ply,49.7644939552032,32.73454626124787
WPC,2,pointpca3_only,pineapple_gQP_3_tQP_2.ply,pineapple.ply,48.8730581119722,34.39115307939684
WPC,2,pointpca3_only,pineapple_gQP_3_tQP_3.ply,pineapple.ply,32.0423144049895,30.792630853731165
WPC,2,pointpca3_only,pineapple_pqs_1_qs_16_rounded.ply,pineapple.ply,87.7745182456416,88.73434097773428
WPC,2,pointpca3_only,pineapple_pqs_1_qs_32_rounded.ply,pineapple.ply,68.3985018371684,76.94752851819867
WPC,2,pointpca3_only,pineapple_pqs_1_qs_48_rounded.ply,pineapple.ply,39.8716047326156,59.954134755167864
WPC,2,pointpca3_only,pineapple_pqs_1_qs_64_rounded.ply,pineapple.ply,23.8808997702427,46.3174644146933
WPC,2,pointpca3_only,statue_level_7.ply,statue.ply,11.0459267428809,6.444855213502187
WPC,2,pointpca3_only,statue_level_8.ply,statue.ply,24.446050693692,17.083253525165038
WPC,2,pointpca3_only,statue_level_9.ply,statue.ply,69.021410657055,69.94480463453402
WPC,2,pointpca3_only,statue_gsigma_0_tsigma_8.ply,statue.ply,85.1194730302636,78.63132799595488
WPC,2,pointpca3_only,statue_gsigma_0_tsigma_16.ply,statue.ply,69.249033449068,61.389799957773405
WPC,2,pointpca3_only,statue_gsigma_0_tsigma_32.ply,statue.ply,49.2759668006284,44.02027536828892
WPC,2,pointpca3_only,statue_gsigma_2_tsigma_8.ply,statue.ply,50.1455304638253,53.26934984851002
WPC,2,pointpca3_only,statue_gsigma_2_tsigma_16.ply,statue.ply,39.4123304229697,49.483047518514034
WPC,2,pointpca3_only,statue_gsigma_2_tsigma_32.ply,statue.ply,34.7558872961688,35.93249220319069
WPC,2,pointpca3_only,statue_gsigma_4_tsigma_8.ply,statue.ply,31.3800914768002,37.975427213315086
WPC,2,pointpca3_only,statue_gsigma_4_tsigma_16.ply,statue.ply,27.7228845622661,37.38472878786456
WPC,2,pointpca3_only,statue_gsigma_4_tsigma_32.ply,statue.ply,32.9952144940355,27.999021804802148
WPC,2,pointpca3_only,statue_tsl_4_tqs_64.ply,statue.ply,19.5588193173298,40.40012201084798
WPC,2,pointpca3_only,statue_tsl_4_tqs_128.ply,statue.ply,19.6972695023532,30.89375525843861
WPC,2,pointpca3_only,statue_tsl_4_tqs_256.ply,statue.ply,16.4008289158312,25.45722916836766
WPC,2,pointpca3_only,statue_tsl_4_tqs_512.ply,statue.ply,11.344017416098,17.016402277520125
WPC,2,pointpca3_only,statue_tsl_6_tqs_64.ply,statue.ply,77.3013087163849,75.45590953649561
WPC,2,pointpca3_only,statue_tsl_6_tqs_128.ply,statue.ply,67.7603536053018,67.1408450776074
WPC,2,pointpca3_only,statue_tsl_6_tqs_256.ply,statue.ply,48.2298391926814,49.4528472559864
WPC,2,pointpca3_only,statue_tsl_6_tqs_512.ply,statue.ply,29.7384769623822,27.680994922895913
WPC,2,pointpca3_only,statue_tsl_8_tqs_64.ply,statue.ply,88.3188857213587,84.29238235626863
WPC,2,pointpca3_only,statue_tsl_8_tqs_128.ply,statue.ply,78.3651175128164,77.42975316695939
WPC,2,pointpca3_only,statue_tsl_8_tqs_256.ply,statue.ply,57.6657301068921,55.71726620094419
WPC,2,pointpca3_only,statue_tsl_8_tqs_512.ply,statue.ply,35.5732845168642,33.18138534911643
WPC,2,pointpca3_only,statue_gQP_1_tQP_1.ply,statue.ply,82.165444745857,78.95478851033077
WPC,2,pointpca3_only,statue_gQP_1_tQP_2.ply,statue.ply,74.3686838145158,72.36689702892447
WPC,2,pointpca3_only,statue_gQP_1_tQP_3.ply,statue.ply,52.9808699886701,59.954132920146655
WPC,2,pointpca3_only,statue_gQP_2_tQP_1.ply,statue.ply,65.2778979966785,71.97791408705342
WPC,2,pointpca3_only,statue_gQP_2_tQP_2.ply,statue.ply,58.0391510244265,67.0492607917807
WPC,2,pointpca3_only,statue_gQP_2_tQP_3.ply,statue.ply,45.2939638761951,52.59437578427455
WPC,2,pointpca3_only,statue_gQP_3_tQP_1.ply,statue.ply,25.8864162085524,37.17477664329991
WPC,2,pointpca3_only,statue_gQP_3_tQP_2.ply,statue.ply,32.5854118785264,34.826611075897695
WPC,2,pointpca3_only,statue_gQP_3_tQP_3.ply,statue.ply,26.9301373002519,32.0433413571134
WPC,2,pointpca3_only,statue_pqs_1_qs_16_rounded.ply,statue.ply,87.0157340766006,88.3033099666844
WPC,2,pointpca3_only,statue_pqs_1_qs_32_rounded.ply,statue.ply,77.2797822260162,56.52088488741704
WPC,2,pointpca3_only,statue_pqs_1_qs_48_rounded.ply,statue.ply,67.4047603475092,49.24047477335833
WPC,2,pointpca3_only,statue_pqs_1_qs_64_rounded.ply,statue.ply,54.1088773909453,45.935950853711844
WPC,2,dists_only,biscuits_level_7.ply,biscuits.ply,6.91047271435654,36.233360716947836
WPC,2,dists_only,biscuits_level_8.ply,biscuits.ply,26.0782931903573,68.69220911322742
WPC,2,dists_only,biscuits_level_9.ply,biscuits.ply,78.9066204635677,82.60421661349312
WPC,2,dists_only,biscuits_gsigma_0_tsigma_8.ply,biscuits.ply,82.2826667088248,80.79566610239927
WPC,2,dists_only,biscuits_gsigma_0_tsigma_16.ply,biscuits.ply,70.8999140507115,54.13313694867952
WPC,2,dists_only,biscuits_gsigma_0_tsigma_32.ply,biscuits.ply,40.4726299909337,32.40084091190907
WPC,2,dists_only,biscuits_gsigma_2_tsigma_8.ply,biscuits.ply,60.9307664700768,53.30579794821821
WPC,2,dists_only,biscuits_gsigma_2_tsigma_16.ply,biscuits.ply,55.5454027377535,48.0024772233548
WPC,2,dists_only,biscuits_gsigma_2_tsigma_32.ply,biscuits.ply,37.8585251636165,21.40935848933405
WPC,2,dists_only,biscuits_gsigma_4_tsigma_8.ply,biscuits.ply,46.5881520537883,35.89214276631283
WPC,2,dists_only,biscuits_gsigma_4_tsigma_16.ply,biscuits.ply,43.1335575048828,24.52674253969203
WPC,2,dists_only,biscuits_gsigma_4_tsigma_32.ply,biscuits.ply,25.3793537368916,22.613545657950958
WPC,2,dists_only,biscuits_tsl_4_tqs_64.ply,biscuits.ply,18.0451544344017,23.37629683084982
WPC,2,dists_only,biscuits_tsl_4_tqs_128.ply,biscuits.ply,20.5642609568839,17.291583452157894
WPC,2,dists_only,biscuits_tsl_4_tqs_256.ply,biscuits.ply,17.3871050794022,12.396233445844178
WPC,2,dists_only,biscuits_tsl_4_tqs_512.ply,biscuits.ply,11.2989396340749,10.088626037790563
WPC,2,dists_only,biscuits_tsl_6_tqs_64.ply,biscuits.ply,83.0091458231808,44.51901716192956
WPC,2,dists_only,biscuits_tsl_6_tqs_128.ply,biscuits.ply,68.9556829116783,53.761289053115
WPC,2,dists_only,biscuits_tsl_6_tqs_256.ply,biscuits.ply,46.8488477736057,28.149800186364292
WPC,2,dists_only,biscuits_tsl_6_tqs_512.ply,biscuits.ply,27.4947960395713,18.983441437390255
WPC,2,dists_only,biscuits_tsl_8_tqs_64.ply,biscuits.ply,81.6069470425006,46.74297459488461
WPC,2,dists_only,biscuits_tsl_8_tqs_128.ply,biscuits.ply,71.1781634010122,44.7666034643589
WPC,2,dists_only,biscuits_tsl_8_tqs_256.ply,biscuits.ply,50.5576824003506,35.55198081730992
WPC,2,dists_only,biscuits_tsl_8_tqs_512.ply,biscuits.ply,24.2646277437371,18.564391913976745
WPC,2,dists_only,biscuits_gQP_1_tQP_1.ply,biscuits.ply,80.6477298716552,57.70006820035866
WPC,2,dists_only,biscuits_gQP_1_tQP_2.ply,biscuits.ply,69.6636406326868,47.9812647571655
WPC,2,dists_only,biscuits_gQP_1_tQP_3.ply,biscuits.ply,55.2905776230521,46.36350126805915
WPC,2,dists_only,biscuits_gQP_2_tQP_1.ply,biscuits.ply,68.1340514058868,53.32340554860119
WPC,2,dists_only,biscuits_gQP_2_tQP_2.ply,biscuits.ply,65.2907505243469,45.12349910297156
WPC,2,dists_only,biscuits_gQP_2_tQP_3.ply,biscuits.ply,53.113349303426,43.476349113899325
WPC,2,dists_only,biscuits_gQP_3_tQP_1.ply,biscuits.ply,67.1480668654126,47.60520152170806
WPC,2,dists_only,biscuits_gQP_3_tQP_2.ply,biscuits.ply,54.1912987291856,40.86786451679339
WPC,2,dists_only,biscuits_gQP_3_tQP_3.ply,biscuits.ply,45.6768554152778,37.685165714286846
WPC,2,dists_only,biscuits_pqs_1_qs_16_rounded.ply,biscuits.ply,85.0818696568213,83.51850917859751
WPC,2,dists_only,biscuits_pqs_1_qs_32_rounded.ply,biscuits.ply,74.4478809868645,53.68622057764759
WPC,2,dists_only,biscuits_pqs_1_qs_48_rounded.ply,biscuits.ply,40.2038171566461,43.021069581653556
WPC,2,dists_only,biscuits_pqs_1_qs_64_rounded.ply,biscuits.ply,24.0311580218429,20.567901424867188
WPC,2,dists_only,honeydew_melon_level_7.ply,honeydew_melon.ply,5.73974709893926,67.94171389270002
WPC,2,dists_only,honeydew_melon_level_8.ply,honeydew_melon.ply,20.5582786035406,85.5652836193096
WPC,2,dists_only,honeydew_melon_level_9.ply,honeydew_melon.ply,87.6226845755433,88.21711875435858
WPC,2,dists_only,honeydew_melon_gsigma_0_tsigma_8.ply,honeydew_melon.ply,92.6624600352998,77.21899275755213
WPC,2,dists_only,honeydew_melon_gsigma_0_tsigma_16.ply,honeydew_melon.ply,79.5747103383625,76.55658514464061
WPC,2,dists_only,honeydew_melon_gsigma_0_tsigma_32.ply,honeydew_melon.ply,46.8407325132864,40.17395847801026
WPC,2,dists_only,honeydew_melon_gsigma_2_tsigma_8.ply,honeydew_melon.ply,65.3956595679704,68.44666659981063
WPC,2,dists_only,honeydew_melon_gsigma_2_tsigma_16.ply,honeydew_melon.ply,54.8570837304523,50.61184886319241
WPC,2,dists_only,honeydew_melon_gsigma_2_tsigma_32.ply,honeydew_melon.ply,30.2885785430484,36.064333109466105
WPC,2,dists_only,honeydew_melon_gsigma_4_tsigma_8.ply,honeydew_melon.ply,40.1786693272132,49.90600407248958
WPC,2,dists_only,honeydew_melon_gsigma_4_tsigma_16.ply,honeydew_melon.ply,44.80889224433,41.1086395665075
WPC,2,dists_only,honeydew_melon_gsigma_4_tsigma_32.ply,honeydew_melon.ply,31.0107340153386,27.96594717239218
WPC,2,dists_only,honeydew_melon_tsl_4_tqs_64.ply,honeydew_melon.ply,49.6591653138564,66.34990819773034
WPC,2,dists_only,honeydew_melon_tsl_4_tqs_128.ply,honeydew_melon.ply,42.6301054089424,64.24201011217842
WPC,2,dists_only,honeydew_melon_tsl_4_tqs_256.ply,honeydew_melon.ply,25.9163127058032,31.79130458032713
WPC,2,dists_only,honeydew_melon_tsl_4_tqs_512.ply,honeydew_melon.ply,10.8306511506384,18.748436527180655
WPC,2,dists_only,honeydew_melon_tsl_6_tqs_64.ply,honeydew_melon.ply,54.8827351984185,61.218542206693
WPC,2,dists_only,honeydew_melon_tsl_6_tqs_128.ply,honeydew_melon.ply,52.8968763742297,61.87994820617575
WPC,2,dists_only,honeydew_melon_tsl_6_tqs_256.ply,honeydew_melon.ply,35.5987565108889,31.15328237700307
WPC,2,dists_only,honeydew_melon_tsl_6_tqs_512.ply,honeydew_melon.ply,13.9062135458541,20.106125879419203
WPC,2,dists_only,honeydew_melon_tsl_8_tqs_64.ply,honeydew_melon.ply,88.0734534021688,63.0728270846503
WPC,2,dists_only,honeydew_melon_tsl_8_tqs_128.ply,honeydew_melon.ply,81.3507379209043,61.25699958132612
WPC,2,dists_only,honeydew_melon_tsl_8_tqs_256.ply,honeydew_melon.ply,41.7185866702785,34.42793936973282
WPC,2,dists_only,honeydew_melon_tsl_8_tqs_512.ply,honeydew_melon.ply,14.2942998549572,25.206068838562256
WPC,2,dists_only,honeydew_melon_gQP_1_tQP_1.ply,honeydew_melon.ply,85.527655327143,67.72150447337023
WPC,2,dists_only,honeydew_melon_gQP_1_tQP_2.ply,honeydew_melon.ply,74.1735313877125,59.16933003096337
WPC,2,dists_only,honeydew_melon_gQP_1_tQP_3.ply,honeydew_melon.ply,58.1210565783074,42.986590281693445
WPC,2,dists_only,honeydew_melon_gQP_2_tQP_1.ply,honeydew_melon.ply,63.274363758741,71.35194764152833
WPC,2,dists_only,honeydew_melon_gQP_2_tQP_2.ply,honeydew_melon.ply,62.4489875416363,66.08875090363702
WPC,2,dists_only,honeydew_melon_gQP_2_tQP_3.ply,honeydew_melon.ply,47.4424609702056,41.26602472947945
WPC,2,dists_only,honeydew_melon_gQP_3_tQP_1.ply,honeydew_melon.ply,46.0852063289474,48.65710319190961
WPC,2,dists_only,honeydew_melon_gQP_3_tQP_2.ply,honeydew_melon.ply,45.9636978649354,54.25131314733583
WPC,2,dists_only,honeydew_melon_gQP_3_tQP_3.ply,honeydew_melon.ply,39.60295451806,42.35215239435601
WPC,2,dists_only,honeydew_melon_pqs_1_qs_16_rounded.ply,honeydew_melon.ply,88.3373638863001,78.66216725312277
WPC,2,dists_only,honeydew_melon_pqs_1_qs_32_rounded.ply,honeydew_melon.ply,78.1730237763995,64.67445889024133
WPC,2,dists_only,honeydew_melon_pqs_1_qs_48_rounded.ply,honeydew_melon.ply,62.136096367329,45.69368927190595
WPC,2,dists_only,honeydew_melon_pqs_1_qs_64_rounded.ply,honeydew_melon.ply,30.1734831300728,43.920732251926154
WPC,2,dists_only,pineapple_level_7.ply,pineapple.ply,2.23990532591865,32.89252173523942
WPC,2,dists_only,pineapple_level_8.ply,pineapple.ply,19.2952257202308,70.05892586709045
WPC,2,dists_only,pineapple_level_9.ply,pineapple.ply,68.2241961163991,78.17290280558286
WPC,2,dists_only,pineapple_gsigma_0_tsigma_8.ply,pineapple.ply,84.5210237697385,86.700512460209
WPC,2,dists_only,pineapple_gsigma_0_tsigma_16.ply,pineapple.ply,71.0019369276565,42.95140945571727
WPC,2,dists_only,pineapple_gsigma_0_tsigma_32.ply,pineapple.ply,46.795056555246,50.25686414425141
WPC,2,dists_only,pineapple_gsigma_2_tsigma_8.ply,pineapple.ply,54.3496073324298,43.245275863087365
WPC,2,dists_only,pineapple_gsigma_2_tsigma_16.ply,pineapple.ply,46.5702241839765,50.049433851182485
WPC,2,dists_only,pineapple_gsigma_2_tsigma_32.ply,pineapple.ply,33.105761090531,31.592009787540686
WPC,2,dists_only,pineapple_gsigma_4_tsigma_8.ply,pineapple.ply,39.1643579252667,25.47117851951426
WPC,2,dists_only,pineapple_gsigma_4_tsigma_16.ply,pineapple.ply,37.6444040492302,24.126800714738387
WPC,2,dists_only,pineapple_gsigma_4_tsigma_32.ply,pineapple.ply,32.9775401662978,25.785041956423473
WPC,2,dists_only,pineapple_tsl_4_tqs_64.ply,pineapple.ply,72.7418610931373,56.690598754997
WPC,2,dists_only,pineapple_tsl_4_tqs_128.ply,pineapple.ply,63.2674599178851,45.0204462176966
WPC,2,dists_only,pineapple_tsl_4_tqs_256.ply,pineapple.ply,38.9571686758426,30.909138132616466
WPC,2,dists_only,pineapple_tsl_4_tqs_512.ply,pineapple.ply,22.1745819545208,16.379206565649536
WPC,2,dists_only,pineapple_tsl_6_tqs_64.ply,pineapple.ply,63.0469112364966,75.22823271515394
WPC,2,dists_only,pineapple_tsl_6_tqs_128.ply,pineapple.ply,54.8796372496039,60.79573588795424
WPC,2,dists_only,pineapple_tsl_6_tqs_256.ply,pineapple.ply,42.9586439435337,33.778919753949594
WPC,2,dists_only,pineapple_tsl_6_tqs_512.ply,pineapple.ply,22.9575236881565,22.694011266989804
WPC,2,dists_only,pineapple_tsl_8_tqs_64.ply,pineapple.ply,86.2140965750536,78.16416521366145
WPC,2,dists_only,pineapple_tsl_8_tqs_128.ply,pineapple.ply,74.1207308535902,54.683808975842155
WPC,2,dists_only,pineapple_tsl_8_tqs_256.ply,pineapple.ply,49.5954702850419,37.16250211002242
WPC,2,dists_only,pineapple_tsl_8_tqs_512.ply,pineapple.ply,30.3483281686754,23.00680564762337
WPC,2,dists_only,pineapple_gQP_1_tQP_1.ply,pineapple.ply,80.619490835398,75.31612727221427
WPC,2,dists_only,pineapple_gQP_1_tQP_2.ply,pineapple.ply,63.4549412974101,52.301242920208544
WPC,2,dists_only,pineapple_gQP_1_tQP_3.ply,pineapple.ply,46.0406662983886,45.37411635181977
WPC,2,dists_only,pineapple_gQP_2_tQP_1.ply,pineapple.ply,65.7822807299726,66.94354656757967
WPC,2,dists_only,pineapple_gQP_2_tQP_2.ply,pineapple.ply,50.0556248314212,38.305320490855046
WPC,2,dists_only,pineapple_gQP_2_tQP_3.ply,pineapple.ply,34.3809160802291,40.24544237800667
WPC,2,dists_only,pineapple_gQP_3_tQP_1.ply,pineapple.ply,49.7644939552032,77.66957537421763
WPC,2,dists_only,pineapple_gQP_3_tQP_2.ply,pineapple.ply,48.8730581119722,46.06375299687502
WPC,2,dists_only,pineapple_gQP_3_tQP_3.ply,pineapple.ply,32.0423144049895,37.45705729724406
WPC,2,dists_only,pineapple_pqs_1_qs_16_rounded.ply,pineapple.ply,87.7745182456416,81.58079311210976
WPC,2,dists_only,pineapple_pqs_1_qs_32_rounded.ply,pineapple.ply,68.3985018371684,70.71494865215837
WPC,2,dists_only,pineapple_pqs_1_qs_48_rounded.ply,pineapple.ply,39.8716047326156,53.314239913717
WPC,2,dists_only,pineapple_pqs_1_qs_64_rounded.ply,pineapple.ply,23.8808997702427,31.85097776587936
WPC,2,dists_only,statue_level_7.ply,statue.ply,11.0459267428809,35.57662840952151
WPC,2,dists_only,statue_level_8.ply,statue.ply,24.446050693692,66.27995153312331
WPC,2,dists_only,statue_level_9.ply,statue.ply,69.021410657055,78.84112450208494
WPC,2,dists_only,statue_gsigma_0_tsigma_8.ply,statue.ply,85.1194730302636,71.180963584755
WPC,2,dists_only,statue_gsigma_0_tsigma_16.ply,statue.ply,69.249033449068,53.07145005609882
WPC,2,dists_only,statue_gsigma_0_tsigma_32.ply,statue.ply,49.2759668006284,44.13111091538996
WPC,2,dists_only,statue_gsigma_2_tsigma_8.ply,statue.ply,50.1455304638253,54.74678790516929
WPC,2,dists_only,statue_gsigma_2_tsigma_16.ply,statue.ply,39.4123304229697,48.0884352232709
WPC,2,dists_only,statue_gsigma_2_tsigma_32.ply,statue.ply,34.7558872961688,34.19386882841647
WPC,2,dists_only,statue_gsigma_4_tsigma_8.ply,statue.ply,31.3800914768002,28.159835833958738
WPC,2,dists_only,statue_gsigma_4_tsigma_16.ply,statue.ply,27.7228845622661,34.27581184704578
WPC,2,dists_only,statue_gsigma_4_tsigma_32.ply,statue.ply,32.9952144940355,26.097291663043844
WPC,2,dists_only,statue_tsl_4_tqs_64.ply,statue.ply,19.5588193173298,53.00222976266594
WPC,2,dists_only,statue_tsl_4_tqs_128.ply,statue.ply,19.6972695023532,40.00516175565919
WPC,2,dists_only,statue_tsl_4_tqs_256.ply,statue.ply,16.4008289158312,28.41207954675747
WPC,2,dists_only,statue_tsl_4_tqs_512.ply,statue.ply,11.344017416098,26.51311328446629
WPC,2,dists_only,statue_tsl_6_tqs_64.ply,statue.ply,77.3013087163849,63.89157032759528
WPC,2,dists_only,statue_tsl_6_tqs_128.ply,statue.ply,67.7603536053018,60.174136868290454
WPC,2,dists_only,statue_tsl_6_tqs_256.ply,statue.ply,48.2298391926814,42.48259727391038
WPC,2,dists_only,statue_tsl_6_tqs_512.ply,statue.ply,29.7384769623822,24.204149327582712
WPC,2,dists_only,statue_tsl_8_tqs_64.ply,statue.ply,88.3188857213587,76.90561557901782
WPC,2,dists_only,statue_tsl_8_tqs_128.ply,statue.ply,78.3651175128164,56.24681063380467
WPC,2,dists_only,statue_tsl_8_tqs_256.ply,statue.ply,57.6657301068921,54.717821450908176
WPC,2,dists_only,statue_tsl_8_tqs_512.ply,statue.ply,35.5732845168642,32.137877694762494
WPC,2,dists_only,statue_gQP_1_tQP_1.ply,statue.ply,82.165444745857,78.22573294379018
WPC,2,dists_only,statue_gQP_1_tQP_2.ply,statue.ply,74.3686838145158,60.27518025961126
WPC,2,dists_only,statue_gQP_1_tQP_3.ply,statue.ply,52.9808699886701,49.63646016379826
WPC,2,dists_only,statue_gQP_2_tQP_1.ply,statue.ply,65.2778979966785,79.37989027327227
WPC,2,dists_only,statue_gQP_2_tQP_2.ply,statue.ply,58.0391510244265,59.99295110363988
WPC,2,dists_only,statue_gQP_2_tQP_3.ply,statue.ply,45.2939638761951,54.07361143727512
WPC,2,dists_only,statue_gQP_3_tQP_1.ply,statue.ply,25.8864162085524,50.454041948515496
WPC,2,dists_only,statue_gQP_3_tQP_2.ply,statue.ply,32.5854118785264,47.22269692279565
WPC,2,dists_only,statue_gQP_3_tQP_3.ply,statue.ply,26.9301373002519,46.2349112698178
WPC,2,dists_only,statue_pqs_1_qs_16_rounded.ply,statue.ply,87.0157340766006,71.356772429529
WPC,2,dists_only,statue_pqs_1_qs_32_rounded.ply,statue.ply,77.2797822260162,64.22911557125394
WPC,2,dists_only,statue_pqs_1_qs_48_rounded.ply,statue.ply,67.4047603475092,57.149320305045734
WPC,2,dists_only,statue_pqs_1_qs_64_rounded.ply,statue.ply,54.1088773909453,54.88263827939072
WPC,2,fusion_46,biscuits_level_7.ply,biscuits.ply,6.91047271435654,8.631304771415119
WPC,2,fusion_46,biscuits_level_8.ply,biscuits.ply,26.0782931903573,19.60381326744662
WPC,2,fusion_46,biscuits_level_9.ply,biscuits.ply,78.9066204635677,75.4891182476696
WPC,2,fusion_46,biscuits_gsigma_0_tsigma_8.ply,biscuits.ply,82.2826667088248,85.71448461185271
WPC,2,fusion_46,biscuits_gsigma_0_tsigma_16.ply,biscuits.ply,70.8999140507115,64.54115880291619
WPC,2,fusion_46,biscuits_gsigma_0_tsigma_32.ply,biscuits.ply,40.4726299909337,43.5891107234026
WPC,2,fusion_46,biscuits_gsigma_2_tsigma_8.ply,biscuits.ply,60.9307664700768,53.48822339509248
WPC,2,fusion_46,biscuits_gsigma_2_tsigma_16.ply,biscuits.ply,55.5454027377535,48.39150548930031
WPC,2,fusion_46,biscuits_gsigma_2_tsigma_32.ply,biscuits.ply,37.8585251636165,36.02912545241532
WPC,2,fusion_46,biscuits_gsigma_4_tsigma_8.ply,biscuits.ply,46.5881520537883,37.38886197133968
WPC,2,fusion_46,biscuits_gsigma_4_tsigma_16.ply,biscuits.ply,43.1335575048828,32.36964979721765
WPC,2,fusion_46,biscuits_gsigma_4_tsigma_32.ply,biscuits.ply,25.3793537368916,27.424621605590847
WPC,2,fusion_46,biscuits_tsl_4_tqs_64.ply,biscuits.ply,18.0451544344017,14.622201296688827
WPC,2,fusion_46,biscuits_tsl_4_tqs_128.ply,biscuits.ply,20.5642609568839,14.507556813811894
WPC,2,fusion_46,biscuits_tsl_4_tqs_256.ply,biscuits.ply,17.3871050794022,14.306321745167622
WPC,2,fusion_46,biscuits_tsl_4_tqs_512.ply,biscuits.ply,11.2989396340749,11.551789500485514
WPC,2,fusion_46,biscuits_tsl_6_tqs_64.ply,biscuits.ply,83.0091458231808,69.09908105899018
WPC,2,fusion_46,biscuits_tsl_6_tqs_128.ply,biscuits.ply,68.9556829116783,61.940898803706226
WPC,2,fusion_46,biscuits_tsl_6_tqs_256.ply,biscuits.ply,46.8488477736057,48.83656534413413
WPC,2,fusion_46,biscuits_tsl_6_tqs_512.ply,biscuits.ply,27.4947960395713,31.70358534636404
WPC,2,fusion_46,biscuits_tsl_8_tqs_64.ply,biscuits.ply,81.6069470425006,77.90008747895067
WPC,2,fusion_46,biscuits_tsl_8_tqs_128.ply,biscuits.ply,71.1781634010122,68.51397161363168
WPC,2,fusion_46,biscuits_tsl_8_tqs_256.ply,biscuits.ply,50.5576824003506,53.73803908154568
WPC,2,fusion_46,biscuits_tsl_8_tqs_512.ply,biscuits.ply,24.2646277437371,34.82799813598733
WPC,2,fusion_46,biscuits_gQP_1_tQP_1.ply,biscuits.ply,80.6477298716552,63.99417634601215
WPC,2,fusion_46,biscuits_gQP_1_tQP_2.ply,biscuits.ply,69.6636406326868,54.20076740994862
WPC,2,fusion_46,biscuits_gQP_1_tQP_3.ply,biscuits.ply,55.2905776230521,50.48283980783643
WPC,2,fusion_46,biscuits_gQP_2_tQP_1.ply,biscuits.ply,68.1340514058868,51.828283885856955
WPC,2,fusion_46,biscuits_gQP_2_tQP_2.ply,biscuits.ply,65.2907505243469,46.36546428473454
WPC,2,fusion_46,biscuits_gQP_2_tQP_3.ply,biscuits.ply,53.113349303426,42.577988033262166
WPC,2,fusion_46,biscuits_gQP_3_tQP_1.ply,biscuits.ply,67.1480668654126,36.276465918940715
WPC,2,fusion_46,biscuits_gQP_3_tQP_2.ply,biscuits.ply,54.1912987291856,31.99940682704047
WPC,2,fusion_46,biscuits_gQP_3_tQP_3.ply,biscuits.ply,45.6768554152778,31.50806957171454
WPC,2,fusion_46,biscuits_pqs_1_qs_16_rounded.ply,biscuits.ply,85.0818696568213,87.52519899809245
WPC,2,fusion_46,biscuits_pqs_1_qs_32_rounded.ply,biscuits.ply,74.4478809868645,68.32849688784272
WPC,2,fusion_46,biscuits_pqs_1_qs_48_rounded.ply,biscuits.ply,40.2038171566461,52.417603630283345
WPC,2,fusion_46,biscuits_pqs_1_qs_64_rounded.ply,biscuits.ply,24.0311580218429,40.053849883394236
WPC,2,fusion_46,honeydew_melon_level_7.ply,honeydew_melon.ply,5.73974709893926,11.214001124719266
WPC,2,fusion_46,honeydew_melon_level_8.ply,honeydew_melon.ply,20.5582786035406,26.004975133747195
WPC,2,fusion_46,honeydew_melon_level_9.ply,honeydew_melon.ply,87.6226845755433,82.48963229001046
WPC,2,fusion_46,honeydew_melon_gsigma_0_tsigma_8.ply,honeydew_melon.ply,92.6624600352998,87.46795650455118
WPC,2,fusion_46,honeydew_melon_gsigma_0_tsigma_16.ply,honeydew_melon.ply,79.5747103383625,68.69211967983316
WPC,2,fusion_46,honeydew_melon_gsigma_0_tsigma_32.ply,honeydew_melon.ply,46.8407325132864,47.14651249017652
WPC,2,fusion_46,honeydew_melon_gsigma_2_tsigma_8.ply,honeydew_melon.ply,65.3956595679704,56.39157289578401
WPC,2,fusion_46,honeydew_melon_gsigma_2_tsigma_16.ply,honeydew_melon.ply,54.8570837304523,52.15718074603099
WPC,2,fusion_46,honeydew_melon_gsigma_2_tsigma_32.ply,honeydew_melon.ply,30.2885785430484,39.963463426264596
WPC,2,fusion_46,honeydew_melon_gsigma_4_tsigma_8.ply,honeydew_melon.ply,40.1786693272132,43.17784464271946
WPC,2,fusion_46,honeydew_melon_gsigma_4_tsigma_16.ply,honeydew_melon.ply,44.80889224433,38.35480907242284
WPC,2,fusion_46,honeydew_melon_gsigma_4_tsigma_32.ply,honeydew_melon.ply,31.0107340153386,32.68256339340863
WPC,2,fusion_46,honeydew_melon_tsl_4_tqs_64.ply,honeydew_melon.ply,49.6591653138564,76.45551899699561
WPC,2,fusion_46,honeydew_melon_tsl_4_tqs_128.ply,honeydew_melon.ply,42.6301054089424,65.4152469057037
WPC,2,fusion_46,honeydew_melon_tsl_4_tqs_256.ply,honeydew_melon.ply,25.9163127058032,37.69561385331618
WPC,2,fusion_46,honeydew_melon_tsl_4_tqs_512.ply,honeydew_melon.ply,10.8306511506384,26.71790436585539
WPC,2,fusion_46,honeydew_melon_tsl_6_tqs_64.ply,honeydew_melon.ply,54.8827351984185,76.5660927465024
WPC,2,fusion_46,honeydew_melon_tsl_6_tqs_128.ply,honeydew_melon.ply,52.8968763742297,68.02458833467954
WPC,2,fusion_46,honeydew_melon_tsl_6_tqs_256.ply,honeydew_melon.ply,35.5987565108889,38.79717624226697
WPC,2,fusion_46,honeydew_melon_tsl_6_tqs_512.ply,honeydew_melon.ply,13.9062135458541,25.939517594516566
WPC,2,fusion_46,honeydew_melon_tsl_8_tqs_64.ply,honeydew_melon.ply,88.0734534021688,79.67683246669272
WPC,2,fusion_46,honeydew_melon_tsl_8_tqs_128.ply,honeydew_melon.ply,81.3507379209043,70.75269852328404
WPC,2,fusion_46,honeydew_melon_tsl_8_tqs_256.ply,honeydew_melon.ply,41.7185866702785,39.6300950232746
WPC,2,fusion_46,honeydew_melon_tsl_8_tqs_512.ply,honeydew_melon.ply,14.2942998549572,26.701532957761398
WPC,2,fusion_46,honeydew_melon_gQP_1_tQP_1.ply,honeydew_melon.ply,85.527655327143,76.93284158864584
WPC,2,fusion_46,honeydew_melon_gQP_1_tQP_2.ply,honeydew_melon.ply,74.1735313877125,70.54623054951323
WPC,2,fusion_46,honeydew_melon_gQP_1_tQP_3.ply,honeydew_melon.ply,58.1210565783074,53.12038508987098
WPC,2,fusion_46,honeydew_melon_gQP_2_tQP_1.ply,honeydew_melon.ply,63.274363758741,72.28430793881147
WPC,2,fusion_46,honeydew_melon_gQP_2_tQP_2.ply,honeydew_melon.ply,62.4489875416363,64.69854917024189
WPC,2,fusion_46,honeydew_melon_gQP_2_tQP_3.ply,honeydew_melon.ply,47.4424609702056,48.8597615174714
WPC,2,fusion_46,honeydew_melon_gQP_3_tQP_1.ply,honeydew_melon.ply,46.0852063289474,57.993281783687216
WPC,2,fusion_46,honeydew_melon_gQP_3_tQP_2.ply,honeydew_melon.ply,45.9636978649354,48.54599295692472
WPC,2,fusion_46,honeydew_melon_gQP_3_tQP_3.ply,honeydew_melon.ply,39.60295451806,36.22621232143756
WPC,2,fusion_46,honeydew_melon_pqs_1_qs_16_rounded.ply,honeydew_melon.ply,88.3373638863001,86.52845952822847
WPC,2,fusion_46,honeydew_melon_pqs_1_qs_32_rounded.ply,honeydew_melon.ply,78.1730237763995,68.889320139034
WPC,2,fusion_46,honeydew_melon_pqs_1_qs_48_rounded.ply,honeydew_melon.ply,62.136096367329,58.78166046098496
WPC,2,fusion_46,honeydew_melon_pqs_1_qs_64_rounded.ply,honeydew_melon.ply,30.1734831300728,45.92365259789276
WPC,2,fusion_46,pineapple_level_7.ply,pineapple.ply,2.23990532591865,7.839452404768065
WPC,2,fusion_46,pineapple_level_8.ply,pineapple.ply,19.2952257202308,19.56077276213786
WPC,2,fusion_46,pineapple_level_9.ply,pineapple.ply,68.2241961163991,78.47333930732262
WPC,2,fusion_46,pineapple_gsigma_0_tsigma_8.ply,pineapple.ply,84.5210237697385,89.55420098130946
WPC,2,fusion_46,pineapple_gsigma_0_tsigma_16.ply,pineapple.ply,71.0019369276565,75.57454664981988
WPC,2,fusion_46,pineapple_gsigma_0_tsigma_32.ply,pineapple.ply,46.795056555246,44.01734662052226
WPC,2,fusion_46,pineapple_gsigma_2_tsigma_8.ply,pineapple.ply,54.3496073324298,52.22172377836594
WPC,2,fusion_46,pineapple_gsigma_2_tsigma_16.ply,pineapple.ply,46.5702241839765,47.68958100624886
WPC,2,fusion_46,pineapple_gsigma_2_tsigma_32.ply,pineapple.ply,33.105761090531,35.45711987390362
WPC,2,fusion_46,pineapple_gsigma_4_tsigma_8.ply,pineapple.ply,39.1643579252667,30.332091116553055
WPC,2,fusion_46,pineapple_gsigma_4_tsigma_16.ply,pineapple.ply,37.6444040492302,29.521894720291915
WPC,2,fusion_46,pineapple_gsigma_4_tsigma_32.ply,pineapple.ply,32.9775401662978,27.23124184076898
WPC,2,fusion_46,pineapple_tsl_4_tqs_64.ply,pineapple.ply,72.7418610931373,51.177935832876194
WPC,2,fusion_46,pineapple_tsl_4_tqs_128.ply,pineapple.ply,63.2674599178851,45.70059427725142
WPC,2,fusion_46,pineapple_tsl_4_tqs_256.ply,pineapple.ply,38.9571686758426,30.31139305184182
WPC,2,fusion_46,pineapple_tsl_4_tqs_512.ply,pineapple.ply,22.1745819545208,23.32760635900872
WPC,2,fusion_46,pineapple_tsl_6_tqs_64.ply,pineapple.ply,63.0469112364966,76.00112599785561
WPC,2,fusion_46,pineapple_tsl_6_tqs_128.ply,pineapple.ply,54.8796372496039,67.62660443288748
WPC,2,fusion_46,pineapple_tsl_6_tqs_256.ply,pineapple.ply,42.9586439435337,39.134785712456335
WPC,2,fusion_46,pineapple_tsl_6_tqs_512.ply,pineapple.ply,22.9575236881565,28.04434593489882
WPC,2,fusion_46,pineapple_tsl_8_tqs_64.ply,pineapple.ply,86.2140965750536,84.86126436758408
WPC,2,fusion_46,pineapple_tsl_8_tqs_128.ply,pineapple.ply,74.1207308535902,78.12973159997965
WPC,2,fusion_46,pineapple_tsl_8_tqs_256.ply,pineapple.ply,49.5954702850419,46.960099095141075
WPC,2,fusion_46,pineapple_tsl_8_tqs_512.ply,pineapple.ply,30.3483281686754,32.088366923395604
WPC,2,fusion_46,pineapple_gQP_1_tQP_1.ply,pineapple.ply,80.619490835398,76.38507267138816
WPC,2,fusion_46,pineapple_gQP_1_tQP_2.ply,pineapple.ply,63.4549412974101,64.36105060609562
WPC,2,fusion_46,pineapple_gQP_1_tQP_3.ply,pineapple.ply,46.0406662983886,50.15474955040633
WPC,2,fusion_46,pineapple_gQP_2_tQP_1.ply,pineapple.ply,65.7822807299726,57.03648117019172
WPC,2,fusion_46,pineapple_gQP_2_tQP_2.ply,pineapple.ply,50.0556248314212,45.32251969412889
WPC,2,fusion_46,pineapple_gQP_2_tQP_3.ply,pineapple.ply,34.3809160802291,40.0549747616873
WPC,2,fusion_46,pineapple_gQP_3_tQP_1.ply,pineapple.ply,49.7644939552032,45.92052178583094
WPC,2,fusion_46,pineapple_gQP_3_tQP_2.ply,pineapple.ply,48.8730581119722,35.17948116581347
WPC,2,fusion_46,pineapple_gQP_3_tQP_3.ply,pineapple.ply,32.0423144049895,32.3533215954395
WPC,2,fusion_46,pineapple_pqs_1_qs_16_rounded.ply,pineapple.ply,87.7745182456416,88.91559317294906
WPC,2,fusion_46,pineapple_pqs_1_qs_32_rounded.ply,pineapple.ply,68.3985018371684,68.37400756827176
WPC,2,fusion_46,pineapple_pqs_1_qs_48_rounded.ply,pineapple.ply,39.8716047326156,41.947443346305405
WPC,2,fusion_46,pineapple_pqs_1_qs_64_rounded.ply,pineapple.ply,23.8808997702427,32.84226244571291
WPC,2,fusion_46,statue_level_7.ply,statue.ply,11.0459267428809,5.400646171025438
WPC,2,fusion_46,statue_level_8.ply,statue.ply,24.446050693692,17.261333695627634
WPC,2,fusion_46,statue_level_9.ply,statue.ply,69.021410657055,71.59302732823348
WPC,2,fusion_46,statue_gsigma_0_tsigma_8.ply,statue.ply,85.1194730302636,79.51180084910267
WPC,2,fusion_46,statue_gsigma_0_tsigma_16.ply,statue.ply,69.249033449068,56.79744872913624
WPC,2,fusion_46,statue_gsigma_0_tsigma_32.ply,statue.ply,49.2759668006284,43.52385731798311
WPC,2,fusion_46,statue_gsigma_2_tsigma_8.ply,statue.ply,50.1455304638253,50.41680366558635
WPC,2,fusion_46,statue_gsigma_2_tsigma_16.ply,statue.ply,39.4123304229697,48.77127239054114
WPC,2,fusion_46,statue_gsigma_2_tsigma_32.ply,statue.ply,34.7558872961688,37.677965011833614
WPC,2,fusion_46,statue_gsigma_4_tsigma_8.ply,statue.ply,31.3800914768002,38.69536978586204
WPC,2,fusion_46,statue_gsigma_4_tsigma_16.ply,statue.ply,27.7228845622661,36.300633608480055
WPC,2,fusion_46,statue_gsigma_4_tsigma_32.ply,statue.ply,32.9952144940355,27.199094907291173
WPC,2,fusion_46,statue_tsl_4_tqs_64.ply,statue.ply,19.5588193173298,37.38144222098907
WPC,2,fusion_46,statue_tsl_4_tqs_128.ply,statue.ply,19.6972695023532,29.63812506077326
WPC,2,fusion_46,statue_tsl_4_tqs_256.ply,statue.ply,16.4008289158312,25.5607925742721
WPC,2,fusion_46,statue_tsl_4_tqs_512.ply,statue.ply,11.344017416098,18.77565242937456
WPC,2,fusion_46,statue_tsl_6_tqs_64.ply,statue.ply,77.3013087163849,74.58626973079693
WPC,2,fusion_46,statue_tsl_6_tqs_128.ply,statue.ply,67.7603536053018,72.01719146642284
WPC,2,fusion_46,statue_tsl_6_tqs_256.ply,statue.ply,48.2298391926814,50.5991716057774
WPC,2,fusion_46,statue_tsl_6_tqs_512.ply,statue.ply,29.7384769623822,27.447326226938912
WPC,2,fusion_46,statue_tsl_8_tqs_64.ply,statue.ply,88.3188857213587,85.63758874998997
WPC,2,fusion_46,statue_tsl_8_tqs_128.ply,statue.ply,78.3651175128164,78.85490233878338
WPC,2,fusion_46,statue_tsl_8_tqs_256.ply,statue.ply,57.6657301068921,59.093719639701355
WPC,2,fusion_46,statue_tsl_8_tqs_512.ply,statue.ply,35.5732845168642,33.23968444059223
WPC,2,fusion_46,statue_gQP_1_tQP_1.ply,statue.ply,82.165444745857,81.34062369456989
WPC,2,fusion_46,statue_gQP_1_tQP_2.ply,statue.ply,74.3686838145158,73.00098654859895
WPC,2,fusion_46,statue_gQP_1_tQP_3.ply,statue.ply,52.9808699886701,66.11075222204586
WPC,2,fusion_46,statue_gQP_2_tQP_1.ply,statue.ply,65.2778979966785,74.97592238057386
WPC,2,fusion_46,statue_gQP_2_tQP_2.ply,statue.ply,58.0391510244265,69.51783638291342
WPC,2,fusion_46,statue_gQP_2_tQP_3.ply,statue.ply,45.2939638761951,61.3020088358487
WPC,2,fusion_46,statue_gQP_3_tQP_1.ply,statue.ply,25.8864162085524,40.61211990557313
WPC,2,fusion_46,statue_gQP_3_tQP_2.ply,statue.ply,32.5854118785264,36.170841706867876
WPC,2,fusion_46,statue_gQP_3_tQP_3.ply,statue.ply,26.9301373002519,33.62652056966837
WPC,2,fusion_46,statue_pqs_1_qs_16_rounded.ply,statue.ply,87.0157340766006,87.66385610119478
WPC,2,fusion_46,statue_pqs_1_qs_32_rounded.ply,statue.ply,77.2797822260162,66.41123191912175
WPC,2,fusion_46,statue_pqs_1_qs_48_rounded.ply,statue.ply,67.4047603475092,61.060331548677844
WPC,2,fusion_46,statue_pqs_1_qs_64_rounded.ply,statue.ply,54.1088773909453,53.00003153796264
WPC,3,pointpca3_only,banana_level_7.ply,banana.ply,7.10902831352667,7.8849120550283835
WPC,3,pointpca3_only,banana_level_8.ply,banana.ply,23.0834825714443,25.256856926671144
WPC,3,pointpca3_only,banana_level_9.ply,banana.ply,89.4915398669869,77.84862033120922
WPC,3,pointpca3_only,banana_gsigma_0_tsigma_8.ply,banana.ply,83.0931383025993,82.29027533208178
WPC,3,pointpca3_only,banana_gsigma_0_tsigma_16.ply,banana.ply,60.4722494001183,54.244032312932084
WPC,3,pointpca3_only,banana_gsigma_0_tsigma_32.ply,banana.ply,40.1130763441701,39.85710775071598
WPC,3,pointpca3_only,banana_gsigma_2_tsigma_8.ply,banana.ply,50.7551251381558,57.14526891834088
WPC,3,pointpca3_only,banana_gsigma_2_tsigma_16.ply,banana.ply,49.6677022084679,42.61015983891158
WPC,3,pointpca3_only,banana_gsigma_2_tsigma_32.ply,banana.ply,31.3462945352343,33.182948642806025
WPC,3,pointpca3_only,banana_gsigma_4_tsigma_8.ply,banana.ply,31.9770319731361,38.948549987430084
WPC,3,pointpca3_only,banana_gsigma_4_tsigma_16.ply,banana.ply,27.0171082189159,33.262584433462315
WPC,3,pointpca3_only,banana_gsigma_4_tsigma_32.ply,banana.ply,23.3834967411572,25.818727692608345
WPC,3,pointpca3_only,banana_tsl_4_tqs_64.ply,banana.ply,54.1209241731388,34.29505519575028
WPC,3,pointpca3_only,banana_tsl_4_tqs_128.ply,banana.ply,52.4953846190015,30.264438685909372
WPC,3,pointpca3_only,banana_tsl_4_tqs_256.ply,banana.ply,34.1843128580733,24.92151145449955
WPC,3,pointpca3_only,banana_tsl_4_tqs_512.ply,banana.ply,29.9430256355489,20.239728269417526
WPC,3,pointpca3_only,banana_tsl_6_tqs_64.ply,banana.ply,83.1836298744513,47.458683665406085
WPC,3,pointpca3_only,banana_tsl_6_tqs_128.ply,banana.ply,79.9250076960411,38.91513619565695
WPC,3,pointpca3_only,banana_tsl_6_tqs_256.ply,banana.ply,61.6295263474718,32.37372430909286
WPC,3,pointpca3_only,banana_tsl_6_tqs_512.ply,banana.ply,35.8526510535147,22.408453602766723
WPC,3,pointpca3_only,banana_tsl_8_tqs_64.ply,banana.ply,84.6280711189862,48.3895681167994
WPC,3,pointpca3_only,banana_tsl_8_tqs_128.ply,banana.ply,86.1446543626836,38.55200617470523
WPC,3,pointpca3_only,banana_tsl_8_tqs_256.ply,banana.ply,61.9014492914284,30.912007312911722
WPC,3,pointpca3_only,banana_tsl_8_tqs_512.ply,banana.ply,38.9680847722886,22.437703158233703
WPC,3,pointpca3_only,banana_gQP_1_tQP_1.ply,banana.ply,60.301355942402,50.14134769373572
WPC,3,pointpca3_only,banana_gQP_1_tQP_2.ply,banana.ply,56.0595186291134,44.79293818439504
WPC,3,pointpca3_only,banana_gQP_1_tQP_3.ply,banana.ply,52.1423017478784,40.86352945557688
WPC,3,pointpca3_only,banana_gQP_2_tQP_1.ply,banana.ply,43.4769683944144,47.146828726416885
WPC,3,pointpca3_only,banana_gQP_2_tQP_2.ply,banana.ply,43.982267163751,41.89396564510974
WPC,3,pointpca3_only,banana_gQP_2_tQP_3.ply,banana.ply,39.8085785384505,38.65981563940502
WPC,3,pointpca3_only,banana_gQP_3_tQP_1.ply,banana.ply,29.1072666406237,38.08705908091686
WPC,3,pointpca3_only,banana_gQP_3_tQP_2.ply,banana.ply,23.9563238811401,32.68116189930753
WPC,3,pointpca3_only,banana_gQP_3_tQP_3.ply,banana.ply,22.6593928713673,30.739616169351617
WPC,3,pointpca3_only,banana_pqs_1_qs_16_rounded.ply,banana.ply,82.9255728240923,86.39604694811955
WPC,3,pointpca3_only,banana_pqs_1_qs_32_rounded.ply,banana.ply,78.1095490115898,59.455290691917874
WPC,3,pointpca3_only,banana_pqs_1_qs_48_rounded.ply,banana.ply,61.8940496570374,40.089462785657865
WPC,3,pointpca3_only,banana_pqs_1_qs_64_rounded.ply,banana.ply,40.0154184565349,30.400231810907048
WPC,3,pointpca3_only,glasses_case_level_7.ply,glasses_case.ply,10.7032561194691,5.061587231319588
WPC,3,pointpca3_only,glasses_case_level_8.ply,glasses_case.ply,19.0397525858106,26.82791660019455
WPC,3,pointpca3_only,glasses_case_level_9.ply,glasses_case.ply,69.2481367300966,73.3251302808618
WPC,3,pointpca3_only,glasses_case_gsigma_0_tsigma_8.ply,glasses_case.ply,89.9949676303739,87.19985198155737
WPC,3,pointpca3_only,glasses_case_gsigma_0_tsigma_16.ply,glasses_case.ply,78.2269592165331,77.17792792657715
WPC,3,pointpca3_only,glasses_case_gsigma_0_tsigma_32.ply,glasses_case.ply,57.4617407490248,54.48451631083618
WPC,3,pointpca3_only,glasses_case_gsigma_2_tsigma_8.ply,glasses_case.ply,42.952054934517,54.88309755719089
WPC,3,pointpca3_only,glasses_case_gsigma_2_tsigma_16.ply,glasses_case.ply,43.9612573917012,51.07280317145997
WPC,3,pointpca3_only,glasses_case_gsigma_2_tsigma_32.ply,glasses_case.ply,32.3398435662801,42.581205664794965
WPC,3,pointpca3_only,glasses_case_gsigma_4_tsigma_8.ply,glasses_case.ply,22.295185065523,35.123246480302534
WPC,3,pointpca3_only,glasses_case_gsigma_4_tsigma_16.ply,glasses_case.ply,21.5350225134671,32.79537400952228
WPC,3,pointpca3_only,glasses_case_gsigma_4_tsigma_32.ply,glasses_case.ply,26.6870597393433,30.37579901403884
WPC,3,pointpca3_only,glasses_case_tsl_4_tqs_64.ply,glasses_case.ply,81.0459994550797,61.93061911044287
WPC,3,pointpca3_only,glasses_case_tsl_4_tqs_128.ply,glasses_case.ply,73.2413547710151,56.141288527879745
WPC,3,pointpca3_only,glasses_case_tsl_4_tqs_256.ply,glasses_case.ply,54.6614265326877,51.70847899295313
WPC,3,pointpca3_only,glasses_case_tsl_4_tqs_512.ply,glasses_case.ply,28.1064993772842,43.00552299964648
WPC,3,pointpca3_only,glasses_case_tsl_6_tqs_64.ply,glasses_case.ply,53.7867656915953,72.73278695542194
WPC,3,pointpca3_only,glasses_case_tsl_6_tqs_128.ply,glasses_case.ply,54.8959674399581,70.05688683335704
WPC,3,pointpca3_only,glasses_case_tsl_6_tqs_256.ply,glasses_case.ply,35.9142549506624,60.85062807515413
WPC,3,pointpca3_only,glasses_case_tsl_6_tqs_512.ply,glasses_case.ply,23.8853820863117,46.30196954537109
WPC,3,pointpca3_only,glasses_case_tsl_8_tqs_64.ply,glasses_case.ply,79.4931736523364,77.0132748476015
WPC,3,pointpca3_only,glasses_case_tsl_8_tqs_128.ply,glasses_case.ply,77.897210369642,74.03363765325268
WPC,3,pointpca3_only,glasses_case_tsl_8_tqs_256.ply,glasses_case.ply,52.6664410736344,63.04289628276196
WPC,3,pointpca3_only,glasses_case_tsl_8_tqs_512.ply,glasses_case.ply,33.4948361587451,49.079820182531854
WPC,3,pointpca3_only,glasses_case_gQP_1_tQP_1.ply,glasses_case.ply,79.5227268033768,77.08500277164455
WPC,3,pointpca3_only,glasses_case_gQP_1_tQP_2.ply,glasses_case.ply,75.7340685444903,70.308124164081
WPC,3,pointpca3_only,glasses_case_gQP_1_tQP_3.ply,glasses_case.ply,52.0035238004722,57.6277414761651
WPC,3,pointpca3_only,glasses_case_gQP_2_tQP_1.ply,glasses_case.ply,60.2658968861681,77.62640325487975
WPC,3,pointpca3_only,glasses_case_gQP_2_tQP_2.ply,glasses_case.ply,56.3976325993689,69.8677103349191
WPC,3,pointpca3_only,glasses_case_gQP_2_tQP_3.ply,glasses_case.ply,41.9823260340023,57.37260191589284
WPC,3,pointpca3_only,glasses_case_gQP_3_tQP_1.ply,glasses_case.ply,27.7745396566424,51.733408899811465
WPC,3,pointpca3_only,glasses_case_gQP_3_tQP_2.ply,glasses_case.ply,29.4823009609091,49.261356615211454
WPC,3,pointpca3_only,glasses_case_gQP_3_tQP_3.ply,glasses_case.ply,28.144837378355,45.30021954958296
WPC,3,pointpca3_only,glasses_case_pqs_1_qs_16_rounded.ply,glasses_case.ply,90.0090908372852,87.48789937326482
WPC,3,pointpca3_only,glasses_case_pqs_1_qs_32_rounded.ply,glasses_case.ply,85.1753561944748,73.60764433748231
WPC,3,pointpca3_only,glasses_case_pqs_1_qs_48_rounded.ply,glasses_case.ply,69.2442087236447,63.62813358606688
WPC,3,pointpca3_only,glasses_case_pqs_1_qs_64_rounded.ply,glasses_case.ply,50.6195808210902,58.98810880929143
WPC,3,pointpca3_only,pen_container_level_7.ply,pen_container.ply,2.80493552546136,4.391876721076309
WPC,3,pointpca3_only,pen_container_level_8.ply,pen_container.ply,21.1161617645673,19.440074534678487
WPC,3,pointpca3_only,pen_container_level_9.ply,pen_container.ply,69.8358915850717,72.64586113263583
WPC,3,pointpca3_only,pen_container_gsigma_0_tsigma_8.ply,pen_container.ply,89.2139888449284,88.50514765262089
WPC,3,pointpca3_only,pen_container_gsigma_0_tsigma_16.ply,pen_container.ply,71.5678348129798,80.25627881337746
WPC,3,pointpca3_only,pen_container_gsigma_0_tsigma_32.ply,pen_container.ply,46.963828347615,46.94861488752569
WPC,3,pointpca3_only,pen_container_gsigma_2_tsigma_8.ply,pen_container.ply,49.6059594855264,58.72139089947827
WPC,3,pointpca3_only,pen_container_gsigma_2_tsigma_16.ply,pen_container.ply,42.5214853855229,54.3102233608
WPC,3,pointpca3_only,pen_container_gsigma_2_tsigma_32.ply,pen_container.ply,31.7181029608462,39.5117569356444
WPC,3,pointpca3_only,pen_container_gsigma_4_tsigma_8.ply,pen_container.ply,32.6837246559949,39.8295068307943
WPC,3,pointpca3_only,pen_container_gsigma_4_tsigma_16.ply,pen_container.ply,27.7303222283606,39.405943655898135
WPC,3,pointpca3_only,pen_container_gsigma_4_tsigma_32.ply,pen_container.ply,26.7642772933239,32.71288468956304
WPC,3,pointpca3_only,pen_container_tsl_4_tqs_64.ply,pen_container.ply,16.4123228030351,21.647700577437575
WPC,3,pointpca3_only,pen_container_tsl_4_tqs_128.ply,pen_container.ply,16.4439086883069,22.598057133747808
WPC,3,pointpca3_only,pen_container_tsl_4_tqs_256.ply,pen_container.ply,15.9365964720886,20.608430724133296
WPC,3,pointpca3_only,pen_container_tsl_4_tqs_512.ply,pen_container.ply,12.5967901198768,17.217349102457277
WPC,3,pointpca3_only,pen_container_tsl_6_tqs_64.ply,pen_container.ply,81.9220444072438,72.2411886301857
WPC,3,pointpca3_only,pen_container_tsl_6_tqs_128.ply,pen_container.ply,66.9277218818178,65.62505050457712
WPC,3,pointpca3_only,pen_container_tsl_6_tqs_256.ply,pen_container.ply,41.3878424095498,49.42784121747751
WPC,3,pointpca3_only,pen_container_tsl_6_tqs_512.ply,pen_container.ply,25.2678054964123,31.03523667253163
WPC,3,pointpca3_only,pen_container_tsl_8_tqs_64.ply,pen_container.ply,85.3402125173955,84.47982624273607
WPC,3,pointpca3_only,pen_container_tsl_8_tqs_128.ply,pen_container.ply,77.208254785442,71.63870283724467
WPC,3,pointpca3_only,pen_container_tsl_8_tqs_256.ply,pen_container.ply,56.3018695557789,55.6013548312219
WPC,3,pointpca3_only,pen_container_tsl_8_tqs_512.ply,pen_container.ply,33.149184812532,32.15322237183679
WPC,3,pointpca3_only,pen_container_gQP_1_tQP_1.ply,pen_container.ply,73.5263480382624,76.30878611324513
WPC,3,pointpca3_only,pen_container_gQP_1_tQP_2.ply,pen_container.ply,70.28884534664,65.82645532530483
WPC,3,pointpca3_only,pen_container_gQP_1_tQP_3.ply,pen_container.ply,46.5372077672909,52.24972484617726
WPC,3,pointpca3_only,pen_container_gQP_2_tQP_1.ply,pen_container.ply,53.3446900065234,62.368489513378066
WPC,3,pointpca3_only,pen_container_gQP_2_tQP_2.ply,pen_container.ply,44.3327430696422,51.15581272313423
WPC,3,pointpca3_only,pen_container_gQP_2_tQP_3.ply,pen_container.ply,48.204110421597,43.19883027762525
WPC,3,pointpca3_only,pen_container_gQP_3_tQP_1.ply,pen_container.ply,33.3040241156699,46.9433674640447
WPC,3,pointpca3_only,pen_container_gQP_3_tQP_2.ply,pen_container.ply,41.8439730598486,41.44435866181341
WPC,3,pointpca3_only,pen_container_gQP_3_tQP_3.ply,pen_container.ply,31.2966910376283,35.81609432395962
WPC,3,pointpca3_only,pen_container_pqs_1_qs_16_rounded.ply,pen_container.ply,89.9988084703394,87.41797999799023
WPC,3,pointpca3_only,pen_container_pqs_1_qs_32_rounded.ply,pen_container.ply,76.8657819845095,72.02028812498673
WPC,3,pointpca3_only,pen_container_pqs_1_qs_48_rounded.ply,pen_container.ply,65.2022012406114,50.71409912773127
WPC,3,pointpca3_only,pen_container_pqs_1_qs_64_rounded.ply,pen_container.ply,54.48224583447,43.93019237961958
WPC,3,pointpca3_only,ship_level_7.ply,ship.ply,5.79065940679862,8.95369856218308
WPC,3,pointpca3_only,ship_level_8.ply,ship.ply,15.2671574459892,21.847980120368767
WPC,3,pointpca3_only,ship_level_9.ply,ship.ply,51.1674933407132,72.55614607232083
WPC,3,pointpca3_only,ship_gsigma_0_tsigma_8.ply,ship.ply,81.8761496401027,80.90511738764675
WPC,3,pointpca3_only,ship_gsigma_0_tsigma_16.ply,ship.ply,60.0259037887531,60.9151984033593
WPC,3,pointpca3_only,ship_gsigma_0_tsigma_32.ply,ship.ply,44.7131178212002,42.315213000395914
WPC,3,pointpca3_only,ship_gsigma_2_tsigma_8.ply,ship.ply,44.3239117772617,51.95737716096476
WPC,3,pointpca3_only,ship_gsigma_2_tsigma_16.ply,ship.ply,46.2428076848646,43.08249030254202
WPC,3,pointpca3_only,ship_gsigma_2_tsigma_32.ply,ship.ply,29.4704740502455,33.77696127232405
WPC,3,pointpca3_only,ship_gsigma_4_tsigma_8.ply,ship.ply,24.1590376261928,34.791956682494586
WPC,3,pointpca3_only,ship_gsigma_4_tsigma_16.ply,ship.ply,30.238411260331,32.4065731236667
WPC,3,pointpca3_only,ship_gsigma_4_tsigma_32.ply,ship.ply,22.5718248134771,25.187638705973946
WPC,3,pointpca3_only,ship_tsl_4_tqs_64.ply,ship.ply,13.4323530319704,21.962977887694425
WPC,3,pointpca3_only,ship_tsl_4_tqs_128.ply,ship.ply,15.9791047560549,18.35150005820182
WPC,3,pointpca3_only,ship_tsl_4_tqs_256.ply,ship.ply,11.7246524833365,15.655104142205445
WPC,3,pointpca3_only,ship_tsl_4_tqs_512.ply,ship.ply,12.6371072440398,14.657721233383281
WPC,3,pointpca3_only,ship_tsl_6_tqs_64.ply,ship.ply,80.4780816556649,76.12380992055472
WPC,3,pointpca3_only,ship_tsl_6_tqs_128.ply,ship.ply,68.1048669406974,63.558397834719834
WPC,3,pointpca3_only,ship_tsl_6_tqs_256.ply,ship.ply,41.1861630890169,41.19540241848027
WPC,3,pointpca3_only,ship_tsl_6_tqs_512.ply,ship.ply,25.1244404016418,31.690934834053877
WPC,3,pointpca3_only,ship_tsl_8_tqs_64.ply,ship.ply,86.4145260567469,82.77524910711348
WPC,3,pointpca3_only,ship_tsl_8_tqs_128.ply,ship.ply,76.5494553024612,72.68873803530681
WPC,3,pointpca3_only,ship_tsl_8_tqs_256.ply,ship.ply,45.6045385106163,46.32066137753815
WPC,3,pointpca3_only,ship_tsl_8_tqs_512.ply,ship.ply,32.5676781701757,31.553431561252197
WPC,3,pointpca3_only,ship_gQP_1_tQP_1.ply,ship.ply,86.8324316287296,78.9070788207221
WPC,3,pointpca3_only,ship_gQP_1_tQP_2.ply,ship.ply,79.6695339466734,64.26659714491454
WPC,3,pointpca3_only,ship_gQP_1_tQP_3.ply,ship.ply,64.6536388064568,54.847459879551764
WPC,3,pointpca3_only,ship_gQP_2_tQP_1.ply,ship.ply,52.755875346608,61.37319093624955
WPC,3,pointpca3_only,ship_gQP_2_tQP_2.ply,ship.ply,53.071309357766,56.188668641560525
WPC,3,pointpca3_only,ship_gQP_2_tQP_3.ply,ship.ply,44.9948183529334,46.99102471155692
WPC,3,pointpca3_only,ship_gQP_3_tQP_1.ply,ship.ply,32.7011304352748,46.11821008670274
WPC,3,pointpca3_only,ship_gQP_3_tQP_2.ply,ship.ply,30.0782560592608,41.62247624572099
WPC,3,pointpca3_only,ship_gQP_3_tQP_3.ply,ship.ply,32.3718773753873,36.43277743710925
WPC,3,pointpca3_only,ship_pqs_1_qs_16_rounded.ply,ship.ply,91.8923788590112,88.79622734866854
WPC,3,pointpca3_only,ship_pqs_1_qs_32_rounded.ply,ship.ply,68.9062813581738,61.7745117923354
WPC,3,pointpca3_only,ship_pqs_1_qs_48_rounded.ply,ship.ply,60.8537026618668,48.305941242370146
WPC,3,pointpca3_only,ship_pqs_1_qs_64_rounded.ply,ship.ply,48.1843931082809,41.862987129332296
WPC,3,dists_only,banana_level_7.ply,banana.ply,7.10902831352667,50.68222619619437
WPC,3,dists_only,banana_level_8.ply,banana.ply,23.0834825714443,53.18364466534093
WPC,3,dists_only,banana_level_9.ply,banana.ply,89.4915398669869,82.34755194219069
WPC,3,dists_only,banana_gsigma_0_tsigma_8.ply,banana.ply,83.0931383025993,75.62774032355613
WPC,3,dists_only,banana_gsigma_0_tsigma_16.ply,banana.ply,60.4722494001183,73.62465812865827
WPC,3,dists_only,banana_gsigma_0_tsigma_32.ply,banana.ply,40.1130763441701,40.9576762541263
WPC,3,dists_only,banana_gsigma_2_tsigma_8.ply,banana.ply,50.7551251381558,72.45365777969589
WPC,3,dists_only,banana_gsigma_2_tsigma_16.ply,banana.ply,49.6677022084679,63.68648956300883
WPC,3,dists_only,banana_gsigma_2_tsigma_32.ply,banana.ply,31.3462945352343,45.45437221212361
WPC,3,dists_only,banana_gsigma_4_tsigma_8.ply,banana.ply,31.9770319731361,62.437811769312376
WPC,3,dists_only,banana_gsigma_4_tsigma_16.ply,banana.ply,27.0171082189159,46.66251678714145
WPC,3,dists_only,banana_gsigma_4_tsigma_32.ply,banana.ply,23.3834967411572,38.677447754225284
WPC,3,dists_only,banana_tsl_4_tqs_64.ply,banana.ply,54.1209241731388,65.35212833880517
WPC,3,dists_only,banana_tsl_4_tqs_128.ply,banana.ply,52.4953846190015,42.78979918580802
WPC,3,dists_only,banana_tsl_4_tqs_256.ply,banana.ply,34.1843128580733,37.830986752288325
WPC,3,dists_only,banana_tsl_4_tqs_512.ply,banana.ply,29.9430256355489,26.605522137897786
WPC,3,dists_only,banana_tsl_6_tqs_64.ply,banana.ply,83.1836298744513,51.87125465081842
WPC,3,dists_only,banana_tsl_6_tqs_128.ply,banana.ply,79.9250076960411,54.86507237765176
WPC,3,dists_only,banana_tsl_6_tqs_256.ply,banana.ply,61.6295263474718,36.97068184640629
WPC,3,dists_only,banana_tsl_6_tqs_512.ply,banana.ply,35.8526510535147,27.0277726620748
WPC,3,dists_only,banana_tsl_8_tqs_64.ply,banana.ply,84.6280711189862,65.03143263645221
WPC,3,dists_only,banana_tsl_8_tqs_128.ply,banana.ply,86.1446543626836,60.89020493883757
WPC,3,dists_only,banana_tsl_8_tqs_256.ply,banana.ply,61.9014492914284,41.17912927313063
WPC,3,dists_only,banana_tsl_8_tqs_512.ply,banana.ply,38.9680847722886,29.87394953983784
WPC,3,dists_only,banana_gQP_1_tQP_1.ply,banana.ply,60.301355942402,63.364210615226256
WPC,3,dists_only,banana_gQP_1_tQP_2.ply,banana.ply,56.0595186291134,53.74910938274283
WPC,3,dists_only,banana_gQP_1_tQP_3.ply,banana.ply,52.1423017478784,43.56680617170741
WPC,3,dists_only,banana_gQP_2_tQP_1.ply,banana.ply,43.4769683944144,55.07598646917803
WPC,3,dists_only,banana_gQP_2_tQP_2.ply,banana.ply,43.982267163751,47.00603193880205
WPC,3,dists_only,banana_gQP_2_tQP_3.ply,banana.ply,39.8085785384505,41.35411765651969
WPC,3,dists_only,banana_gQP_3_tQP_1.ply,banana.ply,29.1072666406237,47.94940153920188
WPC,3,dists_only,banana_gQP_3_tQP_2.ply,banana.ply,23.9563238811401,42.82032824330616
WPC,3,dists_only,banana_gQP_3_tQP_3.ply,banana.ply,22.6593928713673,41.85930091279015
WPC,3,dists_only,banana_pqs_1_qs_16_rounded.ply,banana.ply,82.9255728240923,82.2919809706112
WPC,3,dists_only,banana_pqs_1_qs_32_rounded.ply,banana.ply,78.1095490115898,70.71603323186785
WPC,3,dists_only,banana_pqs_1_qs_48_rounded.ply,banana.ply,61.8940496570374,60.653175579178715
WPC,3,dists_only,banana_pqs_1_qs_64_rounded.ply,banana.ply,40.0154184565349,49.14583415868783
WPC,3,dists_only,glasses_case_level_7.ply,glasses_case.ply,10.7032561194691,37.09111563009955
WPC,3,dists_only,glasses_case_level_8.ply,glasses_case.ply,19.0397525858106,71.19237679195498
WPC,3,dists_only,glasses_case_level_9.ply,glasses_case.ply,69.2481367300966,78.72077137571306
WPC,3,dists_only,glasses_case_gsigma_0_tsigma_8.ply,glasses_case.ply,89.9949676303739,86.2356434602702
WPC,3,dists_only,glasses_case_gsigma_0_tsigma_16.ply,glasses_case.ply,78.2269592165331,80.03043658357508
WPC,3,dists_only,glasses_case_gsigma_0_tsigma_32.ply,glasses_case.ply,57.4617407490248,61.27617874704505
WPC,3,dists_only,glasses_case_gsigma_2_tsigma_8.ply,glasses_case.ply,42.952054934517,43.74072169562072
WPC,3,dists_only,glasses_case_gsigma_2_tsigma_16.ply,glasses_case.ply,43.9612573917012,44.316666680460656
WPC,3,dists_only,glasses_case_gsigma_2_tsigma_32.ply,glasses_case.ply,32.3398435662801,21.07545383636065
WPC,3,dists_only,glasses_case_gsigma_4_tsigma_8.ply,glasses_case.ply,22.295185065523,32.344514717493524
WPC,3,dists_only,glasses_case_gsigma_4_tsigma_16.ply,glasses_case.ply,21.5350225134671,30.888910046370896
WPC,3,dists_only,glasses_case_gsigma_4_tsigma_32.ply,glasses_case.ply,26.6870597393433,28.165731307915767
WPC,3,dists_only,glasses_case_tsl_4_tqs_64.ply,glasses_case.ply,81.0459994550797,78.14841903180516
WPC,3,dists_only,glasses_case_tsl_4_tqs_128.ply,glasses_case.ply,73.2413547710151,67.94951420514343
WPC,3,dists_only,glasses_case_tsl_4_tqs_256.ply,glasses_case.ply,54.6614265326877,49.40987582036753
WPC,3,dists_only,glasses_case_tsl_4_tqs_512.ply,glasses_case.ply,28.1064993772842,34.872622012641074
WPC,3,dists_only,glasses_case_tsl_6_tqs_64.ply,glasses_case.ply,53.7867656915953,76.45988120777933
WPC,3,dists_only,glasses_case_tsl_6_tqs_128.ply,glasses_case.ply,54.8959674399581,72.09016475560814
WPC,3,dists_only,glasses_case_tsl_6_tqs_256.ply,glasses_case.ply,35.9142549506624,62.80965998166525
WPC,3,dists_only,glasses_case_tsl_6_tqs_512.ply,glasses_case.ply,23.8853820863117,40.64165397168036
WPC,3,dists_only,glasses_case_tsl_8_tqs_64.ply,glasses_case.ply,79.4931736523364,79.43910978933714
WPC,3,dists_only,glasses_case_tsl_8_tqs_128.ply,glasses_case.ply,77.897210369642,67.11628509353257
WPC,3,dists_only,glasses_case_tsl_8_tqs_256.ply,glasses_case.ply,52.6664410736344,71.30188773952949
WPC,3,dists_only,glasses_case_tsl_8_tqs_512.ply,glasses_case.ply,33.4948361587451,37.27099960819512
WPC,3,dists_only,glasses_case_gQP_1_tQP_1.ply,glasses_case.ply,79.5227268033768,74.11874188259372
WPC,3,dists_only,glasses_case_gQP_1_tQP_2.ply,glasses_case.ply,75.7340685444903,52.72088781216023
WPC,3,dists_only,glasses_case_gQP_1_tQP_3.ply,glasses_case.ply,52.0035238004722,44.21594350228191
WPC,3,dists_only,glasses_case_gQP_2_tQP_1.ply,glasses_case.ply,60.2658968861681,69.33515442469499
WPC,3,dists_only,glasses_case_gQP_2_tQP_2.ply,glasses_case.ply,56.3976325993689,53.375756203247334
WPC,3,dists_only,glasses_case_gQP_2_tQP_3.ply,glasses_case.ply,41.9823260340023,38.72172302336835
WPC,3,dists_only,glasses_case_gQP_3_tQP_1.ply,glasses_case.ply,27.7745396566424,53.59835729036905
WPC,3,dists_only,glasses_case_gQP_3_tQP_2.ply,glasses_case.ply,29.4823009609091,28.754703492576365
WPC,3,dists_only,glasses_case_gQP_3_tQP_3.ply,glasses_case.ply,28.144837378355,28.855440842673083
WPC,3,dists_only,glasses_case_pqs_1_qs_16_rounded.ply,glasses_case.ply,90.0090908372852,79.58666580664212
WPC,3,dists_only,glasses_case_pqs_1_qs_32_rounded.ply,glasses_case.ply,85.1753561944748,71.58433115591689
WPC,3,dists_only,glasses_case_pqs_1_qs_48_rounded.ply,glasses_case.ply,69.2442087236447,77.43031533892159
WPC,3,dists_only,glasses_case_pqs_1_qs_64_rounded.ply,glasses_case.ply,50.6195808210902,70.03717923502079
WPC,3,dists_only,pen_container_level_7.ply,pen_container.ply,2.80493552546136,39.67909381527964
WPC,3,dists_only,pen_container_level_8.ply,pen_container.ply,21.1161617645673,66.34129488442892
WPC,3,dists_only,pen_container_level_9.ply,pen_container.ply,69.8358915850717,72.47940180617958
WPC,3,dists_only,pen_container_gsigma_0_tsigma_8.ply,pen_container.ply,89.2139888449284,87.29615580725331
WPC,3,dists_only,pen_container_gsigma_0_tsigma_16.ply,pen_container.ply,71.5678348129798,71.12671676395982
WPC,3,dists_only,pen_container_gsigma_0_tsigma_32.ply,pen_container.ply,46.963828347615,63.97086275111481
WPC,3,dists_only,pen_container_gsigma_2_tsigma_8.ply,pen_container.ply,49.6059594855264,60.466485943952215
WPC,3,dists_only,pen_container_gsigma_2_tsigma_16.ply,pen_container.ply,42.5214853855229,50.37243055279174
WPC,3,dists_only,pen_container_gsigma_2_tsigma_32.ply,pen_container.ply,31.7181029608462,39.2932843918089
WPC,3,dists_only,pen_container_gsigma_4_tsigma_8.ply,pen_container.ply,32.6837246559949,38.99514969929517
WPC,3,dists_only,pen_container_gsigma_4_tsigma_16.ply,pen_container.ply,27.7303222283606,31.664317227369107
WPC,3,dists_only,pen_container_gsigma_4_tsigma_32.ply,pen_container.ply,26.7642772933239,31.484498132758716
WPC,3,dists_only,pen_container_tsl_4_tqs_64.ply,pen_container.ply,16.4123228030351,44.08881167018307
WPC,3,dists_only,pen_container_tsl_4_tqs_128.ply,pen_container.ply,16.4439086883069,43.65453281312003
WPC,3,dists_only,pen_container_tsl_4_tqs_256.ply,pen_container.ply,15.9365964720886,33.11951220304163
WPC,3,dists_only,pen_container_tsl_4_tqs_512.ply,pen_container.ply,12.5967901198768,26.71427634138065
WPC,3,dists_only,pen_container_tsl_6_tqs_64.ply,pen_container.ply,81.9220444072438,79.4990957410726
WPC,3,dists_only,pen_container_tsl_6_tqs_128.ply,pen_container.ply,66.9277218818178,68.67525908811722
WPC,3,dists_only,pen_container_tsl_6_tqs_256.ply,pen_container.ply,41.3878424095498,42.197727694301875
WPC,3,dists_only,pen_container_tsl_6_tqs_512.ply,pen_container.ply,25.2678054964123,28.97226630987797
WPC,3,dists_only,pen_container_tsl_8_tqs_64.ply,pen_container.ply,85.3402125173955,68.1512730675889
WPC,3,dists_only,pen_container_tsl_8_tqs_128.ply,pen_container.ply,77.208254785442,79.6161127854746
WPC,3,dists_only,pen_container_tsl_8_tqs_256.ply,pen_container.ply,56.3018695557789,47.94257271422631
WPC,3,dists_only,pen_container_tsl_8_tqs_512.ply,pen_container.ply,33.149184812532,34.189965869352086
WPC,3,dists_only,pen_container_gQP_1_tQP_1.ply,pen_container.ply,73.5263480382624,72.32452719121133
WPC,3,dists_only,pen_container_gQP_1_tQP_2.ply,pen_container.ply,70.28884534664,60.58587128932708
WPC,3,dists_only,pen_container_gQP_1_tQP_3.ply,pen_container.ply,46.5372077672909,48.883857127505316
WPC,3,dists_only,pen_container_gQP_2_tQP_1.ply,pen_container.ply,53.3446900065234,77.53428807305107
WPC,3,dists_only,pen_container_gQP_2_tQP_2.ply,pen_container.ply,44.3327430696422,56.97138820459445
WPC,3,dists_only,pen_container_gQP_2_tQP_3.ply,pen_container.ply,48.204110421597,50.878359220971234
WPC,3,dists_only,pen_container_gQP_3_tQP_1.ply,pen_container.ply,33.3040241156699,68.2644309845336
WPC,3,dists_only,pen_container_gQP_3_tQP_2.ply,pen_container.ply,41.8439730598486,56.45996349338339
WPC,3,dists_only,pen_container_gQP_3_tQP_3.ply,pen_container.ply,31.2966910376283,46.36866566626784
WPC,3,dists_only,pen_container_pqs_1_qs_16_rounded.ply,pen_container.ply,89.9988084703394,87.8910925780557
WPC,3,dists_only,pen_container_pqs_1_qs_32_rounded.ply,pen_container.ply,76.8657819845095,76.41362605063846
WPC,3,dists_only,pen_container_pqs_1_qs_48_rounded.ply,pen_container.ply,65.2022012406114,72.85702620110833
WPC,3,dists_only,pen_container_pqs_1_qs_64_rounded.ply,pen_container.ply,54.48224583447,65.33432544338424
WPC,3,dists_only,ship_level_7.ply,ship.ply,5.79065940679862,29.014980112304546
WPC,3,dists_only,ship_level_8.ply,ship.ply,15.2671574459892,62.022893138758384
WPC,3,dists_only,ship_level_9.ply,ship.ply,51.1674933407132,64.12662621566125
WPC,3,dists_only,ship_gsigma_0_tsigma_8.ply,ship.ply,81.8761496401027,79.86281899488735
WPC,3,dists_only,ship_gsigma_0_tsigma_16.ply,ship.ply,60.0259037887531,50.166214411348854
WPC,3,dists_only,ship_gsigma_0_tsigma_32.ply,ship.ply,44.7131178212002,40.188730268450506
WPC,3,dists_only,ship_gsigma_2_tsigma_8.ply,ship.ply,44.3239117772617,39.410100080233
WPC,3,dists_only,ship_gsigma_2_tsigma_16.ply,ship.ply,46.2428076848646,35.8255294272848
WPC,3,dists_only,ship_gsigma_2_tsigma_32.ply,ship.ply,29.4704740502455,41.41683631781325
WPC,3,dists_only,ship_gsigma_4_tsigma_8.ply,ship.ply,24.1590376261928,23.10481916859169
WPC,3,dists_only,ship_gsigma_4_tsigma_16.ply,ship.ply,30.238411260331,24.10471700989116
WPC,3,dists_only,ship_gsigma_4_tsigma_32.ply,ship.ply,22.5718248134771,21.448053713690992
WPC,3,dists_only,ship_tsl_4_tqs_64.ply,ship.ply,13.4323530319704,33.24448054649914
WPC,3,dists_only,ship_tsl_4_tqs_128.ply,ship.ply,15.9791047560549,37.82808168186057
WPC,3,dists_only,ship_tsl_4_tqs_256.ply,ship.ply,11.7246524833365,23.33415821173747
WPC,3,dists_only,ship_tsl_4_tqs_512.ply,ship.ply,12.6371072440398,19.24864745807314
WPC,3,dists_only,ship_tsl_6_tqs_64.ply,ship.ply,80.4780816556649,55.63451642782511
WPC,3,dists_only,ship_tsl_6_tqs_128.ply,ship.ply,68.1048669406974,52.054635854468195
WPC,3,dists_only,ship_tsl_6_tqs_256.ply,ship.ply,41.1861630890169,38.18802869530956
WPC,3,dists_only,ship_tsl_6_tqs_512.ply,ship.ply,25.1244404016418,23.69467826203954
WPC,3,dists_only,ship_tsl_8_tqs_64.ply,ship.ply,86.4145260567469,57.71433421009709
WPC,3,dists_only,ship_tsl_8_tqs_128.ply,ship.ply,76.5494553024612,49.333890166995026
WPC,3,dists_only,ship_tsl_8_tqs_256.ply,ship.ply,45.6045385106163,40.95250804711004
WPC,3,dists_only,ship_tsl_8_tqs_512.ply,ship.ply,32.5676781701757,27.527054386343192
WPC,3,dists_only,ship_gQP_1_tQP_1.ply,ship.ply,86.8324316287296,64.16622846483942
WPC,3,dists_only,ship_gQP_1_tQP_2.ply,ship.ply,79.6695339466734,42.68321953120404
WPC,3,dists_only,ship_gQP_1_tQP_3.ply,ship.ply,64.6536388064568,44.50084458462688
WPC,3,dists_only,ship_gQP_2_tQP_1.ply,ship.ply,52.755875346608,46.83023040309632
WPC,3,dists_only,ship_gQP_2_tQP_2.ply,ship.ply,53.071309357766,42.71661736314402
WPC,3,dists_only,ship_gQP_2_tQP_3.ply,ship.ply,44.9948183529334,39.977766583912555
WPC,3,dists_only,ship_gQP_3_tQP_1.ply,ship.ply,32.7011304352748,44.61490526139658
WPC,3,dists_only,ship_gQP_3_tQP_2.ply,ship.ply,30.0782560592608,34.36469354395621
WPC,3,dists_only,ship_gQP_3_tQP_3.ply,ship.ply,32.3718773753873,28.56757530043672
WPC,3,dists_only,ship_pqs_1_qs_16_rounded.ply,ship.ply,91.8923788590112,60.68005888741008
WPC,3,dists_only,ship_pqs_1_qs_32_rounded.ply,ship.ply,68.9062813581738,62.83387392439966
WPC,3,dists_only,ship_pqs_1_qs_48_rounded.ply,ship.ply,60.8537026618668,55.39493413073267
WPC,3,dists_only,ship_pqs_1_qs_64_rounded.ply,ship.ply,48.1843931082809,49.2865954967536
WPC,3,fusion_46,banana_level_7.ply,banana.ply,7.10902831352667,7.317970834817703
WPC,3,fusion_46,banana_level_8.ply,banana.ply,23.0834825714443,22.811717714943494
WPC,3,fusion_46,banana_level_9.ply,banana.ply,89.4915398669869,79.02917245067755
WPC,3,fusion_46,banana_gsigma_0_tsigma_8.ply,banana.ply,83.0931383025993,86.05841585782227
WPC,3,fusion_46,banana_gsigma_0_tsigma_16.ply,banana.ply,60.4722494001183,75.06458203583551
WPC,3,fusion_46,banana_gsigma_0_tsigma_32.ply,banana.ply,40.1130763441701,52.72876443951695
WPC,3,fusion_46,banana_gsigma_2_tsigma_8.ply,banana.ply,50.7551251381558,65.87445965632595
WPC,3,fusion_46,banana_gsigma_2_tsigma_16.ply,banana.ply,49.6677022084679,57.45698400171761
WPC,3,fusion_46,banana_gsigma_2_tsigma_32.ply,banana.ply,31.3462945352343,47.685011225308905
WPC,3,fusion_46,banana_gsigma_4_tsigma_8.ply,banana.ply,31.9770319731361,48.25332906063559
WPC,3,fusion_46,banana_gsigma_4_tsigma_16.ply,banana.ply,27.0171082189159,46.143430375013644
WPC,3,fusion_46,banana_gsigma_4_tsigma_32.ply,banana.ply,23.3834967411572,35.91147008659475
WPC,3,fusion_46,banana_tsl_4_tqs_64.ply,banana.ply,54.1209241731388,57.371257953193854
WPC,3,fusion_46,banana_tsl_4_tqs_128.ply,banana.ply,52.4953846190015,43.01649805005509
WPC,3,fusion_46,banana_tsl_4_tqs_256.ply,banana.ply,34.1843128580733,30.32034212218616
WPC,3,fusion_46,banana_tsl_4_tqs_512.ply,banana.ply,29.9430256355489,20.39584780051942
WPC,3,fusion_46,banana_tsl_6_tqs_64.ply,banana.ply,83.1836298744513,70.5381285283583
WPC,3,fusion_46,banana_tsl_6_tqs_128.ply,banana.ply,79.9250076960411,60.75632945841248
WPC,3,fusion_46,banana_tsl_6_tqs_256.ply,banana.ply,61.6295263474718,41.053960828635915
WPC,3,fusion_46,banana_tsl_6_tqs_512.ply,banana.ply,35.8526510535147,26.93572393542852
WPC,3,fusion_46,banana_tsl_8_tqs_64.ply,banana.ply,84.6280711189862,81.92671245116344
WPC,3,fusion_46,banana_tsl_8_tqs_128.ply,banana.ply,86.1446543626836,71.11745256635498
WPC,3,fusion_46,banana_tsl_8_tqs_256.ply,banana.ply,61.9014492914284,47.394302331686376
WPC,3,fusion_46,banana_tsl_8_tqs_512.ply,banana.ply,38.9680847722886,30.21770284138158
WPC,3,fusion_46,banana_gQP_1_tQP_1.ply,banana.ply,60.301355942402,67.29727373269776
WPC,3,fusion_46,banana_gQP_1_tQP_2.ply,banana.ply,56.0595186291134,57.00937962074063
WPC,3,fusion_46,banana_gQP_1_tQP_3.ply,banana.ply,52.1423017478784,53.15534474813642
WPC,3,fusion_46,banana_gQP_2_tQP_1.ply,banana.ply,43.4769683944144,56.987355379016556
WPC,3,fusion_46,banana_gQP_2_tQP_2.ply,banana.ply,43.982267163751,51.05753321688002
WPC,3,fusion_46,banana_gQP_2_tQP_3.ply,banana.ply,39.8085785384505,46.28059104786371
WPC,3,fusion_46,banana_gQP_3_tQP_1.ply,banana.ply,29.1072666406237,39.300937820416564
WPC,3,fusion_46,banana_gQP_3_tQP_2.ply,banana.ply,23.9563238811401,37.588477799304016
WPC,3,fusion_46,banana_gQP_3_tQP_3.ply,banana.ply,22.6593928713673,34.57098940687829
WPC,3,fusion_46,banana_pqs_1_qs_16_rounded.ply,banana.ply,82.9255728240923,87.70452860725617
WPC,3,fusion_46,banana_pqs_1_qs_32_rounded.ply,banana.ply,78.1095490115898,75.83669735548959
WPC,3,fusion_46,banana_pqs_1_qs_48_rounded.ply,banana.ply,61.8940496570374,57.99690259227145
WPC,3,fusion_46,banana_pqs_1_qs_64_rounded.ply,banana.ply,40.0154184565349,44.25018726191861
WPC,3,fusion_46,glasses_case_level_7.ply,glasses_case.ply,10.7032561194691,7.126108732525979
WPC,3,fusion_46,glasses_case_level_8.ply,glasses_case.ply,19.0397525858106,27.45194813117218
WPC,3,fusion_46,glasses_case_level_9.ply,glasses_case.ply,69.2481367300966,75.92344532614143
WPC,3,fusion_46,glasses_case_gsigma_0_tsigma_8.ply,glasses_case.ply,89.9949676303739,88.024109663092
WPC,3,fusion_46,glasses_case_gsigma_0_tsigma_16.ply,glasses_case.ply,78.2269592165331,83.1437518105244
WPC,3,fusion_46,glasses_case_gsigma_0_tsigma_32.ply,glasses_case.ply,57.4617407490248,65.20118465473587
WPC,3,fusion_46,glasses_case_gsigma_2_tsigma_8.ply,glasses_case.ply,42.952054934517,52.013530519096065
WPC,3,fusion_46,glasses_case_gsigma_2_tsigma_16.ply,glasses_case.ply,43.9612573917012,47.90290491367536
WPC,3,fusion_46,glasses_case_gsigma_2_tsigma_32.ply,glasses_case.ply,32.3398435662801,38.58126050583201
WPC,3,fusion_46,glasses_case_gsigma_4_tsigma_8.ply,glasses_case.ply,22.295185065523,35.634975470007
WPC,3,fusion_46,glasses_case_gsigma_4_tsigma_16.ply,glasses_case.ply,21.5350225134671,31.933037596305166
WPC,3,fusion_46,glasses_case_gsigma_4_tsigma_32.ply,glasses_case.ply,26.6870597393433,27.077129236536212
WPC,3,fusion_46,glasses_case_tsl_4_tqs_64.ply,glasses_case.ply,81.0459994550797,66.37313071107073
WPC,3,fusion_46,glasses_case_tsl_4_tqs_128.ply,glasses_case.ply,73.2413547710151,63.73502992943215
WPC,3,fusion_46,glasses_case_tsl_4_tqs_256.ply,glasses_case.ply,54.6614265326877,54.75178036330248
WPC,3,fusion_46,glasses_case_tsl_4_tqs_512.ply,glasses_case.ply,28.1064993772842,37.68679770334991
WPC,3,fusion_46,glasses_case_tsl_6_tqs_64.ply,glasses_case.ply,53.7867656915953,80.48514779248
WPC,3,fusion_46,glasses_case_tsl_6_tqs_128.ply,glasses_case.ply,54.8959674399581,75.90124847360147
WPC,3,fusion_46,glasses_case_tsl_6_tqs_256.ply,glasses_case.ply,35.9142549506624,64.56061329111606
WPC,3,fusion_46,glasses_case_tsl_6_tqs_512.ply,glasses_case.ply,23.8853820863117,43.39335822831532
WPC,3,fusion_46,glasses_case_tsl_8_tqs_64.ply,glasses_case.ply,79.4931736523364,84.20908445677254
WPC,3,fusion_46,glasses_case_tsl_8_tqs_128.ply,glasses_case.ply,77.897210369642,81.8847896399433
WPC,3,fusion_46,glasses_case_tsl_8_tqs_256.ply,glasses_case.ply,52.6664410736344,69.52641147013614
WPC,3,fusion_46,glasses_case_tsl_8_tqs_512.ply,glasses_case.ply,33.4948361587451,45.46733055305513
WPC,3,fusion_46,glasses_case_gQP_1_tQP_1.ply,glasses_case.ply,79.5227268033768,77.25483508624554
WPC,3,fusion_46,glasses_case_gQP_1_tQP_2.ply,glasses_case.ply,75.7340685444903,67.2893440456738
WPC,3,fusion_46,glasses_case_gQP_1_tQP_3.ply,glasses_case.ply,52.0035238004722,51.56706249203615
WPC,3,fusion_46,glasses_case_gQP_2_tQP_1.ply,glasses_case.ply,60.2658968861681,79.58934227467992
WPC,3,fusion_46,glasses_case_gQP_2_tQP_2.ply,glasses_case.ply,56.3976325993689,63.26516443266028
WPC,3,fusion_46,glasses_case_gQP_2_tQP_3.ply,glasses_case.ply,41.9823260340023,49.921820301187616
WPC,3,fusion_46,glasses_case_gQP_3_tQP_1.ply,glasses_case.ply,27.7745396566424,54.86317050166787
WPC,3,fusion_46,glasses_case_gQP_3_tQP_2.ply,glasses_case.ply,29.4823009609091,45.50469661856507
WPC,3,fusion_46,glasses_case_gQP_3_tQP_3.ply,glasses_case.ply,28.144837378355,41.4807013636092
WPC,3,fusion_46,glasses_case_pqs_1_qs_16_rounded.ply,glasses_case.ply,90.0090908372852,87.1154433471507
WPC,3,fusion_46,glasses_case_pqs_1_qs_32_rounded.ply,glasses_case.ply,85.1753561944748,80.75501919437258
WPC,3,fusion_46,glasses_case_pqs_1_qs_48_rounded.ply,glasses_case.ply,69.2442087236447,73.5560062924237
WPC,3,fusion_46,glasses_case_pqs_1_qs_64_rounded.ply,glasses_case.ply,50.6195808210902,67.45435105531098
WPC,3,fusion_46,pen_container_level_7.ply,pen_container.ply,2.80493552546136,4.863917129181562
WPC,3,fusion_46,pen_container_level_8.ply,pen_container.ply,21.1161617645673,21.223338116434046
WPC,3,fusion_46,pen_container_level_9.ply,pen_container.ply,69.8358915850717,74.17680243338322
WPC,3,fusion_46,pen_container_gsigma_0_tsigma_8.ply,pen_container.ply,89.2139888449284,88.22374920189341
WPC,3,fusion_46,pen_container_gsigma_0_tsigma_16.ply,pen_container.ply,71.5678348129798,84.58450920338208
WPC,3,fusion_46,pen_container_gsigma_0_tsigma_32.ply,pen_container.ply,46.963828347615,65.13370654910594
WPC,3,fusion_46,pen_container_gsigma_2_tsigma_8.ply,pen_container.ply,49.6059594855264,57.29250442177906
WPC,3,fusion_46,pen_container_gsigma_2_tsigma_16.ply,pen_container.ply,42.5214853855229,54.730565407353936
WPC,3,fusion_46,pen_container_gsigma_2_tsigma_32.ply,pen_container.ply,31.7181029608462,41.38195995615103
WPC,3,fusion_46,pen_container_gsigma_4_tsigma_8.ply,pen_container.ply,32.6837246559949,39.033607676087705
WPC,3,fusion_46,pen_container_gsigma_4_tsigma_16.ply,pen_container.ply,27.7303222283606,36.597632071083254
WPC,3,fusion_46,pen_container_gsigma_4_tsigma_32.ply,pen_container.ply,26.7642772933239,31.592483509378244
WPC,3,fusion_46,pen_container_tsl_4_tqs_64.ply,pen_container.ply,16.4123228030351,33.64972112102088
WPC,3,fusion_46,pen_container_tsl_4_tqs_128.ply,pen_container.ply,16.4439086883069,28.119827630151363
WPC,3,fusion_46,pen_container_tsl_4_tqs_256.ply,pen_container.ply,15.9365964720886,22.274294709661408
WPC,3,fusion_46,pen_container_tsl_4_tqs_512.ply,pen_container.ply,12.5967901198768,15.91014020963742
WPC,3,fusion_46,pen_container_tsl_6_tqs_64.ply,pen_container.ply,81.9220444072438,69.99177676953096
WPC,3,fusion_46,pen_container_tsl_6_tqs_128.ply,pen_container.ply,66.9277218818178,70.28051787546126
WPC,3,fusion_46,pen_container_tsl_6_tqs_256.ply,pen_container.ply,41.3878424095498,54.52532336383121
WPC,3,fusion_46,pen_container_tsl_6_tqs_512.ply,pen_container.ply,25.2678054964123,31.197066805948257
WPC,3,fusion_46,pen_container_tsl_8_tqs_64.ply,pen_container.ply,85.3402125173955,85.75235491020717
WPC,3,fusion_46,pen_container_tsl_8_tqs_128.ply,pen_container.ply,77.208254785442,81.51441517237144
WPC,3,fusion_46,pen_container_tsl_8_tqs_256.ply,pen_container.ply,56.3018695557789,62.76432020382922
WPC,3,fusion_46,pen_container_tsl_8_tqs_512.ply,pen_container.ply,33.149184812532,36.28380621138742
WPC,3,fusion_46,pen_container_gQP_1_tQP_1.ply,pen_container.ply,73.5263480382624,75.21655885334461
WPC,3,fusion_46,pen_container_gQP_1_tQP_2.ply,pen_container.ply,70.28884534664,70.69058473868293
WPC,3,fusion_46,pen_container_gQP_1_tQP_3.ply,pen_container.ply,46.5372077672909,56.28634421663758
WPC,3,fusion_46,pen_container_gQP_2_tQP_1.ply,pen_container.ply,53.3446900065234,61.04461308781145
WPC,3,fusion_46,pen_container_gQP_2_tQP_2.ply,pen_container.ply,44.3327430696422,55.61366906567648
WPC,3,fusion_46,pen_container_gQP_2_tQP_3.ply,pen_container.ply,48.204110421597,49.481365339968654
WPC,3,fusion_46,pen_container_gQP_3_tQP_1.ply,pen_container.ply,33.3040241156699,49.80632549928553
WPC,3,fusion_46,pen_container_gQP_3_tQP_2.ply,pen_container.ply,41.8439730598486,39.427342953420336
WPC,3,fusion_46,pen_container_gQP_3_tQP_3.ply,pen_container.ply,31.2966910376283,34.92314475315132
WPC,3,fusion_46,pen_container_pqs_1_qs_16_rounded.ply,pen_container.ply,89.9988084703394,86.89652890009421
WPC,3,fusion_46,pen_container_pqs_1_qs_32_rounded.ply,pen_container.ply,76.8657819845095,80.9076125564575
WPC,3,fusion_46,pen_container_pqs_1_qs_48_rounded.ply,pen_container.ply,65.2022012406114,70.75654290655744
WPC,3,fusion_46,pen_container_pqs_1_qs_64_rounded.ply,pen_container.ply,54.48224583447,63.18418338708194
WPC,3,fusion_46,ship_level_7.ply,ship.ply,5.79065940679862,7.497739941633333
WPC,3,fusion_46,ship_level_8.ply,ship.ply,15.2671574459892,21.541228751191774
WPC,3,fusion_46,ship_level_9.ply,ship.ply,51.1674933407132,72.37867319858479
WPC,3,fusion_46,ship_gsigma_0_tsigma_8.ply,ship.ply,81.8761496401027,79.66341992701467
WPC,3,fusion_46,ship_gsigma_0_tsigma_16.ply,ship.ply,60.0259037887531,56.40207819302325
WPC,3,fusion_46,ship_gsigma_0_tsigma_32.ply,ship.ply,44.7131178212002,40.68240534088049
WPC,3,fusion_46,ship_gsigma_2_tsigma_8.ply,ship.ply,44.3239117772617,46.90504058896646
WPC,3,fusion_46,ship_gsigma_2_tsigma_16.ply,ship.ply,46.2428076848646,40.390631010055955
WPC,3,fusion_46,ship_gsigma_2_tsigma_32.ply,ship.ply,29.4704740502455,33.05600525435412
WPC,3,fusion_46,ship_gsigma_4_tsigma_8.ply,ship.ply,24.1590376261928,32.414319280579846
WPC,3,fusion_46,ship_gsigma_4_tsigma_16.ply,ship.ply,30.238411260331,28.271003798608703
WPC,3,fusion_46,ship_gsigma_4_tsigma_32.ply,ship.ply,22.5718248134771,23.194952606882815
WPC,3,fusion_46,ship_tsl_4_tqs_64.ply,ship.ply,13.4323530319704,22.55951832079956
WPC,3,fusion_46,ship_tsl_4_tqs_128.ply,ship.ply,15.9791047560549,18.91126267462139
WPC,3,fusion_46,ship_tsl_4_tqs_256.ply,ship.ply,11.7246524833365,14.715839102745347
WPC,3,fusion_46,ship_tsl_4_tqs_512.ply,ship.ply,12.6371072440398,14.575951904198122
WPC,3,fusion_46,ship_tsl_6_tqs_64.ply,ship.ply,80.4780816556649,62.59208843200248
WPC,3,fusion_46,ship_tsl_6_tqs_128.ply,ship.ply,68.1048669406974,55.33353151242467
WPC,3,fusion_46,ship_tsl_6_tqs_256.ply,ship.ply,41.1861630890169,40.216178531231634
WPC,3,fusion_46,ship_tsl_6_tqs_512.ply,ship.ply,25.1244404016418,29.38459034070649
WPC,3,fusion_46,ship_tsl_8_tqs_64.ply,ship.ply,86.4145260567469,70.13103431398977
WPC,3,fusion_46,ship_tsl_8_tqs_128.ply,ship.ply,76.5494553024612,61.19322118096683
WPC,3,fusion_46,ship_tsl_8_tqs_256.ply,ship.ply,45.6045385106163,45.016693279743784
WPC,3,fusion_46,ship_tsl_8_tqs_512.ply,ship.ply,32.5676781701757,31.55521308970542
WPC,3,fusion_46,ship_gQP_1_tQP_1.ply,ship.ply,86.8324316287296,66.95817894395692
WPC,3,fusion_46,ship_gQP_1_tQP_2.ply,ship.ply,79.6695339466734,55.691649543085106
WPC,3,fusion_46,ship_gQP_1_tQP_3.ply,ship.ply,64.6536388064568,47.36192428532972
WPC,3,fusion_46,ship_gQP_2_tQP_1.ply,ship.ply,52.755875346608,59.54574515577021
WPC,3,fusion_46,ship_gQP_2_tQP_2.ply,ship.ply,53.071309357766,51.04959617029123
WPC,3,fusion_46,ship_gQP_2_tQP_3.ply,ship.ply,44.9948183529334,42.21143857714782
WPC,3,fusion_46,ship_gQP_3_tQP_1.ply,ship.ply,32.7011304352748,42.73989586534754
WPC,3,fusion_46,ship_gQP_3_tQP_2.ply,ship.ply,30.0782560592608,37.610538167139595
WPC,3,fusion_46,ship_gQP_3_tQP_3.ply,ship.ply,32.3718773753873,35.46419051223714
WPC,3,fusion_46,ship_pqs_1_qs_16_rounded.ply,ship.ply,91.8923788590112,88.15680470300386
WPC,3,fusion_46,ship_pqs_1_qs_32_rounded.ply,ship.ply,68.9062813581738,68.85851589929834
WPC,3,fusion_46,ship_pqs_1_qs_48_rounded.ply,ship.ply,60.8537026618668,60.16833764720929
WPC,3,fusion_46,ship_pqs_1_qs_64_rounded.ply,ship.ply,48.1843931082809,48.80776154757876
WPC,4,pointpca3_only,bag_level_7.ply,bag.ply,9.59532455980262,7.052517792744745
WPC,4,pointpca3_only,bag_level_8.ply,bag.ply,18.2379641459553,23.111608943084146
WPC,4,pointpca3_only,bag_level_9.ply,bag.ply,82.7410789144631,77.79234325601155
WPC,4,pointpca3_only,bag_gsigma_0_tsigma_8.ply,bag.ply,88.7817189712178,86.2966126633148
WPC,4,pointpca3_only,bag_gsigma_0_tsigma_16.ply,bag.ply,86.2491113818562,79.72252152501808
WPC,4,pointpca3_only,bag_gsigma_0_tsigma_32.ply,bag.ply,62.1196403938335,61.02542590286248
WPC,4,pointpca3_only,bag_gsigma_2_tsigma_8.ply,bag.ply,56.9214555314096,62.84279337579509
WPC,4,pointpca3_only,bag_gsigma_2_tsigma_16.ply,bag.ply,49.3647550891434,57.519814084173284
WPC,4,pointpca3_only,bag_gsigma_2_tsigma_32.ply,bag.ply,43.7538095677216,49.5447779632196
WPC,4,pointpca3_only,bag_gsigma_4_tsigma_8.ply,bag.ply,22.3762041316303,42.27710310154808
WPC,4,pointpca3_only,bag_gsigma_4_tsigma_16.ply,bag.ply,21.9878476862278,40.63225204182149
WPC,4,pointpca3_only,bag_gsigma_4_tsigma_32.ply,bag.ply,22.4361648162837,35.649666148232996
WPC,4,pointpca3_only,bag_tsl_4_tqs_64.ply,bag.ply,67.0916886721881,57.03247710747044
WPC,4,pointpca3_only,bag_tsl_4_tqs_128.ply,bag.ply,62.2162882133011,52.73026209048705
WPC,4,pointpca3_only,bag_tsl_4_tqs_256.ply,bag.ply,36.2660978831892,39.37401685743483
WPC,4,pointpca3_only,bag_tsl_4_tqs_512.ply,bag.ply,20.8498128269944,30.871905970999986
WPC,4,pointpca3_only,bag_tsl_6_tqs_64.ply,bag.ply,58.5128737615267,62.84963616456211
WPC,4,pointpca3_only,bag_tsl_6_tqs_128.ply,bag.ply,48.8898905359444,61.616867680713206
WPC,4,pointpca3_only,bag_tsl_6_tqs_256.ply,bag.ply,40.2873934990621,50.036533983315046
WPC,4,pointpca3_only,bag_tsl_6_tqs_512.ply,bag.ply,24.6010683877856,33.21499456007353
WPC,4,pointpca3_only,bag_tsl_8_tqs_64.ply,bag.ply,90.3681766875632,65.11281395518829
WPC,4,pointpca3_only,bag_tsl_8_tqs_128.ply,bag.ply,80.6616415941647,63.293454900030376
WPC,4,pointpca3_only,bag_tsl_8_tqs_256.ply,bag.ply,60.3856444714721,49.6841072980815
WPC,4,pointpca3_only,bag_tsl_8_tqs_512.ply,bag.ply,34.9574709410185,35.57339922658689
WPC,4,pointpca3_only,bag_gQP_1_tQP_1.ply,bag.ply,86.6945618613025,69.68711550033083
WPC,4,pointpca3_only,bag_gQP_1_tQP_2.ply,bag.ply,76.1453084496901,64.88875010330916
WPC,4,pointpca3_only,bag_gQP_1_tQP_3.ply,bag.ply,52.8555842894003,44.489019228991026
WPC,4,pointpca3_only,bag_gQP_2_tQP_1.ply,bag.ply,52.1814527021875,59.8363435930118
WPC,4,pointpca3_only,bag_gQP_2_tQP_2.ply,bag.ply,49.3151135296929,51.84299431202135
WPC,4,pointpca3_only,bag_gQP_2_tQP_3.ply,bag.ply,39.107369122024,42.44244824674667
WPC,4,pointpca3_only,bag_gQP_3_tQP_1.ply,bag.ply,27.4403330919399,50.54568661397316
WPC,4,pointpca3_only,bag_gQP_3_tQP_2.ply,bag.ply,32.0177234321528,40.171487327447636
WPC,4,pointpca3_only,bag_gQP_3_tQP_3.ply,bag.ply,29.6148646889688,34.725620094952596
WPC,4,pointpca3_only,bag_pqs_1_qs_16_rounded.ply,bag.ply,90.340737997985,85.3852381441215
WPC,4,pointpca3_only,bag_pqs_1_qs_32_rounded.ply,bag.ply,81.8388457096111,74.69742271323797
WPC,4,pointpca3_only,bag_pqs_1_qs_48_rounded.ply,bag.ply,58.4355378897584,66.58880288422716
WPC,4,pointpca3_only,bag_pqs_1_qs_64_rounded.ply,bag.ply,62.5549192184665,58.18165355847598
WPC,4,pointpca3_only,flowerpot_level_7.ply,flowerpot.ply,11.7348495259638,9.355496691742088
WPC,4,pointpca3_only,flowerpot_level_8.ply,flowerpot.ply,17.7469962385862,21.92451443056568
WPC,4,pointpca3_only,flowerpot_level_9.ply,flowerpot.ply,52.6254956315215,77.88823122949573
WPC,4,pointpca3_only,flowerpot_gsigma_0_tsigma_8.ply,flowerpot.ply,84.3226269898052,67.36624834337887
WPC,4,pointpca3_only,flowerpot_gsigma_0_tsigma_16.ply,flowerpot.ply,62.7235669705197,48.23820425135939
WPC,4,pointpca3_only,flowerpot_gsigma_0_tsigma_32.ply,flowerpot.ply,41.9249239367615,35.658272098972226
WPC,4,pointpca3_only,flowerpot_gsigma_2_tsigma_8.ply,flowerpot.ply,54.1259312078341,41.55831066753269
WPC,4,pointpca3_only,flowerpot_gsigma_2_tsigma_16.ply,flowerpot.ply,45.6818840559956,34.64825991064745
WPC,4,pointpca3_only,flowerpot_gsigma_2_tsigma_32.ply,flowerpot.ply,32.1113064578863,27.13641434054803
WPC,4,pointpca3_only,flowerpot_gsigma_4_tsigma_8.ply,flowerpot.ply,43.8370417260597,29.211139260112873
WPC,4,pointpca3_only,flowerpot_gsigma_4_tsigma_16.ply,flowerpot.ply,41.9295321389383,25.88836206514178
WPC,4,pointpca3_only,flowerpot_gsigma_4_tsigma_32.ply,flowerpot.ply,30.1314738384279,20.054427653380518
WPC,4,pointpca3_only,flowerpot_tsl_4_tqs_64.ply,flowerpot.ply,8.19172835677341,17.64753758873147
WPC,4,pointpca3_only,flowerpot_tsl_4_tqs_128.ply,flowerpot.ply,4.54807147450145,14.723991458434757
WPC,4,pointpca3_only,flowerpot_tsl_4_tqs_256.ply,flowerpot.ply,9.0163937718047,12.6163635031867
WPC,4,pointpca3_only,flowerpot_tsl_4_tqs_512.ply,flowerpot.ply,9.0186180484818,11.85985474683958
WPC,4,pointpca3_only,flowerpot_tsl_6_tqs_64.ply,flowerpot.ply,72.4189413626024,73.72839430926616
WPC,4,pointpca3_only,flowerpot_tsl_6_tqs_128.ply,flowerpot.ply,61.5694895262982,59.644860841808125
WPC,4,pointpca3_only,flowerpot_tsl_6_tqs_256.ply,flowerpot.ply,38.4413014305076,37.725103396029404
WPC,4,pointpca3_only,flowerpot_tsl_6_tqs_512.ply,flowerpot.ply,24.9941486125491,29.27428672431863
WPC,4,pointpca3_only,flowerpot_tsl_8_tqs_64.ply,flowerpot.ply,91.6936914587421,69.83242787802516
WPC,4,pointpca3_only,flowerpot_tsl_8_tqs_128.ply,flowerpot.ply,76.2621822375761,62.83124687816969
WPC,4,pointpca3_only,flowerpot_tsl_8_tqs_256.ply,flowerpot.ply,50.3957702019072,41.12458171656736
WPC,4,pointpca3_only,flowerpot_tsl_8_tqs_512.ply,flowerpot.ply,31.2096695009062,30.98575909535472
WPC,4,pointpca3_only,flowerpot_gQP_1_tQP_1.ply,flowerpot.ply,77.99248910175,71.44564252911202
WPC,4,pointpca3_only,flowerpot_gQP_1_tQP_2.ply,flowerpot.ply,70.8296766394925,56.0918606598778
WPC,4,pointpca3_only,flowerpot_gQP_1_tQP_3.ply,flowerpot.ply,56.3370204241284,43.83546657006011
WPC,4,pointpca3_only,flowerpot_gQP_2_tQP_1.ply,flowerpot.ply,61.4786024624689,70.24888033706739
WPC,4,pointpca3_only,flowerpot_gQP_2_tQP_2.ply,flowerpot.ply,54.3533386331632,55.24063974338446
WPC,4,pointpca3_only,flowerpot_gQP_2_tQP_3.ply,flowerpot.ply,37.9771545278842,41.4304541053516
WPC,4,pointpca3_only,flowerpot_gQP_3_tQP_1.ply,flowerpot.ply,30.8391867121232,38.861859299060235
WPC,4,pointpca3_only,flowerpot_gQP_3_tQP_2.ply,flowerpot.ply,28.3167462715054,37.38603096831962
WPC,4,pointpca3_only,flowerpot_gQP_3_tQP_3.ply,flowerpot.ply,33.1740332606834,31.472804748310367
WPC,4,pointpca3_only,flowerpot_pqs_1_qs_16_rounded.ply,flowerpot.ply,91.3327012672768,80.86804798225916
WPC,4,pointpca3_only,flowerpot_pqs_1_qs_32_rounded.ply,flowerpot.ply,74.4030424655004,47.206590199678296
WPC,4,pointpca3_only,flowerpot_pqs_1_qs_48_rounded.ply,flowerpot.ply,51.5710745665287,33.76886249242681
WPC,4,pointpca3_only,flowerpot_pqs_1_qs_64_rounded.ply,flowerpot.ply,27.7427320411109,26.68021586133873
WPC,4,pointpca3_only,mushroom_level_7.ply,mushroom.ply,3.82295185776542,8.325393682840518
WPC,4,pointpca3_only,mushroom_level_8.ply,mushroom.ply,14.8441846527301,23.483738228678277
WPC,4,pointpca3_only,mushroom_level_9.ply,mushroom.ply,60.8609338338654,80.74745043745716
WPC,4,pointpca3_only,mushroom_gsigma_0_tsigma_8.ply,mushroom.ply,94.3049845185472,86.76466628635744
WPC,4,pointpca3_only,mushroom_gsigma_0_tsigma_16.ply,mushroom.ply,75.0987882311693,72.22793000570971
WPC,4,pointpca3_only,mushroom_gsigma_0_tsigma_32.ply,mushroom.ply,49.3599438553699,46.03859409417959
WPC,4,pointpca3_only,mushroom_gsigma_2_tsigma_8.ply,mushroom.ply,53.8533650047129,60.791170382858496
WPC,4,pointpca3_only,mushroom_gsigma_2_tsigma_16.ply,mushroom.ply,46.5498571697918,53.99182932329046
WPC,4,pointpca3_only,mushroom_gsigma_2_tsigma_32.ply,mushroom.ply,38.4864454123602,37.27330986592717
WPC,4,pointpca3_only,mushroom_gsigma_4_tsigma_8.ply,mushroom.ply,43.4428297243472,39.96637088424183
WPC,4,pointpca3_only,mushroom_gsigma_4_tsigma_16.ply,mushroom.ply,37.9495966265077,38.39083645052884
WPC,4,pointpca3_only,mushroom_gsigma_4_tsigma_32.ply,mushroom.ply,25.0118683998367,29.843999163003538
WPC,4,pointpca3_only,mushroom_tsl_4_tqs_64.ply,mushroom.ply,30.0341394546602,47.62994781073751
WPC,4,pointpca3_only,mushroom_tsl_4_tqs_128.ply,mushroom.ply,25.1167303905341,32.16330265086048
WPC,4,pointpca3_only,mushroom_tsl_4_tqs_256.ply,mushroom.ply,23.0913988319735,24.02623593640752
WPC,4,pointpca3_only,mushroom_tsl_4_tqs_512.ply,mushroom.ply,15.5101344492401,21.175126838181612
WPC,4,pointpca3_only,mushroom_tsl_6_tqs_64.ply,mushroom.ply,67.3109632879746,72.20638095371342
WPC,4,pointpca3_only,mushroom_tsl_6_tqs_128.ply,mushroom.ply,48.0609573382497,52.90145347042513
WPC,4,pointpca3_only,mushroom_tsl_6_tqs_256.ply,mushroom.ply,31.5007167134119,35.38570579384182
WPC,4,pointpca3_only,mushroom_tsl_6_tqs_512.ply,mushroom.ply,19.4331780108381,29.591377391091928
WPC,4,pointpca3_only,mushroom_tsl_8_tqs_64.ply,mushroom.ply,88.2742731439807,77.93528435467363
WPC,4,pointpca3_only,mushroom_tsl_8_tqs_128.ply,mushroom.ply,67.6777293217442,58.876773834155486
WPC,4,pointpca3_only,mushroom_tsl_8_tqs_256.ply,mushroom.ply,40.4980314832457,39.81018138201486
WPC,4,pointpca3_only,mushroom_tsl_8_tqs_512.ply,mushroom.ply,25.0246754608732,30.944242644648256
WPC,4,pointpca3_only,mushroom_gQP_1_tQP_1.ply,mushroom.ply,77.7324074747283,74.11306675374321
WPC,4,pointpca3_only,mushroom_gQP_1_tQP_2.ply,mushroom.ply,43.6126604213332,49.84977151659264
WPC,4,pointpca3_only,mushroom_gQP_1_tQP_3.ply,mushroom.ply,36.8109227453218,39.22792211151277
WPC,4,pointpca3_only,mushroom_gQP_2_tQP_1.ply,mushroom.ply,60.5569558201446,65.3419097754521
WPC,4,pointpca3_only,mushroom_gQP_2_tQP_2.ply,mushroom.ply,46.3701371947766,44.982363373791095
WPC,4,pointpca3_only,mushroom_gQP_2_tQP_3.ply,mushroom.ply,30.9653978913823,37.37270596388735
WPC,4,pointpca3_only,mushroom_gQP_3_tQP_1.ply,mushroom.ply,30.0452069615932,39.452834859608366
WPC,4,pointpca3_only,mushroom_gQP_3_tQP_2.ply,mushroom.ply,26.2489070307976,34.377974675528804
WPC,4,pointpca3_only,mushroom_gQP_3_tQP_3.ply,mushroom.ply,20.3048465985323,30.478917952122387
WPC,4,pointpca3_only,mushroom_pqs_1_qs_16_rounded.ply,mushroom.ply,89.217310768867,85.9405665668134
WPC,4,pointpca3_only,mushroom_pqs_1_qs_32_rounded.ply,mushroom.ply,67.3401365075386,74.66942165751166
WPC,4,pointpca3_only,mushroom_pqs_1_qs_48_rounded.ply,mushroom.ply,44.9503770633442,55.24387257703359
WPC,4,pointpca3_only,mushroom_pqs_1_qs_64_rounded.ply,mushroom.ply,36.2529366475446,39.189957037629036
WPC,4,pointpca3_only,pumpkin_level_7.ply,pumpkin.ply,1.8126002512715,8.246294978363752
WPC,4,pointpca3_only,pumpkin_level_8.ply,pumpkin.ply,20.6394441968121,20.75992267918806
WPC,4,pointpca3_only,pumpkin_level_9.ply,pumpkin.ply,76.0300023212763,78.9974193125076
WPC,4,pointpca3_only,pumpkin_gsigma_0_tsigma_8.ply,pumpkin.ply,88.712894910982,90.62626775135396
WPC,4,pointpca3_only,pumpkin_gsigma_0_tsigma_16.ply,pumpkin.ply,73.8480628000894,76.2378165774213
WPC,4,pointpca3_only,pumpkin_gsigma_0_tsigma_32.ply,pumpkin.ply,47.6452487350534,42.902357220922255
WPC,4,pointpca3_only,pumpkin_gsigma_2_tsigma_8.ply,pumpkin.ply,59.7027566150372,52.884313465128955
WPC,4,pointpca3_only,pumpkin_gsigma_2_tsigma_16.ply,pumpkin.ply,50.8871548748291,45.5528991412782
WPC,4,pointpca3_only,pumpkin_gsigma_2_tsigma_32.ply,pumpkin.ply,36.1358020796238,31.497363772268308
WPC,4,pointpca3_only,pumpkin_gsigma_4_tsigma_8.ply,pumpkin.ply,37.6244288147675,27.79620482831846
WPC,4,pointpca3_only,pumpkin_gsigma_4_tsigma_16.ply,pumpkin.ply,37.900248283199,26.768613807895314
WPC,4,pointpca3_only,pumpkin_gsigma_4_tsigma_32.ply,pumpkin.ply,26.0686684530379,22.506899052756488
WPC,4,pointpca3_only,pumpkin_tsl_4_tqs_64.ply,pumpkin.ply,86.446484251263,63.9514236477783
WPC,4,pointpca3_only,pumpkin_tsl_4_tqs_128.ply,pumpkin.ply,78.6740472690266,57.40285487878385
WPC,4,pointpca3_only,pumpkin_tsl_4_tqs_256.ply,pumpkin.ply,53.1251330114768,40.24696658451051
WPC,4,pointpca3_only,pumpkin_tsl_4_tqs_512.ply,pumpkin.ply,28.6786177069522,28.961064240198972
WPC,4,pointpca3_only,pumpkin_tsl_6_tqs_64.ply,pumpkin.ply,66.9062480624086,70.16883918317855
WPC,4,pointpca3_only,pumpkin_tsl_6_tqs_128.ply,pumpkin.ply,62.2123482976544,64.91138474227509
WPC,4,pointpca3_only,pumpkin_tsl_6_tqs_256.ply,pumpkin.ply,48.3776981972412,44.81851213515492
WPC,4,pointpca3_only,pumpkin_tsl_6_tqs_512.ply,pumpkin.ply,25.6811204549124,29.868921335100836
WPC,4,pointpca3_only,pumpkin_tsl_8_tqs_64.ply,pumpkin.ply,87.7715672371884,81.18446905342971
WPC,4,pointpca3_only,pumpkin_tsl_8_tqs_128.ply,pumpkin.ply,78.9769817691926,73.30408242051838
WPC,4,pointpca3_only,pumpkin_tsl_8_tqs_256.ply,pumpkin.ply,55.3436389820298,47.41304281949727
WPC,4,pointpca3_only,pumpkin_tsl_8_tqs_512.ply,pumpkin.ply,29.7648083427553,30.33248018679274
WPC,4,pointpca3_only,pumpkin_gQP_1_tQP_1.ply,pumpkin.ply,80.0320090706354,72.73249961489309
WPC,4,pointpca3_only,pumpkin_gQP_1_tQP_2.ply,pumpkin.ply,63.6286045533244,58.67625460623747
WPC,4,pointpca3_only,pumpkin_gQP_1_tQP_3.ply,pumpkin.ply,41.5038209451386,44.56182925571392
WPC,4,pointpca3_only,pumpkin_gQP_2_tQP_1.ply,pumpkin.ply,57.3085433797706,64.62620027873886
WPC,4,pointpca3_only,pumpkin_gQP_2_tQP_2.ply,pumpkin.ply,56.3477429936398,52.71641097038161
WPC,4,pointpca3_only,pumpkin_gQP_2_tQP_3.ply,pumpkin.ply,41.5159642319042,41.98187757443906
WPC,4,pointpca3_only,pumpkin_gQP_3_tQP_1.ply,pumpkin.ply,46.1422770914442,44.39363411434224
WPC,4,pointpca3_only,pumpkin_gQP_3_tQP_2.ply,pumpkin.ply,37.5424785871894,36.98698759647317
WPC,4,pointpca3_only,pumpkin_gQP_3_tQP_3.ply,pumpkin.ply,30.2320521605782,33.490857696152105
WPC,4,pointpca3_only,pumpkin_pqs_1_qs_16_rounded.ply,pumpkin.ply,85.6214108081247,89.51213340190199
WPC,4,pointpca3_only,pumpkin_pqs_1_qs_32_rounded.ply,pumpkin.ply,83.0429567927244,76.51104737733579
WPC,4,pointpca3_only,pumpkin_pqs_1_qs_48_rounded.ply,pumpkin.ply,71.6336540114101,52.946645377781145
WPC,4,pointpca3_only,pumpkin_pqs_1_qs_64_rounded.ply,pumpkin.ply,52.24143669455,40.1378743364708
WPC,4,dists_only,bag_level_7.ply,bag.ply,9.59532455980262,38.46059971554063
WPC,4,dists_only,bag_level_8.ply,bag.ply,18.2379641459553,53.11392512790567
WPC,4,dists_only,bag_level_9.ply,bag.ply,82.7410789144631,83.70710542923189
WPC,4,dists_only,bag_gsigma_0_tsigma_8.ply,bag.ply,88.7817189712178,80.66228747668211
WPC,4,dists_only,bag_gsigma_0_tsigma_16.ply,bag.ply,86.2491113818562,68.4261431818808
WPC,4,dists_only,bag_gsigma_0_tsigma_32.ply,bag.ply,62.1196403938335,66.65950924928106
WPC,4,dists_only,bag_gsigma_2_tsigma_8.ply,bag.ply,56.9214555314096,62.06231355457228
WPC,4,dists_only,bag_gsigma_2_tsigma_16.ply,bag.ply,49.3647550891434,55.56748823099055
WPC,4,dists_only,bag_gsigma_2_tsigma_32.ply,bag.ply,43.7538095677216,43.586198777521794
WPC,4,dists_only,bag_gsigma_4_tsigma_8.ply,bag.ply,22.3762041316303,41.221570736287404
WPC,4,dists_only,bag_gsigma_4_tsigma_16.ply,bag.ply,21.9878476862278,37.80972512972014
WPC,4,dists_only,bag_gsigma_4_tsigma_32.ply,bag.ply,22.4361648162837,27.947721023544307
WPC,4,dists_only,bag_tsl_4_tqs_64.ply,bag.ply,67.0916886721881,67.7320139949174
WPC,4,dists_only,bag_tsl_4_tqs_128.ply,bag.ply,62.2162882133011,49.66127610587172
WPC,4,dists_only,bag_tsl_4_tqs_256.ply,bag.ply,36.2660978831892,44.28243669909258
WPC,4,dists_only,bag_tsl_4_tqs_512.ply,bag.ply,20.8498128269944,22.507063682148484
WPC,4,dists_only,bag_tsl_6_tqs_64.ply,bag.ply,58.5128737615267,64.9096896192648
WPC,4,dists_only,bag_tsl_6_tqs_128.ply,bag.ply,48.8898905359444,71.76168603104458
WPC,4,dists_only,bag_tsl_6_tqs_256.ply,bag.ply,40.2873934990621,60.43219269283792
WPC,4,dists_only,bag_tsl_6_tqs_512.ply,bag.ply,24.6010683877856,31.46309380196537
WPC,4,dists_only,bag_tsl_8_tqs_64.ply,bag.ply,90.3681766875632,69.10411273094442
WPC,4,dists_only,bag_tsl_8_tqs_128.ply,bag.ply,80.6616415941647,56.18353489006764
WPC,4,dists_only,bag_tsl_8_tqs_256.ply,bag.ply,60.3856444714721,66.0700193227184
WPC,4,dists_only,bag_tsl_8_tqs_512.ply,bag.ply,34.9574709410185,48.86747926940259
WPC,4,dists_only,bag_gQP_1_tQP_1.ply,bag.ply,86.6945618613025,52.34694611771829
WPC,4,dists_only,bag_gQP_1_tQP_2.ply,bag.ply,76.1453084496901,71.11841651649681
WPC,4,dists_only,bag_gQP_1_tQP_3.ply,bag.ply,52.8555842894003,58.49862057376146
WPC,4,dists_only,bag_gQP_2_tQP_1.ply,bag.ply,52.1814527021875,68.98609863783571
WPC,4,dists_only,bag_gQP_2_tQP_2.ply,bag.ply,49.3151135296929,55.14577386435241
WPC,4,dists_only,bag_gQP_2_tQP_3.ply,bag.ply,39.107369122024,46.37293586246673
WPC,4,dists_only,bag_gQP_3_tQP_1.ply,bag.ply,27.4403330919399,34.57525372432166
WPC,4,dists_only,bag_gQP_3_tQP_2.ply,bag.ply,32.0177234321528,46.60863832103157
WPC,4,dists_only,bag_gQP_3_tQP_3.ply,bag.ply,29.6148646889688,43.53586633234442
WPC,4,dists_only,bag_pqs_1_qs_16_rounded.ply,bag.ply,90.340737997985,80.91502679056272
WPC,4,dists_only,bag_pqs_1_qs_32_rounded.ply,bag.ply,81.8388457096111,72.6236766841782
WPC,4,dists_only,bag_pqs_1_qs_48_rounded.ply,bag.ply,58.4355378897584,58.701002005934676
WPC,4,dists_only,bag_pqs_1_qs_64_rounded.ply,bag.ply,62.5549192184665,62.62819078105267
WPC,4,dists_only,flowerpot_level_7.ply,flowerpot.ply,11.7348495259638,25.54214895157056
WPC,4,dists_only,flowerpot_level_8.ply,flowerpot.ply,17.7469962385862,45.543253802823344
WPC,4,dists_only,flowerpot_level_9.ply,flowerpot.ply,52.6254956315215,55.841464366996576
WPC,4,dists_only,flowerpot_gsigma_0_tsigma_8.ply,flowerpot.ply,84.3226269898052,74.10952532979417
WPC,4,dists_only,flowerpot_gsigma_0_tsigma_16.ply,flowerpot.ply,62.7235669705197,55.36235235890678
WPC,4,dists_only,flowerpot_gsigma_0_tsigma_32.ply,flowerpot.ply,41.9249239367615,28.353205403058766
WPC,4,dists_only,flowerpot_gsigma_2_tsigma_8.ply,flowerpot.ply,54.1259312078341,41.699769156056426
WPC,4,dists_only,flowerpot_gsigma_2_tsigma_16.ply,flowerpot.ply,45.6818840559956,37.34726626787369
WPC,4,dists_only,flowerpot_gsigma_2_tsigma_32.ply,flowerpot.ply,32.1113064578863,23.52944815942945
WPC,4,dists_only,flowerpot_gsigma_4_tsigma_8.ply,flowerpot.ply,43.8370417260597,25.493893208357022
WPC,4,dists_only,flowerpot_gsigma_4_tsigma_16.ply,flowerpot.ply,41.9295321389383,22.708377438362856
WPC,4,dists_only,flowerpot_gsigma_4_tsigma_32.ply,flowerpot.ply,30.1314738384279,13.358228375034562
WPC,4,dists_only,flowerpot_tsl_4_tqs_64.ply,flowerpot.ply,8.19172835677341,32.1683152268306
WPC,4,dists_only,flowerpot_tsl_4_tqs_128.ply,flowerpot.ply,4.54807147450145,28.515320771917285
WPC,4,dists_only,flowerpot_tsl_4_tqs_256.ply,flowerpot.ply,9.0163937718047,18.68839376332111
WPC,4,dists_only,flowerpot_tsl_4_tqs_512.ply,flowerpot.ply,9.0186180484818,18.490604926936093
WPC,4,dists_only,flowerpot_tsl_6_tqs_64.ply,flowerpot.ply,72.4189413626024,62.83406069654083
WPC,4,dists_only,flowerpot_tsl_6_tqs_128.ply,flowerpot.ply,61.5694895262982,50.473955167327425
WPC,4,dists_only,flowerpot_tsl_6_tqs_256.ply,flowerpot.ply,38.4413014305076,30.749606870645003
WPC,4,dists_only,flowerpot_tsl_6_tqs_512.ply,flowerpot.ply,24.9941486125491,23.284563556738732
WPC,4,dists_only,flowerpot_tsl_8_tqs_64.ply,flowerpot.ply,91.6936914587421,68.06973569253759
WPC,4,dists_only,flowerpot_tsl_8_tqs_128.ply,flowerpot.ply,76.2621822375761,56.56645015589844
WPC,4,dists_only,flowerpot_tsl_8_tqs_256.ply,flowerpot.ply,50.3957702019072,22.74771365242446
WPC,4,dists_only,flowerpot_tsl_8_tqs_512.ply,flowerpot.ply,31.2096695009062,26.3070116837721
WPC,4,dists_only,flowerpot_gQP_1_tQP_1.ply,flowerpot.ply,77.99248910175,66.48911226073974
WPC,4,dists_only,flowerpot_gQP_1_tQP_2.ply,flowerpot.ply,70.8296766394925,50.261882770279534
WPC,4,dists_only,flowerpot_gQP_1_tQP_3.ply,flowerpot.ply,56.3370204241284,47.68448385233664
WPC,4,dists_only,flowerpot_gQP_2_tQP_1.ply,flowerpot.ply,61.4786024624689,63.64782526060433
WPC,4,dists_only,flowerpot_gQP_2_tQP_2.ply,flowerpot.ply,54.3533386331632,44.21309109119647
WPC,4,dists_only,flowerpot_gQP_2_tQP_3.ply,flowerpot.ply,37.9771545278842,48.54870952042077
WPC,4,dists_only,flowerpot_gQP_3_tQP_1.ply,flowerpot.ply,30.8391867121232,47.076390362641945
WPC,4,dists_only,flowerpot_gQP_3_tQP_2.ply,flowerpot.ply,28.3167462715054,42.139723294110134
WPC,4,dists_only,flowerpot_gQP_3_tQP_3.ply,flowerpot.ply,33.1740332606834,34.734161233511685
WPC,4,dists_only,flowerpot_pqs_1_qs_16_rounded.ply,flowerpot.ply,91.3327012672768,76.03351249305156
WPC,4,dists_only,flowerpot_pqs_1_qs_32_rounded.ply,flowerpot.ply,74.4030424655004,54.54809892856051
WPC,4,dists_only,flowerpot_pqs_1_qs_48_rounded.ply,flowerpot.ply,51.5710745665287,38.040376703879964
WPC,4,dists_only,flowerpot_pqs_1_qs_64_rounded.ply,flowerpot.ply,27.7427320411109,31.107204280152406
WPC,4,dists_only,mushroom_level_7.ply,mushroom.ply,3.82295185776542,36.71791824059833
WPC,4,dists_only,mushroom_level_8.ply,mushroom.ply,14.8441846527301,68.92115197085012
WPC,4,dists_only,mushroom_level_9.ply,mushroom.ply,60.8609338338654,82.17124781546207
WPC,4,dists_only,mushroom_gsigma_0_tsigma_8.ply,mushroom.ply,94.3049845185472,82.85489578290957
WPC,4,dists_only,mushroom_gsigma_0_tsigma_16.ply,mushroom.ply,75.0987882311693,51.342861555885854
WPC,4,dists_only,mushroom_gsigma_0_tsigma_32.ply,mushroom.ply,49.3599438553699,35.11941769202741
WPC,4,dists_only,mushroom_gsigma_2_tsigma_8.ply,mushroom.ply,53.8533650047129,57.763648916954196
WPC,4,dists_only,mushroom_gsigma_2_tsigma_16.ply,mushroom.ply,46.5498571697918,37.71202949305186
WPC,4,dists_only,mushroom_gsigma_2_tsigma_32.ply,mushroom.ply,38.4864454123602,25.641048029169884
WPC,4,dists_only,mushroom_gsigma_4_tsigma_8.ply,mushroom.ply,43.4428297243472,39.53907818996099
WPC,4,dists_only,mushroom_gsigma_4_tsigma_16.ply,mushroom.ply,37.9495966265077,29.434655565437915
WPC,4,dists_only,mushroom_gsigma_4_tsigma_32.ply,mushroom.ply,25.0118683998367,29.825162105208047
WPC,4,dists_only,mushroom_tsl_4_tqs_64.ply,mushroom.ply,30.0341394546602,43.416654634831296
WPC,4,dists_only,mushroom_tsl_4_tqs_128.ply,mushroom.ply,25.1167303905341,19.74712465376953
WPC,4,dists_only,mushroom_tsl_4_tqs_256.ply,mushroom.ply,23.0913988319735,29.478046637073902
WPC,4,dists_only,mushroom_tsl_4_tqs_512.ply,mushroom.ply,15.5101344492401,21.42963102503952
WPC,4,dists_only,mushroom_tsl_6_tqs_64.ply,mushroom.ply,67.3109632879746,55.385337888977936
WPC,4,dists_only,mushroom_tsl_6_tqs_128.ply,mushroom.ply,48.0609573382497,45.50404733852226
WPC,4,dists_only,mushroom_tsl_6_tqs_256.ply,mushroom.ply,31.5007167134119,30.861959923943576
WPC,4,dists_only,mushroom_tsl_6_tqs_512.ply,mushroom.ply,19.4331780108381,29.169012393455187
WPC,4,dists_only,mushroom_tsl_8_tqs_64.ply,mushroom.ply,88.2742731439807,78.03521499059784
WPC,4,dists_only,mushroom_tsl_8_tqs_128.ply,mushroom.ply,67.6777293217442,44.896532518945385
WPC,4,dists_only,mushroom_tsl_8_tqs_256.ply,mushroom.ply,40.4980314832457,34.69612339748469
WPC,4,dists_only,mushroom_tsl_8_tqs_512.ply,mushroom.ply,25.0246754608732,30.101367360074867
WPC,4,dists_only,mushroom_gQP_1_tQP_1.ply,mushroom.ply,77.7324074747283,66.6955812800882
WPC,4,dists_only,mushroom_gQP_1_tQP_2.ply,mushroom.ply,43.6126604213332,51.412987737505716
WPC,4,dists_only,mushroom_gQP_1_tQP_3.ply,mushroom.ply,36.8109227453218,33.09120299799496
WPC,4,dists_only,mushroom_gQP_2_tQP_1.ply,mushroom.ply,60.5569558201446,67.96946095975086
WPC,4,dists_only,mushroom_gQP_2_tQP_2.ply,mushroom.ply,46.3701371947766,36.88223781069664
WPC,4,dists_only,mushroom_gQP_2_tQP_3.ply,mushroom.ply,30.9653978913823,34.219796291446585
WPC,4,dists_only,mushroom_gQP_3_tQP_1.ply,mushroom.ply,30.0452069615932,46.89946378533673
WPC,4,dists_only,mushroom_gQP_3_tQP_2.ply,mushroom.ply,26.2489070307976,27.85688972985757
WPC,4,dists_only,mushroom_gQP_3_tQP_3.ply,mushroom.ply,20.3048465985323,41.53053085919865
WPC,4,dists_only,mushroom_pqs_1_qs_16_rounded.ply,mushroom.ply,89.217310768867,76.70443302501168
WPC,4,dists_only,mushroom_pqs_1_qs_32_rounded.ply,mushroom.ply,67.3401365075386,54.085543987995344
WPC,4,dists_only,mushroom_pqs_1_qs_48_rounded.ply,mushroom.ply,44.9503770633442,45.77505762724724
WPC,4,dists_only,mushroom_pqs_1_qs_64_rounded.ply,mushroom.ply,36.2529366475446,41.46593407972958
WPC,4,dists_only,pumpkin_level_7.ply,pumpkin.ply,1.8126002512715,59.259444767220046
WPC,4,dists_only,pumpkin_level_8.ply,pumpkin.ply,20.6394441968121,57.45906903418222
WPC,4,dists_only,pumpkin_level_9.ply,pumpkin.ply,76.0300023212763,79.72940917250297
WPC,4,dists_only,pumpkin_gsigma_0_tsigma_8.ply,pumpkin.ply,88.712894910982,79.65729242314525
WPC,4,dists_only,pumpkin_gsigma_0_tsigma_16.ply,pumpkin.ply,73.8480628000894,70.81286967179423
WPC,4,dists_only,pumpkin_gsigma_0_tsigma_32.ply,pumpkin.ply,47.6452487350534,53.306457883244036
WPC,4,dists_only,pumpkin_gsigma_2_tsigma_8.ply,pumpkin.ply,59.7027566150372,65.73792132525729
WPC,4,dists_only,pumpkin_gsigma_2_tsigma_16.ply,pumpkin.ply,50.8871548748291,55.26225252242592
WPC,4,dists_only,pumpkin_gsigma_2_tsigma_32.ply,pumpkin.ply,36.1358020796238,44.148923949010204
WPC,4,dists_only,pumpkin_gsigma_4_tsigma_8.ply,pumpkin.ply,37.6244288147675,37.951452996681645
WPC,4,dists_only,pumpkin_gsigma_4_tsigma_16.ply,pumpkin.ply,37.900248283199,34.80977281348005
WPC,4,dists_only,pumpkin_gsigma_4_tsigma_32.ply,pumpkin.ply,26.0686684530379,30.672320257263383
WPC,4,dists_only,pumpkin_tsl_4_tqs_64.ply,pumpkin.ply,86.446484251263,74.71756852688337
WPC,4,dists_only,pumpkin_tsl_4_tqs_128.ply,pumpkin.ply,78.6740472690266,64.71410225779454
WPC,4,dists_only,pumpkin_tsl_4_tqs_256.ply,pumpkin.ply,53.1251330114768,32.20264553479914
WPC,4,dists_only,pumpkin_tsl_4_tqs_512.ply,pumpkin.ply,28.6786177069522,25.606352281165297
WPC,4,dists_only,pumpkin_tsl_6_tqs_64.ply,pumpkin.ply,66.9062480624086,76.83656404844898
WPC,4,dists_only,pumpkin_tsl_6_tqs_128.ply,pumpkin.ply,62.2123482976544,55.126732877560556
WPC,4,dists_only,pumpkin_tsl_6_tqs_256.ply,pumpkin.ply,48.3776981972412,30.0192604547068
WPC,4,dists_only,pumpkin_tsl_6_tqs_512.ply,pumpkin.ply,25.6811204549124,27.210957358995095
WPC,4,dists_only,pumpkin_tsl_8_tqs_64.ply,pumpkin.ply,87.7715672371884,80.14015224955509
WPC,4,dists_only,pumpkin_tsl_8_tqs_128.ply,pumpkin.ply,78.9769817691926,61.84670652053831
WPC,4,dists_only,pumpkin_tsl_8_tqs_256.ply,pumpkin.ply,55.3436389820298,28.144354382517644
WPC,4,dists_only,pumpkin_tsl_8_tqs_512.ply,pumpkin.ply,29.7648083427553,27.754076622518415
WPC,4,dists_only,pumpkin_gQP_1_tQP_1.ply,pumpkin.ply,80.0320090706354,44.28607554890222
WPC,4,dists_only,pumpkin_gQP_1_tQP_2.ply,pumpkin.ply,63.6286045533244,42.353751734234336
WPC,4,dists_only,pumpkin_gQP_1_tQP_3.ply,pumpkin.ply,41.5038209451386,32.842365681520995
WPC,4,dists_only,pumpkin_gQP_2_tQP_1.ply,pumpkin.ply,57.3085433797706,64.75316870439498
WPC,4,dists_only,pumpkin_gQP_2_tQP_2.ply,pumpkin.ply,56.3477429936398,50.30915572111214
WPC,4,dists_only,pumpkin_gQP_2_tQP_3.ply,pumpkin.ply,41.5159642319042,33.432135093305895
WPC,4,dists_only,pumpkin_gQP_3_tQP_1.ply,pumpkin.ply,46.1422770914442,69.84154214110164
WPC,4,dists_only,pumpkin_gQP_3_tQP_2.ply,pumpkin.ply,37.5424785871894,39.36361550063976
WPC,4,dists_only,pumpkin_gQP_3_tQP_3.ply,pumpkin.ply,30.2320521605782,33.72868576910409
WPC,4,dists_only,pumpkin_pqs_1_qs_16_rounded.ply,pumpkin.ply,85.6214108081247,80.63636787957091
WPC,4,dists_only,pumpkin_pqs_1_qs_32_rounded.ply,pumpkin.ply,83.0429567927244,66.07998714742048
WPC,4,dists_only,pumpkin_pqs_1_qs_48_rounded.ply,pumpkin.ply,71.6336540114101,50.930525068280446
WPC,4,dists_only,pumpkin_pqs_1_qs_64_rounded.ply,pumpkin.ply,52.24143669455,44.371076415178806
WPC,4,fusion_46,bag_level_7.ply,bag.ply,9.59532455980262,8.169477966294354
WPC,4,fusion_46,bag_level_8.ply,bag.ply,18.2379641459553,22.70710234051337
WPC,4,fusion_46,bag_level_9.ply,bag.ply,82.7410789144631,78.67724693205957
WPC,4,fusion_46,bag_gsigma_0_tsigma_8.ply,bag.ply,88.7817189712178,87.48442995679902
WPC,4,fusion_46,bag_gsigma_0_tsigma_16.ply,bag.ply,86.2491113818562,82.07914082541328
WPC,4,fusion_46,bag_gsigma_0_tsigma_32.ply,bag.ply,62.1196403938335,70.35526802415758
WPC,4,fusion_46,bag_gsigma_2_tsigma_8.ply,bag.ply,56.9214555314096,61.44259450671871
WPC,4,fusion_46,bag_gsigma_2_tsigma_16.ply,bag.ply,49.3647550891434,55.22906954046145
WPC,4,fusion_46,bag_gsigma_2_tsigma_32.ply,bag.ply,43.7538095677216,49.201498070499696
WPC,4,fusion_46,bag_gsigma_4_tsigma_8.ply,bag.ply,22.3762041316303,46.53356500429281
WPC,4,fusion_46,bag_gsigma_4_tsigma_16.ply,bag.ply,21.9878476862278,44.084920267110526
WPC,4,fusion_46,bag_gsigma_4_tsigma_32.ply,bag.ply,22.4361648162837,35.9452066936563
WPC,4,fusion_46,bag_tsl_4_tqs_64.ply,bag.ply,67.0916886721881,55.84623192009192
WPC,4,fusion_46,bag_tsl_4_tqs_128.ply,bag.ply,62.2162882133011,55.175896095162216
WPC,4,fusion_46,bag_tsl_4_tqs_256.ply,bag.ply,36.2660978831892,45.68136943305746
WPC,4,fusion_46,bag_tsl_4_tqs_512.ply,bag.ply,20.8498128269944,27.700779422107452
WPC,4,fusion_46,bag_tsl_6_tqs_64.ply,bag.ply,58.5128737615267,73.76651162952919
WPC,4,fusion_46,bag_tsl_6_tqs_128.ply,bag.ply,48.8898905359444,70.83392104590298
WPC,4,fusion_46,bag_tsl_6_tqs_256.ply,bag.ply,40.2873934990621,59.18885419839324
WPC,4,fusion_46,bag_tsl_6_tqs_512.ply,bag.ply,24.6010683877856,39.13796438926827
WPC,4,fusion_46,bag_tsl_8_tqs_64.ply,bag.ply,90.3681766875632,80.92423442587966
WPC,4,fusion_46,bag_tsl_8_tqs_128.ply,bag.ply,80.6616415941647,78.72271829221148
WPC,4,fusion_46,bag_tsl_8_tqs_256.ply,bag.ply,60.3856444714721,67.32180985384277
WPC,4,fusion_46,bag_tsl_8_tqs_512.ply,bag.ply,34.9574709410185,47.505970626941554
WPC,4,fusion_46,bag_gQP_1_tQP_1.ply,bag.ply,86.6945618613025,77.00510118083703
WPC,4,fusion_46,bag_gQP_1_tQP_2.ply,bag.ply,76.1453084496901,71.0538418672996
WPC,4,fusion_46,bag_gQP_1_tQP_3.ply,bag.ply,52.8555842894003,57.25345351011534
WPC,4,fusion_46,bag_gQP_2_tQP_1.ply,bag.ply,52.1814527021875,63.058660142934144
WPC,4,fusion_46,bag_gQP_2_tQP_2.ply,bag.ply,49.3151135296929,55.60474604466387
WPC,4,fusion_46,bag_gQP_2_tQP_3.ply,bag.ply,39.107369122024,46.496138843253
WPC,4,fusion_46,bag_gQP_3_tQP_1.ply,bag.ply,27.4403330919399,44.7014327207066
WPC,4,fusion_46,bag_gQP_3_tQP_2.ply,bag.ply,32.0177234321528,42.54558715262613
WPC,4,fusion_46,bag_gQP_3_tQP_3.ply,bag.ply,29.6148646889688,37.9723758825404
WPC,4,fusion_46,bag_pqs_1_qs_16_rounded.ply,bag.ply,90.340737997985,87.09410616656359
WPC,4,fusion_46,bag_pqs_1_qs_32_rounded.ply,bag.ply,81.8388457096111,84.03125453108599
WPC,4,fusion_46,bag_pqs_1_qs_48_rounded.ply,bag.ply,58.4355378897584,74.28258261503393
WPC,4,fusion_46,bag_pqs_1_qs_64_rounded.ply,bag.ply,62.5549192184665,65.80786880257352
WPC,4,fusion_46,flowerpot_level_7.ply,flowerpot.ply,11.7348495259638,9.514271446755874
WPC,4,fusion_46,flowerpot_level_8.ply,flowerpot.ply,17.7469962385862,28.20622543605308
WPC,4,fusion_46,flowerpot_level_9.ply,flowerpot.ply,52.6254956315215,74.4921320253732
WPC,4,fusion_46,flowerpot_gsigma_0_tsigma_8.ply,flowerpot.ply,84.3226269898052,79.13860999919272
WPC,4,fusion_46,flowerpot_gsigma_0_tsigma_16.ply,flowerpot.ply,62.7235669705197,59.242583567231925
WPC,4,fusion_46,flowerpot_gsigma_0_tsigma_32.ply,flowerpot.ply,41.9249239367615,34.63751791725762
WPC,4,fusion_46,flowerpot_gsigma_2_tsigma_8.ply,flowerpot.ply,54.1259312078341,49.30224578046208
WPC,4,fusion_46,flowerpot_gsigma_2_tsigma_16.ply,flowerpot.ply,45.6818840559956,41.595995954953075
WPC,4,fusion_46,flowerpot_gsigma_2_tsigma_32.ply,flowerpot.ply,32.1113064578863,25.318665478443624
WPC,4,fusion_46,flowerpot_gsigma_4_tsigma_8.ply,flowerpot.ply,43.8370417260597,33.976826079907475
WPC,4,fusion_46,flowerpot_gsigma_4_tsigma_16.ply,flowerpot.ply,41.9295321389383,28.670192133951367
WPC,4,fusion_46,flowerpot_gsigma_4_tsigma_32.ply,flowerpot.ply,30.1314738384279,18.813838229636072
WPC,4,fusion_46,flowerpot_tsl_4_tqs_64.ply,flowerpot.ply,8.19172835677341,15.519312887372157
WPC,4,fusion_46,flowerpot_tsl_4_tqs_128.ply,flowerpot.ply,4.54807147450145,14.238370842429635
WPC,4,fusion_46,flowerpot_tsl_4_tqs_256.ply,flowerpot.ply,9.0163937718047,13.301428913240738
WPC,4,fusion_46,flowerpot_tsl_4_tqs_512.ply,flowerpot.ply,9.0186180484818,12.874467953920055
WPC,4,fusion_46,flowerpot_tsl_6_tqs_64.ply,flowerpot.ply,72.4189413626024,73.79054597570297
WPC,4,fusion_46,flowerpot_tsl_6_tqs_128.ply,flowerpot.ply,61.5694895262982,61.61722854804446
WPC,4,fusion_46,flowerpot_tsl_6_tqs_256.ply,flowerpot.ply,38.4413014305076,36.67525704143966
WPC,4,fusion_46,flowerpot_tsl_6_tqs_512.ply,flowerpot.ply,24.9941486125491,28.42794932685129
WPC,4,fusion_46,flowerpot_tsl_8_tqs_64.ply,flowerpot.ply,91.6936914587421,79.14309415045685
WPC,4,fusion_46,flowerpot_tsl_8_tqs_128.ply,flowerpot.ply,76.2621822375761,72.07779051929705
WPC,4,fusion_46,flowerpot_tsl_8_tqs_256.ply,flowerpot.ply,50.3957702019072,41.61644821290328
WPC,4,fusion_46,flowerpot_tsl_8_tqs_512.ply,flowerpot.ply,31.2096695009062,30.72909766217512
WPC,4,fusion_46,flowerpot_gQP_1_tQP_1.ply,flowerpot.ply,77.99248910175,76.31579740751401
WPC,4,fusion_46,flowerpot_gQP_1_tQP_2.ply,flowerpot.ply,70.8296766394925,61.20152143702268
WPC,4,fusion_46,flowerpot_gQP_1_tQP_3.ply,flowerpot.ply,56.3370204241284,51.195083411557626
WPC,4,fusion_46,flowerpot_gQP_2_tQP_1.ply,flowerpot.ply,61.4786024624689,71.42811495052878
WPC,4,fusion_46,flowerpot_gQP_2_tQP_2.ply,flowerpot.ply,54.3533386331632,58.53706976797866
WPC,4,fusion_46,flowerpot_gQP_2_tQP_3.ply,flowerpot.ply,37.9771545278842,46.44502069566378
WPC,4,fusion_46,flowerpot_gQP_3_tQP_1.ply,flowerpot.ply,30.8391867121232,38.083347321439675
WPC,4,fusion_46,flowerpot_gQP_3_tQP_2.ply,flowerpot.ply,28.3167462715054,35.55397224053606
WPC,4,fusion_46,flowerpot_gQP_3_tQP_3.ply,flowerpot.ply,33.1740332606834,34.7993846099792
WPC,4,fusion_46,flowerpot_pqs_1_qs_16_rounded.ply,flowerpot.ply,91.3327012672768,84.13648228958478
WPC,4,fusion_46,flowerpot_pqs_1_qs_32_rounded.ply,flowerpot.ply,74.4030424655004,56.675272399180706
WPC,4,fusion_46,flowerpot_pqs_1_qs_48_rounded.ply,flowerpot.ply,51.5710745665287,37.24808149626072
WPC,4,fusion_46,flowerpot_pqs_1_qs_64_rounded.ply,flowerpot.ply,27.7427320411109,28.45738616209478
WPC,4,fusion_46,mushroom_level_7.ply,mushroom.ply,3.82295185776542,8.80435823712522
WPC,4,fusion_46,mushroom_level_8.ply,mushroom.ply,14.8441846527301,24.62247440791042
WPC,4,fusion_46,mushroom_level_9.ply,mushroom.ply,60.8609338338654,79.18136506215414
WPC,4,fusion_46,mushroom_gsigma_0_tsigma_8.ply,mushroom.ply,94.3049845185472,88.0364133825774
WPC,4,fusion_46,mushroom_gsigma_0_tsigma_16.ply,mushroom.ply,75.0987882311693,72.97768868949915
WPC,4,fusion_46,mushroom_gsigma_0_tsigma_32.ply,mushroom.ply,49.3599438553699,45.33523388395134
WPC,4,fusion_46,mushroom_gsigma_2_tsigma_8.ply,mushroom.ply,53.8533650047129,60.918579063864335
WPC,4,fusion_46,mushroom_gsigma_2_tsigma_16.ply,mushroom.ply,46.5498571697918,53.23121894836074
WPC,4,fusion_46,mushroom_gsigma_2_tsigma_32.ply,mushroom.ply,38.4864454123602,36.67775932992019
WPC,4,fusion_46,mushroom_gsigma_4_tsigma_8.ply,mushroom.ply,43.4428297243472,38.70442470237815
WPC,4,fusion_46,mushroom_gsigma_4_tsigma_16.ply,mushroom.ply,37.9495966265077,35.59471858387449
WPC,4,fusion_46,mushroom_gsigma_4_tsigma_32.ply,mushroom.ply,25.0118683998367,28.541055686894943
WPC,4,fusion_46,mushroom_tsl_4_tqs_64.ply,mushroom.ply,30.0341394546602,56.62856110673546
WPC,4,fusion_46,mushroom_tsl_4_tqs_128.ply,mushroom.ply,25.1167303905341,35.721346520773906
WPC,4,fusion_46,mushroom_tsl_4_tqs_256.ply,mushroom.ply,23.0913988319735,21.71342453820288
WPC,4,fusion_46,mushroom_tsl_4_tqs_512.ply,mushroom.ply,15.5101344492401,19.546493187180186
WPC,4,fusion_46,mushroom_tsl_6_tqs_64.ply,mushroom.ply,67.3109632879746,73.09891982776901
WPC,4,fusion_46,mushroom_tsl_6_tqs_128.ply,mushroom.ply,48.0609573382497,55.49775187836147
WPC,4,fusion_46,mushroom_tsl_6_tqs_256.ply,mushroom.ply,31.5007167134119,37.24128642121795
WPC,4,fusion_46,mushroom_tsl_6_tqs_512.ply,mushroom.ply,19.4331780108381,29.022012773395655
WPC,4,fusion_46,mushroom_tsl_8_tqs_64.ply,mushroom.ply,88.2742731439807,78.95680788151313
WPC,4,fusion_46,mushroom_tsl_8_tqs_128.ply,mushroom.ply,67.6777293217442,60.45506687251313
WPC,4,fusion_46,mushroom_tsl_8_tqs_256.ply,mushroom.ply,40.4980314832457,40.41308626766659
WPC,4,fusion_46,mushroom_tsl_8_tqs_512.ply,mushroom.ply,25.0246754608732,30.69508587962444
WPC,4,fusion_46,mushroom_gQP_1_tQP_1.ply,mushroom.ply,77.7324074747283,75.25668414696854
WPC,4,fusion_46,mushroom_gQP_1_tQP_2.ply,mushroom.ply,43.6126604213332,52.91671749773634
WPC,4,fusion_46,mushroom_gQP_1_tQP_3.ply,mushroom.ply,36.8109227453218,40.784265064569496
WPC,4,fusion_46,mushroom_gQP_2_tQP_1.ply,mushroom.ply,60.5569558201446,66.65186098795593
WPC,4,fusion_46,mushroom_gQP_2_tQP_2.ply,mushroom.ply,46.3701371947766,44.901991372085924
WPC,4,fusion_46,mushroom_gQP_2_tQP_3.ply,mushroom.ply,30.9653978913823,38.28923049918497
WPC,4,fusion_46,mushroom_gQP_3_tQP_1.ply,mushroom.ply,30.0452069615932,41.69275466021052
WPC,4,fusion_46,mushroom_gQP_3_tQP_2.ply,mushroom.ply,26.2489070307976,35.65507501131379
WPC,4,fusion_46,mushroom_gQP_3_tQP_3.ply,mushroom.ply,20.3048465985323,32.476214827339206
WPC,4,fusion_46,mushroom_pqs_1_qs_16_rounded.ply,mushroom.ply,89.217310768867,85.47918234922605
WPC,4,fusion_46,mushroom_pqs_1_qs_32_rounded.ply,mushroom.ply,67.3401365075386,69.03228486082205
WPC,4,fusion_46,mushroom_pqs_1_qs_48_rounded.ply,mushroom.ply,44.9503770633442,54.876302575675425
WPC,4,fusion_46,mushroom_pqs_1_qs_64_rounded.ply,mushroom.ply,36.2529366475446,40.528253395701334
WPC,4,fusion_46,pumpkin_level_7.ply,pumpkin.ply,1.8126002512715,8.238094253112637
WPC,4,fusion_46,pumpkin_level_8.ply,pumpkin.ply,20.6394441968121,20.01590912832678
WPC,4,fusion_46,pumpkin_level_9.ply,pumpkin.ply,76.0300023212763,77.61129832767092
WPC,4,fusion_46,pumpkin_gsigma_0_tsigma_8.ply,pumpkin.ply,88.712894910982,89.83369040330615
WPC,4,fusion_46,pumpkin_gsigma_0_tsigma_16.ply,pumpkin.ply,73.8480628000894,79.67603302704273
WPC,4,fusion_46,pumpkin_gsigma_0_tsigma_32.ply,pumpkin.ply,47.6452487350534,55.05854744888984
WPC,4,fusion_46,pumpkin_gsigma_2_tsigma_8.ply,pumpkin.ply,59.7027566150372,63.71412924818938
WPC,4,fusion_46,pumpkin_gsigma_2_tsigma_16.ply,pumpkin.ply,50.8871548748291,53.64677527151591
WPC,4,fusion_46,pumpkin_gsigma_2_tsigma_32.ply,pumpkin.ply,36.1358020796238,41.71215515679044
WPC,4,fusion_46,pumpkin_gsigma_4_tsigma_8.ply,pumpkin.ply,37.6244288147675,33.628816516039215
WPC,4,fusion_46,pumpkin_gsigma_4_tsigma_16.ply,pumpkin.ply,37.900248283199,30.8908709256115
WPC,4,fusion_46,pumpkin_gsigma_4_tsigma_32.ply,pumpkin.ply,26.0686684530379,27.655183588157474
WPC,4,fusion_46,pumpkin_tsl_4_tqs_64.ply,pumpkin.ply,86.446484251263,64.79719574117539
WPC,4,fusion_46,pumpkin_tsl_4_tqs_128.ply,pumpkin.ply,78.6740472690266,57.1086952515492
WPC,4,fusion_46,pumpkin_tsl_4_tqs_256.ply,pumpkin.ply,53.1251330114768,40.254565220075335
WPC,4,fusion_46,pumpkin_tsl_4_tqs_512.ply,pumpkin.ply,28.6786177069522,28.51960345423476
WPC,4,fusion_46,pumpkin_tsl_6_tqs_64.ply,pumpkin.ply,66.9062480624086,65.83571201893406
WPC,4,fusion_46,pumpkin_tsl_6_tqs_128.ply,pumpkin.ply,62.2123482976544,64.78733155845872
WPC,4,fusion_46,pumpkin_tsl_6_tqs_256.ply,pumpkin.ply,48.3776981972412,49.408870043327994
WPC,4,fusion_46,pumpkin_tsl_6_tqs_512.ply,pumpkin.ply,25.6811204549124,28.747513192555513
WPC,4,fusion_46,pumpkin_tsl_8_tqs_64.ply,pumpkin.ply,87.7715672371884,80.0879614724799
WPC,4,fusion_46,pumpkin_tsl_8_tqs_128.ply,pumpkin.ply,78.9769817691926,73.6740712569072
WPC,4,fusion_46,pumpkin_tsl_8_tqs_256.ply,pumpkin.ply,55.3436389820298,51.53206345477519
WPC,4,fusion_46,pumpkin_tsl_8_tqs_512.ply,pumpkin.ply,29.7648083427553,30.05360149093539
WPC,4,fusion_46,pumpkin_gQP_1_tQP_1.ply,pumpkin.ply,80.0320090706354,72.3034801436257
WPC,4,fusion_46,pumpkin_gQP_1_tQP_2.ply,pumpkin.ply,63.6286045533244,58.50561623512407
WPC,4,fusion_46,pumpkin_gQP_1_tQP_3.ply,pumpkin.ply,41.5038209451386,46.44834078403253
WPC,4,fusion_46,pumpkin_gQP_2_tQP_1.ply,pumpkin.ply,57.3085433797706,67.24957261646448
WPC,4,fusion_46,pumpkin_gQP_2_tQP_2.ply,pumpkin.ply,56.3477429936398,53.79969471079477
WPC,4,fusion_46,pumpkin_gQP_2_tQP_3.ply,pumpkin.ply,41.5159642319042,43.80843603210429
WPC,4,fusion_46,pumpkin_gQP_3_tQP_1.ply,pumpkin.ply,46.1422770914442,54.61807639570794
WPC,4,fusion_46,pumpkin_gQP_3_tQP_2.ply,pumpkin.ply,37.5424785871894,38.01691665579483
WPC,4,fusion_46,pumpkin_gQP_3_tQP_3.ply,pumpkin.ply,30.2320521605782,35.34665767662897
WPC,4,fusion_46,pumpkin_pqs_1_qs_16_rounded.ply,pumpkin.ply,85.6214108081247,89.43632933907327
WPC,4,fusion_46,pumpkin_pqs_1_qs_32_rounded.ply,pumpkin.ply,83.0429567927244,70.87593807970079
WPC,4,fusion_46,pumpkin_pqs_1_qs_48_rounded.ply,pumpkin.ply,71.6336540114101,55.156848930616924
WPC,4,fusion_46,pumpkin_pqs_1_qs_64_rounded.ply,pumpkin.ply,52.24143669455,37.83297277040888
LS-PCQA,0,pointpca3_only,4armsMonstre_Octree_1.ply,4armsMonstre.ply,3.71875,2.9103452380952373
LS-PCQA,0,pointpca3_only,4armsMonstre_Octree_2.ply,4armsMonstre.ply,3.3125,2.7946547619047606
LS-PCQA,0,pointpca3_only,4armsMonstre_Octree_3.ply,4armsMonstre.ply,3.14285714285714,2.602755952380954
LS-PCQA,0,pointpca3_only,4armsMonstre_Octree_4.ply,4armsMonstre.ply,2.53333333333333,2.371208333333334
LS-PCQA,0,pointpca3_only,4armsMonstre_Octree_5.ply,4armsMonstre.ply,2.16666666666667,2.1390684523809522
LS-PCQA,0,pointpca3_only,AustralianCattleDog_limitlossyG-lossyA_3.ply,AustralianCattleDog.ply,4.14285714285714,4.341934523809523
LS-PCQA,0,pointpca3_only,AustralianCattleDog_limitlossyG-lossyA_4.ply,AustralianCattleDog.ply,4.21428571428571,4.179717261904761
LS-PCQA,0,pointpca3_only,AustralianCattleDog_limitlossyG-lossyA_5.ply,AustralianCattleDog.ply,2.96875,2.8291339285714274
LS-PCQA,0,pointpca3_only,AustralianCattleDog_limitlossyG-lossyA_6.ply,AustralianCattleDog.ply,1.96428571428571,2.151017857142857
LS-PCQA,0,pointpca3_only,AustralianCattleDog_limitlossyG-lossyA_7.ply,AustralianCattleDog.ply,1.6875,1.8409077380952379
LS-PCQA,0,pointpca3_only,AustralianCattleDog_LumaNoise_1.ply,AustralianCattleDog.ply,4.17857142857143,4.397571428571427
LS-PCQA,0,pointpca3_only,AustralianCattleDog_LumaNoise_3.ply,AustralianCattleDog.ply,2.89285714285714,3.9719821428571414
LS-PCQA,0,pointpca3_only,AustralianCattleDog_LumaNoise_4.ply,AustralianCattleDog.ply,2.86666666666667,3.63263095238095
LS-PCQA,0,pointpca3_only,AustralianCattleDog_LumaNoise_5.ply,AustralianCattleDog.ply,2.67857142857143,3.5003482142857116
LS-PCQA,0,pointpca3_only,AustralianCattleDog_LumaNoise_7.ply,AustralianCattleDog.ply,2.10714285714286,3.046267857142858
LS-PCQA,0,pointpca3_only,aya_limitlossyG-lossyA_3.ply,aya.ply,4.34375,4.7588958333333355
LS-PCQA,0,pointpca3_only,aya_limitlossyG-lossyA_4.ply,aya.ply,3.8125,3.7212440476190465
LS-PCQA,0,pointpca3_only,aya_limitlossyG-lossyA_5.ply,aya.ply,2.57142857142857,2.538220238095237
LS-PCQA,0,pointpca3_only,aya_limitlossyG-lossyA_6.ply,aya.ply,2.125,1.9729166666666678
LS-PCQA,0,pointpca3_only,aya_limitlossyG-lossyA_7.ply,aya.ply,1.35714285714286,1.6352321428571417
LS-PCQA,0,pointpca3_only,aya_lossless-geom-lossy-attrs_3.ply,aya.ply,4.92857142857143,4.57408630952381
LS-PCQA,0,pointpca3_only,aya_lossless-geom-lossy-attrs_4.ply,aya.ply,4.42857142857143,4.339806547619047
LS-PCQA,0,pointpca3_only,aya_lossless-geom-lossy-attrs_5.ply,aya.ply,4.43333333333333,4.031651785714285
LS-PCQA,0,pointpca3_only,aya_lossless-geom-lossy-attrs_6.ply,aya.ply,3.9375,3.7199226190476185
LS-PCQA,0,pointpca3_only,aya_lossless-geom-lossy-attrs_7.ply,aya.ply,3.03125,3.316449404761904
LS-PCQA,0,pointpca3_only,aya_PoissonNoise_3.ply,aya.ply,4.17857142857143,4.030842261904763
LS-PCQA,0,pointpca3_only,aya_PoissonNoise_4.ply,aya.ply,3.92857142857143,3.930482142857142
LS-PCQA,0,pointpca3_only,aya_PoissonNoise_5.ply,aya.ply,4.0,3.7717232142857138
LS-PCQA,0,pointpca3_only,aya_PoissonNoise_6.ply,aya.ply,3.5,3.694364583333333
LS-PCQA,0,pointpca3_only,aya_PoissonNoise_7.ply,aya.ply,3.42857142857143,3.5265089285714297
LS-PCQA,0,pointpca3_only,Beagle_losslessG-limitlossyA_3.ply,Beagle.ply,4.9,4.687833333333333
LS-PCQA,0,pointpca3_only,Beagle_losslessG-limitlossyA_4.ply,Beagle.ply,4.67857142857143,4.67496726190476
LS-PCQA,0,pointpca3_only,Beagle_losslessG-limitlossyA_5.ply,Beagle.ply,4.3,3.832276785714283
LS-PCQA,0,pointpca3_only,Beagle_losslessG-limitlossyA_6.ply,Beagle.ply,3.73333333333333,3.0848184523809534
LS-PCQA,0,pointpca3_only,Beagle_losslessG-limitlossyA_7.ply,Beagle.ply,3.28571428571429,2.8467351190476196
LS-PCQA,0,pointpca3_only,Beagle_LumaNoise_1.ply,Beagle.ply,4.85714285714286,4.4746547619047625
LS-PCQA,0,pointpca3_only,Beagle_LumaNoise_3.ply,Beagle.ply,3.03571428571429,3.3220952380952373
LS-PCQA,0,pointpca3_only,Beagle_LumaNoise_4.ply,Beagle.ply,3.46875,3.432348214285714
LS-PCQA,0,pointpca3_only,Beagle_LumaNoise_5.ply,Beagle.ply,2.9,3.368809523809524
LS-PCQA,0,pointpca3_only,Beagle_LumaNoise_7.ply,Beagle.ply,3.0,3.313967261904762
LS-PCQA,0,pointpca3_only,BirdV6_Octree_1.ply,BirdV6.ply,3.25,3.000208333333333
LS-PCQA,0,pointpca3_only,BirdV6_Octree_2.ply,BirdV6.ply,2.76666666666667,2.498568452380952
LS-PCQA,0,pointpca3_only,BirdV6_Octree_3.ply,BirdV6.ply,2.71428571428571,2.2854196428571427
LS-PCQA,0,pointpca3_only,BirdV6_Octree_4.ply,BirdV6.ply,2.40625,2.065163690476189
LS-PCQA,0,pointpca3_only,BirdV6_Octree_5.ply,BirdV6.ply,2.35714285714286,1.934693452380953
LS-PCQA,0,pointpca3_only,dancer_lossless-geom-nearlossless-attrs_3.ply,dancer.ply,4.89285714285714,4.693949404761901
LS-PCQA,0,pointpca3_only,dancer_lossless-geom-nearlossless-attrs_4.ply,dancer.ply,4.66666666666667,4.595261904761906
LS-PCQA,0,pointpca3_only,dancer_lossless-geom-nearlossless-attrs_5.ply,dancer.ply,3.71428571428571,3.815833333333334
LS-PCQA,0,pointpca3_only,dancer_lossless-geom-nearlossless-attrs_6.ply,dancer.ply,2.78571428571429,3.195657738095237
LS-PCQA,0,pointpca3_only,dancer_lossless-geom-nearlossless-attrs_7.ply,dancer.ply,1.42857142857143,2.9968154761904744
LS-PCQA,0,pointpca3_only,dancer_losslessG-limitlossyA_3.ply,dancer.ply,4.89285714285714,4.570172619047616
LS-PCQA,0,pointpca3_only,dancer_losslessG-limitlossyA_4.ply,dancer.ply,4.46428571428571,4.410901785714284
LS-PCQA,0,pointpca3_only,dancer_losslessG-limitlossyA_5.ply,dancer.ply,3.92857142857143,3.73030357142857
LS-PCQA,0,pointpca3_only,dancer_losslessG-limitlossyA_6.ply,dancer.ply,3.36666666666667,3.0544940476190465
LS-PCQA,0,pointpca3_only,dancer_losslessG-limitlossyA_7.ply,dancer.ply,3.0,2.9887708333333336
LS-PCQA,0,pointpca3_only,dancer_QuantizationNoise_1.ply,dancer.ply,3.89285714285714,3.8351696428571427
LS-PCQA,0,pointpca3_only,dancer_QuantizationNoise_3.ply,dancer.ply,3.57142857142857,3.5643883928571425
LS-PCQA,0,pointpca3_only,dancer_QuantizationNoise_4.ply,dancer.ply,3.35714285714286,3.287855654761906
LS-PCQA,0,pointpca3_only,dancer_QuantizationNoise_5.ply,dancer.ply,3.3125,3.287855654761906
LS-PCQA,0,pointpca3_only,dancer_QuantizationNoise_7.ply,dancer.ply,2.93333333333333,2.902455357142857
LS-PCQA,0,pointpca3_only,Dolphin_ContrastDistortion_1.ply,Dolphin.ply,3.67857142857143,3.516937499999999
LS-PCQA,0,pointpca3_only,Dolphin_ContrastDistortion_2.ply,Dolphin.ply,3.03333333333333,3.104458333333332
LS-PCQA,0,pointpca3_only,Dolphin_ContrastDistortion_3.ply,Dolphin.ply,2.32142857142857,2.9978720238095224
LS-PCQA,0,pointpca3_only,Dolphin_ContrastDistortion_4.ply,Dolphin.ply,2.0,2.8467157738095223
LS-PCQA,0,pointpca3_only,Dolphin_ContrastDistortion_5.ply,Dolphin.ply,1.85714285714286,2.69920238095238
LS-PCQA,0,pointpca3_only,Dolphin_RayleighNoise_1.ply,Dolphin.ply,4.17857142857143,3.594696428571427
LS-PCQA,0,pointpca3_only,Dolphin_RayleighNoise_3.ply,Dolphin.ply,3.42857142857143,2.908577380952382
LS-PCQA,0,pointpca3_only,Dolphin_RayleighNoise_4.ply,Dolphin.ply,3.14285714285714,2.7540357142857137
LS-PCQA,0,pointpca3_only,Dolphin_RayleighNoise_5.ply,Dolphin.ply,2.92857142857143,2.677869047619048
LS-PCQA,0,pointpca3_only,Dolphin_RayleighNoise_7.ply,Dolphin.ply,2.46428571428571,2.5877142857142856
LS-PCQA,0,pointpca3_only,Dragon_LocalRotation_1.ply,Dragon.ply,3.25,3.2843363095238094
LS-PCQA,0,pointpca3_only,Dragon_LocalRotation_2.ply,Dragon.ply,3.0625,3.279800595238095
LS-PCQA,0,pointpca3_only,Dragon_LocalRotation_3.ply,Dragon.ply,1.21428571428571,2.6510595238095234
LS-PCQA,0,pointpca3_only,Dragon_LocalRotation_4.ply,Dragon.ply,1.13333333333333,1.7507559523809524
LS-PCQA,0,pointpca3_only,Dragon_LocalRotation_5.ply,Dragon.ply,1.0,1.2388630952380941
LS-PCQA,0,pointpca3_only,FishV1_GammaNoise_1.ply,FishV1.ply,3.5,3.0402767857142856
LS-PCQA,0,pointpca3_only,FishV1_GammaNoise_3.ply,FishV1.ply,3.67857142857143,2.8180208333333336
LS-PCQA,0,pointpca3_only,FishV1_GammaNoise_4.ply,FishV1.ply,3.23333333333333,2.784575892857143
LS-PCQA,0,pointpca3_only,FishV1_GammaNoise_5.ply,FishV1.ply,3.0,2.6658779761904765
LS-PCQA,0,pointpca3_only,FishV1_GammaNoise_7.ply,FishV1.ply,2.92857142857143,2.5259092261904748
LS-PCQA,0,pointpca3_only,FishV1_SaltpepperNoise_1.ply,FishV1.ply,3.84375,3.4851220238095237
LS-PCQA,0,pointpca3_only,FishV1_SaltpepperNoise_3.ply,FishV1.ply,2.92857142857143,2.899419642857142
LS-PCQA,0,pointpca3_only,FishV1_SaltpepperNoise_4.ply,FishV1.ply,3.32142857142857,2.762127976190476
LS-PCQA,0,pointpca3_only,FishV1_SaltpepperNoise_5.ply,FishV1.ply,2.96428571428571,2.6223005952380953
LS-PCQA,0,pointpca3_only,FishV1_SaltpepperNoise_7.ply,FishV1.ply,2.89285714285714,2.520425595238095
LS-PCQA,0,pointpca3_only,Jaguar_UniformNoise_1.ply,Jaguar.ply,4.92857142857143,4.368788690476188
LS-PCQA,0,pointpca3_only,Jaguar_UniformNoise_3.ply,Jaguar.ply,3.76666666666667,3.4050863095238117
LS-PCQA,0,pointpca3_only,Jaguar_UniformNoise_4.ply,Jaguar.ply,3.64285714285714,3.24859523809524
LS-PCQA,0,pointpca3_only,Jaguar_UniformNoise_5.ply,Jaguar.ply,3.28571428571429,3.148252976190477
LS-PCQA,0,pointpca3_only,Jaguar_UniformNoise_7.ply,Jaguar.ply,3.32142857142857,2.7824970238095235
LS-PCQA,0,pointpca3_only,longdress_losslessG-lossyA_3.ply,longdress.ply,4.78571428571429,4.572244047619046
LS-PCQA,0,pointpca3_only,longdress_losslessG-lossyA_4.ply,longdress.ply,4.14285714285714,4.352800595238095
LS-PCQA,0,pointpca3_only,longdress_losslessG-lossyA_5.ply,longdress.ply,3.42857142857143,3.619761904761906
LS-PCQA,0,pointpca3_only,longdress_losslessG-lossyA_6.ply,longdress.ply,2.60714285714286,3.3252767857142858
LS-PCQA,0,pointpca3_only,longdress_losslessG-lossyA_7.ply,longdress.ply,2.3125,2.909425595238093
LS-PCQA,0,pointpca3_only,longdress_lossy-geom-lossy-attrs_3.ply,longdress.ply,4.5,4.541288690476191
LS-PCQA,0,pointpca3_only,longdress_lossy-geom-lossy-attrs_4.ply,longdress.ply,4.1875,4.483690476190476
LS-PCQA,0,pointpca3_only,longdress_lossy-geom-lossy-attrs_5.ply,longdress.ply,2.92857142857143,3.851556547619047
LS-PCQA,0,pointpca3_only,longdress_lossy-geom-lossy-attrs_6.ply,longdress.ply,1.96428571428571,2.657770833333332
LS-PCQA,0,pointpca3_only,longdress_lossy-geom-lossy-attrs_7.ply,longdress.ply,1.60714285714286,1.7109761904761909
LS-PCQA,0,pointpca3_only,longdress_RayleighNoise_1.ply,longdress.ply,4.0,4.375633928571428
LS-PCQA,0,pointpca3_only,longdress_RayleighNoise_3.ply,longdress.ply,3.28125,3.6965744047619036
LS-PCQA,0,pointpca3_only,longdress_RayleighNoise_4.ply,longdress.ply,3.03333333333333,3.461903273809524
LS-PCQA,0,pointpca3_only,longdress_RayleighNoise_5.ply,longdress.ply,2.71428571428571,3.2695624999999997
LS-PCQA,0,pointpca3_only,longdress_RayleighNoise_7.ply,longdress.ply,2.57142857142857,3.0291651785714278
LS-PCQA,0,pointpca3_only,Man_C2AI-lossy-geom-lossy-attrs_3.ply,Man.ply,4.53333333333333,3.848625000000001
LS-PCQA,0,pointpca3_only,Man_C2AI-lossy-geom-lossy-attrs_4.ply,Man.ply,3.92857142857143,3.5354047619047604
LS-PCQA,0,pointpca3_only,Man_C2AI-lossy-geom-lossy-attrs_5.ply,Man.ply,4.03571428571429,3.100717261904762
LS-PCQA,0,pointpca3_only,Man_C2AI-lossy-geom-lossy-attrs_6.ply,Man.ply,3.5,2.849211309523811
LS-PCQA,0,pointpca3_only,Man_C2AI-lossy-geom-lossy-attrs_7.ply,Man.ply,3.34375,2.7650892857142866
LS-PCQA,0,pointpca3_only,Man_DownSample_3.ply,Man.ply,3.78571428571429,3.762053571428571
LS-PCQA,0,pointpca3_only,Man_DownSample_4.ply,Man.ply,3.5,3.5408363095238102
LS-PCQA,0,pointpca3_only,Man_DownSample_5.ply,Man.ply,3.14285714285714,3.1731488095238087
LS-PCQA,0,pointpca3_only,Man_DownSample_6.ply,Man.ply,3.03571428571429,2.915154761904761
LS-PCQA,0,pointpca3_only,Man_DownSample_7.ply,Man.ply,2.375,2.423732142857142
LS-PCQA,0,pointpca3_only,Man_MeanShift_1.ply,Man.ply,4.03571428571429,3.9930744047619045
LS-PCQA,0,pointpca3_only,Man_MeanShift_3.ply,Man.ply,3.07142857142857,3.224577380952379
LS-PCQA,0,pointpca3_only,Man_MeanShift_4.ply,Man.ply,3.21875,3.1431547619047597
LS-PCQA,0,pointpca3_only,Man_MeanShift_5.ply,Man.ply,2.83333333333333,3.131726190476189
LS-PCQA,0,pointpca3_only,Man_MeanShift_7.ply,Man.ply,3.0,2.9209404761904754
LS-PCQA,0,pointpca3_only,Mario_GaussianNoise_1.ply,Mario.ply,3.57142857142857,2.8860892857142875
LS-PCQA,0,pointpca3_only,Mario_GaussianNoise_3.ply,Mario.ply,3.32142857142857,2.656904761904762
LS-PCQA,0,pointpca3_only,Mario_GaussianNoise_4.ply,Mario.ply,3.21428571428571,2.4567113095238096
LS-PCQA,0,pointpca3_only,Mario_GaussianNoise_5.ply,Mario.ply,2.92857142857143,2.2533303571428567
LS-PCQA,0,pointpca3_only,Mario_GaussianNoise_7.ply,Mario.ply,2.82142857142857,2.05966369047619
LS-PCQA,0,pointpca3_only,Mario_GaussianShifting_1.ply,Mario.ply,4.46875,4.322008928571426
LS-PCQA,0,pointpca3_only,Mario_GaussianShifting_2.ply,Mario.ply,3.78571428571429,3.1890535714285675
LS-PCQA,0,pointpca3_only,Mario_GaussianShifting_3.ply,Mario.ply,3.36666666666667,2.8618958333333335
LS-PCQA,0,pointpca3_only,Mario_GaussianShifting_4.ply,Mario.ply,3.0,2.557875
LS-PCQA,0,pointpca3_only,Mario_GaussianShifting_5.ply,Mario.ply,2.71428571428571,2.648151785714285
LS-PCQA,0,pointpca3_only,Mario_Octree_1.ply,Mario.ply,3.7,2.9066160714285725
LS-PCQA,0,pointpca3_only,Mario_Octree_2.ply,Mario.ply,3.03571428571429,2.7044375
LS-PCQA,0,pointpca3_only,Mario_Octree_3.ply,Mario.ply,2.57142857142857,2.267678571428571
LS-PCQA,0,pointpca3_only,Mario_Octree_4.ply,Mario.ply,2.5,2.0784821428571423
LS-PCQA,0,pointpca3_only,Mario_Octree_5.ply,Mario.ply,2.39285714285714,1.863723214285715
LS-PCQA,0,pointpca3_only,Mario_reconstruction_3.ply,Mario.ply,3.90625,3.181717261904761
LS-PCQA,0,pointpca3_only,Mario_reconstruction_4.ply,Mario.ply,4.15625,3.190211309523809
LS-PCQA,0,pointpca3_only,Mario_reconstruction_5.ply,Mario.ply,3.84375,3.096633928571428
LS-PCQA,0,pointpca3_only,Mario_reconstruction_6.ply,Mario.ply,4.16666666666667,2.943744047619047
LS-PCQA,0,pointpca3_only,Mario_reconstruction_7.ply,Mario.ply,3.17857142857143,2.7392023809523818
LS-PCQA,0,pointpca3_only,MuteSwan_lossless-geom-lossy-attrs_3.ply,MuteSwan.ply,4.53125,4.130622023809523
LS-PCQA,0,pointpca3_only,MuteSwan_lossless-geom-lossy-attrs_4.ply,MuteSwan.ply,4.23333333333333,3.906199404761905
LS-PCQA,0,pointpca3_only,MuteSwan_lossless-geom-lossy-attrs_5.ply,MuteSwan.ply,4.07142857142857,3.785535714285714
LS-PCQA,0,pointpca3_only,MuteSwan_lossless-geom-lossy-attrs_6.ply,MuteSwan.ply,3.67857142857143,3.3603601190476193
LS-PCQA,0,pointpca3_only,MuteSwan_lossless-geom-lossy-attrs_7.ply,MuteSwan.ply,3.25,3.035861607142857
LS-PCQA,0,pointpca3_only,MuteSwan_UniformShifting_1.ply,MuteSwan.ply,4.3,4.024889880952384
LS-PCQA,0,pointpca3_only,MuteSwan_UniformShifting_2.ply,MuteSwan.ply,3.71428571428571,3.8145208333333334
LS-PCQA,0,pointpca3_only,MuteSwan_UniformShifting_3.ply,MuteSwan.ply,3.09375,2.9600238095238094
LS-PCQA,0,pointpca3_only,MuteSwan_UniformShifting_4.ply,MuteSwan.ply,2.82142857142857,2.7515684523809507
LS-PCQA,0,pointpca3_only,MuteSwan_UniformShifting_5.ply,MuteSwan.ply,2.64285714285714,2.7825863095238077
LS-PCQA,0,pointpca3_only,StreetRoad_losslessG-lossyA_3.ply,StreetRoad.ply,4.71428571428571,4.40936607142857
LS-PCQA,0,pointpca3_only,StreetRoad_losslessG-lossyA_4.ply,StreetRoad.ply,4.66666666666667,4.199494047619044
LS-PCQA,0,pointpca3_only,StreetRoad_losslessG-lossyA_5.ply,StreetRoad.ply,4.07142857142857,3.7598660714285694
LS-PCQA,0,pointpca3_only,StreetRoad_losslessG-lossyA_6.ply,StreetRoad.ply,3.32142857142857,3.658794642857143
LS-PCQA,0,pointpca3_only,StreetRoad_losslessG-lossyA_7.ply,StreetRoad.ply,3.0,3.805761904761904
LS-PCQA,0,pointpca3_only,StreetRoad_SaltpepperNoise_1.ply,StreetRoad.ply,3.7,3.843568452380952
LS-PCQA,0,pointpca3_only,StreetRoad_SaltpepperNoise_3.ply,StreetRoad.ply,2.75,2.8971994047619045
LS-PCQA,0,pointpca3_only,StreetRoad_SaltpepperNoise_4.ply,StreetRoad.ply,2.875,2.7610476190476185
LS-PCQA,0,pointpca3_only,StreetRoad_SaltpepperNoise_5.ply,StreetRoad.ply,2.93333333333333,2.6113035714285706
LS-PCQA,0,pointpca3_only,StreetRoad_SaltpepperNoise_7.ply,StreetRoad.ply,2.71875,2.5778452380952372
LS-PCQA,0,pointpca3_only,Table_SaturationDistortion_1.ply,Table.ply,4.32142857142857,3.9553214285714273
LS-PCQA,0,pointpca3_only,Table_SaturationDistortion_2.ply,Table.ply,3.28571428571429,3.5801190476190476
LS-PCQA,0,pointpca3_only,Table_SaturationDistortion_3.ply,Table.ply,3.13333333333333,2.903559523809522
LS-PCQA,0,pointpca3_only,Table_SaturationDistortion_4.ply,Table.ply,2.60714285714286,2.8113898809523796
LS-PCQA,0,pointpca3_only,Table_SaturationDistortion_5.ply,Table.ply,2.46428571428571,2.772913690476189
LS-PCQA,0,pointpca3_only,ToyDog_DownSample_3.ply,ToyDog.ply,4.28571428571429,3.4985089285714275
LS-PCQA,0,pointpca3_only,ToyDog_DownSample_4.ply,ToyDog.ply,3.67857142857143,3.111199404761905
LS-PCQA,0,pointpca3_only,ToyDog_DownSample_5.ply,ToyDog.ply,2.64285714285714,2.880619047619047
LS-PCQA,0,pointpca3_only,ToyDog_DownSample_6.ply,ToyDog.ply,2.64285714285714,2.8257142857142856
LS-PCQA,0,pointpca3_only,ToyDog_DownSample_7.ply,ToyDog.ply,2.17857142857143,2.291315476190477
LS-PCQA,0,pointpca3_only,ToyDog_lossless-geom-nearlossless-attrs_3.ply,ToyDog.ply,4.93333333333333,4.67541964285714
LS-PCQA,0,pointpca3_only,ToyDog_lossless-geom-nearlossless-attrs_4.ply,ToyDog.ply,4.92857142857143,4.4702261904761915
LS-PCQA,0,pointpca3_only,ToyDog_lossless-geom-nearlossless-attrs_5.ply,ToyDog.ply,3.5,3.142886904761905
LS-PCQA,0,pointpca3_only,ToyDog_lossless-geom-nearlossless-attrs_6.ply,ToyDog.ply,2.90625,2.525733630952381
LS-PCQA,0,pointpca3_only,ToyDog_lossless-geom-nearlossless-attrs_7.ply,ToyDog.ply,1.60714285714286,2.4174062500000004
LS-PCQA,0,pointpca3_only,ToyDog_MultiplicativeGaussianNoise_1.ply,ToyDog.ply,3.92857142857143,3.9455565476190464
LS-PCQA,0,pointpca3_only,ToyDog_MultiplicativeGaussianNoise_3.ply,ToyDog.ply,3.46428571428571,3.3489136904761923
LS-PCQA,0,pointpca3_only,ToyDog_MultiplicativeGaussianNoise_4.ply,ToyDog.ply,3.40625,3.2689761904761925
LS-PCQA,0,pointpca3_only,ToyDog_MultiplicativeGaussianNoise_5.ply,ToyDog.ply,2.89285714285714,3.1561398809523826
LS-PCQA,0,pointpca3_only,ToyDog_MultiplicativeGaussianNoise_7.ply,ToyDog.ply,2.92857142857143,2.8410357142857134
LS-PCQA,0,pointpca3_only,ToyDog_reconstruction_3.ply,ToyDog.ply,3.7,2.5240833333333326
LS-PCQA,0,pointpca3_only,ToyDog_reconstruction_4.ply,ToyDog.ply,2.78571428571429,2.419580357142857
LS-PCQA,0,pointpca3_only,ToyDog_reconstruction_5.ply,ToyDog.ply,3.0625,2.3989136904761903
LS-PCQA,0,pointpca3_only,ToyDog_reconstruction_6.ply,ToyDog.ply,2.71428571428571,2.2667589285714285
LS-PCQA,0,pointpca3_only,ToyDog_reconstruction_7.ply,ToyDog.ply,2.35714285714286,1.8288244047619042
LS-PCQA,0,pointpca3_only,ToyDog_UniformNoise_1.ply,ToyDog.ply,4.9,4.227699404761902
LS-PCQA,0,pointpca3_only,ToyDog_UniformNoise_3.ply,ToyDog.ply,3.75,3.32564880952381
LS-PCQA,0,pointpca3_only,ToyDog_UniformNoise_4.ply,ToyDog.ply,3.46428571428571,3.058398809523811
LS-PCQA,0,pointpca3_only,ToyDog_UniformNoise_5.ply,ToyDog.ply,3.35714285714286,2.9213333333333327
LS-PCQA,0,pointpca3_only,ToyDog_UniformNoise_7.ply,ToyDog.ply,3.0,2.687434523809523
LS-PCQA,0,dists_only,4armsMonstre_Octree_1.ply,4armsMonstre.ply,3.71875,3.3699464285714287
LS-PCQA,0,dists_only,4armsMonstre_Octree_2.ply,4armsMonstre.ply,3.3125,3.4201160714285708
LS-PCQA,0,dists_only,4armsMonstre_Octree_3.ply,4armsMonstre.ply,3.14285714285714,3.08363392857143
LS-PCQA,0,dists_only,4armsMonstre_Octree_4.ply,4armsMonstre.ply,2.53333333333333,1.785166666666666
LS-PCQA,0,dists_only,4armsMonstre_Octree_5.ply,4armsMonstre.ply,2.16666666666667,1.9596904761904768
LS-PCQA,0,dists_only,AustralianCattleDog_limitlossyG-lossyA_3.ply,AustralianCattleDog.ply,4.14285714285714,3.987645833333332
LS-PCQA,0,dists_only,AustralianCattleDog_limitlossyG-lossyA_4.ply,AustralianCattleDog.ply,4.21428571428571,3.615592261904762
LS-PCQA,0,dists_only,AustralianCattleDog_limitlossyG-lossyA_5.ply,AustralianCattleDog.ply,2.96875,2.6944999999999992
LS-PCQA,0,dists_only,AustralianCattleDog_limitlossyG-lossyA_6.ply,AustralianCattleDog.ply,1.96428571428571,2.406136904761909
LS-PCQA,0,dists_only,AustralianCattleDog_limitlossyG-lossyA_7.ply,AustralianCattleDog.ply,1.6875,1.7132142857142856
LS-PCQA,0,dists_only,AustralianCattleDog_LumaNoise_1.ply,AustralianCattleDog.ply,4.17857142857143,4.5479940476190475
LS-PCQA,0,dists_only,AustralianCattleDog_LumaNoise_3.ply,AustralianCattleDog.ply,2.89285714285714,3.697440476190475
LS-PCQA,0,dists_only,AustralianCattleDog_LumaNoise_4.ply,AustralianCattleDog.ply,2.86666666666667,3.3085624999999994
LS-PCQA,0,dists_only,AustralianCattleDog_LumaNoise_5.ply,AustralianCattleDog.ply,2.67857142857143,2.972723214285715
LS-PCQA,0,dists_only,AustralianCattleDog_LumaNoise_7.ply,AustralianCattleDog.ply,2.10714285714286,2.654919642857142
LS-PCQA,0,dists_only,aya_limitlossyG-lossyA_3.ply,aya.ply,4.34375,4.158467261904762
LS-PCQA,0,dists_only,aya_limitlossyG-lossyA_4.ply,aya.ply,3.8125,3.252741071428572
LS-PCQA,0,dists_only,aya_limitlossyG-lossyA_5.ply,aya.ply,2.57142857142857,2.7822232142857137
LS-PCQA,0,dists_only,aya_limitlossyG-lossyA_6.ply,aya.ply,2.125,2.4060565476190474
LS-PCQA,0,dists_only,aya_limitlossyG-lossyA_7.ply,aya.ply,1.35714285714286,1.7014285714285713
LS-PCQA,0,dists_only,aya_lossless-geom-lossy-attrs_3.ply,aya.ply,4.92857142857143,4.123339285714285
LS-PCQA,0,dists_only,aya_lossless-geom-lossy-attrs_4.ply,aya.ply,4.42857142857143,3.761681547619047
LS-PCQA,0,dists_only,aya_lossless-geom-lossy-attrs_5.ply,aya.ply,4.43333333333333,3.3221696428571432
LS-PCQA,0,dists_only,aya_lossless-geom-lossy-attrs_6.ply,aya.ply,3.9375,3.5466547619047604
LS-PCQA,0,dists_only,aya_lossless-geom-lossy-attrs_7.ply,aya.ply,3.03125,3.506428571428572
LS-PCQA,0,dists_only,aya_PoissonNoise_3.ply,aya.ply,4.17857142857143,3.9910357142857156
LS-PCQA,0,dists_only,aya_PoissonNoise_4.ply,aya.ply,3.92857142857143,3.4328928571428543
LS-PCQA,0,dists_only,aya_PoissonNoise_5.ply,aya.ply,4.0,3.3791696428571476
LS-PCQA,0,dists_only,aya_PoissonNoise_6.ply,aya.ply,3.5,3.575747023809523
LS-PCQA,0,dists_only,aya_PoissonNoise_7.ply,aya.ply,3.42857142857143,2.901026785714286
LS-PCQA,0,dists_only,Beagle_losslessG-limitlossyA_3.ply,Beagle.ply,4.9,4.771952380952378
LS-PCQA,0,dists_only,Beagle_losslessG-limitlossyA_4.ply,Beagle.ply,4.67857142857143,4.341880952380955
LS-PCQA,0,dists_only,Beagle_losslessG-limitlossyA_5.ply,Beagle.ply,4.3,3.1816041666666677
LS-PCQA,0,dists_only,Beagle_losslessG-limitlossyA_6.ply,Beagle.ply,3.73333333333333,3.1721339285714287
LS-PCQA,0,dists_only,Beagle_losslessG-limitlossyA_7.ply,Beagle.ply,3.28571428571429,2.9652321428571424
LS-PCQA,0,dists_only,Beagle_LumaNoise_1.ply,Beagle.ply,4.85714285714286,4.237866071428569
LS-PCQA,0,dists_only,Beagle_LumaNoise_3.ply,Beagle.ply,3.03571428571429,3.3258363095238086
LS-PCQA,0,dists_only,Beagle_LumaNoise_4.ply,Beagle.ply,3.46875,2.7147470238095237
LS-PCQA,0,dists_only,Beagle_LumaNoise_5.ply,Beagle.ply,2.9,2.721803571428572
LS-PCQA,0,dists_only,Beagle_LumaNoise_7.ply,Beagle.ply,3.0,2.332976190476194
LS-PCQA,0,dists_only,BirdV6_Octree_1.ply,BirdV6.ply,3.25,3.7595922619047624
LS-PCQA,0,dists_only,BirdV6_Octree_2.ply,BirdV6.ply,2.76666666666667,3.1603154761904757
LS-PCQA,0,dists_only,BirdV6_Octree_3.ply,BirdV6.ply,2.71428571428571,2.8733660714285696
LS-PCQA,0,dists_only,BirdV6_Octree_4.ply,BirdV6.ply,2.40625,2.008809523809524
LS-PCQA,0,dists_only,BirdV6_Octree_5.ply,BirdV6.ply,2.35714285714286,1.7588095238095232
LS-PCQA,0,dists_only,dancer_lossless-geom-nearlossless-attrs_3.ply,dancer.ply,4.89285714285714,4.353580357142857
LS-PCQA,0,dists_only,dancer_lossless-geom-nearlossless-attrs_4.ply,dancer.ply,4.66666666666667,3.5827380952380947
LS-PCQA,0,dists_only,dancer_lossless-geom-nearlossless-attrs_5.ply,dancer.ply,3.71428571428571,3.294166666666667
LS-PCQA,0,dists_only,dancer_lossless-geom-nearlossless-attrs_6.ply,dancer.ply,2.78571428571429,3.0245297619047626
LS-PCQA,0,dists_only,dancer_lossless-geom-nearlossless-attrs_7.ply,dancer.ply,1.42857142857143,2.996580357142857
LS-PCQA,0,dists_only,dancer_losslessG-limitlossyA_3.ply,dancer.ply,4.89285714285714,4.582455357142857
LS-PCQA,0,dists_only,dancer_losslessG-limitlossyA_4.ply,dancer.ply,4.46428571428571,4.05783630952381
LS-PCQA,0,dists_only,dancer_losslessG-limitlossyA_5.ply,dancer.ply,3.92857142857143,3.3006994047619047
LS-PCQA,0,dists_only,dancer_losslessG-limitlossyA_6.ply,dancer.ply,3.36666666666667,3.1953273809523797
LS-PCQA,0,dists_only,dancer_losslessG-limitlossyA_7.ply,dancer.ply,3.0,2.795255952380953
LS-PCQA,0,dists_only,dancer_QuantizationNoise_1.ply,dancer.ply,3.89285714285714,3.657309523809523
LS-PCQA,0,dists_only,dancer_QuantizationNoise_3.ply,dancer.ply,3.57142857142857,3.0566517857142865
LS-PCQA,0,dists_only,dancer_QuantizationNoise_4.ply,dancer.ply,3.35714285714286,3.1256309523809516
LS-PCQA,0,dists_only,dancer_QuantizationNoise_5.ply,dancer.ply,3.3125,3.1256309523809516
LS-PCQA,0,dists_only,dancer_QuantizationNoise_7.ply,dancer.ply,2.93333333333333,2.773886904761905
LS-PCQA,0,dists_only,Dolphin_ContrastDistortion_1.ply,Dolphin.ply,3.67857142857143,3.138556547619047
LS-PCQA,0,dists_only,Dolphin_ContrastDistortion_2.ply,Dolphin.ply,3.03333333333333,3.2197797619047623
LS-PCQA,0,dists_only,Dolphin_ContrastDistortion_3.ply,Dolphin.ply,2.32142857142857,2.428869047619048
LS-PCQA,0,dists_only,Dolphin_ContrastDistortion_4.ply,Dolphin.ply,2.0,2.068830357142859
LS-PCQA,0,dists_only,Dolphin_ContrastDistortion_5.ply,Dolphin.ply,1.85714285714286,1.9081904761904736
LS-PCQA,0,dists_only,Dolphin_RayleighNoise_1.ply,Dolphin.ply,4.17857142857143,3.6621279761904764
LS-PCQA,0,dists_only,Dolphin_RayleighNoise_3.ply,Dolphin.ply,3.42857142857143,3.226669642857143
LS-PCQA,0,dists_only,Dolphin_RayleighNoise_4.ply,Dolphin.ply,3.14285714285714,3.034232142857142
LS-PCQA,0,dists_only,Dolphin_RayleighNoise_5.ply,Dolphin.ply,2.92857142857143,2.8467023809523813
LS-PCQA,0,dists_only,Dolphin_RayleighNoise_7.ply,Dolphin.ply,2.46428571428571,2.9070952380952373
LS-PCQA,0,dists_only,Dragon_LocalRotation_1.ply,Dragon.ply,3.25,3.9705744047619036
LS-PCQA,0,dists_only,Dragon_LocalRotation_2.ply,Dragon.ply,3.0625,4.054645833333333
LS-PCQA,0,dists_only,Dragon_LocalRotation_3.ply,Dragon.ply,1.21428571428571,3.1420803571428566
LS-PCQA,0,dists_only,Dragon_LocalRotation_4.ply,Dragon.ply,1.13333333333333,2.9041547619047607
LS-PCQA,0,dists_only,Dragon_LocalRotation_5.ply,Dragon.ply,1.0,2.3675357142857143
LS-PCQA,0,dists_only,FishV1_GammaNoise_1.ply,FishV1.ply,3.5,3.5096279761904743
LS-PCQA,0,dists_only,FishV1_GammaNoise_3.ply,FishV1.ply,3.67857142857143,2.8828988095238106
LS-PCQA,0,dists_only,FishV1_GammaNoise_4.ply,FishV1.ply,3.23333333333333,2.9538511904761906
LS-PCQA,0,dists_only,FishV1_GammaNoise_5.ply,FishV1.ply,3.0,2.9401547619047608
LS-PCQA,0,dists_only,FishV1_GammaNoise_7.ply,FishV1.ply,2.92857142857143,2.4965803571428578
LS-PCQA,0,dists_only,FishV1_SaltpepperNoise_1.ply,FishV1.ply,3.84375,3.2139241071428586
LS-PCQA,0,dists_only,FishV1_SaltpepperNoise_3.ply,FishV1.ply,2.92857142857143,2.920770833333332
LS-PCQA,0,dists_only,FishV1_SaltpepperNoise_4.ply,FishV1.ply,3.32142857142857,2.810157738095238
LS-PCQA,0,dists_only,FishV1_SaltpepperNoise_5.ply,FishV1.ply,2.96428571428571,2.53550892857143
LS-PCQA,0,dists_only,FishV1_SaltpepperNoise_7.ply,FishV1.ply,2.89285714285714,2.4035863095238095
LS-PCQA,0,dists_only,Jaguar_UniformNoise_1.ply,Jaguar.ply,4.92857142857143,3.9798452380952405
LS-PCQA,0,dists_only,Jaguar_UniformNoise_3.ply,Jaguar.ply,3.76666666666667,3.3633065476190467
LS-PCQA,0,dists_only,Jaguar_UniformNoise_4.ply,Jaguar.ply,3.64285714285714,3.423004464285713
LS-PCQA,0,dists_only,Jaguar_UniformNoise_5.ply,Jaguar.ply,3.28571428571429,3.138144345238095
LS-PCQA,0,dists_only,Jaguar_UniformNoise_7.ply,Jaguar.ply,3.32142857142857,3.114252976190475
LS-PCQA,0,dists_only,longdress_losslessG-lossyA_3.ply,longdress.ply,4.78571428571429,3.82632142857143
LS-PCQA,0,dists_only,longdress_losslessG-lossyA_4.ply,longdress.ply,4.14285714285714,3.9894613095238087
LS-PCQA,0,dists_only,longdress_losslessG-lossyA_5.ply,longdress.ply,3.42857142857143,3.579761904761904
LS-PCQA,0,dists_only,longdress_losslessG-lossyA_6.ply,longdress.ply,2.60714285714286,3.1703482142857133
LS-PCQA,0,dists_only,longdress_losslessG-lossyA_7.ply,longdress.ply,2.3125,2.9433928571428565
LS-PCQA,0,dists_only,longdress_lossy-geom-lossy-attrs_3.ply,longdress.ply,4.5,3.975327380952379
LS-PCQA,0,dists_only,longdress_lossy-geom-lossy-attrs_4.ply,longdress.ply,4.1875,4.330547619047613
LS-PCQA,0,dists_only,longdress_lossy-geom-lossy-attrs_5.ply,longdress.ply,2.92857142857143,2.489794642857143
LS-PCQA,0,dists_only,longdress_lossy-geom-lossy-attrs_6.ply,longdress.ply,1.96428571428571,2.2985535714285703
LS-PCQA,0,dists_only,longdress_lossy-geom-lossy-attrs_7.ply,longdress.ply,1.60714285714286,1.5785714285714305
LS-PCQA,0,dists_only,longdress_RayleighNoise_1.ply,longdress.ply,4.0,4.134678571428571
LS-PCQA,0,dists_only,longdress_RayleighNoise_3.ply,longdress.ply,3.28125,3.0877202380952395
LS-PCQA,0,dists_only,longdress_RayleighNoise_4.ply,longdress.ply,3.03333333333333,2.8512351190476193
LS-PCQA,0,dists_only,longdress_RayleighNoise_5.ply,longdress.ply,2.71428571428571,2.9232827380952386
LS-PCQA,0,dists_only,longdress_RayleighNoise_7.ply,longdress.ply,2.57142857142857,2.4218660714285702
LS-PCQA,0,dists_only,Man_C2AI-lossy-geom-lossy-attrs_3.ply,Man.ply,4.53333333333333,2.9484196428571425
LS-PCQA,0,dists_only,Man_C2AI-lossy-geom-lossy-attrs_4.ply,Man.ply,3.92857142857143,2.8199880952380956
LS-PCQA,0,dists_only,Man_C2AI-lossy-geom-lossy-attrs_5.ply,Man.ply,4.03571428571429,2.756931547619048
LS-PCQA,0,dists_only,Man_C2AI-lossy-geom-lossy-attrs_6.ply,Man.ply,3.5,3.186186011904761
LS-PCQA,0,dists_only,Man_C2AI-lossy-geom-lossy-attrs_7.ply,Man.ply,3.34375,3.2160744047619043
LS-PCQA,0,dists_only,Man_DownSample_3.ply,Man.ply,3.78571428571429,4.023041666666666
LS-PCQA,0,dists_only,Man_DownSample_4.ply,Man.ply,3.5,3.2014732142857154
LS-PCQA,0,dists_only,Man_DownSample_5.ply,Man.ply,3.14285714285714,3.4863482142857145
LS-PCQA,0,dists_only,Man_DownSample_6.ply,Man.ply,3.03571428571429,3.277565476190477
LS-PCQA,0,dists_only,Man_DownSample_7.ply,Man.ply,2.375,2.931657738095239
LS-PCQA,0,dists_only,Man_MeanShift_1.ply,Man.ply,4.03571428571429,4.420217261904762
LS-PCQA,0,dists_only,Man_MeanShift_3.ply,Man.ply,3.07142857142857,3.6760982142857133
LS-PCQA,0,dists_only,Man_MeanShift_4.ply,Man.ply,3.21875,3.49041369047619
LS-PCQA,0,dists_only,Man_MeanShift_5.ply,Man.ply,2.83333333333333,3.268736607142856
LS-PCQA,0,dists_only,Man_MeanShift_7.ply,Man.ply,3.0,2.93627380952381
LS-PCQA,0,dists_only,Mario_GaussianNoise_1.ply,Mario.ply,3.57142857142857,3.210773809523809
LS-PCQA,0,dists_only,Mario_GaussianNoise_3.ply,Mario.ply,3.32142857142857,2.9262648809523815
LS-PCQA,0,dists_only,Mario_GaussianNoise_4.ply,Mario.ply,3.21428571428571,2.814050595238096
LS-PCQA,0,dists_only,Mario_GaussianNoise_5.ply,Mario.ply,2.92857142857143,2.7428690476190467
LS-PCQA,0,dists_only,Mario_GaussianNoise_7.ply,Mario.ply,2.82142857142857,2.2778392857142853
LS-PCQA,0,dists_only,Mario_GaussianShifting_1.ply,Mario.ply,4.46875,4.231875
LS-PCQA,0,dists_only,Mario_GaussianShifting_2.ply,Mario.ply,3.78571428571429,3.7248630952380974
LS-PCQA,0,dists_only,Mario_GaussianShifting_3.ply,Mario.ply,3.36666666666667,3.1392901785714273
LS-PCQA,0,dists_only,Mario_GaussianShifting_4.ply,Mario.ply,3.0,2.9201011904761907
LS-PCQA,0,dists_only,Mario_GaussianShifting_5.ply,Mario.ply,2.71428571428571,2.7396011904761908
LS-PCQA,0,dists_only,Mario_Octree_1.ply,Mario.ply,3.7,4.0218541666666665
LS-PCQA,0,dists_only,Mario_Octree_2.ply,Mario.ply,3.03571428571429,3.1896755952380955
LS-PCQA,0,dists_only,Mario_Octree_3.ply,Mario.ply,2.57142857142857,3.174410714285715
LS-PCQA,0,dists_only,Mario_Octree_4.ply,Mario.ply,2.5,1.7370714285714308
LS-PCQA,0,dists_only,Mario_Octree_5.ply,Mario.ply,2.39285714285714,2.0350952380952405
LS-PCQA,0,dists_only,Mario_reconstruction_3.ply,Mario.ply,3.90625,3.998419642857144
LS-PCQA,0,dists_only,Mario_reconstruction_4.ply,Mario.ply,4.15625,4.226553571428572
LS-PCQA,0,dists_only,Mario_reconstruction_5.ply,Mario.ply,3.84375,4.02391369047619
LS-PCQA,0,dists_only,Mario_reconstruction_6.ply,Mario.ply,4.16666666666667,3.805848214285715
LS-PCQA,0,dists_only,Mario_reconstruction_7.ply,Mario.ply,3.17857142857143,3.6874464285714277
LS-PCQA,0,dists_only,MuteSwan_lossless-geom-lossy-attrs_3.ply,MuteSwan.ply,4.53125,4.047184523809526
LS-PCQA,0,dists_only,MuteSwan_lossless-geom-lossy-attrs_4.ply,MuteSwan.ply,4.23333333333333,3.395133928571427
LS-PCQA,0,dists_only,MuteSwan_lossless-geom-lossy-attrs_5.ply,MuteSwan.ply,4.07142857142857,3.4733839285714283
LS-PCQA,0,dists_only,MuteSwan_lossless-geom-lossy-attrs_6.ply,MuteSwan.ply,3.67857142857143,3.0021934523809533
LS-PCQA,0,dists_only,MuteSwan_lossless-geom-lossy-attrs_7.ply,MuteSwan.ply,3.25,2.9575446428571417
LS-PCQA,0,dists_only,MuteSwan_UniformShifting_1.ply,MuteSwan.ply,4.3,4.10399107142857
LS-PCQA,0,dists_only,MuteSwan_UniformShifting_2.ply,MuteSwan.ply,3.71428571428571,3.4376845238095246
LS-PCQA,0,dists_only,MuteSwan_UniformShifting_3.ply,MuteSwan.ply,3.09375,3.454220238095238
LS-PCQA,0,dists_only,MuteSwan_UniformShifting_4.ply,MuteSwan.ply,2.82142857142857,2.7751785714285724
LS-PCQA,0,dists_only,MuteSwan_UniformShifting_5.ply,MuteSwan.ply,2.64285714285714,2.6740773809523812
LS-PCQA,0,dists_only,StreetRoad_losslessG-lossyA_3.ply,StreetRoad.ply,4.71428571428571,4.329693452380952
LS-PCQA,0,dists_only,StreetRoad_losslessG-lossyA_4.ply,StreetRoad.ply,4.66666666666667,4.067854166666667
LS-PCQA,0,dists_only,StreetRoad_losslessG-lossyA_5.ply,StreetRoad.ply,4.07142857142857,3.516556547619048
LS-PCQA,0,dists_only,StreetRoad_losslessG-lossyA_6.ply,StreetRoad.ply,3.32142857142857,3.3202083333333325
LS-PCQA,0,dists_only,StreetRoad_losslessG-lossyA_7.ply,StreetRoad.ply,3.0,3.393133928571428
LS-PCQA,0,dists_only,StreetRoad_SaltpepperNoise_1.ply,StreetRoad.ply,3.7,3.4031398809523794
LS-PCQA,0,dists_only,StreetRoad_SaltpepperNoise_3.ply,StreetRoad.ply,2.75,3.29730357142857
LS-PCQA,0,dists_only,StreetRoad_SaltpepperNoise_4.ply,StreetRoad.ply,2.875,3.332196428571428
LS-PCQA,0,dists_only,StreetRoad_SaltpepperNoise_5.ply,StreetRoad.ply,2.93333333333333,3.3045089285714266
LS-PCQA,0,dists_only,StreetRoad_SaltpepperNoise_7.ply,StreetRoad.ply,2.71875,3.1614017857142853
LS-PCQA,0,dists_only,Table_SaturationDistortion_1.ply,Table.ply,4.32142857142857,4.368648809523809
LS-PCQA,0,dists_only,Table_SaturationDistortion_2.ply,Table.ply,3.28571428571429,4.3027232142857175
LS-PCQA,0,dists_only,Table_SaturationDistortion_3.ply,Table.ply,3.13333333333333,3.674366071428571
LS-PCQA,0,dists_only,Table_SaturationDistortion_4.ply,Table.ply,2.60714285714286,3.3556220238095222
LS-PCQA,0,dists_only,Table_SaturationDistortion_5.ply,Table.ply,2.46428571428571,2.820684523809524
LS-PCQA,0,dists_only,ToyDog_DownSample_3.ply,ToyDog.ply,4.28571428571429,3.844458333333335
LS-PCQA,0,dists_only,ToyDog_DownSample_4.ply,ToyDog.ply,3.67857142857143,3.2184017857142857
LS-PCQA,0,dists_only,ToyDog_DownSample_5.ply,ToyDog.ply,2.64285714285714,3.5288779761904734
LS-PCQA,0,dists_only,ToyDog_DownSample_6.ply,ToyDog.ply,2.64285714285714,3.62141369047619
LS-PCQA,0,dists_only,ToyDog_DownSample_7.ply,ToyDog.ply,2.17857142857143,2.9510892857142847
LS-PCQA,0,dists_only,ToyDog_lossless-geom-nearlossless-attrs_3.ply,ToyDog.ply,4.93333333333333,4.590095238095238
LS-PCQA,0,dists_only,ToyDog_lossless-geom-nearlossless-attrs_4.ply,ToyDog.ply,4.92857142857143,4.163181547619047
LS-PCQA,0,dists_only,ToyDog_lossless-geom-nearlossless-attrs_5.ply,ToyDog.ply,3.5,2.875002976190477
LS-PCQA,0,dists_only,ToyDog_lossless-geom-nearlossless-attrs_6.ply,ToyDog.ply,2.90625,2.6528422619047634
LS-PCQA,0,dists_only,ToyDog_lossless-geom-nearlossless-attrs_7.ply,ToyDog.ply,1.60714285714286,2.7624851190476196
LS-PCQA,0,dists_only,ToyDog_MultiplicativeGaussianNoise_1.ply,ToyDog.ply,3.92857142857143,3.5871428571428563
LS-PCQA,0,dists_only,ToyDog_MultiplicativeGaussianNoise_3.ply,ToyDog.ply,3.46428571428571,3.357342261904762
LS-PCQA,0,dists_only,ToyDog_MultiplicativeGaussianNoise_4.ply,ToyDog.ply,3.40625,3.431857142857144
LS-PCQA,0,dists_only,ToyDog_MultiplicativeGaussianNoise_5.ply,ToyDog.ply,2.89285714285714,3.267434523809523
LS-PCQA,0,dists_only,ToyDog_MultiplicativeGaussianNoise_7.ply,ToyDog.ply,2.92857142857143,3.341223214285715
LS-PCQA,0,dists_only,ToyDog_reconstruction_3.ply,ToyDog.ply,3.7,3.025211309523809
LS-PCQA,0,dists_only,ToyDog_reconstruction_4.ply,ToyDog.ply,2.78571428571429,3.053928571428571
LS-PCQA,0,dists_only,ToyDog_reconstruction_5.ply,ToyDog.ply,3.0625,3.183636904761904
LS-PCQA,0,dists_only,ToyDog_reconstruction_6.ply,ToyDog.ply,2.71428571428571,2.9848333333333326
LS-PCQA,0,dists_only,ToyDog_reconstruction_7.ply,ToyDog.ply,2.35714285714286,2.7569851190476187
LS-PCQA,0,dists_only,ToyDog_UniformNoise_1.ply,ToyDog.ply,4.9,4.26350595238095
LS-PCQA,0,dists_only,ToyDog_UniformNoise_3.ply,ToyDog.ply,3.75,3.4556875000000002
LS-PCQA,0,dists_only,ToyDog_UniformNoise_4.ply,ToyDog.ply,3.46428571428571,3.442955357142859
LS-PCQA,0,dists_only,ToyDog_UniformNoise_5.ply,ToyDog.ply,3.35714285714286,3.1699330357142856
LS-PCQA,0,dists_only,ToyDog_UniformNoise_7.ply,ToyDog.ply,3.0,3.486389880952381
LS-PCQA,0,fusion_46,4armsMonstre_Octree_1.ply,4armsMonstre.ply,3.71875,3.295532738095238
LS-PCQA,0,fusion_46,4armsMonstre_Octree_2.ply,4armsMonstre.ply,3.3125,2.9900386904761906
LS-PCQA,0,fusion_46,4armsMonstre_Octree_3.ply,4armsMonstre.ply,3.14285714285714,2.672485119047619
LS-PCQA,0,fusion_46,4armsMonstre_Octree_4.ply,4armsMonstre.ply,2.53333333333333,2.0002827380952377
LS-PCQA,0,fusion_46,4armsMonstre_Octree_5.ply,4armsMonstre.ply,2.16666666666667,1.8340952380952376
LS-PCQA,0,fusion_46,AustralianCattleDog_limitlossyG-lossyA_3.ply,AustralianCattleDog.ply,4.14285714285714,4.452413690476191
LS-PCQA,0,fusion_46,AustralianCattleDog_limitlossyG-lossyA_4.ply,AustralianCattleDog.ply,4.21428571428571,4.156241071428571
LS-PCQA,0,fusion_46,AustralianCattleDog_limitlossyG-lossyA_5.ply,AustralianCattleDog.ply,2.96875,2.6203214285714282
LS-PCQA,0,fusion_46,AustralianCattleDog_limitlossyG-lossyA_6.ply,AustralianCattleDog.ply,1.96428571428571,2.071291666666668
LS-PCQA,0,fusion_46,AustralianCattleDog_limitlossyG-lossyA_7.ply,AustralianCattleDog.ply,1.6875,1.7788541666666675
LS-PCQA,0,fusion_46,AustralianCattleDog_LumaNoise_1.ply,AustralianCattleDog.ply,4.17857142857143,4.655476190476187
LS-PCQA,0,fusion_46,AustralianCattleDog_LumaNoise_3.ply,AustralianCattleDog.ply,2.89285714285714,3.5506101190476183
LS-PCQA,0,fusion_46,AustralianCattleDog_LumaNoise_4.ply,AustralianCattleDog.ply,2.86666666666667,3.1227946428571416
LS-PCQA,0,fusion_46,AustralianCattleDog_LumaNoise_5.ply,AustralianCattleDog.ply,2.67857142857143,3.033120535714285
LS-PCQA,0,fusion_46,AustralianCattleDog_LumaNoise_7.ply,AustralianCattleDog.ply,2.10714285714286,2.7038273809523803
LS-PCQA,0,fusion_46,aya_limitlossyG-lossyA_3.ply,aya.ply,4.34375,4.7343898809523814
LS-PCQA,0,fusion_46,aya_limitlossyG-lossyA_4.ply,aya.ply,3.8125,4.061357142857142
LS-PCQA,0,fusion_46,aya_limitlossyG-lossyA_5.ply,aya.ply,2.57142857142857,2.6001607142857144
LS-PCQA,0,fusion_46,aya_limitlossyG-lossyA_6.ply,aya.ply,2.125,1.9774077380952388
LS-PCQA,0,fusion_46,aya_limitlossyG-lossyA_7.ply,aya.ply,1.35714285714286,1.612619047619048
LS-PCQA,0,fusion_46,aya_lossless-geom-lossy-attrs_3.ply,aya.ply,4.92857142857143,4.6106130952380955
LS-PCQA,0,fusion_46,aya_lossless-geom-lossy-attrs_4.ply,aya.ply,4.42857142857143,4.501282738095239
LS-PCQA,0,fusion_46,aya_lossless-geom-lossy-attrs_5.ply,aya.ply,4.43333333333333,4.00642261904762
LS-PCQA,0,fusion_46,aya_lossless-geom-lossy-attrs_6.ply,aya.ply,3.9375,3.7993601190476176
LS-PCQA,0,fusion_46,aya_lossless-geom-lossy-attrs_7.ply,aya.ply,3.03125,3.6340863095238087
LS-PCQA,0,fusion_46,aya_PoissonNoise_3.ply,aya.ply,4.17857142857143,4.201919642857144
LS-PCQA,0,fusion_46,aya_PoissonNoise_4.ply,aya.ply,3.92857142857143,3.988505952380952
LS-PCQA,0,fusion_46,aya_PoissonNoise_5.ply,aya.ply,4.0,3.6488958333333352
LS-PCQA,0,fusion_46,aya_PoissonNoise_6.ply,aya.ply,3.5,3.5735624999999995
LS-PCQA,0,fusion_46,aya_PoissonNoise_7.ply,aya.ply,3.42857142857143,3.1380252976190475
LS-PCQA,0,fusion_46,Beagle_losslessG-limitlossyA_3.ply,Beagle.ply,4.9,4.70765476190476
LS-PCQA,0,fusion_46,Beagle_losslessG-limitlossyA_4.ply,Beagle.ply,4.67857142857143,4.65989880952381
LS-PCQA,0,fusion_46,Beagle_losslessG-limitlossyA_5.ply,Beagle.ply,4.3,4.056827380952382
LS-PCQA,0,fusion_46,Beagle_losslessG-limitlossyA_6.ply,Beagle.ply,3.73333333333333,3.5601904761904746
LS-PCQA,0,fusion_46,Beagle_losslessG-limitlossyA_7.ply,Beagle.ply,3.28571428571429,2.995550595238095
LS-PCQA,0,fusion_46,Beagle_LumaNoise_1.ply,Beagle.ply,4.85714285714286,4.4318124999999995
LS-PCQA,0,fusion_46,Beagle_LumaNoise_3.ply,Beagle.ply,3.03571428571429,3.1557514880952393
LS-PCQA,0,fusion_46,Beagle_LumaNoise_4.ply,Beagle.ply,3.46875,2.8881071428571414
LS-PCQA,0,fusion_46,Beagle_LumaNoise_5.ply,Beagle.ply,2.9,2.7975357142857145
LS-PCQA,0,fusion_46,Beagle_LumaNoise_7.ply,Beagle.ply,3.0,2.527214285714287
LS-PCQA,0,fusion_46,BirdV6_Octree_1.ply,BirdV6.ply,3.25,3.419806547619047
LS-PCQA,0,fusion_46,BirdV6_Octree_2.ply,BirdV6.ply,2.76666666666667,3.0836577380952384
LS-PCQA,0,fusion_46,BirdV6_Octree_3.ply,BirdV6.ply,2.71428571428571,2.4611607142857146
LS-PCQA,0,fusion_46,BirdV6_Octree_4.ply,BirdV6.ply,2.40625,2.0236041666666655
LS-PCQA,0,fusion_46,BirdV6_Octree_5.ply,BirdV6.ply,2.35714285714286,1.8917470238095242
LS-PCQA,0,fusion_46,dancer_lossless-geom-nearlossless-attrs_3.ply,dancer.ply,4.89285714285714,4.6960952380952365
LS-PCQA,0,fusion_46,dancer_lossless-geom-nearlossless-attrs_4.ply,dancer.ply,4.66666666666667,4.445241071428572
LS-PCQA,0,fusion_46,dancer_lossless-geom-nearlossless-attrs_5.ply,dancer.ply,3.71428571428571,3.676336309523809
LS-PCQA,0,fusion_46,dancer_lossless-geom-nearlossless-attrs_6.ply,dancer.ply,2.78571428571429,2.90630357142857
LS-PCQA,0,fusion_46,dancer_lossless-geom-nearlossless-attrs_7.ply,dancer.ply,1.42857142857143,2.823223214285714
LS-PCQA,0,fusion_46,dancer_losslessG-limitlossyA_3.ply,dancer.ply,4.89285714285714,4.5838095238095224
LS-PCQA,0,fusion_46,dancer_losslessG-limitlossyA_4.ply,dancer.ply,4.46428571428571,4.565875
LS-PCQA,0,fusion_46,dancer_losslessG-limitlossyA_5.ply,dancer.ply,3.92857142857143,3.6334047619047625
LS-PCQA,0,fusion_46,dancer_losslessG-limitlossyA_6.ply,dancer.ply,3.36666666666667,3.1814523809523814
LS-PCQA,0,fusion_46,dancer_losslessG-limitlossyA_7.ply,dancer.ply,3.0,2.9024285714285707
LS-PCQA,0,fusion_46,dancer_QuantizationNoise_1.ply,dancer.ply,3.89285714285714,3.709535714285713
LS-PCQA,0,fusion_46,dancer_QuantizationNoise_3.ply,dancer.ply,3.57142857142857,3.4454627976190464
LS-PCQA,0,fusion_46,dancer_QuantizationNoise_4.ply,dancer.ply,3.35714285714286,3.137694940476191
LS-PCQA,0,fusion_46,dancer_QuantizationNoise_5.ply,dancer.ply,3.3125,3.137694940476191
LS-PCQA,0,fusion_46,dancer_QuantizationNoise_7.ply,dancer.ply,2.93333333333333,2.8051428571428545
LS-PCQA,0,fusion_46,Dolphin_ContrastDistortion_1.ply,Dolphin.ply,3.67857142857143,3.709104166666667
LS-PCQA,0,fusion_46,Dolphin_ContrastDistortion_2.ply,Dolphin.ply,3.03333333333333,3.1420535714285704
LS-PCQA,0,fusion_46,Dolphin_ContrastDistortion_3.ply,Dolphin.ply,2.32142857142857,2.58299107142857
LS-PCQA,0,fusion_46,Dolphin_ContrastDistortion_4.ply,Dolphin.ply,2.0,2.048151785714287
LS-PCQA,0,fusion_46,Dolphin_ContrastDistortion_5.ply,Dolphin.ply,1.85714285714286,1.5736190476190481
LS-PCQA,0,fusion_46,Dolphin_RayleighNoise_1.ply,Dolphin.ply,4.17857142857143,4.109032738095237
LS-PCQA,0,fusion_46,Dolphin_RayleighNoise_3.ply,Dolphin.ply,3.42857142857143,3.4668645833333334
LS-PCQA,0,fusion_46,Dolphin_RayleighNoise_4.ply,Dolphin.ply,3.14285714285714,3.09705357142857
LS-PCQA,0,fusion_46,Dolphin_RayleighNoise_5.ply,Dolphin.ply,2.92857142857143,2.9897559523809525
LS-PCQA,0,fusion_46,Dolphin_RayleighNoise_7.ply,Dolphin.ply,2.46428571428571,2.8594434523809524
LS-PCQA,0,fusion_46,Dragon_LocalRotation_1.ply,Dragon.ply,3.25,3.0162678571428563
LS-PCQA,0,fusion_46,Dragon_LocalRotation_2.ply,Dragon.ply,3.0625,2.9840267857142853
LS-PCQA,0,fusion_46,Dragon_LocalRotation_3.ply,Dragon.ply,1.21428571428571,2.496565476190477
LS-PCQA,0,fusion_46,Dragon_LocalRotation_4.ply,Dragon.ply,1.13333333333333,1.6516339285714303
LS-PCQA,0,fusion_46,Dragon_LocalRotation_5.ply,Dragon.ply,1.0,1.280607142857142
LS-PCQA,0,fusion_46,FishV1_GammaNoise_1.ply,FishV1.ply,3.5,3.443203869047618
LS-PCQA,0,fusion_46,FishV1_GammaNoise_3.ply,FishV1.ply,3.67857142857143,2.9879955357142847
LS-PCQA,0,fusion_46,FishV1_GammaNoise_4.ply,FishV1.ply,3.23333333333333,2.954471726190476
LS-PCQA,0,fusion_46,FishV1_GammaNoise_5.ply,FishV1.ply,3.0,2.8489598214285707
LS-PCQA,0,fusion_46,FishV1_GammaNoise_7.ply,FishV1.ply,2.92857142857143,2.5397053571428563
LS-PCQA,0,fusion_46,FishV1_SaltpepperNoise_1.ply,FishV1.ply,3.84375,3.2308035714285706
LS-PCQA,0,fusion_46,FishV1_SaltpepperNoise_3.ply,FishV1.ply,2.92857142857143,3.0261636904761913
LS-PCQA,0,fusion_46,FishV1_SaltpepperNoise_4.ply,FishV1.ply,3.32142857142857,2.851330357142856
LS-PCQA,0,fusion_46,FishV1_SaltpepperNoise_5.ply,FishV1.ply,2.96428571428571,2.687482142857143
LS-PCQA,0,fusion_46,FishV1_SaltpepperNoise_7.ply,FishV1.ply,2.89285714285714,2.4490654761904764
LS-PCQA,0,fusion_46,Jaguar_UniformNoise_1.ply,Jaguar.ply,4.92857142857143,4.588660714285714
LS-PCQA,0,fusion_46,Jaguar_UniformNoise_3.ply,Jaguar.ply,3.76666666666667,3.6420178571428568
LS-PCQA,0,fusion_46,Jaguar_UniformNoise_4.ply,Jaguar.ply,3.64285714285714,3.5968720238095218
LS-PCQA,0,fusion_46,Jaguar_UniformNoise_5.ply,Jaguar.ply,3.28571428571429,3.304138392857143
LS-PCQA,0,fusion_46,Jaguar_UniformNoise_7.ply,Jaguar.ply,3.32142857142857,3.118229166666667
LS-PCQA,0,fusion_46,longdress_losslessG-lossyA_3.ply,longdress.ply,4.78571428571429,4.399205357142856
LS-PCQA,0,fusion_46,longdress_losslessG-lossyA_4.ply,longdress.ply,4.14285714285714,3.9950505952380952
LS-PCQA,0,fusion_46,longdress_losslessG-lossyA_5.ply,longdress.ply,3.42857142857143,3.3232440476190477
LS-PCQA,0,fusion_46,longdress_losslessG-lossyA_6.ply,longdress.ply,2.60714285714286,2.817110119047619
LS-PCQA,0,fusion_46,longdress_losslessG-lossyA_7.ply,longdress.ply,2.3125,2.7281815476190467
LS-PCQA,0,fusion_46,longdress_lossy-geom-lossy-attrs_3.ply,longdress.ply,4.5,4.263809523809522
LS-PCQA,0,fusion_46,longdress_lossy-geom-lossy-attrs_4.ply,longdress.ply,4.1875,4.457252976190478
LS-PCQA,0,fusion_46,longdress_lossy-geom-lossy-attrs_5.ply,longdress.ply,2.92857142857143,3.084669642857142
LS-PCQA,0,fusion_46,longdress_lossy-geom-lossy-attrs_6.ply,longdress.ply,1.96428571428571,2.34451488095238
LS-PCQA,0,fusion_46,longdress_lossy-geom-lossy-attrs_7.ply,longdress.ply,1.60714285714286,1.6914523809523814
LS-PCQA,0,fusion_46,longdress_RayleighNoise_1.ply,longdress.ply,4.0,4.1568125
LS-PCQA,0,fusion_46,longdress_RayleighNoise_3.ply,longdress.ply,3.28125,3.2324136904761915
LS-PCQA,0,fusion_46,longdress_RayleighNoise_4.ply,longdress.ply,3.03333333333333,3.1415550595238098
LS-PCQA,0,fusion_46,longdress_RayleighNoise_5.ply,longdress.ply,2.71428571428571,2.93463988095238
LS-PCQA,0,fusion_46,longdress_RayleighNoise_7.ply,longdress.ply,2.57142857142857,2.397154761904762
LS-PCQA,0,fusion_46,Man_C2AI-lossy-geom-lossy-attrs_3.ply,Man.ply,4.53333333333333,3.8562916666666665
LS-PCQA,0,fusion_46,Man_C2AI-lossy-geom-lossy-attrs_4.ply,Man.ply,3.92857142857143,3.76249107142857
LS-PCQA,0,fusion_46,Man_C2AI-lossy-geom-lossy-attrs_5.ply,Man.ply,4.03571428571429,3.628934523809524
LS-PCQA,0,fusion_46,Man_C2AI-lossy-geom-lossy-attrs_6.ply,Man.ply,3.5,3.231035714285714
LS-PCQA,0,fusion_46,Man_C2AI-lossy-geom-lossy-attrs_7.ply,Man.ply,3.34375,2.9179583333333348
LS-PCQA,0,fusion_46,Man_DownSample_3.ply,Man.ply,3.78571428571429,3.6882738095238095
LS-PCQA,0,fusion_46,Man_DownSample_4.ply,Man.ply,3.5,3.546190476190476
LS-PCQA,0,fusion_46,Man_DownSample_5.ply,Man.ply,3.14285714285714,3.3644107142857145
LS-PCQA,0,fusion_46,Man_DownSample_6.ply,Man.ply,3.03571428571429,3.142812499999999
LS-PCQA,0,fusion_46,Man_DownSample_7.ply,Man.ply,2.375,2.7825089285714286
LS-PCQA,0,fusion_46,Man_MeanShift_1.ply,Man.ply,4.03571428571429,4.155874999999998
LS-PCQA,0,fusion_46,Man_MeanShift_3.ply,Man.ply,3.07142857142857,3.0986964285714276
LS-PCQA,0,fusion_46,Man_MeanShift_4.ply,Man.ply,3.21875,3.029508928571427
LS-PCQA,0,fusion_46,Man_MeanShift_5.ply,Man.ply,2.83333333333333,3.0337663690476186
LS-PCQA,0,fusion_46,Man_MeanShift_7.ply,Man.ply,3.0,2.6769821428571436
LS-PCQA,0,fusion_46,Mario_GaussianNoise_1.ply,Mario.ply,3.57142857142857,3.1227440476190482
LS-PCQA,0,fusion_46,Mario_GaussianNoise_3.ply,Mario.ply,3.32142857142857,2.8369791666666657
LS-PCQA,0,fusion_46,Mario_GaussianNoise_4.ply,Mario.ply,3.21428571428571,2.6922202380952376
LS-PCQA,0,fusion_46,Mario_GaussianNoise_5.ply,Mario.ply,2.92857142857143,2.612080357142857
LS-PCQA,0,fusion_46,Mario_GaussianNoise_7.ply,Mario.ply,2.82142857142857,2.5044880952380955
LS-PCQA,0,fusion_46,Mario_GaussianShifting_1.ply,Mario.ply,4.46875,4.145437499999999
LS-PCQA,0,fusion_46,Mario_GaussianShifting_2.ply,Mario.ply,3.78571428571429,3.48713988095238
LS-PCQA,0,fusion_46,Mario_GaussianShifting_3.ply,Mario.ply,3.36666666666667,2.9775386904761887
LS-PCQA,0,fusion_46,Mario_GaussianShifting_4.ply,Mario.ply,3.0,2.7016041666666655
LS-PCQA,0,fusion_46,Mario_GaussianShifting_5.ply,Mario.ply,2.71428571428571,2.5847827380952384
LS-PCQA,0,fusion_46,Mario_Octree_1.ply,Mario.ply,3.7,3.3640446428571416
LS-PCQA,0,fusion_46,Mario_Octree_2.ply,Mario.ply,3.03571428571429,2.896732142857144
LS-PCQA,0,fusion_46,Mario_Octree_3.ply,Mario.ply,2.57142857142857,2.5991041666666668
LS-PCQA,0,fusion_46,Mario_Octree_4.ply,Mario.ply,2.5,2.0799226190476183
LS-PCQA,0,fusion_46,Mario_Octree_5.ply,Mario.ply,2.39285714285714,1.9225327380952393
LS-PCQA,0,fusion_46,Mario_reconstruction_3.ply,Mario.ply,3.90625,3.6968988095238084
LS-PCQA,0,fusion_46,Mario_reconstruction_4.ply,Mario.ply,4.15625,3.6592678571428565
LS-PCQA,0,fusion_46,Mario_reconstruction_5.ply,Mario.ply,3.84375,3.583598214285713
LS-PCQA,0,fusion_46,Mario_reconstruction_6.ply,Mario.ply,4.16666666666667,3.5491190476190457
LS-PCQA,0,fusion_46,Mario_reconstruction_7.ply,Mario.ply,3.17857142857143,3.4149374999999997
LS-PCQA,0,fusion_46,MuteSwan_lossless-geom-lossy-attrs_3.ply,MuteSwan.ply,4.53125,4.372464285714286
LS-PCQA,0,fusion_46,MuteSwan_lossless-geom-lossy-attrs_4.ply,MuteSwan.ply,4.23333333333333,3.896508928571428
LS-PCQA,0,fusion_46,MuteSwan_lossless-geom-lossy-attrs_5.ply,MuteSwan.ply,4.07142857142857,3.6765148809523795
LS-PCQA,0,fusion_46,MuteSwan_lossless-geom-lossy-attrs_6.ply,MuteSwan.ply,3.67857142857143,3.614163690476189
LS-PCQA,0,fusion_46,MuteSwan_lossless-geom-lossy-attrs_7.ply,MuteSwan.ply,3.25,3.309087797619048
LS-PCQA,0,fusion_46,MuteSwan_UniformShifting_1.ply,MuteSwan.ply,4.3,4.080148809523811
LS-PCQA,0,fusion_46,MuteSwan_UniformShifting_2.ply,MuteSwan.ply,3.71428571428571,3.71327380952381
LS-PCQA,0,fusion_46,MuteSwan_UniformShifting_3.ply,MuteSwan.ply,3.09375,3.1264880952380953
LS-PCQA,0,fusion_46,MuteSwan_UniformShifting_4.ply,MuteSwan.ply,2.82142857142857,2.7532291666666664
LS-PCQA,0,fusion_46,MuteSwan_UniformShifting_5.ply,MuteSwan.ply,2.64285714285714,2.6322202380952375
LS-PCQA,0,fusion_46,StreetRoad_losslessG-lossyA_3.ply,StreetRoad.ply,4.71428571428571,4.450702380952381
LS-PCQA,0,fusion_46,StreetRoad_losslessG-lossyA_4.ply,StreetRoad.ply,4.66666666666667,4.4291875
LS-PCQA,0,fusion_46,StreetRoad_losslessG-lossyA_5.ply,StreetRoad.ply,4.07142857142857,4.021401785714288
LS-PCQA,0,fusion_46,StreetRoad_losslessG-lossyA_6.ply,StreetRoad.ply,3.32142857142857,3.5034791666666676
LS-PCQA,0,fusion_46,StreetRoad_losslessG-lossyA_7.ply,StreetRoad.ply,3.0,3.5677708333333316
LS-PCQA,0,fusion_46,StreetRoad_SaltpepperNoise_1.ply,StreetRoad.ply,3.7,3.865708333333333
LS-PCQA,0,fusion_46,StreetRoad_SaltpepperNoise_3.ply,StreetRoad.ply,2.75,3.6269047619047603
LS-PCQA,0,fusion_46,StreetRoad_SaltpepperNoise_4.ply,StreetRoad.ply,2.875,3.5909999999999984
LS-PCQA,0,fusion_46,StreetRoad_SaltpepperNoise_5.ply,StreetRoad.ply,2.93333333333333,3.5682559523809503
LS-PCQA,0,fusion_46,StreetRoad_SaltpepperNoise_7.ply,StreetRoad.ply,2.71875,3.459157738095237
LS-PCQA,0,fusion_46,Table_SaturationDistortion_1.ply,Table.ply,4.32142857142857,4.076398809523808
LS-PCQA,0,fusion_46,Table_SaturationDistortion_2.ply,Table.ply,3.28571428571429,3.6472976190476216
LS-PCQA,0,fusion_46,Table_SaturationDistortion_3.ply,Table.ply,3.13333333333333,3.055592261904762
LS-PCQA,0,fusion_46,Table_SaturationDistortion_4.ply,Table.ply,2.60714285714286,2.718473214285715
LS-PCQA,0,fusion_46,Table_SaturationDistortion_5.ply,Table.ply,2.46428571428571,2.742901785714285
LS-PCQA,0,fusion_46,ToyDog_DownSample_3.ply,ToyDog.ply,4.28571428571429,3.5898422619047623
LS-PCQA,0,fusion_46,ToyDog_DownSample_4.ply,ToyDog.ply,3.67857142857143,3.321505952380952
LS-PCQA,0,fusion_46,ToyDog_DownSample_5.ply,ToyDog.ply,2.64285714285714,3.0644166666666646
LS-PCQA,0,fusion_46,ToyDog_DownSample_6.ply,ToyDog.ply,2.64285714285714,2.981169642857142
LS-PCQA,0,fusion_46,ToyDog_DownSample_7.ply,ToyDog.ply,2.17857142857143,2.5494464285714296
LS-PCQA,0,fusion_46,ToyDog_lossless-geom-nearlossless-attrs_3.ply,ToyDog.ply,4.93333333333333,4.656779761904759
LS-PCQA,0,fusion_46,ToyDog_lossless-geom-nearlossless-attrs_4.ply,ToyDog.ply,4.92857142857143,4.568252976190474
LS-PCQA,0,fusion_46,ToyDog_lossless-geom-nearlossless-attrs_5.ply,ToyDog.ply,3.5,2.912639880952381
LS-PCQA,0,fusion_46,ToyDog_lossless-geom-nearlossless-attrs_6.ply,ToyDog.ply,2.90625,2.707568452380953
LS-PCQA,0,fusion_46,ToyDog_lossless-geom-nearlossless-attrs_7.ply,ToyDog.ply,1.60714285714286,2.7130267857142853
LS-PCQA,0,fusion_46,ToyDog_MultiplicativeGaussianNoise_1.ply,ToyDog.ply,3.92857142857143,4.2397767857142865
LS-PCQA,0,fusion_46,ToyDog_MultiplicativeGaussianNoise_3.ply,ToyDog.ply,3.46428571428571,3.5955119047619037
LS-PCQA,0,fusion_46,ToyDog_MultiplicativeGaussianNoise_4.ply,ToyDog.ply,3.40625,3.580291666666664
LS-PCQA,0,fusion_46,ToyDog_MultiplicativeGaussianNoise_5.ply,ToyDog.ply,2.89285714285714,3.5718928571428537
LS-PCQA,0,fusion_46,ToyDog_MultiplicativeGaussianNoise_7.ply,ToyDog.ply,2.92857142857143,3.2621324404761918
LS-PCQA,0,fusion_46,ToyDog_reconstruction_3.ply,ToyDog.ply,3.7,2.6754136904761894
LS-PCQA,0,fusion_46,ToyDog_reconstruction_4.ply,ToyDog.ply,2.78571428571429,2.5077142857142856
LS-PCQA,0,fusion_46,ToyDog_reconstruction_5.ply,ToyDog.ply,3.0625,2.3577470238095235
LS-PCQA,0,fusion_46,ToyDog_reconstruction_6.ply,ToyDog.ply,2.71428571428571,2.1672619047619044
LS-PCQA,0,fusion_46,ToyDog_reconstruction_7.ply,ToyDog.ply,2.35714285714286,1.8232946428571417
LS-PCQA,0,fusion_46,ToyDog_UniformNoise_1.ply,ToyDog.ply,4.9,4.588863095238093
LS-PCQA,0,fusion_46,ToyDog_UniformNoise_3.ply,ToyDog.ply,3.75,3.6749642857142857
LS-PCQA,0,fusion_46,ToyDog_UniformNoise_4.ply,ToyDog.ply,3.46428571428571,3.5351041666666645
LS-PCQA,0,fusion_46,ToyDog_UniformNoise_5.ply,ToyDog.ply,3.35714285714286,3.447208333333333
LS-PCQA,0,fusion_46,ToyDog_UniformNoise_7.ply,ToyDog.ply,3.0,3.284927083333332
LS-PCQA,1,pointpca3_only,Asterix_GammaNoise_1.ply,Asterix.ply,3.21428571428571,3.3237261904761897
LS-PCQA,1,pointpca3_only,Asterix_GammaNoise_3.ply,Asterix.ply,2.75,3.1448749999999976
LS-PCQA,1,pointpca3_only,Asterix_GammaNoise_4.ply,Asterix.ply,2.96666666666667,2.977839285714284
LS-PCQA,1,pointpca3_only,Asterix_GammaNoise_5.ply,Asterix.ply,2.85714285714286,2.8451875
LS-PCQA,1,pointpca3_only,Asterix_GammaNoise_7.ply,Asterix.ply,2.28571428571429,2.6641517857142842
LS-PCQA,1,pointpca3_only,Asterix_MultiplicativeGaussianNoise_1.ply,Asterix.ply,2.93333333333333,3.0992529761904763
LS-PCQA,1,pointpca3_only,Asterix_MultiplicativeGaussianNoise_3.ply,Asterix.ply,2.63333333333333,2.645809523809524
LS-PCQA,1,pointpca3_only,Asterix_MultiplicativeGaussianNoise_4.ply,Asterix.ply,2.5,2.557419642857143
LS-PCQA,1,pointpca3_only,Asterix_MultiplicativeGaussianNoise_5.ply,Asterix.ply,2.375,2.4743125
LS-PCQA,1,pointpca3_only,Asterix_MultiplicativeGaussianNoise_7.ply,Asterix.ply,2.21428571428571,2.2480297619047613
LS-PCQA,1,pointpca3_only,Asterix_reconstruction_3.ply,Asterix.ply,4.0625,2.882705357142857
LS-PCQA,1,pointpca3_only,Asterix_reconstruction_4.ply,Asterix.ply,3.96428571428571,2.8345595238095234
LS-PCQA,1,pointpca3_only,Asterix_reconstruction_5.ply,Asterix.ply,3.67857142857143,2.7759910714285705
LS-PCQA,1,pointpca3_only,Asterix_reconstruction_6.ply,Asterix.ply,3.67857142857143,2.6672619047619035
LS-PCQA,1,pointpca3_only,Asterix_reconstruction_7.ply,Asterix.ply,3.03571428571429,2.431217261904761
LS-PCQA,1,pointpca3_only,basketballplayer_lossless-geom-nearlossless-attrs_3.ply,basketballplayer.ply,4.78571428571429,4.832785714285719
LS-PCQA,1,pointpca3_only,basketballplayer_lossless-geom-nearlossless-attrs_4.ply,basketballplayer.ply,4.67857142857143,4.460845238095241
LS-PCQA,1,pointpca3_only,basketballplayer_lossless-geom-nearlossless-attrs_5.ply,basketballplayer.ply,3.96428571428571,3.60777380952381
LS-PCQA,1,pointpca3_only,basketballplayer_lossless-geom-nearlossless-attrs_6.ply,basketballplayer.ply,2.67857142857143,2.9676666666666653
LS-PCQA,1,pointpca3_only,basketballplayer_lossless-geom-nearlossless-attrs_7.ply,basketballplayer.ply,1.8125,2.6928601190476185
LS-PCQA,1,pointpca3_only,basketballplayer_losslessG-limitlossyA_3.ply,basketballplayer.ply,4.53571428571429,4.824982142857145
LS-PCQA,1,pointpca3_only,basketballplayer_losslessG-limitlossyA_4.ply,basketballplayer.ply,4.25,4.5394940476190495
LS-PCQA,1,pointpca3_only,basketballplayer_losslessG-limitlossyA_5.ply,basketballplayer.ply,3.78571428571429,3.681854166666666
LS-PCQA,1,pointpca3_only,basketballplayer_losslessG-limitlossyA_6.ply,basketballplayer.ply,3.25,3.22402380952381
LS-PCQA,1,pointpca3_only,basketballplayer_losslessG-limitlossyA_7.ply,basketballplayer.ply,2.78571428571429,3.0338005952380946
LS-PCQA,1,pointpca3_only,basketballplayer_QuantizationNoise_1.ply,basketballplayer.ply,3.75,3.365086309523808
LS-PCQA,1,pointpca3_only,basketballplayer_QuantizationNoise_3.ply,basketballplayer.ply,3.21428571428571,3.2254672619047606
LS-PCQA,1,pointpca3_only,basketballplayer_QuantizationNoise_4.ply,basketballplayer.ply,3.23333333333333,3.0653244047619053
LS-PCQA,1,pointpca3_only,basketballplayer_QuantizationNoise_5.ply,basketballplayer.ply,3.28125,3.0653244047619053
LS-PCQA,1,pointpca3_only,basketballplayer_QuantizationNoise_7.ply,basketballplayer.ply,2.85714285714286,2.799291666666666
LS-PCQA,1,pointpca3_only,BirdToucan_losslessG-limitlossyA_3.ply,BirdToucan.ply,4.83333333333333,4.481663690476193
LS-PCQA,1,pointpca3_only,BirdToucan_losslessG-limitlossyA_4.ply,BirdToucan.ply,4.8,4.186970238095238
LS-PCQA,1,pointpca3_only,BirdToucan_losslessG-limitlossyA_5.ply,BirdToucan.ply,4.33333333333333,3.3860535714285707
LS-PCQA,1,pointpca3_only,BirdToucan_losslessG-limitlossyA_6.ply,BirdToucan.ply,3.76666666666667,3.113586309523809
LS-PCQA,1,pointpca3_only,BirdToucan_losslessG-limitlossyA_7.ply,BirdToucan.ply,3.53333333333333,2.875315476190475
LS-PCQA,1,pointpca3_only,BirdToucan_MeanShift_1.ply,BirdToucan.ply,4.82142857142857,3.541470238095238
LS-PCQA,1,pointpca3_only,BirdToucan_MeanShift_3.ply,BirdToucan.ply,3.71428571428571,2.8416220238095233
LS-PCQA,1,pointpca3_only,BirdToucan_MeanShift_4.ply,BirdToucan.ply,3.07142857142857,2.755747023809523
LS-PCQA,1,pointpca3_only,BirdToucan_MeanShift_5.ply,BirdToucan.ply,3.10714285714286,2.76949107142857
LS-PCQA,1,pointpca3_only,BirdToucan_MeanShift_7.ply,BirdToucan.ply,2.42857142857143,2.804053571428571
LS-PCQA,1,pointpca3_only,Birdv5_Octree_1.ply,Birdv5.ply,3.64285714285714,3.0050624999999997
LS-PCQA,1,pointpca3_only,Birdv5_Octree_2.ply,Birdv5.ply,2.46428571428571,2.697943452380954
LS-PCQA,1,pointpca3_only,Birdv5_Octree_3.ply,Birdv5.ply,2.39285714285714,2.341476190476192
LS-PCQA,1,pointpca3_only,Birdv5_Octree_4.ply,Birdv5.ply,2.14285714285714,2.113511904761906
LS-PCQA,1,pointpca3_only,Birdv5_Octree_5.ply,Birdv5.ply,2.03571428571429,2.021970238095239
LS-PCQA,1,pointpca3_only,Chicken_ColorQuantizationDither_3.ply,Chicken.ply,4.0,3.9359315476190466
LS-PCQA,1,pointpca3_only,Chicken_ColorQuantizationDither_4.ply,Chicken.ply,3.17857142857143,3.65560119047619
LS-PCQA,1,pointpca3_only,Chicken_ColorQuantizationDither_5.ply,Chicken.ply,3.03571428571429,3.368392857142855
LS-PCQA,1,pointpca3_only,Chicken_ColorQuantizationDither_6.ply,Chicken.ply,2.46428571428571,3.3546220238095232
LS-PCQA,1,pointpca3_only,Chicken_ColorQuantizationDither_7.ply,Chicken.ply,2.03571428571429,2.932714285714285
LS-PCQA,1,pointpca3_only,Chicken_QuantizationNoise_1.ply,Chicken.ply,3.96428571428571,4.277809523809525
LS-PCQA,1,pointpca3_only,Chicken_QuantizationNoise_3.ply,Chicken.ply,3.85714285714286,3.9751904761904764
LS-PCQA,1,pointpca3_only,Chicken_QuantizationNoise_4.ply,Chicken.ply,3.6,3.5549107142857155
LS-PCQA,1,pointpca3_only,Chicken_QuantizationNoise_5.ply,Chicken.ply,3.63333333333333,3.5549107142857155
LS-PCQA,1,pointpca3_only,Chicken_QuantizationNoise_7.ply,Chicken.ply,3.16666666666667,2.9846279761904757
LS-PCQA,1,pointpca3_only,crabV2_ColorQuantizationDither_3.ply,crabV2.ply,4.25,3.7899107142857127
LS-PCQA,1,pointpca3_only,crabV2_ColorQuantizationDither_4.ply,crabV2.ply,3.32142857142857,3.517327380952381
LS-PCQA,1,pointpca3_only,crabV2_ColorQuantizationDither_5.ply,crabV2.ply,2.96666666666667,3.3733630952380946
LS-PCQA,1,pointpca3_only,crabV2_ColorQuantizationDither_6.ply,crabV2.ply,2.28571428571429,3.370976190476191
LS-PCQA,1,pointpca3_only,crabV2_ColorQuantizationDither_7.ply,crabV2.ply,2.17857142857143,2.8177023809523787
LS-PCQA,1,pointpca3_only,DobermanPinscher_ContrastDistortion_1.ply,DobermanPinscher.ply,3.82142857142857,3.6226755952380962
LS-PCQA,1,pointpca3_only,DobermanPinscher_ContrastDistortion_2.ply,DobermanPinscher.ply,3.17857142857143,3.1638035714285717
LS-PCQA,1,pointpca3_only,DobermanPinscher_ContrastDistortion_3.ply,DobermanPinscher.ply,2.93333333333333,2.4980267857142864
LS-PCQA,1,pointpca3_only,DobermanPinscher_ContrastDistortion_4.ply,DobermanPinscher.ply,2.66666666666667,2.3231577380952397
LS-PCQA,1,pointpca3_only,DobermanPinscher_ContrastDistortion_5.ply,DobermanPinscher.ply,2.86666666666667,2.3095446428571433
LS-PCQA,1,pointpca3_only,DobermanPinscher_QuantizationNoise_1.ply,DobermanPinscher.ply,4.28571428571429,3.1774464285714283
LS-PCQA,1,pointpca3_only,DobermanPinscher_QuantizationNoise_3.ply,DobermanPinscher.ply,3.53571428571429,2.949002976190476
LS-PCQA,1,pointpca3_only,DobermanPinscher_QuantizationNoise_4.ply,DobermanPinscher.ply,3.78571428571429,2.8737232142857145
LS-PCQA,1,pointpca3_only,DobermanPinscher_QuantizationNoise_5.ply,DobermanPinscher.ply,3.53571428571429,2.8737232142857145
LS-PCQA,1,pointpca3_only,DobermanPinscher_QuantizationNoise_7.ply,DobermanPinscher.ply,3.1,2.661214285714286
LS-PCQA,1,pointpca3_only,EmperorPenguin_DownSample_3.ply,EmperorPenguin.ply,4.125,4.157970238095239
LS-PCQA,1,pointpca3_only,EmperorPenguin_DownSample_4.ply,EmperorPenguin.ply,3.57142857142857,3.945133928571427
LS-PCQA,1,pointpca3_only,EmperorPenguin_DownSample_5.ply,EmperorPenguin.ply,3.375,3.653633928571427
LS-PCQA,1,pointpca3_only,EmperorPenguin_DownSample_6.ply,EmperorPenguin.ply,3.0,3.2087619047619036
LS-PCQA,1,pointpca3_only,EmperorPenguin_DownSample_7.ply,EmperorPenguin.ply,2.78571428571429,2.724532738095238
LS-PCQA,1,pointpca3_only,Facade00009_GaussianNoise_1.ply,Facade00009.ply,3.57142857142857,3.6158005952380945
LS-PCQA,1,pointpca3_only,Facade00009_GaussianNoise_3.ply,Facade00009.ply,3.03571428571429,3.115324404761905
LS-PCQA,1,pointpca3_only,Facade00009_GaussianNoise_4.ply,Facade00009.ply,3.0,3.169089285714285
LS-PCQA,1,pointpca3_only,Facade00009_GaussianNoise_5.ply,Facade00009.ply,2.96875,2.989160714285714
LS-PCQA,1,pointpca3_only,Facade00009_GaussianNoise_7.ply,Facade00009.ply,2.0,2.6291934523809526
LS-PCQA,1,pointpca3_only,Facade00009_LocalLoss_1.ply,Facade00009.ply,3.16666666666667,3.5803988095238104
LS-PCQA,1,pointpca3_only,Facade00009_LocalLoss_2.ply,Facade00009.ply,2.67857142857143,2.5402797619047615
LS-PCQA,1,pointpca3_only,Facade00009_LocalLoss_3.ply,Facade00009.ply,2.15625,2.100764880952383
LS-PCQA,1,pointpca3_only,Facade00009_LocalLoss_4.ply,Facade00009.ply,1.67857142857143,1.445741071428572
LS-PCQA,1,pointpca3_only,Facade00009_LocalLoss_5.ply,Facade00009.ply,1.59375,1.4129047619047614
LS-PCQA,1,pointpca3_only,Facade00009_losslessG-limitlossyA_3.ply,Facade00009.ply,4.46428571428571,4.474032738095239
LS-PCQA,1,pointpca3_only,Facade00009_losslessG-limitlossyA_4.ply,Facade00009.ply,4.6,4.497068452380952
LS-PCQA,1,pointpca3_only,Facade00009_losslessG-limitlossyA_5.ply,Facade00009.ply,4.46666666666667,4.3794226190476175
LS-PCQA,1,pointpca3_only,Facade00009_losslessG-limitlossyA_6.ply,Facade00009.ply,4.16666666666667,4.001708333333335
LS-PCQA,1,pointpca3_only,Facade00009_losslessG-limitlossyA_7.ply,Facade00009.ply,4.03571428571429,3.5840267857142845
LS-PCQA,1,pointpca3_only,Facade00009_RayleighNoise_1.ply,Facade00009.ply,4.375,4.130791666666666
LS-PCQA,1,pointpca3_only,Facade00009_RayleighNoise_3.ply,Facade00009.ply,3.57142857142857,3.6159851190476178
LS-PCQA,1,pointpca3_only,Facade00009_RayleighNoise_4.ply,Facade00009.ply,3.0,3.3682321428571407
LS-PCQA,1,pointpca3_only,Facade00009_RayleighNoise_5.ply,Facade00009.ply,2.89285714285714,3.125011904761904
LS-PCQA,1,pointpca3_only,Facade00009_RayleighNoise_7.ply,Facade00009.ply,2.53571428571429,2.9020654761904763
LS-PCQA,1,pointpca3_only,Facade00009_reconstruction_3.ply,Facade00009.ply,2.78571428571429,2.827767857142857
LS-PCQA,1,pointpca3_only,Facade00009_reconstruction_4.ply,Facade00009.ply,2.64285714285714,2.824425595238095
LS-PCQA,1,pointpca3_only,Facade00009_reconstruction_5.ply,Facade00009.ply,2.35714285714286,2.818285714285714
LS-PCQA,1,pointpca3_only,Facade00009_reconstruction_6.ply,Facade00009.ply,2.5,2.78313988095238
LS-PCQA,1,pointpca3_only,Facade00009_reconstruction_7.ply,Facade00009.ply,2.10714285714286,2.8246964285714284
LS-PCQA,1,pointpca3_only,Fish_GammaNoise_1.ply,Fish.ply,3.53571428571429,4.165690476190476
LS-PCQA,1,pointpca3_only,Fish_GammaNoise_3.ply,Fish.ply,3.33333333333333,3.8626755952380956
LS-PCQA,1,pointpca3_only,Fish_GammaNoise_4.ply,Fish.ply,3.0,3.6910952380952375
LS-PCQA,1,pointpca3_only,Fish_GammaNoise_5.ply,Fish.ply,3.06666666666667,3.6245476190476187
LS-PCQA,1,pointpca3_only,Fish_GammaNoise_7.ply,Fish.ply,2.39285714285714,3.270630952380951
LS-PCQA,1,pointpca3_only,Fish_reconstruction_3.ply,Fish.ply,4.13333333333333,3.875130952380953
LS-PCQA,1,pointpca3_only,Fish_reconstruction_4.ply,Fish.ply,4.25,3.937842261904763
LS-PCQA,1,pointpca3_only,Fish_reconstruction_5.ply,Fish.ply,4.0,3.9734583333333346
LS-PCQA,1,pointpca3_only,Fish_reconstruction_6.ply,Fish.ply,4.03333333333333,3.933160714285715
LS-PCQA,1,pointpca3_only,Fish_reconstruction_7.ply,Fish.ply,3.6875,3.659032738095236
LS-PCQA,1,pointpca3_only,Kangaroo_lossless-geom-lossy-attrs_3.ply,Kangaroo.ply,4.82142857142857,4.610252976190478
LS-PCQA,1,pointpca3_only,Kangaroo_lossless-geom-lossy-attrs_4.ply,Kangaroo.ply,4.8125,4.432157738095239
LS-PCQA,1,pointpca3_only,Kangaroo_lossless-geom-lossy-attrs_5.ply,Kangaroo.ply,4.78125,4.082622023809523
LS-PCQA,1,pointpca3_only,Kangaroo_lossless-geom-lossy-attrs_6.ply,Kangaroo.ply,4.03571428571429,3.74841369047619
LS-PCQA,1,pointpca3_only,Kangaroo_lossless-geom-lossy-attrs_7.ply,Kangaroo.ply,3.85714285714286,3.0715505952380964
LS-PCQA,1,pointpca3_only,Kangaroo_UniformShifting_1.ply,Kangaroo.ply,4.03571428571429,4.151238095238096
LS-PCQA,1,pointpca3_only,Kangaroo_UniformShifting_2.ply,Kangaroo.ply,3.64285714285714,4.01000892857143
LS-PCQA,1,pointpca3_only,Kangaroo_UniformShifting_3.ply,Kangaroo.ply,3.03571428571429,3.1142142857142856
LS-PCQA,1,pointpca3_only,Kangaroo_UniformShifting_4.ply,Kangaroo.ply,2.71875,2.679970238095238
LS-PCQA,1,pointpca3_only,Kangaroo_UniformShifting_5.ply,Kangaroo.ply,2.57142857142857,2.554026785714284
LS-PCQA,1,pointpca3_only,matilda_GaussianShifting_1.ply,matilda.ply,3.92857142857143,4.163940476190475
LS-PCQA,1,pointpca3_only,matilda_GaussianShifting_2.ply,matilda.ply,2.96875,3.7789940476190487
LS-PCQA,1,pointpca3_only,matilda_GaussianShifting_3.ply,matilda.ply,2.60714285714286,3.6114821428571435
LS-PCQA,1,pointpca3_only,matilda_GaussianShifting_4.ply,matilda.ply,2.21428571428571,3.321946428571428
LS-PCQA,1,pointpca3_only,matilda_GaussianShifting_5.ply,matilda.ply,2.33333333333333,3.224047619047619
LS-PCQA,1,pointpca3_only,redandblack_ColorQuantizationDither_3.ply,redandblack.ply,3.82142857142857,3.711565476190476
LS-PCQA,1,pointpca3_only,redandblack_ColorQuantizationDither_4.ply,redandblack.ply,3.67857142857143,3.4701815476190463
LS-PCQA,1,pointpca3_only,redandblack_ColorQuantizationDither_5.ply,redandblack.ply,3.64285714285714,3.2705744047619043
LS-PCQA,1,pointpca3_only,redandblack_ColorQuantizationDither_6.ply,redandblack.ply,3.25,2.9198571428571416
LS-PCQA,1,pointpca3_only,redandblack_ColorQuantizationDither_7.ply,redandblack.ply,2.23333333333333,2.6946488095238097
LS-PCQA,1,pointpca3_only,redandblack_LocalLoss_1.ply,redandblack.ply,4.56666666666667,3.48944642857143
LS-PCQA,1,pointpca3_only,redandblack_LocalLoss_2.ply,redandblack.ply,2.96666666666667,2.408110119047618
LS-PCQA,1,pointpca3_only,redandblack_LocalLoss_3.ply,redandblack.ply,3.60714285714286,2.284041666666669
LS-PCQA,1,pointpca3_only,redandblack_LocalLoss_4.ply,redandblack.ply,3.0,1.8267619047619055
LS-PCQA,1,pointpca3_only,redandblack_LocalLoss_5.ply,redandblack.ply,2.0,1.5320654761904746
LS-PCQA,1,pointpca3_only,redandblack_SaturationDistortion_1.ply,redandblack.ply,4.2,3.913104166666667
LS-PCQA,1,pointpca3_only,redandblack_SaturationDistortion_2.ply,redandblack.ply,3.53571428571429,3.5869702380952373
LS-PCQA,1,pointpca3_only,redandblack_SaturationDistortion_3.ply,redandblack.ply,2.9,2.9244434523809515
LS-PCQA,1,pointpca3_only,redandblack_SaturationDistortion_4.ply,redandblack.ply,2.57142857142857,2.7248392857142845
LS-PCQA,1,pointpca3_only,redandblack_SaturationDistortion_5.ply,redandblack.ply,2.7,2.6651726190476186
LS-PCQA,1,pointpca3_only,RedHorse_LocalRotation_1.ply,RedHorse.ply,3.06666666666667,3.00444345238095
LS-PCQA,1,pointpca3_only,RedHorse_LocalRotation_2.ply,RedHorse.ply,2.64285714285714,2.2640714285714294
LS-PCQA,1,pointpca3_only,RedHorse_LocalRotation_3.ply,RedHorse.ply,2.21428571428571,2.121113095238098
LS-PCQA,1,pointpca3_only,RedHorse_LocalRotation_4.ply,RedHorse.ply,1.26666666666667,1.294110119047619
LS-PCQA,1,pointpca3_only,RedHorse_LocalRotation_5.ply,RedHorse.ply,1.0,1.2256101190476187
LS-PCQA,1,pointpca3_only,RpDennisPosed004_ColorQuantizationDither_3.ply,RpDennisPosed004.ply,3.78125,4.387672619047621
LS-PCQA,1,pointpca3_only,RpDennisPosed004_ColorQuantizationDither_4.ply,RpDennisPosed004.ply,3.5,3.9506994047619024
LS-PCQA,1,pointpca3_only,RpDennisPosed004_ColorQuantizationDither_5.ply,RpDennisPosed004.ply,2.5,3.819502976190474
LS-PCQA,1,pointpca3_only,RpDennisPosed004_ColorQuantizationDither_6.ply,RpDennisPosed004.ply,2.75,3.5673601190476187
LS-PCQA,1,pointpca3_only,RpDennisPosed004_ColorQuantizationDither_7.ply,RpDennisPosed004.ply,2.46428571428571,2.728380952380951
LS-PCQA,1,pointpca3_only,RpDennisPosed004_LocalOffset_1.ply,RpDennisPosed004.ply,2.75,3.372854166666668
LS-PCQA,1,pointpca3_only,RpDennisPosed004_LocalOffset_2.ply,RpDennisPosed004.ply,2.7,2.6665863095238085
LS-PCQA,1,pointpca3_only,RpDennisPosed004_LocalOffset_3.ply,RpDennisPosed004.ply,2.39285714285714,2.000550595238096
LS-PCQA,1,pointpca3_only,RpDennisPosed004_LocalOffset_4.ply,RpDennisPosed004.ply,1.21875,1.8513124999999988
LS-PCQA,1,pointpca3_only,RpDennisPosed004_LocalOffset_5.ply,RpDennisPosed004.ply,1.21428571428571,1.7144255952380931
LS-PCQA,1,pointpca3_only,RpDennisPosed004_UniformNoise_1.ply,RpDennisPosed004.ply,4.82142857142857,4.053625000000001
LS-PCQA,1,pointpca3_only,RpDennisPosed004_UniformNoise_3.ply,RpDennisPosed004.ply,3.67857142857143,3.6576101190476202
LS-PCQA,1,pointpca3_only,RpDennisPosed004_UniformNoise_4.ply,RpDennisPosed004.ply,3.4375,3.3105386904761915
LS-PCQA,1,pointpca3_only,RpDennisPosed004_UniformNoise_5.ply,RpDennisPosed004.ply,3.34375,3.1812767857142874
LS-PCQA,1,pointpca3_only,RpDennisPosed004_UniformNoise_7.ply,RpDennisPosed004.ply,2.96428571428571,2.9690476190476187
LS-PCQA,1,pointpca3_only,RyukinGoldfish_lossy-geom-lossy-attrs_3.ply,RyukinGoldfish.ply,4.67857142857143,4.443776785714287
LS-PCQA,1,pointpca3_only,RyukinGoldfish_lossy-geom-lossy-attrs_4.ply,RyukinGoldfish.ply,4.46666666666667,4.285151785714287
LS-PCQA,1,pointpca3_only,RyukinGoldfish_lossy-geom-lossy-attrs_5.ply,RyukinGoldfish.ply,3.82142857142857,3.496041666666665
LS-PCQA,1,pointpca3_only,RyukinGoldfish_lossy-geom-lossy-attrs_6.ply,RyukinGoldfish.ply,2.92857142857143,2.8617053571428572
LS-PCQA,1,pointpca3_only,RyukinGoldfish_lossy-geom-lossy-attrs_7.ply,RyukinGoldfish.ply,2.10714285714286,1.7889255952380958
LS-PCQA,1,pointpca3_only,Statue_GammaNoise_1.ply,Statue.ply,3.3,2.7913869047619047
LS-PCQA,1,pointpca3_only,Statue_GammaNoise_3.ply,Statue.ply,2.96666666666667,2.524437499999999
LS-PCQA,1,pointpca3_only,Statue_GammaNoise_4.ply,Statue.ply,3.14285714285714,2.455994047619047
LS-PCQA,1,pointpca3_only,Statue_GammaNoise_5.ply,Statue.ply,2.85714285714286,2.671782738095238
LS-PCQA,1,pointpca3_only,Statue_GammaNoise_7.ply,Statue.ply,2.28571428571429,2.4341547619047628
LS-PCQA,1,pointpca3_only,Statue_HighFrequencyNoise_3.ply,Statue.ply,3.53333333333333,3.3172827380952383
LS-PCQA,1,pointpca3_only,Statue_HighFrequencyNoise_4.ply,Statue.ply,3.3,3.2534017857142863
LS-PCQA,1,pointpca3_only,Statue_HighFrequencyNoise_5.ply,Statue.ply,3.375,3.127169642857143
LS-PCQA,1,pointpca3_only,Statue_HighFrequencyNoise_6.ply,Statue.ply,3.1875,2.680136904761905
LS-PCQA,1,pointpca3_only,Statue_HighFrequencyNoise_7.ply,Statue.ply,2.28571428571429,2.4563124999999997
LS-PCQA,1,pointpca3_only,Statue_limitlossyG-lossyA_3.ply,Statue.ply,4.89285714285714,3.7784851190476196
LS-PCQA,1,pointpca3_only,Statue_limitlossyG-lossyA_4.ply,Statue.ply,4.4375,3.5189672619047623
LS-PCQA,1,pointpca3_only,Statue_limitlossyG-lossyA_5.ply,Statue.ply,2.75,2.8036160714285723
LS-PCQA,1,pointpca3_only,Statue_limitlossyG-lossyA_6.ply,Statue.ply,2.07142857142857,2.4913809523809523
LS-PCQA,1,pointpca3_only,Statue_limitlossyG-lossyA_7.ply,Statue.ply,1.64285714285714,1.9252559523809523
LS-PCQA,1,pointpca3_only,Statue_PoissonNoise_3.ply,Statue.ply,3.90625,3.640080357142856
LS-PCQA,1,pointpca3_only,Statue_PoissonNoise_4.ply,Statue.ply,3.63333333333333,3.4062648809523792
LS-PCQA,1,pointpca3_only,Statue_PoissonNoise_5.ply,Statue.ply,3.625,3.3505446428571393
LS-PCQA,1,pointpca3_only,Statue_PoissonNoise_6.ply,Statue.ply,3.3,3.2569613095238066
LS-PCQA,1,pointpca3_only,Statue_PoissonNoise_7.ply,Statue.ply,3.46875,3.191151785714285
LS-PCQA,1,dists_only,Asterix_GammaNoise_1.ply,Asterix.ply,3.21428571428571,3.2740119047619043
LS-PCQA,1,dists_only,Asterix_GammaNoise_3.ply,Asterix.ply,2.75,3.06553869047619
LS-PCQA,1,dists_only,Asterix_GammaNoise_4.ply,Asterix.ply,2.96666666666667,3.205491071428572
LS-PCQA,1,dists_only,Asterix_GammaNoise_5.ply,Asterix.ply,2.85714285714286,2.940636904761906
LS-PCQA,1,dists_only,Asterix_GammaNoise_7.ply,Asterix.ply,2.28571428571429,2.548151785714286
LS-PCQA,1,dists_only,Asterix_MultiplicativeGaussianNoise_1.ply,Asterix.ply,2.93333333333333,3.0241071428571438
LS-PCQA,1,dists_only,Asterix_MultiplicativeGaussianNoise_3.ply,Asterix.ply,2.63333333333333,2.571544642857143
LS-PCQA,1,dists_only,Asterix_MultiplicativeGaussianNoise_4.ply,Asterix.ply,2.5,2.65322619047619
LS-PCQA,1,dists_only,Asterix_MultiplicativeGaussianNoise_5.ply,Asterix.ply,2.375,2.6335357142857134
LS-PCQA,1,dists_only,Asterix_MultiplicativeGaussianNoise_7.ply,Asterix.ply,2.21428571428571,2.485654761904762
LS-PCQA,1,dists_only,Asterix_reconstruction_3.ply,Asterix.ply,4.0625,3.234184523809525
LS-PCQA,1,dists_only,Asterix_reconstruction_4.ply,Asterix.ply,3.96428571428571,3.401898809523808
LS-PCQA,1,dists_only,Asterix_reconstruction_5.ply,Asterix.ply,3.67857142857143,3.4106101190476186
LS-PCQA,1,dists_only,Asterix_reconstruction_6.ply,Asterix.ply,3.67857142857143,3.2083571428571434
LS-PCQA,1,dists_only,Asterix_reconstruction_7.ply,Asterix.ply,3.03571428571429,3.0884077380952375
LS-PCQA,1,dists_only,basketballplayer_lossless-geom-nearlossless-attrs_3.ply,basketballplayer.ply,4.78571428571429,4.359276785714285
LS-PCQA,1,dists_only,basketballplayer_lossless-geom-nearlossless-attrs_4.ply,basketballplayer.ply,4.67857142857143,3.6885119047619055
LS-PCQA,1,dists_only,basketballplayer_lossless-geom-nearlossless-attrs_5.ply,basketballplayer.ply,3.96428571428571,3.6388779761904755
LS-PCQA,1,dists_only,basketballplayer_lossless-geom-nearlossless-attrs_6.ply,basketballplayer.ply,2.67857142857143,3.202065476190476
LS-PCQA,1,dists_only,basketballplayer_lossless-geom-nearlossless-attrs_7.ply,basketballplayer.ply,1.8125,2.827622023809525
LS-PCQA,1,dists_only,basketballplayer_losslessG-limitlossyA_3.ply,basketballplayer.ply,4.53571428571429,4.399142857142856
LS-PCQA,1,dists_only,basketballplayer_losslessG-limitlossyA_4.ply,basketballplayer.ply,4.25,3.9095327380952374
LS-PCQA,1,dists_only,basketballplayer_losslessG-limitlossyA_5.ply,basketballplayer.ply,3.78571428571429,3.5574523809523795
LS-PCQA,1,dists_only,basketballplayer_losslessG-limitlossyA_6.ply,basketballplayer.ply,3.25,3.1643303571428554
LS-PCQA,1,dists_only,basketballplayer_losslessG-limitlossyA_7.ply,basketballplayer.ply,2.78571428571429,2.9497559523809525
LS-PCQA,1,dists_only,basketballplayer_QuantizationNoise_1.ply,basketballplayer.ply,3.75,3.4182619047619034
LS-PCQA,1,dists_only,basketballplayer_QuantizationNoise_3.ply,basketballplayer.ply,3.21428571428571,3.300925595238097
LS-PCQA,1,dists_only,basketballplayer_QuantizationNoise_4.ply,basketballplayer.ply,3.23333333333333,3.215982142857144
LS-PCQA,1,dists_only,basketballplayer_QuantizationNoise_5.ply,basketballplayer.ply,3.28125,3.215982142857144
LS-PCQA,1,dists_only,basketballplayer_QuantizationNoise_7.ply,basketballplayer.ply,2.85714285714286,2.9936130952380946
LS-PCQA,1,dists_only,BirdToucan_losslessG-limitlossyA_3.ply,BirdToucan.ply,4.83333333333333,4.740738095238093
LS-PCQA,1,dists_only,BirdToucan_losslessG-limitlossyA_4.ply,BirdToucan.ply,4.8,3.6772619047619033
LS-PCQA,1,dists_only,BirdToucan_losslessG-limitlossyA_5.ply,BirdToucan.ply,4.33333333333333,3.759160714285715
LS-PCQA,1,dists_only,BirdToucan_losslessG-limitlossyA_6.ply,BirdToucan.ply,3.76666666666667,3.4323214285714276
LS-PCQA,1,dists_only,BirdToucan_losslessG-limitlossyA_7.ply,BirdToucan.ply,3.53333333333333,3.108967261904761
LS-PCQA,1,dists_only,BirdToucan_MeanShift_1.ply,BirdToucan.ply,4.82142857142857,4.392083333333333
LS-PCQA,1,dists_only,BirdToucan_MeanShift_3.ply,BirdToucan.ply,3.71428571428571,3.660258928571429
LS-PCQA,1,dists_only,BirdToucan_MeanShift_4.ply,BirdToucan.ply,3.07142857142857,3.2596339285714295
LS-PCQA,1,dists_only,BirdToucan_MeanShift_5.ply,BirdToucan.ply,3.10714285714286,3.3477767857142817
LS-PCQA,1,dists_only,BirdToucan_MeanShift_7.ply,BirdToucan.ply,2.42857142857143,3.1289315476190462
LS-PCQA,1,dists_only,Birdv5_Octree_1.ply,Birdv5.ply,3.64285714285714,3.2816517857142826
LS-PCQA,1,dists_only,Birdv5_Octree_2.ply,Birdv5.ply,2.46428571428571,2.768714285714286
LS-PCQA,1,dists_only,Birdv5_Octree_3.ply,Birdv5.ply,2.39285714285714,2.3624285714285715
LS-PCQA,1,dists_only,Birdv5_Octree_4.ply,Birdv5.ply,2.14285714285714,1.9122827380952359
LS-PCQA,1,dists_only,Birdv5_Octree_5.ply,Birdv5.ply,2.03571428571429,2.2438988095238113
LS-PCQA,1,dists_only,Chicken_ColorQuantizationDither_3.ply,Chicken.ply,4.0,3.213845238095238
LS-PCQA,1,dists_only,Chicken_ColorQuantizationDither_4.ply,Chicken.ply,3.17857142857143,3.3968720238095234
LS-PCQA,1,dists_only,Chicken_ColorQuantizationDither_5.ply,Chicken.ply,3.03571428571429,3.112372023809524
LS-PCQA,1,dists_only,Chicken_ColorQuantizationDither_6.ply,Chicken.ply,2.46428571428571,3.076089285714285
LS-PCQA,1,dists_only,Chicken_ColorQuantizationDither_7.ply,Chicken.ply,2.03571428571429,2.4825535714285714
LS-PCQA,1,dists_only,Chicken_QuantizationNoise_1.ply,Chicken.ply,3.96428571428571,4.124318452380952
LS-PCQA,1,dists_only,Chicken_QuantizationNoise_3.ply,Chicken.ply,3.85714285714286,3.664595238095239
LS-PCQA,1,dists_only,Chicken_QuantizationNoise_4.ply,Chicken.ply,3.6,3.440482142857144
LS-PCQA,1,dists_only,Chicken_QuantizationNoise_5.ply,Chicken.ply,3.63333333333333,3.440482142857144
LS-PCQA,1,dists_only,Chicken_QuantizationNoise_7.ply,Chicken.ply,3.16666666666667,3.4275089285714286
LS-PCQA,1,dists_only,crabV2_ColorQuantizationDither_3.ply,crabV2.ply,4.25,3.89141964285714
LS-PCQA,1,dists_only,crabV2_ColorQuantizationDither_4.ply,crabV2.ply,3.32142857142857,3.5928630952380973
LS-PCQA,1,dists_only,crabV2_ColorQuantizationDither_5.ply,crabV2.ply,2.96666666666667,3.2555714285714266
LS-PCQA,1,dists_only,crabV2_ColorQuantizationDither_6.ply,crabV2.ply,2.28571428571429,3.141535714285713
LS-PCQA,1,dists_only,crabV2_ColorQuantizationDither_7.ply,crabV2.ply,2.17857142857143,2.6929732142857143
LS-PCQA,1,dists_only,DobermanPinscher_ContrastDistortion_1.ply,DobermanPinscher.ply,3.82142857142857,4.128627976190475
LS-PCQA,1,dists_only,DobermanPinscher_ContrastDistortion_2.ply,DobermanPinscher.ply,3.17857142857143,3.732491071428572
LS-PCQA,1,dists_only,DobermanPinscher_ContrastDistortion_3.ply,DobermanPinscher.ply,2.93333333333333,3.3998541666666626
LS-PCQA,1,dists_only,DobermanPinscher_ContrastDistortion_4.ply,DobermanPinscher.ply,2.66666666666667,3.0361696428571427
LS-PCQA,1,dists_only,DobermanPinscher_ContrastDistortion_5.ply,DobermanPinscher.ply,2.86666666666667,2.7338571428571443
LS-PCQA,1,dists_only,DobermanPinscher_QuantizationNoise_1.ply,DobermanPinscher.ply,4.28571428571429,3.4727976190476197
LS-PCQA,1,dists_only,DobermanPinscher_QuantizationNoise_3.ply,DobermanPinscher.ply,3.53571428571429,3.5155000000000007
LS-PCQA,1,dists_only,DobermanPinscher_QuantizationNoise_4.ply,DobermanPinscher.ply,3.78571428571429,3.1151309523809516
LS-PCQA,1,dists_only,DobermanPinscher_QuantizationNoise_5.ply,DobermanPinscher.ply,3.53571428571429,3.1151309523809516
LS-PCQA,1,dists_only,DobermanPinscher_QuantizationNoise_7.ply,DobermanPinscher.ply,3.1,3.040934523809525
LS-PCQA,1,dists_only,EmperorPenguin_DownSample_3.ply,EmperorPenguin.ply,4.125,4.27036011904762
LS-PCQA,1,dists_only,EmperorPenguin_DownSample_4.ply,EmperorPenguin.ply,3.57142857142857,3.9801964285714297
LS-PCQA,1,dists_only,EmperorPenguin_DownSample_5.ply,EmperorPenguin.ply,3.375,3.6617113095238114
LS-PCQA,1,dists_only,EmperorPenguin_DownSample_6.ply,EmperorPenguin.ply,3.0,3.925708333333331
LS-PCQA,1,dists_only,EmperorPenguin_DownSample_7.ply,EmperorPenguin.ply,2.78571428571429,3.0591726190476205
LS-PCQA,1,dists_only,Facade00009_GaussianNoise_1.ply,Facade00009.ply,3.57142857142857,3.223080357142858
LS-PCQA,1,dists_only,Facade00009_GaussianNoise_3.ply,Facade00009.ply,3.03571428571429,2.5871279761904766
LS-PCQA,1,dists_only,Facade00009_GaussianNoise_4.ply,Facade00009.ply,3.0,2.1569791666666664
LS-PCQA,1,dists_only,Facade00009_GaussianNoise_5.ply,Facade00009.ply,2.96875,2.1430089285714278
LS-PCQA,1,dists_only,Facade00009_GaussianNoise_7.ply,Facade00009.ply,2.0,2.1505714285714292
LS-PCQA,1,dists_only,Facade00009_LocalLoss_1.ply,Facade00009.ply,3.16666666666667,3.725351190476189
LS-PCQA,1,dists_only,Facade00009_LocalLoss_2.ply,Facade00009.ply,2.67857142857143,3.476666666666666
LS-PCQA,1,dists_only,Facade00009_LocalLoss_3.ply,Facade00009.ply,2.15625,3.0957976190476186
LS-PCQA,1,dists_only,Facade00009_LocalLoss_4.ply,Facade00009.ply,1.67857142857143,2.664851190476193
LS-PCQA,1,dists_only,Facade00009_LocalLoss_5.ply,Facade00009.ply,1.59375,3.727357142857142
LS-PCQA,1,dists_only,Facade00009_losslessG-limitlossyA_3.ply,Facade00009.ply,4.46428571428571,4.748875000000001
LS-PCQA,1,dists_only,Facade00009_losslessG-limitlossyA_4.ply,Facade00009.ply,4.6,4.346383928571428
LS-PCQA,1,dists_only,Facade00009_losslessG-limitlossyA_5.ply,Facade00009.ply,4.46666666666667,4.095654761904761
LS-PCQA,1,dists_only,Facade00009_losslessG-limitlossyA_6.ply,Facade00009.ply,4.16666666666667,3.802973214285716
LS-PCQA,1,dists_only,Facade00009_losslessG-limitlossyA_7.ply,Facade00009.ply,4.03571428571429,3.618380952380954
LS-PCQA,1,dists_only,Facade00009_RayleighNoise_1.ply,Facade00009.ply,4.375,4.573913690476187
LS-PCQA,1,dists_only,Facade00009_RayleighNoise_3.ply,Facade00009.ply,3.57142857142857,3.365648809523809
LS-PCQA,1,dists_only,Facade00009_RayleighNoise_4.ply,Facade00009.ply,3.0,2.936898809523809
LS-PCQA,1,dists_only,Facade00009_RayleighNoise_5.ply,Facade00009.ply,2.89285714285714,2.5105059523809516
LS-PCQA,1,dists_only,Facade00009_RayleighNoise_7.ply,Facade00009.ply,2.53571428571429,1.941523809523809
LS-PCQA,1,dists_only,Facade00009_reconstruction_3.ply,Facade00009.ply,2.78571428571429,2.0383601190476193
LS-PCQA,1,dists_only,Facade00009_reconstruction_4.ply,Facade00009.ply,2.64285714285714,2.0308630952380953
LS-PCQA,1,dists_only,Facade00009_reconstruction_5.ply,Facade00009.ply,2.35714285714286,2.0953482142857145
LS-PCQA,1,dists_only,Facade00009_reconstruction_6.ply,Facade00009.ply,2.5,2.1504851190476195
LS-PCQA,1,dists_only,Facade00009_reconstruction_7.ply,Facade00009.ply,2.10714285714286,2.1959077380952388
LS-PCQA,1,dists_only,Fish_GammaNoise_1.ply,Fish.ply,3.53571428571429,3.2105535714285707
LS-PCQA,1,dists_only,Fish_GammaNoise_3.ply,Fish.ply,3.33333333333333,3.248380952380953
LS-PCQA,1,dists_only,Fish_GammaNoise_4.ply,Fish.ply,3.0,2.9323214285714267
LS-PCQA,1,dists_only,Fish_GammaNoise_5.ply,Fish.ply,3.06666666666667,2.9849880952380956
LS-PCQA,1,dists_only,Fish_GammaNoise_7.ply,Fish.ply,2.39285714285714,2.738842261904761
LS-PCQA,1,dists_only,Fish_reconstruction_3.ply,Fish.ply,4.13333333333333,2.954410714285715
LS-PCQA,1,dists_only,Fish_reconstruction_4.ply,Fish.ply,4.25,2.9340089285714286
LS-PCQA,1,dists_only,Fish_reconstruction_5.ply,Fish.ply,4.0,3.0467589285714287
LS-PCQA,1,dists_only,Fish_reconstruction_6.ply,Fish.ply,4.03333333333333,2.931148809523809
LS-PCQA,1,dists_only,Fish_reconstruction_7.ply,Fish.ply,3.6875,2.8475654761904767
LS-PCQA,1,dists_only,Kangaroo_lossless-geom-lossy-attrs_3.ply,Kangaroo.ply,4.82142857142857,3.4795059523809524
LS-PCQA,1,dists_only,Kangaroo_lossless-geom-lossy-attrs_4.ply,Kangaroo.ply,4.8125,3.6016309523809515
LS-PCQA,1,dists_only,Kangaroo_lossless-geom-lossy-attrs_5.ply,Kangaroo.ply,4.78125,3.5947113095238103
LS-PCQA,1,dists_only,Kangaroo_lossless-geom-lossy-attrs_6.ply,Kangaroo.ply,4.03571428571429,3.4309255952380937
LS-PCQA,1,dists_only,Kangaroo_lossless-geom-lossy-attrs_7.ply,Kangaroo.ply,3.85714285714286,3.1216785714285695
LS-PCQA,1,dists_only,Kangaroo_UniformShifting_1.ply,Kangaroo.ply,4.03571428571429,3.8354613095238075
LS-PCQA,1,dists_only,Kangaroo_UniformShifting_2.ply,Kangaroo.ply,3.64285714285714,2.8647202380952397
LS-PCQA,1,dists_only,Kangaroo_UniformShifting_3.ply,Kangaroo.ply,3.03571428571429,2.628258928571431
LS-PCQA,1,dists_only,Kangaroo_UniformShifting_4.ply,Kangaroo.ply,2.71875,2.4837559523809523
LS-PCQA,1,dists_only,Kangaroo_UniformShifting_5.ply,Kangaroo.ply,2.57142857142857,2.6714196428571433
LS-PCQA,1,dists_only,matilda_GaussianShifting_1.ply,matilda.ply,3.92857142857143,3.7908958333333334
LS-PCQA,1,dists_only,matilda_GaussianShifting_2.ply,matilda.ply,2.96875,3.330193452380952
LS-PCQA,1,dists_only,matilda_GaussianShifting_3.ply,matilda.ply,2.60714285714286,2.7184970238095234
LS-PCQA,1,dists_only,matilda_GaussianShifting_4.ply,matilda.ply,2.21428571428571,2.5258184523809515
LS-PCQA,1,dists_only,matilda_GaussianShifting_5.ply,matilda.ply,2.33333333333333,2.4983660714285714
LS-PCQA,1,dists_only,redandblack_ColorQuantizationDither_3.ply,redandblack.ply,3.82142857142857,3.5771160714285695
LS-PCQA,1,dists_only,redandblack_ColorQuantizationDither_4.ply,redandblack.ply,3.67857142857143,3.4770595238095217
LS-PCQA,1,dists_only,redandblack_ColorQuantizationDither_5.ply,redandblack.ply,3.64285714285714,3.4255952380952372
LS-PCQA,1,dists_only,redandblack_ColorQuantizationDither_6.ply,redandblack.ply,3.25,3.0278898809523804
LS-PCQA,1,dists_only,redandblack_ColorQuantizationDither_7.ply,redandblack.ply,2.23333333333333,2.769919642857143
LS-PCQA,1,dists_only,redandblack_LocalLoss_1.ply,redandblack.ply,4.56666666666667,4.341241071428575
LS-PCQA,1,dists_only,redandblack_LocalLoss_2.ply,redandblack.ply,2.96666666666667,3.8363988095238115
LS-PCQA,1,dists_only,redandblack_LocalLoss_3.ply,redandblack.ply,3.60714285714286,4.1999464285714305
LS-PCQA,1,dists_only,redandblack_LocalLoss_4.ply,redandblack.ply,3.0,3.744410714285715
LS-PCQA,1,dists_only,redandblack_LocalLoss_5.ply,redandblack.ply,2.0,3.493690476190476
LS-PCQA,1,dists_only,redandblack_SaturationDistortion_1.ply,redandblack.ply,4.2,4.567184523809521
LS-PCQA,1,dists_only,redandblack_SaturationDistortion_2.ply,redandblack.ply,3.53571428571429,3.996068452380953
LS-PCQA,1,dists_only,redandblack_SaturationDistortion_3.ply,redandblack.ply,2.9,3.3958244047619046
LS-PCQA,1,dists_only,redandblack_SaturationDistortion_4.ply,redandblack.ply,2.57142857142857,2.924020833333334
LS-PCQA,1,dists_only,redandblack_SaturationDistortion_5.ply,redandblack.ply,2.7,3.034327380952379
LS-PCQA,1,dists_only,RedHorse_LocalRotation_1.ply,RedHorse.ply,3.06666666666667,4.032217261904761
LS-PCQA,1,dists_only,RedHorse_LocalRotation_2.ply,RedHorse.ply,2.64285714285714,3.712443452380953
LS-PCQA,1,dists_only,RedHorse_LocalRotation_3.ply,RedHorse.ply,2.21428571428571,3.501479166666669
LS-PCQA,1,dists_only,RedHorse_LocalRotation_4.ply,RedHorse.ply,1.26666666666667,3.238770833333333
LS-PCQA,1,dists_only,RedHorse_LocalRotation_5.ply,RedHorse.ply,1.0,2.6594702380952384
LS-PCQA,1,dists_only,RpDennisPosed004_ColorQuantizationDither_3.ply,RpDennisPosed004.ply,3.78125,3.799842261904762
LS-PCQA,1,dists_only,RpDennisPosed004_ColorQuantizationDither_4.ply,RpDennisPosed004.ply,3.5,3.3822023809523807
LS-PCQA,1,dists_only,RpDennisPosed004_ColorQuantizationDither_5.ply,RpDennisPosed004.ply,2.5,2.994827380952381
LS-PCQA,1,dists_only,RpDennisPosed004_ColorQuantizationDither_6.ply,RpDennisPosed004.ply,2.75,2.9080654761904765
LS-PCQA,1,dists_only,RpDennisPosed004_ColorQuantizationDither_7.ply,RpDennisPosed004.ply,2.46428571428571,2.5189375000000007
LS-PCQA,1,dists_only,RpDennisPosed004_LocalOffset_1.ply,RpDennisPosed004.ply,2.75,3.9873184523809533
LS-PCQA,1,dists_only,RpDennisPosed004_LocalOffset_2.ply,RpDennisPosed004.ply,2.7,3.5746815476190488
LS-PCQA,1,dists_only,RpDennisPosed004_LocalOffset_3.ply,RpDennisPosed004.ply,2.39285714285714,3.313050595238096
LS-PCQA,1,dists_only,RpDennisPosed004_LocalOffset_4.ply,RpDennisPosed004.ply,1.21875,3.0864880952380953
LS-PCQA,1,dists_only,RpDennisPosed004_LocalOffset_5.ply,RpDennisPosed004.ply,1.21428571428571,3.048360119047621
LS-PCQA,1,dists_only,RpDennisPosed004_UniformNoise_1.ply,RpDennisPosed004.ply,4.82142857142857,3.7224880952380954
LS-PCQA,1,dists_only,RpDennisPosed004_UniformNoise_3.ply,RpDennisPosed004.ply,3.67857142857143,3.3687619047619064
LS-PCQA,1,dists_only,RpDennisPosed004_UniformNoise_4.ply,RpDennisPosed004.ply,3.4375,2.8948541666666667
LS-PCQA,1,dists_only,RpDennisPosed004_UniformNoise_5.ply,RpDennisPosed004.ply,3.34375,2.7671279761904777
LS-PCQA,1,dists_only,RpDennisPosed004_UniformNoise_7.ply,RpDennisPosed004.ply,2.96428571428571,2.6154375000000005
LS-PCQA,1,dists_only,RyukinGoldfish_lossy-geom-lossy-attrs_3.ply,RyukinGoldfish.ply,4.67857142857143,4.312955357142855
LS-PCQA,1,dists_only,RyukinGoldfish_lossy-geom-lossy-attrs_4.ply,RyukinGoldfish.ply,4.46666666666667,4.281017857142857
LS-PCQA,1,dists_only,RyukinGoldfish_lossy-geom-lossy-attrs_5.ply,RyukinGoldfish.ply,3.82142857142857,3.403199404761905
LS-PCQA,1,dists_only,RyukinGoldfish_lossy-geom-lossy-attrs_6.ply,RyukinGoldfish.ply,2.92857142857143,2.678190476190476
LS-PCQA,1,dists_only,RyukinGoldfish_lossy-geom-lossy-attrs_7.ply,RyukinGoldfish.ply,2.10714285714286,2.237357142857142
LS-PCQA,1,dists_only,Statue_GammaNoise_1.ply,Statue.ply,3.3,3.003383928571428
LS-PCQA,1,dists_only,Statue_GammaNoise_3.ply,Statue.ply,2.96666666666667,2.8191458333333315
LS-PCQA,1,dists_only,Statue_GammaNoise_4.ply,Statue.ply,3.14285714285714,2.826839285714286
LS-PCQA,1,dists_only,Statue_GammaNoise_5.ply,Statue.ply,2.85714285714286,2.9981369047619046
LS-PCQA,1,dists_only,Statue_GammaNoise_7.ply,Statue.ply,2.28571428571429,2.4930982142857143
LS-PCQA,1,dists_only,Statue_HighFrequencyNoise_3.ply,Statue.ply,3.53333333333333,2.9587023809523805
LS-PCQA,1,dists_only,Statue_HighFrequencyNoise_4.ply,Statue.ply,3.3,2.8096666666666654
LS-PCQA,1,dists_only,Statue_HighFrequencyNoise_5.ply,Statue.ply,3.375,2.984354166666666
LS-PCQA,1,dists_only,Statue_HighFrequencyNoise_6.ply,Statue.ply,3.1875,2.4690297619047628
LS-PCQA,1,dists_only,Statue_HighFrequencyNoise_7.ply,Statue.ply,2.28571428571429,2.278
LS-PCQA,1,dists_only,Statue_limitlossyG-lossyA_3.ply,Statue.ply,4.89285714285714,4.222366071428571
LS-PCQA,1,dists_only,Statue_limitlossyG-lossyA_4.ply,Statue.ply,4.4375,3.1760565476190483
LS-PCQA,1,dists_only,Statue_limitlossyG-lossyA_5.ply,Statue.ply,2.75,2.9138065476190467
LS-PCQA,1,dists_only,Statue_limitlossyG-lossyA_6.ply,Statue.ply,2.07142857142857,2.4632767857142848
LS-PCQA,1,dists_only,Statue_limitlossyG-lossyA_7.ply,Statue.ply,1.64285714285714,2.233000000000001
LS-PCQA,1,dists_only,Statue_PoissonNoise_3.ply,Statue.ply,3.90625,4.17572619047619
LS-PCQA,1,dists_only,Statue_PoissonNoise_4.ply,Statue.ply,3.63333333333333,3.1929017857142856
LS-PCQA,1,dists_only,Statue_PoissonNoise_5.ply,Statue.ply,3.625,3.572550595238094
LS-PCQA,1,dists_only,Statue_PoissonNoise_6.ply,Statue.ply,3.3,3.3012202380952385
LS-PCQA,1,dists_only,Statue_PoissonNoise_7.ply,Statue.ply,3.46875,3.4669672619047613
LS-PCQA,1,fusion_46,Asterix_GammaNoise_1.ply,Asterix.ply,3.21428571428571,3.3023482142857135
LS-PCQA,1,fusion_46,Asterix_GammaNoise_3.ply,Asterix.ply,2.75,3.2363928571428575
LS-PCQA,1,fusion_46,Asterix_GammaNoise_4.ply,Asterix.ply,2.96666666666667,3.1638869047619043
LS-PCQA,1,fusion_46,Asterix_GammaNoise_5.ply,Asterix.ply,2.85714285714286,2.9334464285714286
LS-PCQA,1,fusion_46,Asterix_GammaNoise_7.ply,Asterix.ply,2.28571428571429,2.2676785714285717
LS-PCQA,1,fusion_46,Asterix_MultiplicativeGaussianNoise_1.ply,Asterix.ply,2.93333333333333,3.3204702380952402
LS-PCQA,1,fusion_46,Asterix_MultiplicativeGaussianNoise_3.ply,Asterix.ply,2.63333333333333,2.784973214285716
LS-PCQA,1,fusion_46,Asterix_MultiplicativeGaussianNoise_4.ply,Asterix.ply,2.5,2.603589285714287
LS-PCQA,1,fusion_46,Asterix_MultiplicativeGaussianNoise_5.ply,Asterix.ply,2.375,2.4665982142857135
LS-PCQA,1,fusion_46,Asterix_MultiplicativeGaussianNoise_7.ply,Asterix.ply,2.21428571428571,2.1335148809523807
LS-PCQA,1,fusion_46,Asterix_reconstruction_3.ply,Asterix.ply,4.0625,2.7681636904761913
LS-PCQA,1,fusion_46,Asterix_reconstruction_4.ply,Asterix.ply,3.96428571428571,2.725476190476191
LS-PCQA,1,fusion_46,Asterix_reconstruction_5.ply,Asterix.ply,3.67857142857143,2.7167589285714295
LS-PCQA,1,fusion_46,Asterix_reconstruction_6.ply,Asterix.ply,3.67857142857143,2.682660714285715
LS-PCQA,1,fusion_46,Asterix_reconstruction_7.ply,Asterix.ply,3.03571428571429,2.3910535714285714
LS-PCQA,1,fusion_46,basketballplayer_lossless-geom-nearlossless-attrs_3.ply,basketballplayer.ply,4.78571428571429,4.8213095238095285
LS-PCQA,1,fusion_46,basketballplayer_lossless-geom-nearlossless-attrs_4.ply,basketballplayer.ply,4.67857142857143,4.370294642857146
LS-PCQA,1,fusion_46,basketballplayer_lossless-geom-nearlossless-attrs_5.ply,basketballplayer.ply,3.96428571428571,3.632479166666668
LS-PCQA,1,fusion_46,basketballplayer_lossless-geom-nearlossless-attrs_6.ply,basketballplayer.ply,2.67857142857143,3.178627976190477
LS-PCQA,1,fusion_46,basketballplayer_lossless-geom-nearlossless-attrs_7.ply,basketballplayer.ply,1.8125,2.8869166666666666
LS-PCQA,1,fusion_46,basketballplayer_losslessG-limitlossyA_3.ply,basketballplayer.ply,4.53571428571429,4.878952380952387
LS-PCQA,1,fusion_46,basketballplayer_losslessG-limitlossyA_4.ply,basketballplayer.ply,4.25,4.594107142857144
LS-PCQA,1,fusion_46,basketballplayer_losslessG-limitlossyA_5.ply,basketballplayer.ply,3.78571428571429,3.617824404761906
LS-PCQA,1,fusion_46,basketballplayer_losslessG-limitlossyA_6.ply,basketballplayer.ply,3.25,3.3000863095238095
LS-PCQA,1,fusion_46,basketballplayer_losslessG-limitlossyA_7.ply,basketballplayer.ply,2.78571428571429,3.0198392857142857
LS-PCQA,1,fusion_46,basketballplayer_QuantizationNoise_1.ply,basketballplayer.ply,3.75,3.661375
LS-PCQA,1,fusion_46,basketballplayer_QuantizationNoise_3.ply,basketballplayer.ply,3.21428571428571,3.41552380952381
LS-PCQA,1,fusion_46,basketballplayer_QuantizationNoise_4.ply,basketballplayer.ply,3.23333333333333,3.32661607142857
LS-PCQA,1,fusion_46,basketballplayer_QuantizationNoise_5.ply,basketballplayer.ply,3.28125,3.32661607142857
LS-PCQA,1,fusion_46,basketballplayer_QuantizationNoise_7.ply,basketballplayer.ply,2.85714285714286,3.0347023809523805
LS-PCQA,1,fusion_46,BirdToucan_losslessG-limitlossyA_3.ply,BirdToucan.ply,4.83333333333333,4.807321428571427
LS-PCQA,1,fusion_46,BirdToucan_losslessG-limitlossyA_4.ply,BirdToucan.ply,4.8,4.46419642857143
LS-PCQA,1,fusion_46,BirdToucan_losslessG-limitlossyA_5.ply,BirdToucan.ply,4.33333333333333,4.027395833333332
LS-PCQA,1,fusion_46,BirdToucan_losslessG-limitlossyA_6.ply,BirdToucan.ply,3.76666666666667,3.5606101190476176
LS-PCQA,1,fusion_46,BirdToucan_losslessG-limitlossyA_7.ply,BirdToucan.ply,3.53333333333333,3.2354523809523794
LS-PCQA,1,fusion_46,BirdToucan_MeanShift_1.ply,BirdToucan.ply,4.82142857142857,4.328374999999999
LS-PCQA,1,fusion_46,BirdToucan_MeanShift_3.ply,BirdToucan.ply,3.71428571428571,3.235535714285713
LS-PCQA,1,fusion_46,BirdToucan_MeanShift_4.ply,BirdToucan.ply,3.07142857142857,3.109351190476191
LS-PCQA,1,fusion_46,BirdToucan_MeanShift_5.ply,BirdToucan.ply,3.10714285714286,2.919955357142856
LS-PCQA,1,fusion_46,BirdToucan_MeanShift_7.ply,BirdToucan.ply,2.42857142857143,2.618910714285716
LS-PCQA,1,fusion_46,Birdv5_Octree_1.ply,Birdv5.ply,3.64285714285714,3.1995595238095227
LS-PCQA,1,fusion_46,Birdv5_Octree_2.ply,Birdv5.ply,2.46428571428571,2.681532738095239
LS-PCQA,1,fusion_46,Birdv5_Octree_3.ply,Birdv5.ply,2.39285714285714,2.374744047619049
LS-PCQA,1,fusion_46,Birdv5_Octree_4.ply,Birdv5.ply,2.14285714285714,2.2323541666666675
LS-PCQA,1,fusion_46,Birdv5_Octree_5.ply,Birdv5.ply,2.03571428571429,2.095083333333334
LS-PCQA,1,fusion_46,Chicken_ColorQuantizationDither_3.ply,Chicken.ply,4.0,3.768982142857143
LS-PCQA,1,fusion_46,Chicken_ColorQuantizationDither_4.ply,Chicken.ply,3.17857142857143,3.5817351190476194
LS-PCQA,1,fusion_46,Chicken_ColorQuantizationDither_5.ply,Chicken.ply,3.03571428571429,3.3685059523809526
LS-PCQA,1,fusion_46,Chicken_ColorQuantizationDither_6.ply,Chicken.ply,2.46428571428571,3.102702380952382
LS-PCQA,1,fusion_46,Chicken_ColorQuantizationDither_7.ply,Chicken.ply,2.03571428571429,2.637809523809524
LS-PCQA,1,fusion_46,Chicken_QuantizationNoise_1.ply,Chicken.ply,3.96428571428571,4.269949404761906
LS-PCQA,1,fusion_46,Chicken_QuantizationNoise_3.ply,Chicken.ply,3.85714285714286,3.9920178571428573
LS-PCQA,1,fusion_46,Chicken_QuantizationNoise_4.ply,Chicken.ply,3.6,3.539812500000001
LS-PCQA,1,fusion_46,Chicken_QuantizationNoise_5.ply,Chicken.ply,3.63333333333333,3.539812500000001
LS-PCQA,1,fusion_46,Chicken_QuantizationNoise_7.ply,Chicken.ply,3.16666666666667,3.178946428571427
LS-PCQA,1,fusion_46,crabV2_ColorQuantizationDither_3.ply,crabV2.ply,4.25,3.8407678571428563
LS-PCQA,1,fusion_46,crabV2_ColorQuantizationDither_4.ply,crabV2.ply,3.32142857142857,3.5143749999999985
LS-PCQA,1,fusion_46,crabV2_ColorQuantizationDither_5.ply,crabV2.ply,2.96666666666667,3.155497023809522
LS-PCQA,1,fusion_46,crabV2_ColorQuantizationDither_6.ply,crabV2.ply,2.28571428571429,3.0577827380952374
LS-PCQA,1,fusion_46,crabV2_ColorQuantizationDither_7.ply,crabV2.ply,2.17857142857143,2.6827410714285724
LS-PCQA,1,fusion_46,DobermanPinscher_ContrastDistortion_1.ply,DobermanPinscher.ply,3.82142857142857,3.92534523809524
LS-PCQA,1,fusion_46,DobermanPinscher_ContrastDistortion_2.ply,DobermanPinscher.ply,3.17857142857143,3.6633571428571434
LS-PCQA,1,fusion_46,DobermanPinscher_ContrastDistortion_3.ply,DobermanPinscher.ply,2.93333333333333,3.2546369047619033
LS-PCQA,1,fusion_46,DobermanPinscher_ContrastDistortion_4.ply,DobermanPinscher.ply,2.66666666666667,2.893339285714285
LS-PCQA,1,fusion_46,DobermanPinscher_ContrastDistortion_5.ply,DobermanPinscher.ply,2.86666666666667,2.637690476190478
LS-PCQA,1,fusion_46,DobermanPinscher_QuantizationNoise_1.ply,DobermanPinscher.ply,4.28571428571429,3.586446428571428
LS-PCQA,1,fusion_46,DobermanPinscher_QuantizationNoise_3.ply,DobermanPinscher.ply,3.53571428571429,3.423702380952382
LS-PCQA,1,fusion_46,DobermanPinscher_QuantizationNoise_4.ply,DobermanPinscher.ply,3.78571428571429,3.3738273809523815
LS-PCQA,1,fusion_46,DobermanPinscher_QuantizationNoise_5.ply,DobermanPinscher.ply,3.53571428571429,3.3738273809523815
LS-PCQA,1,fusion_46,DobermanPinscher_QuantizationNoise_7.ply,DobermanPinscher.ply,3.1,3.0795952380952367
LS-PCQA,1,fusion_46,EmperorPenguin_DownSample_3.ply,EmperorPenguin.ply,4.125,4.278857142857143
LS-PCQA,1,fusion_46,EmperorPenguin_DownSample_4.ply,EmperorPenguin.ply,3.57142857142857,4.079863095238095
LS-PCQA,1,fusion_46,EmperorPenguin_DownSample_5.ply,EmperorPenguin.ply,3.375,4.104374999999998
LS-PCQA,1,fusion_46,EmperorPenguin_DownSample_6.ply,EmperorPenguin.ply,3.0,3.753342261904759
LS-PCQA,1,fusion_46,EmperorPenguin_DownSample_7.ply,EmperorPenguin.ply,2.78571428571429,3.0224077380952377
LS-PCQA,1,fusion_46,Facade00009_GaussianNoise_1.ply,Facade00009.ply,3.57142857142857,3.191848214285715
LS-PCQA,1,fusion_46,Facade00009_GaussianNoise_3.ply,Facade00009.ply,3.03571428571429,2.7570952380952383
LS-PCQA,1,fusion_46,Facade00009_GaussianNoise_4.ply,Facade00009.ply,3.0,2.1839047619047607
LS-PCQA,1,fusion_46,Facade00009_GaussianNoise_5.ply,Facade00009.ply,2.96875,2.2081964285714286
LS-PCQA,1,fusion_46,Facade00009_GaussianNoise_7.ply,Facade00009.ply,2.0,2.0555684523809528
LS-PCQA,1,fusion_46,Facade00009_LocalLoss_1.ply,Facade00009.ply,3.16666666666667,3.519205357142858
LS-PCQA,1,fusion_46,Facade00009_LocalLoss_2.ply,Facade00009.ply,2.67857142857143,2.519797619047618
LS-PCQA,1,fusion_46,Facade00009_LocalLoss_3.ply,Facade00009.ply,2.15625,2.176586309523812
LS-PCQA,1,fusion_46,Facade00009_LocalLoss_4.ply,Facade00009.ply,1.67857142857143,1.7427499999999996
LS-PCQA,1,fusion_46,Facade00009_LocalLoss_5.ply,Facade00009.ply,1.59375,1.5557827380952371
LS-PCQA,1,fusion_46,Facade00009_losslessG-limitlossyA_3.ply,Facade00009.ply,4.46428571428571,4.482449404761906
LS-PCQA,1,fusion_46,Facade00009_losslessG-limitlossyA_4.ply,Facade00009.ply,4.6,4.4858839285714245
LS-PCQA,1,fusion_46,Facade00009_losslessG-limitlossyA_5.ply,Facade00009.ply,4.46666666666667,4.125303571428571
LS-PCQA,1,fusion_46,Facade00009_losslessG-limitlossyA_6.ply,Facade00009.ply,4.16666666666667,3.6322351190476194
LS-PCQA,1,fusion_46,Facade00009_losslessG-limitlossyA_7.ply,Facade00009.ply,4.03571428571429,3.208669642857142
LS-PCQA,1,fusion_46,Facade00009_RayleighNoise_1.ply,Facade00009.ply,4.375,4.17737202380952
LS-PCQA,1,fusion_46,Facade00009_RayleighNoise_3.ply,Facade00009.ply,3.57142857142857,3.219502976190476
LS-PCQA,1,fusion_46,Facade00009_RayleighNoise_4.ply,Facade00009.ply,3.0,2.865458333333334
LS-PCQA,1,fusion_46,Facade00009_RayleighNoise_5.ply,Facade00009.ply,2.89285714285714,2.4762916666666666
LS-PCQA,1,fusion_46,Facade00009_RayleighNoise_7.ply,Facade00009.ply,2.53571428571429,2.2158511904761906
LS-PCQA,1,fusion_46,Facade00009_reconstruction_3.ply,Facade00009.ply,2.78571428571429,2.2659851190476195
LS-PCQA,1,fusion_46,Facade00009_reconstruction_4.ply,Facade00009.ply,2.64285714285714,2.28002380952381
LS-PCQA,1,fusion_46,Facade00009_reconstruction_5.ply,Facade00009.ply,2.35714285714286,2.255113095238096
LS-PCQA,1,fusion_46,Facade00009_reconstruction_6.ply,Facade00009.ply,2.5,2.2561398809523823
LS-PCQA,1,fusion_46,Facade00009_reconstruction_7.ply,Facade00009.ply,2.10714285714286,2.234943452380953
LS-PCQA,1,fusion_46,Fish_GammaNoise_1.ply,Fish.ply,3.53571428571429,3.336377976190473
LS-PCQA,1,fusion_46,Fish_GammaNoise_3.ply,Fish.ply,3.33333333333333,3.12645238095238
LS-PCQA,1,fusion_46,Fish_GammaNoise_4.ply,Fish.ply,3.0,3.0726755952380933
LS-PCQA,1,fusion_46,Fish_GammaNoise_5.ply,Fish.ply,3.06666666666667,3.0105476190476184
LS-PCQA,1,fusion_46,Fish_GammaNoise_7.ply,Fish.ply,2.39285714285714,2.6146249999999993
LS-PCQA,1,fusion_46,Fish_reconstruction_3.ply,Fish.ply,4.13333333333333,3.441002976190475
LS-PCQA,1,fusion_46,Fish_reconstruction_4.ply,Fish.ply,4.25,3.3270327380952374
LS-PCQA,1,fusion_46,Fish_reconstruction_5.ply,Fish.ply,4.0,3.304211309523808
LS-PCQA,1,fusion_46,Fish_reconstruction_6.ply,Fish.ply,4.03333333333333,3.400330357142857
LS-PCQA,1,fusion_46,Fish_reconstruction_7.ply,Fish.ply,3.6875,3.1419494047619043
LS-PCQA,1,fusion_46,Kangaroo_lossless-geom-lossy-attrs_3.ply,Kangaroo.ply,4.82142857142857,4.5621785714285705
LS-PCQA,1,fusion_46,Kangaroo_lossless-geom-lossy-attrs_4.ply,Kangaroo.ply,4.8125,4.397648809523812
LS-PCQA,1,fusion_46,Kangaroo_lossless-geom-lossy-attrs_5.ply,Kangaroo.ply,4.78125,4.005642857142857
LS-PCQA,1,fusion_46,Kangaroo_lossless-geom-lossy-attrs_6.ply,Kangaroo.ply,4.03571428571429,3.7332113095238095
LS-PCQA,1,fusion_46,Kangaroo_lossless-geom-lossy-attrs_7.ply,Kangaroo.ply,3.85714285714286,3.341398809523809
LS-PCQA,1,fusion_46,Kangaroo_UniformShifting_1.ply,Kangaroo.ply,4.03571428571429,4.1837500000000025
LS-PCQA,1,fusion_46,Kangaroo_UniformShifting_2.ply,Kangaroo.ply,3.64285714285714,3.6228273809523817
LS-PCQA,1,fusion_46,Kangaroo_UniformShifting_3.ply,Kangaroo.ply,3.03571428571429,3.088541666666666
LS-PCQA,1,fusion_46,Kangaroo_UniformShifting_4.ply,Kangaroo.ply,2.71875,2.7306964285714286
LS-PCQA,1,fusion_46,Kangaroo_UniformShifting_5.ply,Kangaroo.ply,2.57142857142857,2.483163690476189
LS-PCQA,1,fusion_46,matilda_GaussianShifting_1.ply,matilda.ply,3.92857142857143,4.127848214285713
LS-PCQA,1,fusion_46,matilda_GaussianShifting_2.ply,matilda.ply,2.96875,3.3381160714285705
LS-PCQA,1,fusion_46,matilda_GaussianShifting_3.ply,matilda.ply,2.60714285714286,3.006443452380952
LS-PCQA,1,fusion_46,matilda_GaussianShifting_4.ply,matilda.ply,2.21428571428571,2.7294255952380944
LS-PCQA,1,fusion_46,matilda_GaussianShifting_5.ply,matilda.ply,2.33333333333333,2.5044553571428567
LS-PCQA,1,fusion_46,redandblack_ColorQuantizationDither_3.ply,redandblack.ply,3.82142857142857,3.7960178571428567
LS-PCQA,1,fusion_46,redandblack_ColorQuantizationDither_4.ply,redandblack.ply,3.67857142857143,3.46896130952381
LS-PCQA,1,fusion_46,redandblack_ColorQuantizationDither_5.ply,redandblack.ply,3.64285714285714,3.314392857142857
LS-PCQA,1,fusion_46,redandblack_ColorQuantizationDither_6.ply,redandblack.ply,3.25,3.2097321428571424
LS-PCQA,1,fusion_46,redandblack_ColorQuantizationDither_7.ply,redandblack.ply,2.23333333333333,2.7293958333333324
LS-PCQA,1,fusion_46,redandblack_LocalLoss_1.ply,redandblack.ply,4.56666666666667,3.6737886904761927
LS-PCQA,1,fusion_46,redandblack_LocalLoss_2.ply,redandblack.ply,2.96666666666667,2.7444642857142845
LS-PCQA,1,fusion_46,redandblack_LocalLoss_3.ply,redandblack.ply,3.60714285714286,2.4478541666666676
LS-PCQA,1,fusion_46,redandblack_LocalLoss_4.ply,redandblack.ply,3.0,2.0848005952380957
LS-PCQA,1,fusion_46,redandblack_LocalLoss_5.ply,redandblack.ply,2.0,1.6540297619047604
LS-PCQA,1,fusion_46,redandblack_SaturationDistortion_1.ply,redandblack.ply,4.2,4.429122023809524
LS-PCQA,1,fusion_46,redandblack_SaturationDistortion_2.ply,redandblack.ply,3.53571428571429,3.7243898809523817
LS-PCQA,1,fusion_46,redandblack_SaturationDistortion_3.ply,redandblack.ply,2.9,3.3512827380952364
LS-PCQA,1,fusion_46,redandblack_SaturationDistortion_4.ply,redandblack.ply,2.57142857142857,2.8117559523809526
LS-PCQA,1,fusion_46,redandblack_SaturationDistortion_5.ply,redandblack.ply,2.7,2.811520833333333
LS-PCQA,1,fusion_46,RedHorse_LocalRotation_1.ply,RedHorse.ply,3.06666666666667,2.9181220238095227
LS-PCQA,1,fusion_46,RedHorse_LocalRotation_2.ply,RedHorse.ply,2.64285714285714,2.2890952380952387
LS-PCQA,1,fusion_46,RedHorse_LocalRotation_3.ply,RedHorse.ply,2.21428571428571,2.192270833333337
LS-PCQA,1,fusion_46,RedHorse_LocalRotation_4.ply,RedHorse.ply,1.26666666666667,1.4450148809523802
LS-PCQA,1,fusion_46,RedHorse_LocalRotation_5.ply,RedHorse.ply,1.0,1.3305476190476175
LS-PCQA,1,fusion_46,RpDennisPosed004_ColorQuantizationDither_3.ply,RpDennisPosed004.ply,3.78125,3.9385684523809523
LS-PCQA,1,fusion_46,RpDennisPosed004_ColorQuantizationDither_4.ply,RpDennisPosed004.ply,3.5,3.555056547619046
LS-PCQA,1,fusion_46,RpDennisPosed004_ColorQuantizationDither_5.ply,RpDennisPosed004.ply,2.5,3.3277976190476206
LS-PCQA,1,fusion_46,RpDennisPosed004_ColorQuantizationDither_6.ply,RpDennisPosed004.ply,2.75,3.058181547619047
LS-PCQA,1,fusion_46,RpDennisPosed004_ColorQuantizationDither_7.ply,RpDennisPosed004.ply,2.46428571428571,2.6739940476190487
LS-PCQA,1,fusion_46,RpDennisPosed004_LocalOffset_1.ply,RpDennisPosed004.ply,2.75,3.4813988095238098
LS-PCQA,1,fusion_46,RpDennisPosed004_LocalOffset_2.ply,RpDennisPosed004.ply,2.7,2.6462648809523825
LS-PCQA,1,fusion_46,RpDennisPosed004_LocalOffset_3.ply,RpDennisPosed004.ply,2.39285714285714,2.0471875
LS-PCQA,1,fusion_46,RpDennisPosed004_LocalOffset_4.ply,RpDennisPosed004.ply,1.21875,1.8000565476190462
LS-PCQA,1,fusion_46,RpDennisPosed004_LocalOffset_5.ply,RpDennisPosed004.ply,1.21428571428571,1.7054017857142836
LS-PCQA,1,fusion_46,RpDennisPosed004_UniformNoise_1.ply,RpDennisPosed004.ply,4.82142857142857,4.174372023809522
LS-PCQA,1,fusion_46,RpDennisPosed004_UniformNoise_3.ply,RpDennisPosed004.ply,3.67857142857143,3.30164880952381
LS-PCQA,1,fusion_46,RpDennisPosed004_UniformNoise_4.ply,RpDennisPosed004.ply,3.4375,3.077997023809524
LS-PCQA,1,fusion_46,RpDennisPosed004_UniformNoise_5.ply,RpDennisPosed004.ply,3.34375,2.9660000000000015
LS-PCQA,1,fusion_46,RpDennisPosed004_UniformNoise_7.ply,RpDennisPosed004.ply,2.96428571428571,2.8237797619047615
LS-PCQA,1,fusion_46,RyukinGoldfish_lossy-geom-lossy-attrs_3.ply,RyukinGoldfish.ply,4.67857142857143,4.386428571428571
LS-PCQA,1,fusion_46,RyukinGoldfish_lossy-geom-lossy-attrs_4.ply,RyukinGoldfish.ply,4.46666666666667,4.280181547619048
LS-PCQA,1,fusion_46,RyukinGoldfish_lossy-geom-lossy-attrs_5.ply,RyukinGoldfish.ply,3.82142857142857,3.6885952380952385
LS-PCQA,1,fusion_46,RyukinGoldfish_lossy-geom-lossy-attrs_6.ply,RyukinGoldfish.ply,2.92857142857143,2.484175595238095
LS-PCQA,1,fusion_46,RyukinGoldfish_lossy-geom-lossy-attrs_7.ply,RyukinGoldfish.ply,2.10714285714286,1.8491011904761911
LS-PCQA,1,fusion_46,Statue_GammaNoise_1.ply,Statue.ply,3.3,3.2579494047619066
LS-PCQA,1,fusion_46,Statue_GammaNoise_3.ply,Statue.ply,2.96666666666667,3.0613184523809505
LS-PCQA,1,fusion_46,Statue_GammaNoise_4.ply,Statue.ply,3.14285714285714,3.0004136904761896
LS-PCQA,1,fusion_46,Statue_GammaNoise_5.ply,Statue.ply,2.85714285714286,2.872708333333333
LS-PCQA,1,fusion_46,Statue_GammaNoise_7.ply,Statue.ply,2.28571428571429,2.1820773809523812
LS-PCQA,1,fusion_46,Statue_HighFrequencyNoise_3.ply,Statue.ply,3.53333333333333,3.289544642857144
LS-PCQA,1,fusion_46,Statue_HighFrequencyNoise_4.ply,Statue.ply,3.3,3.152735119047619
LS-PCQA,1,fusion_46,Statue_HighFrequencyNoise_5.ply,Statue.ply,3.375,3.1283124999999994
LS-PCQA,1,fusion_46,Statue_HighFrequencyNoise_6.ply,Statue.ply,3.1875,2.5279404761904765
LS-PCQA,1,fusion_46,Statue_HighFrequencyNoise_7.ply,Statue.ply,2.28571428571429,2.2881279761904763
LS-PCQA,1,fusion_46,Statue_limitlossyG-lossyA_3.ply,Statue.ply,4.89285714285714,4.276773809523808
LS-PCQA,1,fusion_46,Statue_limitlossyG-lossyA_4.ply,Statue.ply,4.4375,3.69701488095238
LS-PCQA,1,fusion_46,Statue_limitlossyG-lossyA_5.ply,Statue.ply,2.75,2.737910714285714
LS-PCQA,1,fusion_46,Statue_limitlossyG-lossyA_6.ply,Statue.ply,2.07142857142857,2.311761904761905
LS-PCQA,1,fusion_46,Statue_limitlossyG-lossyA_7.ply,Statue.ply,1.64285714285714,1.891800595238095
LS-PCQA,1,fusion_46,Statue_PoissonNoise_3.ply,Statue.ply,3.90625,3.975619047619047
LS-PCQA,1,fusion_46,Statue_PoissonNoise_4.ply,Statue.ply,3.63333333333333,3.918059523809526
LS-PCQA,1,fusion_46,Statue_PoissonNoise_5.ply,Statue.ply,3.625,3.7628392857142847
LS-PCQA,1,fusion_46,Statue_PoissonNoise_6.ply,Statue.ply,3.3,3.4962708333333348
LS-PCQA,1,fusion_46,Statue_PoissonNoise_7.ply,Statue.ply,3.46875,3.3140892857142874
LS-PCQA,2,pointpca3_only,Baldness_limitlossyG-lossyA_3.ply,Baldness.ply,4.9,4.390130952380955
LS-PCQA,2,pointpca3_only,Baldness_limitlossyG-lossyA_4.ply,Baldness.ply,3.625,3.4488333333333325
LS-PCQA,2,pointpca3_only,Baldness_limitlossyG-lossyA_5.ply,Baldness.ply,1.78571428571429,2.711318452380953
LS-PCQA,2,pointpca3_only,Baldness_limitlossyG-lossyA_6.ply,Baldness.ply,1.8,2.074425595238094
LS-PCQA,2,pointpca3_only,Baldness_limitlossyG-lossyA_7.ply,Baldness.ply,1.46428571428571,1.6293750000000014
LS-PCQA,2,pointpca3_only,Baldness_lossless-geom-lossy-attrs_3.ply,Baldness.ply,4.8125,4.7448392857142885
LS-PCQA,2,pointpca3_only,Baldness_lossless-geom-lossy-attrs_4.ply,Baldness.ply,4.39285714285714,4.363812500000001
LS-PCQA,2,pointpca3_only,Baldness_lossless-geom-lossy-attrs_5.ply,Baldness.ply,4.03571428571429,4.2108958333333355
LS-PCQA,2,pointpca3_only,Baldness_lossless-geom-lossy-attrs_6.ply,Baldness.ply,3.78571428571429,3.871839285714285
LS-PCQA,2,pointpca3_only,Baldness_lossless-geom-lossy-attrs_7.ply,Baldness.ply,2.60714285714286,3.388806547619047
LS-PCQA,2,pointpca3_only,Baldness_PoissonNoise_3.ply,Baldness.ply,3.5,3.6568154761904754
LS-PCQA,2,pointpca3_only,Baldness_PoissonNoise_4.ply,Baldness.ply,4.10714285714286,3.383729166666667
LS-PCQA,2,pointpca3_only,Baldness_PoissonNoise_5.ply,Baldness.ply,3.56666666666667,3.2726071428571415
LS-PCQA,2,pointpca3_only,Baldness_PoissonNoise_6.ply,Baldness.ply,3.42857142857143,3.255139880952379
LS-PCQA,2,pointpca3_only,Baldness_PoissonNoise_7.ply,Baldness.ply,3.5,3.2742232142857115
LS-PCQA,2,pointpca3_only,CardiganWelshCorgi_ColorNoise_3.ply,CardiganWelshCorgi.ply,4.25,4.439154761904761
LS-PCQA,2,pointpca3_only,CardiganWelshCorgi_ColorNoise_4.ply,CardiganWelshCorgi.ply,3.9,3.9287172619047612
LS-PCQA,2,pointpca3_only,CardiganWelshCorgi_ColorNoise_5.ply,CardiganWelshCorgi.ply,3.57142857142857,3.808032738095238
LS-PCQA,2,pointpca3_only,CardiganWelshCorgi_ColorNoise_6.ply,CardiganWelshCorgi.ply,3.07142857142857,3.4681845238095246
LS-PCQA,2,pointpca3_only,CardiganWelshCorgi_ColorNoise_7.ply,CardiganWelshCorgi.ply,3.0,3.2064821428571446
LS-PCQA,2,pointpca3_only,Cat_ColorNoise_3.ply,Cat.ply,4.65625,4.671044642857141
LS-PCQA,2,pointpca3_only,Cat_ColorNoise_4.ply,Cat.ply,4.03571428571429,4.056440476190475
LS-PCQA,2,pointpca3_only,Cat_ColorNoise_5.ply,Cat.ply,3.71428571428571,3.8007470238095227
LS-PCQA,2,pointpca3_only,Cat_ColorNoise_6.ply,Cat.ply,3.43333333333333,3.8001636904761904
LS-PCQA,2,pointpca3_only,Cat_ColorNoise_7.ply,Cat.ply,3.25,3.5247559523809535
LS-PCQA,2,pointpca3_only,Cat_PoissonNoise_3.ply,Cat.ply,4.36666666666667,4.0287886904761905
LS-PCQA,2,pointpca3_only,Cat_PoissonNoise_4.ply,Cat.ply,4.3,3.8023303571428575
LS-PCQA,2,pointpca3_only,Cat_PoissonNoise_5.ply,Cat.ply,3.46428571428571,3.5724166666666686
LS-PCQA,2,pointpca3_only,Cat_PoissonNoise_6.ply,Cat.ply,3.8125,3.4088125000000002
LS-PCQA,2,pointpca3_only,Cat_PoissonNoise_7.ply,Cat.ply,3.32142857142857,3.2754940476190484
LS-PCQA,2,pointpca3_only,EasternHognoseSnake_DownSample_3.ply,EasternHognoseSnake.ply,4.53571428571429,4.1192738095238095
LS-PCQA,2,pointpca3_only,EasternHognoseSnake_DownSample_4.ply,EasternHognoseSnake.ply,4.13333333333333,3.956330357142858
LS-PCQA,2,pointpca3_only,EasternHognoseSnake_DownSample_5.ply,EasternHognoseSnake.ply,3.96428571428571,3.6698928571428606
LS-PCQA,2,pointpca3_only,EasternHognoseSnake_DownSample_6.ply,EasternHognoseSnake.ply,3.33333333333333,3.3419315476190468
LS-PCQA,2,pointpca3_only,EasternHognoseSnake_DownSample_7.ply,EasternHognoseSnake.ply,2.9375,2.8848720238095225
LS-PCQA,2,pointpca3_only,Facade00064_GaussianNoise_1.ply,Facade00064.ply,2.82142857142857,3.4344970238095245
LS-PCQA,2,pointpca3_only,Facade00064_GaussianNoise_3.ply,Facade00064.ply,2.5,3.093821428571429
LS-PCQA,2,pointpca3_only,Facade00064_GaussianNoise_4.ply,Facade00064.ply,1.7,3.0206636904761903
LS-PCQA,2,pointpca3_only,Facade00064_GaussianNoise_5.ply,Facade00064.ply,2.0,2.898702380952382
LS-PCQA,2,pointpca3_only,Facade00064_GaussianNoise_7.ply,Facade00064.ply,1.5,2.7342767857142856
LS-PCQA,2,pointpca3_only,Facade00064_LocalOffset_1.ply,Facade00064.ply,2.39285714285714,2.6727053571428576
LS-PCQA,2,pointpca3_only,Facade00064_LocalOffset_2.ply,Facade00064.ply,2.26666666666667,2.6038958333333344
LS-PCQA,2,pointpca3_only,Facade00064_LocalOffset_3.ply,Facade00064.ply,1.92857142857143,2.0294196428571434
LS-PCQA,2,pointpca3_only,Facade00064_LocalOffset_4.ply,Facade00064.ply,1.56666666666667,1.6908363095238095
LS-PCQA,2,pointpca3_only,Facade00064_LocalOffset_5.ply,Facade00064.ply,1.21428571428571,1.5744255952380948
LS-PCQA,2,pointpca3_only,Facade00064_LocalRotation_1.ply,Facade00064.ply,2.40625,2.7408660714285715
LS-PCQA,2,pointpca3_only,Facade00064_LocalRotation_2.ply,Facade00064.ply,1.46428571428571,2.5785386904761918
LS-PCQA,2,pointpca3_only,Facade00064_LocalRotation_3.ply,Facade00064.ply,1.57142857142857,2.357398809523809
LS-PCQA,2,pointpca3_only,Facade00064_LocalRotation_4.ply,Facade00064.ply,1.03571428571429,2.1657708333333328
LS-PCQA,2,pointpca3_only,Facade00064_LocalRotation_5.ply,Facade00064.ply,1.07142857142857,2.178270833333333
LS-PCQA,2,pointpca3_only,Facade00064_losslessG-limitlossyA_3.ply,Facade00064.ply,4.66666666666667,4.736178571428569
LS-PCQA,2,pointpca3_only,Facade00064_losslessG-limitlossyA_4.ply,Facade00064.ply,4.53571428571429,4.691092261904763
LS-PCQA,2,pointpca3_only,Facade00064_losslessG-limitlossyA_5.ply,Facade00064.ply,3.82142857142857,4.432380952380952
LS-PCQA,2,pointpca3_only,Facade00064_losslessG-limitlossyA_6.ply,Facade00064.ply,3.21428571428571,3.932035714285715
LS-PCQA,2,pointpca3_only,Facade00064_losslessG-limitlossyA_7.ply,Facade00064.ply,1.875,3.5192321428571427
LS-PCQA,2,pointpca3_only,Facade00064_RayleighNoise_1.ply,Facade00064.ply,4.06666666666667,4.207312500000002
LS-PCQA,2,pointpca3_only,Facade00064_RayleighNoise_3.ply,Facade00064.ply,2.67857142857143,3.5422857142857134
LS-PCQA,2,pointpca3_only,Facade00064_RayleighNoise_4.ply,Facade00064.ply,2.71875,3.2767470238095227
LS-PCQA,2,pointpca3_only,Facade00064_RayleighNoise_5.ply,Facade00064.ply,2.33333333333333,3.055098214285715
LS-PCQA,2,pointpca3_only,Facade00064_RayleighNoise_7.ply,Facade00064.ply,1.92857142857143,2.828255952380953
LS-PCQA,2,pointpca3_only,GermanBoxer_GaussianNoise_1.ply,GermanBoxer.ply,4.03571428571429,3.791199404761905
LS-PCQA,2,pointpca3_only,GermanBoxer_GaussianNoise_3.ply,GermanBoxer.ply,3.32142857142857,3.625351190476191
LS-PCQA,2,pointpca3_only,GermanBoxer_GaussianNoise_4.ply,GermanBoxer.ply,3.10714285714286,3.3369375000000003
LS-PCQA,2,pointpca3_only,GermanBoxer_GaussianNoise_5.ply,GermanBoxer.ply,3.21875,3.1884523809523806
LS-PCQA,2,pointpca3_only,GermanBoxer_GaussianNoise_7.ply,GermanBoxer.ply,2.875,2.859869047619047
LS-PCQA,2,pointpca3_only,GermanBoxer_SaltpepperNoise_1.ply,GermanBoxer.ply,3.63333333333333,4.416014880952378
LS-PCQA,2,pointpca3_only,GermanBoxer_SaltpepperNoise_3.ply,GermanBoxer.ply,2.90625,3.3482767857142868
LS-PCQA,2,pointpca3_only,GermanBoxer_SaltpepperNoise_4.ply,GermanBoxer.ply,2.85714285714286,2.971369047619049
LS-PCQA,2,pointpca3_only,GermanBoxer_SaltpepperNoise_5.ply,GermanBoxer.ply,2.53571428571429,2.955779761904761
LS-PCQA,2,pointpca3_only,GermanBoxer_SaltpepperNoise_7.ply,GermanBoxer.ply,2.5,2.820797619047618
LS-PCQA,2,pointpca3_only,Handcream_C2AI-lossy-geom-lossy-attrs_3.ply,Handcream.ply,4.35714285714286,4.364645833333335
LS-PCQA,2,pointpca3_only,Handcream_C2AI-lossy-geom-lossy-attrs_4.ply,Handcream.ply,4.25,4.164473214285715
LS-PCQA,2,pointpca3_only,Handcream_C2AI-lossy-geom-lossy-attrs_5.ply,Handcream.ply,3.92857142857143,3.9134880952380957
LS-PCQA,2,pointpca3_only,Handcream_C2AI-lossy-geom-lossy-attrs_6.ply,Handcream.ply,3.43333333333333,3.5528035714285693
LS-PCQA,2,pointpca3_only,Handcream_C2AI-lossy-geom-lossy-attrs_7.ply,Handcream.ply,2.60714285714286,3.0683363095238105
LS-PCQA,2,pointpca3_only,Handcream_ColorNoise_3.ply,Handcream.ply,4.21875,4.518910714285713
LS-PCQA,2,pointpca3_only,Handcream_ColorNoise_4.ply,Handcream.ply,3.39285714285714,3.9376398809523807
LS-PCQA,2,pointpca3_only,Handcream_ColorNoise_5.ply,Handcream.ply,3.53333333333333,3.6874553571428548
LS-PCQA,2,pointpca3_only,Handcream_ColorNoise_6.ply,Handcream.ply,3.3,3.535654761904762
LS-PCQA,2,pointpca3_only,Handcream_ColorNoise_7.ply,Handcream.ply,3.25,3.3545386904761894
LS-PCQA,2,pointpca3_only,Handcream_lossless-geom-lossy-attrs_3.ply,Handcream.ply,4.60714285714286,4.809717261904762
LS-PCQA,2,pointpca3_only,Handcream_lossless-geom-lossy-attrs_4.ply,Handcream.ply,4.5,4.748479166666668
LS-PCQA,2,pointpca3_only,Handcream_lossless-geom-lossy-attrs_5.ply,Handcream.ply,4.06666666666667,4.472967261904765
LS-PCQA,2,pointpca3_only,Handcream_lossless-geom-lossy-attrs_6.ply,Handcream.ply,3.5,3.897398809523809
LS-PCQA,2,pointpca3_only,Handcream_lossless-geom-lossy-attrs_7.ply,Handcream.ply,3.17857142857143,3.7007529761904774
LS-PCQA,2,pointpca3_only,Handcream_LumaNoise_1.ply,Handcream.ply,4.3125,4.591303571428568
LS-PCQA,2,pointpca3_only,Handcream_LumaNoise_3.ply,Handcream.ply,3.64285714285714,3.452702380952378
LS-PCQA,2,pointpca3_only,Handcream_LumaNoise_4.ply,Handcream.ply,3.03333333333333,3.2741815476190466
LS-PCQA,2,pointpca3_only,Handcream_LumaNoise_5.ply,Handcream.ply,2.76666666666667,3.149410714285714
LS-PCQA,2,pointpca3_only,Handcream_LumaNoise_7.ply,Handcream.ply,2.03571428571429,2.4547261904761903
LS-PCQA,2,pointpca3_only,HearNoEvilMonkey_GaussianShifting_1.ply,HearNoEvilMonkey.ply,4.73333333333333,4.178636904761905
LS-PCQA,2,pointpca3_only,HearNoEvilMonkey_GaussianShifting_2.ply,HearNoEvilMonkey.ply,3.32142857142857,3.475681547619045
LS-PCQA,2,pointpca3_only,HearNoEvilMonkey_GaussianShifting_3.ply,HearNoEvilMonkey.ply,3.0625,3.1387708333333317
LS-PCQA,2,pointpca3_only,HearNoEvilMonkey_GaussianShifting_4.ply,HearNoEvilMonkey.ply,2.67857142857143,2.79878869047619
LS-PCQA,2,pointpca3_only,HearNoEvilMonkey_GaussianShifting_5.ply,HearNoEvilMonkey.ply,2.78571428571429,2.7254404761904762
LS-PCQA,2,pointpca3_only,HearNoEvilMonkey_SaturationDistortion_1.ply,HearNoEvilMonkey.ply,4.28125,4.669940476190473
LS-PCQA,2,pointpca3_only,HearNoEvilMonkey_SaturationDistortion_2.ply,HearNoEvilMonkey.ply,4.09375,4.754139880952377
LS-PCQA,2,pointpca3_only,HearNoEvilMonkey_SaturationDistortion_3.ply,HearNoEvilMonkey.ply,3.5,4.534452380952379
LS-PCQA,2,pointpca3_only,HearNoEvilMonkey_SaturationDistortion_4.ply,HearNoEvilMonkey.ply,2.71428571428571,4.4309732142857134
LS-PCQA,2,pointpca3_only,HearNoEvilMonkey_SaturationDistortion_5.ply,HearNoEvilMonkey.ply,2.78125,4.285241071428572
LS-PCQA,2,pointpca3_only,jetanima_MultiplicativeGaussianNoise_1.ply,jetanima.ply,3.5,2.771127976190477
LS-PCQA,2,pointpca3_only,jetanima_MultiplicativeGaussianNoise_3.ply,jetanima.ply,3.32142857142857,2.808770833333333
LS-PCQA,2,pointpca3_only,jetanima_MultiplicativeGaussianNoise_4.ply,jetanima.ply,2.82142857142857,2.8142589285714283
LS-PCQA,2,pointpca3_only,jetanima_MultiplicativeGaussianNoise_5.ply,jetanima.ply,2.9,2.7646488095238095
LS-PCQA,2,pointpca3_only,jetanima_MultiplicativeGaussianNoise_7.ply,jetanima.ply,2.32142857142857,2.6530059523809517
LS-PCQA,2,pointpca3_only,jetanima_UniformShifting_1.ply,jetanima.ply,4.39285714285714,3.9682857142857157
LS-PCQA,2,pointpca3_only,jetanima_UniformShifting_2.ply,jetanima.ply,3.6,3.6695773809523824
LS-PCQA,2,pointpca3_only,jetanima_UniformShifting_3.ply,jetanima.ply,3.03571428571429,3.2841130952380957
LS-PCQA,2,pointpca3_only,jetanima_UniformShifting_4.ply,jetanima.ply,2.59375,3.0305386904761917
LS-PCQA,2,pointpca3_only,jetanima_UniformShifting_5.ply,jetanima.ply,2.5625,2.7991875
LS-PCQA,2,pointpca3_only,lowpolycarsset2_lossy-geom-lossy-attrs_3.ply,lowpolycarsset2.ply,4.5,3.838119047619049
LS-PCQA,2,pointpca3_only,lowpolycarsset2_lossy-geom-lossy-attrs_4.ply,lowpolycarsset2.ply,4.375,3.877541666666669
LS-PCQA,2,pointpca3_only,lowpolycarsset2_lossy-geom-lossy-attrs_5.ply,lowpolycarsset2.ply,3.92857142857143,3.9650148809523795
LS-PCQA,2,pointpca3_only,lowpolycarsset2_lossy-geom-lossy-attrs_6.ply,lowpolycarsset2.ply,2.25,3.200869047619047
LS-PCQA,2,pointpca3_only,lowpolycarsset2_lossy-geom-lossy-attrs_7.ply,lowpolycarsset2.ply,1.89285714285714,2.1386636904761898
LS-PCQA,2,pointpca3_only,model_ColorNoise_3.ply,model.ply,3.84375,4.13522023809524
LS-PCQA,2,pointpca3_only,model_ColorNoise_4.ply,model.ply,3.5,3.739166666666666
LS-PCQA,2,pointpca3_only,model_ColorNoise_5.ply,model.ply,3.17857142857143,3.590974702380953
LS-PCQA,2,pointpca3_only,model_ColorNoise_6.ply,model.ply,2.89285714285714,3.4064598214285717
LS-PCQA,2,pointpca3_only,model_ColorNoise_7.ply,model.ply,2.89285714285714,3.2550446428571416
LS-PCQA,2,pointpca3_only,model_HighFrequencyNoise_3.ply,model.ply,3.25,3.545272321428571
LS-PCQA,2,pointpca3_only,model_HighFrequencyNoise_4.ply,model.ply,3.0,3.4321279761904755
LS-PCQA,2,pointpca3_only,model_HighFrequencyNoise_5.ply,model.ply,2.82142857142857,3.377648809523809
LS-PCQA,2,pointpca3_only,model_HighFrequencyNoise_6.ply,model.ply,2.71875,3.092449404761905
LS-PCQA,2,pointpca3_only,model_HighFrequencyNoise_7.ply,model.ply,2.53333333333333,3.0113005952380956
LS-PCQA,2,pointpca3_only,model_SaltpepperNoise_1.ply,model.ply,3.6,3.6264047619047592
LS-PCQA,2,pointpca3_only,model_SaltpepperNoise_3.ply,model.ply,2.59375,3.057907738095239
LS-PCQA,2,pointpca3_only,model_SaltpepperNoise_4.ply,model.ply,2.42857142857143,3.0095684523809543
LS-PCQA,2,pointpca3_only,model_SaltpepperNoise_5.ply,model.ply,2.42857142857143,2.981660714285716
LS-PCQA,2,pointpca3_only,model_SaltpepperNoise_7.ply,model.ply,1.82142857142857,2.9256250000000006
LS-PCQA,2,pointpca3_only,RpClaudiaRigged_UniformNoise_1.ply,RpClaudiaRigged.ply,4.53571428571429,4.564431547619046
LS-PCQA,2,pointpca3_only,RpClaudiaRigged_UniformNoise_3.ply,RpClaudiaRigged.ply,3.46875,3.7666666666666653
LS-PCQA,2,pointpca3_only,RpClaudiaRigged_UniformNoise_4.ply,RpClaudiaRigged.ply,3.10714285714286,3.613407738095237
LS-PCQA,2,pointpca3_only,RpClaudiaRigged_UniformNoise_5.ply,RpClaudiaRigged.ply,2.89285714285714,3.5154761904761904
LS-PCQA,2,pointpca3_only,RpClaudiaRigged_UniformNoise_7.ply,RpClaudiaRigged.ply,2.82142857142857,3.2768720238095246
LS-PCQA,2,pointpca3_only,RpFabiennePercyPosed001_ContrastDistortion_1.ply,RpFabiennePercyPosed001.ply,3.8,3.5063898809523812
LS-PCQA,2,pointpca3_only,RpFabiennePercyPosed001_ContrastDistortion_2.ply,RpFabiennePercyPosed001.ply,3.82142857142857,3.045327380952381
LS-PCQA,2,pointpca3_only,RpFabiennePercyPosed001_ContrastDistortion_3.ply,RpFabiennePercyPosed001.ply,3.17857142857143,2.821955357142856
LS-PCQA,2,pointpca3_only,RpFabiennePercyPosed001_ContrastDistortion_4.ply,RpFabiennePercyPosed001.ply,2.71428571428571,2.766294642857142
LS-PCQA,2,pointpca3_only,RpFabiennePercyPosed001_ContrastDistortion_5.ply,RpFabiennePercyPosed001.ply,2.53333333333333,2.7366220238095242
LS-PCQA,2,pointpca3_only,RpFabiennePercyPosed001_LocalOffset_1.ply,RpFabiennePercyPosed001.ply,4.46666666666667,3.2621934523809544
LS-PCQA,2,pointpca3_only,RpFabiennePercyPosed001_LocalOffset_2.ply,RpFabiennePercyPosed001.ply,3.5,3.4200446428571443
LS-PCQA,2,pointpca3_only,RpFabiennePercyPosed001_LocalOffset_3.ply,RpFabiennePercyPosed001.ply,2.78571428571429,2.654708333333332
LS-PCQA,2,pointpca3_only,RpFabiennePercyPosed001_LocalOffset_4.ply,RpFabiennePercyPosed001.ply,2.57142857142857,2.3162321428571437
LS-PCQA,2,pointpca3_only,RpFabiennePercyPosed001_LocalOffset_5.ply,RpFabiennePercyPosed001.ply,1.89285714285714,1.4432172619047623
LS-PCQA,2,pointpca3_only,RpFabiennePercyPosed001_UniformShifting_1.ply,RpFabiennePercyPosed001.ply,3.92857142857143,4.204833333333335
LS-PCQA,2,pointpca3_only,RpFabiennePercyPosed001_UniformShifting_2.ply,RpFabiennePercyPosed001.ply,3.07142857142857,3.93907738095238
LS-PCQA,2,pointpca3_only,RpFabiennePercyPosed001_UniformShifting_3.ply,RpFabiennePercyPosed001.ply,2.625,3.2058601190476197
LS-PCQA,2,pointpca3_only,RpFabiennePercyPosed001_UniformShifting_4.ply,RpFabiennePercyPosed001.ply,2.1875,2.9477172619047622
LS-PCQA,2,pointpca3_only,RpFabiennePercyPosed001_UniformShifting_5.ply,RpFabiennePercyPosed001.ply,1.92857142857143,2.8179434523809515
LS-PCQA,2,pointpca3_only,ScarletSnake_lossy-geom-lossy-attrs_3.ply,ScarletSnake.ply,4.71428571428571,4.332547619047621
LS-PCQA,2,pointpca3_only,ScarletSnake_lossy-geom-lossy-attrs_4.ply,ScarletSnake.ply,4.5625,4.026303571428571
LS-PCQA,2,pointpca3_only,ScarletSnake_lossy-geom-lossy-attrs_5.ply,ScarletSnake.ply,3.83333333333333,3.6048839285714274
LS-PCQA,2,pointpca3_only,ScarletSnake_lossy-geom-lossy-attrs_6.ply,ScarletSnake.ply,3.0,2.900107142857142
LS-PCQA,2,pointpca3_only,ScarletSnake_lossy-geom-lossy-attrs_7.ply,ScarletSnake.ply,2.07142857142857,1.8421517857142866
LS-PCQA,2,pointpca3_only,Soccer_CorrelatedGaussianNoise_1.ply,Soccer.ply,3.9,3.249154761904761
LS-PCQA,2,pointpca3_only,Soccer_CorrelatedGaussianNoise_2.ply,Soccer.ply,3.5,3.098029761904761
LS-PCQA,2,pointpca3_only,Soccer_CorrelatedGaussianNoise_3.ply,Soccer.ply,3.35714285714286,2.9317767857142853
LS-PCQA,2,pointpca3_only,Soccer_CorrelatedGaussianNoise_4.ply,Soccer.ply,3.0,2.8934166666666656
LS-PCQA,2,pointpca3_only,Soccer_CorrelatedGaussianNoise_5.ply,Soccer.ply,2.75,2.793232142857143
LS-PCQA,2,pointpca3_only,Soccer_MeanShift_1.ply,Soccer.ply,4.125,4.381190476190473
LS-PCQA,2,pointpca3_only,Soccer_MeanShift_3.ply,Soccer.ply,3.2,3.5175505952380943
LS-PCQA,2,pointpca3_only,Soccer_MeanShift_4.ply,Soccer.ply,2.67857142857143,3.43960119047619
LS-PCQA,2,pointpca3_only,Soccer_MeanShift_5.ply,Soccer.ply,2.71428571428571,3.42535119047619
LS-PCQA,2,pointpca3_only,Soccer_MeanShift_7.ply,Soccer.ply,1.14285714285714,2.6010238095238107
LS-PCQA,2,pointpca3_only,Whale_LocalOffset_1.ply,Whale.ply,4.28571428571429,2.8785595238095225
LS-PCQA,2,pointpca3_only,Whale_LocalOffset_2.ply,Whale.ply,3.0,2.739544642857142
LS-PCQA,2,pointpca3_only,Whale_LocalOffset_3.ply,Whale.ply,2.10714285714286,2.3439821428571435
LS-PCQA,2,pointpca3_only,Whale_LocalOffset_4.ply,Whale.ply,2.1,1.6298928571428575
LS-PCQA,2,pointpca3_only,Whale_LocalOffset_5.ply,Whale.ply,1.67857142857143,1.446711309523809
LS-PCQA,2,pointpca3_only,Wood_DownSample_3.ply,Wood.ply,4.3,4.0653749999999995
LS-PCQA,2,pointpca3_only,Wood_DownSample_4.ply,Wood.ply,4.25,4.025005952380953
LS-PCQA,2,pointpca3_only,Wood_DownSample_5.ply,Wood.ply,3.85714285714286,3.7125773809523817
LS-PCQA,2,pointpca3_only,Wood_DownSample_6.ply,Wood.ply,2.85714285714286,3.4620654761904746
LS-PCQA,2,pointpca3_only,Wood_DownSample_7.ply,Wood.ply,2.46875,2.97951488095238
LS-PCQA,2,pointpca3_only,Wood_Octree_1.ply,Wood.ply,2.84375,3.3317142857142854
LS-PCQA,2,pointpca3_only,Wood_Octree_2.ply,Wood.ply,2.375,2.6880863095238112
LS-PCQA,2,pointpca3_only,Wood_Octree_3.ply,Wood.ply,2.07142857142857,2.4366071428571443
LS-PCQA,2,pointpca3_only,Wood_Octree_4.ply,Wood.ply,1.60714285714286,2.1966458333333336
LS-PCQA,2,pointpca3_only,Wood_Octree_5.ply,Wood.ply,1.73333333333333,1.8906458333333345
LS-PCQA,2,pointpca3_only,Wood_UniformNoise_1.ply,Wood.ply,4.64285714285714,4.761860119047621
LS-PCQA,2,pointpca3_only,Wood_UniformNoise_3.ply,Wood.ply,3.85714285714286,4.253764880952382
LS-PCQA,2,pointpca3_only,Wood_UniformNoise_4.ply,Wood.ply,4.0,3.874291666666666
LS-PCQA,2,pointpca3_only,Wood_UniformNoise_5.ply,Wood.ply,3.07142857142857,3.742431547619047
LS-PCQA,2,pointpca3_only,Wood_UniformNoise_7.ply,Wood.ply,3.10714285714286,3.400011904761904
LS-PCQA,2,dists_only,Baldness_limitlossyG-lossyA_3.ply,Baldness.ply,4.9,4.079095238095239
LS-PCQA,2,dists_only,Baldness_limitlossyG-lossyA_4.ply,Baldness.ply,3.625,3.5110952380952396
LS-PCQA,2,dists_only,Baldness_limitlossyG-lossyA_5.ply,Baldness.ply,1.78571428571429,2.757214285714285
LS-PCQA,2,dists_only,Baldness_limitlossyG-lossyA_6.ply,Baldness.ply,1.8,2.1572499999999994
LS-PCQA,2,dists_only,Baldness_limitlossyG-lossyA_7.ply,Baldness.ply,1.46428571428571,1.6455059523809554
LS-PCQA,2,dists_only,Baldness_lossless-geom-lossy-attrs_3.ply,Baldness.ply,4.8125,4.299071428571429
LS-PCQA,2,dists_only,Baldness_lossless-geom-lossy-attrs_4.ply,Baldness.ply,4.39285714285714,3.9341845238095243
LS-PCQA,2,dists_only,Baldness_lossless-geom-lossy-attrs_5.ply,Baldness.ply,4.03571428571429,3.532964285714287
LS-PCQA,2,dists_only,Baldness_lossless-geom-lossy-attrs_6.ply,Baldness.ply,3.78571428571429,3.220809523809523
LS-PCQA,2,dists_only,Baldness_lossless-geom-lossy-attrs_7.ply,Baldness.ply,2.60714285714286,3.0209494047619057
LS-PCQA,2,dists_only,Baldness_PoissonNoise_3.ply,Baldness.ply,3.5,4.116723214285716
LS-PCQA,2,dists_only,Baldness_PoissonNoise_4.ply,Baldness.ply,4.10714285714286,3.583214285714286
LS-PCQA,2,dists_only,Baldness_PoissonNoise_5.ply,Baldness.ply,3.56666666666667,3.7133898809523793
LS-PCQA,2,dists_only,Baldness_PoissonNoise_6.ply,Baldness.ply,3.42857142857143,3.440142857142857
LS-PCQA,2,dists_only,Baldness_PoissonNoise_7.ply,Baldness.ply,3.5,3.492514880952381
LS-PCQA,2,dists_only,CardiganWelshCorgi_ColorNoise_3.ply,CardiganWelshCorgi.ply,4.25,3.35044345238095
LS-PCQA,2,dists_only,CardiganWelshCorgi_ColorNoise_4.ply,CardiganWelshCorgi.ply,3.9,3.049464285714287
LS-PCQA,2,dists_only,CardiganWelshCorgi_ColorNoise_5.ply,CardiganWelshCorgi.ply,3.57142857142857,2.936857142857144
LS-PCQA,2,dists_only,CardiganWelshCorgi_ColorNoise_6.ply,CardiganWelshCorgi.ply,3.07142857142857,2.8329226190476193
LS-PCQA,2,dists_only,CardiganWelshCorgi_ColorNoise_7.ply,CardiganWelshCorgi.ply,3.0,2.66954761904762
LS-PCQA,2,dists_only,Cat_ColorNoise_3.ply,Cat.ply,4.65625,3.3237172619047635
LS-PCQA,2,dists_only,Cat_ColorNoise_4.ply,Cat.ply,4.03571428571429,3.186261904761905
LS-PCQA,2,dists_only,Cat_ColorNoise_5.ply,Cat.ply,3.71428571428571,3.267458333333334
LS-PCQA,2,dists_only,Cat_ColorNoise_6.ply,Cat.ply,3.43333333333333,2.9941696428571434
LS-PCQA,2,dists_only,Cat_ColorNoise_7.ply,Cat.ply,3.25,2.8244136904761916
LS-PCQA,2,dists_only,Cat_PoissonNoise_3.ply,Cat.ply,4.36666666666667,3.7071964285714283
LS-PCQA,2,dists_only,Cat_PoissonNoise_4.ply,Cat.ply,4.3,3.7053363095238128
LS-PCQA,2,dists_only,Cat_PoissonNoise_5.ply,Cat.ply,3.46428571428571,3.204306547619048
LS-PCQA,2,dists_only,Cat_PoissonNoise_6.ply,Cat.ply,3.8125,3.416550595238098
LS-PCQA,2,dists_only,Cat_PoissonNoise_7.ply,Cat.ply,3.32142857142857,3.15855654761905
LS-PCQA,2,dists_only,EasternHognoseSnake_DownSample_3.ply,EasternHognoseSnake.ply,4.53571428571429,4.180779761904763
LS-PCQA,2,dists_only,EasternHognoseSnake_DownSample_4.ply,EasternHognoseSnake.ply,4.13333333333333,3.8949017857142874
LS-PCQA,2,dists_only,EasternHognoseSnake_DownSample_5.ply,EasternHognoseSnake.ply,3.96428571428571,3.5883005952380973
LS-PCQA,2,dists_only,EasternHognoseSnake_DownSample_6.ply,EasternHognoseSnake.ply,3.33333333333333,3.209410714285715
LS-PCQA,2,dists_only,EasternHognoseSnake_DownSample_7.ply,EasternHognoseSnake.ply,2.9375,3.0328958333333333
LS-PCQA,2,dists_only,Facade00064_GaussianNoise_1.ply,Facade00064.ply,2.82142857142857,2.8570089285714295
LS-PCQA,2,dists_only,Facade00064_GaussianNoise_3.ply,Facade00064.ply,2.5,2.6947559523809526
LS-PCQA,2,dists_only,Facade00064_GaussianNoise_4.ply,Facade00064.ply,1.7,2.6938035714285724
LS-PCQA,2,dists_only,Facade00064_GaussianNoise_5.ply,Facade00064.ply,2.0,2.71628869047619
LS-PCQA,2,dists_only,Facade00064_GaussianNoise_7.ply,Facade00064.ply,1.5,2.0812946428571433
LS-PCQA,2,dists_only,Facade00064_LocalOffset_1.ply,Facade00064.ply,2.39285714285714,3.742199404761905
LS-PCQA,2,dists_only,Facade00064_LocalOffset_2.ply,Facade00064.ply,2.26666666666667,4.371699404761905
LS-PCQA,2,dists_only,Facade00064_LocalOffset_3.ply,Facade00064.ply,1.92857142857143,3.381130952380953
LS-PCQA,2,dists_only,Facade00064_LocalOffset_4.ply,Facade00064.ply,1.56666666666667,3.0056964285714285
LS-PCQA,2,dists_only,Facade00064_LocalOffset_5.ply,Facade00064.ply,1.21428571428571,2.798520833333331
LS-PCQA,2,dists_only,Facade00064_LocalRotation_1.ply,Facade00064.ply,2.40625,4.233279761904762
LS-PCQA,2,dists_only,Facade00064_LocalRotation_2.ply,Facade00064.ply,1.46428571428571,2.878666666666667
LS-PCQA,2,dists_only,Facade00064_LocalRotation_3.ply,Facade00064.ply,1.57142857142857,3.178520833333331
LS-PCQA,2,dists_only,Facade00064_LocalRotation_4.ply,Facade00064.ply,1.03571428571429,1.8755029761904753
LS-PCQA,2,dists_only,Facade00064_LocalRotation_5.ply,Facade00064.ply,1.07142857142857,1.9000535714285711
LS-PCQA,2,dists_only,Facade00064_losslessG-limitlossyA_3.ply,Facade00064.ply,4.66666666666667,4.618494047619049
LS-PCQA,2,dists_only,Facade00064_losslessG-limitlossyA_4.ply,Facade00064.ply,4.53571428571429,4.397794642857141
LS-PCQA,2,dists_only,Facade00064_losslessG-limitlossyA_5.ply,Facade00064.ply,3.82142857142857,3.9551279761904765
LS-PCQA,2,dists_only,Facade00064_losslessG-limitlossyA_6.ply,Facade00064.ply,3.21428571428571,3.74013988095238
LS-PCQA,2,dists_only,Facade00064_losslessG-limitlossyA_7.ply,Facade00064.ply,1.875,2.1362261904761906
LS-PCQA,2,dists_only,Facade00064_RayleighNoise_1.ply,Facade00064.ply,4.06666666666667,4.248574404761905
LS-PCQA,2,dists_only,Facade00064_RayleighNoise_3.ply,Facade00064.ply,2.67857142857143,3.394663690476191
LS-PCQA,2,dists_only,Facade00064_RayleighNoise_4.ply,Facade00064.ply,2.71875,2.962083333333334
LS-PCQA,2,dists_only,Facade00064_RayleighNoise_5.ply,Facade00064.ply,2.33333333333333,2.8725773809523814
LS-PCQA,2,dists_only,Facade00064_RayleighNoise_7.ply,Facade00064.ply,1.92857142857143,2.5903779761904757
LS-PCQA,2,dists_only,GermanBoxer_GaussianNoise_1.ply,GermanBoxer.ply,4.03571428571429,3.339928571428572
LS-PCQA,2,dists_only,GermanBoxer_GaussianNoise_3.ply,GermanBoxer.ply,3.32142857142857,3.258494047619048
LS-PCQA,2,dists_only,GermanBoxer_GaussianNoise_4.ply,GermanBoxer.ply,3.10714285714286,3.1069999999999998
LS-PCQA,2,dists_only,GermanBoxer_GaussianNoise_5.ply,GermanBoxer.ply,3.21875,2.64873511904762
LS-PCQA,2,dists_only,GermanBoxer_GaussianNoise_7.ply,GermanBoxer.ply,2.875,2.8122410714285717
LS-PCQA,2,dists_only,GermanBoxer_SaltpepperNoise_1.ply,GermanBoxer.ply,3.63333333333333,3.3421249999999993
LS-PCQA,2,dists_only,GermanBoxer_SaltpepperNoise_3.ply,GermanBoxer.ply,2.90625,2.9434285714285715
LS-PCQA,2,dists_only,GermanBoxer_SaltpepperNoise_4.ply,GermanBoxer.ply,2.85714285714286,2.735857142857144
LS-PCQA,2,dists_only,GermanBoxer_SaltpepperNoise_5.ply,GermanBoxer.ply,2.53571428571429,2.7897738095238105
LS-PCQA,2,dists_only,GermanBoxer_SaltpepperNoise_7.ply,GermanBoxer.ply,2.5,2.2361011904761896
LS-PCQA,2,dists_only,Handcream_C2AI-lossy-geom-lossy-attrs_3.ply,Handcream.ply,4.35714285714286,3.5753660714285718
LS-PCQA,2,dists_only,Handcream_C2AI-lossy-geom-lossy-attrs_4.ply,Handcream.ply,4.25,3.08504761904762
LS-PCQA,2,dists_only,Handcream_C2AI-lossy-geom-lossy-attrs_5.ply,Handcream.ply,3.92857142857143,3.386925595238095
LS-PCQA,2,dists_only,Handcream_C2AI-lossy-geom-lossy-attrs_6.ply,Handcream.ply,3.43333333333333,3.1064821428571427
LS-PCQA,2,dists_only,Handcream_C2AI-lossy-geom-lossy-attrs_7.ply,Handcream.ply,2.60714285714286,2.7970892857142866
LS-PCQA,2,dists_only,Handcream_ColorNoise_3.ply,Handcream.ply,4.21875,3.5113422619047623
LS-PCQA,2,dists_only,Handcream_ColorNoise_4.ply,Handcream.ply,3.39285714285714,3.621011904761906
LS-PCQA,2,dists_only,Handcream_ColorNoise_5.ply,Handcream.ply,3.53333333333333,2.931419642857143
LS-PCQA,2,dists_only,Handcream_ColorNoise_6.ply,Handcream.ply,3.3,2.6303750000000004
LS-PCQA,2,dists_only,Handcream_ColorNoise_7.ply,Handcream.ply,3.25,2.794270833333334
LS-PCQA,2,dists_only,Handcream_lossless-geom-lossy-attrs_3.ply,Handcream.ply,4.60714285714286,4.026217261904763
LS-PCQA,2,dists_only,Handcream_lossless-geom-lossy-attrs_4.ply,Handcream.ply,4.5,3.897497023809525
LS-PCQA,2,dists_only,Handcream_lossless-geom-lossy-attrs_5.ply,Handcream.ply,4.06666666666667,3.7279226190476216
LS-PCQA,2,dists_only,Handcream_lossless-geom-lossy-attrs_6.ply,Handcream.ply,3.5,3.5041160714285695
LS-PCQA,2,dists_only,Handcream_lossless-geom-lossy-attrs_7.ply,Handcream.ply,3.17857142857143,2.841443452380952
LS-PCQA,2,dists_only,Handcream_LumaNoise_1.ply,Handcream.ply,4.3125,4.428119047619044
LS-PCQA,2,dists_only,Handcream_LumaNoise_3.ply,Handcream.ply,3.64285714285714,3.535869047619047
LS-PCQA,2,dists_only,Handcream_LumaNoise_4.ply,Handcream.ply,3.03333333333333,3.2508377976190483
LS-PCQA,2,dists_only,Handcream_LumaNoise_5.ply,Handcream.ply,2.76666666666667,2.8928869047619035
LS-PCQA,2,dists_only,Handcream_LumaNoise_7.ply,Handcream.ply,2.03571428571429,2.184675595238095
LS-PCQA,2,dists_only,HearNoEvilMonkey_GaussianShifting_1.ply,HearNoEvilMonkey.ply,4.73333333333333,4.267032738095244
LS-PCQA,2,dists_only,HearNoEvilMonkey_GaussianShifting_2.ply,HearNoEvilMonkey.ply,3.32142857142857,3.0837321428571416
LS-PCQA,2,dists_only,HearNoEvilMonkey_GaussianShifting_3.ply,HearNoEvilMonkey.ply,3.0625,3.0050952380952385
LS-PCQA,2,dists_only,HearNoEvilMonkey_GaussianShifting_4.ply,HearNoEvilMonkey.ply,2.67857142857143,2.7867053571428575
LS-PCQA,2,dists_only,HearNoEvilMonkey_GaussianShifting_5.ply,HearNoEvilMonkey.ply,2.78571428571429,2.418973214285715
LS-PCQA,2,dists_only,HearNoEvilMonkey_SaturationDistortion_1.ply,HearNoEvilMonkey.ply,4.28125,4.427684523809521
LS-PCQA,2,dists_only,HearNoEvilMonkey_SaturationDistortion_2.ply,HearNoEvilMonkey.ply,4.09375,4.389684523809524
LS-PCQA,2,dists_only,HearNoEvilMonkey_SaturationDistortion_3.ply,HearNoEvilMonkey.ply,3.5,3.963449404761905
LS-PCQA,2,dists_only,HearNoEvilMonkey_SaturationDistortion_4.ply,HearNoEvilMonkey.ply,2.71428571428571,3.847220238095238
LS-PCQA,2,dists_only,HearNoEvilMonkey_SaturationDistortion_5.ply,HearNoEvilMonkey.ply,2.78125,3.814241071428574
LS-PCQA,2,dists_only,jetanima_MultiplicativeGaussianNoise_1.ply,jetanima.ply,3.5,2.254732142857142
LS-PCQA,2,dists_only,jetanima_MultiplicativeGaussianNoise_3.ply,jetanima.ply,3.32142857142857,2.0333630952380957
LS-PCQA,2,dists_only,jetanima_MultiplicativeGaussianNoise_4.ply,jetanima.ply,2.82142857142857,2.0834523809523815
LS-PCQA,2,dists_only,jetanima_MultiplicativeGaussianNoise_5.ply,jetanima.ply,2.9,2.1465773809523823
LS-PCQA,2,dists_only,jetanima_MultiplicativeGaussianNoise_7.ply,jetanima.ply,2.32142857142857,2.188586309523811
LS-PCQA,2,dists_only,jetanima_UniformShifting_1.ply,jetanima.ply,4.39285714285714,3.213089285714286
LS-PCQA,2,dists_only,jetanima_UniformShifting_2.ply,jetanima.ply,3.6,3.520627976190474
LS-PCQA,2,dists_only,jetanima_UniformShifting_3.ply,jetanima.ply,3.03571428571429,3.113638392857144
LS-PCQA,2,dists_only,jetanima_UniformShifting_4.ply,jetanima.ply,2.59375,2.7203154761904766
LS-PCQA,2,dists_only,jetanima_UniformShifting_5.ply,jetanima.ply,2.5625,2.670315476190475
LS-PCQA,2,dists_only,lowpolycarsset2_lossy-geom-lossy-attrs_3.ply,lowpolycarsset2.ply,4.5,3.647651785714286
LS-PCQA,2,dists_only,lowpolycarsset2_lossy-geom-lossy-attrs_4.ply,lowpolycarsset2.ply,4.375,3.4965297619047613
LS-PCQA,2,dists_only,lowpolycarsset2_lossy-geom-lossy-attrs_5.ply,lowpolycarsset2.ply,3.92857142857143,2.9769970238095236
LS-PCQA,2,dists_only,lowpolycarsset2_lossy-geom-lossy-attrs_6.ply,lowpolycarsset2.ply,2.25,2.6851696428571437
LS-PCQA,2,dists_only,lowpolycarsset2_lossy-geom-lossy-attrs_7.ply,lowpolycarsset2.ply,1.89285714285714,2.159095238095235
LS-PCQA,2,dists_only,model_ColorNoise_3.ply,model.ply,3.84375,3.591497023809522
LS-PCQA,2,dists_only,model_ColorNoise_4.ply,model.ply,3.5,3.0427559523809524
LS-PCQA,2,dists_only,model_ColorNoise_5.ply,model.ply,3.17857142857143,3.044175595238094
LS-PCQA,2,dists_only,model_ColorNoise_6.ply,model.ply,2.89285714285714,2.880723214285714
LS-PCQA,2,dists_only,model_ColorNoise_7.ply,model.ply,2.89285714285714,2.5001339285714277
LS-PCQA,2,dists_only,model_HighFrequencyNoise_3.ply,model.ply,3.25,2.713446428571429
LS-PCQA,2,dists_only,model_HighFrequencyNoise_4.ply,model.ply,3.0,2.686681547619047
LS-PCQA,2,dists_only,model_HighFrequencyNoise_5.ply,model.ply,2.82142857142857,2.562773809523809
LS-PCQA,2,dists_only,model_HighFrequencyNoise_6.ply,model.ply,2.71875,2.350669642857142
LS-PCQA,2,dists_only,model_HighFrequencyNoise_7.ply,model.ply,2.53333333333333,2.418794642857143
LS-PCQA,2,dists_only,model_SaltpepperNoise_1.ply,model.ply,3.6,3.3227321428571432
LS-PCQA,2,dists_only,model_SaltpepperNoise_3.ply,model.ply,2.59375,2.398330357142859
LS-PCQA,2,dists_only,model_SaltpepperNoise_4.ply,model.ply,2.42857142857143,2.359241071428571
LS-PCQA,2,dists_only,model_SaltpepperNoise_5.ply,model.ply,2.42857142857143,2.300223214285714
LS-PCQA,2,dists_only,model_SaltpepperNoise_7.ply,model.ply,1.82142857142857,2.223723214285715
LS-PCQA,2,dists_only,RpClaudiaRigged_UniformNoise_1.ply,RpClaudiaRigged.ply,4.53571428571429,4.278752976190477
LS-PCQA,2,dists_only,RpClaudiaRigged_UniformNoise_3.ply,RpClaudiaRigged.ply,3.46875,3.369434523809525
LS-PCQA,2,dists_only,RpClaudiaRigged_UniformNoise_4.ply,RpClaudiaRigged.ply,3.10714285714286,3.104982142857143
LS-PCQA,2,dists_only,RpClaudiaRigged_UniformNoise_5.ply,RpClaudiaRigged.ply,2.89285714285714,2.9644880952380954
LS-PCQA,2,dists_only,RpClaudiaRigged_UniformNoise_7.ply,RpClaudiaRigged.ply,2.82142857142857,2.614092261904761
LS-PCQA,2,dists_only,RpFabiennePercyPosed001_ContrastDistortion_1.ply,RpFabiennePercyPosed001.ply,3.8,4.340300595238097
LS-PCQA,2,dists_only,RpFabiennePercyPosed001_ContrastDistortion_2.ply,RpFabiennePercyPosed001.ply,3.82142857142857,3.5589940476190467
LS-PCQA,2,dists_only,RpFabiennePercyPosed001_ContrastDistortion_3.ply,RpFabiennePercyPosed001.ply,3.17857142857143,3.229508928571428
LS-PCQA,2,dists_only,RpFabiennePercyPosed001_ContrastDistortion_4.ply,RpFabiennePercyPosed001.ply,2.71428571428571,2.9047410714285706
LS-PCQA,2,dists_only,RpFabiennePercyPosed001_ContrastDistortion_5.ply,RpFabiennePercyPosed001.ply,2.53333333333333,2.915619047619046
LS-PCQA,2,dists_only,RpFabiennePercyPosed001_LocalOffset_1.ply,RpFabiennePercyPosed001.ply,4.46666666666667,4.3869791666666655
LS-PCQA,2,dists_only,RpFabiennePercyPosed001_LocalOffset_2.ply,RpFabiennePercyPosed001.ply,3.5,4.38203869047619
LS-PCQA,2,dists_only,RpFabiennePercyPosed001_LocalOffset_3.ply,RpFabiennePercyPosed001.ply,2.78571428571429,3.5076785714285705
LS-PCQA,2,dists_only,RpFabiennePercyPosed001_LocalOffset_4.ply,RpFabiennePercyPosed001.ply,2.57142857142857,3.128330357142858
LS-PCQA,2,dists_only,RpFabiennePercyPosed001_LocalOffset_5.ply,RpFabiennePercyPosed001.ply,1.89285714285714,2.769943452380953
LS-PCQA,2,dists_only,RpFabiennePercyPosed001_UniformShifting_1.ply,RpFabiennePercyPosed001.ply,3.92857142857143,4.141303571428571
LS-PCQA,2,dists_only,RpFabiennePercyPosed001_UniformShifting_2.ply,RpFabiennePercyPosed001.ply,3.07142857142857,3.5657648809523796
LS-PCQA,2,dists_only,RpFabiennePercyPosed001_UniformShifting_3.ply,RpFabiennePercyPosed001.ply,2.625,2.824645833333335
LS-PCQA,2,dists_only,RpFabiennePercyPosed001_UniformShifting_4.ply,RpFabiennePercyPosed001.ply,2.1875,2.494755952380953
LS-PCQA,2,dists_only,RpFabiennePercyPosed001_UniformShifting_5.ply,RpFabiennePercyPosed001.ply,1.92857142857143,2.4569017857142863
LS-PCQA,2,dists_only,ScarletSnake_lossy-geom-lossy-attrs_3.ply,ScarletSnake.ply,4.71428571428571,3.6718482142857156
LS-PCQA,2,dists_only,ScarletSnake_lossy-geom-lossy-attrs_4.ply,ScarletSnake.ply,4.5625,3.410589285714286
LS-PCQA,2,dists_only,ScarletSnake_lossy-geom-lossy-attrs_5.ply,ScarletSnake.ply,3.83333333333333,2.970845238095237
LS-PCQA,2,dists_only,ScarletSnake_lossy-geom-lossy-attrs_6.ply,ScarletSnake.ply,3.0,2.4411190476190483
LS-PCQA,2,dists_only,ScarletSnake_lossy-geom-lossy-attrs_7.ply,ScarletSnake.ply,2.07142857142857,1.8244523809523798
LS-PCQA,2,dists_only,Soccer_CorrelatedGaussianNoise_1.ply,Soccer.ply,3.9,3.04223363095238
LS-PCQA,2,dists_only,Soccer_CorrelatedGaussianNoise_2.ply,Soccer.ply,3.5,2.97082142857143
LS-PCQA,2,dists_only,Soccer_CorrelatedGaussianNoise_3.ply,Soccer.ply,3.35714285714286,2.7877708333333326
LS-PCQA,2,dists_only,Soccer_CorrelatedGaussianNoise_4.ply,Soccer.ply,3.0,2.7005595238095235
LS-PCQA,2,dists_only,Soccer_CorrelatedGaussianNoise_5.ply,Soccer.ply,2.75,2.7145238095238096
LS-PCQA,2,dists_only,Soccer_MeanShift_1.ply,Soccer.ply,4.125,4.413071428571427
LS-PCQA,2,dists_only,Soccer_MeanShift_3.ply,Soccer.ply,3.2,2.874619047619047
LS-PCQA,2,dists_only,Soccer_MeanShift_4.ply,Soccer.ply,2.67857142857143,2.9481041666666647
LS-PCQA,2,dists_only,Soccer_MeanShift_5.ply,Soccer.ply,2.71428571428571,2.290491071428571
LS-PCQA,2,dists_only,Soccer_MeanShift_7.ply,Soccer.ply,1.14285714285714,1.4511607142857161
LS-PCQA,2,dists_only,Whale_LocalOffset_1.ply,Whale.ply,4.28571428571429,3.6978630952380906
LS-PCQA,2,dists_only,Whale_LocalOffset_2.ply,Whale.ply,3.0,3.8054226190476204
LS-PCQA,2,dists_only,Whale_LocalOffset_3.ply,Whale.ply,2.10714285714286,3.3576607142857147
LS-PCQA,2,dists_only,Whale_LocalOffset_4.ply,Whale.ply,2.1,2.8881428571428565
LS-PCQA,2,dists_only,Whale_LocalOffset_5.ply,Whale.ply,1.67857142857143,3.033758928571429
LS-PCQA,2,dists_only,Wood_DownSample_3.ply,Wood.ply,4.3,4.1587886904761895
LS-PCQA,2,dists_only,Wood_DownSample_4.ply,Wood.ply,4.25,4.168267857142858
LS-PCQA,2,dists_only,Wood_DownSample_5.ply,Wood.ply,3.85714285714286,4.125249999999999
LS-PCQA,2,dists_only,Wood_DownSample_6.ply,Wood.ply,2.85714285714286,3.2295029761904748
LS-PCQA,2,dists_only,Wood_DownSample_7.ply,Wood.ply,2.46875,3.5338154761904774
LS-PCQA,2,dists_only,Wood_Octree_1.ply,Wood.ply,2.84375,3.055997023809524
LS-PCQA,2,dists_only,Wood_Octree_2.ply,Wood.ply,2.375,2.7531398809523804
LS-PCQA,2,dists_only,Wood_Octree_3.ply,Wood.ply,2.07142857142857,2.821651785714286
LS-PCQA,2,dists_only,Wood_Octree_4.ply,Wood.ply,1.60714285714286,2.2922946428571427
LS-PCQA,2,dists_only,Wood_Octree_5.ply,Wood.ply,1.73333333333333,1.9401845238095248
LS-PCQA,2,dists_only,Wood_UniformNoise_1.ply,Wood.ply,4.64285714285714,4.434285714285714
LS-PCQA,2,dists_only,Wood_UniformNoise_3.ply,Wood.ply,3.85714285714286,3.53750595238095
LS-PCQA,2,dists_only,Wood_UniformNoise_4.ply,Wood.ply,4.0,3.3836160714285715
LS-PCQA,2,dists_only,Wood_UniformNoise_5.ply,Wood.ply,3.07142857142857,2.987793154761905
LS-PCQA,2,dists_only,Wood_UniformNoise_7.ply,Wood.ply,3.10714285714286,2.8831428571428592
LS-PCQA,2,fusion_46,Baldness_limitlossyG-lossyA_3.ply,Baldness.ply,4.9,4.465785714285718
LS-PCQA,2,fusion_46,Baldness_limitlossyG-lossyA_4.ply,Baldness.ply,3.625,3.8852946428571427
LS-PCQA,2,fusion_46,Baldness_limitlossyG-lossyA_5.ply,Baldness.ply,1.78571428571429,2.59011011904762
LS-PCQA,2,fusion_46,Baldness_limitlossyG-lossyA_6.ply,Baldness.ply,1.8,2.069928571428572
LS-PCQA,2,fusion_46,Baldness_limitlossyG-lossyA_7.ply,Baldness.ply,1.46428571428571,1.6446309523809544
LS-PCQA,2,fusion_46,Baldness_lossless-geom-lossy-attrs_3.ply,Baldness.ply,4.8125,4.659127976190477
LS-PCQA,2,fusion_46,Baldness_lossless-geom-lossy-attrs_4.ply,Baldness.ply,4.39285714285714,4.46472619047619
LS-PCQA,2,fusion_46,Baldness_lossless-geom-lossy-attrs_5.ply,Baldness.ply,4.03571428571429,4.16517261904762
LS-PCQA,2,fusion_46,Baldness_lossless-geom-lossy-attrs_6.ply,Baldness.ply,3.78571428571429,3.537508928571428
LS-PCQA,2,fusion_46,Baldness_lossless-geom-lossy-attrs_7.ply,Baldness.ply,2.60714285714286,3.1838214285714286
LS-PCQA,2,fusion_46,Baldness_PoissonNoise_3.ply,Baldness.ply,3.5,3.9536398809523785
LS-PCQA,2,fusion_46,Baldness_PoissonNoise_4.ply,Baldness.ply,4.10714285714286,3.8157232142857147
LS-PCQA,2,fusion_46,Baldness_PoissonNoise_5.ply,Baldness.ply,3.56666666666667,3.7221607142857147
LS-PCQA,2,fusion_46,Baldness_PoissonNoise_6.ply,Baldness.ply,3.42857142857143,3.7383214285714272
LS-PCQA,2,fusion_46,Baldness_PoissonNoise_7.ply,Baldness.ply,3.5,3.6014226190476184
LS-PCQA,2,fusion_46,CardiganWelshCorgi_ColorNoise_3.ply,CardiganWelshCorgi.ply,4.25,3.859550595238092
LS-PCQA,2,fusion_46,CardiganWelshCorgi_ColorNoise_4.ply,CardiganWelshCorgi.ply,3.9,3.550574404761905
LS-PCQA,2,fusion_46,CardiganWelshCorgi_ColorNoise_5.ply,CardiganWelshCorgi.ply,3.57142857142857,3.2192767857142868
LS-PCQA,2,fusion_46,CardiganWelshCorgi_ColorNoise_6.ply,CardiganWelshCorgi.ply,3.07142857142857,3.1107738095238098
LS-PCQA,2,fusion_46,CardiganWelshCorgi_ColorNoise_7.ply,CardiganWelshCorgi.ply,3.0,2.9821488095238093
LS-PCQA,2,fusion_46,Cat_ColorNoise_3.ply,Cat.ply,4.65625,4.416160714285715
LS-PCQA,2,fusion_46,Cat_ColorNoise_4.ply,Cat.ply,4.03571428571429,3.7852619047619025
LS-PCQA,2,fusion_46,Cat_ColorNoise_5.ply,Cat.ply,3.71428571428571,3.570642857142857
LS-PCQA,2,fusion_46,Cat_ColorNoise_6.ply,Cat.ply,3.43333333333333,3.3675654761904776
LS-PCQA,2,fusion_46,Cat_ColorNoise_7.ply,Cat.ply,3.25,3.1895327380952385
LS-PCQA,2,fusion_46,Cat_PoissonNoise_3.ply,Cat.ply,4.36666666666667,4.189735119047619
LS-PCQA,2,fusion_46,Cat_PoissonNoise_4.ply,Cat.ply,4.3,3.9871815476190466
LS-PCQA,2,fusion_46,Cat_PoissonNoise_5.ply,Cat.ply,3.46428571428571,3.723553571428573
LS-PCQA,2,fusion_46,Cat_PoissonNoise_6.ply,Cat.ply,3.8125,3.7338273809523796
LS-PCQA,2,fusion_46,Cat_PoissonNoise_7.ply,Cat.ply,3.32142857142857,3.5522113095238104
LS-PCQA,2,fusion_46,EasternHognoseSnake_DownSample_3.ply,EasternHognoseSnake.ply,4.53571428571429,4.189098214285716
LS-PCQA,2,fusion_46,EasternHognoseSnake_DownSample_4.ply,EasternHognoseSnake.ply,4.13333333333333,3.533901785714286
LS-PCQA,2,fusion_46,EasternHognoseSnake_DownSample_5.ply,EasternHognoseSnake.ply,3.96428571428571,3.31238095238095
LS-PCQA,2,fusion_46,EasternHognoseSnake_DownSample_6.ply,EasternHognoseSnake.ply,3.33333333333333,3.038693452380951
LS-PCQA,2,fusion_46,EasternHognoseSnake_DownSample_7.ply,EasternHognoseSnake.ply,2.9375,2.9257172619047607
LS-PCQA,2,fusion_46,Facade00064_GaussianNoise_1.ply,Facade00064.ply,2.82142857142857,3.3509999999999995
LS-PCQA,2,fusion_46,Facade00064_GaussianNoise_3.ply,Facade00064.ply,2.5,3.019348214285715
LS-PCQA,2,fusion_46,Facade00064_GaussianNoise_4.ply,Facade00064.ply,1.7,2.905107142857142
LS-PCQA,2,fusion_46,Facade00064_GaussianNoise_5.ply,Facade00064.ply,2.0,2.815056547619048
LS-PCQA,2,fusion_46,Facade00064_GaussianNoise_7.ply,Facade00064.ply,1.5,2.3029107142857144
LS-PCQA,2,fusion_46,Facade00064_LocalOffset_1.ply,Facade00064.ply,2.39285714285714,2.711720238095237
LS-PCQA,2,fusion_46,Facade00064_LocalOffset_2.ply,Facade00064.ply,2.26666666666667,2.5488154761904767
LS-PCQA,2,fusion_46,Facade00064_LocalOffset_3.ply,Facade00064.ply,1.92857142857143,2.0492321428571416
LS-PCQA,2,fusion_46,Facade00064_LocalOffset_4.ply,Facade00064.ply,1.56666666666667,1.729687500000001
LS-PCQA,2,fusion_46,Facade00064_LocalOffset_5.ply,Facade00064.ply,1.21428571428571,1.6548958333333326
LS-PCQA,2,fusion_46,Facade00064_LocalRotation_1.ply,Facade00064.ply,2.40625,2.8949702380952376
LS-PCQA,2,fusion_46,Facade00064_LocalRotation_2.ply,Facade00064.ply,1.46428571428571,2.2613214285714305
LS-PCQA,2,fusion_46,Facade00064_LocalRotation_3.ply,Facade00064.ply,1.57142857142857,2.0022708333333328
LS-PCQA,2,fusion_46,Facade00064_LocalRotation_4.ply,Facade00064.ply,1.03571428571429,1.8472767857142862
LS-PCQA,2,fusion_46,Facade00064_LocalRotation_5.ply,Facade00064.ply,1.07142857142857,1.8750892857142856
LS-PCQA,2,fusion_46,Facade00064_losslessG-limitlossyA_3.ply,Facade00064.ply,4.66666666666667,4.638639880952381
LS-PCQA,2,fusion_46,Facade00064_losslessG-limitlossyA_4.ply,Facade00064.ply,4.53571428571429,4.701282738095237
LS-PCQA,2,fusion_46,Facade00064_losslessG-limitlossyA_5.ply,Facade00064.ply,3.82142857142857,4.282622023809523
LS-PCQA,2,fusion_46,Facade00064_losslessG-limitlossyA_6.ply,Facade00064.ply,3.21428571428571,3.6849851190476155
LS-PCQA,2,fusion_46,Facade00064_losslessG-limitlossyA_7.ply,Facade00064.ply,1.875,3.4073794642857163
LS-PCQA,2,fusion_46,Facade00064_RayleighNoise_1.ply,Facade00064.ply,4.06666666666667,4.3104553571428585
LS-PCQA,2,fusion_46,Facade00064_RayleighNoise_3.ply,Facade00064.ply,2.67857142857143,3.449729166666667
LS-PCQA,2,fusion_46,Facade00064_RayleighNoise_4.ply,Facade00064.ply,2.71875,3.248180059523811
LS-PCQA,2,fusion_46,Facade00064_RayleighNoise_5.ply,Facade00064.ply,2.33333333333333,3.1138184523809516
LS-PCQA,2,fusion_46,Facade00064_RayleighNoise_7.ply,Facade00064.ply,1.92857142857143,2.8092202380952376
LS-PCQA,2,fusion_46,GermanBoxer_GaussianNoise_1.ply,GermanBoxer.ply,4.03571428571429,3.822860119047618
LS-PCQA,2,fusion_46,GermanBoxer_GaussianNoise_3.ply,GermanBoxer.ply,3.32142857142857,3.562452380952382
LS-PCQA,2,fusion_46,GermanBoxer_GaussianNoise_4.ply,GermanBoxer.ply,3.10714285714286,3.3528363095238105
LS-PCQA,2,fusion_46,GermanBoxer_GaussianNoise_5.ply,GermanBoxer.ply,3.21875,3.0913422619047624
LS-PCQA,2,fusion_46,GermanBoxer_GaussianNoise_7.ply,GermanBoxer.ply,2.875,2.776952380952381
LS-PCQA,2,fusion_46,GermanBoxer_SaltpepperNoise_1.ply,GermanBoxer.ply,3.63333333333333,3.6530535714285697
LS-PCQA,2,fusion_46,GermanBoxer_SaltpepperNoise_3.ply,GermanBoxer.ply,2.90625,2.993714285714286
LS-PCQA,2,fusion_46,GermanBoxer_SaltpepperNoise_4.ply,GermanBoxer.ply,2.85714285714286,2.878303571428572
LS-PCQA,2,fusion_46,GermanBoxer_SaltpepperNoise_5.ply,GermanBoxer.ply,2.53571428571429,2.874589285714287
LS-PCQA,2,fusion_46,GermanBoxer_SaltpepperNoise_7.ply,GermanBoxer.ply,2.5,2.5697976190476197
LS-PCQA,2,fusion_46,Handcream_C2AI-lossy-geom-lossy-attrs_3.ply,Handcream.ply,4.35714285714286,4.421547619047621
LS-PCQA,2,fusion_46,Handcream_C2AI-lossy-geom-lossy-attrs_4.ply,Handcream.ply,4.25,4.186386904761904
LS-PCQA,2,fusion_46,Handcream_C2AI-lossy-geom-lossy-attrs_5.ply,Handcream.ply,3.92857142857143,3.9681547619047604
LS-PCQA,2,fusion_46,Handcream_C2AI-lossy-geom-lossy-attrs_6.ply,Handcream.ply,3.43333333333333,3.3107068452380948
LS-PCQA,2,fusion_46,Handcream_C2AI-lossy-geom-lossy-attrs_7.ply,Handcream.ply,2.60714285714286,2.8211190476190477
LS-PCQA,2,fusion_46,Handcream_ColorNoise_3.ply,Handcream.ply,4.21875,4.298404761904761
LS-PCQA,2,fusion_46,Handcream_ColorNoise_4.ply,Handcream.ply,3.39285714285714,3.722565476190476
LS-PCQA,2,fusion_46,Handcream_ColorNoise_5.ply,Handcream.ply,3.53333333333333,3.5233898809523807
LS-PCQA,2,fusion_46,Handcream_ColorNoise_6.ply,Handcream.ply,3.3,3.149639880952382
LS-PCQA,2,fusion_46,Handcream_ColorNoise_7.ply,Handcream.ply,3.25,2.9271309523809528
LS-PCQA,2,fusion_46,Handcream_lossless-geom-lossy-attrs_3.ply,Handcream.ply,4.60714285714286,4.786330357142858
LS-PCQA,2,fusion_46,Handcream_lossless-geom-lossy-attrs_4.ply,Handcream.ply,4.5,4.574291666666668
LS-PCQA,2,fusion_46,Handcream_lossless-geom-lossy-attrs_5.ply,Handcream.ply,4.06666666666667,4.190199404761906
LS-PCQA,2,fusion_46,Handcream_lossless-geom-lossy-attrs_6.ply,Handcream.ply,3.5,3.695077380952378
LS-PCQA,2,fusion_46,Handcream_lossless-geom-lossy-attrs_7.ply,Handcream.ply,3.17857142857143,3.3147470238095242
LS-PCQA,2,fusion_46,Handcream_LumaNoise_1.ply,Handcream.ply,4.3125,4.68690476190476
LS-PCQA,2,fusion_46,Handcream_LumaNoise_3.ply,Handcream.ply,3.64285714285714,3.3987708333333315
LS-PCQA,2,fusion_46,Handcream_LumaNoise_4.ply,Handcream.ply,3.03333333333333,3.2326875000000026
LS-PCQA,2,fusion_46,Handcream_LumaNoise_5.ply,Handcream.ply,2.76666666666667,2.689836309523809
LS-PCQA,2,fusion_46,Handcream_LumaNoise_7.ply,Handcream.ply,2.03571428571429,1.9393749999999992
LS-PCQA,2,fusion_46,HearNoEvilMonkey_GaussianShifting_1.ply,HearNoEvilMonkey.ply,4.73333333333333,4.188220238095238
LS-PCQA,2,fusion_46,HearNoEvilMonkey_GaussianShifting_2.ply,HearNoEvilMonkey.ply,3.32142857142857,3.229622023809524
LS-PCQA,2,fusion_46,HearNoEvilMonkey_GaussianShifting_3.ply,HearNoEvilMonkey.ply,3.0625,2.9456666666666673
LS-PCQA,2,fusion_46,HearNoEvilMonkey_GaussianShifting_4.ply,HearNoEvilMonkey.ply,2.67857142857143,2.6880059523809514
LS-PCQA,2,fusion_46,HearNoEvilMonkey_GaussianShifting_5.ply,HearNoEvilMonkey.ply,2.78571428571429,2.5373392857142862
LS-PCQA,2,fusion_46,HearNoEvilMonkey_SaturationDistortion_1.ply,HearNoEvilMonkey.ply,4.28125,4.668026785714284
LS-PCQA,2,fusion_46,HearNoEvilMonkey_SaturationDistortion_2.ply,HearNoEvilMonkey.ply,4.09375,4.52314880952381
LS-PCQA,2,fusion_46,HearNoEvilMonkey_SaturationDistortion_3.ply,HearNoEvilMonkey.ply,3.5,4.203782738095239
LS-PCQA,2,fusion_46,HearNoEvilMonkey_SaturationDistortion_4.ply,HearNoEvilMonkey.ply,2.71428571428571,3.887630952380953
LS-PCQA,2,fusion_46,HearNoEvilMonkey_SaturationDistortion_5.ply,HearNoEvilMonkey.ply,2.78125,3.9570327380952404
LS-PCQA,2,fusion_46,jetanima_MultiplicativeGaussianNoise_1.ply,jetanima.ply,3.5,2.443559523809524
LS-PCQA,2,fusion_46,jetanima_MultiplicativeGaussianNoise_3.ply,jetanima.ply,3.32142857142857,2.277595238095238
LS-PCQA,2,fusion_46,jetanima_MultiplicativeGaussianNoise_4.ply,jetanima.ply,2.82142857142857,2.2351607142857146
LS-PCQA,2,fusion_46,jetanima_MultiplicativeGaussianNoise_5.ply,jetanima.ply,2.9,2.13075
LS-PCQA,2,fusion_46,jetanima_MultiplicativeGaussianNoise_7.ply,jetanima.ply,2.32142857142857,2.0050386904761903
LS-PCQA,2,fusion_46,jetanima_UniformShifting_1.ply,jetanima.ply,4.39285714285714,3.7397589285714306
LS-PCQA,2,fusion_46,jetanima_UniformShifting_2.ply,jetanima.ply,3.6,3.1745327380952397
LS-PCQA,2,fusion_46,jetanima_UniformShifting_3.ply,jetanima.ply,3.03571428571429,2.943827380952381
LS-PCQA,2,fusion_46,jetanima_UniformShifting_4.ply,jetanima.ply,2.59375,2.6448571428571426
LS-PCQA,2,fusion_46,jetanima_UniformShifting_5.ply,jetanima.ply,2.5625,2.566443452380953
LS-PCQA,2,fusion_46,lowpolycarsset2_lossy-geom-lossy-attrs_3.ply,lowpolycarsset2.ply,4.5,3.9753363095238097
LS-PCQA,2,fusion_46,lowpolycarsset2_lossy-geom-lossy-attrs_4.ply,lowpolycarsset2.ply,4.375,3.4383154761904757
LS-PCQA,2,fusion_46,lowpolycarsset2_lossy-geom-lossy-attrs_5.ply,lowpolycarsset2.ply,3.92857142857143,3.1736041666666672
LS-PCQA,2,fusion_46,lowpolycarsset2_lossy-geom-lossy-attrs_6.ply,lowpolycarsset2.ply,2.25,2.6602648809523806
LS-PCQA,2,fusion_46,lowpolycarsset2_lossy-geom-lossy-attrs_7.ply,lowpolycarsset2.ply,1.89285714285714,2.0904255952380946
LS-PCQA,2,fusion_46,model_ColorNoise_3.ply,model.ply,3.84375,3.8348601190476193
LS-PCQA,2,fusion_46,model_ColorNoise_4.ply,model.ply,3.5,3.2979866071428567
LS-PCQA,2,fusion_46,model_ColorNoise_5.ply,model.ply,3.17857142857143,3.2595773809523814
LS-PCQA,2,fusion_46,model_ColorNoise_6.ply,model.ply,2.89285714285714,3.031133928571429
LS-PCQA,2,fusion_46,model_ColorNoise_7.ply,model.ply,2.89285714285714,2.851511904761906
LS-PCQA,2,fusion_46,model_HighFrequencyNoise_3.ply,model.ply,3.25,2.9663720238095226
LS-PCQA,2,fusion_46,model_HighFrequencyNoise_4.ply,model.ply,3.0,2.916958333333335
LS-PCQA,2,fusion_46,model_HighFrequencyNoise_5.ply,model.ply,2.82142857142857,2.8563571428571453
LS-PCQA,2,fusion_46,model_HighFrequencyNoise_6.ply,model.ply,2.71875,2.5311220238095244
LS-PCQA,2,fusion_46,model_HighFrequencyNoise_7.ply,model.ply,2.53333333333333,2.446880952380953
LS-PCQA,2,fusion_46,model_SaltpepperNoise_1.ply,model.ply,3.6,3.143258928571429
LS-PCQA,2,fusion_46,model_SaltpepperNoise_3.ply,model.ply,2.59375,2.682666666666667
LS-PCQA,2,fusion_46,model_SaltpepperNoise_4.ply,model.ply,2.42857142857143,2.6152321428571437
LS-PCQA,2,fusion_46,model_SaltpepperNoise_5.ply,model.ply,2.42857142857143,2.5558660714285715
LS-PCQA,2,fusion_46,model_SaltpepperNoise_7.ply,model.ply,1.82142857142857,2.462083333333334
LS-PCQA,2,fusion_46,RpClaudiaRigged_UniformNoise_1.ply,RpClaudiaRigged.ply,4.53571428571429,4.382389880952378
LS-PCQA,2,fusion_46,RpClaudiaRigged_UniformNoise_3.ply,RpClaudiaRigged.ply,3.46875,3.429520833333334
LS-PCQA,2,fusion_46,RpClaudiaRigged_UniformNoise_4.ply,RpClaudiaRigged.ply,3.10714285714286,3.225816964285715
LS-PCQA,2,fusion_46,RpClaudiaRigged_UniformNoise_5.ply,RpClaudiaRigged.ply,2.89285714285714,3.2657901785714283
LS-PCQA,2,fusion_46,RpClaudiaRigged_UniformNoise_7.ply,RpClaudiaRigged.ply,2.82142857142857,3.0550089285714304
LS-PCQA,2,fusion_46,RpFabiennePercyPosed001_ContrastDistortion_1.ply,RpFabiennePercyPosed001.ply,3.8,4.041458333333333
LS-PCQA,2,fusion_46,RpFabiennePercyPosed001_ContrastDistortion_2.ply,RpFabiennePercyPosed001.ply,3.82142857142857,3.490553571428571
LS-PCQA,2,fusion_46,RpFabiennePercyPosed001_ContrastDistortion_3.ply,RpFabiennePercyPosed001.ply,3.17857142857143,3.3232976190476196
LS-PCQA,2,fusion_46,RpFabiennePercyPosed001_ContrastDistortion_4.ply,RpFabiennePercyPosed001.ply,2.71428571428571,3.102105654761904
LS-PCQA,2,fusion_46,RpFabiennePercyPosed001_ContrastDistortion_5.ply,RpFabiennePercyPosed001.ply,2.53333333333333,2.905815476190475
LS-PCQA,2,fusion_46,RpFabiennePercyPosed001_LocalOffset_1.ply,RpFabiennePercyPosed001.ply,4.46666666666667,3.5737232142857174
LS-PCQA,2,fusion_46,RpFabiennePercyPosed001_LocalOffset_2.ply,RpFabiennePercyPosed001.ply,3.5,3.3731815476190485
LS-PCQA,2,fusion_46,RpFabiennePercyPosed001_LocalOffset_3.ply,RpFabiennePercyPosed001.ply,2.78571428571429,2.5765119047619027
LS-PCQA,2,fusion_46,RpFabiennePercyPosed001_LocalOffset_4.ply,RpFabiennePercyPosed001.ply,2.57142857142857,2.3357142857142867
LS-PCQA,2,fusion_46,RpFabiennePercyPosed001_LocalOffset_5.ply,RpFabiennePercyPosed001.ply,1.89285714285714,1.5933869047619051
LS-PCQA,2,fusion_46,RpFabiennePercyPosed001_UniformShifting_1.ply,RpFabiennePercyPosed001.ply,3.92857142857143,4.244705357142857
LS-PCQA,2,fusion_46,RpFabiennePercyPosed001_UniformShifting_2.ply,RpFabiennePercyPosed001.ply,3.07142857142857,3.6904583333333365
LS-PCQA,2,fusion_46,RpFabiennePercyPosed001_UniformShifting_3.ply,RpFabiennePercyPosed001.ply,2.625,3.071369047619047
LS-PCQA,2,fusion_46,RpFabiennePercyPosed001_UniformShifting_4.ply,RpFabiennePercyPosed001.ply,2.1875,2.78964880952381
LS-PCQA,2,fusion_46,RpFabiennePercyPosed001_UniformShifting_5.ply,RpFabiennePercyPosed001.ply,1.92857142857143,2.684434523809523
LS-PCQA,2,fusion_46,ScarletSnake_lossy-geom-lossy-attrs_3.ply,ScarletSnake.ply,4.71428571428571,4.132404761904761
LS-PCQA,2,fusion_46,ScarletSnake_lossy-geom-lossy-attrs_4.ply,ScarletSnake.ply,4.5625,3.6663720238095237
LS-PCQA,2,fusion_46,ScarletSnake_lossy-geom-lossy-attrs_5.ply,ScarletSnake.ply,3.83333333333333,2.979744047619046
LS-PCQA,2,fusion_46,ScarletSnake_lossy-geom-lossy-attrs_6.ply,ScarletSnake.ply,3.0,2.6121279761904765
LS-PCQA,2,fusion_46,ScarletSnake_lossy-geom-lossy-attrs_7.ply,ScarletSnake.ply,2.07142857142857,1.8585238095238097
LS-PCQA,2,fusion_46,Soccer_CorrelatedGaussianNoise_1.ply,Soccer.ply,3.9,3.3820431547619036
LS-PCQA,2,fusion_46,Soccer_CorrelatedGaussianNoise_2.ply,Soccer.ply,3.5,3.047011904761905
LS-PCQA,2,fusion_46,Soccer_CorrelatedGaussianNoise_3.ply,Soccer.ply,3.35714285714286,2.625229166666665
LS-PCQA,2,fusion_46,Soccer_CorrelatedGaussianNoise_4.ply,Soccer.ply,3.0,2.5101220238095228
LS-PCQA,2,fusion_46,Soccer_CorrelatedGaussianNoise_5.ply,Soccer.ply,2.75,2.6069940476190476
LS-PCQA,2,fusion_46,Soccer_MeanShift_1.ply,Soccer.ply,4.125,4.327910714285712
LS-PCQA,2,fusion_46,Soccer_MeanShift_3.ply,Soccer.ply,3.2,2.70388988095238
LS-PCQA,2,fusion_46,Soccer_MeanShift_4.ply,Soccer.ply,2.67857142857143,2.494982142857142
LS-PCQA,2,fusion_46,Soccer_MeanShift_5.ply,Soccer.ply,2.71428571428571,2.489089285714287
LS-PCQA,2,fusion_46,Soccer_MeanShift_7.ply,Soccer.ply,1.14285714285714,1.7256011904761908
LS-PCQA,2,fusion_46,Whale_LocalOffset_1.ply,Whale.ply,4.28571428571429,3.1591666666666662
LS-PCQA,2,fusion_46,Whale_LocalOffset_2.ply,Whale.ply,3.0,2.6792708333333333
LS-PCQA,2,fusion_46,Whale_LocalOffset_3.ply,Whale.ply,2.10714285714286,2.2585000000000006
LS-PCQA,2,fusion_46,Whale_LocalOffset_4.ply,Whale.ply,2.1,1.8102261904761912
LS-PCQA,2,fusion_46,Whale_LocalOffset_5.ply,Whale.ply,1.67857142857143,1.4328452380952377
LS-PCQA,2,fusion_46,Wood_DownSample_3.ply,Wood.ply,4.3,4.228949404761905
LS-PCQA,2,fusion_46,Wood_DownSample_4.ply,Wood.ply,4.25,4.115300595238095
LS-PCQA,2,fusion_46,Wood_DownSample_5.ply,Wood.ply,3.85714285714286,3.9162916666666665
LS-PCQA,2,fusion_46,Wood_DownSample_6.ply,Wood.ply,2.85714285714286,3.5427470238095236
LS-PCQA,2,fusion_46,Wood_DownSample_7.ply,Wood.ply,2.46875,2.9242559523809524
LS-PCQA,2,fusion_46,Wood_Octree_1.ply,Wood.ply,2.84375,2.928357142857142
LS-PCQA,2,fusion_46,Wood_Octree_2.ply,Wood.ply,2.375,2.7770208333333333
LS-PCQA,2,fusion_46,Wood_Octree_3.ply,Wood.ply,2.07142857142857,2.5781904761904766
LS-PCQA,2,fusion_46,Wood_Octree_4.ply,Wood.ply,1.60714285714286,2.178321428571428
LS-PCQA,2,fusion_46,Wood_Octree_5.ply,Wood.ply,1.73333333333333,1.9573273809523828
LS-PCQA,2,fusion_46,Wood_UniformNoise_1.ply,Wood.ply,4.64285714285714,4.772145833333336
LS-PCQA,2,fusion_46,Wood_UniformNoise_3.ply,Wood.ply,3.85714285714286,3.7820208333333327
LS-PCQA,2,fusion_46,Wood_UniformNoise_4.ply,Wood.ply,4.0,3.524241071428571
LS-PCQA,2,fusion_46,Wood_UniformNoise_5.ply,Wood.ply,3.07142857142857,3.2496130952380953
LS-PCQA,2,fusion_46,Wood_UniformNoise_7.ply,Wood.ply,3.10714285714286,3.0187202380952387
LS-PCQA,3,pointpca3_only,banjofrog_limitlossyG-lossyA_3.ply,banjofrog.ply,4.8,4.441529761904763
LS-PCQA,3,pointpca3_only,banjofrog_limitlossyG-lossyA_4.ply,banjofrog.ply,4.35714285714286,3.9872529761904763
LS-PCQA,3,pointpca3_only,banjofrog_limitlossyG-lossyA_5.ply,banjofrog.ply,2.8125,3.0486815476190467
LS-PCQA,3,pointpca3_only,banjofrog_limitlossyG-lossyA_6.ply,banjofrog.ply,2.25,2.12077380952381
LS-PCQA,3,pointpca3_only,banjofrog_limitlossyG-lossyA_7.ply,banjofrog.ply,1.78571428571429,1.9221815476190478
LS-PCQA,3,pointpca3_only,Birdv1_losslessG-lossyA_3.ply,Birdv1.ply,4.96428571428571,4.426247023809524
LS-PCQA,3,pointpca3_only,Birdv1_losslessG-lossyA_4.ply,Birdv1.ply,4.67857142857143,3.735089285714285
LS-PCQA,3,pointpca3_only,Birdv1_losslessG-lossyA_5.ply,Birdv1.ply,3.9,3.3145476190476195
LS-PCQA,3,pointpca3_only,Birdv1_losslessG-lossyA_6.ply,Birdv1.ply,2.67857142857143,2.8922202380952386
LS-PCQA,3,pointpca3_only,Birdv1_losslessG-lossyA_7.ply,Birdv1.ply,2.63333333333333,2.797988095238095
LS-PCQA,3,pointpca3_only,Birdv1_MeanShift_1.ply,Birdv1.ply,4.92857142857143,4.236255952380953
LS-PCQA,3,pointpca3_only,Birdv1_MeanShift_3.ply,Birdv1.ply,3.25,3.336690476190476
LS-PCQA,3,pointpca3_only,Birdv1_MeanShift_4.ply,Birdv1.ply,3.1,3.125708333333334
LS-PCQA,3,pointpca3_only,Birdv1_MeanShift_5.ply,Birdv1.ply,2.82142857142857,2.938505952380952
LS-PCQA,3,pointpca3_only,Birdv1_MeanShift_7.ply,Birdv1.ply,2.8125,3.0017827380952395
LS-PCQA,3,pointpca3_only,BirdV4_MultiplicativeGaussianNoise_1.ply,BirdV4.ply,3.60714285714286,3.771434523809524
LS-PCQA,3,pointpca3_only,BirdV4_MultiplicativeGaussianNoise_3.ply,BirdV4.ply,3.35714285714286,3.216738095238096
LS-PCQA,3,pointpca3_only,BirdV4_MultiplicativeGaussianNoise_4.ply,BirdV4.ply,3.17857142857143,2.9979732142857136
LS-PCQA,3,pointpca3_only,BirdV4_MultiplicativeGaussianNoise_5.ply,BirdV4.ply,2.93333333333333,3.0720505952380948
LS-PCQA,3,pointpca3_only,BirdV4_MultiplicativeGaussianNoise_7.ply,BirdV4.ply,2.53571428571429,2.99514880952381
LS-PCQA,3,pointpca3_only,BricksWall_GammaNoise_1.ply,BricksWall.ply,3.78125,3.7781785714285703
LS-PCQA,3,pointpca3_only,BricksWall_GammaNoise_3.ply,BricksWall.ply,3.32142857142857,3.3507232142857144
LS-PCQA,3,pointpca3_only,BricksWall_GammaNoise_4.ply,BricksWall.ply,3.4375,3.3315029761904746
LS-PCQA,3,pointpca3_only,BricksWall_GammaNoise_5.ply,BricksWall.ply,3.32142857142857,3.3765625
LS-PCQA,3,pointpca3_only,BricksWall_GammaNoise_7.ply,BricksWall.ply,2.53571428571429,3.042803571428573
LS-PCQA,3,pointpca3_only,BricksWall_HighFrequencyNoise_3.ply,BricksWall.ply,4.25,4.247669642857141
LS-PCQA,3,pointpca3_only,BricksWall_HighFrequencyNoise_4.ply,BricksWall.ply,4.17857142857143,4.1336785714285735
LS-PCQA,3,pointpca3_only,BricksWall_HighFrequencyNoise_5.ply,BricksWall.ply,3.6875,3.8014255952380953
LS-PCQA,3,pointpca3_only,BricksWall_HighFrequencyNoise_6.ply,BricksWall.ply,3.35714285714286,3.2429642857142857
LS-PCQA,3,pointpca3_only,BricksWall_HighFrequencyNoise_7.ply,BricksWall.ply,3.10714285714286,3.0764196428571426
LS-PCQA,3,pointpca3_only,BricksWall_limitlossyG-lossyA_3.ply,BricksWall.ply,4.67857142857143,4.352610119047621
LS-PCQA,3,pointpca3_only,BricksWall_limitlossyG-lossyA_4.ply,BricksWall.ply,4.71875,3.849077380952382
LS-PCQA,3,pointpca3_only,BricksWall_limitlossyG-lossyA_5.ply,BricksWall.ply,2.82142857142857,2.634312500000001
LS-PCQA,3,pointpca3_only,BricksWall_limitlossyG-lossyA_6.ply,BricksWall.ply,1.84375,2.187907738095239
LS-PCQA,3,pointpca3_only,BricksWall_limitlossyG-lossyA_7.ply,BricksWall.ply,1.1,1.9077678571428585
LS-PCQA,3,pointpca3_only,BricksWall_QuantizationNoise_1.ply,BricksWall.ply,4.03125,4.002488095238094
LS-PCQA,3,pointpca3_only,BricksWall_QuantizationNoise_3.ply,BricksWall.ply,3.96666666666667,3.69263988095238
LS-PCQA,3,pointpca3_only,BricksWall_QuantizationNoise_4.ply,BricksWall.ply,3.28571428571429,3.0738214285714287
LS-PCQA,3,pointpca3_only,BricksWall_QuantizationNoise_5.ply,BricksWall.ply,3.82142857142857,3.0738214285714287
LS-PCQA,3,pointpca3_only,BricksWall_QuantizationNoise_7.ply,BricksWall.ply,3.17857142857143,2.4229107142857145
LS-PCQA,3,pointpca3_only,bristleback_GaussianNoise_1.ply,bristleback.ply,3.42857142857143,3.287377976190476
LS-PCQA,3,pointpca3_only,bristleback_GaussianNoise_3.ply,bristleback.ply,3.5,3.0470000000000006
LS-PCQA,3,pointpca3_only,bristleback_GaussianNoise_4.ply,bristleback.ply,3.2,2.8647857142857136
LS-PCQA,3,pointpca3_only,bristleback_GaussianNoise_5.ply,bristleback.ply,2.78571428571429,2.7848809523809517
LS-PCQA,3,pointpca3_only,bristleback_GaussianNoise_7.ply,bristleback.ply,2.4,2.7498154761904754
LS-PCQA,3,pointpca3_only,bristleback_MultiplicativeGaussianNoise_1.ply,bristleback.ply,3.53571428571429,3.38814583333333
LS-PCQA,3,pointpca3_only,bristleback_MultiplicativeGaussianNoise_3.ply,bristleback.ply,3.21428571428571,3.008351190476191
LS-PCQA,3,pointpca3_only,bristleback_MultiplicativeGaussianNoise_4.ply,bristleback.ply,2.96428571428571,2.929247023809524
LS-PCQA,3,pointpca3_only,bristleback_MultiplicativeGaussianNoise_5.ply,bristleback.ply,3.03125,2.9469375
LS-PCQA,3,pointpca3_only,bristleback_MultiplicativeGaussianNoise_7.ply,bristleback.ply,2.76666666666667,2.9001041666666665
LS-PCQA,3,pointpca3_only,Caffe_ColorNoise_3.ply,Caffe.ply,3.92857142857143,4.013330357142855
LS-PCQA,3,pointpca3_only,Caffe_ColorNoise_4.ply,Caffe.ply,3.53571428571429,3.4787113095238107
LS-PCQA,3,pointpca3_only,Caffe_ColorNoise_5.ply,Caffe.ply,3.63333333333333,3.3007232142857132
LS-PCQA,3,pointpca3_only,Caffe_ColorNoise_6.ply,Caffe.ply,3.39285714285714,3.136214285714286
LS-PCQA,3,pointpca3_only,Caffe_ColorNoise_7.ply,Caffe.ply,2.89285714285714,3.0414434523809524
LS-PCQA,3,pointpca3_only,Caffe_ContrastDistortion_1.ply,Caffe.ply,4.0,3.3774136904761907
LS-PCQA,3,pointpca3_only,Caffe_ContrastDistortion_2.ply,Caffe.ply,3.60714285714286,2.303907738095238
LS-PCQA,3,pointpca3_only,Caffe_ContrastDistortion_3.ply,Caffe.ply,3.28571428571429,1.9978630952380947
LS-PCQA,3,pointpca3_only,Caffe_ContrastDistortion_4.ply,Caffe.ply,3.17857142857143,2.264875
LS-PCQA,3,pointpca3_only,Caffe_ContrastDistortion_5.ply,Caffe.ply,2.21428571428571,2.2751026785714283
LS-PCQA,3,pointpca3_only,Caffe_CorrelatedGaussianNoise_1.ply,Caffe.ply,4.10714285714286,3.84361607142857
LS-PCQA,3,pointpca3_only,Caffe_CorrelatedGaussianNoise_2.ply,Caffe.ply,3.75,3.3094374999999996
LS-PCQA,3,pointpca3_only,Caffe_CorrelatedGaussianNoise_3.ply,Caffe.ply,3.59375,3.081794642857141
LS-PCQA,3,pointpca3_only,Caffe_CorrelatedGaussianNoise_4.ply,Caffe.ply,3.28571428571429,2.905526785714286
LS-PCQA,3,pointpca3_only,Caffe_CorrelatedGaussianNoise_5.ply,Caffe.ply,2.89285714285714,2.8534196428571423
LS-PCQA,3,pointpca3_only,Caffe_GaussianShifting_1.ply,Caffe.ply,4.46875,4.562907738095239
LS-PCQA,3,pointpca3_only,Caffe_GaussianShifting_2.ply,Caffe.ply,3.2,3.6056190476190477
LS-PCQA,3,pointpca3_only,Caffe_GaussianShifting_3.ply,Caffe.ply,3.13333333333333,3.3359732142857155
LS-PCQA,3,pointpca3_only,Caffe_GaussianShifting_4.ply,Caffe.ply,2.39285714285714,3.053535714285715
LS-PCQA,3,pointpca3_only,Caffe_GaussianShifting_5.ply,Caffe.ply,2.25,2.937550595238095
LS-PCQA,3,pointpca3_only,Caffe_LumaNoise_1.ply,Caffe.ply,4.07142857142857,4.104416666666665
LS-PCQA,3,pointpca3_only,Caffe_LumaNoise_3.ply,Caffe.ply,3.10714285714286,3.1685535714285726
LS-PCQA,3,pointpca3_only,Caffe_LumaNoise_4.ply,Caffe.ply,2.85714285714286,3.0819821428571443
LS-PCQA,3,pointpca3_only,Caffe_LumaNoise_5.ply,Caffe.ply,2.92857142857143,3.034354166666668
LS-PCQA,3,pointpca3_only,Caffe_LumaNoise_7.ply,Caffe.ply,2.57142857142857,2.953273809523811
LS-PCQA,3,pointpca3_only,CatV1_PoissonNoise_3.ply,CatV1.ply,3.42857142857143,3.5870773809523815
LS-PCQA,3,pointpca3_only,CatV1_PoissonNoise_4.ply,CatV1.ply,3.46875,3.1768125000000005
LS-PCQA,3,pointpca3_only,CatV1_PoissonNoise_5.ply,CatV1.ply,3.14285714285714,2.9987351190476197
LS-PCQA,3,pointpca3_only,CatV1_PoissonNoise_6.ply,CatV1.ply,2.96666666666667,2.803160714285715
LS-PCQA,3,pointpca3_only,CatV1_PoissonNoise_7.ply,CatV1.ply,3.34375,2.811229166666667
LS-PCQA,3,pointpca3_only,Duck_CorrelatedGaussianNoise_1.ply,Duck.ply,4.78571428571429,4.241336309523811
LS-PCQA,3,pointpca3_only,Duck_CorrelatedGaussianNoise_2.ply,Duck.ply,3.82142857142857,3.422863095238094
LS-PCQA,3,pointpca3_only,Duck_CorrelatedGaussianNoise_3.ply,Duck.ply,3.53125,3.3134672619047607
LS-PCQA,3,pointpca3_only,Duck_CorrelatedGaussianNoise_4.ply,Duck.ply,3.21428571428571,3.1144226190476187
LS-PCQA,3,pointpca3_only,Duck_CorrelatedGaussianNoise_5.ply,Duck.ply,3.125,3.0468303571428574
LS-PCQA,3,pointpca3_only,Duck_RayleighNoise_1.ply,Duck.ply,4.5,4.050645833333335
LS-PCQA,3,pointpca3_only,Duck_RayleighNoise_3.ply,Duck.ply,3.25,3.1111815476190476
LS-PCQA,3,pointpca3_only,Duck_RayleighNoise_4.ply,Duck.ply,3.15625,2.8483422619047616
LS-PCQA,3,pointpca3_only,Duck_RayleighNoise_5.ply,Duck.ply,3.0,2.8126249999999993
LS-PCQA,3,pointpca3_only,Duck_RayleighNoise_7.ply,Duck.ply,2.5,2.69416369047619
LS-PCQA,3,pointpca3_only,Horse_GaussianNoise_1.ply,Horse.ply,3.40625,3.1357976190476187
LS-PCQA,3,pointpca3_only,Horse_GaussianNoise_3.ply,Horse.ply,2.96875,2.9521190476190484
LS-PCQA,3,pointpca3_only,Horse_GaussianNoise_4.ply,Horse.ply,2.875,2.77852976190476
LS-PCQA,3,pointpca3_only,Horse_GaussianNoise_5.ply,Horse.ply,2.35714285714286,2.6306369047619027
LS-PCQA,3,pointpca3_only,Horse_GaussianNoise_7.ply,Horse.ply,1.67857142857143,2.467565476190477
LS-PCQA,3,pointpca3_only,Horse_SaturationDistortion_1.ply,Horse.ply,4.53571428571429,4.020392857142855
LS-PCQA,3,pointpca3_only,Horse_SaturationDistortion_2.ply,Horse.ply,3.64285714285714,3.5114047619047626
LS-PCQA,3,pointpca3_only,Horse_SaturationDistortion_3.ply,Horse.ply,2.75,3.091383928571428
LS-PCQA,3,pointpca3_only,Horse_SaturationDistortion_4.ply,Horse.ply,2.5,2.830964285714289
LS-PCQA,3,pointpca3_only,Horse_SaturationDistortion_5.ply,Horse.ply,2.5625,2.746032738095238
LS-PCQA,3,pointpca3_only,ParrotV1_lossless-geom-nearlossless-attrs_3.ply,ParrotV1.ply,4.9,4.605788690476191
LS-PCQA,3,pointpca3_only,ParrotV1_lossless-geom-nearlossless-attrs_4.ply,ParrotV1.ply,4.625,4.218258928571432
LS-PCQA,3,pointpca3_only,ParrotV1_lossless-geom-nearlossless-attrs_5.ply,ParrotV1.ply,4.5625,3.470782738095238
LS-PCQA,3,pointpca3_only,ParrotV1_lossless-geom-nearlossless-attrs_6.ply,ParrotV1.ply,3.92857142857143,2.732383928571428
LS-PCQA,3,pointpca3_only,ParrotV1_lossless-geom-nearlossless-attrs_7.ply,ParrotV1.ply,2.78125,2.3239345238095233
LS-PCQA,3,pointpca3_only,QQdog_ColorQuantizationDither_3.ply,QQdog.ply,4.3125,3.596744047619047
LS-PCQA,3,pointpca3_only,QQdog_ColorQuantizationDither_4.ply,QQdog.ply,4.03333333333333,3.5014702380952394
LS-PCQA,3,pointpca3_only,QQdog_ColorQuantizationDither_5.ply,QQdog.ply,4.25,3.017266369047619
LS-PCQA,3,pointpca3_only,QQdog_ColorQuantizationDither_6.ply,QQdog.ply,3.1875,2.7527827380952385
LS-PCQA,3,pointpca3_only,QQdog_ColorQuantizationDither_7.ply,QQdog.ply,2.28571428571429,2.715642857142859
LS-PCQA,3,pointpca3_only,QQdog_MeanShift_1.ply,QQdog.ply,4.53571428571429,4.067449404761903
LS-PCQA,3,pointpca3_only,QQdog_MeanShift_3.ply,QQdog.ply,3.71875,3.1914672619047617
LS-PCQA,3,pointpca3_only,QQdog_MeanShift_4.ply,QQdog.ply,3.03333333333333,3.0069880952380936
LS-PCQA,3,pointpca3_only,QQdog_MeanShift_5.ply,QQdog.ply,2.86666666666667,2.967845238095237
LS-PCQA,3,pointpca3_only,QQdog_MeanShift_7.ply,QQdog.ply,2.42857142857143,3.017086309523809
LS-PCQA,3,pointpca3_only,queen_ColorNoise_3.ply,queen.ply,3.66666666666667,3.5099404761904767
LS-PCQA,3,pointpca3_only,queen_ColorNoise_4.ply,queen.ply,3.39285714285714,3.380113095238096
LS-PCQA,3,pointpca3_only,queen_ColorNoise_5.ply,queen.ply,3.39285714285714,3.228758928571427
LS-PCQA,3,pointpca3_only,queen_ColorNoise_6.ply,queen.ply,2.89285714285714,3.048107142857144
LS-PCQA,3,pointpca3_only,queen_ColorNoise_7.ply,queen.ply,2.90625,2.9366279761904774
LS-PCQA,3,pointpca3_only,queen_LocalLoss_1.ply,queen.ply,3.1,3.1250476190476184
LS-PCQA,3,pointpca3_only,queen_LocalLoss_2.ply,queen.ply,2.67857142857143,2.748577380952383
LS-PCQA,3,pointpca3_only,queen_LocalLoss_3.ply,queen.ply,1.60714285714286,2.4627172619047624
LS-PCQA,3,pointpca3_only,queen_LocalLoss_4.ply,queen.ply,1.67857142857143,2.1685029761904757
LS-PCQA,3,pointpca3_only,queen_LocalLoss_5.ply,queen.ply,1.32142857142857,1.7054494047619042
LS-PCQA,3,pointpca3_only,queen_SaturationDistortion_1.ply,queen.ply,4.4375,4.108916666666666
LS-PCQA,3,pointpca3_only,queen_SaturationDistortion_2.ply,queen.ply,3.67857142857143,3.702502976190476
LS-PCQA,3,pointpca3_only,queen_SaturationDistortion_3.ply,queen.ply,2.90625,3.0525089285714273
LS-PCQA,3,pointpca3_only,queen_SaturationDistortion_4.ply,queen.ply,2.53571428571429,2.8109702380952393
LS-PCQA,3,pointpca3_only,queen_SaturationDistortion_5.ply,queen.ply,2.5,2.785958333333332
LS-PCQA,3,pointpca3_only,RpMeiPosed001_CorrelatedGaussianNoise_1.ply,RpMeiPosed001.ply,4.0,4.00433630952381
LS-PCQA,3,pointpca3_only,RpMeiPosed001_CorrelatedGaussianNoise_2.ply,RpMeiPosed001.ply,3.60714285714286,3.543669642857142
LS-PCQA,3,pointpca3_only,RpMeiPosed001_CorrelatedGaussianNoise_3.ply,RpMeiPosed001.ply,3.28571428571429,3.1590833333333337
LS-PCQA,3,pointpca3_only,RpMeiPosed001_CorrelatedGaussianNoise_4.ply,RpMeiPosed001.ply,3.07142857142857,3.1780327380952382
LS-PCQA,3,pointpca3_only,RpMeiPosed001_CorrelatedGaussianNoise_5.ply,RpMeiPosed001.ply,3.06666666666667,3.0441607142857134
LS-PCQA,3,pointpca3_only,RpMeiPosed001_LocalRotation_1.ply,RpMeiPosed001.ply,2.375,3.4360952380952368
LS-PCQA,3,pointpca3_only,RpMeiPosed001_LocalRotation_2.ply,RpMeiPosed001.ply,2.3,3.27316369047619
LS-PCQA,3,pointpca3_only,RpMeiPosed001_LocalRotation_3.ply,RpMeiPosed001.ply,2.34375,3.128023809523809
LS-PCQA,3,pointpca3_only,RpMeiPosed001_LocalRotation_4.ply,RpMeiPosed001.ply,1.65625,1.7730595238095221
LS-PCQA,3,pointpca3_only,RpMeiPosed001_LocalRotation_5.ply,RpMeiPosed001.ply,1.64285714285714,1.2288571428571395
LS-PCQA,3,pointpca3_only,SeaTurtle_HighFrequencyNoise_3.ply,SeaTurtle.ply,4.28571428571429,4.065693452380952
LS-PCQA,3,pointpca3_only,SeaTurtle_HighFrequencyNoise_4.ply,SeaTurtle.ply,4.17857142857143,3.740005952380953
LS-PCQA,3,pointpca3_only,SeaTurtle_HighFrequencyNoise_5.ply,SeaTurtle.ply,3.89285714285714,3.673497023809524
LS-PCQA,3,pointpca3_only,SeaTurtle_HighFrequencyNoise_6.ply,SeaTurtle.ply,3.5,3.2064419642857156
LS-PCQA,3,pointpca3_only,SeaTurtle_HighFrequencyNoise_7.ply,SeaTurtle.ply,3.0,3.0377291666666673
LS-PCQA,3,pointpca3_only,Thaidancer_C2AI-lossy-geom-lossy-attrs_3.ply,Thaidancer.ply,4.35714285714286,3.7114255952380937
LS-PCQA,3,pointpca3_only,Thaidancer_C2AI-lossy-geom-lossy-attrs_4.ply,Thaidancer.ply,4.0625,3.811398809523809
LS-PCQA,3,pointpca3_only,Thaidancer_C2AI-lossy-geom-lossy-attrs_5.ply,Thaidancer.ply,3.07142857142857,3.1564821428571417
LS-PCQA,3,pointpca3_only,Thaidancer_C2AI-lossy-geom-lossy-attrs_6.ply,Thaidancer.ply,2.17857142857143,3.220541666666665
LS-PCQA,3,pointpca3_only,Thaidancer_C2AI-lossy-geom-lossy-attrs_7.ply,Thaidancer.ply,2.32142857142857,2.870788690476191
LS-PCQA,3,pointpca3_only,Thaidancer_ContrastDistortion_1.ply,Thaidancer.ply,4.43333333333333,3.0811875
LS-PCQA,3,pointpca3_only,Thaidancer_ContrastDistortion_2.ply,Thaidancer.ply,3.46666666666667,2.5076428571428564
LS-PCQA,3,pointpca3_only,Thaidancer_ContrastDistortion_3.ply,Thaidancer.ply,3.1875,2.070299107142857
LS-PCQA,3,pointpca3_only,Thaidancer_ContrastDistortion_4.ply,Thaidancer.ply,3.35714285714286,2.1058883928571426
LS-PCQA,3,pointpca3_only,Thaidancer_ContrastDistortion_5.ply,Thaidancer.ply,2.53571428571429,2.0758169642857136
LS-PCQA,3,pointpca3_only,Thaidancer_LumaNoise_1.ply,Thaidancer.ply,4.25,4.103089285714283
LS-PCQA,3,pointpca3_only,Thaidancer_LumaNoise_3.ply,Thaidancer.ply,3.63333333333333,3.1375654761904768
LS-PCQA,3,pointpca3_only,Thaidancer_LumaNoise_4.ply,Thaidancer.ply,3.10714285714286,3.072937500000001
LS-PCQA,3,pointpca3_only,Thaidancer_LumaNoise_5.ply,Thaidancer.ply,3.03571428571429,3.0483958333333345
LS-PCQA,3,pointpca3_only,Thaidancer_LumaNoise_7.ply,Thaidancer.ply,2.67857142857143,3.0270148809523802
LS-PCQA,3,pointpca3_only,Truck_ColorQuantizationDither_3.ply,Truck.ply,3.82142857142857,3.6741398809523798
LS-PCQA,3,pointpca3_only,Truck_ColorQuantizationDither_4.ply,Truck.ply,3.07142857142857,3.5353571428571424
LS-PCQA,3,pointpca3_only,Truck_ColorQuantizationDither_5.ply,Truck.ply,2.65625,3.2271309523809517
LS-PCQA,3,pointpca3_only,Truck_ColorQuantizationDither_6.ply,Truck.ply,2.46875,3.100476190476191
LS-PCQA,3,pointpca3_only,Truck_ColorQuantizationDither_7.ply,Truck.ply,1.96428571428571,2.858083333333334
LS-PCQA,3,pointpca3_only,Truck_lossy-geom-lossy-attrs_3.ply,Truck.ply,4.57142857142857,4.388154761904764
LS-PCQA,3,pointpca3_only,Truck_lossy-geom-lossy-attrs_4.ply,Truck.ply,4.28571428571429,4.3810863095238135
LS-PCQA,3,pointpca3_only,Truck_lossy-geom-lossy-attrs_5.ply,Truck.ply,3.8125,3.495029761904761
LS-PCQA,3,pointpca3_only,Truck_lossy-geom-lossy-attrs_6.ply,Truck.ply,3.0,2.6016785714285713
LS-PCQA,3,pointpca3_only,Truck_lossy-geom-lossy-attrs_7.ply,Truck.ply,1.42857142857143,1.8004642857142878
LS-PCQA,3,pointpca3_only,Truck_PoissonNoise_3.ply,Truck.ply,4.10714285714286,3.8255208333333344
LS-PCQA,3,pointpca3_only,Truck_PoissonNoise_4.ply,Truck.ply,3.67857142857143,3.691633928571428
LS-PCQA,3,pointpca3_only,Truck_PoissonNoise_5.ply,Truck.ply,3.85714285714286,3.5282470238095227
LS-PCQA,3,pointpca3_only,Truck_PoissonNoise_6.ply,Truck.ply,3.17857142857143,3.4191547619047595
LS-PCQA,3,pointpca3_only,Truck_PoissonNoise_7.ply,Truck.ply,3.13333333333333,3.3179880952380945
LS-PCQA,3,pointpca3_only,WhiteTailedDeer_C2AI-lossy-geom-lossy-attrs_3.ply,WhiteTailedDeer.ply,4.43333333333333,4.129991071428571
LS-PCQA,3,pointpca3_only,WhiteTailedDeer_C2AI-lossy-geom-lossy-attrs_4.ply,WhiteTailedDeer.ply,3.85714285714286,3.866184523809522
LS-PCQA,3,pointpca3_only,WhiteTailedDeer_C2AI-lossy-geom-lossy-attrs_5.ply,WhiteTailedDeer.ply,4.07142857142857,3.4707619047619045
LS-PCQA,3,pointpca3_only,WhiteTailedDeer_C2AI-lossy-geom-lossy-attrs_6.ply,WhiteTailedDeer.ply,3.14285714285714,3.304244047619048
LS-PCQA,3,pointpca3_only,WhiteTailedDeer_C2AI-lossy-geom-lossy-attrs_7.ply,WhiteTailedDeer.ply,2.83333333333333,3.0845059523809533
LS-PCQA,3,pointpca3_only,WhiteTailedDeer_LocalOffset_1.ply,WhiteTailedDeer.ply,3.5,2.887827380952379
LS-PCQA,3,pointpca3_only,WhiteTailedDeer_LocalOffset_2.ply,WhiteTailedDeer.ply,2.75,2.559535714285713
LS-PCQA,3,pointpca3_only,WhiteTailedDeer_LocalOffset_3.ply,WhiteTailedDeer.ply,2.6875,2.2906279761904793
LS-PCQA,3,pointpca3_only,WhiteTailedDeer_LocalOffset_4.ply,WhiteTailedDeer.ply,2.0,1.9321994047619049
LS-PCQA,3,pointpca3_only,WhiteTailedDeer_LocalOffset_5.ply,WhiteTailedDeer.ply,2.0,1.4826339285714274
LS-PCQA,3,dists_only,banjofrog_limitlossyG-lossyA_3.ply,banjofrog.ply,4.8,4.112220238095238
LS-PCQA,3,dists_only,banjofrog_limitlossyG-lossyA_4.ply,banjofrog.ply,4.35714285714286,3.4658095238095235
LS-PCQA,3,dists_only,banjofrog_limitlossyG-lossyA_5.ply,banjofrog.ply,2.8125,2.8239434523809535
LS-PCQA,3,dists_only,banjofrog_limitlossyG-lossyA_6.ply,banjofrog.ply,2.25,2.508011904761902
LS-PCQA,3,dists_only,banjofrog_limitlossyG-lossyA_7.ply,banjofrog.ply,1.78571428571429,1.6267857142857156
LS-PCQA,3,dists_only,Birdv1_losslessG-lossyA_3.ply,Birdv1.ply,4.96428571428571,3.644354166666665
LS-PCQA,3,dists_only,Birdv1_losslessG-lossyA_4.ply,Birdv1.ply,4.67857142857143,3.2764375
LS-PCQA,3,dists_only,Birdv1_losslessG-lossyA_5.ply,Birdv1.ply,3.9,2.9508169642857136
LS-PCQA,3,dists_only,Birdv1_losslessG-lossyA_6.ply,Birdv1.ply,2.67857142857143,3.032275297619048
LS-PCQA,3,dists_only,Birdv1_losslessG-lossyA_7.ply,Birdv1.ply,2.63333333333333,2.9259166666666676
LS-PCQA,3,dists_only,Birdv1_MeanShift_1.ply,Birdv1.ply,4.92857142857143,4.518559523809522
LS-PCQA,3,dists_only,Birdv1_MeanShift_3.ply,Birdv1.ply,3.25,4.157758928571431
LS-PCQA,3,dists_only,Birdv1_MeanShift_4.ply,Birdv1.ply,3.1,3.5336636904761893
LS-PCQA,3,dists_only,Birdv1_MeanShift_5.ply,Birdv1.ply,2.82142857142857,3.3599717261904773
LS-PCQA,3,dists_only,Birdv1_MeanShift_7.ply,Birdv1.ply,2.8125,2.903083333333334
LS-PCQA,3,dists_only,BirdV4_MultiplicativeGaussianNoise_1.ply,BirdV4.ply,3.60714285714286,3.808625
LS-PCQA,3,dists_only,BirdV4_MultiplicativeGaussianNoise_3.ply,BirdV4.ply,3.35714285714286,3.2095892857142854
LS-PCQA,3,dists_only,BirdV4_MultiplicativeGaussianNoise_4.ply,BirdV4.ply,3.17857142857143,3.089772321428573
LS-PCQA,3,dists_only,BirdV4_MultiplicativeGaussianNoise_5.ply,BirdV4.ply,2.93333333333333,2.7726011904761907
LS-PCQA,3,dists_only,BirdV4_MultiplicativeGaussianNoise_7.ply,BirdV4.ply,2.53571428571429,2.739002976190477
LS-PCQA,3,dists_only,BricksWall_GammaNoise_1.ply,BricksWall.ply,3.78125,3.59098511904762
LS-PCQA,3,dists_only,BricksWall_GammaNoise_3.ply,BricksWall.ply,3.32142857142857,3.18444642857143
LS-PCQA,3,dists_only,BricksWall_GammaNoise_4.ply,BricksWall.ply,3.4375,2.60175892857143
LS-PCQA,3,dists_only,BricksWall_GammaNoise_5.ply,BricksWall.ply,3.32142857142857,2.3094851190476167
LS-PCQA,3,dists_only,BricksWall_GammaNoise_7.ply,BricksWall.ply,2.53571428571429,2.7406934523809525
LS-PCQA,3,dists_only,BricksWall_HighFrequencyNoise_3.ply,BricksWall.ply,4.25,3.8771994047619063
LS-PCQA,3,dists_only,BricksWall_HighFrequencyNoise_4.ply,BricksWall.ply,4.17857142857143,3.821982142857143
LS-PCQA,3,dists_only,BricksWall_HighFrequencyNoise_5.ply,BricksWall.ply,3.6875,3.76698511904762
LS-PCQA,3,dists_only,BricksWall_HighFrequencyNoise_6.ply,BricksWall.ply,3.35714285714286,2.5681101190476174
LS-PCQA,3,dists_only,BricksWall_HighFrequencyNoise_7.ply,BricksWall.ply,3.10714285714286,2.5636041666666656
LS-PCQA,3,dists_only,BricksWall_limitlossyG-lossyA_3.ply,BricksWall.ply,4.67857142857143,4.096434523809525
LS-PCQA,3,dists_only,BricksWall_limitlossyG-lossyA_4.ply,BricksWall.ply,4.71875,2.6497232142857143
LS-PCQA,3,dists_only,BricksWall_limitlossyG-lossyA_5.ply,BricksWall.ply,2.82142857142857,3.1557351190476184
LS-PCQA,3,dists_only,BricksWall_limitlossyG-lossyA_6.ply,BricksWall.ply,1.84375,2.595172619047618
LS-PCQA,3,dists_only,BricksWall_limitlossyG-lossyA_7.ply,BricksWall.ply,1.1,2.154508928571429
LS-PCQA,3,dists_only,BricksWall_QuantizationNoise_1.ply,BricksWall.ply,4.03125,4.03757738095238
LS-PCQA,3,dists_only,BricksWall_QuantizationNoise_3.ply,BricksWall.ply,3.96666666666667,3.419517857142858
LS-PCQA,3,dists_only,BricksWall_QuantizationNoise_4.ply,BricksWall.ply,3.28571428571429,3.3211755952380937
LS-PCQA,3,dists_only,BricksWall_QuantizationNoise_5.ply,BricksWall.ply,3.82142857142857,3.3211755952380937
LS-PCQA,3,dists_only,BricksWall_QuantizationNoise_7.ply,BricksWall.ply,3.17857142857143,2.91538392857143
LS-PCQA,3,dists_only,bristleback_GaussianNoise_1.ply,bristleback.ply,3.42857142857143,3.100552083333333
LS-PCQA,3,dists_only,bristleback_GaussianNoise_3.ply,bristleback.ply,3.5,3.0081488095238096
LS-PCQA,3,dists_only,bristleback_GaussianNoise_4.ply,bristleback.ply,3.2,3.026077380952381
LS-PCQA,3,dists_only,bristleback_GaussianNoise_5.ply,bristleback.ply,2.78571428571429,2.9337708333333334
LS-PCQA,3,dists_only,bristleback_GaussianNoise_7.ply,bristleback.ply,2.4,2.4844553571428567
LS-PCQA,3,dists_only,bristleback_MultiplicativeGaussianNoise_1.ply,bristleback.ply,3.53571428571429,3.4432678571428563
LS-PCQA,3,dists_only,bristleback_MultiplicativeGaussianNoise_3.ply,bristleback.ply,3.21428571428571,2.902666666666666
LS-PCQA,3,dists_only,bristleback_MultiplicativeGaussianNoise_4.ply,bristleback.ply,2.96428571428571,2.8449970238095257
LS-PCQA,3,dists_only,bristleback_MultiplicativeGaussianNoise_5.ply,bristleback.ply,3.03125,3.030961309523811
LS-PCQA,3,dists_only,bristleback_MultiplicativeGaussianNoise_7.ply,bristleback.ply,2.76666666666667,2.8071875000000013
LS-PCQA,3,dists_only,Caffe_ColorNoise_3.ply,Caffe.ply,3.92857142857143,4.084348214285717
LS-PCQA,3,dists_only,Caffe_ColorNoise_4.ply,Caffe.ply,3.53571428571429,3.445550595238095
LS-PCQA,3,dists_only,Caffe_ColorNoise_5.ply,Caffe.ply,3.63333333333333,2.966833333333334
LS-PCQA,3,dists_only,Caffe_ColorNoise_6.ply,Caffe.ply,3.39285714285714,2.998958333333333
LS-PCQA,3,dists_only,Caffe_ColorNoise_7.ply,Caffe.ply,2.89285714285714,2.4183452380952386
LS-PCQA,3,dists_only,Caffe_ContrastDistortion_1.ply,Caffe.ply,4.0,4.363380952380954
LS-PCQA,3,dists_only,Caffe_ContrastDistortion_2.ply,Caffe.ply,3.60714285714286,3.311035714285714
LS-PCQA,3,dists_only,Caffe_ContrastDistortion_3.ply,Caffe.ply,3.28571428571429,2.4158065476190473
LS-PCQA,3,dists_only,Caffe_ContrastDistortion_4.ply,Caffe.ply,3.17857142857143,2.7711875000000004
LS-PCQA,3,dists_only,Caffe_ContrastDistortion_5.ply,Caffe.ply,2.21428571428571,2.50274107142857
LS-PCQA,3,dists_only,Caffe_CorrelatedGaussianNoise_1.ply,Caffe.ply,4.10714285714286,4.0534702380952385
LS-PCQA,3,dists_only,Caffe_CorrelatedGaussianNoise_2.ply,Caffe.ply,3.75,3.0823184523809535
LS-PCQA,3,dists_only,Caffe_CorrelatedGaussianNoise_3.ply,Caffe.ply,3.59375,2.823921130952381
LS-PCQA,3,dists_only,Caffe_CorrelatedGaussianNoise_4.ply,Caffe.ply,3.28571428571429,2.852776785714285
LS-PCQA,3,dists_only,Caffe_CorrelatedGaussianNoise_5.ply,Caffe.ply,2.89285714285714,2.5685208333333325
LS-PCQA,3,dists_only,Caffe_GaussianShifting_1.ply,Caffe.ply,4.46875,3.822848214285717
LS-PCQA,3,dists_only,Caffe_GaussianShifting_2.ply,Caffe.ply,3.2,2.428330357142856
LS-PCQA,3,dists_only,Caffe_GaussianShifting_3.ply,Caffe.ply,3.13333333333333,2.4041755952380957
LS-PCQA,3,dists_only,Caffe_GaussianShifting_4.ply,Caffe.ply,2.39285714285714,2.5543184523809526
LS-PCQA,3,dists_only,Caffe_GaussianShifting_5.ply,Caffe.ply,2.25,2.6478839285714293
LS-PCQA,3,dists_only,Caffe_LumaNoise_1.ply,Caffe.ply,4.07142857142857,4.526348214285716
LS-PCQA,3,dists_only,Caffe_LumaNoise_3.ply,Caffe.ply,3.10714285714286,3.6500089285714306
LS-PCQA,3,dists_only,Caffe_LumaNoise_4.ply,Caffe.ply,2.85714285714286,3.503580357142855
LS-PCQA,3,dists_only,Caffe_LumaNoise_5.ply,Caffe.ply,2.92857142857143,3.37013988095238
LS-PCQA,3,dists_only,Caffe_LumaNoise_7.ply,Caffe.ply,2.57142857142857,2.83361011904762
LS-PCQA,3,dists_only,CatV1_PoissonNoise_3.ply,CatV1.ply,3.42857142857143,3.840836309523811
LS-PCQA,3,dists_only,CatV1_PoissonNoise_4.ply,CatV1.ply,3.46875,3.6879077380952374
LS-PCQA,3,dists_only,CatV1_PoissonNoise_5.ply,CatV1.ply,3.14285714285714,3.309255952380953
LS-PCQA,3,dists_only,CatV1_PoissonNoise_6.ply,CatV1.ply,2.96666666666667,3.3728839285714285
LS-PCQA,3,dists_only,CatV1_PoissonNoise_7.ply,CatV1.ply,3.34375,3.3647410714285706
LS-PCQA,3,dists_only,Duck_CorrelatedGaussianNoise_1.ply,Duck.ply,4.78571428571429,4.1006130952380975
LS-PCQA,3,dists_only,Duck_CorrelatedGaussianNoise_2.ply,Duck.ply,3.82142857142857,3.585428571428572
LS-PCQA,3,dists_only,Duck_CorrelatedGaussianNoise_3.ply,Duck.ply,3.53125,3.1239077380952383
LS-PCQA,3,dists_only,Duck_CorrelatedGaussianNoise_4.ply,Duck.ply,3.21428571428571,2.7675773809523805
LS-PCQA,3,dists_only,Duck_CorrelatedGaussianNoise_5.ply,Duck.ply,3.125,2.49124107142857
LS-PCQA,3,dists_only,Duck_RayleighNoise_1.ply,Duck.ply,4.5,3.402383928571429
LS-PCQA,3,dists_only,Duck_RayleighNoise_3.ply,Duck.ply,3.25,3.4612440476190476
LS-PCQA,3,dists_only,Duck_RayleighNoise_4.ply,Duck.ply,3.15625,2.9004523809523812
LS-PCQA,3,dists_only,Duck_RayleighNoise_5.ply,Duck.ply,3.0,2.488205357142857
LS-PCQA,3,dists_only,Duck_RayleighNoise_7.ply,Duck.ply,2.5,2.48152380952381
LS-PCQA,3,dists_only,Horse_GaussianNoise_1.ply,Horse.ply,3.40625,3.070446428571428
LS-PCQA,3,dists_only,Horse_GaussianNoise_3.ply,Horse.ply,2.96875,2.922065476190476
LS-PCQA,3,dists_only,Horse_GaussianNoise_4.ply,Horse.ply,2.875,3.030791666666666
LS-PCQA,3,dists_only,Horse_GaussianNoise_5.ply,Horse.ply,2.35714285714286,2.865440476190474
LS-PCQA,3,dists_only,Horse_GaussianNoise_7.ply,Horse.ply,1.67857142857143,2.5828750000000014
LS-PCQA,3,dists_only,Horse_SaturationDistortion_1.ply,Horse.ply,4.53571428571429,4.284357142857141
LS-PCQA,3,dists_only,Horse_SaturationDistortion_2.ply,Horse.ply,3.64285714285714,4.003586309523812
LS-PCQA,3,dists_only,Horse_SaturationDistortion_3.ply,Horse.ply,2.75,3.51788988095238
LS-PCQA,3,dists_only,Horse_SaturationDistortion_4.ply,Horse.ply,2.5,3.2104077380952383
LS-PCQA,3,dists_only,Horse_SaturationDistortion_5.ply,Horse.ply,2.5625,3.3985744047619044
LS-PCQA,3,dists_only,ParrotV1_lossless-geom-nearlossless-attrs_3.ply,ParrotV1.ply,4.9,4.747547619047617
LS-PCQA,3,dists_only,ParrotV1_lossless-geom-nearlossless-attrs_4.ply,ParrotV1.ply,4.625,4.239279761904761
LS-PCQA,3,dists_only,ParrotV1_lossless-geom-nearlossless-attrs_5.ply,ParrotV1.ply,4.5625,3.7356666666666674
LS-PCQA,3,dists_only,ParrotV1_lossless-geom-nearlossless-attrs_6.ply,ParrotV1.ply,3.92857142857143,3.6382351190476188
LS-PCQA,3,dists_only,ParrotV1_lossless-geom-nearlossless-attrs_7.ply,ParrotV1.ply,2.78125,3.0502529761904777
LS-PCQA,3,dists_only,QQdog_ColorQuantizationDither_3.ply,QQdog.ply,4.3125,4.181687500000002
LS-PCQA,3,dists_only,QQdog_ColorQuantizationDither_4.ply,QQdog.ply,4.03333333333333,3.5798035714285703
LS-PCQA,3,dists_only,QQdog_ColorQuantizationDither_5.ply,QQdog.ply,4.25,3.2160729166666675
LS-PCQA,3,dists_only,QQdog_ColorQuantizationDither_6.ply,QQdog.ply,3.1875,3.0166517857142874
LS-PCQA,3,dists_only,QQdog_ColorQuantizationDither_7.ply,QQdog.ply,2.28571428571429,2.7255654761904764
LS-PCQA,3,dists_only,QQdog_MeanShift_1.ply,QQdog.ply,4.53571428571429,4.484395833333332
LS-PCQA,3,dists_only,QQdog_MeanShift_3.ply,QQdog.ply,3.71875,4.224651785714286
LS-PCQA,3,dists_only,QQdog_MeanShift_4.ply,QQdog.ply,3.03333333333333,3.305645833333333
LS-PCQA,3,dists_only,QQdog_MeanShift_5.ply,QQdog.ply,2.86666666666667,3.082229166666668
LS-PCQA,3,dists_only,QQdog_MeanShift_7.ply,QQdog.ply,2.42857142857143,2.6387410714285715
LS-PCQA,3,dists_only,queen_ColorNoise_3.ply,queen.ply,3.66666666666667,3.835949404761904
LS-PCQA,3,dists_only,queen_ColorNoise_4.ply,queen.ply,3.39285714285714,3.407404761904761
LS-PCQA,3,dists_only,queen_ColorNoise_5.ply,queen.ply,3.39285714285714,3.1448154761904754
LS-PCQA,3,dists_only,queen_ColorNoise_6.ply,queen.ply,2.89285714285714,3.052083333333332
LS-PCQA,3,dists_only,queen_ColorNoise_7.ply,queen.ply,2.90625,2.93386011904762
LS-PCQA,3,dists_only,queen_LocalLoss_1.ply,queen.ply,3.1,4.483598214285712
LS-PCQA,3,dists_only,queen_LocalLoss_2.ply,queen.ply,2.67857142857143,4.045041666666666
LS-PCQA,3,dists_only,queen_LocalLoss_3.ply,queen.ply,1.60714285714286,3.727517857142855
LS-PCQA,3,dists_only,queen_LocalLoss_4.ply,queen.ply,1.67857142857143,3.684717261904763
LS-PCQA,3,dists_only,queen_LocalLoss_5.ply,queen.ply,1.32142857142857,3.006464285714285
LS-PCQA,3,dists_only,queen_SaturationDistortion_1.ply,queen.ply,4.4375,4.3911755952380975
LS-PCQA,3,dists_only,queen_SaturationDistortion_2.ply,queen.ply,3.67857142857143,4.185446428571429
LS-PCQA,3,dists_only,queen_SaturationDistortion_3.ply,queen.ply,2.90625,3.984050595238097
LS-PCQA,3,dists_only,queen_SaturationDistortion_4.ply,queen.ply,2.53571428571429,3.5700178571428567
LS-PCQA,3,dists_only,queen_SaturationDistortion_5.ply,queen.ply,2.5,3.633217261904764
LS-PCQA,3,dists_only,RpMeiPosed001_CorrelatedGaussianNoise_1.ply,RpMeiPosed001.ply,4.0,3.505577380952382
LS-PCQA,3,dists_only,RpMeiPosed001_CorrelatedGaussianNoise_2.ply,RpMeiPosed001.ply,3.60714285714286,3.3701964285714268
LS-PCQA,3,dists_only,RpMeiPosed001_CorrelatedGaussianNoise_3.ply,RpMeiPosed001.ply,3.28571428571429,3.1486339285714284
LS-PCQA,3,dists_only,RpMeiPosed001_CorrelatedGaussianNoise_4.ply,RpMeiPosed001.ply,3.07142857142857,3.0958005952380967
LS-PCQA,3,dists_only,RpMeiPosed001_CorrelatedGaussianNoise_5.ply,RpMeiPosed001.ply,3.06666666666667,3.1973839285714285
LS-PCQA,3,dists_only,RpMeiPosed001_LocalRotation_1.ply,RpMeiPosed001.ply,2.375,3.6004196428571453
LS-PCQA,3,dists_only,RpMeiPosed001_LocalRotation_2.ply,RpMeiPosed001.ply,2.3,3.2599077380952393
LS-PCQA,3,dists_only,RpMeiPosed001_LocalRotation_3.ply,RpMeiPosed001.ply,2.34375,3.41759226190476
LS-PCQA,3,dists_only,RpMeiPosed001_LocalRotation_4.ply,RpMeiPosed001.ply,1.65625,3.146113095238094
LS-PCQA,3,dists_only,RpMeiPosed001_LocalRotation_5.ply,RpMeiPosed001.ply,1.64285714285714,3.153360119047621
LS-PCQA,3,dists_only,SeaTurtle_HighFrequencyNoise_3.ply,SeaTurtle.ply,4.28571428571429,4.247892857142859
LS-PCQA,3,dists_only,SeaTurtle_HighFrequencyNoise_4.ply,SeaTurtle.ply,4.17857142857143,3.774708333333333
LS-PCQA,3,dists_only,SeaTurtle_HighFrequencyNoise_5.ply,SeaTurtle.ply,3.89285714285714,3.5009642857142858
LS-PCQA,3,dists_only,SeaTurtle_HighFrequencyNoise_6.ply,SeaTurtle.ply,3.5,2.5909970238095217
LS-PCQA,3,dists_only,SeaTurtle_HighFrequencyNoise_7.ply,SeaTurtle.ply,3.0,2.7499672619047626
LS-PCQA,3,dists_only,Thaidancer_C2AI-lossy-geom-lossy-attrs_3.ply,Thaidancer.ply,4.35714285714286,3.6974880952380946
LS-PCQA,3,dists_only,Thaidancer_C2AI-lossy-geom-lossy-attrs_4.ply,Thaidancer.ply,4.0625,3.3199226190476194
LS-PCQA,3,dists_only,Thaidancer_C2AI-lossy-geom-lossy-attrs_5.ply,Thaidancer.ply,3.07142857142857,3.3329077380952365
LS-PCQA,3,dists_only,Thaidancer_C2AI-lossy-geom-lossy-attrs_6.ply,Thaidancer.ply,2.17857142857143,3.072110119047619
LS-PCQA,3,dists_only,Thaidancer_C2AI-lossy-geom-lossy-attrs_7.ply,Thaidancer.ply,2.32142857142857,2.441824404761902
LS-PCQA,3,dists_only,Thaidancer_ContrastDistortion_1.ply,Thaidancer.ply,4.43333333333333,4.333151785714289
LS-PCQA,3,dists_only,Thaidancer_ContrastDistortion_2.ply,Thaidancer.ply,3.46666666666667,3.512502976190477
LS-PCQA,3,dists_only,Thaidancer_ContrastDistortion_3.ply,Thaidancer.ply,3.1875,3.162919642857143
LS-PCQA,3,dists_only,Thaidancer_ContrastDistortion_4.ply,Thaidancer.ply,3.35714285714286,2.7049196428571425
LS-PCQA,3,dists_only,Thaidancer_ContrastDistortion_5.ply,Thaidancer.ply,2.53571428571429,2.591285714285715
LS-PCQA,3,dists_only,Thaidancer_LumaNoise_1.ply,Thaidancer.ply,4.25,4.574089285714286
LS-PCQA,3,dists_only,Thaidancer_LumaNoise_3.ply,Thaidancer.ply,3.63333333333333,3.6460982142857135
LS-PCQA,3,dists_only,Thaidancer_LumaNoise_4.ply,Thaidancer.ply,3.10714285714286,3.3035089285714294
LS-PCQA,3,dists_only,Thaidancer_LumaNoise_5.ply,Thaidancer.ply,3.03571428571429,3.3058958333333326
LS-PCQA,3,dists_only,Thaidancer_LumaNoise_7.ply,Thaidancer.ply,2.67857142857143,3.1131428571428588
LS-PCQA,3,dists_only,Truck_ColorQuantizationDither_3.ply,Truck.ply,3.82142857142857,3.7309732142857155
LS-PCQA,3,dists_only,Truck_ColorQuantizationDither_4.ply,Truck.ply,3.07142857142857,3.5681160714285722
LS-PCQA,3,dists_only,Truck_ColorQuantizationDither_5.ply,Truck.ply,2.65625,2.9405059523809514
LS-PCQA,3,dists_only,Truck_ColorQuantizationDither_6.ply,Truck.ply,2.46875,3.1832767857142845
LS-PCQA,3,dists_only,Truck_ColorQuantizationDither_7.ply,Truck.ply,1.96428571428571,2.6599732142857135
LS-PCQA,3,dists_only,Truck_lossy-geom-lossy-attrs_3.ply,Truck.ply,4.57142857142857,4.384705357142859
LS-PCQA,3,dists_only,Truck_lossy-geom-lossy-attrs_4.ply,Truck.ply,4.28571428571429,3.967875000000001
LS-PCQA,3,dists_only,Truck_lossy-geom-lossy-attrs_5.ply,Truck.ply,3.8125,3.0900297619047628
LS-PCQA,3,dists_only,Truck_lossy-geom-lossy-attrs_6.ply,Truck.ply,3.0,2.834288690476191
LS-PCQA,3,dists_only,Truck_lossy-geom-lossy-attrs_7.ply,Truck.ply,1.42857142857143,1.4669047619047606
LS-PCQA,3,dists_only,Truck_PoissonNoise_3.ply,Truck.ply,4.10714285714286,4.252568452380949
LS-PCQA,3,dists_only,Truck_PoissonNoise_4.ply,Truck.ply,3.67857142857143,4.256092261904761
LS-PCQA,3,dists_only,Truck_PoissonNoise_5.ply,Truck.ply,3.85714285714286,3.9143869047619053
LS-PCQA,3,dists_only,Truck_PoissonNoise_6.ply,Truck.ply,3.17857142857143,3.8965714285714306
LS-PCQA,3,dists_only,Truck_PoissonNoise_7.ply,Truck.ply,3.13333333333333,3.8148154761904753
LS-PCQA,3,dists_only,WhiteTailedDeer_C2AI-lossy-geom-lossy-attrs_3.ply,WhiteTailedDeer.ply,4.43333333333333,3.3193601190476185
LS-PCQA,3,dists_only,WhiteTailedDeer_C2AI-lossy-geom-lossy-attrs_4.ply,WhiteTailedDeer.ply,3.85714285714286,2.7851458333333325
LS-PCQA,3,dists_only,WhiteTailedDeer_C2AI-lossy-geom-lossy-attrs_5.ply,WhiteTailedDeer.ply,4.07142857142857,2.8622500000000004
LS-PCQA,3,dists_only,WhiteTailedDeer_C2AI-lossy-geom-lossy-attrs_6.ply,WhiteTailedDeer.ply,3.14285714285714,2.4623184523809547
LS-PCQA,3,dists_only,WhiteTailedDeer_C2AI-lossy-geom-lossy-attrs_7.ply,WhiteTailedDeer.ply,2.83333333333333,2.375044642857143
LS-PCQA,3,dists_only,WhiteTailedDeer_LocalOffset_1.ply,WhiteTailedDeer.ply,3.5,3.718303571428569
LS-PCQA,3,dists_only,WhiteTailedDeer_LocalOffset_2.ply,WhiteTailedDeer.ply,2.75,3.7818601190476193
LS-PCQA,3,dists_only,WhiteTailedDeer_LocalOffset_3.ply,WhiteTailedDeer.ply,2.6875,3.674895833333331
LS-PCQA,3,dists_only,WhiteTailedDeer_LocalOffset_4.ply,WhiteTailedDeer.ply,2.0,3.474910714285713
LS-PCQA,3,dists_only,WhiteTailedDeer_LocalOffset_5.ply,WhiteTailedDeer.ply,2.0,3.39402976190476
LS-PCQA,3,fusion_46,banjofrog_limitlossyG-lossyA_3.ply,banjofrog.ply,4.8,4.537089285714287
LS-PCQA,3,fusion_46,banjofrog_limitlossyG-lossyA_4.ply,banjofrog.ply,4.35714285714286,4.025098214285715
LS-PCQA,3,fusion_46,banjofrog_limitlossyG-lossyA_5.ply,banjofrog.ply,2.8125,2.7564910714285715
LS-PCQA,3,fusion_46,banjofrog_limitlossyG-lossyA_6.ply,banjofrog.ply,2.25,2.10357142857143
LS-PCQA,3,fusion_46,banjofrog_limitlossyG-lossyA_7.ply,banjofrog.ply,1.78571428571429,1.7018184523809519
LS-PCQA,3,fusion_46,Birdv1_losslessG-lossyA_3.ply,Birdv1.ply,4.96428571428571,4.64558630952381
LS-PCQA,3,fusion_46,Birdv1_losslessG-lossyA_4.ply,Birdv1.ply,4.67857142857143,4.087622023809526
LS-PCQA,3,fusion_46,Birdv1_losslessG-lossyA_5.ply,Birdv1.ply,3.9,3.4990803571428564
LS-PCQA,3,fusion_46,Birdv1_losslessG-lossyA_6.ply,Birdv1.ply,2.67857142857143,3.137925595238095
LS-PCQA,3,fusion_46,Birdv1_losslessG-lossyA_7.ply,Birdv1.ply,2.63333333333333,2.9849761904761896
LS-PCQA,3,fusion_46,Birdv1_MeanShift_1.ply,Birdv1.ply,4.92857142857143,4.5178958333333314
LS-PCQA,3,fusion_46,Birdv1_MeanShift_3.ply,Birdv1.ply,3.25,3.5976190476190486
LS-PCQA,3,fusion_46,Birdv1_MeanShift_4.ply,Birdv1.ply,3.1,3.3689375000000013
LS-PCQA,3,fusion_46,Birdv1_MeanShift_5.ply,Birdv1.ply,2.82142857142857,3.126322916666665
LS-PCQA,3,fusion_46,Birdv1_MeanShift_7.ply,Birdv1.ply,2.8125,2.561068452380953
LS-PCQA,3,fusion_46,BirdV4_MultiplicativeGaussianNoise_1.ply,BirdV4.ply,3.60714285714286,3.9653095238095237
LS-PCQA,3,fusion_46,BirdV4_MultiplicativeGaussianNoise_3.ply,BirdV4.ply,3.35714285714286,3.3529196428571435
LS-PCQA,3,fusion_46,BirdV4_MultiplicativeGaussianNoise_4.ply,BirdV4.ply,3.17857142857143,3.2153586309523807
LS-PCQA,3,fusion_46,BirdV4_MultiplicativeGaussianNoise_5.ply,BirdV4.ply,2.93333333333333,3.1011577380952393
LS-PCQA,3,fusion_46,BirdV4_MultiplicativeGaussianNoise_7.ply,BirdV4.ply,2.53571428571429,2.892151785714286
LS-PCQA,3,fusion_46,BricksWall_GammaNoise_1.ply,BricksWall.ply,3.78125,3.8833898809523832
LS-PCQA,3,fusion_46,BricksWall_GammaNoise_3.ply,BricksWall.ply,3.32142857142857,3.7127946428571432
LS-PCQA,3,fusion_46,BricksWall_GammaNoise_4.ply,BricksWall.ply,3.4375,3.4815744047619046
LS-PCQA,3,fusion_46,BricksWall_GammaNoise_5.ply,BricksWall.ply,3.32142857142857,3.311306547619046
LS-PCQA,3,fusion_46,BricksWall_GammaNoise_7.ply,BricksWall.ply,2.53571428571429,2.8380654761904776
LS-PCQA,3,fusion_46,BricksWall_HighFrequencyNoise_3.ply,BricksWall.ply,4.25,4.531869047619049
LS-PCQA,3,fusion_46,BricksWall_HighFrequencyNoise_4.ply,BricksWall.ply,4.17857142857143,4.307479166666667
LS-PCQA,3,fusion_46,BricksWall_HighFrequencyNoise_5.ply,BricksWall.ply,3.6875,4.162645833333333
LS-PCQA,3,fusion_46,BricksWall_HighFrequencyNoise_6.ply,BricksWall.ply,3.35714285714286,3.3845535714285715
LS-PCQA,3,fusion_46,BricksWall_HighFrequencyNoise_7.ply,BricksWall.ply,3.10714285714286,3.2190892857142863
LS-PCQA,3,fusion_46,BricksWall_limitlossyG-lossyA_3.ply,BricksWall.ply,4.67857142857143,4.316440476190476
LS-PCQA,3,fusion_46,BricksWall_limitlossyG-lossyA_4.ply,BricksWall.ply,4.71875,3.9386369047619043
LS-PCQA,3,fusion_46,BricksWall_limitlossyG-lossyA_5.ply,BricksWall.ply,2.82142857142857,3.038919642857142
LS-PCQA,3,fusion_46,BricksWall_limitlossyG-lossyA_6.ply,BricksWall.ply,1.84375,2.5542797619047626
LS-PCQA,3,fusion_46,BricksWall_limitlossyG-lossyA_7.ply,BricksWall.ply,1.1,1.9931279761904759
LS-PCQA,3,fusion_46,BricksWall_QuantizationNoise_1.ply,BricksWall.ply,4.03125,4.342407738095239
LS-PCQA,3,fusion_46,BricksWall_QuantizationNoise_3.ply,BricksWall.ply,3.96666666666667,4.062050595238096
LS-PCQA,3,fusion_46,BricksWall_QuantizationNoise_4.ply,BricksWall.ply,3.28571428571429,3.6412053571428573
LS-PCQA,3,fusion_46,BricksWall_QuantizationNoise_5.ply,BricksWall.ply,3.82142857142857,3.6412053571428573
LS-PCQA,3,fusion_46,BricksWall_QuantizationNoise_7.ply,BricksWall.ply,3.17857142857143,3.0661934523809524
LS-PCQA,3,fusion_46,bristleback_GaussianNoise_1.ply,bristleback.ply,3.42857142857143,3.349
LS-PCQA,3,fusion_46,bristleback_GaussianNoise_3.ply,bristleback.ply,3.5,3.1649255952380946
LS-PCQA,3,fusion_46,bristleback_GaussianNoise_4.ply,bristleback.ply,3.2,3.0676755952380943
LS-PCQA,3,fusion_46,bristleback_GaussianNoise_5.ply,bristleback.ply,2.78571428571429,2.9583482142857145
LS-PCQA,3,fusion_46,bristleback_GaussianNoise_7.ply,bristleback.ply,2.4,2.5790922619047607
LS-PCQA,3,fusion_46,bristleback_MultiplicativeGaussianNoise_1.ply,bristleback.ply,3.53571428571429,3.4626369047619043
LS-PCQA,3,fusion_46,bristleback_MultiplicativeGaussianNoise_3.ply,bristleback.ply,3.21428571428571,3.273824404761905
LS-PCQA,3,fusion_46,bristleback_MultiplicativeGaussianNoise_4.ply,bristleback.ply,2.96428571428571,3.0921696428571437
LS-PCQA,3,fusion_46,bristleback_MultiplicativeGaussianNoise_5.ply,bristleback.ply,3.03125,3.0684761904761912
LS-PCQA,3,fusion_46,bristleback_MultiplicativeGaussianNoise_7.ply,bristleback.ply,2.76666666666667,2.886065476190477
LS-PCQA,3,fusion_46,Caffe_ColorNoise_3.ply,Caffe.ply,3.92857142857143,4.27692857142857
LS-PCQA,3,fusion_46,Caffe_ColorNoise_4.ply,Caffe.ply,3.53571428571429,3.7217797619047626
LS-PCQA,3,fusion_46,Caffe_ColorNoise_5.ply,Caffe.ply,3.63333333333333,3.260678571428572
LS-PCQA,3,fusion_46,Caffe_ColorNoise_6.ply,Caffe.ply,3.39285714285714,3.172108630952381
LS-PCQA,3,fusion_46,Caffe_ColorNoise_7.ply,Caffe.ply,2.89285714285714,3.089729166666669
LS-PCQA,3,fusion_46,Caffe_ContrastDistortion_1.ply,Caffe.ply,4.0,3.7895654761904765
LS-PCQA,3,fusion_46,Caffe_ContrastDistortion_2.ply,Caffe.ply,3.60714285714286,3.1199702380952368
LS-PCQA,3,fusion_46,Caffe_ContrastDistortion_3.ply,Caffe.ply,3.28571428571429,2.87427232142857
LS-PCQA,3,fusion_46,Caffe_ContrastDistortion_4.ply,Caffe.ply,3.17857142857143,2.474363095238093
LS-PCQA,3,fusion_46,Caffe_ContrastDistortion_5.ply,Caffe.ply,2.21428571428571,2.470005952380952
LS-PCQA,3,fusion_46,Caffe_CorrelatedGaussianNoise_1.ply,Caffe.ply,4.10714285714286,4.219309523809524
LS-PCQA,3,fusion_46,Caffe_CorrelatedGaussianNoise_2.ply,Caffe.ply,3.75,3.270270833333332
LS-PCQA,3,fusion_46,Caffe_CorrelatedGaussianNoise_3.ply,Caffe.ply,3.59375,3.1183095238095238
LS-PCQA,3,fusion_46,Caffe_CorrelatedGaussianNoise_4.ply,Caffe.ply,3.28571428571429,3.1013928571428577
LS-PCQA,3,fusion_46,Caffe_CorrelatedGaussianNoise_5.ply,Caffe.ply,2.89285714285714,2.821464285714287
LS-PCQA,3,fusion_46,Caffe_GaussianShifting_1.ply,Caffe.ply,4.46875,4.2927083333333345
LS-PCQA,3,fusion_46,Caffe_GaussianShifting_2.ply,Caffe.ply,3.2,3.1216964285714313
LS-PCQA,3,fusion_46,Caffe_GaussianShifting_3.ply,Caffe.ply,3.13333333333333,2.7163988095238083
LS-PCQA,3,fusion_46,Caffe_GaussianShifting_4.ply,Caffe.ply,2.39285714285714,2.6752857142857147
LS-PCQA,3,fusion_46,Caffe_GaussianShifting_5.ply,Caffe.ply,2.25,2.641068452380953
LS-PCQA,3,fusion_46,Caffe_LumaNoise_1.ply,Caffe.ply,4.07142857142857,4.391666666666664
LS-PCQA,3,fusion_46,Caffe_LumaNoise_3.ply,Caffe.ply,3.10714285714286,3.0795178571428585
LS-PCQA,3,fusion_46,Caffe_LumaNoise_4.ply,Caffe.ply,2.85714285714286,3.1402857142857155
LS-PCQA,3,fusion_46,Caffe_LumaNoise_5.ply,Caffe.ply,2.92857142857143,3.1028244047619045
LS-PCQA,3,fusion_46,Caffe_LumaNoise_7.ply,Caffe.ply,2.57142857142857,2.854505952380951
LS-PCQA,3,fusion_46,CatV1_PoissonNoise_3.ply,CatV1.ply,3.42857142857143,3.659645833333335
LS-PCQA,3,fusion_46,CatV1_PoissonNoise_4.ply,CatV1.ply,3.46875,3.7239196428571426
LS-PCQA,3,fusion_46,CatV1_PoissonNoise_5.ply,CatV1.ply,3.14285714285714,3.6421726190476194
LS-PCQA,3,fusion_46,CatV1_PoissonNoise_6.ply,CatV1.ply,2.96666666666667,3.517593749999999
LS-PCQA,3,fusion_46,CatV1_PoissonNoise_7.ply,CatV1.ply,3.34375,3.4331249999999986
LS-PCQA,3,fusion_46,Duck_CorrelatedGaussianNoise_1.ply,Duck.ply,4.78571428571429,4.3726696428571445
LS-PCQA,3,fusion_46,Duck_CorrelatedGaussianNoise_2.ply,Duck.ply,3.82142857142857,3.4737261904761905
LS-PCQA,3,fusion_46,Duck_CorrelatedGaussianNoise_3.ply,Duck.ply,3.53125,3.2310431547619056
LS-PCQA,3,fusion_46,Duck_CorrelatedGaussianNoise_4.ply,Duck.ply,3.21428571428571,3.028526785714285
LS-PCQA,3,fusion_46,Duck_CorrelatedGaussianNoise_5.ply,Duck.ply,3.125,2.897708333333333
LS-PCQA,3,fusion_46,Duck_RayleighNoise_1.ply,Duck.ply,4.5,4.383175595238096
LS-PCQA,3,fusion_46,Duck_RayleighNoise_3.ply,Duck.ply,3.25,3.3833898809523815
LS-PCQA,3,fusion_46,Duck_RayleighNoise_4.ply,Duck.ply,3.15625,3.0369255952380967
LS-PCQA,3,fusion_46,Duck_RayleighNoise_5.ply,Duck.ply,3.0,2.741416666666666
LS-PCQA,3,fusion_46,Duck_RayleighNoise_7.ply,Duck.ply,2.5,2.547270833333332
LS-PCQA,3,fusion_46,Horse_GaussianNoise_1.ply,Horse.ply,3.40625,3.1915476190476215
LS-PCQA,3,fusion_46,Horse_GaussianNoise_3.ply,Horse.ply,2.96875,3.071217261904762
LS-PCQA,3,fusion_46,Horse_GaussianNoise_4.ply,Horse.ply,2.875,2.8485773809523813
LS-PCQA,3,fusion_46,Horse_GaussianNoise_5.ply,Horse.ply,2.35714285714286,2.628830357142856
LS-PCQA,3,fusion_46,Horse_GaussianNoise_7.ply,Horse.ply,1.67857142857143,2.271767857142859
LS-PCQA,3,fusion_46,Horse_SaturationDistortion_1.ply,Horse.ply,4.53571428571429,4.071395833333332
LS-PCQA,3,fusion_46,Horse_SaturationDistortion_2.ply,Horse.ply,3.64285714285714,3.6821934523809547
LS-PCQA,3,fusion_46,Horse_SaturationDistortion_3.ply,Horse.ply,2.75,3.0378452380952363
LS-PCQA,3,fusion_46,Horse_SaturationDistortion_4.ply,Horse.ply,2.5,2.6979672619047634
LS-PCQA,3,fusion_46,Horse_SaturationDistortion_5.ply,Horse.ply,2.5625,2.7219077380952377
LS-PCQA,3,fusion_46,ParrotV1_lossless-geom-nearlossless-attrs_3.ply,ParrotV1.ply,4.9,4.667327380952378
LS-PCQA,3,fusion_46,ParrotV1_lossless-geom-nearlossless-attrs_4.ply,ParrotV1.ply,4.625,4.467791666666667
LS-PCQA,3,fusion_46,ParrotV1_lossless-geom-nearlossless-attrs_5.ply,ParrotV1.ply,4.5625,4.219568452380952
LS-PCQA,3,fusion_46,ParrotV1_lossless-geom-nearlossless-attrs_6.ply,ParrotV1.ply,3.92857142857143,3.4597172619047627
LS-PCQA,3,fusion_46,ParrotV1_lossless-geom-nearlossless-attrs_7.ply,ParrotV1.ply,2.78125,2.8718482142857145
LS-PCQA,3,fusion_46,QQdog_ColorQuantizationDither_3.ply,QQdog.ply,4.3125,4.078113095238098
LS-PCQA,3,fusion_46,QQdog_ColorQuantizationDither_4.ply,QQdog.ply,4.03333333333333,3.741125000000001
LS-PCQA,3,fusion_46,QQdog_ColorQuantizationDither_5.ply,QQdog.ply,4.25,3.3994166666666654
LS-PCQA,3,fusion_46,QQdog_ColorQuantizationDither_6.ply,QQdog.ply,3.1875,3.109607142857143
LS-PCQA,3,fusion_46,QQdog_ColorQuantizationDither_7.ply,QQdog.ply,2.28571428571429,2.7278541666666656
LS-PCQA,3,fusion_46,QQdog_MeanShift_1.ply,QQdog.ply,4.53571428571429,4.213958333333332
LS-PCQA,3,fusion_46,QQdog_MeanShift_3.ply,QQdog.ply,3.71875,3.332464285714288
LS-PCQA,3,fusion_46,QQdog_MeanShift_4.ply,QQdog.ply,3.03333333333333,3.2090625000000013
LS-PCQA,3,fusion_46,QQdog_MeanShift_5.ply,QQdog.ply,2.86666666666667,2.9927619047619047
LS-PCQA,3,fusion_46,QQdog_MeanShift_7.ply,QQdog.ply,2.42857142857143,2.7525327380952387
LS-PCQA,3,fusion_46,queen_ColorNoise_3.ply,queen.ply,3.66666666666667,3.9491994047619055
LS-PCQA,3,fusion_46,queen_ColorNoise_4.ply,queen.ply,3.39285714285714,3.455601190476191
LS-PCQA,3,fusion_46,queen_ColorNoise_5.ply,queen.ply,3.39285714285714,3.282846726190478
LS-PCQA,3,fusion_46,queen_ColorNoise_6.ply,queen.ply,2.89285714285714,3.1947559523809526
LS-PCQA,3,fusion_46,queen_ColorNoise_7.ply,queen.ply,2.90625,3.0984940476190497
LS-PCQA,3,fusion_46,queen_LocalLoss_1.ply,queen.ply,3.1,3.2540059523809517
LS-PCQA,3,fusion_46,queen_LocalLoss_2.ply,queen.ply,2.67857142857143,2.7524196428571446
LS-PCQA,3,fusion_46,queen_LocalLoss_3.ply,queen.ply,1.60714285714286,2.5735982142857154
LS-PCQA,3,fusion_46,queen_LocalLoss_4.ply,queen.ply,1.67857142857143,2.241357142857143
LS-PCQA,3,fusion_46,queen_LocalLoss_5.ply,queen.ply,1.32142857142857,1.6873184523809512
LS-PCQA,3,fusion_46,queen_SaturationDistortion_1.ply,queen.ply,4.4375,4.29086607142857
LS-PCQA,3,fusion_46,queen_SaturationDistortion_2.ply,queen.ply,3.67857142857143,3.961886904761904
LS-PCQA,3,fusion_46,queen_SaturationDistortion_3.ply,queen.ply,2.90625,3.6926041666666665
LS-PCQA,3,fusion_46,queen_SaturationDistortion_4.ply,queen.ply,2.53571428571429,3.2088035714285716
LS-PCQA,3,fusion_46,queen_SaturationDistortion_5.ply,queen.ply,2.5,3.4311904761904763
LS-PCQA,3,fusion_46,RpMeiPosed001_CorrelatedGaussianNoise_1.ply,RpMeiPosed001.ply,4.0,4.195122023809525
LS-PCQA,3,fusion_46,RpMeiPosed001_CorrelatedGaussianNoise_2.ply,RpMeiPosed001.ply,3.60714285714286,3.507308035714285
LS-PCQA,3,fusion_46,RpMeiPosed001_CorrelatedGaussianNoise_3.ply,RpMeiPosed001.ply,3.28571428571429,3.426965773809523
LS-PCQA,3,fusion_46,RpMeiPosed001_CorrelatedGaussianNoise_4.ply,RpMeiPosed001.ply,3.07142857142857,3.2000282738095245
LS-PCQA,3,fusion_46,RpMeiPosed001_CorrelatedGaussianNoise_5.ply,RpMeiPosed001.ply,3.06666666666667,3.1644136904761906
LS-PCQA,3,fusion_46,RpMeiPosed001_LocalRotation_1.ply,RpMeiPosed001.ply,2.375,3.1350297619047627
LS-PCQA,3,fusion_46,RpMeiPosed001_LocalRotation_2.ply,RpMeiPosed001.ply,2.3,2.950660714285714
LS-PCQA,3,fusion_46,RpMeiPosed001_LocalRotation_3.ply,RpMeiPosed001.ply,2.34375,2.8278630952380945
LS-PCQA,3,fusion_46,RpMeiPosed001_LocalRotation_4.ply,RpMeiPosed001.ply,1.65625,1.559949404761905
LS-PCQA,3,fusion_46,RpMeiPosed001_LocalRotation_5.ply,RpMeiPosed001.ply,1.64285714285714,1.3392648809523784
LS-PCQA,3,fusion_46,SeaTurtle_HighFrequencyNoise_3.ply,SeaTurtle.ply,4.28571428571429,4.276991071428569
LS-PCQA,3,fusion_46,SeaTurtle_HighFrequencyNoise_4.ply,SeaTurtle.ply,4.17857142857143,3.946970238095237
LS-PCQA,3,fusion_46,SeaTurtle_HighFrequencyNoise_5.ply,SeaTurtle.ply,3.89285714285714,3.5788482142857148
LS-PCQA,3,fusion_46,SeaTurtle_HighFrequencyNoise_6.ply,SeaTurtle.ply,3.5,2.986919642857143
LS-PCQA,3,fusion_46,SeaTurtle_HighFrequencyNoise_7.ply,SeaTurtle.ply,3.0,2.9292053571428585
LS-PCQA,3,fusion_46,Thaidancer_C2AI-lossy-geom-lossy-attrs_3.ply,Thaidancer.ply,4.35714285714286,4.047074404761904
LS-PCQA,3,fusion_46,Thaidancer_C2AI-lossy-geom-lossy-attrs_4.ply,Thaidancer.ply,4.0625,3.947026785714284
LS-PCQA,3,fusion_46,Thaidancer_C2AI-lossy-geom-lossy-attrs_5.ply,Thaidancer.ply,3.07142857142857,3.464660714285713
LS-PCQA,3,fusion_46,Thaidancer_C2AI-lossy-geom-lossy-attrs_6.ply,Thaidancer.ply,2.17857142857143,3.036601190476189
LS-PCQA,3,fusion_46,Thaidancer_C2AI-lossy-geom-lossy-attrs_7.ply,Thaidancer.ply,2.32142857142857,2.589898809523809
LS-PCQA,3,fusion_46,Thaidancer_ContrastDistortion_1.ply,Thaidancer.ply,4.43333333333333,3.6001428571428566
LS-PCQA,3,fusion_46,Thaidancer_ContrastDistortion_2.ply,Thaidancer.ply,3.46666666666667,3.226886904761904
LS-PCQA,3,fusion_46,Thaidancer_ContrastDistortion_3.ply,Thaidancer.ply,3.1875,2.8154345238095244
LS-PCQA,3,fusion_46,Thaidancer_ContrastDistortion_4.ply,Thaidancer.ply,3.35714285714286,2.6928184523809513
LS-PCQA,3,fusion_46,Thaidancer_ContrastDistortion_5.ply,Thaidancer.ply,2.53571428571429,2.349726190476191
LS-PCQA,3,fusion_46,Thaidancer_LumaNoise_1.ply,Thaidancer.ply,4.25,4.329604166666665
LS-PCQA,3,fusion_46,Thaidancer_LumaNoise_3.ply,Thaidancer.ply,3.63333333333333,3.2601339285714306
LS-PCQA,3,fusion_46,Thaidancer_LumaNoise_4.ply,Thaidancer.ply,3.10714285714286,3.1692083333333345
LS-PCQA,3,fusion_46,Thaidancer_LumaNoise_5.ply,Thaidancer.ply,3.03571428571429,3.1270148809523812
LS-PCQA,3,fusion_46,Thaidancer_LumaNoise_7.ply,Thaidancer.ply,2.67857142857143,2.9531473214285713
LS-PCQA,3,fusion_46,Truck_ColorQuantizationDither_3.ply,Truck.ply,3.82142857142857,3.8059880952380962
LS-PCQA,3,fusion_46,Truck_ColorQuantizationDither_4.ply,Truck.ply,3.07142857142857,3.4286369047619063
LS-PCQA,3,fusion_46,Truck_ColorQuantizationDither_5.ply,Truck.ply,2.65625,3.0586279761904764
LS-PCQA,3,fusion_46,Truck_ColorQuantizationDither_6.ply,Truck.ply,2.46875,3.016424107142857
LS-PCQA,3,fusion_46,Truck_ColorQuantizationDither_7.ply,Truck.ply,1.96428571428571,2.5719107142857123
LS-PCQA,3,fusion_46,Truck_lossy-geom-lossy-attrs_3.ply,Truck.ply,4.57142857142857,4.4912291666666695
LS-PCQA,3,fusion_46,Truck_lossy-geom-lossy-attrs_4.ply,Truck.ply,4.28571428571429,4.284702380952383
LS-PCQA,3,fusion_46,Truck_lossy-geom-lossy-attrs_5.ply,Truck.ply,3.8125,3.4058422619047604
LS-PCQA,3,fusion_46,Truck_lossy-geom-lossy-attrs_6.ply,Truck.ply,3.0,2.614672619047619
LS-PCQA,3,fusion_46,Truck_lossy-geom-lossy-attrs_7.ply,Truck.ply,1.42857142857143,1.7256130952380964
LS-PCQA,3,fusion_46,Truck_PoissonNoise_3.ply,Truck.ply,4.10714285714286,4.303979166666668
LS-PCQA,3,fusion_46,Truck_PoissonNoise_4.ply,Truck.ply,3.67857142857143,4.2293511904761925
LS-PCQA,3,fusion_46,Truck_PoissonNoise_5.ply,Truck.ply,3.85714285714286,4.05547916666667
LS-PCQA,3,fusion_46,Truck_PoissonNoise_6.ply,Truck.ply,3.17857142857143,3.822416666666669
LS-PCQA,3,fusion_46,Truck_PoissonNoise_7.ply,Truck.ply,3.13333333333333,3.7492604166666665
LS-PCQA,3,fusion_46,WhiteTailedDeer_C2AI-lossy-geom-lossy-attrs_3.ply,WhiteTailedDeer.ply,4.43333333333333,3.919032738095237
LS-PCQA,3,fusion_46,WhiteTailedDeer_C2AI-lossy-geom-lossy-attrs_4.ply,WhiteTailedDeer.ply,3.85714285714286,3.500630952380953
LS-PCQA,3,fusion_46,WhiteTailedDeer_C2AI-lossy-geom-lossy-attrs_5.ply,WhiteTailedDeer.ply,4.07142857142857,3.054395833333333
LS-PCQA,3,fusion_46,WhiteTailedDeer_C2AI-lossy-geom-lossy-attrs_6.ply,WhiteTailedDeer.ply,3.14285714285714,2.7357023809523815
LS-PCQA,3,fusion_46,WhiteTailedDeer_C2AI-lossy-geom-lossy-attrs_7.ply,WhiteTailedDeer.ply,2.83333333333333,2.592872023809524
LS-PCQA,3,fusion_46,WhiteTailedDeer_LocalOffset_1.ply,WhiteTailedDeer.ply,3.5,3.099184523809524
LS-PCQA,3,fusion_46,WhiteTailedDeer_LocalOffset_2.ply,WhiteTailedDeer.ply,2.75,2.4944583333333323
LS-PCQA,3,fusion_46,WhiteTailedDeer_LocalOffset_3.ply,WhiteTailedDeer.ply,2.6875,2.355877976190479
LS-PCQA,3,fusion_46,WhiteTailedDeer_LocalOffset_4.ply,WhiteTailedDeer.ply,2.0,2.085190476190476
LS-PCQA,3,fusion_46,WhiteTailedDeer_LocalOffset_5.ply,WhiteTailedDeer.ply,2.0,1.4592380952380943
LS-PCQA,4,pointpca3_only,BB8New_C2AI-lossy-geom-lossy-attrs_3.ply,BB8New.ply,4.89285714285714,4.200339285714287
LS-PCQA,4,pointpca3_only,BB8New_C2AI-lossy-geom-lossy-attrs_4.ply,BB8New.ply,4.46428571428571,3.9652351190476174
LS-PCQA,4,pointpca3_only,BB8New_C2AI-lossy-geom-lossy-attrs_5.ply,BB8New.ply,3.78571428571429,3.779568452380951
LS-PCQA,4,pointpca3_only,BB8New_C2AI-lossy-geom-lossy-attrs_6.ply,BB8New.ply,3.60714285714286,3.493782738095238
LS-PCQA,4,pointpca3_only,BB8New_C2AI-lossy-geom-lossy-attrs_7.ply,BB8New.ply,3.35714285714286,2.896285714285714
LS-PCQA,4,pointpca3_only,BB8New_LocalOffset_1.ply,BB8New.ply,3.53125,4.404083333333336
LS-PCQA,4,pointpca3_only,BB8New_LocalOffset_2.ply,BB8New.ply,2.89285714285714,3.2713690476190482
LS-PCQA,4,pointpca3_only,BB8New_LocalOffset_3.ply,BB8New.ply,2.375,2.5269434523809515
LS-PCQA,4,pointpca3_only,BB8New_LocalOffset_4.ply,BB8New.ply,2.32142857142857,2.536642857142857
LS-PCQA,4,pointpca3_only,BB8New_LocalOffset_5.ply,BB8New.ply,1.53571428571429,1.9062023809523796
LS-PCQA,4,pointpca3_only,BB8New_LocalRotation_1.ply,BB8New.ply,3.03333333333333,3.2433095238095233
LS-PCQA,4,pointpca3_only,BB8New_LocalRotation_2.ply,BB8New.ply,3.16666666666667,2.677315476190476
LS-PCQA,4,pointpca3_only,BB8New_LocalRotation_3.ply,BB8New.ply,2.46428571428571,2.2765476190476175
LS-PCQA,4,pointpca3_only,BB8New_LocalRotation_4.ply,BB8New.ply,1.8,2.3159345238095237
LS-PCQA,4,pointpca3_only,BB8New_LocalRotation_5.ply,BB8New.ply,1.76666666666667,1.7420416666666652
LS-PCQA,4,pointpca3_only,BB8New_SaltpepperNoise_1.ply,BB8New.ply,3.42857142857143,4.598946428571428
LS-PCQA,4,pointpca3_only,BB8New_SaltpepperNoise_3.ply,BB8New.ply,3.17857142857143,3.466229166666667
LS-PCQA,4,pointpca3_only,BB8New_SaltpepperNoise_4.ply,BB8New.ply,2.78571428571429,3.1723303571428567
LS-PCQA,4,pointpca3_only,BB8New_SaltpepperNoise_5.ply,BB8New.ply,2.96428571428571,3.2011458333333325
LS-PCQA,4,pointpca3_only,BB8New_SaltpepperNoise_7.ply,BB8New.ply,2.8,2.8023601190476186
LS-PCQA,4,pointpca3_only,BirdV2_losslessG-lossyA_3.ply,BirdV2.ply,4.75,4.616306547619049
LS-PCQA,4,pointpca3_only,BirdV2_losslessG-lossyA_4.ply,BirdV2.ply,4.6,3.967931547619049
LS-PCQA,4,pointpca3_only,BirdV2_losslessG-lossyA_5.ply,BirdV2.ply,3.53125,2.955235119047619
LS-PCQA,4,pointpca3_only,BirdV2_losslessG-lossyA_6.ply,BirdV2.ply,3.25,2.9062142857142863
LS-PCQA,4,pointpca3_only,BirdV2_losslessG-lossyA_7.ply,BirdV2.ply,3.23333333333333,2.666159226190475
LS-PCQA,4,pointpca3_only,BirdV3_MultiplicativeGaussianNoise_1.ply,BirdV3.ply,3.56666666666667,3.227885416666666
LS-PCQA,4,pointpca3_only,BirdV3_MultiplicativeGaussianNoise_3.ply,BirdV3.ply,3.21875,2.8981130952380947
LS-PCQA,4,pointpca3_only,BirdV3_MultiplicativeGaussianNoise_4.ply,BirdV3.ply,2.9,2.772193452380952
LS-PCQA,4,pointpca3_only,BirdV3_MultiplicativeGaussianNoise_5.ply,BirdV3.ply,3.0,2.737086309523809
LS-PCQA,4,pointpca3_only,BirdV3_MultiplicativeGaussianNoise_7.ply,BirdV3.ply,2.84375,2.697023809523809
LS-PCQA,4,pointpca3_only,DuckV1_CorrelatedGaussianNoise_1.ply,DuckV1.ply,4.71428571428571,4.6855922619047625
LS-PCQA,4,pointpca3_only,DuckV1_CorrelatedGaussianNoise_2.ply,DuckV1.ply,4.14285714285714,4.177568452380952
LS-PCQA,4,pointpca3_only,DuckV1_CorrelatedGaussianNoise_3.ply,DuckV1.ply,3.75,3.69275892857143
LS-PCQA,4,pointpca3_only,DuckV1_CorrelatedGaussianNoise_4.ply,DuckV1.ply,3.39285714285714,3.346056547619048
LS-PCQA,4,pointpca3_only,DuckV1_CorrelatedGaussianNoise_5.ply,DuckV1.ply,3.16666666666667,3.227690476190475
LS-PCQA,4,pointpca3_only,DuckV1_reconstruction_3.ply,DuckV1.ply,3.82142857142857,3.817904761904761
LS-PCQA,4,pointpca3_only,DuckV1_reconstruction_4.ply,DuckV1.ply,4.0,3.910642857142855
LS-PCQA,4,pointpca3_only,DuckV1_reconstruction_5.ply,DuckV1.ply,3.73333333333333,3.990999999999998
LS-PCQA,4,pointpca3_only,DuckV1_reconstruction_6.ply,DuckV1.ply,3.6875,3.878556547619047
LS-PCQA,4,pointpca3_only,DuckV1_reconstruction_7.ply,DuckV1.ply,2.78571428571429,3.3054732142857137
LS-PCQA,4,pointpca3_only,exercise_losslessG-lossyA_3.ply,exercise.ply,4.82142857142857,4.586333333333333
LS-PCQA,4,pointpca3_only,exercise_losslessG-lossyA_4.ply,exercise.ply,3.5,3.6703660714285724
LS-PCQA,4,pointpca3_only,exercise_losslessG-lossyA_5.ply,exercise.ply,3.40625,3.1955252976190467
LS-PCQA,4,pointpca3_only,exercise_losslessG-lossyA_6.ply,exercise.ply,2.71875,2.592601190476189
LS-PCQA,4,pointpca3_only,exercise_losslessG-lossyA_7.ply,exercise.ply,2.17857142857143,3.0409077380952385
LS-PCQA,4,pointpca3_only,exercise_lossy-geom-lossy-attrs_3.ply,exercise.ply,4.67857142857143,4.24688988095238
LS-PCQA,4,pointpca3_only,exercise_lossy-geom-lossy-attrs_4.ply,exercise.ply,3.85714285714286,4.113720238095237
LS-PCQA,4,pointpca3_only,exercise_lossy-geom-lossy-attrs_5.ply,exercise.ply,3.28571428571429,3.6909255952380944
LS-PCQA,4,pointpca3_only,exercise_lossy-geom-lossy-attrs_6.ply,exercise.ply,2.67857142857143,2.7529999999999997
LS-PCQA,4,pointpca3_only,exercise_lossy-geom-lossy-attrs_7.ply,exercise.ply,1.60714285714286,1.8285267857142862
LS-PCQA,4,pointpca3_only,exercise_RayleighNoise_1.ply,exercise.ply,4.17857142857143,3.797273809523809
LS-PCQA,4,pointpca3_only,exercise_RayleighNoise_3.ply,exercise.ply,3.3125,3.1137038690476184
LS-PCQA,4,pointpca3_only,exercise_RayleighNoise_4.ply,exercise.ply,2.89285714285714,2.967973214285714
LS-PCQA,4,pointpca3_only,exercise_RayleighNoise_5.ply,exercise.ply,2.71428571428571,2.7890446428571405
LS-PCQA,4,pointpca3_only,exercise_RayleighNoise_7.ply,exercise.ply,2.39285714285714,2.6072440476190475
LS-PCQA,4,pointpca3_only,HorseV2_GaussianShifting_1.ply,HorseV2.ply,4.92857142857143,4.113729166666668
LS-PCQA,4,pointpca3_only,HorseV2_GaussianShifting_2.ply,HorseV2.ply,3.6875,3.2859821428571405
LS-PCQA,4,pointpca3_only,HorseV2_GaussianShifting_3.ply,HorseV2.ply,3.4375,2.8706071428571414
LS-PCQA,4,pointpca3_only,HorseV2_GaussianShifting_4.ply,HorseV2.ply,3.0,2.5347529761904752
LS-PCQA,4,pointpca3_only,HorseV2_GaussianShifting_5.ply,HorseV2.ply,2.82142857142857,2.73114880952381
LS-PCQA,4,pointpca3_only,HorseV2_UniformNoise_1.ply,HorseV2.ply,4.78571428571429,4.309473214285713
LS-PCQA,4,pointpca3_only,HorseV2_UniformNoise_3.ply,HorseV2.ply,4.03571428571429,3.610291666666667
LS-PCQA,4,pointpca3_only,HorseV2_UniformNoise_4.ply,HorseV2.ply,3.9375,3.3509880952380944
LS-PCQA,4,pointpca3_only,HorseV2_UniformNoise_5.ply,HorseV2.ply,3.78125,3.164589285714286
LS-PCQA,4,pointpca3_only,HorseV2_UniformNoise_7.ply,HorseV2.ply,3.21428571428571,2.9770208333333334
LS-PCQA,4,pointpca3_only,HouseWithoutRoof_GaussianShifting_1.ply,HouseWithoutRoof.ply,4.03333333333333,3.86709523809524
LS-PCQA,4,pointpca3_only,HouseWithoutRoof_GaussianShifting_2.ply,HouseWithoutRoof.ply,3.23333333333333,3.4507708333333347
LS-PCQA,4,pointpca3_only,HouseWithoutRoof_GaussianShifting_3.ply,HouseWithoutRoof.ply,2.76666666666667,2.9914613095238094
LS-PCQA,4,pointpca3_only,HouseWithoutRoof_GaussianShifting_4.ply,HouseWithoutRoof.ply,2.64285714285714,2.728249999999999
LS-PCQA,4,pointpca3_only,HouseWithoutRoof_GaussianShifting_5.ply,HouseWithoutRoof.ply,2.26666666666667,2.6545
LS-PCQA,4,pointpca3_only,HouseWithoutRoof_LocalLoss_1.ply,HouseWithoutRoof.ply,4.0625,2.711184523809525
LS-PCQA,4,pointpca3_only,HouseWithoutRoof_LocalLoss_2.ply,HouseWithoutRoof.ply,3.63333333333333,2.1630744047619044
LS-PCQA,4,pointpca3_only,HouseWithoutRoof_LocalLoss_3.ply,HouseWithoutRoof.ply,2.32142857142857,2.2619494047619053
LS-PCQA,4,pointpca3_only,HouseWithoutRoof_LocalLoss_4.ply,HouseWithoutRoof.ply,2.3,2.3514761904761907
LS-PCQA,4,pointpca3_only,HouseWithoutRoof_LocalLoss_5.ply,HouseWithoutRoof.ply,2.1,2.008943452380953
LS-PCQA,4,pointpca3_only,HouseWithoutRoof_losslessG-lossyA_3.ply,HouseWithoutRoof.ply,4.60714285714286,4.530985119047619
LS-PCQA,4,pointpca3_only,HouseWithoutRoof_losslessG-lossyA_4.ply,HouseWithoutRoof.ply,4.4,4.071175595238097
LS-PCQA,4,pointpca3_only,HouseWithoutRoof_losslessG-lossyA_5.ply,HouseWithoutRoof.ply,3.96666666666667,2.8406398809523803
LS-PCQA,4,pointpca3_only,HouseWithoutRoof_losslessG-lossyA_6.ply,HouseWithoutRoof.ply,3.03333333333333,2.8084404761904755
LS-PCQA,4,pointpca3_only,HouseWithoutRoof_losslessG-lossyA_7.ply,HouseWithoutRoof.ply,2.78571428571429,2.450273809523809
LS-PCQA,4,pointpca3_only,HouseWithoutRoof_QuantizationNoise_1.ply,HouseWithoutRoof.ply,4.1875,3.9626279761904772
LS-PCQA,4,pointpca3_only,HouseWithoutRoof_QuantizationNoise_3.ply,HouseWithoutRoof.ply,3.78571428571429,3.611318452380952
LS-PCQA,4,pointpca3_only,HouseWithoutRoof_QuantizationNoise_4.ply,HouseWithoutRoof.ply,3.35714285714286,2.9705565476190476
LS-PCQA,4,pointpca3_only,HouseWithoutRoof_QuantizationNoise_5.ply,HouseWithoutRoof.ply,3.64285714285714,2.9705565476190476
LS-PCQA,4,pointpca3_only,HouseWithoutRoof_QuantizationNoise_7.ply,HouseWithoutRoof.ply,2.96666666666667,2.6935952380952393
LS-PCQA,4,pointpca3_only,loot_HighFrequencyNoise_3.ply,loot.ply,3.85714285714286,3.4008095238095253
LS-PCQA,4,pointpca3_only,loot_HighFrequencyNoise_4.ply,loot.ply,3.21428571428571,3.204568452380952
LS-PCQA,4,pointpca3_only,loot_HighFrequencyNoise_5.ply,loot.ply,3.42857142857143,3.0485386904761924
LS-PCQA,4,pointpca3_only,loot_HighFrequencyNoise_6.ply,loot.ply,2.86666666666667,2.54416369047619
LS-PCQA,4,pointpca3_only,loot_HighFrequencyNoise_7.ply,loot.ply,2.85714285714286,2.2695476190476183
LS-PCQA,4,pointpca3_only,loot_SaltpepperNoise_1.ply,loot.ply,3.21428571428571,3.5983511904761905
LS-PCQA,4,pointpca3_only,loot_SaltpepperNoise_3.ply,loot.ply,3.39285714285714,2.84675
LS-PCQA,4,pointpca3_only,loot_SaltpepperNoise_4.ply,loot.ply,2.5625,2.7736428571428586
LS-PCQA,4,pointpca3_only,loot_SaltpepperNoise_5.ply,loot.ply,2.46428571428571,2.673839285714286
LS-PCQA,4,pointpca3_only,loot_SaltpepperNoise_7.ply,loot.ply,2.10714285714286,2.5046398809523804
LS-PCQA,4,pointpca3_only,lowpolycarsset1_lossless-geom-nearlossless-attrs_3.ply,lowpolycarsset1.ply,4.85714285714286,3.7986994047619027
LS-PCQA,4,pointpca3_only,lowpolycarsset1_lossless-geom-nearlossless-attrs_4.ply,lowpolycarsset1.ply,4.5,3.5690059523809516
LS-PCQA,4,pointpca3_only,lowpolycarsset1_lossless-geom-nearlossless-attrs_5.ply,lowpolycarsset1.ply,4.5,3.3529375000000012
LS-PCQA,4,pointpca3_only,lowpolycarsset1_lossless-geom-nearlossless-attrs_6.ply,lowpolycarsset1.ply,3.39285714285714,3.2627291666666673
LS-PCQA,4,pointpca3_only,lowpolycarsset1_lossless-geom-nearlossless-attrs_7.ply,lowpolycarsset1.ply,2.7,2.806872023809522
LS-PCQA,4,pointpca3_only,lowpolycarsset1_UniformShifting_1.ply,lowpolycarsset1.ply,3.92857142857143,4.047687500000002
LS-PCQA,4,pointpca3_only,lowpolycarsset1_UniformShifting_2.ply,lowpolycarsset1.ply,3.28571428571429,3.673184523809525
LS-PCQA,4,pointpca3_only,lowpolycarsset1_UniformShifting_3.ply,lowpolycarsset1.ply,2.75,3.081398809523809
LS-PCQA,4,pointpca3_only,lowpolycarsset1_UniformShifting_4.ply,lowpolycarsset1.ply,2.75,2.973895833333334
LS-PCQA,4,pointpca3_only,lowpolycarsset1_UniformShifting_5.ply,lowpolycarsset1.ply,2.78571428571429,2.839125
LS-PCQA,4,pointpca3_only,PjanicFace_GammaNoise_1.ply,PjanicFace.ply,3.5625,3.046794642857143
LS-PCQA,4,pointpca3_only,PjanicFace_GammaNoise_3.ply,PjanicFace.ply,2.96428571428571,3.1334360119047613
LS-PCQA,4,pointpca3_only,PjanicFace_GammaNoise_4.ply,PjanicFace.ply,3.15625,3.166880952380952
LS-PCQA,4,pointpca3_only,PjanicFace_GammaNoise_5.ply,PjanicFace.ply,2.82142857142857,3.1629345238095237
LS-PCQA,4,pointpca3_only,PjanicFace_GammaNoise_7.ply,PjanicFace.ply,2.39285714285714,2.8395744047619043
LS-PCQA,4,pointpca3_only,PjanicFace_MeanShift_1.ply,PjanicFace.ply,4.1875,4.105589285714284
LS-PCQA,4,pointpca3_only,PjanicFace_MeanShift_3.ply,PjanicFace.ply,3.10714285714286,3.4167976190476175
LS-PCQA,4,pointpca3_only,PjanicFace_MeanShift_4.ply,PjanicFace.ply,3.32142857142857,3.1965446428571416
LS-PCQA,4,pointpca3_only,PjanicFace_MeanShift_5.ply,PjanicFace.ply,2.89285714285714,3.1461041666666665
LS-PCQA,4,pointpca3_only,PjanicFace_MeanShift_7.ply,PjanicFace.ply,3.32142857142857,2.968154761904762
LS-PCQA,4,pointpca3_only,RattleSnake_lossless-geom-nearlossless-attrs_3.ply,RattleSnake.ply,4.75,4.414729166666667
LS-PCQA,4,pointpca3_only,RattleSnake_lossless-geom-nearlossless-attrs_4.ply,RattleSnake.ply,4.78571428571429,4.6199017857142834
LS-PCQA,4,pointpca3_only,RattleSnake_lossless-geom-nearlossless-attrs_5.ply,RattleSnake.ply,4.7,4.282354166666667
LS-PCQA,4,pointpca3_only,RattleSnake_lossless-geom-nearlossless-attrs_6.ply,RattleSnake.ply,3.10714285714286,3.7020238095238103
LS-PCQA,4,pointpca3_only,RattleSnake_lossless-geom-nearlossless-attrs_7.ply,RattleSnake.ply,2.28571428571429,3.304306547619049
LS-PCQA,4,pointpca3_only,Rock1_ContrastDistortion_1.ply,Rock1.ply,3.60714285714286,3.2906458333333344
LS-PCQA,4,pointpca3_only,Rock1_ContrastDistortion_2.ply,Rock1.ply,2.5,2.9883630952380944
LS-PCQA,4,pointpca3_only,Rock1_ContrastDistortion_3.ply,Rock1.ply,1.78571428571429,2.822535714285713
LS-PCQA,4,pointpca3_only,Rock1_ContrastDistortion_4.ply,Rock1.ply,1.66666666666667,2.759223214285714
LS-PCQA,4,pointpca3_only,Rock1_ContrastDistortion_5.ply,Rock1.ply,1.21428571428571,2.6564196428571423
LS-PCQA,4,pointpca3_only,Rock1_lossless-geom-lossy-attrs_3.ply,Rock1.ply,4.56666666666667,4.723229166666667
LS-PCQA,4,pointpca3_only,Rock1_lossless-geom-lossy-attrs_4.ply,Rock1.ply,4.5,4.502187500000002
LS-PCQA,4,pointpca3_only,Rock1_lossless-geom-lossy-attrs_5.ply,Rock1.ply,3.89285714285714,4.13589285714286
LS-PCQA,4,pointpca3_only,Rock1_lossless-geom-lossy-attrs_6.ply,Rock1.ply,3.53333333333333,3.569645833333333
LS-PCQA,4,pointpca3_only,Rock1_lossless-geom-lossy-attrs_7.ply,Rock1.ply,2.84375,3.3525952380952373
LS-PCQA,4,pointpca3_only,Rock1_Octree_1.ply,Rock1.ply,4.03333333333333,3.0589315476190477
LS-PCQA,4,pointpca3_only,Rock1_Octree_2.ply,Rock1.ply,2.875,2.8256755952380956
LS-PCQA,4,pointpca3_only,Rock1_Octree_3.ply,Rock1.ply,2.57142857142857,2.4456458333333333
LS-PCQA,4,pointpca3_only,Rock1_Octree_4.ply,Rock1.ply,2.21428571428571,2.211854166666667
LS-PCQA,4,pointpca3_only,Rock1_Octree_5.ply,Rock1.ply,2.10714285714286,2.0842261904761905
LS-PCQA,4,pointpca3_only,Rock1_SaturationDistortion_1.ply,Rock1.ply,3.82142857142857,4.15302976190476
LS-PCQA,4,pointpca3_only,Rock1_SaturationDistortion_2.ply,Rock1.ply,3.46428571428571,3.36288988095238
LS-PCQA,4,pointpca3_only,Rock1_SaturationDistortion_3.ply,Rock1.ply,2.71428571428571,2.8319732142857124
LS-PCQA,4,pointpca3_only,Rock1_SaturationDistortion_4.ply,Rock1.ply,2.60714285714286,2.5877559523809537
LS-PCQA,4,pointpca3_only,Rock1_SaturationDistortion_5.ply,Rock1.ply,2.625,2.5338452380952385
LS-PCQA,4,pointpca3_only,RpManuelAnimated001Dancing_CorrelatedGaussianNoise_1.ply,RpManuelAnimated001Dancing.ply,4.53333333333333,4.285696428571427
LS-PCQA,4,pointpca3_only,RpManuelAnimated001Dancing_CorrelatedGaussianNoise_2.ply,RpManuelAnimated001Dancing.ply,3.5,3.871898809523808
LS-PCQA,4,pointpca3_only,RpManuelAnimated001Dancing_CorrelatedGaussianNoise_3.ply,RpManuelAnimated001Dancing.ply,3.25,3.436401785714283
LS-PCQA,4,pointpca3_only,RpManuelAnimated001Dancing_CorrelatedGaussianNoise_4.ply,RpManuelAnimated001Dancing.ply,3.14285714285714,3.0950267857142864
LS-PCQA,4,pointpca3_only,RpManuelAnimated001Dancing_CorrelatedGaussianNoise_5.ply,RpManuelAnimated001Dancing.ply,3.0,2.99064880952381
LS-PCQA,4,pointpca3_only,RpManuelAnimated001Dancing_LocalRotation_1.ply,RpManuelAnimated001Dancing.ply,3.14285714285714,4.438455357142865
LS-PCQA,4,pointpca3_only,RpManuelAnimated001Dancing_LocalRotation_2.ply,RpManuelAnimated001Dancing.ply,2.32142857142857,2.5939880952380934
LS-PCQA,4,pointpca3_only,RpManuelAnimated001Dancing_LocalRotation_3.ply,RpManuelAnimated001Dancing.ply,2.26666666666667,2.531181547619047
LS-PCQA,4,pointpca3_only,RpManuelAnimated001Dancing_LocalRotation_4.ply,RpManuelAnimated001Dancing.ply,2.03571428571429,1.6354434523809531
LS-PCQA,4,pointpca3_only,RpManuelAnimated001Dancing_LocalRotation_5.ply,RpManuelAnimated001Dancing.ply,1.39285714285714,1.4710446428571402
LS-PCQA,4,pointpca3_only,RpManuelAnimated001Dancing_UniformShifting_1.ply,RpManuelAnimated001Dancing.ply,4.15625,4.0574940476190475
LS-PCQA,4,pointpca3_only,RpManuelAnimated001Dancing_UniformShifting_2.ply,RpManuelAnimated001Dancing.ply,4.07142857142857,3.534803571428574
LS-PCQA,4,pointpca3_only,RpManuelAnimated001Dancing_UniformShifting_3.ply,RpManuelAnimated001Dancing.ply,2.89285714285714,3.016333333333333
LS-PCQA,4,pointpca3_only,RpManuelAnimated001Dancing_UniformShifting_4.ply,RpManuelAnimated001Dancing.ply,2.46875,2.8185119047619054
LS-PCQA,4,pointpca3_only,RpManuelAnimated001Dancing_UniformShifting_5.ply,RpManuelAnimated001Dancing.ply,2.2,2.644803571428572
LS-PCQA,4,pointpca3_only,Shark_HighFrequencyNoise_3.ply,Shark.ply,3.86666666666667,3.596238095238096
LS-PCQA,4,pointpca3_only,Shark_HighFrequencyNoise_4.ply,Shark.ply,3.5,3.3563392857142844
LS-PCQA,4,pointpca3_only,Shark_HighFrequencyNoise_5.ply,Shark.ply,3.46428571428571,3.246419642857143
LS-PCQA,4,pointpca3_only,Shark_HighFrequencyNoise_6.ply,Shark.ply,3.14285714285714,2.9909553571428575
LS-PCQA,4,pointpca3_only,Shark_HighFrequencyNoise_7.ply,Shark.ply,2.67857142857143,2.884776785714286
LS-PCQA,4,pointpca3_only,soldier_DownSample_3.ply,soldier.ply,4.17857142857143,4.1394851190476185
LS-PCQA,4,pointpca3_only,soldier_DownSample_4.ply,soldier.ply,3.92857142857143,3.915374999999999
LS-PCQA,4,pointpca3_only,soldier_DownSample_5.ply,soldier.ply,3.64285714285714,3.6338511904761903
LS-PCQA,4,pointpca3_only,soldier_DownSample_6.ply,soldier.ply,3.0625,3.332232142857141
LS-PCQA,4,pointpca3_only,soldier_DownSample_7.ply,soldier.ply,2.39285714285714,2.733696428571429
LS-PCQA,4,pointpca3_only,soldier_LumaNoise_1.ply,soldier.ply,4.06666666666667,4.326360119047617
LS-PCQA,4,pointpca3_only,soldier_LumaNoise_3.ply,soldier.ply,3.21875,3.8115714285714275
LS-PCQA,4,pointpca3_only,soldier_LumaNoise_4.ply,soldier.ply,3.09375,3.3031994047619038
LS-PCQA,4,pointpca3_only,soldier_LumaNoise_5.ply,soldier.ply,3.1875,3.276675595238095
LS-PCQA,4,pointpca3_only,soldier_LumaNoise_7.ply,soldier.ply,2.35714285714286,3.0603660714285716
LS-PCQA,4,pointpca3_only,SpiderMonkey_C2AI-lossy-geom-lossy-attrs_3.ply,SpiderMonkey.ply,4.96428571428571,4.157770833333331
LS-PCQA,4,pointpca3_only,SpiderMonkey_C2AI-lossy-geom-lossy-attrs_4.ply,SpiderMonkey.ply,4.5625,3.858056547619047
LS-PCQA,4,pointpca3_only,SpiderMonkey_C2AI-lossy-geom-lossy-attrs_5.ply,SpiderMonkey.ply,4.0,3.3358571428571424
LS-PCQA,4,pointpca3_only,SpiderMonkey_C2AI-lossy-geom-lossy-attrs_6.ply,SpiderMonkey.ply,3.46428571428571,3.1424196428571425
LS-PCQA,4,pointpca3_only,SpiderMonkey_C2AI-lossy-geom-lossy-attrs_7.ply,SpiderMonkey.ply,3.0,3.132790178571428
LS-PCQA,4,pointpca3_only,SpiderMonkey_LocalLoss_1.ply,SpiderMonkey.ply,3.82142857142857,3.4145654761904747
LS-PCQA,4,pointpca3_only,SpiderMonkey_LocalLoss_2.ply,SpiderMonkey.ply,3.60714285714286,2.7586190476190477
LS-PCQA,4,pointpca3_only,SpiderMonkey_LocalLoss_3.ply,SpiderMonkey.ply,2.53125,2.269122023809524
LS-PCQA,4,pointpca3_only,SpiderMonkey_LocalLoss_4.ply,SpiderMonkey.ply,2.3,2.21571130952381
LS-PCQA,4,pointpca3_only,SpiderMonkey_LocalLoss_5.ply,SpiderMonkey.ply,2.21428571428571,1.6312172619047607
LS-PCQA,4,pointpca3_only,TibetanFox_LocalLoss_1.ply,TibetanFox.ply,2.75,3.997250000000002
LS-PCQA,4,pointpca3_only,TibetanFox_LocalLoss_2.ply,TibetanFox.ply,2.53571428571429,3.3109910714285693
LS-PCQA,4,pointpca3_only,TibetanFox_LocalLoss_3.ply,TibetanFox.ply,1.75,2.8036785714285704
LS-PCQA,4,pointpca3_only,TibetanFox_LocalLoss_4.ply,TibetanFox.ply,2.0,2.526601190476191
LS-PCQA,4,pointpca3_only,TibetanFox_LocalLoss_5.ply,TibetanFox.ply,2.07142857142857,1.9334166666666668
LS-PCQA,4,dists_only,BB8New_C2AI-lossy-geom-lossy-attrs_3.ply,BB8New.ply,4.89285714285714,3.743443452380952
LS-PCQA,4,dists_only,BB8New_C2AI-lossy-geom-lossy-attrs_4.ply,BB8New.ply,4.46428571428571,3.814494047619046
LS-PCQA,4,dists_only,BB8New_C2AI-lossy-geom-lossy-attrs_5.ply,BB8New.ply,3.78571428571429,3.482261904761904
LS-PCQA,4,dists_only,BB8New_C2AI-lossy-geom-lossy-attrs_6.ply,BB8New.ply,3.60714285714286,3.075622023809523
LS-PCQA,4,dists_only,BB8New_C2AI-lossy-geom-lossy-attrs_7.ply,BB8New.ply,3.35714285714286,3.2317857142857145
LS-PCQA,4,dists_only,BB8New_LocalOffset_1.ply,BB8New.ply,3.53125,4.216988095238098
LS-PCQA,4,dists_only,BB8New_LocalOffset_2.ply,BB8New.ply,2.89285714285714,4.157291666666667
LS-PCQA,4,dists_only,BB8New_LocalOffset_3.ply,BB8New.ply,2.375,3.9250267857142864
LS-PCQA,4,dists_only,BB8New_LocalOffset_4.ply,BB8New.ply,2.32142857142857,3.435669642857144
LS-PCQA,4,dists_only,BB8New_LocalOffset_5.ply,BB8New.ply,1.53571428571429,3.249964285714285
LS-PCQA,4,dists_only,BB8New_LocalRotation_1.ply,BB8New.ply,3.03333333333333,4.059089285714286
LS-PCQA,4,dists_only,BB8New_LocalRotation_2.ply,BB8New.ply,3.16666666666667,3.50478869047619
LS-PCQA,4,dists_only,BB8New_LocalRotation_3.ply,BB8New.ply,2.46428571428571,3.661696428571428
LS-PCQA,4,dists_only,BB8New_LocalRotation_4.ply,BB8New.ply,1.8,2.8762619047619054
LS-PCQA,4,dists_only,BB8New_LocalRotation_5.ply,BB8New.ply,1.76666666666667,2.784842261904762
LS-PCQA,4,dists_only,BB8New_SaltpepperNoise_1.ply,BB8New.ply,3.42857142857143,3.2533124999999985
LS-PCQA,4,dists_only,BB8New_SaltpepperNoise_3.ply,BB8New.ply,3.17857142857143,3.241464285714287
LS-PCQA,4,dists_only,BB8New_SaltpepperNoise_4.ply,BB8New.ply,2.78571428571429,3.0304226190476182
LS-PCQA,4,dists_only,BB8New_SaltpepperNoise_5.ply,BB8New.ply,2.96428571428571,2.9731875
LS-PCQA,4,dists_only,BB8New_SaltpepperNoise_7.ply,BB8New.ply,2.8,2.6452529761904766
LS-PCQA,4,dists_only,BirdV2_losslessG-lossyA_3.ply,BirdV2.ply,4.75,4.489943452380953
LS-PCQA,4,dists_only,BirdV2_losslessG-lossyA_4.ply,BirdV2.ply,4.6,3.973294642857145
LS-PCQA,4,dists_only,BirdV2_losslessG-lossyA_5.ply,BirdV2.ply,3.53125,3.148928571428572
LS-PCQA,4,dists_only,BirdV2_losslessG-lossyA_6.ply,BirdV2.ply,3.25,2.9597499999999997
LS-PCQA,4,dists_only,BirdV2_losslessG-lossyA_7.ply,BirdV2.ply,3.23333333333333,2.8096755952380956
LS-PCQA,4,dists_only,BirdV3_MultiplicativeGaussianNoise_1.ply,BirdV3.ply,3.56666666666667,3.0589851190476183
LS-PCQA,4,dists_only,BirdV3_MultiplicativeGaussianNoise_3.ply,BirdV3.ply,3.21875,2.593145833333333
LS-PCQA,4,dists_only,BirdV3_MultiplicativeGaussianNoise_4.ply,BirdV3.ply,2.9,2.721916666666666
LS-PCQA,4,dists_only,BirdV3_MultiplicativeGaussianNoise_5.ply,BirdV3.ply,3.0,2.5635922619047613
LS-PCQA,4,dists_only,BirdV3_MultiplicativeGaussianNoise_7.ply,BirdV3.ply,2.84375,2.339377976190476
LS-PCQA,4,dists_only,DuckV1_CorrelatedGaussianNoise_1.ply,DuckV1.ply,4.71428571428571,4.434571428571427
LS-PCQA,4,dists_only,DuckV1_CorrelatedGaussianNoise_2.ply,DuckV1.ply,4.14285714285714,4.101461309523811
LS-PCQA,4,dists_only,DuckV1_CorrelatedGaussianNoise_3.ply,DuckV1.ply,3.75,3.563681547619048
LS-PCQA,4,dists_only,DuckV1_CorrelatedGaussianNoise_4.ply,DuckV1.ply,3.39285714285714,3.3028422619047615
LS-PCQA,4,dists_only,DuckV1_CorrelatedGaussianNoise_5.ply,DuckV1.ply,3.16666666666667,2.6951726190476197
LS-PCQA,4,dists_only,DuckV1_reconstruction_3.ply,DuckV1.ply,3.82142857142857,3.458255952380952
LS-PCQA,4,dists_only,DuckV1_reconstruction_4.ply,DuckV1.ply,4.0,3.393872023809524
LS-PCQA,4,dists_only,DuckV1_reconstruction_5.ply,DuckV1.ply,3.73333333333333,3.424598214285714
LS-PCQA,4,dists_only,DuckV1_reconstruction_6.ply,DuckV1.ply,3.6875,3.211151785714286
LS-PCQA,4,dists_only,DuckV1_reconstruction_7.ply,DuckV1.ply,2.78571428571429,3.239583333333333
LS-PCQA,4,dists_only,exercise_losslessG-lossyA_3.ply,exercise.ply,4.82142857142857,4.063556547619049
LS-PCQA,4,dists_only,exercise_losslessG-lossyA_4.ply,exercise.ply,3.5,3.4915148809523813
LS-PCQA,4,dists_only,exercise_losslessG-lossyA_5.ply,exercise.ply,3.40625,3.107145833333334
LS-PCQA,4,dists_only,exercise_losslessG-lossyA_6.ply,exercise.ply,2.71875,2.9784523809523815
LS-PCQA,4,dists_only,exercise_losslessG-lossyA_7.ply,exercise.ply,2.17857142857143,2.6571309523809536
LS-PCQA,4,dists_only,exercise_lossy-geom-lossy-attrs_3.ply,exercise.ply,4.67857142857143,3.855110119047619
LS-PCQA,4,dists_only,exercise_lossy-geom-lossy-attrs_4.ply,exercise.ply,3.85714285714286,3.45833630952381
LS-PCQA,4,dists_only,exercise_lossy-geom-lossy-attrs_5.ply,exercise.ply,3.28571428571429,2.602089285714285
LS-PCQA,4,dists_only,exercise_lossy-geom-lossy-attrs_6.ply,exercise.ply,2.67857142857143,2.2209107142857145
LS-PCQA,4,dists_only,exercise_lossy-geom-lossy-attrs_7.ply,exercise.ply,1.60714285714286,1.6014285714285739
LS-PCQA,4,dists_only,exercise_RayleighNoise_1.ply,exercise.ply,4.17857142857143,3.7979196428571407
LS-PCQA,4,dists_only,exercise_RayleighNoise_3.ply,exercise.ply,3.3125,3.0027142857142843
LS-PCQA,4,dists_only,exercise_RayleighNoise_4.ply,exercise.ply,2.89285714285714,2.9902946428571426
LS-PCQA,4,dists_only,exercise_RayleighNoise_5.ply,exercise.ply,2.71428571428571,2.5088660714285695
LS-PCQA,4,dists_only,exercise_RayleighNoise_7.ply,exercise.ply,2.39285714285714,2.4197648809523797
LS-PCQA,4,dists_only,HorseV2_GaussianShifting_1.ply,HorseV2.ply,4.92857142857143,3.715071428571429
LS-PCQA,4,dists_only,HorseV2_GaussianShifting_2.ply,HorseV2.ply,3.6875,3.075714285714284
LS-PCQA,4,dists_only,HorseV2_GaussianShifting_3.ply,HorseV2.ply,3.4375,2.8436815476190476
LS-PCQA,4,dists_only,HorseV2_GaussianShifting_4.ply,HorseV2.ply,3.0,2.725982142857143
LS-PCQA,4,dists_only,HorseV2_GaussianShifting_5.ply,HorseV2.ply,2.82142857142857,2.295047619047618
LS-PCQA,4,dists_only,HorseV2_UniformNoise_1.ply,HorseV2.ply,4.78571428571429,3.8960505952380964
LS-PCQA,4,dists_only,HorseV2_UniformNoise_3.ply,HorseV2.ply,4.03571428571429,2.5219791666666658
LS-PCQA,4,dists_only,HorseV2_UniformNoise_4.ply,HorseV2.ply,3.9375,3.3048422619047595
LS-PCQA,4,dists_only,HorseV2_UniformNoise_5.ply,HorseV2.ply,3.78125,3.444729166666666
LS-PCQA,4,dists_only,HorseV2_UniformNoise_7.ply,HorseV2.ply,3.21428571428571,2.7169642857142846
LS-PCQA,4,dists_only,HouseWithoutRoof_GaussianShifting_1.ply,HouseWithoutRoof.ply,4.03333333333333,4.1620297619047655
LS-PCQA,4,dists_only,HouseWithoutRoof_GaussianShifting_2.ply,HouseWithoutRoof.ply,3.23333333333333,3.652101190476189
LS-PCQA,4,dists_only,HouseWithoutRoof_GaussianShifting_3.ply,HouseWithoutRoof.ply,2.76666666666667,3.335979166666665
LS-PCQA,4,dists_only,HouseWithoutRoof_GaussianShifting_4.ply,HouseWithoutRoof.ply,2.64285714285714,2.8645505952380956
LS-PCQA,4,dists_only,HouseWithoutRoof_GaussianShifting_5.ply,HouseWithoutRoof.ply,2.26666666666667,2.6393630952380946
LS-PCQA,4,dists_only,HouseWithoutRoof_LocalLoss_1.ply,HouseWithoutRoof.ply,4.0625,4.0199702380952385
LS-PCQA,4,dists_only,HouseWithoutRoof_LocalLoss_2.ply,HouseWithoutRoof.ply,3.63333333333333,3.851607142857142
LS-PCQA,4,dists_only,HouseWithoutRoof_LocalLoss_3.ply,HouseWithoutRoof.ply,2.32142857142857,3.2106547619047627
LS-PCQA,4,dists_only,HouseWithoutRoof_LocalLoss_4.ply,HouseWithoutRoof.ply,2.3,3.003595238095238
LS-PCQA,4,dists_only,HouseWithoutRoof_LocalLoss_5.ply,HouseWithoutRoof.ply,2.1,3.3074791666666656
LS-PCQA,4,dists_only,HouseWithoutRoof_losslessG-lossyA_3.ply,HouseWithoutRoof.ply,4.60714285714286,4.619297619047621
LS-PCQA,4,dists_only,HouseWithoutRoof_losslessG-lossyA_4.ply,HouseWithoutRoof.ply,4.4,4.070392857142858
LS-PCQA,4,dists_only,HouseWithoutRoof_losslessG-lossyA_5.ply,HouseWithoutRoof.ply,3.96666666666667,4.070116071428573
LS-PCQA,4,dists_only,HouseWithoutRoof_losslessG-lossyA_6.ply,HouseWithoutRoof.ply,3.03333333333333,3.7450029761904746
LS-PCQA,4,dists_only,HouseWithoutRoof_losslessG-lossyA_7.ply,HouseWithoutRoof.ply,2.78571428571429,3.8128928571428564
LS-PCQA,4,dists_only,HouseWithoutRoof_QuantizationNoise_1.ply,HouseWithoutRoof.ply,4.1875,4.051809523809525
LS-PCQA,4,dists_only,HouseWithoutRoof_QuantizationNoise_3.ply,HouseWithoutRoof.ply,3.78571428571429,4.029404761904761
LS-PCQA,4,dists_only,HouseWithoutRoof_QuantizationNoise_4.ply,HouseWithoutRoof.ply,3.35714285714286,3.444300595238096
LS-PCQA,4,dists_only,HouseWithoutRoof_QuantizationNoise_5.ply,HouseWithoutRoof.ply,3.64285714285714,3.444300595238096
LS-PCQA,4,dists_only,HouseWithoutRoof_QuantizationNoise_7.ply,HouseWithoutRoof.ply,2.96666666666667,3.473654761904762
LS-PCQA,4,dists_only,loot_HighFrequencyNoise_3.ply,loot.ply,3.85714285714286,3.2007380952380955
LS-PCQA,4,dists_only,loot_HighFrequencyNoise_4.ply,loot.ply,3.21428571428571,3.1144226190476183
LS-PCQA,4,dists_only,loot_HighFrequencyNoise_5.ply,loot.ply,3.42857142857143,3.046232142857144
LS-PCQA,4,dists_only,loot_HighFrequencyNoise_6.ply,loot.ply,2.86666666666667,2.9590684523809525
LS-PCQA,4,dists_only,loot_HighFrequencyNoise_7.ply,loot.ply,2.85714285714286,2.679705357142856
LS-PCQA,4,dists_only,loot_SaltpepperNoise_1.ply,loot.ply,3.21428571428571,3.0764791666666667
LS-PCQA,4,dists_only,loot_SaltpepperNoise_3.ply,loot.ply,3.39285714285714,2.7039583333333312
LS-PCQA,4,dists_only,loot_SaltpepperNoise_4.ply,loot.ply,2.5625,2.4241845238095237
LS-PCQA,4,dists_only,loot_SaltpepperNoise_5.ply,loot.ply,2.46428571428571,2.4009553571428572
LS-PCQA,4,dists_only,loot_SaltpepperNoise_7.ply,loot.ply,2.10714285714286,2.192812500000001
LS-PCQA,4,dists_only,lowpolycarsset1_lossless-geom-nearlossless-attrs_3.ply,lowpolycarsset1.ply,4.85714285714286,4.06305654761905
LS-PCQA,4,dists_only,lowpolycarsset1_lossless-geom-nearlossless-attrs_4.ply,lowpolycarsset1.ply,4.5,3.8830624999999994
LS-PCQA,4,dists_only,lowpolycarsset1_lossless-geom-nearlossless-attrs_5.ply,lowpolycarsset1.ply,4.5,2.9806041666666685
LS-PCQA,4,dists_only,lowpolycarsset1_lossless-geom-nearlossless-attrs_6.ply,lowpolycarsset1.ply,3.39285714285714,3.295562499999999
LS-PCQA,4,dists_only,lowpolycarsset1_lossless-geom-nearlossless-attrs_7.ply,lowpolycarsset1.ply,2.7,2.350723214285713
LS-PCQA,4,dists_only,lowpolycarsset1_UniformShifting_1.ply,lowpolycarsset1.ply,3.92857142857143,3.156104166666666
LS-PCQA,4,dists_only,lowpolycarsset1_UniformShifting_2.ply,lowpolycarsset1.ply,3.28571428571429,2.7294940476190472
LS-PCQA,4,dists_only,lowpolycarsset1_UniformShifting_3.ply,lowpolycarsset1.ply,2.75,2.666315476190475
LS-PCQA,4,dists_only,lowpolycarsset1_UniformShifting_4.ply,lowpolycarsset1.ply,2.75,2.4281994047619024
LS-PCQA,4,dists_only,lowpolycarsset1_UniformShifting_5.ply,lowpolycarsset1.ply,2.78571428571429,2.353508928571428
LS-PCQA,4,dists_only,PjanicFace_GammaNoise_1.ply,PjanicFace.ply,3.5625,3.4087514880952368
LS-PCQA,4,dists_only,PjanicFace_GammaNoise_3.ply,PjanicFace.ply,2.96428571428571,3.095505952380953
LS-PCQA,4,dists_only,PjanicFace_GammaNoise_4.ply,PjanicFace.ply,3.15625,3.051220238095239
LS-PCQA,4,dists_only,PjanicFace_GammaNoise_5.ply,PjanicFace.ply,2.82142857142857,2.5797113095238093
LS-PCQA,4,dists_only,PjanicFace_GammaNoise_7.ply,PjanicFace.ply,2.39285714285714,2.250095238095237
LS-PCQA,4,dists_only,PjanicFace_MeanShift_1.ply,PjanicFace.ply,4.1875,4.162622023809527
LS-PCQA,4,dists_only,PjanicFace_MeanShift_3.ply,PjanicFace.ply,3.10714285714286,3.3128601190476195
LS-PCQA,4,dists_only,PjanicFace_MeanShift_4.ply,PjanicFace.ply,3.32142857142857,3.164559523809524
LS-PCQA,4,dists_only,PjanicFace_MeanShift_5.ply,PjanicFace.ply,2.89285714285714,3.125553571428571
LS-PCQA,4,dists_only,PjanicFace_MeanShift_7.ply,PjanicFace.ply,3.32142857142857,2.3428035714285715
LS-PCQA,4,dists_only,RattleSnake_lossless-geom-nearlossless-attrs_3.ply,RattleSnake.ply,4.75,4.555999999999996
LS-PCQA,4,dists_only,RattleSnake_lossless-geom-nearlossless-attrs_4.ply,RattleSnake.ply,4.78571428571429,4.7571904761904715
LS-PCQA,4,dists_only,RattleSnake_lossless-geom-nearlossless-attrs_5.ply,RattleSnake.ply,4.7,4.188690476190477
LS-PCQA,4,dists_only,RattleSnake_lossless-geom-nearlossless-attrs_6.ply,RattleSnake.ply,3.10714285714286,3.126717261904761
LS-PCQA,4,dists_only,RattleSnake_lossless-geom-nearlossless-attrs_7.ply,RattleSnake.ply,2.28571428571429,2.7989642857142853
LS-PCQA,4,dists_only,Rock1_ContrastDistortion_1.ply,Rock1.ply,3.60714285714286,3.297172619047619
LS-PCQA,4,dists_only,Rock1_ContrastDistortion_2.ply,Rock1.ply,2.5,2.266044642857143
LS-PCQA,4,dists_only,Rock1_ContrastDistortion_3.ply,Rock1.ply,1.78571428571429,2.1001785714285726
LS-PCQA,4,dists_only,Rock1_ContrastDistortion_4.ply,Rock1.ply,1.66666666666667,2.4447767857142844
LS-PCQA,4,dists_only,Rock1_ContrastDistortion_5.ply,Rock1.ply,1.21428571428571,2.170505952380949
LS-PCQA,4,dists_only,Rock1_lossless-geom-lossy-attrs_3.ply,Rock1.ply,4.56666666666667,4.356949404761905
LS-PCQA,4,dists_only,Rock1_lossless-geom-lossy-attrs_4.ply,Rock1.ply,4.5,4.096175595238096
LS-PCQA,4,dists_only,Rock1_lossless-geom-lossy-attrs_5.ply,Rock1.ply,3.89285714285714,3.3266160714285724
LS-PCQA,4,dists_only,Rock1_lossless-geom-lossy-attrs_6.ply,Rock1.ply,3.53333333333333,3.3873244047619044
LS-PCQA,4,dists_only,Rock1_lossless-geom-lossy-attrs_7.ply,Rock1.ply,2.84375,3.018056547619047
LS-PCQA,4,dists_only,Rock1_Octree_1.ply,Rock1.ply,4.03333333333333,3.265697916666666
LS-PCQA,4,dists_only,Rock1_Octree_2.ply,Rock1.ply,2.875,2.8522738095238087
LS-PCQA,4,dists_only,Rock1_Octree_3.ply,Rock1.ply,2.57142857142857,2.7612916666666676
LS-PCQA,4,dists_only,Rock1_Octree_4.ply,Rock1.ply,2.21428571428571,2.3073660714285706
LS-PCQA,4,dists_only,Rock1_Octree_5.ply,Rock1.ply,2.10714285714286,1.9977321428571408
LS-PCQA,4,dists_only,Rock1_SaturationDistortion_1.ply,Rock1.ply,3.82142857142857,4.468107142857144
LS-PCQA,4,dists_only,Rock1_SaturationDistortion_2.ply,Rock1.ply,3.46428571428571,3.7056190476190496
LS-PCQA,4,dists_only,Rock1_SaturationDistortion_3.ply,Rock1.ply,2.71428571428571,3.509851190476191
LS-PCQA,4,dists_only,Rock1_SaturationDistortion_4.ply,Rock1.ply,2.60714285714286,3.1008125
LS-PCQA,4,dists_only,Rock1_SaturationDistortion_5.ply,Rock1.ply,2.625,3.1250416666666676
LS-PCQA,4,dists_only,RpManuelAnimated001Dancing_CorrelatedGaussianNoise_1.ply,RpManuelAnimated001Dancing.ply,4.53333333333333,4.077041666666667
LS-PCQA,4,dists_only,RpManuelAnimated001Dancing_CorrelatedGaussianNoise_2.ply,RpManuelAnimated001Dancing.ply,3.5,3.5831994047619053
LS-PCQA,4,dists_only,RpManuelAnimated001Dancing_CorrelatedGaussianNoise_3.ply,RpManuelAnimated001Dancing.ply,3.25,3.0702738095238113
LS-PCQA,4,dists_only,RpManuelAnimated001Dancing_CorrelatedGaussianNoise_4.ply,RpManuelAnimated001Dancing.ply,3.14285714285714,2.921559523809524
LS-PCQA,4,dists_only,RpManuelAnimated001Dancing_CorrelatedGaussianNoise_5.ply,RpManuelAnimated001Dancing.ply,3.0,2.9648898809523803
LS-PCQA,4,dists_only,RpManuelAnimated001Dancing_LocalRotation_1.ply,RpManuelAnimated001Dancing.ply,3.14285714285714,3.9813005952380975
LS-PCQA,4,dists_only,RpManuelAnimated001Dancing_LocalRotation_2.ply,RpManuelAnimated001Dancing.ply,2.32142857142857,3.387214285714287
LS-PCQA,4,dists_only,RpManuelAnimated001Dancing_LocalRotation_3.ply,RpManuelAnimated001Dancing.ply,2.26666666666667,3.4020000000000006
LS-PCQA,4,dists_only,RpManuelAnimated001Dancing_LocalRotation_4.ply,RpManuelAnimated001Dancing.ply,2.03571428571429,3.158895833333334
LS-PCQA,4,dists_only,RpManuelAnimated001Dancing_LocalRotation_5.ply,RpManuelAnimated001Dancing.ply,1.39285714285714,2.4441071428571424
LS-PCQA,4,dists_only,RpManuelAnimated001Dancing_UniformShifting_1.ply,RpManuelAnimated001Dancing.ply,4.15625,4.21746130952381
LS-PCQA,4,dists_only,RpManuelAnimated001Dancing_UniformShifting_2.ply,RpManuelAnimated001Dancing.ply,4.07142857142857,3.5465178571428577
LS-PCQA,4,dists_only,RpManuelAnimated001Dancing_UniformShifting_3.ply,RpManuelAnimated001Dancing.ply,2.89285714285714,3.2674613095238074
LS-PCQA,4,dists_only,RpManuelAnimated001Dancing_UniformShifting_4.ply,RpManuelAnimated001Dancing.ply,2.46875,2.990077380952381
LS-PCQA,4,dists_only,RpManuelAnimated001Dancing_UniformShifting_5.ply,RpManuelAnimated001Dancing.ply,2.2,3.0155208333333348
LS-PCQA,4,dists_only,Shark_HighFrequencyNoise_3.ply,Shark.ply,3.86666666666667,3.4085476190476203
LS-PCQA,4,dists_only,Shark_HighFrequencyNoise_4.ply,Shark.ply,3.5,3.376691964285713
LS-PCQA,4,dists_only,Shark_HighFrequencyNoise_5.ply,Shark.ply,3.46428571428571,3.244571428571427
LS-PCQA,4,dists_only,Shark_HighFrequencyNoise_6.ply,Shark.ply,3.14285714285714,3.136613095238094
LS-PCQA,4,dists_only,Shark_HighFrequencyNoise_7.ply,Shark.ply,2.67857142857143,3.216122023809525
LS-PCQA,4,dists_only,soldier_DownSample_3.ply,soldier.ply,4.17857142857143,4.014089285714289
LS-PCQA,4,dists_only,soldier_DownSample_4.ply,soldier.ply,3.92857142857143,3.81132738095238
LS-PCQA,4,dists_only,soldier_DownSample_5.ply,soldier.ply,3.64285714285714,3.6776160714285715
LS-PCQA,4,dists_only,soldier_DownSample_6.ply,soldier.ply,3.0625,3.700297619047618
LS-PCQA,4,dists_only,soldier_DownSample_7.ply,soldier.ply,2.39285714285714,3.1388497023809534
LS-PCQA,4,dists_only,soldier_LumaNoise_1.ply,soldier.ply,4.06666666666667,4.517758928571428
LS-PCQA,4,dists_only,soldier_LumaNoise_3.ply,soldier.ply,3.21875,3.5658452380952355
LS-PCQA,4,dists_only,soldier_LumaNoise_4.ply,soldier.ply,3.09375,3.212547619047618
LS-PCQA,4,dists_only,soldier_LumaNoise_5.ply,soldier.ply,3.1875,2.996860119047619
LS-PCQA,4,dists_only,soldier_LumaNoise_7.ply,soldier.ply,2.35714285714286,2.2718690476190493
LS-PCQA,4,dists_only,SpiderMonkey_C2AI-lossy-geom-lossy-attrs_3.ply,SpiderMonkey.ply,4.96428571428571,3.699377976190475
LS-PCQA,4,dists_only,SpiderMonkey_C2AI-lossy-geom-lossy-attrs_4.ply,SpiderMonkey.ply,4.5625,3.1893749999999987
LS-PCQA,4,dists_only,SpiderMonkey_C2AI-lossy-geom-lossy-attrs_5.ply,SpiderMonkey.ply,4.0,3.0345446428571425
LS-PCQA,4,dists_only,SpiderMonkey_C2AI-lossy-geom-lossy-attrs_6.ply,SpiderMonkey.ply,3.46428571428571,2.916488095238096
LS-PCQA,4,dists_only,SpiderMonkey_C2AI-lossy-geom-lossy-attrs_7.ply,SpiderMonkey.ply,3.0,2.786684523809524
LS-PCQA,4,dists_only,SpiderMonkey_LocalLoss_1.ply,SpiderMonkey.ply,3.82142857142857,4.263913690476192
LS-PCQA,4,dists_only,SpiderMonkey_LocalLoss_2.ply,SpiderMonkey.ply,3.60714285714286,4.243113095238096
LS-PCQA,4,dists_only,SpiderMonkey_LocalLoss_3.ply,SpiderMonkey.ply,2.53125,4.128866071428572
LS-PCQA,4,dists_only,SpiderMonkey_LocalLoss_4.ply,SpiderMonkey.ply,2.3,4.015375000000002
LS-PCQA,4,dists_only,SpiderMonkey_LocalLoss_5.ply,SpiderMonkey.ply,2.21428571428571,3.3280059523809524
LS-PCQA,4,dists_only,TibetanFox_LocalLoss_1.ply,TibetanFox.ply,2.75,4.280095238095238
LS-PCQA,4,dists_only,TibetanFox_LocalLoss_2.ply,TibetanFox.ply,2.53571428571429,3.697729166666669
LS-PCQA,4,dists_only,TibetanFox_LocalLoss_3.ply,TibetanFox.ply,1.75,3.5996696428571426
LS-PCQA,4,dists_only,TibetanFox_LocalLoss_4.ply,TibetanFox.ply,2.0,2.7500833333333308
LS-PCQA,4,dists_only,TibetanFox_LocalLoss_5.ply,TibetanFox.ply,2.07142857142857,2.464005952380949
LS-PCQA,4,fusion_46,BB8New_C2AI-lossy-geom-lossy-attrs_3.ply,BB8New.ply,4.89285714285714,4.29745238095238
LS-PCQA,4,fusion_46,BB8New_C2AI-lossy-geom-lossy-attrs_4.ply,BB8New.ply,4.46428571428571,4.115130952380951
LS-PCQA,4,fusion_46,BB8New_C2AI-lossy-geom-lossy-attrs_5.ply,BB8New.ply,3.78571428571429,3.8597232142857147
LS-PCQA,4,fusion_46,BB8New_C2AI-lossy-geom-lossy-attrs_6.ply,BB8New.ply,3.60714285714286,3.5083511904761906
LS-PCQA,4,fusion_46,BB8New_C2AI-lossy-geom-lossy-attrs_7.ply,BB8New.ply,3.35714285714286,3.204178571428571
LS-PCQA,4,fusion_46,BB8New_LocalOffset_1.ply,BB8New.ply,3.53125,4.388473214285716
LS-PCQA,4,fusion_46,BB8New_LocalOffset_2.ply,BB8New.ply,2.89285714285714,3.295717261904762
LS-PCQA,4,fusion_46,BB8New_LocalOffset_3.ply,BB8New.ply,2.375,2.3968601190476173
LS-PCQA,4,fusion_46,BB8New_LocalOffset_4.ply,BB8New.ply,2.32142857142857,2.162571428571429
LS-PCQA,4,fusion_46,BB8New_LocalOffset_5.ply,BB8New.ply,1.53571428571429,1.7836130952380949
LS-PCQA,4,fusion_46,BB8New_LocalRotation_1.ply,BB8New.ply,3.03333333333333,3.5392589285714275
LS-PCQA,4,fusion_46,BB8New_LocalRotation_2.ply,BB8New.ply,3.16666666666667,2.9752976190476197
LS-PCQA,4,fusion_46,BB8New_LocalRotation_3.ply,BB8New.ply,2.46428571428571,2.3040178571428553
LS-PCQA,4,fusion_46,BB8New_LocalRotation_4.ply,BB8New.ply,1.8,1.8222410714285717
LS-PCQA,4,fusion_46,BB8New_LocalRotation_5.ply,BB8New.ply,1.76666666666667,1.5814404761904757
LS-PCQA,4,fusion_46,BB8New_SaltpepperNoise_1.ply,BB8New.ply,3.42857142857143,3.6320952380952387
LS-PCQA,4,fusion_46,BB8New_SaltpepperNoise_3.ply,BB8New.ply,3.17857142857143,3.2506934523809523
LS-PCQA,4,fusion_46,BB8New_SaltpepperNoise_4.ply,BB8New.ply,2.78571428571429,3.167625000000001
LS-PCQA,4,fusion_46,BB8New_SaltpepperNoise_5.ply,BB8New.ply,2.96428571428571,2.9008422619047622
LS-PCQA,4,fusion_46,BB8New_SaltpepperNoise_7.ply,BB8New.ply,2.8,2.5163065476190467
LS-PCQA,4,fusion_46,BirdV2_losslessG-lossyA_3.ply,BirdV2.ply,4.75,4.752532738095241
LS-PCQA,4,fusion_46,BirdV2_losslessG-lossyA_4.ply,BirdV2.ply,4.6,4.1648779761904775
LS-PCQA,4,fusion_46,BirdV2_losslessG-lossyA_5.ply,BirdV2.ply,3.53125,3.4899999999999967
LS-PCQA,4,fusion_46,BirdV2_losslessG-lossyA_6.ply,BirdV2.ply,3.25,2.894095238095237
LS-PCQA,4,fusion_46,BirdV2_losslessG-lossyA_7.ply,BirdV2.ply,3.23333333333333,2.6777886904761896
LS-PCQA,4,fusion_46,BirdV3_MultiplicativeGaussianNoise_1.ply,BirdV3.ply,3.56666666666667,3.2227827380952396
LS-PCQA,4,fusion_46,BirdV3_MultiplicativeGaussianNoise_3.ply,BirdV3.ply,3.21875,2.8946904761904766
LS-PCQA,4,fusion_46,BirdV3_MultiplicativeGaussianNoise_4.ply,BirdV3.ply,2.9,2.7654136904761906
LS-PCQA,4,fusion_46,BirdV3_MultiplicativeGaussianNoise_5.ply,BirdV3.ply,3.0,2.705125
LS-PCQA,4,fusion_46,BirdV3_MultiplicativeGaussianNoise_7.ply,BirdV3.ply,2.84375,2.5565744047619052
LS-PCQA,4,fusion_46,DuckV1_CorrelatedGaussianNoise_1.ply,DuckV1.ply,4.71428571428571,4.755059523809526
LS-PCQA,4,fusion_46,DuckV1_CorrelatedGaussianNoise_2.ply,DuckV1.ply,4.14285714285714,4.242619047619048
LS-PCQA,4,fusion_46,DuckV1_CorrelatedGaussianNoise_3.ply,DuckV1.ply,3.75,3.768720238095238
LS-PCQA,4,fusion_46,DuckV1_CorrelatedGaussianNoise_4.ply,DuckV1.ply,3.39285714285714,3.4705803571428566
LS-PCQA,4,fusion_46,DuckV1_CorrelatedGaussianNoise_5.ply,DuckV1.ply,3.16666666666667,3.0652142857142843
LS-PCQA,4,fusion_46,DuckV1_reconstruction_3.ply,DuckV1.ply,3.82142857142857,3.8776101190476187
LS-PCQA,4,fusion_46,DuckV1_reconstruction_4.ply,DuckV1.ply,4.0,3.8640892857142846
LS-PCQA,4,fusion_46,DuckV1_reconstruction_5.ply,DuckV1.ply,3.73333333333333,3.836119047619048
LS-PCQA,4,fusion_46,DuckV1_reconstruction_6.ply,DuckV1.ply,3.6875,3.7171696428571437
LS-PCQA,4,fusion_46,DuckV1_reconstruction_7.ply,DuckV1.ply,2.78571428571429,3.2288184523809518
LS-PCQA,4,fusion_46,exercise_losslessG-lossyA_3.ply,exercise.ply,4.82142857142857,4.54942261904762
LS-PCQA,4,fusion_46,exercise_losslessG-lossyA_4.ply,exercise.ply,3.5,3.770758928571429
LS-PCQA,4,fusion_46,exercise_losslessG-lossyA_5.ply,exercise.ply,3.40625,3.0895074404761895
LS-PCQA,4,fusion_46,exercise_losslessG-lossyA_6.ply,exercise.ply,2.71875,2.7819077380952377
LS-PCQA,4,fusion_46,exercise_losslessG-lossyA_7.ply,exercise.ply,2.17857142857143,2.8297589285714277
LS-PCQA,4,fusion_46,exercise_lossy-geom-lossy-attrs_3.ply,exercise.ply,4.67857142857143,4.197860119047619
LS-PCQA,4,fusion_46,exercise_lossy-geom-lossy-attrs_4.ply,exercise.ply,3.85714285714286,3.903348214285714
LS-PCQA,4,fusion_46,exercise_lossy-geom-lossy-attrs_5.ply,exercise.ply,3.28571428571429,2.8703482142857144
LS-PCQA,4,fusion_46,exercise_lossy-geom-lossy-attrs_6.ply,exercise.ply,2.67857142857143,2.23158630952381
LS-PCQA,4,fusion_46,exercise_lossy-geom-lossy-attrs_7.ply,exercise.ply,1.60714285714286,1.7991696428571435
LS-PCQA,4,fusion_46,exercise_RayleighNoise_1.ply,exercise.ply,4.17857142857143,3.9572232142857136
LS-PCQA,4,fusion_46,exercise_RayleighNoise_3.ply,exercise.ply,3.3125,3.123404761904762
LS-PCQA,4,fusion_46,exercise_RayleighNoise_4.ply,exercise.ply,2.89285714285714,2.9102946428571426
LS-PCQA,4,fusion_46,exercise_RayleighNoise_5.ply,exercise.ply,2.71428571428571,2.76696130952381
LS-PCQA,4,fusion_46,exercise_RayleighNoise_7.ply,exercise.ply,2.39285714285714,2.6209523809523803
LS-PCQA,4,fusion_46,HorseV2_GaussianShifting_1.ply,HorseV2.ply,4.92857142857143,4.00126488095238
LS-PCQA,4,fusion_46,HorseV2_GaussianShifting_2.ply,HorseV2.ply,3.6875,3.3591874999999987
LS-PCQA,4,fusion_46,HorseV2_GaussianShifting_3.ply,HorseV2.ply,3.4375,2.8884255952380964
LS-PCQA,4,fusion_46,HorseV2_GaussianShifting_4.ply,HorseV2.ply,3.0,2.5610386904761895
LS-PCQA,4,fusion_46,HorseV2_GaussianShifting_5.ply,HorseV2.ply,2.82142857142857,2.442130952380951
LS-PCQA,4,fusion_46,HorseV2_UniformNoise_1.ply,HorseV2.ply,4.78571428571429,4.527244047619048
LS-PCQA,4,fusion_46,HorseV2_UniformNoise_3.ply,HorseV2.ply,4.03571428571429,3.5422648809523793
LS-PCQA,4,fusion_46,HorseV2_UniformNoise_4.ply,HorseV2.ply,3.9375,3.293360119047618
LS-PCQA,4,fusion_46,HorseV2_UniformNoise_5.ply,HorseV2.ply,3.78125,3.0311755952380945
LS-PCQA,4,fusion_46,HorseV2_UniformNoise_7.ply,HorseV2.ply,3.21428571428571,2.8900773809523805
LS-PCQA,4,fusion_46,HouseWithoutRoof_GaussianShifting_1.ply,HouseWithoutRoof.ply,4.03333333333333,4.074136904761906
LS-PCQA,4,fusion_46,HouseWithoutRoof_GaussianShifting_2.ply,HouseWithoutRoof.ply,3.23333333333333,3.438491071428571
LS-PCQA,4,fusion_46,HouseWithoutRoof_GaussianShifting_3.ply,HouseWithoutRoof.ply,2.76666666666667,3.2704464285714296
LS-PCQA,4,fusion_46,HouseWithoutRoof_GaussianShifting_4.ply,HouseWithoutRoof.ply,2.64285714285714,3.1117321428571434
LS-PCQA,4,fusion_46,HouseWithoutRoof_GaussianShifting_5.ply,HouseWithoutRoof.ply,2.26666666666667,2.6433035714285715
LS-PCQA,4,fusion_46,HouseWithoutRoof_LocalLoss_1.ply,HouseWithoutRoof.ply,4.0625,3.2982202380952375
LS-PCQA,4,fusion_46,HouseWithoutRoof_LocalLoss_2.ply,HouseWithoutRoof.ply,3.63333333333333,3.0907589285714288
LS-PCQA,4,fusion_46,HouseWithoutRoof_LocalLoss_3.ply,HouseWithoutRoof.ply,2.32142857142857,2.0913392857142856
LS-PCQA,4,fusion_46,HouseWithoutRoof_LocalLoss_4.ply,HouseWithoutRoof.ply,2.3,2.2012053571428574
LS-PCQA,4,fusion_46,HouseWithoutRoof_LocalLoss_5.ply,HouseWithoutRoof.ply,2.1,1.8784732142857146
LS-PCQA,4,fusion_46,HouseWithoutRoof_losslessG-lossyA_3.ply,HouseWithoutRoof.ply,4.60714285714286,4.634160714285718
LS-PCQA,4,fusion_46,HouseWithoutRoof_losslessG-lossyA_4.ply,HouseWithoutRoof.ply,4.4,4.2919791666666685
LS-PCQA,4,fusion_46,HouseWithoutRoof_losslessG-lossyA_5.ply,HouseWithoutRoof.ply,3.96666666666667,3.9097291666666685
LS-PCQA,4,fusion_46,HouseWithoutRoof_losslessG-lossyA_6.ply,HouseWithoutRoof.ply,3.03333333333333,3.4996220238095233
LS-PCQA,4,fusion_46,HouseWithoutRoof_losslessG-lossyA_7.ply,HouseWithoutRoof.ply,2.78571428571429,3.564904761904762
LS-PCQA,4,fusion_46,HouseWithoutRoof_QuantizationNoise_1.ply,HouseWithoutRoof.ply,4.1875,4.207791666666669
LS-PCQA,4,fusion_46,HouseWithoutRoof_QuantizationNoise_3.ply,HouseWithoutRoof.ply,3.78571428571429,4.119461309523811
LS-PCQA,4,fusion_46,HouseWithoutRoof_QuantizationNoise_4.ply,HouseWithoutRoof.ply,3.35714285714286,3.821565476190476
LS-PCQA,4,fusion_46,HouseWithoutRoof_QuantizationNoise_5.ply,HouseWithoutRoof.ply,3.64285714285714,3.821565476190476
LS-PCQA,4,fusion_46,HouseWithoutRoof_QuantizationNoise_7.ply,HouseWithoutRoof.ply,2.96666666666667,3.535287202380954
LS-PCQA,4,fusion_46,loot_HighFrequencyNoise_3.ply,loot.ply,3.85714285714286,3.278866071428571
LS-PCQA,4,fusion_46,loot_HighFrequencyNoise_4.ply,loot.ply,3.21428571428571,3.3411904761904783
LS-PCQA,4,fusion_46,loot_HighFrequencyNoise_5.ply,loot.ply,3.42857142857143,3.2766636904761914
LS-PCQA,4,fusion_46,loot_HighFrequencyNoise_6.ply,loot.ply,2.86666666666667,2.9613154761904754
LS-PCQA,4,fusion_46,loot_HighFrequencyNoise_7.ply,loot.ply,2.85714285714286,2.6940178571428572
LS-PCQA,4,fusion_46,loot_SaltpepperNoise_1.ply,loot.ply,3.21428571428571,3.143059523809525
LS-PCQA,4,fusion_46,loot_SaltpepperNoise_3.ply,loot.ply,3.39285714285714,2.6966220238095233
LS-PCQA,4,fusion_46,loot_SaltpepperNoise_4.ply,loot.ply,2.5625,2.5790416666666665
LS-PCQA,4,fusion_46,loot_SaltpepperNoise_5.ply,loot.ply,2.46428571428571,2.4759970238095237
LS-PCQA,4,fusion_46,loot_SaltpepperNoise_7.ply,loot.ply,2.10714285714286,2.3742678571428564
LS-PCQA,4,fusion_46,lowpolycarsset1_lossless-geom-nearlossless-attrs_3.ply,lowpolycarsset1.ply,4.85714285714286,4.464154761904763
LS-PCQA,4,fusion_46,lowpolycarsset1_lossless-geom-nearlossless-attrs_4.ply,lowpolycarsset1.ply,4.5,4.20298511904762
LS-PCQA,4,fusion_46,lowpolycarsset1_lossless-geom-nearlossless-attrs_5.ply,lowpolycarsset1.ply,4.5,3.962744047619048
LS-PCQA,4,fusion_46,lowpolycarsset1_lossless-geom-nearlossless-attrs_6.ply,lowpolycarsset1.ply,3.39285714285714,3.258491071428571
LS-PCQA,4,fusion_46,lowpolycarsset1_lossless-geom-nearlossless-attrs_7.ply,lowpolycarsset1.ply,2.7,2.374443452380952
LS-PCQA,4,fusion_46,lowpolycarsset1_UniformShifting_1.ply,lowpolycarsset1.ply,3.92857142857143,3.7846547619047617
LS-PCQA,4,fusion_46,lowpolycarsset1_UniformShifting_2.ply,lowpolycarsset1.ply,3.28571428571429,3.3053928571428575
LS-PCQA,4,fusion_46,lowpolycarsset1_UniformShifting_3.ply,lowpolycarsset1.ply,2.75,2.912854166666666
LS-PCQA,4,fusion_46,lowpolycarsset1_UniformShifting_4.ply,lowpolycarsset1.ply,2.75,2.657086309523808
LS-PCQA,4,fusion_46,lowpolycarsset1_UniformShifting_5.ply,lowpolycarsset1.ply,2.78571428571429,2.5079970238095215
LS-PCQA,4,fusion_46,PjanicFace_GammaNoise_1.ply,PjanicFace.ply,3.5625,3.3210014880952383
LS-PCQA,4,fusion_46,PjanicFace_GammaNoise_3.ply,PjanicFace.ply,2.96428571428571,3.1520505952380966
LS-PCQA,4,fusion_46,PjanicFace_GammaNoise_4.ply,PjanicFace.ply,3.15625,3.048860119047619
LS-PCQA,4,fusion_46,PjanicFace_GammaNoise_5.ply,PjanicFace.ply,2.82142857142857,2.935235119047619
LS-PCQA,4,fusion_46,PjanicFace_GammaNoise_7.ply,PjanicFace.ply,2.39285714285714,2.4781339285714283
LS-PCQA,4,fusion_46,PjanicFace_MeanShift_1.ply,PjanicFace.ply,4.1875,4.094666666666666
LS-PCQA,4,fusion_46,PjanicFace_MeanShift_3.ply,PjanicFace.ply,3.10714285714286,3.327107142857143
LS-PCQA,4,fusion_46,PjanicFace_MeanShift_4.ply,PjanicFace.ply,3.32142857142857,3.0801681547619055
LS-PCQA,4,fusion_46,PjanicFace_MeanShift_5.ply,PjanicFace.ply,2.89285714285714,2.954300595238095
LS-PCQA,4,fusion_46,PjanicFace_MeanShift_7.ply,PjanicFace.ply,3.32142857142857,2.361482142857142
LS-PCQA,4,fusion_46,RattleSnake_lossless-geom-nearlossless-attrs_3.ply,RattleSnake.ply,4.75,4.522839285714286
LS-PCQA,4,fusion_46,RattleSnake_lossless-geom-nearlossless-attrs_4.ply,RattleSnake.ply,4.78571428571429,4.59561607142857
LS-PCQA,4,fusion_46,RattleSnake_lossless-geom-nearlossless-attrs_5.ply,RattleSnake.ply,4.7,4.24375
LS-PCQA,4,fusion_46,RattleSnake_lossless-geom-nearlossless-attrs_6.ply,RattleSnake.ply,3.10714285714286,3.2903511904761906
LS-PCQA,4,fusion_46,RattleSnake_lossless-geom-nearlossless-attrs_7.ply,RattleSnake.ply,2.28571428571429,2.4706577380952384
LS-PCQA,4,fusion_46,Rock1_ContrastDistortion_1.ply,Rock1.ply,3.60714285714286,3.1997767857142874
LS-PCQA,4,fusion_46,Rock1_ContrastDistortion_2.ply,Rock1.ply,2.5,2.391928571428572
LS-PCQA,4,fusion_46,Rock1_ContrastDistortion_3.ply,Rock1.ply,1.78571428571429,2.1746160714285723
LS-PCQA,4,fusion_46,Rock1_ContrastDistortion_4.ply,Rock1.ply,1.66666666666667,2.0050208333333344
LS-PCQA,4,fusion_46,Rock1_ContrastDistortion_5.ply,Rock1.ply,1.21428571428571,1.917377976190477
LS-PCQA,4,fusion_46,Rock1_lossless-geom-lossy-attrs_3.ply,Rock1.ply,4.56666666666667,4.684223214285717
LS-PCQA,4,fusion_46,Rock1_lossless-geom-lossy-attrs_4.ply,Rock1.ply,4.5,4.46177380952381
LS-PCQA,4,fusion_46,Rock1_lossless-geom-lossy-attrs_5.ply,Rock1.ply,3.89285714285714,4.013758928571427
LS-PCQA,4,fusion_46,Rock1_lossless-geom-lossy-attrs_6.ply,Rock1.ply,3.53333333333333,3.5946160714285718
LS-PCQA,4,fusion_46,Rock1_lossless-geom-lossy-attrs_7.ply,Rock1.ply,2.84375,3.124714285714286
LS-PCQA,4,fusion_46,Rock1_Octree_1.ply,Rock1.ply,4.03333333333333,3.1810386904761914
LS-PCQA,4,fusion_46,Rock1_Octree_2.ply,Rock1.ply,2.875,2.769940476190477
LS-PCQA,4,fusion_46,Rock1_Octree_3.ply,Rock1.ply,2.57142857142857,2.4712976190476197
LS-PCQA,4,fusion_46,Rock1_Octree_4.ply,Rock1.ply,2.21428571428571,2.0460000000000003
LS-PCQA,4,fusion_46,Rock1_Octree_5.ply,Rock1.ply,2.10714285714286,1.934860119047619
LS-PCQA,4,fusion_46,Rock1_SaturationDistortion_1.ply,Rock1.ply,3.82142857142857,4.2909404761904755
LS-PCQA,4,fusion_46,Rock1_SaturationDistortion_2.ply,Rock1.ply,3.46428571428571,3.159568452380952
LS-PCQA,4,fusion_46,Rock1_SaturationDistortion_3.ply,Rock1.ply,2.71428571428571,2.7509255952380953
LS-PCQA,4,fusion_46,Rock1_SaturationDistortion_4.ply,Rock1.ply,2.60714285714286,2.6150297619047613
LS-PCQA,4,fusion_46,Rock1_SaturationDistortion_5.ply,Rock1.ply,2.625,2.6365982142857143
LS-PCQA,4,fusion_46,RpManuelAnimated001Dancing_CorrelatedGaussianNoise_1.ply,RpManuelAnimated001Dancing.ply,4.53333333333333,4.279154761904761
LS-PCQA,4,fusion_46,RpManuelAnimated001Dancing_CorrelatedGaussianNoise_2.ply,RpManuelAnimated001Dancing.ply,3.5,3.784654761904764
LS-PCQA,4,fusion_46,RpManuelAnimated001Dancing_CorrelatedGaussianNoise_3.ply,RpManuelAnimated001Dancing.ply,3.25,3.276053571428571
LS-PCQA,4,fusion_46,RpManuelAnimated001Dancing_CorrelatedGaussianNoise_4.ply,RpManuelAnimated001Dancing.ply,3.14285714285714,3.1094732142857135
LS-PCQA,4,fusion_46,RpManuelAnimated001Dancing_CorrelatedGaussianNoise_5.ply,RpManuelAnimated001Dancing.ply,3.0,3.0753779761904765
LS-PCQA,4,fusion_46,RpManuelAnimated001Dancing_LocalRotation_1.ply,RpManuelAnimated001Dancing.ply,3.14285714285714,4.309270833333338
LS-PCQA,4,fusion_46,RpManuelAnimated001Dancing_LocalRotation_2.ply,RpManuelAnimated001Dancing.ply,2.32142857142857,2.392720238095237
LS-PCQA,4,fusion_46,RpManuelAnimated001Dancing_LocalRotation_3.ply,RpManuelAnimated001Dancing.ply,2.26666666666667,2.3418244047619043
LS-PCQA,4,fusion_46,RpManuelAnimated001Dancing_LocalRotation_4.ply,RpManuelAnimated001Dancing.ply,2.03571428571429,1.4080178571428572
LS-PCQA,4,fusion_46,RpManuelAnimated001Dancing_LocalRotation_5.ply,RpManuelAnimated001Dancing.ply,1.39285714285714,1.4968333333333308
LS-PCQA,4,fusion_46,RpManuelAnimated001Dancing_UniformShifting_1.ply,RpManuelAnimated001Dancing.ply,4.15625,4.1851398809523825
LS-PCQA,4,fusion_46,RpManuelAnimated001Dancing_UniformShifting_2.ply,RpManuelAnimated001Dancing.ply,4.07142857142857,3.937660714285715
LS-PCQA,4,fusion_46,RpManuelAnimated001Dancing_UniformShifting_3.ply,RpManuelAnimated001Dancing.ply,2.89285714285714,3.2469613095238072
LS-PCQA,4,fusion_46,RpManuelAnimated001Dancing_UniformShifting_4.ply,RpManuelAnimated001Dancing.ply,2.46875,2.978443452380952
LS-PCQA,4,fusion_46,RpManuelAnimated001Dancing_UniformShifting_5.ply,RpManuelAnimated001Dancing.ply,2.2,2.859267857142857
LS-PCQA,4,fusion_46,Shark_HighFrequencyNoise_3.ply,Shark.ply,3.86666666666667,3.7125922619047644
LS-PCQA,4,fusion_46,Shark_HighFrequencyNoise_4.ply,Shark.ply,3.5,3.6018005952380956
LS-PCQA,4,fusion_46,Shark_HighFrequencyNoise_5.ply,Shark.ply,3.46428571428571,3.4929404761904768
LS-PCQA,4,fusion_46,Shark_HighFrequencyNoise_6.ply,Shark.ply,3.14285714285714,3.171455357142857
LS-PCQA,4,fusion_46,Shark_HighFrequencyNoise_7.ply,Shark.ply,2.67857142857143,3.107723214285715
LS-PCQA,4,fusion_46,soldier_DownSample_3.ply,soldier.ply,4.17857142857143,4.193907738095237
LS-PCQA,4,fusion_46,soldier_DownSample_4.ply,soldier.ply,3.92857142857143,4.035809523809522
LS-PCQA,4,fusion_46,soldier_DownSample_5.ply,soldier.ply,3.64285714285714,3.803824404761904
LS-PCQA,4,fusion_46,soldier_DownSample_6.ply,soldier.ply,3.0625,3.534428571428571
LS-PCQA,4,fusion_46,soldier_DownSample_7.ply,soldier.ply,2.39285714285714,3.014511904761904
LS-PCQA,4,fusion_46,soldier_LumaNoise_1.ply,soldier.ply,4.06666666666667,4.383541666666664
LS-PCQA,4,fusion_46,soldier_LumaNoise_3.ply,soldier.ply,3.21875,3.1876398809523794
LS-PCQA,4,fusion_46,soldier_LumaNoise_4.ply,soldier.ply,3.09375,3.003062499999999
LS-PCQA,4,fusion_46,soldier_LumaNoise_5.ply,soldier.ply,3.1875,2.8264880952380933
LS-PCQA,4,fusion_46,soldier_LumaNoise_7.ply,soldier.ply,2.35714285714286,2.1423511904761923
LS-PCQA,4,fusion_46,SpiderMonkey_C2AI-lossy-geom-lossy-attrs_3.ply,SpiderMonkey.ply,4.96428571428571,4.065092261904763
LS-PCQA,4,fusion_46,SpiderMonkey_C2AI-lossy-geom-lossy-attrs_4.ply,SpiderMonkey.ply,4.5625,3.888113095238095
LS-PCQA,4,fusion_46,SpiderMonkey_C2AI-lossy-geom-lossy-attrs_5.ply,SpiderMonkey.ply,4.0,3.673142857142855
LS-PCQA,4,fusion_46,SpiderMonkey_C2AI-lossy-geom-lossy-attrs_6.ply,SpiderMonkey.ply,3.46428571428571,3.3242767857142854
LS-PCQA,4,fusion_46,SpiderMonkey_C2AI-lossy-geom-lossy-attrs_7.ply,SpiderMonkey.ply,3.0,2.820910714285715
LS-PCQA,4,fusion_46,SpiderMonkey_LocalLoss_1.ply,SpiderMonkey.ply,3.82142857142857,3.6695416666666656
LS-PCQA,4,fusion_46,SpiderMonkey_LocalLoss_2.ply,SpiderMonkey.ply,3.60714285714286,2.949401785714285
LS-PCQA,4,fusion_46,SpiderMonkey_LocalLoss_3.ply,SpiderMonkey.ply,2.53125,2.5649434523809522
LS-PCQA,4,fusion_46,SpiderMonkey_LocalLoss_4.ply,SpiderMonkey.ply,2.3,2.2897589285714286
LS-PCQA,4,fusion_46,SpiderMonkey_LocalLoss_5.ply,SpiderMonkey.ply,2.21428571428571,1.91401488095238
LS-PCQA,4,fusion_46,TibetanFox_LocalLoss_1.ply,TibetanFox.ply,2.75,4.0923273809523835
LS-PCQA,4,fusion_46,TibetanFox_LocalLoss_2.ply,TibetanFox.ply,2.53571428571429,3.256327380952381
LS-PCQA,4,fusion_46,TibetanFox_LocalLoss_3.ply,TibetanFox.ply,1.75,2.7865952380952375
LS-PCQA,4,fusion_46,TibetanFox_LocalLoss_4.ply,TibetanFox.ply,2.0,2.3535386904761904
LS-PCQA,4,fusion_46,TibetanFox_LocalLoss_5.ply,TibetanFox.ply,2.07142857142857,2.0121309523809514
