source_dataset,target_dataset,SIGNAL,REF,y_true,y_pred
APSIPA,ICIP2023,p03_geocnn_r01.ply,p03.ply,2.53448275862069,2.3047500000000003
APSIPA,ICIP2023,p03_geocnn_r02.ply,p03.ply,2.96551724137931,2.499500000000001
APSIPA,ICIP2023,p03_geocnn_r03.ply,p03.ply,3.65573770491803,2.7430000000000003
APSIPA,ICIP2023,p03_geocnn_r04.ply,p03.ply,3.44262295081967,2.889500000000001
APSIPA,ICIP2023,p03_gpcc-octree-predlift_r02.ply,p03.ply,1.54098360655738,1.0929999999999995
APSIPA,ICIP2023,p03_gpcc-octree-predlift_r03.ply,p03.ply,3.10344827586207,2.059
APSIPA,ICIP2023,p03_gpcc-octree-predlift_r04.ply,p03.ply,4.08474576271186,3.2105
APSIPA,ICIP2023,p03_gpcc-octree-predlift_r05.ply,p03.ply,3.98333333333333,4.057500000000001
APSIPA,ICIP2023,p03_gpcc-octree-predlift_r06.ply,p03.ply,4.31666666666667,4.55325
APSIPA,ICIP2023,p03_gpcc-octree-raht_r02.ply,p03.ply,1.57627118644068,1.0964999999999996
APSIPA,ICIP2023,p03_gpcc-octree-raht_r03.ply,p03.ply,2.88524590163934,1.8924999999999996
APSIPA,ICIP2023,p03_gpcc-octree-raht_r04.ply,p03.ply,3.85483870967742,3.084500000000001
APSIPA,ICIP2023,p03_gpcc-octree-raht_r05.ply,p03.ply,4.29310344827586,3.7065000000000015
APSIPA,ICIP2023,p03_gpcc-octree-raht_r06.ply,p03.ply,4.53333333333333,4.3782499999999995
APSIPA,ICIP2023,p03_vpcc_r00.ply,p03.ply,2.22033898305085,1.2832500000000002
APSIPA,ICIP2023,p03_vpcc_r01.ply,p03.ply,2.90322580645161,1.4299999999999997
APSIPA,ICIP2023,p03_vpcc_r02.ply,p03.ply,2.98305084745763,1.7617500000000001
APSIPA,ICIP2023,p03_vpcc_r03.ply,p03.ply,3.55,2.028
APSIPA,ICIP2023,p03_vpcc_r04.ply,p03.ply,3.52542372881356,2.2102500000000003
APSIPA,ICIP2023,p03_vpcc_r05.ply,p03.ply,3.77586206896552,2.4995000000000003
APSIPA,ICIP2023,p06_geocnn_r01.ply,p06.ply,2.44262295081967,2.3360000000000016
APSIPA,ICIP2023,p06_geocnn_r02.ply,p06.ply,3.8,2.4647500000000004
APSIPA,ICIP2023,p06_geocnn_r03.ply,p06.ply,4.06666666666667,2.634500000000001
APSIPA,ICIP2023,p06_geocnn_r04.ply,p06.ply,4.32786885245902,2.980250000000002
APSIPA,ICIP2023,p06_gpcc-octree-predlift_r02.ply,p06.ply,1.89655172413793,1.0442500000000001
APSIPA,ICIP2023,p06_gpcc-octree-predlift_r03.ply,p06.ply,2.86440677966102,1.3417500000000004
APSIPA,ICIP2023,p06_gpcc-octree-predlift_r04.ply,p06.ply,3.70689655172414,2.1230000000000007
APSIPA,ICIP2023,p06_gpcc-octree-predlift_r05.ply,p06.ply,4.21311475409836,2.9977500000000017
APSIPA,ICIP2023,p06_gpcc-octree-predlift_r06.ply,p06.ply,4.46666666666667,3.8889999999999993
APSIPA,ICIP2023,p06_gpcc-octree-raht_r02.ply,p06.ply,1.89830508474576,1.04775
APSIPA,ICIP2023,p06_gpcc-octree-raht_r03.ply,p06.ply,2.47540983606557,1.3132500000000003
APSIPA,ICIP2023,p06_gpcc-octree-raht_r04.ply,p06.ply,3.43548387096774,1.894000000000001
APSIPA,ICIP2023,p06_gpcc-octree-raht_r05.ply,p06.ply,3.95,2.739250000000002
APSIPA,ICIP2023,p06_gpcc-octree-raht_r06.ply,p06.ply,4.26229508196721,3.535
APSIPA,ICIP2023,p06_vpcc_r00.ply,p06.ply,2.35593220338983,1.1115000000000008
APSIPA,ICIP2023,p06_vpcc_r01.ply,p06.ply,2.8,1.2332500000000004
APSIPA,ICIP2023,p06_vpcc_r02.ply,p06.ply,3.08620689655172,1.3172500000000003
APSIPA,ICIP2023,p06_vpcc_r03.ply,p06.ply,3.16666666666667,1.5765000000000002
APSIPA,ICIP2023,p06_vpcc_r04.ply,p06.ply,3.66101694915254,1.8585000000000014
APSIPA,ICIP2023,p06_vpcc_r05.ply,p06.ply,4.0327868852459,2.280750000000001
APSIPA,ICIP2023,p08_geocnn_r01.ply,p08.ply,2.40983606557377,2.2400000000000007
APSIPA,ICIP2023,p08_geocnn_r02.ply,p08.ply,3.66666666666667,2.4282500000000007
APSIPA,ICIP2023,p08_geocnn_r03.ply,p08.ply,4.16393442622951,2.7917500000000013
APSIPA,ICIP2023,p08_geocnn_r04.ply,p08.ply,4.04838709677419,3.018750000000001
APSIPA,ICIP2023,p08_gpcc-octree-predlift_r02.ply,p08.ply,1.62068965517241,1.0582499999999997
APSIPA,ICIP2023,p08_gpcc-octree-predlift_r03.ply,p08.ply,2.94915254237288,1.5185
APSIPA,ICIP2023,p08_gpcc-octree-predlift_r04.ply,p08.ply,3.77966101694915,2.3462500000000013
APSIPA,ICIP2023,p08_gpcc-octree-predlift_r05.ply,p08.ply,4.2,3.1005000000000007
APSIPA,ICIP2023,p08_gpcc-octree-predlift_r06.ply,p08.ply,4.39344262295082,4.017750000000001
APSIPA,ICIP2023,p08_gpcc-octree-raht_r02.ply,p08.ply,1.37931034482759,1.0534999999999999
APSIPA,ICIP2023,p08_gpcc-octree-raht_r03.ply,p08.ply,2.6551724137931,1.4565000000000003
APSIPA,ICIP2023,p08_gpcc-octree-raht_r04.ply,p08.ply,3.22950819672131,1.9907500000000011
APSIPA,ICIP2023,p08_gpcc-octree-raht_r05.ply,p08.ply,4.13114754098361,2.878500000000001
APSIPA,ICIP2023,p08_gpcc-octree-raht_r06.ply,p08.ply,4.40677966101695,3.6492500000000003
APSIPA,ICIP2023,p08_vpcc_r00.ply,p08.ply,1.87931034482759,1.1697500000000005
APSIPA,ICIP2023,p08_vpcc_r01.ply,p08.ply,2.62068965517241,1.3025
APSIPA,ICIP2023,p08_vpcc_r02.ply,p08.ply,3.17741935483871,1.4665000000000004
APSIPA,ICIP2023,p08_vpcc_r03.ply,p08.ply,3.4,1.745
APSIPA,ICIP2023,p08_vpcc_r04.ply,p08.ply,3.38709677419355,2.058250000000001
APSIPA,ICIP2023,p08_vpcc_r05.ply,p08.ply,3.91666666666667,2.394000000000001
APSIPA,ICIP2023,p09_geocnn_r01.ply,p09.ply,2.0327868852459,2.5867500000000008
APSIPA,ICIP2023,p09_geocnn_r02.ply,p09.ply,3.32786885245902,2.9842500000000007
APSIPA,ICIP2023,p09_geocnn_r03.ply,p09.ply,4.01666666666667,3.3177500000000015
APSIPA,ICIP2023,p09_geocnn_r04.ply,p09.ply,3.51666666666667,3.3345000000000002
APSIPA,ICIP2023,p09_gpcc-octree-predlift_r02.ply,p09.ply,1.48333333333333,1.1714999999999995
APSIPA,ICIP2023,p09_gpcc-octree-predlift_r03.ply,p09.ply,2.50819672131148,2.216250000000001
APSIPA,ICIP2023,p09_gpcc-octree-predlift_r04.ply,p09.ply,3.88524590163934,3.387499999999999
APSIPA,ICIP2023,p09_gpcc-octree-predlift_r05.ply,p09.ply,4.40350877192982,3.82925
APSIPA,ICIP2023,p09_gpcc-octree-predlift_r06.ply,p09.ply,4.43548387096774,4.3725
APSIPA,ICIP2023,p09_gpcc-octree-raht_r02.ply,p09.ply,1.37704918032787,1.1604999999999999
APSIPA,ICIP2023,p09_gpcc-octree-raht_r03.ply,p09.ply,2.26666666666667,2.031
APSIPA,ICIP2023,p09_gpcc-octree-raht_r04.ply,p09.ply,3.79310344827586,3.1590000000000003
APSIPA,ICIP2023,p09_gpcc-octree-raht_r05.ply,p09.ply,4.27868852459016,3.7784999999999997
APSIPA,ICIP2023,p09_gpcc-octree-raht_r06.ply,p09.ply,4.57377049180328,3.8994999999999997
APSIPA,ICIP2023,p09_vpcc_r00.ply,p09.ply,1.6271186440678,1.4712500000000006
APSIPA,ICIP2023,p09_vpcc_r01.ply,p09.ply,2.27118644067797,1.9167500000000006
APSIPA,ICIP2023,p09_vpcc_r02.ply,p09.ply,2.56666666666667,2.1822500000000007
APSIPA,ICIP2023,p09_vpcc_r03.ply,p09.ply,2.77049180327869,2.5290000000000004
APSIPA,ICIP2023,p09_vpcc_r04.ply,p09.ply,3.52459016393443,2.7597499999999995
APSIPA,ICIP2023,p09_vpcc_r05.ply,p09.ply,3.38709677419355,3.2555000000000005
APSIPA,ICIP2023,p10_geocnn_r01.ply,p10.ply,2.80327868852459,2.7502499999999994
APSIPA,ICIP2023,p10_geocnn_r02.ply,p10.ply,3.66101694915254,3.1515000000000013
APSIPA,ICIP2023,p10_geocnn_r03.ply,p10.ply,3.93220338983051,3.378750000000002
APSIPA,ICIP2023,p10_geocnn_r04.ply,p10.ply,4.0,3.73125
APSIPA,ICIP2023,p10_gpcc-octree-predlift_r02.ply,p10.ply,1.73770491803279,1.1429999999999998
APSIPA,ICIP2023,p10_gpcc-octree-predlift_r03.ply,p10.ply,3.26229508196721,1.9337500000000005
APSIPA,ICIP2023,p10_gpcc-octree-predlift_r04.ply,p10.ply,4.11475409836066,3.3149999999999995
APSIPA,ICIP2023,p10_gpcc-octree-predlift_r05.ply,p10.ply,4.45762711864407,3.7857499999999993
APSIPA,ICIP2023,p10_gpcc-octree-predlift_r06.ply,p10.ply,4.49180327868853,4.31425
APSIPA,ICIP2023,p10_gpcc-octree-raht_r02.ply,p10.ply,1.74576271186441,1.1219999999999997
APSIPA,ICIP2023,p10_gpcc-octree-raht_r03.ply,p10.ply,2.7,1.8760000000000008
APSIPA,ICIP2023,p10_gpcc-octree-raht_r04.ply,p10.ply,3.93333333333333,3.0025000000000017
APSIPA,ICIP2023,p10_gpcc-octree-raht_r05.ply,p10.ply,4.24590163934426,3.703249999999999
APSIPA,ICIP2023,p10_gpcc-octree-raht_r06.ply,p10.ply,4.48333333333333,3.8332500000000005
APSIPA,ICIP2023,p10_vpcc_r00.ply,p10.ply,2.25,1.5535000000000003
APSIPA,ICIP2023,p10_vpcc_r01.ply,p10.ply,2.69354838709677,1.8462500000000006
APSIPA,ICIP2023,p10_vpcc_r02.ply,p10.ply,2.91666666666667,2.1560000000000015
APSIPA,ICIP2023,p10_vpcc_r03.ply,p10.ply,3.33898305084746,2.4682500000000016
APSIPA,ICIP2023,p10_vpcc_r04.ply,p10.ply,3.85,2.8415000000000004
APSIPA,ICIP2023,p10_vpcc_r05.ply,p10.ply,3.66101694915254,3.2545000000000006
APSIPA,ICIP2023,p11_geocnn_r01.ply,p11.ply,3.85245901639344,3.8469999999999995
APSIPA,ICIP2023,p11_geocnn_r02.ply,p11.ply,4.50847457627119,3.8987499999999993
APSIPA,ICIP2023,p11_geocnn_r03.ply,p11.ply,4.50847457627119,4.217250000000002
APSIPA,ICIP2023,p11_geocnn_r04.ply,p11.ply,4.53333333333333,4.336500000000004
APSIPA,ICIP2023,p11_gpcc-octree-predlift_r02.ply,p11.ply,1.2741935483871,1.0354999999999996
APSIPA,ICIP2023,p11_gpcc-octree-predlift_r03.ply,p11.ply,2.55737704918033,1.3874999999999997
APSIPA,ICIP2023,p11_gpcc-octree-predlift_r04.ply,p11.ply,3.88135593220339,2.49875
APSIPA,ICIP2023,p11_gpcc-octree-predlift_r05.ply,p11.ply,4.31147540983607,2.9892500000000006
APSIPA,ICIP2023,p11_gpcc-octree-predlift_r06.ply,p11.ply,4.58333333333333,4.036999999999999
APSIPA,ICIP2023,p11_gpcc-octree-raht_r02.ply,p11.ply,1.34426229508197,1.0324999999999998
APSIPA,ICIP2023,p11_gpcc-octree-raht_r03.ply,p11.ply,2.26666666666667,1.3364999999999998
APSIPA,ICIP2023,p11_gpcc-octree-raht_r04.ply,p11.ply,3.5,2.3132500000000005
APSIPA,ICIP2023,p11_gpcc-octree-raht_r05.ply,p11.ply,4.18032786885246,2.9090000000000003
APSIPA,ICIP2023,p11_gpcc-octree-raht_r06.ply,p11.ply,4.65,3.5787499999999994
APSIPA,ICIP2023,p11_vpcc_r00.ply,p11.ply,1.50819672131148,1.2232500000000008
APSIPA,ICIP2023,p11_vpcc_r01.ply,p11.ply,2.36666666666667,1.6685000000000005
APSIPA,ICIP2023,p11_vpcc_r02.ply,p11.ply,3.04918032786885,2.145500000000002
APSIPA,ICIP2023,p11_vpcc_r03.ply,p11.ply,3.96551724137931,2.7457500000000015
APSIPA,ICIP2023,p11_vpcc_r04.ply,p11.ply,4.52459016393443,3.256749999999999
APSIPA,ICIP2023,p11_vpcc_r05.ply,p11.ply,4.73333333333333,3.928749999999999
APSIPA,ICIP2023,p13_geocnn_r01.ply,p13.ply,4.34426229508197,3.850249999999999
APSIPA,ICIP2023,p13_geocnn_r02.ply,p13.ply,4.73684210526316,3.9539999999999975
APSIPA,ICIP2023,p13_geocnn_r03.ply,p13.ply,4.40322580645161,4.1575
APSIPA,ICIP2023,p13_geocnn_r04.ply,p13.ply,4.73770491803279,4.27475
APSIPA,ICIP2023,p13_gpcc-octree-predlift_r02.ply,p13.ply,1.20689655172414,1.0882499999999997
APSIPA,ICIP2023,p13_gpcc-octree-predlift_r03.ply,p13.ply,2.8135593220339,1.5562500000000004
APSIPA,ICIP2023,p13_gpcc-octree-predlift_r04.ply,p13.ply,4.19354838709677,2.6717500000000003
APSIPA,ICIP2023,p13_gpcc-octree-predlift_r05.ply,p13.ply,4.3,3.2925000000000013
APSIPA,ICIP2023,p13_gpcc-octree-predlift_r06.ply,p13.ply,4.64516129032258,3.8997499999999996
APSIPA,ICIP2023,p13_gpcc-octree-raht_r02.ply,p13.ply,1.39344262295082,1.0937499999999993
APSIPA,ICIP2023,p13_gpcc-octree-raht_r03.ply,p13.ply,2.09836065573771,1.4717500000000003
APSIPA,ICIP2023,p13_gpcc-octree-raht_r04.ply,p13.ply,3.68852459016394,2.5655
APSIPA,ICIP2023,p13_gpcc-octree-raht_r05.ply,p13.ply,4.24590163934426,3.1460000000000004
APSIPA,ICIP2023,p13_gpcc-octree-raht_r06.ply,p13.ply,4.58620689655172,3.7394999999999987
APSIPA,ICIP2023,p13_vpcc_r00.ply,p13.ply,2.09677419354839,1.3707500000000012
APSIPA,ICIP2023,p13_vpcc_r01.ply,p13.ply,2.69354838709677,2.1735000000000015
APSIPA,ICIP2023,p13_vpcc_r02.ply,p13.ply,3.68852459016394,2.7467500000000014
APSIPA,ICIP2023,p13_vpcc_r03.ply,p13.ply,4.08620689655172,3.237999999999998
APSIPA,ICIP2023,p13_vpcc_r04.ply,p13.ply,4.57377049180328,3.4440000000000004
APSIPA,ICIP2023,p13_vpcc_r05.ply,p13.ply,4.70491803278689,3.5220000000000002
APSIPA,ICIP2023,p14_geocnn_r01.ply,p14.ply,4.0,3.89175
APSIPA,ICIP2023,p14_geocnn_r02.ply,p14.ply,4.37704918032787,3.972249999999998
APSIPA,ICIP2023,p14_geocnn_r03.ply,p14.ply,4.36065573770492,4.231749999999999
APSIPA,ICIP2023,p14_geocnn_r04.ply,p14.ply,4.66101694915254,4.367750000000001
APSIPA,ICIP2023,p14_gpcc-octree-predlift_r02.ply,p14.ply,1.6,1.1049999999999998
APSIPA,ICIP2023,p14_gpcc-octree-predlift_r03.ply,p14.ply,2.70491803278689,1.6097500000000011
APSIPA,ICIP2023,p14_gpcc-octree-predlift_r04.ply,p14.ply,4.28333333333333,2.7505000000000006
APSIPA,ICIP2023,p14_gpcc-octree-predlift_r05.ply,p14.ply,4.41379310344828,3.4665000000000004
APSIPA,ICIP2023,p14_gpcc-octree-predlift_r06.ply,p14.ply,4.67213114754098,3.7387500000000005
APSIPA,ICIP2023,p14_gpcc-octree-raht_r02.ply,p14.ply,1.21311475409836,1.1032499999999996
APSIPA,ICIP2023,p14_gpcc-octree-raht_r03.ply,p14.ply,2.2258064516129,1.5972500000000007
APSIPA,ICIP2023,p14_gpcc-octree-raht_r04.ply,p14.ply,4.01612903225806,2.53175
APSIPA,ICIP2023,p14_gpcc-octree-raht_r05.ply,p14.ply,4.40983606557377,3.43725
APSIPA,ICIP2023,p14_gpcc-octree-raht_r06.ply,p14.ply,4.6271186440678,3.6085000000000003
APSIPA,ICIP2023,p14_vpcc_r00.ply,p14.ply,2.01612903225806,1.4017500000000012
APSIPA,ICIP2023,p14_vpcc_r01.ply,p14.ply,2.88135593220339,2.152000000000001
APSIPA,ICIP2023,p14_vpcc_r02.ply,p14.ply,4.0327868852459,2.835500000000002
APSIPA,ICIP2023,p14_vpcc_r03.ply,p14.ply,4.50847457627119,3.2572499999999978
APSIPA,ICIP2023,p14_vpcc_r04.ply,p14.ply,4.59016393442623,3.4420000000000006
APSIPA,ICIP2023,p14_vpcc_r05.ply,p14.ply,4.68333333333333,3.6075
APSIPA,ICIP2023,p15_geocnn_r01.ply,p15.ply,3.8,3.8452499999999996
APSIPA,ICIP2023,p15_geocnn_r02.ply,p15.ply,4.20689655172414,3.8979999999999984
APSIPA,ICIP2023,p15_geocnn_r03.ply,p15.ply,4.42372881355932,4.2075000000000005
APSIPA,ICIP2023,p15_geocnn_r04.ply,p15.ply,4.61904761904762,4.318000000000002
APSIPA,ICIP2023,p15_gpcc-octree-predlift_r02.ply,p15.ply,1.27868852459016,1.0439999999999994
APSIPA,ICIP2023,p15_gpcc-octree-predlift_r03.ply,p15.ply,2.69491525423729,1.41425
APSIPA,ICIP2023,p15_gpcc-octree-predlift_r04.ply,p15.ply,3.78333333333333,2.363
APSIPA,ICIP2023,p15_gpcc-octree-predlift_r05.ply,p15.ply,4.13559322033898,3.0635000000000012
APSIPA,ICIP2023,p15_gpcc-octree-predlift_r06.ply,p15.ply,4.33333333333333,3.4830000000000005
APSIPA,ICIP2023,p15_gpcc-octree-raht_r02.ply,p15.ply,1.12068965517241,1.0489999999999995
APSIPA,ICIP2023,p15_gpcc-octree-raht_r03.ply,p15.ply,2.0,1.3867500000000001
APSIPA,ICIP2023,p15_gpcc-octree-raht_r04.ply,p15.ply,3.79310344827586,2.2235
APSIPA,ICIP2023,p15_gpcc-octree-raht_r05.ply,p15.ply,4.21666666666667,2.91975
APSIPA,ICIP2023,p15_gpcc-octree-raht_r06.ply,p15.ply,4.34426229508197,3.4992500000000013
APSIPA,ICIP2023,p15_vpcc_r00.ply,p15.ply,1.81666666666667,1.2972500000000005
APSIPA,ICIP2023,p15_vpcc_r01.ply,p15.ply,2.54098360655738,1.5810000000000013
APSIPA,ICIP2023,p15_vpcc_r02.ply,p15.ply,3.36507936507937,2.144750000000003
APSIPA,ICIP2023,p15_vpcc_r03.ply,p15.ply,3.88333333333333,2.7267500000000013
APSIPA,ICIP2023,p15_vpcc_r04.ply,p15.ply,4.51612903225806,3.12025
APSIPA,ICIP2023,p15_vpcc_r05.ply,p15.ply,4.47540983606557,3.39475
APSIPA,ICIP2023,p20_geocnn_r01.ply,p20.ply,3.75,3.201
APSIPA,ICIP2023,p20_geocnn_r02.ply,p20.ply,4.30645161290323,3.4934999999999996
APSIPA,ICIP2023,p20_geocnn_r03.ply,p20.ply,4.41666666666667,3.626250000000001
APSIPA,ICIP2023,p20_geocnn_r04.ply,p20.ply,4.42372881355932,3.7362499999999987
APSIPA,ICIP2023,p20_gpcc-octree-predlift_r02.ply,p20.ply,1.72881355932203,1.0082499999999996
APSIPA,ICIP2023,p20_gpcc-octree-predlift_r03.ply,p20.ply,2.58064516129032,1.1697499999999996
APSIPA,ICIP2023,p20_gpcc-octree-predlift_r04.ply,p20.ply,3.94915254237288,1.908500000000001
APSIPA,ICIP2023,p20_gpcc-octree-predlift_r05.ply,p20.ply,4.45161290322581,2.66925
APSIPA,ICIP2023,p20_gpcc-octree-predlift_r06.ply,p20.ply,4.54237288135593,3.843250000000002
APSIPA,ICIP2023,p20_gpcc-octree-raht_r02.ply,p20.ply,1.5,1.0082499999999996
APSIPA,ICIP2023,p20_gpcc-octree-raht_r03.ply,p20.ply,2.66666666666667,1.1594999999999995
APSIPA,ICIP2023,p20_gpcc-octree-raht_r04.ply,p20.ply,3.76271186440678,1.7435000000000005
APSIPA,ICIP2023,p20_gpcc-octree-raht_r05.ply,p20.ply,4.36065573770492,2.6485
APSIPA,ICIP2023,p20_gpcc-octree-raht_r06.ply,p20.ply,4.58333333333333,3.5390000000000015
APSIPA,ICIP2023,p20_vpcc_r00.ply,p20.ply,2.08064516129032,1.0825000000000002
APSIPA,ICIP2023,p20_vpcc_r01.ply,p20.ply,2.42622950819672,1.1995000000000007
APSIPA,ICIP2023,p20_vpcc_r02.ply,p20.ply,3.04918032786885,1.7797500000000008
APSIPA,ICIP2023,p20_vpcc_r03.ply,p20.ply,3.63333333333333,2.162750000000002
APSIPA,ICIP2023,p20_vpcc_r04.ply,p20.ply,4.13333333333333,2.949
APSIPA,ICIP2023,p20_vpcc_r05.ply,p20.ply,4.66101694915254,3.6459999999999986
APSIPA,ICIP2023,p21_geocnn_r01.ply,p21.ply,4.0,3.7967500000000003
APSIPA,ICIP2023,p21_geocnn_r02.ply,p21.ply,4.39344262295082,3.8837499999999987
APSIPA,ICIP2023,p21_geocnn_r03.ply,p21.ply,4.4406779661017,4.182999999999999
APSIPA,ICIP2023,p21_geocnn_r04.ply,p21.ply,4.72413793103448,4.389000000000003
APSIPA,ICIP2023,p21_gpcc-octree-predlift_r02.ply,p21.ply,1.80327868852459,1.1342499999999993
APSIPA,ICIP2023,p21_gpcc-octree-predlift_r03.ply,p21.ply,2.75806451612903,1.5575000000000008
APSIPA,ICIP2023,p21_gpcc-octree-predlift_r04.ply,p21.ply,4.26666666666667,2.791250000000001
APSIPA,ICIP2023,p21_gpcc-octree-predlift_r05.ply,p21.ply,4.57377049180328,3.553
APSIPA,ICIP2023,p21_gpcc-octree-predlift_r06.ply,p21.ply,4.7,3.8587500000000006
APSIPA,ICIP2023,p21_gpcc-octree-raht_r02.ply,p21.ply,1.75409836065574,1.1407499999999995
APSIPA,ICIP2023,p21_gpcc-octree-raht_r03.ply,p21.ply,2.98275862068966,1.5430000000000004
APSIPA,ICIP2023,p21_gpcc-octree-raht_r04.ply,p21.ply,3.9,2.5865000000000005
APSIPA,ICIP2023,p21_gpcc-octree-raht_r05.ply,p21.ply,4.52542372881356,3.4635
APSIPA,ICIP2023,p21_gpcc-octree-raht_r06.ply,p21.ply,4.71666666666667,3.716500000000001
APSIPA,ICIP2023,p21_vpcc_r00.ply,p21.ply,2.3728813559322,1.3040000000000007
APSIPA,ICIP2023,p21_vpcc_r01.ply,p21.ply,3.01639344262295,1.6625000000000008
APSIPA,ICIP2023,p21_vpcc_r02.ply,p21.ply,3.58620689655172,2.2675000000000023
APSIPA,ICIP2023,p21_vpcc_r03.ply,p21.ply,4.21666666666667,2.8650000000000015
APSIPA,ICIP2023,p21_vpcc_r04.ply,p21.ply,4.71666666666667,3.231999999999999
APSIPA,ICIP2023,p21_vpcc_r05.ply,p21.ply,4.78688524590164,3.466
APSIPA,ICIP2023,p22_geocnn_r01.ply,p22.ply,3.91525423728814,3.48475
APSIPA,ICIP2023,p22_geocnn_r02.ply,p22.ply,4.6,3.7502500000000007
APSIPA,ICIP2023,p22_geocnn_r03.ply,p22.ply,4.71666666666667,3.887750000000001
APSIPA,ICIP2023,p22_geocnn_r04.ply,p22.ply,4.79310344827586,4.072250000000001
APSIPA,ICIP2023,p22_gpcc-octree-predlift_r02.ply,p22.ply,1.53448275862069,1.0227499999999994
APSIPA,ICIP2023,p22_gpcc-octree-predlift_r03.ply,p22.ply,3.09677419354839,1.3467499999999994
APSIPA,ICIP2023,p22_gpcc-octree-predlift_r04.ply,p22.ply,4.45,2.28825
APSIPA,ICIP2023,p22_gpcc-octree-predlift_r05.ply,p22.ply,4.56896551724138,3.247999999999999
APSIPA,ICIP2023,p22_gpcc-octree-predlift_r06.ply,p22.ply,4.70689655172414,4.049749999999998
APSIPA,ICIP2023,p22_gpcc-octree-raht_r02.ply,p22.ply,1.4,1.0197499999999997
APSIPA,ICIP2023,p22_gpcc-octree-raht_r03.ply,p22.ply,2.63934426229508,1.2904999999999995
APSIPA,ICIP2023,p22_gpcc-octree-raht_r04.ply,p22.ply,4.41379310344828,2.1325000000000007
APSIPA,ICIP2023,p22_gpcc-octree-raht_r05.ply,p22.ply,4.59016393442623,3.152749999999998
APSIPA,ICIP2023,p22_gpcc-octree-raht_r06.ply,p22.ply,4.66129032258065,3.9167499999999986
APSIPA,ICIP2023,p22_vpcc_r00.ply,p22.ply,2.03333333333333,1.109750000000001
APSIPA,ICIP2023,p22_vpcc_r01.ply,p22.ply,2.72131147540984,1.2797500000000006
APSIPA,ICIP2023,p22_vpcc_r02.ply,p22.ply,3.73333333333333,2.0267500000000016
APSIPA,ICIP2023,p22_vpcc_r03.ply,p22.ply,4.6,2.6130000000000013
APSIPA,ICIP2023,p22_vpcc_r04.ply,p22.ply,4.7,3.53675
APSIPA,ICIP2023,p22_vpcc_r05.ply,p22.ply,4.66129032258065,3.769249999999999
APSIPA,ICIP2023,p23_geocnn_r01.ply,p23.ply,4.15,3.6849999999999983
APSIPA,ICIP2023,p23_geocnn_r02.ply,p23.ply,4.62295081967213,3.9419999999999984
APSIPA,ICIP2023,p23_geocnn_r03.ply,p23.ply,4.42622950819672,4.22275
APSIPA,ICIP2023,p23_geocnn_r04.ply,p23.ply,4.77966101694915,4.297750000000001
APSIPA,ICIP2023,p23_gpcc-octree-predlift_r02.ply,p23.ply,2.22033898305085,1.0620000000000003
APSIPA,ICIP2023,p23_gpcc-octree-predlift_r03.ply,p23.ply,3.3728813559322,1.6392500000000003
APSIPA,ICIP2023,p23_gpcc-octree-predlift_r04.ply,p23.ply,4.60655737704918,3.1002500000000004
APSIPA,ICIP2023,p23_gpcc-octree-predlift_r05.ply,p23.ply,4.70491803278689,3.747999999999998
APSIPA,ICIP2023,p23_gpcc-octree-predlift_r06.ply,p23.ply,4.57377049180328,4.2565
APSIPA,ICIP2023,p23_gpcc-octree-raht_r02.ply,p23.ply,1.72131147540984,1.0397500000000002
APSIPA,ICIP2023,p23_gpcc-octree-raht_r03.ply,p23.ply,3.16949152542373,1.5330000000000006
APSIPA,ICIP2023,p23_gpcc-octree-raht_r04.ply,p23.ply,4.53448275862069,2.878499999999999
APSIPA,ICIP2023,p23_gpcc-octree-raht_r05.ply,p23.ply,4.60655737704918,3.6417499999999974
APSIPA,ICIP2023,p23_gpcc-octree-raht_r06.ply,p23.ply,4.74193548387097,4.239750000000002
APSIPA,ICIP2023,p23_vpcc_r00.ply,p23.ply,2.41666666666667,1.4752500000000008
APSIPA,ICIP2023,p23_vpcc_r01.ply,p23.ply,3.32758620689655,1.777000000000002
APSIPA,ICIP2023,p23_vpcc_r02.ply,p23.ply,3.95,2.555
APSIPA,ICIP2023,p23_vpcc_r03.ply,p23.ply,4.36065573770492,3.0727499999999996
APSIPA,ICIP2023,p23_vpcc_r04.ply,p23.ply,4.77049180327869,3.8249999999999975
APSIPA,ICIP2023,p23_vpcc_r05.ply,p23.ply,4.49180327868853,3.9874999999999985
APSIPA,ICIP2023,p24_geocnn_r01.ply,p24.ply,4.23728813559322,3.764500000000002
APSIPA,ICIP2023,p24_geocnn_r02.ply,p24.ply,4.55737704918033,3.977500000000002
APSIPA,ICIP2023,p24_geocnn_r03.ply,p24.ply,4.55932203389831,4.0455000000000005
APSIPA,ICIP2023,p24_geocnn_r04.ply,p24.ply,4.65573770491803,4.319000000000001
APSIPA,ICIP2023,p24_gpcc-octree-predlift_r02.ply,p24.ply,1.57377049180328,1.0639999999999998
APSIPA,ICIP2023,p24_gpcc-octree-predlift_r03.ply,p24.ply,2.91666666666667,1.4915000000000003
APSIPA,ICIP2023,p24_gpcc-octree-predlift_r04.ply,p24.ply,4.16393442622951,2.8455
APSIPA,ICIP2023,p24_gpcc-octree-predlift_r05.ply,p24.ply,4.52459016393443,3.6684999999999985
APSIPA,ICIP2023,p24_gpcc-octree-predlift_r06.ply,p24.ply,4.55737704918033,4.481249999999999
APSIPA,ICIP2023,p24_gpcc-octree-raht_r02.ply,p24.ply,1.35,1.0374999999999996
APSIPA,ICIP2023,p24_gpcc-octree-raht_r03.ply,p24.ply,2.44262295081967,1.4297499999999996
APSIPA,ICIP2023,p24_gpcc-octree-raht_r04.ply,p24.ply,3.72131147540984,2.518750000000001
APSIPA,ICIP2023,p24_gpcc-octree-raht_r05.ply,p24.ply,4.4,3.4802499999999985
APSIPA,ICIP2023,p24_gpcc-octree-raht_r06.ply,p24.ply,4.65573770491803,4.254999999999999
APSIPA,ICIP2023,p24_vpcc_r00.ply,p24.ply,1.80327868852459,1.2280000000000006
APSIPA,ICIP2023,p24_vpcc_r01.ply,p24.ply,2.41666666666667,1.496750000000001
APSIPA,ICIP2023,p24_vpcc_r02.ply,p24.ply,3.06779661016949,1.8097500000000013
APSIPA,ICIP2023,p24_vpcc_r03.ply,p24.ply,4.12068965517241,2.627250000000002
APSIPA,ICIP2023,p24_vpcc_r04.ply,p24.ply,4.4,3.1242499999999995
APSIPA,ICIP2023,p24_vpcc_r05.ply,p24.ply,4.58333333333333,3.9529999999999976
APSIPA,ICIP2023,p25_geocnn_r01.ply,p25.ply,4.40983606557377,3.882999999999999
APSIPA,ICIP2023,p25_geocnn_r02.ply,p25.ply,4.55737704918033,3.9249999999999985
APSIPA,ICIP2023,p25_geocnn_r03.ply,p25.ply,4.72131147540984,4.067249999999998
APSIPA,ICIP2023,p25_geocnn_r04.ply,p25.ply,4.62903225806452,4.2757499999999995
APSIPA,ICIP2023,p25_gpcc-octree-predlift_r02.ply,p25.ply,1.65573770491803,1.0852500000000003
APSIPA,ICIP2023,p25_gpcc-octree-predlift_r03.ply,p25.ply,3.04918032786885,1.4465000000000001
APSIPA,ICIP2023,p25_gpcc-octree-predlift_r04.ply,p25.ply,4.27586206896552,2.9127500000000004
APSIPA,ICIP2023,p25_gpcc-octree-predlift_r05.ply,p25.ply,4.55,3.6039999999999988
APSIPA,ICIP2023,p25_gpcc-octree-predlift_r06.ply,p25.ply,4.70967741935484,4.325000000000001
APSIPA,ICIP2023,p25_gpcc-octree-raht_r02.ply,p25.ply,1.56666666666667,1.1052499999999998
APSIPA,ICIP2023,p25_gpcc-octree-raht_r03.ply,p25.ply,2.70491803278689,1.4074999999999998
APSIPA,ICIP2023,p25_gpcc-octree-raht_r04.ply,p25.ply,4.0,2.672750000000001
APSIPA,ICIP2023,p25_gpcc-octree-raht_r05.ply,p25.ply,4.48333333333333,3.543999999999999
APSIPA,ICIP2023,p25_gpcc-octree-raht_r06.ply,p25.ply,4.81967213114754,3.9485
APSIPA,ICIP2023,p25_vpcc_r00.ply,p25.ply,2.05172413793103,1.1620000000000004
APSIPA,ICIP2023,p25_vpcc_r01.ply,p25.ply,2.60344827586207,1.4157500000000007
APSIPA,ICIP2023,p25_vpcc_r02.ply,p25.ply,3.40983606557377,2.0280000000000014
APSIPA,ICIP2023,p25_vpcc_r03.ply,p25.ply,4.29310344827586,2.6870000000000016
APSIPA,ICIP2023,p25_vpcc_r04.ply,p25.ply,4.63333333333333,3.158749999999998
APSIPA,ICIP2023,p25_vpcc_r05.ply,p25.ply,4.68852459016394,3.76375
APSIPA,ICIP2023,p26_geocnn_r01.ply,p26.ply,3.49152542372881,3.258999999999999
APSIPA,ICIP2023,p26_geocnn_r02.ply,p26.ply,3.76666666666667,3.5550000000000006
APSIPA,ICIP2023,p26_geocnn_r03.ply,p26.ply,4.01639344262295,3.6777499999999996
APSIPA,ICIP2023,p26_geocnn_r04.ply,p26.ply,4.2741935483871,3.8932500000000005
APSIPA,ICIP2023,p26_gpcc-octree-predlift_r02.ply,p26.ply,1.33333333333333,1.0247499999999992
APSIPA,ICIP2023,p26_gpcc-octree-predlift_r03.ply,p26.ply,2.67796610169492,1.2322499999999992
APSIPA,ICIP2023,p26_gpcc-octree-predlift_r04.ply,p26.ply,4.11475409836066,2.3412499999999996
APSIPA,ICIP2023,p26_gpcc-octree-predlift_r05.ply,p26.ply,4.42372881355932,3.242750000000001
APSIPA,ICIP2023,p26_gpcc-octree-predlift_r06.ply,p26.ply,4.60344827586207,3.6765000000000008
APSIPA,ICIP2023,p26_gpcc-octree-raht_r02.ply,p26.ply,1.13793103448276,1.0347499999999992
APSIPA,ICIP2023,p26_gpcc-octree-raht_r03.ply,p26.ply,2.04918032786885,1.274499999999999
APSIPA,ICIP2023,p26_gpcc-octree-raht_r04.ply,p26.ply,3.91666666666667,2.0100000000000007
APSIPA,ICIP2023,p26_gpcc-octree-raht_r05.ply,p26.ply,4.53333333333333,3.1752500000000015
APSIPA,ICIP2023,p26_gpcc-octree-raht_r06.ply,p26.ply,4.55,3.5100000000000016
APSIPA,ICIP2023,p26_vpcc_r00.ply,p26.ply,1.88524590163934,1.1635000000000009
APSIPA,ICIP2023,p26_vpcc_r01.ply,p26.ply,2.9344262295082,1.3167500000000003
APSIPA,ICIP2023,p26_vpcc_r02.ply,p26.ply,3.48333333333333,1.9337500000000016
APSIPA,ICIP2023,p26_vpcc_r03.ply,p26.ply,4.13114754098361,2.417250000000003
APSIPA,ICIP2023,p26_vpcc_r04.ply,p26.ply,4.61666666666667,3.1442499999999978
APSIPA,ICIP2023,p26_vpcc_r05.ply,p26.ply,4.63793103448276,3.7579999999999996
APSIPA,ICIP2023,p27_geocnn_r01.ply,p27.ply,3.51666666666667,2.8937500000000007
APSIPA,ICIP2023,p27_geocnn_r02.ply,p27.ply,4.45901639344262,3.05425
APSIPA,ICIP2023,p27_geocnn_r03.ply,p27.ply,4.44827586206897,3.173999999999999
APSIPA,ICIP2023,p27_geocnn_r04.ply,p27.ply,4.62295081967213,3.51125
APSIPA,ICIP2023,p27_gpcc-octree-predlift_r02.ply,p27.ply,1.38983050847458,1.00825
APSIPA,ICIP2023,p27_gpcc-octree-predlift_r03.ply,p27.ply,3.12903225806452,1.2145000000000001
APSIPA,ICIP2023,p27_gpcc-octree-predlift_r04.ply,p27.ply,4.39655172413793,1.9495000000000007
APSIPA,ICIP2023,p27_gpcc-octree-predlift_r05.ply,p27.ply,4.49152542372881,2.578750000000001
APSIPA,ICIP2023,p27_gpcc-octree-predlift_r06.ply,p27.ply,4.51666666666667,3.4692500000000006
APSIPA,ICIP2023,p27_gpcc-octree-raht_r02.ply,p27.ply,1.22033898305085,1.0077500000000001
APSIPA,ICIP2023,p27_gpcc-octree-raht_r03.ply,p27.ply,2.88135593220339,1.203
APSIPA,ICIP2023,p27_gpcc-octree-raht_r04.ply,p27.ply,3.87931034482759,1.9412500000000008
APSIPA,ICIP2023,p27_gpcc-octree-raht_r05.ply,p27.ply,4.64516129032258,2.5457500000000004
APSIPA,ICIP2023,p27_gpcc-octree-raht_r06.ply,p27.ply,4.56666666666667,3.337750000000002
APSIPA,ICIP2023,p27_vpcc_r00.ply,p27.ply,2.71186440677966,1.3555000000000004
APSIPA,ICIP2023,p27_vpcc_r01.ply,p27.ply,3.38333333333333,1.7530000000000012
APSIPA,ICIP2023,p27_vpcc_r02.ply,p27.ply,3.9016393442623,2.167250000000002
APSIPA,ICIP2023,p27_vpcc_r03.ply,p27.ply,4.41379310344828,2.758999999999999
APSIPA,ICIP2023,p27_vpcc_r04.ply,p27.ply,4.59677419354839,3.005
APSIPA,ICIP2023,p27_vpcc_r05.ply,p27.ply,4.57627118644068,3.607499999999999
APSIPA,ICIP2023,p28_geocnn_r01.ply,p28.ply,4.0327868852459,3.61575
APSIPA,ICIP2023,p28_geocnn_r02.ply,p28.ply,4.38333333333333,3.7272499999999984
APSIPA,ICIP2023,p28_geocnn_r03.ply,p28.ply,4.56666666666667,3.8434999999999984
APSIPA,ICIP2023,p28_geocnn_r04.ply,p28.ply,4.65,3.9659999999999997
APSIPA,ICIP2023,p28_gpcc-octree-predlift_r02.ply,p28.ply,1.33898305084746,1.007
APSIPA,ICIP2023,p28_gpcc-octree-predlift_r03.ply,p28.ply,3.21311475409836,1.349
APSIPA,ICIP2023,p28_gpcc-octree-predlift_r04.ply,p28.ply,4.33898305084746,2.346000000000001
APSIPA,ICIP2023,p28_gpcc-octree-predlift_r05.ply,p28.ply,4.67741935483871,3.4292499999999984
APSIPA,ICIP2023,p28_gpcc-octree-predlift_r06.ply,p28.ply,4.75409836065574,4.14325
APSIPA,ICIP2023,p28_gpcc-octree-raht_r02.ply,p28.ply,1.26666666666667,1.0085
APSIPA,ICIP2023,p28_gpcc-octree-raht_r03.ply,p28.ply,2.98305084745763,1.33075
APSIPA,ICIP2023,p28_gpcc-octree-raht_r04.ply,p28.ply,4.36065573770492,2.2657500000000015
APSIPA,ICIP2023,p28_gpcc-octree-raht_r05.ply,p28.ply,4.58333333333333,3.4162499999999976
APSIPA,ICIP2023,p28_gpcc-octree-raht_r06.ply,p28.ply,4.76666666666667,4.049250000000002
APSIPA,ICIP2023,p28_vpcc_r00.ply,p28.ply,2.83870967741936,1.0797500000000007
APSIPA,ICIP2023,p28_vpcc_r01.ply,p28.ply,3.32203389830508,1.2537500000000004
APSIPA,ICIP2023,p28_vpcc_r02.ply,p28.ply,3.86206896551724,1.8125000000000002
APSIPA,ICIP2023,p28_vpcc_r03.ply,p28.ply,4.69491525423729,2.541750000000003
APSIPA,ICIP2023,p28_vpcc_r04.ply,p28.ply,4.7,3.5297500000000004
APSIPA,ICIP2023,p28_vpcc_r05.ply,p28.ply,4.78333333333333,3.8042499999999984
APSIPA,ICIP2023,p33_geocnn_r01.ply,p33.ply,2.26666666666667,3.0612500000000007
APSIPA,ICIP2023,p33_geocnn_r02.ply,p33.ply,3.01666666666667,3.3385
APSIPA,ICIP2023,p33_geocnn_r03.ply,p33.ply,3.7,3.7072499999999993
APSIPA,ICIP2023,p33_geocnn_r04.ply,p33.ply,4.34426229508197,3.8919999999999986
APSIPA,ICIP2023,p33_gpcc-octree-predlift_r02.ply,p33.ply,1.48333333333333,1.01775
APSIPA,ICIP2023,p33_gpcc-octree-predlift_r03.ply,p33.ply,2.70967741935484,1.2157499999999997
APSIPA,ICIP2023,p33_gpcc-octree-predlift_r04.ply,p33.ply,3.89830508474576,1.9810000000000016
APSIPA,ICIP2023,p33_gpcc-octree-predlift_r05.ply,p33.ply,4.23728813559322,2.6890000000000005
APSIPA,ICIP2023,p33_gpcc-octree-predlift_r06.ply,p33.ply,4.29508196721312,3.648000000000003
APSIPA,ICIP2023,p33_gpcc-octree-raht_r02.ply,p33.ply,1.65,1.01775
APSIPA,ICIP2023,p33_gpcc-octree-raht_r03.ply,p33.ply,2.51724137931034,1.1964999999999995
APSIPA,ICIP2023,p33_gpcc-octree-raht_r04.ply,p33.ply,3.63333333333333,1.9455000000000016
APSIPA,ICIP2023,p33_gpcc-octree-raht_r05.ply,p33.ply,3.98275862068966,2.6670000000000003
APSIPA,ICIP2023,p33_gpcc-octree-raht_r06.ply,p33.ply,4.33898305084746,3.6492500000000025
APSIPA,ICIP2023,p33_vpcc_r00.ply,p33.ply,1.85,1.2232500000000008
APSIPA,ICIP2023,p33_vpcc_r01.ply,p33.ply,2.03333333333333,1.5382500000000008
APSIPA,ICIP2023,p33_vpcc_r02.ply,p33.ply,2.55,1.903750000000001
APSIPA,ICIP2023,p33_vpcc_r03.ply,p33.ply,2.53448275862069,2.457250000000002
APSIPA,ICIP2023,p33_vpcc_r04.ply,p33.ply,2.62068965517241,2.7557500000000004
APSIPA,ICIP2023,p33_vpcc_r05.ply,p33.ply,3.2258064516129,3.150249999999998
APSIPA,ICIP2023,p35_geocnn_r01.ply,p35.ply,3.81666666666667,3.43725
APSIPA,ICIP2023,p35_geocnn_r02.ply,p35.ply,4.39344262295082,3.7844999999999995
APSIPA,ICIP2023,p35_geocnn_r03.ply,p35.ply,4.47457627118644,3.994999999999999
APSIPA,ICIP2023,p35_geocnn_r04.ply,p35.ply,4.72413793103448,4.152000000000002
APSIPA,ICIP2023,p35_gpcc-octree-predlift_r02.ply,p35.ply,1.45,1.01075
APSIPA,ICIP2023,p35_gpcc-octree-predlift_r03.ply,p35.ply,3.04918032786885,1.2925
APSIPA,ICIP2023,p35_gpcc-octree-predlift_r04.ply,p35.ply,4.25862068965517,2.4010000000000007
APSIPA,ICIP2023,p35_gpcc-octree-predlift_r05.ply,p35.ply,4.55172413793104,2.944000000000001
APSIPA,ICIP2023,p35_gpcc-octree-predlift_r06.ply,p35.ply,4.78333333333333,3.5955
APSIPA,ICIP2023,p35_gpcc-octree-raht_r02.ply,p35.ply,1.48275862068966,1.00825
APSIPA,ICIP2023,p35_gpcc-octree-raht_r03.ply,p35.ply,2.28333333333333,1.2547499999999998
APSIPA,ICIP2023,p35_gpcc-octree-raht_r04.ply,p35.ply,4.13559322033898,2.1980000000000013
APSIPA,ICIP2023,p35_gpcc-octree-raht_r05.ply,p35.ply,4.69491525423729,2.8205000000000013
APSIPA,ICIP2023,p35_gpcc-octree-raht_r06.ply,p35.ply,4.77966101694915,3.5042500000000003
APSIPA,ICIP2023,p35_vpcc_r00.ply,p35.ply,1.98360655737705,1.2195
APSIPA,ICIP2023,p35_vpcc_r01.ply,p35.ply,2.7741935483871,1.4347500000000009
APSIPA,ICIP2023,p35_vpcc_r02.ply,p35.ply,3.57377049180328,2.0337500000000013
APSIPA,ICIP2023,p35_vpcc_r03.ply,p35.ply,3.77049180327869,2.3085000000000018
APSIPA,ICIP2023,p35_vpcc_r04.ply,p35.ply,4.13333333333333,2.644500000000002
APSIPA,ICIP2023,p35_vpcc_r05.ply,p35.ply,4.63333333333333,3.10675
APSIPA,ICIP2023,p36_geocnn_r01.ply,p36.ply,3.47457627118644,2.2914999999999996
APSIPA,ICIP2023,p36_geocnn_r02.ply,p36.ply,4.23728813559322,2.5185000000000013
APSIPA,ICIP2023,p36_geocnn_r03.ply,p36.ply,4.50819672131148,2.8915000000000015
APSIPA,ICIP2023,p36_geocnn_r04.ply,p36.ply,4.59016393442623,3.130750000000001
APSIPA,ICIP2023,p36_gpcc-octree-predlift_r02.ply,p36.ply,1.72131147540984,1.1919999999999993
APSIPA,ICIP2023,p36_gpcc-octree-predlift_r03.ply,p36.ply,4.06896551724138,2.004750000000001
APSIPA,ICIP2023,p36_gpcc-octree-predlift_r04.ply,p36.ply,4.55172413793104,3.74675
APSIPA,ICIP2023,p36_gpcc-octree-predlift_r05.ply,p36.ply,4.59016393442623,4.3972500000000005
APSIPA,ICIP2023,p36_gpcc-octree-predlift_r06.ply,p36.ply,4.7741935483871,4.708250000000003
APSIPA,ICIP2023,p36_gpcc-octree-raht_r02.ply,p36.ply,1.53448275862069,1.1787499999999995
APSIPA,ICIP2023,p36_gpcc-octree-raht_r03.ply,p36.ply,3.52459016393443,1.7379999999999998
APSIPA,ICIP2023,p36_gpcc-octree-raht_r04.ply,p36.ply,4.32203389830509,3.442500000000001
APSIPA,ICIP2023,p36_gpcc-octree-raht_r05.ply,p36.ply,4.60655737704918,4.314000000000001
APSIPA,ICIP2023,p36_gpcc-octree-raht_r06.ply,p36.ply,4.48333333333333,4.641250000000002
APSIPA,ICIP2023,p36_vpcc_r00.ply,p36.ply,2.34920634920635,1.29775
APSIPA,ICIP2023,p36_vpcc_r01.ply,p36.ply,2.91666666666667,1.391000000000001
APSIPA,ICIP2023,p36_vpcc_r02.ply,p36.ply,3.65573770491803,1.7347500000000011
APSIPA,ICIP2023,p36_vpcc_r03.ply,p36.ply,4.06779661016949,2.046
APSIPA,ICIP2023,p36_vpcc_r04.ply,p36.ply,4.21666666666667,2.459250000000001
APSIPA,ICIP2023,p36_vpcc_r05.ply,p36.ply,4.37931034482759,2.948500000000001
APSIPA,ICIP2023,p40_geocnn_r01.ply,p40.ply,4.27118644067797,3.752999999999999
APSIPA,ICIP2023,p40_geocnn_r02.ply,p40.ply,4.47540983606557,3.942500000000001
APSIPA,ICIP2023,p40_geocnn_r03.ply,p40.ply,4.6140350877193,4.086500000000002
APSIPA,ICIP2023,p40_geocnn_r04.ply,p40.ply,4.56666666666667,4.263000000000002
APSIPA,ICIP2023,p40_gpcc-octree-predlift_r02.ply,p40.ply,1.60655737704918,1.06425
APSIPA,ICIP2023,p40_gpcc-octree-predlift_r03.ply,p40.ply,3.06896551724138,1.455
APSIPA,ICIP2023,p40_gpcc-octree-predlift_r04.ply,p40.ply,4.55932203389831,2.65375
APSIPA,ICIP2023,p40_gpcc-octree-predlift_r05.ply,p40.ply,4.58730158730159,3.4790000000000014
APSIPA,ICIP2023,p40_gpcc-octree-predlift_r06.ply,p40.ply,4.43333333333333,4.0794999999999995
APSIPA,ICIP2023,p40_gpcc-octree-raht_r02.ply,p40.ply,1.27118644067797,1.07725
APSIPA,ICIP2023,p40_gpcc-octree-raht_r03.ply,p40.ply,2.84745762711864,1.399
APSIPA,ICIP2023,p40_gpcc-octree-raht_r04.ply,p40.ply,4.37931034482759,2.371500000000001
APSIPA,ICIP2023,p40_gpcc-octree-raht_r05.ply,p40.ply,4.62295081967213,3.305750000000002
APSIPA,ICIP2023,p40_gpcc-octree-raht_r06.ply,p40.ply,4.67213114754098,3.482000000000002
APSIPA,ICIP2023,p40_vpcc_r00.ply,p40.ply,1.72131147540984,1.4982499999999999
APSIPA,ICIP2023,p40_vpcc_r01.ply,p40.ply,2.70967741935484,2.011250000000001
APSIPA,ICIP2023,p40_vpcc_r02.ply,p40.ply,4.20967741935484,2.6477500000000007
APSIPA,ICIP2023,p40_vpcc_r03.ply,p40.ply,4.44262295081967,3.356499999999999
APSIPA,ICIP2023,p40_vpcc_r04.ply,p40.ply,4.45901639344262,3.934
APSIPA,ICIP2023,p40_vpcc_r05.ply,p40.ply,4.57377049180328,4.13575
APSIPA,ICIP2023,p41_geocnn_r01.ply,p41.ply,4.22950819672131,3.8147499999999983
APSIPA,ICIP2023,p41_geocnn_r02.ply,p41.ply,4.45614035087719,3.918749999999999
APSIPA,ICIP2023,p41_geocnn_r03.ply,p41.ply,4.68852459016394,4.089749999999998
APSIPA,ICIP2023,p41_geocnn_r04.ply,p41.ply,4.69354838709677,4.369250000000001
APSIPA,ICIP2023,p41_gpcc-octree-predlift_r02.ply,p41.ply,1.40677966101695,1.0832499999999994
APSIPA,ICIP2023,p41_gpcc-octree-predlift_r03.ply,p41.ply,3.10344827586207,1.66025
APSIPA,ICIP2023,p41_gpcc-octree-predlift_r04.ply,p41.ply,4.40983606557377,3.102500000000002
APSIPA,ICIP2023,p41_gpcc-octree-predlift_r05.ply,p41.ply,4.35,3.8999999999999972
APSIPA,ICIP2023,p41_gpcc-octree-predlift_r06.ply,p41.ply,4.8,4.462500000000003
APSIPA,ICIP2023,p41_gpcc-octree-raht_r02.ply,p41.ply,1.43103448275862,1.0882499999999993
APSIPA,ICIP2023,p41_gpcc-octree-raht_r03.ply,p41.ply,2.83333333333333,1.4755
APSIPA,ICIP2023,p41_gpcc-octree-raht_r04.ply,p41.ply,4.33333333333333,3.0010000000000012
APSIPA,ICIP2023,p41_gpcc-octree-raht_r05.ply,p41.ply,4.63934426229508,3.781999999999998
APSIPA,ICIP2023,p41_gpcc-octree-raht_r06.ply,p41.ply,4.75438596491228,4.353250000000002
APSIPA,ICIP2023,p41_vpcc_r00.ply,p41.ply,2.1551724137931,1.4395000000000007
APSIPA,ICIP2023,p41_vpcc_r01.ply,p41.ply,3.13559322033898,1.678500000000001
APSIPA,ICIP2023,p41_vpcc_r02.ply,p41.ply,3.91803278688525,2.386
APSIPA,ICIP2023,p41_vpcc_r03.ply,p41.ply,4.37096774193548,3.0212499999999993
APSIPA,ICIP2023,p41_vpcc_r04.ply,p41.ply,4.55737704918033,3.5764999999999976
APSIPA,ICIP2023,p41_vpcc_r05.ply,p41.ply,4.51666666666667,3.7347499999999987
APSIPA,ICIP2023,p43_geocnn_r01.ply,p43.ply,4.43103448275862,3.784749999999998
APSIPA,ICIP2023,p43_geocnn_r02.ply,p43.ply,4.55172413793104,3.90125
APSIPA,ICIP2023,p43_geocnn_r03.ply,p43.ply,4.71186440677966,4.105749999999999
APSIPA,ICIP2023,p43_geocnn_r04.ply,p43.ply,4.81967213114754,4.22875
APSIPA,ICIP2023,p43_gpcc-octree-predlift_r02.ply,p43.ply,2.1,1.0367499999999998
APSIPA,ICIP2023,p43_gpcc-octree-predlift_r03.ply,p43.ply,3.5,1.3865000000000003
APSIPA,ICIP2023,p43_gpcc-octree-predlift_r04.ply,p43.ply,4.10169491525424,2.429500000000001
APSIPA,ICIP2023,p43_gpcc-octree-predlift_r05.ply,p43.ply,4.62903225806452,3.015000000000002
APSIPA,ICIP2023,p43_gpcc-octree-predlift_r06.ply,p43.ply,4.67741935483871,3.4345000000000017
APSIPA,ICIP2023,p43_gpcc-octree-raht_r02.ply,p43.ply,1.4406779661017,1.0642499999999993
APSIPA,ICIP2023,p43_gpcc-octree-raht_r03.ply,p43.ply,3.45614035087719,1.3657499999999998
APSIPA,ICIP2023,p43_gpcc-octree-raht_r04.ply,p43.ply,4.21666666666667,2.3140000000000005
APSIPA,ICIP2023,p43_gpcc-octree-raht_r05.ply,p43.ply,4.61016949152542,2.90575
APSIPA,ICIP2023,p43_gpcc-octree-raht_r06.ply,p43.ply,4.73770491803279,3.1892500000000026
APSIPA,ICIP2023,p43_vpcc_r00.ply,p43.ply,2.63492063492064,1.5995000000000001
APSIPA,ICIP2023,p43_vpcc_r01.ply,p43.ply,3.66666666666667,1.9940000000000015
APSIPA,ICIP2023,p43_vpcc_r02.ply,p43.ply,3.9672131147541,2.347500000000002
APSIPA,ICIP2023,p43_vpcc_r03.ply,p43.ply,4.40677966101695,2.7480000000000007
APSIPA,ICIP2023,p43_vpcc_r04.ply,p43.ply,4.68333333333333,3.0199999999999996
APSIPA,ICIP2023,p43_vpcc_r05.ply,p43.ply,4.63934426229508,3.373250000000001
APSIPA,ICIP2023,p44_geocnn_r01.ply,p44.ply,3.83333333333333,3.1299999999999994
APSIPA,ICIP2023,p44_geocnn_r02.ply,p44.ply,4.30508474576271,3.623749999999999
APSIPA,ICIP2023,p44_geocnn_r03.ply,p44.ply,4.37704918032787,3.81425
APSIPA,ICIP2023,p44_geocnn_r04.ply,p44.ply,4.55737704918033,3.9629999999999996
APSIPA,ICIP2023,p44_gpcc-octree-predlift_r02.ply,p44.ply,1.88524590163934,1.0367500000000003
APSIPA,ICIP2023,p44_gpcc-octree-predlift_r03.ply,p44.ply,3.26666666666667,1.3542500000000004
APSIPA,ICIP2023,p44_gpcc-octree-predlift_r04.ply,p44.ply,4.2741935483871,2.5157500000000015
APSIPA,ICIP2023,p44_gpcc-octree-predlift_r05.ply,p44.ply,4.63793103448276,3.3439999999999994
APSIPA,ICIP2023,p44_gpcc-octree-predlift_r06.ply,p44.ply,4.71666666666667,4.171250000000001
APSIPA,ICIP2023,p44_gpcc-octree-raht_r02.ply,p44.ply,1.32758620689655,1.01475
APSIPA,ICIP2023,p44_gpcc-octree-raht_r03.ply,p44.ply,2.80327868852459,1.32525
APSIPA,ICIP2023,p44_gpcc-octree-raht_r04.ply,p44.ply,4.19672131147541,2.4697500000000012
APSIPA,ICIP2023,p44_gpcc-octree-raht_r05.ply,p44.ply,4.45901639344262,3.2742500000000003
APSIPA,ICIP2023,p44_gpcc-octree-raht_r06.ply,p44.ply,4.48333333333333,4.004749999999999
APSIPA,ICIP2023,p44_vpcc_r00.ply,p44.ply,2.23333333333333,1.4112500000000008
APSIPA,ICIP2023,p44_vpcc_r01.ply,p44.ply,3.18032786885246,1.6572500000000008
APSIPA,ICIP2023,p44_vpcc_r02.ply,p44.ply,3.72131147540984,2.168500000000002
APSIPA,ICIP2023,p44_vpcc_r03.ply,p44.ply,4.35,2.7950000000000004
APSIPA,ICIP2023,p44_vpcc_r04.ply,p44.ply,4.55,3.080499999999999
APSIPA,ICIP2023,p44_vpcc_r05.ply,p44.ply,4.53225806451613,3.341999999999999
APSIPA,ICIP2023,p45_geocnn_r01.ply,p45.ply,3.45901639344262,3.8929999999999967
APSIPA,ICIP2023,p45_geocnn_r02.ply,p45.ply,4.0327868852459,3.934999999999998
APSIPA,ICIP2023,p45_geocnn_r03.ply,p45.ply,4.18032786885246,3.993249999999999
APSIPA,ICIP2023,p45_geocnn_r04.ply,p45.ply,4.48333333333333,4.2010000000000005
APSIPA,ICIP2023,p45_gpcc-octree-predlift_r02.ply,p45.ply,1.40677966101695,1.0482500000000001
APSIPA,ICIP2023,p45_gpcc-octree-predlift_r03.ply,p45.ply,2.74193548387097,1.6422500000000002
APSIPA,ICIP2023,p45_gpcc-octree-predlift_r04.ply,p45.ply,4.12903225806452,3.143750000000001
APSIPA,ICIP2023,p45_gpcc-octree-predlift_r05.ply,p45.ply,4.5,4.007999999999997
APSIPA,ICIP2023,p45_gpcc-octree-predlift_r06.ply,p45.ply,3.91525423728814,4.104749999999998
APSIPA,ICIP2023,p45_gpcc-octree-raht_r02.ply,p45.ply,1.42857142857143,1.0339999999999998
APSIPA,ICIP2023,p45_gpcc-octree-raht_r03.ply,p45.ply,2.58333333333333,1.5604999999999998
APSIPA,ICIP2023,p45_gpcc-octree-raht_r04.ply,p45.ply,4.33333333333333,2.8052500000000014
APSIPA,ICIP2023,p45_gpcc-octree-raht_r05.ply,p45.ply,4.66666666666667,3.8242499999999997
APSIPA,ICIP2023,p45_gpcc-octree-raht_r06.ply,p45.ply,4.63333333333333,4.175249999999999
APSIPA,ICIP2023,p45_vpcc_r00.ply,p45.ply,2.33898305084746,1.4425000000000006
APSIPA,ICIP2023,p45_vpcc_r01.ply,p45.ply,3.56666666666667,1.970250000000002
APSIPA,ICIP2023,p45_vpcc_r02.ply,p45.ply,4.3859649122807,2.3407500000000017
APSIPA,ICIP2023,p45_vpcc_r03.ply,p45.ply,4.5,3.11425
APSIPA,ICIP2023,p45_vpcc_r04.ply,p45.ply,4.39655172413793,3.7007499999999993
APSIPA,ICIP2023,p45_vpcc_r05.ply,p45.ply,4.57377049180328,3.8082500000000006
APSIPA,ICIP2023,p46_geocnn_r01.ply,p46.ply,4.09677419354839,3.953999999999997
APSIPA,ICIP2023,p46_geocnn_r02.ply,p46.ply,4.29508196721312,4.138
APSIPA,ICIP2023,p46_geocnn_r03.ply,p46.ply,4.55737704918033,4.257500000000003
APSIPA,ICIP2023,p46_geocnn_r04.ply,p46.ply,4.53225806451613,4.351250000000002
APSIPA,ICIP2023,p46_gpcc-octree-predlift_r02.ply,p46.ply,2.39344262295082,1.0974999999999995
APSIPA,ICIP2023,p46_gpcc-octree-predlift_r03.ply,p46.ply,3.47457627118644,1.9092500000000003
APSIPA,ICIP2023,p46_gpcc-octree-predlift_r04.ply,p46.ply,4.25,2.9079999999999995
APSIPA,ICIP2023,p46_gpcc-octree-predlift_r05.ply,p46.ply,4.41666666666667,3.45625
APSIPA,ICIP2023,p46_gpcc-octree-predlift_r06.ply,p46.ply,4.56896551724138,3.8632500000000003
APSIPA,ICIP2023,p46_gpcc-octree-raht_r02.ply,p46.ply,2.06779661016949,1.1007499999999997
APSIPA,ICIP2023,p46_gpcc-octree-raht_r03.ply,p46.ply,3.56666666666667,1.8185
APSIPA,ICIP2023,p46_gpcc-octree-raht_r04.ply,p46.ply,4.08196721311475,2.8907499999999997
APSIPA,ICIP2023,p46_gpcc-octree-raht_r05.ply,p46.ply,4.49122807017544,3.460749999999999
APSIPA,ICIP2023,p46_gpcc-octree-raht_r06.ply,p46.ply,4.45901639344262,3.7720000000000002
APSIPA,ICIP2023,p46_vpcc_r00.ply,p46.ply,2.88135593220339,1.5572500000000007
APSIPA,ICIP2023,p46_vpcc_r01.ply,p46.ply,3.16393442622951,1.9325
APSIPA,ICIP2023,p46_vpcc_r02.ply,p46.ply,3.43333333333333,2.66175
APSIPA,ICIP2023,p46_vpcc_r03.ply,p46.ply,3.68333333333333,3.0479999999999996
APSIPA,ICIP2023,p46_vpcc_r04.ply,p46.ply,3.89830508474576,3.2239999999999993
APSIPA,ICIP2023,p46_vpcc_r05.ply,p46.ply,4.41666666666667,3.648249999999999
APSIPA,ICIP2023,p48_geocnn_r01.ply,p48.ply,3.91935483870968,3.6750000000000007
APSIPA,ICIP2023,p48_geocnn_r02.ply,p48.ply,4.38333333333333,4.034249999999999
APSIPA,ICIP2023,p48_geocnn_r03.ply,p48.ply,4.5,4.297500000000003
APSIPA,ICIP2023,p48_geocnn_r04.ply,p48.ply,4.6,4.404750000000002
APSIPA,ICIP2023,p48_gpcc-octree-predlift_r02.ply,p48.ply,1.55172413793103,1.0499999999999994
APSIPA,ICIP2023,p48_gpcc-octree-predlift_r03.ply,p48.ply,3.48333333333333,1.5537499999999995
APSIPA,ICIP2023,p48_gpcc-octree-predlift_r04.ply,p48.ply,4.24590163934426,2.4842500000000003
APSIPA,ICIP2023,p48_gpcc-octree-predlift_r05.ply,p48.ply,4.45,3.4452499999999993
APSIPA,ICIP2023,p48_gpcc-octree-predlift_r06.ply,p48.ply,4.66129032258065,4.246749999999999
APSIPA,ICIP2023,p48_gpcc-octree-raht_r02.ply,p48.ply,1.60655737704918,1.0297499999999997
APSIPA,ICIP2023,p48_gpcc-octree-raht_r03.ply,p48.ply,3.16949152542373,1.4445
APSIPA,ICIP2023,p48_gpcc-octree-raht_r04.ply,p48.ply,4.18333333333333,2.3480000000000008
APSIPA,ICIP2023,p48_gpcc-octree-raht_r05.ply,p48.ply,4.41666666666667,3.353749999999999
APSIPA,ICIP2023,p48_gpcc-octree-raht_r06.ply,p48.ply,4.51666666666667,4.158749999999999
APSIPA,ICIP2023,p48_vpcc_r00.ply,p48.ply,1.86440677966102,1.3185000000000002
APSIPA,ICIP2023,p48_vpcc_r01.ply,p48.ply,2.83050847457627,1.5150000000000003
APSIPA,ICIP2023,p48_vpcc_r02.ply,p48.ply,3.29508196721311,2.0285000000000006
APSIPA,ICIP2023,p48_vpcc_r03.ply,p48.ply,3.84745762711864,2.6207499999999997
APSIPA,ICIP2023,p48_vpcc_r04.ply,p48.ply,4.13114754098361,3.12475
APSIPA,ICIP2023,p48_vpcc_r05.ply,p48.ply,4.48387096774194,3.8069999999999995
APSIPA,ICIP2023,p49_geocnn_r01.ply,p49.ply,3.43333333333333,3.891000000000001
APSIPA,ICIP2023,p49_geocnn_r02.ply,p49.ply,4.14754098360656,4.3900000000000015
APSIPA,ICIP2023,p49_geocnn_r03.ply,p49.ply,3.98333333333333,4.476000000000001
APSIPA,ICIP2023,p49_geocnn_r04.ply,p49.ply,4.52459016393443,4.47975
APSIPA,ICIP2023,p49_gpcc-octree-predlift_r02.ply,p49.ply,1.48333333333333,1.1815000000000004
APSIPA,ICIP2023,p49_gpcc-octree-predlift_r03.ply,p49.ply,2.72131147540984,2.006750000000001
APSIPA,ICIP2023,p49_gpcc-octree-predlift_r04.ply,p49.ply,3.85,3.4357500000000005
APSIPA,ICIP2023,p49_gpcc-octree-predlift_r05.ply,p49.ply,4.49180327868853,4.105749999999998
APSIPA,ICIP2023,p49_gpcc-octree-predlift_r06.ply,p49.ply,4.52542372881356,4.2505000000000015
APSIPA,ICIP2023,p49_gpcc-octree-raht_r02.ply,p49.ply,1.63333333333333,1.0862500000000004
APSIPA,ICIP2023,p49_gpcc-octree-raht_r03.ply,p49.ply,2.64516129032258,1.8282500000000004
APSIPA,ICIP2023,p49_gpcc-octree-raht_r04.ply,p49.ply,3.73770491803279,3.032
APSIPA,ICIP2023,p49_gpcc-octree-raht_r05.ply,p49.ply,4.31147540983607,3.7955000000000005
APSIPA,ICIP2023,p49_gpcc-octree-raht_r06.ply,p49.ply,4.38983050847458,4.211500000000001
APSIPA,ICIP2023,p49_vpcc_r00.ply,p49.ply,1.91935483870968,1.7957500000000008
APSIPA,ICIP2023,p49_vpcc_r01.ply,p49.ply,2.75806451612903,2.2777500000000015
APSIPA,ICIP2023,p49_vpcc_r02.ply,p49.ply,3.69491525423729,2.7147500000000013
APSIPA,ICIP2023,p49_vpcc_r03.ply,p49.ply,4.13333333333333,3.6085
APSIPA,ICIP2023,p49_vpcc_r04.ply,p49.ply,4.50819672131148,4.133750000000001
APSIPA,ICIP2023,p49_vpcc_r05.ply,p49.ply,4.36666666666667,4.3475
APSIPA,ICIP2023,p50_geocnn_r01.ply,p50.ply,4.32758620689655,3.6345
APSIPA,ICIP2023,p50_geocnn_r02.ply,p50.ply,4.61016949152542,3.7629999999999995
APSIPA,ICIP2023,p50_geocnn_r03.ply,p50.ply,4.58064516129032,4.013249999999998
APSIPA,ICIP2023,p50_geocnn_r04.ply,p50.ply,4.77777777777778,4.192000000000001
APSIPA,ICIP2023,p50_gpcc-octree-predlift_r02.ply,p50.ply,1.76666666666667,1.0257499999999993
APSIPA,ICIP2023,p50_gpcc-octree-predlift_r03.ply,p50.ply,3.11475409836066,1.3985000000000005
APSIPA,ICIP2023,p50_gpcc-octree-predlift_r04.ply,p50.ply,3.9344262295082,2.6297500000000014
APSIPA,ICIP2023,p50_gpcc-octree-predlift_r05.ply,p50.ply,4.33333333333333,3.5182500000000005
APSIPA,ICIP2023,p50_gpcc-octree-predlift_r06.ply,p50.ply,4.60655737704918,4.251000000000003
APSIPA,ICIP2023,p50_gpcc-octree-raht_r02.ply,p50.ply,1.45161290322581,1.0132499999999995
APSIPA,ICIP2023,p50_gpcc-octree-raht_r03.ply,p50.ply,2.63934426229508,1.36225
APSIPA,ICIP2023,p50_gpcc-octree-raht_r04.ply,p50.ply,3.93103448275862,2.5405
APSIPA,ICIP2023,p50_gpcc-octree-raht_r05.ply,p50.ply,4.29310344827586,3.388
APSIPA,ICIP2023,p50_gpcc-octree-raht_r06.ply,p50.ply,4.57377049180328,4.195250000000001
APSIPA,ICIP2023,p50_vpcc_r00.ply,p50.ply,1.88333333333333,1.1972500000000006
APSIPA,ICIP2023,p50_vpcc_r01.ply,p50.ply,2.77966101694915,1.56275
APSIPA,ICIP2023,p50_vpcc_r02.ply,p50.ply,3.47457627118644,2.2157500000000026
APSIPA,ICIP2023,p50_vpcc_r03.ply,p50.ply,4.1551724137931,2.7345000000000024
APSIPA,ICIP2023,p50_vpcc_r04.ply,p50.ply,4.5,3.2727500000000003
APSIPA,ICIP2023,p50_vpcc_r05.ply,p50.ply,4.60344827586207,3.7772499999999996
APSIPA,ICIP2023,p51_geocnn_r01.ply,p51.ply,3.59322033898305,3.77
APSIPA,ICIP2023,p51_geocnn_r02.ply,p51.ply,3.91803278688525,4.0367500000000005
APSIPA,ICIP2023,p51_geocnn_r03.ply,p51.ply,4.15,4.158500000000001
APSIPA,ICIP2023,p51_geocnn_r04.ply,p51.ply,4.31147540983607,4.372250000000003
APSIPA,ICIP2023,p51_gpcc-octree-predlift_r02.ply,p51.ply,1.42372881355932,1.1067499999999992
APSIPA,ICIP2023,p51_gpcc-octree-predlift_r03.ply,p51.ply,2.96610169491525,1.8314999999999995
APSIPA,ICIP2023,p51_gpcc-octree-predlift_r04.ply,p51.ply,4.08196721311475,3.25175
APSIPA,ICIP2023,p51_gpcc-octree-predlift_r05.ply,p51.ply,4.08064516129032,4.06925
APSIPA,ICIP2023,p51_gpcc-octree-predlift_r06.ply,p51.ply,4.56666666666667,4.448500000000001
APSIPA,ICIP2023,p51_gpcc-octree-raht_r02.ply,p51.ply,1.4406779661017,1.117499999999999
APSIPA,ICIP2023,p51_gpcc-octree-raht_r03.ply,p51.ply,2.93333333333333,1.5817499999999998
APSIPA,ICIP2023,p51_gpcc-octree-raht_r04.ply,p51.ply,4.03389830508475,3.0227500000000007
APSIPA,ICIP2023,p51_gpcc-octree-raht_r05.ply,p51.ply,4.32258064516129,3.904
APSIPA,ICIP2023,p51_gpcc-octree-raht_r06.ply,p51.ply,4.51666666666667,4.428999999999999
APSIPA,ICIP2023,p51_vpcc_r00.ply,p51.ply,1.88333333333333,1.3890000000000011
APSIPA,ICIP2023,p51_vpcc_r01.ply,p51.ply,3.03174603174603,1.7902500000000012
APSIPA,ICIP2023,p51_vpcc_r02.ply,p51.ply,3.58333333333333,2.3732500000000005
APSIPA,ICIP2023,p51_vpcc_r03.ply,p51.ply,4.04918032786885,2.8780000000000006
APSIPA,ICIP2023,p51_vpcc_r04.ply,p51.ply,4.2,3.657749999999997
APSIPA,ICIP2023,p51_vpcc_r05.ply,p51.ply,4.47540983606557,3.986
APSIPA,ICIP2023,p52_geocnn_r01.ply,p52.ply,3.56666666666667,3.562999999999999
APSIPA,ICIP2023,p52_geocnn_r02.ply,p52.ply,4.23333333333333,3.90875
APSIPA,ICIP2023,p52_geocnn_r03.ply,p52.ply,4.41935483870968,3.8917500000000014
APSIPA,ICIP2023,p52_geocnn_r04.ply,p52.ply,4.45762711864407,4.082000000000001
APSIPA,ICIP2023,p52_gpcc-octree-predlift_r02.ply,p52.ply,1.39344262295082,1.0847500000000003
APSIPA,ICIP2023,p52_gpcc-octree-predlift_r03.ply,p52.ply,2.96666666666667,1.7120000000000004
APSIPA,ICIP2023,p52_gpcc-octree-predlift_r04.ply,p52.ply,4.33333333333333,2.84925
APSIPA,ICIP2023,p52_gpcc-octree-predlift_r05.ply,p52.ply,4.56666666666667,3.493499999999999
APSIPA,ICIP2023,p52_gpcc-octree-predlift_r06.ply,p52.ply,4.67241379310345,3.8155
APSIPA,ICIP2023,p52_gpcc-octree-raht_r02.ply,p52.ply,1.56666666666667,1.0670000000000002
APSIPA,ICIP2023,p52_gpcc-octree-raht_r03.ply,p52.ply,2.66101694915254,1.6090000000000009
APSIPA,ICIP2023,p52_gpcc-octree-raht_r04.ply,p52.ply,4.08333333333333,2.6442500000000013
APSIPA,ICIP2023,p52_gpcc-octree-raht_r05.ply,p52.ply,4.62295081967213,3.2832500000000007
APSIPA,ICIP2023,p52_gpcc-octree-raht_r06.ply,p52.ply,4.7,3.605
APSIPA,ICIP2023,p52_vpcc_r00.ply,p52.ply,2.26666666666667,1.6655000000000002
APSIPA,ICIP2023,p52_vpcc_r01.ply,p52.ply,2.76271186440678,2.164000000000002
APSIPA,ICIP2023,p52_vpcc_r02.ply,p52.ply,3.59322033898305,2.6110000000000007
APSIPA,ICIP2023,p52_vpcc_r03.ply,p52.ply,4.12903225806452,2.9675000000000007
APSIPA,ICIP2023,p52_vpcc_r04.ply,p52.ply,4.58620689655172,3.3765000000000005
APSIPA,ICIP2023,p52_vpcc_r05.ply,p52.ply,4.63934426229508,3.578750000000002
APSIPA,ICIP2023,p53_geocnn_r01.ply,p53.ply,3.95,3.8274999999999966
APSIPA,ICIP2023,p53_geocnn_r02.ply,p53.ply,4.42622950819672,4.058999999999999
APSIPA,ICIP2023,p53_geocnn_r03.ply,p53.ply,4.60655737704918,4.196750000000001
APSIPA,ICIP2023,p53_geocnn_r04.ply,p53.ply,4.42622950819672,4.382750000000002
APSIPA,ICIP2023,p53_gpcc-octree-predlift_r02.ply,p53.ply,1.46666666666667,1.0269999999999997
APSIPA,ICIP2023,p53_gpcc-octree-predlift_r03.ply,p53.ply,2.85,1.4667499999999998
APSIPA,ICIP2023,p53_gpcc-octree-predlift_r04.ply,p53.ply,4.32258064516129,2.805250000000001
APSIPA,ICIP2023,p53_gpcc-octree-predlift_r05.ply,p53.ply,4.42372881355932,3.9639999999999973
APSIPA,ICIP2023,p53_gpcc-octree-predlift_r06.ply,p53.ply,4.58620689655172,4.382250000000002
APSIPA,ICIP2023,p53_gpcc-octree-raht_r02.ply,p53.ply,1.25,1.0244999999999993
APSIPA,ICIP2023,p53_gpcc-octree-raht_r03.ply,p53.ply,2.45901639344262,1.3572499999999994
APSIPA,ICIP2023,p53_gpcc-octree-raht_r04.ply,p53.ply,4.13333333333333,2.6305000000000005
APSIPA,ICIP2023,p53_gpcc-octree-raht_r05.ply,p53.ply,4.51724137931035,3.930249999999999
APSIPA,ICIP2023,p53_gpcc-octree-raht_r06.ply,p53.ply,4.60655737704918,4.33325
APSIPA,ICIP2023,p53_vpcc_r00.ply,p53.ply,1.95,1.2495000000000005
APSIPA,ICIP2023,p53_vpcc_r01.ply,p53.ply,2.78688524590164,1.7042500000000005
APSIPA,ICIP2023,p53_vpcc_r02.ply,p53.ply,3.96666666666667,2.2702500000000025
APSIPA,ICIP2023,p53_vpcc_r03.ply,p53.ply,4.42622950819672,2.8510000000000004
APSIPA,ICIP2023,p53_vpcc_r04.ply,p53.ply,4.53448275862069,3.9275000000000007
APSIPA,ICIP2023,p53_vpcc_r05.ply,p53.ply,4.63934426229508,3.9572499999999984
APSIPA,ICIP2023,p54_geocnn_r01.ply,p54.ply,2.65573770491803,3.250750000000002
APSIPA,ICIP2023,p54_geocnn_r02.ply,p54.ply,3.49180327868852,3.5369999999999995
APSIPA,ICIP2023,p54_geocnn_r03.ply,p54.ply,4.0,3.9054999999999995
APSIPA,ICIP2023,p54_geocnn_r04.ply,p54.ply,4.16949152542373,4.08675
APSIPA,ICIP2023,p54_gpcc-octree-predlift_r02.ply,p54.ply,1.26666666666667,1.049499999999999
APSIPA,ICIP2023,p54_gpcc-octree-predlift_r03.ply,p54.ply,2.95081967213115,1.4085000000000003
APSIPA,ICIP2023,p54_gpcc-octree-predlift_r04.ply,p54.ply,4.30508474576271,2.524250000000001
APSIPA,ICIP2023,p54_gpcc-octree-predlift_r05.ply,p54.ply,4.30508474576271,3.613500000000002
APSIPA,ICIP2023,p54_gpcc-octree-predlift_r06.ply,p54.ply,4.55,4.4300000000000015
APSIPA,ICIP2023,p54_gpcc-octree-raht_r02.ply,p54.ply,1.54098360655738,1.042499999999999
APSIPA,ICIP2023,p54_gpcc-octree-raht_r03.ply,p54.ply,3.1,1.3947500000000002
APSIPA,ICIP2023,p54_gpcc-octree-raht_r04.ply,p54.ply,4.13333333333333,2.4427500000000015
APSIPA,ICIP2023,p54_gpcc-octree-raht_r05.ply,p54.ply,4.37096774193548,3.5050000000000017
APSIPA,ICIP2023,p54_gpcc-octree-raht_r06.ply,p54.ply,4.45614035087719,4.37375
APSIPA,ICIP2023,p54_vpcc_r00.ply,p54.ply,2.70967741935484,1.4190000000000007
APSIPA,ICIP2023,p54_vpcc_r01.ply,p54.ply,3.38983050847458,1.7507500000000016
APSIPA,ICIP2023,p54_vpcc_r02.ply,p54.ply,4.1,2.4007500000000017
APSIPA,ICIP2023,p54_vpcc_r03.ply,p54.ply,4.4406779661017,2.7230000000000003
APSIPA,ICIP2023,p54_vpcc_r04.ply,p54.ply,4.46551724137931,3.1960000000000006
APSIPA,ICIP2023,p54_vpcc_r05.ply,p54.ply,4.32786885245902,4.027749999999998
APSIPA,ICIP2023,p55_geocnn_r01.ply,p55.ply,3.83870967741936,3.4537500000000008
APSIPA,ICIP2023,p55_geocnn_r02.ply,p55.ply,4.16949152542373,3.6867500000000013
APSIPA,ICIP2023,p55_geocnn_r03.ply,p55.ply,4.62295081967213,3.9407500000000004
APSIPA,ICIP2023,p55_geocnn_r04.ply,p55.ply,4.63793103448276,4.026249999999999
APSIPA,ICIP2023,p55_gpcc-octree-predlift_r02.ply,p55.ply,1.51724137931034,1.0565000000000002
APSIPA,ICIP2023,p55_gpcc-octree-predlift_r03.ply,p55.ply,3.43333333333333,1.7250000000000008
APSIPA,ICIP2023,p55_gpcc-octree-predlift_r04.ply,p55.ply,4.38333333333333,2.870750000000001
APSIPA,ICIP2023,p55_gpcc-octree-predlift_r05.ply,p55.ply,4.68965517241379,3.5937499999999987
APSIPA,ICIP2023,p55_gpcc-octree-predlift_r06.ply,p55.ply,4.49180327868853,4.077499999999999
APSIPA,ICIP2023,p55_gpcc-octree-raht_r02.ply,p55.ply,1.43333333333333,1.0317500000000004
APSIPA,ICIP2023,p55_gpcc-octree-raht_r03.ply,p55.ply,3.16666666666667,1.6427500000000008
APSIPA,ICIP2023,p55_gpcc-octree-raht_r04.ply,p55.ply,4.24193548387097,2.6890000000000005
APSIPA,ICIP2023,p55_gpcc-octree-raht_r05.ply,p55.ply,4.63793103448276,3.5154999999999994
APSIPA,ICIP2023,p55_gpcc-octree-raht_r06.ply,p55.ply,4.67241379310345,4.058
APSIPA,ICIP2023,p55_vpcc_r00.ply,p55.ply,2.88333333333333,1.8347500000000005
APSIPA,ICIP2023,p55_vpcc_r01.ply,p55.ply,3.61666666666667,2.4364999999999997
APSIPA,ICIP2023,p55_vpcc_r02.ply,p55.ply,4.31147540983607,2.9589999999999996
APSIPA,ICIP2023,p55_vpcc_r03.ply,p55.ply,4.52542372881356,3.500750000000001
APSIPA,ICIP2023,p55_vpcc_r04.ply,p55.ply,4.72131147540984,3.91475
APSIPA,ICIP2023,p55_vpcc_r05.ply,p55.ply,4.57627118644068,4.007750000000001
APSIPA,ICIP2023,p56_geocnn_r01.ply,p56.ply,2.9344262295082,2.7425000000000015
APSIPA,ICIP2023,p56_geocnn_r02.ply,p56.ply,4.13333333333333,3.4334999999999996
APSIPA,ICIP2023,p56_geocnn_r03.ply,p56.ply,4.63157894736842,4.004750000000002
APSIPA,ICIP2023,p56_geocnn_r04.ply,p56.ply,4.5,4.1872500000000015
APSIPA,ICIP2023,p56_gpcc-octree-predlift_r02.ply,p56.ply,1.24590163934426,1.3892499999999999
APSIPA,ICIP2023,p56_gpcc-octree-predlift_r03.ply,p56.ply,3.04918032786885,2.2929999999999997
APSIPA,ICIP2023,p56_gpcc-octree-predlift_r04.ply,p56.ply,4.33333333333333,3.5922500000000017
APSIPA,ICIP2023,p56_gpcc-octree-predlift_r05.ply,p56.ply,4.61016949152542,4.267499999999999
APSIPA,ICIP2023,p56_gpcc-octree-predlift_r06.ply,p56.ply,4.72131147540984,4.56025
APSIPA,ICIP2023,p56_gpcc-octree-raht_r02.ply,p56.ply,1.4406779661017,1.2919999999999996
APSIPA,ICIP2023,p56_gpcc-octree-raht_r03.ply,p56.ply,3.21311475409836,2.2037499999999994
APSIPA,ICIP2023,p56_gpcc-octree-raht_r04.ply,p56.ply,4.55737704918033,3.297750000000001
APSIPA,ICIP2023,p56_gpcc-octree-raht_r05.ply,p56.ply,4.58064516129032,4.0337499999999995
APSIPA,ICIP2023,p56_gpcc-octree-raht_r06.ply,p56.ply,4.65,4.534999999999999
APSIPA,ICIP2023,p56_vpcc_r00.ply,p56.ply,1.71186440677966,1.5570000000000004
APSIPA,ICIP2023,p56_vpcc_r01.ply,p56.ply,2.40983606557377,1.8912500000000008
APSIPA,ICIP2023,p56_vpcc_r02.ply,p56.ply,2.85245901639344,2.3595000000000006
APSIPA,ICIP2023,p56_vpcc_r03.ply,p56.ply,3.45,2.7755000000000014
APSIPA,ICIP2023,p56_vpcc_r04.ply,p56.ply,3.83606557377049,3.107750000000001
APSIPA,ICIP2023,p56_vpcc_r05.ply,p56.ply,4.31666666666667,3.4502499999999996
APSIPA,ICIP2023,p58_geocnn_r01.ply,p58.ply,2.75,3.2515000000000005
APSIPA,ICIP2023,p58_geocnn_r02.ply,p58.ply,3.33333333333333,3.5459999999999985
APSIPA,ICIP2023,p58_geocnn_r03.ply,p58.ply,3.9016393442623,3.7932499999999982
APSIPA,ICIP2023,p58_geocnn_r04.ply,p58.ply,3.62295081967213,3.9114999999999998
APSIPA,ICIP2023,p58_gpcc-octree-predlift_r02.ply,p58.ply,1.4,1.0539999999999994
APSIPA,ICIP2023,p58_gpcc-octree-predlift_r03.ply,p58.ply,2.75862068965517,1.5385000000000004
APSIPA,ICIP2023,p58_gpcc-octree-predlift_r04.ply,p58.ply,4.08474576271186,2.849000000000001
APSIPA,ICIP2023,p58_gpcc-octree-predlift_r05.ply,p58.ply,4.49180327868853,4.062749999999998
APSIPA,ICIP2023,p58_gpcc-octree-predlift_r06.ply,p58.ply,4.49180327868853,4.546500000000003
APSIPA,ICIP2023,p58_gpcc-octree-raht_r02.ply,p58.ply,1.87096774193548,1.0499999999999998
APSIPA,ICIP2023,p58_gpcc-octree-raht_r03.ply,p58.ply,2.96610169491525,1.5650000000000004
APSIPA,ICIP2023,p58_gpcc-octree-raht_r04.ply,p58.ply,4.01639344262295,2.8080000000000007
APSIPA,ICIP2023,p58_gpcc-octree-raht_r05.ply,p58.ply,4.37704918032787,4.1097499999999965
APSIPA,ICIP2023,p58_gpcc-octree-raht_r06.ply,p58.ply,4.35,4.4975000000000005
APSIPA,ICIP2023,p58_vpcc_r00.ply,p58.ply,2.66666666666667,1.576250000000001
APSIPA,ICIP2023,p58_vpcc_r01.ply,p58.ply,3.27868852459016,1.7585000000000013
APSIPA,ICIP2023,p58_vpcc_r02.ply,p58.ply,3.96825396825397,2.5565
APSIPA,ICIP2023,p58_vpcc_r03.ply,p58.ply,4.19672131147541,3.03975
APSIPA,ICIP2023,p58_vpcc_r04.ply,p58.ply,4.19672131147541,3.7637499999999964
APSIPA,ICIP2023,p58_vpcc_r05.ply,p58.ply,4.28333333333333,4.236749999999999
APSIPA,ICIP2023,p65_geocnn_r01.ply,p65.ply,3.66666666666667,3.3374999999999995
APSIPA,ICIP2023,p65_geocnn_r02.ply,p65.ply,4.25806451612903,3.7512499999999993
APSIPA,ICIP2023,p65_geocnn_r03.ply,p65.ply,4.6271186440678,3.8822500000000013
APSIPA,ICIP2023,p65_geocnn_r04.ply,p65.ply,4.33333333333333,4.054500000000001
APSIPA,ICIP2023,p65_gpcc-octree-predlift_r02.ply,p65.ply,1.43333333333333,1.0469999999999997
APSIPA,ICIP2023,p65_gpcc-octree-predlift_r03.ply,p65.ply,2.68333333333333,1.2747499999999992
APSIPA,ICIP2023,p65_gpcc-octree-predlift_r04.ply,p65.ply,4.05,2.1662500000000016
APSIPA,ICIP2023,p65_gpcc-octree-predlift_r05.ply,p65.ply,4.24590163934426,3.2639999999999985
APSIPA,ICIP2023,p65_gpcc-octree-predlift_r06.ply,p65.ply,4.31666666666667,4.308250000000001
APSIPA,ICIP2023,p65_gpcc-octree-raht_r02.ply,p65.ply,1.21666666666667,1.0429999999999997
APSIPA,ICIP2023,p65_gpcc-octree-raht_r03.ply,p65.ply,2.32203389830508,1.2459999999999993
APSIPA,ICIP2023,p65_gpcc-octree-raht_r04.ply,p65.ply,3.96610169491525,2.0495000000000014
APSIPA,ICIP2023,p65_gpcc-octree-raht_r05.ply,p65.ply,4.30508474576271,3.2599999999999985
APSIPA,ICIP2023,p65_gpcc-octree-raht_r06.ply,p65.ply,4.45,4.235499999999999
APSIPA,ICIP2023,p65_vpcc_r00.ply,p65.ply,1.69491525423729,1.1687499999999997
APSIPA,ICIP2023,p65_vpcc_r01.ply,p65.ply,2.83333333333333,1.3910000000000005
APSIPA,ICIP2023,p65_vpcc_r02.ply,p65.ply,3.5,1.6942500000000011
APSIPA,ICIP2023,p65_vpcc_r03.ply,p65.ply,4.26229508196721,2.591750000000001
APSIPA,ICIP2023,p65_vpcc_r04.ply,p65.ply,4.35,3.272250000000001
APSIPA,ICIP2023,p65_vpcc_r05.ply,p65.ply,4.48333333333333,3.84575
APSIPA,ICIP2023,p67_geocnn_r01.ply,p67.ply,2.75862068965517,3.7882499999999992
APSIPA,ICIP2023,p67_geocnn_r02.ply,p67.ply,3.83050847457627,3.8752499999999985
APSIPA,ICIP2023,p67_geocnn_r03.ply,p67.ply,4.01612903225806,4.168000000000001
APSIPA,ICIP2023,p67_geocnn_r04.ply,p67.ply,4.27118644067797,4.298500000000003
APSIPA,ICIP2023,p67_gpcc-octree-predlift_r02.ply,p67.ply,1.56451612903226,1.042249999999999
APSIPA,ICIP2023,p67_gpcc-octree-predlift_r03.ply,p67.ply,3.0327868852459,1.47825
APSIPA,ICIP2023,p67_gpcc-octree-predlift_r04.ply,p67.ply,4.50847457627119,2.701500000000001
APSIPA,ICIP2023,p67_gpcc-octree-predlift_r05.ply,p67.ply,4.42622950819672,3.735249999999998
APSIPA,ICIP2023,p67_gpcc-octree-predlift_r06.ply,p67.ply,4.46666666666667,4.299000000000002
APSIPA,ICIP2023,p67_gpcc-octree-raht_r02.ply,p67.ply,1.40677966101695,1.0364999999999993
APSIPA,ICIP2023,p67_gpcc-octree-raht_r03.ply,p67.ply,2.91666666666667,1.4202499999999998
APSIPA,ICIP2023,p67_gpcc-octree-raht_r04.ply,p67.ply,4.24590163934426,2.5640000000000005
APSIPA,ICIP2023,p67_gpcc-octree-raht_r05.ply,p67.ply,4.55,3.7257499999999975
APSIPA,ICIP2023,p67_gpcc-octree-raht_r06.ply,p67.ply,4.65573770491803,4.234750000000001
APSIPA,ICIP2023,p67_vpcc_r00.ply,p67.ply,2.5,1.2257500000000003
APSIPA,ICIP2023,p67_vpcc_r01.ply,p67.ply,3.5,1.591000000000001
APSIPA,ICIP2023,p67_vpcc_r02.ply,p67.ply,3.93220338983051,2.281500000000001
APSIPA,ICIP2023,p67_vpcc_r03.ply,p67.ply,4.3,3.092749999999999
APSIPA,ICIP2023,p67_vpcc_r04.ply,p67.ply,4.50847457627119,3.779749999999998
APSIPA,ICIP2023,p67_vpcc_r05.ply,p67.ply,4.41935483870968,3.9015000000000004
APSIPA,ICIP2023,p68_geocnn_r03.ply,p68.ply,4.49180327868853,4.19
APSIPA,ICIP2023,p68_geocnn_r04.ply,p68.ply,4.66666666666667,4.404250000000001
APSIPA,ICIP2023,p68_gpcc-octree-predlift_r02.ply,p68.ply,1.40322580645161,1.065999999999999
APSIPA,ICIP2023,p68_gpcc-octree-predlift_r03.ply,p68.ply,3.27118644067797,1.7387500000000005
APSIPA,ICIP2023,p68_gpcc-octree-predlift_r04.ply,p68.ply,4.34426229508197,3.3617500000000002
APSIPA,ICIP2023,p68_gpcc-octree-predlift_r05.ply,p68.ply,4.32758620689655,4.27775
APSIPA,ICIP2023,p68_gpcc-octree-predlift_r06.ply,p68.ply,4.65,4.661500000000001
APSIPA,ICIP2023,p68_gpcc-octree-raht_r02.ply,p68.ply,1.13333333333333,1.0347499999999996
APSIPA,ICIP2023,p68_gpcc-octree-raht_r03.ply,p68.ply,3.55172413793103,1.6140000000000003
APSIPA,ICIP2023,p68_gpcc-octree-raht_r04.ply,p68.ply,4.42622950819672,3.243250000000001
APSIPA,ICIP2023,p68_gpcc-octree-raht_r05.ply,p68.ply,4.62295081967213,4.26225
APSIPA,ICIP2023,p68_gpcc-octree-raht_r06.ply,p68.ply,4.68852459016394,4.6385000000000005
APSIPA,ICIP2023,p68_vpcc_r00.ply,p68.ply,2.04918032786885,1.2057500000000005
APSIPA,ICIP2023,p68_vpcc_r01.ply,p68.ply,3.44262295081967,1.6197500000000005
APSIPA,ICIP2023,p68_vpcc_r02.ply,p68.ply,4.0655737704918,2.4742500000000005
APSIPA,ICIP2023,p68_vpcc_r03.ply,p68.ply,4.22033898305085,2.8482500000000006
APSIPA,ICIP2023,p68_vpcc_r04.ply,p68.ply,4.48333333333333,3.616000000000001
APSIPA,ICIP2023,p68_vpcc_r05.ply,p68.ply,4.5,4.047500000000001
APSIPA,ICIP2023,p69_geocnn_r01.ply,p69.ply,3.83333333333333,3.563499999999999
APSIPA,ICIP2023,p69_geocnn_r02.ply,p69.ply,4.14516129032258,4.132250000000001
APSIPA,ICIP2023,p69_geocnn_r03.ply,p69.ply,4.21666666666667,4.263750000000003
APSIPA,ICIP2023,p69_geocnn_r04.ply,p69.ply,4.6271186440678,4.270500000000002
APSIPA,ICIP2023,p69_gpcc-octree-predlift_r02.ply,p69.ply,1.54098360655738,1.1464999999999994
APSIPA,ICIP2023,p69_gpcc-octree-predlift_r03.ply,p69.ply,3.27868852459016,1.3909999999999996
APSIPA,ICIP2023,p69_gpcc-octree-predlift_r04.ply,p69.ply,4.19354838709677,2.3335000000000004
APSIPA,ICIP2023,p69_gpcc-octree-predlift_r05.ply,p69.ply,4.53333333333333,3.1195000000000004
APSIPA,ICIP2023,p69_gpcc-octree-predlift_r06.ply,p69.ply,4.64406779661017,3.616750000000002
APSIPA,ICIP2023,p69_gpcc-octree-raht_r02.ply,p69.ply,1.60655737704918,1.1094999999999993
APSIPA,ICIP2023,p69_gpcc-octree-raht_r03.ply,p69.ply,2.63333333333333,1.4027499999999995
APSIPA,ICIP2023,p69_gpcc-octree-raht_r04.ply,p69.ply,4.01724137931035,2.1762500000000005
APSIPA,ICIP2023,p69_gpcc-octree-raht_r05.ply,p69.ply,4.70491803278689,3.1027500000000003
APSIPA,ICIP2023,p69_gpcc-octree-raht_r06.ply,p69.ply,4.6271186440678,3.392250000000002
APSIPA,ICIP2023,p69_vpcc_r00.ply,p69.ply,2.12280701754386,1.8045000000000004
APSIPA,ICIP2023,p69_vpcc_r01.ply,p69.ply,2.75862068965517,2.2377500000000015
APSIPA,ICIP2023,p69_vpcc_r02.ply,p69.ply,3.40983606557377,2.4602500000000016
APSIPA,ICIP2023,p69_vpcc_r03.ply,p69.ply,4.0327868852459,2.7100000000000013
APSIPA,ICIP2023,p69_vpcc_r04.ply,p69.ply,4.51666666666667,3.1830000000000003
APSIPA,ICIP2023,p69_vpcc_r05.ply,p69.ply,4.42622950819672,3.594249999999999
APSIPA,ICIP2023,p70_geocnn_r01.ply,p70.ply,3.83333333333333,3.9222499999999996
APSIPA,ICIP2023,p70_geocnn_r02.ply,p70.ply,4.41666666666667,3.931249999999998
APSIPA,ICIP2023,p70_geocnn_r03.ply,p70.ply,4.44262295081967,4.16475
APSIPA,ICIP2023,p70_geocnn_r04.ply,p70.ply,4.25862068965517,4.327500000000002
APSIPA,ICIP2023,p70_gpcc-octree-predlift_r02.ply,p70.ply,1.1864406779661,1.1104999999999992
APSIPA,ICIP2023,p70_gpcc-octree-predlift_r03.ply,p70.ply,2.64406779661017,1.6017500000000005
APSIPA,ICIP2023,p70_gpcc-octree-predlift_r04.ply,p70.ply,4.19047619047619,2.846750000000002
APSIPA,ICIP2023,p70_gpcc-octree-predlift_r05.ply,p70.ply,4.44262295081967,3.9607499999999987
APSIPA,ICIP2023,p70_gpcc-octree-predlift_r06.ply,p70.ply,4.45,4.311249999999999
APSIPA,ICIP2023,p70_gpcc-octree-raht_r02.ply,p70.ply,1.41935483870968,1.0559999999999992
APSIPA,ICIP2023,p70_gpcc-octree-raht_r03.ply,p70.ply,2.34426229508197,1.5257500000000002
APSIPA,ICIP2023,p70_gpcc-octree-raht_r04.ply,p70.ply,4.10169491525424,2.7525000000000017
APSIPA,ICIP2023,p70_gpcc-octree-raht_r05.ply,p70.ply,4.46774193548387,3.7862499999999994
APSIPA,ICIP2023,p70_gpcc-octree-raht_r06.ply,p70.ply,4.33898305084746,4.290249999999999
APSIPA,ICIP2023,p70_vpcc_r00.ply,p70.ply,1.66666666666667,1.3137500000000002
APSIPA,ICIP2023,p70_vpcc_r01.ply,p70.ply,2.43103448275862,1.5162500000000003
APSIPA,ICIP2023,p70_vpcc_r02.ply,p70.ply,3.26229508196721,2.4250000000000007
APSIPA,ICIP2023,p70_vpcc_r03.ply,p70.ply,4.08196721311475,2.9402500000000016
APSIPA,ICIP2023,p70_vpcc_r04.ply,p70.ply,4.36666666666667,3.5412499999999985
APSIPA,ICIP2023,p70_vpcc_r05.ply,p70.ply,4.38333333333333,4.056499999999998
APSIPA,ICIP2023,p72_geocnn_r01.ply,p72.ply,3.08333333333333,3.847249999999999
APSIPA,ICIP2023,p72_geocnn_r02.ply,p72.ply,3.48333333333333,3.9939999999999993
APSIPA,ICIP2023,p72_geocnn_r03.ply,p72.ply,3.63793103448276,4.15675
APSIPA,ICIP2023,p72_geocnn_r04.ply,p72.ply,3.94915254237288,4.395
APSIPA,ICIP2023,p72_gpcc-octree-predlift_r02.ply,p72.ply,1.3,1.0872499999999992
APSIPA,ICIP2023,p72_gpcc-octree-predlift_r03.ply,p72.ply,2.59322033898305,1.5947500000000003
APSIPA,ICIP2023,p72_gpcc-octree-predlift_r04.ply,p72.ply,4.18333333333333,2.7597500000000004
APSIPA,ICIP2023,p72_gpcc-octree-predlift_r05.ply,p72.ply,4.18032786885246,3.5782500000000006
APSIPA,ICIP2023,p72_gpcc-octree-predlift_r06.ply,p72.ply,4.33333333333333,4.497249999999999
APSIPA,ICIP2023,p72_gpcc-octree-raht_r02.ply,p72.ply,1.22413793103448,1.0619999999999992
APSIPA,ICIP2023,p72_gpcc-octree-raht_r03.ply,p72.ply,2.65573770491803,1.4972500000000002
APSIPA,ICIP2023,p72_gpcc-octree-raht_r04.ply,p72.ply,3.91525423728814,2.7312500000000015
APSIPA,ICIP2023,p72_gpcc-octree-raht_r05.ply,p72.ply,4.25,3.544999999999999
APSIPA,ICIP2023,p72_gpcc-octree-raht_r06.ply,p72.ply,4.31666666666667,4.2475
APSIPA,ICIP2023,p72_vpcc_r00.ply,p72.ply,1.89830508474576,1.5652500000000011
APSIPA,ICIP2023,p72_vpcc_r01.ply,p72.ply,2.66666666666667,1.6717500000000012
APSIPA,ICIP2023,p72_vpcc_r02.ply,p72.ply,3.35,2.2812500000000004
APSIPA,ICIP2023,p72_vpcc_r03.ply,p72.ply,3.72413793103448,2.965499999999999
APSIPA,ICIP2023,p72_vpcc_r04.ply,p72.ply,4.11475409836066,3.248999999999999
APSIPA,ICIP2023,p72_vpcc_r05.ply,p72.ply,4.31147540983607,3.698749999999998
APSIPA,ICIP2023,p74_geocnn_r01.ply,p74.ply,1.94915254237288,3.2255000000000003
APSIPA,ICIP2023,p74_geocnn_r02.ply,p74.ply,3.53448275862069,3.4322499999999985
APSIPA,ICIP2023,p74_geocnn_r03.ply,p74.ply,3.76190476190476,3.748749999999999
APSIPA,ICIP2023,p74_geocnn_r04.ply,p74.ply,3.76666666666667,4.03875
APSIPA,ICIP2023,p74_gpcc-octree-predlift_r02.ply,p74.ply,1.2741935483871,1.0697499999999989
APSIPA,ICIP2023,p74_gpcc-octree-predlift_r03.ply,p74.ply,2.18965517241379,1.6019999999999999
APSIPA,ICIP2023,p74_gpcc-octree-predlift_r04.ply,p74.ply,3.66129032258065,2.649250000000001
APSIPA,ICIP2023,p74_gpcc-octree-predlift_r05.ply,p74.ply,4.01694915254237,3.6749999999999967
APSIPA,ICIP2023,p74_gpcc-octree-predlift_r06.ply,p74.ply,4.0655737704918,4.535750000000002
APSIPA,ICIP2023,p74_gpcc-octree-raht_r02.ply,p74.ply,1.33898305084746,1.063499999999999
APSIPA,ICIP2023,p74_gpcc-octree-raht_r03.ply,p74.ply,2.18032786885246,1.5577499999999997
APSIPA,ICIP2023,p74_gpcc-octree-raht_r04.ply,p74.ply,3.8,2.7035000000000013
APSIPA,ICIP2023,p74_gpcc-octree-raht_r05.ply,p74.ply,4.01666666666667,3.8177499999999975
APSIPA,ICIP2023,p74_gpcc-octree-raht_r06.ply,p74.ply,4.0,4.52775
APSIPA,ICIP2023,p74_vpcc_r00.ply,p74.ply,2.41935483870968,1.5665000000000016
APSIPA,ICIP2023,p74_vpcc_r01.ply,p74.ply,3.15254237288136,1.7392500000000006
APSIPA,ICIP2023,p74_vpcc_r02.ply,p74.ply,3.98275862068966,2.319500000000001
APSIPA,ICIP2023,p74_vpcc_r03.ply,p74.ply,4.13559322033898,2.8925
APSIPA,ICIP2023,p74_vpcc_r04.ply,p74.ply,3.93333333333333,3.18
APSIPA,ICIP2023,p74_vpcc_r05.ply,p74.ply,4.1864406779661,3.816999999999997
APSIPA,ICIP2023,p75_geocnn_r01.ply,p75.ply,2.53225806451613,3.0522499999999995
APSIPA,ICIP2023,p75_geocnn_r02.ply,p75.ply,3.3448275862069,3.3394999999999992
APSIPA,ICIP2023,p75_geocnn_r03.ply,p75.ply,3.55737704918033,3.638749999999999
APSIPA,ICIP2023,p75_geocnn_r04.ply,p75.ply,4.08474576271186,4.069499999999998
APSIPA,ICIP2023,p75_gpcc-octree-predlift_r02.ply,p75.ply,1.41379310344828,1.042499999999999
APSIPA,ICIP2023,p75_gpcc-octree-predlift_r03.ply,p75.ply,2.95081967213115,1.2500000000000002
APSIPA,ICIP2023,p75_gpcc-octree-predlift_r04.ply,p75.ply,4.09677419354839,2.2440000000000007
APSIPA,ICIP2023,p75_gpcc-octree-predlift_r05.ply,p75.ply,4.4,3.042999999999999
APSIPA,ICIP2023,p75_gpcc-octree-predlift_r06.ply,p75.ply,4.22033898305085,4.11325
APSIPA,ICIP2023,p75_gpcc-octree-raht_r02.ply,p75.ply,1.47457627118644,1.0392499999999993
APSIPA,ICIP2023,p75_gpcc-octree-raht_r03.ply,p75.ply,2.61666666666667,1.252
APSIPA,ICIP2023,p75_gpcc-octree-raht_r04.ply,p75.ply,4.19672131147541,2.139000000000001
APSIPA,ICIP2023,p75_gpcc-octree-raht_r05.ply,p75.ply,4.29310344827586,3.08775
APSIPA,ICIP2023,p75_gpcc-octree-raht_r06.ply,p75.ply,4.12068965517241,4.06775
APSIPA,ICIP2023,p75_vpcc_r00.ply,p75.ply,2.04918032786885,1.5712500000000011
APSIPA,ICIP2023,p75_vpcc_r01.ply,p75.ply,3.3728813559322,1.8370000000000015
APSIPA,ICIP2023,p75_vpcc_r02.ply,p75.ply,3.63793103448276,2.3807500000000017
APSIPA,ICIP2023,p75_vpcc_r03.ply,p75.ply,3.9672131147541,2.7505
APSIPA,ICIP2023,p75_vpcc_r04.ply,p75.ply,3.96610169491525,2.8077499999999986
APSIPA,ICIP2023,p75_vpcc_r05.ply,p75.ply,3.79661016949153,3.1575
APSIPA,LS-PCQA,4armsMonstre_Octree_1.ply,4armsMonstre.ply,3.71875,2.2145
APSIPA,LS-PCQA,4armsMonstre_Octree_2.ply,4armsMonstre.ply,3.3125,1.6157499999999998
APSIPA,LS-PCQA,4armsMonstre_Octree_3.ply,4armsMonstre.ply,3.14285714285714,1.4997500000000001
APSIPA,LS-PCQA,4armsMonstre_Octree_4.ply,4armsMonstre.ply,2.53333333333333,1.0322500000000001
APSIPA,LS-PCQA,4armsMonstre_Octree_5.ply,4armsMonstre.ply,2.16666666666667,1.02675
APSIPA,LS-PCQA,Asterix_GammaNoise_1.ply,Asterix.ply,3.21428571428571,2.1110000000000007
APSIPA,LS-PCQA,Asterix_GammaNoise_3.ply,Asterix.ply,2.75,1.8147499999999999
APSIPA,LS-PCQA,Asterix_GammaNoise_4.ply,Asterix.ply,2.96666666666667,1.7262499999999994
APSIPA,LS-PCQA,Asterix_GammaNoise_5.ply,Asterix.ply,2.85714285714286,1.65475
APSIPA,LS-PCQA,Asterix_GammaNoise_7.ply,Asterix.ply,2.28571428571429,1.5115000000000007
APSIPA,LS-PCQA,Asterix_MultiplicativeGaussianNoise_1.ply,Asterix.ply,2.93333333333333,1.8155000000000001
APSIPA,LS-PCQA,Asterix_MultiplicativeGaussianNoise_3.ply,Asterix.ply,2.63333333333333,1.5685
APSIPA,LS-PCQA,Asterix_MultiplicativeGaussianNoise_4.ply,Asterix.ply,2.5,1.5260000000000005
APSIPA,LS-PCQA,Asterix_MultiplicativeGaussianNoise_5.ply,Asterix.ply,2.375,1.5055000000000005
APSIPA,LS-PCQA,Asterix_MultiplicativeGaussianNoise_7.ply,Asterix.ply,2.21428571428571,1.4975000000000003
APSIPA,LS-PCQA,Asterix_reconstruction_3.ply,Asterix.ply,4.0625,2.3079999999999994
APSIPA,LS-PCQA,Asterix_reconstruction_4.ply,Asterix.ply,3.96428571428571,2.194
APSIPA,LS-PCQA,Asterix_reconstruction_5.ply,Asterix.ply,3.67857142857143,2.0445
APSIPA,LS-PCQA,Asterix_reconstruction_6.ply,Asterix.ply,3.67857142857143,1.8072499999999996
APSIPA,LS-PCQA,Asterix_reconstruction_7.ply,Asterix.ply,3.03571428571429,1.4812499999999995
APSIPA,LS-PCQA,AustralianCattleDog_limitlossyG-lossyA_3.ply,AustralianCattleDog.ply,4.14285714285714,4.03425
APSIPA,LS-PCQA,AustralianCattleDog_limitlossyG-lossyA_4.ply,AustralianCattleDog.ply,4.21428571428571,1.9942500000000007
APSIPA,LS-PCQA,AustralianCattleDog_limitlossyG-lossyA_5.ply,AustralianCattleDog.ply,2.96875,1.1892499999999995
APSIPA,LS-PCQA,AustralianCattleDog_limitlossyG-lossyA_6.ply,AustralianCattleDog.ply,1.96428571428571,1.0554999999999999
APSIPA,LS-PCQA,AustralianCattleDog_limitlossyG-lossyA_7.ply,AustralianCattleDog.ply,1.6875,1.00925
APSIPA,LS-PCQA,AustralianCattleDog_LumaNoise_1.ply,AustralianCattleDog.ply,4.17857142857143,4.640749999999998
APSIPA,LS-PCQA,AustralianCattleDog_LumaNoise_3.ply,AustralianCattleDog.ply,2.89285714285714,3.5734999999999997
APSIPA,LS-PCQA,AustralianCattleDog_LumaNoise_4.ply,AustralianCattleDog.ply,2.86666666666667,3.0060000000000002
APSIPA,LS-PCQA,AustralianCattleDog_LumaNoise_5.ply,AustralianCattleDog.ply,2.67857142857143,2.555
APSIPA,LS-PCQA,AustralianCattleDog_LumaNoise_7.ply,AustralianCattleDog.ply,2.10714285714286,1.8179999999999998
APSIPA,LS-PCQA,aya_limitlossyG-lossyA_3.ply,aya.ply,4.34375,3.3399999999999994
APSIPA,LS-PCQA,aya_limitlossyG-lossyA_4.ply,aya.ply,3.8125,1.9270000000000007
APSIPA,LS-PCQA,aya_limitlossyG-lossyA_5.ply,aya.ply,2.57142857142857,1.0640000000000003
APSIPA,LS-PCQA,aya_limitlossyG-lossyA_6.ply,aya.ply,2.125,1.00275
APSIPA,LS-PCQA,aya_limitlossyG-lossyA_7.ply,aya.ply,1.35714285714286,1.0
APSIPA,LS-PCQA,aya_lossless-geom-lossy-attrs_3.ply,aya.ply,4.92857142857143,3.83275
APSIPA,LS-PCQA,aya_lossless-geom-lossy-attrs_4.ply,aya.ply,4.42857142857143,3.572499999999999
APSIPA,LS-PCQA,aya_lossless-geom-lossy-attrs_5.ply,aya.ply,4.43333333333333,3.2229999999999994
APSIPA,LS-PCQA,aya_lossless-geom-lossy-attrs_6.ply,aya.ply,3.9375,2.8112500000000016
APSIPA,LS-PCQA,aya_lossless-geom-lossy-attrs_7.ply,aya.ply,3.03125,2.3025000000000007
APSIPA,LS-PCQA,aya_PoissonNoise_3.ply,aya.ply,4.17857142857143,3.6592499999999997
APSIPA,LS-PCQA,aya_PoissonNoise_4.ply,aya.ply,3.92857142857143,3.33225
APSIPA,LS-PCQA,aya_PoissonNoise_5.ply,aya.ply,4.0,3.04
APSIPA,LS-PCQA,aya_PoissonNoise_6.ply,aya.ply,3.5,2.3745000000000007
APSIPA,LS-PCQA,aya_PoissonNoise_7.ply,aya.ply,3.42857142857143,2.0225000000000004
APSIPA,LS-PCQA,Baldness_limitlossyG-lossyA_3.ply,Baldness.ply,4.9,3.1302499999999998
APSIPA,LS-PCQA,Baldness_limitlossyG-lossyA_4.ply,Baldness.ply,3.625,1.8052500000000007
APSIPA,LS-PCQA,Baldness_limitlossyG-lossyA_5.ply,Baldness.ply,1.78571428571429,1.0145
APSIPA,LS-PCQA,Baldness_limitlossyG-lossyA_6.ply,Baldness.ply,1.8,1.0025
APSIPA,LS-PCQA,Baldness_limitlossyG-lossyA_7.ply,Baldness.ply,1.46428571428571,1.0
APSIPA,LS-PCQA,Baldness_lossless-geom-lossy-attrs_3.ply,Baldness.ply,4.8125,3.734249999999999
APSIPA,LS-PCQA,Baldness_lossless-geom-lossy-attrs_4.ply,Baldness.ply,4.39285714285714,3.4639999999999986
APSIPA,LS-PCQA,Baldness_lossless-geom-lossy-attrs_5.ply,Baldness.ply,4.03571428571429,3.1732500000000017
APSIPA,LS-PCQA,Baldness_lossless-geom-lossy-attrs_6.ply,Baldness.ply,3.78571428571429,2.224500000000001
APSIPA,LS-PCQA,Baldness_lossless-geom-lossy-attrs_7.ply,Baldness.ply,2.60714285714286,1.8595000000000004
APSIPA,LS-PCQA,Baldness_PoissonNoise_3.ply,Baldness.ply,3.5,3.7535
APSIPA,LS-PCQA,Baldness_PoissonNoise_4.ply,Baldness.ply,4.10714285714286,3.45675
APSIPA,LS-PCQA,Baldness_PoissonNoise_5.ply,Baldness.ply,3.56666666666667,3.071750000000001
APSIPA,LS-PCQA,Baldness_PoissonNoise_6.ply,Baldness.ply,3.42857142857143,2.7952500000000016
APSIPA,LS-PCQA,Baldness_PoissonNoise_7.ply,Baldness.ply,3.5,2.458000000000001
APSIPA,LS-PCQA,banjofrog_limitlossyG-lossyA_3.ply,banjofrog.ply,4.8,4.03175
APSIPA,LS-PCQA,banjofrog_limitlossyG-lossyA_4.ply,banjofrog.ply,4.35714285714286,2.2227500000000004
APSIPA,LS-PCQA,banjofrog_limitlossyG-lossyA_5.ply,banjofrog.ply,2.8125,1.1325
APSIPA,LS-PCQA,banjofrog_limitlossyG-lossyA_6.ply,banjofrog.ply,2.25,1.0125000000000002
APSIPA,LS-PCQA,banjofrog_limitlossyG-lossyA_7.ply,banjofrog.ply,1.78571428571429,1.0
APSIPA,LS-PCQA,basketballplayer_lossless-geom-nearlossless-attrs_3.ply,basketballplayer.ply,4.78571428571429,4.4174999999999995
APSIPA,LS-PCQA,basketballplayer_lossless-geom-nearlossless-attrs_4.ply,basketballplayer.ply,4.67857142857143,3.71125
APSIPA,LS-PCQA,basketballplayer_lossless-geom-nearlossless-attrs_5.ply,basketballplayer.ply,3.96428571428571,2.4037500000000005
APSIPA,LS-PCQA,basketballplayer_lossless-geom-nearlossless-attrs_6.ply,basketballplayer.ply,2.67857142857143,1.8405000000000005
APSIPA,LS-PCQA,basketballplayer_lossless-geom-nearlossless-attrs_7.ply,basketballplayer.ply,1.8125,1.6079999999999999
APSIPA,LS-PCQA,basketballplayer_losslessG-limitlossyA_3.ply,basketballplayer.ply,4.53571428571429,4.184000000000001
APSIPA,LS-PCQA,basketballplayer_losslessG-limitlossyA_4.ply,basketballplayer.ply,4.25,3.688249999999999
APSIPA,LS-PCQA,basketballplayer_losslessG-limitlossyA_5.ply,basketballplayer.ply,3.78571428571429,2.575750000000001
APSIPA,LS-PCQA,basketballplayer_losslessG-limitlossyA_6.ply,basketballplayer.ply,3.25,1.88625
APSIPA,LS-PCQA,basketballplayer_losslessG-limitlossyA_7.ply,basketballplayer.ply,2.78571428571429,1.5802499999999993
APSIPA,LS-PCQA,basketballplayer_QuantizationNoise_1.ply,basketballplayer.ply,3.75,2.668500000000001
APSIPA,LS-PCQA,basketballplayer_QuantizationNoise_3.ply,basketballplayer.ply,3.21428571428571,2.2480000000000016
APSIPA,LS-PCQA,basketballplayer_QuantizationNoise_4.ply,basketballplayer.ply,3.23333333333333,1.9772500000000006
APSIPA,LS-PCQA,basketballplayer_QuantizationNoise_5.ply,basketballplayer.ply,3.28125,1.9772500000000006
APSIPA,LS-PCQA,basketballplayer_QuantizationNoise_7.ply,basketballplayer.ply,2.85714285714286,1.6029999999999998
APSIPA,LS-PCQA,BB8New_C2AI-lossy-geom-lossy-attrs_3.ply,BB8New.ply,4.89285714285714,2.3667500000000015
APSIPA,LS-PCQA,BB8New_C2AI-lossy-geom-lossy-attrs_4.ply,BB8New.ply,4.46428571428571,2.0190000000000015
APSIPA,LS-PCQA,BB8New_C2AI-lossy-geom-lossy-attrs_5.ply,BB8New.ply,3.78571428571429,1.5605000000000002
APSIPA,LS-PCQA,BB8New_C2AI-lossy-geom-lossy-attrs_6.ply,BB8New.ply,3.60714285714286,1.3965000000000003
APSIPA,LS-PCQA,BB8New_C2AI-lossy-geom-lossy-attrs_7.ply,BB8New.ply,3.35714285714286,1.1860000000000002
APSIPA,LS-PCQA,BB8New_LocalOffset_1.ply,BB8New.ply,3.53125,4.641500000000001
APSIPA,LS-PCQA,BB8New_LocalOffset_2.ply,BB8New.ply,2.89285714285714,4.3272499999999985
APSIPA,LS-PCQA,BB8New_LocalOffset_3.ply,BB8New.ply,2.375,3.40675
APSIPA,LS-PCQA,BB8New_LocalOffset_4.ply,BB8New.ply,2.32142857142857,2.697
APSIPA,LS-PCQA,BB8New_LocalOffset_5.ply,BB8New.ply,1.53571428571429,1.8080000000000005
APSIPA,LS-PCQA,BB8New_LocalRotation_1.ply,BB8New.ply,3.03333333333333,4.3172500000000005
APSIPA,LS-PCQA,BB8New_LocalRotation_2.ply,BB8New.ply,3.16666666666667,3.881499999999999
APSIPA,LS-PCQA,BB8New_LocalRotation_3.ply,BB8New.ply,2.46428571428571,3.2957500000000004
APSIPA,LS-PCQA,BB8New_LocalRotation_4.ply,BB8New.ply,1.8,2.0995
APSIPA,LS-PCQA,BB8New_LocalRotation_5.ply,BB8New.ply,1.76666666666667,1.5982500000000002
APSIPA,LS-PCQA,BB8New_SaltpepperNoise_1.ply,BB8New.ply,3.42857142857143,2.8785000000000003
APSIPA,LS-PCQA,BB8New_SaltpepperNoise_3.ply,BB8New.ply,3.17857142857143,1.85
APSIPA,LS-PCQA,BB8New_SaltpepperNoise_4.ply,BB8New.ply,2.78571428571429,1.65075
APSIPA,LS-PCQA,BB8New_SaltpepperNoise_5.ply,BB8New.ply,2.96428571428571,1.5647500000000003
APSIPA,LS-PCQA,BB8New_SaltpepperNoise_7.ply,BB8New.ply,2.8,1.4907500000000002
APSIPA,LS-PCQA,Beagle_losslessG-limitlossyA_3.ply,Beagle.ply,4.9,4.775750000000001
APSIPA,LS-PCQA,Beagle_losslessG-limitlossyA_4.ply,Beagle.ply,4.67857142857143,4.015500000000002
APSIPA,LS-PCQA,Beagle_losslessG-limitlossyA_5.ply,Beagle.ply,4.3,3.2467500000000005
APSIPA,LS-PCQA,Beagle_losslessG-limitlossyA_6.ply,Beagle.ply,3.73333333333333,2.630750000000001
APSIPA,LS-PCQA,Beagle_losslessG-limitlossyA_7.ply,Beagle.ply,3.28571428571429,1.7822500000000003
APSIPA,LS-PCQA,Beagle_LumaNoise_1.ply,Beagle.ply,4.85714285714286,4.6172499999999985
APSIPA,LS-PCQA,Beagle_LumaNoise_3.ply,Beagle.ply,3.03571428571429,2.04225
APSIPA,LS-PCQA,Beagle_LumaNoise_4.ply,Beagle.ply,3.46875,1.7362499999999996
APSIPA,LS-PCQA,Beagle_LumaNoise_5.ply,Beagle.ply,2.9,1.5714999999999997
APSIPA,LS-PCQA,Beagle_LumaNoise_7.ply,Beagle.ply,3.0,1.4620000000000002
APSIPA,LS-PCQA,BirdToucan_losslessG-limitlossyA_3.ply,BirdToucan.ply,4.83333333333333,4.11275
APSIPA,LS-PCQA,BirdToucan_losslessG-limitlossyA_4.ply,BirdToucan.ply,4.8,3.6862500000000007
APSIPA,LS-PCQA,BirdToucan_losslessG-limitlossyA_5.ply,BirdToucan.ply,4.33333333333333,3.061500000000001
APSIPA,LS-PCQA,BirdToucan_losslessG-limitlossyA_6.ply,BirdToucan.ply,3.76666666666667,2.435750000000001
APSIPA,LS-PCQA,BirdToucan_losslessG-limitlossyA_7.ply,BirdToucan.ply,3.53333333333333,2.0297500000000013
APSIPA,LS-PCQA,BirdToucan_MeanShift_1.ply,BirdToucan.ply,4.82142857142857,4.624749999999998
APSIPA,LS-PCQA,BirdToucan_MeanShift_3.ply,BirdToucan.ply,3.71428571428571,3.5707499999999994
APSIPA,LS-PCQA,BirdToucan_MeanShift_4.ply,BirdToucan.ply,3.07142857142857,2.8717499999999996
APSIPA,LS-PCQA,BirdToucan_MeanShift_5.ply,BirdToucan.ply,3.10714285714286,2.2972500000000005
APSIPA,LS-PCQA,BirdToucan_MeanShift_7.ply,BirdToucan.ply,2.42857142857143,1.7384999999999993
APSIPA,LS-PCQA,Birdv1_losslessG-lossyA_3.ply,Birdv1.ply,4.96428571428571,4.0245
APSIPA,LS-PCQA,Birdv1_losslessG-lossyA_4.ply,Birdv1.ply,4.67857142857143,3.206249999999999
APSIPA,LS-PCQA,Birdv1_losslessG-lossyA_5.ply,Birdv1.ply,3.9,2.5515000000000017
APSIPA,LS-PCQA,Birdv1_losslessG-lossyA_6.ply,Birdv1.ply,2.67857142857143,1.7537500000000006
APSIPA,LS-PCQA,Birdv1_losslessG-lossyA_7.ply,Birdv1.ply,2.63333333333333,1.6174999999999997
APSIPA,LS-PCQA,Birdv1_MeanShift_1.ply,Birdv1.ply,4.92857142857143,4.653249999999998
APSIPA,LS-PCQA,Birdv1_MeanShift_3.ply,Birdv1.ply,3.25,3.53775
APSIPA,LS-PCQA,Birdv1_MeanShift_4.ply,Birdv1.ply,3.1,3.03325
APSIPA,LS-PCQA,Birdv1_MeanShift_5.ply,Birdv1.ply,2.82142857142857,2.1457500000000005
APSIPA,LS-PCQA,Birdv1_MeanShift_7.ply,Birdv1.ply,2.8125,1.5382499999999997
APSIPA,LS-PCQA,BirdV2_losslessG-lossyA_3.ply,BirdV2.ply,4.75,4.1715
APSIPA,LS-PCQA,BirdV2_losslessG-lossyA_4.ply,BirdV2.ply,4.6,3.4824999999999995
APSIPA,LS-PCQA,BirdV2_losslessG-lossyA_5.ply,BirdV2.ply,3.53125,2.2442500000000014
APSIPA,LS-PCQA,BirdV2_losslessG-lossyA_6.ply,BirdV2.ply,3.25,1.7375000000000005
APSIPA,LS-PCQA,BirdV2_losslessG-lossyA_7.ply,BirdV2.ply,3.23333333333333,1.5505000000000002
APSIPA,LS-PCQA,BirdV3_MultiplicativeGaussianNoise_1.ply,BirdV3.ply,3.56666666666667,1.8202500000000001
APSIPA,LS-PCQA,BirdV3_MultiplicativeGaussianNoise_3.ply,BirdV3.ply,3.21875,1.5252499999999998
APSIPA,LS-PCQA,BirdV3_MultiplicativeGaussianNoise_4.ply,BirdV3.ply,2.9,1.5097499999999995
APSIPA,LS-PCQA,BirdV3_MultiplicativeGaussianNoise_5.ply,BirdV3.ply,3.0,1.495
APSIPA,LS-PCQA,BirdV3_MultiplicativeGaussianNoise_7.ply,BirdV3.ply,2.84375,1.4899999999999998
APSIPA,LS-PCQA,BirdV4_MultiplicativeGaussianNoise_1.ply,BirdV4.ply,3.60714285714286,2.9440000000000013
APSIPA,LS-PCQA,BirdV4_MultiplicativeGaussianNoise_3.ply,BirdV4.ply,3.35714285714286,1.8415000000000006
APSIPA,LS-PCQA,BirdV4_MultiplicativeGaussianNoise_4.ply,BirdV4.ply,3.17857142857143,1.7092500000000004
APSIPA,LS-PCQA,BirdV4_MultiplicativeGaussianNoise_5.ply,BirdV4.ply,2.93333333333333,1.6477500000000003
APSIPA,LS-PCQA,BirdV4_MultiplicativeGaussianNoise_7.ply,BirdV4.ply,2.53571428571429,1.5330000000000004
APSIPA,LS-PCQA,Birdv5_Octree_1.ply,Birdv5.ply,3.64285714285714,1.3319999999999999
APSIPA,LS-PCQA,Birdv5_Octree_2.ply,Birdv5.ply,2.46428571428571,1.1614999999999998
APSIPA,LS-PCQA,Birdv5_Octree_3.ply,Birdv5.ply,2.39285714285714,1.1127499999999995
APSIPA,LS-PCQA,Birdv5_Octree_4.ply,Birdv5.ply,2.14285714285714,1.031
APSIPA,LS-PCQA,Birdv5_Octree_5.ply,Birdv5.ply,2.03571428571429,1.0165
APSIPA,LS-PCQA,BirdV6_Octree_1.ply,BirdV6.ply,3.25,1.5194999999999999
APSIPA,LS-PCQA,BirdV6_Octree_2.ply,BirdV6.ply,2.76666666666667,1.2149999999999999
APSIPA,LS-PCQA,BirdV6_Octree_3.ply,BirdV6.ply,2.71428571428571,1.0937499999999998
APSIPA,LS-PCQA,BirdV6_Octree_4.ply,BirdV6.ply,2.40625,1.00375
APSIPA,LS-PCQA,BirdV6_Octree_5.ply,BirdV6.ply,2.35714285714286,1.0045
APSIPA,LS-PCQA,BricksWall_GammaNoise_1.ply,BricksWall.ply,3.78125,3.432250000000002
APSIPA,LS-PCQA,BricksWall_GammaNoise_3.ply,BricksWall.ply,3.32142857142857,2.6105000000000014
APSIPA,LS-PCQA,BricksWall_GammaNoise_4.ply,BricksWall.ply,3.4375,2.453250000000001
APSIPA,LS-PCQA,BricksWall_GammaNoise_5.ply,BricksWall.ply,3.32142857142857,2.200500000000001
APSIPA,LS-PCQA,BricksWall_GammaNoise_7.ply,BricksWall.ply,2.53571428571429,1.8094999999999999
APSIPA,LS-PCQA,BricksWall_HighFrequencyNoise_3.ply,BricksWall.ply,4.25,3.6589999999999985
APSIPA,LS-PCQA,BricksWall_HighFrequencyNoise_4.ply,BricksWall.ply,4.17857142857143,3.4915
APSIPA,LS-PCQA,BricksWall_HighFrequencyNoise_5.ply,BricksWall.ply,3.6875,3.0885000000000002
APSIPA,LS-PCQA,BricksWall_HighFrequencyNoise_6.ply,BricksWall.ply,3.35714285714286,2.144500000000001
APSIPA,LS-PCQA,BricksWall_HighFrequencyNoise_7.ply,BricksWall.ply,3.10714285714286,1.9580000000000002
APSIPA,LS-PCQA,BricksWall_limitlossyG-lossyA_3.ply,BricksWall.ply,4.67857142857143,4.069000000000001
APSIPA,LS-PCQA,BricksWall_limitlossyG-lossyA_4.ply,BricksWall.ply,4.71875,2.1582500000000007
APSIPA,LS-PCQA,BricksWall_limitlossyG-lossyA_5.ply,BricksWall.ply,2.82142857142857,1.440500000000001
APSIPA,LS-PCQA,BricksWall_limitlossyG-lossyA_6.ply,BricksWall.ply,1.84375,1.1629999999999996
APSIPA,LS-PCQA,BricksWall_limitlossyG-lossyA_7.ply,BricksWall.ply,1.1,1.114
APSIPA,LS-PCQA,BricksWall_QuantizationNoise_1.ply,BricksWall.ply,4.03125,3.972249999999998
APSIPA,LS-PCQA,BricksWall_QuantizationNoise_3.ply,BricksWall.ply,3.96666666666667,3.169499999999999
APSIPA,LS-PCQA,BricksWall_QuantizationNoise_4.ply,BricksWall.ply,3.28571428571429,2.6855000000000007
APSIPA,LS-PCQA,BricksWall_QuantizationNoise_5.ply,BricksWall.ply,3.82142857142857,2.6855000000000007
APSIPA,LS-PCQA,BricksWall_QuantizationNoise_7.ply,BricksWall.ply,3.17857142857143,2.1277500000000007
APSIPA,LS-PCQA,bristleback_GaussianNoise_1.ply,bristleback.ply,3.42857142857143,2.1845000000000003
APSIPA,LS-PCQA,bristleback_GaussianNoise_3.ply,bristleback.ply,3.5,1.7282499999999996
APSIPA,LS-PCQA,bristleback_GaussianNoise_4.ply,bristleback.ply,3.2,1.6222500000000002
APSIPA,LS-PCQA,bristleback_GaussianNoise_5.ply,bristleback.ply,2.78571428571429,1.5450000000000006
APSIPA,LS-PCQA,bristleback_GaussianNoise_7.ply,bristleback.ply,2.4,1.5037500000000004
APSIPA,LS-PCQA,bristleback_MultiplicativeGaussianNoise_1.ply,bristleback.ply,3.53571428571429,2.475500000000001
APSIPA,LS-PCQA,bristleback_MultiplicativeGaussianNoise_3.ply,bristleback.ply,3.21428571428571,1.9287500000000002
APSIPA,LS-PCQA,bristleback_MultiplicativeGaussianNoise_4.ply,bristleback.ply,2.96428571428571,1.7097499999999999
APSIPA,LS-PCQA,bristleback_MultiplicativeGaussianNoise_5.ply,bristleback.ply,3.03125,1.6207500000000004
APSIPA,LS-PCQA,bristleback_MultiplicativeGaussianNoise_7.ply,bristleback.ply,2.76666666666667,1.5357500000000004
APSIPA,LS-PCQA,Caffe_ColorNoise_3.ply,Caffe.ply,3.92857142857143,3.4392499999999995
APSIPA,LS-PCQA,Caffe_ColorNoise_4.ply,Caffe.ply,3.53571428571429,2.793500000000001
APSIPA,LS-PCQA,Caffe_ColorNoise_5.ply,Caffe.ply,3.63333333333333,2.379500000000001
APSIPA,LS-PCQA,Caffe_ColorNoise_6.ply,Caffe.ply,3.39285714285714,1.9042500000000004
APSIPA,LS-PCQA,Caffe_ColorNoise_7.ply,Caffe.ply,2.89285714285714,1.6687500000000006
APSIPA,LS-PCQA,Caffe_ContrastDistortion_1.ply,Caffe.ply,4.0,3.677
APSIPA,LS-PCQA,Caffe_ContrastDistortion_2.ply,Caffe.ply,3.60714285714286,2.633000000000002
APSIPA,LS-PCQA,Caffe_ContrastDistortion_3.ply,Caffe.ply,3.28571428571429,1.7619999999999998
APSIPA,LS-PCQA,Caffe_ContrastDistortion_4.ply,Caffe.ply,3.17857142857143,1.4975000000000003
APSIPA,LS-PCQA,Caffe_ContrastDistortion_5.ply,Caffe.ply,2.21428571428571,1.4992500000000002
APSIPA,LS-PCQA,Caffe_CorrelatedGaussianNoise_1.ply,Caffe.ply,4.10714285714286,3.2847500000000003
APSIPA,LS-PCQA,Caffe_CorrelatedGaussianNoise_2.ply,Caffe.ply,3.75,2.3305000000000002
APSIPA,LS-PCQA,Caffe_CorrelatedGaussianNoise_3.ply,Caffe.ply,3.59375,1.7522499999999996
APSIPA,LS-PCQA,Caffe_CorrelatedGaussianNoise_4.ply,Caffe.ply,3.28571428571429,1.6177500000000002
APSIPA,LS-PCQA,Caffe_CorrelatedGaussianNoise_5.ply,Caffe.ply,2.89285714285714,1.5230000000000004
APSIPA,LS-PCQA,Caffe_GaussianShifting_1.ply,Caffe.ply,4.46875,3.9415000000000013
APSIPA,LS-PCQA,Caffe_GaussianShifting_2.ply,Caffe.ply,3.2,2.354500000000001
APSIPA,LS-PCQA,Caffe_GaussianShifting_3.ply,Caffe.ply,3.13333333333333,1.565
APSIPA,LS-PCQA,Caffe_GaussianShifting_4.ply,Caffe.ply,2.39285714285714,1.3612499999999994
APSIPA,LS-PCQA,Caffe_GaussianShifting_5.ply,Caffe.ply,2.25,1.1987499999999995
APSIPA,LS-PCQA,Caffe_LumaNoise_1.ply,Caffe.ply,4.07142857142857,4.622499999999999
APSIPA,LS-PCQA,Caffe_LumaNoise_3.ply,Caffe.ply,3.10714285714286,3.5369999999999995
APSIPA,LS-PCQA,Caffe_LumaNoise_4.ply,Caffe.ply,2.85714285714286,3.1105000000000005
APSIPA,LS-PCQA,Caffe_LumaNoise_5.ply,Caffe.ply,2.92857142857143,2.6175000000000006
APSIPA,LS-PCQA,Caffe_LumaNoise_7.ply,Caffe.ply,2.57142857142857,2.2039999999999997
APSIPA,LS-PCQA,CardiganWelshCorgi_ColorNoise_3.ply,CardiganWelshCorgi.ply,4.25,2.8537500000000016
APSIPA,LS-PCQA,CardiganWelshCorgi_ColorNoise_4.ply,CardiganWelshCorgi.ply,3.9,1.9097500000000003
APSIPA,LS-PCQA,CardiganWelshCorgi_ColorNoise_5.ply,CardiganWelshCorgi.ply,3.57142857142857,1.6557500000000005
APSIPA,LS-PCQA,CardiganWelshCorgi_ColorNoise_6.ply,CardiganWelshCorgi.ply,3.07142857142857,1.5417500000000004
APSIPA,LS-PCQA,CardiganWelshCorgi_ColorNoise_7.ply,CardiganWelshCorgi.ply,3.0,1.4927500000000007
APSIPA,LS-PCQA,Cat_ColorNoise_3.ply,Cat.ply,4.65625,3.44325
APSIPA,LS-PCQA,Cat_ColorNoise_4.ply,Cat.ply,4.03571428571429,2.8060000000000014
APSIPA,LS-PCQA,Cat_ColorNoise_5.ply,Cat.ply,3.71428571428571,2.1720000000000006
APSIPA,LS-PCQA,Cat_ColorNoise_6.ply,Cat.ply,3.43333333333333,1.7070000000000005
APSIPA,LS-PCQA,Cat_ColorNoise_7.ply,Cat.ply,3.25,1.6137500000000005
APSIPA,LS-PCQA,Cat_PoissonNoise_3.ply,Cat.ply,4.36666666666667,3.8777500000000003
APSIPA,LS-PCQA,Cat_PoissonNoise_4.ply,Cat.ply,4.3,3.445500000000001
APSIPA,LS-PCQA,Cat_PoissonNoise_5.ply,Cat.ply,3.46428571428571,3.196999999999999
APSIPA,LS-PCQA,Cat_PoissonNoise_6.ply,Cat.ply,3.8125,2.989750000000001
APSIPA,LS-PCQA,Cat_PoissonNoise_7.ply,Cat.ply,3.32142857142857,2.770500000000001
APSIPA,LS-PCQA,CatV1_PoissonNoise_3.ply,CatV1.ply,3.42857142857143,3.3227499999999996
APSIPA,LS-PCQA,CatV1_PoissonNoise_4.ply,CatV1.ply,3.46875,2.9690000000000007
APSIPA,LS-PCQA,CatV1_PoissonNoise_5.ply,CatV1.ply,3.14285714285714,2.861500000000001
APSIPA,LS-PCQA,CatV1_PoissonNoise_6.ply,CatV1.ply,2.96666666666667,2.5732500000000003
APSIPA,LS-PCQA,CatV1_PoissonNoise_7.ply,CatV1.ply,3.34375,2.3335000000000004
APSIPA,LS-PCQA,Chicken_ColorQuantizationDither_3.ply,Chicken.ply,4.0,2.978000000000001
APSIPA,LS-PCQA,Chicken_ColorQuantizationDither_4.ply,Chicken.ply,3.17857142857143,2.6845000000000003
APSIPA,LS-PCQA,Chicken_ColorQuantizationDither_5.ply,Chicken.ply,3.03571428571429,2.2197500000000012
APSIPA,LS-PCQA,Chicken_ColorQuantizationDither_6.ply,Chicken.ply,2.46428571428571,1.6592500000000003
APSIPA,LS-PCQA,Chicken_ColorQuantizationDither_7.ply,Chicken.ply,2.03571428571429,1.47275
APSIPA,LS-PCQA,Chicken_QuantizationNoise_1.ply,Chicken.ply,3.96428571428571,3.7017500000000005
APSIPA,LS-PCQA,Chicken_QuantizationNoise_3.ply,Chicken.ply,3.85714285714286,3.3002500000000015
APSIPA,LS-PCQA,Chicken_QuantizationNoise_4.ply,Chicken.ply,3.6,2.550250000000002
APSIPA,LS-PCQA,Chicken_QuantizationNoise_5.ply,Chicken.ply,3.63333333333333,2.550250000000002
APSIPA,LS-PCQA,Chicken_QuantizationNoise_7.ply,Chicken.ply,3.16666666666667,1.7592500000000004
APSIPA,LS-PCQA,crabV2_ColorQuantizationDither_3.ply,crabV2.ply,4.25,2.844750000000001
APSIPA,LS-PCQA,crabV2_ColorQuantizationDither_4.ply,crabV2.ply,3.32142857142857,2.3535000000000013
APSIPA,LS-PCQA,crabV2_ColorQuantizationDither_5.ply,crabV2.ply,2.96666666666667,2.133250000000001
APSIPA,LS-PCQA,crabV2_ColorQuantizationDither_6.ply,crabV2.ply,2.28571428571429,1.7557500000000004
APSIPA,LS-PCQA,crabV2_ColorQuantizationDither_7.ply,crabV2.ply,2.17857142857143,1.45375
APSIPA,LS-PCQA,dancer_lossless-geom-nearlossless-attrs_3.ply,dancer.ply,4.89285714285714,4.4777499999999995
APSIPA,LS-PCQA,dancer_lossless-geom-nearlossless-attrs_4.ply,dancer.ply,4.66666666666667,3.772
APSIPA,LS-PCQA,dancer_lossless-geom-nearlossless-attrs_5.ply,dancer.ply,3.71428571428571,2.3727500000000017
APSIPA,LS-PCQA,dancer_lossless-geom-nearlossless-attrs_6.ply,dancer.ply,2.78571428571429,1.7932499999999998
APSIPA,LS-PCQA,dancer_lossless-geom-nearlossless-attrs_7.ply,dancer.ply,1.42857142857143,1.50325
APSIPA,LS-PCQA,dancer_losslessG-limitlossyA_3.ply,dancer.ply,4.89285714285714,4.355750000000001
APSIPA,LS-PCQA,dancer_losslessG-limitlossyA_4.ply,dancer.ply,4.46428571428571,3.756499999999999
APSIPA,LS-PCQA,dancer_losslessG-limitlossyA_5.ply,dancer.ply,3.92857142857143,2.7190000000000016
APSIPA,LS-PCQA,dancer_losslessG-limitlossyA_6.ply,dancer.ply,3.36666666666667,1.9665000000000004
APSIPA,LS-PCQA,dancer_losslessG-limitlossyA_7.ply,dancer.ply,3.0,1.6377499999999998
APSIPA,LS-PCQA,dancer_QuantizationNoise_1.ply,dancer.ply,3.89285714285714,2.8922500000000007
APSIPA,LS-PCQA,dancer_QuantizationNoise_3.ply,dancer.ply,3.57142857142857,2.1412500000000008
APSIPA,LS-PCQA,dancer_QuantizationNoise_4.ply,dancer.ply,3.35714285714286,1.913
APSIPA,LS-PCQA,dancer_QuantizationNoise_5.ply,dancer.ply,3.3125,1.913
APSIPA,LS-PCQA,dancer_QuantizationNoise_7.ply,dancer.ply,2.93333333333333,1.5672499999999996
APSIPA,LS-PCQA,DobermanPinscher_ContrastDistortion_1.ply,DobermanPinscher.ply,3.82142857142857,3.6252499999999994
APSIPA,LS-PCQA,DobermanPinscher_ContrastDistortion_2.ply,DobermanPinscher.ply,3.17857142857143,3.0347500000000003
APSIPA,LS-PCQA,DobermanPinscher_ContrastDistortion_3.ply,DobermanPinscher.ply,2.93333333333333,2.2672500000000007
APSIPA,LS-PCQA,DobermanPinscher_ContrastDistortion_4.ply,DobermanPinscher.ply,2.66666666666667,1.8082500000000001
APSIPA,LS-PCQA,DobermanPinscher_ContrastDistortion_5.ply,DobermanPinscher.ply,2.86666666666667,1.5475000000000003
APSIPA,LS-PCQA,DobermanPinscher_QuantizationNoise_1.ply,DobermanPinscher.ply,4.28571428571429,2.794750000000002
APSIPA,LS-PCQA,DobermanPinscher_QuantizationNoise_3.ply,DobermanPinscher.ply,3.53571428571429,2.519500000000001
APSIPA,LS-PCQA,DobermanPinscher_QuantizationNoise_4.ply,DobermanPinscher.ply,3.78571428571429,2.1880000000000006
APSIPA,LS-PCQA,DobermanPinscher_QuantizationNoise_5.ply,DobermanPinscher.ply,3.53571428571429,2.1880000000000006
APSIPA,LS-PCQA,DobermanPinscher_QuantizationNoise_7.ply,DobermanPinscher.ply,3.1,1.7157500000000008
APSIPA,LS-PCQA,Dolphin_ContrastDistortion_1.ply,Dolphin.ply,3.67857142857143,3.3895
APSIPA,LS-PCQA,Dolphin_ContrastDistortion_2.ply,Dolphin.ply,3.03333333333333,2.0557500000000006
APSIPA,LS-PCQA,Dolphin_ContrastDistortion_3.ply,Dolphin.ply,2.32142857142857,1.4542500000000005
APSIPA,LS-PCQA,Dolphin_ContrastDistortion_4.ply,Dolphin.ply,2.0,1.4375
APSIPA,LS-PCQA,Dolphin_ContrastDistortion_5.ply,Dolphin.ply,1.85714285714286,1.4475
APSIPA,LS-PCQA,Dolphin_RayleighNoise_1.ply,Dolphin.ply,4.17857142857143,3.1785
APSIPA,LS-PCQA,Dolphin_RayleighNoise_3.ply,Dolphin.ply,3.42857142857143,2.0275000000000007
APSIPA,LS-PCQA,Dolphin_RayleighNoise_4.ply,Dolphin.ply,3.14285714285714,1.7785000000000002
APSIPA,LS-PCQA,Dolphin_RayleighNoise_5.ply,Dolphin.ply,2.92857142857143,1.68025
APSIPA,LS-PCQA,Dolphin_RayleighNoise_7.ply,Dolphin.ply,2.46428571428571,1.5367500000000005
APSIPA,LS-PCQA,Dragon_LocalRotation_1.ply,Dragon.ply,3.25,4.153500000000001
APSIPA,LS-PCQA,Dragon_LocalRotation_2.ply,Dragon.ply,3.0625,4.154750000000001
APSIPA,LS-PCQA,Dragon_LocalRotation_3.ply,Dragon.ply,1.21428571428571,3.608750000000001
APSIPA,LS-PCQA,Dragon_LocalRotation_4.ply,Dragon.ply,1.13333333333333,2.015
APSIPA,LS-PCQA,Dragon_LocalRotation_5.ply,Dragon.ply,1.0,1.6377500000000003
APSIPA,LS-PCQA,Duck_CorrelatedGaussianNoise_1.ply,Duck.ply,4.78571428571429,3.5547500000000003
APSIPA,LS-PCQA,Duck_CorrelatedGaussianNoise_2.ply,Duck.ply,3.82142857142857,2.3780000000000014
APSIPA,LS-PCQA,Duck_CorrelatedGaussianNoise_3.ply,Duck.ply,3.53125,1.8732500000000005
APSIPA,LS-PCQA,Duck_CorrelatedGaussianNoise_4.ply,Duck.ply,3.21428571428571,1.5897500000000002
APSIPA,LS-PCQA,Duck_CorrelatedGaussianNoise_5.ply,Duck.ply,3.125,1.5357500000000004
APSIPA,LS-PCQA,Duck_RayleighNoise_1.ply,Duck.ply,4.5,3.8322500000000006
APSIPA,LS-PCQA,Duck_RayleighNoise_3.ply,Duck.ply,3.25,2.176750000000002
APSIPA,LS-PCQA,Duck_RayleighNoise_4.ply,Duck.ply,3.15625,1.7365000000000004
APSIPA,LS-PCQA,Duck_RayleighNoise_5.ply,Duck.ply,3.0,1.60925
APSIPA,LS-PCQA,Duck_RayleighNoise_7.ply,Duck.ply,2.5,1.5037500000000006
APSIPA,LS-PCQA,DuckV1_CorrelatedGaussianNoise_1.ply,DuckV1.ply,4.71428571428571,3.83825
APSIPA,LS-PCQA,DuckV1_CorrelatedGaussianNoise_2.ply,DuckV1.ply,4.14285714285714,3.4684999999999997
APSIPA,LS-PCQA,DuckV1_CorrelatedGaussianNoise_3.ply,DuckV1.ply,3.75,2.8557500000000022
APSIPA,LS-PCQA,DuckV1_CorrelatedGaussianNoise_4.ply,DuckV1.ply,3.39285714285714,2.253250000000001
APSIPA,LS-PCQA,DuckV1_CorrelatedGaussianNoise_5.ply,DuckV1.ply,3.16666666666667,1.7807500000000007
APSIPA,LS-PCQA,DuckV1_reconstruction_3.ply,DuckV1.ply,3.82142857142857,1.6397500000000005
APSIPA,LS-PCQA,DuckV1_reconstruction_4.ply,DuckV1.ply,4.0,1.6139999999999999
APSIPA,LS-PCQA,DuckV1_reconstruction_5.ply,DuckV1.ply,3.73333333333333,1.5477500000000008
APSIPA,LS-PCQA,DuckV1_reconstruction_6.ply,DuckV1.ply,3.6875,1.5052500000000006
APSIPA,LS-PCQA,DuckV1_reconstruction_7.ply,DuckV1.ply,2.78571428571429,1.2837499999999997
APSIPA,LS-PCQA,EasternHognoseSnake_DownSample_3.ply,EasternHognoseSnake.ply,4.53571428571429,2.7245000000000004
APSIPA,LS-PCQA,EasternHognoseSnake_DownSample_4.ply,EasternHognoseSnake.ply,4.13333333333333,2.475
APSIPA,LS-PCQA,EasternHognoseSnake_DownSample_5.ply,EasternHognoseSnake.ply,3.96428571428571,2.1632499999999997
APSIPA,LS-PCQA,EasternHognoseSnake_DownSample_6.ply,EasternHognoseSnake.ply,3.33333333333333,1.7332500000000002
APSIPA,LS-PCQA,EasternHognoseSnake_DownSample_7.ply,EasternHognoseSnake.ply,2.9375,1.4307499999999995
APSIPA,LS-PCQA,EmperorPenguin_DownSample_3.ply,EmperorPenguin.ply,4.125,3.964000000000002
APSIPA,LS-PCQA,EmperorPenguin_DownSample_4.ply,EmperorPenguin.ply,3.57142857142857,3.298499999999999
APSIPA,LS-PCQA,EmperorPenguin_DownSample_5.ply,EmperorPenguin.ply,3.375,2.7670000000000003
APSIPA,LS-PCQA,EmperorPenguin_DownSample_6.ply,EmperorPenguin.ply,3.0,2.139750000000001
APSIPA,LS-PCQA,EmperorPenguin_DownSample_7.ply,EmperorPenguin.ply,2.78571428571429,1.5357500000000004
APSIPA,LS-PCQA,exercise_losslessG-lossyA_3.ply,exercise.ply,4.82142857142857,3.8459999999999996
APSIPA,LS-PCQA,exercise_losslessG-lossyA_4.ply,exercise.ply,3.5,2.724500000000001
APSIPA,LS-PCQA,exercise_losslessG-lossyA_5.ply,exercise.ply,3.40625,1.7559999999999996
APSIPA,LS-PCQA,exercise_losslessG-lossyA_6.ply,exercise.ply,2.71875,1.5585
APSIPA,LS-PCQA,exercise_losslessG-lossyA_7.ply,exercise.ply,2.17857142857143,1.4984999999999993
APSIPA,LS-PCQA,exercise_lossy-geom-lossy-attrs_3.ply,exercise.ply,4.67857142857143,2.824250000000002
APSIPA,LS-PCQA,exercise_lossy-geom-lossy-attrs_4.ply,exercise.ply,3.85714285714286,1.916
APSIPA,LS-PCQA,exercise_lossy-geom-lossy-attrs_5.ply,exercise.ply,3.28571428571429,1.1167500000000008
APSIPA,LS-PCQA,exercise_lossy-geom-lossy-attrs_6.ply,exercise.ply,2.67857142857143,1.0085
APSIPA,LS-PCQA,exercise_lossy-geom-lossy-attrs_7.ply,exercise.ply,1.60714285714286,1.00275
APSIPA,LS-PCQA,exercise_RayleighNoise_1.ply,exercise.ply,4.17857142857143,3.2585000000000006
APSIPA,LS-PCQA,exercise_RayleighNoise_3.ply,exercise.ply,3.3125,1.62675
APSIPA,LS-PCQA,exercise_RayleighNoise_4.ply,exercise.ply,2.89285714285714,1.56575
APSIPA,LS-PCQA,exercise_RayleighNoise_5.ply,exercise.ply,2.71428571428571,1.52425
APSIPA,LS-PCQA,exercise_RayleighNoise_7.ply,exercise.ply,2.39285714285714,1.4922499999999999
APSIPA,LS-PCQA,Facade00009_GaussianNoise_1.ply,Facade00009.ply,3.57142857142857,1.8880000000000001
APSIPA,LS-PCQA,Facade00009_GaussianNoise_3.ply,Facade00009.ply,3.03571428571429,1.5732499999999998
APSIPA,LS-PCQA,Facade00009_GaussianNoise_4.ply,Facade00009.ply,3.0,1.5362500000000003
APSIPA,LS-PCQA,Facade00009_GaussianNoise_5.ply,Facade00009.ply,2.96875,1.5020000000000002
APSIPA,LS-PCQA,Facade00009_GaussianNoise_7.ply,Facade00009.ply,2.0,1.4972500000000002
APSIPA,LS-PCQA,Facade00009_LocalLoss_1.ply,Facade00009.ply,3.16666666666667,4.556250000000001
APSIPA,LS-PCQA,Facade00009_LocalLoss_2.ply,Facade00009.ply,2.67857142857143,4.383750000000001
APSIPA,LS-PCQA,Facade00009_LocalLoss_3.ply,Facade00009.ply,2.15625,3.706999999999998
APSIPA,LS-PCQA,Facade00009_LocalLoss_4.ply,Facade00009.ply,1.67857142857143,3.070500000000001
APSIPA,LS-PCQA,Facade00009_LocalLoss_5.ply,Facade00009.ply,1.59375,2.329250000000001
APSIPA,LS-PCQA,Facade00009_losslessG-limitlossyA_3.ply,Facade00009.ply,4.46428571428571,4.873499999999996
APSIPA,LS-PCQA,Facade00009_losslessG-limitlossyA_4.ply,Facade00009.ply,4.6,4.586250000000001
APSIPA,LS-PCQA,Facade00009_losslessG-limitlossyA_5.ply,Facade00009.ply,4.46666666666667,4.032499999999998
APSIPA,LS-PCQA,Facade00009_losslessG-limitlossyA_6.ply,Facade00009.ply,4.16666666666667,3.1862500000000025
APSIPA,LS-PCQA,Facade00009_losslessG-limitlossyA_7.ply,Facade00009.ply,4.03571428571429,2.4997500000000015
APSIPA,LS-PCQA,Facade00009_RayleighNoise_1.ply,Facade00009.ply,4.375,4.437499999999999
APSIPA,LS-PCQA,Facade00009_RayleighNoise_3.ply,Facade00009.ply,3.57142857142857,2.1240000000000006
APSIPA,LS-PCQA,Facade00009_RayleighNoise_4.ply,Facade00009.ply,3.0,1.70625
APSIPA,LS-PCQA,Facade00009_RayleighNoise_5.ply,Facade00009.ply,2.89285714285714,1.5872499999999996
APSIPA,LS-PCQA,Facade00009_RayleighNoise_7.ply,Facade00009.ply,2.53571428571429,1.5130000000000003
APSIPA,LS-PCQA,Facade00009_reconstruction_3.ply,Facade00009.ply,2.78571428571429,1.273749999999999
APSIPA,LS-PCQA,Facade00009_reconstruction_4.ply,Facade00009.ply,2.64285714285714,1.2554999999999992
APSIPA,LS-PCQA,Facade00009_reconstruction_5.ply,Facade00009.ply,2.35714285714286,1.2142499999999994
APSIPA,LS-PCQA,Facade00009_reconstruction_6.ply,Facade00009.ply,2.5,1.1772499999999995
APSIPA,LS-PCQA,Facade00009_reconstruction_7.ply,Facade00009.ply,2.10714285714286,1.1257499999999996
APSIPA,LS-PCQA,Facade00064_GaussianNoise_1.ply,Facade00064.ply,2.82142857142857,1.8607500000000008
APSIPA,LS-PCQA,Facade00064_GaussianNoise_3.ply,Facade00064.ply,2.5,1.6422499999999998
APSIPA,LS-PCQA,Facade00064_GaussianNoise_4.ply,Facade00064.ply,1.7,1.5529999999999995
APSIPA,LS-PCQA,Facade00064_GaussianNoise_5.ply,Facade00064.ply,2.0,1.4912500000000002
APSIPA,LS-PCQA,Facade00064_GaussianNoise_7.ply,Facade00064.ply,1.5,1.4860000000000002
APSIPA,LS-PCQA,Facade00064_LocalOffset_1.ply,Facade00064.ply,2.39285714285714,3.7412499999999995
APSIPA,LS-PCQA,Facade00064_LocalOffset_2.ply,Facade00064.ply,2.26666666666667,3.3057499999999997
APSIPA,LS-PCQA,Facade00064_LocalOffset_3.ply,Facade00064.ply,1.92857142857143,2.4072500000000012
APSIPA,LS-PCQA,Facade00064_LocalOffset_4.ply,Facade00064.ply,1.56666666666667,1.870750000000001
APSIPA,LS-PCQA,Facade00064_LocalOffset_5.ply,Facade00064.ply,1.21428571428571,1.7240000000000004
APSIPA,LS-PCQA,Facade00064_LocalRotation_1.ply,Facade00064.ply,2.40625,4.435000000000001
APSIPA,LS-PCQA,Facade00064_LocalRotation_2.ply,Facade00064.ply,1.46428571428571,2.6355000000000013
APSIPA,LS-PCQA,Facade00064_LocalRotation_3.ply,Facade00064.ply,1.57142857142857,2.618500000000001
APSIPA,LS-PCQA,Facade00064_LocalRotation_4.ply,Facade00064.ply,1.03571428571429,2.292500000000001
APSIPA,LS-PCQA,Facade00064_LocalRotation_5.ply,Facade00064.ply,1.07142857142857,2.2102500000000007
APSIPA,LS-PCQA,Facade00064_losslessG-limitlossyA_3.ply,Facade00064.ply,4.66666666666667,4.7775
APSIPA,LS-PCQA,Facade00064_losslessG-limitlossyA_4.ply,Facade00064.ply,4.53571428571429,4.357499999999999
APSIPA,LS-PCQA,Facade00064_losslessG-limitlossyA_5.ply,Facade00064.ply,3.82142857142857,3.541000000000001
APSIPA,LS-PCQA,Facade00064_losslessG-limitlossyA_6.ply,Facade00064.ply,3.21428571428571,2.694000000000001
APSIPA,LS-PCQA,Facade00064_losslessG-limitlossyA_7.ply,Facade00064.ply,1.875,1.8367500000000008
APSIPA,LS-PCQA,Facade00064_RayleighNoise_1.ply,Facade00064.ply,4.06666666666667,4.02375
APSIPA,LS-PCQA,Facade00064_RayleighNoise_3.ply,Facade00064.ply,2.67857142857143,2.1347500000000004
APSIPA,LS-PCQA,Facade00064_RayleighNoise_4.ply,Facade00064.ply,2.71875,1.8055
APSIPA,LS-PCQA,Facade00064_RayleighNoise_5.ply,Facade00064.ply,2.33333333333333,1.679
APSIPA,LS-PCQA,Facade00064_RayleighNoise_7.ply,Facade00064.ply,1.92857142857143,1.5425
APSIPA,LS-PCQA,Fish_GammaNoise_1.ply,Fish.ply,3.53571428571429,2.76875
APSIPA,LS-PCQA,Fish_GammaNoise_3.ply,Fish.ply,3.33333333333333,2.2192500000000006
APSIPA,LS-PCQA,Fish_GammaNoise_4.ply,Fish.ply,3.0,2.0695000000000006
APSIPA,LS-PCQA,Fish_GammaNoise_5.ply,Fish.ply,3.06666666666667,1.8352499999999998
APSIPA,LS-PCQA,Fish_GammaNoise_7.ply,Fish.ply,2.39285714285714,1.5637499999999995
APSIPA,LS-PCQA,Fish_reconstruction_3.ply,Fish.ply,4.13333333333333,1.5312499999999993
APSIPA,LS-PCQA,Fish_reconstruction_4.ply,Fish.ply,4.25,1.4567499999999998
APSIPA,LS-PCQA,Fish_reconstruction_5.ply,Fish.ply,4.0,1.4482499999999998
APSIPA,LS-PCQA,Fish_reconstruction_6.ply,Fish.ply,4.03333333333333,1.4357499999999996
APSIPA,LS-PCQA,Fish_reconstruction_7.ply,Fish.ply,3.6875,1.23175
APSIPA,LS-PCQA,FishV1_GammaNoise_1.ply,FishV1.ply,3.5,2.055
APSIPA,LS-PCQA,FishV1_GammaNoise_3.ply,FishV1.ply,3.67857142857143,1.75325
APSIPA,LS-PCQA,FishV1_GammaNoise_4.ply,FishV1.ply,3.23333333333333,1.6825000000000003
APSIPA,LS-PCQA,FishV1_GammaNoise_5.ply,FishV1.ply,3.0,1.5922500000000006
APSIPA,LS-PCQA,FishV1_GammaNoise_7.ply,FishV1.ply,2.92857142857143,1.5160000000000002
APSIPA,LS-PCQA,FishV1_SaltpepperNoise_1.ply,FishV1.ply,3.84375,1.9250000000000005
APSIPA,LS-PCQA,FishV1_SaltpepperNoise_3.ply,FishV1.ply,2.92857142857143,1.5442500000000003
APSIPA,LS-PCQA,FishV1_SaltpepperNoise_4.ply,FishV1.ply,3.32142857142857,1.521250000000001
APSIPA,LS-PCQA,FishV1_SaltpepperNoise_5.ply,FishV1.ply,2.96428571428571,1.4960000000000002
APSIPA,LS-PCQA,FishV1_SaltpepperNoise_7.ply,FishV1.ply,2.89285714285714,1.4937500000000004
APSIPA,LS-PCQA,GermanBoxer_GaussianNoise_1.ply,GermanBoxer.ply,4.03571428571429,2.9347500000000006
APSIPA,LS-PCQA,GermanBoxer_GaussianNoise_3.ply,GermanBoxer.ply,3.32142857142857,2.1985000000000006
APSIPA,LS-PCQA,GermanBoxer_GaussianNoise_4.ply,GermanBoxer.ply,3.10714285714286,1.7762500000000006
APSIPA,LS-PCQA,GermanBoxer_GaussianNoise_5.ply,GermanBoxer.ply,3.21875,1.6460000000000008
APSIPA,LS-PCQA,GermanBoxer_GaussianNoise_7.ply,GermanBoxer.ply,2.875,1.5220000000000002
APSIPA,LS-PCQA,GermanBoxer_SaltpepperNoise_1.ply,GermanBoxer.ply,3.63333333333333,2.2852500000000004
APSIPA,LS-PCQA,GermanBoxer_SaltpepperNoise_3.ply,GermanBoxer.ply,2.90625,1.608000000000001
APSIPA,LS-PCQA,GermanBoxer_SaltpepperNoise_4.ply,GermanBoxer.ply,2.85714285714286,1.5277500000000006
APSIPA,LS-PCQA,GermanBoxer_SaltpepperNoise_5.ply,GermanBoxer.ply,2.53571428571429,1.5117500000000004
APSIPA,LS-PCQA,GermanBoxer_SaltpepperNoise_7.ply,GermanBoxer.ply,2.5,1.5020000000000004
APSIPA,LS-PCQA,Handcream_C2AI-lossy-geom-lossy-attrs_3.ply,Handcream.ply,4.35714285714286,2.61
APSIPA,LS-PCQA,Handcream_C2AI-lossy-geom-lossy-attrs_4.ply,Handcream.ply,4.25,2.1062500000000006
APSIPA,LS-PCQA,Handcream_C2AI-lossy-geom-lossy-attrs_5.ply,Handcream.ply,3.92857142857143,1.6227500000000004
APSIPA,LS-PCQA,Handcream_C2AI-lossy-geom-lossy-attrs_6.ply,Handcream.ply,3.43333333333333,1.1355000000000002
APSIPA,LS-PCQA,Handcream_C2AI-lossy-geom-lossy-attrs_7.ply,Handcream.ply,2.60714285714286,1.0722500000000001
APSIPA,LS-PCQA,Handcream_ColorNoise_3.ply,Handcream.ply,4.21875,3.259000000000001
APSIPA,LS-PCQA,Handcream_ColorNoise_4.ply,Handcream.ply,3.39285714285714,2.7565000000000013
APSIPA,LS-PCQA,Handcream_ColorNoise_5.ply,Handcream.ply,3.53333333333333,2.0592500000000005
APSIPA,LS-PCQA,Handcream_ColorNoise_6.ply,Handcream.ply,3.3,1.6777500000000005
APSIPA,LS-PCQA,Handcream_ColorNoise_7.ply,Handcream.ply,3.25,1.5347500000000005
APSIPA,LS-PCQA,Handcream_lossless-geom-lossy-attrs_3.ply,Handcream.ply,4.60714285714286,4.050750000000001
APSIPA,LS-PCQA,Handcream_lossless-geom-lossy-attrs_4.ply,Handcream.ply,4.5,3.8760000000000003
APSIPA,LS-PCQA,Handcream_lossless-geom-lossy-attrs_5.ply,Handcream.ply,4.06666666666667,3.132750000000001
APSIPA,LS-PCQA,Handcream_lossless-geom-lossy-attrs_6.ply,Handcream.ply,3.5,2.411750000000001
APSIPA,LS-PCQA,Handcream_lossless-geom-lossy-attrs_7.ply,Handcream.ply,3.17857142857143,1.8035000000000003
APSIPA,LS-PCQA,Handcream_LumaNoise_1.ply,Handcream.ply,4.3125,4.671749999999998
APSIPA,LS-PCQA,Handcream_LumaNoise_3.ply,Handcream.ply,3.64285714285714,2.9860000000000007
APSIPA,LS-PCQA,Handcream_LumaNoise_4.ply,Handcream.ply,3.03333333333333,2.2362500000000014
APSIPA,LS-PCQA,Handcream_LumaNoise_5.ply,Handcream.ply,2.76666666666667,1.6262499999999995
APSIPA,LS-PCQA,Handcream_LumaNoise_7.ply,Handcream.ply,2.03571428571429,1.419
APSIPA,LS-PCQA,HearNoEvilMonkey_GaussianShifting_1.ply,HearNoEvilMonkey.ply,4.73333333333333,3.6192500000000005
APSIPA,LS-PCQA,HearNoEvilMonkey_GaussianShifting_2.ply,HearNoEvilMonkey.ply,3.32142857142857,2.190000000000001
APSIPA,LS-PCQA,HearNoEvilMonkey_GaussianShifting_3.ply,HearNoEvilMonkey.ply,3.0625,1.8470000000000002
APSIPA,LS-PCQA,HearNoEvilMonkey_GaussianShifting_4.ply,HearNoEvilMonkey.ply,2.67857142857143,1.5937499999999998
APSIPA,LS-PCQA,HearNoEvilMonkey_GaussianShifting_5.ply,HearNoEvilMonkey.ply,2.78571428571429,1.4
APSIPA,LS-PCQA,HearNoEvilMonkey_SaturationDistortion_1.ply,HearNoEvilMonkey.ply,4.28125,4.5280000000000005
APSIPA,LS-PCQA,HearNoEvilMonkey_SaturationDistortion_2.ply,HearNoEvilMonkey.ply,4.09375,4.512
APSIPA,LS-PCQA,HearNoEvilMonkey_SaturationDistortion_3.ply,HearNoEvilMonkey.ply,3.5,4.235250000000001
APSIPA,LS-PCQA,HearNoEvilMonkey_SaturationDistortion_4.ply,HearNoEvilMonkey.ply,2.71428571428571,3.834249999999999
APSIPA,LS-PCQA,HearNoEvilMonkey_SaturationDistortion_5.ply,HearNoEvilMonkey.ply,2.78125,3.7287499999999993
APSIPA,LS-PCQA,Horse_GaussianNoise_1.ply,Horse.ply,3.40625,1.9612500000000006
APSIPA,LS-PCQA,Horse_GaussianNoise_3.ply,Horse.ply,2.96875,1.6060000000000003
APSIPA,LS-PCQA,Horse_GaussianNoise_4.ply,Horse.ply,2.875,1.5447500000000005
APSIPA,LS-PCQA,Horse_GaussianNoise_5.ply,Horse.ply,2.35714285714286,1.505750000000001
APSIPA,LS-PCQA,Horse_GaussianNoise_7.ply,Horse.ply,1.67857142857143,1.499
APSIPA,LS-PCQA,Horse_SaturationDistortion_1.ply,Horse.ply,4.53571428571429,4.558250000000002
APSIPA,LS-PCQA,Horse_SaturationDistortion_2.ply,Horse.ply,3.64285714285714,4.183249999999999
APSIPA,LS-PCQA,Horse_SaturationDistortion_3.ply,Horse.ply,2.75,2.927000000000001
APSIPA,LS-PCQA,Horse_SaturationDistortion_4.ply,Horse.ply,2.5,2.294749999999999
APSIPA,LS-PCQA,Horse_SaturationDistortion_5.ply,Horse.ply,2.5625,2.4102500000000004
APSIPA,LS-PCQA,HorseV2_GaussianShifting_1.ply,HorseV2.ply,4.92857142857143,3.3860000000000015
APSIPA,LS-PCQA,HorseV2_GaussianShifting_2.ply,HorseV2.ply,3.6875,1.9325000000000012
APSIPA,LS-PCQA,HorseV2_GaussianShifting_3.ply,HorseV2.ply,3.4375,1.4194999999999995
APSIPA,LS-PCQA,HorseV2_GaussianShifting_4.ply,HorseV2.ply,3.0,1.2299999999999995
APSIPA,LS-PCQA,HorseV2_GaussianShifting_5.ply,HorseV2.ply,2.82142857142857,1.1232499999999994
APSIPA,LS-PCQA,HorseV2_UniformNoise_1.ply,HorseV2.ply,4.78571428571429,3.57975
APSIPA,LS-PCQA,HorseV2_UniformNoise_3.ply,HorseV2.ply,4.03571428571429,2.403250000000001
APSIPA,LS-PCQA,HorseV2_UniformNoise_4.ply,HorseV2.ply,3.9375,2.1192499999999996
APSIPA,LS-PCQA,HorseV2_UniformNoise_5.ply,HorseV2.ply,3.78125,1.8015
APSIPA,LS-PCQA,HorseV2_UniformNoise_7.ply,HorseV2.ply,3.21428571428571,1.6245000000000003
APSIPA,LS-PCQA,HouseWithoutRoof_GaussianShifting_1.ply,HouseWithoutRoof.ply,4.03333333333333,4.212250000000001
APSIPA,LS-PCQA,HouseWithoutRoof_GaussianShifting_2.ply,HouseWithoutRoof.ply,3.23333333333333,2.942750000000001
APSIPA,LS-PCQA,HouseWithoutRoof_GaussianShifting_3.ply,HouseWithoutRoof.ply,2.76666666666667,1.7515
APSIPA,LS-PCQA,HouseWithoutRoof_GaussianShifting_4.ply,HouseWithoutRoof.ply,2.64285714285714,1.5162499999999994
APSIPA,LS-PCQA,HouseWithoutRoof_GaussianShifting_5.ply,HouseWithoutRoof.ply,2.26666666666667,1.360999999999999
APSIPA,LS-PCQA,HouseWithoutRoof_LocalLoss_1.ply,HouseWithoutRoof.ply,4.0625,4.4864999999999995
APSIPA,LS-PCQA,HouseWithoutRoof_LocalLoss_2.ply,HouseWithoutRoof.ply,3.63333333333333,4.4125
APSIPA,LS-PCQA,HouseWithoutRoof_LocalLoss_3.ply,HouseWithoutRoof.ply,2.32142857142857,3.648750000000001
APSIPA,LS-PCQA,HouseWithoutRoof_LocalLoss_4.ply,HouseWithoutRoof.ply,2.3,3.4935
APSIPA,LS-PCQA,HouseWithoutRoof_LocalLoss_5.ply,HouseWithoutRoof.ply,2.1,2.4012500000000006
APSIPA,LS-PCQA,HouseWithoutRoof_losslessG-lossyA_3.ply,HouseWithoutRoof.ply,4.60714285714286,4.4719999999999995
APSIPA,LS-PCQA,HouseWithoutRoof_losslessG-lossyA_4.ply,HouseWithoutRoof.ply,4.4,3.6944999999999997
APSIPA,LS-PCQA,HouseWithoutRoof_losslessG-lossyA_5.ply,HouseWithoutRoof.ply,3.96666666666667,3.36425
APSIPA,LS-PCQA,HouseWithoutRoof_losslessG-lossyA_6.ply,HouseWithoutRoof.ply,3.03333333333333,2.8575000000000013
APSIPA,LS-PCQA,HouseWithoutRoof_losslessG-lossyA_7.ply,HouseWithoutRoof.ply,2.78571428571429,2.7950000000000013
APSIPA,LS-PCQA,HouseWithoutRoof_QuantizationNoise_1.ply,HouseWithoutRoof.ply,4.1875,3.783
APSIPA,LS-PCQA,HouseWithoutRoof_QuantizationNoise_3.ply,HouseWithoutRoof.ply,3.78571428571429,3.546
APSIPA,LS-PCQA,HouseWithoutRoof_QuantizationNoise_4.ply,HouseWithoutRoof.ply,3.35714285714286,3.32
APSIPA,LS-PCQA,HouseWithoutRoof_QuantizationNoise_5.ply,HouseWithoutRoof.ply,3.64285714285714,3.32
APSIPA,LS-PCQA,HouseWithoutRoof_QuantizationNoise_7.ply,HouseWithoutRoof.ply,2.96666666666667,2.7570000000000014
APSIPA,LS-PCQA,Jaguar_UniformNoise_1.ply,Jaguar.ply,4.92857142857143,3.795250000000001
APSIPA,LS-PCQA,Jaguar_UniformNoise_3.ply,Jaguar.ply,3.76666666666667,2.8197500000000018
APSIPA,LS-PCQA,Jaguar_UniformNoise_4.ply,Jaguar.ply,3.64285714285714,2.313500000000001
APSIPA,LS-PCQA,Jaguar_UniformNoise_5.ply,Jaguar.ply,3.28571428571429,1.9415000000000004
APSIPA,LS-PCQA,Jaguar_UniformNoise_7.ply,Jaguar.ply,3.32142857142857,1.6720000000000004
APSIPA,LS-PCQA,jetanima_MultiplicativeGaussianNoise_1.ply,jetanima.ply,3.5,1.4277499999999999
APSIPA,LS-PCQA,jetanima_MultiplicativeGaussianNoise_3.ply,jetanima.ply,3.32142857142857,1.4229999999999998
APSIPA,LS-PCQA,jetanima_MultiplicativeGaussianNoise_4.ply,jetanima.ply,2.82142857142857,1.4202499999999998
APSIPA,LS-PCQA,jetanima_MultiplicativeGaussianNoise_5.ply,jetanima.ply,2.9,1.4202499999999998
APSIPA,LS-PCQA,jetanima_MultiplicativeGaussianNoise_7.ply,jetanima.ply,2.32142857142857,1.4199999999999997
APSIPA,LS-PCQA,jetanima_UniformShifting_1.ply,jetanima.ply,4.39285714285714,3.5965000000000007
APSIPA,LS-PCQA,jetanima_UniformShifting_2.ply,jetanima.ply,3.6,2.4875
APSIPA,LS-PCQA,jetanima_UniformShifting_3.ply,jetanima.ply,3.03571428571429,1.7697500000000002
APSIPA,LS-PCQA,jetanima_UniformShifting_4.ply,jetanima.ply,2.59375,1.6129999999999993
APSIPA,LS-PCQA,jetanima_UniformShifting_5.ply,jetanima.ply,2.5625,1.4844999999999988
APSIPA,LS-PCQA,Kangaroo_lossless-geom-lossy-attrs_3.ply,Kangaroo.ply,4.82142857142857,3.7884999999999973
APSIPA,LS-PCQA,Kangaroo_lossless-geom-lossy-attrs_4.ply,Kangaroo.ply,4.8125,3.3795000000000006
APSIPA,LS-PCQA,Kangaroo_lossless-geom-lossy-attrs_5.ply,Kangaroo.ply,4.78125,3.036
APSIPA,LS-PCQA,Kangaroo_lossless-geom-lossy-attrs_6.ply,Kangaroo.ply,4.03571428571429,2.4065000000000016
APSIPA,LS-PCQA,Kangaroo_lossless-geom-lossy-attrs_7.ply,Kangaroo.ply,3.85714285714286,2.082000000000001
APSIPA,LS-PCQA,Kangaroo_UniformShifting_1.ply,Kangaroo.ply,4.03571428571429,4.23125
APSIPA,LS-PCQA,Kangaroo_UniformShifting_2.ply,Kangaroo.ply,3.64285714285714,3.2202500000000014
APSIPA,LS-PCQA,Kangaroo_UniformShifting_3.ply,Kangaroo.ply,3.03571428571429,2.3032500000000007
APSIPA,LS-PCQA,Kangaroo_UniformShifting_4.ply,Kangaroo.ply,2.71875,1.77575
APSIPA,LS-PCQA,Kangaroo_UniformShifting_5.ply,Kangaroo.ply,2.57142857142857,1.5644999999999993
APSIPA,LS-PCQA,longdress_losslessG-lossyA_3.ply,longdress.ply,4.78571428571429,4.526250000000001
APSIPA,LS-PCQA,longdress_losslessG-lossyA_4.ply,longdress.ply,4.14285714285714,3.509749999999999
APSIPA,LS-PCQA,longdress_losslessG-lossyA_5.ply,longdress.ply,3.42857142857143,2.4595000000000002
APSIPA,LS-PCQA,longdress_losslessG-lossyA_6.ply,longdress.ply,2.60714285714286,1.9482500000000005
APSIPA,LS-PCQA,longdress_losslessG-lossyA_7.ply,longdress.ply,2.3125,1.5897500000000002
APSIPA,LS-PCQA,longdress_lossy-geom-lossy-attrs_3.ply,longdress.ply,4.5,3.4152500000000003
APSIPA,LS-PCQA,longdress_lossy-geom-lossy-attrs_4.ply,longdress.ply,4.1875,3.2839999999999985
APSIPA,LS-PCQA,longdress_lossy-geom-lossy-attrs_5.ply,longdress.ply,2.92857142857143,1.4914999999999992
APSIPA,LS-PCQA,longdress_lossy-geom-lossy-attrs_6.ply,longdress.ply,1.96428571428571,1.0354999999999999
APSIPA,LS-PCQA,longdress_lossy-geom-lossy-attrs_7.ply,longdress.ply,1.60714285714286,1.005
APSIPA,LS-PCQA,longdress_RayleighNoise_1.ply,longdress.ply,4.0,3.88875
APSIPA,LS-PCQA,longdress_RayleighNoise_3.ply,longdress.ply,3.28125,2.111500000000001
APSIPA,LS-PCQA,longdress_RayleighNoise_4.ply,longdress.ply,3.03333333333333,1.8635000000000002
APSIPA,LS-PCQA,longdress_RayleighNoise_5.ply,longdress.ply,2.71428571428571,1.5890000000000009
APSIPA,LS-PCQA,longdress_RayleighNoise_7.ply,longdress.ply,2.57142857142857,1.5255000000000003
APSIPA,LS-PCQA,loot_HighFrequencyNoise_3.ply,loot.ply,3.85714285714286,2.0625
APSIPA,LS-PCQA,loot_HighFrequencyNoise_4.ply,loot.ply,3.21428571428571,1.8472500000000003
APSIPA,LS-PCQA,loot_HighFrequencyNoise_5.ply,loot.ply,3.42857142857143,1.7069999999999996
APSIPA,LS-PCQA,loot_HighFrequencyNoise_6.ply,loot.ply,2.86666666666667,1.5570000000000008
APSIPA,LS-PCQA,loot_HighFrequencyNoise_7.ply,loot.ply,2.85714285714286,1.5160000000000002
APSIPA,LS-PCQA,loot_SaltpepperNoise_1.ply,loot.ply,3.21428571428571,1.74125
APSIPA,LS-PCQA,loot_SaltpepperNoise_3.ply,loot.ply,3.39285714285714,1.49875
APSIPA,LS-PCQA,loot_SaltpepperNoise_4.ply,loot.ply,2.5625,1.48675
APSIPA,LS-PCQA,loot_SaltpepperNoise_5.ply,loot.ply,2.46428571428571,1.4832500000000002
APSIPA,LS-PCQA,loot_SaltpepperNoise_7.ply,loot.ply,2.10714285714286,1.5077500000000001
APSIPA,LS-PCQA,lowpolycarsset1_lossless-geom-nearlossless-attrs_3.ply,lowpolycarsset1.ply,4.85714285714286,3.786000000000001
APSIPA,LS-PCQA,lowpolycarsset1_lossless-geom-nearlossless-attrs_4.ply,lowpolycarsset1.ply,4.5,3.5547500000000025
APSIPA,LS-PCQA,lowpolycarsset1_lossless-geom-nearlossless-attrs_5.ply,lowpolycarsset1.ply,4.5,2.9145000000000003
APSIPA,LS-PCQA,lowpolycarsset1_lossless-geom-nearlossless-attrs_6.ply,lowpolycarsset1.ply,3.39285714285714,2.103250000000001
APSIPA,LS-PCQA,lowpolycarsset1_lossless-geom-nearlossless-attrs_7.ply,lowpolycarsset1.ply,2.7,1.4637499999999997
APSIPA,LS-PCQA,lowpolycarsset1_UniformShifting_1.ply,lowpolycarsset1.ply,3.92857142857143,3.214250000000001
APSIPA,LS-PCQA,lowpolycarsset1_UniformShifting_2.ply,lowpolycarsset1.ply,3.28571428571429,2.4572500000000015
APSIPA,LS-PCQA,lowpolycarsset1_UniformShifting_3.ply,lowpolycarsset1.ply,2.75,1.5937500000000002
APSIPA,LS-PCQA,lowpolycarsset1_UniformShifting_4.ply,lowpolycarsset1.ply,2.75,1.4147499999999993
APSIPA,LS-PCQA,lowpolycarsset1_UniformShifting_5.ply,lowpolycarsset1.ply,2.78571428571429,1.3884999999999992
APSIPA,LS-PCQA,lowpolycarsset2_lossy-geom-lossy-attrs_3.ply,lowpolycarsset2.ply,4.5,2.9615000000000014
APSIPA,LS-PCQA,lowpolycarsset2_lossy-geom-lossy-attrs_4.ply,lowpolycarsset2.ply,4.375,1.8562500000000015
APSIPA,LS-PCQA,lowpolycarsset2_lossy-geom-lossy-attrs_5.ply,lowpolycarsset2.ply,3.92857142857143,1.21975
APSIPA,LS-PCQA,lowpolycarsset2_lossy-geom-lossy-attrs_6.ply,lowpolycarsset2.ply,2.25,1.1264999999999998
APSIPA,LS-PCQA,lowpolycarsset2_lossy-geom-lossy-attrs_7.ply,lowpolycarsset2.ply,1.89285714285714,1.06975
APSIPA,LS-PCQA,Man_C2AI-lossy-geom-lossy-attrs_3.ply,Man.ply,4.53333333333333,2.046
APSIPA,LS-PCQA,Man_C2AI-lossy-geom-lossy-attrs_4.ply,Man.ply,3.92857142857143,1.8057500000000006
APSIPA,LS-PCQA,Man_C2AI-lossy-geom-lossy-attrs_5.ply,Man.ply,4.03571428571429,1.6597500000000003
APSIPA,LS-PCQA,Man_C2AI-lossy-geom-lossy-attrs_6.ply,Man.ply,3.5,1.35175
APSIPA,LS-PCQA,Man_C2AI-lossy-geom-lossy-attrs_7.ply,Man.ply,3.34375,1.16875
APSIPA,LS-PCQA,Man_DownSample_3.ply,Man.ply,3.78571428571429,3.27875
APSIPA,LS-PCQA,Man_DownSample_4.ply,Man.ply,3.5,2.64425
APSIPA,LS-PCQA,Man_DownSample_5.ply,Man.ply,3.14285714285714,2.21425
APSIPA,LS-PCQA,Man_DownSample_6.ply,Man.ply,3.03571428571429,1.7237500000000003
APSIPA,LS-PCQA,Man_DownSample_7.ply,Man.ply,2.375,1.2972499999999996
APSIPA,LS-PCQA,Man_MeanShift_1.ply,Man.ply,4.03571428571429,4.632749999999998
APSIPA,LS-PCQA,Man_MeanShift_3.ply,Man.ply,3.07142857142857,3.2700000000000005
APSIPA,LS-PCQA,Man_MeanShift_4.ply,Man.ply,3.21875,2.83475
APSIPA,LS-PCQA,Man_MeanShift_5.ply,Man.ply,2.83333333333333,2.3835
APSIPA,LS-PCQA,Man_MeanShift_7.ply,Man.ply,3.0,2.1515
APSIPA,LS-PCQA,Mario_GaussianNoise_1.ply,Mario.ply,3.57142857142857,1.8802499999999998
APSIPA,LS-PCQA,Mario_GaussianNoise_3.ply,Mario.ply,3.32142857142857,1.62825
APSIPA,LS-PCQA,Mario_GaussianNoise_4.ply,Mario.ply,3.21428571428571,1.5852500000000003
APSIPA,LS-PCQA,Mario_GaussianNoise_5.ply,Mario.ply,2.92857142857143,1.5187500000000003
APSIPA,LS-PCQA,Mario_GaussianNoise_7.ply,Mario.ply,2.82142857142857,1.4980000000000004
APSIPA,LS-PCQA,Mario_GaussianShifting_1.ply,Mario.ply,4.46875,4.514750000000002
APSIPA,LS-PCQA,Mario_GaussianShifting_2.ply,Mario.ply,3.78571428571429,2.8574999999999995
APSIPA,LS-PCQA,Mario_GaussianShifting_3.ply,Mario.ply,3.36666666666667,1.599
APSIPA,LS-PCQA,Mario_GaussianShifting_4.ply,Mario.ply,3.0,1.2917499999999993
APSIPA,LS-PCQA,Mario_GaussianShifting_5.ply,Mario.ply,2.71428571428571,1.1194999999999993
APSIPA,LS-PCQA,Mario_Octree_1.ply,Mario.ply,3.7,2.09925
APSIPA,LS-PCQA,Mario_Octree_2.ply,Mario.ply,3.03571428571429,1.4297500000000003
APSIPA,LS-PCQA,Mario_Octree_3.ply,Mario.ply,2.57142857142857,1.1987499999999995
APSIPA,LS-PCQA,Mario_Octree_4.ply,Mario.ply,2.5,1.00725
APSIPA,LS-PCQA,Mario_Octree_5.ply,Mario.ply,2.39285714285714,1.00725
APSIPA,LS-PCQA,Mario_reconstruction_3.ply,Mario.ply,3.90625,2.60525
APSIPA,LS-PCQA,Mario_reconstruction_4.ply,Mario.ply,4.15625,2.5825
APSIPA,LS-PCQA,Mario_reconstruction_5.ply,Mario.ply,3.84375,2.6425
APSIPA,LS-PCQA,Mario_reconstruction_6.ply,Mario.ply,4.16666666666667,2.3655
APSIPA,LS-PCQA,Mario_reconstruction_7.ply,Mario.ply,3.17857142857143,1.925
APSIPA,LS-PCQA,matilda_GaussianShifting_1.ply,matilda.ply,3.92857142857143,3.7695
APSIPA,LS-PCQA,matilda_GaussianShifting_2.ply,matilda.ply,2.96875,2.3132500000000005
APSIPA,LS-PCQA,matilda_GaussianShifting_3.ply,matilda.ply,2.60714285714286,1.5964999999999998
APSIPA,LS-PCQA,matilda_GaussianShifting_4.ply,matilda.ply,2.21428571428571,1.3729999999999996
APSIPA,LS-PCQA,matilda_GaussianShifting_5.ply,matilda.ply,2.33333333333333,1.1877499999999999
APSIPA,LS-PCQA,model_ColorNoise_3.ply,model.ply,3.84375,2.7077500000000017
APSIPA,LS-PCQA,model_ColorNoise_4.ply,model.ply,3.5,2.173
APSIPA,LS-PCQA,model_ColorNoise_5.ply,model.ply,3.17857142857143,1.6752499999999997
APSIPA,LS-PCQA,model_ColorNoise_6.ply,model.ply,2.89285714285714,1.6035000000000001
APSIPA,LS-PCQA,model_ColorNoise_7.ply,model.ply,2.89285714285714,1.5267500000000007
APSIPA,LS-PCQA,model_HighFrequencyNoise_3.ply,model.ply,3.25,1.55525
APSIPA,LS-PCQA,model_HighFrequencyNoise_4.ply,model.ply,3.0,1.5117500000000001
APSIPA,LS-PCQA,model_HighFrequencyNoise_5.ply,model.ply,2.82142857142857,1.4997500000000006
APSIPA,LS-PCQA,model_HighFrequencyNoise_6.ply,model.ply,2.71875,1.4872500000000002
APSIPA,LS-PCQA,model_HighFrequencyNoise_7.ply,model.ply,2.53333333333333,1.48575
APSIPA,LS-PCQA,model_SaltpepperNoise_1.ply,model.ply,3.6,1.9114999999999998
APSIPA,LS-PCQA,model_SaltpepperNoise_3.ply,model.ply,2.59375,1.51
APSIPA,LS-PCQA,model_SaltpepperNoise_4.ply,model.ply,2.42857142857143,1.5162499999999997
APSIPA,LS-PCQA,model_SaltpepperNoise_5.ply,model.ply,2.42857142857143,1.514
APSIPA,LS-PCQA,model_SaltpepperNoise_7.ply,model.ply,1.82142857142857,1.5122499999999997
APSIPA,LS-PCQA,MuteSwan_lossless-geom-lossy-attrs_3.ply,MuteSwan.ply,4.53125,3.4382499999999987
APSIPA,LS-PCQA,MuteSwan_lossless-geom-lossy-attrs_4.ply,MuteSwan.ply,4.23333333333333,3.06325
APSIPA,LS-PCQA,MuteSwan_lossless-geom-lossy-attrs_5.ply,MuteSwan.ply,4.07142857142857,2.888000000000001
APSIPA,LS-PCQA,MuteSwan_lossless-geom-lossy-attrs_6.ply,MuteSwan.ply,3.67857142857143,2.2825000000000006
APSIPA,LS-PCQA,MuteSwan_lossless-geom-lossy-attrs_7.ply,MuteSwan.ply,3.25,1.888
APSIPA,LS-PCQA,MuteSwan_UniformShifting_1.ply,MuteSwan.ply,4.3,4.554000000000003
APSIPA,LS-PCQA,MuteSwan_UniformShifting_2.ply,MuteSwan.ply,3.71428571428571,3.166000000000002
APSIPA,LS-PCQA,MuteSwan_UniformShifting_3.ply,MuteSwan.ply,3.09375,1.9415
APSIPA,LS-PCQA,MuteSwan_UniformShifting_4.ply,MuteSwan.ply,2.82142857142857,1.6197500000000002
APSIPA,LS-PCQA,MuteSwan_UniformShifting_5.ply,MuteSwan.ply,2.64285714285714,1.4734999999999985
APSIPA,LS-PCQA,ParrotV1_lossless-geom-nearlossless-attrs_3.ply,ParrotV1.ply,4.9,4.7025
APSIPA,LS-PCQA,ParrotV1_lossless-geom-nearlossless-attrs_4.ply,ParrotV1.ply,4.625,4.2547500000000005
APSIPA,LS-PCQA,ParrotV1_lossless-geom-nearlossless-attrs_5.ply,ParrotV1.ply,4.5625,3.4337499999999976
APSIPA,LS-PCQA,ParrotV1_lossless-geom-nearlossless-attrs_6.ply,ParrotV1.ply,3.92857142857143,2.620000000000001
APSIPA,LS-PCQA,ParrotV1_lossless-geom-nearlossless-attrs_7.ply,ParrotV1.ply,2.78125,1.8397500000000004
APSIPA,LS-PCQA,PjanicFace_GammaNoise_1.ply,PjanicFace.ply,3.5625,2.038
APSIPA,LS-PCQA,PjanicFace_GammaNoise_3.ply,PjanicFace.ply,2.96428571428571,1.7724999999999995
APSIPA,LS-PCQA,PjanicFace_GammaNoise_4.ply,PjanicFace.ply,3.15625,1.7004999999999995
APSIPA,LS-PCQA,PjanicFace_GammaNoise_5.ply,PjanicFace.ply,2.82142857142857,1.6094999999999993
APSIPA,LS-PCQA,PjanicFace_GammaNoise_7.ply,PjanicFace.ply,2.39285714285714,1.4737500000000003
APSIPA,LS-PCQA,PjanicFace_MeanShift_1.ply,PjanicFace.ply,4.1875,4.386999999999999
APSIPA,LS-PCQA,PjanicFace_MeanShift_3.ply,PjanicFace.ply,3.10714285714286,2.567500000000001
APSIPA,LS-PCQA,PjanicFace_MeanShift_4.ply,PjanicFace.ply,3.32142857142857,2.124250000000001
APSIPA,LS-PCQA,PjanicFace_MeanShift_5.ply,PjanicFace.ply,2.89285714285714,1.8435
APSIPA,LS-PCQA,PjanicFace_MeanShift_7.ply,PjanicFace.ply,3.32142857142857,1.495
APSIPA,LS-PCQA,QQdog_ColorQuantizationDither_3.ply,QQdog.ply,4.3125,3.4590000000000005
APSIPA,LS-PCQA,QQdog_ColorQuantizationDither_4.ply,QQdog.ply,4.03333333333333,2.6855000000000007
APSIPA,LS-PCQA,QQdog_ColorQuantizationDither_5.ply,QQdog.ply,4.25,2.198750000000002
APSIPA,LS-PCQA,QQdog_ColorQuantizationDither_6.ply,QQdog.ply,3.1875,1.8644999999999998
APSIPA,LS-PCQA,QQdog_ColorQuantizationDither_7.ply,QQdog.ply,2.28571428571429,1.45925
APSIPA,LS-PCQA,QQdog_MeanShift_1.ply,QQdog.ply,4.53571428571429,4.6767499999999975
APSIPA,LS-PCQA,QQdog_MeanShift_3.ply,QQdog.ply,3.71875,3.4047500000000004
APSIPA,LS-PCQA,QQdog_MeanShift_4.ply,QQdog.ply,3.03333333333333,2.4025000000000007
APSIPA,LS-PCQA,QQdog_MeanShift_5.ply,QQdog.ply,2.86666666666667,1.90075
APSIPA,LS-PCQA,QQdog_MeanShift_7.ply,QQdog.ply,2.42857142857143,1.5519999999999994
APSIPA,LS-PCQA,queen_ColorNoise_3.ply,queen.ply,3.66666666666667,3.1372500000000003
APSIPA,LS-PCQA,queen_ColorNoise_4.ply,queen.ply,3.39285714285714,2.2967500000000007
APSIPA,LS-PCQA,queen_ColorNoise_5.ply,queen.ply,3.39285714285714,1.9172500000000001
APSIPA,LS-PCQA,queen_ColorNoise_6.ply,queen.ply,2.89285714285714,1.61025
APSIPA,LS-PCQA,queen_ColorNoise_7.ply,queen.ply,2.90625,1.5852500000000007
APSIPA,LS-PCQA,queen_LocalLoss_1.ply,queen.ply,3.1,4.3835000000000015
APSIPA,LS-PCQA,queen_LocalLoss_2.ply,queen.ply,2.67857142857143,4.276749999999999
APSIPA,LS-PCQA,queen_LocalLoss_3.ply,queen.ply,1.60714285714286,3.2970000000000006
APSIPA,LS-PCQA,queen_LocalLoss_4.ply,queen.ply,1.67857142857143,3.0190000000000015
APSIPA,LS-PCQA,queen_LocalLoss_5.ply,queen.ply,1.32142857142857,2.022500000000001
APSIPA,LS-PCQA,queen_SaturationDistortion_1.ply,queen.ply,4.4375,4.578750000000002
APSIPA,LS-PCQA,queen_SaturationDistortion_2.ply,queen.ply,3.67857142857143,4.4724999999999975
APSIPA,LS-PCQA,queen_SaturationDistortion_3.ply,queen.ply,2.90625,3.8919999999999995
APSIPA,LS-PCQA,queen_SaturationDistortion_4.ply,queen.ply,2.53571428571429,2.993250000000001
APSIPA,LS-PCQA,queen_SaturationDistortion_5.ply,queen.ply,2.5,3.379500000000001
APSIPA,LS-PCQA,RattleSnake_lossless-geom-nearlossless-attrs_3.ply,RattleSnake.ply,4.75,4.785999999999997
APSIPA,LS-PCQA,RattleSnake_lossless-geom-nearlossless-attrs_4.ply,RattleSnake.ply,4.78571428571429,4.599750000000002
APSIPA,LS-PCQA,RattleSnake_lossless-geom-nearlossless-attrs_5.ply,RattleSnake.ply,4.7,4.395249999999997
APSIPA,LS-PCQA,RattleSnake_lossless-geom-nearlossless-attrs_6.ply,RattleSnake.ply,3.10714285714286,2.3330000000000006
APSIPA,LS-PCQA,RattleSnake_lossless-geom-nearlossless-attrs_7.ply,RattleSnake.ply,2.28571428571429,1.544
APSIPA,LS-PCQA,redandblack_ColorQuantizationDither_3.ply,redandblack.ply,3.82142857142857,3.0257500000000004
APSIPA,LS-PCQA,redandblack_ColorQuantizationDither_4.ply,redandblack.ply,3.67857142857143,2.3875000000000006
APSIPA,LS-PCQA,redandblack_ColorQuantizationDither_5.ply,redandblack.ply,3.64285714285714,2.1790000000000007
APSIPA,LS-PCQA,redandblack_ColorQuantizationDither_6.ply,redandblack.ply,3.25,1.8552500000000007
APSIPA,LS-PCQA,redandblack_ColorQuantizationDither_7.ply,redandblack.ply,2.23333333333333,1.5187500000000005
APSIPA,LS-PCQA,redandblack_LocalLoss_1.ply,redandblack.ply,4.56666666666667,4.6244999999999985
APSIPA,LS-PCQA,redandblack_LocalLoss_2.ply,redandblack.ply,2.96666666666667,4.251999999999999
APSIPA,LS-PCQA,redandblack_LocalLoss_3.ply,redandblack.ply,3.60714285714286,3.843
APSIPA,LS-PCQA,redandblack_LocalLoss_4.ply,redandblack.ply,3.0,3.3842500000000024
APSIPA,LS-PCQA,redandblack_LocalLoss_5.ply,redandblack.ply,2.0,2.3370000000000015
APSIPA,LS-PCQA,redandblack_SaturationDistortion_1.ply,redandblack.ply,4.2,4.446749999999999
APSIPA,LS-PCQA,redandblack_SaturationDistortion_2.ply,redandblack.ply,3.53571428571429,3.903
APSIPA,LS-PCQA,redandblack_SaturationDistortion_3.ply,redandblack.ply,2.9,3.0255000000000014
APSIPA,LS-PCQA,redandblack_SaturationDistortion_4.ply,redandblack.ply,2.57142857142857,2.1319999999999997
APSIPA,LS-PCQA,redandblack_SaturationDistortion_5.ply,redandblack.ply,2.7,2.3165000000000004
APSIPA,LS-PCQA,RedHorse_LocalRotation_1.ply,RedHorse.ply,3.06666666666667,4.3702499999999995
APSIPA,LS-PCQA,RedHorse_LocalRotation_2.ply,RedHorse.ply,2.64285714285714,3.674749999999999
APSIPA,LS-PCQA,RedHorse_LocalRotation_3.ply,RedHorse.ply,2.21428571428571,3.197250000000003
APSIPA,LS-PCQA,RedHorse_LocalRotation_4.ply,RedHorse.ply,1.26666666666667,1.9712500000000004
APSIPA,LS-PCQA,RedHorse_LocalRotation_5.ply,RedHorse.ply,1.0,1.7670000000000003
APSIPA,LS-PCQA,Rock1_ContrastDistortion_1.ply,Rock1.ply,3.60714285714286,2.602000000000001
APSIPA,LS-PCQA,Rock1_ContrastDistortion_2.ply,Rock1.ply,2.5,1.5085
APSIPA,LS-PCQA,Rock1_ContrastDistortion_3.ply,Rock1.ply,1.78571428571429,1.51625
APSIPA,LS-PCQA,Rock1_ContrastDistortion_4.ply,Rock1.ply,1.66666666666667,1.4875
APSIPA,LS-PCQA,Rock1_ContrastDistortion_5.ply,Rock1.ply,1.21428571428571,1.46
APSIPA,LS-PCQA,Rock1_lossless-geom-lossy-attrs_3.ply,Rock1.ply,4.56666666666667,4.453499999999998
APSIPA,LS-PCQA,Rock1_lossless-geom-lossy-attrs_4.ply,Rock1.ply,4.5,4.171999999999998
APSIPA,LS-PCQA,Rock1_lossless-geom-lossy-attrs_5.ply,Rock1.ply,3.89285714285714,3.29575
APSIPA,LS-PCQA,Rock1_lossless-geom-lossy-attrs_6.ply,Rock1.ply,3.53333333333333,2.5290000000000017
APSIPA,LS-PCQA,Rock1_lossless-geom-lossy-attrs_7.ply,Rock1.ply,2.84375,1.6977500000000003
APSIPA,LS-PCQA,Rock1_Octree_1.ply,Rock1.ply,4.03333333333333,1.5157500000000002
APSIPA,LS-PCQA,Rock1_Octree_2.ply,Rock1.ply,2.875,1.3757499999999998
APSIPA,LS-PCQA,Rock1_Octree_3.ply,Rock1.ply,2.57142857142857,1.3479999999999992
APSIPA,LS-PCQA,Rock1_Octree_4.ply,Rock1.ply,2.21428571428571,1.2264999999999995
APSIPA,LS-PCQA,Rock1_Octree_5.ply,Rock1.ply,2.10714285714286,1.2104999999999995
APSIPA,LS-PCQA,Rock1_SaturationDistortion_1.ply,Rock1.ply,3.82142857142857,4.546749999999999
APSIPA,LS-PCQA,Rock1_SaturationDistortion_2.ply,Rock1.ply,3.46428571428571,3.83075
APSIPA,LS-PCQA,Rock1_SaturationDistortion_3.ply,Rock1.ply,2.71428571428571,2.8595000000000006
APSIPA,LS-PCQA,Rock1_SaturationDistortion_4.ply,Rock1.ply,2.60714285714286,2.3454999999999995
APSIPA,LS-PCQA,Rock1_SaturationDistortion_5.ply,Rock1.ply,2.625,2.3444999999999996
APSIPA,LS-PCQA,RpClaudiaRigged_UniformNoise_1.ply,RpClaudiaRigged.ply,4.53571428571429,3.5654999999999997
APSIPA,LS-PCQA,RpClaudiaRigged_UniformNoise_3.ply,RpClaudiaRigged.ply,3.46875,2.295
APSIPA,LS-PCQA,RpClaudiaRigged_UniformNoise_4.ply,RpClaudiaRigged.ply,3.10714285714286,2.1577499999999996
APSIPA,LS-PCQA,RpClaudiaRigged_UniformNoise_5.ply,RpClaudiaRigged.ply,2.89285714285714,1.9029999999999998
APSIPA,LS-PCQA,RpClaudiaRigged_UniformNoise_7.ply,RpClaudiaRigged.ply,2.82142857142857,1.5715000000000003
APSIPA,LS-PCQA,RpDennisPosed004_ColorQuantizationDither_3.ply,RpDennisPosed004.ply,3.78125,3.057500000000001
APSIPA,LS-PCQA,RpDennisPosed004_ColorQuantizationDither_4.ply,RpDennisPosed004.ply,3.5,2.163500000000001
APSIPA,LS-PCQA,RpDennisPosed004_ColorQuantizationDither_5.ply,RpDennisPosed004.ply,2.5,2.078500000000001
APSIPA,LS-PCQA,RpDennisPosed004_ColorQuantizationDither_6.ply,RpDennisPosed004.ply,2.75,1.5362499999999997
APSIPA,LS-PCQA,RpDennisPosed004_ColorQuantizationDither_7.ply,RpDennisPosed004.ply,2.46428571428571,1.4320000000000002
APSIPA,LS-PCQA,RpDennisPosed004_LocalOffset_1.ply,RpDennisPosed004.ply,2.75,4.1800000000000015
APSIPA,LS-PCQA,RpDennisPosed004_LocalOffset_2.ply,RpDennisPosed004.ply,2.7,3.4267499999999997
APSIPA,LS-PCQA,RpDennisPosed004_LocalOffset_3.ply,RpDennisPosed004.ply,2.39285714285714,2.7647500000000003
APSIPA,LS-PCQA,RpDennisPosed004_LocalOffset_4.ply,RpDennisPosed004.ply,1.21875,1.6247500000000006
APSIPA,LS-PCQA,RpDennisPosed004_LocalOffset_5.ply,RpDennisPosed004.ply,1.21428571428571,1.524
APSIPA,LS-PCQA,RpDennisPosed004_UniformNoise_1.ply,RpDennisPosed004.ply,4.82142857142857,3.5052499999999984
APSIPA,LS-PCQA,RpDennisPosed004_UniformNoise_3.ply,RpDennisPosed004.ply,3.67857142857143,1.798
APSIPA,LS-PCQA,RpDennisPosed004_UniformNoise_4.ply,RpDennisPosed004.ply,3.4375,1.5505000000000004
APSIPA,LS-PCQA,RpDennisPosed004_UniformNoise_5.ply,RpDennisPosed004.ply,3.34375,1.5207500000000005
APSIPA,LS-PCQA,RpDennisPosed004_UniformNoise_7.ply,RpDennisPosed004.ply,2.96428571428571,1.5055000000000005
APSIPA,LS-PCQA,RpFabiennePercyPosed001_ContrastDistortion_1.ply,RpFabiennePercyPosed001.ply,3.8,3.7287499999999993
APSIPA,LS-PCQA,RpFabiennePercyPosed001_ContrastDistortion_2.ply,RpFabiennePercyPosed001.ply,3.82142857142857,3.1607499999999997
APSIPA,LS-PCQA,RpFabiennePercyPosed001_ContrastDistortion_3.ply,RpFabiennePercyPosed001.ply,3.17857142857143,2.551500000000001
APSIPA,LS-PCQA,RpFabiennePercyPosed001_ContrastDistortion_4.ply,RpFabiennePercyPosed001.ply,2.71428571428571,2.147750000000001
APSIPA,LS-PCQA,RpFabiennePercyPosed001_ContrastDistortion_5.ply,RpFabiennePercyPosed001.ply,2.53333333333333,1.5937500000000002
APSIPA,LS-PCQA,RpFabiennePercyPosed001_LocalOffset_1.ply,RpFabiennePercyPosed001.ply,4.46666666666667,4.7405
APSIPA,LS-PCQA,RpFabiennePercyPosed001_LocalOffset_2.ply,RpFabiennePercyPosed001.ply,3.5,4.482500000000001
APSIPA,LS-PCQA,RpFabiennePercyPosed001_LocalOffset_3.ply,RpFabiennePercyPosed001.ply,2.78571428571429,3.5387500000000007
APSIPA,LS-PCQA,RpFabiennePercyPosed001_LocalOffset_4.ply,RpFabiennePercyPosed001.ply,2.57142857142857,2.800000000000001
APSIPA,LS-PCQA,RpFabiennePercyPosed001_LocalOffset_5.ply,RpFabiennePercyPosed001.ply,1.89285714285714,2.097000000000001
APSIPA,LS-PCQA,RpFabiennePercyPosed001_UniformShifting_1.ply,RpFabiennePercyPosed001.ply,3.92857142857143,4.4780000000000015
APSIPA,LS-PCQA,RpFabiennePercyPosed001_UniformShifting_2.ply,RpFabiennePercyPosed001.ply,3.07142857142857,3.1142500000000006
APSIPA,LS-PCQA,RpFabiennePercyPosed001_UniformShifting_3.ply,RpFabiennePercyPosed001.ply,2.625,1.9095000000000002
APSIPA,LS-PCQA,RpFabiennePercyPosed001_UniformShifting_4.ply,RpFabiennePercyPosed001.ply,2.1875,1.536999999999999
APSIPA,LS-PCQA,RpFabiennePercyPosed001_UniformShifting_5.ply,RpFabiennePercyPosed001.ply,1.92857142857143,1.4307499999999984
APSIPA,LS-PCQA,RpManuelAnimated001Dancing_CorrelatedGaussianNoise_1.ply,RpManuelAnimated001Dancing.ply,4.53333333333333,3.629749999999999
APSIPA,LS-PCQA,RpManuelAnimated001Dancing_CorrelatedGaussianNoise_2.ply,RpManuelAnimated001Dancing.ply,3.5,2.5905000000000005
APSIPA,LS-PCQA,RpManuelAnimated001Dancing_CorrelatedGaussianNoise_3.ply,RpManuelAnimated001Dancing.ply,3.25,2.18025
APSIPA,LS-PCQA,RpManuelAnimated001Dancing_CorrelatedGaussianNoise_4.ply,RpManuelAnimated001Dancing.ply,3.14285714285714,1.9732499999999995
APSIPA,LS-PCQA,RpManuelAnimated001Dancing_CorrelatedGaussianNoise_5.ply,RpManuelAnimated001Dancing.ply,3.0,1.7314999999999998
APSIPA,LS-PCQA,RpManuelAnimated001Dancing_LocalRotation_1.ply,RpManuelAnimated001Dancing.ply,3.14285714285714,4.633249999999999
APSIPA,LS-PCQA,RpManuelAnimated001Dancing_LocalRotation_2.ply,RpManuelAnimated001Dancing.ply,2.32142857142857,2.921250000000001
APSIPA,LS-PCQA,RpManuelAnimated001Dancing_LocalRotation_3.ply,RpManuelAnimated001Dancing.ply,2.26666666666667,2.865000000000001
APSIPA,LS-PCQA,RpManuelAnimated001Dancing_LocalRotation_4.ply,RpManuelAnimated001Dancing.ply,2.03571428571429,1.9615000000000007
APSIPA,LS-PCQA,RpManuelAnimated001Dancing_LocalRotation_5.ply,RpManuelAnimated001Dancing.ply,1.39285714285714,1.421
APSIPA,LS-PCQA,RpManuelAnimated001Dancing_UniformShifting_1.ply,RpManuelAnimated001Dancing.ply,4.15625,4.581500000000001
APSIPA,LS-PCQA,RpManuelAnimated001Dancing_UniformShifting_2.ply,RpManuelAnimated001Dancing.ply,4.07142857142857,3.4602500000000016
APSIPA,LS-PCQA,RpManuelAnimated001Dancing_UniformShifting_3.ply,RpManuelAnimated001Dancing.ply,2.89285714285714,2.3397500000000013
APSIPA,LS-PCQA,RpManuelAnimated001Dancing_UniformShifting_4.ply,RpManuelAnimated001Dancing.ply,2.46875,1.9574999999999998
APSIPA,LS-PCQA,RpManuelAnimated001Dancing_UniformShifting_5.ply,RpManuelAnimated001Dancing.ply,2.2,1.5662499999999997
APSIPA,LS-PCQA,RpMeiPosed001_CorrelatedGaussianNoise_1.ply,RpMeiPosed001.ply,4.0,3.2544999999999997
APSIPA,LS-PCQA,RpMeiPosed001_CorrelatedGaussianNoise_2.ply,RpMeiPosed001.ply,3.60714285714286,2.4395000000000007
APSIPA,LS-PCQA,RpMeiPosed001_CorrelatedGaussianNoise_3.ply,RpMeiPosed001.ply,3.28571428571429,1.9362500000000005
APSIPA,LS-PCQA,RpMeiPosed001_CorrelatedGaussianNoise_4.ply,RpMeiPosed001.ply,3.07142857142857,1.7257500000000001
APSIPA,LS-PCQA,RpMeiPosed001_CorrelatedGaussianNoise_5.ply,RpMeiPosed001.ply,3.06666666666667,1.6740000000000006
APSIPA,LS-PCQA,RpMeiPosed001_LocalRotation_1.ply,RpMeiPosed001.ply,2.375,3.819000000000001
APSIPA,LS-PCQA,RpMeiPosed001_LocalRotation_2.ply,RpMeiPosed001.ply,2.3,3.5747500000000003
APSIPA,LS-PCQA,RpMeiPosed001_LocalRotation_3.ply,RpMeiPosed001.ply,2.34375,3.061000000000001
APSIPA,LS-PCQA,RpMeiPosed001_LocalRotation_4.ply,RpMeiPosed001.ply,1.65625,1.7512500000000009
APSIPA,LS-PCQA,RpMeiPosed001_LocalRotation_5.ply,RpMeiPosed001.ply,1.64285714285714,1.5145000000000004
APSIPA,LS-PCQA,RyukinGoldfish_lossy-geom-lossy-attrs_3.ply,RyukinGoldfish.ply,4.67857142857143,3.7190000000000007
APSIPA,LS-PCQA,RyukinGoldfish_lossy-geom-lossy-attrs_4.ply,RyukinGoldfish.ply,4.46666666666667,3.054
APSIPA,LS-PCQA,RyukinGoldfish_lossy-geom-lossy-attrs_5.ply,RyukinGoldfish.ply,3.82142857142857,1.6940000000000004
APSIPA,LS-PCQA,RyukinGoldfish_lossy-geom-lossy-attrs_6.ply,RyukinGoldfish.ply,2.92857142857143,1.0799999999999987
APSIPA,LS-PCQA,RyukinGoldfish_lossy-geom-lossy-attrs_7.ply,RyukinGoldfish.ply,2.10714285714286,1.0414999999999999
APSIPA,LS-PCQA,ScarletSnake_lossy-geom-lossy-attrs_3.ply,ScarletSnake.ply,4.71428571428571,2.739500000000001
APSIPA,LS-PCQA,ScarletSnake_lossy-geom-lossy-attrs_4.ply,ScarletSnake.ply,4.5625,2.076
APSIPA,LS-PCQA,ScarletSnake_lossy-geom-lossy-attrs_5.ply,ScarletSnake.ply,3.83333333333333,1.31075
APSIPA,LS-PCQA,ScarletSnake_lossy-geom-lossy-attrs_6.ply,ScarletSnake.ply,3.0,1.1732499999999997
APSIPA,LS-PCQA,ScarletSnake_lossy-geom-lossy-attrs_7.ply,ScarletSnake.ply,2.07142857142857,1.00525
APSIPA,LS-PCQA,SeaTurtle_HighFrequencyNoise_3.ply,SeaTurtle.ply,4.28571428571429,3.2490000000000014
APSIPA,LS-PCQA,SeaTurtle_HighFrequencyNoise_4.ply,SeaTurtle.ply,4.17857142857143,2.7212500000000013
APSIPA,LS-PCQA,SeaTurtle_HighFrequencyNoise_5.ply,SeaTurtle.ply,3.89285714285714,2.4135000000000004
APSIPA,LS-PCQA,SeaTurtle_HighFrequencyNoise_6.ply,SeaTurtle.ply,3.5,1.8270000000000002
APSIPA,LS-PCQA,SeaTurtle_HighFrequencyNoise_7.ply,SeaTurtle.ply,3.0,1.5752500000000003
APSIPA,LS-PCQA,Shark_HighFrequencyNoise_3.ply,Shark.ply,3.86666666666667,2.2590000000000012
APSIPA,LS-PCQA,Shark_HighFrequencyNoise_4.ply,Shark.ply,3.5,2.208250000000001
APSIPA,LS-PCQA,Shark_HighFrequencyNoise_5.ply,Shark.ply,3.46428571428571,2.191500000000001
APSIPA,LS-PCQA,Shark_HighFrequencyNoise_6.ply,Shark.ply,3.14285714285714,1.9722499999999998
APSIPA,LS-PCQA,Shark_HighFrequencyNoise_7.ply,Shark.ply,2.67857142857143,1.6859999999999997
APSIPA,LS-PCQA,Soccer_CorrelatedGaussianNoise_1.ply,Soccer.ply,3.9,2.08275
APSIPA,LS-PCQA,Soccer_CorrelatedGaussianNoise_2.ply,Soccer.ply,3.5,1.5717499999999995
APSIPA,LS-PCQA,Soccer_CorrelatedGaussianNoise_3.ply,Soccer.ply,3.35714285714286,1.5014999999999998
APSIPA,LS-PCQA,Soccer_CorrelatedGaussianNoise_4.ply,Soccer.ply,3.0,1.4340000000000002
APSIPA,LS-PCQA,Soccer_CorrelatedGaussianNoise_5.ply,Soccer.ply,2.75,1.4184999999999999
APSIPA,LS-PCQA,Soccer_MeanShift_1.ply,Soccer.ply,4.125,4.671249999999998
APSIPA,LS-PCQA,Soccer_MeanShift_3.ply,Soccer.ply,3.2,1.6089999999999995
APSIPA,LS-PCQA,Soccer_MeanShift_4.ply,Soccer.ply,2.67857142857143,1.5292499999999996
APSIPA,LS-PCQA,Soccer_MeanShift_5.ply,Soccer.ply,2.71428571428571,1.51725
APSIPA,LS-PCQA,Soccer_MeanShift_7.ply,Soccer.ply,1.14285714285714,1.5162499999999997
APSIPA,LS-PCQA,soldier_DownSample_3.ply,soldier.ply,4.17857142857143,3.355750000000002
APSIPA,LS-PCQA,soldier_DownSample_4.ply,soldier.ply,3.92857142857143,2.9154999999999998
APSIPA,LS-PCQA,soldier_DownSample_5.ply,soldier.ply,3.64285714285714,2.590000000000001
APSIPA,LS-PCQA,soldier_DownSample_6.ply,soldier.ply,3.0625,1.9985
APSIPA,LS-PCQA,soldier_DownSample_7.ply,soldier.ply,2.39285714285714,1.44175
APSIPA,LS-PCQA,soldier_LumaNoise_1.ply,soldier.ply,4.06666666666667,4.672999999999998
APSIPA,LS-PCQA,soldier_LumaNoise_3.ply,soldier.ply,3.21875,3.4139999999999997
APSIPA,LS-PCQA,soldier_LumaNoise_4.ply,soldier.ply,3.09375,2.6990000000000003
APSIPA,LS-PCQA,soldier_LumaNoise_5.ply,soldier.ply,3.1875,2.329
APSIPA,LS-PCQA,soldier_LumaNoise_7.ply,soldier.ply,2.35714285714286,1.5577499999999997
APSIPA,LS-PCQA,SpiderMonkey_C2AI-lossy-geom-lossy-attrs_3.ply,SpiderMonkey.ply,4.96428571428571,1.8895000000000002
APSIPA,LS-PCQA,SpiderMonkey_C2AI-lossy-geom-lossy-attrs_4.ply,SpiderMonkey.ply,4.5625,1.4907500000000005
APSIPA,LS-PCQA,SpiderMonkey_C2AI-lossy-geom-lossy-attrs_5.ply,SpiderMonkey.ply,4.0,1.1632500000000001
APSIPA,LS-PCQA,SpiderMonkey_C2AI-lossy-geom-lossy-attrs_6.ply,SpiderMonkey.ply,3.46428571428571,1.1007500000000001
APSIPA,LS-PCQA,SpiderMonkey_C2AI-lossy-geom-lossy-attrs_7.ply,SpiderMonkey.ply,3.0,1.0535000000000003
APSIPA,LS-PCQA,SpiderMonkey_LocalLoss_1.ply,SpiderMonkey.ply,3.82142857142857,4.518250000000001
APSIPA,LS-PCQA,SpiderMonkey_LocalLoss_2.ply,SpiderMonkey.ply,3.60714285714286,4.381250000000001
APSIPA,LS-PCQA,SpiderMonkey_LocalLoss_3.ply,SpiderMonkey.ply,2.53125,4.3325
APSIPA,LS-PCQA,SpiderMonkey_LocalLoss_4.ply,SpiderMonkey.ply,2.3,3.5565
APSIPA,LS-PCQA,SpiderMonkey_LocalLoss_5.ply,SpiderMonkey.ply,2.21428571428571,3.050500000000002
APSIPA,LS-PCQA,Statue_GammaNoise_1.ply,Statue.ply,3.3,1.8772499999999999
APSIPA,LS-PCQA,Statue_GammaNoise_3.ply,Statue.ply,2.96666666666667,1.6779999999999995
APSIPA,LS-PCQA,Statue_GammaNoise_4.ply,Statue.ply,3.14285714285714,1.6372499999999997
APSIPA,LS-PCQA,Statue_GammaNoise_5.ply,Statue.ply,2.85714285714286,1.5699999999999994
APSIPA,LS-PCQA,Statue_GammaNoise_7.ply,Statue.ply,2.28571428571429,1.4972500000000002
APSIPA,LS-PCQA,Statue_HighFrequencyNoise_3.ply,Statue.ply,3.53333333333333,1.867499999999999
APSIPA,LS-PCQA,Statue_HighFrequencyNoise_4.ply,Statue.ply,3.3,1.6604999999999996
APSIPA,LS-PCQA,Statue_HighFrequencyNoise_5.ply,Statue.ply,3.375,1.6212499999999996
APSIPA,LS-PCQA,Statue_HighFrequencyNoise_6.ply,Statue.ply,3.1875,1.5037500000000004
APSIPA,LS-PCQA,Statue_HighFrequencyNoise_7.ply,Statue.ply,2.28571428571429,1.4957500000000001
APSIPA,LS-PCQA,Statue_limitlossyG-lossyA_3.ply,Statue.ply,4.89285714285714,3.3234999999999997
APSIPA,LS-PCQA,Statue_limitlossyG-lossyA_4.ply,Statue.ply,4.4375,1.9735000000000007
APSIPA,LS-PCQA,Statue_limitlossyG-lossyA_5.ply,Statue.ply,2.75,1.1097500000000005
APSIPA,LS-PCQA,Statue_limitlossyG-lossyA_6.ply,Statue.ply,2.07142857142857,1.0172500000000004
APSIPA,LS-PCQA,Statue_limitlossyG-lossyA_7.ply,Statue.ply,1.64285714285714,1.0035000000000003
APSIPA,LS-PCQA,Statue_PoissonNoise_3.ply,Statue.ply,3.90625,3.7592500000000006
APSIPA,LS-PCQA,Statue_PoissonNoise_4.ply,Statue.ply,3.63333333333333,3.509999999999999
APSIPA,LS-PCQA,Statue_PoissonNoise_5.ply,Statue.ply,3.625,3.333750000000001
APSIPA,LS-PCQA,Statue_PoissonNoise_6.ply,Statue.ply,3.3,2.7805000000000013
APSIPA,LS-PCQA,Statue_PoissonNoise_7.ply,Statue.ply,3.46875,2.477250000000001
APSIPA,LS-PCQA,StreetRoad_losslessG-lossyA_3.ply,StreetRoad.ply,4.71428571428571,4.358999999999999
APSIPA,LS-PCQA,StreetRoad_losslessG-lossyA_4.ply,StreetRoad.ply,4.66666666666667,4.019749999999999
APSIPA,LS-PCQA,StreetRoad_losslessG-lossyA_5.ply,StreetRoad.ply,4.07142857142857,3.225749999999999
APSIPA,LS-PCQA,StreetRoad_losslessG-lossyA_6.ply,StreetRoad.ply,3.32142857142857,2.762750000000001
APSIPA,LS-PCQA,StreetRoad_losslessG-lossyA_7.ply,StreetRoad.ply,3.0,2.595500000000001
APSIPA,LS-PCQA,StreetRoad_SaltpepperNoise_1.ply,StreetRoad.ply,3.7,3.0635000000000003
APSIPA,LS-PCQA,StreetRoad_SaltpepperNoise_3.ply,StreetRoad.ply,2.75,2.53525
APSIPA,LS-PCQA,StreetRoad_SaltpepperNoise_4.ply,StreetRoad.ply,2.875,2.522
APSIPA,LS-PCQA,StreetRoad_SaltpepperNoise_5.ply,StreetRoad.ply,2.93333333333333,2.4312500000000004
APSIPA,LS-PCQA,StreetRoad_SaltpepperNoise_7.ply,StreetRoad.ply,2.71875,2.13225
APSIPA,LS-PCQA,Table_SaturationDistortion_1.ply,Table.ply,4.32142857142857,4.55225
APSIPA,LS-PCQA,Table_SaturationDistortion_2.ply,Table.ply,3.28571428571429,4.316999999999998
APSIPA,LS-PCQA,Table_SaturationDistortion_3.ply,Table.ply,3.13333333333333,3.1957500000000003
APSIPA,LS-PCQA,Table_SaturationDistortion_4.ply,Table.ply,2.60714285714286,2.8020000000000014
APSIPA,LS-PCQA,Table_SaturationDistortion_5.ply,Table.ply,2.46428571428571,2.6020000000000003
APSIPA,LS-PCQA,Thaidancer_C2AI-lossy-geom-lossy-attrs_3.ply,Thaidancer.ply,4.35714285714286,2.33275
APSIPA,LS-PCQA,Thaidancer_C2AI-lossy-geom-lossy-attrs_4.ply,Thaidancer.ply,4.0625,1.8705000000000016
APSIPA,LS-PCQA,Thaidancer_C2AI-lossy-geom-lossy-attrs_5.ply,Thaidancer.ply,3.07142857142857,1.4295000000000002
APSIPA,LS-PCQA,Thaidancer_C2AI-lossy-geom-lossy-attrs_6.ply,Thaidancer.ply,2.17857142857143,1.0882499999999995
APSIPA,LS-PCQA,Thaidancer_C2AI-lossy-geom-lossy-attrs_7.ply,Thaidancer.ply,2.32142857142857,1.0717499999999998
APSIPA,LS-PCQA,Thaidancer_ContrastDistortion_1.ply,Thaidancer.ply,4.43333333333333,3.734750000000001
APSIPA,LS-PCQA,Thaidancer_ContrastDistortion_2.ply,Thaidancer.ply,3.46666666666667,2.854000000000001
APSIPA,LS-PCQA,Thaidancer_ContrastDistortion_3.ply,Thaidancer.ply,3.1875,2.138000000000001
APSIPA,LS-PCQA,Thaidancer_ContrastDistortion_4.ply,Thaidancer.ply,3.35714285714286,1.6617500000000005
APSIPA,LS-PCQA,Thaidancer_ContrastDistortion_5.ply,Thaidancer.ply,2.53571428571429,1.5442500000000003
APSIPA,LS-PCQA,Thaidancer_LumaNoise_1.ply,Thaidancer.ply,4.25,4.624249999999998
APSIPA,LS-PCQA,Thaidancer_LumaNoise_3.ply,Thaidancer.ply,3.63333333333333,3.5509999999999984
APSIPA,LS-PCQA,Thaidancer_LumaNoise_4.ply,Thaidancer.ply,3.10714285714286,3.2555000000000005
APSIPA,LS-PCQA,Thaidancer_LumaNoise_5.ply,Thaidancer.ply,3.03571428571429,2.9022500000000004
APSIPA,LS-PCQA,Thaidancer_LumaNoise_7.ply,Thaidancer.ply,2.67857142857143,2.2047499999999998
APSIPA,LS-PCQA,TibetanFox_LocalLoss_1.ply,TibetanFox.ply,2.75,4.747000000000001
APSIPA,LS-PCQA,TibetanFox_LocalLoss_2.ply,TibetanFox.ply,2.53571428571429,4.465499999999998
APSIPA,LS-PCQA,TibetanFox_LocalLoss_3.ply,TibetanFox.ply,1.75,3.85125
APSIPA,LS-PCQA,TibetanFox_LocalLoss_4.ply,TibetanFox.ply,2.0,3.25875
APSIPA,LS-PCQA,TibetanFox_LocalLoss_5.ply,TibetanFox.ply,2.07142857142857,3.202250000000001
APSIPA,LS-PCQA,ToyDog_DownSample_3.ply,ToyDog.ply,4.28571428571429,4.105500000000003
APSIPA,LS-PCQA,ToyDog_DownSample_4.ply,ToyDog.ply,3.67857142857143,3.3980000000000024
APSIPA,LS-PCQA,ToyDog_DownSample_5.ply,ToyDog.ply,2.64285714285714,2.997250000000003
APSIPA,LS-PCQA,ToyDog_DownSample_6.ply,ToyDog.ply,2.64285714285714,2.656750000000001
APSIPA,LS-PCQA,ToyDog_DownSample_7.ply,ToyDog.ply,2.17857142857143,1.9220000000000002
APSIPA,LS-PCQA,ToyDog_lossless-geom-nearlossless-attrs_3.ply,ToyDog.ply,4.93333333333333,4.7230000000000025
APSIPA,LS-PCQA,ToyDog_lossless-geom-nearlossless-attrs_4.ply,ToyDog.ply,4.92857142857143,4.401999999999998
APSIPA,LS-PCQA,ToyDog_lossless-geom-nearlossless-attrs_5.ply,ToyDog.ply,3.5,1.7322499999999998
APSIPA,LS-PCQA,ToyDog_lossless-geom-nearlossless-attrs_6.ply,ToyDog.ply,2.90625,1.5495
APSIPA,LS-PCQA,ToyDog_lossless-geom-nearlossless-attrs_7.ply,ToyDog.ply,1.60714285714286,1.5080000000000007
APSIPA,LS-PCQA,ToyDog_MultiplicativeGaussianNoise_1.ply,ToyDog.ply,3.92857142857143,3.4827499999999993
APSIPA,LS-PCQA,ToyDog_MultiplicativeGaussianNoise_3.ply,ToyDog.ply,3.46428571428571,2.7937500000000015
APSIPA,LS-PCQA,ToyDog_MultiplicativeGaussianNoise_4.ply,ToyDog.ply,3.40625,2.5555000000000017
APSIPA,LS-PCQA,ToyDog_MultiplicativeGaussianNoise_5.ply,ToyDog.ply,2.89285714285714,2.2545000000000015
APSIPA,LS-PCQA,ToyDog_MultiplicativeGaussianNoise_7.ply,ToyDog.ply,2.92857142857143,1.9364999999999997
APSIPA,LS-PCQA,ToyDog_reconstruction_3.ply,ToyDog.ply,3.7,1.3734999999999997
APSIPA,LS-PCQA,ToyDog_reconstruction_4.ply,ToyDog.ply,2.78571428571429,1.3539999999999999
APSIPA,LS-PCQA,ToyDog_reconstruction_5.ply,ToyDog.ply,3.0625,1.1609999999999994
APSIPA,LS-PCQA,ToyDog_reconstruction_6.ply,ToyDog.ply,2.71428571428571,1.1314999999999997
APSIPA,LS-PCQA,ToyDog_reconstruction_7.ply,ToyDog.ply,2.35714285714286,1.0627499999999994
APSIPA,LS-PCQA,ToyDog_UniformNoise_1.ply,ToyDog.ply,4.9,3.709749999999999
APSIPA,LS-PCQA,ToyDog_UniformNoise_3.ply,ToyDog.ply,3.75,2.890000000000002
APSIPA,LS-PCQA,ToyDog_UniformNoise_4.ply,ToyDog.ply,3.46428571428571,2.5330000000000017
APSIPA,LS-PCQA,ToyDog_UniformNoise_5.ply,ToyDog.ply,3.35714285714286,2.230750000000001
APSIPA,LS-PCQA,ToyDog_UniformNoise_7.ply,ToyDog.ply,3.0,1.9462499999999998
APSIPA,LS-PCQA,Truck_ColorQuantizationDither_3.ply,Truck.ply,3.82142857142857,3.5032499999999995
APSIPA,LS-PCQA,Truck_ColorQuantizationDither_4.ply,Truck.ply,3.07142857142857,3.1875000000000018
APSIPA,LS-PCQA,Truck_ColorQuantizationDither_5.ply,Truck.ply,2.65625,1.9950000000000012
APSIPA,LS-PCQA,Truck_ColorQuantizationDither_6.ply,Truck.ply,2.46875,1.8474999999999997
APSIPA,LS-PCQA,Truck_ColorQuantizationDither_7.ply,Truck.ply,1.96428571428571,1.4887500000000002
APSIPA,LS-PCQA,Truck_lossy-geom-lossy-attrs_3.ply,Truck.ply,4.57142857142857,3.8425
APSIPA,LS-PCQA,Truck_lossy-geom-lossy-attrs_4.ply,Truck.ply,4.28571428571429,2.9677500000000006
APSIPA,LS-PCQA,Truck_lossy-geom-lossy-attrs_5.ply,Truck.ply,3.8125,1.45875
APSIPA,LS-PCQA,Truck_lossy-geom-lossy-attrs_6.ply,Truck.ply,3.0,1.1094999999999993
APSIPA,LS-PCQA,Truck_lossy-geom-lossy-attrs_7.ply,Truck.ply,1.42857142857143,1.0382499999999997
APSIPA,LS-PCQA,Truck_PoissonNoise_3.ply,Truck.ply,4.10714285714286,4.5075
APSIPA,LS-PCQA,Truck_PoissonNoise_4.ply,Truck.ply,3.67857142857143,4.3614999999999995
APSIPA,LS-PCQA,Truck_PoissonNoise_5.ply,Truck.ply,3.85714285714286,3.9885
APSIPA,LS-PCQA,Truck_PoissonNoise_6.ply,Truck.ply,3.17857142857143,3.5157500000000006
APSIPA,LS-PCQA,Truck_PoissonNoise_7.ply,Truck.ply,3.13333333333333,3.2645000000000004
APSIPA,LS-PCQA,Whale_LocalOffset_1.ply,Whale.ply,4.28571428571429,4.3375
APSIPA,LS-PCQA,Whale_LocalOffset_2.ply,Whale.ply,3.0,3.7030000000000003
APSIPA,LS-PCQA,Whale_LocalOffset_3.ply,Whale.ply,2.10714285714286,2.4865000000000013
APSIPA,LS-PCQA,Whale_LocalOffset_4.ply,Whale.ply,2.1,1.9902500000000003
APSIPA,LS-PCQA,Whale_LocalOffset_5.ply,Whale.ply,1.67857142857143,1.54825
APSIPA,LS-PCQA,WhiteTailedDeer_C2AI-lossy-geom-lossy-attrs_3.ply,WhiteTailedDeer.ply,4.43333333333333,1.5377500000000006
APSIPA,LS-PCQA,WhiteTailedDeer_C2AI-lossy-geom-lossy-attrs_4.ply,WhiteTailedDeer.ply,3.85714285714286,1.2699999999999998
APSIPA,LS-PCQA,WhiteTailedDeer_C2AI-lossy-geom-lossy-attrs_5.ply,WhiteTailedDeer.ply,4.07142857142857,1.1385000000000003
APSIPA,LS-PCQA,WhiteTailedDeer_C2AI-lossy-geom-lossy-attrs_6.ply,WhiteTailedDeer.ply,3.14285714285714,1.0882500000000002
APSIPA,LS-PCQA,WhiteTailedDeer_C2AI-lossy-geom-lossy-attrs_7.ply,WhiteTailedDeer.ply,2.83333333333333,1.0532500000000002
APSIPA,LS-PCQA,WhiteTailedDeer_LocalOffset_1.ply,WhiteTailedDeer.ply,3.5,4.359999999999999
APSIPA,LS-PCQA,WhiteTailedDeer_LocalOffset_2.ply,WhiteTailedDeer.ply,2.75,3.953999999999998
APSIPA,LS-PCQA,WhiteTailedDeer_LocalOffset_3.ply,WhiteTailedDeer.ply,2.6875,3.2827500000000014
APSIPA,LS-PCQA,WhiteTailedDeer_LocalOffset_4.ply,WhiteTailedDeer.ply,2.0,2.4805000000000006
APSIPA,LS-PCQA,WhiteTailedDeer_LocalOffset_5.ply,WhiteTailedDeer.ply,2.0,1.780000000000001
APSIPA,LS-PCQA,Wood_DownSample_3.ply,Wood.ply,4.3,3.866000000000001
APSIPA,LS-PCQA,Wood_DownSample_4.ply,Wood.ply,4.25,3.299500000000003
APSIPA,LS-PCQA,Wood_DownSample_5.ply,Wood.ply,3.85714285714286,2.887750000000001
APSIPA,LS-PCQA,Wood_DownSample_6.ply,Wood.ply,2.85714285714286,2.4132499999999997
APSIPA,LS-PCQA,Wood_DownSample_7.ply,Wood.ply,2.46875,1.8230000000000002
APSIPA,LS-PCQA,Wood_Octree_1.ply,Wood.ply,2.84375,1.4379999999999995
APSIPA,LS-PCQA,Wood_Octree_2.ply,Wood.ply,2.375,1.3214999999999992
APSIPA,LS-PCQA,Wood_Octree_3.ply,Wood.ply,2.07142857142857,1.2549999999999992
APSIPA,LS-PCQA,Wood_Octree_4.ply,Wood.ply,1.60714285714286,1.1519999999999992
APSIPA,LS-PCQA,Wood_Octree_5.ply,Wood.ply,1.73333333333333,1.1209999999999996
APSIPA,LS-PCQA,Wood_UniformNoise_1.ply,Wood.ply,4.64285714285714,4.4985
APSIPA,LS-PCQA,Wood_UniformNoise_3.ply,Wood.ply,3.85714285714286,3.0155000000000007
APSIPA,LS-PCQA,Wood_UniformNoise_4.ply,Wood.ply,4.0,2.2405000000000017
APSIPA,LS-PCQA,Wood_UniformNoise_5.ply,Wood.ply,3.07142857142857,1.8765000000000003
APSIPA,LS-PCQA,Wood_UniformNoise_7.ply,Wood.ply,3.10714285714286,1.5270000000000008
APSIPA,SJTU-PCQA,redandblack_0.ply,redandblack.ply,8.167091836735,3.9499999999999975
APSIPA,SJTU-PCQA,redandblack_1.ply,redandblack.ply,6.45,3.344500000000002
APSIPA,SJTU-PCQA,redandblack_2.ply,redandblack.ply,6.734375,2.7004999999999995
APSIPA,SJTU-PCQA,redandblack_3.ply,redandblack.ply,4.9,2.053500000000001
APSIPA,SJTU-PCQA,redandblack_4.ply,redandblack.ply,6.286989795918,1.5187499999999998
APSIPA,SJTU-PCQA,redandblack_5.ply,redandblack.ply,3.7578125,1.1964999999999992
APSIPA,SJTU-PCQA,redandblack_6.ply,redandblack.ply,9.392857142857,4.552499999999997
APSIPA,SJTU-PCQA,redandblack_7.ply,redandblack.ply,7.608333333333,2.81575
APSIPA,SJTU-PCQA,redandblack_8.ply,redandblack.ply,7.247448979592,2.1665000000000005
APSIPA,SJTU-PCQA,redandblack_9.ply,redandblack.ply,6.53125,1.9885000000000002
APSIPA,SJTU-PCQA,redandblack_10.ply,redandblack.ply,5.515625,1.7080000000000004
APSIPA,SJTU-PCQA,redandblack_11.ply,redandblack.ply,4.780769230769,1.5645000000000007
APSIPA,SJTU-PCQA,redandblack_12.ply,redandblack.ply,7.767307692308,4.189249999999999
APSIPA,SJTU-PCQA,redandblack_13.ply,redandblack.ply,6.803846153846,3.8747499999999997
APSIPA,SJTU-PCQA,redandblack_14.ply,redandblack.ply,6.65,3.3717500000000014
APSIPA,SJTU-PCQA,redandblack_15.ply,redandblack.ply,5.1640625,2.5862500000000006
APSIPA,SJTU-PCQA,redandblack_16.ply,redandblack.ply,3.709615384615,2.018
APSIPA,SJTU-PCQA,redandblack_17.ply,redandblack.ply,2.141666666667,1.4042500000000002
APSIPA,SJTU-PCQA,redandblack_18.ply,redandblack.ply,8.191666666667,3.9482499999999994
APSIPA,SJTU-PCQA,redandblack_19.ply,redandblack.ply,6.85,2.548250000000001
APSIPA,SJTU-PCQA,redandblack_20.ply,redandblack.ply,6.144132653061,2.010250000000001
APSIPA,SJTU-PCQA,redandblack_21.ply,redandblack.ply,4.6484375,1.6635000000000004
APSIPA,SJTU-PCQA,redandblack_22.ply,redandblack.ply,3.465384615385,1.107
APSIPA,SJTU-PCQA,redandblack_23.ply,redandblack.ply,1.433333333333,1.0967499999999997
APSIPA,SJTU-PCQA,redandblack_24.ply,redandblack.ply,8.2578125,3.784749999999998
APSIPA,SJTU-PCQA,redandblack_25.ply,redandblack.ply,7.3515625,2.6657500000000005
APSIPA,SJTU-PCQA,redandblack_26.ply,redandblack.ply,5.579081632653,1.7822500000000003
APSIPA,SJTU-PCQA,redandblack_27.ply,redandblack.ply,2.4375,1.2384999999999993
APSIPA,SJTU-PCQA,redandblack_28.ply,redandblack.ply,2.275,1.10925
APSIPA,SJTU-PCQA,redandblack_29.ply,redandblack.ply,1.0,1.03675
APSIPA,SJTU-PCQA,redandblack_30.ply,redandblack.ply,8.125,4.217250000000003
APSIPA,SJTU-PCQA,redandblack_31.ply,redandblack.ply,6.441666666667,2.951249999999999
APSIPA,SJTU-PCQA,redandblack_32.ply,redandblack.ply,5.9609375,2.3730000000000007
APSIPA,SJTU-PCQA,redandblack_33.ply,redandblack.ply,3.394132653061,1.4307499999999995
APSIPA,SJTU-PCQA,redandblack_34.ply,redandblack.ply,1.866666666667,1.2927500000000003
APSIPA,SJTU-PCQA,redandblack_35.ply,redandblack.ply,1.848076923077,1.1752500000000001
APSIPA,SJTU-PCQA,redandblack_36.ply,redandblack.ply,8.525,4.033750000000001
APSIPA,SJTU-PCQA,redandblack_37.ply,redandblack.ply,6.063461538462,2.1125000000000007
APSIPA,SJTU-PCQA,redandblack_38.ply,redandblack.ply,5.96875,1.5445000000000002
APSIPA,SJTU-PCQA,redandblack_39.ply,redandblack.ply,3.125,1.2167500000000004
APSIPA,SJTU-PCQA,redandblack_40.ply,redandblack.ply,1.876923076923,1.2007500000000002
APSIPA,SJTU-PCQA,redandblack_41.ply,redandblack.ply,1.691666666667,1.1457500000000003
APSIPA,SJTU-PCQA,ULB Unicorn_0.ply,ULB Unicorn.ply,8.220663265306,4.39975
APSIPA,SJTU-PCQA,ULB Unicorn_1.ply,ULB Unicorn.ply,7.405769230769,3.826499999999998
APSIPA,SJTU-PCQA,ULB Unicorn_2.ply,ULB Unicorn.ply,6.975,2.3835000000000006
APSIPA,SJTU-PCQA,ULB Unicorn_3.ply,ULB Unicorn.ply,6.1015625,2.0387500000000007
APSIPA,SJTU-PCQA,ULB Unicorn_4.ply,ULB Unicorn.ply,4.963461538462,1.5765000000000007
APSIPA,SJTU-PCQA,ULB Unicorn_5.ply,ULB Unicorn.ply,2.380102040816,1.1617500000000003
APSIPA,SJTU-PCQA,ULB Unicorn_6.ply,ULB Unicorn.ply,7.688461538462,4.02275
APSIPA,SJTU-PCQA,ULB Unicorn_7.ply,ULB Unicorn.ply,8.3671875,3.4224999999999994
APSIPA,SJTU-PCQA,ULB Unicorn_8.ply,ULB Unicorn.ply,6.553571428571,2.9822500000000014
APSIPA,SJTU-PCQA,ULB Unicorn_9.ply,ULB Unicorn.ply,6.880769230769,2.5510000000000015
APSIPA,SJTU-PCQA,ULB Unicorn_10.ply,ULB Unicorn.ply,6.348076923077,1.9662500000000005
APSIPA,SJTU-PCQA,ULB Unicorn_11.ply,ULB Unicorn.ply,5.9453125,1.6897500000000005
APSIPA,SJTU-PCQA,ULB Unicorn_12.ply,ULB Unicorn.ply,7.352040816327,4.60725
APSIPA,SJTU-PCQA,ULB Unicorn_13.ply,ULB Unicorn.ply,5.857692307692,4.143749999999997
APSIPA,SJTU-PCQA,ULB Unicorn_14.ply,ULB Unicorn.ply,6.226923076923,3.1552500000000006
APSIPA,SJTU-PCQA,ULB Unicorn_15.ply,ULB Unicorn.ply,5.525510204082,2.6255000000000006
APSIPA,SJTU-PCQA,ULB Unicorn_16.ply,ULB Unicorn.ply,3.5859375,2.170750000000001
APSIPA,SJTU-PCQA,ULB Unicorn_17.ply,ULB Unicorn.ply,1.848076923077,1.2985000000000002
APSIPA,SJTU-PCQA,ULB Unicorn_18.ply,ULB Unicorn.ply,6.841666666667,3.727000000000001
APSIPA,SJTU-PCQA,ULB Unicorn_19.ply,ULB Unicorn.ply,6.5703125,3.1049999999999995
APSIPA,SJTU-PCQA,ULB Unicorn_20.ply,ULB Unicorn.ply,5.141666666667,2.314250000000001
APSIPA,SJTU-PCQA,ULB Unicorn_21.ply,ULB Unicorn.ply,4.234375,1.6412500000000005
APSIPA,SJTU-PCQA,ULB Unicorn_22.ply,ULB Unicorn.ply,3.455769230769,1.2955000000000008
APSIPA,SJTU-PCQA,ULB Unicorn_23.ply,ULB Unicorn.ply,1.377551020408,1.0835000000000004
APSIPA,SJTU-PCQA,ULB Unicorn_24.ply,ULB Unicorn.ply,7.2,4.2625
APSIPA,SJTU-PCQA,ULB Unicorn_25.ply,ULB Unicorn.ply,5.9296875,3.044500000000003
APSIPA,SJTU-PCQA,ULB Unicorn_26.ply,ULB Unicorn.ply,4.6328125,1.8260000000000007
APSIPA,SJTU-PCQA,ULB Unicorn_27.ply,ULB Unicorn.ply,2.067602040816,1.1987499999999998
APSIPA,SJTU-PCQA,ULB Unicorn_28.ply,ULB Unicorn.ply,1.5,1.05825
APSIPA,SJTU-PCQA,ULB Unicorn_29.ply,ULB Unicorn.ply,1.223076923077,1.0117500000000001
APSIPA,SJTU-PCQA,ULB Unicorn_30.ply,ULB Unicorn.ply,7.767857142857,4.33275
APSIPA,SJTU-PCQA,ULB Unicorn_31.ply,ULB Unicorn.ply,7.155612244898,3.95475
APSIPA,SJTU-PCQA,ULB Unicorn_32.ply,ULB Unicorn.ply,4.59056122449,2.623250000000001
APSIPA,SJTU-PCQA,ULB Unicorn_33.ply,ULB Unicorn.ply,2.609375,1.38975
APSIPA,SJTU-PCQA,ULB Unicorn_34.ply,ULB Unicorn.ply,1.857692307692,1.1594999999999998
APSIPA,SJTU-PCQA,ULB Unicorn_35.ply,ULB Unicorn.ply,1.3,1.0185
APSIPA,SJTU-PCQA,ULB Unicorn_36.ply,ULB Unicorn.ply,8.375,3.398249999999999
APSIPA,SJTU-PCQA,ULB Unicorn_37.ply,ULB Unicorn.ply,7.066326530612,2.5547500000000003
APSIPA,SJTU-PCQA,ULB Unicorn_38.ply,ULB Unicorn.ply,5.15,1.4737500000000003
APSIPA,SJTU-PCQA,ULB Unicorn_39.ply,ULB Unicorn.ply,3.103316326531,1.0469999999999997
APSIPA,SJTU-PCQA,ULB Unicorn_40.ply,ULB Unicorn.ply,2.2,1.0187500000000003
APSIPA,SJTU-PCQA,ULB Unicorn_41.ply,ULB Unicorn.ply,1.30612244898,1.02125
APSIPA,SJTU-PCQA,loot_0.ply,loot.ply,6.996153846154,3.982999999999998
APSIPA,SJTU-PCQA,loot_1.ply,loot.ply,7.0859375,3.559500000000001
APSIPA,SJTU-PCQA,loot_2.ply,loot.ply,5.383333333333,2.6294999999999993
APSIPA,SJTU-PCQA,loot_3.ply,loot.ply,5.208333333333,2.235000000000001
APSIPA,SJTU-PCQA,loot_4.ply,loot.ply,6.679846938776,1.6142500000000006
APSIPA,SJTU-PCQA,loot_5.ply,loot.ply,2.708333333333,1.3222499999999995
APSIPA,SJTU-PCQA,loot_6.ply,loot.ply,9.65,4.105999999999999
APSIPA,SJTU-PCQA,loot_7.ply,loot.ply,7.316666666667,2.8817500000000007
APSIPA,SJTU-PCQA,loot_8.ply,loot.ply,5.396683673469,2.283000000000001
APSIPA,SJTU-PCQA,loot_9.ply,loot.ply,4.584615384615,1.8815
APSIPA,SJTU-PCQA,loot_10.ply,loot.ply,4.230867346939,1.6457500000000003
APSIPA,SJTU-PCQA,loot_11.ply,loot.ply,4.0625,1.5870000000000004
APSIPA,SJTU-PCQA,loot_12.ply,loot.ply,8.267307692308,3.9872499999999986
APSIPA,SJTU-PCQA,loot_13.ply,loot.ply,8.613520408163,3.83775
APSIPA,SJTU-PCQA,loot_14.ply,loot.ply,7.676020408163,3.503750000000002
APSIPA,SJTU-PCQA,loot_15.ply,loot.ply,5.78125,3.1485000000000007
APSIPA,SJTU-PCQA,loot_16.ply,loot.ply,2.975,2.3850000000000007
APSIPA,SJTU-PCQA,loot_17.ply,loot.ply,1.85,1.4480000000000002
APSIPA,SJTU-PCQA,loot_18.ply,loot.ply,8.180769230769,3.5974999999999993
APSIPA,SJTU-PCQA,loot_19.ply,loot.ply,6.925,2.580750000000001
APSIPA,SJTU-PCQA,loot_20.ply,loot.ply,4.8,2.0122500000000003
APSIPA,SJTU-PCQA,loot_21.ply,loot.ply,4.299744897959,1.6015000000000013
APSIPA,SJTU-PCQA,loot_22.ply,loot.ply,2.283333333333,1.3749999999999993
APSIPA,SJTU-PCQA,loot_23.ply,loot.ply,1.223076923077,1.1232499999999996
APSIPA,SJTU-PCQA,loot_24.ply,loot.ply,7.190384615385,3.5909999999999993
APSIPA,SJTU-PCQA,loot_25.ply,loot.ply,7.28125,2.727500000000001
APSIPA,SJTU-PCQA,loot_26.ply,loot.ply,4.166666666667,1.83625
APSIPA,SJTU-PCQA,loot_27.ply,loot.ply,2.376923076923,1.2949999999999995
APSIPA,SJTU-PCQA,loot_28.ply,loot.ply,1.703846153846,1.1369999999999998
APSIPA,SJTU-PCQA,loot_29.ply,loot.ply,1.0,1.0502499999999997
APSIPA,SJTU-PCQA,loot_30.ply,loot.ply,7.341666666667,4.009
APSIPA,SJTU-PCQA,loot_31.ply,loot.ply,7.765306122449,2.9852500000000015
APSIPA,SJTU-PCQA,loot_32.ply,loot.ply,4.775,2.293250000000001
APSIPA,SJTU-PCQA,loot_33.ply,loot.ply,2.825,1.47975
APSIPA,SJTU-PCQA,loot_34.ply,loot.ply,2.492346938776,1.3714999999999997
APSIPA,SJTU-PCQA,loot_35.ply,loot.ply,1.223076923077,1.2319999999999998
APSIPA,SJTU-PCQA,loot_36.ply,loot.ply,8.344230769231,3.516
APSIPA,SJTU-PCQA,loot_37.ply,loot.ply,6.7,2.2127500000000015
APSIPA,SJTU-PCQA,loot_38.ply,loot.ply,4.25,1.5045000000000008
APSIPA,SJTU-PCQA,loot_39.ply,loot.ply,2.758333333333,1.2097500000000003
APSIPA,SJTU-PCQA,loot_40.ply,loot.ply,1.934615384615,1.2040000000000002
APSIPA,SJTU-PCQA,loot_41.ply,loot.ply,1.2,1.1680000000000001
APSIPA,SJTU-PCQA,soldier_0.ply,soldier.ply,8.3203125,3.9699999999999984
APSIPA,SJTU-PCQA,soldier_1.ply,soldier.ply,5.783333333333,3.525250000000002
APSIPA,SJTU-PCQA,soldier_2.ply,soldier.ply,5.832692307692,2.8015000000000008
APSIPA,SJTU-PCQA,soldier_3.ply,soldier.ply,6.175,2.252750000000001
APSIPA,SJTU-PCQA,soldier_4.ply,soldier.ply,5.083333333333,1.63475
APSIPA,SJTU-PCQA,soldier_5.ply,soldier.ply,3.835459183673,1.2099999999999995
APSIPA,SJTU-PCQA,soldier_6.ply,soldier.ply,9.583333333333,4.740999999999997
APSIPA,SJTU-PCQA,soldier_7.ply,soldier.ply,6.950255102041,2.945500000000001
APSIPA,SJTU-PCQA,soldier_8.ply,soldier.ply,5.813461538462,2.2005000000000003
APSIPA,SJTU-PCQA,soldier_9.ply,soldier.ply,6.069230769231,1.6669999999999998
APSIPA,SJTU-PCQA,soldier_10.ply,soldier.ply,4.516666666667,1.5527500000000003
APSIPA,SJTU-PCQA,soldier_11.ply,soldier.ply,3.90943877551,1.493
APSIPA,SJTU-PCQA,soldier_12.ply,soldier.ply,7.615384615385,4.090499999999999
APSIPA,SJTU-PCQA,soldier_13.ply,soldier.ply,8.5234375,3.9642500000000003
APSIPA,SJTU-PCQA,soldier_14.ply,soldier.ply,7.688775510204,3.4905
APSIPA,SJTU-PCQA,soldier_15.ply,soldier.ply,5.623076923077,2.8382500000000004
APSIPA,SJTU-PCQA,soldier_16.ply,soldier.ply,4.1171875,2.0685000000000007
APSIPA,SJTU-PCQA,soldier_17.ply,soldier.ply,1.934615384615,1.28025
APSIPA,SJTU-PCQA,soldier_18.ply,soldier.ply,9.178571428571,4.139499999999999
APSIPA,SJTU-PCQA,soldier_19.ply,soldier.ply,8.1328125,2.572500000000001
APSIPA,SJTU-PCQA,soldier_20.ply,soldier.ply,5.765625,1.855000000000001
APSIPA,SJTU-PCQA,soldier_21.ply,soldier.ply,4.463461538462,1.45575
APSIPA,SJTU-PCQA,soldier_22.ply,soldier.ply,3.1640625,1.2142499999999996
APSIPA,SJTU-PCQA,soldier_23.ply,soldier.ply,1.491666666667,1.0695000000000001
APSIPA,SJTU-PCQA,soldier_24.ply,soldier.ply,7.816666666667,3.320500000000001
APSIPA,SJTU-PCQA,soldier_25.ply,soldier.ply,5.833333333333,2.4707500000000007
APSIPA,SJTU-PCQA,soldier_26.ply,soldier.ply,4.5546875,1.5695000000000001
APSIPA,SJTU-PCQA,soldier_27.ply,soldier.ply,1.7265625,1.2269999999999999
APSIPA,SJTU-PCQA,soldier_28.ply,soldier.ply,1.781887755102,1.11425
APSIPA,SJTU-PCQA,soldier_29.ply,soldier.ply,1.0,1.0507499999999999
APSIPA,SJTU-PCQA,soldier_30.ply,soldier.ply,7.825,3.668999999999999
APSIPA,SJTU-PCQA,soldier_31.ply,soldier.ply,7.6640625,2.75125
APSIPA,SJTU-PCQA,soldier_32.ply,soldier.ply,4.334615384615,2.0735000000000006
APSIPA,SJTU-PCQA,soldier_33.ply,soldier.ply,2.280769230769,1.4212499999999995
APSIPA,SJTU-PCQA,soldier_34.ply,soldier.ply,1.8671875,1.2819999999999998
APSIPA,SJTU-PCQA,soldier_35.ply,soldier.ply,1.234693877551,1.1664999999999999
APSIPA,SJTU-PCQA,soldier_36.ply,soldier.ply,8.65,3.725250000000001
APSIPA,SJTU-PCQA,soldier_37.ply,soldier.ply,7.084183673469,1.9737500000000012
APSIPA,SJTU-PCQA,soldier_38.ply,soldier.ply,4.358333333333,1.40475
APSIPA,SJTU-PCQA,soldier_39.ply,soldier.ply,2.75,1.2037500000000003
APSIPA,SJTU-PCQA,soldier_40.ply,soldier.ply,2.320153061224,1.1895000000000002
APSIPA,SJTU-PCQA,soldier_41.ply,soldier.ply,1.4140625,1.1205
APSIPA,SJTU-PCQA,Romanoillamp_0.ply,Romanoillamp.ply,9.116666666667,4.404
APSIPA,SJTU-PCQA,Romanoillamp_1.ply,Romanoillamp.ply,9.321428571429,4.034749999999999
APSIPA,SJTU-PCQA,Romanoillamp_2.ply,Romanoillamp.ply,9.682692307692,4.084750000000001
APSIPA,SJTU-PCQA,Romanoillamp_3.ply,Romanoillamp.ply,8.622448979592,3.881
APSIPA,SJTU-PCQA,Romanoillamp_4.ply,Romanoillamp.ply,7.691326530612,2.8394999999999997
APSIPA,SJTU-PCQA,Romanoillamp_5.ply,Romanoillamp.ply,3.6171875,2.3912500000000008
APSIPA,SJTU-PCQA,Romanoillamp_6.ply,Romanoillamp.ply,8.771683673469,4.795499999999997
APSIPA,SJTU-PCQA,Romanoillamp_7.ply,Romanoillamp.ply,7.56887755102,3.8795000000000006
APSIPA,SJTU-PCQA,Romanoillamp_8.ply,Romanoillamp.ply,6.619897959184,3.5145000000000004
APSIPA,SJTU-PCQA,Romanoillamp_9.ply,Romanoillamp.ply,7.808333333333,3.0132500000000015
APSIPA,SJTU-PCQA,Romanoillamp_10.ply,Romanoillamp.ply,6.953125,2.5080000000000013
APSIPA,SJTU-PCQA,Romanoillamp_11.ply,Romanoillamp.ply,6.2265625,2.271750000000001
APSIPA,SJTU-PCQA,Romanoillamp_12.ply,Romanoillamp.ply,7.941666666667,4.331750000000001
APSIPA,SJTU-PCQA,Romanoillamp_13.ply,Romanoillamp.ply,8.163461538462,4.105250000000001
APSIPA,SJTU-PCQA,Romanoillamp_14.ply,Romanoillamp.ply,8.25,4.08575
APSIPA,SJTU-PCQA,Romanoillamp_15.ply,Romanoillamp.ply,7.544230769231,4.098750000000001
APSIPA,SJTU-PCQA,Romanoillamp_16.ply,Romanoillamp.ply,5.125,3.75325
APSIPA,SJTU-PCQA,Romanoillamp_17.ply,Romanoillamp.ply,2.723076923077,2.865750000000001
APSIPA,SJTU-PCQA,Romanoillamp_18.ply,Romanoillamp.ply,9.553571428571,4.3725000000000005
APSIPA,SJTU-PCQA,Romanoillamp_19.ply,Romanoillamp.ply,8.71875,3.8150000000000013
APSIPA,SJTU-PCQA,Romanoillamp_20.ply,Romanoillamp.ply,7.296153846154,2.9322500000000016
APSIPA,SJTU-PCQA,Romanoillamp_21.ply,Romanoillamp.ply,6.198076923077,2.3962500000000015
APSIPA,SJTU-PCQA,Romanoillamp_22.ply,Romanoillamp.ply,6.667091836735,2.104250000000001
APSIPA,SJTU-PCQA,Romanoillamp_23.ply,Romanoillamp.ply,2.6,1.6787500000000009
APSIPA,SJTU-PCQA,Romanoillamp_24.ply,Romanoillamp.ply,8.008333333333,4.199750000000003
APSIPA,SJTU-PCQA,Romanoillamp_25.ply,Romanoillamp.ply,8.7734375,3.9890000000000003
APSIPA,SJTU-PCQA,Romanoillamp_26.ply,Romanoillamp.ply,6.533333333333,2.6402500000000004
APSIPA,SJTU-PCQA,Romanoillamp_27.ply,Romanoillamp.ply,3.125,1.8097500000000004
APSIPA,SJTU-PCQA,Romanoillamp_28.ply,Romanoillamp.ply,2.411989795918,1.736
APSIPA,SJTU-PCQA,Romanoillamp_29.ply,Romanoillamp.ply,1.433333333333,1.6480000000000004
APSIPA,SJTU-PCQA,Romanoillamp_30.ply,Romanoillamp.ply,9.40625,4.258750000000003
APSIPA,SJTU-PCQA,Romanoillamp_31.ply,Romanoillamp.ply,7.008333333333,4.065750000000003
APSIPA,SJTU-PCQA,Romanoillamp_32.ply,Romanoillamp.ply,6.166666666667,2.9255000000000018
APSIPA,SJTU-PCQA,Romanoillamp_33.ply,Romanoillamp.ply,3.936224489796,1.9140000000000006
APSIPA,SJTU-PCQA,Romanoillamp_34.ply,Romanoillamp.ply,3.7734375,1.7770000000000004
APSIPA,SJTU-PCQA,Romanoillamp_35.ply,Romanoillamp.ply,1.5703125,1.6842500000000005
APSIPA,SJTU-PCQA,Romanoillamp_36.ply,Romanoillamp.ply,8.433333333333,4.225500000000004
APSIPA,SJTU-PCQA,Romanoillamp_37.ply,Romanoillamp.ply,8.5625,3.4669999999999987
APSIPA,SJTU-PCQA,Romanoillamp_38.ply,Romanoillamp.ply,7.1953125,2.435500000000001
APSIPA,SJTU-PCQA,Romanoillamp_39.ply,Romanoillamp.ply,3.545918367347,1.50025
APSIPA,SJTU-PCQA,Romanoillamp_40.ply,Romanoillamp.ply,2.811538461538,1.4185000000000003
APSIPA,SJTU-PCQA,Romanoillamp_41.ply,Romanoillamp.ply,1.223076923077,1.4067500000000002
APSIPA,SJTU-PCQA,longdress_0.ply,longdress.ply,8.501275510204,3.8967499999999977
APSIPA,SJTU-PCQA,longdress_1.ply,longdress.ply,6.159615384615,3.4397500000000036
APSIPA,SJTU-PCQA,longdress_2.ply,longdress.ply,6.3046875,2.8755
APSIPA,SJTU-PCQA,longdress_3.ply,longdress.ply,5.5078125,2.2925000000000013
APSIPA,SJTU-PCQA,longdress_4.ply,longdress.ply,7.117346938776,1.7212499999999997
APSIPA,SJTU-PCQA,longdress_5.ply,longdress.ply,3.40625,1.1767499999999995
APSIPA,SJTU-PCQA,longdress_6.ply,longdress.ply,9.682692307692,4.719499999999997
APSIPA,SJTU-PCQA,longdress_7.ply,longdress.ply,7.526923076923,3.31525
APSIPA,SJTU-PCQA,longdress_8.ply,longdress.ply,6.709615384615,2.898500000000001
APSIPA,SJTU-PCQA,longdress_9.ply,longdress.ply,4.927295918367,2.3160000000000007
APSIPA,SJTU-PCQA,longdress_10.ply,longdress.ply,4.90625,1.7400000000000002
APSIPA,SJTU-PCQA,longdress_11.ply,longdress.ply,4.091666666667,1.6152500000000005
APSIPA,SJTU-PCQA,longdress_12.ply,longdress.ply,8.161538461538,4.00975
APSIPA,SJTU-PCQA,longdress_13.ply,longdress.ply,8.38137755102,3.9432499999999986
APSIPA,SJTU-PCQA,longdress_14.ply,longdress.ply,7.744897959184,3.3600000000000008
APSIPA,SJTU-PCQA,longdress_15.ply,longdress.ply,5.7578125,2.6787500000000004
APSIPA,SJTU-PCQA,longdress_16.ply,longdress.ply,4.421875,2.0827500000000017
APSIPA,SJTU-PCQA,longdress_17.ply,longdress.ply,2.126923076923,1.2915000000000003
APSIPA,SJTU-PCQA,longdress_18.ply,longdress.ply,9.171875,3.971249999999998
APSIPA,SJTU-PCQA,longdress_19.ply,longdress.ply,6.783333333333,2.947249999999999
APSIPA,SJTU-PCQA,longdress_20.ply,longdress.ply,5.849489795918,2.5060000000000016
APSIPA,SJTU-PCQA,longdress_21.ply,longdress.ply,4.136538461538,1.678500000000001
APSIPA,SJTU-PCQA,longdress_22.ply,longdress.ply,3.623724489796,1.3120000000000003
APSIPA,SJTU-PCQA,longdress_23.ply,longdress.ply,1.790384615385,1.07625
APSIPA,SJTU-PCQA,longdress_24.ply,longdress.ply,7.833333333333,3.6029999999999998
APSIPA,SJTU-PCQA,longdress_25.ply,longdress.ply,6.640384615385,2.610000000000001
APSIPA,SJTU-PCQA,longdress_26.ply,longdress.ply,5.166666666667,1.5919999999999996
APSIPA,SJTU-PCQA,longdress_27.ply,longdress.ply,3.191666666667,1.2417499999999997
APSIPA,SJTU-PCQA,longdress_28.ply,longdress.ply,1.4453125,1.11475
APSIPA,SJTU-PCQA,longdress_29.ply,longdress.ply,1.075,1.0099999999999998
APSIPA,SJTU-PCQA,longdress_30.ply,longdress.ply,7.358333333333,4.0035
APSIPA,SJTU-PCQA,longdress_31.ply,longdress.ply,6.985969387755,2.887250000000001
APSIPA,SJTU-PCQA,longdress_32.ply,longdress.ply,4.55,2.12875
APSIPA,SJTU-PCQA,longdress_33.ply,longdress.ply,2.515625,1.4229999999999998
APSIPA,SJTU-PCQA,longdress_34.ply,longdress.ply,1.987244897959,1.3037500000000002
APSIPA,SJTU-PCQA,longdress_35.ply,longdress.ply,1.448979591837,1.1877500000000003
APSIPA,SJTU-PCQA,longdress_36.ply,longdress.ply,8.325,4.001250000000002
APSIPA,SJTU-PCQA,longdress_37.ply,longdress.ply,6.008333333333,2.31625
APSIPA,SJTU-PCQA,longdress_38.ply,longdress.ply,4.825,1.582
APSIPA,SJTU-PCQA,longdress_39.ply,longdress.ply,2.330769230769,1.2252500000000004
APSIPA,SJTU-PCQA,longdress_40.ply,longdress.ply,1.783333333333,1.1970000000000005
APSIPA,SJTU-PCQA,longdress_41.ply,longdress.ply,1.433333333333,1.1430000000000005
APSIPA,SJTU-PCQA,statue_0.ply,statue.ply,6.908333333333,4.501249999999998
APSIPA,SJTU-PCQA,statue_1.ply,statue.ply,7.6328125,3.7172500000000004
APSIPA,SJTU-PCQA,statue_2.ply,statue.ply,6.168367346939,3.066250000000001
APSIPA,SJTU-PCQA,statue_3.ply,statue.ply,4.938775510204,2.1100000000000008
APSIPA,SJTU-PCQA,statue_4.ply,statue.ply,3.015625,1.5712499999999998
APSIPA,SJTU-PCQA,statue_5.ply,statue.ply,1.453125,1.224499999999999
APSIPA,SJTU-PCQA,statue_6.ply,statue.ply,7.40625,4.892999999999998
APSIPA,SJTU-PCQA,statue_7.ply,statue.ply,5.459183673469,3.9382500000000005
APSIPA,SJTU-PCQA,statue_8.ply,statue.ply,6.4,3.2512500000000006
APSIPA,SJTU-PCQA,statue_9.ply,statue.ply,5.899234693878,2.6075000000000013
APSIPA,SJTU-PCQA,statue_10.ply,statue.ply,6.588461538462,2.001000000000001
APSIPA,SJTU-PCQA,statue_11.ply,statue.ply,5.107692307692,1.63525
APSIPA,SJTU-PCQA,statue_12.ply,statue.ply,7.825,4.61275
APSIPA,SJTU-PCQA,statue_13.ply,statue.ply,6.133333333333,4.338499999999999
APSIPA,SJTU-PCQA,statue_14.ply,statue.ply,6.054846938776,3.5075000000000007
APSIPA,SJTU-PCQA,statue_15.ply,statue.ply,3.965384615385,2.7840000000000034
APSIPA,SJTU-PCQA,statue_16.ply,statue.ply,3.4921875,2.20875
APSIPA,SJTU-PCQA,statue_17.ply,statue.ply,1.1875,1.289249999999999
APSIPA,SJTU-PCQA,statue_18.ply,statue.ply,7.141666666667,4.665250000000001
APSIPA,SJTU-PCQA,statue_19.ply,statue.ply,6.762755102041,3.3030000000000017
APSIPA,SJTU-PCQA,statue_20.ply,statue.ply,6.1328125,2.382250000000001
APSIPA,SJTU-PCQA,statue_21.ply,statue.ply,3.441326530612,1.4740000000000006
APSIPA,SJTU-PCQA,statue_22.ply,statue.ply,2.5546875,1.1222499999999993
APSIPA,SJTU-PCQA,statue_23.ply,statue.ply,1.0,1.0344999999999993
APSIPA,SJTU-PCQA,statue_24.ply,statue.ply,5.813775510204,4.447999999999999
APSIPA,SJTU-PCQA,statue_25.ply,statue.ply,5.808673469388,3.4725000000000006
APSIPA,SJTU-PCQA,statue_26.ply,statue.ply,4.765625,1.967750000000001
APSIPA,SJTU-PCQA,statue_27.ply,statue.ply,1.916666666667,1.367499999999999
APSIPA,SJTU-PCQA,statue_28.ply,statue.ply,2.073979591837,1.2409999999999988
APSIPA,SJTU-PCQA,statue_29.ply,statue.ply,1.0,1.0774999999999992
APSIPA,SJTU-PCQA,statue_30.ply,statue.ply,6.795918367347,4.5802499999999995
APSIPA,SJTU-PCQA,statue_31.ply,statue.ply,6.525,3.7814999999999994
APSIPA,SJTU-PCQA,statue_32.ply,statue.ply,6.536989795918,2.5095000000000014
APSIPA,SJTU-PCQA,statue_33.ply,statue.ply,2.85,1.5447499999999996
APSIPA,SJTU-PCQA,statue_34.ply,statue.ply,1.625,1.4479999999999993
APSIPA,SJTU-PCQA,statue_35.ply,statue.ply,1.690051020408,1.1634999999999995
APSIPA,SJTU-PCQA,statue_36.ply,statue.ply,8.121153846154,4.619000000000001
APSIPA,SJTU-PCQA,statue_37.ply,statue.ply,6.784615384615,2.9670000000000005
APSIPA,SJTU-PCQA,statue_38.ply,statue.ply,5.184615384615,1.4985000000000002
APSIPA,SJTU-PCQA,statue_39.ply,statue.ply,3.1796875,1.1802499999999994
APSIPA,SJTU-PCQA,statue_40.ply,statue.ply,2.463010204082,1.1134999999999993
APSIPA,SJTU-PCQA,statue_41.ply,statue.ply,1.617307692308,1.0687499999999996
APSIPA,SJTU-PCQA,shiva_0.ply,shiva.ply,6.558333333333,4.662499999999999
APSIPA,SJTU-PCQA,shiva_1.ply,shiva.ply,7.834615384615,4.585999999999998
APSIPA,SJTU-PCQA,shiva_2.ply,shiva.ply,7.767307692308,3.7220000000000004
APSIPA,SJTU-PCQA,shiva_3.ply,shiva.ply,5.991666666667,2.898750000000001
APSIPA,SJTU-PCQA,shiva_4.ply,shiva.ply,6.6171875,1.9792500000000002
APSIPA,SJTU-PCQA,shiva_5.ply,shiva.ply,3.262755102041,1.6119999999999999
APSIPA,SJTU-PCQA,shiva_6.ply,shiva.ply,8.5,4.85325
APSIPA,SJTU-PCQA,shiva_7.ply,shiva.ply,6.917091836735,4.4312499999999995
APSIPA,SJTU-PCQA,shiva_8.ply,shiva.ply,7.844230769231,3.959249999999999
APSIPA,SJTU-PCQA,shiva_9.ply,shiva.ply,7.622448979592,3.7549999999999994
APSIPA,SJTU-PCQA,shiva_10.ply,shiva.ply,6.784615384615,3.2997500000000004
APSIPA,SJTU-PCQA,shiva_11.ply,shiva.ply,6.244897959184,2.936250000000001
APSIPA,SJTU-PCQA,shiva_12.ply,shiva.ply,6.975,4.668999999999999
APSIPA,SJTU-PCQA,shiva_13.ply,shiva.ply,6.816666666667,4.536249999999999
APSIPA,SJTU-PCQA,shiva_14.ply,shiva.ply,6.591666666667,4.360499999999999
APSIPA,SJTU-PCQA,shiva_15.ply,shiva.ply,6.331632653061,3.4417500000000003
APSIPA,SJTU-PCQA,shiva_16.ply,shiva.ply,5.94387755102,2.8140000000000005
APSIPA,SJTU-PCQA,shiva_17.ply,shiva.ply,3.4609375,1.8352499999999998
APSIPA,SJTU-PCQA,shiva_18.ply,shiva.ply,7.401785714286,4.700749999999998
APSIPA,SJTU-PCQA,shiva_19.ply,shiva.ply,6.833333333333,4.1617500000000005
APSIPA,SJTU-PCQA,shiva_20.ply,shiva.ply,7.9921875,3.581750000000001
APSIPA,SJTU-PCQA,shiva_21.ply,shiva.ply,6.001923076923,2.973500000000002
APSIPA,SJTU-PCQA,shiva_22.ply,shiva.ply,5.0078125,2.0507500000000007
APSIPA,SJTU-PCQA,shiva_23.ply,shiva.ply,2.955357142857,1.481500000000001
APSIPA,SJTU-PCQA,shiva_24.ply,shiva.ply,6.525,4.63225
APSIPA,SJTU-PCQA,shiva_25.ply,shiva.ply,7.78125,4.003749999999998
APSIPA,SJTU-PCQA,shiva_26.ply,shiva.ply,5.724489795918,3.0897500000000013
APSIPA,SJTU-PCQA,shiva_27.ply,shiva.ply,3.3984375,1.5844999999999998
APSIPA,SJTU-PCQA,shiva_28.ply,shiva.ply,2.021153846154,1.4062499999999993
APSIPA,SJTU-PCQA,shiva_29.ply,shiva.ply,1.216666666667,1.107499999999999
APSIPA,SJTU-PCQA,shiva_30.ply,shiva.ply,8.8359375,4.66025
APSIPA,SJTU-PCQA,shiva_31.ply,shiva.ply,6.825,4.4830000000000005
APSIPA,SJTU-PCQA,shiva_32.ply,shiva.ply,5.75,3.3275000000000006
APSIPA,SJTU-PCQA,shiva_33.ply,shiva.ply,2.830769230769,1.6472499999999999
APSIPA,SJTU-PCQA,shiva_34.ply,shiva.ply,2.320153061224,1.4192499999999992
APSIPA,SJTU-PCQA,shiva_35.ply,shiva.ply,1.600765306122,1.1449999999999994
APSIPA,SJTU-PCQA,shiva_36.ply,shiva.ply,7.084183673469,4.6767499999999975
APSIPA,SJTU-PCQA,shiva_37.ply,shiva.ply,6.673469387755,4.0447500000000005
APSIPA,SJTU-PCQA,shiva_38.ply,shiva.ply,5.828125,2.8757500000000022
APSIPA,SJTU-PCQA,shiva_39.ply,shiva.ply,3.733333333333,1.3567499999999992
APSIPA,SJTU-PCQA,shiva_40.ply,shiva.ply,3.041666666667,1.1277499999999991
APSIPA,SJTU-PCQA,shiva_41.ply,shiva.ply,2.108333333333,1.0505
APSIPA,SJTU-PCQA,hhi_0.ply,hhi.ply,9.516666666667,3.9177500000000007
APSIPA,SJTU-PCQA,hhi_1.ply,hhi.ply,7.7109375,3.791000000000003
APSIPA,SJTU-PCQA,hhi_2.ply,hhi.ply,8.9453125,3.316250000000002
APSIPA,SJTU-PCQA,hhi_3.ply,hhi.ply,7.371153846154,2.934000000000001
APSIPA,SJTU-PCQA,hhi_4.ply,hhi.ply,4.183333333333,2.330250000000001
APSIPA,SJTU-PCQA,hhi_5.ply,hhi.ply,1.953125,1.3117499999999997
APSIPA,SJTU-PCQA,hhi_6.ply,hhi.ply,9.796875,4.627749999999999
APSIPA,SJTU-PCQA,hhi_7.ply,hhi.ply,6.776923076923,3.2155000000000014
APSIPA,SJTU-PCQA,hhi_8.ply,hhi.ply,6.107692307692,2.393750000000001
APSIPA,SJTU-PCQA,hhi_9.ply,hhi.ply,6.140625,1.9914999999999998
APSIPA,SJTU-PCQA,hhi_10.ply,hhi.ply,4.808333333333,1.6799999999999997
APSIPA,SJTU-PCQA,hhi_11.ply,hhi.ply,5.021153846154,1.6129999999999995
APSIPA,SJTU-PCQA,hhi_12.ply,hhi.ply,8.741666666667,4.004500000000001
APSIPA,SJTU-PCQA,hhi_13.ply,hhi.ply,6.534615384615,3.826000000000002
APSIPA,SJTU-PCQA,hhi_14.ply,hhi.ply,7.015625,3.4217500000000016
APSIPA,SJTU-PCQA,hhi_15.ply,hhi.ply,4.9296875,2.9375000000000004
APSIPA,SJTU-PCQA,hhi_16.ply,hhi.ply,4.05612244898,2.4735000000000005
APSIPA,SJTU-PCQA,hhi_17.ply,hhi.ply,1.785714285714,1.4230000000000005
APSIPA,SJTU-PCQA,hhi_18.ply,hhi.ply,8.238461538462,3.444500000000003
APSIPA,SJTU-PCQA,hhi_19.ply,hhi.ply,7.399234693878,2.2632500000000007
APSIPA,SJTU-PCQA,hhi_20.ply,hhi.ply,5.016666666667,1.6722499999999996
APSIPA,SJTU-PCQA,hhi_21.ply,hhi.ply,4.308333333333,1.3614999999999997
APSIPA,SJTU-PCQA,hhi_22.ply,hhi.ply,2.4453125,1.1462499999999993
APSIPA,SJTU-PCQA,hhi_23.ply,hhi.ply,1.905769230769,1.0399999999999994
APSIPA,SJTU-PCQA,hhi_24.ply,hhi.ply,7.680769230769,4.038500000000002
APSIPA,SJTU-PCQA,hhi_25.ply,hhi.ply,6.366666666667,3.2772500000000013
APSIPA,SJTU-PCQA,hhi_26.ply,hhi.ply,4.5625,2.0740000000000007
APSIPA,SJTU-PCQA,hhi_27.ply,hhi.ply,2.208333333333,1.279999999999999
APSIPA,SJTU-PCQA,hhi_28.ply,hhi.ply,1.540384615385,1.1267499999999995
APSIPA,SJTU-PCQA,hhi_29.ply,hhi.ply,1.0,1.0554999999999999
APSIPA,SJTU-PCQA,hhi_30.ply,hhi.ply,9.464285714286,4.307250000000003
APSIPA,SJTU-PCQA,hhi_31.ply,hhi.ply,8.3125,3.881750000000001
APSIPA,SJTU-PCQA,hhi_32.ply,hhi.ply,6.836734693878,2.8685000000000014
APSIPA,SJTU-PCQA,hhi_33.ply,hhi.ply,3.475,1.4692499999999993
APSIPA,SJTU-PCQA,hhi_34.ply,hhi.ply,1.867307692308,1.2727499999999987
APSIPA,SJTU-PCQA,hhi_35.ply,hhi.ply,1.1953125,1.1017499999999996
APSIPA,SJTU-PCQA,hhi_36.ply,hhi.ply,8.219230769231,3.924000000000002
APSIPA,SJTU-PCQA,hhi_37.ply,hhi.ply,5.842307692308,2.0527499999999996
APSIPA,SJTU-PCQA,hhi_38.ply,hhi.ply,4.920918367347,1.4172500000000001
APSIPA,SJTU-PCQA,hhi_39.ply,hhi.ply,2.4921875,1.0494999999999994
APSIPA,SJTU-PCQA,hhi_40.ply,hhi.ply,2.083333333333,1.0349999999999997
APSIPA,SJTU-PCQA,hhi_41.ply,hhi.ply,1.5,1.03525
APSIPA,UnB_PC,amphoriskos_vox10_octree08_jpeg010.ply,amphoriskos_vox10.ply,1.35,1.4717499999999994
APSIPA,UnB_PC,amphoriskos_vox10_octree08_jpeg050.ply,amphoriskos_vox10.ply,1.55,1.8205000000000007
APSIPA,UnB_PC,amphoriskos_vox10_octree08_jpeg090.ply,amphoriskos_vox10.ply,1.6,2.2180000000000013
APSIPA,UnB_PC,amphoriskos_vox10_octree09_jpeg010.ply,amphoriskos_vox10.ply,2.15,1.9212500000000008
APSIPA,UnB_PC,amphoriskos_vox10_octree09_jpeg050.ply,amphoriskos_vox10.ply,3.2,2.630750000000001
APSIPA,UnB_PC,amphoriskos_vox10_octree09_jpeg090.ply,amphoriskos_vox10.ply,3.8,3.590750000000002
APSIPA,UnB_PC,amphoriskos_vox10_octree10_jpeg010.ply,amphoriskos_vox10.ply,2.85,2.357250000000001
APSIPA,UnB_PC,amphoriskos_vox10_octree10_jpeg050.ply,amphoriskos_vox10.ply,3.9,3.8244999999999987
APSIPA,UnB_PC,amphoriskos_vox10_octree10_jpeg090.ply,amphoriskos_vox10.ply,4.6,4.143749999999999
APSIPA,UnB_PC,amphoriskos_vox10_hidden.ply,amphoriskos_vox10.ply,4.9,4.725499999999998
APSIPA,UnB_PC,biplane_vox10_octree08_jpeg010.ply,biplane_vox10.ply,1.25,1.5170000000000001
APSIPA,UnB_PC,biplane_vox10_octree08_jpeg050.ply,biplane_vox10.ply,1.6,1.6417500000000007
APSIPA,UnB_PC,biplane_vox10_octree08_jpeg090.ply,biplane_vox10.ply,1.65,1.7210000000000008
APSIPA,UnB_PC,biplane_vox10_octree09_jpeg010.ply,biplane_vox10.ply,2.0,1.9265
APSIPA,UnB_PC,biplane_vox10_octree09_jpeg050.ply,biplane_vox10.ply,3.25,2.2190000000000007
APSIPA,UnB_PC,biplane_vox10_octree09_jpeg090.ply,biplane_vox10.ply,3.55,2.384250000000001
APSIPA,UnB_PC,biplane_vox10_octree10_jpeg010.ply,biplane_vox10.ply,3.1,2.805500000000001
APSIPA,UnB_PC,biplane_vox10_octree10_jpeg050.ply,biplane_vox10.ply,4.2,3.8529999999999998
APSIPA,UnB_PC,biplane_vox10_octree10_jpeg090.ply,biplane_vox10.ply,4.3,4.093500000000001
APSIPA,UnB_PC,biplane_vox10_hidden.ply,biplane_vox10.ply,4.65,4.738249999999997
APSIPA,UnB_PC,longdress_vox10_1300_vox10_octree08_jpeg010.ply,longdress_vox10_1300_vox10.ply,1.2,1.4100000000000006
APSIPA,UnB_PC,longdress_vox10_1300_vox10_octree08_jpeg050.ply,longdress_vox10_1300_vox10.ply,1.25,1.4657500000000006
APSIPA,UnB_PC,longdress_vox10_1300_vox10_octree08_jpeg090.ply,longdress_vox10_1300_vox10.ply,1.45,1.4937500000000004
APSIPA,UnB_PC,longdress_vox10_1300_vox10_octree09_jpeg010.ply,longdress_vox10_1300_vox10.ply,1.6,1.5820000000000007
APSIPA,UnB_PC,longdress_vox10_1300_vox10_octree09_jpeg050.ply,longdress_vox10_1300_vox10.ply,2.15,1.9342500000000018
APSIPA,UnB_PC,longdress_vox10_1300_vox10_octree09_jpeg090.ply,longdress_vox10_1300_vox10.ply,3.1,2.3959999999999995
APSIPA,UnB_PC,longdress_vox10_1300_vox10_octree10_jpeg010.ply,longdress_vox10_1300_vox10.ply,2.6,2.2340000000000004
APSIPA,UnB_PC,longdress_vox10_1300_vox10_octree10_jpeg050.ply,longdress_vox10_1300_vox10.ply,3.3,3.040500000000001
APSIPA,UnB_PC,longdress_vox10_1300_vox10_octree10_jpeg090.ply,longdress_vox10_1300_vox10.ply,4.0,3.2812499999999996
APSIPA,UnB_PC,longdress_vox10_1300_vox10_hidden.ply,longdress_vox10_1300_vox10.ply,4.95,4.727749999999998
APSIPA,UnB_PC,loot_vox10_1200_vox10_octree08_jpeg010.ply,loot_vox10_1200_vox10.ply,1.3,1.3942500000000004
APSIPA,UnB_PC,loot_vox10_1200_vox10_octree08_jpeg050.ply,loot_vox10_1200_vox10.ply,1.4,1.5635000000000003
APSIPA,UnB_PC,loot_vox10_1200_vox10_octree08_jpeg090.ply,loot_vox10_1200_vox10.ply,1.45,1.8045000000000007
APSIPA,UnB_PC,loot_vox10_1200_vox10_octree09_jpeg010.ply,loot_vox10_1200_vox10.ply,1.25,1.47575
APSIPA,UnB_PC,loot_vox10_1200_vox10_octree09_jpeg050.ply,loot_vox10_1200_vox10.ply,2.1,1.8002500000000001
APSIPA,UnB_PC,loot_vox10_1200_vox10_octree09_jpeg090.ply,loot_vox10_1200_vox10.ply,3.15,2.3150000000000017
APSIPA,UnB_PC,loot_vox10_1200_vox10_octree10_jpeg010.ply,loot_vox10_1200_vox10.ply,1.9,1.7982500000000003
APSIPA,UnB_PC,loot_vox10_1200_vox10_octree10_jpeg050.ply,loot_vox10_1200_vox10.ply,3.15,3.0667500000000008
APSIPA,UnB_PC,loot_vox10_1200_vox10_octree10_jpeg090.ply,loot_vox10_1200_vox10.ply,4.05,3.9470000000000005
APSIPA,UnB_PC,loot_vox10_1200_vox10_hidden.ply,loot_vox10_1200_vox10.ply,4.95,4.734749999999997
APSIPA,UnB_PC,redandblack_vox10_1550_vox10_octree08_jpeg010.ply,redandblack_vox10_1550_vox10.ply,1.2,1.4799999999999998
APSIPA,UnB_PC,redandblack_vox10_1550_vox10_octree08_jpeg050.ply,redandblack_vox10_1550_vox10.ply,1.3,1.5645000000000002
APSIPA,UnB_PC,redandblack_vox10_1550_vox10_octree08_jpeg090.ply,redandblack_vox10_1550_vox10.ply,1.45,1.693000000000001
APSIPA,UnB_PC,redandblack_vox10_1550_vox10_octree09_jpeg010.ply,redandblack_vox10_1550_vox10.ply,1.35,1.7562500000000003
APSIPA,UnB_PC,redandblack_vox10_1550_vox10_octree09_jpeg050.ply,redandblack_vox10_1550_vox10.ply,2.2,2.3335000000000017
APSIPA,UnB_PC,redandblack_vox10_1550_vox10_octree09_jpeg090.ply,redandblack_vox10_1550_vox10.ply,2.7,2.554750000000001
APSIPA,UnB_PC,redandblack_vox10_1550_vox10_octree10_jpeg010.ply,redandblack_vox10_1550_vox10.ply,2.0,2.380500000000001
APSIPA,UnB_PC,redandblack_vox10_1550_vox10_octree10_jpeg050.ply,redandblack_vox10_1550_vox10.ply,3.05,3.163000000000001
APSIPA,UnB_PC,redandblack_vox10_1550_vox10_octree10_jpeg090.ply,redandblack_vox10_1550_vox10.ply,3.75,3.6705000000000005
APSIPA,UnB_PC,redandblack_vox10_1550_vox10_hidden.ply,redandblack_vox10_1550_vox10.ply,5.0,4.725499999999998
APSIPA,UnB_PC,romanoillamp_vox10_octree08_jpeg010.ply,romanoillamp_vox10.ply,1.4,1.4754999999999998
APSIPA,UnB_PC,romanoillamp_vox10_octree08_jpeg050.ply,romanoillamp_vox10.ply,1.65,1.6505000000000003
APSIPA,UnB_PC,romanoillamp_vox10_octree08_jpeg090.ply,romanoillamp_vox10.ply,1.65,1.7620000000000005
APSIPA,UnB_PC,romanoillamp_vox10_octree09_jpeg010.ply,romanoillamp_vox10.ply,2.15,1.9030000000000005
APSIPA,UnB_PC,romanoillamp_vox10_octree09_jpeg050.ply,romanoillamp_vox10.ply,3.5,2.2520000000000007
APSIPA,UnB_PC,romanoillamp_vox10_octree09_jpeg090.ply,romanoillamp_vox10.ply,3.65,2.5929999999999995
APSIPA,UnB_PC,romanoillamp_vox10_octree10_jpeg010.ply,romanoillamp_vox10.ply,2.6,2.542250000000001
APSIPA,UnB_PC,romanoillamp_vox10_octree10_jpeg050.ply,romanoillamp_vox10.ply,4.15,3.6087500000000006
APSIPA,UnB_PC,romanoillamp_vox10_octree10_jpeg090.ply,romanoillamp_vox10.ply,4.65,4.004250000000002
APSIPA,UnB_PC,romanoillamp_vox10_hidden.ply,romanoillamp_vox10.ply,4.8,4.738249999999997
APSIPA,WPC,bag_level_7.ply,bag.ply,9.59532455980262,1.3855000000000002
APSIPA,WPC,bag_level_8.ply,bag.ply,18.2379641459553,2.4905000000000004
APSIPA,WPC,bag_level_9.ply,bag.ply,82.7410789144631,4.302000000000001
APSIPA,WPC,bag_gsigma_0_tsigma_8.ply,bag.ply,88.7817189712178,4.363249999999999
APSIPA,WPC,bag_gsigma_0_tsigma_16.ply,bag.ply,86.2491113818562,3.7994999999999983
APSIPA,WPC,bag_gsigma_0_tsigma_32.ply,bag.ply,62.1196403938335,2.955500000000001
APSIPA,WPC,bag_gsigma_2_tsigma_8.ply,bag.ply,56.9214555314096,2.470750000000002
APSIPA,WPC,bag_gsigma_2_tsigma_16.ply,bag.ply,49.3647550891434,2.0897500000000018
APSIPA,WPC,bag_gsigma_2_tsigma_32.ply,bag.ply,43.7538095677216,1.6860000000000006
APSIPA,WPC,bag_gsigma_4_tsigma_8.ply,bag.ply,22.3762041316303,1.5877499999999998
APSIPA,WPC,bag_gsigma_4_tsigma_16.ply,bag.ply,21.9878476862278,1.4075
APSIPA,WPC,bag_gsigma_4_tsigma_32.ply,bag.ply,22.4361648162837,1.1917499999999999
APSIPA,WPC,bag_tsl_4_tqs_64.ply,bag.ply,67.0916886721881,1.6790000000000003
APSIPA,WPC,bag_tsl_4_tqs_128.ply,bag.ply,62.2162882133011,1.4360000000000008
APSIPA,WPC,bag_tsl_4_tqs_256.ply,bag.ply,36.2660978831892,1.1010000000000002
APSIPA,WPC,bag_tsl_4_tqs_512.ply,bag.ply,20.8498128269944,1.0197500000000002
APSIPA,WPC,bag_tsl_6_tqs_64.ply,bag.ply,58.5128737615267,2.3710000000000004
APSIPA,WPC,bag_tsl_6_tqs_128.ply,bag.ply,48.8898905359444,1.9202500000000007
APSIPA,WPC,bag_tsl_6_tqs_256.ply,bag.ply,40.2873934990621,1.517500000000001
APSIPA,WPC,bag_tsl_6_tqs_512.ply,bag.ply,24.6010683877856,1.1102500000000008
APSIPA,WPC,bag_tsl_8_tqs_64.ply,bag.ply,90.3681766875632,3.2160000000000006
APSIPA,WPC,bag_tsl_8_tqs_128.ply,bag.ply,80.6616415941647,2.780000000000001
APSIPA,WPC,bag_tsl_8_tqs_256.ply,bag.ply,60.3856444714721,2.109500000000001
APSIPA,WPC,bag_tsl_8_tqs_512.ply,bag.ply,34.9574709410185,1.6032499999999998
APSIPA,WPC,bag_gQP_1_tQP_1.ply,bag.ply,86.6945618613025,2.462
APSIPA,WPC,bag_gQP_1_tQP_2.ply,bag.ply,76.1453084496901,1.783500000000001
APSIPA,WPC,bag_gQP_1_tQP_3.ply,bag.ply,52.8555842894003,1.4067500000000013
APSIPA,WPC,bag_gQP_2_tQP_1.ply,bag.ply,52.1814527021875,1.9527500000000015
APSIPA,WPC,bag_gQP_2_tQP_2.ply,bag.ply,49.3151135296929,1.4212500000000008
APSIPA,WPC,bag_gQP_2_tQP_3.ply,bag.ply,39.107369122024,1.3315000000000001
APSIPA,WPC,bag_gQP_3_tQP_1.ply,bag.ply,27.4403330919399,1.5595000000000012
APSIPA,WPC,bag_gQP_3_tQP_2.ply,bag.ply,32.0177234321528,1.3215000000000003
APSIPA,WPC,bag_gQP_3_tQP_3.ply,bag.ply,29.6148646889688,1.1447500000000006
APSIPA,WPC,bag_pqs_1_qs_16_rounded.ply,bag.ply,90.340737997985,4.563250000000001
APSIPA,WPC,bag_pqs_1_qs_32_rounded.ply,bag.ply,81.8388457096111,4.243249999999999
APSIPA,WPC,bag_pqs_1_qs_48_rounded.ply,bag.ply,58.4355378897584,3.6229999999999984
APSIPA,WPC,bag_pqs_1_qs_64_rounded.ply,bag.ply,62.5549192184665,2.5862500000000006
APSIPA,WPC,banana_level_7.ply,banana.ply,7.10902831352667,1.55725
APSIPA,WPC,banana_level_8.ply,banana.ply,23.0834825714443,2.9170000000000003
APSIPA,WPC,banana_level_9.ply,banana.ply,89.4915398669869,4.276000000000001
APSIPA,WPC,banana_gsigma_0_tsigma_8.ply,banana.ply,83.0931383025993,3.7172500000000004
APSIPA,WPC,banana_gsigma_0_tsigma_16.ply,banana.ply,60.4722494001183,3.104250000000001
APSIPA,WPC,banana_gsigma_0_tsigma_32.ply,banana.ply,40.1130763441701,2.097750000000001
APSIPA,WPC,banana_gsigma_2_tsigma_8.ply,banana.ply,50.7551251381558,2.6522500000000004
APSIPA,WPC,banana_gsigma_2_tsigma_16.ply,banana.ply,49.6677022084679,2.0140000000000016
APSIPA,WPC,banana_gsigma_2_tsigma_32.ply,banana.ply,31.3462945352343,1.591
APSIPA,WPC,banana_gsigma_4_tsigma_8.ply,banana.ply,31.9770319731361,1.71025
APSIPA,WPC,banana_gsigma_4_tsigma_16.ply,banana.ply,27.0171082189159,1.5125000000000002
APSIPA,WPC,banana_gsigma_4_tsigma_32.ply,banana.ply,23.3834967411572,1.3045000000000004
APSIPA,WPC,banana_tsl_4_tqs_64.ply,banana.ply,54.1209241731388,1.3887500000000006
APSIPA,WPC,banana_tsl_4_tqs_128.ply,banana.ply,52.4953846190015,1.1222500000000006
APSIPA,WPC,banana_tsl_4_tqs_256.ply,banana.ply,34.1843128580733,1.0437500000000006
APSIPA,WPC,banana_tsl_4_tqs_512.ply,banana.ply,29.9430256355489,1.0147500000000003
APSIPA,WPC,banana_tsl_6_tqs_64.ply,banana.ply,83.1836298744513,2.107250000000001
APSIPA,WPC,banana_tsl_6_tqs_128.ply,banana.ply,79.9250076960411,1.6655000000000004
APSIPA,WPC,banana_tsl_6_tqs_256.ply,banana.ply,61.6295263474718,1.2217500000000006
APSIPA,WPC,banana_tsl_6_tqs_512.ply,banana.ply,35.8526510535147,1.1245000000000003
APSIPA,WPC,banana_tsl_8_tqs_64.ply,banana.ply,84.6280711189862,2.539250000000002
APSIPA,WPC,banana_tsl_8_tqs_128.ply,banana.ply,86.1446543626836,2.2000000000000006
APSIPA,WPC,banana_tsl_8_tqs_256.ply,banana.ply,61.9014492914284,1.5362500000000003
APSIPA,WPC,banana_tsl_8_tqs_512.ply,banana.ply,38.9680847722886,1.3714999999999997
APSIPA,WPC,banana_gQP_1_tQP_1.ply,banana.ply,60.301355942402,1.8272500000000014
APSIPA,WPC,banana_gQP_1_tQP_2.ply,banana.ply,56.0595186291134,1.4937500000000015
APSIPA,WPC,banana_gQP_1_tQP_3.ply,banana.ply,52.1423017478784,1.3840000000000012
APSIPA,WPC,banana_gQP_2_tQP_1.ply,banana.ply,43.4769683944144,1.5005000000000004
APSIPA,WPC,banana_gQP_2_tQP_2.ply,banana.ply,43.982267163751,1.2935000000000003
APSIPA,WPC,banana_gQP_2_tQP_3.ply,banana.ply,39.8085785384505,1.1712500000000003
APSIPA,WPC,banana_gQP_3_tQP_1.ply,banana.ply,29.1072666406237,1.1467499999999997
APSIPA,WPC,banana_gQP_3_tQP_2.ply,banana.ply,23.9563238811401,1.1027500000000001
APSIPA,WPC,banana_gQP_3_tQP_3.ply,banana.ply,22.6593928713673,1.0695000000000001
APSIPA,WPC,banana_pqs_1_qs_16_rounded.ply,banana.ply,82.9255728240923,4.0355
APSIPA,WPC,banana_pqs_1_qs_32_rounded.ply,banana.ply,78.1095490115898,3.267500000000001
APSIPA,WPC,banana_pqs_1_qs_48_rounded.ply,banana.ply,61.8940496570374,2.31175
APSIPA,WPC,banana_pqs_1_qs_64_rounded.ply,banana.ply,40.0154184565349,1.6567500000000002
APSIPA,WPC,biscuits_level_7.ply,biscuits.ply,6.91047271435654,1.1864999999999997
APSIPA,WPC,biscuits_level_8.ply,biscuits.ply,26.0782931903573,2.2705000000000006
APSIPA,WPC,biscuits_level_9.ply,biscuits.ply,78.9066204635677,3.857250000000002
APSIPA,WPC,biscuits_gsigma_0_tsigma_8.ply,biscuits.ply,82.2826667088248,3.7522500000000023
APSIPA,WPC,biscuits_gsigma_0_tsigma_16.ply,biscuits.ply,70.8999140507115,2.9035000000000006
APSIPA,WPC,biscuits_gsigma_0_tsigma_32.ply,biscuits.ply,40.4726299909337,1.7487500000000005
APSIPA,WPC,biscuits_gsigma_2_tsigma_8.ply,biscuits.ply,60.9307664700768,2.2585000000000006
APSIPA,WPC,biscuits_gsigma_2_tsigma_16.ply,biscuits.ply,55.5454027377535,1.562250000000001
APSIPA,WPC,biscuits_gsigma_2_tsigma_32.ply,biscuits.ply,37.8585251636165,1.3862500000000002
APSIPA,WPC,biscuits_gsigma_4_tsigma_8.ply,biscuits.ply,46.5881520537883,1.3237499999999998
APSIPA,WPC,biscuits_gsigma_4_tsigma_16.ply,biscuits.ply,43.1335575048828,1.198
APSIPA,WPC,biscuits_gsigma_4_tsigma_32.ply,biscuits.ply,25.3793537368916,1.1570000000000003
APSIPA,WPC,biscuits_tsl_4_tqs_64.ply,biscuits.ply,18.0451544344017,1.1144999999999998
APSIPA,WPC,biscuits_tsl_4_tqs_128.ply,biscuits.ply,20.5642609568839,1.0565000000000004
APSIPA,WPC,biscuits_tsl_4_tqs_256.ply,biscuits.ply,17.3871050794022,1.0287500000000005
APSIPA,WPC,biscuits_tsl_4_tqs_512.ply,biscuits.ply,11.2989396340749,1.0147500000000003
APSIPA,WPC,biscuits_tsl_6_tqs_64.ply,biscuits.ply,83.0091458231808,2.08425
APSIPA,WPC,biscuits_tsl_6_tqs_128.ply,biscuits.ply,68.9556829116783,1.5637500000000002
APSIPA,WPC,biscuits_tsl_6_tqs_256.ply,biscuits.ply,46.8488477736057,1.176250000000001
APSIPA,WPC,biscuits_tsl_6_tqs_512.ply,biscuits.ply,27.4947960395713,1.0505000000000007
APSIPA,WPC,biscuits_tsl_8_tqs_64.ply,biscuits.ply,81.6069470425006,2.85875
APSIPA,WPC,biscuits_tsl_8_tqs_128.ply,biscuits.ply,71.1781634010122,2.1590000000000003
APSIPA,WPC,biscuits_tsl_8_tqs_256.ply,biscuits.ply,50.5576824003506,1.6547500000000008
APSIPA,WPC,biscuits_tsl_8_tqs_512.ply,biscuits.ply,24.2646277437371,1.393
APSIPA,WPC,biscuits_gQP_1_tQP_1.ply,biscuits.ply,80.6477298716552,1.6790000000000007
APSIPA,WPC,biscuits_gQP_1_tQP_2.ply,biscuits.ply,69.6636406326868,1.2870000000000001
APSIPA,WPC,biscuits_gQP_1_tQP_3.ply,biscuits.ply,55.2905776230521,1.1172500000000003
APSIPA,WPC,biscuits_gQP_2_tQP_1.ply,biscuits.ply,68.1340514058868,1.5077500000000006
APSIPA,WPC,biscuits_gQP_2_tQP_2.ply,biscuits.ply,65.2907505243469,1.2492499999999997
APSIPA,WPC,biscuits_gQP_2_tQP_3.ply,biscuits.ply,53.113349303426,1.0699999999999998
APSIPA,WPC,biscuits_gQP_3_tQP_1.ply,biscuits.ply,67.1480668654126,1.4110000000000003
APSIPA,WPC,biscuits_gQP_3_tQP_2.ply,biscuits.ply,54.1912987291856,1.1504999999999999
APSIPA,WPC,biscuits_gQP_3_tQP_3.ply,biscuits.ply,45.6768554152778,1.0734999999999995
APSIPA,WPC,biscuits_pqs_1_qs_16_rounded.ply,biscuits.ply,85.0818696568213,4.390499999999998
APSIPA,WPC,biscuits_pqs_1_qs_32_rounded.ply,biscuits.ply,74.4478809868645,3.2175
APSIPA,WPC,biscuits_pqs_1_qs_48_rounded.ply,biscuits.ply,40.2038171566461,2.1877500000000003
APSIPA,WPC,biscuits_pqs_1_qs_64_rounded.ply,biscuits.ply,24.0311580218429,1.7879999999999998
APSIPA,WPC,cake_level_7.ply,cake.ply,7.77036630933149,1.1662499999999998
APSIPA,WPC,cake_level_8.ply,cake.ply,17.0859315355819,2.38875
APSIPA,WPC,cake_level_9.ply,cake.ply,64.345121670555,3.7440000000000033
APSIPA,WPC,cake_gsigma_0_tsigma_8.ply,cake.ply,82.3590312049873,3.7595
APSIPA,WPC,cake_gsigma_0_tsigma_16.ply,cake.ply,68.4854323789437,3.0640000000000005
APSIPA,WPC,cake_gsigma_0_tsigma_32.ply,cake.ply,44.2810515123353,1.7690000000000003
APSIPA,WPC,cake_gsigma_2_tsigma_8.ply,cake.ply,67.1418394852242,2.480500000000001
APSIPA,WPC,cake_gsigma_2_tsigma_16.ply,cake.ply,58.6861334648242,2.0452500000000002
APSIPA,WPC,cake_gsigma_2_tsigma_32.ply,cake.ply,40.5821688086074,1.3695000000000004
APSIPA,WPC,cake_gsigma_4_tsigma_8.ply,cake.ply,50.0208990235177,1.3632500000000005
APSIPA,WPC,cake_gsigma_4_tsigma_16.ply,cake.ply,45.0085000603682,1.2762500000000003
APSIPA,WPC,cake_gsigma_4_tsigma_32.ply,cake.ply,33.5864561619986,1.1249999999999998
APSIPA,WPC,cake_tsl_4_tqs_64.ply,cake.ply,83.7601889304529,2.058
APSIPA,WPC,cake_tsl_4_tqs_128.ply,cake.ply,71.4192006225946,1.543750000000001
APSIPA,WPC,cake_tsl_4_tqs_256.ply,cake.ply,53.06015189417,1.13525
APSIPA,WPC,cake_tsl_4_tqs_512.ply,cake.ply,21.540601757417,1.0302500000000006
APSIPA,WPC,cake_tsl_6_tqs_64.ply,cake.ply,82.758494070103,2.6312500000000005
APSIPA,WPC,cake_tsl_6_tqs_128.ply,cake.ply,79.7423791075781,1.9252499999999997
APSIPA,WPC,cake_tsl_6_tqs_256.ply,cake.ply,51.5022683172203,1.190750000000001
APSIPA,WPC,cake_tsl_6_tqs_512.ply,cake.ply,27.3954821215605,1.0315000000000005
APSIPA,WPC,cake_tsl_8_tqs_64.ply,cake.ply,90.6540825183606,3.459249999999999
APSIPA,WPC,cake_tsl_8_tqs_128.ply,cake.ply,83.1920702766834,2.7797500000000013
APSIPA,WPC,cake_tsl_8_tqs_256.ply,cake.ply,62.1457518157293,1.7492500000000002
APSIPA,WPC,cake_tsl_8_tqs_512.ply,cake.ply,32.9655251142529,1.4042500000000002
APSIPA,WPC,cake_gQP_1_tQP_1.ply,cake.ply,80.2052650200606,2.5200000000000005
APSIPA,WPC,cake_gQP_1_tQP_2.ply,cake.ply,71.9209757291828,1.6262500000000009
APSIPA,WPC,cake_gQP_1_tQP_3.ply,cake.ply,53.3831320857794,1.4560000000000004
APSIPA,WPC,cake_gQP_2_tQP_1.ply,cake.ply,55.7972335545827,2.340000000000001
APSIPA,WPC,cake_gQP_2_tQP_2.ply,cake.ply,51.1128466069268,1.5487500000000014
APSIPA,WPC,cake_gQP_2_tQP_3.ply,cake.ply,49.4090771166687,1.3435
APSIPA,WPC,cake_gQP_3_tQP_1.ply,cake.ply,27.0367428218134,1.6305000000000012
APSIPA,WPC,cake_gQP_3_tQP_2.ply,cake.ply,25.9380433382507,1.4380000000000006
APSIPA,WPC,cake_gQP_3_tQP_3.ply,cake.ply,25.6380268432067,1.2045
APSIPA,WPC,cake_pqs_1_qs_16_rounded.ply,cake.ply,90.7820152659122,4.389749999999999
APSIPA,WPC,cake_pqs_1_qs_32_rounded.ply,cake.ply,62.3118503892637,3.034
APSIPA,WPC,cake_pqs_1_qs_48_rounded.ply,cake.ply,34.5621685118863,2.0627500000000003
APSIPA,WPC,cake_pqs_1_qs_64_rounded.ply,cake.ply,24.8590251527503,1.75025
APSIPA,WPC,cauliflower_level_7.ply,cauliflower.ply,8.79345962299418,1.24325
APSIPA,WPC,cauliflower_level_8.ply,cauliflower.ply,16.0306030369897,2.5957500000000016
APSIPA,WPC,cauliflower_level_9.ply,cauliflower.ply,74.6811494247904,3.8652500000000005
APSIPA,WPC,cauliflower_gsigma_0_tsigma_8.ply,cauliflower.ply,77.7622683284028,3.489499999999999
APSIPA,WPC,cauliflower_gsigma_0_tsigma_16.ply,cauliflower.ply,57.425103805969,2.1242500000000004
APSIPA,WPC,cauliflower_gsigma_0_tsigma_32.ply,cauliflower.ply,40.190717226665,1.5142500000000003
APSIPA,WPC,cauliflower_gsigma_2_tsigma_8.ply,cauliflower.ply,64.1622967039307,2.0342500000000006
APSIPA,WPC,cauliflower_gsigma_2_tsigma_16.ply,cauliflower.ply,53.1317191703664,1.463
APSIPA,WPC,cauliflower_gsigma_2_tsigma_32.ply,cauliflower.ply,31.3681861609079,1.2387499999999998
APSIPA,WPC,cauliflower_gsigma_4_tsigma_8.ply,cauliflower.ply,47.8571729909968,1.3870000000000005
APSIPA,WPC,cauliflower_gsigma_4_tsigma_16.ply,cauliflower.ply,44.4047016090656,1.2262499999999996
APSIPA,WPC,cauliflower_gsigma_4_tsigma_32.ply,cauliflower.ply,27.3258415882843,1.1745
APSIPA,WPC,cauliflower_tsl_4_tqs_64.ply,cauliflower.ply,61.9039972872389,1.502250000000001
APSIPA,WPC,cauliflower_tsl_4_tqs_128.ply,cauliflower.ply,42.188692944374,1.2302500000000007
APSIPA,WPC,cauliflower_tsl_4_tqs_256.ply,cauliflower.ply,33.1300686929086,1.0357500000000002
APSIPA,WPC,cauliflower_tsl_4_tqs_512.ply,cauliflower.ply,26.6104175998077,1.0207500000000003
APSIPA,WPC,cauliflower_tsl_6_tqs_64.ply,cauliflower.ply,75.5339573340953,2.146
APSIPA,WPC,cauliflower_tsl_6_tqs_128.ply,cauliflower.ply,64.2706535471644,1.3902500000000007
APSIPA,WPC,cauliflower_tsl_6_tqs_256.ply,cauliflower.ply,41.8663397248415,1.0825000000000005
APSIPA,WPC,cauliflower_tsl_6_tqs_512.ply,cauliflower.ply,29.7421656574121,1.02425
APSIPA,WPC,cauliflower_tsl_8_tqs_64.ply,cauliflower.ply,92.8513690778754,2.8169999999999997
APSIPA,WPC,cauliflower_tsl_8_tqs_128.ply,cauliflower.ply,79.7652667648818,1.9682500000000007
APSIPA,WPC,cauliflower_tsl_8_tqs_256.ply,cauliflower.ply,43.9879089599129,1.43025
APSIPA,WPC,cauliflower_tsl_8_tqs_512.ply,cauliflower.ply,27.7443960854802,1.3347500000000003
APSIPA,WPC,cauliflower_gQP_1_tQP_1.ply,cauliflower.ply,87.6248392427318,2.178000000000001
APSIPA,WPC,cauliflower_gQP_1_tQP_2.ply,cauliflower.ply,69.9340182104258,1.5020000000000011
APSIPA,WPC,cauliflower_gQP_1_tQP_3.ply,cauliflower.ply,55.8664800791356,1.4145000000000008
APSIPA,WPC,cauliflower_gQP_2_tQP_1.ply,cauliflower.ply,77.6400648006452,2.0757500000000007
APSIPA,WPC,cauliflower_gQP_2_tQP_2.ply,cauliflower.ply,61.7264692699532,1.434500000000001
APSIPA,WPC,cauliflower_gQP_2_tQP_3.ply,cauliflower.ply,50.2228411565292,1.3387500000000008
APSIPA,WPC,cauliflower_gQP_3_tQP_1.ply,cauliflower.ply,34.4736481448513,1.6202500000000004
APSIPA,WPC,cauliflower_gQP_3_tQP_2.ply,cauliflower.ply,27.4116195543465,1.395500000000001
APSIPA,WPC,cauliflower_gQP_3_tQP_3.ply,cauliflower.ply,30.2313975655941,1.14425
APSIPA,WPC,cauliflower_pqs_1_qs_16_rounded.ply,cauliflower.ply,90.0384616380816,3.719249999999999
APSIPA,WPC,cauliflower_pqs_1_qs_32_rounded.ply,cauliflower.ply,63.72945613739,2.1877500000000007
APSIPA,WPC,cauliflower_pqs_1_qs_48_rounded.ply,cauliflower.ply,27.0784601811131,1.5504999999999998
APSIPA,WPC,cauliflower_pqs_1_qs_64_rounded.ply,cauliflower.ply,14.4033486133223,1.4357499999999996
APSIPA,WPC,flowerpot_level_7.ply,flowerpot.ply,11.7348495259638,1.1264999999999998
APSIPA,WPC,flowerpot_level_8.ply,flowerpot.ply,17.7469962385862,1.6455000000000002
APSIPA,WPC,flowerpot_level_9.ply,flowerpot.ply,52.6254956315215,2.5420000000000003
APSIPA,WPC,flowerpot_gsigma_0_tsigma_8.ply,flowerpot.ply,84.3226269898052,3.474749999999999
APSIPA,WPC,flowerpot_gsigma_0_tsigma_16.ply,flowerpot.ply,62.7235669705197,2.497000000000001
APSIPA,WPC,flowerpot_gsigma_0_tsigma_32.ply,flowerpot.ply,41.9249239367615,1.5975000000000004
APSIPA,WPC,flowerpot_gsigma_2_tsigma_8.ply,flowerpot.ply,54.1259312078341,1.7895000000000016
APSIPA,WPC,flowerpot_gsigma_2_tsigma_16.ply,flowerpot.ply,45.6818840559956,1.419500000000001
APSIPA,WPC,flowerpot_gsigma_2_tsigma_32.ply,flowerpot.ply,32.1113064578863,1.2595000000000005
APSIPA,WPC,flowerpot_gsigma_4_tsigma_8.ply,flowerpot.ply,43.8370417260597,1.2317500000000001
APSIPA,WPC,flowerpot_gsigma_4_tsigma_16.ply,flowerpot.ply,41.9295321389383,1.21275
APSIPA,WPC,flowerpot_gsigma_4_tsigma_32.ply,flowerpot.ply,30.1314738384279,1.162
APSIPA,WPC,flowerpot_tsl_4_tqs_64.ply,flowerpot.ply,8.19172835677341,1.03075
APSIPA,WPC,flowerpot_tsl_4_tqs_128.ply,flowerpot.ply,4.54807147450145,1.0245000000000004
APSIPA,WPC,flowerpot_tsl_4_tqs_256.ply,flowerpot.ply,9.0163937718047,1.0192500000000004
APSIPA,WPC,flowerpot_tsl_4_tqs_512.ply,flowerpot.ply,9.0186180484818,1.0170000000000003
APSIPA,WPC,flowerpot_tsl_6_tqs_64.ply,flowerpot.ply,72.4189413626024,1.8900000000000008
APSIPA,WPC,flowerpot_tsl_6_tqs_128.ply,flowerpot.ply,61.5694895262982,1.4242499999999998
APSIPA,WPC,flowerpot_tsl_6_tqs_256.ply,flowerpot.ply,38.4413014305076,1.2245000000000001
APSIPA,WPC,flowerpot_tsl_6_tqs_512.ply,flowerpot.ply,24.9941486125491,1.1840000000000002
APSIPA,WPC,flowerpot_tsl_8_tqs_64.ply,flowerpot.ply,91.6936914587421,2.0797500000000024
APSIPA,WPC,flowerpot_tsl_8_tqs_128.ply,flowerpot.ply,76.2621822375761,1.8877500000000007
APSIPA,WPC,flowerpot_tsl_8_tqs_256.ply,flowerpot.ply,50.3957702019072,1.37125
APSIPA,WPC,flowerpot_tsl_8_tqs_512.ply,flowerpot.ply,31.2096695009062,1.3072500000000002
APSIPA,WPC,flowerpot_gQP_1_tQP_1.ply,flowerpot.ply,77.99248910175,1.4885000000000017
APSIPA,WPC,flowerpot_gQP_1_tQP_2.ply,flowerpot.ply,70.8296766394925,1.4257500000000014
APSIPA,WPC,flowerpot_gQP_1_tQP_3.ply,flowerpot.ply,56.3370204241284,1.1487500000000008
APSIPA,WPC,flowerpot_gQP_2_tQP_1.ply,flowerpot.ply,61.4786024624689,1.4502500000000014
APSIPA,WPC,flowerpot_gQP_2_tQP_2.ply,flowerpot.ply,54.3533386331632,1.284250000000001
APSIPA,WPC,flowerpot_gQP_2_tQP_3.ply,flowerpot.ply,37.9771545278842,1.0945000000000011
APSIPA,WPC,flowerpot_gQP_3_tQP_1.ply,flowerpot.ply,30.8391867121232,1.1192500000000003
APSIPA,WPC,flowerpot_gQP_3_tQP_2.ply,flowerpot.ply,28.3167462715054,1.0442500000000001
APSIPA,WPC,flowerpot_gQP_3_tQP_3.ply,flowerpot.ply,33.1740332606834,1.0194999999999999
APSIPA,WPC,flowerpot_pqs_1_qs_16_rounded.ply,flowerpot.ply,91.3327012672768,3.434249999999998
APSIPA,WPC,flowerpot_pqs_1_qs_32_rounded.ply,flowerpot.ply,74.4030424655004,2.3442500000000006
APSIPA,WPC,flowerpot_pqs_1_qs_48_rounded.ply,flowerpot.ply,51.5710745665287,1.7390000000000003
APSIPA,WPC,flowerpot_pqs_1_qs_64_rounded.ply,flowerpot.ply,27.7427320411109,1.5320000000000003
APSIPA,WPC,glasses_case_level_7.ply,glasses_case.ply,10.7032561194691,1.3025000000000002
APSIPA,WPC,glasses_case_level_8.ply,glasses_case.ply,19.0397525858106,2.6142500000000006
APSIPA,WPC,glasses_case_level_9.ply,glasses_case.ply,69.2481367300966,4.159250000000003
APSIPA,WPC,glasses_case_gsigma_0_tsigma_8.ply,glasses_case.ply,89.9949676303739,3.8990000000000014
APSIPA,WPC,glasses_case_gsigma_0_tsigma_16.ply,glasses_case.ply,78.2269592165331,3.6195
APSIPA,WPC,glasses_case_gsigma_0_tsigma_32.ply,glasses_case.ply,57.4617407490248,2.758750000000002
APSIPA,WPC,glasses_case_gsigma_2_tsigma_8.ply,glasses_case.ply,42.952054934517,1.8202500000000004
APSIPA,WPC,glasses_case_gsigma_2_tsigma_16.ply,glasses_case.ply,43.9612573917012,1.5857500000000004
APSIPA,WPC,glasses_case_gsigma_2_tsigma_32.ply,glasses_case.ply,32.3398435662801,1.31275
APSIPA,WPC,glasses_case_gsigma_4_tsigma_8.ply,glasses_case.ply,22.295185065523,1.2789999999999992
APSIPA,WPC,glasses_case_gsigma_4_tsigma_16.ply,glasses_case.ply,21.5350225134671,1.2127499999999996
APSIPA,WPC,glasses_case_gsigma_4_tsigma_32.ply,glasses_case.ply,26.6870597393433,1.16825
APSIPA,WPC,glasses_case_tsl_4_tqs_64.ply,glasses_case.ply,81.0459994550797,2.1537500000000005
APSIPA,WPC,glasses_case_tsl_4_tqs_128.ply,glasses_case.ply,73.2413547710151,1.8365
APSIPA,WPC,glasses_case_tsl_4_tqs_256.ply,glasses_case.ply,54.6614265326877,1.3870000000000002
APSIPA,WPC,glasses_case_tsl_4_tqs_512.ply,glasses_case.ply,28.1064993772842,1.0507500000000003
APSIPA,WPC,glasses_case_tsl_6_tqs_64.ply,glasses_case.ply,53.7867656915953,3.4600000000000004
APSIPA,WPC,glasses_case_tsl_6_tqs_128.ply,glasses_case.ply,54.8959674399581,2.9492500000000006
APSIPA,WPC,glasses_case_tsl_6_tqs_256.ply,glasses_case.ply,35.9142549506624,2.144000000000002
APSIPA,WPC,glasses_case_tsl_6_tqs_512.ply,glasses_case.ply,23.8853820863117,1.4927499999999998
APSIPA,WPC,glasses_case_tsl_8_tqs_64.ply,glasses_case.ply,79.4931736523364,3.4092500000000014
APSIPA,WPC,glasses_case_tsl_8_tqs_128.ply,glasses_case.ply,77.897210369642,2.9315
APSIPA,WPC,glasses_case_tsl_8_tqs_256.ply,glasses_case.ply,52.6664410736344,2.1282500000000018
APSIPA,WPC,glasses_case_tsl_8_tqs_512.ply,glasses_case.ply,33.4948361587451,1.4845
APSIPA,WPC,glasses_case_gQP_1_tQP_1.ply,glasses_case.ply,79.5227268033768,2.665499999999999
APSIPA,WPC,glasses_case_gQP_1_tQP_2.ply,glasses_case.ply,75.7340685444903,1.512750000000001
APSIPA,WPC,glasses_case_gQP_1_tQP_3.ply,glasses_case.ply,52.0035238004722,1.2367500000000005
APSIPA,WPC,glasses_case_gQP_2_tQP_1.ply,glasses_case.ply,60.2658968861681,2.1095000000000006
APSIPA,WPC,glasses_case_gQP_2_tQP_2.ply,glasses_case.ply,56.3976325993689,1.4195000000000004
APSIPA,WPC,glasses_case_gQP_2_tQP_3.ply,glasses_case.ply,41.9823260340023,1.1607500000000008
APSIPA,WPC,glasses_case_gQP_3_tQP_1.ply,glasses_case.ply,27.7745396566424,1.656
APSIPA,WPC,glasses_case_gQP_3_tQP_2.ply,glasses_case.ply,29.4823009609091,1.0945000000000005
APSIPA,WPC,glasses_case_gQP_3_tQP_3.ply,glasses_case.ply,28.144837378355,1.0295
APSIPA,WPC,glasses_case_pqs_1_qs_16_rounded.ply,glasses_case.ply,90.0090908372852,4.280749999999999
APSIPA,WPC,glasses_case_pqs_1_qs_32_rounded.ply,glasses_case.ply,85.1753561944748,3.9174999999999986
APSIPA,WPC,glasses_case_pqs_1_qs_48_rounded.ply,glasses_case.ply,69.2442087236447,3.2547499999999996
APSIPA,WPC,glasses_case_pqs_1_qs_64_rounded.ply,glasses_case.ply,50.6195808210902,2.8134999999999994
APSIPA,WPC,honeydew_melon_level_7.ply,honeydew_melon.ply,5.73974709893926,2.216
APSIPA,WPC,honeydew_melon_level_8.ply,honeydew_melon.ply,20.5582786035406,3.1672499999999997
APSIPA,WPC,honeydew_melon_level_9.ply,honeydew_melon.ply,87.6226845755433,4.298000000000003
APSIPA,WPC,honeydew_melon_gsigma_0_tsigma_8.ply,honeydew_melon.ply,92.6624600352998,3.867750000000001
APSIPA,WPC,honeydew_melon_gsigma_0_tsigma_16.ply,honeydew_melon.ply,79.5747103383625,3.0237500000000006
APSIPA,WPC,honeydew_melon_gsigma_0_tsigma_32.ply,honeydew_melon.ply,46.8407325132864,1.8162500000000004
APSIPA,WPC,honeydew_melon_gsigma_2_tsigma_8.ply,honeydew_melon.ply,65.3956595679704,2.80175
APSIPA,WPC,honeydew_melon_gsigma_2_tsigma_16.ply,honeydew_melon.ply,54.8570837304523,1.908500000000001
APSIPA,WPC,honeydew_melon_gsigma_2_tsigma_32.ply,honeydew_melon.ply,30.2885785430484,1.3977500000000003
APSIPA,WPC,honeydew_melon_gsigma_4_tsigma_8.ply,honeydew_melon.ply,40.1786693272132,1.8585000000000005
APSIPA,WPC,honeydew_melon_gsigma_4_tsigma_16.ply,honeydew_melon.ply,44.80889224433,1.3797500000000007
APSIPA,WPC,honeydew_melon_gsigma_4_tsigma_32.ply,honeydew_melon.ply,31.0107340153386,1.184
APSIPA,WPC,honeydew_melon_tsl_4_tqs_64.ply,honeydew_melon.ply,49.6591653138564,2.5625000000000004
APSIPA,WPC,honeydew_melon_tsl_4_tqs_128.ply,honeydew_melon.ply,42.6301054089424,1.4730000000000003
APSIPA,WPC,honeydew_melon_tsl_4_tqs_256.ply,honeydew_melon.ply,25.9163127058032,1.0495
APSIPA,WPC,honeydew_melon_tsl_4_tqs_512.ply,honeydew_melon.ply,10.8306511506384,1.0172500000000002
APSIPA,WPC,honeydew_melon_tsl_6_tqs_64.ply,honeydew_melon.ply,54.8827351984185,2.9907500000000016
APSIPA,WPC,honeydew_melon_tsl_6_tqs_128.ply,honeydew_melon.ply,52.8968763742297,1.913000000000001
APSIPA,WPC,honeydew_melon_tsl_6_tqs_256.ply,honeydew_melon.ply,35.5987565108889,1.23475
APSIPA,WPC,honeydew_melon_tsl_6_tqs_512.ply,honeydew_melon.ply,13.9062135458541,1.2007500000000002
APSIPA,WPC,honeydew_melon_tsl_8_tqs_64.ply,honeydew_melon.ply,88.0734534021688,3.4080000000000017
APSIPA,WPC,honeydew_melon_tsl_8_tqs_128.ply,honeydew_melon.ply,81.3507379209043,2.125750000000002
APSIPA,WPC,honeydew_melon_tsl_8_tqs_256.ply,honeydew_melon.ply,41.7185866702785,1.4399999999999995
APSIPA,WPC,honeydew_melon_tsl_8_tqs_512.ply,honeydew_melon.ply,14.2942998549572,1.3307499999999999
APSIPA,WPC,honeydew_melon_gQP_1_tQP_1.ply,honeydew_melon.ply,85.527655327143,2.28575
APSIPA,WPC,honeydew_melon_gQP_1_tQP_2.ply,honeydew_melon.ply,74.1735313877125,1.5532500000000002
APSIPA,WPC,honeydew_melon_gQP_1_tQP_3.ply,honeydew_melon.ply,58.1210565783074,1.2817500000000013
APSIPA,WPC,honeydew_melon_gQP_2_tQP_1.ply,honeydew_melon.ply,63.274363758741,1.9775
APSIPA,WPC,honeydew_melon_gQP_2_tQP_2.ply,honeydew_melon.ply,62.4489875416363,1.4817500000000008
APSIPA,WPC,honeydew_melon_gQP_2_tQP_3.ply,honeydew_melon.ply,47.4424609702056,1.1470000000000002
APSIPA,WPC,honeydew_melon_gQP_3_tQP_1.ply,honeydew_melon.ply,46.0852063289474,1.6090000000000007
APSIPA,WPC,honeydew_melon_gQP_3_tQP_2.ply,honeydew_melon.ply,45.9636978649354,1.3357500000000004
APSIPA,WPC,honeydew_melon_gQP_3_tQP_3.ply,honeydew_melon.ply,39.60295451806,1.0592500000000005
APSIPA,WPC,honeydew_melon_pqs_1_qs_16_rounded.ply,honeydew_melon.ply,88.3373638863001,4.3549999999999995
APSIPA,WPC,honeydew_melon_pqs_1_qs_32_rounded.ply,honeydew_melon.ply,78.1730237763995,2.9872500000000013
APSIPA,WPC,honeydew_melon_pqs_1_qs_48_rounded.ply,honeydew_melon.ply,62.136096367329,2.234750000000001
APSIPA,WPC,honeydew_melon_pqs_1_qs_64_rounded.ply,honeydew_melon.ply,30.1734831300728,1.5935
APSIPA,WPC,house_level_7.ply,house.ply,2.9538774237317,1.1504999999999996
APSIPA,WPC,house_level_8.ply,house.ply,15.9444624227128,1.9310000000000005
APSIPA,WPC,house_level_9.ply,house.ply,63.6912103194696,3.4840000000000004
APSIPA,WPC,house_gsigma_0_tsigma_8.ply,house.ply,90.1711356373714,3.6990000000000003
APSIPA,WPC,house_gsigma_0_tsigma_16.ply,house.ply,69.8058394235221,3.198249999999999
APSIPA,WPC,house_gsigma_0_tsigma_32.ply,house.ply,48.933215794281,1.9180000000000006
APSIPA,WPC,house_gsigma_2_tsigma_8.ply,house.ply,48.6814121128676,1.8094999999999999
APSIPA,WPC,house_gsigma_2_tsigma_16.ply,house.ply,46.3008359886891,1.4567500000000007
APSIPA,WPC,house_gsigma_2_tsigma_32.ply,house.ply,34.8664587624749,1.2977499999999997
APSIPA,WPC,house_gsigma_4_tsigma_8.ply,house.ply,35.6885477690345,1.2094999999999998
APSIPA,WPC,house_gsigma_4_tsigma_16.ply,house.ply,29.8975414427219,1.1732500000000001
APSIPA,WPC,house_gsigma_4_tsigma_32.ply,house.ply,19.3845422907278,1.1672500000000001
APSIPA,WPC,house_tsl_4_tqs_64.ply,house.ply,65.0948580797,1.3865000000000003
APSIPA,WPC,house_tsl_4_tqs_128.ply,house.ply,54.3110169538046,1.2102500000000003
APSIPA,WPC,house_tsl_4_tqs_256.ply,house.ply,37.9014346107238,1.0445000000000002
APSIPA,WPC,house_tsl_4_tqs_512.ply,house.ply,22.3964365056709,1.0207500000000005
APSIPA,WPC,house_tsl_6_tqs_64.ply,house.ply,84.7730269494444,2.0555000000000008
APSIPA,WPC,house_tsl_6_tqs_128.ply,house.ply,75.3571451984004,1.3815000000000013
APSIPA,WPC,house_tsl_6_tqs_256.ply,house.ply,42.9864841290645,1.1052500000000007
APSIPA,WPC,house_tsl_6_tqs_512.ply,house.ply,26.5847345410514,1.0405
APSIPA,WPC,house_tsl_8_tqs_64.ply,house.ply,86.7884342972181,3.099
APSIPA,WPC,house_tsl_8_tqs_128.ply,house.ply,80.2478118667351,2.1307500000000013
APSIPA,WPC,house_tsl_8_tqs_256.ply,house.ply,52.6012065154044,1.5537500000000002
APSIPA,WPC,house_tsl_8_tqs_512.ply,house.ply,27.6033084176504,1.3457499999999998
APSIPA,WPC,house_gQP_1_tQP_1.ply,house.ply,92.2279533577551,2.2817500000000015
APSIPA,WPC,house_gQP_1_tQP_2.ply,house.ply,70.6532309133315,1.4085000000000005
APSIPA,WPC,house_gQP_1_tQP_3.ply,house.ply,38.2582098475362,1.1812500000000008
APSIPA,WPC,house_gQP_2_tQP_1.ply,house.ply,74.4527078789402,2.1287500000000015
APSIPA,WPC,house_gQP_2_tQP_2.ply,house.ply,63.0601920212403,1.2877500000000013
APSIPA,WPC,house_gQP_2_tQP_3.ply,house.ply,40.7900467714785,1.094500000000001
APSIPA,WPC,house_gQP_3_tQP_1.ply,house.ply,40.6393737444513,1.4412500000000008
APSIPA,WPC,house_gQP_3_tQP_2.ply,house.ply,37.1261608885675,1.1315000000000002
APSIPA,WPC,house_gQP_3_tQP_3.ply,house.ply,29.2212435870754,1.0722500000000004
APSIPA,WPC,house_pqs_1_qs_16_rounded.ply,house.ply,88.4320109976302,4.175749999999998
APSIPA,WPC,house_pqs_1_qs_32_rounded.ply,house.ply,77.6921630714695,3.1625
APSIPA,WPC,house_pqs_1_qs_48_rounded.ply,house.ply,68.0670300360019,2.4490000000000007
APSIPA,WPC,house_pqs_1_qs_64_rounded.ply,house.ply,50.5938538218811,2.116
APSIPA,WPC,litchi_level_7.ply,litchi.ply,2.48274825766083,1.2669999999999997
APSIPA,WPC,litchi_level_8.ply,litchi.ply,23.5190476695968,2.0492499999999993
APSIPA,WPC,litchi_level_9.ply,litchi.ply,88.2565402235114,3.7615
APSIPA,WPC,litchi_gsigma_0_tsigma_8.ply,litchi.ply,92.5519659002015,4.010000000000002
APSIPA,WPC,litchi_gsigma_0_tsigma_16.ply,litchi.ply,78.9932472626517,3.01725
APSIPA,WPC,litchi_gsigma_0_tsigma_32.ply,litchi.ply,40.7583214780207,1.6852500000000001
APSIPA,WPC,litchi_gsigma_2_tsigma_8.ply,litchi.ply,66.6919619162232,1.8032500000000005
APSIPA,WPC,litchi_gsigma_2_tsigma_16.ply,litchi.ply,55.4614195640488,1.3925000000000003
APSIPA,WPC,litchi_gsigma_2_tsigma_32.ply,litchi.ply,39.7558833886201,1.2502499999999996
APSIPA,WPC,litchi_gsigma_4_tsigma_8.ply,litchi.ply,39.0795202563234,1.3064999999999996
APSIPA,WPC,litchi_gsigma_4_tsigma_16.ply,litchi.ply,43.3964948941778,1.1592500000000001
APSIPA,WPC,litchi_gsigma_4_tsigma_32.ply,litchi.ply,32.5660157341656,1.1555000000000002
APSIPA,WPC,litchi_tsl_4_tqs_64.ply,litchi.ply,41.4499562169134,1.1719999999999993
APSIPA,WPC,litchi_tsl_4_tqs_128.ply,litchi.ply,33.9275303741484,1.0225000000000002
APSIPA,WPC,litchi_tsl_4_tqs_256.ply,litchi.ply,24.4817713883161,1.0170000000000003
APSIPA,WPC,litchi_tsl_4_tqs_512.ply,litchi.ply,14.1638346194462,1.0155000000000003
APSIPA,WPC,litchi_tsl_6_tqs_64.ply,litchi.ply,76.6159398833369,1.8262500000000006
APSIPA,WPC,litchi_tsl_6_tqs_128.ply,litchi.ply,66.5232624212034,1.1935
APSIPA,WPC,litchi_tsl_6_tqs_256.ply,litchi.ply,38.6309616528636,1.0245000000000002
APSIPA,WPC,litchi_tsl_6_tqs_512.ply,litchi.ply,21.5470054418339,1.0045
APSIPA,WPC,litchi_tsl_8_tqs_64.ply,litchi.ply,89.1348528544494,2.6157500000000016
APSIPA,WPC,litchi_tsl_8_tqs_128.ply,litchi.ply,72.2904768461572,1.8390000000000013
APSIPA,WPC,litchi_tsl_8_tqs_256.ply,litchi.ply,52.2418214751017,1.4054999999999995
APSIPA,WPC,litchi_tsl_8_tqs_512.ply,litchi.ply,25.865772694275,1.3332500000000003
APSIPA,WPC,litchi_gQP_1_tQP_1.ply,litchi.ply,83.8245971648544,2.0467500000000007
APSIPA,WPC,litchi_gQP_1_tQP_2.ply,litchi.ply,73.7164483027422,1.6172500000000012
APSIPA,WPC,litchi_gQP_1_tQP_3.ply,litchi.ply,59.2921925280305,1.2005000000000001
APSIPA,WPC,litchi_gQP_2_tQP_1.ply,litchi.ply,62.0841589108816,1.7752500000000009
APSIPA,WPC,litchi_gQP_2_tQP_2.ply,litchi.ply,49.4680949601792,1.4940000000000009
APSIPA,WPC,litchi_gQP_2_tQP_3.ply,litchi.ply,40.8373808033559,1.1634999999999998
APSIPA,WPC,litchi_gQP_3_tQP_1.ply,litchi.ply,38.8157313038377,1.5372500000000002
APSIPA,WPC,litchi_gQP_3_tQP_2.ply,litchi.ply,41.6217843598167,1.1775000000000002
APSIPA,WPC,litchi_gQP_3_tQP_3.ply,litchi.ply,29.9512447586551,1.0977499999999998
APSIPA,WPC,litchi_pqs_1_qs_16_rounded.ply,litchi.ply,90.5961494710678,4.39425
APSIPA,WPC,litchi_pqs_1_qs_32_rounded.ply,litchi.ply,72.2646975341265,3.133750000000002
APSIPA,WPC,litchi_pqs_1_qs_48_rounded.ply,litchi.ply,43.1575564763788,2.2204999999999995
APSIPA,WPC,litchi_pqs_1_qs_64_rounded.ply,litchi.ply,32.0967345671909,1.7087499999999998
APSIPA,WPC,mushroom_level_7.ply,mushroom.ply,3.82295185776542,1.2914999999999994
APSIPA,WPC,mushroom_level_8.ply,mushroom.ply,14.8441846527301,2.301499999999999
APSIPA,WPC,mushroom_level_9.ply,mushroom.ply,60.8609338338654,4.07825
APSIPA,WPC,mushroom_gsigma_0_tsigma_8.ply,mushroom.ply,94.3049845185472,3.9372500000000015
APSIPA,WPC,mushroom_gsigma_0_tsigma_16.ply,mushroom.ply,75.0987882311693,3.0807500000000005
APSIPA,WPC,mushroom_gsigma_0_tsigma_32.ply,mushroom.ply,49.3599438553699,1.7945000000000002
APSIPA,WPC,mushroom_gsigma_2_tsigma_8.ply,mushroom.ply,53.8533650047129,2.1407500000000015
APSIPA,WPC,mushroom_gsigma_2_tsigma_16.ply,mushroom.ply,46.5498571697918,1.736250000000001
APSIPA,WPC,mushroom_gsigma_2_tsigma_32.ply,mushroom.ply,38.4864454123602,1.3315000000000006
APSIPA,WPC,mushroom_gsigma_4_tsigma_8.ply,mushroom.ply,43.4428297243472,1.4425
APSIPA,WPC,mushroom_gsigma_4_tsigma_16.ply,mushroom.ply,37.9495966265077,1.1922499999999998
APSIPA,WPC,mushroom_gsigma_4_tsigma_32.ply,mushroom.ply,25.0118683998367,1.1265000000000003
APSIPA,WPC,mushroom_tsl_4_tqs_64.ply,mushroom.ply,30.0341394546602,1.321
APSIPA,WPC,mushroom_tsl_4_tqs_128.ply,mushroom.ply,25.1167303905341,1.0830000000000006
APSIPA,WPC,mushroom_tsl_4_tqs_256.ply,mushroom.ply,23.0913988319735,1.0160000000000002
APSIPA,WPC,mushroom_tsl_4_tqs_512.ply,mushroom.ply,15.5101344492401,1.0112500000000002
APSIPA,WPC,mushroom_tsl_6_tqs_64.ply,mushroom.ply,67.3109632879746,1.84
APSIPA,WPC,mushroom_tsl_6_tqs_128.ply,mushroom.ply,48.0609573382497,1.221750000000001
APSIPA,WPC,mushroom_tsl_6_tqs_256.ply,mushroom.ply,31.5007167134119,1.0950000000000002
APSIPA,WPC,mushroom_tsl_6_tqs_512.ply,mushroom.ply,19.4331780108381,1.0862500000000004
APSIPA,WPC,mushroom_tsl_8_tqs_64.ply,mushroom.ply,88.2742731439807,2.6412500000000017
APSIPA,WPC,mushroom_tsl_8_tqs_128.ply,mushroom.ply,67.6777293217442,1.67375
APSIPA,WPC,mushroom_tsl_8_tqs_256.ply,mushroom.ply,40.4980314832457,1.38975
APSIPA,WPC,mushroom_tsl_8_tqs_512.ply,mushroom.ply,25.0246754608732,1.3430000000000002
APSIPA,WPC,mushroom_gQP_1_tQP_1.ply,mushroom.ply,77.7324074747283,1.712750000000001
APSIPA,WPC,mushroom_gQP_1_tQP_2.ply,mushroom.ply,43.6126604213332,1.112750000000001
APSIPA,WPC,mushroom_gQP_1_tQP_3.ply,mushroom.ply,36.8109227453218,1.0667500000000003
APSIPA,WPC,mushroom_gQP_2_tQP_1.ply,mushroom.ply,60.5569558201446,1.4960000000000013
APSIPA,WPC,mushroom_gQP_2_tQP_2.ply,mushroom.ply,46.3701371947766,1.0767500000000008
APSIPA,WPC,mushroom_gQP_2_tQP_3.ply,mushroom.ply,30.9653978913823,1.0362500000000001
APSIPA,WPC,mushroom_gQP_3_tQP_1.ply,mushroom.ply,30.0452069615932,1.2570000000000006
APSIPA,WPC,mushroom_gQP_3_tQP_2.ply,mushroom.ply,26.2489070307976,1.0457500000000002
APSIPA,WPC,mushroom_gQP_3_tQP_3.ply,mushroom.ply,20.3048465985323,1.0194999999999999
APSIPA,WPC,mushroom_pqs_1_qs_16_rounded.ply,mushroom.ply,89.217310768867,4.318249999999999
APSIPA,WPC,mushroom_pqs_1_qs_32_rounded.ply,mushroom.ply,67.3401365075386,2.954000000000001
APSIPA,WPC,mushroom_pqs_1_qs_48_rounded.ply,mushroom.ply,44.9503770633442,2.330500000000001
APSIPA,WPC,mushroom_pqs_1_qs_64_rounded.ply,mushroom.ply,36.2529366475446,1.9682500000000003
APSIPA,WPC,pen_container_level_7.ply,pen_container.ply,2.80493552546136,1.1814999999999996
APSIPA,WPC,pen_container_level_8.ply,pen_container.ply,21.1161617645673,1.8450000000000002
APSIPA,WPC,pen_container_level_9.ply,pen_container.ply,69.8358915850717,3.2937500000000024
APSIPA,WPC,pen_container_gsigma_0_tsigma_8.ply,pen_container.ply,89.2139888449284,4.094750000000001
APSIPA,WPC,pen_container_gsigma_0_tsigma_16.ply,pen_container.ply,71.5678348129798,3.661249999999999
APSIPA,WPC,pen_container_gsigma_0_tsigma_32.ply,pen_container.ply,46.963828347615,2.6710000000000007
APSIPA,WPC,pen_container_gsigma_2_tsigma_8.ply,pen_container.ply,49.6059594855264,2.0570000000000013
APSIPA,WPC,pen_container_gsigma_2_tsigma_16.ply,pen_container.ply,42.5214853855229,1.8530000000000004
APSIPA,WPC,pen_container_gsigma_2_tsigma_32.ply,pen_container.ply,31.7181029608462,1.3640000000000003
APSIPA,WPC,pen_container_gsigma_4_tsigma_8.ply,pen_container.ply,32.6837246559949,1.3174999999999994
APSIPA,WPC,pen_container_gsigma_4_tsigma_16.ply,pen_container.ply,27.7303222283606,1.1997499999999999
APSIPA,WPC,pen_container_gsigma_4_tsigma_32.ply,pen_container.ply,26.7642772933239,1.13125
APSIPA,WPC,pen_container_tsl_4_tqs_64.ply,pen_container.ply,16.4123228030351,1.3735
APSIPA,WPC,pen_container_tsl_4_tqs_128.ply,pen_container.ply,16.4439086883069,1.22525
APSIPA,WPC,pen_container_tsl_4_tqs_256.ply,pen_container.ply,15.9365964720886,1.08775
APSIPA,WPC,pen_container_tsl_4_tqs_512.ply,pen_container.ply,12.5967901198768,1.0315000000000003
APSIPA,WPC,pen_container_tsl_6_tqs_64.ply,pen_container.ply,81.9220444072438,2.4772499999999993
APSIPA,WPC,pen_container_tsl_6_tqs_128.ply,pen_container.ply,66.9277218818178,2.07975
APSIPA,WPC,pen_container_tsl_6_tqs_256.ply,pen_container.ply,41.3878424095498,1.4010000000000011
APSIPA,WPC,pen_container_tsl_6_tqs_512.ply,pen_container.ply,25.2678054964123,1.0740000000000003
APSIPA,WPC,pen_container_tsl_8_tqs_64.ply,pen_container.ply,85.3402125173955,3.442499999999999
APSIPA,WPC,pen_container_tsl_8_tqs_128.ply,pen_container.ply,77.208254785442,2.9119999999999995
APSIPA,WPC,pen_container_tsl_8_tqs_256.ply,pen_container.ply,56.3018695557789,2.038000000000002
APSIPA,WPC,pen_container_tsl_8_tqs_512.ply,pen_container.ply,33.149184812532,1.4254999999999998
APSIPA,WPC,pen_container_gQP_1_tQP_1.ply,pen_container.ply,73.5263480382624,2.32
APSIPA,WPC,pen_container_gQP_1_tQP_2.ply,pen_container.ply,70.28884534664,1.7270000000000005
APSIPA,WPC,pen_container_gQP_1_tQP_3.ply,pen_container.ply,46.5372077672909,1.441250000000001
APSIPA,WPC,pen_container_gQP_2_tQP_1.ply,pen_container.ply,53.3446900065234,2.0765000000000002
APSIPA,WPC,pen_container_gQP_2_tQP_2.ply,pen_container.ply,44.3327430696422,1.531750000000001
APSIPA,WPC,pen_container_gQP_2_tQP_3.ply,pen_container.ply,48.204110421597,1.3105000000000004
APSIPA,WPC,pen_container_gQP_3_tQP_1.ply,pen_container.ply,33.3040241156699,1.8815
APSIPA,WPC,pen_container_gQP_3_tQP_2.ply,pen_container.ply,41.8439730598486,1.499750000000001
APSIPA,WPC,pen_container_gQP_3_tQP_3.ply,pen_container.ply,31.2966910376283,1.23075
APSIPA,WPC,pen_container_pqs_1_qs_16_rounded.ply,pen_container.ply,89.9988084703394,4.4707500000000024
APSIPA,WPC,pen_container_pqs_1_qs_32_rounded.ply,pen_container.ply,76.8657819845095,4.128249999999998
APSIPA,WPC,pen_container_pqs_1_qs_48_rounded.ply,pen_container.ply,65.2022012406114,3.3975000000000017
APSIPA,WPC,pen_container_pqs_1_qs_64_rounded.ply,pen_container.ply,54.48224583447,3.0167500000000005
APSIPA,WPC,pineapple_level_7.ply,pineapple.ply,2.23990532591865,1.2177499999999999
APSIPA,WPC,pineapple_level_8.ply,pineapple.ply,19.2952257202308,2.7057500000000023
APSIPA,WPC,pineapple_level_9.ply,pineapple.ply,68.2241961163991,4.062
APSIPA,WPC,pineapple_gsigma_0_tsigma_8.ply,pineapple.ply,84.5210237697385,4.27275
APSIPA,WPC,pineapple_gsigma_0_tsigma_16.ply,pineapple.ply,71.0019369276565,3.4887499999999982
APSIPA,WPC,pineapple_gsigma_0_tsigma_32.ply,pineapple.ply,46.795056555246,1.7390000000000003
APSIPA,WPC,pineapple_gsigma_2_tsigma_8.ply,pineapple.ply,54.3496073324298,2.240500000000001
APSIPA,WPC,pineapple_gsigma_2_tsigma_16.ply,pineapple.ply,46.5702241839765,1.6195000000000002
APSIPA,WPC,pineapple_gsigma_2_tsigma_32.ply,pineapple.ply,33.105761090531,1.2595
APSIPA,WPC,pineapple_gsigma_4_tsigma_8.ply,pineapple.ply,39.1643579252667,1.3452499999999992
APSIPA,WPC,pineapple_gsigma_4_tsigma_16.ply,pineapple.ply,37.6444040492302,1.19075
APSIPA,WPC,pineapple_gsigma_4_tsigma_32.ply,pineapple.ply,32.9775401662978,1.1235000000000002
APSIPA,WPC,pineapple_tsl_4_tqs_64.ply,pineapple.ply,72.7418610931373,2.1285000000000007
APSIPA,WPC,pineapple_tsl_4_tqs_128.ply,pineapple.ply,63.2674599178851,1.6537500000000005
APSIPA,WPC,pineapple_tsl_4_tqs_256.ply,pineapple.ply,38.9571686758426,1.0775000000000001
APSIPA,WPC,pineapple_tsl_4_tqs_512.ply,pineapple.ply,22.1745819545208,1.0127500000000003
APSIPA,WPC,pineapple_tsl_6_tqs_64.ply,pineapple.ply,63.0469112364966,2.87275
APSIPA,WPC,pineapple_tsl_6_tqs_128.ply,pineapple.ply,54.8796372496039,1.9865000000000002
APSIPA,WPC,pineapple_tsl_6_tqs_256.ply,pineapple.ply,42.9586439435337,1.1590000000000005
APSIPA,WPC,pineapple_tsl_6_tqs_512.ply,pineapple.ply,22.9575236881565,1.0432500000000007
APSIPA,WPC,pineapple_tsl_8_tqs_64.ply,pineapple.ply,86.2140965750536,3.6555
APSIPA,WPC,pineapple_tsl_8_tqs_128.ply,pineapple.ply,74.1207308535902,2.75225
APSIPA,WPC,pineapple_tsl_8_tqs_256.ply,pineapple.ply,49.5954702850419,1.5887500000000006
APSIPA,WPC,pineapple_tsl_8_tqs_512.ply,pineapple.ply,30.3483281686754,1.3495000000000008
APSIPA,WPC,pineapple_gQP_1_tQP_1.ply,pineapple.ply,80.619490835398,2.677750000000001
APSIPA,WPC,pineapple_gQP_1_tQP_2.ply,pineapple.ply,63.4549412974101,1.92075
APSIPA,WPC,pineapple_gQP_1_tQP_3.ply,pineapple.ply,46.0406662983886,1.4375000000000007
APSIPA,WPC,pineapple_gQP_2_tQP_1.ply,pineapple.ply,65.7822807299726,2.4975000000000005
APSIPA,WPC,pineapple_gQP_2_tQP_2.ply,pineapple.ply,50.0556248314212,1.794500000000001
APSIPA,WPC,pineapple_gQP_2_tQP_3.ply,pineapple.ply,34.3809160802291,1.2704999999999997
APSIPA,WPC,pineapple_gQP_3_tQP_1.ply,pineapple.ply,49.7644939552032,2.1694999999999998
APSIPA,WPC,pineapple_gQP_3_tQP_2.ply,pineapple.ply,48.8730581119722,1.53775
APSIPA,WPC,pineapple_gQP_3_tQP_3.ply,pineapple.ply,32.0423144049895,1.2204999999999997
APSIPA,WPC,pineapple_pqs_1_qs_16_rounded.ply,pineapple.ply,87.7745182456416,4.5325000000000015
APSIPA,WPC,pineapple_pqs_1_qs_32_rounded.ply,pineapple.ply,68.3985018371684,3.14325
APSIPA,WPC,pineapple_pqs_1_qs_48_rounded.ply,pineapple.ply,39.8716047326156,2.1545000000000005
APSIPA,WPC,pineapple_pqs_1_qs_64_rounded.ply,pineapple.ply,23.8808997702427,1.6767499999999997
APSIPA,WPC,ping-pong_bat_level_7.ply,ping-pong_bat.ply,10.6690482299712,1.2157499999999994
APSIPA,WPC,ping-pong_bat_level_8.ply,ping-pong_bat.ply,26.1100390607099,2.12525
APSIPA,WPC,ping-pong_bat_level_9.ply,ping-pong_bat.ply,85.7174830576411,3.8989999999999987
APSIPA,WPC,ping-pong_bat_gsigma_0_tsigma_8.ply,ping-pong_bat.ply,85.769393720766,3.6485000000000003
APSIPA,WPC,ping-pong_bat_gsigma_0_tsigma_16.ply,ping-pong_bat.ply,59.9268872039021,3.0002500000000003
APSIPA,WPC,ping-pong_bat_gsigma_0_tsigma_32.ply,ping-pong_bat.ply,45.2645196707695,1.8442500000000006
APSIPA,WPC,ping-pong_bat_gsigma_2_tsigma_8.ply,ping-pong_bat.ply,53.5935646400685,1.7212500000000004
APSIPA,WPC,ping-pong_bat_gsigma_2_tsigma_16.ply,ping-pong_bat.ply,43.7257316446207,1.43025
APSIPA,WPC,ping-pong_bat_gsigma_2_tsigma_32.ply,ping-pong_bat.ply,36.8020877997066,1.2665
APSIPA,WPC,ping-pong_bat_gsigma_4_tsigma_8.ply,ping-pong_bat.ply,36.8318039649704,1.2217499999999994
APSIPA,WPC,ping-pong_bat_gsigma_4_tsigma_16.ply,ping-pong_bat.ply,31.3729003671076,1.15125
APSIPA,WPC,ping-pong_bat_gsigma_4_tsigma_32.ply,ping-pong_bat.ply,28.1278545758974,1.1347500000000001
APSIPA,WPC,ping-pong_bat_tsl_4_tqs_64.ply,ping-pong_bat.ply,5.51761494975227,1.0490000000000004
APSIPA,WPC,ping-pong_bat_tsl_4_tqs_128.ply,ping-pong_bat.ply,5.6089146066107,1.0262500000000003
APSIPA,WPC,ping-pong_bat_tsl_4_tqs_256.ply,ping-pong_bat.ply,4.17255565702724,1.0227500000000005
APSIPA,WPC,ping-pong_bat_tsl_4_tqs_512.ply,ping-pong_bat.ply,5.08596036666654,1.0222500000000005
APSIPA,WPC,ping-pong_bat_tsl_6_tqs_64.ply,ping-pong_bat.ply,70.2438172993147,1.5862500000000006
APSIPA,WPC,ping-pong_bat_tsl_6_tqs_128.ply,ping-pong_bat.ply,50.0484512957028,1.2325000000000006
APSIPA,WPC,ping-pong_bat_tsl_6_tqs_256.ply,ping-pong_bat.ply,33.4945503475571,1.1082500000000008
APSIPA,WPC,ping-pong_bat_tsl_6_tqs_512.ply,ping-pong_bat.ply,26.984078720206,1.0500000000000003
APSIPA,WPC,ping-pong_bat_tsl_8_tqs_64.ply,ping-pong_bat.ply,77.2407728875596,2.4867500000000025
APSIPA,WPC,ping-pong_bat_tsl_8_tqs_128.ply,ping-pong_bat.ply,52.6310751361073,1.8962500000000009
APSIPA,WPC,ping-pong_bat_tsl_8_tqs_256.ply,ping-pong_bat.ply,38.2532322365905,1.4497499999999999
APSIPA,WPC,ping-pong_bat_tsl_8_tqs_512.ply,ping-pong_bat.ply,30.3627763585824,1.3510000000000002
APSIPA,WPC,ping-pong_bat_gQP_1_tQP_1.ply,ping-pong_bat.ply,73.3250111560863,1.4435000000000011
APSIPA,WPC,ping-pong_bat_gQP_1_tQP_2.ply,ping-pong_bat.ply,63.8519578741261,1.3960000000000008
APSIPA,WPC,ping-pong_bat_gQP_1_tQP_3.ply,ping-pong_bat.ply,53.2647474080303,1.198500000000001
APSIPA,WPC,ping-pong_bat_gQP_2_tQP_1.ply,ping-pong_bat.ply,61.7305609005537,1.1565000000000005
APSIPA,WPC,ping-pong_bat_gQP_2_tQP_2.ply,ping-pong_bat.ply,57.0515105524467,1.0555000000000008
APSIPA,WPC,ping-pong_bat_gQP_2_tQP_3.ply,ping-pong_bat.ply,42.2614631118788,1.0537500000000006
APSIPA,WPC,ping-pong_bat_gQP_3_tQP_1.ply,ping-pong_bat.ply,35.5500027297284,1.0530000000000004
APSIPA,WPC,ping-pong_bat_gQP_3_tQP_2.ply,ping-pong_bat.ply,34.6620967679305,1.0377500000000002
APSIPA,WPC,ping-pong_bat_gQP_3_tQP_3.ply,ping-pong_bat.ply,36.7548439737199,1.021
APSIPA,WPC,ping-pong_bat_pqs_1_qs_16_rounded.ply,ping-pong_bat.ply,91.8415346275812,4.301499999999999
APSIPA,WPC,ping-pong_bat_pqs_1_qs_32_rounded.ply,ping-pong_bat.ply,57.3354633109323,3.0245000000000006
APSIPA,WPC,ping-pong_bat_pqs_1_qs_48_rounded.ply,ping-pong_bat.ply,41.3243172710329,2.0452500000000002
APSIPA,WPC,ping-pong_bat_pqs_1_qs_64_rounded.ply,ping-pong_bat.ply,28.3499924782165,1.7235000000000003
APSIPA,WPC,puer_tea_level_7.ply,puer_tea.ply,3.15346252854002,1.1562499999999998
APSIPA,WPC,puer_tea_level_8.ply,puer_tea.ply,16.2603349265675,1.5514999999999994
APSIPA,WPC,puer_tea_level_9.ply,puer_tea.ply,77.8432664101668,3.2257500000000006
APSIPA,WPC,puer_tea_gsigma_0_tsigma_8.ply,puer_tea.ply,79.4766933491598,3.1075000000000004
APSIPA,WPC,puer_tea_gsigma_0_tsigma_16.ply,puer_tea.ply,48.6325940292948,1.7637500000000004
APSIPA,WPC,puer_tea_gsigma_0_tsigma_32.ply,puer_tea.ply,34.7408576952058,1.4822499999999998
APSIPA,WPC,puer_tea_gsigma_2_tsigma_8.ply,puer_tea.ply,43.4702655634764,1.3084999999999996
APSIPA,WPC,puer_tea_gsigma_2_tsigma_16.ply,puer_tea.ply,32.5523097966144,1.2545000000000004
APSIPA,WPC,puer_tea_gsigma_2_tsigma_32.ply,puer_tea.ply,27.4135990964935,1.2232500000000002
APSIPA,WPC,puer_tea_gsigma_4_tsigma_8.ply,puer_tea.ply,24.0019876904387,1.2055
APSIPA,WPC,puer_tea_gsigma_4_tsigma_16.ply,puer_tea.ply,22.9869495082541,1.1645000000000003
APSIPA,WPC,puer_tea_gsigma_4_tsigma_32.ply,puer_tea.ply,17.40818679622,1.1572500000000003
APSIPA,WPC,puer_tea_tsl_4_tqs_64.ply,puer_tea.ply,22.6305666322368,1.0347500000000003
APSIPA,WPC,puer_tea_tsl_4_tqs_128.ply,puer_tea.ply,26.8199135306378,1.0132500000000002
APSIPA,WPC,puer_tea_tsl_4_tqs_256.ply,puer_tea.ply,12.1998153379797,1.0087500000000003
APSIPA,WPC,puer_tea_tsl_4_tqs_512.ply,puer_tea.ply,5.84222472057741,1.00825
APSIPA,WPC,puer_tea_tsl_6_tqs_64.ply,puer_tea.ply,86.8804487654727,1.28375
APSIPA,WPC,puer_tea_tsl_6_tqs_128.ply,puer_tea.ply,62.9862121483958,1.1867500000000006
APSIPA,WPC,puer_tea_tsl_6_tqs_256.ply,puer_tea.ply,28.5558617819512,1.1677500000000003
APSIPA,WPC,puer_tea_tsl_6_tqs_512.ply,puer_tea.ply,16.5995484743701,1.1787500000000004
APSIPA,WPC,puer_tea_tsl_8_tqs_64.ply,puer_tea.ply,79.8453305174932,1.4867499999999993
APSIPA,WPC,puer_tea_tsl_8_tqs_128.ply,puer_tea.ply,61.7974566844332,1.349
APSIPA,WPC,puer_tea_tsl_8_tqs_256.ply,puer_tea.ply,36.1136410683924,1.337
APSIPA,WPC,puer_tea_tsl_8_tqs_512.ply,puer_tea.ply,21.5459093155011,1.334
APSIPA,WPC,puer_tea_gQP_1_tQP_1.ply,puer_tea.ply,77.914700954506,1.150750000000001
APSIPA,WPC,puer_tea_gQP_1_tQP_2.ply,puer_tea.ply,75.4444591024422,1.0765000000000007
APSIPA,WPC,puer_tea_gQP_1_tQP_3.ply,puer_tea.ply,51.2988745216774,1.0460000000000007
APSIPA,WPC,puer_tea_gQP_2_tQP_1.ply,puer_tea.ply,62.5054541432411,1.0675000000000003
APSIPA,WPC,puer_tea_gQP_2_tQP_2.ply,puer_tea.ply,63.4256547659898,1.0387500000000005
APSIPA,WPC,puer_tea_gQP_2_tQP_3.ply,puer_tea.ply,48.9932846071129,1.0280000000000005
APSIPA,WPC,puer_tea_gQP_3_tQP_1.ply,puer_tea.ply,49.2533031787853,1.0570000000000002
APSIPA,WPC,puer_tea_gQP_3_tQP_2.ply,puer_tea.ply,42.0841687809331,1.0270000000000004
APSIPA,WPC,puer_tea_gQP_3_tQP_3.ply,puer_tea.ply,37.3107135366479,1.0115000000000003
APSIPA,WPC,puer_tea_pqs_1_qs_16_rounded.ply,puer_tea.ply,88.7792248817324,3.428499999999999
APSIPA,WPC,puer_tea_pqs_1_qs_32_rounded.ply,puer_tea.ply,57.8307403442314,2.316250000000001
APSIPA,WPC,puer_tea_pqs_1_qs_48_rounded.ply,puer_tea.ply,53.8310144289387,1.81225
APSIPA,WPC,puer_tea_pqs_1_qs_64_rounded.ply,puer_tea.ply,48.0135449671769,1.5874999999999995
APSIPA,WPC,pumpkin_level_7.ply,pumpkin.ply,1.8126002512715,1.4837500000000003
APSIPA,WPC,pumpkin_level_8.ply,pumpkin.ply,20.6394441968121,2.973750000000001
APSIPA,WPC,pumpkin_level_9.ply,pumpkin.ply,76.0300023212763,4.114500000000003
APSIPA,WPC,pumpkin_gsigma_0_tsigma_8.ply,pumpkin.ply,88.712894910982,4.112000000000002
APSIPA,WPC,pumpkin_gsigma_0_tsigma_16.ply,pumpkin.ply,73.8480628000894,3.51725
APSIPA,WPC,pumpkin_gsigma_0_tsigma_32.ply,pumpkin.ply,47.6452487350534,2.3692500000000014
APSIPA,WPC,pumpkin_gsigma_2_tsigma_8.ply,pumpkin.ply,59.7027566150372,2.2392500000000006
APSIPA,WPC,pumpkin_gsigma_2_tsigma_16.ply,pumpkin.ply,50.8871548748291,1.8712500000000007
APSIPA,WPC,pumpkin_gsigma_2_tsigma_32.ply,pumpkin.ply,36.1358020796238,1.4235000000000004
APSIPA,WPC,pumpkin_gsigma_4_tsigma_8.ply,pumpkin.ply,37.6244288147675,1.4304999999999992
APSIPA,WPC,pumpkin_gsigma_4_tsigma_16.ply,pumpkin.ply,37.900248283199,1.2559999999999996
APSIPA,WPC,pumpkin_gsigma_4_tsigma_32.ply,pumpkin.ply,26.0686684530379,1.1757499999999996
APSIPA,WPC,pumpkin_tsl_4_tqs_64.ply,pumpkin.ply,86.446484251263,2.4435000000000002
APSIPA,WPC,pumpkin_tsl_4_tqs_128.ply,pumpkin.ply,78.6740472690266,1.4282500000000007
APSIPA,WPC,pumpkin_tsl_4_tqs_256.ply,pumpkin.ply,53.1251330114768,1.0645000000000007
APSIPA,WPC,pumpkin_tsl_4_tqs_512.ply,pumpkin.ply,28.6786177069522,1.02275
APSIPA,WPC,pumpkin_tsl_6_tqs_64.ply,pumpkin.ply,66.9062480624086,3.393250000000001
APSIPA,WPC,pumpkin_tsl_6_tqs_128.ply,pumpkin.ply,62.2123482976544,2.2155000000000022
APSIPA,WPC,pumpkin_tsl_6_tqs_256.ply,pumpkin.ply,48.3776981972412,1.4365000000000003
APSIPA,WPC,pumpkin_tsl_6_tqs_512.ply,pumpkin.ply,25.6811204549124,1.3170000000000004
APSIPA,WPC,pumpkin_tsl_8_tqs_64.ply,pumpkin.ply,87.7715672371884,3.5937500000000004
APSIPA,WPC,pumpkin_tsl_8_tqs_128.ply,pumpkin.ply,78.9769817691926,2.3317500000000013
APSIPA,WPC,pumpkin_tsl_8_tqs_256.ply,pumpkin.ply,55.3436389820298,1.4875
APSIPA,WPC,pumpkin_tsl_8_tqs_512.ply,pumpkin.ply,29.7648083427553,1.3197499999999998
APSIPA,WPC,pumpkin_gQP_1_tQP_1.ply,pumpkin.ply,80.0320090706354,2.4099999999999993
APSIPA,WPC,pumpkin_gQP_1_tQP_2.ply,pumpkin.ply,63.6286045533244,1.3055000000000008
APSIPA,WPC,pumpkin_gQP_1_tQP_3.ply,pumpkin.ply,41.5038209451386,1.1462500000000009
APSIPA,WPC,pumpkin_gQP_2_tQP_1.ply,pumpkin.ply,57.3085433797706,1.9922499999999996
APSIPA,WPC,pumpkin_gQP_2_tQP_2.ply,pumpkin.ply,56.3477429936398,1.1975000000000002
APSIPA,WPC,pumpkin_gQP_2_tQP_3.ply,pumpkin.ply,41.5159642319042,1.0547500000000005
APSIPA,WPC,pumpkin_gQP_3_tQP_1.ply,pumpkin.ply,46.1422770914442,1.6342500000000015
APSIPA,WPC,pumpkin_gQP_3_tQP_2.ply,pumpkin.ply,37.5424785871894,1.0799999999999996
APSIPA,WPC,pumpkin_gQP_3_tQP_3.ply,pumpkin.ply,30.2320521605782,1.0459999999999998
APSIPA,WPC,pumpkin_pqs_1_qs_16_rounded.ply,pumpkin.ply,85.6214108081247,4.337750000000002
APSIPA,WPC,pumpkin_pqs_1_qs_32_rounded.ply,pumpkin.ply,83.0429567927244,3.01925
APSIPA,WPC,pumpkin_pqs_1_qs_48_rounded.ply,pumpkin.ply,71.6336540114101,2.1975
APSIPA,WPC,pumpkin_pqs_1_qs_64_rounded.ply,pumpkin.ply,52.24143669455,1.74325
APSIPA,WPC,ship_level_7.ply,ship.ply,5.79065940679862,1.0877499999999996
APSIPA,WPC,ship_level_8.ply,ship.ply,15.2671574459892,1.6730000000000007
APSIPA,WPC,ship_level_9.ply,ship.ply,51.1674933407132,3.2944999999999993
APSIPA,WPC,ship_gsigma_0_tsigma_8.ply,ship.ply,81.8761496401027,3.1759999999999993
APSIPA,WPC,ship_gsigma_0_tsigma_16.ply,ship.ply,60.0259037887531,2.1420000000000017
APSIPA,WPC,ship_gsigma_0_tsigma_32.ply,ship.ply,44.7131178212002,1.5927499999999997
APSIPA,WPC,ship_gsigma_2_tsigma_8.ply,ship.ply,44.3239117772617,1.3742500000000004
APSIPA,WPC,ship_gsigma_2_tsigma_16.ply,ship.ply,46.2428076848646,1.31625
APSIPA,WPC,ship_gsigma_2_tsigma_32.ply,ship.ply,29.4704740502455,1.2272499999999997
APSIPA,WPC,ship_gsigma_4_tsigma_8.ply,ship.ply,24.1590376261928,1.1730000000000003
APSIPA,WPC,ship_gsigma_4_tsigma_16.ply,ship.ply,30.238411260331,1.1660000000000001
APSIPA,WPC,ship_gsigma_4_tsigma_32.ply,ship.ply,22.5718248134771,1.165
APSIPA,WPC,ship_tsl_4_tqs_64.ply,ship.ply,13.4323530319704,1.0925000000000005
APSIPA,WPC,ship_tsl_4_tqs_128.ply,ship.ply,15.9791047560549,1.0317500000000002
APSIPA,WPC,ship_tsl_4_tqs_256.ply,ship.ply,11.7246524833365,1.0232500000000002
APSIPA,WPC,ship_tsl_4_tqs_512.ply,ship.ply,12.6371072440398,1.0175000000000005
APSIPA,WPC,ship_tsl_6_tqs_64.ply,ship.ply,80.4780816556649,1.373500000000001
APSIPA,WPC,ship_tsl_6_tqs_128.ply,ship.ply,68.1048669406974,1.1182500000000013
APSIPA,WPC,ship_tsl_6_tqs_256.ply,ship.ply,41.1861630890169,1.0697500000000006
APSIPA,WPC,ship_tsl_6_tqs_512.ply,ship.ply,25.1244404016418,1.0412500000000002
APSIPA,WPC,ship_tsl_8_tqs_64.ply,ship.ply,86.4145260567469,1.9582500000000005
APSIPA,WPC,ship_tsl_8_tqs_128.ply,ship.ply,76.5494553024612,1.5980000000000003
APSIPA,WPC,ship_tsl_8_tqs_256.ply,ship.ply,45.6045385106163,1.40925
APSIPA,WPC,ship_tsl_8_tqs_512.ply,ship.ply,32.5676781701757,1.3410000000000002
APSIPA,WPC,ship_gQP_1_tQP_1.ply,ship.ply,86.8324316287296,1.5537500000000009
APSIPA,WPC,ship_gQP_1_tQP_2.ply,ship.ply,79.6695339466734,1.2320000000000002
APSIPA,WPC,ship_gQP_1_tQP_3.ply,ship.ply,64.6536388064568,1.1905000000000003
APSIPA,WPC,ship_gQP_2_tQP_1.ply,ship.ply,52.755875346608,1.1687500000000002
APSIPA,WPC,ship_gQP_2_tQP_2.ply,ship.ply,53.071309357766,1.0872500000000003
APSIPA,WPC,ship_gQP_2_tQP_3.ply,ship.ply,44.9948183529334,1.0460000000000003
APSIPA,WPC,ship_gQP_3_tQP_1.ply,ship.ply,32.7011304352748,1.0992499999999998
APSIPA,WPC,ship_gQP_3_tQP_2.ply,ship.ply,30.0782560592608,1.0602500000000001
APSIPA,WPC,ship_gQP_3_tQP_3.ply,ship.ply,32.3718773753873,1.04925
APSIPA,WPC,ship_pqs_1_qs_16_rounded.ply,ship.ply,91.8923788590112,3.6719999999999993
APSIPA,WPC,ship_pqs_1_qs_32_rounded.ply,ship.ply,68.9062813581738,3.0010000000000003
APSIPA,WPC,ship_pqs_1_qs_48_rounded.ply,ship.ply,60.8537026618668,2.489000000000001
APSIPA,WPC,ship_pqs_1_qs_64_rounded.ply,ship.ply,48.1843931082809,2.0372500000000007
APSIPA,WPC,statue_level_7.ply,statue.ply,11.0459267428809,1.1822499999999996
APSIPA,WPC,statue_level_8.ply,statue.ply,24.446050693692,1.9542499999999998
APSIPA,WPC,statue_level_9.ply,statue.ply,69.021410657055,3.5317500000000006
APSIPA,WPC,statue_gsigma_0_tsigma_8.ply,statue.ply,85.1194730302636,3.563999999999999
APSIPA,WPC,statue_gsigma_0_tsigma_16.ply,statue.ply,69.249033449068,2.7105000000000006
APSIPA,WPC,statue_gsigma_0_tsigma_32.ply,statue.ply,49.2759668006284,1.915
APSIPA,WPC,statue_gsigma_2_tsigma_8.ply,statue.ply,50.1455304638253,1.798000000000001
APSIPA,WPC,statue_gsigma_2_tsigma_16.ply,statue.ply,39.4123304229697,1.5260000000000007
APSIPA,WPC,statue_gsigma_2_tsigma_32.ply,statue.ply,34.7558872961688,1.2675
APSIPA,WPC,statue_gsigma_4_tsigma_8.ply,statue.ply,31.3800914768002,1.2144999999999995
APSIPA,WPC,statue_gsigma_4_tsigma_16.ply,statue.ply,27.7228845622661,1.1827499999999995
APSIPA,WPC,statue_gsigma_4_tsigma_32.ply,statue.ply,32.9952144940355,1.1525
APSIPA,WPC,statue_tsl_4_tqs_64.ply,statue.ply,19.5588193173298,1.1780000000000004
APSIPA,WPC,statue_tsl_4_tqs_128.ply,statue.ply,19.6972695023532,1.1170000000000007
APSIPA,WPC,statue_tsl_4_tqs_256.ply,statue.ply,16.4008289158312,1.0470000000000008
APSIPA,WPC,statue_tsl_4_tqs_512.ply,statue.ply,11.344017416098,1.0210000000000001
APSIPA,WPC,statue_tsl_6_tqs_64.ply,statue.ply,77.3013087163849,1.8575000000000008
APSIPA,WPC,statue_tsl_6_tqs_128.ply,statue.ply,67.7603536053018,1.4567500000000009
APSIPA,WPC,statue_tsl_6_tqs_256.ply,statue.ply,48.2298391926814,1.1400000000000006
APSIPA,WPC,statue_tsl_6_tqs_512.ply,statue.ply,29.7384769623822,1.0405
APSIPA,WPC,statue_tsl_8_tqs_64.ply,statue.ply,88.3188857213587,2.7275000000000005
APSIPA,WPC,statue_tsl_8_tqs_128.ply,statue.ply,78.3651175128164,2.1815000000000015
APSIPA,WPC,statue_tsl_8_tqs_256.ply,statue.ply,57.6657301068921,1.710250000000001
APSIPA,WPC,statue_tsl_8_tqs_512.ply,statue.ply,35.5732845168642,1.3550000000000002
APSIPA,WPC,statue_gQP_1_tQP_1.ply,statue.ply,82.165444745857,2.20225
APSIPA,WPC,statue_gQP_1_tQP_2.ply,statue.ply,74.3686838145158,1.8907500000000008
APSIPA,WPC,statue_gQP_1_tQP_3.ply,statue.ply,52.9808699886701,1.5277500000000008
APSIPA,WPC,statue_gQP_2_tQP_1.ply,statue.ply,65.2778979966785,2.0660000000000007
APSIPA,WPC,statue_gQP_2_tQP_2.ply,statue.ply,58.0391510244265,1.8022500000000008
APSIPA,WPC,statue_gQP_2_tQP_3.ply,statue.ply,45.2939638761951,1.4765000000000013
APSIPA,WPC,statue_gQP_3_tQP_1.ply,statue.ply,25.8864162085524,1.5277500000000013
APSIPA,WPC,statue_gQP_3_tQP_2.ply,statue.ply,32.5854118785264,1.3070000000000008
APSIPA,WPC,statue_gQP_3_tQP_3.ply,statue.ply,26.9301373002519,1.1740000000000002
APSIPA,WPC,statue_pqs_1_qs_16_rounded.ply,statue.ply,87.0157340766006,3.6444999999999994
APSIPA,WPC,statue_pqs_1_qs_32_rounded.ply,statue.ply,77.2797822260162,2.7672500000000007
APSIPA,WPC,statue_pqs_1_qs_48_rounded.ply,statue.ply,67.4047603475092,2.389750000000001
APSIPA,WPC,statue_pqs_1_qs_64_rounded.ply,statue.ply,54.1088773909453,2.0607500000000005
APSIPA,WPC,stone_level_7.ply,stone.ply,8.58053319292371,1.632250000000001
APSIPA,WPC,stone_level_8.ply,stone.ply,20.6493113794565,2.7117499999999994
APSIPA,WPC,stone_level_9.ply,stone.ply,86.872321281179,4.284500000000003
APSIPA,WPC,stone_gsigma_0_tsigma_8.ply,stone.ply,86.8766848211552,4.4715
APSIPA,WPC,stone_gsigma_0_tsigma_16.ply,stone.ply,75.0615560139541,3.2635
APSIPA,WPC,stone_gsigma_0_tsigma_32.ply,stone.ply,47.836863678051,2.09025
APSIPA,WPC,stone_gsigma_2_tsigma_8.ply,stone.ply,71.6157091186009,2.542250000000002
APSIPA,WPC,stone_gsigma_2_tsigma_16.ply,stone.ply,62.4059409006599,1.954500000000001
APSIPA,WPC,stone_gsigma_2_tsigma_32.ply,stone.ply,47.6251229700144,1.4027500000000004
APSIPA,WPC,stone_gsigma_4_tsigma_8.ply,stone.ply,34.4159190445181,1.7065000000000003
APSIPA,WPC,stone_gsigma_4_tsigma_16.ply,stone.ply,36.8529422604938,1.3817499999999996
APSIPA,WPC,stone_gsigma_4_tsigma_32.ply,stone.ply,24.0907463682826,1.23275
APSIPA,WPC,stone_tsl_4_tqs_64.ply,stone.ply,57.6383741144741,2.2552499999999993
APSIPA,WPC,stone_tsl_4_tqs_128.ply,stone.ply,47.1735467282753,1.4167500000000006
APSIPA,WPC,stone_tsl_4_tqs_256.ply,stone.ply,34.2206143434335,1.034
APSIPA,WPC,stone_tsl_4_tqs_512.ply,stone.ply,18.7636046116809,1.0127500000000003
APSIPA,WPC,stone_tsl_6_tqs_64.ply,stone.ply,65.9392597468463,2.7060000000000004
APSIPA,WPC,stone_tsl_6_tqs_128.ply,stone.ply,60.6549209297791,1.8477500000000004
APSIPA,WPC,stone_tsl_6_tqs_256.ply,stone.ply,42.3730925010962,1.1670000000000003
APSIPA,WPC,stone_tsl_6_tqs_512.ply,stone.ply,22.6359196309754,1.1240000000000006
APSIPA,WPC,stone_tsl_8_tqs_64.ply,stone.ply,76.9686124364125,3.3047500000000007
APSIPA,WPC,stone_tsl_8_tqs_128.ply,stone.ply,75.6815365519877,2.143250000000002
APSIPA,WPC,stone_tsl_8_tqs_256.ply,stone.ply,47.4369456685297,1.4089999999999998
APSIPA,WPC,stone_tsl_8_tqs_512.ply,stone.ply,20.3125947364039,1.3352500000000003
APSIPA,WPC,stone_gQP_1_tQP_1.ply,stone.ply,78.8199476731929,1.5115000000000007
APSIPA,WPC,stone_gQP_1_tQP_2.ply,stone.ply,55.9642947110012,1.248250000000001
APSIPA,WPC,stone_gQP_1_tQP_3.ply,stone.ply,38.1912520635221,1.0685
APSIPA,WPC,stone_gQP_2_tQP_1.ply,stone.ply,58.8787093055682,1.418500000000001
APSIPA,WPC,stone_gQP_2_tQP_2.ply,stone.ply,56.0219351966566,1.2012500000000004
APSIPA,WPC,stone_gQP_2_tQP_3.ply,stone.ply,34.4622505904907,1.02825
APSIPA,WPC,stone_gQP_3_tQP_1.ply,stone.ply,41.7610959776657,1.3285000000000005
APSIPA,WPC,stone_gQP_3_tQP_2.ply,stone.ply,35.6204916846575,1.09125
APSIPA,WPC,stone_gQP_3_tQP_3.ply,stone.ply,26.0134287410296,1.0227499999999998
APSIPA,WPC,stone_pqs_1_qs_16_rounded.ply,stone.ply,80.9089254448558,4.488749999999999
APSIPA,WPC,stone_pqs_1_qs_32_rounded.ply,stone.ply,69.4849326204119,3.166000000000001
APSIPA,WPC,stone_pqs_1_qs_48_rounded.ply,stone.ply,77.068618338965,2.7817500000000006
APSIPA,WPC,stone_pqs_1_qs_64_rounded.ply,stone.ply,65.579572732327,2.4512500000000004
APSIPA,WPC,tool_box_level_7.ply,tool_box.ply,7.78815081382912,1.2247499999999998
APSIPA,WPC,tool_box_level_8.ply,tool_box.ply,25.3570692321109,2.1390000000000002
APSIPA,WPC,tool_box_level_9.ply,tool_box.ply,72.9680686629272,3.930750000000001
APSIPA,WPC,tool_box_gsigma_0_tsigma_8.ply,tool_box.ply,74.0777420470806,3.305999999999999
APSIPA,WPC,tool_box_gsigma_0_tsigma_16.ply,tool_box.ply,47.6539583277037,2.453500000000001
APSIPA,WPC,tool_box_gsigma_0_tsigma_32.ply,tool_box.ply,33.3808952190659,1.6547500000000006
APSIPA,WPC,tool_box_gsigma_2_tsigma_8.ply,tool_box.ply,42.1586836898212,1.5027500000000007
APSIPA,WPC,tool_box_gsigma_2_tsigma_16.ply,tool_box.ply,30.4911353870176,1.3705
APSIPA,WPC,tool_box_gsigma_2_tsigma_32.ply,tool_box.ply,19.7353896644349,1.22975
APSIPA,WPC,tool_box_gsigma_4_tsigma_8.ply,tool_box.ply,27.6145145983668,1.2145000000000001
APSIPA,WPC,tool_box_gsigma_4_tsigma_16.ply,tool_box.ply,22.032861690286,1.1832500000000001
APSIPA,WPC,tool_box_gsigma_4_tsigma_32.ply,tool_box.ply,13.7126560479102,1.15875
APSIPA,WPC,tool_box_tsl_4_tqs_64.ply,tool_box.ply,53.8100580363865,1.2737500000000004
APSIPA,WPC,tool_box_tsl_4_tqs_128.ply,tool_box.ply,43.4806332561404,1.0525000000000004
APSIPA,WPC,tool_box_tsl_4_tqs_256.ply,tool_box.ply,21.3399042402183,1.0235
APSIPA,WPC,tool_box_tsl_4_tqs_512.ply,tool_box.ply,9.772409239441,1.0134999999999998
APSIPA,WPC,tool_box_tsl_6_tqs_64.ply,tool_box.ply,80.4800722020086,1.6872500000000001
APSIPA,WPC,tool_box_tsl_6_tqs_128.ply,tool_box.ply,46.7185364229069,1.433
APSIPA,WPC,tool_box_tsl_6_tqs_256.ply,tool_box.ply,31.6904848394128,1.1645
APSIPA,WPC,tool_box_tsl_6_tqs_512.ply,tool_box.ply,13.2445947729477,1.1170000000000002
APSIPA,WPC,tool_box_tsl_8_tqs_64.ply,tool_box.ply,73.8705759608815,2.2090000000000014
APSIPA,WPC,tool_box_tsl_8_tqs_128.ply,tool_box.ply,52.1691946744185,1.82775
APSIPA,WPC,tool_box_tsl_8_tqs_256.ply,tool_box.ply,29.3246156020452,1.3922499999999998
APSIPA,WPC,tool_box_tsl_8_tqs_512.ply,tool_box.ply,18.0808647645683,1.3327499999999994
APSIPA,WPC,tool_box_gQP_1_tQP_1.ply,tool_box.ply,77.1818034804779,1.457500000000001
APSIPA,WPC,tool_box_gQP_1_tQP_2.ply,tool_box.ply,59.1793726323538,1.344500000000001
APSIPA,WPC,tool_box_gQP_1_tQP_3.ply,tool_box.ply,56.7594447126585,1.2247500000000011
APSIPA,WPC,tool_box_gQP_2_tQP_1.ply,tool_box.ply,57.8707979905386,1.3132500000000007
APSIPA,WPC,tool_box_gQP_2_tQP_2.ply,tool_box.ply,57.2117340327635,1.2802500000000003
APSIPA,WPC,tool_box_gQP_2_tQP_3.ply,tool_box.ply,45.3218746375929,1.0622500000000004
APSIPA,WPC,tool_box_gQP_3_tQP_1.ply,tool_box.ply,44.4899426853948,1.2577500000000001
APSIPA,WPC,tool_box_gQP_3_tQP_2.ply,tool_box.ply,47.6371547753809,1.0837500000000002
APSIPA,WPC,tool_box_gQP_3_tQP_3.ply,tool_box.ply,34.6512821957151,1.0517500000000006
APSIPA,WPC,tool_box_pqs_1_qs_16_rounded.ply,tool_box.ply,82.5089138067047,3.5089999999999977
APSIPA,WPC,tool_box_pqs_1_qs_32_rounded.ply,tool_box.ply,58.7412497169173,2.903750000000002
APSIPA,WPC,tool_box_pqs_1_qs_48_rounded.ply,tool_box.ply,38.8030536311133,1.9707500000000004
APSIPA,WPC,tool_box_pqs_1_qs_64_rounded.ply,tool_box.ply,22.5981055276887,1.5675000000000003
APSIPA,WPC2,bag_geo_26_col_26.ply,bag.ply,82.4723447329788,3.144250000000001
APSIPA,WPC2,bag_geo_26_col_32.ply,bag.ply,81.5011617631872,2.905250000000001
APSIPA,WPC2,bag_geo_26_col_38.ply,bag.ply,85.4385357999222,2.4907500000000002
APSIPA,WPC2,bag_geo_26_col_44.ply,bag.ply,71.0429646265918,2.188000000000001
APSIPA,WPC2,bag_geo_26_col_50.ply,bag.ply,41.9103802574037,1.7112500000000004
APSIPA,WPC2,bag_geo_32_col_26.ply,bag.ply,83.4415686341938,2.8392500000000003
APSIPA,WPC2,bag_geo_32_col_32.ply,bag.ply,86.6946725842642,2.566500000000001
APSIPA,WPC2,bag_geo_32_col_38.ply,bag.ply,80.0293344352133,2.1452500000000017
APSIPA,WPC2,bag_geo_32_col_44.ply,bag.ply,67.4786630808148,1.8755000000000015
APSIPA,WPC2,bag_geo_32_col_50.ply,bag.ply,47.4334132848138,1.513750000000001
APSIPA,WPC2,bag_geo_38_col_26.ply,bag.ply,83.6113667623873,2.7102500000000003
APSIPA,WPC2,bag_geo_38_col_32.ply,bag.ply,80.3914416029074,2.4262500000000005
APSIPA,WPC2,bag_geo_38_col_38.ply,bag.ply,76.2532702419914,2.0670000000000015
APSIPA,WPC2,bag_geo_38_col_44.ply,bag.ply,69.134745827834,1.8047500000000016
APSIPA,WPC2,bag_geo_38_col_50.ply,bag.ply,45.9038347256144,1.4082500000000016
APSIPA,WPC2,bag_geo_44_col_26.ply,bag.ply,75.8551921705965,2.40925
APSIPA,WPC2,bag_geo_44_col_32.ply,bag.ply,65.0850667447251,2.2382500000000003
APSIPA,WPC2,bag_geo_44_col_38.ply,bag.ply,63.7252970193839,1.9090000000000018
APSIPA,WPC2,bag_geo_44_col_44.ply,bag.ply,56.1250447965146,1.6265000000000012
APSIPA,WPC2,bag_geo_44_col_50.ply,bag.ply,37.8973626929821,1.3797500000000007
APSIPA,WPC2,bag_geo_50_col_26.ply,bag.ply,41.5970977830194,1.7972500000000016
APSIPA,WPC2,bag_geo_50_col_32.ply,bag.ply,37.7775630717529,1.6602500000000011
APSIPA,WPC2,bag_geo_50_col_38.ply,bag.ply,31.3035768598301,1.4665000000000006
APSIPA,WPC2,bag_geo_50_col_44.ply,bag.ply,30.0810054324427,1.3557500000000002
APSIPA,WPC2,bag_geo_50_col_50.ply,bag.ply,16.8357365004561,1.2117500000000003
APSIPA,WPC2,banana_geo_26_col_26.ply,banana.ply,81.649960652509,2.5772500000000007
APSIPA,WPC2,banana_geo_26_col_32.ply,banana.ply,79.6882066527613,2.312500000000001
APSIPA,WPC2,banana_geo_26_col_38.ply,banana.ply,64.9554792823482,2.0640000000000014
APSIPA,WPC2,banana_geo_26_col_44.ply,banana.ply,64.5244976905113,1.8710000000000013
APSIPA,WPC2,banana_geo_26_col_50.ply,banana.ply,56.0863973778605,1.6600000000000008
APSIPA,WPC2,banana_geo_32_col_26.ply,banana.ply,76.9132580708139,2.42675
APSIPA,WPC2,banana_geo_32_col_32.ply,banana.ply,75.703820665135,2.0090000000000017
APSIPA,WPC2,banana_geo_32_col_38.ply,banana.ply,68.5323767714754,1.8130000000000015
APSIPA,WPC2,banana_geo_32_col_44.ply,banana.ply,67.9780537361822,1.725750000000001
APSIPA,WPC2,banana_geo_32_col_50.ply,banana.ply,52.6842361805738,1.508750000000001
APSIPA,WPC2,banana_geo_38_col_26.ply,banana.ply,63.207586333376,2.2012500000000004
APSIPA,WPC2,banana_geo_38_col_32.ply,banana.ply,57.9657958448315,1.874750000000001
APSIPA,WPC2,banana_geo_38_col_38.ply,banana.ply,54.8711650025599,1.8212500000000011
APSIPA,WPC2,banana_geo_38_col_44.ply,banana.ply,50.0217170571608,1.555750000000001
APSIPA,WPC2,banana_geo_38_col_50.ply,banana.ply,41.7792373571032,1.4155000000000013
APSIPA,WPC2,banana_geo_44_col_26.ply,banana.ply,42.0133808791516,1.8315000000000006
APSIPA,WPC2,banana_geo_44_col_32.ply,banana.ply,38.2277229723426,1.51825
APSIPA,WPC2,banana_geo_44_col_38.ply,banana.ply,40.1925612212863,1.4490000000000007
APSIPA,WPC2,banana_geo_44_col_44.ply,banana.ply,36.0116356051438,1.3500000000000005
APSIPA,WPC2,banana_geo_44_col_50.ply,banana.ply,35.1085425633015,1.1670000000000003
APSIPA,WPC2,banana_geo_50_col_26.ply,banana.ply,24.8807974432507,1.2349999999999997
APSIPA,WPC2,banana_geo_50_col_32.ply,banana.ply,24.3596920495446,1.17225
APSIPA,WPC2,banana_geo_50_col_38.ply,banana.ply,23.6015132822698,1.1337500000000005
APSIPA,WPC2,banana_geo_50_col_44.ply,banana.ply,22.5501794136694,1.1340000000000006
APSIPA,WPC2,banana_geo_50_col_50.ply,banana.ply,21.0454872256355,1.0700000000000003
APSIPA,WPC2,biscuits_geo_26_col_26.ply,biscuits.ply,87.8923684907921,2.7625000000000006
APSIPA,WPC2,biscuits_geo_26_col_32.ply,biscuits.ply,81.6430452141255,2.3462500000000013
APSIPA,WPC2,biscuits_geo_26_col_38.ply,biscuits.ply,75.3154710249261,1.9482500000000014
APSIPA,WPC2,biscuits_geo_26_col_44.ply,biscuits.ply,70.6970505304824,1.6197500000000007
APSIPA,WPC2,biscuits_geo_26_col_50.ply,biscuits.ply,47.4867761065685,1.3380000000000003
APSIPA,WPC2,biscuits_geo_32_col_26.ply,biscuits.ply,85.1594534129397,2.531249999999999
APSIPA,WPC2,biscuits_geo_32_col_32.ply,biscuits.ply,83.5574140290293,2.04775
APSIPA,WPC2,biscuits_geo_32_col_38.ply,biscuits.ply,76.2707571916321,1.6477500000000007
APSIPA,WPC2,biscuits_geo_32_col_44.ply,biscuits.ply,63.7537949867307,1.4492500000000013
APSIPA,WPC2,biscuits_geo_32_col_50.ply,biscuits.ply,47.7863712010635,1.2020000000000008
APSIPA,WPC2,biscuits_geo_38_col_26.ply,biscuits.ply,79.5356816864173,2.4322500000000007
APSIPA,WPC2,biscuits_geo_38_col_32.ply,biscuits.ply,83.4360588268497,1.9107500000000004
APSIPA,WPC2,biscuits_geo_38_col_38.ply,biscuits.ply,77.0382203009983,1.5432500000000007
APSIPA,WPC2,biscuits_geo_38_col_44.ply,biscuits.ply,67.7899989840408,1.3880000000000008
APSIPA,WPC2,biscuits_geo_38_col_50.ply,biscuits.ply,50.8518218371507,1.1177500000000007
APSIPA,WPC2,biscuits_geo_44_col_26.ply,biscuits.ply,73.0776411784288,2.0605000000000007
APSIPA,WPC2,biscuits_geo_44_col_32.ply,biscuits.ply,64.5948469858521,1.5835000000000006
APSIPA,WPC2,biscuits_geo_44_col_38.ply,biscuits.ply,58.4701670021258,1.4325000000000008
APSIPA,WPC2,biscuits_geo_44_col_44.ply,biscuits.ply,56.952028111374,1.2817500000000002
APSIPA,WPC2,biscuits_geo_44_col_50.ply,biscuits.ply,43.2095155036005,1.0635
APSIPA,WPC2,biscuits_geo_50_col_26.ply,biscuits.ply,53.3353041395029,1.6037500000000013
APSIPA,WPC2,biscuits_geo_50_col_32.ply,biscuits.ply,49.2948719615677,1.5025000000000006
APSIPA,WPC2,biscuits_geo_50_col_38.ply,biscuits.ply,51.4989786845386,1.3195
APSIPA,WPC2,biscuits_geo_50_col_44.ply,biscuits.ply,42.7319512429119,1.1354999999999995
APSIPA,WPC2,biscuits_geo_50_col_50.ply,biscuits.ply,36.6391661965889,1.0614999999999994
APSIPA,WPC2,cake_geo_26_col_26.ply,cake.ply,86.9359350491745,3.0112500000000013
APSIPA,WPC2,cake_geo_26_col_32.ply,cake.ply,85.478638008414,2.89675
APSIPA,WPC2,cake_geo_26_col_38.ply,cake.ply,81.694655902971,2.5162500000000008
APSIPA,WPC2,cake_geo_26_col_44.ply,cake.ply,69.5639617403983,2.137500000000001
APSIPA,WPC2,cake_geo_26_col_50.ply,cake.ply,54.7460831111615,1.7277500000000017
APSIPA,WPC2,cake_geo_32_col_26.ply,cake.ply,84.7184799067125,2.877
APSIPA,WPC2,cake_geo_32_col_32.ply,cake.ply,80.9823228475772,2.6480000000000006
APSIPA,WPC2,cake_geo_32_col_38.ply,cake.ply,77.2012235286127,2.1712499999999992
APSIPA,WPC2,cake_geo_32_col_44.ply,cake.ply,70.8288525218617,1.7962500000000006
APSIPA,WPC2,cake_geo_32_col_50.ply,cake.ply,48.4505068678294,1.5372500000000011
APSIPA,WPC2,cake_geo_38_col_26.ply,cake.ply,81.3322673838494,2.8497500000000002
APSIPA,WPC2,cake_geo_38_col_32.ply,cake.ply,77.7277923267265,2.5517500000000006
APSIPA,WPC2,cake_geo_38_col_38.ply,cake.ply,73.5255185638214,1.9865000000000004
APSIPA,WPC2,cake_geo_38_col_44.ply,cake.ply,64.0224841065843,1.7290000000000005
APSIPA,WPC2,cake_geo_38_col_50.ply,cake.ply,52.2350580461529,1.4482500000000003
APSIPA,WPC2,cake_geo_44_col_26.ply,cake.ply,62.2839601931544,2.6522499999999996
APSIPA,WPC2,cake_geo_44_col_32.ply,cake.ply,59.5632021598096,2.18575
APSIPA,WPC2,cake_geo_44_col_38.ply,cake.ply,58.6246715142536,1.8755000000000002
APSIPA,WPC2,cake_geo_44_col_44.ply,cake.ply,47.2806982462689,1.6190000000000007
APSIPA,WPC2,cake_geo_44_col_50.ply,cake.ply,46.6311628313398,1.3232500000000003
APSIPA,WPC2,cake_geo_50_col_26.ply,cake.ply,29.9131508477554,2.0882500000000004
APSIPA,WPC2,cake_geo_50_col_32.ply,cake.ply,39.5743814023421,1.8727500000000008
APSIPA,WPC2,cake_geo_50_col_38.ply,cake.ply,26.8825126156265,1.573250000000001
APSIPA,WPC2,cake_geo_50_col_44.ply,cake.ply,27.7111776794485,1.4587500000000009
APSIPA,WPC2,cake_geo_50_col_50.ply,cake.ply,27.0513082355173,1.25875
APSIPA,WPC2,cauliflower_geo_26_col_26.ply,cauliflower.ply,87.2062166819033,3.0572500000000002
APSIPA,WPC2,cauliflower_geo_26_col_32.ply,cauliflower.ply,89.4706954358539,2.66925
APSIPA,WPC2,cauliflower_geo_26_col_38.ply,cauliflower.ply,78.973711179037,2.442250000000001
APSIPA,WPC2,cauliflower_geo_26_col_44.ply,cauliflower.ply,58.2248810831345,1.9507500000000013
APSIPA,WPC2,cauliflower_geo_26_col_50.ply,cauliflower.ply,41.7461201255633,1.6860000000000008
APSIPA,WPC2,cauliflower_geo_32_col_26.ply,cauliflower.ply,86.6110597545741,2.6425
APSIPA,WPC2,cauliflower_geo_32_col_32.ply,cauliflower.ply,85.0459210120589,2.2882500000000006
APSIPA,WPC2,cauliflower_geo_32_col_38.ply,cauliflower.ply,81.6632171698608,1.98
APSIPA,WPC2,cauliflower_geo_32_col_44.ply,cauliflower.ply,65.3834144389473,1.5765000000000007
APSIPA,WPC2,cauliflower_geo_32_col_50.ply,cauliflower.ply,44.4044131630086,1.4497500000000008
APSIPA,WPC2,cauliflower_geo_38_col_26.ply,cauliflower.ply,81.9366342811793,2.4995000000000003
APSIPA,WPC2,cauliflower_geo_38_col_32.ply,cauliflower.ply,75.5842457552613,2.2155000000000005
APSIPA,WPC2,cauliflower_geo_38_col_38.ply,cauliflower.ply,70.5368654966761,1.9700000000000006
APSIPA,WPC2,cauliflower_geo_38_col_44.ply,cauliflower.ply,63.4569326277367,1.4960000000000009
APSIPA,WPC2,cauliflower_geo_38_col_50.ply,cauliflower.ply,40.8304993562527,1.3655000000000004
APSIPA,WPC2,cauliflower_geo_44_col_26.ply,cauliflower.ply,54.7355913800956,2.2939999999999996
APSIPA,WPC2,cauliflower_geo_44_col_32.ply,cauliflower.ply,55.733595052281,2.0142500000000005
APSIPA,WPC2,cauliflower_geo_44_col_38.ply,cauliflower.ply,49.5214699202247,1.6655000000000004
APSIPA,WPC2,cauliflower_geo_44_col_44.ply,cauliflower.ply,40.6655871607221,1.3990000000000007
APSIPA,WPC2,cauliflower_geo_44_col_50.ply,cauliflower.ply,30.0882930549642,1.185
APSIPA,WPC2,cauliflower_geo_50_col_26.ply,cauliflower.ply,36.2962635192281,1.9394999999999998
APSIPA,WPC2,cauliflower_geo_50_col_32.ply,cauliflower.ply,28.6501464472511,1.7422500000000003
APSIPA,WPC2,cauliflower_geo_50_col_38.ply,cauliflower.ply,25.6895085113343,1.479500000000001
APSIPA,WPC2,cauliflower_geo_50_col_44.ply,cauliflower.ply,26.4533286907987,1.3912500000000008
APSIPA,WPC2,cauliflower_geo_50_col_50.ply,cauliflower.ply,21.3149532042432,1.155
APSIPA,WPC2,flowerpot_geo_26_col_26.ply,flowerpot.ply,86.7946709044725,2.2082500000000014
APSIPA,WPC2,flowerpot_geo_26_col_32.ply,flowerpot.ply,86.6608858733422,2.1105000000000014
APSIPA,WPC2,flowerpot_geo_26_col_38.ply,flowerpot.ply,85.7233512963207,1.9982500000000014
APSIPA,WPC2,flowerpot_geo_26_col_44.ply,flowerpot.ply,80.8012462826181,1.9152500000000012
APSIPA,WPC2,flowerpot_geo_26_col_50.ply,flowerpot.ply,64.4738321317084,1.5410000000000001
APSIPA,WPC2,flowerpot_geo_32_col_26.ply,flowerpot.ply,81.894469113561,1.802250000000002
APSIPA,WPC2,flowerpot_geo_32_col_32.ply,flowerpot.ply,80.8910336632008,1.7312500000000017
APSIPA,WPC2,flowerpot_geo_32_col_38.ply,flowerpot.ply,72.6534056672074,1.6072500000000014
APSIPA,WPC2,flowerpot_geo_32_col_44.ply,flowerpot.ply,76.0462940453093,1.5392500000000013
APSIPA,WPC2,flowerpot_geo_32_col_50.ply,flowerpot.ply,60.7487046572471,1.2600000000000005
APSIPA,WPC2,flowerpot_geo_38_col_26.ply,flowerpot.ply,65.1409583946036,1.6005000000000007
APSIPA,WPC2,flowerpot_geo_38_col_32.ply,flowerpot.ply,62.0622074995405,1.4992500000000015
APSIPA,WPC2,flowerpot_geo_38_col_38.ply,flowerpot.ply,59.1867148335436,1.4595000000000016
APSIPA,WPC2,flowerpot_geo_38_col_44.ply,flowerpot.ply,53.240441812183,1.4160000000000017
APSIPA,WPC2,flowerpot_geo_38_col_50.ply,flowerpot.ply,45.4994652262865,1.145750000000001
APSIPA,WPC2,flowerpot_geo_44_col_26.ply,flowerpot.ply,36.4304380188641,1.407500000000001
APSIPA,WPC2,flowerpot_geo_44_col_32.ply,flowerpot.ply,37.7781068690467,1.355500000000001
APSIPA,WPC2,flowerpot_geo_44_col_38.ply,flowerpot.ply,41.1851163875781,1.3195000000000008
APSIPA,WPC2,flowerpot_geo_44_col_44.ply,flowerpot.ply,40.7956842317043,1.2137500000000003
APSIPA,WPC2,flowerpot_geo_44_col_50.ply,flowerpot.ply,31.6223864490987,1.0470000000000004
APSIPA,WPC2,flowerpot_geo_50_col_26.ply,flowerpot.ply,24.5720211648123,1.2052500000000002
APSIPA,WPC2,flowerpot_geo_50_col_32.ply,flowerpot.ply,26.3796930550385,1.1897500000000003
APSIPA,WPC2,flowerpot_geo_50_col_38.ply,flowerpot.ply,24.1715163556854,1.1387500000000002
APSIPA,WPC2,flowerpot_geo_50_col_44.ply,flowerpot.ply,26.7996616200792,1.0547500000000003
APSIPA,WPC2,flowerpot_geo_50_col_50.ply,flowerpot.ply,20.0311625271798,1.0197500000000002
APSIPA,WPC2,house_geo_26_col_26.ply,house.ply,88.9896481281816,3.2032500000000015
APSIPA,WPC2,house_geo_26_col_32.ply,house.ply,89.1205079805108,2.9092500000000014
APSIPA,WPC2,house_geo_26_col_38.ply,house.ply,83.2267479527807,2.62725
APSIPA,WPC2,house_geo_26_col_44.ply,house.ply,66.3156612318683,1.8837500000000014
APSIPA,WPC2,house_geo_26_col_50.ply,house.ply,31.0967556792942,1.493
APSIPA,WPC2,house_geo_32_col_26.ply,house.ply,92.2348360955867,2.772
APSIPA,WPC2,house_geo_32_col_32.ply,house.ply,89.9380365913629,2.425500000000001
APSIPA,WPC2,house_geo_32_col_38.ply,house.ply,83.856059456357,2.034750000000001
APSIPA,WPC2,house_geo_32_col_44.ply,house.ply,60.8208414781127,1.4162500000000007
APSIPA,WPC2,house_geo_32_col_50.ply,house.ply,28.3189729428026,1.2402500000000003
APSIPA,WPC2,house_geo_38_col_26.ply,house.ply,81.1034112870157,2.5272499999999996
APSIPA,WPC2,house_geo_38_col_32.ply,house.ply,82.8509457839863,2.1530000000000014
APSIPA,WPC2,house_geo_38_col_38.ply,house.ply,79.6840411783043,1.6392500000000003
APSIPA,WPC2,house_geo_38_col_44.ply,house.ply,52.1733742190076,1.356500000000001
APSIPA,WPC2,house_geo_38_col_50.ply,house.ply,25.5706262386513,1.1277500000000007
APSIPA,WPC2,house_geo_44_col_26.ply,house.ply,61.5057990928078,2.3245000000000005
APSIPA,WPC2,house_geo_44_col_32.ply,house.ply,64.8850539051369,1.9632500000000013
APSIPA,WPC2,house_geo_44_col_38.ply,house.ply,63.1268198108212,1.455000000000001
APSIPA,WPC2,house_geo_44_col_44.ply,house.ply,47.9097771305787,1.236
APSIPA,WPC2,house_geo_44_col_50.ply,house.ply,16.5009565000847,1.0482500000000003
APSIPA,WPC2,house_geo_50_col_26.ply,house.ply,37.4524435229738,1.7357500000000008
APSIPA,WPC2,house_geo_50_col_32.ply,house.ply,36.7607700499043,1.532000000000001
APSIPA,WPC2,house_geo_50_col_38.ply,house.ply,33.8418096283821,1.3550000000000006
APSIPA,WPC2,house_geo_50_col_44.ply,house.ply,32.2589734979101,1.1547500000000002
APSIPA,WPC2,house_geo_50_col_50.ply,house.ply,15.25649468869,1.09525
APSIPA,WPC2,litchi_geo_26_col_26.ply,litchi.ply,92.9821843401644,3.2162499999999996
APSIPA,WPC2,litchi_geo_26_col_32.ply,litchi.ply,93.1362499169797,2.8185000000000002
APSIPA,WPC2,litchi_geo_26_col_38.ply,litchi.ply,89.1789545529647,2.1780000000000017
APSIPA,WPC2,litchi_geo_26_col_44.ply,litchi.ply,56.6691101475827,1.747000000000001
APSIPA,WPC2,litchi_geo_26_col_50.ply,litchi.ply,30.5440391411232,1.3442500000000002
APSIPA,WPC2,litchi_geo_32_col_26.ply,litchi.ply,91.5829576805642,2.8284999999999996
APSIPA,WPC2,litchi_geo_32_col_32.ply,litchi.ply,89.9741070406345,2.4600000000000004
APSIPA,WPC2,litchi_geo_32_col_38.ply,litchi.ply,83.2024408167291,1.7592500000000015
APSIPA,WPC2,litchi_geo_32_col_44.ply,litchi.ply,59.1385382936897,1.5010000000000006
APSIPA,WPC2,litchi_geo_32_col_50.ply,litchi.ply,31.6406860299936,1.1907499999999998
APSIPA,WPC2,litchi_geo_38_col_26.ply,litchi.ply,85.638654566342,2.6167499999999997
APSIPA,WPC2,litchi_geo_38_col_32.ply,litchi.ply,85.1859555325256,2.3595000000000006
APSIPA,WPC2,litchi_geo_38_col_38.ply,litchi.ply,77.5470001233731,1.7810000000000008
APSIPA,WPC2,litchi_geo_38_col_44.ply,litchi.ply,49.1994855235877,1.4067500000000004
APSIPA,WPC2,litchi_geo_38_col_50.ply,litchi.ply,30.9798741692546,1.1407500000000002
APSIPA,WPC2,litchi_geo_44_col_26.ply,litchi.ply,63.6560985718425,2.2557499999999995
APSIPA,WPC2,litchi_geo_44_col_32.ply,litchi.ply,61.3121885686826,1.9000000000000012
APSIPA,WPC2,litchi_geo_44_col_38.ply,litchi.ply,66.8043165586658,1.5112500000000009
APSIPA,WPC2,litchi_geo_44_col_44.ply,litchi.ply,46.4399257495452,1.1392499999999999
APSIPA,WPC2,litchi_geo_44_col_50.ply,litchi.ply,25.0566856090398,1.07125
APSIPA,WPC2,litchi_geo_50_col_26.ply,litchi.ply,45.1480355916429,1.7092500000000004
APSIPA,WPC2,litchi_geo_50_col_32.ply,litchi.ply,42.4863675105185,1.5395
APSIPA,WPC2,litchi_geo_50_col_38.ply,litchi.ply,40.9687111153459,1.2002499999999998
APSIPA,WPC2,litchi_geo_50_col_44.ply,litchi.ply,32.148336340982,1.1184999999999998
APSIPA,WPC2,litchi_geo_50_col_50.ply,litchi.ply,20.2208665396319,1.0525
APSIPA,WPC2,mushroom_geo_26_col_26.ply,mushroom.ply,82.9946630826858,2.8522500000000006
APSIPA,WPC2,mushroom_geo_26_col_32.ply,mushroom.ply,78.3571135661684,2.2927500000000007
APSIPA,WPC2,mushroom_geo_26_col_38.ply,mushroom.ply,74.3785484642561,1.7657500000000004
APSIPA,WPC2,mushroom_geo_26_col_44.ply,mushroom.ply,45.3439077295071,1.3847500000000006
APSIPA,WPC2,mushroom_geo_26_col_50.ply,mushroom.ply,29.5718946927245,1.2350000000000003
APSIPA,WPC2,mushroom_geo_32_col_26.ply,mushroom.ply,74.4241317439886,2.4327500000000004
APSIPA,WPC2,mushroom_geo_32_col_32.ply,mushroom.ply,75.4805784614935,1.8997500000000012
APSIPA,WPC2,mushroom_geo_32_col_38.ply,mushroom.ply,66.9797108060408,1.512250000000001
APSIPA,WPC2,mushroom_geo_32_col_44.ply,mushroom.ply,38.5722413351005,1.1845000000000008
APSIPA,WPC2,mushroom_geo_32_col_50.ply,mushroom.ply,26.3061026213262,1.1022500000000004
APSIPA,WPC2,mushroom_geo_38_col_26.ply,mushroom.ply,73.6814911222893,2.2050000000000005
APSIPA,WPC2,mushroom_geo_38_col_32.ply,mushroom.ply,74.4094330454226,1.6982500000000014
APSIPA,WPC2,mushroom_geo_38_col_38.ply,mushroom.ply,67.5681585498013,1.489250000000001
APSIPA,WPC2,mushroom_geo_38_col_44.ply,mushroom.ply,45.9799069410343,1.105750000000001
APSIPA,WPC2,mushroom_geo_38_col_50.ply,mushroom.ply,25.916781757512,1.0552500000000002
APSIPA,WPC2,mushroom_geo_44_col_26.ply,mushroom.ply,63.4366001187406,1.8022500000000006
APSIPA,WPC2,mushroom_geo_44_col_32.ply,mushroom.ply,57.463507898885,1.4537500000000008
APSIPA,WPC2,mushroom_geo_44_col_38.ply,mushroom.ply,52.7844140223741,1.2977500000000004
APSIPA,WPC2,mushroom_geo_44_col_44.ply,mushroom.ply,38.7223098731993,1.0562500000000004
APSIPA,WPC2,mushroom_geo_44_col_50.ply,mushroom.ply,27.3197842811896,1.0265000000000002
APSIPA,WPC2,mushroom_geo_50_col_26.ply,mushroom.ply,41.137854185286,1.4567500000000009
APSIPA,WPC2,mushroom_geo_50_col_32.ply,mushroom.ply,30.4104664601911,1.3475000000000004
APSIPA,WPC2,mushroom_geo_50_col_38.ply,mushroom.ply,34.6278654865912,1.112
APSIPA,WPC2,mushroom_geo_50_col_44.ply,mushroom.ply,22.9980183257813,1.0562500000000004
APSIPA,WPC2,mushroom_geo_50_col_50.ply,mushroom.ply,18.1734161623244,1.02175
APSIPA,WPC2,ping-pong_bat_geo_26_col_26.ply,ping-pong_bat.ply,88.1221213788102,3.03075
APSIPA,WPC2,ping-pong_bat_geo_26_col_32.ply,ping-pong_bat.ply,82.4802671149212,2.4040000000000012
APSIPA,WPC2,ping-pong_bat_geo_26_col_38.ply,ping-pong_bat.ply,71.1177797962577,2.1182500000000015
APSIPA,WPC2,ping-pong_bat_geo_26_col_44.ply,ping-pong_bat.ply,45.8567446644031,1.8992500000000008
APSIPA,WPC2,ping-pong_bat_geo_26_col_50.ply,ping-pong_bat.ply,28.6601686568517,1.4837500000000008
APSIPA,WPC2,ping-pong_bat_geo_32_col_26.ply,ping-pong_bat.ply,86.3389663854916,2.5152500000000004
APSIPA,WPC2,ping-pong_bat_geo_32_col_32.ply,ping-pong_bat.ply,80.70324182043,2.077250000000002
APSIPA,WPC2,ping-pong_bat_geo_32_col_38.ply,ping-pong_bat.ply,68.2600191603283,1.6975000000000011
APSIPA,WPC2,ping-pong_bat_geo_32_col_44.ply,ping-pong_bat.ply,45.0583742981583,1.5237500000000015
APSIPA,WPC2,ping-pong_bat_geo_32_col_50.ply,ping-pong_bat.ply,29.0485404663664,1.2075000000000005
APSIPA,WPC2,ping-pong_bat_geo_38_col_26.ply,ping-pong_bat.ply,82.84626295608,2.0452500000000002
APSIPA,WPC2,ping-pong_bat_geo_38_col_32.ply,ping-pong_bat.ply,79.2661071812107,1.6082500000000004
APSIPA,WPC2,ping-pong_bat_geo_38_col_38.ply,ping-pong_bat.ply,66.3429182575624,1.441250000000001
APSIPA,WPC2,ping-pong_bat_geo_38_col_44.ply,ping-pong_bat.ply,51.5725625849588,1.367000000000001
APSIPA,WPC2,ping-pong_bat_geo_38_col_50.ply,ping-pong_bat.ply,28.4127530610651,1.1112500000000007
APSIPA,WPC2,ping-pong_bat_geo_44_col_26.ply,ping-pong_bat.ply,51.4201863283925,1.4230000000000007
APSIPA,WPC2,ping-pong_bat_geo_44_col_32.ply,ping-pong_bat.ply,43.6166582657696,1.3350000000000009
APSIPA,WPC2,ping-pong_bat_geo_44_col_38.ply,ping-pong_bat.ply,44.4510732051414,1.2460000000000013
APSIPA,WPC2,ping-pong_bat_geo_44_col_44.ply,ping-pong_bat.ply,37.3747841475017,1.074750000000001
APSIPA,WPC2,ping-pong_bat_geo_44_col_50.ply,ping-pong_bat.ply,21.70315620403,1.0347500000000003
APSIPA,WPC2,ping-pong_bat_geo_50_col_26.ply,ping-pong_bat.ply,24.196564580501,1.15925
APSIPA,WPC2,ping-pong_bat_geo_50_col_32.ply,ping-pong_bat.ply,21.1658669298971,1.0540000000000003
APSIPA,WPC2,ping-pong_bat_geo_50_col_38.ply,ping-pong_bat.ply,22.5685787633621,1.0437500000000002
APSIPA,WPC2,ping-pong_bat_geo_50_col_44.ply,ping-pong_bat.ply,22.3550457780907,1.0219999999999998
APSIPA,WPC2,ping-pong_bat_geo_50_col_50.ply,ping-pong_bat.ply,10.8230670565952,1.0114999999999998
APSIPA,WPC2,puer_tea_geo_26_col_26.ply,puer_tea.ply,86.672266123523,2.2697500000000024
APSIPA,WPC2,puer_tea_geo_26_col_32.ply,puer_tea.ply,81.6601756291199,1.6775000000000002
APSIPA,WPC2,puer_tea_geo_26_col_38.ply,puer_tea.ply,75.1227130538698,1.3815000000000004
APSIPA,WPC2,puer_tea_geo_26_col_44.ply,puer_tea.ply,55.3927389057009,1.3465000000000003
APSIPA,WPC2,puer_tea_geo_26_col_50.ply,puer_tea.ply,18.1811390966972,1.2932500000000005
APSIPA,WPC2,puer_tea_geo_32_col_26.ply,puer_tea.ply,81.1296199104957,1.8930000000000007
APSIPA,WPC2,puer_tea_geo_32_col_32.ply,puer_tea.ply,75.9201089485572,1.4027500000000002
APSIPA,WPC2,puer_tea_geo_32_col_38.ply,puer_tea.ply,73.9189226184303,1.2207500000000007
APSIPA,WPC2,puer_tea_geo_32_col_44.ply,puer_tea.ply,49.4863446691799,1.1697500000000003
APSIPA,WPC2,puer_tea_geo_32_col_50.ply,puer_tea.ply,18.1322033703335,1.11525
APSIPA,WPC2,puer_tea_geo_38_col_26.ply,puer_tea.ply,80.150765895002,1.4795000000000007
APSIPA,WPC2,puer_tea_geo_38_col_32.ply,puer_tea.ply,77.9410495162391,1.190750000000001
APSIPA,WPC2,puer_tea_geo_38_col_38.ply,puer_tea.ply,72.2474691624037,1.0695000000000008
APSIPA,WPC2,puer_tea_geo_38_col_44.ply,puer_tea.ply,49.6296525236874,1.0485000000000007
APSIPA,WPC2,puer_tea_geo_38_col_50.ply,puer_tea.ply,19.9510673266029,1.0340000000000005
APSIPA,WPC2,puer_tea_geo_44_col_26.ply,puer_tea.ply,66.7109163101796,1.4952500000000004
APSIPA,WPC2,puer_tea_geo_44_col_32.ply,puer_tea.ply,75.2233786482452,1.0957500000000004
APSIPA,WPC2,puer_tea_geo_44_col_38.ply,puer_tea.ply,58.3335462036824,1.0365000000000004
APSIPA,WPC2,puer_tea_geo_44_col_44.ply,puer_tea.ply,38.83122793611,1.0280000000000005
APSIPA,WPC2,puer_tea_geo_44_col_50.ply,puer_tea.ply,20.4124799700375,1.0190000000000003
APSIPA,WPC2,puer_tea_geo_50_col_26.ply,puer_tea.ply,50.1438339455108,1.3035000000000003
APSIPA,WPC2,puer_tea_geo_50_col_32.ply,puer_tea.ply,51.0935017707511,1.0655000000000003
APSIPA,WPC2,puer_tea_geo_50_col_38.ply,puer_tea.ply,43.7634292641115,1.0295000000000003
APSIPA,WPC2,puer_tea_geo_50_col_44.ply,puer_tea.ply,36.0202386037898,1.0220000000000005
APSIPA,WPC2,puer_tea_geo_50_col_50.ply,puer_tea.ply,15.1891231803439,1.00725
APSIPA,WPC2,pumpkin_geo_26_col_26.ply,pumpkin.ply,85.6797306876862,3.6972500000000013
APSIPA,WPC2,pumpkin_geo_26_col_32.ply,pumpkin.ply,84.0575020682865,3.404500000000001
APSIPA,WPC2,pumpkin_geo_26_col_38.ply,pumpkin.ply,82.6893022012845,2.264250000000001
APSIPA,WPC2,pumpkin_geo_26_col_44.ply,pumpkin.ply,60.5164131006847,1.8150000000000006
APSIPA,WPC2,pumpkin_geo_26_col_50.ply,pumpkin.ply,38.4069266362926,1.4252500000000003
APSIPA,WPC2,pumpkin_geo_32_col_26.ply,pumpkin.ply,85.0321273433135,3.305250000000001
APSIPA,WPC2,pumpkin_geo_32_col_32.ply,pumpkin.ply,88.5719700923363,3.0402500000000003
APSIPA,WPC2,pumpkin_geo_32_col_38.ply,pumpkin.ply,77.8052490030523,1.876500000000001
APSIPA,WPC2,pumpkin_geo_32_col_44.ply,pumpkin.ply,64.8531659794935,1.5745000000000013
APSIPA,WPC2,pumpkin_geo_32_col_50.ply,pumpkin.ply,39.6026988472363,1.2525000000000006
APSIPA,WPC2,pumpkin_geo_38_col_26.ply,pumpkin.ply,86.0415380078248,3.041500000000001
APSIPA,WPC2,pumpkin_geo_38_col_32.ply,pumpkin.ply,84.4708241734545,2.6675000000000004
APSIPA,WPC2,pumpkin_geo_38_col_38.ply,pumpkin.ply,81.520687390327,1.603250000000001
APSIPA,WPC2,pumpkin_geo_38_col_44.ply,pumpkin.ply,61.8271823541526,1.400250000000001
APSIPA,WPC2,pumpkin_geo_38_col_50.ply,pumpkin.ply,39.4965433966174,1.1595000000000013
APSIPA,WPC2,pumpkin_geo_44_col_26.ply,pumpkin.ply,78.1491477639869,2.7312499999999993
APSIPA,WPC2,pumpkin_geo_44_col_32.ply,pumpkin.ply,72.9819510269695,2.2697500000000015
APSIPA,WPC2,pumpkin_geo_44_col_38.ply,pumpkin.ply,74.2174637099902,1.4702500000000003
APSIPA,WPC2,pumpkin_geo_44_col_44.ply,pumpkin.ply,57.8220859053638,1.2445000000000004
APSIPA,WPC2,pumpkin_geo_44_col_50.ply,pumpkin.ply,37.6364266011594,1.0752500000000003
APSIPA,WPC2,pumpkin_geo_50_col_26.ply,pumpkin.ply,53.413132586885,1.9814999999999998
APSIPA,WPC2,pumpkin_geo_50_col_32.ply,pumpkin.ply,57.0804062349182,1.704500000000001
APSIPA,WPC2,pumpkin_geo_50_col_38.ply,pumpkin.ply,49.0428045276401,1.3675000000000006
APSIPA,WPC2,pumpkin_geo_50_col_44.ply,pumpkin.ply,43.362884299797,1.0942499999999995
APSIPA,WPC2,pumpkin_geo_50_col_50.ply,pumpkin.ply,29.5968484103763,1.0474999999999999
APSIPA,WPC2,ship_geo_26_col_26.ply,ship.ply,81.035910120332,2.4647500000000018
APSIPA,WPC2,ship_geo_26_col_32.ply,ship.ply,82.468630473102,2.140250000000001
APSIPA,WPC2,ship_geo_26_col_38.ply,ship.ply,80.0548913847154,1.9110000000000011
APSIPA,WPC2,ship_geo_26_col_44.ply,ship.ply,79.0465386686734,1.6587500000000006
APSIPA,WPC2,ship_geo_26_col_50.ply,ship.ply,63.2373156344223,1.5200000000000002
APSIPA,WPC2,ship_geo_32_col_26.ply,ship.ply,80.6988433620275,1.9345000000000008
APSIPA,WPC2,ship_geo_32_col_32.ply,ship.ply,82.1937127373733,1.7270000000000008
APSIPA,WPC2,ship_geo_32_col_38.ply,ship.ply,77.2931230020664,1.5455000000000003
APSIPA,WPC2,ship_geo_32_col_44.ply,ship.ply,68.0398798065479,1.3402500000000004
APSIPA,WPC2,ship_geo_32_col_50.ply,ship.ply,60.5796807701531,1.3032500000000005
APSIPA,WPC2,ship_geo_38_col_26.ply,ship.ply,69.577674625756,1.5325000000000015
APSIPA,WPC2,ship_geo_38_col_32.ply,ship.ply,72.1470660614088,1.492500000000001
APSIPA,WPC2,ship_geo_38_col_38.ply,ship.ply,61.37845093828,1.3277500000000007
APSIPA,WPC2,ship_geo_38_col_44.ply,ship.ply,61.7667373747437,1.1980000000000006
APSIPA,WPC2,ship_geo_38_col_50.ply,ship.ply,53.2512049487266,1.163750000000001
APSIPA,WPC2,ship_geo_44_col_26.ply,ship.ply,44.516641775233,1.3822500000000009
APSIPA,WPC2,ship_geo_44_col_32.ply,ship.ply,45.0345661391176,1.3062500000000006
APSIPA,WPC2,ship_geo_44_col_38.ply,ship.ply,40.744326171963,1.10025
APSIPA,WPC2,ship_geo_44_col_44.ply,ship.ply,38.3380561014561,1.0767500000000003
APSIPA,WPC2,ship_geo_44_col_50.ply,ship.ply,38.166170453624,1.0392500000000005
APSIPA,WPC2,ship_geo_50_col_26.ply,ship.ply,24.8158151856322,1.1694999999999993
APSIPA,WPC2,ship_geo_50_col_32.ply,ship.ply,30.6737525961312,1.1137499999999998
APSIPA,WPC2,ship_geo_50_col_38.ply,ship.ply,29.9571244681736,1.08675
APSIPA,WPC2,ship_geo_50_col_44.ply,ship.ply,23.512145436183,1.0625
APSIPA,WPC2,ship_geo_50_col_50.ply,ship.ply,27.4996290255062,1.0342499999999997
APSIPA,WPC2,statue_geo_26_col_26.ply,statue.ply,81.8794712378311,2.930750000000001
APSIPA,WPC2,statue_geo_26_col_32.ply,statue.ply,84.8042611852422,2.716
APSIPA,WPC2,statue_geo_26_col_38.ply,statue.ply,79.1732771357509,2.4750000000000014
APSIPA,WPC2,statue_geo_26_col_44.ply,statue.ply,71.3511705519045,2.320250000000001
APSIPA,WPC2,statue_geo_26_col_50.ply,statue.ply,41.2383143842644,2.0270000000000015
APSIPA,WPC2,statue_geo_32_col_26.ply,statue.ply,76.8837211835341,2.694749999999999
APSIPA,WPC2,statue_geo_32_col_32.ply,statue.ply,78.68848886098,2.3149999999999995
APSIPA,WPC2,statue_geo_32_col_38.ply,statue.ply,80.2159678490897,2.0417500000000004
APSIPA,WPC2,statue_geo_32_col_44.ply,statue.ply,69.9851013530373,1.9180000000000006
APSIPA,WPC2,statue_geo_32_col_50.ply,statue.ply,41.833369857789,1.5677500000000006
APSIPA,WPC2,statue_geo_38_col_26.ply,statue.ply,54.7798196325252,2.559999999999999
APSIPA,WPC2,statue_geo_38_col_32.ply,statue.ply,54.7299140229632,2.2489999999999997
APSIPA,WPC2,statue_geo_38_col_38.ply,statue.ply,55.6703376615614,2.0035000000000007
APSIPA,WPC2,statue_geo_38_col_44.ply,statue.ply,52.6896968243611,1.8750000000000009
APSIPA,WPC2,statue_geo_38_col_50.ply,statue.ply,34.6351268230559,1.5247500000000007
APSIPA,WPC2,statue_geo_44_col_26.ply,statue.ply,39.8674494568643,2.1462500000000007
APSIPA,WPC2,statue_geo_44_col_32.ply,statue.ply,41.187271759578,1.9312500000000008
APSIPA,WPC2,statue_geo_44_col_38.ply,statue.ply,38.505524386033,1.727500000000001
APSIPA,WPC2,statue_geo_44_col_44.ply,statue.ply,30.4210350621087,1.590500000000001
APSIPA,WPC2,statue_geo_44_col_50.ply,statue.ply,20.4082738569585,1.1820000000000004
APSIPA,WPC2,statue_geo_50_col_26.ply,statue.ply,28.2928741128495,1.6115000000000006
APSIPA,WPC2,statue_geo_50_col_32.ply,statue.ply,29.7762666462375,1.5815000000000012
APSIPA,WPC2,statue_geo_50_col_38.ply,statue.ply,26.5538699650244,1.4680000000000006
APSIPA,WPC2,statue_geo_50_col_44.ply,statue.ply,17.9569398548007,1.396500000000001
APSIPA,WPC2,statue_geo_50_col_50.ply,statue.ply,16.0683016569295,1.11975
APSIPA,WPC2,stone_geo_26_col_26.ply,stone.ply,87.3998010059472,3.4772499999999997
APSIPA,WPC2,stone_geo_26_col_32.ply,stone.ply,90.7632509804008,2.9322500000000016
APSIPA,WPC2,stone_geo_26_col_38.ply,stone.ply,85.3619198230678,2.171000000000002
APSIPA,WPC2,stone_geo_26_col_44.ply,stone.ply,59.3338839611864,1.710000000000001
APSIPA,WPC2,stone_geo_26_col_50.ply,stone.ply,26.0664820659739,1.2375000000000007
APSIPA,WPC2,stone_geo_32_col_26.ply,stone.ply,83.9154359689679,3.0599999999999996
APSIPA,WPC2,stone_geo_32_col_32.ply,stone.ply,89.2785746765068,2.59
APSIPA,WPC2,stone_geo_32_col_38.ply,stone.ply,82.1227986742955,1.7310000000000008
APSIPA,WPC2,stone_geo_32_col_44.ply,stone.ply,55.291783442155,1.4535000000000005
APSIPA,WPC2,stone_geo_32_col_50.ply,stone.ply,27.9286922449291,1.1267500000000004
APSIPA,WPC2,stone_geo_38_col_26.ply,stone.ply,85.2463958388876,2.6532499999999994
APSIPA,WPC2,stone_geo_38_col_32.ply,stone.ply,83.1828145921659,2.1734999999999993
APSIPA,WPC2,stone_geo_38_col_38.ply,stone.ply,78.2409542563056,1.4857500000000008
APSIPA,WPC2,stone_geo_38_col_44.ply,stone.ply,54.9560661770754,1.294000000000001
APSIPA,WPC2,stone_geo_38_col_50.ply,stone.ply,20.4934270826501,1.0732500000000003
APSIPA,WPC2,stone_geo_44_col_26.ply,stone.ply,75.6844791726697,2.36675
APSIPA,WPC2,stone_geo_44_col_32.ply,stone.ply,66.2137626257801,1.7822500000000006
APSIPA,WPC2,stone_geo_44_col_38.ply,stone.ply,63.7104619112645,1.376750000000001
APSIPA,WPC2,stone_geo_44_col_44.ply,stone.ply,49.2666797637598,1.1287500000000001
APSIPA,WPC2,stone_geo_44_col_50.ply,stone.ply,24.2229280217069,1.0190000000000001
APSIPA,WPC2,stone_geo_50_col_26.ply,stone.ply,46.7661985195374,1.7022500000000014
APSIPA,WPC2,stone_geo_50_col_32.ply,stone.ply,48.2150275406964,1.4627500000000015
APSIPA,WPC2,stone_geo_50_col_38.ply,stone.ply,42.3964072109414,1.2800000000000005
APSIPA,WPC2,stone_geo_50_col_44.ply,stone.ply,33.7074859902746,1.0655000000000001
APSIPA,WPC2,stone_geo_50_col_50.ply,stone.ply,15.4342122124929,1.0155
APSIPA,WPC2,tool_box_geo_26_col_26.ply,tool_box.ply,85.4496059823849,2.7105
APSIPA,WPC2,tool_box_geo_26_col_32.ply,tool_box.ply,81.7880504403677,2.145750000000001
APSIPA,WPC2,tool_box_geo_26_col_38.ply,tool_box.ply,69.1597898302332,1.866750000000001
APSIPA,WPC2,tool_box_geo_26_col_44.ply,tool_box.ply,44.9343366013038,1.7647500000000016
APSIPA,WPC2,tool_box_geo_26_col_50.ply,tool_box.ply,23.304070181044,1.3295000000000003
APSIPA,WPC2,tool_box_geo_32_col_26.ply,tool_box.ply,82.2954729975093,2.2640000000000007
APSIPA,WPC2,tool_box_geo_32_col_32.ply,tool_box.ply,78.1139396313892,1.7827500000000003
APSIPA,WPC2,tool_box_geo_32_col_38.ply,tool_box.ply,64.9689046942439,1.5252500000000009
APSIPA,WPC2,tool_box_geo_32_col_44.ply,tool_box.ply,46.9673474967878,1.4197500000000007
APSIPA,WPC2,tool_box_geo_32_col_50.ply,tool_box.ply,25.2366368262888,1.1687500000000006
APSIPA,WPC2,tool_box_geo_38_col_26.ply,tool_box.ply,81.0467217703671,1.9420000000000008
APSIPA,WPC2,tool_box_geo_38_col_32.ply,tool_box.ply,79.9190834905953,1.5360000000000003
APSIPA,WPC2,tool_box_geo_38_col_38.ply,tool_box.ply,66.0246963153914,1.3822500000000009
APSIPA,WPC2,tool_box_geo_38_col_44.ply,tool_box.ply,43.0323395086927,1.1830000000000012
APSIPA,WPC2,tool_box_geo_38_col_50.ply,tool_box.ply,31.1525898659362,1.0660000000000007
APSIPA,WPC2,tool_box_geo_44_col_26.ply,tool_box.ply,71.7401862248719,1.5732500000000003
APSIPA,WPC2,tool_box_geo_44_col_32.ply,tool_box.ply,70.5774537108349,1.3450000000000009
APSIPA,WPC2,tool_box_geo_44_col_38.ply,tool_box.ply,59.4658134392405,1.2697500000000004
APSIPA,WPC2,tool_box_geo_44_col_44.ply,tool_box.ply,42.4070633044353,1.0565000000000007
APSIPA,WPC2,tool_box_geo_44_col_50.ply,tool_box.ply,20.6574164044969,1.0275000000000003
APSIPA,WPC2,tool_box_geo_50_col_26.ply,tool_box.ply,55.1157105221661,1.3457500000000011
APSIPA,WPC2,tool_box_geo_50_col_32.ply,tool_box.ply,45.0051289662124,1.2855
APSIPA,WPC2,tool_box_geo_50_col_38.ply,tool_box.ply,41.4984902886984,1.1177500000000002
APSIPA,WPC2,tool_box_geo_50_col_44.ply,tool_box.ply,30.3190048379466,1.0502500000000006
APSIPA,WPC2,tool_box_geo_50_col_50.ply,tool_box.ply,22.7850014221745,1.0195
WPC,APSIPA,tmc13_amphoriskos_vox10_dec_geom01_text01_octree-predlift.ply,amphoriskos_vox10.ply,1.0,7.822900908248337
WPC,APSIPA,tmc13_amphoriskos_vox10_dec_geom02_text02_octree-predlift.ply,amphoriskos_vox10.ply,1.5,28.992528613348227
WPC,APSIPA,tmc13_amphoriskos_vox10_dec_geom03_text03_octree-predlift.ply,amphoriskos_vox10.ply,2.9,60.83970831904642
WPC,APSIPA,tmc13_amphoriskos_vox10_dec_geom04_text04_octree-predlift.ply,amphoriskos_vox10.ply,4.375,80.0937455207713
WPC,APSIPA,tmc13_amphoriskos_vox10_dec_geom05_text05_octree-predlift.ply,amphoriskos_vox10.ply,4.6,78.4444795317231
WPC,APSIPA,tmc13_amphoriskos_vox10_dec_geom06_text06_octree-predlift.ply,amphoriskos_vox10.ply,4.75,80.06561946586156
WPC,APSIPA,tmc13_amphoriskos_vox10_dec_geom01_text01_octree-raht.ply,amphoriskos_vox10.ply,1.0,9.546638094334044
WPC,APSIPA,tmc13_amphoriskos_vox10_dec_geom02_text02_octree-raht.ply,amphoriskos_vox10.ply,1.075,25.49566695223658
WPC,APSIPA,tmc13_amphoriskos_vox10_dec_geom03_text03_octree-raht.ply,amphoriskos_vox10.ply,2.025,59.74320789355127
WPC,APSIPA,tmc13_amphoriskos_vox10_dec_geom04_text04_octree-raht.ply,amphoriskos_vox10.ply,3.7,79.33754587707327
WPC,APSIPA,tmc13_amphoriskos_vox10_dec_geom05_text05_octree-raht.ply,amphoriskos_vox10.ply,4.475,78.52579891234916
WPC,APSIPA,tmc13_amphoriskos_vox10_dec_geom06_text06_octree-raht.ply,amphoriskos_vox10.ply,4.85,79.74120740201386
WPC,APSIPA,tmc13_amphoriskos_vox10_dec_geom01_text01_trisoup-predlift.ply,amphoriskos_vox10.ply,1.25,53.544283191683554
WPC,APSIPA,tmc13_amphoriskos_vox10_dec_geom02_text02_trisoup-predlift.ply,amphoriskos_vox10.ply,2.3,71.37872990048136
WPC,APSIPA,tmc13_amphoriskos_vox10_dec_geom03_text03_trisoup-predlift.ply,amphoriskos_vox10.ply,2.675,73.88948267301456
WPC,APSIPA,tmc13_amphoriskos_vox10_dec_geom04_text04_trisoup-predlift.ply,amphoriskos_vox10.ply,2.725,74.33054020049504
WPC,APSIPA,tmc13_amphoriskos_vox10_dec_geom05_text05_trisoup-predlift.ply,amphoriskos_vox10.ply,3.1,74.8731505277488
WPC,APSIPA,tmc13_amphoriskos_vox10_dec_geom06_text06_trisoup-predlift.ply,amphoriskos_vox10.ply,4.9,86.42572644929234
WPC,APSIPA,tmc13_amphoriskos_vox10_dec_geom01_text01_trisoup-raht.ply,amphoriskos_vox10.ply,1.025,36.83054192511726
WPC,APSIPA,tmc13_amphoriskos_vox10_dec_geom02_text02_trisoup-raht.ply,amphoriskos_vox10.ply,1.625,59.68314581446706
WPC,APSIPA,tmc13_amphoriskos_vox10_dec_geom03_text03_trisoup-raht.ply,amphoriskos_vox10.ply,2.05,71.32755597712693
WPC,APSIPA,tmc13_amphoriskos_vox10_dec_geom04_text04_trisoup-raht.ply,amphoriskos_vox10.ply,2.45,73.89565710230221
WPC,APSIPA,tmc13_amphoriskos_vox10_dec_geom05_text05_trisoup-raht.ply,amphoriskos_vox10.ply,3.1,75.51511538643602
WPC,APSIPA,tmc13_amphoriskos_vox10_dec_geom06_text06_trisoup-raht.ply,amphoriskos_vox10.ply,4.725,86.53702333985282
WPC,APSIPA,tmc2_amphoriskos_vox10_dec_geom01_text01.ply,amphoriskos_vox10.ply,2.5,72.03579914298354
WPC,APSIPA,tmc2_amphoriskos_vox10_dec_geom02_text02.ply,amphoriskos_vox10.ply,3.475,72.9540237982428
WPC,APSIPA,tmc2_amphoriskos_vox10_dec_geom03_text03.ply,amphoriskos_vox10.ply,3.6,74.5549901557185
WPC,APSIPA,tmc2_amphoriskos_vox10_dec_geom04_text04.ply,amphoriskos_vox10.ply,4.5,74.34902973762685
WPC,APSIPA,tmc2_amphoriskos_vox10_dec_geom05_text05.ply,amphoriskos_vox10.ply,4.475,74.61114292246165
WPC,APSIPA,tmc13_biplane_vox10_dec_geom01_text01_octree-predlift.ply,biplane_vox10.ply,1.0,8.046776582855504
WPC,APSIPA,tmc13_biplane_vox10_dec_geom02_text02_octree-predlift.ply,biplane_vox10.ply,1.1,24.950428936467883
WPC,APSIPA,tmc13_biplane_vox10_dec_geom03_text03_octree-predlift.ply,biplane_vox10.ply,1.975,42.503614714698244
WPC,APSIPA,tmc13_biplane_vox10_dec_geom04_text04_octree-predlift.ply,biplane_vox10.ply,3.8,69.23178750794203
WPC,APSIPA,tmc13_biplane_vox10_dec_geom05_text05_octree-predlift.ply,biplane_vox10.ply,4.575,75.63474906711808
WPC,APSIPA,tmc13_biplane_vox10_dec_geom06_text06_octree-predlift.ply,biplane_vox10.ply,4.775,79.02238569877699
WPC,APSIPA,tmc13_biplane_vox10_dec_geom01_text01_octree-raht.ply,biplane_vox10.ply,1.0,8.721944721376476
WPC,APSIPA,tmc13_biplane_vox10_dec_geom02_text02_octree-raht.ply,biplane_vox10.ply,1.05,25.563929263138686
WPC,APSIPA,tmc13_biplane_vox10_dec_geom03_text03_octree-raht.ply,biplane_vox10.ply,2.05,43.66087189239845
WPC,APSIPA,tmc13_biplane_vox10_dec_geom04_text04_octree-raht.ply,biplane_vox10.ply,3.925,70.09277575282727
WPC,APSIPA,tmc13_biplane_vox10_dec_geom05_text05_octree-raht.ply,biplane_vox10.ply,4.55,75.82619683968234
WPC,APSIPA,tmc13_biplane_vox10_dec_geom06_text06_octree-raht.ply,biplane_vox10.ply,4.75,79.6506715874832
WPC,APSIPA,tmc13_biplane_vox10_dec_geom01_text01_trisoup-predlift.ply,biplane_vox10.ply,1.1,29.738707500519066
WPC,APSIPA,tmc13_biplane_vox10_dec_geom02_text02_trisoup-predlift.ply,biplane_vox10.ply,1.9,52.26074920671133
WPC,APSIPA,tmc13_biplane_vox10_dec_geom03_text03_trisoup-predlift.ply,biplane_vox10.ply,2.35,63.4703655063257
WPC,APSIPA,tmc13_biplane_vox10_dec_geom04_text04_trisoup-predlift.ply,biplane_vox10.ply,2.225,65.94092628810682
WPC,APSIPA,tmc13_biplane_vox10_dec_geom05_text05_trisoup-predlift.ply,biplane_vox10.ply,3.125,71.68617144202217
WPC,APSIPA,tmc13_biplane_vox10_dec_geom06_text06_trisoup-predlift.ply,biplane_vox10.ply,4.925,87.28286305916325
WPC,APSIPA,tmc13_biplane_vox10_dec_geom01_text01_trisoup-raht.ply,biplane_vox10.ply,1.025,30.55600296233392
WPC,APSIPA,tmc13_biplane_vox10_dec_geom02_text02_trisoup-raht.ply,biplane_vox10.ply,1.55,51.00571485571507
WPC,APSIPA,tmc13_biplane_vox10_dec_geom03_text03_trisoup-raht.ply,biplane_vox10.ply,2.15,62.30969522434946
WPC,APSIPA,tmc13_biplane_vox10_dec_geom04_text04_trisoup-raht.ply,biplane_vox10.ply,2.1,67.9892568282934
WPC,APSIPA,tmc13_biplane_vox10_dec_geom05_text05_trisoup-raht.ply,biplane_vox10.ply,4.15,73.00546681509167
WPC,APSIPA,tmc13_biplane_vox10_dec_geom06_text06_trisoup-raht.ply,biplane_vox10.ply,4.975,87.28286305916325
WPC,APSIPA,tmc2_biplane_vox10_dec_geom01_text01.ply,biplane_vox10.ply,2.0,50.322186900153376
WPC,APSIPA,tmc2_biplane_vox10_dec_geom02_text02.ply,biplane_vox10.ply,3.5,61.003251793336716
WPC,APSIPA,tmc2_biplane_vox10_dec_geom03_text03.ply,biplane_vox10.ply,3.0,73.06153984931032
WPC,APSIPA,tmc2_biplane_vox10_dec_geom04_text04.ply,biplane_vox10.ply,3.5,74.17150929520479
WPC,APSIPA,tmc2_biplane_vox10_dec_geom05_text05.ply,biplane_vox10.ply,4.725,75.74873628339589
WPC,APSIPA,tmc13_head_00039_vox9_dec_geom01_text01_octree-predlift.ply,head_00039_vox9.ply,1.0,21.25487681695808
WPC,APSIPA,tmc13_head_00039_vox9_dec_geom02_text02_octree-predlift.ply,head_00039_vox9.ply,1.125,39.69158382383417
WPC,APSIPA,tmc13_head_00039_vox9_dec_geom03_text03_octree-predlift.ply,head_00039_vox9.ply,1.8,67.26178404349159
WPC,APSIPA,tmc13_head_00039_vox9_dec_geom04_text04_octree-predlift.ply,head_00039_vox9.ply,3.6,75.40141881706069
WPC,APSIPA,tmc13_head_00039_vox9_dec_geom05_text05_octree-predlift.ply,head_00039_vox9.ply,4.45,77.58128715916638
WPC,APSIPA,tmc13_head_00039_vox9_dec_geom06_text06_octree-predlift.ply,head_00039_vox9.ply,4.6,78.15084056963084
WPC,APSIPA,tmc13_head_00039_vox9_dec_geom01_text01_octree-raht.ply,head_00039_vox9.ply,1.0,19.15818437955147
WPC,APSIPA,tmc13_head_00039_vox9_dec_geom02_text02_octree-raht.ply,head_00039_vox9.ply,1.0,32.87812239551321
WPC,APSIPA,tmc13_head_00039_vox9_dec_geom03_text03_octree-raht.ply,head_00039_vox9.ply,1.575,63.76391338338499
WPC,APSIPA,tmc13_head_00039_vox9_dec_geom04_text04_octree-raht.ply,head_00039_vox9.ply,3.15,75.43087641611496
WPC,APSIPA,tmc13_head_00039_vox9_dec_geom05_text05_octree-raht.ply,head_00039_vox9.ply,4.875,77.63130348580754
WPC,APSIPA,tmc13_head_00039_vox9_dec_geom06_text06_octree-raht.ply,head_00039_vox9.ply,4.85,78.22395797687972
WPC,APSIPA,tmc13_head_00039_vox9_dec_geom01_text01_trisoup-predlift.ply,head_00039_vox9.ply,1.025,31.26545587133368
WPC,APSIPA,tmc13_head_00039_vox9_dec_geom02_text02_trisoup-predlift.ply,head_00039_vox9.ply,1.175,56.66129355848923
WPC,APSIPA,tmc13_head_00039_vox9_dec_geom03_text03_trisoup-predlift.ply,head_00039_vox9.ply,1.75,67.04110632576712
WPC,APSIPA,tmc13_head_00039_vox9_dec_geom04_text04_trisoup-predlift.ply,head_00039_vox9.ply,2.425,71.14498227805541
WPC,APSIPA,tmc13_head_00039_vox9_dec_geom05_text05_trisoup-predlift.ply,head_00039_vox9.ply,4.05,73.76848725523239
WPC,APSIPA,tmc13_head_00039_vox9_dec_geom06_text06_trisoup-predlift.ply,head_00039_vox9.ply,4.9,88.08004231709344
WPC,APSIPA,tmc13_head_00039_vox9_dec_geom01_text01_trisoup-raht.ply,head_00039_vox9.ply,1.0,22.965813151606188
WPC,APSIPA,tmc13_head_00039_vox9_dec_geom02_text02_trisoup-raht.ply,head_00039_vox9.ply,1.1,46.84785558570346
WPC,APSIPA,tmc13_head_00039_vox9_dec_geom03_text03_trisoup-raht.ply,head_00039_vox9.ply,1.375,61.75655678937597
WPC,APSIPA,tmc13_head_00039_vox9_dec_geom04_text04_trisoup-raht.ply,head_00039_vox9.ply,3.1,74.15609125481956
WPC,APSIPA,tmc13_head_00039_vox9_dec_geom05_text05_trisoup-raht.ply,head_00039_vox9.ply,3.9,75.19102346707064
WPC,APSIPA,tmc13_head_00039_vox9_dec_geom06_text06_trisoup-raht.ply,head_00039_vox9.ply,4.95,88.10703616395938
WPC,APSIPA,tmc2_head_00039_vox9_dec_geom01_text01.ply,head_00039_vox9.ply,1.2,48.72080612741791
WPC,APSIPA,tmc2_head_00039_vox9_dec_geom02_text02.ply,head_00039_vox9.ply,1.875,63.02819553896904
WPC,APSIPA,tmc2_head_00039_vox9_dec_geom03_text03.ply,head_00039_vox9.ply,2.9,71.63667640969867
WPC,APSIPA,tmc2_head_00039_vox9_dec_geom04_text04.ply,head_00039_vox9.ply,3.775,75.58807594915922
WPC,APSIPA,tmc2_head_00039_vox9_dec_geom05_text05.ply,head_00039_vox9.ply,4.55,77.5014750497727
WPC,APSIPA,tmc13_longdress_vox10_1300_dec_geom01_text01_octree-predlift.ply,longdress_vox10_1300.ply,1.0,6.727504112322749
WPC,APSIPA,tmc13_longdress_vox10_1300_dec_geom02_text02_octree-predlift.ply,longdress_vox10_1300.ply,1.0,23.273054332261744
WPC,APSIPA,tmc13_longdress_vox10_1300_dec_geom03_text03_octree-predlift.ply,longdress_vox10_1300.ply,1.425,42.761507582473016
WPC,APSIPA,tmc13_longdress_vox10_1300_dec_geom04_text04_octree-predlift.ply,longdress_vox10_1300.ply,2.25,67.31015165158166
WPC,APSIPA,tmc13_longdress_vox10_1300_dec_geom05_text05_octree-predlift.ply,longdress_vox10_1300.ply,2.975,78.22003048454215
WPC,APSIPA,tmc13_longdress_vox10_1300_dec_geom06_text06_octree-predlift.ply,longdress_vox10_1300.ply,4.25,77.99193789710554
WPC,APSIPA,tmc13_longdress_vox10_1300_dec_geom01_text01_octree-raht.ply,longdress_vox10_1300.ply,1.0,9.28843622279619
WPC,APSIPA,tmc13_longdress_vox10_1300_dec_geom02_text02_octree-raht.ply,longdress_vox10_1300.ply,1.0,23.49755126503773
WPC,APSIPA,tmc13_longdress_vox10_1300_dec_geom03_text03_octree-raht.ply,longdress_vox10_1300.ply,1.225,37.72607006364585
WPC,APSIPA,tmc13_longdress_vox10_1300_dec_geom04_text04_octree-raht.ply,longdress_vox10_1300.ply,2.125,66.60676202424449
WPC,APSIPA,tmc13_longdress_vox10_1300_dec_geom05_text05_octree-raht.ply,longdress_vox10_1300.ply,2.85,73.02173028805248
WPC,APSIPA,tmc13_longdress_vox10_1300_dec_geom06_text06_octree-raht.ply,longdress_vox10_1300.ply,3.325,78.2821286475692
WPC,APSIPA,tmc13_longdress_vox10_1300_dec_geom01_text01_trisoup-predlift.ply,longdress_vox10_1300.ply,1.05,51.10768989886782
WPC,APSIPA,tmc13_longdress_vox10_1300_dec_geom02_text02_trisoup-predlift.ply,longdress_vox10_1300.ply,1.4,67.50023803597267
WPC,APSIPA,tmc13_longdress_vox10_1300_dec_geom03_text03_trisoup-predlift.ply,longdress_vox10_1300.ply,1.575,69.98685219667941
WPC,APSIPA,tmc13_longdress_vox10_1300_dec_geom04_text04_trisoup-predlift.ply,longdress_vox10_1300.ply,1.8,78.70176328800396
WPC,APSIPA,tmc13_longdress_vox10_1300_dec_geom05_text05_trisoup-predlift.ply,longdress_vox10_1300.ply,2.925,78.30982124618507
WPC,APSIPA,tmc13_longdress_vox10_1300_dec_geom06_text06_trisoup-predlift.ply,longdress_vox10_1300.ply,4.65,86.85641369242708
WPC,APSIPA,tmc13_longdress_vox10_1300_dec_geom01_text01_trisoup-raht.ply,longdress_vox10_1300.ply,1.0,33.642260785203106
WPC,APSIPA,tmc13_longdress_vox10_1300_dec_geom02_text02_trisoup-raht.ply,longdress_vox10_1300.ply,1.025,51.30080271257261
WPC,APSIPA,tmc13_longdress_vox10_1300_dec_geom03_text03_trisoup-raht.ply,longdress_vox10_1300.ply,1.2,66.63022066493687
WPC,APSIPA,tmc13_longdress_vox10_1300_dec_geom04_text04_trisoup-raht.ply,longdress_vox10_1300.ply,1.65,71.53636272503817
WPC,APSIPA,tmc13_longdress_vox10_1300_dec_geom05_text05_trisoup-raht.ply,longdress_vox10_1300.ply,2.9,75.27644765270378
WPC,APSIPA,tmc13_longdress_vox10_1300_dec_geom06_text06_trisoup-raht.ply,longdress_vox10_1300.ply,3.925,86.56213582554794
WPC,APSIPA,tmc2_longdress_vox10_1300_dec_geom01_text01.ply,longdress_vox10_1300.ply,1.2,71.96321697027524
WPC,APSIPA,tmc2_longdress_vox10_1300_dec_geom02_text02.ply,longdress_vox10_1300.ply,1.575,76.13357347207621
WPC,APSIPA,tmc2_longdress_vox10_1300_dec_geom03_text03.ply,longdress_vox10_1300.ply,3.025,74.60833652109731
WPC,APSIPA,tmc2_longdress_vox10_1300_dec_geom04_text04.ply,longdress_vox10_1300.ply,3.975,75.22520747986054
WPC,APSIPA,tmc2_longdress_vox10_1300_dec_geom05_text05.ply,longdress_vox10_1300.ply,3.775,76.67947260971312
WPC,APSIPA,tmc13_loot_vox10_1200_dec_geom01_text01_octree-predlift.ply,loot_vox10_1200.ply,1.0,8.384572295887315
WPC,APSIPA,tmc13_loot_vox10_1200_dec_geom02_text02_octree-predlift.ply,loot_vox10_1200.ply,1.0,27.03861173701023
WPC,APSIPA,tmc13_loot_vox10_1200_dec_geom03_text03_octree-predlift.ply,loot_vox10_1200.ply,1.475,52.48559898847291
WPC,APSIPA,tmc13_loot_vox10_1200_dec_geom04_text04_octree-predlift.ply,loot_vox10_1200.ply,2.725,70.0593581739062
WPC,APSIPA,tmc13_loot_vox10_1200_dec_geom05_text05_octree-predlift.ply,loot_vox10_1200.ply,3.475,80.43298253552894
WPC,APSIPA,tmc13_loot_vox10_1200_dec_geom06_text06_octree-predlift.ply,loot_vox10_1200.ply,4.3,77.47773038337031
WPC,APSIPA,tmc13_loot_vox10_1200_dec_geom01_text01_octree-raht.ply,loot_vox10_1200.ply,1.0,8.297092428289186
WPC,APSIPA,tmc13_loot_vox10_1200_dec_geom02_text02_octree-raht.ply,loot_vox10_1200.ply,1.0,24.463868869669167
WPC,APSIPA,tmc13_loot_vox10_1200_dec_geom03_text03_octree-raht.ply,loot_vox10_1200.ply,1.175,46.49694164193702
WPC,APSIPA,tmc13_loot_vox10_1200_dec_geom04_text04_octree-raht.ply,loot_vox10_1200.ply,2.25,67.04928902744872
WPC,APSIPA,tmc13_loot_vox10_1200_dec_geom05_text05_octree-raht.ply,loot_vox10_1200.ply,2.75,77.26004492999735
WPC,APSIPA,tmc13_loot_vox10_1200_dec_geom06_text06_octree-raht.ply,loot_vox10_1200.ply,4.175,78.06014976263131
WPC,APSIPA,tmc13_loot_vox10_1200_dec_geom01_text01_trisoup-predlift.ply,loot_vox10_1200.ply,1.025,56.176092302638835
WPC,APSIPA,tmc13_loot_vox10_1200_dec_geom02_text02_trisoup-predlift.ply,loot_vox10_1200.ply,1.25,68.82115565108406
WPC,APSIPA,tmc13_loot_vox10_1200_dec_geom03_text03_trisoup-predlift.ply,loot_vox10_1200.ply,1.4,74.21663513710511
WPC,APSIPA,tmc13_loot_vox10_1200_dec_geom04_text04_trisoup-predlift.ply,loot_vox10_1200.ply,1.725,79.16465293155248
WPC,APSIPA,tmc13_loot_vox10_1200_dec_geom05_text05_trisoup-predlift.ply,loot_vox10_1200.ply,2.675,78.61632857742225
WPC,APSIPA,tmc13_loot_vox10_1200_dec_geom06_text06_trisoup-predlift.ply,loot_vox10_1200.ply,4.7,87.98095986279728
WPC,APSIPA,tmc13_loot_vox10_1200_dec_geom01_text01_trisoup-raht.ply,loot_vox10_1200.ply,1.0,33.489853956235194
WPC,APSIPA,tmc13_loot_vox10_1200_dec_geom02_text02_trisoup-raht.ply,loot_vox10_1200.ply,1.075,50.56321725497417
WPC,APSIPA,tmc13_loot_vox10_1200_dec_geom03_text03_trisoup-raht.ply,loot_vox10_1200.ply,1.075,63.122347450862954
WPC,APSIPA,tmc13_loot_vox10_1200_dec_geom04_text04_trisoup-raht.ply,loot_vox10_1200.ply,1.55,73.5196821740308
WPC,APSIPA,tmc13_loot_vox10_1200_dec_geom05_text05_trisoup-raht.ply,loot_vox10_1200.ply,2.65,80.62486783112567
WPC,APSIPA,tmc13_loot_vox10_1200_dec_geom06_text06_trisoup-raht.ply,loot_vox10_1200.ply,4.4,88.1037392373608
WPC,APSIPA,tmc2_loot_vox10_1200_dec_geom01_text01.ply,loot_vox10_1200.ply,1.3,68.01016369957263
WPC,APSIPA,tmc2_loot_vox10_1200_dec_geom02_text02.ply,loot_vox10_1200.ply,1.775,76.29660358328668
WPC,APSIPA,tmc2_loot_vox10_1200_dec_geom03_text03.ply,loot_vox10_1200.ply,2.4,77.42235934959636
WPC,APSIPA,tmc2_loot_vox10_1200_dec_geom04_text04.ply,loot_vox10_1200.ply,3.075,76.07758483677304
WPC,APSIPA,tmc2_loot_vox10_1200_dec_geom05_text05.ply,loot_vox10_1200.ply,3.1,77.67493248572322
WPC,APSIPA,tmc13_romanoillamp_vox10_dec_geom01_text01_octree-predlift.ply,romanoillamp_vox10.ply,1.0,7.889851213686109
WPC,APSIPA,tmc13_romanoillamp_vox10_dec_geom02_text02_octree-predlift.ply,romanoillamp_vox10.ply,1.05,27.103908814618254
WPC,APSIPA,tmc13_romanoillamp_vox10_dec_geom03_text03_octree-predlift.ply,romanoillamp_vox10.ply,1.775,54.757468651315776
WPC,APSIPA,tmc13_romanoillamp_vox10_dec_geom04_text04_octree-predlift.ply,romanoillamp_vox10.ply,2.75,75.71292966463437
WPC,APSIPA,tmc13_romanoillamp_vox10_dec_geom05_text05_octree-predlift.ply,romanoillamp_vox10.ply,4.45,77.36227222038605
WPC,APSIPA,tmc13_romanoillamp_vox10_dec_geom06_text06_octree-predlift.ply,romanoillamp_vox10.ply,4.925,79.13866853522387
WPC,APSIPA,tmc13_romanoillamp_vox10_dec_geom01_text01_octree-raht.ply,romanoillamp_vox10.ply,1.0,7.55581648865713
WPC,APSIPA,tmc13_romanoillamp_vox10_dec_geom02_text02_octree-raht.ply,romanoillamp_vox10.ply,1.0,23.701939941209027
WPC,APSIPA,tmc13_romanoillamp_vox10_dec_geom03_text03_octree-raht.ply,romanoillamp_vox10.ply,1.475,52.76613286391396
WPC,APSIPA,tmc13_romanoillamp_vox10_dec_geom04_text04_octree-raht.ply,romanoillamp_vox10.ply,2.925,76.2078008785353
WPC,APSIPA,tmc13_romanoillamp_vox10_dec_geom05_text05_octree-raht.ply,romanoillamp_vox10.ply,4.6,77.10164857297436
WPC,APSIPA,tmc13_romanoillamp_vox10_dec_geom06_text06_octree-raht.ply,romanoillamp_vox10.ply,4.65,79.62461907864292
WPC,APSIPA,tmc13_romanoillamp_vox10_dec_geom01_text01_trisoup-predlift.ply,romanoillamp_vox10.ply,1.075,46.455222597097034
WPC,APSIPA,tmc13_romanoillamp_vox10_dec_geom02_text02_trisoup-predlift.ply,romanoillamp_vox10.ply,1.825,64.46295161869745
WPC,APSIPA,tmc13_romanoillamp_vox10_dec_geom03_text03_trisoup-predlift.ply,romanoillamp_vox10.ply,2.475,73.77670722965846
WPC,APSIPA,tmc13_romanoillamp_vox10_dec_geom04_text04_trisoup-predlift.ply,romanoillamp_vox10.ply,3.625,78.03392735232256
WPC,APSIPA,tmc13_romanoillamp_vox10_dec_geom05_text05_trisoup-predlift.ply,romanoillamp_vox10.ply,4.625,78.12514158476485
WPC,APSIPA,tmc13_romanoillamp_vox10_dec_geom06_text06_trisoup-predlift.ply,romanoillamp_vox10.ply,4.9,86.71744541366967
WPC,APSIPA,tmc13_romanoillamp_vox10_dec_geom01_text01_trisoup-raht.ply,romanoillamp_vox10.ply,1.0,33.04685277886902
WPC,APSIPA,tmc13_romanoillamp_vox10_dec_geom02_text02_trisoup-raht.ply,romanoillamp_vox10.ply,1.225,58.84135341908586
WPC,APSIPA,tmc13_romanoillamp_vox10_dec_geom03_text03_trisoup-raht.ply,romanoillamp_vox10.ply,2.925,74.43343315812297
WPC,APSIPA,tmc13_romanoillamp_vox10_dec_geom04_text04_trisoup-raht.ply,romanoillamp_vox10.ply,4.5,80.79666593929775
WPC,APSIPA,tmc13_romanoillamp_vox10_dec_geom05_text05_trisoup-raht.ply,romanoillamp_vox10.ply,4.6,79.31638209102277
WPC,APSIPA,tmc13_romanoillamp_vox10_dec_geom06_text06_trisoup-raht.ply,romanoillamp_vox10.ply,4.7,86.71744541366967
WPC,APSIPA,tmc2_romanoillamp_vox10_dec_geom01_text01.ply,romanoillamp_vox10.ply,1.525,59.46839796099179
WPC,APSIPA,tmc2_romanoillamp_vox10_dec_geom02_text02.ply,romanoillamp_vox10.ply,2.4,65.44253437644478
WPC,APSIPA,tmc2_romanoillamp_vox10_dec_geom03_text03.ply,romanoillamp_vox10.ply,2.975,77.20317453302215
WPC,APSIPA,tmc2_romanoillamp_vox10_dec_geom04_text04.ply,romanoillamp_vox10.ply,4.2,78.25298174769897
WPC,APSIPA,tmc2_romanoillamp_vox10_dec_geom05_text05.ply,romanoillamp_vox10.ply,4.475,80.45722489021878
WPC,APSIPA,tmc13_soldier_vox10_0690_dec_geom01_text01_octree-predlift.ply,soldier_vox10_0690.ply,1.0,8.916704818229482
WPC,APSIPA,tmc13_soldier_vox10_0690_dec_geom02_text02_octree-predlift.ply,soldier_vox10_0690.ply,1.0,25.072712152371487
WPC,APSIPA,tmc13_soldier_vox10_0690_dec_geom03_text03_octree-predlift.ply,soldier_vox10_0690.ply,1.25,49.46147608504567
WPC,APSIPA,tmc13_soldier_vox10_0690_dec_geom04_text04_octree-predlift.ply,soldier_vox10_0690.ply,2.5,73.25224204364353
WPC,APSIPA,tmc13_soldier_vox10_0690_dec_geom05_text05_octree-predlift.ply,soldier_vox10_0690.ply,3.45,79.65527905909751
WPC,APSIPA,tmc13_soldier_vox10_0690_dec_geom06_text06_octree-predlift.ply,soldier_vox10_0690.ply,4.475,78.14729487500202
WPC,APSIPA,tmc13_soldier_vox10_0690_dec_geom01_text01_octree-raht.ply,soldier_vox10_0690.ply,1.0,8.570553574579973
WPC,APSIPA,tmc13_soldier_vox10_0690_dec_geom02_text02_octree-raht.ply,soldier_vox10_0690.ply,1.0,22.696293226845896
WPC,APSIPA,tmc13_soldier_vox10_0690_dec_geom03_text03_octree-raht.ply,soldier_vox10_0690.ply,1.125,48.83685714635771
WPC,APSIPA,tmc13_soldier_vox10_0690_dec_geom04_text04_octree-raht.ply,soldier_vox10_0690.ply,2.4,71.43997262294657
WPC,APSIPA,tmc13_soldier_vox10_0690_dec_geom05_text05_octree-raht.ply,soldier_vox10_0690.ply,3.4,79.65090152225247
WPC,APSIPA,tmc13_soldier_vox10_0690_dec_geom06_text06_octree-raht.ply,soldier_vox10_0690.ply,4.325,78.47434456317676
WPC,APSIPA,tmc13_soldier_vox10_0690_dec_geom01_text01_trisoup-predlift.ply,soldier_vox10_0690.ply,1.025,53.095859731463044
WPC,APSIPA,tmc13_soldier_vox10_0690_dec_geom02_text02_trisoup-predlift.ply,soldier_vox10_0690.ply,1.575,71.60308815254261
WPC,APSIPA,tmc13_soldier_vox10_0690_dec_geom03_text03_trisoup-predlift.ply,soldier_vox10_0690.ply,1.925,78.94983325097166
WPC,APSIPA,tmc13_soldier_vox10_0690_dec_geom04_text04_trisoup-predlift.ply,soldier_vox10_0690.ply,2.475,81.01910148285228
WPC,APSIPA,tmc13_soldier_vox10_0690_dec_geom05_text05_trisoup-predlift.ply,soldier_vox10_0690.ply,3.45,79.10839759310608
WPC,APSIPA,tmc13_soldier_vox10_0690_dec_geom06_text06_trisoup-predlift.ply,soldier_vox10_0690.ply,4.875,87.6491820622892
WPC,APSIPA,tmc13_soldier_vox10_0690_dec_geom01_text01_trisoup-raht.ply,soldier_vox10_0690.ply,1.0,35.10529914785893
WPC,APSIPA,tmc13_soldier_vox10_0690_dec_geom02_text02_trisoup-raht.ply,soldier_vox10_0690.ply,1.125,57.92110020713424
WPC,APSIPA,tmc13_soldier_vox10_0690_dec_geom03_text03_trisoup-raht.ply,soldier_vox10_0690.ply,1.225,72.31225920042156
WPC,APSIPA,tmc13_soldier_vox10_0690_dec_geom04_text04_trisoup-raht.ply,soldier_vox10_0690.ply,1.775,79.9165585458938
WPC,APSIPA,tmc13_soldier_vox10_0690_dec_geom05_text05_trisoup-raht.ply,soldier_vox10_0690.ply,3.55,78.59302206201784
WPC,APSIPA,tmc13_soldier_vox10_0690_dec_geom06_text06_trisoup-raht.ply,soldier_vox10_0690.ply,4.225,87.47111084117853
WPC,APSIPA,tmc2_soldier_vox10_0690_dec_geom01_text01.ply,soldier_vox10_0690.ply,1.275,75.43914657671198
WPC,APSIPA,tmc2_soldier_vox10_0690_dec_geom02_text02.ply,soldier_vox10_0690.ply,2.15,79.99022412906727
WPC,APSIPA,tmc2_soldier_vox10_0690_dec_geom03_text03.ply,soldier_vox10_0690.ply,2.425,77.4984369453785
WPC,APSIPA,tmc2_soldier_vox10_0690_dec_geom04_text04.ply,soldier_vox10_0690.ply,4.025,76.28149967539426
WPC,APSIPA,tmc2_soldier_vox10_0690_dec_geom05_text05.ply,soldier_vox10_0690.ply,3.625,78.01898590079821
WPC,APSIPA,tmc13_the20smaria_00600_vox10_dec_geom01_text01_octree-predlift.ply,the20smaria_00600_vox10.ply,1.0,6.428140423168613
WPC,APSIPA,tmc13_the20smaria_00600_vox10_dec_geom02_text02_octree-predlift.ply,the20smaria_00600_vox10.ply,1.05,26.173428831631348
WPC,APSIPA,tmc13_the20smaria_00600_vox10_dec_geom03_text03_octree-predlift.ply,the20smaria_00600_vox10.ply,1.5,46.41575630033801
WPC,APSIPA,tmc13_the20smaria_00600_vox10_dec_geom04_text04_octree-predlift.ply,the20smaria_00600_vox10.ply,2.75,74.44622230084028
WPC,APSIPA,tmc13_the20smaria_00600_vox10_dec_geom05_text05_octree-predlift.ply,the20smaria_00600_vox10.ply,3.95,78.21361999300255
WPC,APSIPA,tmc13_the20smaria_00600_vox10_dec_geom06_text06_octree-predlift.ply,the20smaria_00600_vox10.ply,4.65,79.22125961228234
WPC,APSIPA,tmc13_the20smaria_00600_vox10_dec_geom01_text01_octree-raht.ply,the20smaria_00600_vox10.ply,1.0,7.463827825563986
WPC,APSIPA,tmc13_the20smaria_00600_vox10_dec_geom02_text02_octree-raht.ply,the20smaria_00600_vox10.ply,1.0,23.65601123509438
WPC,APSIPA,tmc13_the20smaria_00600_vox10_dec_geom03_text03_octree-raht.ply,the20smaria_00600_vox10.ply,1.275,47.37263423004418
WPC,APSIPA,tmc13_the20smaria_00600_vox10_dec_geom04_text04_octree-raht.ply,the20smaria_00600_vox10.ply,2.5,76.28975160010751
WPC,APSIPA,tmc13_the20smaria_00600_vox10_dec_geom05_text05_octree-raht.ply,the20smaria_00600_vox10.ply,3.725,77.92215306040833
WPC,APSIPA,tmc13_the20smaria_00600_vox10_dec_geom06_text06_octree-raht.ply,the20smaria_00600_vox10.ply,4.25,79.59317979277978
WPC,APSIPA,tmc13_the20smaria_00600_vox10_dec_geom01_text01_trisoup-predlift.ply,the20smaria_00600_vox10.ply,1.0,49.545606832136485
WPC,APSIPA,tmc13_the20smaria_00600_vox10_dec_geom02_text02_trisoup-predlift.ply,the20smaria_00600_vox10.ply,1.5,67.8969175173349
WPC,APSIPA,tmc13_the20smaria_00600_vox10_dec_geom03_text03_trisoup-predlift.ply,the20smaria_00600_vox10.ply,1.5,74.41982773700828
WPC,APSIPA,tmc13_the20smaria_00600_vox10_dec_geom04_text04_trisoup-predlift.ply,the20smaria_00600_vox10.ply,2.1,75.18635992754834
WPC,APSIPA,tmc13_the20smaria_00600_vox10_dec_geom05_text05_trisoup-predlift.ply,the20smaria_00600_vox10.ply,3.125,76.59479008348868
WPC,APSIPA,tmc13_the20smaria_00600_vox10_dec_geom06_text06_trisoup-predlift.ply,the20smaria_00600_vox10.ply,5.0,87.8023114827979
WPC,APSIPA,tmc13_the20smaria_00600_vox10_dec_geom01_text01_trisoup-raht.ply,the20smaria_00600_vox10.ply,1.0,33.05310453208378
WPC,APSIPA,tmc13_the20smaria_00600_vox10_dec_geom02_text02_trisoup-raht.ply,the20smaria_00600_vox10.ply,1.25,57.26310728371172
WPC,APSIPA,tmc13_the20smaria_00600_vox10_dec_geom03_text03_trisoup-raht.ply,the20smaria_00600_vox10.ply,1.65,70.62173322842476
WPC,APSIPA,tmc13_the20smaria_00600_vox10_dec_geom04_text04_trisoup-raht.ply,the20smaria_00600_vox10.ply,1.65,76.6819924355893
WPC,APSIPA,tmc13_the20smaria_00600_vox10_dec_geom05_text05_trisoup-raht.ply,the20smaria_00600_vox10.ply,2.675,76.71757639997367
WPC,APSIPA,tmc13_the20smaria_00600_vox10_dec_geom06_text06_trisoup-raht.ply,the20smaria_00600_vox10.ply,4.625,87.79368393172408
WPC,APSIPA,tmc2_the20smaria_00600_vox10_dec_geom01_text01.ply,the20smaria_00600_vox10.ply,1.525,69.31831526421226
WPC,APSIPA,tmc2_the20smaria_00600_vox10_dec_geom02_text02.ply,the20smaria_00600_vox10.ply,2.15,75.5898074731787
WPC,APSIPA,tmc2_the20smaria_00600_vox10_dec_geom03_text03.ply,the20smaria_00600_vox10.ply,3.4,78.1757464790065
WPC,APSIPA,tmc2_the20smaria_00600_vox10_dec_geom04_text04.ply,the20smaria_00600_vox10.ply,3.475,76.23272680486899
WPC,APSIPA,tmc2_the20smaria_00600_vox10_dec_geom05_text05.ply,the20smaria_00600_vox10.ply,3.45,77.14896757632917
WPC,ICIP2023,p03_geocnn_r01.ply,p03.ply,2.53448275862069,42.09033100910642
WPC,ICIP2023,p03_geocnn_r02.ply,p03.ply,2.96551724137931,54.684223122185394
WPC,ICIP2023,p03_geocnn_r03.ply,p03.ply,3.65573770491803,58.508999671338486
WPC,ICIP2023,p03_geocnn_r04.ply,p03.ply,3.44262295081967,63.680051216882596
WPC,ICIP2023,p03_gpcc-octree-predlift_r02.ply,p03.ply,1.54098360655738,31.570170908376213
WPC,ICIP2023,p03_gpcc-octree-predlift_r03.ply,p03.ply,3.10344827586207,54.58268939481561
WPC,ICIP2023,p03_gpcc-octree-predlift_r04.ply,p03.ply,4.08474576271186,71.8328281968565
WPC,ICIP2023,p03_gpcc-octree-predlift_r05.ply,p03.ply,3.98333333333333,78.1372779081965
WPC,ICIP2023,p03_gpcc-octree-predlift_r06.ply,p03.ply,4.31666666666667,77.33635799518326
WPC,ICIP2023,p03_gpcc-octree-raht_r02.ply,p03.ply,1.57627118644068,31.55478988520136
WPC,ICIP2023,p03_gpcc-octree-raht_r03.ply,p03.ply,2.88524590163934,54.641317474325135
WPC,ICIP2023,p03_gpcc-octree-raht_r04.ply,p03.ply,3.85483870967742,69.96950453258034
WPC,ICIP2023,p03_gpcc-octree-raht_r05.ply,p03.ply,4.29310344827586,76.75231089555894
WPC,ICIP2023,p03_gpcc-octree-raht_r06.ply,p03.ply,4.53333333333333,77.38223042110135
WPC,ICIP2023,p03_vpcc_r00.ply,p03.ply,2.22033898305085,47.88467711847119
WPC,ICIP2023,p03_vpcc_r01.ply,p03.ply,2.90322580645161,53.43519118137785
WPC,ICIP2023,p03_vpcc_r02.ply,p03.ply,2.98305084745763,56.3970046621434
WPC,ICIP2023,p03_vpcc_r03.ply,p03.ply,3.55,55.693002735025864
WPC,ICIP2023,p03_vpcc_r04.ply,p03.ply,3.52542372881356,59.00337023924945
WPC,ICIP2023,p03_vpcc_r05.ply,p03.ply,3.77586206896552,69.13935440637371
WPC,ICIP2023,p06_geocnn_r01.ply,p06.ply,2.44262295081967,43.396636418451614
WPC,ICIP2023,p06_geocnn_r02.ply,p06.ply,3.8,55.11763978173836
WPC,ICIP2023,p06_geocnn_r03.ply,p06.ply,4.06666666666667,56.91880598066308
WPC,ICIP2023,p06_geocnn_r04.ply,p06.ply,4.32786885245902,66.69853886877411
WPC,ICIP2023,p06_gpcc-octree-predlift_r02.ply,p06.ply,1.89655172413793,27.259776595230857
WPC,ICIP2023,p06_gpcc-octree-predlift_r03.ply,p06.ply,2.86440677966102,46.24022730796184
WPC,ICIP2023,p06_gpcc-octree-predlift_r04.ply,p06.ply,3.70689655172414,59.72219900764124
WPC,ICIP2023,p06_gpcc-octree-predlift_r05.ply,p06.ply,4.21311475409836,71.62432369247023
WPC,ICIP2023,p06_gpcc-octree-predlift_r06.ply,p06.ply,4.46666666666667,77.13327977786705
WPC,ICIP2023,p06_gpcc-octree-raht_r02.ply,p06.ply,1.89830508474576,26.433193924151293
WPC,ICIP2023,p06_gpcc-octree-raht_r03.ply,p06.ply,2.47540983606557,45.816130274053336
WPC,ICIP2023,p06_gpcc-octree-raht_r04.ply,p06.ply,3.43548387096774,55.489210191431724
WPC,ICIP2023,p06_gpcc-octree-raht_r05.ply,p06.ply,3.95,69.36702333985016
WPC,ICIP2023,p06_gpcc-octree-raht_r06.ply,p06.ply,4.26229508196721,78.17652375669722
WPC,ICIP2023,p06_vpcc_r00.ply,p06.ply,2.35593220338983,34.660516767218795
WPC,ICIP2023,p06_vpcc_r01.ply,p06.ply,2.8,41.922775419936805
WPC,ICIP2023,p06_vpcc_r02.ply,p06.ply,3.08620689655172,50.09589807625584
WPC,ICIP2023,p06_vpcc_r03.ply,p06.ply,3.16666666666667,51.19467321499195
WPC,ICIP2023,p06_vpcc_r04.ply,p06.ply,3.66101694915254,54.654073422789025
WPC,ICIP2023,p06_vpcc_r05.ply,p06.ply,4.0327868852459,64.2550344833152
WPC,ICIP2023,p08_geocnn_r01.ply,p08.ply,2.40983606557377,44.7106186492176
WPC,ICIP2023,p08_geocnn_r02.ply,p08.ply,3.66666666666667,58.67192643807944
WPC,ICIP2023,p08_geocnn_r03.ply,p08.ply,4.16393442622951,61.934431969389124
WPC,ICIP2023,p08_geocnn_r04.ply,p08.ply,4.04838709677419,67.25633784444375
WPC,ICIP2023,p08_gpcc-octree-predlift_r02.ply,p08.ply,1.62068965517241,30.880683057031483
WPC,ICIP2023,p08_gpcc-octree-predlift_r03.ply,p08.ply,2.94915254237288,51.72351308398099
WPC,ICIP2023,p08_gpcc-octree-predlift_r04.ply,p08.ply,3.77966101694915,62.60363993468046
WPC,ICIP2023,p08_gpcc-octree-predlift_r05.ply,p08.ply,4.2,72.40636791808979
WPC,ICIP2023,p08_gpcc-octree-predlift_r06.ply,p08.ply,4.39344262295082,78.33604233134425
WPC,ICIP2023,p08_gpcc-octree-raht_r02.ply,p08.ply,1.37931034482759,29.700208131082945
WPC,ICIP2023,p08_gpcc-octree-raht_r03.ply,p08.ply,2.6551724137931,50.86546537542429
WPC,ICIP2023,p08_gpcc-octree-raht_r04.ply,p08.ply,3.22950819672131,59.93185636336923
WPC,ICIP2023,p08_gpcc-octree-raht_r05.ply,p08.ply,4.13114754098361,69.73277672749849
WPC,ICIP2023,p08_gpcc-octree-raht_r06.ply,p08.ply,4.40677966101695,78.36159340479522
WPC,ICIP2023,p08_vpcc_r00.ply,p08.ply,1.87931034482759,45.40600039556908
WPC,ICIP2023,p08_vpcc_r01.ply,p08.ply,2.62068965517241,54.2369100411552
WPC,ICIP2023,p08_vpcc_r02.ply,p08.ply,3.17741935483871,57.41102671088865
WPC,ICIP2023,p08_vpcc_r03.ply,p08.ply,3.4,60.499847253871394
WPC,ICIP2023,p08_vpcc_r04.ply,p08.ply,3.38709677419355,55.08112947430649
WPC,ICIP2023,p08_vpcc_r05.ply,p08.ply,3.91666666666667,70.46034577983629
WPC,ICIP2023,p09_geocnn_r01.ply,p09.ply,2.0327868852459,45.6567919936941
WPC,ICIP2023,p09_geocnn_r02.ply,p09.ply,3.32786885245902,54.153353425576164
WPC,ICIP2023,p09_geocnn_r03.ply,p09.ply,4.01666666666667,58.41728259993411
WPC,ICIP2023,p09_geocnn_r04.ply,p09.ply,3.51666666666667,69.5213895502457
WPC,ICIP2023,p09_gpcc-octree-predlift_r02.ply,p09.ply,1.48333333333333,37.13320871070233
WPC,ICIP2023,p09_gpcc-octree-predlift_r03.ply,p09.ply,2.50819672131148,64.1150112503814
WPC,ICIP2023,p09_gpcc-octree-predlift_r04.ply,p09.ply,3.88524590163934,76.9983303142928
WPC,ICIP2023,p09_gpcc-octree-predlift_r05.ply,p09.ply,4.40350877192982,77.83081743517559
WPC,ICIP2023,p09_gpcc-octree-predlift_r06.ply,p09.ply,4.43548387096774,79.13134604934228
WPC,ICIP2023,p09_gpcc-octree-raht_r02.ply,p09.ply,1.37704918032787,36.37099728652063
WPC,ICIP2023,p09_gpcc-octree-raht_r03.ply,p09.ply,2.26666666666667,61.29319352014889
WPC,ICIP2023,p09_gpcc-octree-raht_r04.ply,p09.ply,3.79310344827586,74.50991664513012
WPC,ICIP2023,p09_gpcc-octree-raht_r05.ply,p09.ply,4.27868852459016,76.97093143589726
WPC,ICIP2023,p09_gpcc-octree-raht_r06.ply,p09.ply,4.57377049180328,79.11321842353766
WPC,ICIP2023,p09_vpcc_r00.ply,p09.ply,1.6271186440678,52.463762069969995
WPC,ICIP2023,p09_vpcc_r01.ply,p09.ply,2.27118644067797,58.451414555186936
WPC,ICIP2023,p09_vpcc_r02.ply,p09.ply,2.56666666666667,61.98796297191823
WPC,ICIP2023,p09_vpcc_r03.ply,p09.ply,2.77049180327869,63.847187340195035
WPC,ICIP2023,p09_vpcc_r04.ply,p09.ply,3.52459016393443,62.48300352773244
WPC,ICIP2023,p09_vpcc_r05.ply,p09.ply,3.38709677419355,69.83277224619276
WPC,ICIP2023,p10_geocnn_r01.ply,p10.ply,2.80327868852459,45.413097656662075
WPC,ICIP2023,p10_geocnn_r02.ply,p10.ply,3.66101694915254,59.90559174584554
WPC,ICIP2023,p10_geocnn_r03.ply,p10.ply,3.93220338983051,63.4620434674624
WPC,ICIP2023,p10_geocnn_r04.ply,p10.ply,4.0,69.88252173760196
WPC,ICIP2023,p10_gpcc-octree-predlift_r02.ply,p10.ply,1.73770491803279,34.28562105547303
WPC,ICIP2023,p10_gpcc-octree-predlift_r03.ply,p10.ply,3.26229508196721,61.5387929120671
WPC,ICIP2023,p10_gpcc-octree-predlift_r04.ply,p10.ply,4.11475409836066,75.48795262554626
WPC,ICIP2023,p10_gpcc-octree-predlift_r05.ply,p10.ply,4.45762711864407,78.49080959359475
WPC,ICIP2023,p10_gpcc-octree-predlift_r06.ply,p10.ply,4.49180327868853,78.90806939495424
WPC,ICIP2023,p10_gpcc-octree-raht_r02.ply,p10.ply,1.74576271186441,32.507376958681036
WPC,ICIP2023,p10_gpcc-octree-raht_r03.ply,p10.ply,2.7,59.05320688534275
WPC,ICIP2023,p10_gpcc-octree-raht_r04.ply,p10.ply,3.93333333333333,73.16784408131716
WPC,ICIP2023,p10_gpcc-octree-raht_r05.ply,p10.ply,4.24590163934426,77.47515116301665
WPC,ICIP2023,p10_gpcc-octree-raht_r06.ply,p10.ply,4.48333333333333,79.14798550111561
WPC,ICIP2023,p10_vpcc_r00.ply,p10.ply,2.25,54.21295175599249
WPC,ICIP2023,p10_vpcc_r01.ply,p10.ply,2.69354838709677,63.328600414952014
WPC,ICIP2023,p10_vpcc_r02.ply,p10.ply,2.91666666666667,69.31102586782859
WPC,ICIP2023,p10_vpcc_r03.ply,p10.ply,3.33898305084746,69.93565764898884
WPC,ICIP2023,p10_vpcc_r04.ply,p10.ply,3.85,71.98157785475037
WPC,ICIP2023,p10_vpcc_r05.ply,p10.ply,3.66101694915254,73.11157871297665
WPC,ICIP2023,p11_geocnn_r01.ply,p11.ply,3.85245901639344,79.79400421034687
WPC,ICIP2023,p11_geocnn_r02.ply,p11.ply,4.50847457627119,82.42592325052105
WPC,ICIP2023,p11_geocnn_r03.ply,p11.ply,4.50847457627119,85.13145228641051
WPC,ICIP2023,p11_geocnn_r04.ply,p11.ply,4.53333333333333,85.54725805173268
WPC,ICIP2023,p11_gpcc-octree-predlift_r02.ply,p11.ply,1.2741935483871,26.570239465977792
WPC,ICIP2023,p11_gpcc-octree-predlift_r03.ply,p11.ply,2.55737704918033,49.315164879853036
WPC,ICIP2023,p11_gpcc-octree-predlift_r04.ply,p11.ply,3.88135593220339,70.22697728479447
WPC,ICIP2023,p11_gpcc-octree-predlift_r05.ply,p11.ply,4.31147540983607,76.78920890082055
WPC,ICIP2023,p11_gpcc-octree-predlift_r06.ply,p11.ply,4.58333333333333,76.60527010249247
WPC,ICIP2023,p11_gpcc-octree-raht_r02.ply,p11.ply,1.34426229508197,25.195864074975155
WPC,ICIP2023,p11_gpcc-octree-raht_r03.ply,p11.ply,2.26666666666667,49.58371740975392
WPC,ICIP2023,p11_gpcc-octree-raht_r04.ply,p11.ply,3.5,70.42582466294617
WPC,ICIP2023,p11_gpcc-octree-raht_r05.ply,p11.ply,4.18032786885246,76.78468652157483
WPC,ICIP2023,p11_gpcc-octree-raht_r06.ply,p11.ply,4.65,76.53957432465508
WPC,ICIP2023,p11_vpcc_r00.ply,p11.ply,1.50819672131148,62.94845195387603
WPC,ICIP2023,p11_vpcc_r01.ply,p11.ply,2.36666666666667,69.12080092470073
WPC,ICIP2023,p11_vpcc_r02.ply,p11.ply,3.04918032786885,67.16000877047942
WPC,ICIP2023,p11_vpcc_r03.ply,p11.ply,3.96551724137931,75.36599041782723
WPC,ICIP2023,p11_vpcc_r04.ply,p11.ply,4.52459016393443,77.20750390341293
WPC,ICIP2023,p11_vpcc_r05.ply,p11.ply,4.73333333333333,79.61822086522977
WPC,ICIP2023,p13_geocnn_r01.ply,p13.ply,4.34426229508197,81.40430661211035
WPC,ICIP2023,p13_geocnn_r02.ply,p13.ply,4.73684210526316,82.54131172208723
WPC,ICIP2023,p13_geocnn_r03.ply,p13.ply,4.40322580645161,85.13996738549764
WPC,ICIP2023,p13_geocnn_r04.ply,p13.ply,4.73770491803279,85.19748644541325
WPC,ICIP2023,p13_gpcc-octree-predlift_r02.ply,p13.ply,1.20689655172414,26.15235315220056
WPC,ICIP2023,p13_gpcc-octree-predlift_r03.ply,p13.ply,2.8135593220339,42.78767672003657
WPC,ICIP2023,p13_gpcc-octree-predlift_r04.ply,p13.ply,4.19354838709677,63.149659830495736
WPC,ICIP2023,p13_gpcc-octree-predlift_r05.ply,p13.ply,4.3,74.26268991922184
WPC,ICIP2023,p13_gpcc-octree-predlift_r06.ply,p13.ply,4.64516129032258,75.26128416870823
WPC,ICIP2023,p13_gpcc-octree-raht_r02.ply,p13.ply,1.39344262295082,26.065019351137348
WPC,ICIP2023,p13_gpcc-octree-raht_r03.ply,p13.ply,2.09836065573771,42.43788014408617
WPC,ICIP2023,p13_gpcc-octree-raht_r04.ply,p13.ply,3.68852459016394,60.009012415510135
WPC,ICIP2023,p13_gpcc-octree-raht_r05.ply,p13.ply,4.24590163934426,73.86631212583892
WPC,ICIP2023,p13_gpcc-octree-raht_r06.ply,p13.ply,4.58620689655172,74.1997987220327
WPC,ICIP2023,p13_vpcc_r00.ply,p13.ply,2.09677419354839,59.113805227663796
WPC,ICIP2023,p13_vpcc_r01.ply,p13.ply,2.69354838709677,68.4819523923905
WPC,ICIP2023,p13_vpcc_r02.ply,p13.ply,3.68852459016394,70.54518323903135
WPC,ICIP2023,p13_vpcc_r03.ply,p13.ply,4.08620689655172,73.13615047486742
WPC,ICIP2023,p13_vpcc_r04.ply,p13.ply,4.57377049180328,76.11554033201259
WPC,ICIP2023,p13_vpcc_r05.ply,p13.ply,4.70491803278689,79.06883239048565
WPC,ICIP2023,p14_geocnn_r01.ply,p14.ply,4.0,82.27701854538289
WPC,ICIP2023,p14_geocnn_r02.ply,p14.ply,4.37704918032787,83.03906860198944
WPC,ICIP2023,p14_geocnn_r03.ply,p14.ply,4.36065573770492,85.61223343031588
WPC,ICIP2023,p14_geocnn_r04.ply,p14.ply,4.66101694915254,85.455165001271
WPC,ICIP2023,p14_gpcc-octree-predlift_r02.ply,p14.ply,1.6,27.07391972200967
WPC,ICIP2023,p14_gpcc-octree-predlift_r03.ply,p14.ply,2.70491803278689,44.71537327670533
WPC,ICIP2023,p14_gpcc-octree-predlift_r04.ply,p14.ply,4.28333333333333,70.80963316988384
WPC,ICIP2023,p14_gpcc-octree-predlift_r05.ply,p14.ply,4.41379310344828,75.09146503846927
WPC,ICIP2023,p14_gpcc-octree-predlift_r06.ply,p14.ply,4.67213114754098,74.41104776585551
WPC,ICIP2023,p14_gpcc-octree-raht_r02.ply,p14.ply,1.21311475409836,27.006610183212004
WPC,ICIP2023,p14_gpcc-octree-raht_r03.ply,p14.ply,2.2258064516129,44.925629524041426
WPC,ICIP2023,p14_gpcc-octree-raht_r04.ply,p14.ply,4.01612903225806,68.98600069758697
WPC,ICIP2023,p14_gpcc-octree-raht_r05.ply,p14.ply,4.40983606557377,74.80461735999592
WPC,ICIP2023,p14_gpcc-octree-raht_r06.ply,p14.ply,4.6271186440678,74.14232800077099
WPC,ICIP2023,p14_vpcc_r00.ply,p14.ply,2.01612903225806,62.22865668395386
WPC,ICIP2023,p14_vpcc_r01.ply,p14.ply,2.88135593220339,71.82389049719664
WPC,ICIP2023,p14_vpcc_r02.ply,p14.ply,4.0327868852459,71.40315261325549
WPC,ICIP2023,p14_vpcc_r03.ply,p14.ply,4.50847457627119,73.69444607890132
WPC,ICIP2023,p14_vpcc_r04.ply,p14.ply,4.59016393442623,76.59807548542176
WPC,ICIP2023,p14_vpcc_r05.ply,p14.ply,4.68333333333333,79.35457221663515
WPC,ICIP2023,p15_geocnn_r01.ply,p15.ply,3.8,80.63372785273754
WPC,ICIP2023,p15_geocnn_r02.ply,p15.ply,4.20689655172414,81.95527250897354
WPC,ICIP2023,p15_geocnn_r03.ply,p15.ply,4.42372881355932,84.41759081003134
WPC,ICIP2023,p15_geocnn_r04.ply,p15.ply,4.61904761904762,84.79321583231426
WPC,ICIP2023,p15_gpcc-octree-predlift_r02.ply,p15.ply,1.27868852459016,26.969194795820762
WPC,ICIP2023,p15_gpcc-octree-predlift_r03.ply,p15.ply,2.69491525423729,50.4311092343092
WPC,ICIP2023,p15_gpcc-octree-predlift_r04.ply,p15.ply,3.78333333333333,69.73725100383886
WPC,ICIP2023,p15_gpcc-octree-predlift_r05.ply,p15.ply,4.13559322033898,77.72559083932627
WPC,ICIP2023,p15_gpcc-octree-predlift_r06.ply,p15.ply,4.33333333333333,75.78900548478491
WPC,ICIP2023,p15_gpcc-octree-raht_r02.ply,p15.ply,1.12068965517241,26.395996502019713
WPC,ICIP2023,p15_gpcc-octree-raht_r03.ply,p15.ply,2.0,48.00493630427224
WPC,ICIP2023,p15_gpcc-octree-raht_r04.ply,p15.ply,3.79310344827586,68.94948932517066
WPC,ICIP2023,p15_gpcc-octree-raht_r05.ply,p15.ply,4.21666666666667,76.1482321123801
WPC,ICIP2023,p15_gpcc-octree-raht_r06.ply,p15.ply,4.34426229508197,75.10961334689323
WPC,ICIP2023,p15_vpcc_r00.ply,p15.ply,1.81666666666667,60.985377009892645
WPC,ICIP2023,p15_vpcc_r01.ply,p15.ply,2.54098360655738,71.9253311556248
WPC,ICIP2023,p15_vpcc_r02.ply,p15.ply,3.36507936507937,73.99301575154905
WPC,ICIP2023,p15_vpcc_r03.ply,p15.ply,3.88333333333333,76.68629919503924
WPC,ICIP2023,p15_vpcc_r04.ply,p15.ply,4.51612903225806,76.06975980606565
WPC,ICIP2023,p15_vpcc_r05.ply,p15.ply,4.47540983606557,80.36303228537992
WPC,ICIP2023,p20_geocnn_r01.ply,p20.ply,3.75,75.57961621282595
WPC,ICIP2023,p20_geocnn_r02.ply,p20.ply,4.30645161290323,75.89330733051878
WPC,ICIP2023,p20_geocnn_r03.ply,p20.ply,4.41666666666667,77.3471890358853
WPC,ICIP2023,p20_geocnn_r04.ply,p20.ply,4.42372881355932,78.5785286078004
WPC,ICIP2023,p20_gpcc-octree-predlift_r02.ply,p20.ply,1.72881355932203,24.03466931958279
WPC,ICIP2023,p20_gpcc-octree-predlift_r03.ply,p20.ply,2.58064516129032,43.69429586186874
WPC,ICIP2023,p20_gpcc-octree-predlift_r04.ply,p20.ply,3.94915254237288,71.08820271920676
WPC,ICIP2023,p20_gpcc-octree-predlift_r05.ply,p20.ply,4.45161290322581,72.95966499098049
WPC,ICIP2023,p20_gpcc-octree-predlift_r06.ply,p20.ply,4.54237288135593,75.67098602621746
WPC,ICIP2023,p20_gpcc-octree-raht_r02.ply,p20.ply,1.5,23.854342832967156
WPC,ICIP2023,p20_gpcc-octree-raht_r03.ply,p20.ply,2.66666666666667,43.03701402554017
WPC,ICIP2023,p20_gpcc-octree-raht_r04.ply,p20.ply,3.76271186440678,66.99368268114726
WPC,ICIP2023,p20_gpcc-octree-raht_r05.ply,p20.ply,4.36065573770492,73.02393575879597
WPC,ICIP2023,p20_gpcc-octree-raht_r06.ply,p20.ply,4.58333333333333,76.66877565005308
WPC,ICIP2023,p20_vpcc_r00.ply,p20.ply,2.08064516129032,41.34650926308782
WPC,ICIP2023,p20_vpcc_r01.ply,p20.ply,2.42622950819672,49.906903772229754
WPC,ICIP2023,p20_vpcc_r02.ply,p20.ply,3.04918032786885,61.11992261913587
WPC,ICIP2023,p20_vpcc_r03.ply,p20.ply,3.63333333333333,72.75851605301912
WPC,ICIP2023,p20_vpcc_r04.ply,p20.ply,4.13333333333333,77.41921612595907
WPC,ICIP2023,p20_vpcc_r05.ply,p20.ply,4.66101694915254,76.40241018821219
WPC,ICIP2023,p21_geocnn_r01.ply,p21.ply,4.0,81.17755461773014
WPC,ICIP2023,p21_geocnn_r02.ply,p21.ply,4.39344262295082,82.26796759655318
WPC,ICIP2023,p21_geocnn_r03.ply,p21.ply,4.4406779661017,85.26087591955897
WPC,ICIP2023,p21_geocnn_r04.ply,p21.ply,4.72413793103448,85.55461082565886
WPC,ICIP2023,p21_gpcc-octree-predlift_r02.ply,p21.ply,1.80327868852459,27.709761705557938
WPC,ICIP2023,p21_gpcc-octree-predlift_r03.ply,p21.ply,2.75806451612903,46.29581653869675
WPC,ICIP2023,p21_gpcc-octree-predlift_r04.ply,p21.ply,4.26666666666667,72.93813104348855
WPC,ICIP2023,p21_gpcc-octree-predlift_r05.ply,p21.ply,4.57377049180328,75.40434296416535
WPC,ICIP2023,p21_gpcc-octree-predlift_r06.ply,p21.ply,4.7,76.06706489670066
WPC,ICIP2023,p21_gpcc-octree-raht_r02.ply,p21.ply,1.75409836065574,27.80036279902957
WPC,ICIP2023,p21_gpcc-octree-raht_r03.ply,p21.ply,2.98275862068966,43.27790844720564
WPC,ICIP2023,p21_gpcc-octree-raht_r04.ply,p21.ply,3.9,70.76043953055708
WPC,ICIP2023,p21_gpcc-octree-raht_r05.ply,p21.ply,4.52542372881356,74.86265492534031
WPC,ICIP2023,p21_gpcc-octree-raht_r06.ply,p21.ply,4.71666666666667,75.93995170211899
WPC,ICIP2023,p21_vpcc_r00.ply,p21.ply,2.3728813559322,62.09947435678152
WPC,ICIP2023,p21_vpcc_r01.ply,p21.ply,3.01639344262295,73.31581572378701
WPC,ICIP2023,p21_vpcc_r02.ply,p21.ply,3.58620689655172,74.37712851786722
WPC,ICIP2023,p21_vpcc_r03.ply,p21.ply,4.21666666666667,76.18971940571699
WPC,ICIP2023,p21_vpcc_r04.ply,p21.ply,4.71666666666667,76.49682930129944
WPC,ICIP2023,p21_vpcc_r05.ply,p21.ply,4.78688524590164,79.09079577197889
WPC,ICIP2023,p22_geocnn_r01.ply,p22.ply,3.91525423728814,74.07538487219024
WPC,ICIP2023,p22_geocnn_r02.ply,p22.ply,4.6,79.08453037823062
WPC,ICIP2023,p22_geocnn_r03.ply,p22.ply,4.71666666666667,80.3501603887458
WPC,ICIP2023,p22_geocnn_r04.ply,p22.ply,4.79310344827586,82.05489100986746
WPC,ICIP2023,p22_gpcc-octree-predlift_r02.ply,p22.ply,1.53448275862069,24.01257168543134
WPC,ICIP2023,p22_gpcc-octree-predlift_r03.ply,p22.ply,3.09677419354839,48.99397145428794
WPC,ICIP2023,p22_gpcc-octree-predlift_r04.ply,p22.ply,4.45,70.34048433411253
WPC,ICIP2023,p22_gpcc-octree-predlift_r05.ply,p22.ply,4.56896551724138,75.51295250955411
WPC,ICIP2023,p22_gpcc-octree-predlift_r06.ply,p22.ply,4.70689655172414,77.066063995067
WPC,ICIP2023,p22_gpcc-octree-raht_r02.ply,p22.ply,1.4,22.317143656689336
WPC,ICIP2023,p22_gpcc-octree-raht_r03.ply,p22.ply,2.63934426229508,47.60143957191913
WPC,ICIP2023,p22_gpcc-octree-raht_r04.ply,p22.ply,4.41379310344828,68.20547840300767
WPC,ICIP2023,p22_gpcc-octree-raht_r05.ply,p22.ply,4.59016393442623,75.56000991364817
WPC,ICIP2023,p22_gpcc-octree-raht_r06.ply,p22.ply,4.66129032258065,76.46364191740854
WPC,ICIP2023,p22_vpcc_r00.ply,p22.ply,2.03333333333333,46.69461983009596
WPC,ICIP2023,p22_vpcc_r01.ply,p22.ply,2.72131147540984,59.068280979724726
WPC,ICIP2023,p22_vpcc_r02.ply,p22.ply,3.73333333333333,69.67636370109727
WPC,ICIP2023,p22_vpcc_r03.ply,p22.ply,4.6,73.56312664504915
WPC,ICIP2023,p22_vpcc_r04.ply,p22.ply,4.7,73.81549881468872
WPC,ICIP2023,p22_vpcc_r05.ply,p22.ply,4.66129032258065,76.67045814659778
WPC,ICIP2023,p23_geocnn_r01.ply,p23.ply,4.15,75.75623348077931
WPC,ICIP2023,p23_geocnn_r02.ply,p23.ply,4.62295081967213,79.70029604169092
WPC,ICIP2023,p23_geocnn_r03.ply,p23.ply,4.42622950819672,83.61316107073873
WPC,ICIP2023,p23_geocnn_r04.ply,p23.ply,4.77966101694915,83.30594443295377
WPC,ICIP2023,p23_gpcc-octree-predlift_r02.ply,p23.ply,2.22033898305085,27.202952761511252
WPC,ICIP2023,p23_gpcc-octree-predlift_r03.ply,p23.ply,3.3728813559322,47.82279071884311
WPC,ICIP2023,p23_gpcc-octree-predlift_r04.ply,p23.ply,4.60655737704918,72.80994061504201
WPC,ICIP2023,p23_gpcc-octree-predlift_r05.ply,p23.ply,4.70491803278689,76.04395585218558
WPC,ICIP2023,p23_gpcc-octree-predlift_r06.ply,p23.ply,4.57377049180328,78.92341077112616
WPC,ICIP2023,p23_gpcc-octree-raht_r02.ply,p23.ply,1.72131147540984,25.793425818522056
WPC,ICIP2023,p23_gpcc-octree-raht_r03.ply,p23.ply,3.16949152542373,46.907122864689235
WPC,ICIP2023,p23_gpcc-octree-raht_r04.ply,p23.ply,4.53448275862069,71.8828912171057
WPC,ICIP2023,p23_gpcc-octree-raht_r05.ply,p23.ply,4.60655737704918,76.1160866655458
WPC,ICIP2023,p23_gpcc-octree-raht_r06.ply,p23.ply,4.74193548387097,78.58294410654685
WPC,ICIP2023,p23_vpcc_r00.ply,p23.ply,2.41666666666667,58.38977632889949
WPC,ICIP2023,p23_vpcc_r01.ply,p23.ply,3.32758620689655,73.34309024231305
WPC,ICIP2023,p23_vpcc_r02.ply,p23.ply,3.95,76.11849593667435
WPC,ICIP2023,p23_vpcc_r03.ply,p23.ply,4.36065573770492,76.71612964171675
WPC,ICIP2023,p23_vpcc_r04.ply,p23.ply,4.77049180327869,75.36278619439173
WPC,ICIP2023,p23_vpcc_r05.ply,p23.ply,4.49180327868853,77.24161656880489
WPC,ICIP2023,p24_geocnn_r01.ply,p24.ply,4.23728813559322,76.62728944286734
WPC,ICIP2023,p24_geocnn_r02.ply,p24.ply,4.55737704918033,76.1011485970156
WPC,ICIP2023,p24_geocnn_r03.ply,p24.ply,4.55932203389831,76.36141924010421
WPC,ICIP2023,p24_geocnn_r04.ply,p24.ply,4.65573770491803,78.29688500941643
WPC,ICIP2023,p24_gpcc-octree-predlift_r02.ply,p24.ply,1.57377049180328,26.07304690995169
WPC,ICIP2023,p24_gpcc-octree-predlift_r03.ply,p24.ply,2.91666666666667,46.4559473188013
WPC,ICIP2023,p24_gpcc-octree-predlift_r04.ply,p24.ply,4.16393442622951,72.00497622733069
WPC,ICIP2023,p24_gpcc-octree-predlift_r05.ply,p24.ply,4.52459016393443,76.40073405697134
WPC,ICIP2023,p24_gpcc-octree-predlift_r06.ply,p24.ply,4.55737704918033,77.74323616137578
WPC,ICIP2023,p24_gpcc-octree-raht_r02.ply,p24.ply,1.35,25.77746475817944
WPC,ICIP2023,p24_gpcc-octree-raht_r03.ply,p24.ply,2.44262295081967,44.83279844773405
WPC,ICIP2023,p24_gpcc-octree-raht_r04.ply,p24.ply,3.72131147540984,68.74266455649803
WPC,ICIP2023,p24_gpcc-octree-raht_r05.ply,p24.ply,4.4,76.58466839965605
WPC,ICIP2023,p24_gpcc-octree-raht_r06.ply,p24.ply,4.65573770491803,77.32833135334567
WPC,ICIP2023,p24_vpcc_r00.ply,p24.ply,1.80327868852459,42.50495429830126
WPC,ICIP2023,p24_vpcc_r01.ply,p24.ply,2.41666666666667,51.47097379338581
WPC,ICIP2023,p24_vpcc_r02.ply,p24.ply,3.06779661016949,67.04274581231999
WPC,ICIP2023,p24_vpcc_r03.ply,p24.ply,4.12068965517241,75.67861015540934
WPC,ICIP2023,p24_vpcc_r04.ply,p24.ply,4.4,75.83150541047871
WPC,ICIP2023,p24_vpcc_r05.ply,p24.ply,4.58333333333333,77.3104400128453
WPC,ICIP2023,p25_geocnn_r01.ply,p25.ply,4.40983606557377,76.71094743148365
WPC,ICIP2023,p25_geocnn_r02.ply,p25.ply,4.55737704918033,78.29843884405385
WPC,ICIP2023,p25_geocnn_r03.ply,p25.ply,4.72131147540984,82.93770390061349
WPC,ICIP2023,p25_geocnn_r04.ply,p25.ply,4.62903225806452,83.17769628712873
WPC,ICIP2023,p25_gpcc-octree-predlift_r02.ply,p25.ply,1.65573770491803,25.27168851798065
WPC,ICIP2023,p25_gpcc-octree-predlift_r03.ply,p25.ply,3.04918032786885,47.2369400875749
WPC,ICIP2023,p25_gpcc-octree-predlift_r04.ply,p25.ply,4.27586206896552,74.68781805973676
WPC,ICIP2023,p25_gpcc-octree-predlift_r05.ply,p25.ply,4.55,75.82104042140986
WPC,ICIP2023,p25_gpcc-octree-predlift_r06.ply,p25.ply,4.70967741935484,78.41800979752641
WPC,ICIP2023,p25_gpcc-octree-raht_r02.ply,p25.ply,1.56666666666667,27.11657834670177
WPC,ICIP2023,p25_gpcc-octree-raht_r03.ply,p25.ply,2.70491803278689,47.67310521379603
WPC,ICIP2023,p25_gpcc-octree-raht_r04.ply,p25.ply,4.0,72.56483245600009
WPC,ICIP2023,p25_gpcc-octree-raht_r05.ply,p25.ply,4.48333333333333,76.14160105277993
WPC,ICIP2023,p25_gpcc-octree-raht_r06.ply,p25.ply,4.81967213114754,77.45240959355654
WPC,ICIP2023,p25_vpcc_r00.ply,p25.ply,2.05172413793103,54.38124657896329
WPC,ICIP2023,p25_vpcc_r01.ply,p25.ply,2.60344827586207,66.04526642692264
WPC,ICIP2023,p25_vpcc_r02.ply,p25.ply,3.40983606557377,75.94116636415707
WPC,ICIP2023,p25_vpcc_r03.ply,p25.ply,4.29310344827586,79.52727653513985
WPC,ICIP2023,p25_vpcc_r04.ply,p25.ply,4.63333333333333,77.21661895630916
WPC,ICIP2023,p25_vpcc_r05.ply,p25.ply,4.68852459016394,77.28332904857753
WPC,ICIP2023,p26_geocnn_r01.ply,p26.ply,3.49152542372881,76.4064530752767
WPC,ICIP2023,p26_geocnn_r02.ply,p26.ply,3.76666666666667,82.13731034354284
WPC,ICIP2023,p26_geocnn_r03.ply,p26.ply,4.01639344262295,82.29787560529928
WPC,ICIP2023,p26_geocnn_r04.ply,p26.ply,4.2741935483871,83.25398882345769
WPC,ICIP2023,p26_gpcc-octree-predlift_r02.ply,p26.ply,1.33333333333333,26.311155919842967
WPC,ICIP2023,p26_gpcc-octree-predlift_r03.ply,p26.ply,2.67796610169492,48.044991361254546
WPC,ICIP2023,p26_gpcc-octree-predlift_r04.ply,p26.ply,4.11475409836066,74.24495131513603
WPC,ICIP2023,p26_gpcc-octree-predlift_r05.ply,p26.ply,4.42372881355932,79.26394834223352
WPC,ICIP2023,p26_gpcc-octree-predlift_r06.ply,p26.ply,4.60344827586207,77.77718240444389
WPC,ICIP2023,p26_gpcc-octree-raht_r02.ply,p26.ply,1.13793103448276,26.466369426660748
WPC,ICIP2023,p26_gpcc-octree-raht_r03.ply,p26.ply,2.04918032786885,47.72650080576268
WPC,ICIP2023,p26_gpcc-octree-raht_r04.ply,p26.ply,3.91666666666667,69.52940495187457
WPC,ICIP2023,p26_gpcc-octree-raht_r05.ply,p26.ply,4.53333333333333,76.53665955758419
WPC,ICIP2023,p26_gpcc-octree-raht_r06.ply,p26.ply,4.55,77.73929303418596
WPC,ICIP2023,p26_vpcc_r00.ply,p26.ply,1.88524590163934,50.025964030321326
WPC,ICIP2023,p26_vpcc_r01.ply,p26.ply,2.9344262295082,61.72030572000288
WPC,ICIP2023,p26_vpcc_r02.ply,p26.ply,3.48333333333333,69.08973823005076
WPC,ICIP2023,p26_vpcc_r03.ply,p26.ply,4.13114754098361,75.68026074239617
WPC,ICIP2023,p26_vpcc_r04.ply,p26.ply,4.61666666666667,76.75879405411948
WPC,ICIP2023,p26_vpcc_r05.ply,p26.ply,4.63793103448276,78.90237052446705
WPC,ICIP2023,p27_geocnn_r01.ply,p27.ply,3.51666666666667,69.13029326167016
WPC,ICIP2023,p27_geocnn_r02.ply,p27.ply,4.45901639344262,67.93143350661757
WPC,ICIP2023,p27_geocnn_r03.ply,p27.ply,4.44827586206897,66.77370945707992
WPC,ICIP2023,p27_geocnn_r04.ply,p27.ply,4.62295081967213,72.67145446947352
WPC,ICIP2023,p27_gpcc-octree-predlift_r02.ply,p27.ply,1.38983050847458,23.442257650977893
WPC,ICIP2023,p27_gpcc-octree-predlift_r03.ply,p27.ply,3.12903225806452,34.168247486471635
WPC,ICIP2023,p27_gpcc-octree-predlift_r04.ply,p27.ply,4.39655172413793,60.91805910127629
WPC,ICIP2023,p27_gpcc-octree-predlift_r05.ply,p27.ply,4.49152542372881,68.8037083762283
WPC,ICIP2023,p27_gpcc-octree-predlift_r06.ply,p27.ply,4.51666666666667,76.43186893928781
WPC,ICIP2023,p27_gpcc-octree-raht_r02.ply,p27.ply,1.22033898305085,22.958536166773243
WPC,ICIP2023,p27_gpcc-octree-raht_r03.ply,p27.ply,2.88135593220339,34.10037006421169
WPC,ICIP2023,p27_gpcc-octree-raht_r04.ply,p27.ply,3.87931034482759,56.82879900787995
WPC,ICIP2023,p27_gpcc-octree-raht_r05.ply,p27.ply,4.64516129032258,67.9554799350114
WPC,ICIP2023,p27_gpcc-octree-raht_r06.ply,p27.ply,4.56666666666667,76.13186736252884
WPC,ICIP2023,p27_vpcc_r00.ply,p27.ply,2.71186440677966,40.23372700682803
WPC,ICIP2023,p27_vpcc_r01.ply,p27.ply,3.38333333333333,53.821690348513805
WPC,ICIP2023,p27_vpcc_r02.ply,p27.ply,3.9016393442623,64.49671264611393
WPC,ICIP2023,p27_vpcc_r03.ply,p27.ply,4.41379310344828,70.22900734796872
WPC,ICIP2023,p27_vpcc_r04.ply,p27.ply,4.59677419354839,78.1943501221295
WPC,ICIP2023,p27_vpcc_r05.ply,p27.ply,4.57627118644068,83.74384499698881
WPC,ICIP2023,p28_geocnn_r01.ply,p28.ply,4.0327868852459,76.00113610447245
WPC,ICIP2023,p28_geocnn_r02.ply,p28.ply,4.38333333333333,79.02966985413636
WPC,ICIP2023,p28_geocnn_r03.ply,p28.ply,4.56666666666667,82.43357440451143
WPC,ICIP2023,p28_geocnn_r04.ply,p28.ply,4.65,84.73710559708039
WPC,ICIP2023,p28_gpcc-octree-predlift_r02.ply,p28.ply,1.33898305084746,22.853759904373966
WPC,ICIP2023,p28_gpcc-octree-predlift_r03.ply,p28.ply,3.21311475409836,49.93383934247172
WPC,ICIP2023,p28_gpcc-octree-predlift_r04.ply,p28.ply,4.33898305084746,72.0850014706554
WPC,ICIP2023,p28_gpcc-octree-predlift_r05.ply,p28.ply,4.67741935483871,79.0169105205133
WPC,ICIP2023,p28_gpcc-octree-predlift_r06.ply,p28.ply,4.75409836065574,77.97845110476966
WPC,ICIP2023,p28_gpcc-octree-raht_r02.ply,p28.ply,1.26666666666667,21.606551520262812
WPC,ICIP2023,p28_gpcc-octree-raht_r03.ply,p28.ply,2.98305084745763,50.403691394775706
WPC,ICIP2023,p28_gpcc-octree-raht_r04.ply,p28.ply,4.36065573770492,71.47674458800515
WPC,ICIP2023,p28_gpcc-octree-raht_r05.ply,p28.ply,4.58333333333333,79.64190117357079
WPC,ICIP2023,p28_gpcc-octree-raht_r06.ply,p28.ply,4.76666666666667,79.0337649230022
WPC,ICIP2023,p28_vpcc_r00.ply,p28.ply,2.83870967741936,36.53504783818248
WPC,ICIP2023,p28_vpcc_r01.ply,p28.ply,3.32203389830508,43.961409256180275
WPC,ICIP2023,p28_vpcc_r02.ply,p28.ply,3.86206896551724,65.22860592704994
WPC,ICIP2023,p28_vpcc_r03.ply,p28.ply,4.69491525423729,74.55374465860885
WPC,ICIP2023,p28_vpcc_r04.ply,p28.ply,4.7,77.13902296504328
WPC,ICIP2023,p28_vpcc_r05.ply,p28.ply,4.78333333333333,77.45727721804946
WPC,ICIP2023,p33_geocnn_r01.ply,p33.ply,2.26666666666667,78.27005209390198
WPC,ICIP2023,p33_geocnn_r02.ply,p33.ply,3.01666666666667,81.11485737284929
WPC,ICIP2023,p33_geocnn_r03.ply,p33.ply,3.7,82.71662242763142
WPC,ICIP2023,p33_geocnn_r04.ply,p33.ply,4.34426229508197,83.68482227450221
WPC,ICIP2023,p33_gpcc-octree-predlift_r02.ply,p33.ply,1.48333333333333,24.549503350731428
WPC,ICIP2023,p33_gpcc-octree-predlift_r03.ply,p33.ply,2.70967741935484,48.52412710430739
WPC,ICIP2023,p33_gpcc-octree-predlift_r04.ply,p33.ply,3.89830508474576,68.40208648145997
WPC,ICIP2023,p33_gpcc-octree-predlift_r05.ply,p33.ply,4.23728813559322,72.74874005448726
WPC,ICIP2023,p33_gpcc-octree-predlift_r06.ply,p33.ply,4.29508196721312,77.75230775352135
WPC,ICIP2023,p33_gpcc-octree-raht_r02.ply,p33.ply,1.65,25.04966976307542
WPC,ICIP2023,p33_gpcc-octree-raht_r03.ply,p33.ply,2.51724137931034,47.84289662496475
WPC,ICIP2023,p33_gpcc-octree-raht_r04.ply,p33.ply,3.63333333333333,68.79656319052722
WPC,ICIP2023,p33_gpcc-octree-raht_r05.ply,p33.ply,3.98275862068966,73.56008032479225
WPC,ICIP2023,p33_gpcc-octree-raht_r06.ply,p33.ply,4.33898305084746,77.24131156167095
WPC,ICIP2023,p33_vpcc_r00.ply,p33.ply,1.85,50.00468756383439
WPC,ICIP2023,p33_vpcc_r01.ply,p33.ply,2.03333333333333,60.30829295347643
WPC,ICIP2023,p33_vpcc_r02.ply,p33.ply,2.55,70.14896448045478
WPC,ICIP2023,p33_vpcc_r03.ply,p33.ply,2.53448275862069,74.7375994357343
WPC,ICIP2023,p33_vpcc_r04.ply,p33.ply,2.62068965517241,78.32028146347238
WPC,ICIP2023,p33_vpcc_r05.ply,p33.ply,3.2258064516129,75.6548691543485
WPC,ICIP2023,p35_geocnn_r01.ply,p35.ply,3.81666666666667,80.61993754860498
WPC,ICIP2023,p35_geocnn_r02.ply,p35.ply,4.39344262295082,83.62054143547755
WPC,ICIP2023,p35_geocnn_r03.ply,p35.ply,4.47457627118644,83.54361642011773
WPC,ICIP2023,p35_geocnn_r04.ply,p35.ply,4.72413793103448,84.11354229006741
WPC,ICIP2023,p35_gpcc-octree-predlift_r02.ply,p35.ply,1.45,27.86283116862519
WPC,ICIP2023,p35_gpcc-octree-predlift_r03.ply,p35.ply,3.04918032786885,49.039988882270926
WPC,ICIP2023,p35_gpcc-octree-predlift_r04.ply,p35.ply,4.25862068965517,74.56745201945375
WPC,ICIP2023,p35_gpcc-octree-predlift_r05.ply,p35.ply,4.55172413793104,78.81495360507984
WPC,ICIP2023,p35_gpcc-octree-predlift_r06.ply,p35.ply,4.78333333333333,77.68521223172584
WPC,ICIP2023,p35_gpcc-octree-raht_r02.ply,p35.ply,1.48275862068966,26.864481704650093
WPC,ICIP2023,p35_gpcc-octree-raht_r03.ply,p35.ply,2.28333333333333,49.432768684767964
WPC,ICIP2023,p35_gpcc-octree-raht_r04.ply,p35.ply,4.13559322033898,72.43229277566269
WPC,ICIP2023,p35_gpcc-octree-raht_r05.ply,p35.ply,4.69491525423729,74.16320650988354
WPC,ICIP2023,p35_gpcc-octree-raht_r06.ply,p35.ply,4.77966101694915,77.18722742671413
WPC,ICIP2023,p35_vpcc_r00.ply,p35.ply,1.98360655737705,46.08671675206008
WPC,ICIP2023,p35_vpcc_r01.ply,p35.ply,2.7741935483871,53.369289034740596
WPC,ICIP2023,p35_vpcc_r02.ply,p35.ply,3.57377049180328,66.084872667144
WPC,ICIP2023,p35_vpcc_r03.ply,p35.ply,3.77049180327869,74.6580064299639
WPC,ICIP2023,p35_vpcc_r04.ply,p35.ply,4.13333333333333,77.7337160349803
WPC,ICIP2023,p35_vpcc_r05.ply,p35.ply,4.63333333333333,78.06318145892783
WPC,ICIP2023,p36_geocnn_r01.ply,p36.ply,3.47457627118644,38.285583790528506
WPC,ICIP2023,p36_geocnn_r02.ply,p36.ply,4.23728813559322,50.665133691554345
WPC,ICIP2023,p36_geocnn_r03.ply,p36.ply,4.50819672131148,55.69351172344353
WPC,ICIP2023,p36_geocnn_r04.ply,p36.ply,4.59016393442623,57.40086698452468
WPC,ICIP2023,p36_gpcc-octree-predlift_r02.ply,p36.ply,1.72131147540984,27.225337911666838
WPC,ICIP2023,p36_gpcc-octree-predlift_r03.ply,p36.ply,4.06896551724138,55.261331373823595
WPC,ICIP2023,p36_gpcc-octree-predlift_r04.ply,p36.ply,4.55172413793104,68.55365738288626
WPC,ICIP2023,p36_gpcc-octree-predlift_r05.ply,p36.ply,4.59016393442623,67.83930144440423
WPC,ICIP2023,p36_gpcc-octree-predlift_r06.ply,p36.ply,4.7741935483871,68.81997346362778
WPC,ICIP2023,p36_gpcc-octree-raht_r02.ply,p36.ply,1.53448275862069,26.08590004608867
WPC,ICIP2023,p36_gpcc-octree-raht_r03.ply,p36.ply,3.52459016393443,49.74704830539813
WPC,ICIP2023,p36_gpcc-octree-raht_r04.ply,p36.ply,4.32203389830509,67.18953143578096
WPC,ICIP2023,p36_gpcc-octree-raht_r05.ply,p36.ply,4.60655737704918,67.38286205456407
WPC,ICIP2023,p36_gpcc-octree-raht_r06.ply,p36.ply,4.48333333333333,68.35494098872445
WPC,ICIP2023,p36_vpcc_r00.ply,p36.ply,2.34920634920635,38.99559134707786
WPC,ICIP2023,p36_vpcc_r01.ply,p36.ply,2.91666666666667,47.825830600123325
WPC,ICIP2023,p36_vpcc_r02.ply,p36.ply,3.65573770491803,55.395522671173765
WPC,ICIP2023,p36_vpcc_r03.ply,p36.ply,4.06779661016949,61.469265491764084
WPC,ICIP2023,p36_vpcc_r04.ply,p36.ply,4.21666666666667,65.13156676476159
WPC,ICIP2023,p36_vpcc_r05.ply,p36.ply,4.37931034482759,64.96150127627102
WPC,ICIP2023,p40_geocnn_r01.ply,p40.ply,4.27118644067797,73.28780552901219
WPC,ICIP2023,p40_geocnn_r02.ply,p40.ply,4.47540983606557,79.36539639612711
WPC,ICIP2023,p40_geocnn_r03.ply,p40.ply,4.6140350877193,81.33527707856217
WPC,ICIP2023,p40_geocnn_r04.ply,p40.ply,4.56666666666667,86.37458059037442
WPC,ICIP2023,p40_gpcc-octree-predlift_r02.ply,p40.ply,1.60655737704918,29.665821981113865
WPC,ICIP2023,p40_gpcc-octree-predlift_r03.ply,p40.ply,3.06896551724138,49.515813257957696
WPC,ICIP2023,p40_gpcc-octree-predlift_r04.ply,p40.ply,4.55932203389831,74.56210799260069
WPC,ICIP2023,p40_gpcc-octree-predlift_r05.ply,p40.ply,4.58730158730159,78.06908523356259
WPC,ICIP2023,p40_gpcc-octree-predlift_r06.ply,p40.ply,4.43333333333333,79.95005576222584
WPC,ICIP2023,p40_gpcc-octree-raht_r02.ply,p40.ply,1.27118644067797,30.037856305710076
WPC,ICIP2023,p40_gpcc-octree-raht_r03.ply,p40.ply,2.84745762711864,43.72435177297802
WPC,ICIP2023,p40_gpcc-octree-raht_r04.ply,p40.ply,4.37931034482759,71.76655543943893
WPC,ICIP2023,p40_gpcc-octree-raht_r05.ply,p40.ply,4.62295081967213,75.75650438284927
WPC,ICIP2023,p40_gpcc-octree-raht_r06.ply,p40.ply,4.67213114754098,79.09201184291256
WPC,ICIP2023,p40_vpcc_r00.ply,p40.ply,1.72131147540984,56.93172681285938
WPC,ICIP2023,p40_vpcc_r01.ply,p40.ply,2.70967741935484,64.77558962955567
WPC,ICIP2023,p40_vpcc_r02.ply,p40.ply,4.20967741935484,74.1623975529041
WPC,ICIP2023,p40_vpcc_r03.ply,p40.ply,4.44262295081967,81.19497005977632
WPC,ICIP2023,p40_vpcc_r04.ply,p40.ply,4.45901639344262,85.97204096066956
WPC,ICIP2023,p40_vpcc_r05.ply,p40.ply,4.57377049180328,87.32028527680981
WPC,ICIP2023,p41_geocnn_r01.ply,p41.ply,4.22950819672131,77.8983512652054
WPC,ICIP2023,p41_geocnn_r02.ply,p41.ply,4.45614035087719,80.48215224598778
WPC,ICIP2023,p41_geocnn_r03.ply,p41.ply,4.68852459016394,83.36216701579384
WPC,ICIP2023,p41_geocnn_r04.ply,p41.ply,4.69354838709677,85.56515079648598
WPC,ICIP2023,p41_gpcc-octree-predlift_r02.ply,p41.ply,1.40677966101695,28.492661801427957
WPC,ICIP2023,p41_gpcc-octree-predlift_r03.ply,p41.ply,3.10344827586207,47.04129835022714
WPC,ICIP2023,p41_gpcc-octree-predlift_r04.ply,p41.ply,4.40983606557377,75.68564578906997
WPC,ICIP2023,p41_gpcc-octree-predlift_r05.ply,p41.ply,4.35,77.5089266012546
WPC,ICIP2023,p41_gpcc-octree-predlift_r06.ply,p41.ply,4.8,78.74696835283531
WPC,ICIP2023,p41_gpcc-octree-raht_r02.ply,p41.ply,1.43103448275862,28.03932795336702
WPC,ICIP2023,p41_gpcc-octree-raht_r03.ply,p41.ply,2.83333333333333,46.8647667281397
WPC,ICIP2023,p41_gpcc-octree-raht_r04.ply,p41.ply,4.33333333333333,74.56613039920043
WPC,ICIP2023,p41_gpcc-octree-raht_r05.ply,p41.ply,4.63934426229508,77.30118590739377
WPC,ICIP2023,p41_gpcc-octree-raht_r06.ply,p41.ply,4.75438596491228,78.27540615423023
WPC,ICIP2023,p41_vpcc_r00.ply,p41.ply,2.1551724137931,59.067645651986794
WPC,ICIP2023,p41_vpcc_r01.ply,p41.ply,3.13559322033898,77.25532533537218
WPC,ICIP2023,p41_vpcc_r02.ply,p41.ply,3.91803278688525,79.11218415958957
WPC,ICIP2023,p41_vpcc_r03.ply,p41.ply,4.37096774193548,76.2805916860363
WPC,ICIP2023,p41_vpcc_r04.ply,p41.ply,4.55737704918033,75.57604251376293
WPC,ICIP2023,p41_vpcc_r05.ply,p41.ply,4.51666666666667,76.77580271735599
WPC,ICIP2023,p43_geocnn_r01.ply,p43.ply,4.43103448275862,81.75129403150304
WPC,ICIP2023,p43_geocnn_r02.ply,p43.ply,4.55172413793104,84.12299443127944
WPC,ICIP2023,p43_geocnn_r03.ply,p43.ply,4.71186440677966,84.80007408847976
WPC,ICIP2023,p43_geocnn_r04.ply,p43.ply,4.81967213114754,85.07459445074319
WPC,ICIP2023,p43_gpcc-octree-predlift_r02.ply,p43.ply,2.1,27.881442308592224
WPC,ICIP2023,p43_gpcc-octree-predlift_r03.ply,p43.ply,3.5,47.8072520061233
WPC,ICIP2023,p43_gpcc-octree-predlift_r04.ply,p43.ply,4.10169491525424,73.48829075005975
WPC,ICIP2023,p43_gpcc-octree-predlift_r05.ply,p43.ply,4.62903225806452,75.63429361922336
WPC,ICIP2023,p43_gpcc-octree-predlift_r06.ply,p43.ply,4.67741935483871,76.27195017193485
WPC,ICIP2023,p43_gpcc-octree-raht_r02.ply,p43.ply,1.4406779661017,28.17541224213358
WPC,ICIP2023,p43_gpcc-octree-raht_r03.ply,p43.ply,3.45614035087719,46.543648052914286
WPC,ICIP2023,p43_gpcc-octree-raht_r04.ply,p43.ply,4.21666666666667,71.13733032081622
WPC,ICIP2023,p43_gpcc-octree-raht_r05.ply,p43.ply,4.61016949152542,74.3093455828978
WPC,ICIP2023,p43_gpcc-octree-raht_r06.ply,p43.ply,4.73770491803279,76.93813552431533
WPC,ICIP2023,p43_vpcc_r00.ply,p43.ply,2.63492063492064,53.991730730201134
WPC,ICIP2023,p43_vpcc_r01.ply,p43.ply,3.66666666666667,63.58251944516257
WPC,ICIP2023,p43_vpcc_r02.ply,p43.ply,3.9672131147541,68.27556340299805
WPC,ICIP2023,p43_vpcc_r03.ply,p43.ply,4.40677966101695,73.59768453941578
WPC,ICIP2023,p43_vpcc_r04.ply,p43.ply,4.68333333333333,77.46850625845691
WPC,ICIP2023,p43_vpcc_r05.ply,p43.ply,4.63934426229508,82.02423550636723
WPC,ICIP2023,p44_geocnn_r01.ply,p44.ply,3.83333333333333,75.03467383368188
WPC,ICIP2023,p44_geocnn_r02.ply,p44.ply,4.30508474576271,77.87979897278231
WPC,ICIP2023,p44_geocnn_r03.ply,p44.ply,4.37704918032787,82.02385410334077
WPC,ICIP2023,p44_geocnn_r04.ply,p44.ply,4.55737704918033,82.09989214102137
WPC,ICIP2023,p44_gpcc-octree-predlift_r02.ply,p44.ply,1.88524590163934,23.52097036361566
WPC,ICIP2023,p44_gpcc-octree-predlift_r03.ply,p44.ply,3.26666666666667,50.31119167360813
WPC,ICIP2023,p44_gpcc-octree-predlift_r04.ply,p44.ply,4.2741935483871,72.26944693493986
WPC,ICIP2023,p44_gpcc-octree-predlift_r05.ply,p44.ply,4.63793103448276,78.62089679797099
WPC,ICIP2023,p44_gpcc-octree-predlift_r06.ply,p44.ply,4.71666666666667,76.75060915845573
WPC,ICIP2023,p44_gpcc-octree-raht_r02.ply,p44.ply,1.32758620689655,24.10148171629365
WPC,ICIP2023,p44_gpcc-octree-raht_r03.ply,p44.ply,2.80327868852459,49.82864914934012
WPC,ICIP2023,p44_gpcc-octree-raht_r04.ply,p44.ply,4.19672131147541,71.01408902632213
WPC,ICIP2023,p44_gpcc-octree-raht_r05.ply,p44.ply,4.45901639344262,78.97010867652816
WPC,ICIP2023,p44_gpcc-octree-raht_r06.ply,p44.ply,4.48333333333333,77.22493750776758
WPC,ICIP2023,p44_vpcc_r00.ply,p44.ply,2.23333333333333,57.19219777472293
WPC,ICIP2023,p44_vpcc_r01.ply,p44.ply,3.18032786885246,65.26734422613768
WPC,ICIP2023,p44_vpcc_r02.ply,p44.ply,3.72131147540984,74.82772471432345
WPC,ICIP2023,p44_vpcc_r03.ply,p44.ply,4.35,77.19385938957956
WPC,ICIP2023,p44_vpcc_r04.ply,p44.ply,4.55,76.8994159319186
WPC,ICIP2023,p44_vpcc_r05.ply,p44.ply,4.53225806451613,76.12601631584057
WPC,ICIP2023,p45_geocnn_r01.ply,p45.ply,3.45901639344262,81.68332847977851
WPC,ICIP2023,p45_geocnn_r02.ply,p45.ply,4.0327868852459,83.35484948365576
WPC,ICIP2023,p45_geocnn_r03.ply,p45.ply,4.18032786885246,84.41279690028497
WPC,ICIP2023,p45_geocnn_r04.ply,p45.ply,4.48333333333333,84.47685324408695
WPC,ICIP2023,p45_gpcc-octree-predlift_r02.ply,p45.ply,1.40677966101695,27.104591209634258
WPC,ICIP2023,p45_gpcc-octree-predlift_r03.ply,p45.ply,2.74193548387097,45.065460691327004
WPC,ICIP2023,p45_gpcc-octree-predlift_r04.ply,p45.ply,4.12903225806452,73.17478894064475
WPC,ICIP2023,p45_gpcc-octree-predlift_r05.ply,p45.ply,4.5,75.51523094912233
WPC,ICIP2023,p45_gpcc-octree-predlift_r06.ply,p45.ply,3.91525423728814,66.88990790448348
WPC,ICIP2023,p45_gpcc-octree-raht_r02.ply,p45.ply,1.42857142857143,26.789496609777924
WPC,ICIP2023,p45_gpcc-octree-raht_r03.ply,p45.ply,2.58333333333333,42.96932981238877
WPC,ICIP2023,p45_gpcc-octree-raht_r04.ply,p45.ply,4.33333333333333,71.41216032017306
WPC,ICIP2023,p45_gpcc-octree-raht_r05.ply,p45.ply,4.66666666666667,75.65618639828011
WPC,ICIP2023,p45_gpcc-octree-raht_r06.ply,p45.ply,4.63333333333333,77.51227252428528
WPC,ICIP2023,p45_vpcc_r00.ply,p45.ply,2.33898305084746,51.88992806597194
WPC,ICIP2023,p45_vpcc_r01.ply,p45.ply,3.56666666666667,66.05522315403411
WPC,ICIP2023,p45_vpcc_r02.ply,p45.ply,4.3859649122807,73.18109586609584
WPC,ICIP2023,p45_vpcc_r03.ply,p45.ply,4.5,76.7194507165253
WPC,ICIP2023,p45_vpcc_r04.ply,p45.ply,4.39655172413793,81.60529603109043
WPC,ICIP2023,p45_vpcc_r05.ply,p45.ply,4.57377049180328,83.38830129055154
WPC,ICIP2023,p46_geocnn_r01.ply,p46.ply,4.09677419354839,77.21687275365419
WPC,ICIP2023,p46_geocnn_r02.ply,p46.ply,4.29508196721312,83.01217508844405
WPC,ICIP2023,p46_geocnn_r03.ply,p46.ply,4.55737704918033,85.19344331568307
WPC,ICIP2023,p46_geocnn_r04.ply,p46.ply,4.53225806451613,85.45108723827208
WPC,ICIP2023,p46_gpcc-octree-predlift_r02.ply,p46.ply,2.39344262295082,27.669703787130743
WPC,ICIP2023,p46_gpcc-octree-predlift_r03.ply,p46.ply,3.47457627118644,49.30518725573754
WPC,ICIP2023,p46_gpcc-octree-predlift_r04.ply,p46.ply,4.25,74.92663562484194
WPC,ICIP2023,p46_gpcc-octree-predlift_r05.ply,p46.ply,4.41666666666667,77.2135940811433
WPC,ICIP2023,p46_gpcc-octree-predlift_r06.ply,p46.ply,4.56896551724138,76.8535595602457
WPC,ICIP2023,p46_gpcc-octree-raht_r02.ply,p46.ply,2.06779661016949,27.53337173661344
WPC,ICIP2023,p46_gpcc-octree-raht_r03.ply,p46.ply,3.56666666666667,49.248872675680886
WPC,ICIP2023,p46_gpcc-octree-raht_r04.ply,p46.ply,4.08196721311475,75.25249891522155
WPC,ICIP2023,p46_gpcc-octree-raht_r05.ply,p46.ply,4.49122807017544,76.30370778393583
WPC,ICIP2023,p46_gpcc-octree-raht_r06.ply,p46.ply,4.45901639344262,76.91546102732974
WPC,ICIP2023,p46_vpcc_r00.ply,p46.ply,2.88135593220339,63.66760473032676
WPC,ICIP2023,p46_vpcc_r01.ply,p46.ply,3.16393442622951,74.97716750196338
WPC,ICIP2023,p46_vpcc_r02.ply,p46.ply,3.43333333333333,77.56375326592243
WPC,ICIP2023,p46_vpcc_r03.ply,p46.ply,3.68333333333333,77.69946071029915
WPC,ICIP2023,p46_vpcc_r04.ply,p46.ply,3.89830508474576,75.44153489996589
WPC,ICIP2023,p46_vpcc_r05.ply,p46.ply,4.41666666666667,76.27298183236834
WPC,ICIP2023,p48_geocnn_r01.ply,p48.ply,3.91935483870968,77.61779309500913
WPC,ICIP2023,p48_geocnn_r02.ply,p48.ply,4.38333333333333,81.50579751465
WPC,ICIP2023,p48_geocnn_r03.ply,p48.ply,4.5,84.39473295639638
WPC,ICIP2023,p48_geocnn_r04.ply,p48.ply,4.6,85.59686160125604
WPC,ICIP2023,p48_gpcc-octree-predlift_r02.ply,p48.ply,1.55172413793103,26.569369400386595
WPC,ICIP2023,p48_gpcc-octree-predlift_r03.ply,p48.ply,3.48333333333333,45.08427244526798
WPC,ICIP2023,p48_gpcc-octree-predlift_r04.ply,p48.ply,4.24590163934426,69.68824654497746
WPC,ICIP2023,p48_gpcc-octree-predlift_r05.ply,p48.ply,4.45,75.43520603450034
WPC,ICIP2023,p48_gpcc-octree-predlift_r06.ply,p48.ply,4.66129032258065,77.37060691946982
WPC,ICIP2023,p48_gpcc-octree-raht_r02.ply,p48.ply,1.60655737704918,25.533352133774642
WPC,ICIP2023,p48_gpcc-octree-raht_r03.ply,p48.ply,3.16949152542373,47.060295847296686
WPC,ICIP2023,p48_gpcc-octree-raht_r04.ply,p48.ply,4.18333333333333,69.57266837338763
WPC,ICIP2023,p48_gpcc-octree-raht_r05.ply,p48.ply,4.41666666666667,75.22885270405506
WPC,ICIP2023,p48_gpcc-octree-raht_r06.ply,p48.ply,4.51666666666667,77.11665397325348
WPC,ICIP2023,p48_vpcc_r00.ply,p48.ply,1.86440677966102,50.88992096399358
WPC,ICIP2023,p48_vpcc_r01.ply,p48.ply,2.83050847457627,66.9407592430722
WPC,ICIP2023,p48_vpcc_r02.ply,p48.ply,3.29508196721311,73.46465052919079
WPC,ICIP2023,p48_vpcc_r03.ply,p48.ply,3.84745762711864,75.58197077171103
WPC,ICIP2023,p48_vpcc_r04.ply,p48.ply,4.13114754098361,77.58651697938531
WPC,ICIP2023,p48_vpcc_r05.ply,p48.ply,4.48387096774194,74.32854143742412
WPC,ICIP2023,p49_geocnn_r01.ply,p49.ply,3.43333333333333,80.87080476732515
WPC,ICIP2023,p49_geocnn_r02.ply,p49.ply,4.14754098360656,86.37321141071814
WPC,ICIP2023,p49_geocnn_r03.ply,p49.ply,3.98333333333333,86.73484904382308
WPC,ICIP2023,p49_geocnn_r04.ply,p49.ply,4.52459016393443,86.63157042860765
WPC,ICIP2023,p49_gpcc-octree-predlift_r02.ply,p49.ply,1.48333333333333,26.664680286969286
WPC,ICIP2023,p49_gpcc-octree-predlift_r03.ply,p49.ply,2.72131147540984,57.68099316762879
WPC,ICIP2023,p49_gpcc-octree-predlift_r04.ply,p49.ply,3.85,74.31886990492264
WPC,ICIP2023,p49_gpcc-octree-predlift_r05.ply,p49.ply,4.49180327868853,79.0146766744291
WPC,ICIP2023,p49_gpcc-octree-predlift_r06.ply,p49.ply,4.52542372881356,79.62737090207
WPC,ICIP2023,p49_gpcc-octree-raht_r02.ply,p49.ply,1.63333333333333,30.984956345559223
WPC,ICIP2023,p49_gpcc-octree-raht_r03.ply,p49.ply,2.64516129032258,57.04835079224833
WPC,ICIP2023,p49_gpcc-octree-raht_r04.ply,p49.ply,3.73770491803279,74.5479958983973
WPC,ICIP2023,p49_gpcc-octree-raht_r05.ply,p49.ply,4.31147540983607,77.99072250369011
WPC,ICIP2023,p49_gpcc-octree-raht_r06.ply,p49.ply,4.38983050847458,79.41096798041532
WPC,ICIP2023,p49_vpcc_r00.ply,p49.ply,1.91935483870968,56.49510636505732
WPC,ICIP2023,p49_vpcc_r01.ply,p49.ply,2.75806451612903,67.49640592578517
WPC,ICIP2023,p49_vpcc_r02.ply,p49.ply,3.69491525423729,72.14953523303095
WPC,ICIP2023,p49_vpcc_r03.ply,p49.ply,4.13333333333333,81.85199836740696
WPC,ICIP2023,p49_vpcc_r04.ply,p49.ply,4.50819672131148,85.01212949910658
WPC,ICIP2023,p49_vpcc_r05.ply,p49.ply,4.36666666666667,86.04177371490572
WPC,ICIP2023,p50_geocnn_r01.ply,p50.ply,4.32758620689655,77.85893872597877
WPC,ICIP2023,p50_geocnn_r02.ply,p50.ply,4.61016949152542,79.67101106482183
WPC,ICIP2023,p50_geocnn_r03.ply,p50.ply,4.58064516129032,83.26855167128554
WPC,ICIP2023,p50_geocnn_r04.ply,p50.ply,4.77777777777778,84.96901938999532
WPC,ICIP2023,p50_gpcc-octree-predlift_r02.ply,p50.ply,1.76666666666667,25.927714914486877
WPC,ICIP2023,p50_gpcc-octree-predlift_r03.ply,p50.ply,3.11475409836066,47.010304822166525
WPC,ICIP2023,p50_gpcc-octree-predlift_r04.ply,p50.ply,3.9344262295082,70.75917899424229
WPC,ICIP2023,p50_gpcc-octree-predlift_r05.ply,p50.ply,4.33333333333333,75.9344893129639
WPC,ICIP2023,p50_gpcc-octree-predlift_r06.ply,p50.ply,4.60655737704918,78.62547384748628
WPC,ICIP2023,p50_gpcc-octree-raht_r02.ply,p50.ply,1.45161290322581,25.55133112495428
WPC,ICIP2023,p50_gpcc-octree-raht_r03.ply,p50.ply,2.63934426229508,48.549189058590166
WPC,ICIP2023,p50_gpcc-octree-raht_r04.ply,p50.ply,3.93103448275862,67.56814084446047
WPC,ICIP2023,p50_gpcc-octree-raht_r05.ply,p50.ply,4.29310344827586,76.14133152804453
WPC,ICIP2023,p50_gpcc-octree-raht_r06.ply,p50.ply,4.57377049180328,77.89285577362475
WPC,ICIP2023,p50_vpcc_r00.ply,p50.ply,1.88333333333333,54.95843638822802
WPC,ICIP2023,p50_vpcc_r01.ply,p50.ply,2.77966101694915,60.3008931943066
WPC,ICIP2023,p50_vpcc_r02.ply,p50.ply,3.47457627118644,71.6820882685147
WPC,ICIP2023,p50_vpcc_r03.ply,p50.ply,4.1551724137931,76.04519781671549
WPC,ICIP2023,p50_vpcc_r04.ply,p50.ply,4.5,76.38283802269626
WPC,ICIP2023,p50_vpcc_r05.ply,p50.ply,4.60344827586207,76.48759677370607
WPC,ICIP2023,p51_geocnn_r01.ply,p51.ply,3.59322033898305,77.85228924042738
WPC,ICIP2023,p51_geocnn_r02.ply,p51.ply,3.91803278688525,82.57249669490115
WPC,ICIP2023,p51_geocnn_r03.ply,p51.ply,4.15,83.80283378663054
WPC,ICIP2023,p51_geocnn_r04.ply,p51.ply,4.31147540983607,85.60185296248754
WPC,ICIP2023,p51_gpcc-octree-predlift_r02.ply,p51.ply,1.42372881355932,25.631653282165974
WPC,ICIP2023,p51_gpcc-octree-predlift_r03.ply,p51.ply,2.96610169491525,44.96349415800978
WPC,ICIP2023,p51_gpcc-octree-predlift_r04.ply,p51.ply,4.08196721311475,72.40285720410515
WPC,ICIP2023,p51_gpcc-octree-predlift_r05.ply,p51.ply,4.08064516129032,75.66385999015161
WPC,ICIP2023,p51_gpcc-octree-predlift_r06.ply,p51.ply,4.56666666666667,78.33936431934261
WPC,ICIP2023,p51_gpcc-octree-raht_r02.ply,p51.ply,1.4406779661017,25.13961210246232
WPC,ICIP2023,p51_gpcc-octree-raht_r03.ply,p51.ply,2.93333333333333,44.53296234334123
WPC,ICIP2023,p51_gpcc-octree-raht_r04.ply,p51.ply,4.03389830508475,72.8369610234149
WPC,ICIP2023,p51_gpcc-octree-raht_r05.ply,p51.ply,4.32258064516129,74.6010278807676
WPC,ICIP2023,p51_gpcc-octree-raht_r06.ply,p51.ply,4.51666666666667,78.22135048802765
WPC,ICIP2023,p51_vpcc_r00.ply,p51.ply,1.88333333333333,49.49969782203188
WPC,ICIP2023,p51_vpcc_r01.ply,p51.ply,3.03174603174603,64.61250627031868
WPC,ICIP2023,p51_vpcc_r02.ply,p51.ply,3.58333333333333,74.72132058993482
WPC,ICIP2023,p51_vpcc_r03.ply,p51.ply,4.04918032786885,75.93067210866992
WPC,ICIP2023,p51_vpcc_r04.ply,p51.ply,4.2,75.9631045907869
WPC,ICIP2023,p51_vpcc_r05.ply,p51.ply,4.47540983606557,76.3212339525664
WPC,ICIP2023,p52_geocnn_r01.ply,p52.ply,3.56666666666667,73.67335548914099
WPC,ICIP2023,p52_geocnn_r02.ply,p52.ply,4.23333333333333,77.3099981650127
WPC,ICIP2023,p52_geocnn_r03.ply,p52.ply,4.41935483870968,74.58506049661314
WPC,ICIP2023,p52_geocnn_r04.ply,p52.ply,4.45762711864407,81.75328462499529
WPC,ICIP2023,p52_gpcc-octree-predlift_r02.ply,p52.ply,1.39344262295082,28.675549629403076
WPC,ICIP2023,p52_gpcc-octree-predlift_r03.ply,p52.ply,2.96666666666667,50.30945502911354
WPC,ICIP2023,p52_gpcc-octree-predlift_r04.ply,p52.ply,4.33333333333333,75.75481229155518
WPC,ICIP2023,p52_gpcc-octree-predlift_r05.ply,p52.ply,4.56666666666667,77.74458856616452
WPC,ICIP2023,p52_gpcc-octree-predlift_r06.ply,p52.ply,4.67241379310345,78.23626268499568
WPC,ICIP2023,p52_gpcc-octree-raht_r02.ply,p52.ply,1.56666666666667,28.578813617588136
WPC,ICIP2023,p52_gpcc-octree-raht_r03.ply,p52.ply,2.66101694915254,45.79827468626722
WPC,ICIP2023,p52_gpcc-octree-raht_r04.ply,p52.ply,4.08333333333333,70.67932179150283
WPC,ICIP2023,p52_gpcc-octree-raht_r05.ply,p52.ply,4.62295081967213,77.40103747538804
WPC,ICIP2023,p52_gpcc-octree-raht_r06.ply,p52.ply,4.7,78.54200490910101
WPC,ICIP2023,p52_vpcc_r00.ply,p52.ply,2.26666666666667,55.106751611609404
WPC,ICIP2023,p52_vpcc_r01.ply,p52.ply,2.76271186440678,62.13512191054415
WPC,ICIP2023,p52_vpcc_r02.ply,p52.ply,3.59322033898305,67.82539307745132
WPC,ICIP2023,p52_vpcc_r03.ply,p52.ply,4.12903225806452,71.2081009485305
WPC,ICIP2023,p52_vpcc_r04.ply,p52.ply,4.58620689655172,74.27965701294201
WPC,ICIP2023,p52_vpcc_r05.ply,p52.ply,4.63934426229508,77.08237618964641
WPC,ICIP2023,p53_geocnn_r01.ply,p53.ply,3.95,79.50163233178057
WPC,ICIP2023,p53_geocnn_r02.ply,p53.ply,4.42622950819672,83.04566948770487
WPC,ICIP2023,p53_geocnn_r03.ply,p53.ply,4.60655737704918,84.50892139022906
WPC,ICIP2023,p53_geocnn_r04.ply,p53.ply,4.42622950819672,85.4190824510344
WPC,ICIP2023,p53_gpcc-octree-predlift_r02.ply,p53.ply,1.46666666666667,26.25771177469124
WPC,ICIP2023,p53_gpcc-octree-predlift_r03.ply,p53.ply,2.85,48.02709610058419
WPC,ICIP2023,p53_gpcc-octree-predlift_r04.ply,p53.ply,4.32258064516129,72.61401673217202
WPC,ICIP2023,p53_gpcc-octree-predlift_r05.ply,p53.ply,4.42372881355932,77.55570659233229
WPC,ICIP2023,p53_gpcc-octree-predlift_r06.ply,p53.ply,4.58620689655172,78.65642041261631
WPC,ICIP2023,p53_gpcc-octree-raht_r02.ply,p53.ply,1.25,24.134212581363553
WPC,ICIP2023,p53_gpcc-octree-raht_r03.ply,p53.ply,2.45901639344262,48.17677673641046
WPC,ICIP2023,p53_gpcc-octree-raht_r04.ply,p53.ply,4.13333333333333,71.19700246062433
WPC,ICIP2023,p53_gpcc-octree-raht_r05.ply,p53.ply,4.51724137931035,77.38978475245658
WPC,ICIP2023,p53_gpcc-octree-raht_r06.ply,p53.ply,4.60655737704918,78.37013764215077
WPC,ICIP2023,p53_vpcc_r00.ply,p53.ply,1.95,43.19374844018258
WPC,ICIP2023,p53_vpcc_r01.ply,p53.ply,2.78688524590164,60.095344775980465
WPC,ICIP2023,p53_vpcc_r02.ply,p53.ply,3.96666666666667,74.79554770328036
WPC,ICIP2023,p53_vpcc_r03.ply,p53.ply,4.42622950819672,75.37190392664847
WPC,ICIP2023,p53_vpcc_r04.ply,p53.ply,4.53448275862069,74.56500857427827
WPC,ICIP2023,p53_vpcc_r05.ply,p53.ply,4.63934426229508,77.47704236740101
WPC,ICIP2023,p54_geocnn_r01.ply,p54.ply,2.65573770491803,76.48473120482187
WPC,ICIP2023,p54_geocnn_r02.ply,p54.ply,3.49180327868852,80.46638454671694
WPC,ICIP2023,p54_geocnn_r03.ply,p54.ply,4.0,81.61295425168616
WPC,ICIP2023,p54_geocnn_r04.ply,p54.ply,4.16949152542373,82.65941493933384
WPC,ICIP2023,p54_gpcc-octree-predlift_r02.ply,p54.ply,1.26666666666667,27.800748944685033
WPC,ICIP2023,p54_gpcc-octree-predlift_r03.ply,p54.ply,2.95081967213115,47.01397183478294
WPC,ICIP2023,p54_gpcc-octree-predlift_r04.ply,p54.ply,4.30508474576271,72.15949682377264
WPC,ICIP2023,p54_gpcc-octree-predlift_r05.ply,p54.ply,4.30508474576271,76.05546079354714
WPC,ICIP2023,p54_gpcc-octree-predlift_r06.ply,p54.ply,4.55,78.13770861527864
WPC,ICIP2023,p54_gpcc-octree-raht_r02.ply,p54.ply,1.54098360655738,26.643480406441146
WPC,ICIP2023,p54_gpcc-octree-raht_r03.ply,p54.ply,3.1,46.90853374879466
WPC,ICIP2023,p54_gpcc-octree-raht_r04.ply,p54.ply,4.13333333333333,70.79922195468527
WPC,ICIP2023,p54_gpcc-octree-raht_r05.ply,p54.ply,4.37096774193548,75.83612267884618
WPC,ICIP2023,p54_gpcc-octree-raht_r06.ply,p54.ply,4.45614035087719,77.20016261768525
WPC,ICIP2023,p54_vpcc_r00.ply,p54.ply,2.70967741935484,56.92479515981748
WPC,ICIP2023,p54_vpcc_r01.ply,p54.ply,3.38983050847458,70.42070934823836
WPC,ICIP2023,p54_vpcc_r02.ply,p54.ply,4.1,76.48826699674602
WPC,ICIP2023,p54_vpcc_r03.ply,p54.ply,4.4406779661017,75.98546298549515
WPC,ICIP2023,p54_vpcc_r04.ply,p54.ply,4.46551724137931,77.04737324464797
WPC,ICIP2023,p54_vpcc_r05.ply,p54.ply,4.32786885245902,77.04951729048122
WPC,ICIP2023,p55_geocnn_r01.ply,p55.ply,3.83870967741936,79.5649076551768
WPC,ICIP2023,p55_geocnn_r02.ply,p55.ply,4.16949152542373,80.96175157841185
WPC,ICIP2023,p55_geocnn_r03.ply,p55.ply,4.62295081967213,83.6891706897661
WPC,ICIP2023,p55_geocnn_r04.ply,p55.ply,4.63793103448276,83.60505403937391
WPC,ICIP2023,p55_gpcc-octree-predlift_r02.ply,p55.ply,1.51724137931034,30.687345630622364
WPC,ICIP2023,p55_gpcc-octree-predlift_r03.ply,p55.ply,3.43333333333333,49.52631832810883
WPC,ICIP2023,p55_gpcc-octree-predlift_r04.ply,p55.ply,4.38333333333333,74.34964334279938
WPC,ICIP2023,p55_gpcc-octree-predlift_r05.ply,p55.ply,4.68965517241379,75.32734049796247
WPC,ICIP2023,p55_gpcc-octree-predlift_r06.ply,p55.ply,4.49180327868853,78.08813409066074
WPC,ICIP2023,p55_gpcc-octree-raht_r02.ply,p55.ply,1.43333333333333,30.799549460755475
WPC,ICIP2023,p55_gpcc-octree-raht_r03.ply,p55.ply,3.16666666666667,51.61111884644258
WPC,ICIP2023,p55_gpcc-octree-raht_r04.ply,p55.ply,4.24193548387097,71.34227521516843
WPC,ICIP2023,p55_gpcc-octree-raht_r05.ply,p55.ply,4.63793103448276,75.44392662373677
WPC,ICIP2023,p55_gpcc-octree-raht_r06.ply,p55.ply,4.67241379310345,78.0667031948967
WPC,ICIP2023,p55_vpcc_r00.ply,p55.ply,2.88333333333333,45.013701437721465
WPC,ICIP2023,p55_vpcc_r01.ply,p55.ply,3.61666666666667,53.71124730554994
WPC,ICIP2023,p55_vpcc_r02.ply,p55.ply,4.31147540983607,67.70483272705374
WPC,ICIP2023,p55_vpcc_r03.ply,p55.ply,4.52542372881356,78.24261498882919
WPC,ICIP2023,p55_vpcc_r04.ply,p55.ply,4.72131147540984,78.37346076157456
WPC,ICIP2023,p55_vpcc_r05.ply,p55.ply,4.57627118644068,80.97225267843102
WPC,ICIP2023,p56_geocnn_r01.ply,p56.ply,2.9344262295082,64.9919250582014
WPC,ICIP2023,p56_geocnn_r02.ply,p56.ply,4.13333333333333,66.65726558204432
WPC,ICIP2023,p56_geocnn_r03.ply,p56.ply,4.63157894736842,63.845822718500365
WPC,ICIP2023,p56_geocnn_r04.ply,p56.ply,4.5,64.70717868369468
WPC,ICIP2023,p56_gpcc-octree-predlift_r02.ply,p56.ply,1.24590163934426,22.38742016527299
WPC,ICIP2023,p56_gpcc-octree-predlift_r03.ply,p56.ply,3.04918032786885,53.50205036655663
WPC,ICIP2023,p56_gpcc-octree-predlift_r04.ply,p56.ply,4.33333333333333,67.36920149035133
WPC,ICIP2023,p56_gpcc-octree-predlift_r05.ply,p56.ply,4.61016949152542,66.2625817867369
WPC,ICIP2023,p56_gpcc-octree-predlift_r06.ply,p56.ply,4.72131147540984,68.02681260352122
WPC,ICIP2023,p56_gpcc-octree-raht_r02.ply,p56.ply,1.4406779661017,23.894859682239627
WPC,ICIP2023,p56_gpcc-octree-raht_r03.ply,p56.ply,3.21311475409836,52.55275542984143
WPC,ICIP2023,p56_gpcc-octree-raht_r04.ply,p56.ply,4.55737704918033,66.16206184626712
WPC,ICIP2023,p56_gpcc-octree-raht_r05.ply,p56.ply,4.58064516129032,65.76664523894566
WPC,ICIP2023,p56_gpcc-octree-raht_r06.ply,p56.ply,4.65,67.84455580273446
WPC,ICIP2023,p56_vpcc_r00.ply,p56.ply,1.71186440677966,40.26815713946948
WPC,ICIP2023,p56_vpcc_r01.ply,p56.ply,2.40983606557377,47.83555600302985
WPC,ICIP2023,p56_vpcc_r02.ply,p56.ply,2.85245901639344,60.160049055851026
WPC,ICIP2023,p56_vpcc_r03.ply,p56.ply,3.45,65.30948260537029
WPC,ICIP2023,p56_vpcc_r04.ply,p56.ply,3.83606557377049,67.58814449077654
WPC,ICIP2023,p56_vpcc_r05.ply,p56.ply,4.31666666666667,67.88499753073096
WPC,ICIP2023,p58_geocnn_r01.ply,p58.ply,2.75,72.35179493445534
WPC,ICIP2023,p58_geocnn_r02.ply,p58.ply,3.33333333333333,75.32220524103172
WPC,ICIP2023,p58_geocnn_r03.ply,p58.ply,3.9016393442623,78.23003226477834
WPC,ICIP2023,p58_geocnn_r04.ply,p58.ply,3.62295081967213,80.26230583980964
WPC,ICIP2023,p58_gpcc-octree-predlift_r02.ply,p58.ply,1.4,26.809939309643433
WPC,ICIP2023,p58_gpcc-octree-predlift_r03.ply,p58.ply,2.75862068965517,46.51758852761523
WPC,ICIP2023,p58_gpcc-octree-predlift_r04.ply,p58.ply,4.08474576271186,70.13254156056524
WPC,ICIP2023,p58_gpcc-octree-predlift_r05.ply,p58.ply,4.49180327868853,75.41755807070743
WPC,ICIP2023,p58_gpcc-octree-predlift_r06.ply,p58.ply,4.49180327868853,78.41043802955787
WPC,ICIP2023,p58_gpcc-octree-raht_r02.ply,p58.ply,1.87096774193548,26.457869041748857
WPC,ICIP2023,p58_gpcc-octree-raht_r03.ply,p58.ply,2.96610169491525,46.47711791622465
WPC,ICIP2023,p58_gpcc-octree-raht_r04.ply,p58.ply,4.01639344262295,71.16232318948111
WPC,ICIP2023,p58_gpcc-octree-raht_r05.ply,p58.ply,4.37704918032787,75.46445491752318
WPC,ICIP2023,p58_gpcc-octree-raht_r06.ply,p58.ply,4.35,78.14277011669415
WPC,ICIP2023,p58_vpcc_r00.ply,p58.ply,2.66666666666667,52.80204226411246
WPC,ICIP2023,p58_vpcc_r01.ply,p58.ply,3.27868852459016,60.467521392252614
WPC,ICIP2023,p58_vpcc_r02.ply,p58.ply,3.96825396825397,74.87049220518537
WPC,ICIP2023,p58_vpcc_r03.ply,p58.ply,4.19672131147541,75.41001618097022
WPC,ICIP2023,p58_vpcc_r04.ply,p58.ply,4.19672131147541,76.58136610298847
WPC,ICIP2023,p58_vpcc_r05.ply,p58.ply,4.28333333333333,76.17045318461034
WPC,ICIP2023,p65_geocnn_r01.ply,p65.ply,3.66666666666667,73.67928016662614
WPC,ICIP2023,p65_geocnn_r02.ply,p65.ply,4.25806451612903,75.31312073517611
WPC,ICIP2023,p65_geocnn_r03.ply,p65.ply,4.6271186440678,78.50564197253385
WPC,ICIP2023,p65_geocnn_r04.ply,p65.ply,4.33333333333333,81.06383423787946
WPC,ICIP2023,p65_gpcc-octree-predlift_r02.ply,p65.ply,1.43333333333333,25.084540169146706
WPC,ICIP2023,p65_gpcc-octree-predlift_r03.ply,p65.ply,2.68333333333333,48.8785926919004
WPC,ICIP2023,p65_gpcc-octree-predlift_r04.ply,p65.ply,4.05,66.15332227119015
WPC,ICIP2023,p65_gpcc-octree-predlift_r05.ply,p65.ply,4.24590163934426,73.12367096279482
WPC,ICIP2023,p65_gpcc-octree-predlift_r06.ply,p65.ply,4.31666666666667,77.22708703099026
WPC,ICIP2023,p65_gpcc-octree-raht_r02.ply,p65.ply,1.21666666666667,25.432327991352164
WPC,ICIP2023,p65_gpcc-octree-raht_r03.ply,p65.ply,2.32203389830508,46.90463887449277
WPC,ICIP2023,p65_gpcc-octree-raht_r04.ply,p65.ply,3.96610169491525,65.58191201990999
WPC,ICIP2023,p65_gpcc-octree-raht_r05.ply,p65.ply,4.30508474576271,72.73234025089135
WPC,ICIP2023,p65_gpcc-octree-raht_r06.ply,p65.ply,4.45,76.57587168605933
WPC,ICIP2023,p65_vpcc_r00.ply,p65.ply,1.69491525423729,38.94173017304368
WPC,ICIP2023,p65_vpcc_r01.ply,p65.ply,2.83333333333333,56.26196885532578
WPC,ICIP2023,p65_vpcc_r02.ply,p65.ply,3.5,69.89847986504915
WPC,ICIP2023,p65_vpcc_r03.ply,p65.ply,4.26229508196721,74.04073601121189
WPC,ICIP2023,p65_vpcc_r04.ply,p65.ply,4.35,74.46616116878938
WPC,ICIP2023,p65_vpcc_r05.ply,p65.ply,4.48333333333333,76.49309938302396
WPC,ICIP2023,p67_geocnn_r01.ply,p67.ply,2.75862068965517,76.00651697238023
WPC,ICIP2023,p67_geocnn_r02.ply,p67.ply,3.83050847457627,78.9914120830174
WPC,ICIP2023,p67_geocnn_r03.ply,p67.ply,4.01612903225806,82.05402271982996
WPC,ICIP2023,p67_geocnn_r04.ply,p67.ply,4.27118644067797,84.25822376703087
WPC,ICIP2023,p67_gpcc-octree-predlift_r02.ply,p67.ply,1.56451612903226,26.948629203401858
WPC,ICIP2023,p67_gpcc-octree-predlift_r03.ply,p67.ply,3.0327868852459,46.50407965528426
WPC,ICIP2023,p67_gpcc-octree-predlift_r04.ply,p67.ply,4.50847457627119,70.08807730151763
WPC,ICIP2023,p67_gpcc-octree-predlift_r05.ply,p67.ply,4.42622950819672,76.35864052414428
WPC,ICIP2023,p67_gpcc-octree-predlift_r06.ply,p67.ply,4.46666666666667,77.80603839383718
WPC,ICIP2023,p67_gpcc-octree-raht_r02.ply,p67.ply,1.40677966101695,25.121740837847938
WPC,ICIP2023,p67_gpcc-octree-raht_r03.ply,p67.ply,2.91666666666667,39.797375643088486
WPC,ICIP2023,p67_gpcc-octree-raht_r04.ply,p67.ply,4.24590163934426,62.82077389230494
WPC,ICIP2023,p67_gpcc-octree-raht_r05.ply,p67.ply,4.55,76.13403180891557
WPC,ICIP2023,p67_gpcc-octree-raht_r06.ply,p67.ply,4.65573770491803,77.44377415453026
WPC,ICIP2023,p67_vpcc_r00.ply,p67.ply,2.5,39.331672024336314
WPC,ICIP2023,p67_vpcc_r01.ply,p67.ply,3.5,55.313171739699065
WPC,ICIP2023,p67_vpcc_r02.ply,p67.ply,3.93220338983051,69.35783293895136
WPC,ICIP2023,p67_vpcc_r03.ply,p67.ply,4.3,73.10650690646489
WPC,ICIP2023,p67_vpcc_r04.ply,p67.ply,4.50847457627119,74.6962622422951
WPC,ICIP2023,p67_vpcc_r05.ply,p67.ply,4.41935483870968,77.05298639148752
WPC,ICIP2023,p68_geocnn_r03.ply,p68.ply,4.49180327868853,76.68754012905558
WPC,ICIP2023,p68_geocnn_r04.ply,p68.ply,4.66666666666667,78.25752061576594
WPC,ICIP2023,p68_gpcc-octree-predlift_r02.ply,p68.ply,1.40322580645161,27.02184828783069
WPC,ICIP2023,p68_gpcc-octree-predlift_r03.ply,p68.ply,3.27118644067797,45.76122076877985
WPC,ICIP2023,p68_gpcc-octree-predlift_r04.ply,p68.ply,4.34426229508197,72.84839921593877
WPC,ICIP2023,p68_gpcc-octree-predlift_r05.ply,p68.ply,4.32758620689655,75.84234670124303
WPC,ICIP2023,p68_gpcc-octree-predlift_r06.ply,p68.ply,4.65,78.27792164278422
WPC,ICIP2023,p68_gpcc-octree-raht_r02.ply,p68.ply,1.13333333333333,24.17447889620563
WPC,ICIP2023,p68_gpcc-octree-raht_r03.ply,p68.ply,3.55172413793103,45.11123629791817
WPC,ICIP2023,p68_gpcc-octree-raht_r04.ply,p68.ply,4.42622950819672,72.44681514716319
WPC,ICIP2023,p68_gpcc-octree-raht_r05.ply,p68.ply,4.62295081967213,76.06242135438643
WPC,ICIP2023,p68_gpcc-octree-raht_r06.ply,p68.ply,4.68852459016394,77.39265530199992
WPC,ICIP2023,p68_vpcc_r00.ply,p68.ply,2.04918032786885,47.65715955866781
WPC,ICIP2023,p68_vpcc_r01.ply,p68.ply,3.44262295081967,60.871218204051694
WPC,ICIP2023,p68_vpcc_r02.ply,p68.ply,4.0655737704918,69.41824946120366
WPC,ICIP2023,p68_vpcc_r03.ply,p68.ply,4.22033898305085,73.67707573345032
WPC,ICIP2023,p68_vpcc_r04.ply,p68.ply,4.48333333333333,74.567516344043
WPC,ICIP2023,p68_vpcc_r05.ply,p68.ply,4.5,76.17404035592811
WPC,ICIP2023,p69_geocnn_r01.ply,p69.ply,3.83333333333333,82.95041833019357
WPC,ICIP2023,p69_geocnn_r02.ply,p69.ply,4.14516129032258,83.81146891261865
WPC,ICIP2023,p69_geocnn_r03.ply,p69.ply,4.21666666666667,84.44953672450856
WPC,ICIP2023,p69_geocnn_r04.ply,p69.ply,4.6271186440678,84.54673447881362
WPC,ICIP2023,p69_gpcc-octree-predlift_r02.ply,p69.ply,1.54098360655738,32.764320652001715
WPC,ICIP2023,p69_gpcc-octree-predlift_r03.ply,p69.ply,3.27868852459016,53.422296931932216
WPC,ICIP2023,p69_gpcc-octree-predlift_r04.ply,p69.ply,4.19354838709677,74.02886788830705
WPC,ICIP2023,p69_gpcc-octree-predlift_r05.ply,p69.ply,4.53333333333333,75.91366518116305
WPC,ICIP2023,p69_gpcc-octree-predlift_r06.ply,p69.ply,4.64406779661017,76.88165403692331
WPC,ICIP2023,p69_gpcc-octree-raht_r02.ply,p69.ply,1.60655737704918,31.193079070656825
WPC,ICIP2023,p69_gpcc-octree-raht_r03.ply,p69.ply,2.63333333333333,51.81525366551964
WPC,ICIP2023,p69_gpcc-octree-raht_r04.ply,p69.ply,4.01724137931035,68.71227892069331
WPC,ICIP2023,p69_gpcc-octree-raht_r05.ply,p69.ply,4.70491803278689,75.29859627411572
WPC,ICIP2023,p69_gpcc-octree-raht_r06.ply,p69.ply,4.6271186440678,76.7301021029407
WPC,ICIP2023,p69_vpcc_r00.ply,p69.ply,2.12280701754386,54.75612753591265
WPC,ICIP2023,p69_vpcc_r01.ply,p69.ply,2.75862068965517,59.8392214911648
WPC,ICIP2023,p69_vpcc_r02.ply,p69.ply,3.40983606557377,63.61602770706482
WPC,ICIP2023,p69_vpcc_r03.ply,p69.ply,4.0327868852459,78.78483358117168
WPC,ICIP2023,p69_vpcc_r04.ply,p69.ply,4.51666666666667,83.34849553578248
WPC,ICIP2023,p69_vpcc_r05.ply,p69.ply,4.42622950819672,83.01790268137546
WPC,ICIP2023,p70_geocnn_r01.ply,p70.ply,3.83333333333333,75.11585934403291
WPC,ICIP2023,p70_geocnn_r02.ply,p70.ply,4.41666666666667,76.34141422821708
WPC,ICIP2023,p70_geocnn_r03.ply,p70.ply,4.44262295081967,78.7247312199232
WPC,ICIP2023,p70_geocnn_r04.ply,p70.ply,4.25862068965517,80.02961567705927
WPC,ICIP2023,p70_gpcc-octree-predlift_r02.ply,p70.ply,1.1864406779661,26.39800290662661
WPC,ICIP2023,p70_gpcc-octree-predlift_r03.ply,p70.ply,2.64406779661017,44.51486461920429
WPC,ICIP2023,p70_gpcc-octree-predlift_r04.ply,p70.ply,4.19047619047619,70.97505992446328
WPC,ICIP2023,p70_gpcc-octree-predlift_r05.ply,p70.ply,4.44262295081967,76.24061774301526
WPC,ICIP2023,p70_gpcc-octree-predlift_r06.ply,p70.ply,4.45,78.51924193535918
WPC,ICIP2023,p70_gpcc-octree-raht_r02.ply,p70.ply,1.41935483870968,25.74462877291163
WPC,ICIP2023,p70_gpcc-octree-raht_r03.ply,p70.ply,2.34426229508197,44.324697696746526
WPC,ICIP2023,p70_gpcc-octree-raht_r04.ply,p70.ply,4.10169491525424,68.48154900532023
WPC,ICIP2023,p70_gpcc-octree-raht_r05.ply,p70.ply,4.46774193548387,75.34923392266349
WPC,ICIP2023,p70_gpcc-octree-raht_r06.ply,p70.ply,4.33898305084746,78.33878506906215
WPC,ICIP2023,p70_vpcc_r00.ply,p70.ply,1.66666666666667,49.61034435086558
WPC,ICIP2023,p70_vpcc_r01.ply,p70.ply,2.43103448275862,61.91834825059007
WPC,ICIP2023,p70_vpcc_r02.ply,p70.ply,3.26229508196721,72.42059811340054
WPC,ICIP2023,p70_vpcc_r03.ply,p70.ply,4.08196721311475,76.538418935201
WPC,ICIP2023,p70_vpcc_r04.ply,p70.ply,4.36666666666667,74.62474559681942
WPC,ICIP2023,p70_vpcc_r05.ply,p70.ply,4.38333333333333,77.05346657464686
WPC,ICIP2023,p72_geocnn_r01.ply,p72.ply,3.08333333333333,75.01673297086991
WPC,ICIP2023,p72_geocnn_r02.ply,p72.ply,3.48333333333333,75.88981344111792
WPC,ICIP2023,p72_geocnn_r03.ply,p72.ply,3.63793103448276,82.40629278489591
WPC,ICIP2023,p72_geocnn_r04.ply,p72.ply,3.94915254237288,82.16528621697053
WPC,ICIP2023,p72_gpcc-octree-predlift_r02.ply,p72.ply,1.3,26.46471554076999
WPC,ICIP2023,p72_gpcc-octree-predlift_r03.ply,p72.ply,2.59322033898305,44.78531452863703
WPC,ICIP2023,p72_gpcc-octree-predlift_r04.ply,p72.ply,4.18333333333333,71.02337588830784
WPC,ICIP2023,p72_gpcc-octree-predlift_r05.ply,p72.ply,4.18032786885246,76.67684809188879
WPC,ICIP2023,p72_gpcc-octree-predlift_r06.ply,p72.ply,4.33333333333333,77.46026608592874
WPC,ICIP2023,p72_gpcc-octree-raht_r02.ply,p72.ply,1.22413793103448,25.93147940757612
WPC,ICIP2023,p72_gpcc-octree-raht_r03.ply,p72.ply,2.65573770491803,45.501223294518276
WPC,ICIP2023,p72_gpcc-octree-raht_r04.ply,p72.ply,3.91525423728814,70.03354490872275
WPC,ICIP2023,p72_gpcc-octree-raht_r05.ply,p72.ply,4.25,77.22457527806759
WPC,ICIP2023,p72_gpcc-octree-raht_r06.ply,p72.ply,4.31666666666667,76.80634956243908
WPC,ICIP2023,p72_vpcc_r00.ply,p72.ply,1.89830508474576,58.01770196049097
WPC,ICIP2023,p72_vpcc_r01.ply,p72.ply,2.66666666666667,69.95532758146565
WPC,ICIP2023,p72_vpcc_r02.ply,p72.ply,3.35,76.06063801075203
WPC,ICIP2023,p72_vpcc_r03.ply,p72.ply,3.72413793103448,75.45596544199137
WPC,ICIP2023,p72_vpcc_r04.ply,p72.ply,4.11475409836066,75.55443578926453
WPC,ICIP2023,p72_vpcc_r05.ply,p72.ply,4.31147540983607,75.66740316578127
WPC,ICIP2023,p74_geocnn_r01.ply,p74.ply,1.94915254237288,74.35397212509282
WPC,ICIP2023,p74_geocnn_r02.ply,p74.ply,3.53448275862069,76.91558672158509
WPC,ICIP2023,p74_geocnn_r03.ply,p74.ply,3.76190476190476,77.43204164228126
WPC,ICIP2023,p74_geocnn_r04.ply,p74.ply,3.76666666666667,81.01174587761496
WPC,ICIP2023,p74_gpcc-octree-predlift_r02.ply,p74.ply,1.2741935483871,26.222910999825434
WPC,ICIP2023,p74_gpcc-octree-predlift_r03.ply,p74.ply,2.18965517241379,44.3952007991195
WPC,ICIP2023,p74_gpcc-octree-predlift_r04.ply,p74.ply,3.66129032258065,72.10528406367261
WPC,ICIP2023,p74_gpcc-octree-predlift_r05.ply,p74.ply,4.01694915254237,76.30664260114585
WPC,ICIP2023,p74_gpcc-octree-predlift_r06.ply,p74.ply,4.0655737704918,78.79324344296155
WPC,ICIP2023,p74_gpcc-octree-raht_r02.ply,p74.ply,1.33898305084746,26.760875608185323
WPC,ICIP2023,p74_gpcc-octree-raht_r03.ply,p74.ply,2.18032786885246,44.05198181994346
WPC,ICIP2023,p74_gpcc-octree-raht_r04.ply,p74.ply,3.8,71.1029014304431
WPC,ICIP2023,p74_gpcc-octree-raht_r05.ply,p74.ply,4.01666666666667,76.71251666955983
WPC,ICIP2023,p74_gpcc-octree-raht_r06.ply,p74.ply,4.0,78.8039316057064
WPC,ICIP2023,p74_vpcc_r00.ply,p74.ply,2.41935483870968,55.45122811320657
WPC,ICIP2023,p74_vpcc_r01.ply,p74.ply,3.15254237288136,66.11107627954856
WPC,ICIP2023,p74_vpcc_r02.ply,p74.ply,3.98275862068966,77.09501365169791
WPC,ICIP2023,p74_vpcc_r03.ply,p74.ply,4.13559322033898,76.31417678875935
WPC,ICIP2023,p74_vpcc_r04.ply,p74.ply,3.93333333333333,75.06803095474208
WPC,ICIP2023,p74_vpcc_r05.ply,p74.ply,4.1864406779661,75.88904937208883
WPC,ICIP2023,p75_geocnn_r01.ply,p75.ply,2.53225806451613,75.91791904966769
WPC,ICIP2023,p75_geocnn_r02.ply,p75.ply,3.3448275862069,80.73395706986852
WPC,ICIP2023,p75_geocnn_r03.ply,p75.ply,3.55737704918033,81.78203792917166
WPC,ICIP2023,p75_geocnn_r04.ply,p75.ply,4.08474576271186,83.18757150404484
WPC,ICIP2023,p75_gpcc-octree-predlift_r02.ply,p75.ply,1.41379310344828,26.62508537749747
WPC,ICIP2023,p75_gpcc-octree-predlift_r03.ply,p75.ply,2.95081967213115,50.10619200847226
WPC,ICIP2023,p75_gpcc-octree-predlift_r04.ply,p75.ply,4.09677419354839,68.06777018428056
WPC,ICIP2023,p75_gpcc-octree-predlift_r05.ply,p75.ply,4.4,75.45652665552053
WPC,ICIP2023,p75_gpcc-octree-predlift_r06.ply,p75.ply,4.22033898305085,77.45913907128134
WPC,ICIP2023,p75_gpcc-octree-raht_r02.ply,p75.ply,1.47457627118644,27.19777678577832
WPC,ICIP2023,p75_gpcc-octree-raht_r03.ply,p75.ply,2.61666666666667,49.15369449960314
WPC,ICIP2023,p75_gpcc-octree-raht_r04.ply,p75.ply,4.19672131147541,67.9766361040989
WPC,ICIP2023,p75_gpcc-octree-raht_r05.ply,p75.ply,4.29310344827586,75.87430700204466
WPC,ICIP2023,p75_gpcc-octree-raht_r06.ply,p75.ply,4.12068965517241,76.61082187357893
WPC,ICIP2023,p75_vpcc_r00.ply,p75.ply,2.04918032786885,56.87999474288867
WPC,ICIP2023,p75_vpcc_r01.ply,p75.ply,3.3728813559322,66.58498713008358
WPC,ICIP2023,p75_vpcc_r02.ply,p75.ply,3.63793103448276,75.10948446859572
WPC,ICIP2023,p75_vpcc_r03.ply,p75.ply,3.9672131147541,75.30958459368513
WPC,ICIP2023,p75_vpcc_r04.ply,p75.ply,3.96610169491525,76.15799614853555
WPC,ICIP2023,p75_vpcc_r05.ply,p75.ply,3.79661016949153,78.39121137396823
WPC,LS-PCQA,4armsMonstre_Octree_1.ply,4armsMonstre.ply,3.71875,58.89162329245434
WPC,LS-PCQA,4armsMonstre_Octree_2.ply,4armsMonstre.ply,3.3125,33.794556621343446
WPC,LS-PCQA,4armsMonstre_Octree_3.ply,4armsMonstre.ply,3.14285714285714,20.8156522679528
WPC,LS-PCQA,4armsMonstre_Octree_4.ply,4armsMonstre.ply,2.53333333333333,12.442540075879249
WPC,LS-PCQA,4armsMonstre_Octree_5.ply,4armsMonstre.ply,2.16666666666667,10.825860633525112
WPC,LS-PCQA,Asterix_GammaNoise_1.ply,Asterix.ply,3.21428571428571,45.39439169497054
WPC,LS-PCQA,Asterix_GammaNoise_3.ply,Asterix.ply,2.75,37.57867276075513
WPC,LS-PCQA,Asterix_GammaNoise_4.ply,Asterix.ply,2.96666666666667,36.76609157038235
WPC,LS-PCQA,Asterix_GammaNoise_5.ply,Asterix.ply,2.85714285714286,32.84879770013462
WPC,LS-PCQA,Asterix_GammaNoise_7.ply,Asterix.ply,2.28571428571429,30.895727324835274
WPC,LS-PCQA,Asterix_MultiplicativeGaussianNoise_1.ply,Asterix.ply,2.93333333333333,40.85346022378958
WPC,LS-PCQA,Asterix_MultiplicativeGaussianNoise_3.ply,Asterix.ply,2.63333333333333,31.11339647489461
WPC,LS-PCQA,Asterix_MultiplicativeGaussianNoise_4.ply,Asterix.ply,2.5,29.12112596784885
WPC,LS-PCQA,Asterix_MultiplicativeGaussianNoise_5.ply,Asterix.ply,2.375,28.838827467020042
WPC,LS-PCQA,Asterix_MultiplicativeGaussianNoise_7.ply,Asterix.ply,2.21428571428571,25.585525272388665
WPC,LS-PCQA,Asterix_reconstruction_3.ply,Asterix.ply,4.0625,51.71105309139294
WPC,LS-PCQA,Asterix_reconstruction_4.ply,Asterix.ply,3.96428571428571,51.28160761153055
WPC,LS-PCQA,Asterix_reconstruction_5.ply,Asterix.ply,3.67857142857143,52.13500517178467
WPC,LS-PCQA,Asterix_reconstruction_6.ply,Asterix.ply,3.67857142857143,41.11149718819166
WPC,LS-PCQA,Asterix_reconstruction_7.ply,Asterix.ply,3.03571428571429,28.208072484836865
WPC,LS-PCQA,AustralianCattleDog_limitlossyG-lossyA_3.ply,AustralianCattleDog.ply,4.14285714285714,67.70441254129098
WPC,LS-PCQA,AustralianCattleDog_limitlossyG-lossyA_4.ply,AustralianCattleDog.ply,4.21428571428571,40.339218679882585
WPC,LS-PCQA,AustralianCattleDog_limitlossyG-lossyA_5.ply,AustralianCattleDog.ply,2.96875,12.532996556977661
WPC,LS-PCQA,AustralianCattleDog_limitlossyG-lossyA_6.ply,AustralianCattleDog.ply,1.96428571428571,8.22430713892428
WPC,LS-PCQA,AustralianCattleDog_limitlossyG-lossyA_7.ply,AustralianCattleDog.ply,1.6875,7.5030292321249945
WPC,LS-PCQA,AustralianCattleDog_LumaNoise_1.ply,AustralianCattleDog.ply,4.17857142857143,85.91294087217233
WPC,LS-PCQA,AustralianCattleDog_LumaNoise_3.ply,AustralianCattleDog.ply,2.89285714285714,75.46669557421487
WPC,LS-PCQA,AustralianCattleDog_LumaNoise_4.ply,AustralianCattleDog.ply,2.86666666666667,62.65311024044444
WPC,LS-PCQA,AustralianCattleDog_LumaNoise_5.ply,AustralianCattleDog.ply,2.67857142857143,54.210901351718285
WPC,LS-PCQA,AustralianCattleDog_LumaNoise_7.ply,AustralianCattleDog.ply,2.10714285714286,33.92825601645027
WPC,LS-PCQA,aya_limitlossyG-lossyA_3.ply,aya.ply,4.34375,68.24109092257302
WPC,LS-PCQA,aya_limitlossyG-lossyA_4.ply,aya.ply,3.8125,43.88061250570592
WPC,LS-PCQA,aya_limitlossyG-lossyA_5.ply,aya.ply,2.57142857142857,13.688394001838464
WPC,LS-PCQA,aya_limitlossyG-lossyA_6.ply,aya.ply,2.125,9.253514263429224
WPC,LS-PCQA,aya_limitlossyG-lossyA_7.ply,aya.ply,1.35714285714286,7.856668887213186
WPC,LS-PCQA,aya_lossless-geom-lossy-attrs_3.ply,aya.ply,4.92857142857143,83.82817052935863
WPC,LS-PCQA,aya_lossless-geom-lossy-attrs_4.ply,aya.ply,4.42857142857143,79.75114898281832
WPC,LS-PCQA,aya_lossless-geom-lossy-attrs_5.ply,aya.ply,4.43333333333333,75.32644960834635
WPC,LS-PCQA,aya_lossless-geom-lossy-attrs_6.ply,aya.ply,3.9375,69.83227143364707
WPC,LS-PCQA,aya_lossless-geom-lossy-attrs_7.ply,aya.ply,3.03125,60.488530647067456
WPC,LS-PCQA,aya_PoissonNoise_3.ply,aya.ply,4.17857142857143,75.73267530351853
WPC,LS-PCQA,aya_PoissonNoise_4.ply,aya.ply,3.92857142857143,67.39139956042769
WPC,LS-PCQA,aya_PoissonNoise_5.ply,aya.ply,4.0,61.044070793332
WPC,LS-PCQA,aya_PoissonNoise_6.ply,aya.ply,3.5,55.68309792519719
WPC,LS-PCQA,aya_PoissonNoise_7.ply,aya.ply,3.42857142857143,45.855955101094516
WPC,LS-PCQA,Baldness_limitlossyG-lossyA_3.ply,Baldness.ply,4.9,68.47015361356038
WPC,LS-PCQA,Baldness_limitlossyG-lossyA_4.ply,Baldness.ply,3.625,38.963009501661716
WPC,LS-PCQA,Baldness_limitlossyG-lossyA_5.ply,Baldness.ply,1.78571428571429,10.476064978416236
WPC,LS-PCQA,Baldness_limitlossyG-lossyA_6.ply,Baldness.ply,1.8,8.4873265847103
WPC,LS-PCQA,Baldness_limitlossyG-lossyA_7.ply,Baldness.ply,1.46428571428571,7.741593168532017
WPC,LS-PCQA,Baldness_lossless-geom-lossy-attrs_3.ply,Baldness.ply,4.8125,84.00837765981427
WPC,LS-PCQA,Baldness_lossless-geom-lossy-attrs_4.ply,Baldness.ply,4.39285714285714,80.08989950085952
WPC,LS-PCQA,Baldness_lossless-geom-lossy-attrs_5.ply,Baldness.ply,4.03571428571429,73.83377540614829
WPC,LS-PCQA,Baldness_lossless-geom-lossy-attrs_6.ply,Baldness.ply,3.78571428571429,59.85946758633886
WPC,LS-PCQA,Baldness_lossless-geom-lossy-attrs_7.ply,Baldness.ply,2.60714285714286,46.37038811120029
WPC,LS-PCQA,Baldness_PoissonNoise_3.ply,Baldness.ply,3.5,77.05041829181695
WPC,LS-PCQA,Baldness_PoissonNoise_4.ply,Baldness.ply,4.10714285714286,72.54136997271716
WPC,LS-PCQA,Baldness_PoissonNoise_5.ply,Baldness.ply,3.56666666666667,69.53881050682914
WPC,LS-PCQA,Baldness_PoissonNoise_6.ply,Baldness.ply,3.42857142857143,61.16651024895211
WPC,LS-PCQA,Baldness_PoissonNoise_7.ply,Baldness.ply,3.5,56.61863651102086
WPC,LS-PCQA,banjofrog_limitlossyG-lossyA_3.ply,banjofrog.ply,4.8,69.76939548474752
WPC,LS-PCQA,banjofrog_limitlossyG-lossyA_4.ply,banjofrog.ply,4.35714285714286,54.847814317343904
WPC,LS-PCQA,banjofrog_limitlossyG-lossyA_5.ply,banjofrog.ply,2.8125,14.241663044445843
WPC,LS-PCQA,banjofrog_limitlossyG-lossyA_6.ply,banjofrog.ply,2.25,10.028974221787598
WPC,LS-PCQA,banjofrog_limitlossyG-lossyA_7.ply,banjofrog.ply,1.78571428571429,7.998675706751075
WPC,LS-PCQA,basketballplayer_lossless-geom-nearlossless-attrs_3.ply,basketballplayer.ply,4.78571428571429,87.71718277433072
WPC,LS-PCQA,basketballplayer_lossless-geom-nearlossless-attrs_4.ply,basketballplayer.ply,4.67857142857143,79.1920061226205
WPC,LS-PCQA,basketballplayer_lossless-geom-nearlossless-attrs_5.ply,basketballplayer.ply,3.96428571428571,61.887663187362286
WPC,LS-PCQA,basketballplayer_lossless-geom-nearlossless-attrs_6.ply,basketballplayer.ply,2.67857142857143,46.45950947217752
WPC,LS-PCQA,basketballplayer_lossless-geom-nearlossless-attrs_7.ply,basketballplayer.ply,1.8125,31.755444829141037
WPC,LS-PCQA,basketballplayer_losslessG-limitlossyA_3.ply,basketballplayer.ply,4.53571428571429,88.74958335265181
WPC,LS-PCQA,basketballplayer_losslessG-limitlossyA_4.ply,basketballplayer.ply,4.25,82.1823425146861
WPC,LS-PCQA,basketballplayer_losslessG-limitlossyA_5.ply,basketballplayer.ply,3.78571428571429,64.77189476008368
WPC,LS-PCQA,basketballplayer_losslessG-limitlossyA_6.ply,basketballplayer.ply,3.25,48.38486196331992
WPC,LS-PCQA,basketballplayer_losslessG-limitlossyA_7.ply,basketballplayer.ply,2.78571428571429,33.56002165452204
WPC,LS-PCQA,basketballplayer_QuantizationNoise_1.ply,basketballplayer.ply,3.75,63.44248401573093
WPC,LS-PCQA,basketballplayer_QuantizationNoise_3.ply,basketballplayer.ply,3.21428571428571,59.951024195514066
WPC,LS-PCQA,basketballplayer_QuantizationNoise_4.ply,basketballplayer.ply,3.23333333333333,50.79723398342529
WPC,LS-PCQA,basketballplayer_QuantizationNoise_5.ply,basketballplayer.ply,3.28125,50.79723398342529
WPC,LS-PCQA,basketballplayer_QuantizationNoise_7.ply,basketballplayer.ply,2.85714285714286,33.50201601131503
WPC,LS-PCQA,BB8New_C2AI-lossy-geom-lossy-attrs_3.ply,BB8New.ply,4.89285714285714,58.86028296109333
WPC,LS-PCQA,BB8New_C2AI-lossy-geom-lossy-attrs_4.ply,BB8New.ply,4.46428571428571,51.792305254293424
WPC,LS-PCQA,BB8New_C2AI-lossy-geom-lossy-attrs_5.ply,BB8New.ply,3.78571428571429,46.90956733534666
WPC,LS-PCQA,BB8New_C2AI-lossy-geom-lossy-attrs_6.ply,BB8New.ply,3.60714285714286,41.9724422081744
WPC,LS-PCQA,BB8New_C2AI-lossy-geom-lossy-attrs_7.ply,BB8New.ply,3.35714285714286,37.44147152525239
WPC,LS-PCQA,BB8New_LocalOffset_1.ply,BB8New.ply,3.53125,75.03073472877098
WPC,LS-PCQA,BB8New_LocalOffset_2.ply,BB8New.ply,2.89285714285714,65.4138089363363
WPC,LS-PCQA,BB8New_LocalOffset_3.ply,BB8New.ply,2.375,61.75145608677968
WPC,LS-PCQA,BB8New_LocalOffset_4.ply,BB8New.ply,2.32142857142857,55.55580435905853
WPC,LS-PCQA,BB8New_LocalOffset_5.ply,BB8New.ply,1.53571428571429,34.847977243431075
WPC,LS-PCQA,BB8New_LocalRotation_1.ply,BB8New.ply,3.03333333333333,65.13510231225686
WPC,LS-PCQA,BB8New_LocalRotation_2.ply,BB8New.ply,3.16666666666667,63.003692693479294
WPC,LS-PCQA,BB8New_LocalRotation_3.ply,BB8New.ply,2.46428571428571,60.734374003575695
WPC,LS-PCQA,BB8New_LocalRotation_4.ply,BB8New.ply,1.8,40.489464847063296
WPC,LS-PCQA,BB8New_LocalRotation_5.ply,BB8New.ply,1.76666666666667,25.355607795805827
WPC,LS-PCQA,BB8New_SaltpepperNoise_1.ply,BB8New.ply,3.42857142857143,70.24429212962009
WPC,LS-PCQA,BB8New_SaltpepperNoise_3.ply,BB8New.ply,3.17857142857143,48.993500145165875
WPC,LS-PCQA,BB8New_SaltpepperNoise_4.ply,BB8New.ply,2.78571428571429,38.406561076248764
WPC,LS-PCQA,BB8New_SaltpepperNoise_5.ply,BB8New.ply,2.96428571428571,36.50276081817477
WPC,LS-PCQA,BB8New_SaltpepperNoise_7.ply,BB8New.ply,2.8,31.936795384877215
WPC,LS-PCQA,Beagle_losslessG-limitlossyA_3.ply,Beagle.ply,4.9,88.33887703460445
WPC,LS-PCQA,Beagle_losslessG-limitlossyA_4.ply,Beagle.ply,4.67857142857143,90.56068640010989
WPC,LS-PCQA,Beagle_losslessG-limitlossyA_5.ply,Beagle.ply,4.3,76.43875554664025
WPC,LS-PCQA,Beagle_losslessG-limitlossyA_6.ply,Beagle.ply,3.73333333333333,61.05060261988551
WPC,LS-PCQA,Beagle_losslessG-limitlossyA_7.ply,Beagle.ply,3.28571428571429,45.684256944161454
WPC,LS-PCQA,Beagle_LumaNoise_1.ply,Beagle.ply,4.85714285714286,86.60483000904146
WPC,LS-PCQA,Beagle_LumaNoise_3.ply,Beagle.ply,3.03571428571429,42.72813902632245
WPC,LS-PCQA,Beagle_LumaNoise_4.ply,Beagle.ply,3.46875,34.31905637778908
WPC,LS-PCQA,Beagle_LumaNoise_5.ply,Beagle.ply,2.9,29.68627222144161
WPC,LS-PCQA,Beagle_LumaNoise_7.ply,Beagle.ply,3.0,26.701792817180873
WPC,LS-PCQA,BirdToucan_losslessG-limitlossyA_3.ply,BirdToucan.ply,4.83333333333333,87.29166231950266
WPC,LS-PCQA,BirdToucan_losslessG-limitlossyA_4.ply,BirdToucan.ply,4.8,81.69641839547812
WPC,LS-PCQA,BirdToucan_losslessG-limitlossyA_5.ply,BirdToucan.ply,4.33333333333333,73.27779018447863
WPC,LS-PCQA,BirdToucan_losslessG-limitlossyA_6.ply,BirdToucan.ply,3.76666666666667,60.395225622009576
WPC,LS-PCQA,BirdToucan_losslessG-limitlossyA_7.ply,BirdToucan.ply,3.53333333333333,51.79938734588436
WPC,LS-PCQA,BirdToucan_MeanShift_1.ply,BirdToucan.ply,4.82142857142857,85.68507072007715
WPC,LS-PCQA,BirdToucan_MeanShift_3.ply,BirdToucan.ply,3.71428571428571,77.75953264488666
WPC,LS-PCQA,BirdToucan_MeanShift_4.ply,BirdToucan.ply,3.07142857142857,65.41956612930666
WPC,LS-PCQA,BirdToucan_MeanShift_5.ply,BirdToucan.ply,3.10714285714286,57.012071466432445
WPC,LS-PCQA,BirdToucan_MeanShift_7.ply,BirdToucan.ply,2.42857142857143,28.906830034485882
WPC,LS-PCQA,Birdv1_losslessG-lossyA_3.ply,Birdv1.ply,4.96428571428571,86.66702119721673
WPC,LS-PCQA,Birdv1_losslessG-lossyA_4.ply,Birdv1.ply,4.67857142857143,75.89047823388505
WPC,LS-PCQA,Birdv1_losslessG-lossyA_5.ply,Birdv1.ply,3.9,56.644917813789
WPC,LS-PCQA,Birdv1_losslessG-lossyA_6.ply,Birdv1.ply,2.67857142857143,39.72869781384305
WPC,LS-PCQA,Birdv1_losslessG-lossyA_7.ply,Birdv1.ply,2.63333333333333,32.16848045396851
WPC,LS-PCQA,Birdv1_MeanShift_1.ply,Birdv1.ply,4.92857142857143,86.67184192013116
WPC,LS-PCQA,Birdv1_MeanShift_3.ply,Birdv1.ply,3.25,73.79971194654358
WPC,LS-PCQA,Birdv1_MeanShift_4.ply,Birdv1.ply,3.1,64.92463417886597
WPC,LS-PCQA,Birdv1_MeanShift_5.ply,Birdv1.ply,2.82142857142857,56.84649848884392
WPC,LS-PCQA,Birdv1_MeanShift_7.ply,Birdv1.ply,2.8125,30.45525683535428
WPC,LS-PCQA,BirdV2_losslessG-lossyA_3.ply,BirdV2.ply,4.75,88.14133430320194
WPC,LS-PCQA,BirdV2_losslessG-lossyA_4.ply,BirdV2.ply,4.6,81.00571665670498
WPC,LS-PCQA,BirdV2_losslessG-lossyA_5.ply,BirdV2.ply,3.53125,62.40461878641119
WPC,LS-PCQA,BirdV2_losslessG-lossyA_6.ply,BirdV2.ply,3.25,44.0629616916193
WPC,LS-PCQA,BirdV2_losslessG-lossyA_7.ply,BirdV2.ply,3.23333333333333,29.525923822549995
WPC,LS-PCQA,BirdV3_MultiplicativeGaussianNoise_1.ply,BirdV3.ply,3.56666666666667,47.130370840926886
WPC,LS-PCQA,BirdV3_MultiplicativeGaussianNoise_3.ply,BirdV3.ply,3.21875,36.4056307988758
WPC,LS-PCQA,BirdV3_MultiplicativeGaussianNoise_4.ply,BirdV3.ply,2.9,32.15211753870438
WPC,LS-PCQA,BirdV3_MultiplicativeGaussianNoise_5.ply,BirdV3.ply,3.0,30.284551793468232
WPC,LS-PCQA,BirdV3_MultiplicativeGaussianNoise_7.ply,BirdV3.ply,2.84375,26.5587613181954
WPC,LS-PCQA,BirdV4_MultiplicativeGaussianNoise_1.ply,BirdV4.ply,3.60714285714286,69.22834312529488
WPC,LS-PCQA,BirdV4_MultiplicativeGaussianNoise_3.ply,BirdV4.ply,3.35714285714286,45.912081210191864
WPC,LS-PCQA,BirdV4_MultiplicativeGaussianNoise_4.ply,BirdV4.ply,3.17857142857143,42.50429471848327
WPC,LS-PCQA,BirdV4_MultiplicativeGaussianNoise_5.ply,BirdV4.ply,2.93333333333333,36.37996427499774
WPC,LS-PCQA,BirdV4_MultiplicativeGaussianNoise_7.ply,BirdV4.ply,2.53571428571429,30.887533574670794
WPC,LS-PCQA,Birdv5_Octree_1.ply,Birdv5.ply,3.64285714285714,11.271723249798749
WPC,LS-PCQA,Birdv5_Octree_2.ply,Birdv5.ply,2.46428571428571,7.892495222072889
WPC,LS-PCQA,Birdv5_Octree_3.ply,Birdv5.ply,2.39285714285714,7.659602932404129
WPC,LS-PCQA,Birdv5_Octree_4.ply,Birdv5.ply,2.14285714285714,7.308226669462877
WPC,LS-PCQA,Birdv5_Octree_5.ply,Birdv5.ply,2.03571428571429,8.011280957544834
WPC,LS-PCQA,BirdV6_Octree_1.ply,BirdV6.ply,3.25,15.30747878196362
WPC,LS-PCQA,BirdV6_Octree_2.ply,BirdV6.ply,2.76666666666667,14.020785898387295
WPC,LS-PCQA,BirdV6_Octree_3.ply,BirdV6.ply,2.71428571428571,10.583574318620265
WPC,LS-PCQA,BirdV6_Octree_4.ply,BirdV6.ply,2.40625,9.836440089556055
WPC,LS-PCQA,BirdV6_Octree_5.ply,BirdV6.ply,2.35714285714286,9.277899672904315
WPC,LS-PCQA,BricksWall_GammaNoise_1.ply,BricksWall.ply,3.78125,74.73521453008001
WPC,LS-PCQA,BricksWall_GammaNoise_3.ply,BricksWall.ply,3.32142857142857,67.2567152579641
WPC,LS-PCQA,BricksWall_GammaNoise_4.ply,BricksWall.ply,3.4375,62.78237414208923
WPC,LS-PCQA,BricksWall_GammaNoise_5.ply,BricksWall.ply,3.32142857142857,57.46999170780331
WPC,LS-PCQA,BricksWall_GammaNoise_7.ply,BricksWall.ply,2.53571428571429,38.466269848821675
WPC,LS-PCQA,BricksWall_HighFrequencyNoise_3.ply,BricksWall.ply,4.25,84.48916767596982
WPC,LS-PCQA,BricksWall_HighFrequencyNoise_4.ply,BricksWall.ply,4.17857142857143,77.87927228092123
WPC,LS-PCQA,BricksWall_HighFrequencyNoise_5.ply,BricksWall.ply,3.6875,76.19241715399457
WPC,LS-PCQA,BricksWall_HighFrequencyNoise_6.ply,BricksWall.ply,3.35714285714286,56.63049361607874
WPC,LS-PCQA,BricksWall_HighFrequencyNoise_7.ply,BricksWall.ply,3.10714285714286,50.8051745518487
WPC,LS-PCQA,BricksWall_limitlossyG-lossyA_3.ply,BricksWall.ply,4.67857142857143,69.53157292648197
WPC,LS-PCQA,BricksWall_limitlossyG-lossyA_4.ply,BricksWall.ply,4.71875,42.44998796363827
WPC,LS-PCQA,BricksWall_limitlossyG-lossyA_5.ply,BricksWall.ply,2.82142857142857,10.247067529596254
WPC,LS-PCQA,BricksWall_limitlossyG-lossyA_6.ply,BricksWall.ply,1.84375,7.9413017569822015
WPC,LS-PCQA,BricksWall_limitlossyG-lossyA_7.ply,BricksWall.ply,1.1,8.087678531084892
WPC,LS-PCQA,BricksWall_QuantizationNoise_1.ply,BricksWall.ply,4.03125,83.93948748175943
WPC,LS-PCQA,BricksWall_QuantizationNoise_3.ply,BricksWall.ply,3.96666666666667,77.15758234228973
WPC,LS-PCQA,BricksWall_QuantizationNoise_4.ply,BricksWall.ply,3.28571428571429,68.13723495365475
WPC,LS-PCQA,BricksWall_QuantizationNoise_5.ply,BricksWall.ply,3.82142857142857,68.13723495365475
WPC,LS-PCQA,BricksWall_QuantizationNoise_7.ply,BricksWall.ply,3.17857142857143,56.633095725635734
WPC,LS-PCQA,bristleback_GaussianNoise_1.ply,bristleback.ply,3.42857142857143,50.393716464721294
WPC,LS-PCQA,bristleback_GaussianNoise_3.ply,bristleback.ply,3.5,36.41607292296194
WPC,LS-PCQA,bristleback_GaussianNoise_4.ply,bristleback.ply,3.2,33.427697479970554
WPC,LS-PCQA,bristleback_GaussianNoise_5.ply,bristleback.ply,2.78571428571429,32.9925733863393
WPC,LS-PCQA,bristleback_GaussianNoise_7.ply,bristleback.ply,2.4,28.07109508296874
WPC,LS-PCQA,bristleback_MultiplicativeGaussianNoise_1.ply,bristleback.ply,3.53571428571429,58.87554653454773
WPC,LS-PCQA,bristleback_MultiplicativeGaussianNoise_3.ply,bristleback.ply,3.21428571428571,44.743592435766544
WPC,LS-PCQA,bristleback_MultiplicativeGaussianNoise_4.ply,bristleback.ply,2.96428571428571,39.684997557079186
WPC,LS-PCQA,bristleback_MultiplicativeGaussianNoise_5.ply,bristleback.ply,3.03125,37.18812848873135
WPC,LS-PCQA,bristleback_MultiplicativeGaussianNoise_7.ply,bristleback.ply,2.76666666666667,31.43383426928454
WPC,LS-PCQA,Caffe_ColorNoise_3.ply,Caffe.ply,3.92857142857143,70.18741192664032
WPC,LS-PCQA,Caffe_ColorNoise_4.ply,Caffe.ply,3.53571428571429,57.52166481812303
WPC,LS-PCQA,Caffe_ColorNoise_5.ply,Caffe.ply,3.63333333333333,50.15484358409306
WPC,LS-PCQA,Caffe_ColorNoise_6.ply,Caffe.ply,3.39285714285714,40.5588529274565
WPC,LS-PCQA,Caffe_ColorNoise_7.ply,Caffe.ply,2.89285714285714,33.47922444484587
WPC,LS-PCQA,Caffe_ContrastDistortion_1.ply,Caffe.ply,4.0,74.58083715807962
WPC,LS-PCQA,Caffe_ContrastDistortion_2.ply,Caffe.ply,3.60714285714286,50.35112478715548
WPC,LS-PCQA,Caffe_ContrastDistortion_3.ply,Caffe.ply,3.28571428571429,34.540114954900865
WPC,LS-PCQA,Caffe_ContrastDistortion_4.ply,Caffe.ply,3.17857142857143,28.00113073640354
WPC,LS-PCQA,Caffe_ContrastDistortion_5.ply,Caffe.ply,2.21428571428571,26.673025937886173
WPC,LS-PCQA,Caffe_CorrelatedGaussianNoise_1.ply,Caffe.ply,4.10714285714286,67.87164849654842
WPC,LS-PCQA,Caffe_CorrelatedGaussianNoise_2.ply,Caffe.ply,3.75,50.04913748475592
WPC,LS-PCQA,Caffe_CorrelatedGaussianNoise_3.ply,Caffe.ply,3.59375,36.782150493997875
WPC,LS-PCQA,Caffe_CorrelatedGaussianNoise_4.ply,Caffe.ply,3.28571428571429,29.810782083047002
WPC,LS-PCQA,Caffe_CorrelatedGaussianNoise_5.ply,Caffe.ply,2.89285714285714,28.428533808684048
WPC,LS-PCQA,Caffe_GaussianShifting_1.ply,Caffe.ply,4.46875,62.74801659560242
WPC,LS-PCQA,Caffe_GaussianShifting_2.ply,Caffe.ply,3.2,43.33883465462477
WPC,LS-PCQA,Caffe_GaussianShifting_3.ply,Caffe.ply,3.13333333333333,36.44076514845635
WPC,LS-PCQA,Caffe_GaussianShifting_4.ply,Caffe.ply,2.39285714285714,29.915570334723363
WPC,LS-PCQA,Caffe_GaussianShifting_5.ply,Caffe.ply,2.25,23.929281082476756
WPC,LS-PCQA,Caffe_LumaNoise_1.ply,Caffe.ply,4.07142857142857,84.90125268386937
WPC,LS-PCQA,Caffe_LumaNoise_3.ply,Caffe.ply,3.10714285714286,71.94175177014867
WPC,LS-PCQA,Caffe_LumaNoise_4.ply,Caffe.ply,2.85714285714286,63.15216082116639
WPC,LS-PCQA,Caffe_LumaNoise_5.ply,Caffe.ply,2.92857142857143,58.0802294654717
WPC,LS-PCQA,Caffe_LumaNoise_7.ply,Caffe.ply,2.57142857142857,33.83292328256067
WPC,LS-PCQA,CardiganWelshCorgi_ColorNoise_3.ply,CardiganWelshCorgi.ply,4.25,65.70730171194246
WPC,LS-PCQA,CardiganWelshCorgi_ColorNoise_4.ply,CardiganWelshCorgi.ply,3.9,48.30335026901996
WPC,LS-PCQA,CardiganWelshCorgi_ColorNoise_5.ply,CardiganWelshCorgi.ply,3.57142857142857,44.638860314105315
WPC,LS-PCQA,CardiganWelshCorgi_ColorNoise_6.ply,CardiganWelshCorgi.ply,3.07142857142857,39.82470313484312
WPC,LS-PCQA,CardiganWelshCorgi_ColorNoise_7.ply,CardiganWelshCorgi.ply,3.0,32.37060432965362
WPC,LS-PCQA,Cat_ColorNoise_3.ply,Cat.ply,4.65625,78.800466180781
WPC,LS-PCQA,Cat_ColorNoise_4.ply,Cat.ply,4.03571428571429,63.21597466286949
WPC,LS-PCQA,Cat_ColorNoise_5.ply,Cat.ply,3.71428571428571,50.822718015358085
WPC,LS-PCQA,Cat_ColorNoise_6.ply,Cat.ply,3.43333333333333,43.03348511733655
WPC,LS-PCQA,Cat_ColorNoise_7.ply,Cat.ply,3.25,37.45990367011585
WPC,LS-PCQA,Cat_PoissonNoise_3.ply,Cat.ply,4.36666666666667,81.39562912067723
WPC,LS-PCQA,Cat_PoissonNoise_4.ply,Cat.ply,4.3,74.74631807993669
WPC,LS-PCQA,Cat_PoissonNoise_5.ply,Cat.ply,3.46428571428571,67.69738251947668
WPC,LS-PCQA,Cat_PoissonNoise_6.ply,Cat.ply,3.8125,61.70372608692235
WPC,LS-PCQA,Cat_PoissonNoise_7.ply,Cat.ply,3.32142857142857,56.055150308176046
WPC,LS-PCQA,CatV1_PoissonNoise_3.ply,CatV1.ply,3.42857142857143,68.75251619697359
WPC,LS-PCQA,CatV1_PoissonNoise_4.ply,CatV1.ply,3.46875,64.84506618537294
WPC,LS-PCQA,CatV1_PoissonNoise_5.ply,CatV1.ply,3.14285714285714,58.000763004633725
WPC,LS-PCQA,CatV1_PoissonNoise_6.ply,CatV1.ply,2.96666666666667,53.50367464243968
WPC,LS-PCQA,CatV1_PoissonNoise_7.ply,CatV1.ply,3.34375,47.3798048045392
WPC,LS-PCQA,Chicken_ColorQuantizationDither_3.ply,Chicken.ply,4.0,72.80398448959582
WPC,LS-PCQA,Chicken_ColorQuantizationDither_4.ply,Chicken.ply,3.17857142857143,63.781132840078854
WPC,LS-PCQA,Chicken_ColorQuantizationDither_5.ply,Chicken.ply,3.03571428571429,54.589642634893224
WPC,LS-PCQA,Chicken_ColorQuantizationDither_6.ply,Chicken.ply,2.46428571428571,40.4636229684416
WPC,LS-PCQA,Chicken_ColorQuantizationDither_7.ply,Chicken.ply,2.03571428571429,27.025827627272296
WPC,LS-PCQA,Chicken_QuantizationNoise_1.ply,Chicken.ply,3.96428571428571,77.88005953106796
WPC,LS-PCQA,Chicken_QuantizationNoise_3.ply,Chicken.ply,3.85714285714286,68.99493812108157
WPC,LS-PCQA,Chicken_QuantizationNoise_4.ply,Chicken.ply,3.6,55.11070038666716
WPC,LS-PCQA,Chicken_QuantizationNoise_5.ply,Chicken.ply,3.63333333333333,55.11070038666716
WPC,LS-PCQA,Chicken_QuantizationNoise_7.ply,Chicken.ply,3.16666666666667,38.95575768515196
WPC,LS-PCQA,crabV2_ColorQuantizationDither_3.ply,crabV2.ply,4.25,68.0183798156715
WPC,LS-PCQA,crabV2_ColorQuantizationDither_4.ply,crabV2.ply,3.32142857142857,64.87902009437745
WPC,LS-PCQA,crabV2_ColorQuantizationDither_5.ply,crabV2.ply,2.96666666666667,55.45414085684634
WPC,LS-PCQA,crabV2_ColorQuantizationDither_6.ply,crabV2.ply,2.28571428571429,34.79017442689757
WPC,LS-PCQA,crabV2_ColorQuantizationDither_7.ply,crabV2.ply,2.17857142857143,26.005619958789374
WPC,LS-PCQA,dancer_lossless-geom-nearlossless-attrs_3.ply,dancer.ply,4.89285714285714,88.83953931892144
WPC,LS-PCQA,dancer_lossless-geom-nearlossless-attrs_4.ply,dancer.ply,4.66666666666667,79.79825942602102
WPC,LS-PCQA,dancer_lossless-geom-nearlossless-attrs_5.ply,dancer.ply,3.71428571428571,58.48601196902248
WPC,LS-PCQA,dancer_lossless-geom-nearlossless-attrs_6.ply,dancer.ply,2.78571428571429,42.415137664607045
WPC,LS-PCQA,dancer_lossless-geom-nearlossless-attrs_7.ply,dancer.ply,1.42857142857143,34.298131078676896
WPC,LS-PCQA,dancer_losslessG-limitlossyA_3.ply,dancer.ply,4.89285714285714,88.05700545106976
WPC,LS-PCQA,dancer_losslessG-limitlossyA_4.ply,dancer.ply,4.46428571428571,86.8087261623992
WPC,LS-PCQA,dancer_losslessG-limitlossyA_5.ply,dancer.ply,3.92857142857143,64.83904870084211
WPC,LS-PCQA,dancer_losslessG-limitlossyA_6.ply,dancer.ply,3.36666666666667,50.33378723023491
WPC,LS-PCQA,dancer_losslessG-limitlossyA_7.ply,dancer.ply,3.0,38.019147205941316
WPC,LS-PCQA,dancer_QuantizationNoise_1.ply,dancer.ply,3.89285714285714,64.25595480570769
WPC,LS-PCQA,dancer_QuantizationNoise_3.ply,dancer.ply,3.57142857142857,54.72595466251238
WPC,LS-PCQA,dancer_QuantizationNoise_4.ply,dancer.ply,3.35714285714286,47.05196792036686
WPC,LS-PCQA,dancer_QuantizationNoise_5.ply,dancer.ply,3.3125,47.05196792036686
WPC,LS-PCQA,dancer_QuantizationNoise_7.ply,dancer.ply,2.93333333333333,34.36077800863267
WPC,LS-PCQA,DobermanPinscher_ContrastDistortion_1.ply,DobermanPinscher.ply,3.82142857142857,82.18666589096647
WPC,LS-PCQA,DobermanPinscher_ContrastDistortion_2.ply,DobermanPinscher.ply,3.17857142857143,71.4179866408098
WPC,LS-PCQA,DobermanPinscher_ContrastDistortion_3.ply,DobermanPinscher.ply,2.93333333333333,56.6316131488107
WPC,LS-PCQA,DobermanPinscher_ContrastDistortion_4.ply,DobermanPinscher.ply,2.66666666666667,43.26288636596255
WPC,LS-PCQA,DobermanPinscher_ContrastDistortion_5.ply,DobermanPinscher.ply,2.86666666666667,29.053049319719392
WPC,LS-PCQA,DobermanPinscher_QuantizationNoise_1.ply,DobermanPinscher.ply,4.28571428571429,59.126493325522496
WPC,LS-PCQA,DobermanPinscher_QuantizationNoise_3.ply,DobermanPinscher.ply,3.53571428571429,55.68185766211003
WPC,LS-PCQA,DobermanPinscher_QuantizationNoise_4.ply,DobermanPinscher.ply,3.78571428571429,49.05920548976883
WPC,LS-PCQA,DobermanPinscher_QuantizationNoise_5.ply,DobermanPinscher.ply,3.53571428571429,49.05920548976883
WPC,LS-PCQA,DobermanPinscher_QuantizationNoise_7.ply,DobermanPinscher.ply,3.1,39.55834124355238
WPC,LS-PCQA,Dolphin_ContrastDistortion_1.ply,Dolphin.ply,3.67857142857143,73.85159810178459
WPC,LS-PCQA,Dolphin_ContrastDistortion_2.ply,Dolphin.ply,3.03333333333333,43.876367137119786
WPC,LS-PCQA,Dolphin_ContrastDistortion_3.ply,Dolphin.ply,2.32142857142857,28.288140638650425
WPC,LS-PCQA,Dolphin_ContrastDistortion_4.ply,Dolphin.ply,2.0,27.087747351438665
WPC,LS-PCQA,Dolphin_ContrastDistortion_5.ply,Dolphin.ply,1.85714285714286,22.859907507650473
WPC,LS-PCQA,Dolphin_RayleighNoise_1.ply,Dolphin.ply,4.17857142857143,71.58094787105537
WPC,LS-PCQA,Dolphin_RayleighNoise_3.ply,Dolphin.ply,3.42857142857143,50.58969754028073
WPC,LS-PCQA,Dolphin_RayleighNoise_4.ply,Dolphin.ply,3.14285714285714,42.62454701052647
WPC,LS-PCQA,Dolphin_RayleighNoise_5.ply,Dolphin.ply,2.92857142857143,37.56313970333069
WPC,LS-PCQA,Dolphin_RayleighNoise_7.ply,Dolphin.ply,2.46428571428571,31.03360310917485
WPC,LS-PCQA,Dragon_LocalRotation_1.ply,Dragon.ply,3.25,64.09830612393579
WPC,LS-PCQA,Dragon_LocalRotation_2.ply,Dragon.ply,3.0625,63.91786296334657
WPC,LS-PCQA,Dragon_LocalRotation_3.ply,Dragon.ply,1.21428571428571,62.46237249207047
WPC,LS-PCQA,Dragon_LocalRotation_4.ply,Dragon.ply,1.13333333333333,36.1217854994526
WPC,LS-PCQA,Dragon_LocalRotation_5.ply,Dragon.ply,1.0,22.48267632554631
WPC,LS-PCQA,Duck_CorrelatedGaussianNoise_1.ply,Duck.ply,4.78571428571429,77.08077867320723
WPC,LS-PCQA,Duck_CorrelatedGaussianNoise_2.ply,Duck.ply,3.82142857142857,63.70543889159752
WPC,LS-PCQA,Duck_CorrelatedGaussianNoise_3.ply,Duck.ply,3.53125,50.038440045905276
WPC,LS-PCQA,Duck_CorrelatedGaussianNoise_4.ply,Duck.ply,3.21428571428571,44.016303373347704
WPC,LS-PCQA,Duck_CorrelatedGaussianNoise_5.ply,Duck.ply,3.125,37.215725699030415
WPC,LS-PCQA,Duck_RayleighNoise_1.ply,Duck.ply,4.5,81.72160915522495
WPC,LS-PCQA,Duck_RayleighNoise_3.ply,Duck.ply,3.25,53.976095761228144
WPC,LS-PCQA,Duck_RayleighNoise_4.ply,Duck.ply,3.15625,38.48465532203135
WPC,LS-PCQA,Duck_RayleighNoise_5.ply,Duck.ply,3.0,32.57665555323239
WPC,LS-PCQA,Duck_RayleighNoise_7.ply,Duck.ply,2.5,29.468903331523553
WPC,LS-PCQA,DuckV1_CorrelatedGaussianNoise_1.ply,DuckV1.ply,4.71428571428571,88.41532222306088
WPC,LS-PCQA,DuckV1_CorrelatedGaussianNoise_2.ply,DuckV1.ply,4.14285714285714,72.17420897081858
WPC,LS-PCQA,DuckV1_CorrelatedGaussianNoise_3.ply,DuckV1.ply,3.75,60.12124501060401
WPC,LS-PCQA,DuckV1_CorrelatedGaussianNoise_4.ply,DuckV1.ply,3.39285714285714,48.49542960459944
WPC,LS-PCQA,DuckV1_CorrelatedGaussianNoise_5.ply,DuckV1.ply,3.16666666666667,42.62097972146836
WPC,LS-PCQA,DuckV1_reconstruction_3.ply,DuckV1.ply,3.82142857142857,51.47634903249032
WPC,LS-PCQA,DuckV1_reconstruction_4.ply,DuckV1.ply,4.0,51.97258669542529
WPC,LS-PCQA,DuckV1_reconstruction_5.ply,DuckV1.ply,3.73333333333333,52.122537604462885
WPC,LS-PCQA,DuckV1_reconstruction_6.ply,DuckV1.ply,3.6875,53.857060535741226
WPC,LS-PCQA,DuckV1_reconstruction_7.ply,DuckV1.ply,2.78571428571429,41.744952490041115
WPC,LS-PCQA,EasternHognoseSnake_DownSample_3.ply,EasternHognoseSnake.ply,4.53571428571429,66.16601710342562
WPC,LS-PCQA,EasternHognoseSnake_DownSample_4.ply,EasternHognoseSnake.ply,4.13333333333333,51.63602249738719
WPC,LS-PCQA,EasternHognoseSnake_DownSample_5.ply,EasternHognoseSnake.ply,3.96428571428571,38.156835886406384
WPC,LS-PCQA,EasternHognoseSnake_DownSample_6.ply,EasternHognoseSnake.ply,3.33333333333333,24.23123582391987
WPC,LS-PCQA,EasternHognoseSnake_DownSample_7.ply,EasternHognoseSnake.ply,2.9375,11.199303674985167
WPC,LS-PCQA,EmperorPenguin_DownSample_3.ply,EmperorPenguin.ply,4.125,69.13933762498354
WPC,LS-PCQA,EmperorPenguin_DownSample_4.ply,EmperorPenguin.ply,3.57142857142857,63.65022941013929
WPC,LS-PCQA,EmperorPenguin_DownSample_5.ply,EmperorPenguin.ply,3.375,51.88393661886715
WPC,LS-PCQA,EmperorPenguin_DownSample_6.ply,EmperorPenguin.ply,3.0,22.743636842476214
WPC,LS-PCQA,EmperorPenguin_DownSample_7.ply,EmperorPenguin.ply,2.78571428571429,12.606542820117578
WPC,LS-PCQA,exercise_losslessG-lossyA_3.ply,exercise.ply,4.82142857142857,87.66317664451208
WPC,LS-PCQA,exercise_losslessG-lossyA_4.ply,exercise.ply,3.5,69.76154448716164
WPC,LS-PCQA,exercise_losslessG-lossyA_5.ply,exercise.ply,3.40625,44.65492291531241
WPC,LS-PCQA,exercise_losslessG-lossyA_6.ply,exercise.ply,2.71875,30.491586047944917
WPC,LS-PCQA,exercise_losslessG-lossyA_7.ply,exercise.ply,2.17857142857143,29.29888897254118
WPC,LS-PCQA,exercise_lossy-geom-lossy-attrs_3.ply,exercise.ply,4.67857142857143,69.55680649506266
WPC,LS-PCQA,exercise_lossy-geom-lossy-attrs_4.ply,exercise.ply,3.85714285714286,63.353816352807016
WPC,LS-PCQA,exercise_lossy-geom-lossy-attrs_5.ply,exercise.ply,3.28571428571429,34.86601598228793
WPC,LS-PCQA,exercise_lossy-geom-lossy-attrs_6.ply,exercise.ply,2.67857142857143,10.855476789157388
WPC,LS-PCQA,exercise_lossy-geom-lossy-attrs_7.ply,exercise.ply,1.60714285714286,8.647815828674624
WPC,LS-PCQA,exercise_RayleighNoise_1.ply,exercise.ply,4.17857142857143,63.20300462668847
WPC,LS-PCQA,exercise_RayleighNoise_3.ply,exercise.ply,3.3125,32.70775201271451
WPC,LS-PCQA,exercise_RayleighNoise_4.ply,exercise.ply,2.89285714285714,30.931238578738213
WPC,LS-PCQA,exercise_RayleighNoise_5.ply,exercise.ply,2.71428571428571,29.446747926485504
WPC,LS-PCQA,exercise_RayleighNoise_7.ply,exercise.ply,2.39285714285714,27.063635199557936
WPC,LS-PCQA,Facade00009_GaussianNoise_1.ply,Facade00009.ply,3.57142857142857,46.972098875817366
WPC,LS-PCQA,Facade00009_GaussianNoise_3.ply,Facade00009.ply,3.03571428571429,36.628983917582374
WPC,LS-PCQA,Facade00009_GaussianNoise_4.ply,Facade00009.ply,3.0,31.402091220905206
WPC,LS-PCQA,Facade00009_GaussianNoise_5.ply,Facade00009.ply,2.96875,27.777770767410132
WPC,LS-PCQA,Facade00009_GaussianNoise_7.ply,Facade00009.ply,2.0,25.766548693218382
WPC,LS-PCQA,Facade00009_LocalLoss_1.ply,Facade00009.ply,3.16666666666667,68.57867552042205
WPC,LS-PCQA,Facade00009_LocalLoss_2.ply,Facade00009.ply,2.67857142857143,64.8387930199886
WPC,LS-PCQA,Facade00009_LocalLoss_3.ply,Facade00009.ply,2.15625,62.47980221338621
WPC,LS-PCQA,Facade00009_LocalLoss_4.ply,Facade00009.ply,1.67857142857143,56.37959823338077
WPC,LS-PCQA,Facade00009_LocalLoss_5.ply,Facade00009.ply,1.59375,42.64577701695273
WPC,LS-PCQA,Facade00009_losslessG-limitlossyA_3.ply,Facade00009.ply,4.46428571428571,81.37664620407328
WPC,LS-PCQA,Facade00009_losslessG-limitlossyA_4.ply,Facade00009.ply,4.6,82.07851521607867
WPC,LS-PCQA,Facade00009_losslessG-limitlossyA_5.ply,Facade00009.ply,4.46666666666667,79.53131316873686
WPC,LS-PCQA,Facade00009_losslessG-limitlossyA_6.ply,Facade00009.ply,4.16666666666667,67.97776057792838
WPC,LS-PCQA,Facade00009_losslessG-limitlossyA_7.ply,Facade00009.ply,4.03571428571429,55.26227605262205
WPC,LS-PCQA,Facade00009_RayleighNoise_1.ply,Facade00009.ply,4.375,83.16926552817942
WPC,LS-PCQA,Facade00009_RayleighNoise_3.ply,Facade00009.ply,3.57142857142857,49.63188198408887
WPC,LS-PCQA,Facade00009_RayleighNoise_4.ply,Facade00009.ply,3.0,38.08126795206539
WPC,LS-PCQA,Facade00009_RayleighNoise_5.ply,Facade00009.ply,2.89285714285714,33.18658872428958
WPC,LS-PCQA,Facade00009_RayleighNoise_7.ply,Facade00009.ply,2.53571428571429,29.41284839996354
WPC,LS-PCQA,Facade00009_reconstruction_3.ply,Facade00009.ply,2.78571428571429,18.86379625715171
WPC,LS-PCQA,Facade00009_reconstruction_4.ply,Facade00009.ply,2.64285714285714,19.29531203421257
WPC,LS-PCQA,Facade00009_reconstruction_5.ply,Facade00009.ply,2.35714285714286,19.174694249200535
WPC,LS-PCQA,Facade00009_reconstruction_6.ply,Facade00009.ply,2.5,18.95239449169789
WPC,LS-PCQA,Facade00009_reconstruction_7.ply,Facade00009.ply,2.10714285714286,16.758020212214998
WPC,LS-PCQA,Facade00064_GaussianNoise_1.ply,Facade00064.ply,2.82142857142857,50.08858777988047
WPC,LS-PCQA,Facade00064_GaussianNoise_3.ply,Facade00064.ply,2.5,41.93542579564919
WPC,LS-PCQA,Facade00064_GaussianNoise_4.ply,Facade00064.ply,1.7,37.71546151608894
WPC,LS-PCQA,Facade00064_GaussianNoise_5.ply,Facade00064.ply,2.0,33.87298687983957
WPC,LS-PCQA,Facade00064_GaussianNoise_7.ply,Facade00064.ply,1.5,25.04049420595807
WPC,LS-PCQA,Facade00064_LocalOffset_1.ply,Facade00064.ply,2.39285714285714,64.49064005831255
WPC,LS-PCQA,Facade00064_LocalOffset_2.ply,Facade00064.ply,2.26666666666667,63.54932839839479
WPC,LS-PCQA,Facade00064_LocalOffset_3.ply,Facade00064.ply,1.92857142857143,40.76519136954864
WPC,LS-PCQA,Facade00064_LocalOffset_4.ply,Facade00064.ply,1.56666666666667,24.926629916765158
WPC,LS-PCQA,Facade00064_LocalOffset_5.ply,Facade00064.ply,1.21428571428571,21.704435473481208
WPC,LS-PCQA,Facade00064_LocalRotation_1.ply,Facade00064.ply,2.40625,64.81439326742675
WPC,LS-PCQA,Facade00064_LocalRotation_2.ply,Facade00064.ply,1.46428571428571,47.23425695771145
WPC,LS-PCQA,Facade00064_LocalRotation_3.ply,Facade00064.ply,1.57142857142857,45.97978312867913
WPC,LS-PCQA,Facade00064_LocalRotation_4.ply,Facade00064.ply,1.03571428571429,37.849732654366385
WPC,LS-PCQA,Facade00064_LocalRotation_5.ply,Facade00064.ply,1.07142857142857,34.99614714828982
WPC,LS-PCQA,Facade00064_losslessG-limitlossyA_3.ply,Facade00064.ply,4.66666666666667,86.38271457788613
WPC,LS-PCQA,Facade00064_losslessG-limitlossyA_4.ply,Facade00064.ply,4.53571428571429,87.41767677614051
WPC,LS-PCQA,Facade00064_losslessG-limitlossyA_5.ply,Facade00064.ply,3.82142857142857,78.40122681901073
WPC,LS-PCQA,Facade00064_losslessG-limitlossyA_6.ply,Facade00064.ply,3.21428571428571,65.7323790783016
WPC,LS-PCQA,Facade00064_losslessG-limitlossyA_7.ply,Facade00064.ply,1.875,52.27487428859321
WPC,LS-PCQA,Facade00064_RayleighNoise_1.ply,Facade00064.ply,4.06666666666667,86.54692338718594
WPC,LS-PCQA,Facade00064_RayleighNoise_3.ply,Facade00064.ply,2.67857142857143,53.383036037126985
WPC,LS-PCQA,Facade00064_RayleighNoise_4.ply,Facade00064.ply,2.71875,46.6843265023501
WPC,LS-PCQA,Facade00064_RayleighNoise_5.ply,Facade00064.ply,2.33333333333333,38.90590391248612
WPC,LS-PCQA,Facade00064_RayleighNoise_7.ply,Facade00064.ply,1.92857142857143,33.18458752038734
WPC,LS-PCQA,Fish_GammaNoise_1.ply,Fish.ply,3.53571428571429,55.48757988680375
WPC,LS-PCQA,Fish_GammaNoise_3.ply,Fish.ply,3.33333333333333,46.07351260861937
WPC,LS-PCQA,Fish_GammaNoise_4.ply,Fish.ply,3.0,43.862985724173875
WPC,LS-PCQA,Fish_GammaNoise_5.ply,Fish.ply,3.06666666666667,35.29709576095869
WPC,LS-PCQA,Fish_GammaNoise_7.ply,Fish.ply,2.39285714285714,32.674346646174605
WPC,LS-PCQA,Fish_reconstruction_3.ply,Fish.ply,4.13333333333333,45.55430621836986
WPC,LS-PCQA,Fish_reconstruction_4.ply,Fish.ply,4.25,42.44907074379664
WPC,LS-PCQA,Fish_reconstruction_5.ply,Fish.ply,4.0,41.690171156764265
WPC,LS-PCQA,Fish_reconstruction_6.ply,Fish.ply,4.03333333333333,43.17603700848417
WPC,LS-PCQA,Fish_reconstruction_7.ply,Fish.ply,3.6875,37.51156493113886
WPC,LS-PCQA,FishV1_GammaNoise_1.ply,FishV1.ply,3.5,45.17295112893416
WPC,LS-PCQA,FishV1_GammaNoise_3.ply,FishV1.ply,3.67857142857143,36.81876785728243
WPC,LS-PCQA,FishV1_GammaNoise_4.ply,FishV1.ply,3.23333333333333,33.61400176022103
WPC,LS-PCQA,FishV1_GammaNoise_5.ply,FishV1.ply,3.0,31.641442432483924
WPC,LS-PCQA,FishV1_GammaNoise_7.ply,FishV1.ply,2.92857142857143,27.762506460611547
WPC,LS-PCQA,FishV1_SaltpepperNoise_1.ply,FishV1.ply,3.84375,50.47350890936346
WPC,LS-PCQA,FishV1_SaltpepperNoise_3.ply,FishV1.ply,2.92857142857143,32.65781621234637
WPC,LS-PCQA,FishV1_SaltpepperNoise_4.ply,FishV1.ply,3.32142857142857,28.89808234802721
WPC,LS-PCQA,FishV1_SaltpepperNoise_5.ply,FishV1.ply,2.96428571428571,27.602249599780194
WPC,LS-PCQA,FishV1_SaltpepperNoise_7.ply,FishV1.ply,2.89285714285714,25.982162690290153
WPC,LS-PCQA,GermanBoxer_GaussianNoise_1.ply,GermanBoxer.ply,4.03571428571429,59.02158846006548
WPC,LS-PCQA,GermanBoxer_GaussianNoise_3.ply,GermanBoxer.ply,3.32142857142857,47.68827403137522
WPC,LS-PCQA,GermanBoxer_GaussianNoise_4.ply,GermanBoxer.ply,3.10714285714286,42.30089844216572
WPC,LS-PCQA,GermanBoxer_GaussianNoise_5.ply,GermanBoxer.ply,3.21875,34.89642968635877
WPC,LS-PCQA,GermanBoxer_GaussianNoise_7.ply,GermanBoxer.ply,2.875,27.74733345973264
WPC,LS-PCQA,GermanBoxer_SaltpepperNoise_1.ply,GermanBoxer.ply,3.63333333333333,55.67396040600826
WPC,LS-PCQA,GermanBoxer_SaltpepperNoise_3.ply,GermanBoxer.ply,2.90625,34.98674471048888
WPC,LS-PCQA,GermanBoxer_SaltpepperNoise_4.ply,GermanBoxer.ply,2.85714285714286,32.34363974170082
WPC,LS-PCQA,GermanBoxer_SaltpepperNoise_5.ply,GermanBoxer.ply,2.53571428571429,30.420505294302348
WPC,LS-PCQA,GermanBoxer_SaltpepperNoise_7.ply,GermanBoxer.ply,2.5,26.751141932196848
WPC,LS-PCQA,Handcream_C2AI-lossy-geom-lossy-attrs_3.ply,Handcream.ply,4.35714285714286,57.029524967468134
WPC,LS-PCQA,Handcream_C2AI-lossy-geom-lossy-attrs_4.ply,Handcream.ply,4.25,52.3486062608087
WPC,LS-PCQA,Handcream_C2AI-lossy-geom-lossy-attrs_5.ply,Handcream.ply,3.92857142857143,49.69754803381424
WPC,LS-PCQA,Handcream_C2AI-lossy-geom-lossy-attrs_6.ply,Handcream.ply,3.43333333333333,37.2427920412416
WPC,LS-PCQA,Handcream_C2AI-lossy-geom-lossy-attrs_7.ply,Handcream.ply,2.60714285714286,34.3261554496767
WPC,LS-PCQA,Handcream_ColorNoise_3.ply,Handcream.ply,4.21875,76.51357576252288
WPC,LS-PCQA,Handcream_ColorNoise_4.ply,Handcream.ply,3.39285714285714,66.60807807826266
WPC,LS-PCQA,Handcream_ColorNoise_5.ply,Handcream.ply,3.53333333333333,51.453912252327925
WPC,LS-PCQA,Handcream_ColorNoise_6.ply,Handcream.ply,3.3,43.580904398358186
WPC,LS-PCQA,Handcream_ColorNoise_7.ply,Handcream.ply,3.25,35.75973630314516
WPC,LS-PCQA,Handcream_lossless-geom-lossy-attrs_3.ply,Handcream.ply,4.60714285714286,86.49029562058566
WPC,LS-PCQA,Handcream_lossless-geom-lossy-attrs_4.ply,Handcream.ply,4.5,82.7548781038925
WPC,LS-PCQA,Handcream_lossless-geom-lossy-attrs_5.ply,Handcream.ply,4.06666666666667,77.85362953669784
WPC,LS-PCQA,Handcream_lossless-geom-lossy-attrs_6.ply,Handcream.ply,3.5,66.28637959978724
WPC,LS-PCQA,Handcream_lossless-geom-lossy-attrs_7.ply,Handcream.ply,3.17857142857143,56.79098580368151
WPC,LS-PCQA,Handcream_LumaNoise_1.ply,Handcream.ply,4.3125,85.37116609263825
WPC,LS-PCQA,Handcream_LumaNoise_3.ply,Handcream.ply,3.64285714285714,62.27790952548413
WPC,LS-PCQA,Handcream_LumaNoise_4.ply,Handcream.ply,3.03333333333333,50.51178709613947
WPC,LS-PCQA,Handcream_LumaNoise_5.ply,Handcream.ply,2.76666666666667,34.32275120235385
WPC,LS-PCQA,Handcream_LumaNoise_7.ply,Handcream.ply,2.03571428571429,26.6066722813022
WPC,LS-PCQA,HearNoEvilMonkey_GaussianShifting_1.ply,HearNoEvilMonkey.ply,4.73333333333333,63.734290069480636
WPC,LS-PCQA,HearNoEvilMonkey_GaussianShifting_2.ply,HearNoEvilMonkey.ply,3.32142857142857,44.73011628234586
WPC,LS-PCQA,HearNoEvilMonkey_GaussianShifting_3.ply,HearNoEvilMonkey.ply,3.0625,32.810332295224
WPC,LS-PCQA,HearNoEvilMonkey_GaussianShifting_4.ply,HearNoEvilMonkey.ply,2.67857142857143,23.542171680176317
WPC,LS-PCQA,HearNoEvilMonkey_GaussianShifting_5.ply,HearNoEvilMonkey.ply,2.78571428571429,21.843226798537266
WPC,LS-PCQA,HearNoEvilMonkey_SaturationDistortion_1.ply,HearNoEvilMonkey.ply,4.28125,88.01787725930991
WPC,LS-PCQA,HearNoEvilMonkey_SaturationDistortion_2.ply,HearNoEvilMonkey.ply,4.09375,87.19501818935731
WPC,LS-PCQA,HearNoEvilMonkey_SaturationDistortion_3.ply,HearNoEvilMonkey.ply,3.5,84.78445592079923
WPC,LS-PCQA,HearNoEvilMonkey_SaturationDistortion_4.ply,HearNoEvilMonkey.ply,2.71428571428571,77.63863142188258
WPC,LS-PCQA,HearNoEvilMonkey_SaturationDistortion_5.ply,HearNoEvilMonkey.ply,2.78125,76.66134192370541
WPC,LS-PCQA,Horse_GaussianNoise_1.ply,Horse.ply,3.40625,43.30690895629778
WPC,LS-PCQA,Horse_GaussianNoise_3.ply,Horse.ply,2.96875,36.51058522995343
WPC,LS-PCQA,Horse_GaussianNoise_4.ply,Horse.ply,2.875,30.76253585285273
WPC,LS-PCQA,Horse_GaussianNoise_5.ply,Horse.ply,2.35714285714286,27.995013879381997
WPC,LS-PCQA,Horse_GaussianNoise_7.ply,Horse.ply,1.67857142857143,25.370462328898697
WPC,LS-PCQA,Horse_SaturationDistortion_1.ply,Horse.ply,4.53571428571429,79.00484957613358
WPC,LS-PCQA,Horse_SaturationDistortion_2.ply,Horse.ply,3.64285714285714,73.1975767094421
WPC,LS-PCQA,Horse_SaturationDistortion_3.ply,Horse.ply,2.75,64.7992236044963
WPC,LS-PCQA,Horse_SaturationDistortion_4.ply,Horse.ply,2.5,46.48277055832838
WPC,LS-PCQA,Horse_SaturationDistortion_5.ply,Horse.ply,2.5625,49.91862942735829
WPC,LS-PCQA,HorseV2_GaussianShifting_1.ply,HorseV2.ply,4.92857142857143,60.839697203916096
WPC,LS-PCQA,HorseV2_GaussianShifting_2.ply,HorseV2.ply,3.6875,42.69101299729614
WPC,LS-PCQA,HorseV2_GaussianShifting_3.ply,HorseV2.ply,3.4375,36.02285572546289
WPC,LS-PCQA,HorseV2_GaussianShifting_4.ply,HorseV2.ply,3.0,29.037966314765495
WPC,LS-PCQA,HorseV2_GaussianShifting_5.ply,HorseV2.ply,2.82142857142857,25.915161275719033
WPC,LS-PCQA,HorseV2_UniformNoise_1.ply,HorseV2.ply,4.78571428571429,80.27330479138179
WPC,LS-PCQA,HorseV2_UniformNoise_3.ply,HorseV2.ply,4.03571428571429,48.36328888750676
WPC,LS-PCQA,HorseV2_UniformNoise_4.ply,HorseV2.ply,3.9375,43.913270791201164
WPC,LS-PCQA,HorseV2_UniformNoise_5.ply,HorseV2.ply,3.78125,35.88368021221449
WPC,LS-PCQA,HorseV2_UniformNoise_7.ply,HorseV2.ply,3.21428571428571,31.246006369069743
WPC,LS-PCQA,HouseWithoutRoof_GaussianShifting_1.ply,HouseWithoutRoof.ply,4.03333333333333,64.31257125377428
WPC,LS-PCQA,HouseWithoutRoof_GaussianShifting_2.ply,HouseWithoutRoof.ply,3.23333333333333,54.97977152693427
WPC,LS-PCQA,HouseWithoutRoof_GaussianShifting_3.ply,HouseWithoutRoof.ply,2.76666666666667,34.161644871254374
WPC,LS-PCQA,HouseWithoutRoof_GaussianShifting_4.ply,HouseWithoutRoof.ply,2.64285714285714,25.147135593066878
WPC,LS-PCQA,HouseWithoutRoof_GaussianShifting_5.ply,HouseWithoutRoof.ply,2.26666666666667,21.910234405184216
WPC,LS-PCQA,HouseWithoutRoof_LocalLoss_1.ply,HouseWithoutRoof.ply,4.0625,64.94811798600705
WPC,LS-PCQA,HouseWithoutRoof_LocalLoss_2.ply,HouseWithoutRoof.ply,3.63333333333333,63.99593831885728
WPC,LS-PCQA,HouseWithoutRoof_LocalLoss_3.ply,HouseWithoutRoof.ply,2.32142857142857,62.84716751852514
WPC,LS-PCQA,HouseWithoutRoof_LocalLoss_4.ply,HouseWithoutRoof.ply,2.3,62.23341836673226
WPC,LS-PCQA,HouseWithoutRoof_LocalLoss_5.ply,HouseWithoutRoof.ply,2.1,50.61551704596834
WPC,LS-PCQA,HouseWithoutRoof_losslessG-lossyA_3.ply,HouseWithoutRoof.ply,4.60714285714286,81.50416233473265
WPC,LS-PCQA,HouseWithoutRoof_losslessG-lossyA_4.ply,HouseWithoutRoof.ply,4.4,78.58470198972636
WPC,LS-PCQA,HouseWithoutRoof_losslessG-lossyA_5.ply,HouseWithoutRoof.ply,3.96666666666667,67.63156298977508
WPC,LS-PCQA,HouseWithoutRoof_losslessG-lossyA_6.ply,HouseWithoutRoof.ply,3.03333333333333,62.14488700105218
WPC,LS-PCQA,HouseWithoutRoof_losslessG-lossyA_7.ply,HouseWithoutRoof.ply,2.78571428571429,56.85666927067963
WPC,LS-PCQA,HouseWithoutRoof_QuantizationNoise_1.ply,HouseWithoutRoof.ply,4.1875,79.9156360544709
WPC,LS-PCQA,HouseWithoutRoof_QuantizationNoise_3.ply,HouseWithoutRoof.ply,3.78571428571429,73.08018950260575
WPC,LS-PCQA,HouseWithoutRoof_QuantizationNoise_4.ply,HouseWithoutRoof.ply,3.35714285714286,66.15632487132594
WPC,LS-PCQA,HouseWithoutRoof_QuantizationNoise_5.ply,HouseWithoutRoof.ply,3.64285714285714,66.15632487132594
WPC,LS-PCQA,HouseWithoutRoof_QuantizationNoise_7.ply,HouseWithoutRoof.ply,2.96666666666667,54.6303867407157
WPC,LS-PCQA,Jaguar_UniformNoise_1.ply,Jaguar.ply,4.92857142857143,86.86542019970526
WPC,LS-PCQA,Jaguar_UniformNoise_3.ply,Jaguar.ply,3.76666666666667,64.92462177778954
WPC,LS-PCQA,Jaguar_UniformNoise_4.ply,Jaguar.ply,3.64285714285714,57.57504606098158
WPC,LS-PCQA,Jaguar_UniformNoise_5.ply,Jaguar.ply,3.28571428571429,47.84438159626684
WPC,LS-PCQA,Jaguar_UniformNoise_7.ply,Jaguar.ply,3.32142857142857,41.28626033342198
WPC,LS-PCQA,jetanima_MultiplicativeGaussianNoise_1.ply,jetanima.ply,3.5,24.51105674331865
WPC,LS-PCQA,jetanima_MultiplicativeGaussianNoise_3.ply,jetanima.ply,3.32142857142857,23.820719510940652
WPC,LS-PCQA,jetanima_MultiplicativeGaussianNoise_4.ply,jetanima.ply,2.82142857142857,23.346948475636346
WPC,LS-PCQA,jetanima_MultiplicativeGaussianNoise_5.ply,jetanima.ply,2.9,23.43081342820401
WPC,LS-PCQA,jetanima_MultiplicativeGaussianNoise_7.ply,jetanima.ply,2.32142857142857,23.033671923661373
WPC,LS-PCQA,jetanima_UniformShifting_1.ply,jetanima.ply,4.39285714285714,78.60902424431076
WPC,LS-PCQA,jetanima_UniformShifting_2.ply,jetanima.ply,3.6,68.46080141370524
WPC,LS-PCQA,jetanima_UniformShifting_3.ply,jetanima.ply,3.03571428571429,57.49043661939932
WPC,LS-PCQA,jetanima_UniformShifting_4.ply,jetanima.ply,2.59375,51.758124703317826
WPC,LS-PCQA,jetanima_UniformShifting_5.ply,jetanima.ply,2.5625,43.013688757448335
WPC,LS-PCQA,Kangaroo_lossless-geom-lossy-attrs_3.ply,Kangaroo.ply,4.82142857142857,84.3134210988176
WPC,LS-PCQA,Kangaroo_lossless-geom-lossy-attrs_4.ply,Kangaroo.ply,4.8125,80.4000375640794
WPC,LS-PCQA,Kangaroo_lossless-geom-lossy-attrs_5.ply,Kangaroo.ply,4.78125,76.80767402448996
WPC,LS-PCQA,Kangaroo_lossless-geom-lossy-attrs_6.ply,Kangaroo.ply,4.03571428571429,69.65245429749186
WPC,LS-PCQA,Kangaroo_lossless-geom-lossy-attrs_7.ply,Kangaroo.ply,3.85714285714286,58.759249972641136
WPC,LS-PCQA,Kangaroo_UniformShifting_1.ply,Kangaroo.ply,4.03571428571429,81.13412059486228
WPC,LS-PCQA,Kangaroo_UniformShifting_2.ply,Kangaroo.ply,3.64285714285714,71.94356761594591
WPC,LS-PCQA,Kangaroo_UniformShifting_3.ply,Kangaroo.ply,3.03571428571429,65.95931816169403
WPC,LS-PCQA,Kangaroo_UniformShifting_4.ply,Kangaroo.ply,2.71875,60.586489324206475
WPC,LS-PCQA,Kangaroo_UniformShifting_5.ply,Kangaroo.ply,2.57142857142857,55.12672776271659
WPC,LS-PCQA,longdress_losslessG-lossyA_3.ply,longdress.ply,4.78571428571429,87.15489005130433
WPC,LS-PCQA,longdress_losslessG-lossyA_4.ply,longdress.ply,4.14285714285714,79.98033664914291
WPC,LS-PCQA,longdress_losslessG-lossyA_5.ply,longdress.ply,3.42857142857143,62.23996526511454
WPC,LS-PCQA,longdress_losslessG-lossyA_6.ply,longdress.ply,2.60714285714286,38.98283941947652
WPC,LS-PCQA,longdress_losslessG-lossyA_7.ply,longdress.ply,2.3125,28.17708941961535
WPC,LS-PCQA,longdress_lossy-geom-lossy-attrs_3.ply,longdress.ply,4.5,68.54653034071782
WPC,LS-PCQA,longdress_lossy-geom-lossy-attrs_4.ply,longdress.ply,4.1875,66.78802035504373
WPC,LS-PCQA,longdress_lossy-geom-lossy-attrs_5.ply,longdress.ply,2.92857142857143,33.15412546616664
WPC,LS-PCQA,longdress_lossy-geom-lossy-attrs_6.ply,longdress.ply,1.96428571428571,7.649501423681719
WPC,LS-PCQA,longdress_lossy-geom-lossy-attrs_7.ply,longdress.ply,1.60714285714286,7.129870094583174
WPC,LS-PCQA,longdress_RayleighNoise_1.ply,longdress.ply,4.0,85.23318737145915
WPC,LS-PCQA,longdress_RayleighNoise_3.ply,longdress.ply,3.28125,44.1634173069582
WPC,LS-PCQA,longdress_RayleighNoise_4.ply,longdress.ply,3.03333333333333,34.909966404523104
WPC,LS-PCQA,longdress_RayleighNoise_5.ply,longdress.ply,2.71428571428571,31.772967391451953
WPC,LS-PCQA,longdress_RayleighNoise_7.ply,longdress.ply,2.57142857142857,28.639815814691115
WPC,LS-PCQA,loot_HighFrequencyNoise_3.ply,loot.ply,3.85714285714286,45.66804359345153
WPC,LS-PCQA,loot_HighFrequencyNoise_4.ply,loot.ply,3.21428571428571,43.22324712084496
WPC,LS-PCQA,loot_HighFrequencyNoise_5.ply,loot.ply,3.42857142857143,41.25520067107195
WPC,LS-PCQA,loot_HighFrequencyNoise_6.ply,loot.ply,2.86666666666667,34.246607226081984
WPC,LS-PCQA,loot_HighFrequencyNoise_7.ply,loot.ply,2.85714285714286,29.45545762935369
WPC,LS-PCQA,loot_SaltpepperNoise_1.ply,loot.ply,3.21428571428571,48.5694050859307
WPC,LS-PCQA,loot_SaltpepperNoise_3.ply,loot.ply,3.39285714285714,36.20803929259071
WPC,LS-PCQA,loot_SaltpepperNoise_4.ply,loot.ply,2.5625,32.96234643788805
WPC,LS-PCQA,loot_SaltpepperNoise_5.ply,loot.ply,2.46428571428571,30.27898303773142
WPC,LS-PCQA,loot_SaltpepperNoise_7.ply,loot.ply,2.10714285714286,27.406010376275532
WPC,LS-PCQA,lowpolycarsset1_lossless-geom-nearlossless-attrs_3.ply,lowpolycarsset1.ply,4.85714285714286,82.00462213119346
WPC,LS-PCQA,lowpolycarsset1_lossless-geom-nearlossless-attrs_4.ply,lowpolycarsset1.ply,4.5,77.55514160289614
WPC,LS-PCQA,lowpolycarsset1_lossless-geom-nearlossless-attrs_5.ply,lowpolycarsset1.ply,4.5,64.99130331450348
WPC,LS-PCQA,lowpolycarsset1_lossless-geom-nearlossless-attrs_6.ply,lowpolycarsset1.ply,3.39285714285714,50.88344511453316
WPC,LS-PCQA,lowpolycarsset1_lossless-geom-nearlossless-attrs_7.ply,lowpolycarsset1.ply,2.7,30.92375775597352
WPC,LS-PCQA,lowpolycarsset1_UniformShifting_1.ply,lowpolycarsset1.ply,3.92857142857143,63.360281727334105
WPC,LS-PCQA,lowpolycarsset1_UniformShifting_2.ply,lowpolycarsset1.ply,3.28571428571429,56.47442189010092
WPC,LS-PCQA,lowpolycarsset1_UniformShifting_3.ply,lowpolycarsset1.ply,2.75,46.55784087742847
WPC,LS-PCQA,lowpolycarsset1_UniformShifting_4.ply,lowpolycarsset1.ply,2.75,37.62390725809692
WPC,LS-PCQA,lowpolycarsset1_UniformShifting_5.ply,lowpolycarsset1.ply,2.78571428571429,31.346640232712875
WPC,LS-PCQA,lowpolycarsset2_lossy-geom-lossy-attrs_3.ply,lowpolycarsset2.ply,4.5,72.74845963218279
WPC,LS-PCQA,lowpolycarsset2_lossy-geom-lossy-attrs_4.ply,lowpolycarsset2.ply,4.375,60.52445747182891
WPC,LS-PCQA,lowpolycarsset2_lossy-geom-lossy-attrs_5.ply,lowpolycarsset2.ply,3.92857142857143,46.51606616897524
WPC,LS-PCQA,lowpolycarsset2_lossy-geom-lossy-attrs_6.ply,lowpolycarsset2.ply,2.25,17.041605003823054
WPC,LS-PCQA,lowpolycarsset2_lossy-geom-lossy-attrs_7.ply,lowpolycarsset2.ply,1.89285714285714,9.279702238234467
WPC,LS-PCQA,Man_C2AI-lossy-geom-lossy-attrs_3.ply,Man.ply,4.53333333333333,57.38619933614238
WPC,LS-PCQA,Man_C2AI-lossy-geom-lossy-attrs_4.ply,Man.ply,3.92857142857143,55.39287576211092
WPC,LS-PCQA,Man_C2AI-lossy-geom-lossy-attrs_5.ply,Man.ply,4.03571428571429,55.51801440312279
WPC,LS-PCQA,Man_C2AI-lossy-geom-lossy-attrs_6.ply,Man.ply,3.5,42.91022229690584
WPC,LS-PCQA,Man_C2AI-lossy-geom-lossy-attrs_7.ply,Man.ply,3.34375,36.31855179590095
WPC,LS-PCQA,Man_DownSample_3.ply,Man.ply,3.78571428571429,67.22849837448344
WPC,LS-PCQA,Man_DownSample_4.ply,Man.ply,3.5,61.33448148393367
WPC,LS-PCQA,Man_DownSample_5.ply,Man.ply,3.14285714285714,46.85429838866606
WPC,LS-PCQA,Man_DownSample_6.ply,Man.ply,3.03571428571429,21.187908478173345
WPC,LS-PCQA,Man_DownSample_7.ply,Man.ply,2.375,11.490428196021899
WPC,LS-PCQA,Man_MeanShift_1.ply,Man.ply,4.03571428571429,80.14458266100065
WPC,LS-PCQA,Man_MeanShift_3.ply,Man.ply,3.07142857142857,61.2682358923028
WPC,LS-PCQA,Man_MeanShift_4.ply,Man.ply,3.21875,56.15596779069263
WPC,LS-PCQA,Man_MeanShift_5.ply,Man.ply,2.83333333333333,43.87167374593125
WPC,LS-PCQA,Man_MeanShift_7.ply,Man.ply,3.0,33.2505814666987
WPC,LS-PCQA,Mario_GaussianNoise_1.ply,Mario.ply,3.57142857142857,41.04579921916622
WPC,LS-PCQA,Mario_GaussianNoise_3.ply,Mario.ply,3.32142857142857,32.34318861792722
WPC,LS-PCQA,Mario_GaussianNoise_4.ply,Mario.ply,3.21428571428571,31.291037397407703
WPC,LS-PCQA,Mario_GaussianNoise_5.ply,Mario.ply,2.92857142857143,29.286517070991575
WPC,LS-PCQA,Mario_GaussianNoise_7.ply,Mario.ply,2.82142857142857,25.508632714577494
WPC,LS-PCQA,Mario_GaussianShifting_1.ply,Mario.ply,4.46875,62.5548740206452
WPC,LS-PCQA,Mario_GaussianShifting_2.ply,Mario.ply,3.78571428571429,53.60963384134284
WPC,LS-PCQA,Mario_GaussianShifting_3.ply,Mario.ply,3.36666666666667,34.26263682104354
WPC,LS-PCQA,Mario_GaussianShifting_4.ply,Mario.ply,3.0,24.719799918614267
WPC,LS-PCQA,Mario_GaussianShifting_5.ply,Mario.ply,2.71428571428571,21.1509299393941
WPC,LS-PCQA,Mario_Octree_1.ply,Mario.ply,3.7,14.462492785177483
WPC,LS-PCQA,Mario_Octree_2.ply,Mario.ply,3.03571428571429,11.049983495285142
WPC,LS-PCQA,Mario_Octree_3.ply,Mario.ply,2.57142857142857,10.319360883352738
WPC,LS-PCQA,Mario_Octree_4.ply,Mario.ply,2.5,7.910076086896176
WPC,LS-PCQA,Mario_Octree_5.ply,Mario.ply,2.39285714285714,8.926874125223895
WPC,LS-PCQA,Mario_reconstruction_3.ply,Mario.ply,3.90625,59.75920751191052
WPC,LS-PCQA,Mario_reconstruction_4.ply,Mario.ply,4.15625,59.53884973686958
WPC,LS-PCQA,Mario_reconstruction_5.ply,Mario.ply,3.84375,60.19220258149258
WPC,LS-PCQA,Mario_reconstruction_6.ply,Mario.ply,4.16666666666667,56.38555471557425
WPC,LS-PCQA,Mario_reconstruction_7.ply,Mario.ply,3.17857142857143,48.1856257447545
WPC,LS-PCQA,matilda_GaussianShifting_1.ply,matilda.ply,3.92857142857143,63.81046662388179
WPC,LS-PCQA,matilda_GaussianShifting_2.ply,matilda.ply,2.96875,48.261702285104896
WPC,LS-PCQA,matilda_GaussianShifting_3.ply,matilda.ply,2.60714285714286,42.58512658861765
WPC,LS-PCQA,matilda_GaussianShifting_4.ply,matilda.ply,2.21428571428571,34.39738858909778
WPC,LS-PCQA,matilda_GaussianShifting_5.ply,matilda.ply,2.33333333333333,30.88960527161315
WPC,LS-PCQA,model_ColorNoise_3.ply,model.ply,3.84375,67.44854771078063
WPC,LS-PCQA,model_ColorNoise_4.ply,model.ply,3.5,51.54098997028139
WPC,LS-PCQA,model_ColorNoise_5.ply,model.ply,3.17857142857143,43.65380535326849
WPC,LS-PCQA,model_ColorNoise_6.ply,model.ply,2.89285714285714,39.532239320226374
WPC,LS-PCQA,model_ColorNoise_7.ply,model.ply,2.89285714285714,35.99707798188525
WPC,LS-PCQA,model_HighFrequencyNoise_3.ply,model.ply,3.25,34.31704322350081
WPC,LS-PCQA,model_HighFrequencyNoise_4.ply,model.ply,3.0,33.64541019750557
WPC,LS-PCQA,model_HighFrequencyNoise_5.ply,model.ply,2.82142857142857,31.33871174860451
WPC,LS-PCQA,model_HighFrequencyNoise_6.ply,model.ply,2.71875,27.186653306650545
WPC,LS-PCQA,model_HighFrequencyNoise_7.ply,model.ply,2.53333333333333,25.565132516162762
WPC,LS-PCQA,model_SaltpepperNoise_1.ply,model.ply,3.6,49.07910362123417
WPC,LS-PCQA,model_SaltpepperNoise_3.ply,model.ply,2.59375,33.36110958848231
WPC,LS-PCQA,model_SaltpepperNoise_4.ply,model.ply,2.42857142857143,31.297212731364244
WPC,LS-PCQA,model_SaltpepperNoise_5.ply,model.ply,2.42857142857143,31.31190794912805
WPC,LS-PCQA,model_SaltpepperNoise_7.ply,model.ply,1.82142857142857,30.51121133825664
WPC,LS-PCQA,MuteSwan_lossless-geom-lossy-attrs_3.ply,MuteSwan.ply,4.53125,80.06495244069933
WPC,LS-PCQA,MuteSwan_lossless-geom-lossy-attrs_4.ply,MuteSwan.ply,4.23333333333333,75.4525265530131
WPC,LS-PCQA,MuteSwan_lossless-geom-lossy-attrs_5.ply,MuteSwan.ply,4.07142857142857,68.50275433903937
WPC,LS-PCQA,MuteSwan_lossless-geom-lossy-attrs_6.ply,MuteSwan.ply,3.67857142857143,60.579031003209984
WPC,LS-PCQA,MuteSwan_lossless-geom-lossy-attrs_7.ply,MuteSwan.ply,3.25,55.074723486508766
WPC,LS-PCQA,MuteSwan_UniformShifting_1.ply,MuteSwan.ply,4.3,72.66542342041767
WPC,LS-PCQA,MuteSwan_UniformShifting_2.ply,MuteSwan.ply,3.71428571428571,65.26827341304858
WPC,LS-PCQA,MuteSwan_UniformShifting_3.ply,MuteSwan.ply,3.09375,47.631212425764126
WPC,LS-PCQA,MuteSwan_UniformShifting_4.ply,MuteSwan.ply,2.82142857142857,41.93092198657725
WPC,LS-PCQA,MuteSwan_UniformShifting_5.ply,MuteSwan.ply,2.64285714285714,36.6724463050892
WPC,LS-PCQA,ParrotV1_lossless-geom-nearlossless-attrs_3.ply,ParrotV1.ply,4.9,88.60874641667388
WPC,LS-PCQA,ParrotV1_lossless-geom-nearlossless-attrs_4.ply,ParrotV1.ply,4.625,86.35776327515278
WPC,LS-PCQA,ParrotV1_lossless-geom-nearlossless-attrs_5.ply,ParrotV1.ply,4.5625,74.7385981748484
WPC,LS-PCQA,ParrotV1_lossless-geom-nearlossless-attrs_6.ply,ParrotV1.ply,3.92857142857143,61.07867993922604
WPC,LS-PCQA,ParrotV1_lossless-geom-nearlossless-attrs_7.ply,ParrotV1.ply,2.78125,36.70277402347127
WPC,LS-PCQA,PjanicFace_GammaNoise_1.ply,PjanicFace.ply,3.5625,44.05826551363973
WPC,LS-PCQA,PjanicFace_GammaNoise_3.ply,PjanicFace.ply,2.96428571428571,38.92652402478309
WPC,LS-PCQA,PjanicFace_GammaNoise_4.ply,PjanicFace.ply,3.15625,37.472018355813745
WPC,LS-PCQA,PjanicFace_GammaNoise_5.ply,PjanicFace.ply,2.82142857142857,34.476346719079814
WPC,LS-PCQA,PjanicFace_GammaNoise_7.ply,PjanicFace.ply,2.39285714285714,30.578631240043418
WPC,LS-PCQA,PjanicFace_MeanShift_1.ply,PjanicFace.ply,4.1875,81.31060408821767
WPC,LS-PCQA,PjanicFace_MeanShift_3.ply,PjanicFace.ply,3.10714285714286,57.61139280250151
WPC,LS-PCQA,PjanicFace_MeanShift_4.ply,PjanicFace.ply,3.32142857142857,48.851867313876916
WPC,LS-PCQA,PjanicFace_MeanShift_5.ply,PjanicFace.ply,2.89285714285714,34.70794850283637
WPC,LS-PCQA,PjanicFace_MeanShift_7.ply,PjanicFace.ply,3.32142857142857,30.831542605645105
WPC,LS-PCQA,QQdog_ColorQuantizationDither_3.ply,QQdog.ply,4.3125,67.13446322013435
WPC,LS-PCQA,QQdog_ColorQuantizationDither_4.ply,QQdog.ply,4.03333333333333,58.11833988151486
WPC,LS-PCQA,QQdog_ColorQuantizationDither_5.ply,QQdog.ply,4.25,52.64937658820451
WPC,LS-PCQA,QQdog_ColorQuantizationDither_6.ply,QQdog.ply,3.1875,38.141080981914904
WPC,LS-PCQA,QQdog_ColorQuantizationDither_7.ply,QQdog.ply,2.28571428571429,21.73002655930553
WPC,LS-PCQA,QQdog_MeanShift_1.ply,QQdog.ply,4.53571428571429,80.87154558605216
WPC,LS-PCQA,QQdog_MeanShift_3.ply,QQdog.ply,3.71875,67.65913396954186
WPC,LS-PCQA,QQdog_MeanShift_4.ply,QQdog.ply,3.03333333333333,57.88838803473683
WPC,LS-PCQA,QQdog_MeanShift_5.ply,QQdog.ply,2.86666666666667,38.97207864995186
WPC,LS-PCQA,QQdog_MeanShift_7.ply,QQdog.ply,2.42857142857143,28.79325614090984
WPC,LS-PCQA,queen_ColorNoise_3.ply,queen.ply,3.66666666666667,69.55775661691047
WPC,LS-PCQA,queen_ColorNoise_4.ply,queen.ply,3.39285714285714,55.12651342204248
WPC,LS-PCQA,queen_ColorNoise_5.ply,queen.ply,3.39285714285714,45.34253580924117
WPC,LS-PCQA,queen_ColorNoise_6.ply,queen.ply,2.89285714285714,39.18131638474629
WPC,LS-PCQA,queen_ColorNoise_7.ply,queen.ply,2.90625,34.24603643609278
WPC,LS-PCQA,queen_LocalLoss_1.ply,queen.ply,3.1,64.86829350964976
WPC,LS-PCQA,queen_LocalLoss_2.ply,queen.ply,2.67857142857143,65.56633980055902
WPC,LS-PCQA,queen_LocalLoss_3.ply,queen.ply,1.60714285714286,60.89773646195379
WPC,LS-PCQA,queen_LocalLoss_4.ply,queen.ply,1.67857142857143,59.446409824214335
WPC,LS-PCQA,queen_LocalLoss_5.ply,queen.ply,1.32142857142857,53.55045799219225
WPC,LS-PCQA,queen_SaturationDistortion_1.ply,queen.ply,4.4375,85.71242541454623
WPC,LS-PCQA,queen_SaturationDistortion_2.ply,queen.ply,3.67857142857143,83.12573297514464
WPC,LS-PCQA,queen_SaturationDistortion_3.ply,queen.ply,2.90625,77.43268431192828
WPC,LS-PCQA,queen_SaturationDistortion_4.ply,queen.ply,2.53571428571429,65.57257758777371
WPC,LS-PCQA,queen_SaturationDistortion_5.ply,queen.ply,2.5,64.46260914289563
WPC,LS-PCQA,RattleSnake_lossless-geom-nearlossless-attrs_3.ply,RattleSnake.ply,4.75,87.383898567181
WPC,LS-PCQA,RattleSnake_lossless-geom-nearlossless-attrs_4.ply,RattleSnake.ply,4.78571428571429,87.6077128304176
WPC,LS-PCQA,RattleSnake_lossless-geom-nearlossless-attrs_5.ply,RattleSnake.ply,4.7,87.74373360493144
WPC,LS-PCQA,RattleSnake_lossless-geom-nearlossless-attrs_6.ply,RattleSnake.ply,3.10714285714286,58.12605218197261
WPC,LS-PCQA,RattleSnake_lossless-geom-nearlossless-attrs_7.ply,RattleSnake.ply,2.28571428571429,31.52994068598736
WPC,LS-PCQA,redandblack_ColorQuantizationDither_3.ply,redandblack.ply,3.82142857142857,67.6011271056709
WPC,LS-PCQA,redandblack_ColorQuantizationDither_4.ply,redandblack.ply,3.67857142857143,57.259194350704774
WPC,LS-PCQA,redandblack_ColorQuantizationDither_5.ply,redandblack.ply,3.64285714285714,49.33377374916743
WPC,LS-PCQA,redandblack_ColorQuantizationDither_6.ply,redandblack.ply,3.25,38.465419505911846
WPC,LS-PCQA,redandblack_ColorQuantizationDither_7.ply,redandblack.ply,2.23333333333333,29.440377517630644
WPC,LS-PCQA,redandblack_LocalLoss_1.ply,redandblack.ply,4.56666666666667,68.04283878058779
WPC,LS-PCQA,redandblack_LocalLoss_2.ply,redandblack.ply,2.96666666666667,65.5610540188534
WPC,LS-PCQA,redandblack_LocalLoss_3.ply,redandblack.ply,3.60714285714286,64.98792642998401
WPC,LS-PCQA,redandblack_LocalLoss_4.ply,redandblack.ply,3.0,61.53376162929694
WPC,LS-PCQA,redandblack_LocalLoss_5.ply,redandblack.ply,2.0,52.73287894700908
WPC,LS-PCQA,redandblack_SaturationDistortion_1.ply,redandblack.ply,4.2,85.2456189992493
WPC,LS-PCQA,redandblack_SaturationDistortion_2.ply,redandblack.ply,3.53571428571429,79.20649969383439
WPC,LS-PCQA,redandblack_SaturationDistortion_3.ply,redandblack.ply,2.9,61.16111612114034
WPC,LS-PCQA,redandblack_SaturationDistortion_4.ply,redandblack.ply,2.57142857142857,40.149493548178974
WPC,LS-PCQA,redandblack_SaturationDistortion_5.ply,redandblack.ply,2.7,45.276440295617746
WPC,LS-PCQA,RedHorse_LocalRotation_1.ply,RedHorse.ply,3.06666666666667,64.7481347045922
WPC,LS-PCQA,RedHorse_LocalRotation_2.ply,RedHorse.ply,2.64285714285714,63.65520889069177
WPC,LS-PCQA,RedHorse_LocalRotation_3.ply,RedHorse.ply,2.21428571428571,60.84449839632973
WPC,LS-PCQA,RedHorse_LocalRotation_4.ply,RedHorse.ply,1.26666666666667,44.03154553893476
WPC,LS-PCQA,RedHorse_LocalRotation_5.ply,RedHorse.ply,1.0,36.265691156230304
WPC,LS-PCQA,Rock1_ContrastDistortion_1.ply,Rock1.ply,3.60714285714286,57.88063527581144
WPC,LS-PCQA,Rock1_ContrastDistortion_2.ply,Rock1.ply,2.5,30.762390747574454
WPC,LS-PCQA,Rock1_ContrastDistortion_3.ply,Rock1.ply,1.78571428571429,29.18076046620126
WPC,LS-PCQA,Rock1_ContrastDistortion_4.ply,Rock1.ply,1.66666666666667,27.72860550741842
WPC,LS-PCQA,Rock1_ContrastDistortion_5.ply,Rock1.ply,1.21428571428571,26.312731096137778
WPC,LS-PCQA,Rock1_lossless-geom-lossy-attrs_3.ply,Rock1.ply,4.56666666666667,89.1762056718032
WPC,LS-PCQA,Rock1_lossless-geom-lossy-attrs_4.ply,Rock1.ply,4.5,86.39845593428993
WPC,LS-PCQA,Rock1_lossless-geom-lossy-attrs_5.ply,Rock1.ply,3.89285714285714,77.58213976999689
WPC,LS-PCQA,Rock1_lossless-geom-lossy-attrs_6.ply,Rock1.ply,3.53333333333333,65.53201071472526
WPC,LS-PCQA,Rock1_lossless-geom-lossy-attrs_7.ply,Rock1.ply,2.84375,46.202231899421776
WPC,LS-PCQA,Rock1_Octree_1.ply,Rock1.ply,4.03333333333333,15.06575905307982
WPC,LS-PCQA,Rock1_Octree_2.ply,Rock1.ply,2.875,11.865433433962492
WPC,LS-PCQA,Rock1_Octree_3.ply,Rock1.ply,2.57142857142857,9.094614405110676
WPC,LS-PCQA,Rock1_Octree_4.ply,Rock1.ply,2.21428571428571,8.007041716114545
WPC,LS-PCQA,Rock1_Octree_5.ply,Rock1.ply,2.10714285714286,7.818943670911707
WPC,LS-PCQA,Rock1_SaturationDistortion_1.ply,Rock1.ply,3.82142857142857,83.5258928163222
WPC,LS-PCQA,Rock1_SaturationDistortion_2.ply,Rock1.ply,3.46428571428571,77.79777976271198
WPC,LS-PCQA,Rock1_SaturationDistortion_3.ply,Rock1.ply,2.71428571428571,68.81716029968482
WPC,LS-PCQA,Rock1_SaturationDistortion_4.ply,Rock1.ply,2.60714285714286,53.88543213353083
WPC,LS-PCQA,Rock1_SaturationDistortion_5.ply,Rock1.ply,2.625,49.50276263174828
WPC,LS-PCQA,RpClaudiaRigged_UniformNoise_1.ply,RpClaudiaRigged.ply,4.53571428571429,79.59675375965884
WPC,LS-PCQA,RpClaudiaRigged_UniformNoise_3.ply,RpClaudiaRigged.ply,3.46875,57.63606541010989
WPC,LS-PCQA,RpClaudiaRigged_UniformNoise_4.ply,RpClaudiaRigged.ply,3.10714285714286,49.78780702762585
WPC,LS-PCQA,RpClaudiaRigged_UniformNoise_5.ply,RpClaudiaRigged.ply,2.89285714285714,43.870344154595266
WPC,LS-PCQA,RpClaudiaRigged_UniformNoise_7.ply,RpClaudiaRigged.ply,2.82142857142857,39.175551774337016
WPC,LS-PCQA,RpDennisPosed004_ColorQuantizationDither_3.ply,RpDennisPosed004.ply,3.78125,73.77242598509167
WPC,LS-PCQA,RpDennisPosed004_ColorQuantizationDither_4.ply,RpDennisPosed004.ply,3.5,56.51030415473795
WPC,LS-PCQA,RpDennisPosed004_ColorQuantizationDither_5.ply,RpDennisPosed004.ply,2.5,53.76258367906764
WPC,LS-PCQA,RpDennisPosed004_ColorQuantizationDither_6.ply,RpDennisPosed004.ply,2.75,32.394648659383535
WPC,LS-PCQA,RpDennisPosed004_ColorQuantizationDither_7.ply,RpDennisPosed004.ply,2.46428571428571,20.33598343556806
WPC,LS-PCQA,RpDennisPosed004_LocalOffset_1.ply,RpDennisPosed004.ply,2.75,65.22103830188607
WPC,LS-PCQA,RpDennisPosed004_LocalOffset_2.ply,RpDennisPosed004.ply,2.7,61.40377694961353
WPC,LS-PCQA,RpDennisPosed004_LocalOffset_3.ply,RpDennisPosed004.ply,2.39285714285714,50.947048940244976
WPC,LS-PCQA,RpDennisPosed004_LocalOffset_4.ply,RpDennisPosed004.ply,1.21875,18.51903704563932
WPC,LS-PCQA,RpDennisPosed004_LocalOffset_5.ply,RpDennisPosed004.ply,1.21428571428571,16.77285560937937
WPC,LS-PCQA,RpDennisPosed004_UniformNoise_1.ply,RpDennisPosed004.ply,4.82142857142857,73.41080519448677
WPC,LS-PCQA,RpDennisPosed004_UniformNoise_3.ply,RpDennisPosed004.ply,3.67857142857143,44.498856583903006
WPC,LS-PCQA,RpDennisPosed004_UniformNoise_4.ply,RpDennisPosed004.ply,3.4375,40.34971124893667
WPC,LS-PCQA,RpDennisPosed004_UniformNoise_5.ply,RpDennisPosed004.ply,3.34375,34.726142130594944
WPC,LS-PCQA,RpDennisPosed004_UniformNoise_7.ply,RpDennisPosed004.ply,2.96428571428571,27.006383482867815
WPC,LS-PCQA,RpFabiennePercyPosed001_ContrastDistortion_1.ply,RpFabiennePercyPosed001.ply,3.8,80.91861639868937
WPC,LS-PCQA,RpFabiennePercyPosed001_ContrastDistortion_2.ply,RpFabiennePercyPosed001.ply,3.82142857142857,64.22540718879729
WPC,LS-PCQA,RpFabiennePercyPosed001_ContrastDistortion_3.ply,RpFabiennePercyPosed001.ply,3.17857142857143,53.75222055739696
WPC,LS-PCQA,RpFabiennePercyPosed001_ContrastDistortion_4.ply,RpFabiennePercyPosed001.ply,2.71428571428571,39.66904454281888
WPC,LS-PCQA,RpFabiennePercyPosed001_ContrastDistortion_5.ply,RpFabiennePercyPosed001.ply,2.53333333333333,30.5458715285113
WPC,LS-PCQA,RpFabiennePercyPosed001_LocalOffset_1.ply,RpFabiennePercyPosed001.ply,4.46666666666667,74.16468892286362
WPC,LS-PCQA,RpFabiennePercyPosed001_LocalOffset_2.ply,RpFabiennePercyPosed001.ply,3.5,66.33765088551073
WPC,LS-PCQA,RpFabiennePercyPosed001_LocalOffset_3.ply,RpFabiennePercyPosed001.ply,2.78571428571429,62.928542259010136
WPC,LS-PCQA,RpFabiennePercyPosed001_LocalOffset_4.ply,RpFabiennePercyPosed001.ply,2.57142857142857,54.858913050568624
WPC,LS-PCQA,RpFabiennePercyPosed001_LocalOffset_5.ply,RpFabiennePercyPosed001.ply,1.89285714285714,36.619870983731005
WPC,LS-PCQA,RpFabiennePercyPosed001_UniformShifting_1.ply,RpFabiennePercyPosed001.ply,3.92857142857143,82.36042254048452
WPC,LS-PCQA,RpFabiennePercyPosed001_UniformShifting_2.ply,RpFabiennePercyPosed001.ply,3.07142857142857,69.55809368312359
WPC,LS-PCQA,RpFabiennePercyPosed001_UniformShifting_3.ply,RpFabiennePercyPosed001.ply,2.625,60.400218694956074
WPC,LS-PCQA,RpFabiennePercyPosed001_UniformShifting_4.ply,RpFabiennePercyPosed001.ply,2.1875,48.83271932442199
WPC,LS-PCQA,RpFabiennePercyPosed001_UniformShifting_5.ply,RpFabiennePercyPosed001.ply,1.92857142857143,40.41938072374301
WPC,LS-PCQA,RpManuelAnimated001Dancing_CorrelatedGaussianNoise_1.ply,RpManuelAnimated001Dancing.ply,4.53333333333333,80.20658836298735
WPC,LS-PCQA,RpManuelAnimated001Dancing_CorrelatedGaussianNoise_2.ply,RpManuelAnimated001Dancing.ply,3.5,64.98924285281117
WPC,LS-PCQA,RpManuelAnimated001Dancing_CorrelatedGaussianNoise_3.ply,RpManuelAnimated001Dancing.ply,3.25,51.067370909057466
WPC,LS-PCQA,RpManuelAnimated001Dancing_CorrelatedGaussianNoise_4.ply,RpManuelAnimated001Dancing.ply,3.14285714285714,45.17592308101849
WPC,LS-PCQA,RpManuelAnimated001Dancing_CorrelatedGaussianNoise_5.ply,RpManuelAnimated001Dancing.ply,3.0,38.787561449457684
WPC,LS-PCQA,RpManuelAnimated001Dancing_LocalRotation_1.ply,RpManuelAnimated001Dancing.ply,3.14285714285714,76.38513385119766
WPC,LS-PCQA,RpManuelAnimated001Dancing_LocalRotation_2.ply,RpManuelAnimated001Dancing.ply,2.32142857142857,56.60494440600837
WPC,LS-PCQA,RpManuelAnimated001Dancing_LocalRotation_3.ply,RpManuelAnimated001Dancing.ply,2.26666666666667,55.14877530820592
WPC,LS-PCQA,RpManuelAnimated001Dancing_LocalRotation_4.ply,RpManuelAnimated001Dancing.ply,2.03571428571429,20.41014132866175
WPC,LS-PCQA,RpManuelAnimated001Dancing_LocalRotation_5.ply,RpManuelAnimated001Dancing.ply,1.39285714285714,12.074417458435564
WPC,LS-PCQA,RpManuelAnimated001Dancing_UniformShifting_1.ply,RpManuelAnimated001Dancing.ply,4.15625,82.50817981414808
WPC,LS-PCQA,RpManuelAnimated001Dancing_UniformShifting_2.ply,RpManuelAnimated001Dancing.ply,4.07142857142857,71.02746812524566
WPC,LS-PCQA,RpManuelAnimated001Dancing_UniformShifting_3.ply,RpManuelAnimated001Dancing.ply,2.89285714285714,66.52430355648372
WPC,LS-PCQA,RpManuelAnimated001Dancing_UniformShifting_4.ply,RpManuelAnimated001Dancing.ply,2.46875,58.09546317603262
WPC,LS-PCQA,RpManuelAnimated001Dancing_UniformShifting_5.ply,RpManuelAnimated001Dancing.ply,2.2,52.91061553272237
WPC,LS-PCQA,RpMeiPosed001_CorrelatedGaussianNoise_1.ply,RpMeiPosed001.ply,4.0,73.65104238494845
WPC,LS-PCQA,RpMeiPosed001_CorrelatedGaussianNoise_2.ply,RpMeiPosed001.ply,3.60714285714286,56.52139728446881
WPC,LS-PCQA,RpMeiPosed001_CorrelatedGaussianNoise_3.ply,RpMeiPosed001.ply,3.28571428571429,46.98075091958422
WPC,LS-PCQA,RpMeiPosed001_CorrelatedGaussianNoise_4.ply,RpMeiPosed001.ply,3.07142857142857,43.25032805744854
WPC,LS-PCQA,RpMeiPosed001_CorrelatedGaussianNoise_5.ply,RpMeiPosed001.ply,3.06666666666667,39.194661913346415
WPC,LS-PCQA,RpMeiPosed001_LocalRotation_1.ply,RpMeiPosed001.ply,2.375,65.21279966599216
WPC,LS-PCQA,RpMeiPosed001_LocalRotation_2.ply,RpMeiPosed001.ply,2.3,63.74924550556796
WPC,LS-PCQA,RpMeiPosed001_LocalRotation_3.ply,RpMeiPosed001.ply,2.34375,54.18763262209726
WPC,LS-PCQA,RpMeiPosed001_LocalRotation_4.ply,RpMeiPosed001.ply,1.65625,24.266447075641562
WPC,LS-PCQA,RpMeiPosed001_LocalRotation_5.ply,RpMeiPosed001.ply,1.64285714285714,15.062801524677873
WPC,LS-PCQA,RyukinGoldfish_lossy-geom-lossy-attrs_3.ply,RyukinGoldfish.ply,4.67857142857143,74.66863506822989
WPC,LS-PCQA,RyukinGoldfish_lossy-geom-lossy-attrs_4.ply,RyukinGoldfish.ply,4.46666666666667,64.81713599521528
WPC,LS-PCQA,RyukinGoldfish_lossy-geom-lossy-attrs_5.ply,RyukinGoldfish.ply,3.82142857142857,54.0354238237683
WPC,LS-PCQA,RyukinGoldfish_lossy-geom-lossy-attrs_6.ply,RyukinGoldfish.ply,2.92857142857143,14.563900040252763
WPC,LS-PCQA,RyukinGoldfish_lossy-geom-lossy-attrs_7.ply,RyukinGoldfish.ply,2.10714285714286,7.359084487759731
WPC,LS-PCQA,ScarletSnake_lossy-geom-lossy-attrs_3.ply,ScarletSnake.ply,4.71428571428571,70.07222839320042
WPC,LS-PCQA,ScarletSnake_lossy-geom-lossy-attrs_4.ply,ScarletSnake.ply,4.5625,57.67626384205201
WPC,LS-PCQA,ScarletSnake_lossy-geom-lossy-attrs_5.ply,ScarletSnake.ply,3.83333333333333,33.16613820674129
WPC,LS-PCQA,ScarletSnake_lossy-geom-lossy-attrs_6.ply,ScarletSnake.ply,3.0,12.530384592350833
WPC,LS-PCQA,ScarletSnake_lossy-geom-lossy-attrs_7.ply,ScarletSnake.ply,2.07142857142857,7.931393258760566
WPC,LS-PCQA,SeaTurtle_HighFrequencyNoise_3.ply,SeaTurtle.ply,4.28571428571429,63.94021516923275
WPC,LS-PCQA,SeaTurtle_HighFrequencyNoise_4.ply,SeaTurtle.ply,4.17857142857143,59.64152909554003
WPC,LS-PCQA,SeaTurtle_HighFrequencyNoise_5.ply,SeaTurtle.ply,3.89285714285714,55.49930587920972
WPC,LS-PCQA,SeaTurtle_HighFrequencyNoise_6.ply,SeaTurtle.ply,3.5,34.98992086912974
WPC,LS-PCQA,SeaTurtle_HighFrequencyNoise_7.ply,SeaTurtle.ply,3.0,29.81669207229057
WPC,LS-PCQA,Shark_HighFrequencyNoise_3.ply,Shark.ply,3.86666666666667,61.9683598421303
WPC,LS-PCQA,Shark_HighFrequencyNoise_4.ply,Shark.ply,3.5,57.31907344952827
WPC,LS-PCQA,Shark_HighFrequencyNoise_5.ply,Shark.ply,3.46428571428571,56.39675950199388
WPC,LS-PCQA,Shark_HighFrequencyNoise_6.ply,Shark.ply,3.14285714285714,43.66071791159275
WPC,LS-PCQA,Shark_HighFrequencyNoise_7.ply,Shark.ply,2.67857142857143,34.56269566513215
WPC,LS-PCQA,Soccer_CorrelatedGaussianNoise_1.ply,Soccer.ply,3.9,49.51009671584285
WPC,LS-PCQA,Soccer_CorrelatedGaussianNoise_2.ply,Soccer.ply,3.5,37.96762277447353
WPC,LS-PCQA,Soccer_CorrelatedGaussianNoise_3.ply,Soccer.ply,3.35714285714286,33.315695730950935
WPC,LS-PCQA,Soccer_CorrelatedGaussianNoise_4.ply,Soccer.ply,3.0,30.125061791436742
WPC,LS-PCQA,Soccer_CorrelatedGaussianNoise_5.ply,Soccer.ply,2.75,27.262564172470373
WPC,LS-PCQA,Soccer_MeanShift_1.ply,Soccer.ply,4.125,80.49545560532091
WPC,LS-PCQA,Soccer_MeanShift_3.ply,Soccer.ply,3.2,32.4062104285855
WPC,LS-PCQA,Soccer_MeanShift_4.ply,Soccer.ply,2.67857142857143,27.897640082527317
WPC,LS-PCQA,Soccer_MeanShift_5.ply,Soccer.ply,2.71428571428571,27.682442356185312
WPC,LS-PCQA,Soccer_MeanShift_7.ply,Soccer.ply,1.14285714285714,23.754735703256216
WPC,LS-PCQA,soldier_DownSample_3.ply,soldier.ply,4.17857142857143,67.15608781211161
WPC,LS-PCQA,soldier_DownSample_4.ply,soldier.ply,3.92857142857143,59.66984298493036
WPC,LS-PCQA,soldier_DownSample_5.ply,soldier.ply,3.64285714285714,48.34189553132801
WPC,LS-PCQA,soldier_DownSample_6.ply,soldier.ply,3.0625,23.917379425007592
WPC,LS-PCQA,soldier_DownSample_7.ply,soldier.ply,2.39285714285714,9.421998016457335
WPC,LS-PCQA,soldier_LumaNoise_1.ply,soldier.ply,4.06666666666667,86.83745135113358
WPC,LS-PCQA,soldier_LumaNoise_3.ply,soldier.ply,3.21875,67.08622065282744
WPC,LS-PCQA,soldier_LumaNoise_4.ply,soldier.ply,3.09375,57.75610259779399
WPC,LS-PCQA,soldier_LumaNoise_5.ply,soldier.ply,3.1875,37.067374329534665
WPC,LS-PCQA,soldier_LumaNoise_7.ply,soldier.ply,2.35714285714286,31.299247546303647
WPC,LS-PCQA,SpiderMonkey_C2AI-lossy-geom-lossy-attrs_3.ply,SpiderMonkey.ply,4.96428571428571,58.068990518230194
WPC,LS-PCQA,SpiderMonkey_C2AI-lossy-geom-lossy-attrs_4.ply,SpiderMonkey.ply,4.5625,51.77453015883147
WPC,LS-PCQA,SpiderMonkey_C2AI-lossy-geom-lossy-attrs_5.ply,SpiderMonkey.ply,4.0,45.23094526776884
WPC,LS-PCQA,SpiderMonkey_C2AI-lossy-geom-lossy-attrs_6.ply,SpiderMonkey.ply,3.46428571428571,38.082864556290936
WPC,LS-PCQA,SpiderMonkey_C2AI-lossy-geom-lossy-attrs_7.ply,SpiderMonkey.ply,3.0,30.07964171722753
WPC,LS-PCQA,SpiderMonkey_LocalLoss_1.ply,SpiderMonkey.ply,3.82142857142857,65.96230482087478
WPC,LS-PCQA,SpiderMonkey_LocalLoss_2.ply,SpiderMonkey.ply,3.60714285714286,64.16215386658308
WPC,LS-PCQA,SpiderMonkey_LocalLoss_3.ply,SpiderMonkey.ply,2.53125,66.39120839566831
WPC,LS-PCQA,SpiderMonkey_LocalLoss_4.ply,SpiderMonkey.ply,2.3,63.73895899542516
WPC,LS-PCQA,SpiderMonkey_LocalLoss_5.ply,SpiderMonkey.ply,2.21428571428571,60.220303268344544
WPC,LS-PCQA,Statue_GammaNoise_1.ply,Statue.ply,3.3,40.38159927009641
WPC,LS-PCQA,Statue_GammaNoise_3.ply,Statue.ply,2.96666666666667,38.70055135422214
WPC,LS-PCQA,Statue_GammaNoise_4.ply,Statue.ply,3.14285714285714,36.47423062106684
WPC,LS-PCQA,Statue_GammaNoise_5.ply,Statue.ply,2.85714285714286,36.24127495344443
WPC,LS-PCQA,Statue_GammaNoise_7.ply,Statue.ply,2.28571428571429,30.538995783970066
WPC,LS-PCQA,Statue_HighFrequencyNoise_3.ply,Statue.ply,3.53333333333333,44.59273106412586
WPC,LS-PCQA,Statue_HighFrequencyNoise_4.ply,Statue.ply,3.3,41.05476875394031
WPC,LS-PCQA,Statue_HighFrequencyNoise_5.ply,Statue.ply,3.375,39.4981854008771
WPC,LS-PCQA,Statue_HighFrequencyNoise_6.ply,Statue.ply,3.1875,31.586713969085665
WPC,LS-PCQA,Statue_HighFrequencyNoise_7.ply,Statue.ply,2.28571428571429,28.50710201724065
WPC,LS-PCQA,Statue_limitlossyG-lossyA_3.ply,Statue.ply,4.89285714285714,66.52688279939844
WPC,LS-PCQA,Statue_limitlossyG-lossyA_4.ply,Statue.ply,4.4375,57.68088121266613
WPC,LS-PCQA,Statue_limitlossyG-lossyA_5.ply,Statue.ply,2.75,21.628662117901712
WPC,LS-PCQA,Statue_limitlossyG-lossyA_6.ply,Statue.ply,2.07142857142857,11.905808347207664
WPC,LS-PCQA,Statue_limitlossyG-lossyA_7.ply,Statue.ply,1.64285714285714,8.251984683459428
WPC,LS-PCQA,Statue_PoissonNoise_3.ply,Statue.ply,3.90625,76.31153750327239
WPC,LS-PCQA,Statue_PoissonNoise_4.ply,Statue.ply,3.63333333333333,71.70263852216651
WPC,LS-PCQA,Statue_PoissonNoise_5.ply,Statue.ply,3.625,68.02772318352058
WPC,LS-PCQA,Statue_PoissonNoise_6.ply,Statue.ply,3.3,61.429140667472645
WPC,LS-PCQA,Statue_PoissonNoise_7.ply,Statue.ply,3.46875,55.352854000896706
WPC,LS-PCQA,StreetRoad_losslessG-lossyA_3.ply,StreetRoad.ply,4.71428571428571,87.74700255858117
WPC,LS-PCQA,StreetRoad_losslessG-lossyA_4.ply,StreetRoad.ply,4.66666666666667,87.22904000828012
WPC,LS-PCQA,StreetRoad_losslessG-lossyA_5.ply,StreetRoad.ply,4.07142857142857,62.21534211266895
WPC,LS-PCQA,StreetRoad_losslessG-lossyA_6.ply,StreetRoad.ply,3.32142857142857,51.9697477197326
WPC,LS-PCQA,StreetRoad_losslessG-lossyA_7.ply,StreetRoad.ply,3.0,47.33689210353623
WPC,LS-PCQA,StreetRoad_SaltpepperNoise_1.ply,StreetRoad.ply,3.7,65.16878127339417
WPC,LS-PCQA,StreetRoad_SaltpepperNoise_3.ply,StreetRoad.ply,2.75,48.18456267108158
WPC,LS-PCQA,StreetRoad_SaltpepperNoise_4.ply,StreetRoad.ply,2.875,44.84390543308593
WPC,LS-PCQA,StreetRoad_SaltpepperNoise_5.ply,StreetRoad.ply,2.93333333333333,43.318053376877906
WPC,LS-PCQA,StreetRoad_SaltpepperNoise_7.ply,StreetRoad.ply,2.71875,38.30995339975544
WPC,LS-PCQA,Table_SaturationDistortion_1.ply,Table.ply,4.32142857142857,83.89947373518685
WPC,LS-PCQA,Table_SaturationDistortion_2.ply,Table.ply,3.28571428571429,79.29215099119305
WPC,LS-PCQA,Table_SaturationDistortion_3.ply,Table.ply,3.13333333333333,73.05196066999162
WPC,LS-PCQA,Table_SaturationDistortion_4.ply,Table.ply,2.60714285714286,62.15789404385451
WPC,LS-PCQA,Table_SaturationDistortion_5.ply,Table.ply,2.46428571428571,53.83761722124918
WPC,LS-PCQA,Thaidancer_C2AI-lossy-geom-lossy-attrs_3.ply,Thaidancer.ply,4.35714285714286,52.23223864840272
WPC,LS-PCQA,Thaidancer_C2AI-lossy-geom-lossy-attrs_4.ply,Thaidancer.ply,4.0625,54.936481128525394
WPC,LS-PCQA,Thaidancer_C2AI-lossy-geom-lossy-attrs_5.ply,Thaidancer.ply,3.07142857142857,51.562208719936464
WPC,LS-PCQA,Thaidancer_C2AI-lossy-geom-lossy-attrs_6.ply,Thaidancer.ply,2.17857142857143,39.232566970865584
WPC,LS-PCQA,Thaidancer_C2AI-lossy-geom-lossy-attrs_7.ply,Thaidancer.ply,2.32142857142857,33.88496721452794
WPC,LS-PCQA,Thaidancer_ContrastDistortion_1.ply,Thaidancer.ply,4.43333333333333,75.04227532666714
WPC,LS-PCQA,Thaidancer_ContrastDistortion_2.ply,Thaidancer.ply,3.46666666666667,57.704958561694575
WPC,LS-PCQA,Thaidancer_ContrastDistortion_3.ply,Thaidancer.ply,3.1875,39.76629993470038
WPC,LS-PCQA,Thaidancer_ContrastDistortion_4.ply,Thaidancer.ply,3.35714285714286,31.97169255397692
WPC,LS-PCQA,Thaidancer_ContrastDistortion_5.ply,Thaidancer.ply,2.53571428571429,28.81370317114644
WPC,LS-PCQA,Thaidancer_LumaNoise_1.ply,Thaidancer.ply,4.25,86.70776321512773
WPC,LS-PCQA,Thaidancer_LumaNoise_3.ply,Thaidancer.ply,3.63333333333333,68.2543054801425
WPC,LS-PCQA,Thaidancer_LumaNoise_4.ply,Thaidancer.ply,3.10714285714286,61.49556410665113
WPC,LS-PCQA,Thaidancer_LumaNoise_5.ply,Thaidancer.ply,3.03571428571429,57.7378457845025
WPC,LS-PCQA,Thaidancer_LumaNoise_7.ply,Thaidancer.ply,2.67857142857143,32.89571279526915
WPC,LS-PCQA,TibetanFox_LocalLoss_1.ply,TibetanFox.ply,2.75,67.01670204552406
WPC,LS-PCQA,TibetanFox_LocalLoss_2.ply,TibetanFox.ply,2.53571428571429,66.93708141682117
WPC,LS-PCQA,TibetanFox_LocalLoss_3.ply,TibetanFox.ply,1.75,64.37623857765092
WPC,LS-PCQA,TibetanFox_LocalLoss_4.ply,TibetanFox.ply,2.0,59.766929488970256
WPC,LS-PCQA,TibetanFox_LocalLoss_5.ply,TibetanFox.ply,2.07142857142857,59.41613938926391
WPC,LS-PCQA,ToyDog_DownSample_3.ply,ToyDog.ply,4.28571428571429,66.19168400864817
WPC,LS-PCQA,ToyDog_DownSample_4.ply,ToyDog.ply,3.67857142857143,56.15597379534869
WPC,LS-PCQA,ToyDog_DownSample_5.ply,ToyDog.ply,2.64285714285714,42.77238989190722
WPC,LS-PCQA,ToyDog_DownSample_6.ply,ToyDog.ply,2.64285714285714,16.84746239200091
WPC,LS-PCQA,ToyDog_DownSample_7.ply,ToyDog.ply,2.17857142857143,9.161204961147421
WPC,LS-PCQA,ToyDog_lossless-geom-nearlossless-attrs_3.ply,ToyDog.ply,4.93333333333333,86.2705999445422
WPC,LS-PCQA,ToyDog_lossless-geom-nearlossless-attrs_4.ply,ToyDog.ply,4.92857142857143,81.37152361411098
WPC,LS-PCQA,ToyDog_lossless-geom-nearlossless-attrs_5.ply,ToyDog.ply,3.5,40.994078877741266
WPC,LS-PCQA,ToyDog_lossless-geom-nearlossless-attrs_6.ply,ToyDog.ply,2.90625,35.13141268898951
WPC,LS-PCQA,ToyDog_lossless-geom-nearlossless-attrs_7.ply,ToyDog.ply,1.60714285714286,31.22321397166164
WPC,LS-PCQA,ToyDog_MultiplicativeGaussianNoise_1.ply,ToyDog.ply,3.92857142857143,74.40905337038507
WPC,LS-PCQA,ToyDog_MultiplicativeGaussianNoise_3.ply,ToyDog.ply,3.46428571428571,63.01955266986216
WPC,LS-PCQA,ToyDog_MultiplicativeGaussianNoise_4.ply,ToyDog.ply,3.40625,56.94524311426807
WPC,LS-PCQA,ToyDog_MultiplicativeGaussianNoise_5.ply,ToyDog.ply,2.89285714285714,52.805564743069446
WPC,LS-PCQA,ToyDog_MultiplicativeGaussianNoise_7.ply,ToyDog.ply,2.92857142857143,45.74685249536615
WPC,LS-PCQA,ToyDog_reconstruction_3.ply,ToyDog.ply,3.7,41.80859835963094
WPC,LS-PCQA,ToyDog_reconstruction_4.ply,ToyDog.ply,2.78571428571429,31.77367964072225
WPC,LS-PCQA,ToyDog_reconstruction_5.ply,ToyDog.ply,3.0625,21.576839677583568
WPC,LS-PCQA,ToyDog_reconstruction_6.ply,ToyDog.ply,2.71428571428571,14.329489348676407
WPC,LS-PCQA,ToyDog_reconstruction_7.ply,ToyDog.ply,2.35714285714286,13.687467009568575
WPC,LS-PCQA,ToyDog_UniformNoise_1.ply,ToyDog.ply,4.9,83.2433921173356
WPC,LS-PCQA,ToyDog_UniformNoise_3.ply,ToyDog.ply,3.75,63.870843882773435
WPC,LS-PCQA,ToyDog_UniformNoise_4.ply,ToyDog.ply,3.46428571428571,55.741051955866254
WPC,LS-PCQA,ToyDog_UniformNoise_5.ply,ToyDog.ply,3.35714285714286,50.03168026200118
WPC,LS-PCQA,ToyDog_UniformNoise_7.ply,ToyDog.ply,3.0,41.62139453523367
WPC,LS-PCQA,Truck_ColorQuantizationDither_3.ply,Truck.ply,3.82142857142857,68.23904647065316
WPC,LS-PCQA,Truck_ColorQuantizationDither_4.ply,Truck.ply,3.07142857142857,63.002024688893634
WPC,LS-PCQA,Truck_ColorQuantizationDither_5.ply,Truck.ply,2.65625,44.81197638788494
WPC,LS-PCQA,Truck_ColorQuantizationDither_6.ply,Truck.ply,2.46875,40.41758946910141
WPC,LS-PCQA,Truck_ColorQuantizationDither_7.ply,Truck.ply,1.96428571428571,29.549044893847263
WPC,LS-PCQA,Truck_lossy-geom-lossy-attrs_3.ply,Truck.ply,4.57142857142857,68.62493082810012
WPC,LS-PCQA,Truck_lossy-geom-lossy-attrs_4.ply,Truck.ply,4.28571428571429,63.63729908368011
WPC,LS-PCQA,Truck_lossy-geom-lossy-attrs_5.ply,Truck.ply,3.8125,37.2917580475074
WPC,LS-PCQA,Truck_lossy-geom-lossy-attrs_6.ply,Truck.ply,3.0,11.120740037877574
WPC,LS-PCQA,Truck_lossy-geom-lossy-attrs_7.ply,Truck.ply,1.42857142857143,8.95414331118605
WPC,LS-PCQA,Truck_PoissonNoise_3.ply,Truck.ply,4.10714285714286,80.85104084786929
WPC,LS-PCQA,Truck_PoissonNoise_4.ply,Truck.ply,3.67857142857143,79.63974333313612
WPC,LS-PCQA,Truck_PoissonNoise_5.ply,Truck.ply,3.85714285714286,75.98587470374997
WPC,LS-PCQA,Truck_PoissonNoise_6.ply,Truck.ply,3.17857142857143,70.48815127589896
WPC,LS-PCQA,Truck_PoissonNoise_7.ply,Truck.ply,3.13333333333333,67.709327040008
WPC,LS-PCQA,Whale_LocalOffset_1.ply,Whale.ply,4.28571428571429,65.84891562815749
WPC,LS-PCQA,Whale_LocalOffset_2.ply,Whale.ply,3.0,62.66500852994139
WPC,LS-PCQA,Whale_LocalOffset_3.ply,Whale.ply,2.10714285714286,54.15509617902506
WPC,LS-PCQA,Whale_LocalOffset_4.ply,Whale.ply,2.1,39.32987648739937
WPC,LS-PCQA,Whale_LocalOffset_5.ply,Whale.ply,1.67857142857143,17.96473961701807
WPC,LS-PCQA,WhiteTailedDeer_C2AI-lossy-geom-lossy-attrs_3.ply,WhiteTailedDeer.ply,4.43333333333333,48.793307761856475
WPC,LS-PCQA,WhiteTailedDeer_C2AI-lossy-geom-lossy-attrs_4.ply,WhiteTailedDeer.ply,3.85714285714286,43.05331866881437
WPC,LS-PCQA,WhiteTailedDeer_C2AI-lossy-geom-lossy-attrs_5.ply,WhiteTailedDeer.ply,4.07142857142857,42.50147604291571
WPC,LS-PCQA,WhiteTailedDeer_C2AI-lossy-geom-lossy-attrs_6.ply,WhiteTailedDeer.ply,3.14285714285714,40.61352718976099
WPC,LS-PCQA,WhiteTailedDeer_C2AI-lossy-geom-lossy-attrs_7.ply,WhiteTailedDeer.ply,2.83333333333333,37.759735693232166
WPC,LS-PCQA,WhiteTailedDeer_LocalOffset_1.ply,WhiteTailedDeer.ply,3.5,65.45605743930368
WPC,LS-PCQA,WhiteTailedDeer_LocalOffset_2.ply,WhiteTailedDeer.ply,2.75,64.71021226707929
WPC,LS-PCQA,WhiteTailedDeer_LocalOffset_3.ply,WhiteTailedDeer.ply,2.6875,64.73473748710323
WPC,LS-PCQA,WhiteTailedDeer_LocalOffset_4.ply,WhiteTailedDeer.ply,2.0,52.660923913086066
WPC,LS-PCQA,WhiteTailedDeer_LocalOffset_5.ply,WhiteTailedDeer.ply,2.0,25.713587624234535
WPC,LS-PCQA,Wood_DownSample_3.ply,Wood.ply,4.3,69.03157423961146
WPC,LS-PCQA,Wood_DownSample_4.ply,Wood.ply,4.25,60.80298712522966
WPC,LS-PCQA,Wood_DownSample_5.ply,Wood.ply,3.85714285714286,53.303501335117936
WPC,LS-PCQA,Wood_DownSample_6.ply,Wood.ply,2.85714285714286,28.770143173404513
WPC,LS-PCQA,Wood_DownSample_7.ply,Wood.ply,2.46875,10.488042735748989
WPC,LS-PCQA,Wood_Octree_1.ply,Wood.ply,2.84375,10.503008019957496
WPC,LS-PCQA,Wood_Octree_2.ply,Wood.ply,2.375,9.573758542277613
WPC,LS-PCQA,Wood_Octree_3.ply,Wood.ply,2.07142857142857,10.100359435680486
WPC,LS-PCQA,Wood_Octree_4.ply,Wood.ply,1.60714285714286,9.039096471215343
WPC,LS-PCQA,Wood_Octree_5.ply,Wood.ply,1.73333333333333,9.464065379155201
WPC,LS-PCQA,Wood_UniformNoise_1.ply,Wood.ply,4.64285714285714,87.83872488317587
WPC,LS-PCQA,Wood_UniformNoise_3.ply,Wood.ply,3.85714285714286,72.33375732742036
WPC,LS-PCQA,Wood_UniformNoise_4.ply,Wood.ply,4.0,57.58379970515463
WPC,LS-PCQA,Wood_UniformNoise_5.ply,Wood.ply,3.07142857142857,50.17881110959079
WPC,LS-PCQA,Wood_UniformNoise_7.ply,Wood.ply,3.10714285714286,34.609520439839855
WPC,SJTU-PCQA,redandblack_0.ply,redandblack.ply,8.167091836735,78.87239198896619
WPC,SJTU-PCQA,redandblack_1.ply,redandblack.ply,6.45,77.29260147577443
WPC,SJTU-PCQA,redandblack_2.ply,redandblack.ply,6.734375,70.09257659601975
WPC,SJTU-PCQA,redandblack_3.ply,redandblack.ply,4.9,64.15445823172406
WPC,SJTU-PCQA,redandblack_4.ply,redandblack.ply,6.286989795918,45.037391882913795
WPC,SJTU-PCQA,redandblack_5.ply,redandblack.ply,3.7578125,29.923574000433806
WPC,SJTU-PCQA,redandblack_6.ply,redandblack.ply,9.392857142857,87.33114828700496
WPC,SJTU-PCQA,redandblack_7.ply,redandblack.ply,7.608333333333,70.14178954968466
WPC,SJTU-PCQA,redandblack_8.ply,redandblack.ply,7.247448979592,55.36136744148059
WPC,SJTU-PCQA,redandblack_9.ply,redandblack.ply,6.53125,44.595056986684746
WPC,SJTU-PCQA,redandblack_10.ply,redandblack.ply,5.515625,38.95908528542821
WPC,SJTU-PCQA,redandblack_11.ply,redandblack.ply,4.780769230769,33.604010496118484
WPC,SJTU-PCQA,redandblack_12.ply,redandblack.ply,7.767307692308,84.05924113081203
WPC,SJTU-PCQA,redandblack_13.ply,redandblack.ply,6.803846153846,79.85115955596947
WPC,SJTU-PCQA,redandblack_14.ply,redandblack.ply,6.65,73.92128516440489
WPC,SJTU-PCQA,redandblack_15.ply,redandblack.ply,5.1640625,67.95542333506307
WPC,SJTU-PCQA,redandblack_16.ply,redandblack.ply,3.709615384615,50.785655628963326
WPC,SJTU-PCQA,redandblack_17.ply,redandblack.ply,2.141666666667,21.912220967781444
WPC,SJTU-PCQA,redandblack_18.ply,redandblack.ply,8.191666666667,83.45406276667764
WPC,SJTU-PCQA,redandblack_19.ply,redandblack.ply,6.85,66.8676595136135
WPC,SJTU-PCQA,redandblack_20.ply,redandblack.ply,6.144132653061,60.64537662928421
WPC,SJTU-PCQA,redandblack_21.ply,redandblack.ply,4.6484375,44.66054386618657
WPC,SJTU-PCQA,redandblack_22.ply,redandblack.ply,3.465384615385,22.86729996343035
WPC,SJTU-PCQA,redandblack_23.ply,redandblack.ply,1.433333333333,25.2456343592999
WPC,SJTU-PCQA,redandblack_24.ply,redandblack.ply,8.2578125,79.36526563731307
WPC,SJTU-PCQA,redandblack_25.ply,redandblack.ply,7.3515625,69.11324815154768
WPC,SJTU-PCQA,redandblack_26.ply,redandblack.ply,5.579081632653,60.89498262794002
WPC,SJTU-PCQA,redandblack_27.ply,redandblack.ply,2.4375,36.116243006456315
WPC,SJTU-PCQA,redandblack_28.ply,redandblack.ply,2.275,30.37024832335372
WPC,SJTU-PCQA,redandblack_29.ply,redandblack.ply,1.0,17.351589815446715
WPC,SJTU-PCQA,redandblack_30.ply,redandblack.ply,8.125,79.28706232516981
WPC,SJTU-PCQA,redandblack_31.ply,redandblack.ply,6.441666666667,75.31036515192285
WPC,SJTU-PCQA,redandblack_32.ply,redandblack.ply,5.9609375,62.841065230968624
WPC,SJTU-PCQA,redandblack_33.ply,redandblack.ply,3.394132653061,42.490274836855725
WPC,SJTU-PCQA,redandblack_34.ply,redandblack.ply,1.866666666667,35.50612483710702
WPC,SJTU-PCQA,redandblack_35.ply,redandblack.ply,1.848076923077,29.51473453203362
WPC,SJTU-PCQA,redandblack_36.ply,redandblack.ply,8.525,76.40057853288288
WPC,SJTU-PCQA,redandblack_37.ply,redandblack.ply,6.063461538462,63.135491137642575
WPC,SJTU-PCQA,redandblack_38.ply,redandblack.ply,5.96875,45.37737757995605
WPC,SJTU-PCQA,redandblack_39.ply,redandblack.ply,3.125,28.754515967473296
WPC,SJTU-PCQA,redandblack_40.ply,redandblack.ply,1.876923076923,24.416657081097146
WPC,SJTU-PCQA,redandblack_41.ply,redandblack.ply,1.691666666667,21.107862241486792
WPC,SJTU-PCQA,ULB Unicorn_0.ply,ULB Unicorn.ply,8.220663265306,67.59744554742039
WPC,SJTU-PCQA,ULB Unicorn_1.ply,ULB Unicorn.ply,7.405769230769,63.58955454153775
WPC,SJTU-PCQA,ULB Unicorn_2.ply,ULB Unicorn.ply,6.975,51.945025022353505
WPC,SJTU-PCQA,ULB Unicorn_3.ply,ULB Unicorn.ply,6.1015625,40.828223049398105
WPC,SJTU-PCQA,ULB Unicorn_4.ply,ULB Unicorn.ply,4.963461538462,27.958327206957588
WPC,SJTU-PCQA,ULB Unicorn_5.ply,ULB Unicorn.ply,2.380102040816,13.460007437690045
WPC,SJTU-PCQA,ULB Unicorn_6.ply,ULB Unicorn.ply,7.688461538462,80.86951613320687
WPC,SJTU-PCQA,ULB Unicorn_7.ply,ULB Unicorn.ply,8.3671875,73.95286267098506
WPC,SJTU-PCQA,ULB Unicorn_8.ply,ULB Unicorn.ply,6.553571428571,65.26850164069424
WPC,SJTU-PCQA,ULB Unicorn_9.ply,ULB Unicorn.ply,6.880769230769,55.19906768737698
WPC,SJTU-PCQA,ULB Unicorn_10.ply,ULB Unicorn.ply,6.348076923077,43.8421732140219
WPC,SJTU-PCQA,ULB Unicorn_11.ply,ULB Unicorn.ply,5.9453125,38.745301150573944
WPC,SJTU-PCQA,ULB Unicorn_12.ply,ULB Unicorn.ply,7.352040816327,73.49674400302662
WPC,SJTU-PCQA,ULB Unicorn_13.ply,ULB Unicorn.ply,5.857692307692,71.0194983941526
WPC,SJTU-PCQA,ULB Unicorn_14.ply,ULB Unicorn.ply,6.226923076923,65.50216642785304
WPC,SJTU-PCQA,ULB Unicorn_15.ply,ULB Unicorn.ply,5.525510204082,60.9873943222084
WPC,SJTU-PCQA,ULB Unicorn_16.ply,ULB Unicorn.ply,3.5859375,35.971028476219104
WPC,SJTU-PCQA,ULB Unicorn_17.ply,ULB Unicorn.ply,1.848076923077,11.228010084592695
WPC,SJTU-PCQA,ULB Unicorn_18.ply,ULB Unicorn.ply,6.841666666667,72.07771383783793
WPC,SJTU-PCQA,ULB Unicorn_19.ply,ULB Unicorn.ply,6.5703125,66.26434939401392
WPC,SJTU-PCQA,ULB Unicorn_20.ply,ULB Unicorn.ply,5.141666666667,55.393002519364074
WPC,SJTU-PCQA,ULB Unicorn_21.ply,ULB Unicorn.ply,4.234375,43.32561370540235
WPC,SJTU-PCQA,ULB Unicorn_22.ply,ULB Unicorn.ply,3.455769230769,17.4167523620253
WPC,SJTU-PCQA,ULB Unicorn_23.ply,ULB Unicorn.ply,1.377551020408,9.902040547289742
WPC,SJTU-PCQA,ULB Unicorn_24.ply,ULB Unicorn.ply,7.2,61.44927055897354
WPC,SJTU-PCQA,ULB Unicorn_25.ply,ULB Unicorn.ply,5.9296875,51.60908817905966
WPC,SJTU-PCQA,ULB Unicorn_26.ply,ULB Unicorn.ply,4.6328125,36.61430826519923
WPC,SJTU-PCQA,ULB Unicorn_27.ply,ULB Unicorn.ply,2.067602040816,18.747116552709425
WPC,SJTU-PCQA,ULB Unicorn_28.ply,ULB Unicorn.ply,1.5,13.758973646811661
WPC,SJTU-PCQA,ULB Unicorn_29.ply,ULB Unicorn.ply,1.223076923077,10.04878678675887
WPC,SJTU-PCQA,ULB Unicorn_30.ply,ULB Unicorn.ply,7.767857142857,63.16362103859043
WPC,SJTU-PCQA,ULB Unicorn_31.ply,ULB Unicorn.ply,7.155612244898,61.2001323956288
WPC,SJTU-PCQA,ULB Unicorn_32.ply,ULB Unicorn.ply,4.59056122449,44.74260089508155
WPC,SJTU-PCQA,ULB Unicorn_33.ply,ULB Unicorn.ply,2.609375,23.71590735767084
WPC,SJTU-PCQA,ULB Unicorn_34.ply,ULB Unicorn.ply,1.857692307692,21.33903459017326
WPC,SJTU-PCQA,ULB Unicorn_35.ply,ULB Unicorn.ply,1.3,20.71191679415043
WPC,SJTU-PCQA,ULB Unicorn_36.ply,ULB Unicorn.ply,8.375,63.84627531368553
WPC,SJTU-PCQA,ULB Unicorn_37.ply,ULB Unicorn.ply,7.066326530612,54.98234952477169
WPC,SJTU-PCQA,ULB Unicorn_38.ply,ULB Unicorn.ply,5.15,34.340473127637125
WPC,SJTU-PCQA,ULB Unicorn_39.ply,ULB Unicorn.ply,3.103316326531,19.254151241267913
WPC,SJTU-PCQA,ULB Unicorn_40.ply,ULB Unicorn.ply,2.2,16.64839036209486
WPC,SJTU-PCQA,ULB Unicorn_41.ply,ULB Unicorn.ply,1.30612244898,16.43667706903674
WPC,SJTU-PCQA,loot_0.ply,loot.ply,6.996153846154,77.54586183608069
WPC,SJTU-PCQA,loot_1.ply,loot.ply,7.0859375,77.770375250435
WPC,SJTU-PCQA,loot_2.ply,loot.ply,5.383333333333,69.22755113269064
WPC,SJTU-PCQA,loot_3.ply,loot.ply,5.208333333333,64.30273802671974
WPC,SJTU-PCQA,loot_4.ply,loot.ply,6.679846938776,44.774205351461525
WPC,SJTU-PCQA,loot_5.ply,loot.ply,2.708333333333,29.01565608875318
WPC,SJTU-PCQA,loot_6.ply,loot.ply,9.65,88.78401082976384
WPC,SJTU-PCQA,loot_7.ply,loot.ply,7.316666666667,68.97490872104532
WPC,SJTU-PCQA,loot_8.ply,loot.ply,5.396683673469,53.403844720307234
WPC,SJTU-PCQA,loot_9.ply,loot.ply,4.584615384615,47.91211134576672
WPC,SJTU-PCQA,loot_10.ply,loot.ply,4.230867346939,41.97237534605682
WPC,SJTU-PCQA,loot_11.ply,loot.ply,4.0625,39.31959830266064
WPC,SJTU-PCQA,loot_12.ply,loot.ply,8.267307692308,83.28910175919971
WPC,SJTU-PCQA,loot_13.ply,loot.ply,8.613520408163,78.51708729312149
WPC,SJTU-PCQA,loot_14.ply,loot.ply,7.676020408163,74.05735712845126
WPC,SJTU-PCQA,loot_15.ply,loot.ply,5.78125,68.08369651745406
WPC,SJTU-PCQA,loot_16.ply,loot.ply,2.975,52.83145781095777
WPC,SJTU-PCQA,loot_17.ply,loot.ply,1.85,22.928464648077885
WPC,SJTU-PCQA,loot_18.ply,loot.ply,8.180769230769,82.73537331550982
WPC,SJTU-PCQA,loot_19.ply,loot.ply,6.925,66.65023169023446
WPC,SJTU-PCQA,loot_20.ply,loot.ply,4.8,58.530384739041594
WPC,SJTU-PCQA,loot_21.ply,loot.ply,4.299744897959,52.50602230717757
WPC,SJTU-PCQA,loot_22.ply,loot.ply,2.283333333333,37.39788666836154
WPC,SJTU-PCQA,loot_23.ply,loot.ply,1.223076923077,24.714413624472378
WPC,SJTU-PCQA,loot_24.ply,loot.ply,7.190384615385,77.88940706167786
WPC,SJTU-PCQA,loot_25.ply,loot.ply,7.28125,70.42423607003185
WPC,SJTU-PCQA,loot_26.ply,loot.ply,4.166666666667,62.526164729635845
WPC,SJTU-PCQA,loot_27.ply,loot.ply,2.376923076923,34.98561802772059
WPC,SJTU-PCQA,loot_28.ply,loot.ply,1.703846153846,30.588901537032122
WPC,SJTU-PCQA,loot_29.ply,loot.ply,1.0,17.353830818465227
WPC,SJTU-PCQA,loot_30.ply,loot.ply,7.341666666667,77.85108517082877
WPC,SJTU-PCQA,loot_31.ply,loot.ply,7.765306122449,76.13919062208214
WPC,SJTU-PCQA,loot_32.ply,loot.ply,4.775,65.43138421959614
WPC,SJTU-PCQA,loot_33.ply,loot.ply,2.825,46.66175982956899
WPC,SJTU-PCQA,loot_34.ply,loot.ply,2.492346938776,36.68625425549861
WPC,SJTU-PCQA,loot_35.ply,loot.ply,1.223076923077,29.934460215302437
WPC,SJTU-PCQA,loot_36.ply,loot.ply,8.344230769231,74.94925919248509
WPC,SJTU-PCQA,loot_37.ply,loot.ply,6.7,61.59307593318792
WPC,SJTU-PCQA,loot_38.ply,loot.ply,4.25,44.70345829513992
WPC,SJTU-PCQA,loot_39.ply,loot.ply,2.758333333333,29.571680236039384
WPC,SJTU-PCQA,loot_40.ply,loot.ply,1.934615384615,23.499665063498945
WPC,SJTU-PCQA,loot_41.ply,loot.ply,1.2,19.592479362843605
WPC,SJTU-PCQA,soldier_0.ply,soldier.ply,8.3203125,77.65440950529653
WPC,SJTU-PCQA,soldier_1.ply,soldier.ply,5.783333333333,77.98645889557316
WPC,SJTU-PCQA,soldier_2.ply,soldier.ply,5.832692307692,70.69323630722093
WPC,SJTU-PCQA,soldier_3.ply,soldier.ply,6.175,64.94282472182675
WPC,SJTU-PCQA,soldier_4.ply,soldier.ply,5.083333333333,42.78518840845099
WPC,SJTU-PCQA,soldier_5.ply,soldier.ply,3.835459183673,29.67552836830727
WPC,SJTU-PCQA,soldier_6.ply,soldier.ply,9.583333333333,87.66142554468406
WPC,SJTU-PCQA,soldier_7.ply,soldier.ply,6.950255102041,73.3000274557138
WPC,SJTU-PCQA,soldier_8.ply,soldier.ply,5.813461538462,56.10484580730106
WPC,SJTU-PCQA,soldier_9.ply,soldier.ply,6.069230769231,45.04633785533136
WPC,SJTU-PCQA,soldier_10.ply,soldier.ply,4.516666666667,39.14276150744082
WPC,SJTU-PCQA,soldier_11.ply,soldier.ply,3.90943877551,37.41194593509189
WPC,SJTU-PCQA,soldier_12.ply,soldier.ply,7.615384615385,84.30570328506799
WPC,SJTU-PCQA,soldier_13.ply,soldier.ply,8.5234375,80.08206003965616
WPC,SJTU-PCQA,soldier_14.ply,soldier.ply,7.688775510204,75.52500690472823
WPC,SJTU-PCQA,soldier_15.ply,soldier.ply,5.623076923077,67.47454622139526
WPC,SJTU-PCQA,soldier_16.ply,soldier.ply,4.1171875,50.324455220480324
WPC,SJTU-PCQA,soldier_17.ply,soldier.ply,1.934615384615,23.65373209690556
WPC,SJTU-PCQA,soldier_18.ply,soldier.ply,9.178571428571,83.88063663947247
WPC,SJTU-PCQA,soldier_19.ply,soldier.ply,8.1328125,71.11955058473714
WPC,SJTU-PCQA,soldier_20.ply,soldier.ply,5.765625,61.83435734489593
WPC,SJTU-PCQA,soldier_21.ply,soldier.ply,4.463461538462,45.89175672483762
WPC,SJTU-PCQA,soldier_22.ply,soldier.ply,3.1640625,33.2375532031246
WPC,SJTU-PCQA,soldier_23.ply,soldier.ply,1.491666666667,20.569503496576704
WPC,SJTU-PCQA,soldier_24.ply,soldier.ply,7.816666666667,78.37693714796757
WPC,SJTU-PCQA,soldier_25.ply,soldier.ply,5.833333333333,67.19725807139028
WPC,SJTU-PCQA,soldier_26.ply,soldier.ply,4.5546875,59.62470204102391
WPC,SJTU-PCQA,soldier_27.ply,soldier.ply,1.7265625,30.352915947014157
WPC,SJTU-PCQA,soldier_28.ply,soldier.ply,1.781887755102,26.998414124947466
WPC,SJTU-PCQA,soldier_29.ply,soldier.ply,1.0,15.566555885785005
WPC,SJTU-PCQA,soldier_30.ply,soldier.ply,7.825,77.34590905503974
WPC,SJTU-PCQA,soldier_31.ply,soldier.ply,7.6640625,73.32279834356116
WPC,SJTU-PCQA,soldier_32.ply,soldier.ply,4.334615384615,57.770365643199455
WPC,SJTU-PCQA,soldier_33.ply,soldier.ply,2.280769230769,33.28379836440407
WPC,SJTU-PCQA,soldier_34.ply,soldier.ply,1.8671875,31.34500085132846
WPC,SJTU-PCQA,soldier_35.ply,soldier.ply,1.234693877551,27.754870283886024
WPC,SJTU-PCQA,soldier_36.ply,soldier.ply,8.65,77.89289632073258
WPC,SJTU-PCQA,soldier_37.ply,soldier.ply,7.084183673469,62.60974158973463
WPC,SJTU-PCQA,soldier_38.ply,soldier.ply,4.358333333333,44.83276661966293
WPC,SJTU-PCQA,soldier_39.ply,soldier.ply,2.75,25.253966694444735
WPC,SJTU-PCQA,soldier_40.ply,soldier.ply,2.320153061224,20.900141476322393
WPC,SJTU-PCQA,soldier_41.ply,soldier.ply,1.4140625,19.26528127033316
WPC,SJTU-PCQA,Romanoillamp_0.ply,Romanoillamp.ply,9.116666666667,84.63915166949371
WPC,SJTU-PCQA,Romanoillamp_1.ply,Romanoillamp.ply,9.321428571429,84.18258149283338
WPC,SJTU-PCQA,Romanoillamp_2.ply,Romanoillamp.ply,9.682692307692,79.73694330136325
WPC,SJTU-PCQA,Romanoillamp_3.ply,Romanoillamp.ply,8.622448979592,68.38808300387991
WPC,SJTU-PCQA,Romanoillamp_4.ply,Romanoillamp.ply,7.691326530612,60.214424621487716
WPC,SJTU-PCQA,Romanoillamp_5.ply,Romanoillamp.ply,3.6171875,43.75038382988916
WPC,SJTU-PCQA,Romanoillamp_6.ply,Romanoillamp.ply,8.771683673469,87.01954917217716
WPC,SJTU-PCQA,Romanoillamp_7.ply,Romanoillamp.ply,7.56887755102,90.7684278522924
WPC,SJTU-PCQA,Romanoillamp_8.ply,Romanoillamp.ply,6.619897959184,77.78374441913824
WPC,SJTU-PCQA,Romanoillamp_9.ply,Romanoillamp.ply,7.808333333333,74.0851157898102
WPC,SJTU-PCQA,Romanoillamp_10.ply,Romanoillamp.ply,6.953125,60.17174747761787
WPC,SJTU-PCQA,Romanoillamp_11.ply,Romanoillamp.ply,6.2265625,49.995214996050656
WPC,SJTU-PCQA,Romanoillamp_12.ply,Romanoillamp.ply,7.941666666667,84.97623485215416
WPC,SJTU-PCQA,Romanoillamp_13.ply,Romanoillamp.ply,8.163461538462,84.89790035826226
WPC,SJTU-PCQA,Romanoillamp_14.ply,Romanoillamp.ply,8.25,84.24391728042612
WPC,SJTU-PCQA,Romanoillamp_15.ply,Romanoillamp.ply,7.544230769231,79.21651283089395
WPC,SJTU-PCQA,Romanoillamp_16.ply,Romanoillamp.ply,5.125,61.39808669956606
WPC,SJTU-PCQA,Romanoillamp_17.ply,Romanoillamp.ply,2.723076923077,38.154163240333574
WPC,SJTU-PCQA,Romanoillamp_18.ply,Romanoillamp.ply,9.553571428571,85.07763713183536
WPC,SJTU-PCQA,Romanoillamp_19.ply,Romanoillamp.ply,8.71875,85.39135826155778
WPC,SJTU-PCQA,Romanoillamp_20.ply,Romanoillamp.ply,7.296153846154,75.67783914835937
WPC,SJTU-PCQA,Romanoillamp_21.ply,Romanoillamp.ply,6.198076923077,68.88938422016902
WPC,SJTU-PCQA,Romanoillamp_22.ply,Romanoillamp.ply,6.667091836735,52.38573060224991
WPC,SJTU-PCQA,Romanoillamp_23.ply,Romanoillamp.ply,2.6,43.11761748658351
WPC,SJTU-PCQA,Romanoillamp_24.ply,Romanoillamp.ply,8.008333333333,81.0574240820576
WPC,SJTU-PCQA,Romanoillamp_25.ply,Romanoillamp.ply,8.7734375,73.76257448007713
WPC,SJTU-PCQA,Romanoillamp_26.ply,Romanoillamp.ply,6.533333333333,64.28023865959506
WPC,SJTU-PCQA,Romanoillamp_27.ply,Romanoillamp.ply,3.125,59.07733817372585
WPC,SJTU-PCQA,Romanoillamp_28.ply,Romanoillamp.ply,2.411989795918,41.64158140322625
WPC,SJTU-PCQA,Romanoillamp_29.ply,Romanoillamp.ply,1.433333333333,34.1863700504031
WPC,SJTU-PCQA,Romanoillamp_30.ply,Romanoillamp.ply,9.40625,81.10874342210663
WPC,SJTU-PCQA,Romanoillamp_31.ply,Romanoillamp.ply,7.008333333333,74.77528809850122
WPC,SJTU-PCQA,Romanoillamp_32.ply,Romanoillamp.ply,6.166666666667,67.0693656056557
WPC,SJTU-PCQA,Romanoillamp_33.ply,Romanoillamp.ply,3.936224489796,57.95659364736555
WPC,SJTU-PCQA,Romanoillamp_34.ply,Romanoillamp.ply,3.7734375,49.35428325789878
WPC,SJTU-PCQA,Romanoillamp_35.ply,Romanoillamp.ply,1.5703125,36.89544202910261
WPC,SJTU-PCQA,Romanoillamp_36.ply,Romanoillamp.ply,8.433333333333,80.99812930365039
WPC,SJTU-PCQA,Romanoillamp_37.ply,Romanoillamp.ply,8.5625,74.24452247365062
WPC,SJTU-PCQA,Romanoillamp_38.ply,Romanoillamp.ply,7.1953125,63.65092927087401
WPC,SJTU-PCQA,Romanoillamp_39.ply,Romanoillamp.ply,3.545918367347,49.420293862955816
WPC,SJTU-PCQA,Romanoillamp_40.ply,Romanoillamp.ply,2.811538461538,33.42739346886577
WPC,SJTU-PCQA,Romanoillamp_41.ply,Romanoillamp.ply,1.223076923077,24.599546158556578
WPC,SJTU-PCQA,longdress_0.ply,longdress.ply,8.501275510204,77.69932172879433
WPC,SJTU-PCQA,longdress_1.ply,longdress.ply,6.159615384615,77.97765996760636
WPC,SJTU-PCQA,longdress_2.ply,longdress.ply,6.3046875,67.36718803719027
WPC,SJTU-PCQA,longdress_3.ply,longdress.ply,5.5078125,59.292603245101574
WPC,SJTU-PCQA,longdress_4.ply,longdress.ply,7.117346938776,40.60376750987063
WPC,SJTU-PCQA,longdress_5.ply,longdress.ply,3.40625,28.678256271122535
WPC,SJTU-PCQA,longdress_6.ply,longdress.ply,9.682692307692,86.57657676212615
WPC,SJTU-PCQA,longdress_7.ply,longdress.ply,7.526923076923,84.17723900509247
WPC,SJTU-PCQA,longdress_8.ply,longdress.ply,6.709615384615,72.16283537156289
WPC,SJTU-PCQA,longdress_9.ply,longdress.ply,4.927295918367,61.15952798765871
WPC,SJTU-PCQA,longdress_10.ply,longdress.ply,4.90625,47.295070055943945
WPC,SJTU-PCQA,longdress_11.ply,longdress.ply,4.091666666667,42.45460698547997
WPC,SJTU-PCQA,longdress_12.ply,longdress.ply,8.161538461538,84.0572472994426
WPC,SJTU-PCQA,longdress_13.ply,longdress.ply,8.38137755102,80.15942131198406
WPC,SJTU-PCQA,longdress_14.ply,longdress.ply,7.744897959184,73.58420893671831
WPC,SJTU-PCQA,longdress_15.ply,longdress.ply,5.7578125,66.2207260453096
WPC,SJTU-PCQA,longdress_16.ply,longdress.ply,4.421875,49.79392555102663
WPC,SJTU-PCQA,longdress_17.ply,longdress.ply,2.126923076923,25.059818429955527
WPC,SJTU-PCQA,longdress_18.ply,longdress.ply,9.171875,84.0576017025509
WPC,SJTU-PCQA,longdress_19.ply,longdress.ply,6.783333333333,75.77762736633515
WPC,SJTU-PCQA,longdress_20.ply,longdress.ply,5.849489795918,67.76184476646635
WPC,SJTU-PCQA,longdress_21.ply,longdress.ply,4.136538461538,53.393991476047404
WPC,SJTU-PCQA,longdress_22.ply,longdress.ply,3.623724489796,34.48766844376503
WPC,SJTU-PCQA,longdress_23.ply,longdress.ply,1.790384615385,25.832245678446007
WPC,SJTU-PCQA,longdress_24.ply,longdress.ply,7.833333333333,80.1160245259739
WPC,SJTU-PCQA,longdress_25.ply,longdress.ply,6.640384615385,68.26057714060187
WPC,SJTU-PCQA,longdress_26.ply,longdress.ply,5.166666666667,61.46752928363343
WPC,SJTU-PCQA,longdress_27.ply,longdress.ply,3.191666666667,31.139214428324077
WPC,SJTU-PCQA,longdress_28.ply,longdress.ply,1.4453125,26.752558406632875
WPC,SJTU-PCQA,longdress_29.ply,longdress.ply,1.075,16.317403004829526
WPC,SJTU-PCQA,longdress_30.ply,longdress.ply,7.358333333333,78.94612982629339
WPC,SJTU-PCQA,longdress_31.ply,longdress.ply,6.985969387755,73.77701841871104
WPC,SJTU-PCQA,longdress_32.ply,longdress.ply,4.55,58.16028510899133
WPC,SJTU-PCQA,longdress_33.ply,longdress.ply,2.515625,38.36358702835255
WPC,SJTU-PCQA,longdress_34.ply,longdress.ply,1.987244897959,31.13524397150132
WPC,SJTU-PCQA,longdress_35.ply,longdress.ply,1.448979591837,29.181654779327438
WPC,SJTU-PCQA,longdress_36.ply,longdress.ply,8.325,78.00064688158588
WPC,SJTU-PCQA,longdress_37.ply,longdress.ply,6.008333333333,69.76587395979689
WPC,SJTU-PCQA,longdress_38.ply,longdress.ply,4.825,54.227868421165304
WPC,SJTU-PCQA,longdress_39.ply,longdress.ply,2.330769230769,33.03240191477381
WPC,SJTU-PCQA,longdress_40.ply,longdress.ply,1.783333333333,26.0759989601503
WPC,SJTU-PCQA,longdress_41.ply,longdress.ply,1.433333333333,23.117336249107108
WPC,SJTU-PCQA,statue_0.ply,statue.ply,6.908333333333,63.805023640073884
WPC,SJTU-PCQA,statue_1.ply,statue.ply,7.6328125,61.973684550822036
WPC,SJTU-PCQA,statue_2.ply,statue.ply,6.168367346939,59.68681458869254
WPC,SJTU-PCQA,statue_3.ply,statue.ply,4.938775510204,44.31854677883019
WPC,SJTU-PCQA,statue_4.ply,statue.ply,3.015625,21.809618886119893
WPC,SJTU-PCQA,statue_5.ply,statue.ply,1.453125,9.480198760303239
WPC,SJTU-PCQA,statue_6.ply,statue.ply,7.40625,82.20995461207148
WPC,SJTU-PCQA,statue_7.ply,statue.ply,5.459183673469,81.44182746300675
WPC,SJTU-PCQA,statue_8.ply,statue.ply,6.4,70.51524452891185
WPC,SJTU-PCQA,statue_9.ply,statue.ply,5.899234693878,61.38825623151954
WPC,SJTU-PCQA,statue_10.ply,statue.ply,6.588461538462,44.92879510136052
WPC,SJTU-PCQA,statue_11.ply,statue.ply,5.107692307692,38.741551288599915
WPC,SJTU-PCQA,statue_12.ply,statue.ply,7.825,71.98201486277446
WPC,SJTU-PCQA,statue_13.ply,statue.ply,6.133333333333,64.72372034740282
WPC,SJTU-PCQA,statue_14.ply,statue.ply,6.054846938776,62.46111937745017
WPC,SJTU-PCQA,statue_15.ply,statue.ply,3.965384615385,57.68723165579986
WPC,SJTU-PCQA,statue_16.ply,statue.ply,3.4921875,41.978293288065764
WPC,SJTU-PCQA,statue_17.ply,statue.ply,1.1875,8.468617658551207
WPC,SJTU-PCQA,statue_18.ply,statue.ply,7.141666666667,71.55061909850377
WPC,SJTU-PCQA,statue_19.ply,statue.ply,6.762755102041,64.6972693373838
WPC,SJTU-PCQA,statue_20.ply,statue.ply,6.1328125,58.9847870245926
WPC,SJTU-PCQA,statue_21.ply,statue.ply,3.441326530612,38.84231294249509
WPC,SJTU-PCQA,statue_22.ply,statue.ply,2.5546875,18.83829557870317
WPC,SJTU-PCQA,statue_23.ply,statue.ply,1.0,8.634590972062519
WPC,SJTU-PCQA,statue_24.ply,statue.ply,5.813775510204,63.67679634208594
WPC,SJTU-PCQA,statue_25.ply,statue.ply,5.808673469388,58.611033349368945
WPC,SJTU-PCQA,statue_26.ply,statue.ply,4.765625,46.07960630482704
WPC,SJTU-PCQA,statue_27.ply,statue.ply,1.916666666667,29.349049584765975
WPC,SJTU-PCQA,statue_28.ply,statue.ply,2.073979591837,17.4190575298074
WPC,SJTU-PCQA,statue_29.ply,statue.ply,1.0,8.56765786511617
WPC,SJTU-PCQA,statue_30.ply,statue.ply,6.795918367347,65.26746997685262
WPC,SJTU-PCQA,statue_31.ply,statue.ply,6.525,62.236213024553514
WPC,SJTU-PCQA,statue_32.ply,statue.ply,6.536989795918,48.65379348398506
WPC,SJTU-PCQA,statue_33.ply,statue.ply,2.85,34.030960409915096
WPC,SJTU-PCQA,statue_34.ply,statue.ply,1.625,23.760572092835513
WPC,SJTU-PCQA,statue_35.ply,statue.ply,1.690051020408,17.91393119849664
WPC,SJTU-PCQA,statue_36.ply,statue.ply,8.121153846154,65.36957693037093
WPC,SJTU-PCQA,statue_37.ply,statue.ply,6.784615384615,60.18890836335925
WPC,SJTU-PCQA,statue_38.ply,statue.ply,5.184615384615,46.67175977569671
WPC,SJTU-PCQA,statue_39.ply,statue.ply,3.1796875,25.857193789399947
WPC,SJTU-PCQA,statue_40.ply,statue.ply,2.463010204082,20.6796288749223
WPC,SJTU-PCQA,statue_41.ply,statue.ply,1.617307692308,15.342528272796425
WPC,SJTU-PCQA,shiva_0.ply,shiva.ply,6.558333333333,71.62660193685213
WPC,SJTU-PCQA,shiva_1.ply,shiva.ply,7.834615384615,69.80894309412294
WPC,SJTU-PCQA,shiva_2.ply,shiva.ply,7.767307692308,66.52696104522896
WPC,SJTU-PCQA,shiva_3.ply,shiva.ply,5.991666666667,56.48592151724519
WPC,SJTU-PCQA,shiva_4.ply,shiva.ply,6.6171875,36.131569812568785
WPC,SJTU-PCQA,shiva_5.ply,shiva.ply,3.262755102041,19.43246511299266
WPC,SJTU-PCQA,shiva_6.ply,shiva.ply,8.5,84.78553646259952
WPC,SJTU-PCQA,shiva_7.ply,shiva.ply,6.917091836735,86.22565694292983
WPC,SJTU-PCQA,shiva_8.ply,shiva.ply,7.844230769231,87.21785367964645
WPC,SJTU-PCQA,shiva_9.ply,shiva.ply,7.622448979592,81.88074596041285
WPC,SJTU-PCQA,shiva_10.ply,shiva.ply,6.784615384615,70.06894746317515
WPC,SJTU-PCQA,shiva_11.ply,shiva.ply,6.244897959184,64.14591921737708
WPC,SJTU-PCQA,shiva_12.ply,shiva.ply,6.975,76.50183893092827
WPC,SJTU-PCQA,shiva_13.ply,shiva.ply,6.816666666667,69.5702599817767
WPC,SJTU-PCQA,shiva_14.ply,shiva.ply,6.591666666667,66.25350066563777
WPC,SJTU-PCQA,shiva_15.ply,shiva.ply,6.331632653061,60.28517725191142
WPC,SJTU-PCQA,shiva_16.ply,shiva.ply,5.94387755102,48.80252617116689
WPC,SJTU-PCQA,shiva_17.ply,shiva.ply,3.4609375,16.179522081995444
WPC,SJTU-PCQA,shiva_18.ply,shiva.ply,7.401785714286,75.77700920714872
WPC,SJTU-PCQA,shiva_19.ply,shiva.ply,6.833333333333,67.6781619419682
WPC,SJTU-PCQA,shiva_20.ply,shiva.ply,7.9921875,68.11403825727231
WPC,SJTU-PCQA,shiva_21.ply,shiva.ply,6.001923076923,60.95527651651082
WPC,SJTU-PCQA,shiva_22.ply,shiva.ply,5.0078125,43.95101549809215
WPC,SJTU-PCQA,shiva_23.ply,shiva.ply,2.955357142857,20.5205336247297
WPC,SJTU-PCQA,shiva_24.ply,shiva.ply,6.525,67.79914851049708
WPC,SJTU-PCQA,shiva_25.ply,shiva.ply,7.78125,64.67368708544186
WPC,SJTU-PCQA,shiva_26.ply,shiva.ply,5.724489795918,56.16744985262439
WPC,SJTU-PCQA,shiva_27.ply,shiva.ply,3.3984375,39.46881865967126
WPC,SJTU-PCQA,shiva_28.ply,shiva.ply,2.021153846154,27.575884107010538
WPC,SJTU-PCQA,shiva_29.ply,shiva.ply,1.216666666667,10.242590057816047
WPC,SJTU-PCQA,shiva_30.ply,shiva.ply,8.8359375,71.4244331207581
WPC,SJTU-PCQA,shiva_31.ply,shiva.ply,6.825,66.1088930816277
WPC,SJTU-PCQA,shiva_32.ply,shiva.ply,5.75,61.42826450918142
WPC,SJTU-PCQA,shiva_33.ply,shiva.ply,2.830769230769,41.2435017859826
WPC,SJTU-PCQA,shiva_34.ply,shiva.ply,2.320153061224,35.3710479829837
WPC,SJTU-PCQA,shiva_35.ply,shiva.ply,1.600765306122,32.48609829433741
WPC,SJTU-PCQA,shiva_36.ply,shiva.ply,7.084183673469,71.21238502246405
WPC,SJTU-PCQA,shiva_37.ply,shiva.ply,6.673469387755,64.92737933340305
WPC,SJTU-PCQA,shiva_38.ply,shiva.ply,5.828125,60.90572514875173
WPC,SJTU-PCQA,shiva_39.ply,shiva.ply,3.733333333333,36.15192821046313
WPC,SJTU-PCQA,shiva_40.ply,shiva.ply,3.041666666667,30.581331419708725
WPC,SJTU-PCQA,shiva_41.ply,shiva.ply,2.108333333333,25.77381691279496
WPC,SJTU-PCQA,hhi_0.ply,hhi.ply,9.516666666667,66.14371805242114
WPC,SJTU-PCQA,hhi_1.ply,hhi.ply,7.7109375,62.550100923739166
WPC,SJTU-PCQA,hhi_2.ply,hhi.ply,8.9453125,58.10938978892013
WPC,SJTU-PCQA,hhi_3.ply,hhi.ply,7.371153846154,45.36157097599708
WPC,SJTU-PCQA,hhi_4.ply,hhi.ply,4.183333333333,32.549951872095846
WPC,SJTU-PCQA,hhi_5.ply,hhi.ply,1.953125,8.839933215395876
WPC,SJTU-PCQA,hhi_6.ply,hhi.ply,9.796875,81.73223591735707
WPC,SJTU-PCQA,hhi_7.ply,hhi.ply,6.776923076923,68.64960353707804
WPC,SJTU-PCQA,hhi_8.ply,hhi.ply,6.107692307692,55.21267098227147
WPC,SJTU-PCQA,hhi_9.ply,hhi.ply,6.140625,44.65274003783809
WPC,SJTU-PCQA,hhi_10.ply,hhi.ply,4.808333333333,39.00478539847137
WPC,SJTU-PCQA,hhi_11.ply,hhi.ply,5.021153846154,31.33800009157421
WPC,SJTU-PCQA,hhi_12.ply,hhi.ply,8.741666666667,66.68075997741619
WPC,SJTU-PCQA,hhi_13.ply,hhi.ply,6.534615384615,66.07409434783484
WPC,SJTU-PCQA,hhi_14.ply,hhi.ply,7.015625,64.74689347120926
WPC,SJTU-PCQA,hhi_15.ply,hhi.ply,4.9296875,54.10461819014598
WPC,SJTU-PCQA,hhi_16.ply,hhi.ply,4.05612244898,33.754532077602896
WPC,SJTU-PCQA,hhi_17.ply,hhi.ply,1.785714285714,10.136299420412504
WPC,SJTU-PCQA,hhi_18.ply,hhi.ply,8.238461538462,66.10935499707566
WPC,SJTU-PCQA,hhi_19.ply,hhi.ply,7.399234693878,61.13586601877432
WPC,SJTU-PCQA,hhi_20.ply,hhi.ply,5.016666666667,40.84347329016327
WPC,SJTU-PCQA,hhi_21.ply,hhi.ply,4.308333333333,21.21557866390325
WPC,SJTU-PCQA,hhi_22.ply,hhi.ply,2.4453125,11.347955739278966
WPC,SJTU-PCQA,hhi_23.ply,hhi.ply,1.905769230769,8.168682945774847
WPC,SJTU-PCQA,hhi_24.ply,hhi.ply,7.680769230769,62.7752237110131
WPC,SJTU-PCQA,hhi_25.ply,hhi.ply,6.366666666667,60.196008686533744
WPC,SJTU-PCQA,hhi_26.ply,hhi.ply,4.5625,43.963353386982675
WPC,SJTU-PCQA,hhi_27.ply,hhi.ply,2.208333333333,13.729324758293087
WPC,SJTU-PCQA,hhi_28.ply,hhi.ply,1.540384615385,11.35798041043964
WPC,SJTU-PCQA,hhi_29.ply,hhi.ply,1.0,8.914228569161532
WPC,SJTU-PCQA,hhi_30.ply,hhi.ply,9.464285714286,63.07662011587695
WPC,SJTU-PCQA,hhi_31.ply,hhi.ply,8.3125,62.05729915702811
WPC,SJTU-PCQA,hhi_32.ply,hhi.ply,6.836734693878,52.20889499426526
WPC,SJTU-PCQA,hhi_33.ply,hhi.ply,3.475,17.307187101538965
WPC,SJTU-PCQA,hhi_34.ply,hhi.ply,1.867307692308,13.0157017336197
WPC,SJTU-PCQA,hhi_35.ply,hhi.ply,1.1953125,15.90417191355441
WPC,SJTU-PCQA,hhi_36.ply,hhi.ply,8.219230769231,62.39959595786897
WPC,SJTU-PCQA,hhi_37.ply,hhi.ply,5.842307692308,51.61890548437736
WPC,SJTU-PCQA,hhi_38.ply,hhi.ply,4.920918367347,24.48943199027622
WPC,SJTU-PCQA,hhi_39.ply,hhi.ply,2.4921875,11.574783430319336
WPC,SJTU-PCQA,hhi_40.ply,hhi.ply,2.083333333333,10.983378569192414
WPC,SJTU-PCQA,hhi_41.ply,hhi.ply,1.5,13.260908286934416
WPC,UnB_PC,amphoriskos_vox10_octree08_jpeg010.ply,amphoriskos_vox10.ply,1.35,35.845723434439556
WPC,UnB_PC,amphoriskos_vox10_octree08_jpeg050.ply,amphoriskos_vox10.ply,1.55,38.89520329280983
WPC,UnB_PC,amphoriskos_vox10_octree08_jpeg090.ply,amphoriskos_vox10.ply,1.6,42.07951977400836
WPC,UnB_PC,amphoriskos_vox10_octree09_jpeg010.ply,amphoriskos_vox10.ply,2.15,48.48770493442553
WPC,UnB_PC,amphoriskos_vox10_octree09_jpeg050.ply,amphoriskos_vox10.ply,3.2,64.20808233308249
WPC,UnB_PC,amphoriskos_vox10_octree09_jpeg090.ply,amphoriskos_vox10.ply,3.8,76.17223677242723
WPC,UnB_PC,amphoriskos_vox10_octree10_jpeg010.ply,amphoriskos_vox10.ply,2.85,57.03956409283128
WPC,UnB_PC,amphoriskos_vox10_octree10_jpeg050.ply,amphoriskos_vox10.ply,3.9,80.91979874947606
WPC,UnB_PC,amphoriskos_vox10_octree10_jpeg090.ply,amphoriskos_vox10.ply,4.6,85.24417609647351
WPC,UnB_PC,amphoriskos_vox10_hidden.ply,amphoriskos_vox10.ply,4.9,86.47182748364719
WPC,UnB_PC,biplane_vox10_octree08_jpeg010.ply,biplane_vox10.ply,1.25,33.75793099150809
WPC,UnB_PC,biplane_vox10_octree08_jpeg050.ply,biplane_vox10.ply,1.6,39.31854336022908
WPC,UnB_PC,biplane_vox10_octree08_jpeg090.ply,biplane_vox10.ply,1.65,40.36478476766991
WPC,UnB_PC,biplane_vox10_octree09_jpeg010.ply,biplane_vox10.ply,2.0,54.5562466333358
WPC,UnB_PC,biplane_vox10_octree09_jpeg050.ply,biplane_vox10.ply,3.25,59.2952435468475
WPC,UnB_PC,biplane_vox10_octree09_jpeg090.ply,biplane_vox10.ply,3.55,61.235590438758436
WPC,UnB_PC,biplane_vox10_octree10_jpeg010.ply,biplane_vox10.ply,3.1,71.84467138991016
WPC,UnB_PC,biplane_vox10_octree10_jpeg050.ply,biplane_vox10.ply,4.2,80.729094534797
WPC,UnB_PC,biplane_vox10_octree10_jpeg090.ply,biplane_vox10.ply,4.3,83.70150211437853
WPC,UnB_PC,biplane_vox10_hidden.ply,biplane_vox10.ply,4.65,86.98892607471868
WPC,UnB_PC,longdress_vox10_1300_vox10_octree08_jpeg010.ply,longdress_vox10_1300_vox10.ply,1.2,31.63554745206069
WPC,UnB_PC,longdress_vox10_1300_vox10_octree08_jpeg050.ply,longdress_vox10_1300_vox10.ply,1.25,32.212888991857795
WPC,UnB_PC,longdress_vox10_1300_vox10_octree08_jpeg090.ply,longdress_vox10_1300_vox10.ply,1.45,32.422920284823796
WPC,UnB_PC,longdress_vox10_1300_vox10_octree09_jpeg010.ply,longdress_vox10_1300_vox10.ply,1.6,41.633647083413095
WPC,UnB_PC,longdress_vox10_1300_vox10_octree09_jpeg050.ply,longdress_vox10_1300_vox10.ply,2.15,53.90647345876445
WPC,UnB_PC,longdress_vox10_1300_vox10_octree09_jpeg090.ply,longdress_vox10_1300_vox10.ply,3.1,56.973390810944586
WPC,UnB_PC,longdress_vox10_1300_vox10_octree10_jpeg010.ply,longdress_vox10_1300_vox10.ply,2.6,61.66536771378151
WPC,UnB_PC,longdress_vox10_1300_vox10_octree10_jpeg050.ply,longdress_vox10_1300_vox10.ply,3.3,70.48128664578604
WPC,UnB_PC,longdress_vox10_1300_vox10_octree10_jpeg090.ply,longdress_vox10_1300_vox10.ply,4.0,72.90228620035718
WPC,UnB_PC,longdress_vox10_1300_vox10_hidden.ply,longdress_vox10_1300_vox10.ply,4.95,86.5243855908057
WPC,UnB_PC,loot_vox10_1200_vox10_octree08_jpeg010.ply,loot_vox10_1200_vox10.ply,1.3,37.70247547433562
WPC,UnB_PC,loot_vox10_1200_vox10_octree08_jpeg050.ply,loot_vox10_1200_vox10.ply,1.4,46.35491435405769
WPC,UnB_PC,loot_vox10_1200_vox10_octree08_jpeg090.ply,loot_vox10_1200_vox10.ply,1.45,47.46677202149641
WPC,UnB_PC,loot_vox10_1200_vox10_octree09_jpeg010.ply,loot_vox10_1200_vox10.ply,1.25,47.51364787214278
WPC,UnB_PC,loot_vox10_1200_vox10_octree09_jpeg050.ply,loot_vox10_1200_vox10.ply,2.1,63.39874444064568
WPC,UnB_PC,loot_vox10_1200_vox10_octree09_jpeg090.ply,loot_vox10_1200_vox10.ply,3.15,60.6120936827487
WPC,UnB_PC,loot_vox10_1200_vox10_octree10_jpeg010.ply,loot_vox10_1200_vox10.ply,1.9,52.68513617588311
WPC,UnB_PC,loot_vox10_1200_vox10_octree10_jpeg050.ply,loot_vox10_1200_vox10.ply,3.15,74.02272088993213
WPC,UnB_PC,loot_vox10_1200_vox10_octree10_jpeg090.ply,loot_vox10_1200_vox10.ply,4.05,85.06377398695412
WPC,UnB_PC,loot_vox10_1200_vox10_hidden.ply,loot_vox10_1200_vox10.ply,4.95,86.63958286931275
WPC,UnB_PC,redandblack_vox10_1550_vox10_octree08_jpeg010.ply,redandblack_vox10_1550_vox10.ply,1.2,34.97618581537763
WPC,UnB_PC,redandblack_vox10_1550_vox10_octree08_jpeg050.ply,redandblack_vox10_1550_vox10.ply,1.3,38.106516105583545
WPC,UnB_PC,redandblack_vox10_1550_vox10_octree08_jpeg090.ply,redandblack_vox10_1550_vox10.ply,1.45,40.34863864279569
WPC,UnB_PC,redandblack_vox10_1550_vox10_octree09_jpeg010.ply,redandblack_vox10_1550_vox10.ply,1.35,54.5125914527921
WPC,UnB_PC,redandblack_vox10_1550_vox10_octree09_jpeg050.ply,redandblack_vox10_1550_vox10.ply,2.2,59.74418443446414
WPC,UnB_PC,redandblack_vox10_1550_vox10_octree09_jpeg090.ply,redandblack_vox10_1550_vox10.ply,2.7,66.23898284541346
WPC,UnB_PC,redandblack_vox10_1550_vox10_octree10_jpeg010.ply,redandblack_vox10_1550_vox10.ply,2.0,61.57244237071977
WPC,UnB_PC,redandblack_vox10_1550_vox10_octree10_jpeg050.ply,redandblack_vox10_1550_vox10.ply,3.05,76.29786802781126
WPC,UnB_PC,redandblack_vox10_1550_vox10_octree10_jpeg090.ply,redandblack_vox10_1550_vox10.ply,3.75,84.55868634625025
WPC,UnB_PC,redandblack_vox10_1550_vox10_hidden.ply,redandblack_vox10_1550_vox10.ply,5.0,86.47182748364719
WPC,UnB_PC,romanoillamp_vox10_octree08_jpeg010.ply,romanoillamp_vox10.ply,1.4,39.64786333027236
WPC,UnB_PC,romanoillamp_vox10_octree08_jpeg050.ply,romanoillamp_vox10.ply,1.65,48.23226445408617
WPC,UnB_PC,romanoillamp_vox10_octree08_jpeg090.ply,romanoillamp_vox10.ply,1.65,51.65582776124429
WPC,UnB_PC,romanoillamp_vox10_octree09_jpeg010.ply,romanoillamp_vox10.ply,2.15,61.719432543790774
WPC,UnB_PC,romanoillamp_vox10_octree09_jpeg050.ply,romanoillamp_vox10.ply,3.5,67.46133124498772
WPC,UnB_PC,romanoillamp_vox10_octree09_jpeg090.ply,romanoillamp_vox10.ply,3.65,72.73634260565865
WPC,UnB_PC,romanoillamp_vox10_octree10_jpeg010.ply,romanoillamp_vox10.ply,2.6,67.44434560590611
WPC,UnB_PC,romanoillamp_vox10_octree10_jpeg050.ply,romanoillamp_vox10.ply,4.15,82.46874982630645
WPC,UnB_PC,romanoillamp_vox10_octree10_jpeg090.ply,romanoillamp_vox10.ply,4.65,84.21640124644625
WPC,UnB_PC,romanoillamp_vox10_hidden.ply,romanoillamp_vox10.ply,4.8,86.78335225571735
WPC,WPC2,bag_geo_26_col_26.ply,bag.ply,82.4723447329788,77.13630450799258
WPC,WPC2,bag_geo_26_col_32.ply,bag.ply,81.5011617631872,79.1241592150572
WPC,WPC2,bag_geo_26_col_38.ply,bag.ply,85.4385357999222,75.16006541720952
WPC,WPC2,bag_geo_26_col_44.ply,bag.ply,71.0429646265918,69.41617676089204
WPC,WPC2,bag_geo_26_col_50.ply,bag.ply,41.9103802574037,53.502071088473585
WPC,WPC2,bag_geo_32_col_26.ply,bag.ply,83.4415686341938,81.21526503461543
WPC,WPC2,bag_geo_32_col_32.ply,bag.ply,86.6946725842642,82.44383833638145
WPC,WPC2,bag_geo_32_col_38.ply,bag.ply,80.0293344352133,77.44151127001248
WPC,WPC2,bag_geo_32_col_44.ply,bag.ply,67.4786630808148,71.35566837382189
WPC,WPC2,bag_geo_32_col_50.ply,bag.ply,47.4334132848138,53.750151759262124
WPC,WPC2,bag_geo_38_col_26.ply,bag.ply,83.6113667623873,81.2500721801471
WPC,WPC2,bag_geo_38_col_32.ply,bag.ply,80.3914416029074,82.19121579335179
WPC,WPC2,bag_geo_38_col_38.ply,bag.ply,76.2532702419914,74.6586001298524
WPC,WPC2,bag_geo_38_col_44.ply,bag.ply,69.134745827834,70.4081875029729
WPC,WPC2,bag_geo_38_col_50.ply,bag.ply,45.9038347256144,53.260670786102125
WPC,WPC2,bag_geo_44_col_26.ply,bag.ply,75.8551921705965,63.38282607250637
WPC,WPC2,bag_geo_44_col_32.ply,bag.ply,65.0850667447251,58.86026988210801
WPC,WPC2,bag_geo_44_col_38.ply,bag.ply,63.7252970193839,57.48852813173
WPC,WPC2,bag_geo_44_col_44.ply,bag.ply,56.1250447965146,55.761147745845165
WPC,WPC2,bag_geo_44_col_50.ply,bag.ply,37.8973626929821,44.89638186568448
WPC,WPC2,bag_geo_50_col_26.ply,bag.ply,41.5970977830194,42.346695276259396
WPC,WPC2,bag_geo_50_col_32.ply,bag.ply,37.7775630717529,41.19551130655348
WPC,WPC2,bag_geo_50_col_38.ply,bag.ply,31.3035768598301,37.940663360186896
WPC,WPC2,bag_geo_50_col_44.ply,bag.ply,30.0810054324427,32.353793266928776
WPC,WPC2,bag_geo_50_col_50.ply,bag.ply,16.8357365004561,30.60580295788493
WPC,WPC2,banana_geo_26_col_26.ply,banana.ply,81.649960652509,78.30558598242509
WPC,WPC2,banana_geo_26_col_32.ply,banana.ply,79.6882066527613,71.69200453468346
WPC,WPC2,banana_geo_26_col_38.ply,banana.ply,64.9554792823482,68.31976747494218
WPC,WPC2,banana_geo_26_col_44.ply,banana.ply,64.5244976905113,63.02031404544624
WPC,WPC2,banana_geo_26_col_50.ply,banana.ply,56.0863973778605,57.785785301979985
WPC,WPC2,banana_geo_32_col_26.ply,banana.ply,76.9132580708139,78.39018655168185
WPC,WPC2,banana_geo_32_col_32.ply,banana.ply,75.703820665135,70.7644076360744
WPC,WPC2,banana_geo_32_col_38.ply,banana.ply,68.5323767714754,67.65066994292077
WPC,WPC2,banana_geo_32_col_44.ply,banana.ply,67.9780537361822,62.11016334768217
WPC,WPC2,banana_geo_32_col_50.ply,banana.ply,52.6842361805738,57.66908104067378
WPC,WPC2,banana_geo_38_col_26.ply,banana.ply,63.207586333376,79.810145974963
WPC,WPC2,banana_geo_38_col_32.ply,banana.ply,57.9657958448315,68.18301868809978
WPC,WPC2,banana_geo_38_col_38.ply,banana.ply,54.8711650025599,63.23247629916867
WPC,WPC2,banana_geo_38_col_44.ply,banana.ply,50.0217170571608,60.02513854324903
WPC,WPC2,banana_geo_38_col_50.ply,banana.ply,41.7792373571032,53.35915423247123
WPC,WPC2,banana_geo_44_col_26.ply,banana.ply,42.0133808791516,62.35224635091498
WPC,WPC2,banana_geo_44_col_32.ply,banana.ply,38.2277229723426,50.40853813568258
WPC,WPC2,banana_geo_44_col_38.ply,banana.ply,40.1925612212863,48.89734452668735
WPC,WPC2,banana_geo_44_col_44.ply,banana.ply,36.0116356051438,48.41805664003385
WPC,WPC2,banana_geo_44_col_50.ply,banana.ply,35.1085425633015,43.68376857759905
WPC,WPC2,banana_geo_50_col_26.ply,banana.ply,24.8807974432507,38.09826420052859
WPC,WPC2,banana_geo_50_col_32.ply,banana.ply,24.3596920495446,32.5947845760916
WPC,WPC2,banana_geo_50_col_38.ply,banana.ply,23.6015132822698,30.2658759263608
WPC,WPC2,banana_geo_50_col_44.ply,banana.ply,22.5501794136694,28.473938566281312
WPC,WPC2,banana_geo_50_col_50.ply,banana.ply,21.0454872256355,28.48703822033005
WPC,WPC2,biscuits_geo_26_col_26.ply,biscuits.ply,87.8923684907921,76.44289561573488
WPC,WPC2,biscuits_geo_26_col_32.ply,biscuits.ply,81.6430452141255,78.09849522447281
WPC,WPC2,biscuits_geo_26_col_38.ply,biscuits.ply,75.3154710249261,75.27795411867628
WPC,WPC2,biscuits_geo_26_col_44.ply,biscuits.ply,70.6970505304824,68.31532325207596
WPC,WPC2,biscuits_geo_26_col_50.ply,biscuits.ply,47.4867761065685,55.86390783310525
WPC,WPC2,biscuits_geo_32_col_26.ply,biscuits.ply,85.1594534129397,78.409666964151
WPC,WPC2,biscuits_geo_32_col_32.ply,biscuits.ply,83.5574140290293,78.52192513721715
WPC,WPC2,biscuits_geo_32_col_38.ply,biscuits.ply,76.2707571916321,74.39400404100539
WPC,WPC2,biscuits_geo_32_col_44.ply,biscuits.ply,63.7537949867307,67.66069686393132
WPC,WPC2,biscuits_geo_32_col_50.ply,biscuits.ply,47.7863712010635,55.956723451883846
WPC,WPC2,biscuits_geo_38_col_26.ply,biscuits.ply,79.5356816864173,78.18822622153841
WPC,WPC2,biscuits_geo_38_col_32.ply,biscuits.ply,83.4360588268497,76.79961176339256
WPC,WPC2,biscuits_geo_38_col_38.ply,biscuits.ply,77.0382203009983,72.23174364954566
WPC,WPC2,biscuits_geo_38_col_44.ply,biscuits.ply,67.7899989840408,67.1391930996393
WPC,WPC2,biscuits_geo_38_col_50.ply,biscuits.ply,50.8518218371507,54.61220990611559
WPC,WPC2,biscuits_geo_44_col_26.ply,biscuits.ply,73.0776411784288,63.99197377767332
WPC,WPC2,biscuits_geo_44_col_32.ply,biscuits.ply,64.5948469858521,66.2894970533314
WPC,WPC2,biscuits_geo_44_col_38.ply,biscuits.ply,58.4701670021258,62.8248794102249
WPC,WPC2,biscuits_geo_44_col_44.ply,biscuits.ply,56.952028111374,63.04163675573507
WPC,WPC2,biscuits_geo_44_col_50.ply,biscuits.ply,43.2095155036005,51.01878335020614
WPC,WPC2,biscuits_geo_50_col_26.ply,biscuits.ply,53.3353041395029,54.5901542499184
WPC,WPC2,biscuits_geo_50_col_32.ply,biscuits.ply,49.2948719615677,58.13722425276581
WPC,WPC2,biscuits_geo_50_col_38.ply,biscuits.ply,51.4989786845386,47.345470676669684
WPC,WPC2,biscuits_geo_50_col_44.ply,biscuits.ply,42.7319512429119,44.84211761560339
WPC,WPC2,biscuits_geo_50_col_50.ply,biscuits.ply,36.6391661965889,39.67181791417438
WPC,WPC2,cake_geo_26_col_26.ply,cake.ply,86.9359350491745,77.35735174258738
WPC,WPC2,cake_geo_26_col_32.ply,cake.ply,85.478638008414,77.51299881825105
WPC,WPC2,cake_geo_26_col_38.ply,cake.ply,81.694655902971,76.24274525696741
WPC,WPC2,cake_geo_26_col_44.ply,cake.ply,69.5639617403983,66.54419283621438
WPC,WPC2,cake_geo_26_col_50.ply,cake.ply,54.7460831111615,55.15864599378087
WPC,WPC2,cake_geo_32_col_26.ply,cake.ply,84.7184799067125,79.6652592195204
WPC,WPC2,cake_geo_32_col_32.ply,cake.ply,80.9823228475772,79.78113996147621
WPC,WPC2,cake_geo_32_col_38.ply,cake.ply,77.2012235286127,76.59745268942602
WPC,WPC2,cake_geo_32_col_44.ply,cake.ply,70.8288525218617,69.13646340983159
WPC,WPC2,cake_geo_32_col_50.ply,cake.ply,48.4505068678294,53.07087984815569
WPC,WPC2,cake_geo_38_col_26.ply,cake.ply,81.3322673838494,71.3655130935058
WPC,WPC2,cake_geo_38_col_32.ply,cake.ply,77.7277923267265,68.47971482996041
WPC,WPC2,cake_geo_38_col_38.ply,cake.ply,73.5255185638214,66.84590785357122
WPC,WPC2,cake_geo_38_col_44.ply,cake.ply,64.0224841065843,62.61201601579712
WPC,WPC2,cake_geo_38_col_50.ply,cake.ply,52.2350580461529,51.37185506932892
WPC,WPC2,cake_geo_44_col_26.ply,cake.ply,62.2839601931544,62.517884792857146
WPC,WPC2,cake_geo_44_col_32.ply,cake.ply,59.5632021598096,57.853252545490676
WPC,WPC2,cake_geo_44_col_38.ply,cake.ply,58.6246715142536,55.29234257020094
WPC,WPC2,cake_geo_44_col_44.ply,cake.ply,47.2806982462689,53.607183218891514
WPC,WPC2,cake_geo_44_col_50.ply,cake.ply,46.6311628313398,43.73183398235979
WPC,WPC2,cake_geo_50_col_26.ply,cake.ply,29.9131508477554,43.857863908023944
WPC,WPC2,cake_geo_50_col_32.ply,cake.ply,39.5743814023421,37.7442869751864
WPC,WPC2,cake_geo_50_col_38.ply,cake.ply,26.8825126156265,33.209411334704306
WPC,WPC2,cake_geo_50_col_44.ply,cake.ply,27.7111776794485,33.681876902827106
WPC,WPC2,cake_geo_50_col_50.ply,cake.ply,27.0513082355173,30.828239097804047
WPC,WPC2,cauliflower_geo_26_col_26.ply,cauliflower.ply,87.2062166819033,78.06284595763806
WPC,WPC2,cauliflower_geo_26_col_32.ply,cauliflower.ply,89.4706954358539,81.62174857103032
WPC,WPC2,cauliflower_geo_26_col_38.ply,cauliflower.ply,78.973711179037,76.86686387904359
WPC,WPC2,cauliflower_geo_26_col_44.ply,cauliflower.ply,58.2248810831345,72.97857348555999
WPC,WPC2,cauliflower_geo_26_col_50.ply,cauliflower.ply,41.7461201255633,61.38177388624098
WPC,WPC2,cauliflower_geo_32_col_26.ply,cauliflower.ply,86.6110597545741,80.00586890756564
WPC,WPC2,cauliflower_geo_32_col_32.ply,cauliflower.ply,85.0459210120589,84.33587061393311
WPC,WPC2,cauliflower_geo_32_col_38.ply,cauliflower.ply,81.6632171698608,77.0576977324584
WPC,WPC2,cauliflower_geo_32_col_44.ply,cauliflower.ply,65.3834144389473,72.46487599082084
WPC,WPC2,cauliflower_geo_32_col_50.ply,cauliflower.ply,44.4044131630086,58.54871680827997
WPC,WPC2,cauliflower_geo_38_col_26.ply,cauliflower.ply,81.9366342811793,78.18844472029205
WPC,WPC2,cauliflower_geo_38_col_32.ply,cauliflower.ply,75.5842457552613,78.01944845899443
WPC,WPC2,cauliflower_geo_38_col_38.ply,cauliflower.ply,70.5368654966761,73.81558796009257
WPC,WPC2,cauliflower_geo_38_col_44.ply,cauliflower.ply,63.4569326277367,65.3642525850859
WPC,WPC2,cauliflower_geo_38_col_50.ply,cauliflower.ply,40.8304993562527,53.49822073931616
WPC,WPC2,cauliflower_geo_44_col_26.ply,cauliflower.ply,54.7355913800956,62.22272553804592
WPC,WPC2,cauliflower_geo_44_col_32.ply,cauliflower.ply,55.733595052281,60.44828086807881
WPC,WPC2,cauliflower_geo_44_col_38.ply,cauliflower.ply,49.5214699202247,57.76252803271499
WPC,WPC2,cauliflower_geo_44_col_44.ply,cauliflower.ply,40.6655871607221,53.47782537791064
WPC,WPC2,cauliflower_geo_44_col_50.ply,cauliflower.ply,30.0882930549642,45.05607227697815
WPC,WPC2,cauliflower_geo_50_col_26.ply,cauliflower.ply,36.2962635192281,43.707128776153986
WPC,WPC2,cauliflower_geo_50_col_32.ply,cauliflower.ply,28.6501464472511,38.39417750529522
WPC,WPC2,cauliflower_geo_50_col_38.ply,cauliflower.ply,25.6895085113343,37.951391016212504
WPC,WPC2,cauliflower_geo_50_col_44.ply,cauliflower.ply,26.4533286907987,35.270362647609346
WPC,WPC2,cauliflower_geo_50_col_50.ply,cauliflower.ply,21.3149532042432,32.98590919289167
WPC,WPC2,flowerpot_geo_26_col_26.ply,flowerpot.ply,86.7946709044725,74.51304040821488
WPC,WPC2,flowerpot_geo_26_col_32.ply,flowerpot.ply,86.6608858733422,73.53280505762208
WPC,WPC2,flowerpot_geo_26_col_38.ply,flowerpot.ply,85.7233512963207,70.01308288642741
WPC,WPC2,flowerpot_geo_26_col_44.ply,flowerpot.ply,80.8012462826181,66.51888509807014
WPC,WPC2,flowerpot_geo_26_col_50.ply,flowerpot.ply,64.4738321317084,53.85942484486639
WPC,WPC2,flowerpot_geo_32_col_26.ply,flowerpot.ply,81.894469113561,76.5370934206565
WPC,WPC2,flowerpot_geo_32_col_32.ply,flowerpot.ply,80.8910336632008,76.31691168171146
WPC,WPC2,flowerpot_geo_32_col_38.ply,flowerpot.ply,72.6534056672074,71.63190867436413
WPC,WPC2,flowerpot_geo_32_col_44.ply,flowerpot.ply,76.0462940453093,67.20892048615667
WPC,WPC2,flowerpot_geo_32_col_50.ply,flowerpot.ply,60.7487046572471,54.323166673703916
WPC,WPC2,flowerpot_geo_38_col_26.ply,flowerpot.ply,65.1409583946036,77.11528923888892
WPC,WPC2,flowerpot_geo_38_col_32.ply,flowerpot.ply,62.0622074995405,75.54575809762109
WPC,WPC2,flowerpot_geo_38_col_38.ply,flowerpot.ply,59.1867148335436,69.98928622306816
WPC,WPC2,flowerpot_geo_38_col_44.ply,flowerpot.ply,53.240441812183,65.10100169765315
WPC,WPC2,flowerpot_geo_38_col_50.ply,flowerpot.ply,45.4994652262865,48.70484895404593
WPC,WPC2,flowerpot_geo_44_col_26.ply,flowerpot.ply,36.4304380188641,62.993865712663926
WPC,WPC2,flowerpot_geo_44_col_32.ply,flowerpot.ply,37.7781068690467,61.215911173620434
WPC,WPC2,flowerpot_geo_44_col_38.ply,flowerpot.ply,41.1851163875781,57.18750540258082
WPC,WPC2,flowerpot_geo_44_col_44.ply,flowerpot.ply,40.7956842317043,54.88355205806842
WPC,WPC2,flowerpot_geo_44_col_50.ply,flowerpot.ply,31.6223864490987,41.31020401687122
WPC,WPC2,flowerpot_geo_50_col_26.ply,flowerpot.ply,24.5720211648123,37.636062271508486
WPC,WPC2,flowerpot_geo_50_col_32.ply,flowerpot.ply,26.3796930550385,36.460296553952794
WPC,WPC2,flowerpot_geo_50_col_38.ply,flowerpot.ply,24.1715163556854,32.534499801006845
WPC,WPC2,flowerpot_geo_50_col_44.ply,flowerpot.ply,26.7996616200792,31.90740876526109
WPC,WPC2,flowerpot_geo_50_col_50.ply,flowerpot.ply,20.0311625271798,32.73520374777129
WPC,WPC2,house_geo_26_col_26.ply,house.ply,88.9896481281816,79.96057206563921
WPC,WPC2,house_geo_26_col_32.ply,house.ply,89.1205079805108,81.0650847613355
WPC,WPC2,house_geo_26_col_38.ply,house.ply,83.2267479527807,76.25316140645786
WPC,WPC2,house_geo_26_col_44.ply,house.ply,66.3156612318683,68.98500268689186
WPC,WPC2,house_geo_26_col_50.ply,house.ply,31.0967556792942,49.34657450411475
WPC,WPC2,house_geo_32_col_26.ply,house.ply,92.2348360955867,82.2945276471474
WPC,WPC2,house_geo_32_col_32.ply,house.ply,89.9380365913629,86.74402073259897
WPC,WPC2,house_geo_32_col_38.ply,house.ply,83.856059456357,80.56282901691253
WPC,WPC2,house_geo_32_col_44.ply,house.ply,60.8208414781127,69.94079236661636
WPC,WPC2,house_geo_32_col_50.ply,house.ply,28.3189729428026,44.09115815584944
WPC,WPC2,house_geo_38_col_26.ply,house.ply,81.1034112870157,80.8717341679174
WPC,WPC2,house_geo_38_col_32.ply,house.ply,82.8509457839863,77.81112934632903
WPC,WPC2,house_geo_38_col_38.ply,house.ply,79.6840411783043,75.36670602308801
WPC,WPC2,house_geo_38_col_44.ply,house.ply,52.1733742190076,64.32094266128593
WPC,WPC2,house_geo_38_col_50.ply,house.ply,25.5706262386513,42.31151796298637
WPC,WPC2,house_geo_44_col_26.ply,house.ply,61.5057990928078,65.38148694007674
WPC,WPC2,house_geo_44_col_32.ply,house.ply,64.8850539051369,60.88304029703438
WPC,WPC2,house_geo_44_col_38.ply,house.ply,63.1268198108212,54.8202329576966
WPC,WPC2,house_geo_44_col_44.ply,house.ply,47.9097771305787,48.34227728579199
WPC,WPC2,house_geo_44_col_50.ply,house.ply,16.5009565000847,39.767370367781226
WPC,WPC2,house_geo_50_col_26.ply,house.ply,37.4524435229738,44.47807795124817
WPC,WPC2,house_geo_50_col_32.ply,house.ply,36.7607700499043,40.931008656548556
WPC,WPC2,house_geo_50_col_38.ply,house.ply,33.8418096283821,39.4466533776551
WPC,WPC2,house_geo_50_col_44.ply,house.ply,32.2589734979101,34.74047771465745
WPC,WPC2,house_geo_50_col_50.ply,house.ply,15.25649468869,30.40706371735177
WPC,WPC2,litchi_geo_26_col_26.ply,litchi.ply,92.9821843401644,78.90679449879335
WPC,WPC2,litchi_geo_26_col_32.ply,litchi.ply,93.1362499169797,81.30052060489379
WPC,WPC2,litchi_geo_26_col_38.ply,litchi.ply,89.1789545529647,73.63360971388019
WPC,WPC2,litchi_geo_26_col_44.ply,litchi.ply,56.6691101475827,67.67484807733098
WPC,WPC2,litchi_geo_26_col_50.ply,litchi.ply,30.5440391411232,47.57773908071842
WPC,WPC2,litchi_geo_32_col_26.ply,litchi.ply,91.5829576805642,79.78775665123771
WPC,WPC2,litchi_geo_32_col_32.ply,litchi.ply,89.9741070406345,79.52075510049576
WPC,WPC2,litchi_geo_32_col_38.ply,litchi.ply,83.2024408167291,73.36076134177124
WPC,WPC2,litchi_geo_32_col_44.ply,litchi.ply,59.1385382936897,61.88820166033256
WPC,WPC2,litchi_geo_32_col_50.ply,litchi.ply,31.6406860299936,43.21337664592658
WPC,WPC2,litchi_geo_38_col_26.ply,litchi.ply,85.638654566342,73.20591482571723
WPC,WPC2,litchi_geo_38_col_32.ply,litchi.ply,85.1859555325256,73.46741102375029
WPC,WPC2,litchi_geo_38_col_38.ply,litchi.ply,77.5470001233731,66.80071489624511
WPC,WPC2,litchi_geo_38_col_44.ply,litchi.ply,49.1994855235877,58.31016604588961
WPC,WPC2,litchi_geo_38_col_50.ply,litchi.ply,30.9798741692546,42.33948899831241
WPC,WPC2,litchi_geo_44_col_26.ply,litchi.ply,63.6560985718425,56.26974635186762
WPC,WPC2,litchi_geo_44_col_32.ply,litchi.ply,61.3121885686826,54.41213402921703
WPC,WPC2,litchi_geo_44_col_38.ply,litchi.ply,66.8043165586658,50.14157834854274
WPC,WPC2,litchi_geo_44_col_44.ply,litchi.ply,46.4399257495452,41.75973486354176
WPC,WPC2,litchi_geo_44_col_50.ply,litchi.ply,25.0566856090398,32.51154824979846
WPC,WPC2,litchi_geo_50_col_26.ply,litchi.ply,45.1480355916429,46.363898780355655
WPC,WPC2,litchi_geo_50_col_32.ply,litchi.ply,42.4863675105185,42.150821289399794
WPC,WPC2,litchi_geo_50_col_38.ply,litchi.ply,40.9687111153459,39.55684123993225
WPC,WPC2,litchi_geo_50_col_44.ply,litchi.ply,32.148336340982,34.1577474533156
WPC,WPC2,litchi_geo_50_col_50.ply,litchi.ply,20.2208665396319,29.71759657360889
WPC,WPC2,mushroom_geo_26_col_26.ply,mushroom.ply,82.9946630826858,78.14824801083654
WPC,WPC2,mushroom_geo_26_col_32.ply,mushroom.ply,78.3571135661684,75.00586516615611
WPC,WPC2,mushroom_geo_26_col_38.ply,mushroom.ply,74.3785484642561,68.57829150428095
WPC,WPC2,mushroom_geo_26_col_44.ply,mushroom.ply,45.3439077295071,53.44932454041664
WPC,WPC2,mushroom_geo_26_col_50.ply,mushroom.ply,29.5718946927245,38.75841290151185
WPC,WPC2,mushroom_geo_32_col_26.ply,mushroom.ply,74.4241317439886,78.23171304636608
WPC,WPC2,mushroom_geo_32_col_32.ply,mushroom.ply,75.4805784614935,74.8166944349271
WPC,WPC2,mushroom_geo_32_col_38.ply,mushroom.ply,66.9797108060408,63.393767251001215
WPC,WPC2,mushroom_geo_32_col_44.ply,mushroom.ply,38.5722413351005,49.61919375787556
WPC,WPC2,mushroom_geo_32_col_50.ply,mushroom.ply,26.3061026213262,37.118098155025756
WPC,WPC2,mushroom_geo_38_col_26.ply,mushroom.ply,73.6814911222893,73.06840576463136
WPC,WPC2,mushroom_geo_38_col_32.ply,mushroom.ply,74.4094330454226,68.70471624389732
WPC,WPC2,mushroom_geo_38_col_38.ply,mushroom.ply,67.5681585498013,57.0707320936009
WPC,WPC2,mushroom_geo_38_col_44.ply,mushroom.ply,45.9799069410343,46.096686144598024
WPC,WPC2,mushroom_geo_38_col_50.ply,mushroom.ply,25.916781757512,35.64896587592127
WPC,WPC2,mushroom_geo_44_col_26.ply,mushroom.ply,63.4366001187406,58.049984708949125
WPC,WPC2,mushroom_geo_44_col_32.ply,mushroom.ply,57.463507898885,52.96682174873259
WPC,WPC2,mushroom_geo_44_col_38.ply,mushroom.ply,52.7844140223741,48.03928310673672
WPC,WPC2,mushroom_geo_44_col_44.ply,mushroom.ply,38.7223098731993,41.22486034472777
WPC,WPC2,mushroom_geo_44_col_50.ply,mushroom.ply,27.3197842811896,31.01326294050909
WPC,WPC2,mushroom_geo_50_col_26.ply,mushroom.ply,41.137854185286,37.19514389439767
WPC,WPC2,mushroom_geo_50_col_32.ply,mushroom.ply,30.4104664601911,33.02893729859497
WPC,WPC2,mushroom_geo_50_col_38.ply,mushroom.ply,34.6278654865912,32.581970027741434
WPC,WPC2,mushroom_geo_50_col_44.ply,mushroom.ply,22.9980183257813,28.601225412209423
WPC,WPC2,mushroom_geo_50_col_50.ply,mushroom.ply,18.1734161623244,22.938803037726398
WPC,WPC2,ping-pong_bat_geo_26_col_26.ply,ping-pong_bat.ply,88.1221213788102,78.52312806924287
WPC,WPC2,ping-pong_bat_geo_26_col_32.ply,ping-pong_bat.ply,82.4802671149212,74.57170240970628
WPC,WPC2,ping-pong_bat_geo_26_col_38.ply,ping-pong_bat.ply,71.1177797962577,72.01661435890878
WPC,WPC2,ping-pong_bat_geo_26_col_44.ply,ping-pong_bat.ply,45.8567446644031,64.6628240595991
WPC,WPC2,ping-pong_bat_geo_26_col_50.ply,ping-pong_bat.ply,28.6601686568517,43.88921646238731
WPC,WPC2,ping-pong_bat_geo_32_col_26.ply,ping-pong_bat.ply,86.3389663854916,77.07088729054583
WPC,WPC2,ping-pong_bat_geo_32_col_32.ply,ping-pong_bat.ply,80.70324182043,73.76351161005579
WPC,WPC2,ping-pong_bat_geo_32_col_38.ply,ping-pong_bat.ply,68.2600191603283,70.4674496286452
WPC,WPC2,ping-pong_bat_geo_32_col_44.ply,ping-pong_bat.ply,45.0583742981583,60.325468959259354
WPC,WPC2,ping-pong_bat_geo_32_col_50.ply,ping-pong_bat.ply,29.0485404663664,40.5218560624262
WPC,WPC2,ping-pong_bat_geo_38_col_26.ply,ping-pong_bat.ply,82.84626295608,76.0156083128727
WPC,WPC2,ping-pong_bat_geo_38_col_32.ply,ping-pong_bat.ply,79.2661071812107,73.27263796859215
WPC,WPC2,ping-pong_bat_geo_38_col_38.ply,ping-pong_bat.ply,66.3429182575624,67.30231402710902
WPC,WPC2,ping-pong_bat_geo_38_col_44.ply,ping-pong_bat.ply,51.5725625849588,56.714155546824934
WPC,WPC2,ping-pong_bat_geo_38_col_50.ply,ping-pong_bat.ply,28.4127530610651,36.89153901416647
WPC,WPC2,ping-pong_bat_geo_44_col_26.ply,ping-pong_bat.ply,51.4201863283925,67.99879206956358
WPC,WPC2,ping-pong_bat_geo_44_col_32.ply,ping-pong_bat.ply,43.6166582657696,62.01595659439685
WPC,WPC2,ping-pong_bat_geo_44_col_38.ply,ping-pong_bat.ply,44.4510732051414,60.9954691743757
WPC,WPC2,ping-pong_bat_geo_44_col_44.ply,ping-pong_bat.ply,37.3747841475017,45.50173439278226
WPC,WPC2,ping-pong_bat_geo_44_col_50.ply,ping-pong_bat.ply,21.70315620403,33.75698698419037
WPC,WPC2,ping-pong_bat_geo_50_col_26.ply,ping-pong_bat.ply,24.196564580501,38.756287362841235
WPC,WPC2,ping-pong_bat_geo_50_col_32.ply,ping-pong_bat.ply,21.1658669298971,34.82902570384337
WPC,WPC2,ping-pong_bat_geo_50_col_38.ply,ping-pong_bat.ply,22.5685787633621,34.23309555532856
WPC,WPC2,ping-pong_bat_geo_50_col_44.ply,ping-pong_bat.ply,22.3550457780907,33.68358794354329
WPC,WPC2,ping-pong_bat_geo_50_col_50.ply,ping-pong_bat.ply,10.8230670565952,29.505247858969252
WPC,WPC2,puer_tea_geo_26_col_26.ply,puer_tea.ply,86.672266123523,70.83886696501673
WPC,WPC2,puer_tea_geo_26_col_32.ply,puer_tea.ply,81.6601756291199,67.51781546568299
WPC,WPC2,puer_tea_geo_26_col_38.ply,puer_tea.ply,75.1227130538698,62.75699573236459
WPC,WPC2,puer_tea_geo_26_col_44.ply,puer_tea.ply,55.3927389057009,52.92165331351557
WPC,WPC2,puer_tea_geo_26_col_50.ply,puer_tea.ply,18.1811390966972,38.7761900304451
WPC,WPC2,puer_tea_geo_32_col_26.ply,puer_tea.ply,81.1296199104957,70.57616792470209
WPC,WPC2,puer_tea_geo_32_col_32.ply,puer_tea.ply,75.9201089485572,67.81583605273933
WPC,WPC2,puer_tea_geo_32_col_38.ply,puer_tea.ply,73.9189226184303,62.55615753856212
WPC,WPC2,puer_tea_geo_32_col_44.ply,puer_tea.ply,49.4863446691799,52.34142482738684
WPC,WPC2,puer_tea_geo_32_col_50.ply,puer_tea.ply,18.1322033703335,39.39791753790911
WPC,WPC2,puer_tea_geo_38_col_26.ply,puer_tea.ply,80.150765895002,68.79483750185494
WPC,WPC2,puer_tea_geo_38_col_32.ply,puer_tea.ply,77.9410495162391,69.32526764526446
WPC,WPC2,puer_tea_geo_38_col_38.ply,puer_tea.ply,72.2474691624037,59.135239002830424
WPC,WPC2,puer_tea_geo_38_col_44.ply,puer_tea.ply,49.6296525236874,47.16836494253972
WPC,WPC2,puer_tea_geo_38_col_50.ply,puer_tea.ply,19.9510673266029,31.821616985315362
WPC,WPC2,puer_tea_geo_44_col_26.ply,puer_tea.ply,66.7109163101796,62.71974658812187
WPC,WPC2,puer_tea_geo_44_col_32.ply,puer_tea.ply,75.2233786482452,63.486724119253196
WPC,WPC2,puer_tea_geo_44_col_38.ply,puer_tea.ply,58.3335462036824,57.504964416057675
WPC,WPC2,puer_tea_geo_44_col_44.ply,puer_tea.ply,38.83122793611,47.571192627647086
WPC,WPC2,puer_tea_geo_44_col_50.ply,puer_tea.ply,20.4124799700375,33.1097113479056
WPC,WPC2,puer_tea_geo_50_col_26.ply,puer_tea.ply,50.1438339455108,48.758884170641586
WPC,WPC2,puer_tea_geo_50_col_32.ply,puer_tea.ply,51.0935017707511,47.14644087854926
WPC,WPC2,puer_tea_geo_50_col_38.ply,puer_tea.ply,43.7634292641115,41.927037594750544
WPC,WPC2,puer_tea_geo_50_col_44.ply,puer_tea.ply,36.0202386037898,36.87123167369087
WPC,WPC2,puer_tea_geo_50_col_50.ply,puer_tea.ply,15.1891231803439,29.391301065279062
WPC,WPC2,pumpkin_geo_26_col_26.ply,pumpkin.ply,85.6797306876862,75.00440585212398
WPC,WPC2,pumpkin_geo_26_col_32.ply,pumpkin.ply,84.0575020682865,74.39229362258858
WPC,WPC2,pumpkin_geo_26_col_38.ply,pumpkin.ply,82.6893022012845,68.18274619795987
WPC,WPC2,pumpkin_geo_26_col_44.ply,pumpkin.ply,60.5164131006847,64.88525335146186
WPC,WPC2,pumpkin_geo_26_col_50.ply,pumpkin.ply,38.4069266362926,44.739373078297085
WPC,WPC2,pumpkin_geo_32_col_26.ply,pumpkin.ply,85.0321273433135,74.58336816861912
WPC,WPC2,pumpkin_geo_32_col_32.ply,pumpkin.ply,88.5719700923363,74.96954044555419
WPC,WPC2,pumpkin_geo_32_col_38.ply,pumpkin.ply,77.8052490030523,71.12065169603798
WPC,WPC2,pumpkin_geo_32_col_44.ply,pumpkin.ply,64.8531659794935,66.37014873159808
WPC,WPC2,pumpkin_geo_32_col_50.ply,pumpkin.ply,39.6026988472363,46.20938172746163
WPC,WPC2,pumpkin_geo_38_col_26.ply,pumpkin.ply,86.0415380078248,76.36060872512499
WPC,WPC2,pumpkin_geo_38_col_32.ply,pumpkin.ply,84.4708241734545,77.13828190608697
WPC,WPC2,pumpkin_geo_38_col_38.ply,pumpkin.ply,81.520687390327,73.25547275781453
WPC,WPC2,pumpkin_geo_38_col_44.ply,pumpkin.ply,61.8271823541526,64.32559530438692
WPC,WPC2,pumpkin_geo_38_col_50.ply,pumpkin.ply,39.4965433966174,43.528374964958154
WPC,WPC2,pumpkin_geo_44_col_26.ply,pumpkin.ply,78.1491477639869,70.15102115614292
WPC,WPC2,pumpkin_geo_44_col_32.ply,pumpkin.ply,72.9819510269695,67.36076201295481
WPC,WPC2,pumpkin_geo_44_col_38.ply,pumpkin.ply,74.2174637099902,64.58291479557349
WPC,WPC2,pumpkin_geo_44_col_44.ply,pumpkin.ply,57.8220859053638,57.04305406239463
WPC,WPC2,pumpkin_geo_44_col_50.ply,pumpkin.ply,37.6364266011594,41.56970547962689
WPC,WPC2,pumpkin_geo_50_col_26.ply,pumpkin.ply,53.413132586885,54.640941690328255
WPC,WPC2,pumpkin_geo_50_col_32.ply,pumpkin.ply,57.0804062349182,50.92270036691499
WPC,WPC2,pumpkin_geo_50_col_38.ply,pumpkin.ply,49.0428045276401,46.887290135236306
WPC,WPC2,pumpkin_geo_50_col_44.ply,pumpkin.ply,43.362884299797,39.047786989740786
WPC,WPC2,pumpkin_geo_50_col_50.ply,pumpkin.ply,29.5968484103763,31.725509253387433
WPC,WPC2,ship_geo_26_col_26.ply,ship.ply,81.035910120332,79.59229607668509
WPC,WPC2,ship_geo_26_col_32.ply,ship.ply,82.468630473102,78.02986773842389
WPC,WPC2,ship_geo_26_col_38.ply,ship.ply,80.0548913847154,74.19602716845168
WPC,WPC2,ship_geo_26_col_44.ply,ship.ply,79.0465386686734,71.34354549294194
WPC,WPC2,ship_geo_26_col_50.ply,ship.ply,63.2373156344223,62.13633052963382
WPC,WPC2,ship_geo_32_col_26.ply,ship.ply,80.6988433620275,78.48983352954103
WPC,WPC2,ship_geo_32_col_32.ply,ship.ply,82.1937127373733,80.74778651156515
WPC,WPC2,ship_geo_32_col_38.ply,ship.ply,77.2931230020664,71.39593498521299
WPC,WPC2,ship_geo_32_col_44.ply,ship.ply,68.0398798065479,72.46745058460564
WPC,WPC2,ship_geo_32_col_50.ply,ship.ply,60.5796807701531,64.31913363648275
WPC,WPC2,ship_geo_38_col_26.ply,ship.ply,69.577674625756,78.50140451410962
WPC,WPC2,ship_geo_38_col_32.ply,ship.ply,72.1470660614088,73.93975995204465
WPC,WPC2,ship_geo_38_col_38.ply,ship.ply,61.37845093828,67.27533426239492
WPC,WPC2,ship_geo_38_col_44.ply,ship.ply,61.7667373747437,63.18206457627448
WPC,WPC2,ship_geo_38_col_50.ply,ship.ply,53.2512049487266,48.45044703723682
WPC,WPC2,ship_geo_44_col_26.ply,ship.ply,44.516641775233,61.656663148522966
WPC,WPC2,ship_geo_44_col_32.ply,ship.ply,45.0345661391176,57.249846724782365
WPC,WPC2,ship_geo_44_col_38.ply,ship.ply,40.744326171963,55.85043743797724
WPC,WPC2,ship_geo_44_col_44.ply,ship.ply,38.3380561014561,52.145678592715804
WPC,WPC2,ship_geo_44_col_50.ply,ship.ply,38.166170453624,43.92101529006673
WPC,WPC2,ship_geo_50_col_26.ply,ship.ply,24.8158151856322,40.891551902867306
WPC,WPC2,ship_geo_50_col_32.ply,ship.ply,30.6737525961312,38.629734305145256
WPC,WPC2,ship_geo_50_col_38.ply,ship.ply,29.9571244681736,36.30087959462415
WPC,WPC2,ship_geo_50_col_44.ply,ship.ply,23.512145436183,34.554441994857555
WPC,WPC2,ship_geo_50_col_50.ply,ship.ply,27.4996290255062,33.534485442249505
WPC,WPC2,statue_geo_26_col_26.ply,statue.ply,81.8794712378311,78.57534777914273
WPC,WPC2,statue_geo_26_col_32.ply,statue.ply,84.8042611852422,79.62683880916225
WPC,WPC2,statue_geo_26_col_38.ply,statue.ply,79.1732771357509,80.83673646402951
WPC,WPC2,statue_geo_26_col_44.ply,statue.ply,71.3511705519045,77.80630606512099
WPC,WPC2,statue_geo_26_col_50.ply,statue.ply,41.2383143842644,65.75390697523136
WPC,WPC2,statue_geo_32_col_26.ply,statue.ply,76.8837211835341,79.3499247238867
WPC,WPC2,statue_geo_32_col_32.ply,statue.ply,78.68848886098,81.25530436780394
WPC,WPC2,statue_geo_32_col_38.ply,statue.ply,80.2159678490897,81.57975132533005
WPC,WPC2,statue_geo_32_col_44.ply,statue.ply,69.9851013530373,77.83592777218998
WPC,WPC2,statue_geo_32_col_50.ply,statue.ply,41.833369857789,61.336746731784025
WPC,WPC2,statue_geo_38_col_26.ply,statue.ply,54.7798196325252,76.43126917140331
WPC,WPC2,statue_geo_38_col_32.ply,statue.ply,54.7299140229632,76.47372340176199
WPC,WPC2,statue_geo_38_col_38.ply,statue.ply,55.6703376615614,73.74766073110034
WPC,WPC2,statue_geo_38_col_44.ply,statue.ply,52.6896968243611,69.83050185776014
WPC,WPC2,statue_geo_38_col_50.ply,statue.ply,34.6351268230559,54.999928766795705
WPC,WPC2,statue_geo_44_col_26.ply,statue.ply,39.8674494568643,59.60055852347374
WPC,WPC2,statue_geo_44_col_32.ply,statue.ply,41.187271759578,58.19926862694052
WPC,WPC2,statue_geo_44_col_38.ply,statue.ply,38.505524386033,57.78116204130238
WPC,WPC2,statue_geo_44_col_44.ply,statue.ply,30.4210350621087,53.78935103644958
WPC,WPC2,statue_geo_44_col_50.ply,statue.ply,20.4082738569585,47.39921473449756
WPC,WPC2,statue_geo_50_col_26.ply,statue.ply,28.2928741128495,36.80263375859981
WPC,WPC2,statue_geo_50_col_32.ply,statue.ply,29.7762666462375,33.675190154481804
WPC,WPC2,statue_geo_50_col_38.ply,statue.ply,26.5538699650244,33.62307203064302
WPC,WPC2,statue_geo_50_col_44.ply,statue.ply,17.9569398548007,34.24413408763695
WPC,WPC2,statue_geo_50_col_50.ply,statue.ply,16.0683016569295,29.420607473727294
WPC,WPC2,stone_geo_26_col_26.ply,stone.ply,87.3998010059472,74.63404911747756
WPC,WPC2,stone_geo_26_col_32.ply,stone.ply,90.7632509804008,74.34001743965793
WPC,WPC2,stone_geo_26_col_38.ply,stone.ply,85.3619198230678,71.2379670460064
WPC,WPC2,stone_geo_26_col_44.ply,stone.ply,59.3338839611864,57.11446642544748
WPC,WPC2,stone_geo_26_col_50.ply,stone.ply,26.0664820659739,37.38119270988036
WPC,WPC2,stone_geo_32_col_26.ply,stone.ply,83.9154359689679,76.99691434816081
WPC,WPC2,stone_geo_32_col_32.ply,stone.ply,89.2785746765068,76.99706683072296
WPC,WPC2,stone_geo_32_col_38.ply,stone.ply,82.1227986742955,70.80588485948513
WPC,WPC2,stone_geo_32_col_44.ply,stone.ply,55.291783442155,57.59226471346674
WPC,WPC2,stone_geo_32_col_50.ply,stone.ply,27.9286922449291,36.812092898729084
WPC,WPC2,stone_geo_38_col_26.ply,stone.ply,85.2463958388876,76.97149000281247
WPC,WPC2,stone_geo_38_col_32.ply,stone.ply,83.1828145921659,74.45433389746124
WPC,WPC2,stone_geo_38_col_38.ply,stone.ply,78.2409542563056,69.60353954112506
WPC,WPC2,stone_geo_38_col_44.ply,stone.ply,54.9560661770754,54.47178523361224
WPC,WPC2,stone_geo_38_col_50.ply,stone.ply,20.4934270826501,36.78526976193027
WPC,WPC2,stone_geo_44_col_26.ply,stone.ply,75.6844791726697,63.043031787879634
WPC,WPC2,stone_geo_44_col_32.ply,stone.ply,66.2137626257801,66.1722216958102
WPC,WPC2,stone_geo_44_col_38.ply,stone.ply,63.7104619112645,58.65210649534708
WPC,WPC2,stone_geo_44_col_44.ply,stone.ply,49.2666797637598,50.47103741166782
WPC,WPC2,stone_geo_44_col_50.ply,stone.ply,24.2229280217069,31.887115125773352
WPC,WPC2,stone_geo_50_col_26.ply,stone.ply,46.7661985195374,50.03178399586198
WPC,WPC2,stone_geo_50_col_32.ply,stone.ply,48.2150275406964,40.896320001219436
WPC,WPC2,stone_geo_50_col_38.ply,stone.ply,42.3964072109414,38.17187456315547
WPC,WPC2,stone_geo_50_col_44.ply,stone.ply,33.7074859902746,35.28859415776289
WPC,WPC2,stone_geo_50_col_50.ply,stone.ply,15.4342122124929,26.61175685092993
WPC,WPC2,tool_box_geo_26_col_26.ply,tool_box.ply,85.4496059823849,76.31696082089033
WPC,WPC2,tool_box_geo_26_col_32.ply,tool_box.ply,81.7880504403677,73.5904568163707
WPC,WPC2,tool_box_geo_26_col_38.ply,tool_box.ply,69.1597898302332,68.51241215673315
WPC,WPC2,tool_box_geo_26_col_44.ply,tool_box.ply,44.9343366013038,58.91048342566206
WPC,WPC2,tool_box_geo_26_col_50.ply,tool_box.ply,23.304070181044,34.209305502546194
WPC,WPC2,tool_box_geo_32_col_26.ply,tool_box.ply,82.2954729975093,79.812662578035
WPC,WPC2,tool_box_geo_32_col_32.ply,tool_box.ply,78.1139396313892,74.50460656642308
WPC,WPC2,tool_box_geo_32_col_38.ply,tool_box.ply,64.9689046942439,65.1225659003194
WPC,WPC2,tool_box_geo_32_col_44.ply,tool_box.ply,46.9673474967878,56.954422070130306
WPC,WPC2,tool_box_geo_32_col_50.ply,tool_box.ply,25.2366368262888,33.559983696489525
WPC,WPC2,tool_box_geo_38_col_26.ply,tool_box.ply,81.0467217703671,76.88009244541942
WPC,WPC2,tool_box_geo_38_col_32.ply,tool_box.ply,79.9190834905953,73.61823915313263
WPC,WPC2,tool_box_geo_38_col_38.ply,tool_box.ply,66.0246963153914,60.64269530460133
WPC,WPC2,tool_box_geo_38_col_44.ply,tool_box.ply,43.0323395086927,54.025777799681116
WPC,WPC2,tool_box_geo_38_col_50.ply,tool_box.ply,31.1525898659362,30.64440476347066
WPC,WPC2,tool_box_geo_44_col_26.ply,tool_box.ply,71.7401862248719,68.14522053893323
WPC,WPC2,tool_box_geo_44_col_32.ply,tool_box.ply,70.5774537108349,65.23674742144777
WPC,WPC2,tool_box_geo_44_col_38.ply,tool_box.ply,59.4658134392405,55.56924207978332
WPC,WPC2,tool_box_geo_44_col_44.ply,tool_box.ply,42.4070633044353,48.516184125253915
WPC,WPC2,tool_box_geo_44_col_50.ply,tool_box.ply,20.6574164044969,31.84965797867866
WPC,WPC2,tool_box_geo_50_col_26.ply,tool_box.ply,55.1157105221661,45.102310349331425
WPC,WPC2,tool_box_geo_50_col_32.ply,tool_box.ply,45.0051289662124,42.733383926556286
WPC,WPC2,tool_box_geo_50_col_38.ply,tool_box.ply,41.4984902886984,38.93965909438989
WPC,WPC2,tool_box_geo_50_col_44.ply,tool_box.ply,30.3190048379466,32.566445638939456
WPC,WPC2,tool_box_geo_50_col_50.ply,tool_box.ply,22.7850014221745,28.233305693914385
LS-PCQA,APSIPA,tmc13_amphoriskos_vox10_dec_geom01_text01_octree-predlift.ply,amphoriskos_vox10.ply,1.0,1.7183214285714277
LS-PCQA,APSIPA,tmc13_amphoriskos_vox10_dec_geom02_text02_octree-predlift.ply,amphoriskos_vox10.ply,1.5,2.998916666666666
LS-PCQA,APSIPA,tmc13_amphoriskos_vox10_dec_geom03_text03_octree-predlift.ply,amphoriskos_vox10.ply,2.9,4.170127976190478
LS-PCQA,APSIPA,tmc13_amphoriskos_vox10_dec_geom04_text04_octree-predlift.ply,amphoriskos_vox10.ply,4.375,4.4570297619047645
LS-PCQA,APSIPA,tmc13_amphoriskos_vox10_dec_geom05_text05_octree-predlift.ply,amphoriskos_vox10.ply,4.6,4.5331011904761915
LS-PCQA,APSIPA,tmc13_amphoriskos_vox10_dec_geom06_text06_octree-predlift.ply,amphoriskos_vox10.ply,4.75,4.533464285714286
LS-PCQA,APSIPA,tmc13_amphoriskos_vox10_dec_geom01_text01_octree-raht.ply,amphoriskos_vox10.ply,1.0,1.6472291666666652
LS-PCQA,APSIPA,tmc13_amphoriskos_vox10_dec_geom02_text02_octree-raht.ply,amphoriskos_vox10.ply,1.075,2.5731696428571422
LS-PCQA,APSIPA,tmc13_amphoriskos_vox10_dec_geom03_text03_octree-raht.ply,amphoriskos_vox10.ply,2.025,3.8450922619047616
LS-PCQA,APSIPA,tmc13_amphoriskos_vox10_dec_geom04_text04_octree-raht.ply,amphoriskos_vox10.ply,3.7,4.419211309523812
LS-PCQA,APSIPA,tmc13_amphoriskos_vox10_dec_geom05_text05_octree-raht.ply,amphoriskos_vox10.ply,4.475,4.530705357142859
LS-PCQA,APSIPA,tmc13_amphoriskos_vox10_dec_geom06_text06_octree-raht.ply,amphoriskos_vox10.ply,4.85,4.522074404761907
LS-PCQA,APSIPA,tmc13_amphoriskos_vox10_dec_geom01_text01_trisoup-predlift.ply,amphoriskos_vox10.ply,1.25,3.7490029761904746
LS-PCQA,APSIPA,tmc13_amphoriskos_vox10_dec_geom02_text02_trisoup-predlift.ply,amphoriskos_vox10.ply,2.3,4.352294642857143
LS-PCQA,APSIPA,tmc13_amphoriskos_vox10_dec_geom03_text03_trisoup-predlift.ply,amphoriskos_vox10.ply,2.675,4.4264761904761905
LS-PCQA,APSIPA,tmc13_amphoriskos_vox10_dec_geom04_text04_trisoup-predlift.ply,amphoriskos_vox10.ply,2.725,4.462264880952382
LS-PCQA,APSIPA,tmc13_amphoriskos_vox10_dec_geom05_text05_trisoup-predlift.ply,amphoriskos_vox10.ply,3.1,4.503592261904763
LS-PCQA,APSIPA,tmc13_amphoriskos_vox10_dec_geom06_text06_trisoup-predlift.ply,amphoriskos_vox10.ply,4.9,4.7822470238095205
LS-PCQA,APSIPA,tmc13_amphoriskos_vox10_dec_geom01_text01_trisoup-raht.ply,amphoriskos_vox10.ply,1.025,2.543892857142857
LS-PCQA,APSIPA,tmc13_amphoriskos_vox10_dec_geom02_text02_trisoup-raht.ply,amphoriskos_vox10.ply,1.625,3.027970238095237
LS-PCQA,APSIPA,tmc13_amphoriskos_vox10_dec_geom03_text03_trisoup-raht.ply,amphoriskos_vox10.ply,2.05,3.7941964285714294
LS-PCQA,APSIPA,tmc13_amphoriskos_vox10_dec_geom04_text04_trisoup-raht.ply,amphoriskos_vox10.ply,2.45,4.2949672619047625
LS-PCQA,APSIPA,tmc13_amphoriskos_vox10_dec_geom05_text05_trisoup-raht.ply,amphoriskos_vox10.ply,3.1,4.468416666666667
LS-PCQA,APSIPA,tmc13_amphoriskos_vox10_dec_geom06_text06_trisoup-raht.ply,amphoriskos_vox10.ply,4.725,4.7975476190476165
LS-PCQA,APSIPA,tmc2_amphoriskos_vox10_dec_geom01_text01.ply,amphoriskos_vox10.ply,2.5,4.36485119047619
LS-PCQA,APSIPA,tmc2_amphoriskos_vox10_dec_geom02_text02.ply,amphoriskos_vox10.ply,3.475,4.378282738095238
LS-PCQA,APSIPA,tmc2_amphoriskos_vox10_dec_geom03_text03.ply,amphoriskos_vox10.ply,3.6,4.435062500000001
LS-PCQA,APSIPA,tmc2_amphoriskos_vox10_dec_geom04_text04.ply,amphoriskos_vox10.ply,4.5,4.488482142857144
LS-PCQA,APSIPA,tmc2_amphoriskos_vox10_dec_geom05_text05.ply,amphoriskos_vox10.ply,4.475,4.504702380952382
LS-PCQA,APSIPA,tmc13_biplane_vox10_dec_geom01_text01_octree-predlift.ply,biplane_vox10.ply,1.0,1.622711309523809
LS-PCQA,APSIPA,tmc13_biplane_vox10_dec_geom02_text02_octree-predlift.ply,biplane_vox10.ply,1.1,2.6669077380952384
LS-PCQA,APSIPA,tmc13_biplane_vox10_dec_geom03_text03_octree-predlift.ply,biplane_vox10.ply,1.975,3.445934523809523
LS-PCQA,APSIPA,tmc13_biplane_vox10_dec_geom04_text04_octree-predlift.ply,biplane_vox10.ply,3.8,4.270410714285713
LS-PCQA,APSIPA,tmc13_biplane_vox10_dec_geom05_text05_octree-predlift.ply,biplane_vox10.ply,4.575,4.373773809523812
LS-PCQA,APSIPA,tmc13_biplane_vox10_dec_geom06_text06_octree-predlift.ply,biplane_vox10.ply,4.775,4.506845238095237
LS-PCQA,APSIPA,tmc13_biplane_vox10_dec_geom01_text01_octree-raht.ply,biplane_vox10.ply,1.0,1.610160714285713
LS-PCQA,APSIPA,tmc13_biplane_vox10_dec_geom02_text02_octree-raht.ply,biplane_vox10.ply,1.05,2.558770833333333
LS-PCQA,APSIPA,tmc13_biplane_vox10_dec_geom03_text03_octree-raht.ply,biplane_vox10.ply,2.05,3.473142857142857
LS-PCQA,APSIPA,tmc13_biplane_vox10_dec_geom04_text04_octree-raht.ply,biplane_vox10.ply,3.925,4.200157738095236
LS-PCQA,APSIPA,tmc13_biplane_vox10_dec_geom05_text05_octree-raht.ply,biplane_vox10.ply,4.55,4.410699404761908
LS-PCQA,APSIPA,tmc13_biplane_vox10_dec_geom06_text06_octree-raht.ply,biplane_vox10.ply,4.75,4.433029761904761
LS-PCQA,APSIPA,tmc13_biplane_vox10_dec_geom01_text01_trisoup-predlift.ply,biplane_vox10.ply,1.1,2.644443452380952
LS-PCQA,APSIPA,tmc13_biplane_vox10_dec_geom02_text02_trisoup-predlift.ply,biplane_vox10.ply,1.9,3.1625416666666655
LS-PCQA,APSIPA,tmc13_biplane_vox10_dec_geom03_text03_trisoup-predlift.ply,biplane_vox10.ply,2.35,3.7828065476190496
LS-PCQA,APSIPA,tmc13_biplane_vox10_dec_geom04_text04_trisoup-predlift.ply,biplane_vox10.ply,2.225,3.8178125000000023
LS-PCQA,APSIPA,tmc13_biplane_vox10_dec_geom05_text05_trisoup-predlift.ply,biplane_vox10.ply,3.125,4.174169642857144
LS-PCQA,APSIPA,tmc13_biplane_vox10_dec_geom06_text06_trisoup-predlift.ply,biplane_vox10.ply,4.925,4.716589285714286
LS-PCQA,APSIPA,tmc13_biplane_vox10_dec_geom01_text01_trisoup-raht.ply,biplane_vox10.ply,1.025,2.528002976190476
LS-PCQA,APSIPA,tmc13_biplane_vox10_dec_geom02_text02_trisoup-raht.ply,biplane_vox10.ply,1.55,3.1350892857142854
LS-PCQA,APSIPA,tmc13_biplane_vox10_dec_geom03_text03_trisoup-raht.ply,biplane_vox10.ply,2.15,3.672074404761906
LS-PCQA,APSIPA,tmc13_biplane_vox10_dec_geom04_text04_trisoup-raht.ply,biplane_vox10.ply,2.1,3.8051071428571452
LS-PCQA,APSIPA,tmc13_biplane_vox10_dec_geom05_text05_trisoup-raht.ply,biplane_vox10.ply,4.15,4.121035714285716
LS-PCQA,APSIPA,tmc13_biplane_vox10_dec_geom06_text06_trisoup-raht.ply,biplane_vox10.ply,4.975,4.687470238095238
LS-PCQA,APSIPA,tmc2_biplane_vox10_dec_geom01_text01.ply,biplane_vox10.ply,2.0,3.1849300595238077
LS-PCQA,APSIPA,tmc2_biplane_vox10_dec_geom02_text02.ply,biplane_vox10.ply,3.5,4.073806547619048
LS-PCQA,APSIPA,tmc2_biplane_vox10_dec_geom03_text03.ply,biplane_vox10.ply,3.0,4.101294642857143
LS-PCQA,APSIPA,tmc2_biplane_vox10_dec_geom04_text04.ply,biplane_vox10.ply,3.5,4.1822291666666676
LS-PCQA,APSIPA,tmc2_biplane_vox10_dec_geom05_text05.ply,biplane_vox10.ply,4.725,4.369663690476191
LS-PCQA,APSIPA,tmc13_head_00039_vox9_dec_geom01_text01_octree-predlift.ply,head_00039_vox9.ply,1.0,2.5081160714285717
LS-PCQA,APSIPA,tmc13_head_00039_vox9_dec_geom02_text02_octree-predlift.ply,head_00039_vox9.ply,1.125,2.944047619047618
LS-PCQA,APSIPA,tmc13_head_00039_vox9_dec_geom03_text03_octree-predlift.ply,head_00039_vox9.ply,1.8,3.620669642857142
LS-PCQA,APSIPA,tmc13_head_00039_vox9_dec_geom04_text04_octree-predlift.ply,head_00039_vox9.ply,3.6,4.116821428571429
LS-PCQA,APSIPA,tmc13_head_00039_vox9_dec_geom05_text05_octree-predlift.ply,head_00039_vox9.ply,4.45,4.524032738095238
LS-PCQA,APSIPA,tmc13_head_00039_vox9_dec_geom06_text06_octree-predlift.ply,head_00039_vox9.ply,4.6,4.529389880952381
LS-PCQA,APSIPA,tmc13_head_00039_vox9_dec_geom01_text01_octree-raht.ply,head_00039_vox9.ply,1.0,2.3695744047619054
LS-PCQA,APSIPA,tmc13_head_00039_vox9_dec_geom02_text02_octree-raht.ply,head_00039_vox9.ply,1.0,2.519583333333334
LS-PCQA,APSIPA,tmc13_head_00039_vox9_dec_geom03_text03_octree-raht.ply,head_00039_vox9.ply,1.575,3.1610833333333335
LS-PCQA,APSIPA,tmc13_head_00039_vox9_dec_geom04_text04_octree-raht.ply,head_00039_vox9.ply,3.15,4.00408630952381
LS-PCQA,APSIPA,tmc13_head_00039_vox9_dec_geom05_text05_octree-raht.ply,head_00039_vox9.ply,4.875,4.505098214285715
LS-PCQA,APSIPA,tmc13_head_00039_vox9_dec_geom06_text06_octree-raht.ply,head_00039_vox9.ply,4.85,4.4497380952380965
LS-PCQA,APSIPA,tmc13_head_00039_vox9_dec_geom01_text01_trisoup-predlift.ply,head_00039_vox9.ply,1.025,2.8290624999999996
LS-PCQA,APSIPA,tmc13_head_00039_vox9_dec_geom02_text02_trisoup-predlift.ply,head_00039_vox9.ply,1.175,3.1383303571428565
LS-PCQA,APSIPA,tmc13_head_00039_vox9_dec_geom03_text03_trisoup-predlift.ply,head_00039_vox9.ply,1.75,3.652967261904763
LS-PCQA,APSIPA,tmc13_head_00039_vox9_dec_geom04_text04_trisoup-predlift.ply,head_00039_vox9.ply,2.425,3.769291666666668
LS-PCQA,APSIPA,tmc13_head_00039_vox9_dec_geom05_text05_trisoup-predlift.ply,head_00039_vox9.ply,4.05,4.274535714285715
LS-PCQA,APSIPA,tmc13_head_00039_vox9_dec_geom06_text06_trisoup-predlift.ply,head_00039_vox9.ply,4.9,4.662535714285716
LS-PCQA,APSIPA,tmc13_head_00039_vox9_dec_geom01_text01_trisoup-raht.ply,head_00039_vox9.ply,1.0,2.4795595238095247
LS-PCQA,APSIPA,tmc13_head_00039_vox9_dec_geom02_text02_trisoup-raht.ply,head_00039_vox9.ply,1.1,2.681193452380952
LS-PCQA,APSIPA,tmc13_head_00039_vox9_dec_geom03_text03_trisoup-raht.ply,head_00039_vox9.ply,1.375,3.248428571428572
LS-PCQA,APSIPA,tmc13_head_00039_vox9_dec_geom04_text04_trisoup-raht.ply,head_00039_vox9.ply,3.1,3.602050595238097
LS-PCQA,APSIPA,tmc13_head_00039_vox9_dec_geom05_text05_trisoup-raht.ply,head_00039_vox9.ply,3.9,4.227514880952381
LS-PCQA,APSIPA,tmc13_head_00039_vox9_dec_geom06_text06_trisoup-raht.ply,head_00039_vox9.ply,4.95,4.618952380952382
LS-PCQA,APSIPA,tmc2_head_00039_vox9_dec_geom01_text01.ply,head_00039_vox9.ply,1.2,2.979122023809524
LS-PCQA,APSIPA,tmc2_head_00039_vox9_dec_geom02_text02.ply,head_00039_vox9.ply,1.875,3.3257261904761894
LS-PCQA,APSIPA,tmc2_head_00039_vox9_dec_geom03_text03.ply,head_00039_vox9.ply,2.9,3.744214285714285
LS-PCQA,APSIPA,tmc2_head_00039_vox9_dec_geom04_text04.ply,head_00039_vox9.ply,3.775,3.947139880952381
LS-PCQA,APSIPA,tmc2_head_00039_vox9_dec_geom05_text05.ply,head_00039_vox9.ply,4.55,4.31357142857143
LS-PCQA,APSIPA,tmc13_longdress_vox10_1300_dec_geom01_text01_octree-predlift.ply,longdress_vox10_1300.ply,1.0,1.6162678571428575
LS-PCQA,APSIPA,tmc13_longdress_vox10_1300_dec_geom02_text02_octree-predlift.ply,longdress_vox10_1300.ply,1.0,2.2462767857142856
LS-PCQA,APSIPA,tmc13_longdress_vox10_1300_dec_geom03_text03_octree-predlift.ply,longdress_vox10_1300.ply,1.425,3.2748571428571425
LS-PCQA,APSIPA,tmc13_longdress_vox10_1300_dec_geom04_text04_octree-predlift.ply,longdress_vox10_1300.ply,2.25,3.983583333333334
LS-PCQA,APSIPA,tmc13_longdress_vox10_1300_dec_geom05_text05_octree-predlift.ply,longdress_vox10_1300.ply,2.975,4.244184523809523
LS-PCQA,APSIPA,tmc13_longdress_vox10_1300_dec_geom06_text06_octree-predlift.ply,longdress_vox10_1300.ply,4.25,4.31005654761905
LS-PCQA,APSIPA,tmc13_longdress_vox10_1300_dec_geom01_text01_octree-raht.ply,longdress_vox10_1300.ply,1.0,1.60963988095238
LS-PCQA,APSIPA,tmc13_longdress_vox10_1300_dec_geom02_text02_octree-raht.ply,longdress_vox10_1300.ply,1.0,2.251532738095239
LS-PCQA,APSIPA,tmc13_longdress_vox10_1300_dec_geom03_text03_octree-raht.ply,longdress_vox10_1300.ply,1.225,2.9293839285714274
LS-PCQA,APSIPA,tmc13_longdress_vox10_1300_dec_geom04_text04_octree-raht.ply,longdress_vox10_1300.ply,2.125,3.640889880952381
LS-PCQA,APSIPA,tmc13_longdress_vox10_1300_dec_geom05_text05_octree-raht.ply,longdress_vox10_1300.ply,2.85,4.268244047619047
LS-PCQA,APSIPA,tmc13_longdress_vox10_1300_dec_geom06_text06_octree-raht.ply,longdress_vox10_1300.ply,3.325,4.286985119047622
LS-PCQA,APSIPA,tmc13_longdress_vox10_1300_dec_geom01_text01_trisoup-predlift.ply,longdress_vox10_1300.ply,1.05,2.9059583333333334
LS-PCQA,APSIPA,tmc13_longdress_vox10_1300_dec_geom02_text02_trisoup-predlift.ply,longdress_vox10_1300.ply,1.4,3.715404761904761
LS-PCQA,APSIPA,tmc13_longdress_vox10_1300_dec_geom03_text03_trisoup-predlift.ply,longdress_vox10_1300.ply,1.575,4.258788690476192
LS-PCQA,APSIPA,tmc13_longdress_vox10_1300_dec_geom04_text04_trisoup-predlift.ply,longdress_vox10_1300.ply,1.8,4.198363095238094
LS-PCQA,APSIPA,tmc13_longdress_vox10_1300_dec_geom05_text05_trisoup-predlift.ply,longdress_vox10_1300.ply,2.925,4.325291666666669
LS-PCQA,APSIPA,tmc13_longdress_vox10_1300_dec_geom06_text06_trisoup-predlift.ply,longdress_vox10_1300.ply,4.65,4.719895833333332
LS-PCQA,APSIPA,tmc13_longdress_vox10_1300_dec_geom01_text01_trisoup-raht.ply,longdress_vox10_1300.ply,1.0,2.60477380952381
LS-PCQA,APSIPA,tmc13_longdress_vox10_1300_dec_geom02_text02_trisoup-raht.ply,longdress_vox10_1300.ply,1.025,2.7383601190476186
LS-PCQA,APSIPA,tmc13_longdress_vox10_1300_dec_geom03_text03_trisoup-raht.ply,longdress_vox10_1300.ply,1.2,3.3246398809523807
LS-PCQA,APSIPA,tmc13_longdress_vox10_1300_dec_geom04_text04_trisoup-raht.ply,longdress_vox10_1300.ply,1.65,4.071854166666666
LS-PCQA,APSIPA,tmc13_longdress_vox10_1300_dec_geom05_text05_trisoup-raht.ply,longdress_vox10_1300.ply,2.9,4.285502976190477
LS-PCQA,APSIPA,tmc13_longdress_vox10_1300_dec_geom06_text06_trisoup-raht.ply,longdress_vox10_1300.ply,3.925,4.545877976190477
LS-PCQA,APSIPA,tmc2_longdress_vox10_1300_dec_geom01_text01.ply,longdress_vox10_1300.ply,1.2,3.8779315476190463
LS-PCQA,APSIPA,tmc2_longdress_vox10_1300_dec_geom02_text02.ply,longdress_vox10_1300.ply,1.575,4.2989107142857135
LS-PCQA,APSIPA,tmc2_longdress_vox10_1300_dec_geom03_text03.ply,longdress_vox10_1300.ply,3.025,4.354127976190476
LS-PCQA,APSIPA,tmc2_longdress_vox10_1300_dec_geom04_text04.ply,longdress_vox10_1300.ply,3.975,4.444860119047619
LS-PCQA,APSIPA,tmc2_longdress_vox10_1300_dec_geom05_text05.ply,longdress_vox10_1300.ply,3.775,4.54453273809524
LS-PCQA,APSIPA,tmc13_loot_vox10_1200_dec_geom01_text01_octree-predlift.ply,loot_vox10_1200.ply,1.0,1.6804374999999991
LS-PCQA,APSIPA,tmc13_loot_vox10_1200_dec_geom02_text02_octree-predlift.ply,loot_vox10_1200.ply,1.0,2.643505952380952
LS-PCQA,APSIPA,tmc13_loot_vox10_1200_dec_geom03_text03_octree-predlift.ply,loot_vox10_1200.ply,1.475,3.5723482142857144
LS-PCQA,APSIPA,tmc13_loot_vox10_1200_dec_geom04_text04_octree-predlift.ply,loot_vox10_1200.ply,2.725,3.8375505952380955
LS-PCQA,APSIPA,tmc13_loot_vox10_1200_dec_geom05_text05_octree-predlift.ply,loot_vox10_1200.ply,3.475,4.410273809523811
LS-PCQA,APSIPA,tmc13_loot_vox10_1200_dec_geom06_text06_octree-predlift.ply,loot_vox10_1200.ply,4.3,4.467360119047621
LS-PCQA,APSIPA,tmc13_loot_vox10_1200_dec_geom01_text01_octree-raht.ply,loot_vox10_1200.ply,1.0,1.5731279761904744
LS-PCQA,APSIPA,tmc13_loot_vox10_1200_dec_geom02_text02_octree-raht.ply,loot_vox10_1200.ply,1.0,2.559160714285715
LS-PCQA,APSIPA,tmc13_loot_vox10_1200_dec_geom03_text03_octree-raht.ply,loot_vox10_1200.ply,1.175,3.084848214285714
LS-PCQA,APSIPA,tmc13_loot_vox10_1200_dec_geom04_text04_octree-raht.ply,loot_vox10_1200.ply,2.25,3.7360773809523793
LS-PCQA,APSIPA,tmc13_loot_vox10_1200_dec_geom05_text05_octree-raht.ply,loot_vox10_1200.ply,2.75,4.234761904761905
LS-PCQA,APSIPA,tmc13_loot_vox10_1200_dec_geom06_text06_octree-raht.ply,loot_vox10_1200.ply,4.175,4.475062500000002
LS-PCQA,APSIPA,tmc13_loot_vox10_1200_dec_geom01_text01_trisoup-predlift.ply,loot_vox10_1200.ply,1.025,3.4218333333333324
LS-PCQA,APSIPA,tmc13_loot_vox10_1200_dec_geom02_text02_trisoup-predlift.ply,loot_vox10_1200.ply,1.25,3.778839285714285
LS-PCQA,APSIPA,tmc13_loot_vox10_1200_dec_geom03_text03_trisoup-predlift.ply,loot_vox10_1200.ply,1.4,4.06283630952381
LS-PCQA,APSIPA,tmc13_loot_vox10_1200_dec_geom04_text04_trisoup-predlift.ply,loot_vox10_1200.ply,1.725,4.497160714285715
LS-PCQA,APSIPA,tmc13_loot_vox10_1200_dec_geom05_text05_trisoup-predlift.ply,loot_vox10_1200.ply,2.675,4.489142857142859
LS-PCQA,APSIPA,tmc13_loot_vox10_1200_dec_geom06_text06_trisoup-predlift.ply,loot_vox10_1200.ply,4.7,4.728440476190475
LS-PCQA,APSIPA,tmc13_loot_vox10_1200_dec_geom01_text01_trisoup-raht.ply,loot_vox10_1200.ply,1.0,2.660642857142857
LS-PCQA,APSIPA,tmc13_loot_vox10_1200_dec_geom02_text02_trisoup-raht.ply,loot_vox10_1200.ply,1.075,2.9466279761904763
LS-PCQA,APSIPA,tmc13_loot_vox10_1200_dec_geom03_text03_trisoup-raht.ply,loot_vox10_1200.ply,1.075,3.580995535714285
LS-PCQA,APSIPA,tmc13_loot_vox10_1200_dec_geom04_text04_trisoup-raht.ply,loot_vox10_1200.ply,1.55,3.9968541666666666
LS-PCQA,APSIPA,tmc13_loot_vox10_1200_dec_geom05_text05_trisoup-raht.ply,loot_vox10_1200.ply,2.65,4.42528869047619
LS-PCQA,APSIPA,tmc13_loot_vox10_1200_dec_geom06_text06_trisoup-raht.ply,loot_vox10_1200.ply,4.4,4.736119047619047
LS-PCQA,APSIPA,tmc2_loot_vox10_1200_dec_geom01_text01.ply,loot_vox10_1200.ply,1.3,3.87095238095238
LS-PCQA,APSIPA,tmc2_loot_vox10_1200_dec_geom02_text02.ply,loot_vox10_1200.ply,1.775,4.1966874999999995
LS-PCQA,APSIPA,tmc2_loot_vox10_1200_dec_geom03_text03.ply,loot_vox10_1200.ply,2.4,4.540357142857142
LS-PCQA,APSIPA,tmc2_loot_vox10_1200_dec_geom04_text04.ply,loot_vox10_1200.ply,3.075,4.582217261904762
LS-PCQA,APSIPA,tmc2_loot_vox10_1200_dec_geom05_text05.ply,loot_vox10_1200.ply,3.1,4.61775892857143
LS-PCQA,APSIPA,tmc13_romanoillamp_vox10_dec_geom01_text01_octree-predlift.ply,romanoillamp_vox10.ply,1.0,1.7118184523809514
LS-PCQA,APSIPA,tmc13_romanoillamp_vox10_dec_geom02_text02_octree-predlift.ply,romanoillamp_vox10.ply,1.05,2.737657738095237
LS-PCQA,APSIPA,tmc13_romanoillamp_vox10_dec_geom03_text03_octree-predlift.ply,romanoillamp_vox10.ply,1.775,3.7387291666666673
LS-PCQA,APSIPA,tmc13_romanoillamp_vox10_dec_geom04_text04_octree-predlift.ply,romanoillamp_vox10.ply,2.75,4.282360119047619
LS-PCQA,APSIPA,tmc13_romanoillamp_vox10_dec_geom05_text05_octree-predlift.ply,romanoillamp_vox10.ply,4.45,4.49733928571429
LS-PCQA,APSIPA,tmc13_romanoillamp_vox10_dec_geom06_text06_octree-predlift.ply,romanoillamp_vox10.ply,4.925,4.40598511904762
LS-PCQA,APSIPA,tmc13_romanoillamp_vox10_dec_geom01_text01_octree-raht.ply,romanoillamp_vox10.ply,1.0,1.6787113095238078
LS-PCQA,APSIPA,tmc13_romanoillamp_vox10_dec_geom02_text02_octree-raht.ply,romanoillamp_vox10.ply,1.0,2.569425595238096
LS-PCQA,APSIPA,tmc13_romanoillamp_vox10_dec_geom03_text03_octree-raht.ply,romanoillamp_vox10.ply,1.475,3.3108660714285723
LS-PCQA,APSIPA,tmc13_romanoillamp_vox10_dec_geom04_text04_octree-raht.ply,romanoillamp_vox10.ply,2.925,4.279744047619048
LS-PCQA,APSIPA,tmc13_romanoillamp_vox10_dec_geom05_text05_octree-raht.ply,romanoillamp_vox10.ply,4.6,4.452428571428575
LS-PCQA,APSIPA,tmc13_romanoillamp_vox10_dec_geom06_text06_octree-raht.ply,romanoillamp_vox10.ply,4.65,4.28963392857143
LS-PCQA,APSIPA,tmc13_romanoillamp_vox10_dec_geom01_text01_trisoup-predlift.ply,romanoillamp_vox10.ply,1.075,3.383193452380951
LS-PCQA,APSIPA,tmc13_romanoillamp_vox10_dec_geom02_text02_trisoup-predlift.ply,romanoillamp_vox10.ply,1.825,3.7436934523809513
LS-PCQA,APSIPA,tmc13_romanoillamp_vox10_dec_geom03_text03_trisoup-predlift.ply,romanoillamp_vox10.ply,2.475,4.347898809523813
LS-PCQA,APSIPA,tmc13_romanoillamp_vox10_dec_geom04_text04_trisoup-predlift.ply,romanoillamp_vox10.ply,3.625,4.466622023809524
LS-PCQA,APSIPA,tmc13_romanoillamp_vox10_dec_geom05_text05_trisoup-predlift.ply,romanoillamp_vox10.ply,4.625,4.50722023809524
LS-PCQA,APSIPA,tmc13_romanoillamp_vox10_dec_geom06_text06_trisoup-predlift.ply,romanoillamp_vox10.ply,4.9,4.775288690476189
LS-PCQA,APSIPA,tmc13_romanoillamp_vox10_dec_geom01_text01_trisoup-raht.ply,romanoillamp_vox10.ply,1.0,2.8103392857142855
LS-PCQA,APSIPA,tmc13_romanoillamp_vox10_dec_geom02_text02_trisoup-raht.ply,romanoillamp_vox10.ply,1.225,3.2926056547619043
LS-PCQA,APSIPA,tmc13_romanoillamp_vox10_dec_geom03_text03_trisoup-raht.ply,romanoillamp_vox10.ply,2.925,3.9336250000000006
LS-PCQA,APSIPA,tmc13_romanoillamp_vox10_dec_geom04_text04_trisoup-raht.ply,romanoillamp_vox10.ply,4.5,4.494514880952382
LS-PCQA,APSIPA,tmc13_romanoillamp_vox10_dec_geom05_text05_trisoup-raht.ply,romanoillamp_vox10.ply,4.6,4.483636904761908
LS-PCQA,APSIPA,tmc13_romanoillamp_vox10_dec_geom06_text06_trisoup-raht.ply,romanoillamp_vox10.ply,4.7,4.756011904761903
LS-PCQA,APSIPA,tmc2_romanoillamp_vox10_dec_geom01_text01.ply,romanoillamp_vox10.ply,1.525,3.4898541666666656
LS-PCQA,APSIPA,tmc2_romanoillamp_vox10_dec_geom02_text02.ply,romanoillamp_vox10.ply,2.4,3.8936845238095237
LS-PCQA,APSIPA,tmc2_romanoillamp_vox10_dec_geom03_text03.ply,romanoillamp_vox10.ply,2.975,4.381669642857144
LS-PCQA,APSIPA,tmc2_romanoillamp_vox10_dec_geom04_text04.ply,romanoillamp_vox10.ply,4.2,4.485241071428573
LS-PCQA,APSIPA,tmc2_romanoillamp_vox10_dec_geom05_text05.ply,romanoillamp_vox10.ply,4.475,4.547116071428574
LS-PCQA,APSIPA,tmc13_soldier_vox10_0690_dec_geom01_text01_octree-predlift.ply,soldier_vox10_0690.ply,1.0,1.5831458333333317
LS-PCQA,APSIPA,tmc13_soldier_vox10_0690_dec_geom02_text02_octree-predlift.ply,soldier_vox10_0690.ply,1.0,2.539345238095238
LS-PCQA,APSIPA,tmc13_soldier_vox10_0690_dec_geom03_text03_octree-predlift.ply,soldier_vox10_0690.ply,1.25,3.3905461309523814
LS-PCQA,APSIPA,tmc13_soldier_vox10_0690_dec_geom04_text04_octree-predlift.ply,soldier_vox10_0690.ply,2.5,3.894645833333334
LS-PCQA,APSIPA,tmc13_soldier_vox10_0690_dec_geom05_text05_octree-predlift.ply,soldier_vox10_0690.ply,3.45,4.399285714285715
LS-PCQA,APSIPA,tmc13_soldier_vox10_0690_dec_geom06_text06_octree-predlift.ply,soldier_vox10_0690.ply,4.475,4.519645833333337
LS-PCQA,APSIPA,tmc13_soldier_vox10_0690_dec_geom01_text01_octree-raht.ply,soldier_vox10_0690.ply,1.0,1.532633928571426
LS-PCQA,APSIPA,tmc13_soldier_vox10_0690_dec_geom02_text02_octree-raht.ply,soldier_vox10_0690.ply,1.0,2.5627648809523818
LS-PCQA,APSIPA,tmc13_soldier_vox10_0690_dec_geom03_text03_octree-raht.ply,soldier_vox10_0690.ply,1.125,3.2437559523809534
LS-PCQA,APSIPA,tmc13_soldier_vox10_0690_dec_geom04_text04_octree-raht.ply,soldier_vox10_0690.ply,2.4,3.7089166666666658
LS-PCQA,APSIPA,tmc13_soldier_vox10_0690_dec_geom05_text05_octree-raht.ply,soldier_vox10_0690.ply,3.4,4.384363095238096
LS-PCQA,APSIPA,tmc13_soldier_vox10_0690_dec_geom06_text06_octree-raht.ply,soldier_vox10_0690.ply,4.325,4.4945029761904784
LS-PCQA,APSIPA,tmc13_soldier_vox10_0690_dec_geom01_text01_trisoup-predlift.ply,soldier_vox10_0690.ply,1.025,3.168836309523808
LS-PCQA,APSIPA,tmc13_soldier_vox10_0690_dec_geom02_text02_trisoup-predlift.ply,soldier_vox10_0690.ply,1.575,3.830142857142856
LS-PCQA,APSIPA,tmc13_soldier_vox10_0690_dec_geom03_text03_trisoup-predlift.ply,soldier_vox10_0690.ply,1.925,4.292041666666668
LS-PCQA,APSIPA,tmc13_soldier_vox10_0690_dec_geom04_text04_trisoup-predlift.ply,soldier_vox10_0690.ply,2.475,4.398080357142857
LS-PCQA,APSIPA,tmc13_soldier_vox10_0690_dec_geom05_text05_trisoup-predlift.ply,soldier_vox10_0690.ply,3.45,4.470291666666669
LS-PCQA,APSIPA,tmc13_soldier_vox10_0690_dec_geom06_text06_trisoup-predlift.ply,soldier_vox10_0690.ply,4.875,4.802505952380952
LS-PCQA,APSIPA,tmc13_soldier_vox10_0690_dec_geom01_text01_trisoup-raht.ply,soldier_vox10_0690.ply,1.0,2.8112678571428575
LS-PCQA,APSIPA,tmc13_soldier_vox10_0690_dec_geom02_text02_trisoup-raht.ply,soldier_vox10_0690.ply,1.125,3.1983750000000013
LS-PCQA,APSIPA,tmc13_soldier_vox10_0690_dec_geom03_text03_trisoup-raht.ply,soldier_vox10_0690.ply,1.225,3.766455357142857
LS-PCQA,APSIPA,tmc13_soldier_vox10_0690_dec_geom04_text04_trisoup-raht.ply,soldier_vox10_0690.ply,1.775,4.194907738095238
LS-PCQA,APSIPA,tmc13_soldier_vox10_0690_dec_geom05_text05_trisoup-raht.ply,soldier_vox10_0690.ply,3.55,4.430247023809525
LS-PCQA,APSIPA,tmc13_soldier_vox10_0690_dec_geom06_text06_trisoup-raht.ply,soldier_vox10_0690.ply,4.225,4.724404761904763
LS-PCQA,APSIPA,tmc2_soldier_vox10_0690_dec_geom01_text01.ply,soldier_vox10_0690.ply,1.275,3.8669285714285695
LS-PCQA,APSIPA,tmc2_soldier_vox10_0690_dec_geom02_text02.ply,soldier_vox10_0690.ply,2.15,4.209300595238098
LS-PCQA,APSIPA,tmc2_soldier_vox10_0690_dec_geom03_text03.ply,soldier_vox10_0690.ply,2.425,4.405994047619049
LS-PCQA,APSIPA,tmc2_soldier_vox10_0690_dec_geom04_text04.ply,soldier_vox10_0690.ply,4.025,4.577473214285716
LS-PCQA,APSIPA,tmc2_soldier_vox10_0690_dec_geom05_text05.ply,soldier_vox10_0690.ply,3.625,4.608702380952383
LS-PCQA,APSIPA,tmc13_the20smaria_00600_vox10_dec_geom01_text01_octree-predlift.ply,the20smaria_00600_vox10.ply,1.0,1.7171458333333334
LS-PCQA,APSIPA,tmc13_the20smaria_00600_vox10_dec_geom02_text02_octree-predlift.ply,the20smaria_00600_vox10.ply,1.05,2.479678571428571
LS-PCQA,APSIPA,tmc13_the20smaria_00600_vox10_dec_geom03_text03_octree-predlift.ply,the20smaria_00600_vox10.ply,1.5,3.4836041666666673
LS-PCQA,APSIPA,tmc13_the20smaria_00600_vox10_dec_geom04_text04_octree-predlift.ply,the20smaria_00600_vox10.ply,2.75,4.057889880952381
LS-PCQA,APSIPA,tmc13_the20smaria_00600_vox10_dec_geom05_text05_octree-predlift.ply,the20smaria_00600_vox10.ply,3.95,4.513428571428573
LS-PCQA,APSIPA,tmc13_the20smaria_00600_vox10_dec_geom06_text06_octree-predlift.ply,the20smaria_00600_vox10.ply,4.65,4.535648809523811
LS-PCQA,APSIPA,tmc13_the20smaria_00600_vox10_dec_geom01_text01_octree-raht.ply,the20smaria_00600_vox10.ply,1.0,1.6405386904761892
LS-PCQA,APSIPA,tmc13_the20smaria_00600_vox10_dec_geom02_text02_octree-raht.ply,the20smaria_00600_vox10.ply,1.0,2.438464285714286
LS-PCQA,APSIPA,tmc13_the20smaria_00600_vox10_dec_geom03_text03_octree-raht.ply,the20smaria_00600_vox10.ply,1.275,3.26616369047619
LS-PCQA,APSIPA,tmc13_the20smaria_00600_vox10_dec_geom04_text04_octree-raht.ply,the20smaria_00600_vox10.ply,2.5,4.027011904761905
LS-PCQA,APSIPA,tmc13_the20smaria_00600_vox10_dec_geom05_text05_octree-raht.ply,the20smaria_00600_vox10.ply,3.725,4.413178571428574
LS-PCQA,APSIPA,tmc13_the20smaria_00600_vox10_dec_geom06_text06_octree-raht.ply,the20smaria_00600_vox10.ply,4.25,4.536339285714288
LS-PCQA,APSIPA,tmc13_the20smaria_00600_vox10_dec_geom01_text01_trisoup-predlift.ply,the20smaria_00600_vox10.ply,1.0,3.1028898809523797
LS-PCQA,APSIPA,tmc13_the20smaria_00600_vox10_dec_geom02_text02_trisoup-predlift.ply,the20smaria_00600_vox10.ply,1.5,3.559589285714285
LS-PCQA,APSIPA,tmc13_the20smaria_00600_vox10_dec_geom03_text03_trisoup-predlift.ply,the20smaria_00600_vox10.ply,1.5,3.9838125000000004
LS-PCQA,APSIPA,tmc13_the20smaria_00600_vox10_dec_geom04_text04_trisoup-predlift.ply,the20smaria_00600_vox10.ply,2.1,4.105119047619049
LS-PCQA,APSIPA,tmc13_the20smaria_00600_vox10_dec_geom05_text05_trisoup-predlift.ply,the20smaria_00600_vox10.ply,3.125,4.450425595238098
LS-PCQA,APSIPA,tmc13_the20smaria_00600_vox10_dec_geom06_text06_trisoup-predlift.ply,the20smaria_00600_vox10.ply,5.0,4.827327380952381
LS-PCQA,APSIPA,tmc13_the20smaria_00600_vox10_dec_geom01_text01_trisoup-raht.ply,the20smaria_00600_vox10.ply,1.0,2.757229166666666
LS-PCQA,APSIPA,tmc13_the20smaria_00600_vox10_dec_geom02_text02_trisoup-raht.ply,the20smaria_00600_vox10.ply,1.25,2.7982589285714288
LS-PCQA,APSIPA,tmc13_the20smaria_00600_vox10_dec_geom03_text03_trisoup-raht.ply,the20smaria_00600_vox10.ply,1.65,3.511151785714284
LS-PCQA,APSIPA,tmc13_the20smaria_00600_vox10_dec_geom04_text04_trisoup-raht.ply,the20smaria_00600_vox10.ply,1.65,4.0802619047619055
LS-PCQA,APSIPA,tmc13_the20smaria_00600_vox10_dec_geom05_text05_trisoup-raht.ply,the20smaria_00600_vox10.ply,2.675,4.39343154761905
LS-PCQA,APSIPA,tmc13_the20smaria_00600_vox10_dec_geom06_text06_trisoup-raht.ply,the20smaria_00600_vox10.ply,4.625,4.801160714285718
LS-PCQA,APSIPA,tmc2_the20smaria_00600_vox10_dec_geom01_text01.ply,the20smaria_00600_vox10.ply,1.525,3.68151488095238
LS-PCQA,APSIPA,tmc2_the20smaria_00600_vox10_dec_geom02_text02.ply,the20smaria_00600_vox10.ply,2.15,4.046982142857143
LS-PCQA,APSIPA,tmc2_the20smaria_00600_vox10_dec_geom03_text03.ply,the20smaria_00600_vox10.ply,3.4,4.356782738095241
LS-PCQA,APSIPA,tmc2_the20smaria_00600_vox10_dec_geom04_text04.ply,the20smaria_00600_vox10.ply,3.475,4.479014880952384
LS-PCQA,APSIPA,tmc2_the20smaria_00600_vox10_dec_geom05_text05.ply,the20smaria_00600_vox10.ply,3.45,4.540681547619048
LS-PCQA,ICIP2023,p03_geocnn_r01.ply,p03.ply,2.53448275862069,3.7077351190476184
LS-PCQA,ICIP2023,p03_geocnn_r02.ply,p03.ply,2.96551724137931,3.752767857142857
LS-PCQA,ICIP2023,p03_geocnn_r03.ply,p03.ply,3.65573770491803,3.8904672619047624
LS-PCQA,ICIP2023,p03_geocnn_r04.ply,p03.ply,3.44262295081967,3.917967261904763
LS-PCQA,ICIP2023,p03_gpcc-octree-predlift_r02.ply,p03.ply,1.54098360655738,2.8511607142857156
LS-PCQA,ICIP2023,p03_gpcc-octree-predlift_r03.ply,p03.ply,3.10344827586207,3.752630952380952
LS-PCQA,ICIP2023,p03_gpcc-octree-predlift_r04.ply,p03.ply,4.08474576271186,4.071098214285715
LS-PCQA,ICIP2023,p03_gpcc-octree-predlift_r05.ply,p03.ply,3.98333333333333,4.317818452380953
LS-PCQA,ICIP2023,p03_gpcc-octree-predlift_r06.ply,p03.ply,4.31666666666667,4.513877976190477
LS-PCQA,ICIP2023,p03_gpcc-octree-raht_r02.ply,p03.ply,1.57627118644068,2.7857113095238093
LS-PCQA,ICIP2023,p03_gpcc-octree-raht_r03.ply,p03.ply,2.88524590163934,3.6298244047619046
LS-PCQA,ICIP2023,p03_gpcc-octree-raht_r04.ply,p03.ply,3.85483870967742,3.9790863095238116
LS-PCQA,ICIP2023,p03_gpcc-octree-raht_r05.ply,p03.ply,4.29310344827586,4.348416666666669
LS-PCQA,ICIP2023,p03_gpcc-octree-raht_r06.ply,p03.ply,4.53333333333333,4.497982142857143
LS-PCQA,ICIP2023,p03_vpcc_r00.ply,p03.ply,2.22033898305085,3.5081101190476174
LS-PCQA,ICIP2023,p03_vpcc_r01.ply,p03.ply,2.90322580645161,3.6725892857142854
LS-PCQA,ICIP2023,p03_vpcc_r02.ply,p03.ply,2.98305084745763,3.721958333333332
LS-PCQA,ICIP2023,p03_vpcc_r03.ply,p03.ply,3.55,3.8665476190476173
LS-PCQA,ICIP2023,p03_vpcc_r04.ply,p03.ply,3.52542372881356,3.903830357142856
LS-PCQA,ICIP2023,p03_vpcc_r05.ply,p03.ply,3.77586206896552,3.991633928571428
LS-PCQA,ICIP2023,p06_geocnn_r01.ply,p06.ply,2.44262295081967,3.4513035714285705
LS-PCQA,ICIP2023,p06_geocnn_r02.ply,p06.ply,3.8,3.5134851190476195
LS-PCQA,ICIP2023,p06_geocnn_r03.ply,p06.ply,4.06666666666667,3.5042589285714296
LS-PCQA,ICIP2023,p06_geocnn_r04.ply,p06.ply,4.32786885245902,3.5546041666666675
LS-PCQA,ICIP2023,p06_gpcc-octree-predlift_r02.ply,p06.ply,1.89655172413793,2.5805654761904755
LS-PCQA,ICIP2023,p06_gpcc-octree-predlift_r03.ply,p06.ply,2.86440677966102,3.4913898809523793
LS-PCQA,ICIP2023,p06_gpcc-octree-predlift_r04.ply,p06.ply,3.70689655172414,3.760675595238094
LS-PCQA,ICIP2023,p06_gpcc-octree-predlift_r05.ply,p06.ply,4.21311475409836,4.2302767857142864
LS-PCQA,ICIP2023,p06_gpcc-octree-predlift_r06.ply,p06.ply,4.46666666666667,4.493502976190476
LS-PCQA,ICIP2023,p06_gpcc-octree-raht_r02.ply,p06.ply,1.89830508474576,2.5305744047619037
LS-PCQA,ICIP2023,p06_gpcc-octree-raht_r03.ply,p06.ply,2.47540983606557,3.413633928571428
LS-PCQA,ICIP2023,p06_gpcc-octree-raht_r04.ply,p06.ply,3.43548387096774,3.5506205357142835
LS-PCQA,ICIP2023,p06_gpcc-octree-raht_r05.ply,p06.ply,3.95,3.9330029761904752
LS-PCQA,ICIP2023,p06_gpcc-octree-raht_r06.ply,p06.ply,4.26229508196721,4.435657738095238
LS-PCQA,ICIP2023,p06_vpcc_r00.ply,p06.ply,2.35593220338983,3.0601428571428566
LS-PCQA,ICIP2023,p06_vpcc_r01.ply,p06.ply,2.8,3.2477723214285708
LS-PCQA,ICIP2023,p06_vpcc_r02.ply,p06.ply,3.08620689655172,3.4452827380952367
LS-PCQA,ICIP2023,p06_vpcc_r03.ply,p06.ply,3.16666666666667,3.4843764880952377
LS-PCQA,ICIP2023,p06_vpcc_r04.ply,p06.ply,3.66101694915254,3.6354494047619026
LS-PCQA,ICIP2023,p06_vpcc_r05.ply,p06.ply,4.0327868852459,3.9240476190476175
LS-PCQA,ICIP2023,p08_geocnn_r01.ply,p08.ply,2.40983606557377,3.4317589285714276
LS-PCQA,ICIP2023,p08_geocnn_r02.ply,p08.ply,3.66666666666667,3.596619047619048
LS-PCQA,ICIP2023,p08_geocnn_r03.ply,p08.ply,4.16393442622951,3.6984523809523817
LS-PCQA,ICIP2023,p08_geocnn_r04.ply,p08.ply,4.04838709677419,3.65482142857143
LS-PCQA,ICIP2023,p08_gpcc-octree-predlift_r02.ply,p08.ply,1.62068965517241,2.5328303571428568
LS-PCQA,ICIP2023,p08_gpcc-octree-predlift_r03.ply,p08.ply,2.94915254237288,3.5848556547619035
LS-PCQA,ICIP2023,p08_gpcc-octree-predlift_r04.ply,p08.ply,3.77966101694915,3.8318005952380942
LS-PCQA,ICIP2023,p08_gpcc-octree-predlift_r05.ply,p08.ply,4.2,3.857130952380952
LS-PCQA,ICIP2023,p08_gpcc-octree-predlift_r06.ply,p08.ply,4.39344262295082,4.435202380952381
LS-PCQA,ICIP2023,p08_gpcc-octree-raht_r02.ply,p08.ply,1.37931034482759,2.487821428571428
LS-PCQA,ICIP2023,p08_gpcc-octree-raht_r03.ply,p08.ply,2.6551724137931,3.516635416666666
LS-PCQA,ICIP2023,p08_gpcc-octree-raht_r04.ply,p08.ply,3.22950819672131,3.680730654761904
LS-PCQA,ICIP2023,p08_gpcc-octree-raht_r05.ply,p08.ply,4.13114754098361,3.9672500000000004
LS-PCQA,ICIP2023,p08_gpcc-octree-raht_r06.ply,p08.ply,4.40677966101695,4.387955357142858
LS-PCQA,ICIP2023,p08_vpcc_r00.ply,p08.ply,1.87931034482759,3.3862008928571434
LS-PCQA,ICIP2023,p08_vpcc_r01.ply,p08.ply,2.62068965517241,3.5837187499999987
LS-PCQA,ICIP2023,p08_vpcc_r02.ply,p08.ply,3.17741935483871,3.5678616071428575
LS-PCQA,ICIP2023,p08_vpcc_r03.ply,p08.ply,3.4,3.6428511904761898
LS-PCQA,ICIP2023,p08_vpcc_r04.ply,p08.ply,3.38709677419355,3.683211309523809
LS-PCQA,ICIP2023,p08_vpcc_r05.ply,p08.ply,3.91666666666667,3.9761845238095215
LS-PCQA,ICIP2023,p09_geocnn_r01.ply,p09.ply,2.0327868852459,3.923285714285713
LS-PCQA,ICIP2023,p09_geocnn_r02.ply,p09.ply,3.32786885245902,4.072964285714285
LS-PCQA,ICIP2023,p09_geocnn_r03.ply,p09.ply,4.01666666666667,4.1824345238095235
LS-PCQA,ICIP2023,p09_geocnn_r04.ply,p09.ply,3.51666666666667,4.188892857142858
LS-PCQA,ICIP2023,p09_gpcc-octree-predlift_r02.ply,p09.ply,1.48333333333333,3.2485625
LS-PCQA,ICIP2023,p09_gpcc-octree-predlift_r03.ply,p09.ply,2.50819672131148,3.9714910714285723
LS-PCQA,ICIP2023,p09_gpcc-octree-predlift_r04.ply,p09.ply,3.88524590163934,4.413776785714288
LS-PCQA,ICIP2023,p09_gpcc-octree-predlift_r05.ply,p09.ply,4.40350877192982,4.561497023809523
LS-PCQA,ICIP2023,p09_gpcc-octree-predlift_r06.ply,p09.ply,4.43548387096774,4.644005952380952
LS-PCQA,ICIP2023,p09_gpcc-octree-raht_r02.ply,p09.ply,1.37704918032787,3.1065863095238098
LS-PCQA,ICIP2023,p09_gpcc-octree-raht_r03.ply,p09.ply,2.26666666666667,3.9338422619047635
LS-PCQA,ICIP2023,p09_gpcc-octree-raht_r04.ply,p09.ply,3.79310344827586,4.293196428571431
LS-PCQA,ICIP2023,p09_gpcc-octree-raht_r05.ply,p09.ply,4.27868852459016,4.518830357142858
LS-PCQA,ICIP2023,p09_gpcc-octree-raht_r06.ply,p09.ply,4.57377049180328,4.588532738095236
LS-PCQA,ICIP2023,p09_vpcc_r00.ply,p09.ply,1.6271186440678,3.650275297619047
LS-PCQA,ICIP2023,p09_vpcc_r01.ply,p09.ply,2.27118644067797,3.765654761904761
LS-PCQA,ICIP2023,p09_vpcc_r02.ply,p09.ply,2.56666666666667,3.8568720238095238
LS-PCQA,ICIP2023,p09_vpcc_r03.ply,p09.ply,2.77049180327869,4.0175535714285715
LS-PCQA,ICIP2023,p09_vpcc_r04.ply,p09.ply,3.52459016393443,4.185895833333335
LS-PCQA,ICIP2023,p09_vpcc_r05.ply,p09.ply,3.38709677419355,4.450761904761906
LS-PCQA,ICIP2023,p10_geocnn_r01.ply,p10.ply,2.80327868852459,3.9799285714285695
LS-PCQA,ICIP2023,p10_geocnn_r02.ply,p10.ply,3.66101694915254,4.106651785714286
LS-PCQA,ICIP2023,p10_geocnn_r03.ply,p10.ply,3.93220338983051,4.186383928571428
LS-PCQA,ICIP2023,p10_geocnn_r04.ply,p10.ply,4.0,4.2075119047619065
LS-PCQA,ICIP2023,p10_gpcc-octree-predlift_r02.ply,p10.ply,1.73770491803279,3.230446428571428
LS-PCQA,ICIP2023,p10_gpcc-octree-predlift_r03.ply,p10.ply,3.26229508196721,3.9445565476190474
LS-PCQA,ICIP2023,p10_gpcc-octree-predlift_r04.ply,p10.ply,4.11475409836066,4.424738095238097
LS-PCQA,ICIP2023,p10_gpcc-octree-predlift_r05.ply,p10.ply,4.45762711864407,4.592720238095239
LS-PCQA,ICIP2023,p10_gpcc-octree-predlift_r06.ply,p10.ply,4.49180327868853,4.617979166666668
LS-PCQA,ICIP2023,p10_gpcc-octree-raht_r02.ply,p10.ply,1.74576271186441,3.1659761904761905
LS-PCQA,ICIP2023,p10_gpcc-octree-raht_r03.ply,p10.ply,2.7,3.893107142857143
LS-PCQA,ICIP2023,p10_gpcc-octree-raht_r04.ply,p10.ply,3.93333333333333,4.277994047619049
LS-PCQA,ICIP2023,p10_gpcc-octree-raht_r05.ply,p10.ply,4.24590163934426,4.588482142857143
LS-PCQA,ICIP2023,p10_gpcc-octree-raht_r06.ply,p10.ply,4.48333333333333,4.575145833333334
LS-PCQA,ICIP2023,p10_vpcc_r00.ply,p10.ply,2.25,3.7159642857142847
LS-PCQA,ICIP2023,p10_vpcc_r01.ply,p10.ply,2.69354838709677,3.736497023809523
LS-PCQA,ICIP2023,p10_vpcc_r02.ply,p10.ply,2.91666666666667,3.971154761904761
LS-PCQA,ICIP2023,p10_vpcc_r03.ply,p10.ply,3.33898305084746,4.146142857142859
LS-PCQA,ICIP2023,p10_vpcc_r04.ply,p10.ply,3.85,4.325404761904761
LS-PCQA,ICIP2023,p10_vpcc_r05.ply,p10.ply,3.66101694915254,4.3366041666666675
LS-PCQA,ICIP2023,p11_geocnn_r01.ply,p11.ply,3.85245901639344,4.2032886904761915
LS-PCQA,ICIP2023,p11_geocnn_r02.ply,p11.ply,4.50847457627119,4.2311160714285725
LS-PCQA,ICIP2023,p11_geocnn_r03.ply,p11.ply,4.50847457627119,4.267273809523811
LS-PCQA,ICIP2023,p11_geocnn_r04.ply,p11.ply,4.53333333333333,4.283416666666668
LS-PCQA,ICIP2023,p11_gpcc-octree-predlift_r02.ply,p11.ply,1.2741935483871,2.5024285714285712
LS-PCQA,ICIP2023,p11_gpcc-octree-predlift_r03.ply,p11.ply,2.55737704918033,3.220613095238095
LS-PCQA,ICIP2023,p11_gpcc-octree-predlift_r04.ply,p11.ply,3.88135593220339,3.8071845238095263
LS-PCQA,ICIP2023,p11_gpcc-octree-predlift_r05.ply,p11.ply,4.31147540983607,4.290702380952382
LS-PCQA,ICIP2023,p11_gpcc-octree-predlift_r06.ply,p11.ply,4.58333333333333,4.445729166666668
LS-PCQA,ICIP2023,p11_gpcc-octree-raht_r02.ply,p11.ply,1.34426229508197,2.5147261904761904
LS-PCQA,ICIP2023,p11_gpcc-octree-raht_r03.ply,p11.ply,2.26666666666667,3.2053988095238095
LS-PCQA,ICIP2023,p11_gpcc-octree-raht_r04.ply,p11.ply,3.5,3.8428660714285705
LS-PCQA,ICIP2023,p11_gpcc-octree-raht_r05.ply,p11.ply,4.18032786885246,4.327494047619048
LS-PCQA,ICIP2023,p11_gpcc-octree-raht_r06.ply,p11.ply,4.65,4.465502976190478
LS-PCQA,ICIP2023,p11_vpcc_r00.ply,p11.ply,1.50819672131148,3.3929002976190463
LS-PCQA,ICIP2023,p11_vpcc_r01.ply,p11.ply,2.36666666666667,3.7702380952380934
LS-PCQA,ICIP2023,p11_vpcc_r02.ply,p11.ply,3.04918032786885,3.9217499999999994
LS-PCQA,ICIP2023,p11_vpcc_r03.ply,p11.ply,3.96551724137931,4.231800595238096
LS-PCQA,ICIP2023,p11_vpcc_r04.ply,p11.ply,4.52459016393443,4.499449404761906
LS-PCQA,ICIP2023,p11_vpcc_r05.ply,p11.ply,4.73333333333333,4.594827380952383
LS-PCQA,ICIP2023,p13_geocnn_r01.ply,p13.ply,4.34426229508197,4.279497023809527
LS-PCQA,ICIP2023,p13_geocnn_r02.ply,p13.ply,4.73684210526316,4.311380952380953
LS-PCQA,ICIP2023,p13_geocnn_r03.ply,p13.ply,4.40322580645161,4.314910714285715
LS-PCQA,ICIP2023,p13_geocnn_r04.ply,p13.ply,4.73770491803279,4.3309910714285715
LS-PCQA,ICIP2023,p13_gpcc-octree-predlift_r02.ply,p13.ply,1.20689655172414,2.7030059523809524
LS-PCQA,ICIP2023,p13_gpcc-octree-predlift_r03.ply,p13.ply,2.8135593220339,3.5043601190476177
LS-PCQA,ICIP2023,p13_gpcc-octree-predlift_r04.ply,p13.ply,4.19354838709677,4.340764880952381
LS-PCQA,ICIP2023,p13_gpcc-octree-predlift_r05.ply,p13.ply,4.3,4.377148809523812
LS-PCQA,ICIP2023,p13_gpcc-octree-predlift_r06.ply,p13.ply,4.64516129032258,4.4498750000000005
LS-PCQA,ICIP2023,p13_gpcc-octree-raht_r02.ply,p13.ply,1.39344262295082,2.6099851190476198
LS-PCQA,ICIP2023,p13_gpcc-octree-raht_r03.ply,p13.ply,2.09836065573771,3.379255952380952
LS-PCQA,ICIP2023,p13_gpcc-octree-raht_r04.ply,p13.ply,3.68852459016394,4.322693452380953
LS-PCQA,ICIP2023,p13_gpcc-octree-raht_r05.ply,p13.ply,4.24590163934426,4.387607142857143
LS-PCQA,ICIP2023,p13_gpcc-octree-raht_r06.ply,p13.ply,4.58620689655172,4.4907738095238106
LS-PCQA,ICIP2023,p13_vpcc_r00.ply,p13.ply,2.09677419354839,3.6755863095238097
LS-PCQA,ICIP2023,p13_vpcc_r01.ply,p13.ply,2.69354838709677,4.396562500000001
LS-PCQA,ICIP2023,p13_vpcc_r02.ply,p13.ply,3.68852459016394,4.33185119047619
LS-PCQA,ICIP2023,p13_vpcc_r03.ply,p13.ply,4.08620689655172,4.483559523809523
LS-PCQA,ICIP2023,p13_vpcc_r04.ply,p13.ply,4.57377049180328,4.570767857142857
LS-PCQA,ICIP2023,p13_vpcc_r05.ply,p13.ply,4.70491803278689,4.619705357142857
LS-PCQA,ICIP2023,p14_geocnn_r01.ply,p14.ply,4.0,4.429729166666668
LS-PCQA,ICIP2023,p14_geocnn_r02.ply,p14.ply,4.37704918032787,4.475895833333334
LS-PCQA,ICIP2023,p14_geocnn_r03.ply,p14.ply,4.36065573770492,4.506461309523811
LS-PCQA,ICIP2023,p14_geocnn_r04.ply,p14.ply,4.66101694915254,4.507913690476192
LS-PCQA,ICIP2023,p14_gpcc-octree-predlift_r02.ply,p14.ply,1.6,2.9039464285714276
LS-PCQA,ICIP2023,p14_gpcc-octree-predlift_r03.ply,p14.ply,2.70491803278689,3.7136577380952374
LS-PCQA,ICIP2023,p14_gpcc-octree-predlift_r04.ply,p14.ply,4.28333333333333,4.3135505952380955
LS-PCQA,ICIP2023,p14_gpcc-octree-predlift_r05.ply,p14.ply,4.41379310344828,4.435437500000002
LS-PCQA,ICIP2023,p14_gpcc-octree-predlift_r06.ply,p14.ply,4.67213114754098,4.520568452380953
LS-PCQA,ICIP2023,p14_gpcc-octree-raht_r02.ply,p14.ply,1.21311475409836,2.806877976190475
LS-PCQA,ICIP2023,p14_gpcc-octree-raht_r03.ply,p14.ply,2.2258064516129,3.7599553571428572
LS-PCQA,ICIP2023,p14_gpcc-octree-raht_r04.ply,p14.ply,4.01612903225806,4.253351190476191
LS-PCQA,ICIP2023,p14_gpcc-octree-raht_r05.ply,p14.ply,4.40983606557377,4.452818452380955
LS-PCQA,ICIP2023,p14_gpcc-octree-raht_r06.ply,p14.ply,4.6271186440678,4.512482142857144
LS-PCQA,ICIP2023,p14_vpcc_r00.ply,p14.ply,2.01612903225806,3.8731666666666653
LS-PCQA,ICIP2023,p14_vpcc_r01.ply,p14.ply,2.88135593220339,4.274020833333331
LS-PCQA,ICIP2023,p14_vpcc_r02.ply,p14.ply,4.0327868852459,4.392294642857144
LS-PCQA,ICIP2023,p14_vpcc_r03.ply,p14.ply,4.50847457627119,4.485577380952382
LS-PCQA,ICIP2023,p14_vpcc_r04.ply,p14.ply,4.59016393442623,4.601693452380954
LS-PCQA,ICIP2023,p14_vpcc_r05.ply,p14.ply,4.68333333333333,4.643842261904762
LS-PCQA,ICIP2023,p15_geocnn_r01.ply,p15.ply,3.8,4.211306547619049
LS-PCQA,ICIP2023,p15_geocnn_r02.ply,p15.ply,4.20689655172414,4.268726190476192
LS-PCQA,ICIP2023,p15_geocnn_r03.ply,p15.ply,4.42372881355932,4.249488095238096
LS-PCQA,ICIP2023,p15_geocnn_r04.ply,p15.ply,4.61904761904762,4.244315476190477
LS-PCQA,ICIP2023,p15_gpcc-octree-predlift_r02.ply,p15.ply,1.27868852459016,2.5934821428571415
LS-PCQA,ICIP2023,p15_gpcc-octree-predlift_r03.ply,p15.ply,2.69491525423729,3.344901785714285
LS-PCQA,ICIP2023,p15_gpcc-octree-predlift_r04.ply,p15.ply,3.78333333333333,3.859845238095238
LS-PCQA,ICIP2023,p15_gpcc-octree-predlift_r05.ply,p15.ply,4.13559322033898,4.352818452380953
LS-PCQA,ICIP2023,p15_gpcc-octree-predlift_r06.ply,p15.ply,4.33333333333333,4.467026785714287
LS-PCQA,ICIP2023,p15_gpcc-octree-raht_r02.ply,p15.ply,1.12068965517241,2.5636011904761897
LS-PCQA,ICIP2023,p15_gpcc-octree-raht_r03.ply,p15.ply,2.0,3.282300595238094
LS-PCQA,ICIP2023,p15_gpcc-octree-raht_r04.ply,p15.ply,3.79310344827586,3.828154761904761
LS-PCQA,ICIP2023,p15_gpcc-octree-raht_r05.ply,p15.ply,4.21666666666667,4.374892857142857
LS-PCQA,ICIP2023,p15_gpcc-octree-raht_r06.ply,p15.ply,4.34426229508197,4.482255952380953
LS-PCQA,ICIP2023,p15_vpcc_r00.ply,p15.ply,1.81666666666667,3.3851845238095226
LS-PCQA,ICIP2023,p15_vpcc_r01.ply,p15.ply,2.54098360655738,3.7779255952380932
LS-PCQA,ICIP2023,p15_vpcc_r02.ply,p15.ply,3.36507936507937,4.031949404761904
LS-PCQA,ICIP2023,p15_vpcc_r03.ply,p15.ply,3.88333333333333,4.451690476190478
LS-PCQA,ICIP2023,p15_vpcc_r04.ply,p15.ply,4.51612903225806,4.5253869047619055
LS-PCQA,ICIP2023,p15_vpcc_r05.ply,p15.ply,4.47540983606557,4.583327380952382
LS-PCQA,ICIP2023,p20_geocnn_r01.ply,p20.ply,3.75,3.876607142857143
LS-PCQA,ICIP2023,p20_geocnn_r02.ply,p20.ply,4.30645161290323,3.9255714285714287
LS-PCQA,ICIP2023,p20_geocnn_r03.ply,p20.ply,4.41666666666667,4.053767857142857
LS-PCQA,ICIP2023,p20_geocnn_r04.ply,p20.ply,4.42372881355932,4.036404761904762
LS-PCQA,ICIP2023,p20_gpcc-octree-predlift_r02.ply,p20.ply,1.72881355932203,2.5461845238095235
LS-PCQA,ICIP2023,p20_gpcc-octree-predlift_r03.ply,p20.ply,2.58064516129032,3.007211309523809
LS-PCQA,ICIP2023,p20_gpcc-octree-predlift_r04.ply,p20.ply,3.94915254237288,3.182083333333332
LS-PCQA,ICIP2023,p20_gpcc-octree-predlift_r05.ply,p20.ply,4.45161290322581,4.145892857142858
LS-PCQA,ICIP2023,p20_gpcc-octree-predlift_r06.ply,p20.ply,4.54237288135593,4.47302380952381
LS-PCQA,ICIP2023,p20_gpcc-octree-raht_r02.ply,p20.ply,1.5,2.550907738095237
LS-PCQA,ICIP2023,p20_gpcc-octree-raht_r03.ply,p20.ply,2.66666666666667,3.013217261904761
LS-PCQA,ICIP2023,p20_gpcc-octree-raht_r04.ply,p20.ply,3.76271186440678,3.170297619047618
LS-PCQA,ICIP2023,p20_gpcc-octree-raht_r05.ply,p20.ply,4.36065573770492,4.101428571428572
LS-PCQA,ICIP2023,p20_gpcc-octree-raht_r06.ply,p20.ply,4.58333333333333,4.416994047619049
LS-PCQA,ICIP2023,p20_vpcc_r00.ply,p20.ply,2.08064516129032,2.8627499999999997
LS-PCQA,ICIP2023,p20_vpcc_r01.ply,p20.ply,2.42622950819672,2.883241071428571
LS-PCQA,ICIP2023,p20_vpcc_r02.ply,p20.ply,3.04918032786885,3.239130952380951
LS-PCQA,ICIP2023,p20_vpcc_r03.ply,p20.ply,3.63333333333333,3.8156458333333325
LS-PCQA,ICIP2023,p20_vpcc_r04.ply,p20.ply,4.13333333333333,4.409065476190476
LS-PCQA,ICIP2023,p20_vpcc_r05.ply,p20.ply,4.66101694915254,4.544098214285716
LS-PCQA,ICIP2023,p21_geocnn_r01.ply,p21.ply,4.0,4.255895833333335
LS-PCQA,ICIP2023,p21_geocnn_r02.ply,p21.ply,4.39344262295082,4.249663690476191
LS-PCQA,ICIP2023,p21_geocnn_r03.ply,p21.ply,4.4406779661017,4.302699404761905
LS-PCQA,ICIP2023,p21_geocnn_r04.ply,p21.ply,4.72413793103448,4.304116071428572
LS-PCQA,ICIP2023,p21_gpcc-octree-predlift_r02.ply,p21.ply,1.80327868852459,2.925622023809524
LS-PCQA,ICIP2023,p21_gpcc-octree-predlift_r03.ply,p21.ply,2.75806451612903,3.6672857142857125
LS-PCQA,ICIP2023,p21_gpcc-octree-predlift_r04.ply,p21.ply,4.26666666666667,4.345360119047619
LS-PCQA,ICIP2023,p21_gpcc-octree-predlift_r05.ply,p21.ply,4.57377049180328,4.469958333333334
LS-PCQA,ICIP2023,p21_gpcc-octree-predlift_r06.ply,p21.ply,4.7,4.504764880952383
LS-PCQA,ICIP2023,p21_gpcc-octree-raht_r02.ply,p21.ply,1.75409836065574,2.942961309523809
LS-PCQA,ICIP2023,p21_gpcc-octree-raht_r03.ply,p21.ply,2.98275862068966,3.600934523809522
LS-PCQA,ICIP2023,p21_gpcc-octree-raht_r04.ply,p21.ply,3.9,4.237395833333333
LS-PCQA,ICIP2023,p21_gpcc-octree-raht_r05.ply,p21.ply,4.52542372881356,4.487333333333335
LS-PCQA,ICIP2023,p21_gpcc-octree-raht_r06.ply,p21.ply,4.71666666666667,4.5168958333333356
LS-PCQA,ICIP2023,p21_vpcc_r00.ply,p21.ply,2.3728813559322,3.445413690476188
LS-PCQA,ICIP2023,p21_vpcc_r01.ply,p21.ply,3.01639344262295,3.795749999999998
LS-PCQA,ICIP2023,p21_vpcc_r02.ply,p21.ply,3.58620689655172,4.23616369047619
LS-PCQA,ICIP2023,p21_vpcc_r03.ply,p21.ply,4.21666666666667,4.4719732142857165
LS-PCQA,ICIP2023,p21_vpcc_r04.ply,p21.ply,4.71666666666667,4.526901785714285
LS-PCQA,ICIP2023,p21_vpcc_r05.ply,p21.ply,4.78688524590164,4.597577380952382
LS-PCQA,ICIP2023,p22_geocnn_r01.ply,p22.ply,3.91525423728814,3.9754107142857165
LS-PCQA,ICIP2023,p22_geocnn_r02.ply,p22.ply,4.6,4.138095238095239
LS-PCQA,ICIP2023,p22_geocnn_r03.ply,p22.ply,4.71666666666667,4.1376011904761905
LS-PCQA,ICIP2023,p22_geocnn_r04.ply,p22.ply,4.79310344827586,4.119702380952382
LS-PCQA,ICIP2023,p22_gpcc-octree-predlift_r02.ply,p22.ply,1.53448275862069,2.4945327380952382
LS-PCQA,ICIP2023,p22_gpcc-octree-predlift_r03.ply,p22.ply,3.09677419354839,2.76425892857143
LS-PCQA,ICIP2023,p22_gpcc-octree-predlift_r04.ply,p22.ply,4.45,3.4449672619047624
LS-PCQA,ICIP2023,p22_gpcc-octree-predlift_r05.ply,p22.ply,4.56896551724138,3.8235654761904776
LS-PCQA,ICIP2023,p22_gpcc-octree-predlift_r06.ply,p22.ply,4.70689655172414,4.393669642857143
LS-PCQA,ICIP2023,p22_gpcc-octree-raht_r02.ply,p22.ply,1.4,2.472770833333334
LS-PCQA,ICIP2023,p22_gpcc-octree-raht_r03.ply,p22.ply,2.63934426229508,2.7798898809523807
LS-PCQA,ICIP2023,p22_gpcc-octree-raht_r04.ply,p22.ply,4.41379310344828,3.455160714285715
LS-PCQA,ICIP2023,p22_gpcc-octree-raht_r05.ply,p22.ply,4.59016393442623,3.7090863095238102
LS-PCQA,ICIP2023,p22_gpcc-octree-raht_r06.ply,p22.ply,4.66129032258065,4.379580357142857
LS-PCQA,ICIP2023,p22_vpcc_r00.ply,p22.ply,2.03333333333333,3.0881249999999993
LS-PCQA,ICIP2023,p22_vpcc_r01.ply,p22.ply,2.72131147540984,3.216749999999999
LS-PCQA,ICIP2023,p22_vpcc_r02.ply,p22.ply,3.73333333333333,3.790318452380951
LS-PCQA,ICIP2023,p22_vpcc_r03.ply,p22.ply,4.6,4.065994047619046
LS-PCQA,ICIP2023,p22_vpcc_r04.ply,p22.ply,4.7,4.323360119047621
LS-PCQA,ICIP2023,p22_vpcc_r05.ply,p22.ply,4.66129032258065,4.549300595238094
LS-PCQA,ICIP2023,p23_geocnn_r01.ply,p23.ply,4.15,4.215696428571431
LS-PCQA,ICIP2023,p23_geocnn_r02.ply,p23.ply,4.62295081967213,4.254449404761907
LS-PCQA,ICIP2023,p23_geocnn_r03.ply,p23.ply,4.42622950819672,4.295872023809525
LS-PCQA,ICIP2023,p23_geocnn_r04.ply,p23.ply,4.77966101694915,4.288610119047621
LS-PCQA,ICIP2023,p23_gpcc-octree-predlift_r02.ply,p23.ply,2.22033898305085,2.8220386904761905
LS-PCQA,ICIP2023,p23_gpcc-octree-predlift_r03.ply,p23.ply,3.3728813559322,3.751386904761907
LS-PCQA,ICIP2023,p23_gpcc-octree-predlift_r04.ply,p23.ply,4.60655737704918,4.374497023809522
LS-PCQA,ICIP2023,p23_gpcc-octree-predlift_r05.ply,p23.ply,4.70491803278689,4.4243898809523845
LS-PCQA,ICIP2023,p23_gpcc-octree-predlift_r06.ply,p23.ply,4.57377049180328,4.467520833333335
LS-PCQA,ICIP2023,p23_gpcc-octree-raht_r02.ply,p23.ply,1.72131147540984,2.772113095238095
LS-PCQA,ICIP2023,p23_gpcc-octree-raht_r03.ply,p23.ply,3.16949152542373,3.603857142857143
LS-PCQA,ICIP2023,p23_gpcc-octree-raht_r04.ply,p23.ply,4.53448275862069,4.374687499999998
LS-PCQA,ICIP2023,p23_gpcc-octree-raht_r05.ply,p23.ply,4.60655737704918,4.4683452380952415
LS-PCQA,ICIP2023,p23_gpcc-octree-raht_r06.ply,p23.ply,4.74193548387097,4.4807113095238105
LS-PCQA,ICIP2023,p23_vpcc_r00.ply,p23.ply,2.41666666666667,3.299872023809523
LS-PCQA,ICIP2023,p23_vpcc_r01.ply,p23.ply,3.32758620689655,3.9299375
LS-PCQA,ICIP2023,p23_vpcc_r02.ply,p23.ply,3.95,4.3731101190476185
LS-PCQA,ICIP2023,p23_vpcc_r03.ply,p23.ply,4.36065573770492,4.430684523809523
LS-PCQA,ICIP2023,p23_vpcc_r04.ply,p23.ply,4.77049180327869,4.478574404761905
LS-PCQA,ICIP2023,p23_vpcc_r05.ply,p23.ply,4.49180327868853,4.569830357142859
LS-PCQA,ICIP2023,p24_geocnn_r01.ply,p24.ply,4.23728813559322,4.260062500000001
LS-PCQA,ICIP2023,p24_geocnn_r02.ply,p24.ply,4.55737704918033,4.22428273809524
LS-PCQA,ICIP2023,p24_geocnn_r03.ply,p24.ply,4.55932203389831,4.19055654761905
LS-PCQA,ICIP2023,p24_geocnn_r04.ply,p24.ply,4.65573770491803,4.159366071428574
LS-PCQA,ICIP2023,p24_gpcc-octree-predlift_r02.ply,p24.ply,1.57377049180328,2.8293690476190476
LS-PCQA,ICIP2023,p24_gpcc-octree-predlift_r03.ply,p24.ply,2.91666666666667,3.4414226190476187
LS-PCQA,ICIP2023,p24_gpcc-octree-predlift_r04.ply,p24.ply,4.16393442622951,4.268976190476191
LS-PCQA,ICIP2023,p24_gpcc-octree-predlift_r05.ply,p24.ply,4.52459016393443,4.4386220238095255
LS-PCQA,ICIP2023,p24_gpcc-octree-predlift_r06.ply,p24.ply,4.55737704918033,4.486529761904763
LS-PCQA,ICIP2023,p24_gpcc-octree-raht_r02.ply,p24.ply,1.35,2.791327380952381
LS-PCQA,ICIP2023,p24_gpcc-octree-raht_r03.ply,p24.ply,2.44262295081967,3.165541666666667
LS-PCQA,ICIP2023,p24_gpcc-octree-raht_r04.ply,p24.ply,3.72131147540984,4.172479166666667
LS-PCQA,ICIP2023,p24_gpcc-octree-raht_r05.ply,p24.ply,4.4,4.4539196428571435
LS-PCQA,ICIP2023,p24_gpcc-octree-raht_r06.ply,p24.ply,4.65573770491803,4.487928571428573
LS-PCQA,ICIP2023,p24_vpcc_r00.ply,p24.ply,1.80327868852459,3.1158020833333326
LS-PCQA,ICIP2023,p24_vpcc_r01.ply,p24.ply,2.41666666666667,3.2529092261904746
LS-PCQA,ICIP2023,p24_vpcc_r02.ply,p24.ply,3.06779661016949,3.868791666666665
LS-PCQA,ICIP2023,p24_vpcc_r03.ply,p24.ply,4.12068965517241,4.335663690476192
LS-PCQA,ICIP2023,p24_vpcc_r04.ply,p24.ply,4.4,4.513035714285717
LS-PCQA,ICIP2023,p24_vpcc_r05.ply,p24.ply,4.58333333333333,4.5359136904761925
LS-PCQA,ICIP2023,p25_geocnn_r01.ply,p25.ply,4.40983606557377,4.31603273809524
LS-PCQA,ICIP2023,p25_geocnn_r02.ply,p25.ply,4.55737704918033,4.3317440476190505
LS-PCQA,ICIP2023,p25_geocnn_r03.ply,p25.ply,4.72131147540984,4.383327380952384
LS-PCQA,ICIP2023,p25_geocnn_r04.ply,p25.ply,4.62903225806452,4.419157738095239
LS-PCQA,ICIP2023,p25_gpcc-octree-predlift_r02.ply,p25.ply,1.65573770491803,2.9314404761904758
LS-PCQA,ICIP2023,p25_gpcc-octree-predlift_r03.ply,p25.ply,3.04918032786885,3.49176488095238
LS-PCQA,ICIP2023,p25_gpcc-octree-predlift_r04.ply,p25.ply,4.27586206896552,4.3905714285714295
LS-PCQA,ICIP2023,p25_gpcc-octree-predlift_r05.ply,p25.ply,4.55,4.537014880952383
LS-PCQA,ICIP2023,p25_gpcc-octree-predlift_r06.ply,p25.ply,4.70967741935484,4.538032738095239
LS-PCQA,ICIP2023,p25_gpcc-octree-raht_r02.ply,p25.ply,1.56666666666667,2.864877976190475
LS-PCQA,ICIP2023,p25_gpcc-octree-raht_r03.ply,p25.ply,2.70491803278689,3.423898809523809
LS-PCQA,ICIP2023,p25_gpcc-octree-raht_r04.ply,p25.ply,4.0,4.293720238095237
LS-PCQA,ICIP2023,p25_gpcc-octree-raht_r05.ply,p25.ply,4.48333333333333,4.508247023809525
LS-PCQA,ICIP2023,p25_gpcc-octree-raht_r06.ply,p25.ply,4.81967213114754,4.512351190476193
LS-PCQA,ICIP2023,p25_vpcc_r00.ply,p25.ply,2.05172413793103,3.088345238095237
LS-PCQA,ICIP2023,p25_vpcc_r01.ply,p25.ply,2.60344827586207,3.3814345238095225
LS-PCQA,ICIP2023,p25_vpcc_r02.ply,p25.ply,3.40983606557377,3.975913690476189
LS-PCQA,ICIP2023,p25_vpcc_r03.ply,p25.ply,4.29310344827586,4.458074404761906
LS-PCQA,ICIP2023,p25_vpcc_r04.ply,p25.ply,4.63333333333333,4.532116071428572
LS-PCQA,ICIP2023,p25_vpcc_r05.ply,p25.ply,4.68852459016394,4.557324404761907
LS-PCQA,ICIP2023,p26_geocnn_r01.ply,p26.ply,3.49152542372881,4.152116071428573
LS-PCQA,ICIP2023,p26_geocnn_r02.ply,p26.ply,3.76666666666667,4.207669642857144
LS-PCQA,ICIP2023,p26_geocnn_r03.ply,p26.ply,4.01639344262295,4.187755952380952
LS-PCQA,ICIP2023,p26_geocnn_r04.ply,p26.ply,4.2741935483871,4.284845238095239
LS-PCQA,ICIP2023,p26_gpcc-octree-predlift_r02.ply,p26.ply,1.33333333333333,2.605738095238094
LS-PCQA,ICIP2023,p26_gpcc-octree-predlift_r03.ply,p26.ply,2.67796610169492,3.2498720238095227
LS-PCQA,ICIP2023,p26_gpcc-octree-predlift_r04.ply,p26.ply,4.11475409836066,3.9188065476190475
LS-PCQA,ICIP2023,p26_gpcc-octree-predlift_r05.ply,p26.ply,4.42372881355932,4.429571428571431
LS-PCQA,ICIP2023,p26_gpcc-octree-predlift_r06.ply,p26.ply,4.60344827586207,4.5263035714285715
LS-PCQA,ICIP2023,p26_gpcc-octree-raht_r02.ply,p26.ply,1.13793103448276,2.5142857142857142
LS-PCQA,ICIP2023,p26_gpcc-octree-raht_r03.ply,p26.ply,2.04918032786885,3.1671994047619045
LS-PCQA,ICIP2023,p26_gpcc-octree-raht_r04.ply,p26.ply,3.91666666666667,3.497005952380953
LS-PCQA,ICIP2023,p26_gpcc-octree-raht_r05.ply,p26.ply,4.53333333333333,4.3911636904761915
LS-PCQA,ICIP2023,p26_gpcc-octree-raht_r06.ply,p26.ply,4.55,4.559392857142857
LS-PCQA,ICIP2023,p26_vpcc_r00.ply,p26.ply,1.88524590163934,2.9007083333333328
LS-PCQA,ICIP2023,p26_vpcc_r01.ply,p26.ply,2.9344262295082,3.2591845238095245
LS-PCQA,ICIP2023,p26_vpcc_r02.ply,p26.ply,3.48333333333333,3.6816101190476176
LS-PCQA,ICIP2023,p26_vpcc_r03.ply,p26.ply,4.13114754098361,4.120452380952382
LS-PCQA,ICIP2023,p26_vpcc_r04.ply,p26.ply,4.61666666666667,4.587434523809524
LS-PCQA,ICIP2023,p26_vpcc_r05.ply,p26.ply,4.63793103448276,4.614875000000001
LS-PCQA,ICIP2023,p27_geocnn_r01.ply,p27.ply,3.51666666666667,3.832086309523809
LS-PCQA,ICIP2023,p27_geocnn_r02.ply,p27.ply,4.45901639344262,3.8794702380952386
LS-PCQA,ICIP2023,p27_geocnn_r03.ply,p27.ply,4.44827586206897,3.918017857142857
LS-PCQA,ICIP2023,p27_geocnn_r04.ply,p27.ply,4.62295081967213,3.935232142857142
LS-PCQA,ICIP2023,p27_gpcc-octree-predlift_r02.ply,p27.ply,1.38983050847458,2.3318273809523817
LS-PCQA,ICIP2023,p27_gpcc-octree-predlift_r03.ply,p27.ply,3.12903225806452,2.812845238095238
LS-PCQA,ICIP2023,p27_gpcc-octree-predlift_r04.ply,p27.ply,4.39655172413793,3.2199821428571425
LS-PCQA,ICIP2023,p27_gpcc-octree-predlift_r05.ply,p27.ply,4.49152542372881,3.7987321428571423
LS-PCQA,ICIP2023,p27_gpcc-octree-predlift_r06.ply,p27.ply,4.51666666666667,4.396074404761905
LS-PCQA,ICIP2023,p27_gpcc-octree-raht_r02.ply,p27.ply,1.22033898305085,2.2710505952380964
LS-PCQA,ICIP2023,p27_gpcc-octree-raht_r03.ply,p27.ply,2.88135593220339,2.765991071428571
LS-PCQA,ICIP2023,p27_gpcc-octree-raht_r04.ply,p27.ply,3.87931034482759,3.2373779761904746
LS-PCQA,ICIP2023,p27_gpcc-octree-raht_r05.ply,p27.ply,4.64516129032258,3.8056279761904754
LS-PCQA,ICIP2023,p27_gpcc-octree-raht_r06.ply,p27.ply,4.56666666666667,4.364735119047619
LS-PCQA,ICIP2023,p27_vpcc_r00.ply,p27.ply,2.71186440677966,2.9954553571428573
LS-PCQA,ICIP2023,p27_vpcc_r01.ply,p27.ply,3.38333333333333,3.3106755952380937
LS-PCQA,ICIP2023,p27_vpcc_r02.ply,p27.ply,3.9016393442623,3.804532738095237
LS-PCQA,ICIP2023,p27_vpcc_r03.ply,p27.ply,4.41379310344828,4.232767857142857
LS-PCQA,ICIP2023,p27_vpcc_r04.ply,p27.ply,4.59677419354839,4.43224404761905
LS-PCQA,ICIP2023,p27_vpcc_r05.ply,p27.ply,4.57627118644068,4.417366071428572
LS-PCQA,ICIP2023,p28_geocnn_r01.ply,p28.ply,4.0327868852459,4.155803571428573
LS-PCQA,ICIP2023,p28_geocnn_r02.ply,p28.ply,4.38333333333333,4.270538690476192
LS-PCQA,ICIP2023,p28_geocnn_r03.ply,p28.ply,4.56666666666667,4.27047023809524
LS-PCQA,ICIP2023,p28_geocnn_r04.ply,p28.ply,4.65,4.266791666666668
LS-PCQA,ICIP2023,p28_gpcc-octree-predlift_r02.ply,p28.ply,1.33898305084746,2.5674077380952376
LS-PCQA,ICIP2023,p28_gpcc-octree-predlift_r03.ply,p28.ply,3.21311475409836,3.1185089285714294
LS-PCQA,ICIP2023,p28_gpcc-octree-predlift_r04.ply,p28.ply,4.33898305084746,3.7576964285714274
LS-PCQA,ICIP2023,p28_gpcc-octree-predlift_r05.ply,p28.ply,4.67741935483871,4.091333333333336
LS-PCQA,ICIP2023,p28_gpcc-octree-predlift_r06.ply,p28.ply,4.75409836065574,4.424517857142858
LS-PCQA,ICIP2023,p28_gpcc-octree-raht_r02.ply,p28.ply,1.26666666666667,2.5126785714285718
LS-PCQA,ICIP2023,p28_gpcc-octree-raht_r03.ply,p28.ply,2.98305084745763,3.132011904761905
LS-PCQA,ICIP2023,p28_gpcc-octree-raht_r04.ply,p28.ply,4.36065573770492,3.8042559523809514
LS-PCQA,ICIP2023,p28_gpcc-octree-raht_r05.ply,p28.ply,4.58333333333333,4.093342261904764
LS-PCQA,ICIP2023,p28_gpcc-octree-raht_r06.ply,p28.ply,4.76666666666667,4.41485119047619
LS-PCQA,ICIP2023,p28_vpcc_r00.ply,p28.ply,2.83870967741936,2.7852589285714275
LS-PCQA,ICIP2023,p28_vpcc_r01.ply,p28.ply,3.32203389830508,2.9788779761904767
LS-PCQA,ICIP2023,p28_vpcc_r02.ply,p28.ply,3.86206896551724,3.594931547619046
LS-PCQA,ICIP2023,p28_vpcc_r03.ply,p28.ply,4.69491525423729,4.0043125
LS-PCQA,ICIP2023,p28_vpcc_r04.ply,p28.ply,4.7,4.394714285714287
LS-PCQA,ICIP2023,p28_vpcc_r05.ply,p28.ply,4.78333333333333,4.596854166666668
LS-PCQA,ICIP2023,p33_geocnn_r01.ply,p33.ply,2.26666666666667,3.555961309523812
LS-PCQA,ICIP2023,p33_geocnn_r02.ply,p33.ply,3.01666666666667,3.6982767857142873
LS-PCQA,ICIP2023,p33_geocnn_r03.ply,p33.ply,3.7,3.9161934523809547
LS-PCQA,ICIP2023,p33_geocnn_r04.ply,p33.ply,4.34426229508197,3.991050595238097
LS-PCQA,ICIP2023,p33_gpcc-octree-predlift_r02.ply,p33.ply,1.48333333333333,2.5090357142857145
LS-PCQA,ICIP2023,p33_gpcc-octree-predlift_r03.ply,p33.ply,2.70967741935484,2.763607142857142
LS-PCQA,ICIP2023,p33_gpcc-octree-predlift_r04.ply,p33.ply,3.89830508474576,3.3664880952380933
LS-PCQA,ICIP2023,p33_gpcc-octree-predlift_r05.ply,p33.ply,4.23728813559322,3.8643392857142858
LS-PCQA,ICIP2023,p33_gpcc-octree-predlift_r06.ply,p33.ply,4.29508196721312,4.359589285714286
LS-PCQA,ICIP2023,p33_gpcc-octree-raht_r02.ply,p33.ply,1.65,2.5210922619047618
LS-PCQA,ICIP2023,p33_gpcc-octree-raht_r03.ply,p33.ply,2.51724137931034,2.7077380952380947
LS-PCQA,ICIP2023,p33_gpcc-octree-raht_r04.ply,p33.ply,3.63333333333333,3.3570476190476164
LS-PCQA,ICIP2023,p33_gpcc-octree-raht_r05.ply,p33.ply,3.98275862068966,3.843577380952381
LS-PCQA,ICIP2023,p33_gpcc-octree-raht_r06.ply,p33.ply,4.33898305084746,4.450377976190477
LS-PCQA,ICIP2023,p33_vpcc_r00.ply,p33.ply,1.85,2.8991488095238096
LS-PCQA,ICIP2023,p33_vpcc_r01.ply,p33.ply,2.03333333333333,3.1090997023809517
LS-PCQA,ICIP2023,p33_vpcc_r02.ply,p33.ply,2.55,3.6120089285714276
LS-PCQA,ICIP2023,p33_vpcc_r03.ply,p33.ply,2.53448275862069,3.84013988095238
LS-PCQA,ICIP2023,p33_vpcc_r04.ply,p33.ply,2.62068965517241,4.104145833333332
LS-PCQA,ICIP2023,p33_vpcc_r05.ply,p33.ply,3.2258064516129,4.431000000000001
LS-PCQA,ICIP2023,p35_geocnn_r01.ply,p35.ply,3.81666666666667,4.128089285714287
LS-PCQA,ICIP2023,p35_geocnn_r02.ply,p35.ply,4.39344262295082,4.16665773809524
LS-PCQA,ICIP2023,p35_geocnn_r03.ply,p35.ply,4.47457627118644,4.200214285714287
LS-PCQA,ICIP2023,p35_geocnn_r04.ply,p35.ply,4.72413793103448,4.199464285714288
LS-PCQA,ICIP2023,p35_gpcc-octree-predlift_r02.ply,p35.ply,1.45,2.366880952380952
LS-PCQA,ICIP2023,p35_gpcc-octree-predlift_r03.ply,p35.ply,3.04918032786885,3.108244047619047
LS-PCQA,ICIP2023,p35_gpcc-octree-predlift_r04.ply,p35.ply,4.25862068965517,3.9659732142857145
LS-PCQA,ICIP2023,p35_gpcc-octree-predlift_r05.ply,p35.ply,4.55172413793104,4.456133928571429
LS-PCQA,ICIP2023,p35_gpcc-octree-predlift_r06.ply,p35.ply,4.78333333333333,4.574875000000002
LS-PCQA,ICIP2023,p35_gpcc-octree-raht_r02.ply,p35.ply,1.48275862068966,2.282708333333334
LS-PCQA,ICIP2023,p35_gpcc-octree-raht_r03.ply,p35.ply,2.28333333333333,2.895684523809524
LS-PCQA,ICIP2023,p35_gpcc-octree-raht_r04.ply,p35.ply,4.13559322033898,3.788583333333333
LS-PCQA,ICIP2023,p35_gpcc-octree-raht_r05.ply,p35.ply,4.69491525423729,4.326261904761906
LS-PCQA,ICIP2023,p35_gpcc-octree-raht_r06.ply,p35.ply,4.77966101694915,4.526116071428572
LS-PCQA,ICIP2023,p35_vpcc_r00.ply,p35.ply,1.98360655737705,2.674327380952381
LS-PCQA,ICIP2023,p35_vpcc_r01.ply,p35.ply,2.7741935483871,3.0427321428571417
LS-PCQA,ICIP2023,p35_vpcc_r02.ply,p35.ply,3.57377049180328,3.549816964285713
LS-PCQA,ICIP2023,p35_vpcc_r03.ply,p35.ply,3.77049180327869,3.9348690476190473
LS-PCQA,ICIP2023,p35_vpcc_r04.ply,p35.ply,4.13333333333333,4.320577380952383
LS-PCQA,ICIP2023,p35_vpcc_r05.ply,p35.ply,4.63333333333333,4.593851190476192
LS-PCQA,ICIP2023,p36_geocnn_r01.ply,p36.ply,3.47457627118644,3.502898809523808
LS-PCQA,ICIP2023,p36_geocnn_r02.ply,p36.ply,4.23728813559322,3.566979166666666
LS-PCQA,ICIP2023,p36_geocnn_r03.ply,p36.ply,4.50819672131148,3.8619702380952385
LS-PCQA,ICIP2023,p36_geocnn_r04.ply,p36.ply,4.59016393442623,3.83571130952381
LS-PCQA,ICIP2023,p36_gpcc-octree-predlift_r02.ply,p36.ply,1.72131147540984,2.890857142857143
LS-PCQA,ICIP2023,p36_gpcc-octree-predlift_r03.ply,p36.ply,4.06896551724138,3.6844434523809504
LS-PCQA,ICIP2023,p36_gpcc-octree-predlift_r04.ply,p36.ply,4.55172413793104,3.9628482142857155
LS-PCQA,ICIP2023,p36_gpcc-octree-predlift_r05.ply,p36.ply,4.59016393442623,4.223386904761907
LS-PCQA,ICIP2023,p36_gpcc-octree-predlift_r06.ply,p36.ply,4.7741935483871,4.375056547619046
LS-PCQA,ICIP2023,p36_gpcc-octree-raht_r02.ply,p36.ply,1.53448275862069,2.810178571428571
LS-PCQA,ICIP2023,p36_gpcc-octree-raht_r03.ply,p36.ply,3.52459016393443,3.5352619047619047
LS-PCQA,ICIP2023,p36_gpcc-octree-raht_r04.ply,p36.ply,4.32203389830509,3.9087351190476216
LS-PCQA,ICIP2023,p36_gpcc-octree-raht_r05.ply,p36.ply,4.60655737704918,4.281252976190478
LS-PCQA,ICIP2023,p36_gpcc-octree-raht_r06.ply,p36.ply,4.48333333333333,4.473062499999999
LS-PCQA,ICIP2023,p36_vpcc_r00.ply,p36.ply,2.34920634920635,3.011818452380952
LS-PCQA,ICIP2023,p36_vpcc_r01.ply,p36.ply,2.91666666666667,3.232002976190476
LS-PCQA,ICIP2023,p36_vpcc_r02.ply,p36.ply,3.65573770491803,3.814568452380952
LS-PCQA,ICIP2023,p36_vpcc_r03.ply,p36.ply,4.06779661016949,3.8678898809523794
LS-PCQA,ICIP2023,p36_vpcc_r04.ply,p36.ply,4.21666666666667,3.9687857142857137
LS-PCQA,ICIP2023,p36_vpcc_r05.ply,p36.ply,4.37931034482759,4.201610119047618
LS-PCQA,ICIP2023,p40_geocnn_r01.ply,p40.ply,4.27118644067797,4.179925595238096
LS-PCQA,ICIP2023,p40_geocnn_r02.ply,p40.ply,4.47540983606557,4.273803571428572
LS-PCQA,ICIP2023,p40_geocnn_r03.ply,p40.ply,4.6140350877193,4.311446428571431
LS-PCQA,ICIP2023,p40_geocnn_r04.ply,p40.ply,4.56666666666667,4.350770833333336
LS-PCQA,ICIP2023,p40_gpcc-octree-predlift_r02.ply,p40.ply,1.60655737704918,2.874208333333332
LS-PCQA,ICIP2023,p40_gpcc-octree-predlift_r03.ply,p40.ply,3.06896551724138,3.6097648809523797
LS-PCQA,ICIP2023,p40_gpcc-octree-predlift_r04.ply,p40.ply,4.55932203389831,4.359619047619049
LS-PCQA,ICIP2023,p40_gpcc-octree-predlift_r05.ply,p40.ply,4.58730158730159,4.552889880952381
LS-PCQA,ICIP2023,p40_gpcc-octree-predlift_r06.ply,p40.ply,4.43333333333333,4.5420178571428576
LS-PCQA,ICIP2023,p40_gpcc-octree-raht_r02.ply,p40.ply,1.27118644067797,2.878083333333332
LS-PCQA,ICIP2023,p40_gpcc-octree-raht_r03.ply,p40.ply,2.84745762711864,3.4337946428571406
LS-PCQA,ICIP2023,p40_gpcc-octree-raht_r04.ply,p40.ply,4.37931034482759,4.2569880952380945
LS-PCQA,ICIP2023,p40_gpcc-octree-raht_r05.ply,p40.ply,4.62295081967213,4.534050595238096
LS-PCQA,ICIP2023,p40_gpcc-octree-raht_r06.ply,p40.ply,4.67213114754098,4.49408630952381
LS-PCQA,ICIP2023,p40_vpcc_r00.ply,p40.ply,1.72131147540984,3.231211309523809
LS-PCQA,ICIP2023,p40_vpcc_r01.ply,p40.ply,2.70967741935484,3.4774732142857148
LS-PCQA,ICIP2023,p40_vpcc_r02.ply,p40.ply,4.20967741935484,4.044443452380953
LS-PCQA,ICIP2023,p40_vpcc_r03.ply,p40.ply,4.44262295081967,4.511324404761907
LS-PCQA,ICIP2023,p40_vpcc_r04.ply,p40.ply,4.45901639344262,4.492761904761905
LS-PCQA,ICIP2023,p40_vpcc_r05.ply,p40.ply,4.57377049180328,4.5801875
LS-PCQA,ICIP2023,p41_geocnn_r01.ply,p41.ply,4.22950819672131,4.267351190476194
LS-PCQA,ICIP2023,p41_geocnn_r02.ply,p41.ply,4.45614035087719,4.289991071428573
LS-PCQA,ICIP2023,p41_geocnn_r03.ply,p41.ply,4.68852459016394,4.422583333333335
LS-PCQA,ICIP2023,p41_geocnn_r04.ply,p41.ply,4.69354838709677,4.461937500000001
LS-PCQA,ICIP2023,p41_gpcc-octree-predlift_r02.ply,p41.ply,1.40677966101695,2.878610119047618
LS-PCQA,ICIP2023,p41_gpcc-octree-predlift_r03.ply,p41.ply,3.10344827586207,3.8643928571428585
LS-PCQA,ICIP2023,p41_gpcc-octree-predlift_r04.ply,p41.ply,4.40983606557377,4.447169642857145
LS-PCQA,ICIP2023,p41_gpcc-octree-predlift_r05.ply,p41.ply,4.35,4.455755952380955
LS-PCQA,ICIP2023,p41_gpcc-octree-predlift_r06.ply,p41.ply,4.8,4.537625
LS-PCQA,ICIP2023,p41_gpcc-octree-raht_r02.ply,p41.ply,1.43103448275862,2.8683244047619048
LS-PCQA,ICIP2023,p41_gpcc-octree-raht_r03.ply,p41.ply,2.83333333333333,3.690407738095238
LS-PCQA,ICIP2023,p41_gpcc-octree-raht_r04.ply,p41.ply,4.33333333333333,4.41935119047619
LS-PCQA,ICIP2023,p41_gpcc-octree-raht_r05.ply,p41.ply,4.63934426229508,4.50372916666667
LS-PCQA,ICIP2023,p41_gpcc-octree-raht_r06.ply,p41.ply,4.75438596491228,4.565505952380953
LS-PCQA,ICIP2023,p41_vpcc_r00.ply,p41.ply,2.1551724137931,3.4415535714285697
LS-PCQA,ICIP2023,p41_vpcc_r01.ply,p41.ply,3.13559322033898,4.158443452380953
LS-PCQA,ICIP2023,p41_vpcc_r02.ply,p41.ply,3.91803278688525,4.403654761904761
LS-PCQA,ICIP2023,p41_vpcc_r03.ply,p41.ply,4.37096774193548,4.521473214285714
LS-PCQA,ICIP2023,p41_vpcc_r04.ply,p41.ply,4.55737704918033,4.53208035714286
LS-PCQA,ICIP2023,p41_vpcc_r05.ply,p41.ply,4.51666666666667,4.567642857142859
LS-PCQA,ICIP2023,p43_geocnn_r01.ply,p43.ply,4.43103448275862,4.22789285714286
LS-PCQA,ICIP2023,p43_geocnn_r02.ply,p43.ply,4.55172413793104,4.3667797619047635
LS-PCQA,ICIP2023,p43_geocnn_r03.ply,p43.ply,4.71186440677966,4.478035714285715
LS-PCQA,ICIP2023,p43_geocnn_r04.ply,p43.ply,4.81967213114754,4.512101190476191
LS-PCQA,ICIP2023,p43_gpcc-octree-predlift_r02.ply,p43.ply,2.1,2.846485119047618
LS-PCQA,ICIP2023,p43_gpcc-octree-predlift_r03.ply,p43.ply,3.5,3.567809523809521
LS-PCQA,ICIP2023,p43_gpcc-octree-predlift_r04.ply,p43.ply,4.10169491525424,4.304669642857144
LS-PCQA,ICIP2023,p43_gpcc-octree-predlift_r05.ply,p43.ply,4.62903225806452,4.437755952380953
LS-PCQA,ICIP2023,p43_gpcc-octree-predlift_r06.ply,p43.ply,4.67741935483871,4.482791666666668
LS-PCQA,ICIP2023,p43_gpcc-octree-raht_r02.ply,p43.ply,1.4406779661017,2.929517857142855
LS-PCQA,ICIP2023,p43_gpcc-octree-raht_r03.ply,p43.ply,3.45614035087719,3.5262023809523773
LS-PCQA,ICIP2023,p43_gpcc-octree-raht_r04.ply,p43.ply,4.21666666666667,4.1071815476190485
LS-PCQA,ICIP2023,p43_gpcc-octree-raht_r05.ply,p43.ply,4.61016949152542,4.501136904761904
LS-PCQA,ICIP2023,p43_gpcc-octree-raht_r06.ply,p43.ply,4.73770491803279,4.467559523809525
LS-PCQA,ICIP2023,p43_vpcc_r00.ply,p43.ply,2.63492063492064,3.290273809523808
LS-PCQA,ICIP2023,p43_vpcc_r01.ply,p43.ply,3.66666666666667,3.758558035714285
LS-PCQA,ICIP2023,p43_vpcc_r02.ply,p43.ply,3.9672131147541,3.9231770833333326
LS-PCQA,ICIP2023,p43_vpcc_r03.ply,p43.ply,4.40677966101695,4.293574404761905
LS-PCQA,ICIP2023,p43_vpcc_r04.ply,p43.ply,4.68333333333333,4.462595238095238
LS-PCQA,ICIP2023,p43_vpcc_r05.ply,p43.ply,4.63934426229508,4.516288690476192
LS-PCQA,ICIP2023,p44_geocnn_r01.ply,p44.ply,3.83333333333333,4.023940476190477
LS-PCQA,ICIP2023,p44_geocnn_r02.ply,p44.ply,4.30508474576271,4.211726190476192
LS-PCQA,ICIP2023,p44_geocnn_r03.ply,p44.ply,4.37704918032787,4.222877976190478
LS-PCQA,ICIP2023,p44_geocnn_r04.ply,p44.ply,4.55737704918033,4.234446428571432
LS-PCQA,ICIP2023,p44_gpcc-octree-predlift_r02.ply,p44.ply,1.88524590163934,2.6105476190476185
LS-PCQA,ICIP2023,p44_gpcc-octree-predlift_r03.ply,p44.ply,3.26666666666667,3.8305833333333332
LS-PCQA,ICIP2023,p44_gpcc-octree-predlift_r04.ply,p44.ply,4.2741935483871,4.109928571428573
LS-PCQA,ICIP2023,p44_gpcc-octree-predlift_r05.ply,p44.ply,4.63793103448276,4.434577380952382
LS-PCQA,ICIP2023,p44_gpcc-octree-predlift_r06.ply,p44.ply,4.71666666666667,4.566752976190478
LS-PCQA,ICIP2023,p44_gpcc-octree-raht_r02.ply,p44.ply,1.32758620689655,2.6226458333333316
LS-PCQA,ICIP2023,p44_gpcc-octree-raht_r03.ply,p44.ply,2.80327868852459,3.729741071428571
LS-PCQA,ICIP2023,p44_gpcc-octree-raht_r04.ply,p44.ply,4.19672131147541,4.084666666666667
LS-PCQA,ICIP2023,p44_gpcc-octree-raht_r05.ply,p44.ply,4.45901639344262,4.4388482142857155
LS-PCQA,ICIP2023,p44_gpcc-octree-raht_r06.ply,p44.ply,4.48333333333333,4.552842261904764
LS-PCQA,ICIP2023,p44_vpcc_r00.ply,p44.ply,2.23333333333333,3.6899136904761907
LS-PCQA,ICIP2023,p44_vpcc_r01.ply,p44.ply,3.18032786885246,4.133494047619049
LS-PCQA,ICIP2023,p44_vpcc_r02.ply,p44.ply,3.72131147540984,4.2778630952380965
LS-PCQA,ICIP2023,p44_vpcc_r03.ply,p44.ply,4.35,4.4589880952380945
LS-PCQA,ICIP2023,p44_vpcc_r04.ply,p44.ply,4.55,4.4820416666666665
LS-PCQA,ICIP2023,p44_vpcc_r05.ply,p44.ply,4.53225806451613,4.4548125
LS-PCQA,ICIP2023,p45_geocnn_r01.ply,p45.ply,3.45901639344262,4.261074404761906
LS-PCQA,ICIP2023,p45_geocnn_r02.ply,p45.ply,4.0327868852459,4.321214285714288
LS-PCQA,ICIP2023,p45_geocnn_r03.ply,p45.ply,4.18032786885246,4.341508928571432
LS-PCQA,ICIP2023,p45_geocnn_r04.ply,p45.ply,4.48333333333333,4.33629166666667
LS-PCQA,ICIP2023,p45_gpcc-octree-predlift_r02.ply,p45.ply,1.40677966101695,2.6756755952380935
LS-PCQA,ICIP2023,p45_gpcc-octree-predlift_r03.ply,p45.ply,2.74193548387097,3.6219523809523797
LS-PCQA,ICIP2023,p45_gpcc-octree-predlift_r04.ply,p45.ply,4.12903225806452,4.4110803571428585
LS-PCQA,ICIP2023,p45_gpcc-octree-predlift_r05.ply,p45.ply,4.5,4.495738095238098
LS-PCQA,ICIP2023,p45_gpcc-octree-predlift_r06.ply,p45.ply,3.91525423728814,4.393904761904762
LS-PCQA,ICIP2023,p45_gpcc-octree-raht_r02.ply,p45.ply,1.42857142857143,2.700687499999998
LS-PCQA,ICIP2023,p45_gpcc-octree-raht_r03.ply,p45.ply,2.58333333333333,3.622860119047619
LS-PCQA,ICIP2023,p45_gpcc-octree-raht_r04.ply,p45.ply,4.33333333333333,4.320877976190476
LS-PCQA,ICIP2023,p45_gpcc-octree-raht_r05.ply,p45.ply,4.66666666666667,4.486095238095238
LS-PCQA,ICIP2023,p45_gpcc-octree-raht_r06.ply,p45.ply,4.63333333333333,4.575773809523812
LS-PCQA,ICIP2023,p45_vpcc_r00.ply,p45.ply,2.33898305084746,3.6078839285714266
LS-PCQA,ICIP2023,p45_vpcc_r01.ply,p45.ply,3.56666666666667,4.049154761904762
LS-PCQA,ICIP2023,p45_vpcc_r02.ply,p45.ply,4.3859649122807,4.268467261904761
LS-PCQA,ICIP2023,p45_vpcc_r03.ply,p45.ply,4.5,4.418092261904762
LS-PCQA,ICIP2023,p45_vpcc_r04.ply,p45.ply,4.39655172413793,4.580059523809524
LS-PCQA,ICIP2023,p45_vpcc_r05.ply,p45.ply,4.57377049180328,4.617752976190477
LS-PCQA,ICIP2023,p46_geocnn_r01.ply,p46.ply,4.09677419354839,4.257318452380955
LS-PCQA,ICIP2023,p46_geocnn_r02.ply,p46.ply,4.29508196721312,4.330151785714288
LS-PCQA,ICIP2023,p46_geocnn_r03.ply,p46.ply,4.55737704918033,4.409595238095239
LS-PCQA,ICIP2023,p46_geocnn_r04.ply,p46.ply,4.53225806451613,4.491148809523811
LS-PCQA,ICIP2023,p46_gpcc-octree-predlift_r02.ply,p46.ply,2.39344262295082,2.79502380952381
LS-PCQA,ICIP2023,p46_gpcc-octree-predlift_r03.ply,p46.ply,3.47457627118644,3.9496071428571415
LS-PCQA,ICIP2023,p46_gpcc-octree-predlift_r04.ply,p46.ply,4.25,4.438065476190476
LS-PCQA,ICIP2023,p46_gpcc-octree-predlift_r05.ply,p46.ply,4.41666666666667,4.422764880952384
LS-PCQA,ICIP2023,p46_gpcc-octree-predlift_r06.ply,p46.ply,4.56896551724138,4.531866071428573
LS-PCQA,ICIP2023,p46_gpcc-octree-raht_r02.ply,p46.ply,2.06779661016949,2.7999999999999994
LS-PCQA,ICIP2023,p46_gpcc-octree-raht_r03.ply,p46.ply,3.56666666666667,3.94580357142857
LS-PCQA,ICIP2023,p46_gpcc-octree-raht_r04.ply,p46.ply,4.08196721311475,4.438497023809523
LS-PCQA,ICIP2023,p46_gpcc-octree-raht_r05.ply,p46.ply,4.49122807017544,4.4702678571428605
LS-PCQA,ICIP2023,p46_gpcc-octree-raht_r06.ply,p46.ply,4.45901639344262,4.541244047619049
LS-PCQA,ICIP2023,p46_vpcc_r00.ply,p46.ply,2.88135593220339,3.881601190476189
LS-PCQA,ICIP2023,p46_vpcc_r01.ply,p46.ply,3.16393442622951,4.311443452380951
LS-PCQA,ICIP2023,p46_vpcc_r02.ply,p46.ply,3.43333333333333,4.343446428571429
LS-PCQA,ICIP2023,p46_vpcc_r03.ply,p46.ply,3.68333333333333,4.491833333333333
LS-PCQA,ICIP2023,p46_vpcc_r04.ply,p46.ply,3.89830508474576,4.518880952380955
LS-PCQA,ICIP2023,p46_vpcc_r05.ply,p46.ply,4.41666666666667,4.602851190476191
LS-PCQA,ICIP2023,p48_geocnn_r01.ply,p48.ply,3.91935483870968,4.242122023809526
LS-PCQA,ICIP2023,p48_geocnn_r02.ply,p48.ply,4.38333333333333,4.267550595238096
LS-PCQA,ICIP2023,p48_geocnn_r03.ply,p48.ply,4.5,4.32827380952381
LS-PCQA,ICIP2023,p48_geocnn_r04.ply,p48.ply,4.6,4.319470238095239
LS-PCQA,ICIP2023,p48_gpcc-octree-predlift_r02.ply,p48.ply,1.55172413793103,2.6215982142857137
LS-PCQA,ICIP2023,p48_gpcc-octree-predlift_r03.ply,p48.ply,3.48333333333333,3.28836607142857
LS-PCQA,ICIP2023,p48_gpcc-octree-predlift_r04.ply,p48.ply,4.24590163934426,4.2630625
LS-PCQA,ICIP2023,p48_gpcc-octree-predlift_r05.ply,p48.ply,4.45,4.256086309523809
LS-PCQA,ICIP2023,p48_gpcc-octree-predlift_r06.ply,p48.ply,4.66129032258065,4.3726101190476205
LS-PCQA,ICIP2023,p48_gpcc-octree-raht_r02.ply,p48.ply,1.60655737704918,2.5147113095238085
LS-PCQA,ICIP2023,p48_gpcc-octree-raht_r03.ply,p48.ply,3.16949152542373,3.0291964285714283
LS-PCQA,ICIP2023,p48_gpcc-octree-raht_r04.ply,p48.ply,4.18333333333333,4.198857142857145
LS-PCQA,ICIP2023,p48_gpcc-octree-raht_r05.ply,p48.ply,4.41666666666667,4.289107142857143
LS-PCQA,ICIP2023,p48_gpcc-octree-raht_r06.ply,p48.ply,4.51666666666667,4.427997023809527
LS-PCQA,ICIP2023,p48_vpcc_r00.ply,p48.ply,1.86440677966102,3.109779761904761
LS-PCQA,ICIP2023,p48_vpcc_r01.ply,p48.ply,2.83050847457627,3.545532738095238
LS-PCQA,ICIP2023,p48_vpcc_r02.ply,p48.ply,3.29508196721311,4.035913690476192
LS-PCQA,ICIP2023,p48_vpcc_r03.ply,p48.ply,3.84745762711864,4.3763125
LS-PCQA,ICIP2023,p48_vpcc_r04.ply,p48.ply,4.13114754098361,4.347458333333333
LS-PCQA,ICIP2023,p48_vpcc_r05.ply,p48.ply,4.48387096774194,4.516410714285717
LS-PCQA,ICIP2023,p49_geocnn_r01.ply,p49.ply,3.43333333333333,4.193464285714286
LS-PCQA,ICIP2023,p49_geocnn_r02.ply,p49.ply,4.14754098360656,4.202476190476192
LS-PCQA,ICIP2023,p49_geocnn_r03.ply,p49.ply,3.98333333333333,4.2278125000000015
LS-PCQA,ICIP2023,p49_geocnn_r04.ply,p49.ply,4.52459016393443,4.2746577380952395
LS-PCQA,ICIP2023,p49_gpcc-octree-predlift_r02.ply,p49.ply,1.48333333333333,2.939059523809524
LS-PCQA,ICIP2023,p49_gpcc-octree-predlift_r03.ply,p49.ply,2.72131147540984,3.7996964285714285
LS-PCQA,ICIP2023,p49_gpcc-octree-predlift_r04.ply,p49.ply,3.85,4.458017857142858
LS-PCQA,ICIP2023,p49_gpcc-octree-predlift_r05.ply,p49.ply,4.49180327868853,4.477985119047619
LS-PCQA,ICIP2023,p49_gpcc-octree-predlift_r06.ply,p49.ply,4.52542372881356,4.499976190476192
LS-PCQA,ICIP2023,p49_gpcc-octree-raht_r02.ply,p49.ply,1.63333333333333,2.8259226190476188
LS-PCQA,ICIP2023,p49_gpcc-octree-raht_r03.ply,p49.ply,2.64516129032258,3.6720119047619035
LS-PCQA,ICIP2023,p49_gpcc-octree-raht_r04.ply,p49.ply,3.73770491803279,4.474973214285716
LS-PCQA,ICIP2023,p49_gpcc-octree-raht_r05.ply,p49.ply,4.31147540983607,4.495020833333333
LS-PCQA,ICIP2023,p49_gpcc-octree-raht_r06.ply,p49.ply,4.38983050847458,4.525005952380954
LS-PCQA,ICIP2023,p49_vpcc_r00.ply,p49.ply,1.91935483870968,3.5887261904761916
LS-PCQA,ICIP2023,p49_vpcc_r01.ply,p49.ply,2.75806451612903,3.756467261904762
LS-PCQA,ICIP2023,p49_vpcc_r02.ply,p49.ply,3.69491525423729,4.289279761904762
LS-PCQA,ICIP2023,p49_vpcc_r03.ply,p49.ply,4.13333333333333,4.549163690476191
LS-PCQA,ICIP2023,p49_vpcc_r04.ply,p49.ply,4.50819672131148,4.502241071428569
LS-PCQA,ICIP2023,p49_vpcc_r05.ply,p49.ply,4.36666666666667,4.5739196428571445
LS-PCQA,ICIP2023,p50_geocnn_r01.ply,p50.ply,4.32758620689655,4.211502976190477
LS-PCQA,ICIP2023,p50_geocnn_r02.ply,p50.ply,4.61016949152542,4.224217261904763
LS-PCQA,ICIP2023,p50_geocnn_r03.ply,p50.ply,4.58064516129032,4.284026785714286
LS-PCQA,ICIP2023,p50_geocnn_r04.ply,p50.ply,4.77777777777778,4.273842261904762
LS-PCQA,ICIP2023,p50_gpcc-octree-predlift_r02.ply,p50.ply,1.76666666666667,2.4939047619047603
LS-PCQA,ICIP2023,p50_gpcc-octree-predlift_r03.ply,p50.ply,3.11475409836066,3.3253184523809507
LS-PCQA,ICIP2023,p50_gpcc-octree-predlift_r04.ply,p50.ply,3.9344262295082,4.1305595238095245
LS-PCQA,ICIP2023,p50_gpcc-octree-predlift_r05.ply,p50.ply,4.33333333333333,4.386711309523811
LS-PCQA,ICIP2023,p50_gpcc-octree-predlift_r06.ply,p50.ply,4.60655737704918,4.456571428571431
LS-PCQA,ICIP2023,p50_gpcc-octree-raht_r02.ply,p50.ply,1.45161290322581,2.4972529761904756
LS-PCQA,ICIP2023,p50_gpcc-octree-raht_r03.ply,p50.ply,2.63934426229508,3.140964285714284
LS-PCQA,ICIP2023,p50_gpcc-octree-raht_r04.ply,p50.ply,3.93103448275862,3.8624553571428573
LS-PCQA,ICIP2023,p50_gpcc-octree-raht_r05.ply,p50.ply,4.29310344827586,4.347190476190478
LS-PCQA,ICIP2023,p50_gpcc-octree-raht_r06.ply,p50.ply,4.57377049180328,4.490693452380956
LS-PCQA,ICIP2023,p50_vpcc_r00.ply,p50.ply,1.88333333333333,3.1767440476190463
LS-PCQA,ICIP2023,p50_vpcc_r01.ply,p50.ply,2.77966101694915,3.7291339285714282
LS-PCQA,ICIP2023,p50_vpcc_r02.ply,p50.ply,3.47457627118644,3.9735178571428573
LS-PCQA,ICIP2023,p50_vpcc_r03.ply,p50.ply,4.1551724137931,4.464883928571431
LS-PCQA,ICIP2023,p50_vpcc_r04.ply,p50.ply,4.5,4.458886904761905
LS-PCQA,ICIP2023,p50_vpcc_r05.ply,p50.ply,4.60344827586207,4.557425595238097
LS-PCQA,ICIP2023,p51_geocnn_r01.ply,p51.ply,3.59322033898305,4.161342261904761
LS-PCQA,ICIP2023,p51_geocnn_r02.ply,p51.ply,3.91803278688525,4.299339285714287
LS-PCQA,ICIP2023,p51_geocnn_r03.ply,p51.ply,4.15,4.275127976190478
LS-PCQA,ICIP2023,p51_geocnn_r04.ply,p51.ply,4.31147540983607,4.299934523809525
LS-PCQA,ICIP2023,p51_gpcc-octree-predlift_r02.ply,p51.ply,1.42372881355932,2.9193065476190467
LS-PCQA,ICIP2023,p51_gpcc-octree-predlift_r03.ply,p51.ply,2.96610169491525,3.6477708333333334
LS-PCQA,ICIP2023,p51_gpcc-octree-predlift_r04.ply,p51.ply,4.08196721311475,4.441500000000001
LS-PCQA,ICIP2023,p51_gpcc-octree-predlift_r05.ply,p51.ply,4.08064516129032,4.4810565476190485
LS-PCQA,ICIP2023,p51_gpcc-octree-predlift_r06.ply,p51.ply,4.56666666666667,4.535252976190478
LS-PCQA,ICIP2023,p51_gpcc-octree-raht_r02.ply,p51.ply,1.4406779661017,2.880470238095238
LS-PCQA,ICIP2023,p51_gpcc-octree-raht_r03.ply,p51.ply,2.93333333333333,3.618276785714284
LS-PCQA,ICIP2023,p51_gpcc-octree-raht_r04.ply,p51.ply,4.03389830508475,4.2981517857142855
LS-PCQA,ICIP2023,p51_gpcc-octree-raht_r05.ply,p51.ply,4.32258064516129,4.4994136904761906
LS-PCQA,ICIP2023,p51_gpcc-octree-raht_r06.ply,p51.ply,4.51666666666667,4.578547619047621
LS-PCQA,ICIP2023,p51_vpcc_r00.ply,p51.ply,1.88333333333333,3.4648601190476165
LS-PCQA,ICIP2023,p51_vpcc_r01.ply,p51.ply,3.03174603174603,3.8191934523809503
LS-PCQA,ICIP2023,p51_vpcc_r02.ply,p51.ply,3.58333333333333,4.381741071428572
LS-PCQA,ICIP2023,p51_vpcc_r03.ply,p51.ply,4.04918032786885,4.4141875
LS-PCQA,ICIP2023,p51_vpcc_r04.ply,p51.ply,4.2,4.496348214285715
LS-PCQA,ICIP2023,p51_vpcc_r05.ply,p51.ply,4.47540983606557,4.551434523809525
LS-PCQA,ICIP2023,p52_geocnn_r01.ply,p52.ply,3.56666666666667,4.1732797619047615
LS-PCQA,ICIP2023,p52_geocnn_r02.ply,p52.ply,4.23333333333333,4.244714285714286
LS-PCQA,ICIP2023,p52_geocnn_r03.ply,p52.ply,4.41935483870968,4.267151785714287
LS-PCQA,ICIP2023,p52_geocnn_r04.ply,p52.ply,4.45762711864407,4.26190773809524
LS-PCQA,ICIP2023,p52_gpcc-octree-predlift_r02.ply,p52.ply,1.39344262295082,2.988967261904762
LS-PCQA,ICIP2023,p52_gpcc-octree-predlift_r03.ply,p52.ply,2.96666666666667,3.57830357142857
LS-PCQA,ICIP2023,p52_gpcc-octree-predlift_r04.ply,p52.ply,4.33333333333333,4.38869642857143
LS-PCQA,ICIP2023,p52_gpcc-octree-predlift_r05.ply,p52.ply,4.56666666666667,4.5054821428571445
LS-PCQA,ICIP2023,p52_gpcc-octree-predlift_r06.ply,p52.ply,4.67241379310345,4.529080357142857
LS-PCQA,ICIP2023,p52_gpcc-octree-raht_r02.ply,p52.ply,1.56666666666667,2.747857142857141
LS-PCQA,ICIP2023,p52_gpcc-octree-raht_r03.ply,p52.ply,2.66101694915254,3.549092261904761
LS-PCQA,ICIP2023,p52_gpcc-octree-raht_r04.ply,p52.ply,4.08333333333333,4.148005952380952
LS-PCQA,ICIP2023,p52_gpcc-octree-raht_r05.ply,p52.ply,4.62295081967213,4.531851190476192
LS-PCQA,ICIP2023,p52_gpcc-octree-raht_r06.ply,p52.ply,4.7,4.5450357142857145
LS-PCQA,ICIP2023,p52_vpcc_r00.ply,p52.ply,2.26666666666667,3.4701636904761908
LS-PCQA,ICIP2023,p52_vpcc_r01.ply,p52.ply,2.76271186440678,3.7210089285714285
LS-PCQA,ICIP2023,p52_vpcc_r02.ply,p52.ply,3.59322033898305,3.93316369047619
LS-PCQA,ICIP2023,p52_vpcc_r03.ply,p52.ply,4.12903225806452,4.2614255952380935
LS-PCQA,ICIP2023,p52_vpcc_r04.ply,p52.ply,4.58620689655172,4.425089285714286
LS-PCQA,ICIP2023,p52_vpcc_r05.ply,p52.ply,4.63934426229508,4.5017916666666675
LS-PCQA,ICIP2023,p53_geocnn_r01.ply,p53.ply,3.95,4.252970238095239
LS-PCQA,ICIP2023,p53_geocnn_r02.ply,p53.ply,4.42622950819672,4.247833333333335
LS-PCQA,ICIP2023,p53_geocnn_r03.ply,p53.ply,4.60655737704918,4.31929761904762
LS-PCQA,ICIP2023,p53_geocnn_r04.ply,p53.ply,4.42622950819672,4.350080357142857
LS-PCQA,ICIP2023,p53_gpcc-octree-predlift_r02.ply,p53.ply,1.46666666666667,2.6490535714285697
LS-PCQA,ICIP2023,p53_gpcc-octree-predlift_r03.ply,p53.ply,2.85,3.5539077380952375
LS-PCQA,ICIP2023,p53_gpcc-octree-predlift_r04.ply,p53.ply,4.32258064516129,4.193761904761907
LS-PCQA,ICIP2023,p53_gpcc-octree-predlift_r05.ply,p53.ply,4.42372881355932,4.443788690476193
LS-PCQA,ICIP2023,p53_gpcc-octree-predlift_r06.ply,p53.ply,4.58620689655172,4.488964285714288
LS-PCQA,ICIP2023,p53_gpcc-octree-raht_r02.ply,p53.ply,1.25,2.5334255952380937
LS-PCQA,ICIP2023,p53_gpcc-octree-raht_r03.ply,p53.ply,2.45901639344262,3.4908958333333318
LS-PCQA,ICIP2023,p53_gpcc-octree-raht_r04.ply,p53.ply,4.13333333333333,4.11472023809524
LS-PCQA,ICIP2023,p53_gpcc-octree-raht_r05.ply,p53.ply,4.51724137931035,4.393083333333335
LS-PCQA,ICIP2023,p53_gpcc-octree-raht_r06.ply,p53.ply,4.60655737704918,4.50272023809524
LS-PCQA,ICIP2023,p53_vpcc_r00.ply,p53.ply,1.95,3.1958601190476195
LS-PCQA,ICIP2023,p53_vpcc_r01.ply,p53.ply,2.78688524590164,3.6849047619047606
LS-PCQA,ICIP2023,p53_vpcc_r02.ply,p53.ply,3.96666666666667,3.99482738095238
LS-PCQA,ICIP2023,p53_vpcc_r03.ply,p53.ply,4.42622950819672,4.382110119047619
LS-PCQA,ICIP2023,p53_vpcc_r04.ply,p53.ply,4.53448275862069,4.433854166666668
LS-PCQA,ICIP2023,p53_vpcc_r05.ply,p53.ply,4.63934426229508,4.539348214285716
LS-PCQA,ICIP2023,p54_geocnn_r01.ply,p54.ply,2.65573770491803,4.01258630952381
LS-PCQA,ICIP2023,p54_geocnn_r02.ply,p54.ply,3.49180327868852,4.10014880952381
LS-PCQA,ICIP2023,p54_geocnn_r03.ply,p54.ply,4.0,4.19117261904762
LS-PCQA,ICIP2023,p54_geocnn_r04.ply,p54.ply,4.16949152542373,4.2196845238095255
LS-PCQA,ICIP2023,p54_gpcc-octree-predlift_r02.ply,p54.ply,1.26666666666667,2.706157738095237
LS-PCQA,ICIP2023,p54_gpcc-octree-predlift_r03.ply,p54.ply,2.95081967213115,3.373797619047619
LS-PCQA,ICIP2023,p54_gpcc-octree-predlift_r04.ply,p54.ply,4.30508474576271,3.854291666666667
LS-PCQA,ICIP2023,p54_gpcc-octree-predlift_r05.ply,p54.ply,4.30508474576271,4.293895833333335
LS-PCQA,ICIP2023,p54_gpcc-octree-predlift_r06.ply,p54.ply,4.55,4.452976190476193
LS-PCQA,ICIP2023,p54_gpcc-octree-raht_r02.ply,p54.ply,1.54098360655738,2.6955267857142853
LS-PCQA,ICIP2023,p54_gpcc-octree-raht_r03.ply,p54.ply,3.1,3.2547499999999987
LS-PCQA,ICIP2023,p54_gpcc-octree-raht_r04.ply,p54.ply,4.13333333333333,3.817669642857143
LS-PCQA,ICIP2023,p54_gpcc-octree-raht_r05.ply,p54.ply,4.37096774193548,4.304166666666667
LS-PCQA,ICIP2023,p54_gpcc-octree-raht_r06.ply,p54.ply,4.45614035087719,4.512946428571431
LS-PCQA,ICIP2023,p54_vpcc_r00.ply,p54.ply,2.70967741935484,3.1326904761904752
LS-PCQA,ICIP2023,p54_vpcc_r01.ply,p54.ply,3.38983050847458,3.7271994047619033
LS-PCQA,ICIP2023,p54_vpcc_r02.ply,p54.ply,4.1,3.942845238095237
LS-PCQA,ICIP2023,p54_vpcc_r03.ply,p54.ply,4.4406779661017,4.308544642857142
LS-PCQA,ICIP2023,p54_vpcc_r04.ply,p54.ply,4.46551724137931,4.435559523809527
LS-PCQA,ICIP2023,p54_vpcc_r05.ply,p54.ply,4.32786885245902,4.559883928571428
LS-PCQA,ICIP2023,p55_geocnn_r01.ply,p55.ply,3.83870967741936,4.117229166666668
LS-PCQA,ICIP2023,p55_geocnn_r02.ply,p55.ply,4.16949152542373,4.19897023809524
LS-PCQA,ICIP2023,p55_geocnn_r03.ply,p55.ply,4.62295081967213,4.2434583333333356
LS-PCQA,ICIP2023,p55_geocnn_r04.ply,p55.ply,4.63793103448276,4.246092261904764
LS-PCQA,ICIP2023,p55_gpcc-octree-predlift_r02.ply,p55.ply,1.51724137931034,2.8715386904761884
LS-PCQA,ICIP2023,p55_gpcc-octree-predlift_r03.ply,p55.ply,3.43333333333333,3.5912708333333323
LS-PCQA,ICIP2023,p55_gpcc-octree-predlift_r04.ply,p55.ply,4.38333333333333,4.15183630952381
LS-PCQA,ICIP2023,p55_gpcc-octree-predlift_r05.ply,p55.ply,4.68965517241379,4.261916666666668
LS-PCQA,ICIP2023,p55_gpcc-octree-predlift_r06.ply,p55.ply,4.49180327868853,4.459431547619049
LS-PCQA,ICIP2023,p55_gpcc-octree-raht_r02.ply,p55.ply,1.43333333333333,2.6768154761904754
LS-PCQA,ICIP2023,p55_gpcc-octree-raht_r03.ply,p55.ply,3.16666666666667,3.3978571428571422
LS-PCQA,ICIP2023,p55_gpcc-octree-raht_r04.ply,p55.ply,4.24193548387097,4.215654761904763
LS-PCQA,ICIP2023,p55_gpcc-octree-raht_r05.ply,p55.ply,4.63793103448276,4.205827380952383
LS-PCQA,ICIP2023,p55_gpcc-octree-raht_r06.ply,p55.ply,4.67241379310345,4.454616071428573
LS-PCQA,ICIP2023,p55_vpcc_r00.ply,p55.ply,2.88333333333333,3.1298482142857154
LS-PCQA,ICIP2023,p55_vpcc_r01.ply,p55.ply,3.61666666666667,3.5768244047619056
LS-PCQA,ICIP2023,p55_vpcc_r02.ply,p55.ply,4.31147540983607,4.054788690476192
LS-PCQA,ICIP2023,p55_vpcc_r03.ply,p55.ply,4.52542372881356,4.267482142857142
LS-PCQA,ICIP2023,p55_vpcc_r04.ply,p55.ply,4.72131147540984,4.406535714285715
LS-PCQA,ICIP2023,p55_vpcc_r05.ply,p55.ply,4.57627118644068,4.513375
LS-PCQA,ICIP2023,p56_geocnn_r01.ply,p56.ply,2.9344262295082,3.7292053571428583
LS-PCQA,ICIP2023,p56_geocnn_r02.ply,p56.ply,4.13333333333333,4.0053988095238084
LS-PCQA,ICIP2023,p56_geocnn_r03.ply,p56.ply,4.63157894736842,4.031729166666667
LS-PCQA,ICIP2023,p56_geocnn_r04.ply,p56.ply,4.5,4.099839285714286
LS-PCQA,ICIP2023,p56_gpcc-octree-predlift_r02.ply,p56.ply,1.24590163934426,2.9200297619047615
LS-PCQA,ICIP2023,p56_gpcc-octree-predlift_r03.ply,p56.ply,3.04918032786885,3.703749999999999
LS-PCQA,ICIP2023,p56_gpcc-octree-predlift_r04.ply,p56.ply,4.33333333333333,4.308386904761906
LS-PCQA,ICIP2023,p56_gpcc-octree-predlift_r05.ply,p56.ply,4.61016949152542,4.445520833333332
LS-PCQA,ICIP2023,p56_gpcc-octree-predlift_r06.ply,p56.ply,4.72131147540984,4.537535714285715
LS-PCQA,ICIP2023,p56_gpcc-octree-raht_r02.ply,p56.ply,1.4406779661017,2.8773214285714284
LS-PCQA,ICIP2023,p56_gpcc-octree-raht_r03.ply,p56.ply,3.21311475409836,3.741464285714285
LS-PCQA,ICIP2023,p56_gpcc-octree-raht_r04.ply,p56.ply,4.55737704918033,4.315824404761905
LS-PCQA,ICIP2023,p56_gpcc-octree-raht_r05.ply,p56.ply,4.58064516129032,4.420163690476191
LS-PCQA,ICIP2023,p56_gpcc-octree-raht_r06.ply,p56.ply,4.65,4.525175595238095
LS-PCQA,ICIP2023,p56_vpcc_r00.ply,p56.ply,1.71186440677966,3.26717113095238
LS-PCQA,ICIP2023,p56_vpcc_r01.ply,p56.ply,2.40983606557377,3.6860982142857135
LS-PCQA,ICIP2023,p56_vpcc_r02.ply,p56.ply,2.85245901639344,3.918464285714285
LS-PCQA,ICIP2023,p56_vpcc_r03.ply,p56.ply,3.45,4.240857142857144
LS-PCQA,ICIP2023,p56_vpcc_r04.ply,p56.ply,3.83606557377049,4.299619047619049
LS-PCQA,ICIP2023,p56_vpcc_r05.ply,p56.ply,4.31666666666667,4.342994047619047
LS-PCQA,ICIP2023,p58_geocnn_r01.ply,p58.ply,2.75,3.649377976190479
LS-PCQA,ICIP2023,p58_geocnn_r02.ply,p58.ply,3.33333333333333,3.7340208333333345
LS-PCQA,ICIP2023,p58_geocnn_r03.ply,p58.ply,3.9016393442623,3.8949791666666673
LS-PCQA,ICIP2023,p58_geocnn_r04.ply,p58.ply,3.62295081967213,3.9794791666666685
LS-PCQA,ICIP2023,p58_gpcc-octree-predlift_r02.ply,p58.ply,1.4,2.4530267857142842
LS-PCQA,ICIP2023,p58_gpcc-octree-predlift_r03.ply,p58.ply,2.75862068965517,3.3145639880952382
LS-PCQA,ICIP2023,p58_gpcc-octree-predlift_r04.ply,p58.ply,4.08474576271186,3.935202380952382
LS-PCQA,ICIP2023,p58_gpcc-octree-predlift_r05.ply,p58.ply,4.49180327868853,4.390764880952383
LS-PCQA,ICIP2023,p58_gpcc-octree-predlift_r06.ply,p58.ply,4.49180327868853,4.472255952380953
LS-PCQA,ICIP2023,p58_gpcc-octree-raht_r02.ply,p58.ply,1.87096774193548,2.453122023809522
LS-PCQA,ICIP2023,p58_gpcc-octree-raht_r03.ply,p58.ply,2.96610169491525,3.3180267857142867
LS-PCQA,ICIP2023,p58_gpcc-octree-raht_r04.ply,p58.ply,4.01639344262295,4.061107142857143
LS-PCQA,ICIP2023,p58_gpcc-octree-raht_r05.ply,p58.ply,4.37704918032787,4.446023809523811
LS-PCQA,ICIP2023,p58_gpcc-octree-raht_r06.ply,p58.ply,4.35,4.510193452380954
LS-PCQA,ICIP2023,p58_vpcc_r00.ply,p58.ply,2.66666666666667,3.3847797619047615
LS-PCQA,ICIP2023,p58_vpcc_r01.ply,p58.ply,3.27868852459016,3.7631041666666665
LS-PCQA,ICIP2023,p58_vpcc_r02.ply,p58.ply,3.96825396825397,4.014973214285714
LS-PCQA,ICIP2023,p58_vpcc_r03.ply,p58.ply,4.19672131147541,4.310005952380953
LS-PCQA,ICIP2023,p58_vpcc_r04.ply,p58.ply,4.19672131147541,4.4323095238095265
LS-PCQA,ICIP2023,p58_vpcc_r05.ply,p58.ply,4.28333333333333,4.584386904761907
LS-PCQA,ICIP2023,p65_geocnn_r01.ply,p65.ply,3.66666666666667,4.0235029761904775
LS-PCQA,ICIP2023,p65_geocnn_r02.ply,p65.ply,4.25806451612903,3.9783720238095253
LS-PCQA,ICIP2023,p65_geocnn_r03.ply,p65.ply,4.6271186440678,4.079032738095239
LS-PCQA,ICIP2023,p65_geocnn_r04.ply,p65.ply,4.33333333333333,4.111627976190477
LS-PCQA,ICIP2023,p65_gpcc-octree-predlift_r02.ply,p65.ply,1.43333333333333,2.3406220238095248
LS-PCQA,ICIP2023,p65_gpcc-octree-predlift_r03.ply,p65.ply,2.68333333333333,2.5441785714285707
LS-PCQA,ICIP2023,p65_gpcc-octree-predlift_r04.ply,p65.ply,4.05,3.2949196428571423
LS-PCQA,ICIP2023,p65_gpcc-octree-predlift_r05.ply,p65.ply,4.24590163934426,3.702889880952382
LS-PCQA,ICIP2023,p65_gpcc-octree-predlift_r06.ply,p65.ply,4.31666666666667,4.380711309523809
LS-PCQA,ICIP2023,p65_gpcc-octree-raht_r02.ply,p65.ply,1.21666666666667,2.296074404761905
LS-PCQA,ICIP2023,p65_gpcc-octree-raht_r03.ply,p65.ply,2.32203389830508,2.4949226190476175
LS-PCQA,ICIP2023,p65_gpcc-octree-raht_r04.ply,p65.ply,3.96610169491525,3.2954553571428566
LS-PCQA,ICIP2023,p65_gpcc-octree-raht_r05.ply,p65.ply,4.30508474576271,3.756919642857145
LS-PCQA,ICIP2023,p65_gpcc-octree-raht_r06.ply,p65.ply,4.45,4.399690476190476
LS-PCQA,ICIP2023,p65_vpcc_r00.ply,p65.ply,1.69491525423729,2.9167499999999986
LS-PCQA,ICIP2023,p65_vpcc_r01.ply,p65.ply,2.83333333333333,3.0959285714285705
LS-PCQA,ICIP2023,p65_vpcc_r02.ply,p65.ply,3.5,3.508955357142855
LS-PCQA,ICIP2023,p65_vpcc_r03.ply,p65.ply,4.26229508196721,3.9709761904761893
LS-PCQA,ICIP2023,p65_vpcc_r04.ply,p65.ply,4.35,4.218523809523813
LS-PCQA,ICIP2023,p65_vpcc_r05.ply,p65.ply,4.48333333333333,4.408044642857145
LS-PCQA,ICIP2023,p67_geocnn_r01.ply,p67.ply,2.75862068965517,4.177886904761906
LS-PCQA,ICIP2023,p67_geocnn_r02.ply,p67.ply,3.83050847457627,4.26413392857143
LS-PCQA,ICIP2023,p67_geocnn_r03.ply,p67.ply,4.01612903225806,4.30567261904762
LS-PCQA,ICIP2023,p67_geocnn_r04.ply,p67.ply,4.27118644067797,4.280845238095239
LS-PCQA,ICIP2023,p67_gpcc-octree-predlift_r02.ply,p67.ply,1.56451612903226,2.6834702380952375
LS-PCQA,ICIP2023,p67_gpcc-octree-predlift_r03.ply,p67.ply,3.0327868852459,3.334541666666667
LS-PCQA,ICIP2023,p67_gpcc-octree-predlift_r04.ply,p67.ply,4.50847457627119,4.154244047619048
LS-PCQA,ICIP2023,p67_gpcc-octree-predlift_r05.ply,p67.ply,4.42622950819672,4.2997827380952405
LS-PCQA,ICIP2023,p67_gpcc-octree-predlift_r06.ply,p67.ply,4.46666666666667,4.4648095238095244
LS-PCQA,ICIP2023,p67_gpcc-octree-raht_r02.ply,p67.ply,1.40677966101695,2.6299166666666673
LS-PCQA,ICIP2023,p67_gpcc-octree-raht_r03.ply,p67.ply,2.91666666666667,3.232830357142857
LS-PCQA,ICIP2023,p67_gpcc-octree-raht_r04.ply,p67.ply,4.24590163934426,4.05503869047619
LS-PCQA,ICIP2023,p67_gpcc-octree-raht_r05.ply,p67.ply,4.55,4.368458333333336
LS-PCQA,ICIP2023,p67_gpcc-octree-raht_r06.ply,p67.ply,4.65573770491803,4.490880952380953
LS-PCQA,ICIP2023,p67_vpcc_r00.ply,p67.ply,2.5,3.194407738095238
LS-PCQA,ICIP2023,p67_vpcc_r01.ply,p67.ply,3.5,3.502528273809523
LS-PCQA,ICIP2023,p67_vpcc_r02.ply,p67.ply,3.93220338983051,4.056645833333332
LS-PCQA,ICIP2023,p67_vpcc_r03.ply,p67.ply,4.3,4.391681547619047
LS-PCQA,ICIP2023,p67_vpcc_r04.ply,p67.ply,4.50847457627119,4.513684523809524
LS-PCQA,ICIP2023,p67_vpcc_r05.ply,p67.ply,4.41935483870968,4.56775
LS-PCQA,ICIP2023,p68_geocnn_r03.ply,p68.ply,4.49180327868853,4.156169642857144
LS-PCQA,ICIP2023,p68_geocnn_r04.ply,p68.ply,4.66666666666667,4.251913690476191
LS-PCQA,ICIP2023,p68_gpcc-octree-predlift_r02.ply,p68.ply,1.40322580645161,2.530836309523808
LS-PCQA,ICIP2023,p68_gpcc-octree-predlift_r03.ply,p68.ply,3.27118644067797,3.2265446428571427
LS-PCQA,ICIP2023,p68_gpcc-octree-predlift_r04.ply,p68.ply,4.34426229508197,3.765217261904764
LS-PCQA,ICIP2023,p68_gpcc-octree-predlift_r05.ply,p68.ply,4.32758620689655,4.34768154761905
LS-PCQA,ICIP2023,p68_gpcc-octree-predlift_r06.ply,p68.ply,4.65,4.336526785714285
LS-PCQA,ICIP2023,p68_gpcc-octree-raht_r02.ply,p68.ply,1.13333333333333,2.45932738095238
LS-PCQA,ICIP2023,p68_gpcc-octree-raht_r03.ply,p68.ply,3.55172413793103,3.1343988095238093
LS-PCQA,ICIP2023,p68_gpcc-octree-raht_r04.ply,p68.ply,4.42622950819672,3.718583333333334
LS-PCQA,ICIP2023,p68_gpcc-octree-raht_r05.ply,p68.ply,4.62295081967213,4.368473214285717
LS-PCQA,ICIP2023,p68_gpcc-octree-raht_r06.ply,p68.ply,4.68852459016394,4.39720238095238
LS-PCQA,ICIP2023,p68_vpcc_r00.ply,p68.ply,2.04918032786885,2.9121041666666656
LS-PCQA,ICIP2023,p68_vpcc_r01.ply,p68.ply,3.44262295081967,3.600113095238094
LS-PCQA,ICIP2023,p68_vpcc_r02.ply,p68.ply,4.0655737704918,3.8467797619047617
LS-PCQA,ICIP2023,p68_vpcc_r03.ply,p68.ply,4.22033898305085,3.923613095238096
LS-PCQA,ICIP2023,p68_vpcc_r04.ply,p68.ply,4.48333333333333,4.155482142857144
LS-PCQA,ICIP2023,p68_vpcc_r05.ply,p68.ply,4.5,4.293413690476193
LS-PCQA,ICIP2023,p69_geocnn_r01.ply,p69.ply,3.83333333333333,3.990312500000002
LS-PCQA,ICIP2023,p69_geocnn_r02.ply,p69.ply,4.14516129032258,4.159702380952384
LS-PCQA,ICIP2023,p69_geocnn_r03.ply,p69.ply,4.21666666666667,4.181946428571429
LS-PCQA,ICIP2023,p69_geocnn_r04.ply,p69.ply,4.6271186440678,4.171017857142858
LS-PCQA,ICIP2023,p69_gpcc-octree-predlift_r02.ply,p69.ply,1.54098360655738,2.8193839285714275
LS-PCQA,ICIP2023,p69_gpcc-octree-predlift_r03.ply,p69.ply,3.27868852459016,3.365633928571428
LS-PCQA,ICIP2023,p69_gpcc-octree-predlift_r04.ply,p69.ply,4.19354838709677,3.9439583333333332
LS-PCQA,ICIP2023,p69_gpcc-octree-predlift_r05.ply,p69.ply,4.53333333333333,4.129065476190478
LS-PCQA,ICIP2023,p69_gpcc-octree-predlift_r06.ply,p69.ply,4.64406779661017,4.4583988095238105
LS-PCQA,ICIP2023,p69_gpcc-octree-raht_r02.ply,p69.ply,1.60655737704918,2.7540059523809517
LS-PCQA,ICIP2023,p69_gpcc-octree-raht_r03.ply,p69.ply,2.63333333333333,3.3720476190476183
LS-PCQA,ICIP2023,p69_gpcc-octree-raht_r04.ply,p69.ply,4.01724137931035,3.869875000000001
LS-PCQA,ICIP2023,p69_gpcc-octree-raht_r05.ply,p69.ply,4.70491803278689,4.18475892857143
LS-PCQA,ICIP2023,p69_gpcc-octree-raht_r06.ply,p69.ply,4.6271186440678,4.5119375
LS-PCQA,ICIP2023,p69_vpcc_r00.ply,p69.ply,2.12280701754386,3.5924285714285715
LS-PCQA,ICIP2023,p69_vpcc_r01.ply,p69.ply,2.75862068965517,3.6811488095238105
LS-PCQA,ICIP2023,p69_vpcc_r02.ply,p69.ply,3.40983606557377,3.7599107142857138
LS-PCQA,ICIP2023,p69_vpcc_r03.ply,p69.ply,4.0327868852459,4.006482142857144
LS-PCQA,ICIP2023,p69_vpcc_r04.ply,p69.ply,4.51666666666667,4.282428571428572
LS-PCQA,ICIP2023,p69_vpcc_r05.ply,p69.ply,4.42622950819672,3.9565952380952387
LS-PCQA,ICIP2023,p70_geocnn_r01.ply,p70.ply,3.83333333333333,4.163092261904763
LS-PCQA,ICIP2023,p70_geocnn_r02.ply,p70.ply,4.41666666666667,4.240875000000002
LS-PCQA,ICIP2023,p70_geocnn_r03.ply,p70.ply,4.44262295081967,4.287279761904763
LS-PCQA,ICIP2023,p70_geocnn_r04.ply,p70.ply,4.25862068965517,4.317300595238096
LS-PCQA,ICIP2023,p70_gpcc-octree-predlift_r02.ply,p70.ply,1.1864406779661,2.769476190476189
LS-PCQA,ICIP2023,p70_gpcc-octree-predlift_r03.ply,p70.ply,2.64406779661017,3.5790148809523816
LS-PCQA,ICIP2023,p70_gpcc-octree-predlift_r04.ply,p70.ply,4.19047619047619,4.070511904761906
LS-PCQA,ICIP2023,p70_gpcc-octree-predlift_r05.ply,p70.ply,4.44262295081967,4.356931547619048
LS-PCQA,ICIP2023,p70_gpcc-octree-predlift_r06.ply,p70.ply,4.45,4.410354166666668
LS-PCQA,ICIP2023,p70_gpcc-octree-raht_r02.ply,p70.ply,1.41935483870968,2.785193452380952
LS-PCQA,ICIP2023,p70_gpcc-octree-raht_r03.ply,p70.ply,2.34426229508197,3.423410714285713
LS-PCQA,ICIP2023,p70_gpcc-octree-raht_r04.ply,p70.ply,4.10169491525424,4.144178571428571
LS-PCQA,ICIP2023,p70_gpcc-octree-raht_r05.ply,p70.ply,4.46774193548387,4.375943452380954
LS-PCQA,ICIP2023,p70_gpcc-octree-raht_r06.ply,p70.ply,4.33898305084746,4.4212619047619075
LS-PCQA,ICIP2023,p70_vpcc_r00.ply,p70.ply,1.66666666666667,3.1592886904761905
LS-PCQA,ICIP2023,p70_vpcc_r01.ply,p70.ply,2.43103448275862,3.6979211309523805
LS-PCQA,ICIP2023,p70_vpcc_r02.ply,p70.ply,3.26229508196721,4.103404761904763
LS-PCQA,ICIP2023,p70_vpcc_r03.ply,p70.ply,4.08196721311475,4.418419642857144
LS-PCQA,ICIP2023,p70_vpcc_r04.ply,p70.ply,4.36666666666667,4.451443452380954
LS-PCQA,ICIP2023,p70_vpcc_r05.ply,p70.ply,4.38333333333333,4.502625000000003
LS-PCQA,ICIP2023,p72_geocnn_r01.ply,p72.ply,3.08333333333333,4.223702380952384
LS-PCQA,ICIP2023,p72_geocnn_r02.ply,p72.ply,3.48333333333333,4.273598214285716
LS-PCQA,ICIP2023,p72_geocnn_r03.ply,p72.ply,3.63793103448276,4.314375000000001
LS-PCQA,ICIP2023,p72_geocnn_r04.ply,p72.ply,3.94915254237288,4.256461309523811
LS-PCQA,ICIP2023,p72_gpcc-octree-predlift_r02.ply,p72.ply,1.3,2.5925327380952377
LS-PCQA,ICIP2023,p72_gpcc-octree-predlift_r03.ply,p72.ply,2.59322033898305,3.4592380952380943
LS-PCQA,ICIP2023,p72_gpcc-octree-predlift_r04.ply,p72.ply,4.18333333333333,3.9458750000000005
LS-PCQA,ICIP2023,p72_gpcc-octree-predlift_r05.ply,p72.ply,4.18032786885246,4.353119047619049
LS-PCQA,ICIP2023,p72_gpcc-octree-predlift_r06.ply,p72.ply,4.33333333333333,4.487869047619049
LS-PCQA,ICIP2023,p72_gpcc-octree-raht_r02.ply,p72.ply,1.22413793103448,2.5330773809523794
LS-PCQA,ICIP2023,p72_gpcc-octree-raht_r03.ply,p72.ply,2.65573770491803,3.467892857142857
LS-PCQA,ICIP2023,p72_gpcc-octree-raht_r04.ply,p72.ply,3.91525423728814,3.971550595238095
LS-PCQA,ICIP2023,p72_gpcc-octree-raht_r05.ply,p72.ply,4.25,4.392270833333335
LS-PCQA,ICIP2023,p72_gpcc-octree-raht_r06.ply,p72.ply,4.31666666666667,4.499425595238097
LS-PCQA,ICIP2023,p72_vpcc_r00.ply,p72.ply,1.89830508474576,3.5681041666666657
LS-PCQA,ICIP2023,p72_vpcc_r01.ply,p72.ply,2.66666666666667,3.843249999999998
LS-PCQA,ICIP2023,p72_vpcc_r02.ply,p72.ply,3.35,4.024690476190477
LS-PCQA,ICIP2023,p72_vpcc_r03.ply,p72.ply,3.72413793103448,4.406654761904764
LS-PCQA,ICIP2023,p72_vpcc_r04.ply,p72.ply,4.11475409836066,4.458360119047622
LS-PCQA,ICIP2023,p72_vpcc_r05.ply,p72.ply,4.31147540983607,4.581997023809526
LS-PCQA,ICIP2023,p74_geocnn_r01.ply,p74.ply,1.94915254237288,3.7774226190476217
LS-PCQA,ICIP2023,p74_geocnn_r02.ply,p74.ply,3.53448275862069,3.8966636904761907
LS-PCQA,ICIP2023,p74_geocnn_r03.ply,p74.ply,3.76190476190476,4.006589285714285
LS-PCQA,ICIP2023,p74_geocnn_r04.ply,p74.ply,3.76666666666667,4.125455357142858
LS-PCQA,ICIP2023,p74_gpcc-octree-predlift_r02.ply,p74.ply,1.2741935483871,2.6420892857142855
LS-PCQA,ICIP2023,p74_gpcc-octree-predlift_r03.ply,p74.ply,2.18965517241379,3.385571428571428
LS-PCQA,ICIP2023,p74_gpcc-octree-predlift_r04.ply,p74.ply,3.66129032258065,3.7726488095238113
LS-PCQA,ICIP2023,p74_gpcc-octree-predlift_r05.ply,p74.ply,4.01694915254237,4.165642857142858
LS-PCQA,ICIP2023,p74_gpcc-octree-predlift_r06.ply,p74.ply,4.0655737704918,4.498196428571429
LS-PCQA,ICIP2023,p74_gpcc-octree-raht_r02.ply,p74.ply,1.33898305084746,2.5841874999999987
LS-PCQA,ICIP2023,p74_gpcc-octree-raht_r03.ply,p74.ply,2.18032786885246,3.251169642857142
LS-PCQA,ICIP2023,p74_gpcc-octree-raht_r04.ply,p74.ply,3.8,3.8443690476190486
LS-PCQA,ICIP2023,p74_gpcc-octree-raht_r05.ply,p74.ply,4.01666666666667,4.314544642857145
LS-PCQA,ICIP2023,p74_gpcc-octree-raht_r06.ply,p74.ply,4.0,4.50634523809524
LS-PCQA,ICIP2023,p74_vpcc_r00.ply,p74.ply,2.41935483870968,3.5304836309523813
LS-PCQA,ICIP2023,p74_vpcc_r01.ply,p74.ply,3.15254237288136,3.8357827380952374
LS-PCQA,ICIP2023,p74_vpcc_r02.ply,p74.ply,3.98275862068966,4.09222619047619
LS-PCQA,ICIP2023,p74_vpcc_r03.ply,p74.ply,4.13559322033898,4.332574404761907
LS-PCQA,ICIP2023,p74_vpcc_r04.ply,p74.ply,3.93333333333333,4.424119047619051
LS-PCQA,ICIP2023,p74_vpcc_r05.ply,p74.ply,4.1864406779661,4.500910714285715
LS-PCQA,ICIP2023,p75_geocnn_r01.ply,p75.ply,2.53225806451613,3.5539375000000017
LS-PCQA,ICIP2023,p75_geocnn_r02.ply,p75.ply,3.3448275862069,3.7673452380952415
LS-PCQA,ICIP2023,p75_geocnn_r03.ply,p75.ply,3.55737704918033,3.842026785714288
LS-PCQA,ICIP2023,p75_geocnn_r04.ply,p75.ply,4.08474576271186,4.054752976190477
LS-PCQA,ICIP2023,p75_gpcc-octree-predlift_r02.ply,p75.ply,1.41379310344828,2.5718541666666654
LS-PCQA,ICIP2023,p75_gpcc-octree-predlift_r03.ply,p75.ply,2.95081967213115,2.7942380952380956
LS-PCQA,ICIP2023,p75_gpcc-octree-predlift_r04.ply,p75.ply,4.09677419354839,3.769505952380952
LS-PCQA,ICIP2023,p75_gpcc-octree-predlift_r05.ply,p75.ply,4.4,4.029428571428571
LS-PCQA,ICIP2023,p75_gpcc-octree-predlift_r06.ply,p75.ply,4.22033898305085,4.463101190476194
LS-PCQA,ICIP2023,p75_gpcc-octree-raht_r02.ply,p75.ply,1.47457627118644,2.5298839285714263
LS-PCQA,ICIP2023,p75_gpcc-octree-raht_r03.ply,p75.ply,2.61666666666667,2.837372023809524
LS-PCQA,ICIP2023,p75_gpcc-octree-raht_r04.ply,p75.ply,4.19672131147541,3.8602886904761897
LS-PCQA,ICIP2023,p75_gpcc-octree-raht_r05.ply,p75.ply,4.29310344827586,4.098133928571428
LS-PCQA,ICIP2023,p75_gpcc-octree-raht_r06.ply,p75.ply,4.12068965517241,4.483151785714289
LS-PCQA,ICIP2023,p75_vpcc_r00.ply,p75.ply,2.04918032786885,3.3133943452380934
LS-PCQA,ICIP2023,p75_vpcc_r01.ply,p75.ply,3.3728813559322,3.8691607142857136
LS-PCQA,ICIP2023,p75_vpcc_r02.ply,p75.ply,3.63793103448276,4.029261904761906
LS-PCQA,ICIP2023,p75_vpcc_r03.ply,p75.ply,3.9672131147541,4.438339285714285
LS-PCQA,ICIP2023,p75_vpcc_r04.ply,p75.ply,3.96610169491525,4.444464285714286
LS-PCQA,ICIP2023,p75_vpcc_r05.ply,p75.ply,3.79661016949153,4.34495535714286
LS-PCQA,SJTU-PCQA,redandblack_0.ply,redandblack.ply,8.167091836735,4.468875000000001
LS-PCQA,SJTU-PCQA,redandblack_1.ply,redandblack.ply,6.45,4.279547619047621
LS-PCQA,SJTU-PCQA,redandblack_2.ply,redandblack.ply,6.734375,4.187244047619046
LS-PCQA,SJTU-PCQA,redandblack_3.ply,redandblack.ply,4.9,3.998386904761905
LS-PCQA,SJTU-PCQA,redandblack_4.ply,redandblack.ply,6.286989795918,3.568270833333332
LS-PCQA,SJTU-PCQA,redandblack_5.ply,redandblack.ply,3.7578125,2.909419642857141
LS-PCQA,SJTU-PCQA,redandblack_6.ply,redandblack.ply,9.392857142857,4.774639880952379
LS-PCQA,SJTU-PCQA,redandblack_7.ply,redandblack.ply,7.608333333333,3.9995089285714296
LS-PCQA,SJTU-PCQA,redandblack_8.ply,redandblack.ply,7.247448979592,3.668431547619047
LS-PCQA,SJTU-PCQA,redandblack_9.ply,redandblack.ply,6.53125,3.2354255952380964
LS-PCQA,SJTU-PCQA,redandblack_10.ply,redandblack.ply,5.515625,3.1008898809523817
LS-PCQA,SJTU-PCQA,redandblack_11.ply,redandblack.ply,4.780769230769,2.9727053571428566
LS-PCQA,SJTU-PCQA,redandblack_12.ply,redandblack.ply,7.767307692308,4.464675595238097
LS-PCQA,SJTU-PCQA,redandblack_13.ply,redandblack.ply,6.803846153846,4.333318452380954
LS-PCQA,SJTU-PCQA,redandblack_14.ply,redandblack.ply,6.65,4.243958333333334
LS-PCQA,SJTU-PCQA,redandblack_15.ply,redandblack.ply,5.1640625,4.185205357142856
LS-PCQA,SJTU-PCQA,redandblack_16.ply,redandblack.ply,3.709615384615,3.681892857142856
LS-PCQA,SJTU-PCQA,redandblack_17.ply,redandblack.ply,2.141666666667,2.9872529761904754
LS-PCQA,SJTU-PCQA,redandblack_18.ply,redandblack.ply,8.191666666667,4.55858630952381
LS-PCQA,SJTU-PCQA,redandblack_19.ply,redandblack.ply,6.85,4.030934523809523
LS-PCQA,SJTU-PCQA,redandblack_20.ply,redandblack.ply,6.144132653061,3.6220595238095235
LS-PCQA,SJTU-PCQA,redandblack_21.ply,redandblack.ply,4.6484375,3.2434970238095246
LS-PCQA,SJTU-PCQA,redandblack_22.ply,redandblack.ply,3.465384615385,2.847636904761905
LS-PCQA,SJTU-PCQA,redandblack_23.ply,redandblack.ply,1.433333333333,2.8551785714285716
LS-PCQA,SJTU-PCQA,redandblack_24.ply,redandblack.ply,8.2578125,4.273800595238097
LS-PCQA,SJTU-PCQA,redandblack_25.ply,redandblack.ply,7.3515625,3.622973214285715
LS-PCQA,SJTU-PCQA,redandblack_26.ply,redandblack.ply,5.579081632653,2.940145833333333
LS-PCQA,SJTU-PCQA,redandblack_27.ply,redandblack.ply,2.4375,2.5616190476190464
LS-PCQA,SJTU-PCQA,redandblack_28.ply,redandblack.ply,2.275,2.495071428571429
LS-PCQA,SJTU-PCQA,redandblack_29.ply,redandblack.ply,1.0,2.3288809523809526
LS-PCQA,SJTU-PCQA,redandblack_30.ply,redandblack.ply,8.125,4.134264880952381
LS-PCQA,SJTU-PCQA,redandblack_31.ply,redandblack.ply,6.441666666667,3.891699404761904
LS-PCQA,SJTU-PCQA,redandblack_32.ply,redandblack.ply,5.9609375,2.9633779761904755
LS-PCQA,SJTU-PCQA,redandblack_33.ply,redandblack.ply,3.394132653061,2.593145833333332
LS-PCQA,SJTU-PCQA,redandblack_34.ply,redandblack.ply,1.866666666667,2.4898482142857135
LS-PCQA,SJTU-PCQA,redandblack_35.ply,redandblack.ply,1.848076923077,2.335562500000001
LS-PCQA,SJTU-PCQA,redandblack_36.ply,redandblack.ply,8.525,4.451247023809526
LS-PCQA,SJTU-PCQA,redandblack_37.ply,redandblack.ply,6.063461538462,3.633735119047618
LS-PCQA,SJTU-PCQA,redandblack_38.ply,redandblack.ply,5.96875,3.0424583333333315
LS-PCQA,SJTU-PCQA,redandblack_39.ply,redandblack.ply,3.125,2.547372023809524
LS-PCQA,SJTU-PCQA,redandblack_40.ply,redandblack.ply,1.876923076923,2.451336309523811
LS-PCQA,SJTU-PCQA,redandblack_41.ply,redandblack.ply,1.691666666667,2.2641250000000017
LS-PCQA,SJTU-PCQA,ULB Unicorn_0.ply,ULB Unicorn.ply,8.220663265306,4.416738095238097
LS-PCQA,SJTU-PCQA,ULB Unicorn_1.ply,ULB Unicorn.ply,7.405769230769,4.13998511904762
LS-PCQA,SJTU-PCQA,ULB Unicorn_2.ply,ULB Unicorn.ply,6.975,3.73516369047619
LS-PCQA,SJTU-PCQA,ULB Unicorn_3.ply,ULB Unicorn.ply,6.1015625,3.4827351190476183
LS-PCQA,SJTU-PCQA,ULB Unicorn_4.ply,ULB Unicorn.ply,4.963461538462,3.1098749999999997
LS-PCQA,SJTU-PCQA,ULB Unicorn_5.ply,ULB Unicorn.ply,2.380102040816,2.553520833333333
LS-PCQA,SJTU-PCQA,ULB Unicorn_6.ply,ULB Unicorn.ply,7.688461538462,4.624616071428571
LS-PCQA,SJTU-PCQA,ULB Unicorn_7.ply,ULB Unicorn.ply,8.3671875,4.315836309523812
LS-PCQA,SJTU-PCQA,ULB Unicorn_8.ply,ULB Unicorn.ply,6.553571428571,3.8963244047619043
LS-PCQA,SJTU-PCQA,ULB Unicorn_9.ply,ULB Unicorn.ply,6.880769230769,3.6355446428571425
LS-PCQA,SJTU-PCQA,ULB Unicorn_10.ply,ULB Unicorn.ply,6.348076923077,3.3991696428571414
LS-PCQA,SJTU-PCQA,ULB Unicorn_11.ply,ULB Unicorn.ply,5.9453125,3.0195535714285726
LS-PCQA,SJTU-PCQA,ULB Unicorn_12.ply,ULB Unicorn.ply,7.352040816327,4.32353869047619
LS-PCQA,SJTU-PCQA,ULB Unicorn_13.ply,ULB Unicorn.ply,5.857692307692,4.106907738095237
LS-PCQA,SJTU-PCQA,ULB Unicorn_14.ply,ULB Unicorn.ply,6.226923076923,3.8471517857142867
LS-PCQA,SJTU-PCQA,ULB Unicorn_15.ply,ULB Unicorn.ply,5.525510204082,3.5256636904761907
LS-PCQA,SJTU-PCQA,ULB Unicorn_16.ply,ULB Unicorn.ply,3.5859375,3.1787767857142866
LS-PCQA,SJTU-PCQA,ULB Unicorn_17.ply,ULB Unicorn.ply,1.848076923077,2.6258601190476183
LS-PCQA,SJTU-PCQA,ULB Unicorn_18.ply,ULB Unicorn.ply,6.841666666667,4.521997023809524
LS-PCQA,SJTU-PCQA,ULB Unicorn_19.ply,ULB Unicorn.ply,6.5703125,4.026598214285714
LS-PCQA,SJTU-PCQA,ULB Unicorn_20.ply,ULB Unicorn.ply,5.141666666667,3.8793214285714277
LS-PCQA,SJTU-PCQA,ULB Unicorn_21.ply,ULB Unicorn.ply,4.234375,3.5856041666666654
LS-PCQA,SJTU-PCQA,ULB Unicorn_22.ply,ULB Unicorn.ply,3.455769230769,2.996059523809523
LS-PCQA,SJTU-PCQA,ULB Unicorn_23.ply,ULB Unicorn.ply,1.377551020408,2.355425595238095
LS-PCQA,SJTU-PCQA,ULB Unicorn_24.ply,ULB Unicorn.ply,7.2,4.253104166666665
LS-PCQA,SJTU-PCQA,ULB Unicorn_25.ply,ULB Unicorn.ply,5.9296875,3.768913690476192
LS-PCQA,SJTU-PCQA,ULB Unicorn_26.ply,ULB Unicorn.ply,4.6328125,3.241392857142856
LS-PCQA,SJTU-PCQA,ULB Unicorn_27.ply,ULB Unicorn.ply,2.067602040816,2.5174464285714295
LS-PCQA,SJTU-PCQA,ULB Unicorn_28.ply,ULB Unicorn.ply,1.5,2.2279017857142858
LS-PCQA,SJTU-PCQA,ULB Unicorn_29.ply,ULB Unicorn.ply,1.223076923077,2.0770178571428564
LS-PCQA,SJTU-PCQA,ULB Unicorn_30.ply,ULB Unicorn.ply,7.767857142857,4.177889880952381
LS-PCQA,SJTU-PCQA,ULB Unicorn_31.ply,ULB Unicorn.ply,7.155612244898,4.2046696428571435
LS-PCQA,SJTU-PCQA,ULB Unicorn_32.ply,ULB Unicorn.ply,4.59056122449,3.3448422619047613
LS-PCQA,SJTU-PCQA,ULB Unicorn_33.ply,ULB Unicorn.ply,2.609375,2.682872023809523
LS-PCQA,SJTU-PCQA,ULB Unicorn_34.ply,ULB Unicorn.ply,1.857692307692,2.499232142857143
LS-PCQA,SJTU-PCQA,ULB Unicorn_35.ply,ULB Unicorn.ply,1.3,2.4081666666666677
LS-PCQA,SJTU-PCQA,ULB Unicorn_36.ply,ULB Unicorn.ply,8.375,4.465812500000001
LS-PCQA,SJTU-PCQA,ULB Unicorn_37.ply,ULB Unicorn.ply,7.066326530612,4.149276785714285
LS-PCQA,SJTU-PCQA,ULB Unicorn_38.ply,ULB Unicorn.ply,5.15,3.4351354166666663
LS-PCQA,SJTU-PCQA,ULB Unicorn_39.ply,ULB Unicorn.ply,3.103316326531,2.5480565476190464
LS-PCQA,SJTU-PCQA,ULB Unicorn_40.ply,ULB Unicorn.ply,2.2,2.444607142857144
LS-PCQA,SJTU-PCQA,ULB Unicorn_41.ply,ULB Unicorn.ply,1.30612244898,2.375776785714286
LS-PCQA,SJTU-PCQA,loot_0.ply,loot.ply,6.996153846154,4.518458333333334
LS-PCQA,SJTU-PCQA,loot_1.ply,loot.ply,7.0859375,4.3294047619047635
LS-PCQA,SJTU-PCQA,loot_2.ply,loot.ply,5.383333333333,4.158324404761906
LS-PCQA,SJTU-PCQA,loot_3.ply,loot.ply,5.208333333333,3.643119047619047
LS-PCQA,SJTU-PCQA,loot_4.ply,loot.ply,6.679846938776,3.484547619047618
LS-PCQA,SJTU-PCQA,loot_5.ply,loot.ply,2.708333333333,3.1265892857142847
LS-PCQA,SJTU-PCQA,loot_6.ply,loot.ply,9.65,4.765285714285714
LS-PCQA,SJTU-PCQA,loot_7.ply,loot.ply,7.316666666667,3.8460803571428586
LS-PCQA,SJTU-PCQA,loot_8.ply,loot.ply,5.396683673469,3.6324970238095258
LS-PCQA,SJTU-PCQA,loot_9.ply,loot.ply,4.584615384615,3.363839285714286
LS-PCQA,SJTU-PCQA,loot_10.ply,loot.ply,4.230867346939,3.2431934523809525
LS-PCQA,SJTU-PCQA,loot_11.ply,loot.ply,4.0625,3.051214285714286
LS-PCQA,SJTU-PCQA,loot_12.ply,loot.ply,8.267307692308,4.475669642857146
LS-PCQA,SJTU-PCQA,loot_13.ply,loot.ply,8.613520408163,4.440264880952383
LS-PCQA,SJTU-PCQA,loot_14.ply,loot.ply,7.676020408163,4.379752976190478
LS-PCQA,SJTU-PCQA,loot_15.ply,loot.ply,5.78125,4.297300595238095
LS-PCQA,SJTU-PCQA,loot_16.ply,loot.ply,2.975,3.9803988095238094
LS-PCQA,SJTU-PCQA,loot_17.ply,loot.ply,1.85,3.310940476190476
LS-PCQA,SJTU-PCQA,loot_18.ply,loot.ply,8.180769230769,4.523553571428573
LS-PCQA,SJTU-PCQA,loot_19.ply,loot.ply,6.925,3.903946428571428
LS-PCQA,SJTU-PCQA,loot_20.ply,loot.ply,4.8,3.6208660714285723
LS-PCQA,SJTU-PCQA,loot_21.ply,loot.ply,4.299744897959,3.361857142857143
LS-PCQA,SJTU-PCQA,loot_22.ply,loot.ply,2.283333333333,3.175800595238093
LS-PCQA,SJTU-PCQA,loot_23.ply,loot.ply,1.223076923077,2.8684345238095226
LS-PCQA,SJTU-PCQA,loot_24.ply,loot.ply,7.190384615385,4.218651785714287
LS-PCQA,SJTU-PCQA,loot_25.ply,loot.ply,7.28125,3.807479166666665
LS-PCQA,SJTU-PCQA,loot_26.ply,loot.ply,4.166666666667,2.8796607142857136
LS-PCQA,SJTU-PCQA,loot_27.ply,loot.ply,2.376923076923,2.5400595238095227
LS-PCQA,SJTU-PCQA,loot_28.ply,loot.ply,1.703846153846,2.477589285714286
LS-PCQA,SJTU-PCQA,loot_29.ply,loot.ply,1.0,2.30027380952381
LS-PCQA,SJTU-PCQA,loot_30.ply,loot.ply,7.341666666667,4.205523809523812
LS-PCQA,SJTU-PCQA,loot_31.ply,loot.ply,7.765306122449,3.9158690476190476
LS-PCQA,SJTU-PCQA,loot_32.ply,loot.ply,4.775,3.0359583333333315
LS-PCQA,SJTU-PCQA,loot_33.ply,loot.ply,2.825,2.5291755952380934
LS-PCQA,SJTU-PCQA,loot_34.ply,loot.ply,2.492346938776,2.4361160714285717
LS-PCQA,SJTU-PCQA,loot_35.ply,loot.ply,1.223076923077,2.2708035714285724
LS-PCQA,SJTU-PCQA,loot_36.ply,loot.ply,8.344230769231,4.450157738095239
LS-PCQA,SJTU-PCQA,loot_37.ply,loot.ply,6.7,3.7792738095238096
LS-PCQA,SJTU-PCQA,loot_38.ply,loot.ply,4.25,3.029482142857142
LS-PCQA,SJTU-PCQA,loot_39.ply,loot.ply,2.758333333333,2.6376785714285713
LS-PCQA,SJTU-PCQA,loot_40.ply,loot.ply,1.934615384615,2.4833273809523813
LS-PCQA,SJTU-PCQA,loot_41.ply,loot.ply,1.2,2.268101190476192
LS-PCQA,SJTU-PCQA,soldier_0.ply,soldier.ply,8.3203125,4.5326577380952395
LS-PCQA,SJTU-PCQA,soldier_1.ply,soldier.ply,5.783333333333,4.288675595238098
LS-PCQA,SJTU-PCQA,soldier_2.ply,soldier.ply,5.832692307692,4.141276785714286
LS-PCQA,SJTU-PCQA,soldier_3.ply,soldier.ply,6.175,3.625544642857142
LS-PCQA,SJTU-PCQA,soldier_4.ply,soldier.ply,5.083333333333,3.5351428571428567
LS-PCQA,SJTU-PCQA,soldier_5.ply,soldier.ply,3.835459183673,2.9136458333333333
LS-PCQA,SJTU-PCQA,soldier_6.ply,soldier.ply,9.583333333333,4.79060119047619
LS-PCQA,SJTU-PCQA,soldier_7.ply,soldier.ply,6.950255102041,3.902720238095238
LS-PCQA,SJTU-PCQA,soldier_8.ply,soldier.ply,5.813461538462,3.507818452380952
LS-PCQA,SJTU-PCQA,soldier_9.ply,soldier.ply,6.069230769231,3.255410714285714
LS-PCQA,SJTU-PCQA,soldier_10.ply,soldier.ply,4.516666666667,3.047880952380952
LS-PCQA,SJTU-PCQA,soldier_11.ply,soldier.ply,3.90943877551,2.9784940476190487
LS-PCQA,SJTU-PCQA,soldier_12.ply,soldier.ply,7.615384615385,4.427351190476193
LS-PCQA,SJTU-PCQA,soldier_13.ply,soldier.ply,8.5234375,4.327511904761907
LS-PCQA,SJTU-PCQA,soldier_14.ply,soldier.ply,7.688775510204,4.219916666666669
LS-PCQA,SJTU-PCQA,soldier_15.ply,soldier.ply,5.623076923077,4.124622023809525
LS-PCQA,SJTU-PCQA,soldier_16.ply,soldier.ply,4.1171875,3.6773422619047618
LS-PCQA,SJTU-PCQA,soldier_17.ply,soldier.ply,1.934615384615,3.104184523809524
LS-PCQA,SJTU-PCQA,soldier_18.ply,soldier.ply,9.178571428571,4.602776785714289
LS-PCQA,SJTU-PCQA,soldier_19.ply,soldier.ply,8.1328125,3.7278928571428565
LS-PCQA,SJTU-PCQA,soldier_20.ply,soldier.ply,5.765625,3.416492559523809
LS-PCQA,SJTU-PCQA,soldier_21.ply,soldier.ply,4.463461538462,3.227624999999998
LS-PCQA,SJTU-PCQA,soldier_22.ply,soldier.ply,3.1640625,2.839532738095237
LS-PCQA,SJTU-PCQA,soldier_23.ply,soldier.ply,1.491666666667,2.5254136904761904
LS-PCQA,SJTU-PCQA,soldier_24.ply,soldier.ply,7.816666666667,3.9413214285714298
LS-PCQA,SJTU-PCQA,soldier_25.ply,soldier.ply,5.833333333333,3.1363958333333324
LS-PCQA,SJTU-PCQA,soldier_26.ply,soldier.ply,4.5546875,2.6818184523809525
LS-PCQA,SJTU-PCQA,soldier_27.ply,soldier.ply,1.7265625,2.3314940476190484
LS-PCQA,SJTU-PCQA,soldier_28.ply,soldier.ply,1.781887755102,2.2678333333333343
LS-PCQA,SJTU-PCQA,soldier_29.ply,soldier.ply,1.0,2.2429107142857148
LS-PCQA,SJTU-PCQA,soldier_30.ply,soldier.ply,7.825,4.075532738095238
LS-PCQA,SJTU-PCQA,soldier_31.ply,soldier.ply,7.6640625,3.4289315476190483
LS-PCQA,SJTU-PCQA,soldier_32.ply,soldier.ply,4.334615384615,2.808726190476191
LS-PCQA,SJTU-PCQA,soldier_33.ply,soldier.ply,2.280769230769,2.3135148809523822
LS-PCQA,SJTU-PCQA,soldier_34.ply,soldier.ply,1.8671875,2.3057589285714295
LS-PCQA,SJTU-PCQA,soldier_35.ply,soldier.ply,1.234693877551,2.1570625000000008
LS-PCQA,SJTU-PCQA,soldier_36.ply,soldier.ply,8.65,4.28889880952381
LS-PCQA,SJTU-PCQA,soldier_37.ply,soldier.ply,7.084183673469,3.3842053571428554
LS-PCQA,SJTU-PCQA,soldier_38.ply,soldier.ply,4.358333333333,2.827473214285715
LS-PCQA,SJTU-PCQA,soldier_39.ply,soldier.ply,2.75,2.3240982142857156
LS-PCQA,SJTU-PCQA,soldier_40.ply,soldier.ply,2.320153061224,2.261395833333334
LS-PCQA,SJTU-PCQA,soldier_41.ply,soldier.ply,1.4140625,2.2291011904761917
LS-PCQA,SJTU-PCQA,Romanoillamp_0.ply,Romanoillamp.ply,9.116666666667,4.499812500000001
LS-PCQA,SJTU-PCQA,Romanoillamp_1.ply,Romanoillamp.ply,9.321428571429,4.537002976190479
LS-PCQA,SJTU-PCQA,Romanoillamp_2.ply,Romanoillamp.ply,9.682692307692,4.42632142857143
LS-PCQA,SJTU-PCQA,Romanoillamp_3.ply,Romanoillamp.ply,8.622448979592,4.298017857142858
LS-PCQA,SJTU-PCQA,Romanoillamp_4.ply,Romanoillamp.ply,7.691326530612,4.089830357142856
LS-PCQA,SJTU-PCQA,Romanoillamp_5.ply,Romanoillamp.ply,3.6171875,3.6284047619047626
LS-PCQA,SJTU-PCQA,Romanoillamp_6.ply,Romanoillamp.ply,8.771683673469,4.61629761904762
LS-PCQA,SJTU-PCQA,Romanoillamp_7.ply,Romanoillamp.ply,7.56887755102,4.670125000000002
LS-PCQA,SJTU-PCQA,Romanoillamp_8.ply,Romanoillamp.ply,6.619897959184,4.362095238095237
LS-PCQA,SJTU-PCQA,Romanoillamp_9.ply,Romanoillamp.ply,7.808333333333,3.964395833333332
LS-PCQA,SJTU-PCQA,Romanoillamp_10.ply,Romanoillamp.ply,6.953125,3.657747023809524
LS-PCQA,SJTU-PCQA,Romanoillamp_11.ply,Romanoillamp.ply,6.2265625,3.656244047619047
LS-PCQA,SJTU-PCQA,Romanoillamp_12.ply,Romanoillamp.ply,7.941666666667,4.4961696428571445
LS-PCQA,SJTU-PCQA,Romanoillamp_13.ply,Romanoillamp.ply,8.163461538462,4.4922440476190495
LS-PCQA,SJTU-PCQA,Romanoillamp_14.ply,Romanoillamp.ply,8.25,4.451404761904763
LS-PCQA,SJTU-PCQA,Romanoillamp_15.ply,Romanoillamp.ply,7.544230769231,4.439214285714287
LS-PCQA,SJTU-PCQA,Romanoillamp_16.ply,Romanoillamp.ply,5.125,4.320928571428573
LS-PCQA,SJTU-PCQA,Romanoillamp_17.ply,Romanoillamp.ply,2.723076923077,3.9389077380952386
LS-PCQA,SJTU-PCQA,Romanoillamp_18.ply,Romanoillamp.ply,9.553571428571,4.58472023809524
LS-PCQA,SJTU-PCQA,Romanoillamp_19.ply,Romanoillamp.ply,8.71875,4.485848214285717
LS-PCQA,SJTU-PCQA,Romanoillamp_20.ply,Romanoillamp.ply,7.296153846154,4.301232142857143
LS-PCQA,SJTU-PCQA,Romanoillamp_21.ply,Romanoillamp.ply,6.198076923077,3.904910714285714
LS-PCQA,SJTU-PCQA,Romanoillamp_22.ply,Romanoillamp.ply,6.667091836735,3.644933035714285
LS-PCQA,SJTU-PCQA,Romanoillamp_23.ply,Romanoillamp.ply,2.6,3.271041666666666
LS-PCQA,SJTU-PCQA,Romanoillamp_24.ply,Romanoillamp.ply,8.008333333333,4.395967261904763
LS-PCQA,SJTU-PCQA,Romanoillamp_25.ply,Romanoillamp.ply,8.7734375,4.328610119047619
LS-PCQA,SJTU-PCQA,Romanoillamp_26.ply,Romanoillamp.ply,6.533333333333,3.4803511904761915
LS-PCQA,SJTU-PCQA,Romanoillamp_27.ply,Romanoillamp.ply,3.125,2.8387529761904755
LS-PCQA,SJTU-PCQA,Romanoillamp_28.ply,Romanoillamp.ply,2.411989795918,2.644589285714286
LS-PCQA,SJTU-PCQA,Romanoillamp_29.ply,Romanoillamp.ply,1.433333333333,2.38417261904762
LS-PCQA,SJTU-PCQA,Romanoillamp_30.ply,Romanoillamp.ply,9.40625,4.305523809523809
LS-PCQA,SJTU-PCQA,Romanoillamp_31.ply,Romanoillamp.ply,7.008333333333,4.254261904761905
LS-PCQA,SJTU-PCQA,Romanoillamp_32.ply,Romanoillamp.ply,6.166666666667,3.6447857142857174
LS-PCQA,SJTU-PCQA,Romanoillamp_33.ply,Romanoillamp.ply,3.936224489796,2.800642857142857
LS-PCQA,SJTU-PCQA,Romanoillamp_34.ply,Romanoillamp.ply,3.7734375,2.686502976190476
LS-PCQA,SJTU-PCQA,Romanoillamp_35.ply,Romanoillamp.ply,1.5703125,2.4930773809523825
LS-PCQA,SJTU-PCQA,Romanoillamp_36.ply,Romanoillamp.ply,8.433333333333,4.441285714285715
LS-PCQA,SJTU-PCQA,Romanoillamp_37.ply,Romanoillamp.ply,8.5625,4.400889880952381
LS-PCQA,SJTU-PCQA,Romanoillamp_38.ply,Romanoillamp.ply,7.1953125,3.893083333333333
LS-PCQA,SJTU-PCQA,Romanoillamp_39.ply,Romanoillamp.ply,3.545918367347,2.8891398809523796
LS-PCQA,SJTU-PCQA,Romanoillamp_40.ply,Romanoillamp.ply,2.811538461538,2.6907767857142857
LS-PCQA,SJTU-PCQA,Romanoillamp_41.ply,Romanoillamp.ply,1.223076923077,2.5352648809523806
LS-PCQA,SJTU-PCQA,longdress_0.ply,longdress.ply,8.501275510204,4.448952380952382
LS-PCQA,SJTU-PCQA,longdress_1.ply,longdress.ply,6.159615384615,4.120214285714287
LS-PCQA,SJTU-PCQA,longdress_2.ply,longdress.ply,6.3046875,3.7870148809523814
LS-PCQA,SJTU-PCQA,longdress_3.ply,longdress.ply,5.5078125,3.8017529761904765
LS-PCQA,SJTU-PCQA,longdress_4.ply,longdress.ply,7.117346938776,3.738151785714286
LS-PCQA,SJTU-PCQA,longdress_5.ply,longdress.ply,3.40625,3.040416666666665
LS-PCQA,SJTU-PCQA,longdress_6.ply,longdress.ply,9.682692307692,4.716523809523809
LS-PCQA,SJTU-PCQA,longdress_7.ply,longdress.ply,7.526923076923,4.328714285714287
LS-PCQA,SJTU-PCQA,longdress_8.ply,longdress.ply,6.709615384615,3.942928571428571
LS-PCQA,SJTU-PCQA,longdress_9.ply,longdress.ply,4.927295918367,3.5984345238095243
LS-PCQA,SJTU-PCQA,longdress_10.ply,longdress.ply,4.90625,3.441190476190476
LS-PCQA,SJTU-PCQA,longdress_11.ply,longdress.ply,4.091666666667,3.0622380952380954
LS-PCQA,SJTU-PCQA,longdress_12.ply,longdress.ply,8.161538461538,4.471214285714288
LS-PCQA,SJTU-PCQA,longdress_13.ply,longdress.ply,8.38137755102,4.368050595238096
LS-PCQA,SJTU-PCQA,longdress_14.ply,longdress.ply,7.744897959184,4.247151785714286
LS-PCQA,SJTU-PCQA,longdress_15.ply,longdress.ply,5.7578125,3.9596755952380946
LS-PCQA,SJTU-PCQA,longdress_16.ply,longdress.ply,4.421875,3.677595238095239
LS-PCQA,SJTU-PCQA,longdress_17.ply,longdress.ply,2.126923076923,3.066505952380952
LS-PCQA,SJTU-PCQA,longdress_18.ply,longdress.ply,9.171875,4.590002976190477
LS-PCQA,SJTU-PCQA,longdress_19.ply,longdress.ply,6.783333333333,4.142166666666668
LS-PCQA,SJTU-PCQA,longdress_20.ply,longdress.ply,5.849489795918,3.769026785714285
LS-PCQA,SJTU-PCQA,longdress_21.ply,longdress.ply,4.136538461538,3.545901785714286
LS-PCQA,SJTU-PCQA,longdress_22.ply,longdress.ply,3.623724489796,2.994380952380952
LS-PCQA,SJTU-PCQA,longdress_23.ply,longdress.ply,1.790384615385,2.515056547619048
LS-PCQA,SJTU-PCQA,longdress_24.ply,longdress.ply,7.833333333333,4.110940476190477
LS-PCQA,SJTU-PCQA,longdress_25.ply,longdress.ply,6.640384615385,3.3702053571428574
LS-PCQA,SJTU-PCQA,longdress_26.ply,longdress.ply,5.166666666667,3.050214285714286
LS-PCQA,SJTU-PCQA,longdress_27.ply,longdress.ply,3.191666666667,2.451196428571429
LS-PCQA,SJTU-PCQA,longdress_28.ply,longdress.ply,1.4453125,2.312604166666668
LS-PCQA,SJTU-PCQA,longdress_29.ply,longdress.ply,1.075,2.245714285714287
LS-PCQA,SJTU-PCQA,longdress_30.ply,longdress.ply,7.358333333333,4.053205357142855
LS-PCQA,SJTU-PCQA,longdress_31.ply,longdress.ply,6.985969387755,3.4900386904761906
LS-PCQA,SJTU-PCQA,longdress_32.ply,longdress.ply,4.55,3.1000595238095245
LS-PCQA,SJTU-PCQA,longdress_33.ply,longdress.ply,2.515625,2.4575863095238097
LS-PCQA,SJTU-PCQA,longdress_34.ply,longdress.ply,1.987244897959,2.277604166666668
LS-PCQA,SJTU-PCQA,longdress_35.ply,longdress.ply,1.448979591837,2.2158035714285726
LS-PCQA,SJTU-PCQA,longdress_36.ply,longdress.ply,8.325,4.15078273809524
LS-PCQA,SJTU-PCQA,longdress_37.ply,longdress.ply,6.008333333333,3.6466547619047622
LS-PCQA,SJTU-PCQA,longdress_38.ply,longdress.ply,4.825,3.059702380952381
LS-PCQA,SJTU-PCQA,longdress_39.ply,longdress.ply,2.330769230769,2.453636904761905
LS-PCQA,SJTU-PCQA,longdress_40.ply,longdress.ply,1.783333333333,2.259800595238097
LS-PCQA,SJTU-PCQA,longdress_41.ply,longdress.ply,1.433333333333,2.180098214285715
LS-PCQA,SJTU-PCQA,statue_0.ply,statue.ply,6.908333333333,3.896672619047619
LS-PCQA,SJTU-PCQA,statue_1.ply,statue.ply,7.6328125,3.7333363095238083
LS-PCQA,SJTU-PCQA,statue_2.ply,statue.ply,6.168367346939,3.422011904761904
LS-PCQA,SJTU-PCQA,statue_3.ply,statue.ply,4.938775510204,3.4368958333333337
LS-PCQA,SJTU-PCQA,statue_4.ply,statue.ply,3.015625,2.983610119047618
LS-PCQA,SJTU-PCQA,statue_5.ply,statue.ply,1.453125,2.3654434523809527
LS-PCQA,SJTU-PCQA,statue_6.ply,statue.ply,7.40625,4.44265773809524
LS-PCQA,SJTU-PCQA,statue_7.ply,statue.ply,5.459183673469,4.403500000000004
LS-PCQA,SJTU-PCQA,statue_8.ply,statue.ply,6.4,3.8658184523809536
LS-PCQA,SJTU-PCQA,statue_9.ply,statue.ply,5.899234693878,3.466431547619046
LS-PCQA,SJTU-PCQA,statue_10.ply,statue.ply,6.588461538462,3.294226190476189
LS-PCQA,SJTU-PCQA,statue_11.ply,statue.ply,5.107692307692,3.026508928571429
LS-PCQA,SJTU-PCQA,statue_12.ply,statue.ply,7.825,4.179639880952383
LS-PCQA,SJTU-PCQA,statue_13.ply,statue.ply,6.133333333333,3.8667380952380945
LS-PCQA,SJTU-PCQA,statue_14.ply,statue.ply,6.054846938776,3.6583601190476185
LS-PCQA,SJTU-PCQA,statue_15.ply,statue.ply,3.965384615385,3.471660714285715
LS-PCQA,SJTU-PCQA,statue_16.ply,statue.ply,3.4921875,3.2489851190476187
LS-PCQA,SJTU-PCQA,statue_17.ply,statue.ply,1.1875,2.511083333333332
LS-PCQA,SJTU-PCQA,statue_18.ply,statue.ply,7.141666666667,4.2280684523809535
LS-PCQA,SJTU-PCQA,statue_19.ply,statue.ply,6.762755102041,3.911565476190475
LS-PCQA,SJTU-PCQA,statue_20.ply,statue.ply,6.1328125,3.7549077380952367
LS-PCQA,SJTU-PCQA,statue_21.ply,statue.ply,3.441326530612,3.2905654761904755
LS-PCQA,SJTU-PCQA,statue_22.ply,statue.ply,2.5546875,2.6075327380952387
LS-PCQA,SJTU-PCQA,statue_23.ply,statue.ply,1.0,2.1061041666666664
LS-PCQA,SJTU-PCQA,statue_24.ply,statue.ply,5.813775510204,3.89326488095238
LS-PCQA,SJTU-PCQA,statue_25.ply,statue.ply,5.808673469388,3.3648452380952376
LS-PCQA,SJTU-PCQA,statue_26.ply,statue.ply,4.765625,3.1015357142857143
LS-PCQA,SJTU-PCQA,statue_27.ply,statue.ply,1.916666666667,2.4114999999999993
LS-PCQA,SJTU-PCQA,statue_28.ply,statue.ply,2.073979591837,2.2899494047619045
LS-PCQA,SJTU-PCQA,statue_29.ply,statue.ply,1.0,2.0795208333333335
LS-PCQA,SJTU-PCQA,statue_30.ply,statue.ply,6.795918367347,3.934479166666666
LS-PCQA,SJTU-PCQA,statue_31.ply,statue.ply,6.525,3.5897946428571417
LS-PCQA,SJTU-PCQA,statue_32.ply,statue.ply,6.536989795918,3.0968690476190477
LS-PCQA,SJTU-PCQA,statue_33.ply,statue.ply,2.85,2.477973214285713
LS-PCQA,SJTU-PCQA,statue_34.ply,statue.ply,1.625,2.274145833333334
LS-PCQA,SJTU-PCQA,statue_35.ply,statue.ply,1.690051020408,2.197196428571429
LS-PCQA,SJTU-PCQA,statue_36.ply,statue.ply,8.121153846154,3.9995386904761903
LS-PCQA,SJTU-PCQA,statue_37.ply,statue.ply,6.784615384615,3.763949404761906
LS-PCQA,SJTU-PCQA,statue_38.ply,statue.ply,5.184615384615,3.143348214285715
LS-PCQA,SJTU-PCQA,statue_39.ply,statue.ply,3.1796875,2.227681547619048
LS-PCQA,SJTU-PCQA,statue_40.ply,statue.ply,2.463010204082,2.1375059523809523
LS-PCQA,SJTU-PCQA,statue_41.ply,statue.ply,1.617307692308,2.170267857142858
LS-PCQA,SJTU-PCQA,shiva_0.ply,shiva.ply,6.558333333333,4.161529761904763
LS-PCQA,SJTU-PCQA,shiva_1.ply,shiva.ply,7.834615384615,4.215720238095238
LS-PCQA,SJTU-PCQA,shiva_2.ply,shiva.ply,7.767307692308,3.96288988095238
LS-PCQA,SJTU-PCQA,shiva_3.ply,shiva.ply,5.991666666667,3.5352351190476203
LS-PCQA,SJTU-PCQA,shiva_4.ply,shiva.ply,6.6171875,3.434107142857142
LS-PCQA,SJTU-PCQA,shiva_5.ply,shiva.ply,3.262755102041,2.917866071428571
LS-PCQA,SJTU-PCQA,shiva_6.ply,shiva.ply,8.5,4.543455357142858
LS-PCQA,SJTU-PCQA,shiva_7.ply,shiva.ply,6.917091836735,4.642315476190475
LS-PCQA,SJTU-PCQA,shiva_8.ply,shiva.ply,7.844230769231,4.623214285714287
LS-PCQA,SJTU-PCQA,shiva_9.ply,shiva.ply,7.622448979592,4.339160714285715
LS-PCQA,SJTU-PCQA,shiva_10.ply,shiva.ply,6.784615384615,4.042574404761903
LS-PCQA,SJTU-PCQA,shiva_11.ply,shiva.ply,6.244897959184,3.777080357142856
LS-PCQA,SJTU-PCQA,shiva_12.ply,shiva.ply,6.975,4.338431547619049
LS-PCQA,SJTU-PCQA,shiva_13.ply,shiva.ply,6.816666666667,4.3415863095238105
LS-PCQA,SJTU-PCQA,shiva_14.ply,shiva.ply,6.591666666667,4.211419642857144
LS-PCQA,SJTU-PCQA,shiva_15.ply,shiva.ply,6.331632653061,4.182282738095238
LS-PCQA,SJTU-PCQA,shiva_16.ply,shiva.ply,5.94387755102,3.903550595238094
LS-PCQA,SJTU-PCQA,shiva_17.ply,shiva.ply,3.4609375,3.3458660714285706
LS-PCQA,SJTU-PCQA,shiva_18.ply,shiva.ply,7.401785714286,4.431952380952382
LS-PCQA,SJTU-PCQA,shiva_19.ply,shiva.ply,6.833333333333,4.496577380952382
LS-PCQA,SJTU-PCQA,shiva_20.ply,shiva.ply,7.9921875,4.331357142857142
LS-PCQA,SJTU-PCQA,shiva_21.ply,shiva.ply,6.001923076923,4.051940476190476
LS-PCQA,SJTU-PCQA,shiva_22.ply,shiva.ply,5.0078125,3.788752976190476
LS-PCQA,SJTU-PCQA,shiva_23.ply,shiva.ply,2.955357142857,2.980949404761905
LS-PCQA,SJTU-PCQA,shiva_24.ply,shiva.ply,6.525,4.179208333333334
LS-PCQA,SJTU-PCQA,shiva_25.ply,shiva.ply,7.78125,4.10171130952381
LS-PCQA,SJTU-PCQA,shiva_26.ply,shiva.ply,5.724489795918,3.631660714285713
LS-PCQA,SJTU-PCQA,shiva_27.ply,shiva.ply,3.3984375,2.950931547619048
LS-PCQA,SJTU-PCQA,shiva_28.ply,shiva.ply,2.021153846154,2.635354166666667
LS-PCQA,SJTU-PCQA,shiva_29.ply,shiva.ply,1.216666666667,2.3725297619047616
LS-PCQA,SJTU-PCQA,shiva_30.ply,shiva.ply,8.8359375,4.130315476190478
LS-PCQA,SJTU-PCQA,shiva_31.ply,shiva.ply,6.825,4.10211011904762
LS-PCQA,SJTU-PCQA,shiva_32.ply,shiva.ply,5.75,3.8099345238095226
LS-PCQA,SJTU-PCQA,shiva_33.ply,shiva.ply,2.830769230769,2.878470238095239
LS-PCQA,SJTU-PCQA,shiva_34.ply,shiva.ply,2.320153061224,2.6170476190476193
LS-PCQA,SJTU-PCQA,shiva_35.ply,shiva.ply,1.600765306122,2.311372023809524
LS-PCQA,SJTU-PCQA,shiva_36.ply,shiva.ply,7.084183673469,4.241901785714287
LS-PCQA,SJTU-PCQA,shiva_37.ply,shiva.ply,6.673469387755,4.33783035714286
LS-PCQA,SJTU-PCQA,shiva_38.ply,shiva.ply,5.828125,4.088044642857143
LS-PCQA,SJTU-PCQA,shiva_39.ply,shiva.ply,3.733333333333,2.8662053571428583
LS-PCQA,SJTU-PCQA,shiva_40.ply,shiva.ply,3.041666666667,2.548747023809524
LS-PCQA,SJTU-PCQA,shiva_41.ply,shiva.ply,2.108333333333,2.2809613095238093
LS-PCQA,SJTU-PCQA,hhi_0.ply,hhi.ply,9.516666666667,3.05399107142857
LS-PCQA,SJTU-PCQA,hhi_1.ply,hhi.ply,7.7109375,2.534595238095238
LS-PCQA,SJTU-PCQA,hhi_2.ply,hhi.ply,8.9453125,2.4406458333333334
LS-PCQA,SJTU-PCQA,hhi_3.ply,hhi.ply,7.371153846154,2.16860119047619
LS-PCQA,SJTU-PCQA,hhi_4.ply,hhi.ply,4.183333333333,2.0545863095238084
LS-PCQA,SJTU-PCQA,hhi_5.ply,hhi.ply,1.953125,1.978074404761905
LS-PCQA,SJTU-PCQA,hhi_6.ply,hhi.ply,9.796875,4.048744047619048
LS-PCQA,SJTU-PCQA,hhi_7.ply,hhi.ply,6.776923076923,3.327300595238096
LS-PCQA,SJTU-PCQA,hhi_8.ply,hhi.ply,6.107692307692,3.1413154761904747
LS-PCQA,SJTU-PCQA,hhi_9.ply,hhi.ply,6.140625,3.124535714285715
LS-PCQA,SJTU-PCQA,hhi_10.ply,hhi.ply,4.808333333333,2.953154761904762
LS-PCQA,SJTU-PCQA,hhi_11.ply,hhi.ply,5.021153846154,2.856931547619047
LS-PCQA,SJTU-PCQA,hhi_12.ply,hhi.ply,8.741666666667,3.1074434523809513
LS-PCQA,SJTU-PCQA,hhi_13.ply,hhi.ply,6.534615384615,2.8033779761904767
LS-PCQA,SJTU-PCQA,hhi_14.ply,hhi.ply,7.015625,2.6164940476190486
LS-PCQA,SJTU-PCQA,hhi_15.ply,hhi.ply,4.9296875,2.155544642857143
LS-PCQA,SJTU-PCQA,hhi_16.ply,hhi.ply,4.05612244898,2.052342261904761
LS-PCQA,SJTU-PCQA,hhi_17.ply,hhi.ply,1.785714285714,1.8556845238095239
LS-PCQA,SJTU-PCQA,hhi_18.ply,hhi.ply,8.238461538462,3.1055595238095224
LS-PCQA,SJTU-PCQA,hhi_19.ply,hhi.ply,7.399234693878,2.1251696428571414
LS-PCQA,SJTU-PCQA,hhi_20.ply,hhi.ply,5.016666666667,2.0545089285714284
LS-PCQA,SJTU-PCQA,hhi_21.ply,hhi.ply,4.308333333333,1.9799732142857147
LS-PCQA,SJTU-PCQA,hhi_22.ply,hhi.ply,2.4453125,2.0020892857142853
LS-PCQA,SJTU-PCQA,hhi_23.ply,hhi.ply,1.905769230769,1.924068452380952
LS-PCQA,SJTU-PCQA,hhi_24.ply,hhi.ply,7.680769230769,3.0533422619047617
LS-PCQA,SJTU-PCQA,hhi_25.ply,hhi.ply,6.366666666667,2.5401934523809526
LS-PCQA,SJTU-PCQA,hhi_26.ply,hhi.ply,4.5625,2.023848214285714
LS-PCQA,SJTU-PCQA,hhi_27.ply,hhi.ply,2.208333333333,1.8934523809523807
LS-PCQA,SJTU-PCQA,hhi_28.ply,hhi.ply,1.540384615385,1.9051071428571424
LS-PCQA,SJTU-PCQA,hhi_29.ply,hhi.ply,1.0,1.881827380952381
LS-PCQA,SJTU-PCQA,hhi_30.ply,hhi.ply,9.464285714286,3.1440624999999995
LS-PCQA,SJTU-PCQA,hhi_31.ply,hhi.ply,8.3125,3.0492738095238088
LS-PCQA,SJTU-PCQA,hhi_32.ply,hhi.ply,6.836734693878,2.5081696428571427
LS-PCQA,SJTU-PCQA,hhi_33.ply,hhi.ply,3.475,2.047625
LS-PCQA,SJTU-PCQA,hhi_34.ply,hhi.ply,1.867307692308,1.9299196428571435
LS-PCQA,SJTU-PCQA,hhi_35.ply,hhi.ply,1.1953125,1.8979702380952383
LS-PCQA,SJTU-PCQA,hhi_36.ply,hhi.ply,8.219230769231,3.0460773809523793
LS-PCQA,SJTU-PCQA,hhi_37.ply,hhi.ply,5.842307692308,2.2412470238095232
LS-PCQA,SJTU-PCQA,hhi_38.ply,hhi.ply,4.920918367347,2.148107142857143
LS-PCQA,SJTU-PCQA,hhi_39.ply,hhi.ply,2.4921875,2.005318452380953
LS-PCQA,SJTU-PCQA,hhi_40.ply,hhi.ply,2.083333333333,1.9132410714285715
LS-PCQA,SJTU-PCQA,hhi_41.ply,hhi.ply,1.5,1.9218541666666664
LS-PCQA,UnB_PC,amphoriskos_vox10_octree08_jpeg010.ply,amphoriskos_vox10.ply,1.35,2.719148809523809
LS-PCQA,UnB_PC,amphoriskos_vox10_octree08_jpeg050.ply,amphoriskos_vox10.ply,1.55,3.3015625
LS-PCQA,UnB_PC,amphoriskos_vox10_octree08_jpeg090.ply,amphoriskos_vox10.ply,1.6,3.7161726190476183
LS-PCQA,UnB_PC,amphoriskos_vox10_octree09_jpeg010.ply,amphoriskos_vox10.ply,2.15,3.243440476190476
LS-PCQA,UnB_PC,amphoriskos_vox10_octree09_jpeg050.ply,amphoriskos_vox10.ply,3.2,4.142113095238094
LS-PCQA,UnB_PC,amphoriskos_vox10_octree09_jpeg090.ply,amphoriskos_vox10.ply,3.8,4.336580357142857
LS-PCQA,UnB_PC,amphoriskos_vox10_octree10_jpeg010.ply,amphoriskos_vox10.ply,2.85,3.4210654761904773
LS-PCQA,UnB_PC,amphoriskos_vox10_octree10_jpeg050.ply,amphoriskos_vox10.ply,3.9,4.146113095238094
LS-PCQA,UnB_PC,amphoriskos_vox10_octree10_jpeg090.ply,amphoriskos_vox10.ply,4.6,4.637851190476191
LS-PCQA,UnB_PC,amphoriskos_vox10_hidden.ply,amphoriskos_vox10.ply,4.9,4.423330357142857
LS-PCQA,UnB_PC,biplane_vox10_octree08_jpeg010.ply,biplane_vox10.ply,1.25,2.5330863095238096
LS-PCQA,UnB_PC,biplane_vox10_octree08_jpeg050.ply,biplane_vox10.ply,1.6,2.524613095238096
LS-PCQA,UnB_PC,biplane_vox10_octree08_jpeg090.ply,biplane_vox10.ply,1.65,2.5331845238095227
LS-PCQA,UnB_PC,biplane_vox10_octree09_jpeg010.ply,biplane_vox10.ply,2.0,2.830130952380953
LS-PCQA,UnB_PC,biplane_vox10_octree09_jpeg050.ply,biplane_vox10.ply,3.25,3.316014880952381
LS-PCQA,UnB_PC,biplane_vox10_octree09_jpeg090.ply,biplane_vox10.ply,3.55,3.4377589285714287
LS-PCQA,UnB_PC,biplane_vox10_octree10_jpeg010.ply,biplane_vox10.ply,3.1,3.8178809523809525
LS-PCQA,UnB_PC,biplane_vox10_octree10_jpeg050.ply,biplane_vox10.ply,4.2,4.138035714285715
LS-PCQA,UnB_PC,biplane_vox10_octree10_jpeg090.ply,biplane_vox10.ply,4.3,4.470351190476192
LS-PCQA,UnB_PC,biplane_vox10_hidden.ply,biplane_vox10.ply,4.65,4.385276785714285
LS-PCQA,UnB_PC,longdress_vox10_1300_vox10_octree08_jpeg010.ply,longdress_vox10_1300_vox10.ply,1.2,2.265782738095238
LS-PCQA,UnB_PC,longdress_vox10_1300_vox10_octree08_jpeg050.ply,longdress_vox10_1300_vox10.ply,1.25,2.3519970238095236
LS-PCQA,UnB_PC,longdress_vox10_1300_vox10_octree08_jpeg090.ply,longdress_vox10_1300_vox10.ply,1.45,2.608732142857142
LS-PCQA,UnB_PC,longdress_vox10_1300_vox10_octree09_jpeg010.ply,longdress_vox10_1300_vox10.ply,1.6,2.6764970238095236
LS-PCQA,UnB_PC,longdress_vox10_1300_vox10_octree09_jpeg050.ply,longdress_vox10_1300_vox10.ply,2.15,3.2823005952380964
LS-PCQA,UnB_PC,longdress_vox10_1300_vox10_octree09_jpeg090.ply,longdress_vox10_1300_vox10.ply,3.1,4.001011904761904
LS-PCQA,UnB_PC,longdress_vox10_1300_vox10_octree10_jpeg010.ply,longdress_vox10_1300_vox10.ply,2.6,3.2123005952380947
LS-PCQA,UnB_PC,longdress_vox10_1300_vox10_octree10_jpeg050.ply,longdress_vox10_1300_vox10.ply,3.3,4.033357142857141
LS-PCQA,UnB_PC,longdress_vox10_1300_vox10_octree10_jpeg090.ply,longdress_vox10_1300_vox10.ply,4.0,4.161369047619046
LS-PCQA,UnB_PC,longdress_vox10_1300_vox10_hidden.ply,longdress_vox10_1300_vox10.ply,4.95,4.426991071428571
LS-PCQA,UnB_PC,loot_vox10_1200_vox10_octree08_jpeg010.ply,loot_vox10_1200_vox10.ply,1.3,2.698613095238095
LS-PCQA,UnB_PC,loot_vox10_1200_vox10_octree08_jpeg050.ply,loot_vox10_1200_vox10.ply,1.4,2.962282738095238
LS-PCQA,UnB_PC,loot_vox10_1200_vox10_octree08_jpeg090.ply,loot_vox10_1200_vox10.ply,1.45,3.1179523809523806
LS-PCQA,UnB_PC,loot_vox10_1200_vox10_octree09_jpeg010.ply,loot_vox10_1200_vox10.ply,1.25,2.7740416666666645
LS-PCQA,UnB_PC,loot_vox10_1200_vox10_octree09_jpeg050.ply,loot_vox10_1200_vox10.ply,2.1,3.397696428571428
LS-PCQA,UnB_PC,loot_vox10_1200_vox10_octree09_jpeg090.ply,loot_vox10_1200_vox10.ply,3.15,3.6062499999999984
LS-PCQA,UnB_PC,loot_vox10_1200_vox10_octree10_jpeg010.ply,loot_vox10_1200_vox10.ply,1.9,3.2884613095238096
LS-PCQA,UnB_PC,loot_vox10_1200_vox10_octree10_jpeg050.ply,loot_vox10_1200_vox10.ply,3.15,4.016607142857143
LS-PCQA,UnB_PC,loot_vox10_1200_vox10_octree10_jpeg090.ply,loot_vox10_1200_vox10.ply,4.05,4.486839285714285
LS-PCQA,UnB_PC,loot_vox10_1200_vox10_hidden.ply,loot_vox10_1200_vox10.ply,4.95,4.420383928571428
LS-PCQA,UnB_PC,redandblack_vox10_1550_vox10_octree08_jpeg010.ply,redandblack_vox10_1550_vox10.ply,1.2,2.7869136904761893
LS-PCQA,UnB_PC,redandblack_vox10_1550_vox10_octree08_jpeg050.ply,redandblack_vox10_1550_vox10.ply,1.3,2.8656101190476186
LS-PCQA,UnB_PC,redandblack_vox10_1550_vox10_octree08_jpeg090.ply,redandblack_vox10_1550_vox10.ply,1.45,2.890151785714286
LS-PCQA,UnB_PC,redandblack_vox10_1550_vox10_octree09_jpeg010.ply,redandblack_vox10_1550_vox10.ply,1.35,3.3033273809523807
LS-PCQA,UnB_PC,redandblack_vox10_1550_vox10_octree09_jpeg050.ply,redandblack_vox10_1550_vox10.ply,2.2,3.6295059523809527
LS-PCQA,UnB_PC,redandblack_vox10_1550_vox10_octree09_jpeg090.ply,redandblack_vox10_1550_vox10.ply,2.7,3.918797619047619
LS-PCQA,UnB_PC,redandblack_vox10_1550_vox10_octree10_jpeg010.ply,redandblack_vox10_1550_vox10.ply,2.0,3.6564642857142853
LS-PCQA,UnB_PC,redandblack_vox10_1550_vox10_octree10_jpeg050.ply,redandblack_vox10_1550_vox10.ply,3.05,4.230410714285713
LS-PCQA,UnB_PC,redandblack_vox10_1550_vox10_octree10_jpeg090.ply,redandblack_vox10_1550_vox10.ply,3.75,4.404002976190478
LS-PCQA,UnB_PC,redandblack_vox10_1550_vox10_hidden.ply,redandblack_vox10_1550_vox10.ply,5.0,4.423330357142857
LS-PCQA,UnB_PC,romanoillamp_vox10_octree08_jpeg010.ply,romanoillamp_vox10.ply,1.4,2.731925595238095
LS-PCQA,UnB_PC,romanoillamp_vox10_octree08_jpeg050.ply,romanoillamp_vox10.ply,1.65,2.9116547619047624
LS-PCQA,UnB_PC,romanoillamp_vox10_octree08_jpeg090.ply,romanoillamp_vox10.ply,1.65,2.928098214285714
LS-PCQA,UnB_PC,romanoillamp_vox10_octree09_jpeg010.ply,romanoillamp_vox10.ply,2.15,3.381205357142857
LS-PCQA,UnB_PC,romanoillamp_vox10_octree09_jpeg050.ply,romanoillamp_vox10.ply,3.5,3.575482142857143
LS-PCQA,UnB_PC,romanoillamp_vox10_octree09_jpeg090.ply,romanoillamp_vox10.ply,3.65,3.6144970238095224
LS-PCQA,UnB_PC,romanoillamp_vox10_octree10_jpeg010.ply,romanoillamp_vox10.ply,2.6,3.7322559523809518
LS-PCQA,UnB_PC,romanoillamp_vox10_octree10_jpeg050.ply,romanoillamp_vox10.ply,4.15,4.292455357142857
LS-PCQA,UnB_PC,romanoillamp_vox10_octree10_jpeg090.ply,romanoillamp_vox10.ply,4.65,4.447729166666666
LS-PCQA,UnB_PC,romanoillamp_vox10_hidden.ply,romanoillamp_vox10.ply,4.8,4.3934017857142855
LS-PCQA,WPC,bag_level_7.ply,bag.ply,9.59532455980262,2.778428571428573
LS-PCQA,WPC,bag_level_8.ply,bag.ply,18.2379641459553,3.8570744047619057
LS-PCQA,WPC,bag_level_9.ply,bag.ply,82.7410789144631,4.285452380952383
LS-PCQA,WPC,bag_gsigma_0_tsigma_8.ply,bag.ply,88.7817189712178,4.738523809523813
LS-PCQA,WPC,bag_gsigma_0_tsigma_16.ply,bag.ply,86.2491113818562,4.449913690476191
LS-PCQA,WPC,bag_gsigma_0_tsigma_32.ply,bag.ply,62.1196403938335,3.867309523809522
LS-PCQA,WPC,bag_gsigma_2_tsigma_8.ply,bag.ply,56.9214555314096,3.672875000000001
LS-PCQA,WPC,bag_gsigma_2_tsigma_16.ply,bag.ply,49.3647550891434,3.8865089285714283
LS-PCQA,WPC,bag_gsigma_2_tsigma_32.ply,bag.ply,43.7538095677216,3.343032738095238
LS-PCQA,WPC,bag_gsigma_4_tsigma_8.ply,bag.ply,22.3762041316303,3.0183779761904748
LS-PCQA,WPC,bag_gsigma_4_tsigma_16.ply,bag.ply,21.9878476862278,3.013970238095238
LS-PCQA,WPC,bag_gsigma_4_tsigma_32.ply,bag.ply,22.4361648162837,2.867157738095238
LS-PCQA,WPC,bag_tsl_4_tqs_64.ply,bag.ply,67.0916886721881,3.5602500000000004
LS-PCQA,WPC,bag_tsl_4_tqs_128.ply,bag.ply,62.2162882133011,3.201294642857142
LS-PCQA,WPC,bag_tsl_4_tqs_256.ply,bag.ply,36.2660978831892,2.945842261904762
LS-PCQA,WPC,bag_tsl_4_tqs_512.ply,bag.ply,20.8498128269944,2.601851190476191
LS-PCQA,WPC,bag_tsl_6_tqs_64.ply,bag.ply,58.5128737615267,4.188904761904762
LS-PCQA,WPC,bag_tsl_6_tqs_128.ply,bag.ply,48.8898905359444,3.9590714285714284
LS-PCQA,WPC,bag_tsl_6_tqs_256.ply,bag.ply,40.2873934990621,3.4941130952380934
LS-PCQA,WPC,bag_tsl_6_tqs_512.ply,bag.ply,24.6010683877856,2.975095238095237
LS-PCQA,WPC,bag_tsl_8_tqs_64.ply,bag.ply,90.3681766875632,4.223125000000001
LS-PCQA,WPC,bag_tsl_8_tqs_128.ply,bag.ply,80.6616415941647,4.217383928571428
LS-PCQA,WPC,bag_tsl_8_tqs_256.ply,bag.ply,60.3856444714721,3.736124999999999
LS-PCQA,WPC,bag_tsl_8_tqs_512.ply,bag.ply,34.9574709410185,3.2470119047619046
LS-PCQA,WPC,bag_gQP_1_tQP_1.ply,bag.ply,86.6945618613025,4.32391369047619
LS-PCQA,WPC,bag_gQP_1_tQP_2.ply,bag.ply,76.1453084496901,3.9914523809523814
LS-PCQA,WPC,bag_gQP_1_tQP_3.ply,bag.ply,52.8555842894003,3.4868035714285694
LS-PCQA,WPC,bag_gQP_2_tQP_1.ply,bag.ply,52.1814527021875,4.098764880952382
LS-PCQA,WPC,bag_gQP_2_tQP_2.ply,bag.ply,49.3151135296929,3.628062499999999
LS-PCQA,WPC,bag_gQP_2_tQP_3.ply,bag.ply,39.107369122024,3.1396607142857134
LS-PCQA,WPC,bag_gQP_3_tQP_1.ply,bag.ply,27.4403330919399,3.31031845238095
LS-PCQA,WPC,bag_gQP_3_tQP_2.ply,bag.ply,32.0177234321528,3.11882738095238
LS-PCQA,WPC,bag_gQP_3_tQP_3.ply,bag.ply,29.6148646889688,2.9512410714285715
LS-PCQA,WPC,bag_pqs_1_qs_16_rounded.ply,bag.ply,90.340737997985,4.544095238095239
LS-PCQA,WPC,bag_pqs_1_qs_32_rounded.ply,bag.ply,81.8388457096111,4.213913690476191
LS-PCQA,WPC,bag_pqs_1_qs_48_rounded.ply,bag.ply,58.4355378897584,3.674684523809524
LS-PCQA,WPC,bag_pqs_1_qs_64_rounded.ply,bag.ply,62.5549192184665,3.3797886904761913
LS-PCQA,WPC,banana_level_7.ply,banana.ply,7.10902831352667,3.2001279761904766
LS-PCQA,WPC,banana_level_8.ply,banana.ply,23.0834825714443,4.044735119047621
LS-PCQA,WPC,banana_level_9.ply,banana.ply,89.4915398669869,4.377306547619051
LS-PCQA,WPC,banana_gsigma_0_tsigma_8.ply,banana.ply,83.0931383025993,4.679943452380953
LS-PCQA,WPC,banana_gsigma_0_tsigma_16.ply,banana.ply,60.4722494001183,3.874613095238094
LS-PCQA,WPC,banana_gsigma_0_tsigma_32.ply,banana.ply,40.1130763441701,3.3451130952380947
LS-PCQA,WPC,banana_gsigma_2_tsigma_8.ply,banana.ply,50.7551251381558,4.328857142857143
LS-PCQA,WPC,banana_gsigma_2_tsigma_16.ply,banana.ply,49.6677022084679,4.000720238095237
LS-PCQA,WPC,banana_gsigma_2_tsigma_32.ply,banana.ply,31.3462945352343,3.237330357142856
LS-PCQA,WPC,banana_gsigma_4_tsigma_8.ply,banana.ply,31.9770319731361,3.815464285714286
LS-PCQA,WPC,banana_gsigma_4_tsigma_16.ply,banana.ply,27.0171082189159,3.481083333333331
LS-PCQA,WPC,banana_gsigma_4_tsigma_32.ply,banana.ply,23.3834967411572,2.9585565476190476
LS-PCQA,WPC,banana_tsl_4_tqs_64.ply,banana.ply,54.1209241731388,3.6115476190476183
LS-PCQA,WPC,banana_tsl_4_tqs_128.ply,banana.ply,52.4953846190015,3.134217261904762
LS-PCQA,WPC,banana_tsl_4_tqs_256.ply,banana.ply,34.1843128580733,2.829854166666666
LS-PCQA,WPC,banana_tsl_4_tqs_512.ply,banana.ply,29.9430256355489,2.4224375000000005
LS-PCQA,WPC,banana_tsl_6_tqs_64.ply,banana.ply,83.1836298744513,3.9461041666666636
LS-PCQA,WPC,banana_tsl_6_tqs_128.ply,banana.ply,79.9250076960411,3.566034226190475
LS-PCQA,WPC,banana_tsl_6_tqs_256.ply,banana.ply,61.6295263474718,3.327407738095238
LS-PCQA,WPC,banana_tsl_6_tqs_512.ply,banana.ply,35.8526510535147,2.7266339285714283
LS-PCQA,WPC,banana_tsl_8_tqs_64.ply,banana.ply,84.6280711189862,4.155550595238096
LS-PCQA,WPC,banana_tsl_8_tqs_128.ply,banana.ply,86.1446543626836,3.793906250000001
LS-PCQA,WPC,banana_tsl_8_tqs_256.ply,banana.ply,61.9014492914284,3.3877514880952377
LS-PCQA,WPC,banana_tsl_8_tqs_512.ply,banana.ply,38.9680847722886,2.8226220238095228
LS-PCQA,WPC,banana_gQP_1_tQP_1.ply,banana.ply,60.301355942402,3.8861755952380928
LS-PCQA,WPC,banana_gQP_1_tQP_2.ply,banana.ply,56.0595186291134,3.5847306547619047
LS-PCQA,WPC,banana_gQP_1_tQP_3.ply,banana.ply,52.1423017478784,3.5338794642857128
LS-PCQA,WPC,banana_gQP_2_tQP_1.ply,banana.ply,43.4769683944144,3.587135416666665
LS-PCQA,WPC,banana_gQP_2_tQP_2.ply,banana.ply,43.982267163751,3.4464434523809517
LS-PCQA,WPC,banana_gQP_2_tQP_3.ply,banana.ply,39.8085785384505,3.3318244047619032
LS-PCQA,WPC,banana_gQP_3_tQP_1.ply,banana.ply,29.1072666406237,3.3675297619047613
LS-PCQA,WPC,banana_gQP_3_tQP_2.ply,banana.ply,23.9563238811401,3.1100863095238096
LS-PCQA,WPC,banana_gQP_3_tQP_3.ply,banana.ply,22.6593928713673,3.129678571428572
LS-PCQA,WPC,banana_pqs_1_qs_16_rounded.ply,banana.ply,82.9255728240923,4.681883928571429
LS-PCQA,WPC,banana_pqs_1_qs_32_rounded.ply,banana.ply,78.1095490115898,4.020532738095239
LS-PCQA,WPC,banana_pqs_1_qs_48_rounded.ply,banana.ply,61.8940496570374,3.472797619047619
LS-PCQA,WPC,banana_pqs_1_qs_64_rounded.ply,banana.ply,40.0154184565349,3.0518571428571426
LS-PCQA,WPC,biscuits_level_7.ply,biscuits.ply,6.91047271435654,2.958571428571428
LS-PCQA,WPC,biscuits_level_8.ply,biscuits.ply,26.0782931903573,3.964818452380953
LS-PCQA,WPC,biscuits_level_9.ply,biscuits.ply,78.9066204635677,4.39097023809524
LS-PCQA,WPC,biscuits_gsigma_0_tsigma_8.ply,biscuits.ply,82.2826667088248,4.706886904761906
LS-PCQA,WPC,biscuits_gsigma_0_tsigma_16.ply,biscuits.ply,70.8999140507115,3.925684523809522
LS-PCQA,WPC,biscuits_gsigma_0_tsigma_32.ply,biscuits.ply,40.4726299909337,3.317374999999999
LS-PCQA,WPC,biscuits_gsigma_2_tsigma_8.ply,biscuits.ply,60.9307664700768,3.944657738095239
LS-PCQA,WPC,biscuits_gsigma_2_tsigma_16.ply,biscuits.ply,55.5454027377535,3.5067723214285706
LS-PCQA,WPC,biscuits_gsigma_2_tsigma_32.ply,biscuits.ply,37.8585251636165,3.1227559523809534
LS-PCQA,WPC,biscuits_gsigma_4_tsigma_8.ply,biscuits.ply,46.5881520537883,3.1373839285714293
LS-PCQA,WPC,biscuits_gsigma_4_tsigma_16.ply,biscuits.ply,43.1335575048828,3.0697797619047624
LS-PCQA,WPC,biscuits_gsigma_4_tsigma_32.ply,biscuits.ply,25.3793537368916,2.7446309523809513
LS-PCQA,WPC,biscuits_tsl_4_tqs_64.ply,biscuits.ply,18.0451544344017,2.534776785714285
LS-PCQA,WPC,biscuits_tsl_4_tqs_128.ply,biscuits.ply,20.5642609568839,2.334255952380952
LS-PCQA,WPC,biscuits_tsl_4_tqs_256.ply,biscuits.ply,17.3871050794022,2.3065297619047618
LS-PCQA,WPC,biscuits_tsl_4_tqs_512.ply,biscuits.ply,11.2989396340749,2.238982142857143
LS-PCQA,WPC,biscuits_tsl_6_tqs_64.ply,biscuits.ply,83.0091458231808,4.048157738095238
LS-PCQA,WPC,biscuits_tsl_6_tqs_128.ply,biscuits.ply,68.9556829116783,3.7186369047619037
LS-PCQA,WPC,biscuits_tsl_6_tqs_256.ply,biscuits.ply,46.8488477736057,3.3029166666666665
LS-PCQA,WPC,biscuits_tsl_6_tqs_512.ply,biscuits.ply,27.4947960395713,2.574122023809524
LS-PCQA,WPC,biscuits_tsl_8_tqs_64.ply,biscuits.ply,81.6069470425006,4.1447529761904764
LS-PCQA,WPC,biscuits_tsl_8_tqs_128.ply,biscuits.ply,71.1781634010122,3.9541279761904757
LS-PCQA,WPC,biscuits_tsl_8_tqs_256.ply,biscuits.ply,50.5576824003506,3.4977916666666675
LS-PCQA,WPC,biscuits_tsl_8_tqs_512.ply,biscuits.ply,24.2646277437371,2.623928571428571
LS-PCQA,WPC,biscuits_gQP_1_tQP_1.ply,biscuits.ply,80.6477298716552,3.919345238095238
LS-PCQA,WPC,biscuits_gQP_1_tQP_2.ply,biscuits.ply,69.6636406326868,3.3271458333333315
LS-PCQA,WPC,biscuits_gQP_1_tQP_3.ply,biscuits.ply,55.2905776230521,3.0982410714285713
LS-PCQA,WPC,biscuits_gQP_2_tQP_1.ply,biscuits.ply,68.1340514058868,3.804488095238095
LS-PCQA,WPC,biscuits_gQP_2_tQP_2.ply,biscuits.ply,65.2907505243469,3.187294642857141
LS-PCQA,WPC,biscuits_gQP_2_tQP_3.ply,biscuits.ply,53.113349303426,2.992919642857142
LS-PCQA,WPC,biscuits_gQP_3_tQP_1.ply,biscuits.ply,67.1480668654126,3.1991220238095237
LS-PCQA,WPC,biscuits_gQP_3_tQP_2.ply,biscuits.ply,54.1912987291856,3.0144255952380945
LS-PCQA,WPC,biscuits_gQP_3_tQP_3.ply,biscuits.ply,45.6768554152778,2.8943630952380937
LS-PCQA,WPC,biscuits_pqs_1_qs_16_rounded.ply,biscuits.ply,85.0818696568213,4.650044642857143
LS-PCQA,WPC,biscuits_pqs_1_qs_32_rounded.ply,biscuits.ply,74.4478809868645,3.7244107142857144
LS-PCQA,WPC,biscuits_pqs_1_qs_48_rounded.ply,biscuits.ply,40.2038171566461,3.162133928571427
LS-PCQA,WPC,biscuits_pqs_1_qs_64_rounded.ply,biscuits.ply,24.0311580218429,3.0290625000000007
LS-PCQA,WPC,cake_level_7.ply,cake.ply,7.77036630933149,2.8493392857142856
LS-PCQA,WPC,cake_level_8.ply,cake.ply,17.0859315355819,3.979684523809525
LS-PCQA,WPC,cake_level_9.ply,cake.ply,64.345121670555,4.322443452380953
LS-PCQA,WPC,cake_gsigma_0_tsigma_8.ply,cake.ply,82.3590312049873,4.662925595238097
LS-PCQA,WPC,cake_gsigma_0_tsigma_16.ply,cake.ply,68.4854323789437,3.875205357142855
LS-PCQA,WPC,cake_gsigma_0_tsigma_32.ply,cake.ply,44.2810515123353,3.2060267857142875
LS-PCQA,WPC,cake_gsigma_2_tsigma_8.ply,cake.ply,67.1418394852242,4.098366071428572
LS-PCQA,WPC,cake_gsigma_2_tsigma_16.ply,cake.ply,58.6861334648242,3.9513273809523817
LS-PCQA,WPC,cake_gsigma_2_tsigma_32.ply,cake.ply,40.5821688086074,3.07354761904762
LS-PCQA,WPC,cake_gsigma_4_tsigma_8.ply,cake.ply,50.0208990235177,3.2678035714285727
LS-PCQA,WPC,cake_gsigma_4_tsigma_16.ply,cake.ply,45.0085000603682,3.0914226190476186
LS-PCQA,WPC,cake_gsigma_4_tsigma_32.ply,cake.ply,33.5864561619986,2.856333333333333
LS-PCQA,WPC,cake_tsl_4_tqs_64.ply,cake.ply,83.7601889304529,3.739404761904762
LS-PCQA,WPC,cake_tsl_4_tqs_128.ply,cake.ply,71.4192006225946,3.537955357142857
LS-PCQA,WPC,cake_tsl_4_tqs_256.ply,cake.ply,53.06015189417,2.943663690476189
LS-PCQA,WPC,cake_tsl_4_tqs_512.ply,cake.ply,21.540601757417,2.4543690476190476
LS-PCQA,WPC,cake_tsl_6_tqs_64.ply,cake.ply,82.758494070103,4.328229166666668
LS-PCQA,WPC,cake_tsl_6_tqs_128.ply,cake.ply,79.7423791075781,4.023979166666665
LS-PCQA,WPC,cake_tsl_6_tqs_256.ply,cake.ply,51.5022683172203,3.144372023809524
LS-PCQA,WPC,cake_tsl_6_tqs_512.ply,cake.ply,27.3954821215605,2.609952380952381
LS-PCQA,WPC,cake_tsl_8_tqs_64.ply,cake.ply,90.6540825183606,4.3957023809523825
LS-PCQA,WPC,cake_tsl_8_tqs_128.ply,cake.ply,83.1920702766834,4.061541666666665
LS-PCQA,WPC,cake_tsl_8_tqs_256.ply,cake.ply,62.1457518157293,3.4248199404761897
LS-PCQA,WPC,cake_tsl_8_tqs_512.ply,cake.ply,32.9655251142529,2.534550595238095
LS-PCQA,WPC,cake_gQP_1_tQP_1.ply,cake.ply,80.2052650200606,4.379627976190477
LS-PCQA,WPC,cake_gQP_1_tQP_2.ply,cake.ply,71.9209757291828,3.8786666666666667
LS-PCQA,WPC,cake_gQP_1_tQP_3.ply,cake.ply,53.3831320857794,3.59288988095238
LS-PCQA,WPC,cake_gQP_2_tQP_1.ply,cake.ply,55.7972335545827,4.297961309523811
LS-PCQA,WPC,cake_gQP_2_tQP_2.ply,cake.ply,51.1128466069268,3.8192202380952374
LS-PCQA,WPC,cake_gQP_2_tQP_3.ply,cake.ply,49.4090771166687,3.5895773809523814
LS-PCQA,WPC,cake_gQP_3_tQP_1.ply,cake.ply,27.0367428218134,3.9167321428571427
LS-PCQA,WPC,cake_gQP_3_tQP_2.ply,cake.ply,25.9380433382507,3.3534166666666665
LS-PCQA,WPC,cake_gQP_3_tQP_3.ply,cake.ply,25.6380268432067,3.111366071428571
LS-PCQA,WPC,cake_pqs_1_qs_16_rounded.ply,cake.ply,90.7820152659122,4.401931547619049
LS-PCQA,WPC,cake_pqs_1_qs_32_rounded.ply,cake.ply,62.3118503892637,3.602249999999998
LS-PCQA,WPC,cake_pqs_1_qs_48_rounded.ply,cake.ply,34.5621685118863,2.8465535714285717
LS-PCQA,WPC,cake_pqs_1_qs_64_rounded.ply,cake.ply,24.8590251527503,2.8650119047619054
LS-PCQA,WPC,cauliflower_level_7.ply,cauliflower.ply,8.79345962299418,2.8762202380952377
LS-PCQA,WPC,cauliflower_level_8.ply,cauliflower.ply,16.0306030369897,4.114654761904762
LS-PCQA,WPC,cauliflower_level_9.ply,cauliflower.ply,74.6811494247904,4.392711309523811
LS-PCQA,WPC,cauliflower_gsigma_0_tsigma_8.ply,cauliflower.ply,77.7622683284028,4.411050595238096
LS-PCQA,WPC,cauliflower_gsigma_0_tsigma_16.ply,cauliflower.ply,57.425103805969,3.539424107142857
LS-PCQA,WPC,cauliflower_gsigma_0_tsigma_32.ply,cauliflower.ply,40.190717226665,3.06273511904762
LS-PCQA,WPC,cauliflower_gsigma_2_tsigma_8.ply,cauliflower.ply,64.1622967039307,4.060065476190476
LS-PCQA,WPC,cauliflower_gsigma_2_tsigma_16.ply,cauliflower.ply,53.1317191703664,3.297315476190475
LS-PCQA,WPC,cauliflower_gsigma_2_tsigma_32.ply,cauliflower.ply,31.3681861609079,2.8681815476190486
LS-PCQA,WPC,cauliflower_gsigma_4_tsigma_8.ply,cauliflower.ply,47.8571729909968,3.0553184523809516
LS-PCQA,WPC,cauliflower_gsigma_4_tsigma_16.ply,cauliflower.ply,44.4047016090656,2.8824523809523805
LS-PCQA,WPC,cauliflower_gsigma_4_tsigma_32.ply,cauliflower.ply,27.3258415882843,2.6744345238095235
LS-PCQA,WPC,cauliflower_tsl_4_tqs_64.ply,cauliflower.ply,61.9039972872389,3.355666666666666
LS-PCQA,WPC,cauliflower_tsl_4_tqs_128.ply,cauliflower.ply,42.188692944374,2.9254315476190476
LS-PCQA,WPC,cauliflower_tsl_4_tqs_256.ply,cauliflower.ply,33.1300686929086,2.644008928571429
LS-PCQA,WPC,cauliflower_tsl_4_tqs_512.ply,cauliflower.ply,26.6104175998077,2.215389880952381
LS-PCQA,WPC,cauliflower_tsl_6_tqs_64.ply,cauliflower.ply,75.5339573340953,4.296068452380953
LS-PCQA,WPC,cauliflower_tsl_6_tqs_128.ply,cauliflower.ply,64.2706535471644,3.33427232142857
LS-PCQA,WPC,cauliflower_tsl_6_tqs_256.ply,cauliflower.ply,41.8663397248415,2.8122797619047617
LS-PCQA,WPC,cauliflower_tsl_6_tqs_512.ply,cauliflower.ply,29.7421656574121,2.597669642857144
LS-PCQA,WPC,cauliflower_tsl_8_tqs_64.ply,cauliflower.ply,92.8513690778754,4.2662827380952395
LS-PCQA,WPC,cauliflower_tsl_8_tqs_128.ply,cauliflower.ply,79.7652667648818,3.5506324404761886
LS-PCQA,WPC,cauliflower_tsl_8_tqs_256.ply,cauliflower.ply,43.9879089599129,2.8907500000000006
LS-PCQA,WPC,cauliflower_tsl_8_tqs_512.ply,cauliflower.ply,27.7443960854802,2.6005565476190484
LS-PCQA,WPC,cauliflower_gQP_1_tQP_1.ply,cauliflower.ply,87.6248392427318,4.263217261904765
LS-PCQA,WPC,cauliflower_gQP_1_tQP_2.ply,cauliflower.ply,69.9340182104258,3.8220595238095223
LS-PCQA,WPC,cauliflower_gQP_1_tQP_3.ply,cauliflower.ply,55.8664800791356,3.3811517857142865
LS-PCQA,WPC,cauliflower_gQP_2_tQP_1.ply,cauliflower.ply,77.6400648006452,4.253318452380953
LS-PCQA,WPC,cauliflower_gQP_2_tQP_2.ply,cauliflower.ply,61.7264692699532,3.7966160714285713
LS-PCQA,WPC,cauliflower_gQP_2_tQP_3.ply,cauliflower.ply,50.2228411565292,3.187127976190477
LS-PCQA,WPC,cauliflower_gQP_3_tQP_1.ply,cauliflower.ply,34.4736481448513,3.879699404761904
LS-PCQA,WPC,cauliflower_gQP_3_tQP_2.ply,cauliflower.ply,27.4116195543465,3.2575982142857125
LS-PCQA,WPC,cauliflower_gQP_3_tQP_3.ply,cauliflower.ply,30.2313975655941,2.920428571428571
LS-PCQA,WPC,cauliflower_pqs_1_qs_16_rounded.ply,cauliflower.ply,90.0384616380816,4.331098214285716
LS-PCQA,WPC,cauliflower_pqs_1_qs_32_rounded.ply,cauliflower.ply,63.72945613739,3.243211309523809
LS-PCQA,WPC,cauliflower_pqs_1_qs_48_rounded.ply,cauliflower.ply,27.0784601811131,2.944479166666666
LS-PCQA,WPC,cauliflower_pqs_1_qs_64_rounded.ply,cauliflower.ply,14.4033486133223,2.769702380952381
LS-PCQA,WPC,flowerpot_level_7.ply,flowerpot.ply,11.7348495259638,2.5888363095238094
LS-PCQA,WPC,flowerpot_level_8.ply,flowerpot.ply,17.7469962385862,3.1900952380952377
LS-PCQA,WPC,flowerpot_level_9.ply,flowerpot.ply,52.6254956315215,3.490794642857142
LS-PCQA,WPC,flowerpot_gsigma_0_tsigma_8.ply,flowerpot.ply,84.3226269898052,4.274130952380952
LS-PCQA,WPC,flowerpot_gsigma_0_tsigma_16.ply,flowerpot.ply,62.7235669705197,3.656791666666667
LS-PCQA,WPC,flowerpot_gsigma_0_tsigma_32.ply,flowerpot.ply,41.9249239367615,3.1006190476190483
LS-PCQA,WPC,flowerpot_gsigma_2_tsigma_8.ply,flowerpot.ply,54.1259312078341,3.619732142857142
LS-PCQA,WPC,flowerpot_gsigma_2_tsigma_16.ply,flowerpot.ply,45.6818840559956,3.288327380952381
LS-PCQA,WPC,flowerpot_gsigma_2_tsigma_32.ply,flowerpot.ply,32.1113064578863,2.8073125
LS-PCQA,WPC,flowerpot_gsigma_4_tsigma_8.ply,flowerpot.ply,43.8370417260597,3.08220238095238
LS-PCQA,WPC,flowerpot_gsigma_4_tsigma_16.ply,flowerpot.ply,41.9295321389383,3.0159464285714286
LS-PCQA,WPC,flowerpot_gsigma_4_tsigma_32.ply,flowerpot.ply,30.1314738384279,2.6431666666666667
LS-PCQA,WPC,flowerpot_tsl_4_tqs_64.ply,flowerpot.ply,8.19172835677341,2.502244047619048
LS-PCQA,WPC,flowerpot_tsl_4_tqs_128.ply,flowerpot.ply,4.54807147450145,2.240318452380953
LS-PCQA,WPC,flowerpot_tsl_4_tqs_256.ply,flowerpot.ply,9.0163937718047,2.22272619047619
LS-PCQA,WPC,flowerpot_tsl_4_tqs_512.ply,flowerpot.ply,9.0186180484818,2.21122619047619
LS-PCQA,WPC,flowerpot_tsl_6_tqs_64.ply,flowerpot.ply,72.4189413626024,3.932348214285714
LS-PCQA,WPC,flowerpot_tsl_6_tqs_128.ply,flowerpot.ply,61.5694895262982,3.4642544642857143
LS-PCQA,WPC,flowerpot_tsl_6_tqs_256.ply,flowerpot.ply,38.4413014305076,2.736711309523809
LS-PCQA,WPC,flowerpot_tsl_6_tqs_512.ply,flowerpot.ply,24.9941486125491,2.523241071428572
LS-PCQA,WPC,flowerpot_tsl_8_tqs_64.ply,flowerpot.ply,91.6936914587421,3.9133214285714293
LS-PCQA,WPC,flowerpot_tsl_8_tqs_128.ply,flowerpot.ply,76.2621822375761,3.6888601190476167
LS-PCQA,WPC,flowerpot_tsl_8_tqs_256.ply,flowerpot.ply,50.3957702019072,2.946755952380952
LS-PCQA,WPC,flowerpot_tsl_8_tqs_512.ply,flowerpot.ply,31.2096695009062,2.5475833333333338
LS-PCQA,WPC,flowerpot_gQP_1_tQP_1.ply,flowerpot.ply,77.99248910175,3.8238244047619023
LS-PCQA,WPC,flowerpot_gQP_1_tQP_2.ply,flowerpot.ply,70.8296766394925,3.508619047619046
LS-PCQA,WPC,flowerpot_gQP_1_tQP_3.ply,flowerpot.ply,56.3370204241284,3.2759315476190465
LS-PCQA,WPC,flowerpot_gQP_2_tQP_1.ply,flowerpot.ply,61.4786024624689,3.691517857142857
LS-PCQA,WPC,flowerpot_gQP_2_tQP_2.ply,flowerpot.ply,54.3533386331632,3.471238095238093
LS-PCQA,WPC,flowerpot_gQP_2_tQP_3.ply,flowerpot.ply,37.9771545278842,3.109675595238095
LS-PCQA,WPC,flowerpot_gQP_3_tQP_1.ply,flowerpot.ply,30.8391867121232,3.1129077380952372
LS-PCQA,WPC,flowerpot_gQP_3_tQP_2.ply,flowerpot.ply,28.3167462715054,2.962764880952381
LS-PCQA,WPC,flowerpot_gQP_3_tQP_3.ply,flowerpot.ply,33.1740332606834,2.771574404761904
LS-PCQA,WPC,flowerpot_pqs_1_qs_16_rounded.ply,flowerpot.ply,91.3327012672768,4.300419642857144
LS-PCQA,WPC,flowerpot_pqs_1_qs_32_rounded.ply,flowerpot.ply,74.4030424655004,3.550553571428571
LS-PCQA,WPC,flowerpot_pqs_1_qs_48_rounded.ply,flowerpot.ply,51.5710745665287,3.1856607142857145
LS-PCQA,WPC,flowerpot_pqs_1_qs_64_rounded.ply,flowerpot.ply,27.7427320411109,3.003705357142857
LS-PCQA,WPC,glasses_case_level_7.ply,glasses_case.ply,10.7032561194691,3.058717261904761
LS-PCQA,WPC,glasses_case_level_8.ply,glasses_case.ply,19.0397525858106,3.935526785714286
LS-PCQA,WPC,glasses_case_level_9.ply,glasses_case.ply,69.2481367300966,4.469110119047621
LS-PCQA,WPC,glasses_case_gsigma_0_tsigma_8.ply,glasses_case.ply,89.9949676303739,4.720678571428573
LS-PCQA,WPC,glasses_case_gsigma_0_tsigma_16.ply,glasses_case.ply,78.2269592165331,4.45429761904762
LS-PCQA,WPC,glasses_case_gsigma_0_tsigma_32.ply,glasses_case.ply,57.4617407490248,3.8181517857142855
LS-PCQA,WPC,glasses_case_gsigma_2_tsigma_8.ply,glasses_case.ply,42.952054934517,3.6660000000000004
LS-PCQA,WPC,glasses_case_gsigma_2_tsigma_16.ply,glasses_case.ply,43.9612573917012,3.6748422619047596
LS-PCQA,WPC,glasses_case_gsigma_2_tsigma_32.ply,glasses_case.ply,32.3398435662801,3.216607142857144
LS-PCQA,WPC,glasses_case_gsigma_4_tsigma_8.ply,glasses_case.ply,22.295185065523,3.0316904761904766
LS-PCQA,WPC,glasses_case_gsigma_4_tsigma_16.ply,glasses_case.ply,21.5350225134671,2.9770535714285713
LS-PCQA,WPC,glasses_case_gsigma_4_tsigma_32.ply,glasses_case.ply,26.6870597393433,2.796241071428571
LS-PCQA,WPC,glasses_case_tsl_4_tqs_64.ply,glasses_case.ply,81.0459994550797,4.2395178571428564
LS-PCQA,WPC,glasses_case_tsl_4_tqs_128.ply,glasses_case.ply,73.2413547710151,4.1316220238095225
LS-PCQA,WPC,glasses_case_tsl_4_tqs_256.ply,glasses_case.ply,54.6614265326877,3.749375
LS-PCQA,WPC,glasses_case_tsl_4_tqs_512.ply,glasses_case.ply,28.1064993772842,3.018502976190476
LS-PCQA,WPC,glasses_case_tsl_6_tqs_64.ply,glasses_case.ply,53.7867656915953,4.4032767857142865
LS-PCQA,WPC,glasses_case_tsl_6_tqs_128.ply,glasses_case.ply,54.8959674399581,4.313982142857143
LS-PCQA,WPC,glasses_case_tsl_6_tqs_256.ply,glasses_case.ply,35.9142549506624,3.7952023809523814
LS-PCQA,WPC,glasses_case_tsl_6_tqs_512.ply,glasses_case.ply,23.8853820863117,3.0190773809523805
LS-PCQA,WPC,glasses_case_tsl_8_tqs_64.ply,glasses_case.ply,79.4931736523364,4.41228273809524
LS-PCQA,WPC,glasses_case_tsl_8_tqs_128.ply,glasses_case.ply,77.897210369642,4.304720238095239
LS-PCQA,WPC,glasses_case_tsl_8_tqs_256.ply,glasses_case.ply,52.6664410736344,3.8343482142857153
LS-PCQA,WPC,glasses_case_tsl_8_tqs_512.ply,glasses_case.ply,33.4948361587451,3.2311845238095227
LS-PCQA,WPC,glasses_case_gQP_1_tQP_1.ply,glasses_case.ply,79.5227268033768,4.4553511904761915
LS-PCQA,WPC,glasses_case_gQP_1_tQP_2.ply,glasses_case.ply,75.7340685444903,3.8321369047619034
LS-PCQA,WPC,glasses_case_gQP_1_tQP_3.ply,glasses_case.ply,52.0035238004722,3.419261904761904
LS-PCQA,WPC,glasses_case_gQP_2_tQP_1.ply,glasses_case.ply,60.2658968861681,4.421934523809525
LS-PCQA,WPC,glasses_case_gQP_2_tQP_2.ply,glasses_case.ply,56.3976325993689,3.7369702380952368
LS-PCQA,WPC,glasses_case_gQP_2_tQP_3.ply,glasses_case.ply,41.9823260340023,3.35483630952381
LS-PCQA,WPC,glasses_case_gQP_3_tQP_1.ply,glasses_case.ply,27.7745396566424,3.9504880952380956
LS-PCQA,WPC,glasses_case_gQP_3_tQP_2.ply,glasses_case.ply,29.4823009609091,3.398294642857142
LS-PCQA,WPC,glasses_case_gQP_3_tQP_3.ply,glasses_case.ply,28.144837378355,3.0053988095238098
LS-PCQA,WPC,glasses_case_pqs_1_qs_16_rounded.ply,glasses_case.ply,90.0090908372852,4.497142857142856
LS-PCQA,WPC,glasses_case_pqs_1_qs_32_rounded.ply,glasses_case.ply,85.1753561944748,4.105175595238096
LS-PCQA,WPC,glasses_case_pqs_1_qs_48_rounded.ply,glasses_case.ply,69.2442087236447,3.864559523809525
LS-PCQA,WPC,glasses_case_pqs_1_qs_64_rounded.ply,glasses_case.ply,50.6195808210902,3.3140892857142865
LS-PCQA,WPC,honeydew_melon_level_7.ply,honeydew_melon.ply,5.73974709893926,3.4411339285714275
LS-PCQA,WPC,honeydew_melon_level_8.ply,honeydew_melon.ply,20.5582786035406,4.297279761904763
LS-PCQA,WPC,honeydew_melon_level_9.ply,honeydew_melon.ply,87.6226845755433,4.384684523809525
LS-PCQA,WPC,honeydew_melon_gsigma_0_tsigma_8.ply,honeydew_melon.ply,92.6624600352998,4.703866071428572
LS-PCQA,WPC,honeydew_melon_gsigma_0_tsigma_16.ply,honeydew_melon.ply,79.5747103383625,3.9457678571428545
LS-PCQA,WPC,honeydew_melon_gsigma_0_tsigma_32.ply,honeydew_melon.ply,46.8407325132864,3.247875000000001
LS-PCQA,WPC,honeydew_melon_gsigma_2_tsigma_8.ply,honeydew_melon.ply,65.3956595679704,4.45500892857143
LS-PCQA,WPC,honeydew_melon_gsigma_2_tsigma_16.ply,honeydew_melon.ply,54.8570837304523,3.9501428571428567
LS-PCQA,WPC,honeydew_melon_gsigma_2_tsigma_32.ply,honeydew_melon.ply,30.2885785430484,3.076455357142858
LS-PCQA,WPC,honeydew_melon_gsigma_4_tsigma_8.ply,honeydew_melon.ply,40.1786693272132,3.814333333333332
LS-PCQA,WPC,honeydew_melon_gsigma_4_tsigma_16.ply,honeydew_melon.ply,44.80889224433,3.2262440476190473
LS-PCQA,WPC,honeydew_melon_gsigma_4_tsigma_32.ply,honeydew_melon.ply,31.0107340153386,3.007776785714286
LS-PCQA,WPC,honeydew_melon_tsl_4_tqs_64.ply,honeydew_melon.ply,49.6591653138564,4.31434523809524
LS-PCQA,WPC,honeydew_melon_tsl_4_tqs_128.ply,honeydew_melon.ply,42.6301054089424,3.919877976190477
LS-PCQA,WPC,honeydew_melon_tsl_4_tqs_256.ply,honeydew_melon.ply,25.9163127058032,2.9317589285714263
LS-PCQA,WPC,honeydew_melon_tsl_4_tqs_512.ply,honeydew_melon.ply,10.8306511506384,2.632425595238096
LS-PCQA,WPC,honeydew_melon_tsl_6_tqs_64.ply,honeydew_melon.ply,54.8827351984185,4.395940476190479
LS-PCQA,WPC,honeydew_melon_tsl_6_tqs_128.ply,honeydew_melon.ply,52.8968763742297,3.7512648809523803
LS-PCQA,WPC,honeydew_melon_tsl_6_tqs_256.ply,honeydew_melon.ply,35.5987565108889,2.8957916666666654
LS-PCQA,WPC,honeydew_melon_tsl_6_tqs_512.ply,honeydew_melon.ply,13.9062135458541,2.7284791666666672
LS-PCQA,WPC,honeydew_melon_tsl_8_tqs_64.ply,honeydew_melon.ply,88.0734534021688,4.40707142857143
LS-PCQA,WPC,honeydew_melon_tsl_8_tqs_128.ply,honeydew_melon.ply,81.3507379209043,3.7835624999999995
LS-PCQA,WPC,honeydew_melon_tsl_8_tqs_256.ply,honeydew_melon.ply,41.7185866702785,3.069455357142856
LS-PCQA,WPC,honeydew_melon_tsl_8_tqs_512.ply,honeydew_melon.ply,14.2942998549572,2.732339285714287
LS-PCQA,WPC,honeydew_melon_gQP_1_tQP_1.ply,honeydew_melon.ply,85.527655327143,4.337342261904764
LS-PCQA,WPC,honeydew_melon_gQP_1_tQP_2.ply,honeydew_melon.ply,74.1735313877125,3.955032738095237
LS-PCQA,WPC,honeydew_melon_gQP_1_tQP_3.ply,honeydew_melon.ply,58.1210565783074,3.5631205357142868
LS-PCQA,WPC,honeydew_melon_gQP_2_tQP_1.ply,honeydew_melon.ply,63.274363758741,4.210449404761905
LS-PCQA,WPC,honeydew_melon_gQP_2_tQP_2.ply,honeydew_melon.ply,62.4489875416363,3.841660714285714
LS-PCQA,WPC,honeydew_melon_gQP_2_tQP_3.ply,honeydew_melon.ply,47.4424609702056,3.4968214285714283
LS-PCQA,WPC,honeydew_melon_gQP_3_tQP_1.ply,honeydew_melon.ply,46.0852063289474,4.025395833333332
LS-PCQA,WPC,honeydew_melon_gQP_3_tQP_2.ply,honeydew_melon.ply,45.9636978649354,3.6267261904761905
LS-PCQA,WPC,honeydew_melon_gQP_3_tQP_3.ply,honeydew_melon.ply,39.60295451806,3.1174047619047616
LS-PCQA,WPC,honeydew_melon_pqs_1_qs_16_rounded.ply,honeydew_melon.ply,88.3373638863001,4.6578541666666675
LS-PCQA,WPC,honeydew_melon_pqs_1_qs_32_rounded.ply,honeydew_melon.ply,78.1730237763995,3.6260089285714288
LS-PCQA,WPC,honeydew_melon_pqs_1_qs_48_rounded.ply,honeydew_melon.ply,62.136096367329,3.3766770833333326
LS-PCQA,WPC,honeydew_melon_pqs_1_qs_64_rounded.ply,honeydew_melon.ply,30.1734831300728,2.9687261904761884
LS-PCQA,WPC,house_level_7.ply,house.ply,2.9538774237317,2.65617261904762
LS-PCQA,WPC,house_level_8.ply,house.ply,15.9444624227128,3.693764880952381
LS-PCQA,WPC,house_level_9.ply,house.ply,63.6912103194696,4.207065476190477
LS-PCQA,WPC,house_gsigma_0_tsigma_8.ply,house.ply,90.1711356373714,4.653437500000002
LS-PCQA,WPC,house_gsigma_0_tsigma_16.ply,house.ply,69.8058394235221,4.07408630952381
LS-PCQA,WPC,house_gsigma_0_tsigma_32.ply,house.ply,48.933215794281,3.364613095238096
LS-PCQA,WPC,house_gsigma_2_tsigma_8.ply,house.ply,48.6814121128676,3.6390833333333337
LS-PCQA,WPC,house_gsigma_2_tsigma_16.ply,house.ply,46.3008359886891,3.1998511904761897
LS-PCQA,WPC,house_gsigma_2_tsigma_32.ply,house.ply,34.8664587624749,3.033660714285716
LS-PCQA,WPC,house_gsigma_4_tsigma_8.ply,house.ply,35.6885477690345,2.7406726190476194
LS-PCQA,WPC,house_gsigma_4_tsigma_16.ply,house.ply,29.8975414427219,2.7452589285714293
LS-PCQA,WPC,house_gsigma_4_tsigma_32.ply,house.ply,19.3845422907278,2.675889880952381
LS-PCQA,WPC,house_tsl_4_tqs_64.ply,house.ply,65.0948580797,3.2717142857142836
LS-PCQA,WPC,house_tsl_4_tqs_128.ply,house.ply,54.3110169538046,2.953550595238095
LS-PCQA,WPC,house_tsl_4_tqs_256.ply,house.ply,37.9014346107238,2.7135684523809522
LS-PCQA,WPC,house_tsl_4_tqs_512.ply,house.ply,22.3964365056709,2.381348214285714
LS-PCQA,WPC,house_tsl_6_tqs_64.ply,house.ply,84.7730269494444,4.258541666666667
LS-PCQA,WPC,house_tsl_6_tqs_128.ply,house.ply,75.3571451984004,3.6395059523809516
LS-PCQA,WPC,house_tsl_6_tqs_256.ply,house.ply,42.9864841290645,2.976107142857142
LS-PCQA,WPC,house_tsl_6_tqs_512.ply,house.ply,26.5847345410514,2.749866071428572
LS-PCQA,WPC,house_tsl_8_tqs_64.ply,house.ply,86.7884342972181,4.395860119047616
LS-PCQA,WPC,house_tsl_8_tqs_128.ply,house.ply,80.2478118667351,3.83870238095238
LS-PCQA,WPC,house_tsl_8_tqs_256.ply,house.ply,52.6012065154044,3.1949017857142854
LS-PCQA,WPC,house_tsl_8_tqs_512.ply,house.ply,27.6033084176504,2.81573511904762
LS-PCQA,WPC,house_gQP_1_tQP_1.ply,house.ply,92.2279533577551,4.47204761904762
LS-PCQA,WPC,house_gQP_1_tQP_2.ply,house.ply,70.6532309133315,3.711520833333332
LS-PCQA,WPC,house_gQP_1_tQP_3.ply,house.ply,38.2582098475362,3.2622321428571412
LS-PCQA,WPC,house_gQP_2_tQP_1.ply,house.ply,74.4527078789402,4.367669642857145
LS-PCQA,WPC,house_gQP_2_tQP_2.ply,house.ply,63.0601920212403,3.5122857142857136
LS-PCQA,WPC,house_gQP_2_tQP_3.ply,house.ply,40.7900467714785,3.088229166666665
LS-PCQA,WPC,house_gQP_3_tQP_1.ply,house.ply,40.6393737444513,3.7131250000000007
LS-PCQA,WPC,house_gQP_3_tQP_2.ply,house.ply,37.1261608885675,3.0856607142857153
LS-PCQA,WPC,house_gQP_3_tQP_3.ply,house.ply,29.2212435870754,2.8899047619047615
LS-PCQA,WPC,house_pqs_1_qs_16_rounded.ply,house.ply,88.4320109976302,4.439580357142859
LS-PCQA,WPC,house_pqs_1_qs_32_rounded.ply,house.ply,77.6921630714695,3.663627976190475
LS-PCQA,WPC,house_pqs_1_qs_48_rounded.ply,house.ply,68.0670300360019,3.2547083333333324
LS-PCQA,WPC,house_pqs_1_qs_64_rounded.ply,house.ply,50.5938538218811,3.2248273809523793
LS-PCQA,WPC,litchi_level_7.ply,litchi.ply,2.48274825766083,2.7176279761904754
LS-PCQA,WPC,litchi_level_8.ply,litchi.ply,23.5190476695968,3.544764880952381
LS-PCQA,WPC,litchi_level_9.ply,litchi.ply,88.2565402235114,4.265827380952382
LS-PCQA,WPC,litchi_gsigma_0_tsigma_8.ply,litchi.ply,92.5519659002015,4.694875000000002
LS-PCQA,WPC,litchi_gsigma_0_tsigma_16.ply,litchi.ply,78.9932472626517,3.8378750000000004
LS-PCQA,WPC,litchi_gsigma_0_tsigma_32.ply,litchi.ply,40.7583214780207,3.1976636904761917
LS-PCQA,WPC,litchi_gsigma_2_tsigma_8.ply,litchi.ply,66.6919619162232,2.980315476190477
LS-PCQA,WPC,litchi_gsigma_2_tsigma_16.ply,litchi.ply,55.4614195640488,3.0244791666666675
LS-PCQA,WPC,litchi_gsigma_2_tsigma_32.ply,litchi.ply,39.7558833886201,2.919431547619047
LS-PCQA,WPC,litchi_gsigma_4_tsigma_8.ply,litchi.ply,39.0795202563234,2.6448541666666676
LS-PCQA,WPC,litchi_gsigma_4_tsigma_16.ply,litchi.ply,43.3964948941778,2.669931547619048
LS-PCQA,WPC,litchi_gsigma_4_tsigma_32.ply,litchi.ply,32.5660157341656,2.6365059523809524
LS-PCQA,WPC,litchi_tsl_4_tqs_64.ply,litchi.ply,41.4499562169134,2.587645833333334
LS-PCQA,WPC,litchi_tsl_4_tqs_128.ply,litchi.ply,33.9275303741484,2.260214285714284
LS-PCQA,WPC,litchi_tsl_4_tqs_256.ply,litchi.ply,24.4817713883161,2.2952172619047606
LS-PCQA,WPC,litchi_tsl_4_tqs_512.ply,litchi.ply,14.1638346194462,2.214568452380953
LS-PCQA,WPC,litchi_tsl_6_tqs_64.ply,litchi.ply,76.6159398833369,3.7808839285714297
LS-PCQA,WPC,litchi_tsl_6_tqs_128.ply,litchi.ply,66.5232624212034,3.0169851190476185
LS-PCQA,WPC,litchi_tsl_6_tqs_256.ply,litchi.ply,38.6309616528636,2.6897321428571423
LS-PCQA,WPC,litchi_tsl_6_tqs_512.ply,litchi.ply,21.5470054418339,2.5711815476190476
LS-PCQA,WPC,litchi_tsl_8_tqs_64.ply,litchi.ply,89.1348528544494,3.973217261904761
LS-PCQA,WPC,litchi_tsl_8_tqs_128.ply,litchi.ply,72.2904768461572,3.5267470238095235
LS-PCQA,WPC,litchi_tsl_8_tqs_256.ply,litchi.ply,52.2418214751017,2.822497023809524
LS-PCQA,WPC,litchi_tsl_8_tqs_512.ply,litchi.ply,25.865772694275,2.692752976190477
LS-PCQA,WPC,litchi_gQP_1_tQP_1.ply,litchi.ply,83.8245971648544,4.006538690476192
LS-PCQA,WPC,litchi_gQP_1_tQP_2.ply,litchi.ply,73.7164483027422,3.8160535714285713
LS-PCQA,WPC,litchi_gQP_1_tQP_3.ply,litchi.ply,59.2921925280305,3.2410595238095237
LS-PCQA,WPC,litchi_gQP_2_tQP_1.ply,litchi.ply,62.0841589108816,3.85652380952381
LS-PCQA,WPC,litchi_gQP_2_tQP_2.ply,litchi.ply,49.4680949601792,3.564517857142856
LS-PCQA,WPC,litchi_gQP_2_tQP_3.ply,litchi.ply,40.8373808033559,3.142517857142857
LS-PCQA,WPC,litchi_gQP_3_tQP_1.ply,litchi.ply,38.8157313038377,3.09120238095238
LS-PCQA,WPC,litchi_gQP_3_tQP_2.ply,litchi.ply,41.6217843598167,3.0714821428571444
LS-PCQA,WPC,litchi_gQP_3_tQP_3.ply,litchi.ply,29.9512447586551,2.860208333333333
LS-PCQA,WPC,litchi_pqs_1_qs_16_rounded.ply,litchi.ply,90.5961494710678,4.578517857142856
LS-PCQA,WPC,litchi_pqs_1_qs_32_rounded.ply,litchi.ply,72.2646975341265,3.400074404761905
LS-PCQA,WPC,litchi_pqs_1_qs_48_rounded.ply,litchi.ply,43.1575564763788,3.154026785714287
LS-PCQA,WPC,litchi_pqs_1_qs_64_rounded.ply,litchi.ply,32.0967345671909,3.058925595238095
LS-PCQA,WPC,mushroom_level_7.ply,mushroom.ply,3.82295185776542,2.7728184523809527
LS-PCQA,WPC,mushroom_level_8.ply,mushroom.ply,14.8441846527301,3.5575714285714266
LS-PCQA,WPC,mushroom_level_9.ply,mushroom.ply,60.8609338338654,4.25848511904762
LS-PCQA,WPC,mushroom_gsigma_0_tsigma_8.ply,mushroom.ply,94.3049845185472,4.640619047619049
LS-PCQA,WPC,mushroom_gsigma_0_tsigma_16.ply,mushroom.ply,75.0987882311693,3.8162172619047614
LS-PCQA,WPC,mushroom_gsigma_0_tsigma_32.ply,mushroom.ply,49.3599438553699,3.2440565476190475
LS-PCQA,WPC,mushroom_gsigma_2_tsigma_8.ply,mushroom.ply,53.8533650047129,3.811377976190477
LS-PCQA,WPC,mushroom_gsigma_2_tsigma_16.ply,mushroom.ply,46.5498571697918,3.3346279761904754
LS-PCQA,WPC,mushroom_gsigma_2_tsigma_32.ply,mushroom.ply,38.4864454123602,2.949032738095238
LS-PCQA,WPC,mushroom_gsigma_4_tsigma_8.ply,mushroom.ply,43.4428297243472,2.824592261904761
LS-PCQA,WPC,mushroom_gsigma_4_tsigma_16.ply,mushroom.ply,37.9495966265077,2.8543184523809515
LS-PCQA,WPC,mushroom_gsigma_4_tsigma_32.ply,mushroom.ply,25.0118683998367,2.743892857142858
LS-PCQA,WPC,mushroom_tsl_4_tqs_64.ply,mushroom.ply,30.0341394546602,3.0966130952380952
LS-PCQA,WPC,mushroom_tsl_4_tqs_128.ply,mushroom.ply,25.1167303905341,2.7354107142857145
LS-PCQA,WPC,mushroom_tsl_4_tqs_256.ply,mushroom.ply,23.0913988319735,2.4162589285714287
LS-PCQA,WPC,mushroom_tsl_4_tqs_512.ply,mushroom.ply,15.5101344492401,2.3622440476190474
LS-PCQA,WPC,mushroom_tsl_6_tqs_64.ply,mushroom.ply,67.3109632879746,3.9860089285714286
LS-PCQA,WPC,mushroom_tsl_6_tqs_128.ply,mushroom.ply,48.0609573382497,3.217175595238096
LS-PCQA,WPC,mushroom_tsl_6_tqs_256.ply,mushroom.ply,31.5007167134119,2.8109821428571427
LS-PCQA,WPC,mushroom_tsl_6_tqs_512.ply,mushroom.ply,19.4331780108381,2.628613095238096
LS-PCQA,WPC,mushroom_tsl_8_tqs_64.ply,mushroom.ply,88.2742731439807,4.128333333333333
LS-PCQA,WPC,mushroom_tsl_8_tqs_128.ply,mushroom.ply,67.6777293217442,3.600431547619047
LS-PCQA,WPC,mushroom_tsl_8_tqs_256.ply,mushroom.ply,40.4980314832457,2.88566369047619
LS-PCQA,WPC,mushroom_tsl_8_tqs_512.ply,mushroom.ply,25.0246754608732,2.6282827380952387
LS-PCQA,WPC,mushroom_gQP_1_tQP_1.ply,mushroom.ply,77.7324074747283,3.9252172619047605
LS-PCQA,WPC,mushroom_gQP_1_tQP_2.ply,mushroom.ply,43.6126604213332,3.2423065476190462
LS-PCQA,WPC,mushroom_gQP_1_tQP_3.ply,mushroom.ply,36.8109227453218,2.9456607142857143
LS-PCQA,WPC,mushroom_gQP_2_tQP_1.ply,mushroom.ply,60.5569558201446,3.7819613095238087
LS-PCQA,WPC,mushroom_gQP_2_tQP_2.ply,mushroom.ply,46.3701371947766,2.939151785714286
LS-PCQA,WPC,mushroom_gQP_2_tQP_3.ply,mushroom.ply,30.9653978913823,2.9010922619047625
LS-PCQA,WPC,mushroom_gQP_3_tQP_1.ply,mushroom.ply,30.0452069615932,3.1156041666666656
LS-PCQA,WPC,mushroom_gQP_3_tQP_2.ply,mushroom.ply,26.2489070307976,2.884538690476189
LS-PCQA,WPC,mushroom_gQP_3_tQP_3.ply,mushroom.ply,20.3048465985323,2.821803571428572
LS-PCQA,WPC,mushroom_pqs_1_qs_16_rounded.ply,mushroom.ply,89.217310768867,4.395467261904763
LS-PCQA,WPC,mushroom_pqs_1_qs_32_rounded.ply,mushroom.ply,67.3401365075386,3.3897440476190472
LS-PCQA,WPC,mushroom_pqs_1_qs_48_rounded.ply,mushroom.ply,44.9503770633442,3.183294642857141
LS-PCQA,WPC,mushroom_pqs_1_qs_64_rounded.ply,mushroom.ply,36.2529366475446,2.9587172619047606
LS-PCQA,WPC,pen_container_level_7.ply,pen_container.ply,2.80493552546136,2.6037589285714287
LS-PCQA,WPC,pen_container_level_8.ply,pen_container.ply,21.1161617645673,3.594845238095237
LS-PCQA,WPC,pen_container_level_9.ply,pen_container.ply,69.8358915850717,4.060937500000001
LS-PCQA,WPC,pen_container_gsigma_0_tsigma_8.ply,pen_container.ply,89.2139888449284,4.730666666666671
LS-PCQA,WPC,pen_container_gsigma_0_tsigma_16.ply,pen_container.ply,71.5678348129798,4.491110119047618
LS-PCQA,WPC,pen_container_gsigma_0_tsigma_32.ply,pen_container.ply,46.963828347615,3.6484791666666667
LS-PCQA,WPC,pen_container_gsigma_2_tsigma_8.ply,pen_container.ply,49.6059594855264,3.846321428571429
LS-PCQA,WPC,pen_container_gsigma_2_tsigma_16.ply,pen_container.ply,42.5214853855229,3.473937499999999
LS-PCQA,WPC,pen_container_gsigma_2_tsigma_32.ply,pen_container.ply,31.7181029608462,3.019110119047619
LS-PCQA,WPC,pen_container_gsigma_4_tsigma_8.ply,pen_container.ply,32.6837246559949,2.7210833333333335
LS-PCQA,WPC,pen_container_gsigma_4_tsigma_16.ply,pen_container.ply,27.7303222283606,2.7958779761904755
LS-PCQA,WPC,pen_container_gsigma_4_tsigma_32.ply,pen_container.ply,26.7642772933239,2.7770565476190483
LS-PCQA,WPC,pen_container_tsl_4_tqs_64.ply,pen_container.ply,16.4123228030351,2.8818809523809517
LS-PCQA,WPC,pen_container_tsl_4_tqs_128.ply,pen_container.ply,16.4439086883069,2.7535744047619035
LS-PCQA,WPC,pen_container_tsl_4_tqs_256.ply,pen_container.ply,15.9365964720886,2.5813988095238107
LS-PCQA,WPC,pen_container_tsl_4_tqs_512.ply,pen_container.ply,12.5967901198768,2.271002976190476
LS-PCQA,WPC,pen_container_tsl_6_tqs_64.ply,pen_container.ply,81.9220444072438,4.25167261904762
LS-PCQA,WPC,pen_container_tsl_6_tqs_128.ply,pen_container.ply,66.9277218818178,4.116907738095239
LS-PCQA,WPC,pen_container_tsl_6_tqs_256.ply,pen_container.ply,41.3878424095498,3.4997648809523816
LS-PCQA,WPC,pen_container_tsl_6_tqs_512.ply,pen_container.ply,25.2678054964123,2.729517857142858
LS-PCQA,WPC,pen_container_tsl_8_tqs_64.ply,pen_container.ply,85.3402125173955,4.316404761904763
LS-PCQA,WPC,pen_container_tsl_8_tqs_128.ply,pen_container.ply,77.208254785442,4.125988095238094
LS-PCQA,WPC,pen_container_tsl_8_tqs_256.ply,pen_container.ply,56.3018695557789,3.6328154761904754
LS-PCQA,WPC,pen_container_tsl_8_tqs_512.ply,pen_container.ply,33.149184812532,2.8005119047619034
LS-PCQA,WPC,pen_container_gQP_1_tQP_1.ply,pen_container.ply,73.5263480382624,4.227633928571429
LS-PCQA,WPC,pen_container_gQP_1_tQP_2.ply,pen_container.ply,70.28884534664,3.8917946428571435
LS-PCQA,WPC,pen_container_gQP_1_tQP_3.ply,pen_container.ply,46.5372077672909,3.6649791666666665
LS-PCQA,WPC,pen_container_gQP_2_tQP_1.ply,pen_container.ply,53.3446900065234,4.139848214285714
LS-PCQA,WPC,pen_container_gQP_2_tQP_2.ply,pen_container.ply,44.3327430696422,3.884630952380952
LS-PCQA,WPC,pen_container_gQP_2_tQP_3.ply,pen_container.ply,48.204110421597,3.5364821428571416
LS-PCQA,WPC,pen_container_gQP_3_tQP_1.ply,pen_container.ply,33.3040241156699,3.9783779761904765
LS-PCQA,WPC,pen_container_gQP_3_tQP_2.ply,pen_container.ply,41.8439730598486,3.7462023809523792
LS-PCQA,WPC,pen_container_gQP_3_tQP_3.ply,pen_container.ply,31.2966910376283,3.274729166666666
LS-PCQA,WPC,pen_container_pqs_1_qs_16_rounded.ply,pen_container.ply,89.9988084703394,4.69897023809524
LS-PCQA,WPC,pen_container_pqs_1_qs_32_rounded.ply,pen_container.ply,76.8657819845095,4.156553571428571
LS-PCQA,WPC,pen_container_pqs_1_qs_48_rounded.ply,pen_container.ply,65.2022012406114,3.874330357142857
LS-PCQA,WPC,pen_container_pqs_1_qs_64_rounded.ply,pen_container.ply,54.48224583447,3.5220773809523824
LS-PCQA,WPC,pineapple_level_7.ply,pineapple.ply,2.23990532591865,2.8735416666666667
LS-PCQA,WPC,pineapple_level_8.ply,pineapple.ply,19.2952257202308,3.9787648809523812
LS-PCQA,WPC,pineapple_level_9.ply,pineapple.ply,68.2241961163991,4.419303571428574
LS-PCQA,WPC,pineapple_gsigma_0_tsigma_8.ply,pineapple.ply,84.5210237697385,4.788702380952384
LS-PCQA,WPC,pineapple_gsigma_0_tsigma_16.ply,pineapple.ply,71.0019369276565,4.283556547619048
LS-PCQA,WPC,pineapple_gsigma_0_tsigma_32.ply,pineapple.ply,46.795056555246,3.17532738095238
LS-PCQA,WPC,pineapple_gsigma_2_tsigma_8.ply,pineapple.ply,54.3496073324298,3.727494047619048
LS-PCQA,WPC,pineapple_gsigma_2_tsigma_16.ply,pineapple.ply,46.5702241839765,3.5753214285714283
LS-PCQA,WPC,pineapple_gsigma_2_tsigma_32.ply,pineapple.ply,33.105761090531,2.967988095238096
LS-PCQA,WPC,pineapple_gsigma_4_tsigma_8.ply,pineapple.ply,39.1643579252667,2.763446428571429
LS-PCQA,WPC,pineapple_gsigma_4_tsigma_16.ply,pineapple.ply,37.6444040492302,2.754255952380951
LS-PCQA,WPC,pineapple_gsigma_4_tsigma_32.ply,pineapple.ply,32.9775401662978,2.645735119047619
LS-PCQA,WPC,pineapple_tsl_4_tqs_64.ply,pineapple.ply,72.7418610931373,3.9224255952380953
LS-PCQA,WPC,pineapple_tsl_4_tqs_128.ply,pineapple.ply,63.2674599178851,3.669422619047617
LS-PCQA,WPC,pineapple_tsl_4_tqs_256.ply,pineapple.ply,38.9571686758426,2.872955357142857
LS-PCQA,WPC,pineapple_tsl_4_tqs_512.ply,pineapple.ply,22.1745819545208,2.372508928571429
LS-PCQA,WPC,pineapple_tsl_6_tqs_64.ply,pineapple.ply,63.0469112364966,4.290154761904762
LS-PCQA,WPC,pineapple_tsl_6_tqs_128.ply,pineapple.ply,54.8796372496039,4.045717261904762
LS-PCQA,WPC,pineapple_tsl_6_tqs_256.ply,pineapple.ply,42.9586439435337,3.1206279761904754
LS-PCQA,WPC,pineapple_tsl_6_tqs_512.ply,pineapple.ply,22.9575236881565,2.522050595238095
LS-PCQA,WPC,pineapple_tsl_8_tqs_64.ply,pineapple.ply,86.2140965750536,4.366508928571431
LS-PCQA,WPC,pineapple_tsl_8_tqs_128.ply,pineapple.ply,74.1207308535902,4.037151785714284
LS-PCQA,WPC,pineapple_tsl_8_tqs_256.ply,pineapple.ply,49.5954702850419,3.2905505952380953
LS-PCQA,WPC,pineapple_tsl_8_tqs_512.ply,pineapple.ply,30.3483281686754,2.5260952380952375
LS-PCQA,WPC,pineapple_gQP_1_tQP_1.ply,pineapple.ply,80.619490835398,4.382973214285715
LS-PCQA,WPC,pineapple_gQP_1_tQP_2.ply,pineapple.ply,63.4549412974101,3.8893333333333326
LS-PCQA,WPC,pineapple_gQP_1_tQP_3.ply,pineapple.ply,46.0406662983886,3.479525297619047
LS-PCQA,WPC,pineapple_gQP_2_tQP_1.ply,pineapple.ply,65.7822807299726,4.2181547619047635
LS-PCQA,WPC,pineapple_gQP_2_tQP_2.ply,pineapple.ply,50.0556248314212,3.844696428571428
LS-PCQA,WPC,pineapple_gQP_2_tQP_3.ply,pineapple.ply,34.3809160802291,3.371803571428572
LS-PCQA,WPC,pineapple_gQP_3_tQP_1.ply,pineapple.ply,49.7644939552032,4.156583333333331
LS-PCQA,WPC,pineapple_gQP_3_tQP_2.ply,pineapple.ply,48.8730581119722,3.657999999999999
LS-PCQA,WPC,pineapple_gQP_3_tQP_3.ply,pineapple.ply,32.0423144049895,3.2032083333333343
LS-PCQA,WPC,pineapple_pqs_1_qs_16_rounded.ply,pineapple.ply,87.7745182456416,4.649779761904763
LS-PCQA,WPC,pineapple_pqs_1_qs_32_rounded.ply,pineapple.ply,68.3985018371684,3.488654761904761
LS-PCQA,WPC,pineapple_pqs_1_qs_48_rounded.ply,pineapple.ply,39.8716047326156,2.7069374999999996
LS-PCQA,WPC,pineapple_pqs_1_qs_64_rounded.ply,pineapple.ply,23.8808997702427,2.4604255952380942
LS-PCQA,WPC,ping-pong_bat_level_7.ply,ping-pong_bat.ply,10.6690482299712,2.5454226190476192
LS-PCQA,WPC,ping-pong_bat_level_8.ply,ping-pong_bat.ply,26.1100390607099,3.564023809523809
LS-PCQA,WPC,ping-pong_bat_level_9.ply,ping-pong_bat.ply,85.7174830576411,4.327761904761906
LS-PCQA,WPC,ping-pong_bat_gsigma_0_tsigma_8.ply,ping-pong_bat.ply,85.769393720766,4.579761904761904
LS-PCQA,WPC,ping-pong_bat_gsigma_0_tsigma_16.ply,ping-pong_bat.ply,59.9268872039021,3.8450654761904755
LS-PCQA,WPC,ping-pong_bat_gsigma_0_tsigma_32.ply,ping-pong_bat.ply,45.2645196707695,3.3442916666666678
LS-PCQA,WPC,ping-pong_bat_gsigma_2_tsigma_8.ply,ping-pong_bat.ply,53.5935646400685,3.1236785714285706
LS-PCQA,WPC,ping-pong_bat_gsigma_2_tsigma_16.ply,ping-pong_bat.ply,43.7257316446207,3.096660714285713
LS-PCQA,WPC,ping-pong_bat_gsigma_2_tsigma_32.ply,ping-pong_bat.ply,36.8020877997066,2.9239642857142867
LS-PCQA,WPC,ping-pong_bat_gsigma_4_tsigma_8.ply,ping-pong_bat.ply,36.8318039649704,2.8208482142857143
LS-PCQA,WPC,ping-pong_bat_gsigma_4_tsigma_16.ply,ping-pong_bat.ply,31.3729003671076,2.8372291666666665
LS-PCQA,WPC,ping-pong_bat_gsigma_4_tsigma_32.ply,ping-pong_bat.ply,28.1278545758974,2.6056339285714283
LS-PCQA,WPC,ping-pong_bat_tsl_4_tqs_64.ply,ping-pong_bat.ply,5.51761494975227,2.2449732142857144
LS-PCQA,WPC,ping-pong_bat_tsl_4_tqs_128.ply,ping-pong_bat.ply,5.6089146066107,2.2284375
LS-PCQA,WPC,ping-pong_bat_tsl_4_tqs_256.ply,ping-pong_bat.ply,4.17255565702724,2.2132380952380952
LS-PCQA,WPC,ping-pong_bat_tsl_4_tqs_512.ply,ping-pong_bat.ply,5.08596036666654,2.143261904761905
LS-PCQA,WPC,ping-pong_bat_tsl_6_tqs_64.ply,ping-pong_bat.ply,70.2438172993147,3.89472619047619
LS-PCQA,WPC,ping-pong_bat_tsl_6_tqs_128.ply,ping-pong_bat.ply,50.0484512957028,3.618020833333333
LS-PCQA,WPC,ping-pong_bat_tsl_6_tqs_256.ply,ping-pong_bat.ply,33.4945503475571,2.892312499999999
LS-PCQA,WPC,ping-pong_bat_tsl_6_tqs_512.ply,ping-pong_bat.ply,26.984078720206,2.7150624999999997
LS-PCQA,WPC,ping-pong_bat_tsl_8_tqs_64.ply,ping-pong_bat.ply,77.2407728875596,4.078580357142857
LS-PCQA,WPC,ping-pong_bat_tsl_8_tqs_128.ply,ping-pong_bat.ply,52.6310751361073,3.6895416666666665
LS-PCQA,WPC,ping-pong_bat_tsl_8_tqs_256.ply,ping-pong_bat.ply,38.2532322365905,2.951747023809523
LS-PCQA,WPC,ping-pong_bat_tsl_8_tqs_512.ply,ping-pong_bat.ply,30.3627763585824,2.7106785714285717
LS-PCQA,WPC,ping-pong_bat_gQP_1_tQP_1.ply,ping-pong_bat.ply,73.3250111560863,3.8542559523809508
LS-PCQA,WPC,ping-pong_bat_gQP_1_tQP_2.ply,ping-pong_bat.ply,63.8519578741261,3.5257857142857136
LS-PCQA,WPC,ping-pong_bat_gQP_1_tQP_3.ply,ping-pong_bat.ply,53.2647474080303,3.3276636904761903
LS-PCQA,WPC,ping-pong_bat_gQP_2_tQP_1.ply,ping-pong_bat.ply,61.7305609005537,3.307261904761902
LS-PCQA,WPC,ping-pong_bat_gQP_2_tQP_2.ply,ping-pong_bat.ply,57.0515105524467,3.1436458333333324
LS-PCQA,WPC,ping-pong_bat_gQP_2_tQP_3.ply,ping-pong_bat.ply,42.2614631118788,2.9327738095238094
LS-PCQA,WPC,ping-pong_bat_gQP_3_tQP_1.ply,ping-pong_bat.ply,35.5500027297284,2.889589285714284
LS-PCQA,WPC,ping-pong_bat_gQP_3_tQP_2.ply,ping-pong_bat.ply,34.6620967679305,2.9323809523809516
LS-PCQA,WPC,ping-pong_bat_gQP_3_tQP_3.ply,ping-pong_bat.ply,36.7548439737199,2.8555654761904754
LS-PCQA,WPC,ping-pong_bat_pqs_1_qs_16_rounded.ply,ping-pong_bat.ply,91.8415346275812,4.48024404761905
LS-PCQA,WPC,ping-pong_bat_pqs_1_qs_32_rounded.ply,ping-pong_bat.ply,57.3354633109323,3.7284077380952367
LS-PCQA,WPC,ping-pong_bat_pqs_1_qs_48_rounded.ply,ping-pong_bat.ply,41.3243172710329,3.2922023809523813
LS-PCQA,WPC,ping-pong_bat_pqs_1_qs_64_rounded.ply,ping-pong_bat.ply,28.3499924782165,3.023116071428571
LS-PCQA,WPC,puer_tea_level_7.ply,puer_tea.ply,3.15346252854002,2.466333333333334
LS-PCQA,WPC,puer_tea_level_8.ply,puer_tea.ply,16.2603349265675,3.3065446428571414
LS-PCQA,WPC,puer_tea_level_9.ply,puer_tea.ply,77.8432664101668,4.0954702380952375
LS-PCQA,WPC,puer_tea_gsigma_0_tsigma_8.ply,puer_tea.ply,79.4766933491598,4.130261904761904
LS-PCQA,WPC,puer_tea_gsigma_0_tsigma_16.ply,puer_tea.ply,48.6325940292948,3.236122023809523
LS-PCQA,WPC,puer_tea_gsigma_0_tsigma_32.ply,puer_tea.ply,34.7408576952058,2.575580357142858
LS-PCQA,WPC,puer_tea_gsigma_2_tsigma_8.ply,puer_tea.ply,43.4702655634764,2.6395773809523804
LS-PCQA,WPC,puer_tea_gsigma_2_tsigma_16.ply,puer_tea.ply,32.5523097966144,2.4916755952380965
LS-PCQA,WPC,puer_tea_gsigma_2_tsigma_32.ply,puer_tea.ply,27.4135990964935,2.2670446428571434
LS-PCQA,WPC,puer_tea_gsigma_4_tsigma_8.ply,puer_tea.ply,24.0019876904387,2.567059523809525
LS-PCQA,WPC,puer_tea_gsigma_4_tsigma_16.ply,puer_tea.ply,22.9869495082541,2.3235059523809536
LS-PCQA,WPC,puer_tea_gsigma_4_tsigma_32.ply,puer_tea.ply,17.40818679622,2.1207529761904764
LS-PCQA,WPC,puer_tea_tsl_4_tqs_64.ply,puer_tea.ply,22.6305666322368,2.6086785714285723
LS-PCQA,WPC,puer_tea_tsl_4_tqs_128.ply,puer_tea.ply,26.8199135306378,2.3141369047619036
LS-PCQA,WPC,puer_tea_tsl_4_tqs_256.ply,puer_tea.ply,12.1998153379797,2.3072559523809524
LS-PCQA,WPC,puer_tea_tsl_4_tqs_512.ply,puer_tea.ply,5.84222472057741,2.3049642857142856
LS-PCQA,WPC,puer_tea_tsl_6_tqs_64.ply,puer_tea.ply,86.8804487654727,2.923592261904761
LS-PCQA,WPC,puer_tea_tsl_6_tqs_128.ply,puer_tea.ply,62.9862121483958,2.594389880952381
LS-PCQA,WPC,puer_tea_tsl_6_tqs_256.ply,puer_tea.ply,28.5558617819512,2.397166666666668
LS-PCQA,WPC,puer_tea_tsl_6_tqs_512.ply,puer_tea.ply,16.5995484743701,2.4122113095238102
LS-PCQA,WPC,puer_tea_tsl_8_tqs_64.ply,puer_tea.ply,79.8453305174932,3.0327916666666668
LS-PCQA,WPC,puer_tea_tsl_8_tqs_128.ply,puer_tea.ply,61.7974566844332,2.576699404761905
LS-PCQA,WPC,puer_tea_tsl_8_tqs_256.ply,puer_tea.ply,36.1136410683924,2.480372023809525
LS-PCQA,WPC,puer_tea_tsl_8_tqs_512.ply,puer_tea.ply,21.5459093155011,2.4158720238095244
LS-PCQA,WPC,puer_tea_gQP_1_tQP_1.ply,puer_tea.ply,77.914700954506,3.185994047619047
LS-PCQA,WPC,puer_tea_gQP_1_tQP_2.ply,puer_tea.ply,75.4444591024422,2.834229166666666
LS-PCQA,WPC,puer_tea_gQP_1_tQP_3.ply,puer_tea.ply,51.2988745216774,2.597255952380952
LS-PCQA,WPC,puer_tea_gQP_2_tQP_1.ply,puer_tea.ply,62.5054541432411,3.141607142857142
LS-PCQA,WPC,puer_tea_gQP_2_tQP_2.ply,puer_tea.ply,63.4256547659898,2.7727232142857132
LS-PCQA,WPC,puer_tea_gQP_2_tQP_3.ply,puer_tea.ply,48.9932846071129,2.5793035714285706
LS-PCQA,WPC,puer_tea_gQP_3_tQP_1.ply,puer_tea.ply,49.2533031787853,2.9386488095238104
LS-PCQA,WPC,puer_tea_gQP_3_tQP_2.ply,puer_tea.ply,42.0841687809331,2.7642202380952385
LS-PCQA,WPC,puer_tea_gQP_3_tQP_3.ply,puer_tea.ply,37.3107135366479,2.5277648809523807
LS-PCQA,WPC,puer_tea_pqs_1_qs_16_rounded.ply,puer_tea.ply,88.7792248817324,3.9769017857142863
LS-PCQA,WPC,puer_tea_pqs_1_qs_32_rounded.ply,puer_tea.ply,57.8307403442314,3.3452857142857138
LS-PCQA,WPC,puer_tea_pqs_1_qs_48_rounded.ply,puer_tea.ply,53.8310144289387,3.0913154761904758
LS-PCQA,WPC,puer_tea_pqs_1_qs_64_rounded.ply,puer_tea.ply,48.0135449671769,2.868604166666667
LS-PCQA,WPC,pumpkin_level_7.ply,pumpkin.ply,1.8126002512715,3.177178571428571
LS-PCQA,WPC,pumpkin_level_8.ply,pumpkin.ply,20.6394441968121,4.215616071428571
LS-PCQA,WPC,pumpkin_level_9.ply,pumpkin.ply,76.0300023212763,4.4300000000000015
LS-PCQA,WPC,pumpkin_gsigma_0_tsigma_8.ply,pumpkin.ply,88.712894910982,4.7037738095238115
LS-PCQA,WPC,pumpkin_gsigma_0_tsigma_16.ply,pumpkin.ply,73.8480628000894,4.403005952380951
LS-PCQA,WPC,pumpkin_gsigma_0_tsigma_32.ply,pumpkin.ply,47.6452487350534,3.6428392857142855
LS-PCQA,WPC,pumpkin_gsigma_2_tsigma_8.ply,pumpkin.ply,59.7027566150372,3.95052380952381
LS-PCQA,WPC,pumpkin_gsigma_2_tsigma_16.ply,pumpkin.ply,50.8871548748291,3.826571428571428
LS-PCQA,WPC,pumpkin_gsigma_2_tsigma_32.ply,pumpkin.ply,36.1358020796238,3.227991071428571
LS-PCQA,WPC,pumpkin_gsigma_4_tsigma_8.ply,pumpkin.ply,37.6244288147675,2.991086309523808
LS-PCQA,WPC,pumpkin_gsigma_4_tsigma_16.ply,pumpkin.ply,37.900248283199,2.9603214285714277
LS-PCQA,WPC,pumpkin_gsigma_4_tsigma_32.ply,pumpkin.ply,26.0686684530379,2.9313541666666665
LS-PCQA,WPC,pumpkin_tsl_4_tqs_64.ply,pumpkin.ply,86.446484251263,4.227883928571426
LS-PCQA,WPC,pumpkin_tsl_4_tqs_128.ply,pumpkin.ply,78.6740472690266,3.874747023809525
LS-PCQA,WPC,pumpkin_tsl_4_tqs_256.ply,pumpkin.ply,53.1251330114768,3.1032410714285716
LS-PCQA,WPC,pumpkin_tsl_4_tqs_512.ply,pumpkin.ply,28.6786177069522,2.689523809523809
LS-PCQA,WPC,pumpkin_tsl_6_tqs_64.ply,pumpkin.ply,66.9062480624086,4.425360119047619
LS-PCQA,WPC,pumpkin_tsl_6_tqs_128.ply,pumpkin.ply,62.2123482976544,3.940994047619047
LS-PCQA,WPC,pumpkin_tsl_6_tqs_256.ply,pumpkin.ply,48.3776981972412,3.1684940476190473
LS-PCQA,WPC,pumpkin_tsl_6_tqs_512.ply,pumpkin.ply,25.6811204549124,2.8570148809523808
LS-PCQA,WPC,pumpkin_tsl_8_tqs_64.ply,pumpkin.ply,87.7715672371884,4.440077380952381
LS-PCQA,WPC,pumpkin_tsl_8_tqs_128.ply,pumpkin.ply,78.9769817691926,4.0576428571428576
LS-PCQA,WPC,pumpkin_tsl_8_tqs_256.ply,pumpkin.ply,55.3436389820298,3.2649523809523813
LS-PCQA,WPC,pumpkin_tsl_8_tqs_512.ply,pumpkin.ply,29.7648083427553,2.8604940476190475
LS-PCQA,WPC,pumpkin_gQP_1_tQP_1.ply,pumpkin.ply,80.0320090706354,4.3335357142857145
LS-PCQA,WPC,pumpkin_gQP_1_tQP_2.ply,pumpkin.ply,63.6286045533244,3.3453779761904747
LS-PCQA,WPC,pumpkin_gQP_1_tQP_3.ply,pumpkin.ply,41.5038209451386,3.0566964285714278
LS-PCQA,WPC,pumpkin_gQP_2_tQP_1.ply,pumpkin.ply,57.3085433797706,4.347666666666667
LS-PCQA,WPC,pumpkin_gQP_2_tQP_2.ply,pumpkin.ply,56.3477429936398,3.275110119047619
LS-PCQA,WPC,pumpkin_gQP_2_tQP_3.ply,pumpkin.ply,41.5159642319042,2.991636904761904
LS-PCQA,WPC,pumpkin_gQP_3_tQP_1.ply,pumpkin.ply,46.1422770914442,3.949464285714287
LS-PCQA,WPC,pumpkin_gQP_3_tQP_2.ply,pumpkin.ply,37.5424785871894,3.0249196428571423
LS-PCQA,WPC,pumpkin_gQP_3_tQP_3.ply,pumpkin.ply,30.2320521605782,2.9150833333333326
LS-PCQA,WPC,pumpkin_pqs_1_qs_16_rounded.ply,pumpkin.ply,85.6214108081247,4.581330357142857
LS-PCQA,WPC,pumpkin_pqs_1_qs_32_rounded.ply,pumpkin.ply,83.0429567927244,3.3679523809523797
LS-PCQA,WPC,pumpkin_pqs_1_qs_48_rounded.ply,pumpkin.ply,71.6336540114101,3.0161755952380958
LS-PCQA,WPC,pumpkin_pqs_1_qs_64_rounded.ply,pumpkin.ply,52.24143669455,2.8203124999999996
LS-PCQA,WPC,ship_level_7.ply,ship.ply,5.79065940679862,2.455342261904762
LS-PCQA,WPC,ship_level_8.ply,ship.ply,15.2671574459892,3.5563958333333328
LS-PCQA,WPC,ship_level_9.ply,ship.ply,51.1674933407132,4.210851190476192
LS-PCQA,WPC,ship_gsigma_0_tsigma_8.ply,ship.ply,81.8761496401027,4.28629761904762
LS-PCQA,WPC,ship_gsigma_0_tsigma_16.ply,ship.ply,60.0259037887531,3.568300595238096
LS-PCQA,WPC,ship_gsigma_0_tsigma_32.ply,ship.ply,44.7131178212002,3.0141666666666658
LS-PCQA,WPC,ship_gsigma_2_tsigma_8.ply,ship.ply,44.3239117772617,2.9688303571428567
LS-PCQA,WPC,ship_gsigma_2_tsigma_16.ply,ship.ply,46.2428076848646,2.952264880952381
LS-PCQA,WPC,ship_gsigma_2_tsigma_32.ply,ship.ply,29.4704740502455,2.601702380952381
LS-PCQA,WPC,ship_gsigma_4_tsigma_8.ply,ship.ply,24.1590376261928,2.5824523809523807
LS-PCQA,WPC,ship_gsigma_4_tsigma_16.ply,ship.ply,30.238411260331,2.4407261904761905
LS-PCQA,WPC,ship_gsigma_4_tsigma_32.ply,ship.ply,22.5718248134771,2.3929970238095253
LS-PCQA,WPC,ship_tsl_4_tqs_64.ply,ship.ply,13.4323530319704,2.5196636904761913
LS-PCQA,WPC,ship_tsl_4_tqs_128.ply,ship.ply,15.9791047560549,2.4124136904761904
LS-PCQA,WPC,ship_tsl_4_tqs_256.ply,ship.ply,11.7246524833365,2.2902857142857145
LS-PCQA,WPC,ship_tsl_4_tqs_512.ply,ship.ply,12.6371072440398,2.1949791666666663
LS-PCQA,WPC,ship_tsl_6_tqs_64.ply,ship.ply,80.4780816556649,3.428202380952381
LS-PCQA,WPC,ship_tsl_6_tqs_128.ply,ship.ply,68.1048669406974,2.953964285714287
LS-PCQA,WPC,ship_tsl_6_tqs_256.ply,ship.ply,41.1861630890169,2.477800595238095
LS-PCQA,WPC,ship_tsl_6_tqs_512.ply,ship.ply,25.1244404016418,2.5708482142857143
LS-PCQA,WPC,ship_tsl_8_tqs_64.ply,ship.ply,86.4145260567469,3.7306160714285705
LS-PCQA,WPC,ship_tsl_8_tqs_128.ply,ship.ply,76.5494553024612,3.0829642857142856
LS-PCQA,WPC,ship_tsl_8_tqs_256.ply,ship.ply,45.6045385106163,2.487184523809523
LS-PCQA,WPC,ship_tsl_8_tqs_512.ply,ship.ply,32.5676781701757,2.516148809523811
LS-PCQA,WPC,ship_gQP_1_tQP_1.ply,ship.ply,86.8324316287296,3.7875297619047608
LS-PCQA,WPC,ship_gQP_1_tQP_2.ply,ship.ply,79.6695339466734,3.3174761904761896
LS-PCQA,WPC,ship_gQP_1_tQP_3.ply,ship.ply,64.6536388064568,3.1010297619047615
LS-PCQA,WPC,ship_gQP_2_tQP_1.ply,ship.ply,52.755875346608,3.1830386904761894
LS-PCQA,WPC,ship_gQP_2_tQP_2.ply,ship.ply,53.071309357766,3.012098214285713
LS-PCQA,WPC,ship_gQP_2_tQP_3.ply,ship.ply,44.9948183529334,2.894074404761904
LS-PCQA,WPC,ship_gQP_3_tQP_1.ply,ship.ply,32.7011304352748,3.1077499999999993
LS-PCQA,WPC,ship_gQP_3_tQP_2.ply,ship.ply,30.0782560592608,2.9616428571428566
LS-PCQA,WPC,ship_gQP_3_tQP_3.ply,ship.ply,32.3718773753873,2.800416666666666
LS-PCQA,WPC,ship_pqs_1_qs_16_rounded.ply,ship.ply,91.8923788590112,4.445598214285716
LS-PCQA,WPC,ship_pqs_1_qs_32_rounded.ply,ship.ply,68.9062813581738,3.7681845238095235
LS-PCQA,WPC,ship_pqs_1_qs_48_rounded.ply,ship.ply,60.8537026618668,3.5350476190476177
LS-PCQA,WPC,ship_pqs_1_qs_64_rounded.ply,ship.ply,48.1843931082809,3.2094583333333317
LS-PCQA,WPC,statue_level_7.ply,statue.ply,11.0459267428809,2.722931547619047
LS-PCQA,WPC,statue_level_8.ply,statue.ply,24.446050693692,3.710110119047619
LS-PCQA,WPC,statue_level_9.ply,statue.ply,69.021410657055,4.263336309523811
LS-PCQA,WPC,statue_gsigma_0_tsigma_8.ply,statue.ply,85.1194730302636,4.389366071428571
LS-PCQA,WPC,statue_gsigma_0_tsigma_16.ply,statue.ply,69.249033449068,3.7405505952380964
LS-PCQA,WPC,statue_gsigma_0_tsigma_32.ply,statue.ply,49.2759668006284,3.2846636904761914
LS-PCQA,WPC,statue_gsigma_2_tsigma_8.ply,statue.ply,50.1455304638253,3.510232142857143
LS-PCQA,WPC,statue_gsigma_2_tsigma_16.ply,statue.ply,39.4123304229697,3.312842261904759
LS-PCQA,WPC,statue_gsigma_2_tsigma_32.ply,statue.ply,34.7558872961688,2.956205357142858
LS-PCQA,WPC,statue_gsigma_4_tsigma_8.ply,statue.ply,31.3800914768002,2.8590267857142857
LS-PCQA,WPC,statue_gsigma_4_tsigma_16.ply,statue.ply,27.7228845622661,2.8753124999999993
LS-PCQA,WPC,statue_gsigma_4_tsigma_32.ply,statue.ply,32.9952144940355,2.6283214285714287
LS-PCQA,WPC,statue_tsl_4_tqs_64.ply,statue.ply,19.5588193173298,2.9938452380952385
LS-PCQA,WPC,statue_tsl_4_tqs_128.ply,statue.ply,19.6972695023532,2.7623273809523816
LS-PCQA,WPC,statue_tsl_4_tqs_256.ply,statue.ply,16.4008289158312,2.5902440476190485
LS-PCQA,WPC,statue_tsl_4_tqs_512.ply,statue.ply,11.344017416098,2.330169642857143
LS-PCQA,WPC,statue_tsl_6_tqs_64.ply,statue.ply,77.3013087163849,4.191244047619048
LS-PCQA,WPC,statue_tsl_6_tqs_128.ply,statue.ply,67.7603536053018,3.7205982142857135
LS-PCQA,WPC,statue_tsl_6_tqs_256.ply,statue.ply,48.2298391926814,3.0522083333333336
LS-PCQA,WPC,statue_tsl_6_tqs_512.ply,statue.ply,29.7384769623822,2.645166666666667
LS-PCQA,WPC,statue_tsl_8_tqs_64.ply,statue.ply,88.3188857213587,4.174297619047619
LS-PCQA,WPC,statue_tsl_8_tqs_128.ply,statue.ply,78.3651175128164,3.9369107142857143
LS-PCQA,WPC,statue_tsl_8_tqs_256.ply,statue.ply,57.6657301068921,3.293110119047618
LS-PCQA,WPC,statue_tsl_8_tqs_512.ply,statue.ply,35.5732845168642,2.7951041666666674
LS-PCQA,WPC,statue_gQP_1_tQP_1.ply,statue.ply,82.165444745857,4.373601190476191
LS-PCQA,WPC,statue_gQP_1_tQP_2.ply,statue.ply,74.3686838145158,4.031520833333331
LS-PCQA,WPC,statue_gQP_1_tQP_3.ply,statue.ply,52.9808699886701,3.7967142857142857
LS-PCQA,WPC,statue_gQP_2_tQP_1.ply,statue.ply,65.2778979966785,4.288142857142858
LS-PCQA,WPC,statue_gQP_2_tQP_2.ply,statue.ply,58.0391510244265,4.009095238095238
LS-PCQA,WPC,statue_gQP_2_tQP_3.ply,statue.ply,45.2939638761951,3.7549732142857146
LS-PCQA,WPC,statue_gQP_3_tQP_1.ply,statue.ply,25.8864162085524,3.7321101190476185
LS-PCQA,WPC,statue_gQP_3_tQP_2.ply,statue.ply,32.5854118785264,3.5505714285714287
LS-PCQA,WPC,statue_gQP_3_tQP_3.ply,statue.ply,26.9301373002519,3.158502976190475
LS-PCQA,WPC,statue_pqs_1_qs_16_rounded.ply,statue.ply,87.0157340766006,4.4741428571428585
LS-PCQA,WPC,statue_pqs_1_qs_32_rounded.ply,statue.ply,77.2797822260162,3.557535714285714
LS-PCQA,WPC,statue_pqs_1_qs_48_rounded.ply,statue.ply,67.4047603475092,3.4523898809523796
LS-PCQA,WPC,statue_pqs_1_qs_64_rounded.ply,statue.ply,54.1088773909453,3.3334002976190464
LS-PCQA,WPC,stone_level_7.ply,stone.ply,8.58053319292371,3.061461309523811
LS-PCQA,WPC,stone_level_8.ply,stone.ply,20.6493113794565,4.008309523809523
LS-PCQA,WPC,stone_level_9.ply,stone.ply,86.872321281179,4.347702380952382
LS-PCQA,WPC,stone_gsigma_0_tsigma_8.ply,stone.ply,86.8766848211552,4.663133928571431
LS-PCQA,WPC,stone_gsigma_0_tsigma_16.ply,stone.ply,75.0615560139541,4.014928571428571
LS-PCQA,WPC,stone_gsigma_0_tsigma_32.ply,stone.ply,47.836863678051,3.1652380952380956
LS-PCQA,WPC,stone_gsigma_2_tsigma_8.ply,stone.ply,71.6157091186009,3.770517857142857
LS-PCQA,WPC,stone_gsigma_2_tsigma_16.ply,stone.ply,62.4059409006599,3.416830357142856
LS-PCQA,WPC,stone_gsigma_2_tsigma_32.ply,stone.ply,47.6251229700144,2.9999642857142845
LS-PCQA,WPC,stone_gsigma_4_tsigma_8.ply,stone.ply,34.4159190445181,2.7819821428571405
LS-PCQA,WPC,stone_gsigma_4_tsigma_16.ply,stone.ply,36.8529422604938,2.798011904761903
LS-PCQA,WPC,stone_gsigma_4_tsigma_32.ply,stone.ply,24.0907463682826,2.806946428571428
LS-PCQA,WPC,stone_tsl_4_tqs_64.ply,stone.ply,57.6383741144741,4.043407738095237
LS-PCQA,WPC,stone_tsl_4_tqs_128.ply,stone.ply,47.1735467282753,3.7727351190476184
LS-PCQA,WPC,stone_tsl_4_tqs_256.ply,stone.ply,34.2206143434335,3.0141666666666675
LS-PCQA,WPC,stone_tsl_4_tqs_512.ply,stone.ply,18.7636046116809,2.541017857142856
LS-PCQA,WPC,stone_tsl_6_tqs_64.ply,stone.ply,65.9392597468463,4.29647619047619
LS-PCQA,WPC,stone_tsl_6_tqs_128.ply,stone.ply,60.6549209297791,3.849386904761904
LS-PCQA,WPC,stone_tsl_6_tqs_256.ply,stone.ply,42.3730925010962,3.0300535714285712
LS-PCQA,WPC,stone_tsl_6_tqs_512.ply,stone.ply,22.6359196309754,2.7718809523809536
LS-PCQA,WPC,stone_tsl_8_tqs_64.ply,stone.ply,76.9686124364125,4.3463035714285745
LS-PCQA,WPC,stone_tsl_8_tqs_128.ply,stone.ply,75.6815365519877,3.851696428571428
LS-PCQA,WPC,stone_tsl_8_tqs_256.ply,stone.ply,47.4369456685297,3.0923482142857153
LS-PCQA,WPC,stone_tsl_8_tqs_512.ply,stone.ply,20.3125947364039,2.783755952380953
LS-PCQA,WPC,stone_gQP_1_tQP_1.ply,stone.ply,78.8199476731929,3.936119047619048
LS-PCQA,WPC,stone_gQP_1_tQP_2.ply,stone.ply,55.9642947110012,3.280782738095237
LS-PCQA,WPC,stone_gQP_1_tQP_3.ply,stone.ply,38.1912520635221,2.924363095238095
LS-PCQA,WPC,stone_gQP_2_tQP_1.ply,stone.ply,58.8787093055682,3.7440119047619045
LS-PCQA,WPC,stone_gQP_2_tQP_2.ply,stone.ply,56.0219351966566,3.173413690476189
LS-PCQA,WPC,stone_gQP_2_tQP_3.ply,stone.ply,34.4622505904907,2.925267857142856
LS-PCQA,WPC,stone_gQP_3_tQP_1.ply,stone.ply,41.7610959776657,3.2609999999999983
LS-PCQA,WPC,stone_gQP_3_tQP_2.ply,stone.ply,35.6204916846575,3.021946428571428
LS-PCQA,WPC,stone_gQP_3_tQP_3.ply,stone.ply,26.0134287410296,2.792017857142856
LS-PCQA,WPC,stone_pqs_1_qs_16_rounded.ply,stone.ply,80.9089254448558,4.40086607142857
LS-PCQA,WPC,stone_pqs_1_qs_32_rounded.ply,stone.ply,69.4849326204119,3.4702202380952385
LS-PCQA,WPC,stone_pqs_1_qs_48_rounded.ply,stone.ply,77.068618338965,3.2841577380952374
LS-PCQA,WPC,stone_pqs_1_qs_64_rounded.ply,stone.ply,65.579572732327,3.069842261904762
LS-PCQA,WPC,tool_box_level_7.ply,tool_box.ply,7.78815081382912,2.9289434523809508
LS-PCQA,WPC,tool_box_level_8.ply,tool_box.ply,25.3570692321109,3.728872023809524
LS-PCQA,WPC,tool_box_level_9.ply,tool_box.ply,72.9680686629272,4.293050595238099
LS-PCQA,WPC,tool_box_gsigma_0_tsigma_8.ply,tool_box.ply,74.0777420470806,4.201517857142858
LS-PCQA,WPC,tool_box_gsigma_0_tsigma_16.ply,tool_box.ply,47.6539583277037,3.5527172619047622
LS-PCQA,WPC,tool_box_gsigma_0_tsigma_32.ply,tool_box.ply,33.3808952190659,3.131666666666667
LS-PCQA,WPC,tool_box_gsigma_2_tsigma_8.ply,tool_box.ply,42.1586836898212,3.7451607142857135
LS-PCQA,WPC,tool_box_gsigma_2_tsigma_16.ply,tool_box.ply,30.4911353870176,3.3761011904761897
LS-PCQA,WPC,tool_box_gsigma_2_tsigma_32.ply,tool_box.ply,19.7353896644349,2.9788958333333335
LS-PCQA,WPC,tool_box_gsigma_4_tsigma_8.ply,tool_box.ply,27.6145145983668,2.9951755952380954
LS-PCQA,WPC,tool_box_gsigma_4_tsigma_16.ply,tool_box.ply,22.032861690286,2.8326547619047613
LS-PCQA,WPC,tool_box_gsigma_4_tsigma_32.ply,tool_box.ply,13.7126560479102,2.6415565476190466
LS-PCQA,WPC,tool_box_tsl_4_tqs_64.ply,tool_box.ply,53.8100580363865,3.3615773809523795
LS-PCQA,WPC,tool_box_tsl_4_tqs_128.ply,tool_box.ply,43.4806332561404,2.926059523809524
LS-PCQA,WPC,tool_box_tsl_4_tqs_256.ply,tool_box.ply,21.3399042402183,2.8129196428571417
LS-PCQA,WPC,tool_box_tsl_4_tqs_512.ply,tool_box.ply,9.772409239441,2.516630952380952
LS-PCQA,WPC,tool_box_tsl_6_tqs_64.ply,tool_box.ply,80.4800722020086,3.837657738095238
LS-PCQA,WPC,tool_box_tsl_6_tqs_128.ply,tool_box.ply,46.7185364229069,3.325199404761906
LS-PCQA,WPC,tool_box_tsl_6_tqs_256.ply,tool_box.ply,31.6904848394128,2.981985119047618
LS-PCQA,WPC,tool_box_tsl_6_tqs_512.ply,tool_box.ply,13.2445947729477,2.7030089285714287
LS-PCQA,WPC,tool_box_tsl_8_tqs_64.ply,tool_box.ply,73.8705759608815,3.974955357142859
LS-PCQA,WPC,tool_box_tsl_8_tqs_128.ply,tool_box.ply,52.1691946744185,3.3698571428571427
LS-PCQA,WPC,tool_box_tsl_8_tqs_256.ply,tool_box.ply,29.3246156020452,3.0083273809523803
LS-PCQA,WPC,tool_box_tsl_8_tqs_512.ply,tool_box.ply,18.0808647645683,2.707755952380952
LS-PCQA,WPC,tool_box_gQP_1_tQP_1.ply,tool_box.ply,77.1818034804779,3.869470238095238
LS-PCQA,WPC,tool_box_gQP_1_tQP_2.ply,tool_box.ply,59.1793726323538,3.532720238095237
LS-PCQA,WPC,tool_box_gQP_1_tQP_3.ply,tool_box.ply,56.7594447126585,3.289196428571428
LS-PCQA,WPC,tool_box_gQP_2_tQP_1.ply,tool_box.ply,57.8707979905386,3.5492619047619045
LS-PCQA,WPC,tool_box_gQP_2_tQP_2.ply,tool_box.ply,57.2117340327635,3.297574404761903
LS-PCQA,WPC,tool_box_gQP_2_tQP_3.ply,tool_box.ply,45.3218746375929,3.0529910714285715
LS-PCQA,WPC,tool_box_gQP_3_tQP_1.ply,tool_box.ply,44.4899426853948,3.1691845238095233
LS-PCQA,WPC,tool_box_gQP_3_tQP_2.ply,tool_box.ply,47.6371547753809,2.9891369047619043
LS-PCQA,WPC,tool_box_gQP_3_tQP_3.ply,tool_box.ply,34.6512821957151,2.851952380952381
LS-PCQA,WPC,tool_box_pqs_1_qs_16_rounded.ply,tool_box.ply,82.5089138067047,4.426568452380954
LS-PCQA,WPC,tool_box_pqs_1_qs_32_rounded.ply,tool_box.ply,58.7412497169173,3.7810565476190447
LS-PCQA,WPC,tool_box_pqs_1_qs_48_rounded.ply,tool_box.ply,38.8030536311133,3.3218883928571414
LS-PCQA,WPC,tool_box_pqs_1_qs_64_rounded.ply,tool_box.ply,22.5981055276887,2.9533809523809524
LS-PCQA,WPC2,bag_geo_26_col_26.ply,bag.ply,82.4723447329788,4.42086904761905
LS-PCQA,WPC2,bag_geo_26_col_32.ply,bag.ply,81.5011617631872,4.371892857142859
LS-PCQA,WPC2,bag_geo_26_col_38.ply,bag.ply,85.4385357999222,4.340169642857143
LS-PCQA,WPC2,bag_geo_26_col_44.ply,bag.ply,71.0429646265918,4.131848214285716
LS-PCQA,WPC2,bag_geo_26_col_50.ply,bag.ply,41.9103802574037,3.6128318452380945
LS-PCQA,WPC2,bag_geo_32_col_26.ply,bag.ply,83.4415686341938,4.4203750000000035
LS-PCQA,WPC2,bag_geo_32_col_32.ply,bag.ply,86.6946725842642,4.3826011904761915
LS-PCQA,WPC2,bag_geo_32_col_38.ply,bag.ply,80.0293344352133,4.377300595238096
LS-PCQA,WPC2,bag_geo_32_col_44.ply,bag.ply,67.4786630808148,4.0820773809523825
LS-PCQA,WPC2,bag_geo_32_col_50.ply,bag.ply,47.4334132848138,3.5630714285714276
LS-PCQA,WPC2,bag_geo_38_col_26.ply,bag.ply,83.6113667623873,4.360750000000001
LS-PCQA,WPC2,bag_geo_38_col_32.ply,bag.ply,80.3914416029074,4.343011904761905
LS-PCQA,WPC2,bag_geo_38_col_38.ply,bag.ply,76.2532702419914,4.3625982142857165
LS-PCQA,WPC2,bag_geo_38_col_44.ply,bag.ply,69.134745827834,4.104107142857144
LS-PCQA,WPC2,bag_geo_38_col_50.ply,bag.ply,45.9038347256144,3.5497083333333315
LS-PCQA,WPC2,bag_geo_44_col_26.ply,bag.ply,75.8551921705965,4.2510089285714265
LS-PCQA,WPC2,bag_geo_44_col_32.ply,bag.ply,65.0850667447251,4.287997023809523
LS-PCQA,WPC2,bag_geo_44_col_38.ply,bag.ply,63.7252970193839,4.155214285714286
LS-PCQA,WPC2,bag_geo_44_col_44.ply,bag.ply,56.1250447965146,3.875657738095238
LS-PCQA,WPC2,bag_geo_44_col_50.ply,bag.ply,37.8973626929821,3.2964880952380935
LS-PCQA,WPC2,bag_geo_50_col_26.ply,bag.ply,41.5970977830194,3.8052113095238087
LS-PCQA,WPC2,bag_geo_50_col_32.ply,bag.ply,37.7775630717529,3.7361994047619036
LS-PCQA,WPC2,bag_geo_50_col_38.ply,bag.ply,31.3035768598301,3.604696428571428
LS-PCQA,WPC2,bag_geo_50_col_44.ply,bag.ply,30.0810054324427,3.245642857142856
LS-PCQA,WPC2,bag_geo_50_col_50.ply,bag.ply,16.8357365004561,2.9505595238095244
LS-PCQA,WPC2,banana_geo_26_col_26.ply,banana.ply,81.649960652509,4.292068452380953
LS-PCQA,WPC2,banana_geo_26_col_32.ply,banana.ply,79.6882066527613,3.9734642857142823
LS-PCQA,WPC2,banana_geo_26_col_38.ply,banana.ply,64.9554792823482,3.8220877976190466
LS-PCQA,WPC2,banana_geo_26_col_44.ply,banana.ply,64.5244976905113,3.6593988095238092
LS-PCQA,WPC2,banana_geo_26_col_50.ply,banana.ply,56.0863973778605,3.453232142857141
LS-PCQA,WPC2,banana_geo_32_col_26.ply,banana.ply,76.9132580708139,4.300607142857143
LS-PCQA,WPC2,banana_geo_32_col_32.ply,banana.ply,75.703820665135,4.0121041666666635
LS-PCQA,WPC2,banana_geo_32_col_38.ply,banana.ply,68.5323767714754,3.8673883928571415
LS-PCQA,WPC2,banana_geo_32_col_44.ply,banana.ply,67.9780537361822,3.7323437499999996
LS-PCQA,WPC2,banana_geo_32_col_50.ply,banana.ply,52.6842361805738,3.5449479166666666
LS-PCQA,WPC2,banana_geo_38_col_26.ply,banana.ply,63.207586333376,4.2781875000000005
LS-PCQA,WPC2,banana_geo_38_col_32.ply,banana.ply,57.9657958448315,3.9800446428571394
LS-PCQA,WPC2,banana_geo_38_col_38.ply,banana.ply,54.8711650025599,3.826194940476189
LS-PCQA,WPC2,banana_geo_38_col_44.ply,banana.ply,50.0217170571608,3.676244047619047
LS-PCQA,WPC2,banana_geo_38_col_50.ply,banana.ply,41.7792373571032,3.4995014880952366
LS-PCQA,WPC2,banana_geo_44_col_26.ply,banana.ply,42.0133808791516,3.994919642857141
LS-PCQA,WPC2,banana_geo_44_col_32.ply,banana.ply,38.2277229723426,3.6606919642857134
LS-PCQA,WPC2,banana_geo_44_col_38.ply,banana.ply,40.1925612212863,3.5978541666666657
LS-PCQA,WPC2,banana_geo_44_col_44.ply,banana.ply,36.0116356051438,3.544258928571427
LS-PCQA,WPC2,banana_geo_44_col_50.ply,banana.ply,35.1085425633015,3.3510267857142844
LS-PCQA,WPC2,banana_geo_50_col_26.ply,banana.ply,24.8807974432507,3.5110119047619044
LS-PCQA,WPC2,banana_geo_50_col_32.ply,banana.ply,24.3596920495446,3.4000297619047615
LS-PCQA,WPC2,banana_geo_50_col_38.ply,banana.ply,23.6015132822698,3.315434523809523
LS-PCQA,WPC2,banana_geo_50_col_44.ply,banana.ply,22.5501794136694,3.2832886904761898
LS-PCQA,WPC2,banana_geo_50_col_50.ply,banana.ply,21.0454872256355,3.205059523809524
LS-PCQA,WPC2,biscuits_geo_26_col_26.ply,biscuits.ply,87.8923684907921,4.407553571428576
LS-PCQA,WPC2,biscuits_geo_26_col_32.ply,biscuits.ply,81.6430452141255,4.0759910714285725
LS-PCQA,WPC2,biscuits_geo_26_col_38.ply,biscuits.ply,75.3154710249261,3.794095238095238
LS-PCQA,WPC2,biscuits_geo_26_col_44.ply,biscuits.ply,70.6970505304824,3.5513794642857137
LS-PCQA,WPC2,biscuits_geo_26_col_50.ply,biscuits.ply,47.4867761065685,3.282592261904762
LS-PCQA,WPC2,biscuits_geo_32_col_26.ply,biscuits.ply,85.1594534129397,4.388333333333335
LS-PCQA,WPC2,biscuits_geo_32_col_32.ply,biscuits.ply,83.5574140290293,4.04227976190476
LS-PCQA,WPC2,biscuits_geo_32_col_38.ply,biscuits.ply,76.2707571916321,3.719502976190476
LS-PCQA,WPC2,biscuits_geo_32_col_44.ply,biscuits.ply,63.7537949867307,3.509053571428569
LS-PCQA,WPC2,biscuits_geo_32_col_50.ply,biscuits.ply,47.7863712010635,3.1828988095238087
LS-PCQA,WPC2,biscuits_geo_38_col_26.ply,biscuits.ply,79.5356816864173,4.31461011904762
LS-PCQA,WPC2,biscuits_geo_38_col_32.ply,biscuits.ply,83.4360588268497,4.020151785714285
LS-PCQA,WPC2,biscuits_geo_38_col_38.ply,biscuits.ply,77.0382203009983,3.760431547619047
LS-PCQA,WPC2,biscuits_geo_38_col_44.ply,biscuits.ply,67.7899989840408,3.4067410714285695
LS-PCQA,WPC2,biscuits_geo_38_col_50.ply,biscuits.ply,50.8518218371507,3.1514136904761916
LS-PCQA,WPC2,biscuits_geo_44_col_26.ply,biscuits.ply,73.0776411784288,4.122500000000001
LS-PCQA,WPC2,biscuits_geo_44_col_32.ply,biscuits.ply,64.5948469858521,3.85308630952381
LS-PCQA,WPC2,biscuits_geo_44_col_38.ply,biscuits.ply,58.4701670021258,3.4747410714285705
LS-PCQA,WPC2,biscuits_geo_44_col_44.ply,biscuits.ply,56.952028111374,3.27777976190476
LS-PCQA,WPC2,biscuits_geo_44_col_50.ply,biscuits.ply,43.2095155036005,3.0242767857142847
LS-PCQA,WPC2,biscuits_geo_50_col_26.ply,biscuits.ply,53.3353041395029,3.6828303571428567
LS-PCQA,WPC2,biscuits_geo_50_col_32.ply,biscuits.ply,49.2948719615677,3.350300595238094
LS-PCQA,WPC2,biscuits_geo_50_col_38.ply,biscuits.ply,51.4989786845386,3.1844821428571413
LS-PCQA,WPC2,biscuits_geo_50_col_44.ply,biscuits.ply,42.7319512429119,2.9611130952380944
LS-PCQA,WPC2,biscuits_geo_50_col_50.ply,biscuits.ply,36.6391661965889,2.921300595238094
LS-PCQA,WPC2,cake_geo_26_col_26.ply,cake.ply,86.9359350491745,4.482949404761908
LS-PCQA,WPC2,cake_geo_26_col_32.ply,cake.ply,85.478638008414,4.401997023809527
LS-PCQA,WPC2,cake_geo_26_col_38.ply,cake.ply,81.694655902971,4.237895833333333
LS-PCQA,WPC2,cake_geo_26_col_44.ply,cake.ply,69.5639617403983,3.8714791666666675
LS-PCQA,WPC2,cake_geo_26_col_50.ply,cake.ply,54.7460831111615,3.735252976190476
LS-PCQA,WPC2,cake_geo_32_col_26.ply,cake.ply,84.7184799067125,4.543824404761908
LS-PCQA,WPC2,cake_geo_32_col_32.ply,cake.ply,80.9823228475772,4.409458333333337
LS-PCQA,WPC2,cake_geo_32_col_38.ply,cake.ply,77.2012235286127,4.11813988095238
LS-PCQA,WPC2,cake_geo_32_col_44.ply,cake.ply,70.8288525218617,3.8610267857142855
LS-PCQA,WPC2,cake_geo_32_col_50.ply,cake.ply,48.4505068678294,3.61702976190476
LS-PCQA,WPC2,cake_geo_38_col_26.ply,cake.ply,81.3322673838494,4.405562500000002
LS-PCQA,WPC2,cake_geo_38_col_32.ply,cake.ply,77.7277923267265,4.373508928571429
LS-PCQA,WPC2,cake_geo_38_col_38.ply,cake.ply,73.5255185638214,4.1523065476190455
LS-PCQA,WPC2,cake_geo_38_col_44.ply,cake.ply,64.0224841065843,3.857627976190476
LS-PCQA,WPC2,cake_geo_38_col_50.ply,cake.ply,52.2350580461529,3.6358482142857134
LS-PCQA,WPC2,cake_geo_44_col_26.ply,cake.ply,62.2839601931544,4.295130952380953
LS-PCQA,WPC2,cake_geo_44_col_32.ply,cake.ply,59.5632021598096,4.294282738095238
LS-PCQA,WPC2,cake_geo_44_col_38.ply,cake.ply,58.6246715142536,4.019425595238094
LS-PCQA,WPC2,cake_geo_44_col_44.ply,cake.ply,47.2806982462689,3.8300952380952378
LS-PCQA,WPC2,cake_geo_44_col_50.ply,cake.ply,46.6311628313398,3.4996250000000004
LS-PCQA,WPC2,cake_geo_50_col_26.ply,cake.ply,29.9131508477554,4.0004880952380955
LS-PCQA,WPC2,cake_geo_50_col_32.ply,cake.ply,39.5743814023421,3.9650922619047613
LS-PCQA,WPC2,cake_geo_50_col_38.ply,cake.ply,26.8825126156265,3.784151785714286
LS-PCQA,WPC2,cake_geo_50_col_44.ply,cake.ply,27.7111776794485,3.5563273809523803
LS-PCQA,WPC2,cake_geo_50_col_50.ply,cake.ply,27.0513082355173,3.1762678571428555
LS-PCQA,WPC2,cauliflower_geo_26_col_26.ply,cauliflower.ply,87.2062166819033,4.452502976190478
LS-PCQA,WPC2,cauliflower_geo_26_col_32.ply,cauliflower.ply,89.4706954358539,4.34518154761905
LS-PCQA,WPC2,cauliflower_geo_26_col_38.ply,cauliflower.ply,78.973711179037,4.109660714285716
LS-PCQA,WPC2,cauliflower_geo_26_col_44.ply,cauliflower.ply,58.2248810831345,3.848696428571427
LS-PCQA,WPC2,cauliflower_geo_26_col_50.ply,cauliflower.ply,41.7461201255633,3.372422619047619
LS-PCQA,WPC2,cauliflower_geo_32_col_26.ply,cauliflower.ply,86.6110597545741,4.42779761904762
LS-PCQA,WPC2,cauliflower_geo_32_col_32.ply,cauliflower.ply,85.0459210120589,4.366616071428574
LS-PCQA,WPC2,cauliflower_geo_32_col_38.ply,cauliflower.ply,81.6632171698608,4.126351190476191
LS-PCQA,WPC2,cauliflower_geo_32_col_44.ply,cauliflower.ply,65.3834144389473,3.865669642857142
LS-PCQA,WPC2,cauliflower_geo_32_col_50.ply,cauliflower.ply,44.4044131630086,3.3627678571428574
LS-PCQA,WPC2,cauliflower_geo_38_col_26.ply,cauliflower.ply,81.9366342811793,4.4192886904761925
LS-PCQA,WPC2,cauliflower_geo_38_col_32.ply,cauliflower.ply,75.5842457552613,4.287309523809527
LS-PCQA,WPC2,cauliflower_geo_38_col_38.ply,cauliflower.ply,70.5368654966761,4.151505952380953
LS-PCQA,WPC2,cauliflower_geo_38_col_44.ply,cauliflower.ply,63.4569326277367,3.869782738095235
LS-PCQA,WPC2,cauliflower_geo_38_col_50.ply,cauliflower.ply,40.8304993562527,3.275913690476189
LS-PCQA,WPC2,cauliflower_geo_44_col_26.ply,cauliflower.ply,54.7355913800956,4.392645833333334
LS-PCQA,WPC2,cauliflower_geo_44_col_32.ply,cauliflower.ply,55.733595052281,4.195797619047619
LS-PCQA,WPC2,cauliflower_geo_44_col_38.ply,cauliflower.ply,49.5214699202247,3.942657738095237
LS-PCQA,WPC2,cauliflower_geo_44_col_44.ply,cauliflower.ply,40.6655871607221,3.803491071428571
LS-PCQA,WPC2,cauliflower_geo_44_col_50.ply,cauliflower.ply,30.0882930549642,3.210327380952381
LS-PCQA,WPC2,cauliflower_geo_50_col_26.ply,cauliflower.ply,36.2962635192281,4.104642857142856
LS-PCQA,WPC2,cauliflower_geo_50_col_32.ply,cauliflower.ply,28.6501464472511,4.021127976190474
LS-PCQA,WPC2,cauliflower_geo_50_col_38.ply,cauliflower.ply,25.6895085113343,3.8170773809523797
LS-PCQA,WPC2,cauliflower_geo_50_col_44.ply,cauliflower.ply,26.4533286907987,3.41367857142857
LS-PCQA,WPC2,cauliflower_geo_50_col_50.ply,cauliflower.ply,21.3149532042432,2.992994047619047
LS-PCQA,WPC2,flowerpot_geo_26_col_26.ply,flowerpot.ply,86.7946709044725,4.205175595238096
LS-PCQA,WPC2,flowerpot_geo_26_col_32.ply,flowerpot.ply,86.6608858733422,3.9961249999999997
LS-PCQA,WPC2,flowerpot_geo_26_col_38.ply,flowerpot.ply,85.7233512963207,3.8629970238095215
LS-PCQA,WPC2,flowerpot_geo_26_col_44.ply,flowerpot.ply,80.8012462826181,3.5617648809523788
LS-PCQA,WPC2,flowerpot_geo_26_col_50.ply,flowerpot.ply,64.4738321317084,3.33241369047619
LS-PCQA,WPC2,flowerpot_geo_32_col_26.ply,flowerpot.ply,81.894469113561,4.068181547619047
LS-PCQA,WPC2,flowerpot_geo_32_col_32.ply,flowerpot.ply,80.8910336632008,3.980086309523809
LS-PCQA,WPC2,flowerpot_geo_32_col_38.ply,flowerpot.ply,72.6534056672074,3.8287291666666645
LS-PCQA,WPC2,flowerpot_geo_32_col_44.ply,flowerpot.ply,76.0462940453093,3.6007261904761902
LS-PCQA,WPC2,flowerpot_geo_32_col_50.ply,flowerpot.ply,60.7487046572471,3.345958333333333
LS-PCQA,WPC2,flowerpot_geo_38_col_26.ply,flowerpot.ply,65.1409583946036,4.046517857142857
LS-PCQA,WPC2,flowerpot_geo_38_col_32.ply,flowerpot.ply,62.0622074995405,3.9033601190476177
LS-PCQA,WPC2,flowerpot_geo_38_col_38.ply,flowerpot.ply,59.1867148335436,3.7618511904761895
LS-PCQA,WPC2,flowerpot_geo_38_col_44.ply,flowerpot.ply,53.240441812183,3.554422619047618
LS-PCQA,WPC2,flowerpot_geo_38_col_50.ply,flowerpot.ply,45.4994652262865,3.2010267857142853
LS-PCQA,WPC2,flowerpot_geo_44_col_26.ply,flowerpot.ply,36.4304380188641,3.6539761904761896
LS-PCQA,WPC2,flowerpot_geo_44_col_32.ply,flowerpot.ply,37.7781068690467,3.560988095238094
LS-PCQA,WPC2,flowerpot_geo_44_col_38.ply,flowerpot.ply,41.1851163875781,3.4433660714285703
LS-PCQA,WPC2,flowerpot_geo_44_col_44.ply,flowerpot.ply,40.7956842317043,3.3257976190476177
LS-PCQA,WPC2,flowerpot_geo_44_col_50.ply,flowerpot.ply,31.6223864490987,2.8993809523809517
LS-PCQA,WPC2,flowerpot_geo_50_col_26.ply,flowerpot.ply,24.5720211648123,3.2881904761904757
LS-PCQA,WPC2,flowerpot_geo_50_col_32.ply,flowerpot.ply,26.3796930550385,3.2334136904761897
LS-PCQA,WPC2,flowerpot_geo_50_col_38.ply,flowerpot.ply,24.1715163556854,3.16057738095238
LS-PCQA,WPC2,flowerpot_geo_50_col_44.ply,flowerpot.ply,26.7996616200792,2.9158005952380948
LS-PCQA,WPC2,flowerpot_geo_50_col_50.ply,flowerpot.ply,20.0311625271798,2.786988095238095
LS-PCQA,WPC2,house_geo_26_col_26.ply,house.ply,88.9896481281816,4.46539285714286
LS-PCQA,WPC2,house_geo_26_col_32.ply,house.ply,89.1205079805108,4.469303571428571
LS-PCQA,WPC2,house_geo_26_col_38.ply,house.ply,83.2267479527807,4.250172619047621
LS-PCQA,WPC2,house_geo_26_col_44.ply,house.ply,66.3156612318683,3.697874999999998
LS-PCQA,WPC2,house_geo_26_col_50.ply,house.ply,31.0967556792942,3.2836607142857144
LS-PCQA,WPC2,house_geo_32_col_26.ply,house.ply,92.2348360955867,4.449863095238098
LS-PCQA,WPC2,house_geo_32_col_32.ply,house.ply,89.9380365913629,4.4869226190476175
LS-PCQA,WPC2,house_geo_32_col_38.ply,house.ply,83.856059456357,4.185252976190478
LS-PCQA,WPC2,house_geo_32_col_44.ply,house.ply,60.8208414781127,3.70613095238095
LS-PCQA,WPC2,house_geo_32_col_50.ply,house.ply,28.3189729428026,3.2671904761904758
LS-PCQA,WPC2,house_geo_38_col_26.ply,house.ply,81.1034112870157,4.434321428571431
LS-PCQA,WPC2,house_geo_38_col_32.ply,house.ply,82.8509457839863,4.438880952380955
LS-PCQA,WPC2,house_geo_38_col_38.ply,house.ply,79.6840411783043,4.087020833333334
LS-PCQA,WPC2,house_geo_38_col_44.ply,house.ply,52.1733742190076,3.7314255952380937
LS-PCQA,WPC2,house_geo_38_col_50.ply,house.ply,25.5706262386513,3.113148809523809
LS-PCQA,WPC2,house_geo_44_col_26.ply,house.ply,61.5057990928078,4.39983630952381
LS-PCQA,WPC2,house_geo_44_col_32.ply,house.ply,64.8850539051369,4.245717261904763
LS-PCQA,WPC2,house_geo_44_col_38.ply,house.ply,63.1268198108212,3.926336309523809
LS-PCQA,WPC2,house_geo_44_col_44.ply,house.ply,47.9097771305787,3.5140178571428566
LS-PCQA,WPC2,house_geo_44_col_50.ply,house.ply,16.5009565000847,3.023821428571427
LS-PCQA,WPC2,house_geo_50_col_26.ply,house.ply,37.4524435229738,3.895077380952381
LS-PCQA,WPC2,house_geo_50_col_32.ply,house.ply,36.7607700499043,3.8699464285714282
LS-PCQA,WPC2,house_geo_50_col_38.ply,house.ply,33.8418096283821,3.558449404761904
LS-PCQA,WPC2,house_geo_50_col_44.ply,house.ply,32.2589734979101,3.0974970238095234
LS-PCQA,WPC2,house_geo_50_col_50.ply,house.ply,15.25649468869,2.9089553571428577
LS-PCQA,WPC2,litchi_geo_26_col_26.ply,litchi.ply,92.9821843401644,4.4547023809523845
LS-PCQA,WPC2,litchi_geo_26_col_32.ply,litchi.ply,93.1362499169797,4.296514880952381
LS-PCQA,WPC2,litchi_geo_26_col_38.ply,litchi.ply,89.1789545529647,3.8850624999999983
LS-PCQA,WPC2,litchi_geo_26_col_44.ply,litchi.ply,56.6691101475827,3.5750416666666656
LS-PCQA,WPC2,litchi_geo_26_col_50.ply,litchi.ply,30.5440391411232,3.2369375000000007
LS-PCQA,WPC2,litchi_geo_32_col_26.ply,litchi.ply,91.5829576805642,4.363699404761908
LS-PCQA,WPC2,litchi_geo_32_col_32.ply,litchi.ply,89.9741070406345,4.206982142857142
LS-PCQA,WPC2,litchi_geo_32_col_38.ply,litchi.ply,83.2024408167291,3.8353124999999983
LS-PCQA,WPC2,litchi_geo_32_col_44.ply,litchi.ply,59.1385382936897,3.5500550595238085
LS-PCQA,WPC2,litchi_geo_32_col_50.ply,litchi.ply,31.6406860299936,3.215577380952381
LS-PCQA,WPC2,litchi_geo_38_col_26.ply,litchi.ply,85.638654566342,4.313937500000003
LS-PCQA,WPC2,litchi_geo_38_col_32.ply,litchi.ply,85.1859555325256,4.012125
LS-PCQA,WPC2,litchi_geo_38_col_38.ply,litchi.ply,77.5470001233731,3.929327380952381
LS-PCQA,WPC2,litchi_geo_38_col_44.ply,litchi.ply,49.1994855235877,3.288229166666667
LS-PCQA,WPC2,litchi_geo_38_col_50.ply,litchi.ply,30.9798741692546,3.044857142857144
LS-PCQA,WPC2,litchi_geo_44_col_26.ply,litchi.ply,63.6560985718425,4.118032738095238
LS-PCQA,WPC2,litchi_geo_44_col_32.ply,litchi.ply,61.3121885686826,3.929252976190477
LS-PCQA,WPC2,litchi_geo_44_col_38.ply,litchi.ply,66.8043165586658,3.547461309523809
LS-PCQA,WPC2,litchi_geo_44_col_44.ply,litchi.ply,46.4399257495452,3.156413690476191
LS-PCQA,WPC2,litchi_geo_44_col_50.ply,litchi.ply,25.0566856090398,2.9337529761904757
LS-PCQA,WPC2,litchi_geo_50_col_26.ply,litchi.ply,45.1480355916429,3.5280982142857136
LS-PCQA,WPC2,litchi_geo_50_col_32.ply,litchi.ply,42.4863675105185,3.248377976190476
LS-PCQA,WPC2,litchi_geo_50_col_38.ply,litchi.ply,40.9687111153459,3.096223214285716
LS-PCQA,WPC2,litchi_geo_50_col_44.ply,litchi.ply,32.148336340982,2.9115089285714286
LS-PCQA,WPC2,litchi_geo_50_col_50.ply,litchi.ply,20.2208665396319,2.768318452380951
LS-PCQA,WPC2,mushroom_geo_26_col_26.ply,mushroom.ply,82.9946630826858,4.410291666666668
LS-PCQA,WPC2,mushroom_geo_26_col_32.ply,mushroom.ply,78.3571135661684,4.169892857142858
LS-PCQA,WPC2,mushroom_geo_26_col_38.ply,mushroom.ply,74.3785484642561,3.733749999999997
LS-PCQA,WPC2,mushroom_geo_26_col_44.ply,mushroom.ply,45.3439077295071,3.3958794642857146
LS-PCQA,WPC2,mushroom_geo_26_col_50.ply,mushroom.ply,29.5718946927245,2.949952380952381
LS-PCQA,WPC2,mushroom_geo_32_col_26.ply,mushroom.ply,74.4241317439886,4.3405595238095245
LS-PCQA,WPC2,mushroom_geo_32_col_32.ply,mushroom.ply,75.4805784614935,4.109074404761904
LS-PCQA,WPC2,mushroom_geo_32_col_38.ply,mushroom.ply,66.9797108060408,3.6435833333333307
LS-PCQA,WPC2,mushroom_geo_32_col_44.ply,mushroom.ply,38.5722413351005,3.353116071428572
LS-PCQA,WPC2,mushroom_geo_32_col_50.ply,mushroom.ply,26.3061026213262,2.921208333333333
LS-PCQA,WPC2,mushroom_geo_38_col_26.ply,mushroom.ply,73.6814911222893,4.328452380952382
LS-PCQA,WPC2,mushroom_geo_38_col_32.ply,mushroom.ply,74.4094330454226,3.863742559523808
LS-PCQA,WPC2,mushroom_geo_38_col_38.ply,mushroom.ply,67.5681585498013,3.4167767857142843
LS-PCQA,WPC2,mushroom_geo_38_col_44.ply,mushroom.ply,45.9799069410343,3.1881875000000006
LS-PCQA,WPC2,mushroom_geo_38_col_50.ply,mushroom.ply,25.916781757512,2.9585535714285705
LS-PCQA,WPC2,mushroom_geo_44_col_26.ply,mushroom.ply,63.4366001187406,4.088255952380955
LS-PCQA,WPC2,mushroom_geo_44_col_32.ply,mushroom.ply,57.463507898885,3.5654999999999983
LS-PCQA,WPC2,mushroom_geo_44_col_38.ply,mushroom.ply,52.7844140223741,3.194279761904761
LS-PCQA,WPC2,mushroom_geo_44_col_44.ply,mushroom.ply,38.7223098731993,2.9650982142857147
LS-PCQA,WPC2,mushroom_geo_44_col_50.ply,mushroom.ply,27.3197842811896,2.8582559523809525
LS-PCQA,WPC2,mushroom_geo_50_col_26.ply,mushroom.ply,41.137854185286,3.5964851190476166
LS-PCQA,WPC2,mushroom_geo_50_col_32.ply,mushroom.ply,30.4104664601911,3.163517857142856
LS-PCQA,WPC2,mushroom_geo_50_col_38.ply,mushroom.ply,34.6278654865912,3.0283452380952376
LS-PCQA,WPC2,mushroom_geo_50_col_44.ply,mushroom.ply,22.9980183257813,2.9679464285714285
LS-PCQA,WPC2,mushroom_geo_50_col_50.ply,mushroom.ply,18.1734161623244,2.7956190476190477
LS-PCQA,WPC2,ping-pong_bat_geo_26_col_26.ply,ping-pong_bat.ply,88.1221213788102,4.481982142857144
LS-PCQA,WPC2,ping-pong_bat_geo_26_col_32.ply,ping-pong_bat.ply,82.4802671149212,4.335913690476193
LS-PCQA,WPC2,ping-pong_bat_geo_26_col_38.ply,ping-pong_bat.ply,71.1177797962577,3.931586309523807
LS-PCQA,WPC2,ping-pong_bat_geo_26_col_44.ply,ping-pong_bat.ply,45.8567446644031,3.7420892857142847
LS-PCQA,WPC2,ping-pong_bat_geo_26_col_50.ply,ping-pong_bat.ply,28.6601686568517,3.359270833333334
LS-PCQA,WPC2,ping-pong_bat_geo_32_col_26.ply,ping-pong_bat.ply,86.3389663854916,4.4834345238095255
LS-PCQA,WPC2,ping-pong_bat_geo_32_col_32.ply,ping-pong_bat.ply,80.70324182043,4.317592261904763
LS-PCQA,WPC2,ping-pong_bat_geo_32_col_38.ply,ping-pong_bat.ply,68.2600191603283,3.9014761904761888
LS-PCQA,WPC2,ping-pong_bat_geo_32_col_44.ply,ping-pong_bat.ply,45.0583742981583,3.5811354166666653
LS-PCQA,WPC2,ping-pong_bat_geo_32_col_50.ply,ping-pong_bat.ply,29.0485404663664,3.252107142857143
LS-PCQA,WPC2,ping-pong_bat_geo_38_col_26.ply,ping-pong_bat.ply,82.84626295608,4.181324404761904
LS-PCQA,WPC2,ping-pong_bat_geo_38_col_32.ply,ping-pong_bat.ply,79.2661071812107,3.9182113095238083
LS-PCQA,WPC2,ping-pong_bat_geo_38_col_38.ply,ping-pong_bat.ply,66.3429182575624,3.752694940476189
LS-PCQA,WPC2,ping-pong_bat_geo_38_col_44.ply,ping-pong_bat.ply,51.5725625849588,3.401995535714284
LS-PCQA,WPC2,ping-pong_bat_geo_38_col_50.ply,ping-pong_bat.ply,28.4127530610651,3.055279761904762
LS-PCQA,WPC2,ping-pong_bat_geo_44_col_26.ply,ping-pong_bat.ply,51.4201863283925,3.491032738095237
LS-PCQA,WPC2,ping-pong_bat_geo_44_col_32.ply,ping-pong_bat.ply,43.6166582657696,3.3572261904761898
LS-PCQA,WPC2,ping-pong_bat_geo_44_col_38.ply,ping-pong_bat.ply,44.4510732051414,3.3111101190476186
LS-PCQA,WPC2,ping-pong_bat_geo_44_col_44.ply,ping-pong_bat.ply,37.3747841475017,3.073360119047618
LS-PCQA,WPC2,ping-pong_bat_geo_44_col_50.ply,ping-pong_bat.ply,21.70315620403,2.949803571428572
LS-PCQA,WPC2,ping-pong_bat_geo_50_col_26.ply,ping-pong_bat.ply,24.196564580501,2.8441904761904744
LS-PCQA,WPC2,ping-pong_bat_geo_50_col_32.ply,ping-pong_bat.ply,21.1658669298971,2.9027797619047617
LS-PCQA,WPC2,ping-pong_bat_geo_50_col_38.ply,ping-pong_bat.ply,22.5685787633621,2.9114821428571425
LS-PCQA,WPC2,ping-pong_bat_geo_50_col_44.ply,ping-pong_bat.ply,22.3550457780907,2.8419970238095233
LS-PCQA,WPC2,ping-pong_bat_geo_50_col_50.ply,ping-pong_bat.ply,10.8230670565952,2.7029702380952383
LS-PCQA,WPC2,puer_tea_geo_26_col_26.ply,puer_tea.ply,86.672266123523,3.9649196428571427
LS-PCQA,WPC2,puer_tea_geo_26_col_32.ply,puer_tea.ply,81.6601756291199,3.3820297619047612
LS-PCQA,WPC2,puer_tea_geo_26_col_38.ply,puer_tea.ply,75.1227130538698,2.7979434523809528
LS-PCQA,WPC2,puer_tea_geo_26_col_44.ply,puer_tea.ply,55.3927389057009,2.5809285714285704
LS-PCQA,WPC2,puer_tea_geo_26_col_50.ply,puer_tea.ply,18.1811390966972,2.6170446428571443
LS-PCQA,WPC2,puer_tea_geo_32_col_26.ply,puer_tea.ply,81.1296199104957,3.878720238095237
LS-PCQA,WPC2,puer_tea_geo_32_col_32.ply,puer_tea.ply,75.9201089485572,3.3425416666666643
LS-PCQA,WPC2,puer_tea_geo_32_col_38.ply,puer_tea.ply,73.9189226184303,2.7981309523809523
LS-PCQA,WPC2,puer_tea_geo_32_col_44.ply,puer_tea.ply,49.4863446691799,2.6620029761904767
LS-PCQA,WPC2,puer_tea_geo_32_col_50.ply,puer_tea.ply,18.1322033703335,2.61094642857143
LS-PCQA,WPC2,puer_tea_geo_38_col_26.ply,puer_tea.ply,80.150765895002,3.846854166666664
LS-PCQA,WPC2,puer_tea_geo_38_col_32.ply,puer_tea.ply,77.9410495162391,3.2935714285714277
LS-PCQA,WPC2,puer_tea_geo_38_col_38.ply,puer_tea.ply,72.2474691624037,2.804455357142857
LS-PCQA,WPC2,puer_tea_geo_38_col_44.ply,puer_tea.ply,49.6296525236874,2.6274047619047622
LS-PCQA,WPC2,puer_tea_geo_38_col_50.ply,puer_tea.ply,19.9510673266029,2.569601190476192
LS-PCQA,WPC2,puer_tea_geo_44_col_26.ply,puer_tea.ply,66.7109163101796,3.7582529761904744
LS-PCQA,WPC2,puer_tea_geo_44_col_32.ply,puer_tea.ply,75.2233786482452,3.244857142857142
LS-PCQA,WPC2,puer_tea_geo_44_col_38.ply,puer_tea.ply,58.3335462036824,2.715270833333333
LS-PCQA,WPC2,puer_tea_geo_44_col_44.ply,puer_tea.ply,38.83122793611,2.5572559523809506
LS-PCQA,WPC2,puer_tea_geo_44_col_50.ply,puer_tea.ply,20.4124799700375,2.459779761904762
LS-PCQA,WPC2,puer_tea_geo_50_col_26.ply,puer_tea.ply,50.1438339455108,3.590723214285714
LS-PCQA,WPC2,puer_tea_geo_50_col_32.ply,puer_tea.ply,51.0935017707511,3.018252976190476
LS-PCQA,WPC2,puer_tea_geo_50_col_38.ply,puer_tea.ply,43.7634292641115,2.732970238095238
LS-PCQA,WPC2,puer_tea_geo_50_col_44.ply,puer_tea.ply,36.0202386037898,2.5181160714285706
LS-PCQA,WPC2,puer_tea_geo_50_col_50.ply,puer_tea.ply,15.1891231803439,2.500395833333334
LS-PCQA,WPC2,pumpkin_geo_26_col_26.ply,pumpkin.ply,85.6797306876862,4.537791666666669
LS-PCQA,WPC2,pumpkin_geo_26_col_32.ply,pumpkin.ply,84.0575020682865,4.456580357142858
LS-PCQA,WPC2,pumpkin_geo_26_col_38.ply,pumpkin.ply,82.6893022012845,4.039791666666667
LS-PCQA,WPC2,pumpkin_geo_26_col_44.ply,pumpkin.ply,60.5164131006847,3.457208333333333
LS-PCQA,WPC2,pumpkin_geo_26_col_50.ply,pumpkin.ply,38.4069266362926,3.007874999999999
LS-PCQA,WPC2,pumpkin_geo_32_col_26.ply,pumpkin.ply,85.0321273433135,4.494366071428575
LS-PCQA,WPC2,pumpkin_geo_32_col_32.ply,pumpkin.ply,88.5719700923363,4.4644880952380985
LS-PCQA,WPC2,pumpkin_geo_32_col_38.ply,pumpkin.ply,77.8052490030523,4.067238095238095
LS-PCQA,WPC2,pumpkin_geo_32_col_44.ply,pumpkin.ply,64.8531659794935,3.3929285714285697
LS-PCQA,WPC2,pumpkin_geo_32_col_50.ply,pumpkin.ply,39.6026988472363,3.03742857142857
LS-PCQA,WPC2,pumpkin_geo_38_col_26.ply,pumpkin.ply,86.0415380078248,4.456875000000002
LS-PCQA,WPC2,pumpkin_geo_38_col_32.ply,pumpkin.ply,84.4708241734545,4.439505952380956
LS-PCQA,WPC2,pumpkin_geo_38_col_38.ply,pumpkin.ply,81.520687390327,4.042261904761904
LS-PCQA,WPC2,pumpkin_geo_38_col_44.ply,pumpkin.ply,61.8271823541526,3.4415446428571412
LS-PCQA,WPC2,pumpkin_geo_38_col_50.ply,pumpkin.ply,39.4965433966174,3.0694255952380947
LS-PCQA,WPC2,pumpkin_geo_44_col_26.ply,pumpkin.ply,78.1491477639869,4.310666666666668
LS-PCQA,WPC2,pumpkin_geo_44_col_32.ply,pumpkin.ply,72.9819510269695,4.386357142857142
LS-PCQA,WPC2,pumpkin_geo_44_col_38.ply,pumpkin.ply,74.2174637099902,3.944633928571428
LS-PCQA,WPC2,pumpkin_geo_44_col_44.ply,pumpkin.ply,57.8220859053638,3.3466815476190472
LS-PCQA,WPC2,pumpkin_geo_44_col_50.ply,pumpkin.ply,37.6364266011594,3.024023809523809
LS-PCQA,WPC2,pumpkin_geo_50_col_26.ply,pumpkin.ply,53.413132586885,4.217666666666667
LS-PCQA,WPC2,pumpkin_geo_50_col_32.ply,pumpkin.ply,57.0804062349182,4.093297619047622
LS-PCQA,WPC2,pumpkin_geo_50_col_38.ply,pumpkin.ply,49.0428045276401,3.530958333333331
LS-PCQA,WPC2,pumpkin_geo_50_col_44.ply,pumpkin.ply,43.362884299797,3.102720238095238
LS-PCQA,WPC2,pumpkin_geo_50_col_50.ply,pumpkin.ply,29.5968484103763,2.9057470238095227
LS-PCQA,WPC2,ship_geo_26_col_26.ply,ship.ply,81.035910120332,4.151943452380953
LS-PCQA,WPC2,ship_geo_26_col_32.ply,ship.ply,82.468630473102,3.9200565476190463
LS-PCQA,WPC2,ship_geo_26_col_38.ply,ship.ply,80.0548913847154,3.5959970238095225
LS-PCQA,WPC2,ship_geo_26_col_44.ply,ship.ply,79.0465386686734,3.3553541666666655
LS-PCQA,WPC2,ship_geo_26_col_50.ply,ship.ply,63.2373156344223,3.1596279761904777
LS-PCQA,WPC2,ship_geo_32_col_26.ply,ship.ply,80.6988433620275,3.99086607142857
LS-PCQA,WPC2,ship_geo_32_col_32.ply,ship.ply,82.1937127373733,3.902419642857142
LS-PCQA,WPC2,ship_geo_32_col_38.ply,ship.ply,77.2931230020664,3.441566964285713
LS-PCQA,WPC2,ship_geo_32_col_44.ply,ship.ply,68.0398798065479,3.329264880952382
LS-PCQA,WPC2,ship_geo_32_col_50.ply,ship.ply,60.5796807701531,3.19873511904762
LS-PCQA,WPC2,ship_geo_38_col_26.ply,ship.ply,69.577674625756,3.909026785714285
LS-PCQA,WPC2,ship_geo_38_col_32.ply,ship.ply,72.1470660614088,3.628648809523808
LS-PCQA,WPC2,ship_geo_38_col_38.ply,ship.ply,61.37845093828,3.2961666666666667
LS-PCQA,WPC2,ship_geo_38_col_44.ply,ship.ply,61.7667373747437,3.135157738095239
LS-PCQA,WPC2,ship_geo_38_col_50.ply,ship.ply,53.2512049487266,2.956663690476189
LS-PCQA,WPC2,ship_geo_44_col_26.ply,ship.ply,44.516641775233,3.4462053571428566
LS-PCQA,WPC2,ship_geo_44_col_32.ply,ship.ply,45.0345661391176,3.2011845238095225
LS-PCQA,WPC2,ship_geo_44_col_38.ply,ship.ply,40.744326171963,3.048741071428572
LS-PCQA,WPC2,ship_geo_44_col_44.ply,ship.ply,38.3380561014561,2.8963541666666663
LS-PCQA,WPC2,ship_geo_44_col_50.ply,ship.ply,38.166170453624,2.8717172619047613
LS-PCQA,WPC2,ship_geo_50_col_26.ply,ship.ply,24.8158151856322,3.0500148809523804
LS-PCQA,WPC2,ship_geo_50_col_32.ply,ship.ply,30.6737525961312,2.9510863095238085
LS-PCQA,WPC2,ship_geo_50_col_38.ply,ship.ply,29.9571244681736,2.974556547619047
LS-PCQA,WPC2,ship_geo_50_col_44.ply,ship.ply,23.512145436183,2.874654761904762
LS-PCQA,WPC2,ship_geo_50_col_50.ply,ship.ply,27.4996290255062,2.825446428571429
LS-PCQA,WPC2,statue_geo_26_col_26.ply,statue.ply,81.8794712378311,4.442800595238098
LS-PCQA,WPC2,statue_geo_26_col_32.ply,statue.ply,84.8042611852422,4.396342261904762
LS-PCQA,WPC2,statue_geo_26_col_38.ply,statue.ply,79.1732771357509,4.154139880952382
LS-PCQA,WPC2,statue_geo_26_col_44.ply,statue.ply,71.3511705519045,3.9954375000000004
LS-PCQA,WPC2,statue_geo_26_col_50.ply,statue.ply,41.2383143842644,3.826735119047618
LS-PCQA,WPC2,statue_geo_32_col_26.ply,statue.ply,76.8837211835341,4.448315476190478
LS-PCQA,WPC2,statue_geo_32_col_32.ply,statue.ply,78.68848886098,4.385845238095239
LS-PCQA,WPC2,statue_geo_32_col_38.ply,statue.ply,80.2159678490897,4.219482142857142
LS-PCQA,WPC2,statue_geo_32_col_44.ply,statue.ply,69.9851013530373,4.044354166666666
LS-PCQA,WPC2,statue_geo_32_col_50.ply,statue.ply,41.833369857789,3.8225833333333328
LS-PCQA,WPC2,statue_geo_38_col_26.ply,statue.ply,54.7798196325252,4.437687500000002
LS-PCQA,WPC2,statue_geo_38_col_32.ply,statue.ply,54.7299140229632,4.441714285714286
LS-PCQA,WPC2,statue_geo_38_col_38.ply,statue.ply,55.6703376615614,4.217002976190477
LS-PCQA,WPC2,statue_geo_38_col_44.ply,statue.ply,52.6896968243611,4.067547619047618
LS-PCQA,WPC2,statue_geo_38_col_50.ply,statue.ply,34.6351268230559,3.8805208333333328
LS-PCQA,WPC2,statue_geo_44_col_26.ply,statue.ply,39.8674494568643,4.243312500000001
LS-PCQA,WPC2,statue_geo_44_col_32.ply,statue.ply,41.187271759578,4.163970238095239
LS-PCQA,WPC2,statue_geo_44_col_38.ply,statue.ply,38.505524386033,4.099366071428571
LS-PCQA,WPC2,statue_geo_44_col_44.ply,statue.ply,30.4210350621087,4.0539821428571425
LS-PCQA,WPC2,statue_geo_44_col_50.ply,statue.ply,20.4082738569585,3.592264880952381
LS-PCQA,WPC2,statue_geo_50_col_26.ply,statue.ply,28.2928741128495,3.8360863095238096
LS-PCQA,WPC2,statue_geo_50_col_32.ply,statue.ply,29.7762666462375,3.8412113095238083
LS-PCQA,WPC2,statue_geo_50_col_38.ply,statue.ply,26.5538699650244,3.774767857142856
LS-PCQA,WPC2,statue_geo_50_col_44.ply,statue.ply,17.9569398548007,3.663267857142856
LS-PCQA,WPC2,statue_geo_50_col_50.ply,statue.ply,16.0683016569295,3.202244047619048
LS-PCQA,WPC2,stone_geo_26_col_26.ply,stone.ply,87.3998010059472,4.529815476190476
LS-PCQA,WPC2,stone_geo_26_col_32.ply,stone.ply,90.7632509804008,4.379824404761906
LS-PCQA,WPC2,stone_geo_26_col_38.ply,stone.ply,85.3619198230678,4.019226190476189
LS-PCQA,WPC2,stone_geo_26_col_44.ply,stone.ply,59.3338839611864,3.342330357142856
LS-PCQA,WPC2,stone_geo_26_col_50.ply,stone.ply,26.0664820659739,2.946124999999999
LS-PCQA,WPC2,stone_geo_32_col_26.ply,stone.ply,83.9154359689679,4.470056547619048
LS-PCQA,WPC2,stone_geo_32_col_32.ply,stone.ply,89.2785746765068,4.371333333333336
LS-PCQA,WPC2,stone_geo_32_col_38.ply,stone.ply,82.1227986742955,3.9479494047619026
LS-PCQA,WPC2,stone_geo_32_col_44.ply,stone.ply,55.291783442155,3.321401785714285
LS-PCQA,WPC2,stone_geo_32_col_50.ply,stone.ply,27.9286922449291,2.946544642857143
LS-PCQA,WPC2,stone_geo_38_col_26.ply,stone.ply,85.2463958388876,4.447151785714286
LS-PCQA,WPC2,stone_geo_38_col_32.ply,stone.ply,83.1828145921659,4.382363095238097
LS-PCQA,WPC2,stone_geo_38_col_38.ply,stone.ply,78.2409542563056,3.860535714285712
LS-PCQA,WPC2,stone_geo_38_col_44.ply,stone.ply,54.9560661770754,3.3317142857142854
LS-PCQA,WPC2,stone_geo_38_col_50.ply,stone.ply,20.4934270826501,2.919202380952381
LS-PCQA,WPC2,stone_geo_44_col_26.ply,stone.ply,75.6844791726697,4.358425595238096
LS-PCQA,WPC2,stone_geo_44_col_32.ply,stone.ply,66.2137626257801,4.143181547619048
LS-PCQA,WPC2,stone_geo_44_col_38.ply,stone.ply,63.7104619112645,3.6615744047619048
LS-PCQA,WPC2,stone_geo_44_col_44.ply,stone.ply,49.2666797637598,3.1797470238095236
LS-PCQA,WPC2,stone_geo_44_col_50.ply,stone.ply,24.2229280217069,2.8773005952380952
LS-PCQA,WPC2,stone_geo_50_col_26.ply,stone.ply,46.7661985195374,3.922750000000001
LS-PCQA,WPC2,stone_geo_50_col_32.ply,stone.ply,48.2150275406964,3.532857142857143
LS-PCQA,WPC2,stone_geo_50_col_38.ply,stone.ply,42.3964072109414,3.273526785714286
LS-PCQA,WPC2,stone_geo_50_col_44.ply,stone.ply,33.7074859902746,2.961717261904761
LS-PCQA,WPC2,stone_geo_50_col_50.ply,stone.ply,15.4342122124929,2.758690476190475
LS-PCQA,WPC2,tool_box_geo_26_col_26.ply,tool_box.ply,85.4496059823849,4.475642857142859
LS-PCQA,WPC2,tool_box_geo_26_col_32.ply,tool_box.ply,81.7880504403677,4.176029761904762
LS-PCQA,WPC2,tool_box_geo_26_col_38.ply,tool_box.ply,69.1597898302332,3.775938988095236
LS-PCQA,WPC2,tool_box_geo_26_col_44.ply,tool_box.ply,44.9343366013038,3.3198333333333334
LS-PCQA,WPC2,tool_box_geo_26_col_50.ply,tool_box.ply,23.304070181044,3.0505535714285723
LS-PCQA,WPC2,tool_box_geo_32_col_26.ply,tool_box.ply,82.2954729975093,4.489842261904764
LS-PCQA,WPC2,tool_box_geo_32_col_32.ply,tool_box.ply,78.1139396313892,4.105074404761905
LS-PCQA,WPC2,tool_box_geo_32_col_38.ply,tool_box.ply,64.9689046942439,3.680800595238093
LS-PCQA,WPC2,tool_box_geo_32_col_44.ply,tool_box.ply,46.9673474967878,3.3961398809523815
LS-PCQA,WPC2,tool_box_geo_32_col_50.ply,tool_box.ply,25.2366368262888,3.050389880952381
LS-PCQA,WPC2,tool_box_geo_38_col_26.ply,tool_box.ply,81.0467217703671,4.406782738095241
LS-PCQA,WPC2,tool_box_geo_38_col_32.ply,tool_box.ply,79.9190834905953,3.9615505952380943
LS-PCQA,WPC2,tool_box_geo_38_col_38.ply,tool_box.ply,66.0246963153914,3.4713571428571424
LS-PCQA,WPC2,tool_box_geo_38_col_44.ply,tool_box.ply,43.0323395086927,3.380848214285715
LS-PCQA,WPC2,tool_box_geo_38_col_50.ply,tool_box.ply,31.1525898659362,2.929086309523809
LS-PCQA,WPC2,tool_box_geo_44_col_26.ply,tool_box.ply,71.7401862248719,4.069309523809524
LS-PCQA,WPC2,tool_box_geo_44_col_32.ply,tool_box.ply,70.5774537108349,3.806803571428572
LS-PCQA,WPC2,tool_box_geo_44_col_38.ply,tool_box.ply,59.4658134392405,3.313922619047618
LS-PCQA,WPC2,tool_box_geo_44_col_44.ply,tool_box.ply,42.4070633044353,3.192416666666667
LS-PCQA,WPC2,tool_box_geo_44_col_50.ply,tool_box.ply,20.6574164044969,2.8547767857142863
LS-PCQA,WPC2,tool_box_geo_50_col_26.ply,tool_box.ply,55.1157105221661,3.629223214285714
LS-PCQA,WPC2,tool_box_geo_50_col_32.ply,tool_box.ply,45.0051289662124,3.3078869047619026
LS-PCQA,WPC2,tool_box_geo_50_col_38.ply,tool_box.ply,41.4984902886984,3.081205357142857
LS-PCQA,WPC2,tool_box_geo_50_col_44.ply,tool_box.ply,30.3190048379466,2.9340922619047625
LS-PCQA,WPC2,tool_box_geo_50_col_50.ply,tool_box.ply,22.7850014221745,2.7998184523809524
