outer_fold,pipeline,selected_iqa,feature_set,SIGNAL,REF,y_true,y_pred
0,crop_pad_navier,DISTSMetric,pointpca3_only,tmc13_head_00039_vox9_dec_geom01_text01_octree-predlift.ply,head_00039_vox9.ply,1.0,1.00525
0,crop_pad_navier,DISTSMetric,pointpca3_only,tmc13_head_00039_vox9_dec_geom01_text01_octree-raht.ply,head_00039_vox9.ply,1.0,1.004
0,crop_pad_navier,DISTSMetric,pointpca3_only,tmc13_head_00039_vox9_dec_geom01_text01_trisoup-predlift.ply,head_00039_vox9.ply,1.025,1.0582500000000001
0,crop_pad_navier,DISTSMetric,pointpca3_only,tmc13_head_00039_vox9_dec_geom01_text01_trisoup-raht.ply,head_00039_vox9.ply,1.0,1.048
0,crop_pad_navier,DISTSMetric,pointpca3_only,tmc13_head_00039_vox9_dec_geom02_text02_octree-predlift.ply,head_00039_vox9.ply,1.125,1.6055000000000006
0,crop_pad_navier,DISTSMetric,pointpca3_only,tmc13_head_00039_vox9_dec_geom02_text02_octree-raht.ply,head_00039_vox9.ply,1.0,1.5830000000000006
0,crop_pad_navier,DISTSMetric,pointpca3_only,tmc13_head_00039_vox9_dec_geom02_text02_trisoup-predlift.ply,head_00039_vox9.ply,1.175,1.5659999999999998
0,crop_pad_navier,DISTSMetric,pointpca3_only,tmc13_head_00039_vox9_dec_geom02_text02_trisoup-raht.ply,head_00039_vox9.ply,1.1,1.5477500000000006
0,crop_pad_navier,DISTSMetric,pointpca3_only,tmc13_head_00039_vox9_dec_geom03_text03_octree-predlift.ply,head_00039_vox9.ply,1.8,2.9600000000000013
0,crop_pad_navier,DISTSMetric,pointpca3_only,tmc13_head_00039_vox9_dec_geom03_text03_octree-raht.ply,head_00039_vox9.ply,1.575,2.9645000000000024
0,crop_pad_navier,DISTSMetric,pointpca3_only,tmc13_head_00039_vox9_dec_geom03_text03_trisoup-predlift.ply,head_00039_vox9.ply,1.75,1.7975
0,crop_pad_navier,DISTSMetric,pointpca3_only,tmc13_head_00039_vox9_dec_geom03_text03_trisoup-raht.ply,head_00039_vox9.ply,1.375,1.8184999999999996
0,crop_pad_navier,DISTSMetric,pointpca3_only,tmc13_head_00039_vox9_dec_geom04_text04_octree-predlift.ply,head_00039_vox9.ply,3.6,4.02375
0,crop_pad_navier,DISTSMetric,pointpca3_only,tmc13_head_00039_vox9_dec_geom04_text04_octree-raht.ply,head_00039_vox9.ply,3.15,3.9952500000000004
0,crop_pad_navier,DISTSMetric,pointpca3_only,tmc13_head_00039_vox9_dec_geom04_text04_trisoup-predlift.ply,head_00039_vox9.ply,2.425,2.0639999999999987
0,crop_pad_navier,DISTSMetric,pointpca3_only,tmc13_head_00039_vox9_dec_geom04_text04_trisoup-raht.ply,head_00039_vox9.ply,3.1,2.7427500000000005
0,crop_pad_navier,DISTSMetric,pointpca3_only,tmc13_head_00039_vox9_dec_geom05_text05_octree-predlift.ply,head_00039_vox9.ply,4.45,4.536999999999999
0,crop_pad_navier,DISTSMetric,pointpca3_only,tmc13_head_00039_vox9_dec_geom05_text05_octree-raht.ply,head_00039_vox9.ply,4.875,4.503250000000002
0,crop_pad_navier,DISTSMetric,pointpca3_only,tmc13_head_00039_vox9_dec_geom05_text05_trisoup-predlift.ply,head_00039_vox9.ply,4.05,3.6602499999999996
0,crop_pad_navier,DISTSMetric,pointpca3_only,tmc13_head_00039_vox9_dec_geom05_text05_trisoup-raht.ply,head_00039_vox9.ply,3.9,3.516
0,crop_pad_navier,DISTSMetric,pointpca3_only,tmc13_head_00039_vox9_dec_geom06_text06_octree-predlift.ply,head_00039_vox9.ply,4.6,4.717500000000002
0,crop_pad_navier,DISTSMetric,pointpca3_only,tmc13_head_00039_vox9_dec_geom06_text06_octree-raht.ply,head_00039_vox9.ply,4.85,4.649749999999999
0,crop_pad_navier,DISTSMetric,pointpca3_only,tmc13_head_00039_vox9_dec_geom06_text06_trisoup-predlift.ply,head_00039_vox9.ply,4.9,4.851250000000002
0,crop_pad_navier,DISTSMetric,pointpca3_only,tmc13_head_00039_vox9_dec_geom06_text06_trisoup-raht.ply,head_00039_vox9.ply,4.95,4.816000000000005
0,crop_pad_navier,DISTSMetric,pointpca3_only,tmc13_the20smaria_00600_vox10_dec_geom01_text01_octree-predlift.ply,the20smaria_00600_vox10.ply,1.0,1.0122499999999999
0,crop_pad_navier,DISTSMetric,pointpca3_only,tmc13_the20smaria_00600_vox10_dec_geom01_text01_octree-raht.ply,the20smaria_00600_vox10.ply,1.0,1.0022499999999999
0,crop_pad_navier,DISTSMetric,pointpca3_only,tmc13_the20smaria_00600_vox10_dec_geom01_text01_trisoup-predlift.ply,the20smaria_00600_vox10.ply,1.0,1.0322499999999997
0,crop_pad_navier,DISTSMetric,pointpca3_only,tmc13_the20smaria_00600_vox10_dec_geom01_text01_trisoup-raht.ply,the20smaria_00600_vox10.ply,1.0,1.02625
0,crop_pad_navier,DISTSMetric,pointpca3_only,tmc13_the20smaria_00600_vox10_dec_geom02_text02_octree-predlift.ply,the20smaria_00600_vox10.ply,1.05,1.0424999999999998
0,crop_pad_navier,DISTSMetric,pointpca3_only,tmc13_the20smaria_00600_vox10_dec_geom02_text02_octree-raht.ply,the20smaria_00600_vox10.ply,1.0,1.02025
0,crop_pad_navier,DISTSMetric,pointpca3_only,tmc13_the20smaria_00600_vox10_dec_geom02_text02_trisoup-predlift.ply,the20smaria_00600_vox10.ply,1.5,1.617
0,crop_pad_navier,DISTSMetric,pointpca3_only,tmc13_the20smaria_00600_vox10_dec_geom02_text02_trisoup-raht.ply,the20smaria_00600_vox10.ply,1.25,1.5207499999999998
0,crop_pad_navier,DISTSMetric,pointpca3_only,tmc13_the20smaria_00600_vox10_dec_geom03_text03_octree-predlift.ply,the20smaria_00600_vox10.ply,1.5,1.3354999999999992
0,crop_pad_navier,DISTSMetric,pointpca3_only,tmc13_the20smaria_00600_vox10_dec_geom03_text03_octree-raht.ply,the20smaria_00600_vox10.ply,1.275,1.293749999999999
0,crop_pad_navier,DISTSMetric,pointpca3_only,tmc13_the20smaria_00600_vox10_dec_geom03_text03_trisoup-predlift.ply,the20smaria_00600_vox10.ply,1.5,1.6315000000000004
0,crop_pad_navier,DISTSMetric,pointpca3_only,tmc13_the20smaria_00600_vox10_dec_geom03_text03_trisoup-raht.ply,the20smaria_00600_vox10.ply,1.65,1.6435000000000002
0,crop_pad_navier,DISTSMetric,pointpca3_only,tmc13_the20smaria_00600_vox10_dec_geom04_text04_octree-predlift.ply,the20smaria_00600_vox10.ply,2.75,2.7470000000000017
0,crop_pad_navier,DISTSMetric,pointpca3_only,tmc13_the20smaria_00600_vox10_dec_geom04_text04_octree-raht.ply,the20smaria_00600_vox10.ply,2.5,2.6785
0,crop_pad_navier,DISTSMetric,pointpca3_only,tmc13_the20smaria_00600_vox10_dec_geom04_text04_trisoup-predlift.ply,the20smaria_00600_vox10.ply,2.1,1.7675
0,crop_pad_navier,DISTSMetric,pointpca3_only,tmc13_the20smaria_00600_vox10_dec_geom04_text04_trisoup-raht.ply,the20smaria_00600_vox10.ply,1.65,1.7315
0,crop_pad_navier,DISTSMetric,pointpca3_only,tmc13_the20smaria_00600_vox10_dec_geom05_text05_octree-predlift.ply,the20smaria_00600_vox10.ply,3.95,3.2390000000000008
0,crop_pad_navier,DISTSMetric,pointpca3_only,tmc13_the20smaria_00600_vox10_dec_geom05_text05_octree-raht.ply,the20smaria_00600_vox10.ply,3.725,3.26825
0,crop_pad_navier,DISTSMetric,pointpca3_only,tmc13_the20smaria_00600_vox10_dec_geom05_text05_trisoup-predlift.ply,the20smaria_00600_vox10.ply,3.125,2.915249999999999
0,crop_pad_navier,DISTSMetric,pointpca3_only,tmc13_the20smaria_00600_vox10_dec_geom05_text05_trisoup-raht.ply,the20smaria_00600_vox10.ply,2.675,2.9997499999999993
0,crop_pad_navier,DISTSMetric,pointpca3_only,tmc13_the20smaria_00600_vox10_dec_geom06_text06_octree-predlift.ply,the20smaria_00600_vox10.ply,4.65,4.511250000000003
0,crop_pad_navier,DISTSMetric,pointpca3_only,tmc13_the20smaria_00600_vox10_dec_geom06_text06_octree-raht.ply,the20smaria_00600_vox10.ply,4.25,4.444250000000002
0,crop_pad_navier,DISTSMetric,pointpca3_only,tmc13_the20smaria_00600_vox10_dec_geom06_text06_trisoup-predlift.ply,the20smaria_00600_vox10.ply,5.0,4.745499999999998
0,crop_pad_navier,DISTSMetric,pointpca3_only,tmc13_the20smaria_00600_vox10_dec_geom06_text06_trisoup-raht.ply,the20smaria_00600_vox10.ply,4.625,4.721500000000001
0,crop_pad_navier,DISTSMetric,pointpca3_only,tmc2_head_00039_vox9_dec_geom01_text01.ply,head_00039_vox9.ply,1.2,1.4905000000000002
0,crop_pad_navier,DISTSMetric,pointpca3_only,tmc2_head_00039_vox9_dec_geom02_text02.ply,head_00039_vox9.ply,1.875,2.0667500000000016
0,crop_pad_navier,DISTSMetric,pointpca3_only,tmc2_head_00039_vox9_dec_geom03_text03.ply,head_00039_vox9.ply,2.9,2.688499999999999
0,crop_pad_navier,DISTSMetric,pointpca3_only,tmc2_head_00039_vox9_dec_geom04_text04.ply,head_00039_vox9.ply,3.775,3.6590000000000007
0,crop_pad_navier,DISTSMetric,pointpca3_only,tmc2_head_00039_vox9_dec_geom05_text05.ply,head_00039_vox9.ply,4.55,4.062000000000001
0,crop_pad_navier,DISTSMetric,pointpca3_only,tmc2_the20smaria_00600_vox10_dec_geom01_text01.ply,the20smaria_00600_vox10.ply,1.525,1.301250000000001
0,crop_pad_navier,DISTSMetric,pointpca3_only,tmc2_the20smaria_00600_vox10_dec_geom02_text02.ply,the20smaria_00600_vox10.ply,2.15,2.184000000000001
0,crop_pad_navier,DISTSMetric,pointpca3_only,tmc2_the20smaria_00600_vox10_dec_geom03_text03.ply,the20smaria_00600_vox10.ply,3.4,2.5252500000000007
0,crop_pad_navier,DISTSMetric,pointpca3_only,tmc2_the20smaria_00600_vox10_dec_geom04_text04.ply,the20smaria_00600_vox10.ply,3.475,2.740249999999999
0,crop_pad_navier,DISTSMetric,pointpca3_only,tmc2_the20smaria_00600_vox10_dec_geom05_text05.ply,the20smaria_00600_vox10.ply,3.45,3.1129999999999995
0,crop_pad_navier,DISTSMetric,selected_iqa_only,tmc13_head_00039_vox9_dec_geom01_text01_octree-predlift.ply,head_00039_vox9.ply,1.0,1.00075
0,crop_pad_navier,DISTSMetric,selected_iqa_only,tmc13_head_00039_vox9_dec_geom01_text01_octree-raht.ply,head_00039_vox9.ply,1.0,1.0
0,crop_pad_navier,DISTSMetric,selected_iqa_only,tmc13_head_00039_vox9_dec_geom01_text01_trisoup-predlift.ply,head_00039_vox9.ply,1.025,1.074749999999999
0,crop_pad_navier,DISTSMetric,selected_iqa_only,tmc13_head_00039_vox9_dec_geom01_text01_trisoup-raht.ply,head_00039_vox9.ply,1.0,1.00075
0,crop_pad_navier,DISTSMetric,selected_iqa_only,tmc13_head_00039_vox9_dec_geom02_text02_octree-predlift.ply,head_00039_vox9.ply,1.125,1.0897500000000004
0,crop_pad_navier,DISTSMetric,selected_iqa_only,tmc13_head_00039_vox9_dec_geom02_text02_octree-raht.ply,head_00039_vox9.ply,1.0,1.0187500000000003
0,crop_pad_navier,DISTSMetric,selected_iqa_only,tmc13_head_00039_vox9_dec_geom02_text02_trisoup-predlift.ply,head_00039_vox9.ply,1.175,1.2857499999999995
0,crop_pad_navier,DISTSMetric,selected_iqa_only,tmc13_head_00039_vox9_dec_geom02_text02_trisoup-raht.ply,head_00039_vox9.ply,1.1,1.0764999999999996
0,crop_pad_navier,DISTSMetric,selected_iqa_only,tmc13_head_00039_vox9_dec_geom03_text03_octree-predlift.ply,head_00039_vox9.ply,1.8,1.5390000000000013
0,crop_pad_navier,DISTSMetric,selected_iqa_only,tmc13_head_00039_vox9_dec_geom03_text03_octree-raht.ply,head_00039_vox9.ply,1.575,1.4852499999999995
0,crop_pad_navier,DISTSMetric,selected_iqa_only,tmc13_head_00039_vox9_dec_geom03_text03_trisoup-predlift.ply,head_00039_vox9.ply,1.75,1.6027500000000012
0,crop_pad_navier,DISTSMetric,selected_iqa_only,tmc13_head_00039_vox9_dec_geom03_text03_trisoup-raht.ply,head_00039_vox9.ply,1.375,1.3624999999999992
0,crop_pad_navier,DISTSMetric,selected_iqa_only,tmc13_head_00039_vox9_dec_geom04_text04_octree-predlift.ply,head_00039_vox9.ply,3.6,2.28825
0,crop_pad_navier,DISTSMetric,selected_iqa_only,tmc13_head_00039_vox9_dec_geom04_text04_octree-raht.ply,head_00039_vox9.ply,3.15,2.3040000000000003
0,crop_pad_navier,DISTSMetric,selected_iqa_only,tmc13_head_00039_vox9_dec_geom04_text04_trisoup-predlift.ply,head_00039_vox9.ply,2.425,2.163500000000001
0,crop_pad_navier,DISTSMetric,selected_iqa_only,tmc13_head_00039_vox9_dec_geom04_text04_trisoup-raht.ply,head_00039_vox9.ply,3.1,2.3697500000000007
0,crop_pad_navier,DISTSMetric,selected_iqa_only,tmc13_head_00039_vox9_dec_geom05_text05_octree-predlift.ply,head_00039_vox9.ply,4.45,3.923499999999999
0,crop_pad_navier,DISTSMetric,selected_iqa_only,tmc13_head_00039_vox9_dec_geom05_text05_octree-raht.ply,head_00039_vox9.ply,4.875,3.9874999999999985
0,crop_pad_navier,DISTSMetric,selected_iqa_only,tmc13_head_00039_vox9_dec_geom05_text05_trisoup-predlift.ply,head_00039_vox9.ply,4.05,3.1544999999999965
0,crop_pad_navier,DISTSMetric,selected_iqa_only,tmc13_head_00039_vox9_dec_geom05_text05_trisoup-raht.ply,head_00039_vox9.ply,3.9,3.099
0,crop_pad_navier,DISTSMetric,selected_iqa_only,tmc13_head_00039_vox9_dec_geom06_text06_octree-predlift.ply,head_00039_vox9.ply,4.6,4.518000000000005
0,crop_pad_navier,DISTSMetric,selected_iqa_only,tmc13_head_00039_vox9_dec_geom06_text06_octree-raht.ply,head_00039_vox9.ply,4.85,4.397000000000006
0,crop_pad_navier,DISTSMetric,selected_iqa_only,tmc13_head_00039_vox9_dec_geom06_text06_trisoup-predlift.ply,head_00039_vox9.ply,4.9,4.4992500000000035
0,crop_pad_navier,DISTSMetric,selected_iqa_only,tmc13_head_00039_vox9_dec_geom06_text06_trisoup-raht.ply,head_00039_vox9.ply,4.95,4.500750000000003
0,crop_pad_navier,DISTSMetric,selected_iqa_only,tmc13_the20smaria_00600_vox10_dec_geom01_text01_octree-predlift.ply,the20smaria_00600_vox10.ply,1.0,1.0
0,crop_pad_navier,DISTSMetric,selected_iqa_only,tmc13_the20smaria_00600_vox10_dec_geom01_text01_octree-raht.ply,the20smaria_00600_vox10.ply,1.0,1.0
0,crop_pad_navier,DISTSMetric,selected_iqa_only,tmc13_the20smaria_00600_vox10_dec_geom01_text01_trisoup-predlift.ply,the20smaria_00600_vox10.ply,1.0,1.2684999999999995
0,crop_pad_navier,DISTSMetric,selected_iqa_only,tmc13_the20smaria_00600_vox10_dec_geom01_text01_trisoup-raht.ply,the20smaria_00600_vox10.ply,1.0,1.0549999999999995
0,crop_pad_navier,DISTSMetric,selected_iqa_only,tmc13_the20smaria_00600_vox10_dec_geom02_text02_octree-predlift.ply,the20smaria_00600_vox10.ply,1.05,1.0245000000000002
0,crop_pad_navier,DISTSMetric,selected_iqa_only,tmc13_the20smaria_00600_vox10_dec_geom02_text02_octree-raht.ply,the20smaria_00600_vox10.ply,1.0,1.00075
0,crop_pad_navier,DISTSMetric,selected_iqa_only,tmc13_the20smaria_00600_vox10_dec_geom02_text02_trisoup-predlift.ply,the20smaria_00600_vox10.ply,1.5,1.6322500000000009
0,crop_pad_navier,DISTSMetric,selected_iqa_only,tmc13_the20smaria_00600_vox10_dec_geom02_text02_trisoup-raht.ply,the20smaria_00600_vox10.ply,1.25,1.111750000000001
0,crop_pad_navier,DISTSMetric,selected_iqa_only,tmc13_the20smaria_00600_vox10_dec_geom03_text03_octree-predlift.ply,the20smaria_00600_vox10.ply,1.5,1.4330000000000005
0,crop_pad_navier,DISTSMetric,selected_iqa_only,tmc13_the20smaria_00600_vox10_dec_geom03_text03_octree-raht.ply,the20smaria_00600_vox10.ply,1.275,1.1385000000000005
0,crop_pad_navier,DISTSMetric,selected_iqa_only,tmc13_the20smaria_00600_vox10_dec_geom03_text03_trisoup-predlift.ply,the20smaria_00600_vox10.ply,1.5,1.8877500000000003
0,crop_pad_navier,DISTSMetric,selected_iqa_only,tmc13_the20smaria_00600_vox10_dec_geom03_text03_trisoup-raht.ply,the20smaria_00600_vox10.ply,1.65,1.5030000000000003
0,crop_pad_navier,DISTSMetric,selected_iqa_only,tmc13_the20smaria_00600_vox10_dec_geom04_text04_octree-predlift.ply,the20smaria_00600_vox10.ply,2.75,2.0215000000000014
0,crop_pad_navier,DISTSMetric,selected_iqa_only,tmc13_the20smaria_00600_vox10_dec_geom04_text04_octree-raht.ply,the20smaria_00600_vox10.ply,2.5,1.8057500000000002
0,crop_pad_navier,DISTSMetric,selected_iqa_only,tmc13_the20smaria_00600_vox10_dec_geom04_text04_trisoup-predlift.ply,the20smaria_00600_vox10.ply,2.1,2.0972500000000007
0,crop_pad_navier,DISTSMetric,selected_iqa_only,tmc13_the20smaria_00600_vox10_dec_geom04_text04_trisoup-raht.ply,the20smaria_00600_vox10.ply,1.65,1.8700000000000006
0,crop_pad_navier,DISTSMetric,selected_iqa_only,tmc13_the20smaria_00600_vox10_dec_geom05_text05_octree-predlift.ply,the20smaria_00600_vox10.ply,3.95,2.9277500000000014
0,crop_pad_navier,DISTSMetric,selected_iqa_only,tmc13_the20smaria_00600_vox10_dec_geom05_text05_octree-raht.ply,the20smaria_00600_vox10.ply,3.725,2.6957500000000016
0,crop_pad_navier,DISTSMetric,selected_iqa_only,tmc13_the20smaria_00600_vox10_dec_geom05_text05_trisoup-predlift.ply,the20smaria_00600_vox10.ply,3.125,3.1715
0,crop_pad_navier,DISTSMetric,selected_iqa_only,tmc13_the20smaria_00600_vox10_dec_geom05_text05_trisoup-raht.ply,the20smaria_00600_vox10.ply,2.675,2.883000000000001
0,crop_pad_navier,DISTSMetric,selected_iqa_only,tmc13_the20smaria_00600_vox10_dec_geom06_text06_octree-predlift.ply,the20smaria_00600_vox10.ply,4.65,4.234
0,crop_pad_navier,DISTSMetric,selected_iqa_only,tmc13_the20smaria_00600_vox10_dec_geom06_text06_octree-raht.ply,the20smaria_00600_vox10.ply,4.25,4.04975
0,crop_pad_navier,DISTSMetric,selected_iqa_only,tmc13_the20smaria_00600_vox10_dec_geom06_text06_trisoup-predlift.ply,the20smaria_00600_vox10.ply,5.0,4.821999999999999
0,crop_pad_navier,DISTSMetric,selected_iqa_only,tmc13_the20smaria_00600_vox10_dec_geom06_text06_trisoup-raht.ply,the20smaria_00600_vox10.ply,4.625,4.741499999999999
0,crop_pad_navier,DISTSMetric,selected_iqa_only,tmc2_head_00039_vox9_dec_geom01_text01.ply,head_00039_vox9.ply,1.2,1.1515000000000004
0,crop_pad_navier,DISTSMetric,selected_iqa_only,tmc2_head_00039_vox9_dec_geom02_text02.ply,head_00039_vox9.ply,1.875,1.5454999999999997
0,crop_pad_navier,DISTSMetric,selected_iqa_only,tmc2_head_00039_vox9_dec_geom03_text03.ply,head_00039_vox9.ply,2.9,1.9675
0,crop_pad_navier,DISTSMetric,selected_iqa_only,tmc2_head_00039_vox9_dec_geom04_text04.ply,head_00039_vox9.ply,3.775,2.2269999999999994
0,crop_pad_navier,DISTSMetric,selected_iqa_only,tmc2_head_00039_vox9_dec_geom05_text05.ply,head_00039_vox9.ply,4.55,3.1502500000000015
0,crop_pad_navier,DISTSMetric,selected_iqa_only,tmc2_the20smaria_00600_vox10_dec_geom01_text01.ply,the20smaria_00600_vox10.ply,1.525,1.569750000000001
0,crop_pad_navier,DISTSMetric,selected_iqa_only,tmc2_the20smaria_00600_vox10_dec_geom02_text02.ply,the20smaria_00600_vox10.ply,2.15,1.9050000000000005
0,crop_pad_navier,DISTSMetric,selected_iqa_only,tmc2_the20smaria_00600_vox10_dec_geom03_text03.ply,the20smaria_00600_vox10.ply,3.4,2.1247500000000024
0,crop_pad_navier,DISTSMetric,selected_iqa_only,tmc2_the20smaria_00600_vox10_dec_geom04_text04.ply,the20smaria_00600_vox10.ply,3.475,2.5987500000000017
0,crop_pad_navier,DISTSMetric,selected_iqa_only,tmc2_the20smaria_00600_vox10_dec_geom05_text05.ply,the20smaria_00600_vox10.ply,3.45,3.781999999999997
0,crop_pad_navier,DISTSMetric,full_fusion_172,tmc13_head_00039_vox9_dec_geom01_text01_octree-predlift.ply,head_00039_vox9.ply,1.0,1.006
0,crop_pad_navier,DISTSMetric,full_fusion_172,tmc13_head_00039_vox9_dec_geom01_text01_octree-raht.ply,head_00039_vox9.ply,1.0,1.006
0,crop_pad_navier,DISTSMetric,full_fusion_172,tmc13_head_00039_vox9_dec_geom01_text01_trisoup-predlift.ply,head_00039_vox9.ply,1.025,1.049
0,crop_pad_navier,DISTSMetric,full_fusion_172,tmc13_head_00039_vox9_dec_geom01_text01_trisoup-raht.ply,head_00039_vox9.ply,1.0,1.01375
0,crop_pad_navier,DISTSMetric,full_fusion_172,tmc13_head_00039_vox9_dec_geom02_text02_octree-predlift.ply,head_00039_vox9.ply,1.125,1.1080000000000003
0,crop_pad_navier,DISTSMetric,full_fusion_172,tmc13_head_00039_vox9_dec_geom02_text02_octree-raht.ply,head_00039_vox9.ply,1.0,1.0652500000000005
0,crop_pad_navier,DISTSMetric,full_fusion_172,tmc13_head_00039_vox9_dec_geom02_text02_trisoup-predlift.ply,head_00039_vox9.ply,1.175,1.2112500000000004
0,crop_pad_navier,DISTSMetric,full_fusion_172,tmc13_head_00039_vox9_dec_geom02_text02_trisoup-raht.ply,head_00039_vox9.ply,1.1,1.0985000000000005
0,crop_pad_navier,DISTSMetric,full_fusion_172,tmc13_head_00039_vox9_dec_geom03_text03_octree-predlift.ply,head_00039_vox9.ply,1.8,2.1377499999999996
0,crop_pad_navier,DISTSMetric,full_fusion_172,tmc13_head_00039_vox9_dec_geom03_text03_octree-raht.ply,head_00039_vox9.ply,1.575,1.7755
0,crop_pad_navier,DISTSMetric,full_fusion_172,tmc13_head_00039_vox9_dec_geom03_text03_trisoup-predlift.ply,head_00039_vox9.ply,1.75,1.3410000000000002
0,crop_pad_navier,DISTSMetric,full_fusion_172,tmc13_head_00039_vox9_dec_geom03_text03_trisoup-raht.ply,head_00039_vox9.ply,1.375,1.2412500000000006
0,crop_pad_navier,DISTSMetric,full_fusion_172,tmc13_head_00039_vox9_dec_geom04_text04_octree-predlift.ply,head_00039_vox9.ply,3.6,2.912000000000002
0,crop_pad_navier,DISTSMetric,full_fusion_172,tmc13_head_00039_vox9_dec_geom04_text04_octree-raht.ply,head_00039_vox9.ply,3.15,2.676750000000001
0,crop_pad_navier,DISTSMetric,full_fusion_172,tmc13_head_00039_vox9_dec_geom04_text04_trisoup-predlift.ply,head_00039_vox9.ply,2.425,1.3842499999999998
0,crop_pad_navier,DISTSMetric,full_fusion_172,tmc13_head_00039_vox9_dec_geom04_text04_trisoup-raht.ply,head_00039_vox9.ply,3.1,1.41375
0,crop_pad_navier,DISTSMetric,full_fusion_172,tmc13_head_00039_vox9_dec_geom05_text05_octree-predlift.ply,head_00039_vox9.ply,4.45,4.118
0,crop_pad_navier,DISTSMetric,full_fusion_172,tmc13_head_00039_vox9_dec_geom05_text05_octree-raht.ply,head_00039_vox9.ply,4.875,4.188500000000001
0,crop_pad_navier,DISTSMetric,full_fusion_172,tmc13_head_00039_vox9_dec_geom05_text05_trisoup-predlift.ply,head_00039_vox9.ply,4.05,3.0867500000000017
0,crop_pad_navier,DISTSMetric,full_fusion_172,tmc13_head_00039_vox9_dec_geom05_text05_trisoup-raht.ply,head_00039_vox9.ply,3.9,3.0272500000000013
0,crop_pad_navier,DISTSMetric,full_fusion_172,tmc13_head_00039_vox9_dec_geom06_text06_octree-predlift.ply,head_00039_vox9.ply,4.6,4.623750000000002
0,crop_pad_navier,DISTSMetric,full_fusion_172,tmc13_head_00039_vox9_dec_geom06_text06_octree-raht.ply,head_00039_vox9.ply,4.85,4.573750000000002
0,crop_pad_navier,DISTSMetric,full_fusion_172,tmc13_head_00039_vox9_dec_geom06_text06_trisoup-predlift.ply,head_00039_vox9.ply,4.9,4.714499999999998
0,crop_pad_navier,DISTSMetric,full_fusion_172,tmc13_head_00039_vox9_dec_geom06_text06_trisoup-raht.ply,head_00039_vox9.ply,4.95,4.714249999999999
0,crop_pad_navier,DISTSMetric,full_fusion_172,tmc13_the20smaria_00600_vox10_dec_geom01_text01_octree-predlift.ply,the20smaria_00600_vox10.ply,1.0,1.16075
0,crop_pad_navier,DISTSMetric,full_fusion_172,tmc13_the20smaria_00600_vox10_dec_geom01_text01_octree-raht.ply,the20smaria_00600_vox10.ply,1.0,1.1589999999999998
0,crop_pad_navier,DISTSMetric,full_fusion_172,tmc13_the20smaria_00600_vox10_dec_geom01_text01_trisoup-predlift.ply,the20smaria_00600_vox10.ply,1.0,1.15825
0,crop_pad_navier,DISTSMetric,full_fusion_172,tmc13_the20smaria_00600_vox10_dec_geom01_text01_trisoup-raht.ply,the20smaria_00600_vox10.ply,1.0,1.0477500000000002
0,crop_pad_navier,DISTSMetric,full_fusion_172,tmc13_the20smaria_00600_vox10_dec_geom02_text02_octree-predlift.ply,the20smaria_00600_vox10.ply,1.05,1.0770000000000004
0,crop_pad_navier,DISTSMetric,full_fusion_172,tmc13_the20smaria_00600_vox10_dec_geom02_text02_octree-raht.ply,the20smaria_00600_vox10.ply,1.0,1.0562500000000001
0,crop_pad_navier,DISTSMetric,full_fusion_172,tmc13_the20smaria_00600_vox10_dec_geom02_text02_trisoup-predlift.ply,the20smaria_00600_vox10.ply,1.5,1.46775
0,crop_pad_navier,DISTSMetric,full_fusion_172,tmc13_the20smaria_00600_vox10_dec_geom02_text02_trisoup-raht.ply,the20smaria_00600_vox10.ply,1.25,1.2150000000000005
0,crop_pad_navier,DISTSMetric,full_fusion_172,tmc13_the20smaria_00600_vox10_dec_geom03_text03_octree-predlift.ply,the20smaria_00600_vox10.ply,1.5,1.47675
0,crop_pad_navier,DISTSMetric,full_fusion_172,tmc13_the20smaria_00600_vox10_dec_geom03_text03_octree-raht.ply,the20smaria_00600_vox10.ply,1.275,1.3677499999999998
0,crop_pad_navier,DISTSMetric,full_fusion_172,tmc13_the20smaria_00600_vox10_dec_geom03_text03_trisoup-predlift.ply,the20smaria_00600_vox10.ply,1.5,1.5145000000000008
0,crop_pad_navier,DISTSMetric,full_fusion_172,tmc13_the20smaria_00600_vox10_dec_geom03_text03_trisoup-raht.ply,the20smaria_00600_vox10.ply,1.65,1.4450000000000005
0,crop_pad_navier,DISTSMetric,full_fusion_172,tmc13_the20smaria_00600_vox10_dec_geom04_text04_octree-predlift.ply,the20smaria_00600_vox10.ply,2.75,1.8222500000000001
0,crop_pad_navier,DISTSMetric,full_fusion_172,tmc13_the20smaria_00600_vox10_dec_geom04_text04_octree-raht.ply,the20smaria_00600_vox10.ply,2.5,1.7870000000000004
0,crop_pad_navier,DISTSMetric,full_fusion_172,tmc13_the20smaria_00600_vox10_dec_geom04_text04_trisoup-predlift.ply,the20smaria_00600_vox10.ply,2.1,1.5772500000000003
0,crop_pad_navier,DISTSMetric,full_fusion_172,tmc13_the20smaria_00600_vox10_dec_geom04_text04_trisoup-raht.ply,the20smaria_00600_vox10.ply,1.65,1.5395000000000005
0,crop_pad_navier,DISTSMetric,full_fusion_172,tmc13_the20smaria_00600_vox10_dec_geom05_text05_octree-predlift.ply,the20smaria_00600_vox10.ply,3.95,2.81375
0,crop_pad_navier,DISTSMetric,full_fusion_172,tmc13_the20smaria_00600_vox10_dec_geom05_text05_octree-raht.ply,the20smaria_00600_vox10.ply,3.725,2.61075
0,crop_pad_navier,DISTSMetric,full_fusion_172,tmc13_the20smaria_00600_vox10_dec_geom05_text05_trisoup-predlift.ply,the20smaria_00600_vox10.ply,3.125,2.59425
0,crop_pad_navier,DISTSMetric,full_fusion_172,tmc13_the20smaria_00600_vox10_dec_geom05_text05_trisoup-raht.ply,the20smaria_00600_vox10.ply,2.675,2.2675
0,crop_pad_navier,DISTSMetric,full_fusion_172,tmc13_the20smaria_00600_vox10_dec_geom06_text06_octree-predlift.ply,the20smaria_00600_vox10.ply,4.65,3.876250000000001
0,crop_pad_navier,DISTSMetric,full_fusion_172,tmc13_the20smaria_00600_vox10_dec_geom06_text06_octree-raht.ply,the20smaria_00600_vox10.ply,4.25,3.8422500000000004
0,crop_pad_navier,DISTSMetric,full_fusion_172,tmc13_the20smaria_00600_vox10_dec_geom06_text06_trisoup-predlift.ply,the20smaria_00600_vox10.ply,5.0,4.565750000000001
0,crop_pad_navier,DISTSMetric,full_fusion_172,tmc13_the20smaria_00600_vox10_dec_geom06_text06_trisoup-raht.ply,the20smaria_00600_vox10.ply,4.625,4.577750000000002
0,crop_pad_navier,DISTSMetric,full_fusion_172,tmc2_head_00039_vox9_dec_geom01_text01.ply,head_00039_vox9.ply,1.2,1.1205000000000007
0,crop_pad_navier,DISTSMetric,full_fusion_172,tmc2_head_00039_vox9_dec_geom02_text02.ply,head_00039_vox9.ply,1.875,1.4152499999999997
0,crop_pad_navier,DISTSMetric,full_fusion_172,tmc2_head_00039_vox9_dec_geom03_text03.ply,head_00039_vox9.ply,2.9,1.64
0,crop_pad_navier,DISTSMetric,full_fusion_172,tmc2_head_00039_vox9_dec_geom04_text04.ply,head_00039_vox9.ply,3.775,2.048000000000001
0,crop_pad_navier,DISTSMetric,full_fusion_172,tmc2_head_00039_vox9_dec_geom05_text05.ply,head_00039_vox9.ply,4.55,3.1755000000000018
0,crop_pad_navier,DISTSMetric,full_fusion_172,tmc2_the20smaria_00600_vox10_dec_geom01_text01.ply,the20smaria_00600_vox10.ply,1.525,1.5350000000000004
0,crop_pad_navier,DISTSMetric,full_fusion_172,tmc2_the20smaria_00600_vox10_dec_geom02_text02.ply,the20smaria_00600_vox10.ply,2.15,1.743
0,crop_pad_navier,DISTSMetric,full_fusion_172,tmc2_the20smaria_00600_vox10_dec_geom03_text03.ply,the20smaria_00600_vox10.ply,3.4,1.83525
0,crop_pad_navier,DISTSMetric,full_fusion_172,tmc2_the20smaria_00600_vox10_dec_geom04_text04.ply,the20smaria_00600_vox10.ply,3.475,2.2427500000000005
0,crop_pad_navier,DISTSMetric,full_fusion_172,tmc2_the20smaria_00600_vox10_dec_geom05_text05.ply,the20smaria_00600_vox10.ply,3.45,3.2192500000000006
0,crop_pad_navier,DISTSMetric,compact_fusion_46,tmc13_head_00039_vox9_dec_geom01_text01_octree-predlift.ply,head_00039_vox9.ply,1.0,1.002
0,crop_pad_navier,DISTSMetric,compact_fusion_46,tmc13_head_00039_vox9_dec_geom01_text01_octree-raht.ply,head_00039_vox9.ply,1.0,1.002
0,crop_pad_navier,DISTSMetric,compact_fusion_46,tmc13_head_00039_vox9_dec_geom01_text01_trisoup-predlift.ply,head_00039_vox9.ply,1.025,1.06325
0,crop_pad_navier,DISTSMetric,compact_fusion_46,tmc13_head_00039_vox9_dec_geom01_text01_trisoup-raht.ply,head_00039_vox9.ply,1.0,1.00875
0,crop_pad_navier,DISTSMetric,compact_fusion_46,tmc13_head_00039_vox9_dec_geom02_text02_octree-predlift.ply,head_00039_vox9.ply,1.125,1.1657499999999996
0,crop_pad_navier,DISTSMetric,compact_fusion_46,tmc13_head_00039_vox9_dec_geom02_text02_octree-raht.ply,head_00039_vox9.ply,1.0,1.1107499999999997
0,crop_pad_navier,DISTSMetric,compact_fusion_46,tmc13_head_00039_vox9_dec_geom02_text02_trisoup-predlift.ply,head_00039_vox9.ply,1.175,1.2890000000000001
0,crop_pad_navier,DISTSMetric,compact_fusion_46,tmc13_head_00039_vox9_dec_geom02_text02_trisoup-raht.ply,head_00039_vox9.ply,1.1,1.1210000000000002
0,crop_pad_navier,DISTSMetric,compact_fusion_46,tmc13_head_00039_vox9_dec_geom03_text03_octree-predlift.ply,head_00039_vox9.ply,1.8,2.2172500000000004
0,crop_pad_navier,DISTSMetric,compact_fusion_46,tmc13_head_00039_vox9_dec_geom03_text03_octree-raht.ply,head_00039_vox9.ply,1.575,1.83825
0,crop_pad_navier,DISTSMetric,compact_fusion_46,tmc13_head_00039_vox9_dec_geom03_text03_trisoup-predlift.ply,head_00039_vox9.ply,1.75,1.7879999999999998
0,crop_pad_navier,DISTSMetric,compact_fusion_46,tmc13_head_00039_vox9_dec_geom03_text03_trisoup-raht.ply,head_00039_vox9.ply,1.375,1.4084999999999999
0,crop_pad_navier,DISTSMetric,compact_fusion_46,tmc13_head_00039_vox9_dec_geom04_text04_octree-predlift.ply,head_00039_vox9.ply,3.6,2.70675
0,crop_pad_navier,DISTSMetric,compact_fusion_46,tmc13_head_00039_vox9_dec_geom04_text04_octree-raht.ply,head_00039_vox9.ply,3.15,2.6197500000000007
0,crop_pad_navier,DISTSMetric,compact_fusion_46,tmc13_head_00039_vox9_dec_geom04_text04_trisoup-predlift.ply,head_00039_vox9.ply,2.425,2.015749999999999
0,crop_pad_navier,DISTSMetric,compact_fusion_46,tmc13_head_00039_vox9_dec_geom04_text04_trisoup-raht.ply,head_00039_vox9.ply,3.1,2.0054999999999996
0,crop_pad_navier,DISTSMetric,compact_fusion_46,tmc13_head_00039_vox9_dec_geom05_text05_octree-predlift.ply,head_00039_vox9.ply,4.45,4.387750000000001
0,crop_pad_navier,DISTSMetric,compact_fusion_46,tmc13_head_00039_vox9_dec_geom05_text05_octree-raht.ply,head_00039_vox9.ply,4.875,4.457000000000002
0,crop_pad_navier,DISTSMetric,compact_fusion_46,tmc13_head_00039_vox9_dec_geom05_text05_trisoup-predlift.ply,head_00039_vox9.ply,4.05,3.2057500000000014
0,crop_pad_navier,DISTSMetric,compact_fusion_46,tmc13_head_00039_vox9_dec_geom05_text05_trisoup-raht.ply,head_00039_vox9.ply,3.9,3.237250000000001
0,crop_pad_navier,DISTSMetric,compact_fusion_46,tmc13_head_00039_vox9_dec_geom06_text06_octree-predlift.ply,head_00039_vox9.ply,4.6,4.701250000000002
0,crop_pad_navier,DISTSMetric,compact_fusion_46,tmc13_head_00039_vox9_dec_geom06_text06_octree-raht.ply,head_00039_vox9.ply,4.85,4.655000000000002
0,crop_pad_navier,DISTSMetric,compact_fusion_46,tmc13_head_00039_vox9_dec_geom06_text06_trisoup-predlift.ply,head_00039_vox9.ply,4.9,4.738000000000004
0,crop_pad_navier,DISTSMetric,compact_fusion_46,tmc13_head_00039_vox9_dec_geom06_text06_trisoup-raht.ply,head_00039_vox9.ply,4.95,4.720250000000006
0,crop_pad_navier,DISTSMetric,compact_fusion_46,tmc13_the20smaria_00600_vox10_dec_geom01_text01_octree-predlift.ply,the20smaria_00600_vox10.ply,1.0,1.0005
0,crop_pad_navier,DISTSMetric,compact_fusion_46,tmc13_the20smaria_00600_vox10_dec_geom01_text01_octree-raht.ply,the20smaria_00600_vox10.ply,1.0,1.00025
0,crop_pad_navier,DISTSMetric,compact_fusion_46,tmc13_the20smaria_00600_vox10_dec_geom01_text01_trisoup-predlift.ply,the20smaria_00600_vox10.ply,1.0,1.21975
0,crop_pad_navier,DISTSMetric,compact_fusion_46,tmc13_the20smaria_00600_vox10_dec_geom01_text01_trisoup-raht.ply,the20smaria_00600_vox10.ply,1.0,1.0462500000000003
0,crop_pad_navier,DISTSMetric,compact_fusion_46,tmc13_the20smaria_00600_vox10_dec_geom02_text02_octree-predlift.ply,the20smaria_00600_vox10.ply,1.05,1.0150000000000001
0,crop_pad_navier,DISTSMetric,compact_fusion_46,tmc13_the20smaria_00600_vox10_dec_geom02_text02_octree-raht.ply,the20smaria_00600_vox10.ply,1.0,1.0025000000000002
0,crop_pad_navier,DISTSMetric,compact_fusion_46,tmc13_the20smaria_00600_vox10_dec_geom02_text02_trisoup-predlift.ply,the20smaria_00600_vox10.ply,1.5,1.7702500000000005
0,crop_pad_navier,DISTSMetric,compact_fusion_46,tmc13_the20smaria_00600_vox10_dec_geom02_text02_trisoup-raht.ply,the20smaria_00600_vox10.ply,1.25,1.1152500000000003
0,crop_pad_navier,DISTSMetric,compact_fusion_46,tmc13_the20smaria_00600_vox10_dec_geom03_text03_octree-predlift.ply,the20smaria_00600_vox10.ply,1.5,1.5632499999999998
0,crop_pad_navier,DISTSMetric,compact_fusion_46,tmc13_the20smaria_00600_vox10_dec_geom03_text03_octree-raht.ply,the20smaria_00600_vox10.ply,1.275,1.1652500000000006
0,crop_pad_navier,DISTSMetric,compact_fusion_46,tmc13_the20smaria_00600_vox10_dec_geom03_text03_trisoup-predlift.ply,the20smaria_00600_vox10.ply,1.5,1.8702500000000004
0,crop_pad_navier,DISTSMetric,compact_fusion_46,tmc13_the20smaria_00600_vox10_dec_geom03_text03_trisoup-raht.ply,the20smaria_00600_vox10.ply,1.65,1.5917500000000007
0,crop_pad_navier,DISTSMetric,compact_fusion_46,tmc13_the20smaria_00600_vox10_dec_geom04_text04_octree-predlift.ply,the20smaria_00600_vox10.ply,2.75,2.4537500000000008
0,crop_pad_navier,DISTSMetric,compact_fusion_46,tmc13_the20smaria_00600_vox10_dec_geom04_text04_octree-raht.ply,the20smaria_00600_vox10.ply,2.5,2.3765000000000014
0,crop_pad_navier,DISTSMetric,compact_fusion_46,tmc13_the20smaria_00600_vox10_dec_geom04_text04_trisoup-predlift.ply,the20smaria_00600_vox10.ply,2.1,1.9427499999999995
0,crop_pad_navier,DISTSMetric,compact_fusion_46,tmc13_the20smaria_00600_vox10_dec_geom04_text04_trisoup-raht.ply,the20smaria_00600_vox10.ply,1.65,1.888
0,crop_pad_navier,DISTSMetric,compact_fusion_46,tmc13_the20smaria_00600_vox10_dec_geom05_text05_octree-predlift.ply,the20smaria_00600_vox10.ply,3.95,3.3467500000000014
0,crop_pad_navier,DISTSMetric,compact_fusion_46,tmc13_the20smaria_00600_vox10_dec_geom05_text05_octree-raht.ply,the20smaria_00600_vox10.ply,3.725,3.2370000000000005
0,crop_pad_navier,DISTSMetric,compact_fusion_46,tmc13_the20smaria_00600_vox10_dec_geom05_text05_trisoup-predlift.ply,the20smaria_00600_vox10.ply,3.125,3.204000000000001
0,crop_pad_navier,DISTSMetric,compact_fusion_46,tmc13_the20smaria_00600_vox10_dec_geom05_text05_trisoup-raht.ply,the20smaria_00600_vox10.ply,2.675,3.071500000000001
0,crop_pad_navier,DISTSMetric,compact_fusion_46,tmc13_the20smaria_00600_vox10_dec_geom06_text06_octree-predlift.ply,the20smaria_00600_vox10.ply,4.65,4.49375
0,crop_pad_navier,DISTSMetric,compact_fusion_46,tmc13_the20smaria_00600_vox10_dec_geom06_text06_octree-raht.ply,the20smaria_00600_vox10.ply,4.25,4.459500000000001
0,crop_pad_navier,DISTSMetric,compact_fusion_46,tmc13_the20smaria_00600_vox10_dec_geom06_text06_trisoup-predlift.ply,the20smaria_00600_vox10.ply,5.0,4.789750000000001
0,crop_pad_navier,DISTSMetric,compact_fusion_46,tmc13_the20smaria_00600_vox10_dec_geom06_text06_trisoup-raht.ply,the20smaria_00600_vox10.ply,4.625,4.75025
0,crop_pad_navier,DISTSMetric,compact_fusion_46,tmc2_head_00039_vox9_dec_geom01_text01.ply,head_00039_vox9.ply,1.2,1.1437500000000007
0,crop_pad_navier,DISTSMetric,compact_fusion_46,tmc2_head_00039_vox9_dec_geom02_text02.ply,head_00039_vox9.ply,1.875,1.6422500000000009
0,crop_pad_navier,DISTSMetric,compact_fusion_46,tmc2_head_00039_vox9_dec_geom03_text03.ply,head_00039_vox9.ply,2.9,2.1815000000000007
0,crop_pad_navier,DISTSMetric,compact_fusion_46,tmc2_head_00039_vox9_dec_geom04_text04.ply,head_00039_vox9.ply,3.775,2.3599999999999994
0,crop_pad_navier,DISTSMetric,compact_fusion_46,tmc2_head_00039_vox9_dec_geom05_text05.ply,head_00039_vox9.ply,4.55,3.5357499999999997
0,crop_pad_navier,DISTSMetric,compact_fusion_46,tmc2_the20smaria_00600_vox10_dec_geom01_text01.ply,the20smaria_00600_vox10.ply,1.525,1.5972500000000007
0,crop_pad_navier,DISTSMetric,compact_fusion_46,tmc2_the20smaria_00600_vox10_dec_geom02_text02.ply,the20smaria_00600_vox10.ply,2.15,2.0565000000000015
0,crop_pad_navier,DISTSMetric,compact_fusion_46,tmc2_the20smaria_00600_vox10_dec_geom03_text03.ply,the20smaria_00600_vox10.ply,3.4,2.289
0,crop_pad_navier,DISTSMetric,compact_fusion_46,tmc2_the20smaria_00600_vox10_dec_geom04_text04.ply,the20smaria_00600_vox10.ply,3.475,2.800750000000002
0,crop_pad_navier,DISTSMetric,compact_fusion_46,tmc2_the20smaria_00600_vox10_dec_geom05_text05.ply,the20smaria_00600_vox10.ply,3.45,3.734250000000001
1,crop_pad_fsr,DISTSMetric,pointpca3_only,tmc13_biplane_vox10_dec_geom01_text01_octree-predlift.ply,biplane_vox10.ply,1.0,1.0234999999999999
1,crop_pad_fsr,DISTSMetric,pointpca3_only,tmc13_biplane_vox10_dec_geom01_text01_octree-raht.ply,biplane_vox10.ply,1.0,1.0060000000000002
1,crop_pad_fsr,DISTSMetric,pointpca3_only,tmc13_biplane_vox10_dec_geom01_text01_trisoup-predlift.ply,biplane_vox10.ply,1.1,1.0105000000000002
1,crop_pad_fsr,DISTSMetric,pointpca3_only,tmc13_biplane_vox10_dec_geom01_text01_trisoup-raht.ply,biplane_vox10.ply,1.025,1.0092500000000004
1,crop_pad_fsr,DISTSMetric,pointpca3_only,tmc13_biplane_vox10_dec_geom02_text02_octree-predlift.ply,biplane_vox10.ply,1.1,1.3055
1,crop_pad_fsr,DISTSMetric,pointpca3_only,tmc13_biplane_vox10_dec_geom02_text02_octree-raht.ply,biplane_vox10.ply,1.05,1.30925
1,crop_pad_fsr,DISTSMetric,pointpca3_only,tmc13_biplane_vox10_dec_geom02_text02_trisoup-predlift.ply,biplane_vox10.ply,1.9,1.0990000000000004
1,crop_pad_fsr,DISTSMetric,pointpca3_only,tmc13_biplane_vox10_dec_geom02_text02_trisoup-raht.ply,biplane_vox10.ply,1.55,1.34
1,crop_pad_fsr,DISTSMetric,pointpca3_only,tmc13_biplane_vox10_dec_geom03_text03_octree-predlift.ply,biplane_vox10.ply,1.975,1.48625
1,crop_pad_fsr,DISTSMetric,pointpca3_only,tmc13_biplane_vox10_dec_geom03_text03_octree-raht.ply,biplane_vox10.ply,2.05,1.4652499999999997
1,crop_pad_fsr,DISTSMetric,pointpca3_only,tmc13_biplane_vox10_dec_geom03_text03_trisoup-predlift.ply,biplane_vox10.ply,2.35,1.45625
1,crop_pad_fsr,DISTSMetric,pointpca3_only,tmc13_biplane_vox10_dec_geom03_text03_trisoup-raht.ply,biplane_vox10.ply,2.15,1.4722500000000003
1,crop_pad_fsr,DISTSMetric,pointpca3_only,tmc13_biplane_vox10_dec_geom04_text04_octree-predlift.ply,biplane_vox10.ply,3.8,2.6335000000000015
1,crop_pad_fsr,DISTSMetric,pointpca3_only,tmc13_biplane_vox10_dec_geom04_text04_octree-raht.ply,biplane_vox10.ply,3.925,2.7675000000000005
1,crop_pad_fsr,DISTSMetric,pointpca3_only,tmc13_biplane_vox10_dec_geom04_text04_trisoup-predlift.ply,biplane_vox10.ply,2.225,1.6160000000000003
1,crop_pad_fsr,DISTSMetric,pointpca3_only,tmc13_biplane_vox10_dec_geom04_text04_trisoup-raht.ply,biplane_vox10.ply,2.1,1.8165000000000007
1,crop_pad_fsr,DISTSMetric,pointpca3_only,tmc13_biplane_vox10_dec_geom05_text05_octree-predlift.ply,biplane_vox10.ply,4.575,3.9635000000000002
1,crop_pad_fsr,DISTSMetric,pointpca3_only,tmc13_biplane_vox10_dec_geom05_text05_octree-raht.ply,biplane_vox10.ply,4.55,4.016000000000001
1,crop_pad_fsr,DISTSMetric,pointpca3_only,tmc13_biplane_vox10_dec_geom05_text05_trisoup-predlift.ply,biplane_vox10.ply,3.125,3.174750000000001
1,crop_pad_fsr,DISTSMetric,pointpca3_only,tmc13_biplane_vox10_dec_geom05_text05_trisoup-raht.ply,biplane_vox10.ply,4.15,3.5380000000000007
1,crop_pad_fsr,DISTSMetric,pointpca3_only,tmc13_biplane_vox10_dec_geom06_text06_octree-predlift.ply,biplane_vox10.ply,4.775,4.426750000000001
1,crop_pad_fsr,DISTSMetric,pointpca3_only,tmc13_biplane_vox10_dec_geom06_text06_octree-raht.ply,biplane_vox10.ply,4.75,4.4875
1,crop_pad_fsr,DISTSMetric,pointpca3_only,tmc13_biplane_vox10_dec_geom06_text06_trisoup-predlift.ply,biplane_vox10.ply,4.925,4.846499999999993
1,crop_pad_fsr,DISTSMetric,pointpca3_only,tmc13_biplane_vox10_dec_geom06_text06_trisoup-raht.ply,biplane_vox10.ply,4.975,4.817999999999997
1,crop_pad_fsr,DISTSMetric,pointpca3_only,tmc13_soldier_vox10_0690_dec_geom01_text01_octree-predlift.ply,soldier_vox10_0690.ply,1.0,1.00075
1,crop_pad_fsr,DISTSMetric,pointpca3_only,tmc13_soldier_vox10_0690_dec_geom01_text01_octree-raht.ply,soldier_vox10_0690.ply,1.0,1.0017500000000001
1,crop_pad_fsr,DISTSMetric,pointpca3_only,tmc13_soldier_vox10_0690_dec_geom01_text01_trisoup-predlift.ply,soldier_vox10_0690.ply,1.025,1.0447500000000003
1,crop_pad_fsr,DISTSMetric,pointpca3_only,tmc13_soldier_vox10_0690_dec_geom01_text01_trisoup-raht.ply,soldier_vox10_0690.ply,1.0,1.0114999999999998
1,crop_pad_fsr,DISTSMetric,pointpca3_only,tmc13_soldier_vox10_0690_dec_geom02_text02_octree-predlift.ply,soldier_vox10_0690.ply,1.0,1.0419999999999998
1,crop_pad_fsr,DISTSMetric,pointpca3_only,tmc13_soldier_vox10_0690_dec_geom02_text02_octree-raht.ply,soldier_vox10_0690.ply,1.0,1.0145
1,crop_pad_fsr,DISTSMetric,pointpca3_only,tmc13_soldier_vox10_0690_dec_geom02_text02_trisoup-predlift.ply,soldier_vox10_0690.ply,1.575,1.4342500000000007
1,crop_pad_fsr,DISTSMetric,pointpca3_only,tmc13_soldier_vox10_0690_dec_geom02_text02_trisoup-raht.ply,soldier_vox10_0690.ply,1.125,1.1590000000000011
1,crop_pad_fsr,DISTSMetric,pointpca3_only,tmc13_soldier_vox10_0690_dec_geom03_text03_octree-predlift.ply,soldier_vox10_0690.ply,1.25,1.5289999999999995
1,crop_pad_fsr,DISTSMetric,pointpca3_only,tmc13_soldier_vox10_0690_dec_geom03_text03_octree-raht.ply,soldier_vox10_0690.ply,1.125,1.4127499999999988
1,crop_pad_fsr,DISTSMetric,pointpca3_only,tmc13_soldier_vox10_0690_dec_geom03_text03_trisoup-predlift.ply,soldier_vox10_0690.ply,1.925,1.7494999999999996
1,crop_pad_fsr,DISTSMetric,pointpca3_only,tmc13_soldier_vox10_0690_dec_geom03_text03_trisoup-raht.ply,soldier_vox10_0690.ply,1.225,1.5084999999999993
1,crop_pad_fsr,DISTSMetric,pointpca3_only,tmc13_soldier_vox10_0690_dec_geom04_text04_octree-predlift.ply,soldier_vox10_0690.ply,2.5,2.6289999999999996
1,crop_pad_fsr,DISTSMetric,pointpca3_only,tmc13_soldier_vox10_0690_dec_geom04_text04_octree-raht.ply,soldier_vox10_0690.ply,2.4,2.538499999999999
1,crop_pad_fsr,DISTSMetric,pointpca3_only,tmc13_soldier_vox10_0690_dec_geom04_text04_trisoup-predlift.ply,soldier_vox10_0690.ply,2.475,1.9382500000000005
1,crop_pad_fsr,DISTSMetric,pointpca3_only,tmc13_soldier_vox10_0690_dec_geom04_text04_trisoup-raht.ply,soldier_vox10_0690.ply,1.775,1.8292499999999992
1,crop_pad_fsr,DISTSMetric,pointpca3_only,tmc13_soldier_vox10_0690_dec_geom05_text05_octree-predlift.ply,soldier_vox10_0690.ply,3.45,4.089500000000002
1,crop_pad_fsr,DISTSMetric,pointpca3_only,tmc13_soldier_vox10_0690_dec_geom05_text05_octree-raht.ply,soldier_vox10_0690.ply,3.4,3.9525000000000023
1,crop_pad_fsr,DISTSMetric,pointpca3_only,tmc13_soldier_vox10_0690_dec_geom05_text05_trisoup-predlift.ply,soldier_vox10_0690.ply,3.45,3.461750000000001
1,crop_pad_fsr,DISTSMetric,pointpca3_only,tmc13_soldier_vox10_0690_dec_geom05_text05_trisoup-raht.ply,soldier_vox10_0690.ply,3.55,3.3745000000000016
1,crop_pad_fsr,DISTSMetric,pointpca3_only,tmc13_soldier_vox10_0690_dec_geom06_text06_octree-predlift.ply,soldier_vox10_0690.ply,4.475,4.358250000000002
1,crop_pad_fsr,DISTSMetric,pointpca3_only,tmc13_soldier_vox10_0690_dec_geom06_text06_octree-raht.ply,soldier_vox10_0690.ply,4.325,4.284000000000003
1,crop_pad_fsr,DISTSMetric,pointpca3_only,tmc13_soldier_vox10_0690_dec_geom06_text06_trisoup-predlift.ply,soldier_vox10_0690.ply,4.875,4.619749999999997
1,crop_pad_fsr,DISTSMetric,pointpca3_only,tmc13_soldier_vox10_0690_dec_geom06_text06_trisoup-raht.ply,soldier_vox10_0690.ply,4.225,4.600499999999999
1,crop_pad_fsr,DISTSMetric,pointpca3_only,tmc2_biplane_vox10_dec_geom01_text01.ply,biplane_vox10.ply,2.0,1.2772500000000004
1,crop_pad_fsr,DISTSMetric,pointpca3_only,tmc2_biplane_vox10_dec_geom02_text02.ply,biplane_vox10.ply,3.5,1.7425000000000006
1,crop_pad_fsr,DISTSMetric,pointpca3_only,tmc2_biplane_vox10_dec_geom03_text03.ply,biplane_vox10.ply,3.0,2.1944999999999997
1,crop_pad_fsr,DISTSMetric,pointpca3_only,tmc2_biplane_vox10_dec_geom04_text04.ply,biplane_vox10.ply,3.5,2.6962499999999987
1,crop_pad_fsr,DISTSMetric,pointpca3_only,tmc2_biplane_vox10_dec_geom05_text05.ply,biplane_vox10.ply,4.725,3.31175
1,crop_pad_fsr,DISTSMetric,pointpca3_only,tmc2_soldier_vox10_0690_dec_geom01_text01.ply,soldier_vox10_0690.ply,1.275,1.4075000000000006
1,crop_pad_fsr,DISTSMetric,pointpca3_only,tmc2_soldier_vox10_0690_dec_geom02_text02.ply,soldier_vox10_0690.ply,2.15,2.2637500000000013
1,crop_pad_fsr,DISTSMetric,pointpca3_only,tmc2_soldier_vox10_0690_dec_geom03_text03.ply,soldier_vox10_0690.ply,2.425,2.9144999999999994
1,crop_pad_fsr,DISTSMetric,pointpca3_only,tmc2_soldier_vox10_0690_dec_geom04_text04.ply,soldier_vox10_0690.ply,4.025,3.508499999999998
1,crop_pad_fsr,DISTSMetric,pointpca3_only,tmc2_soldier_vox10_0690_dec_geom05_text05.ply,soldier_vox10_0690.ply,3.625,4.075999999999998
1,crop_pad_fsr,DISTSMetric,selected_iqa_only,tmc13_biplane_vox10_dec_geom01_text01_octree-predlift.ply,biplane_vox10.ply,1.0,1.0
1,crop_pad_fsr,DISTSMetric,selected_iqa_only,tmc13_biplane_vox10_dec_geom01_text01_octree-raht.ply,biplane_vox10.ply,1.0,1.0
1,crop_pad_fsr,DISTSMetric,selected_iqa_only,tmc13_biplane_vox10_dec_geom01_text01_trisoup-predlift.ply,biplane_vox10.ply,1.1,1.0125
1,crop_pad_fsr,DISTSMetric,selected_iqa_only,tmc13_biplane_vox10_dec_geom01_text01_trisoup-raht.ply,biplane_vox10.ply,1.025,1.0182500000000003
1,crop_pad_fsr,DISTSMetric,selected_iqa_only,tmc13_biplane_vox10_dec_geom02_text02_octree-predlift.ply,biplane_vox10.ply,1.1,1.0430000000000008
1,crop_pad_fsr,DISTSMetric,selected_iqa_only,tmc13_biplane_vox10_dec_geom02_text02_octree-raht.ply,biplane_vox10.ply,1.05,1.040750000000001
1,crop_pad_fsr,DISTSMetric,selected_iqa_only,tmc13_biplane_vox10_dec_geom02_text02_trisoup-predlift.ply,biplane_vox10.ply,1.9,1.4145
1,crop_pad_fsr,DISTSMetric,selected_iqa_only,tmc13_biplane_vox10_dec_geom02_text02_trisoup-raht.ply,biplane_vox10.ply,1.55,1.4195
1,crop_pad_fsr,DISTSMetric,selected_iqa_only,tmc13_biplane_vox10_dec_geom03_text03_octree-predlift.ply,biplane_vox10.ply,1.975,1.2695
1,crop_pad_fsr,DISTSMetric,selected_iqa_only,tmc13_biplane_vox10_dec_geom03_text03_octree-raht.ply,biplane_vox10.ply,2.05,1.4690000000000005
1,crop_pad_fsr,DISTSMetric,selected_iqa_only,tmc13_biplane_vox10_dec_geom03_text03_trisoup-predlift.ply,biplane_vox10.ply,2.35,2.1035000000000017
1,crop_pad_fsr,DISTSMetric,selected_iqa_only,tmc13_biplane_vox10_dec_geom03_text03_trisoup-raht.ply,biplane_vox10.ply,2.15,2.1265000000000005
1,crop_pad_fsr,DISTSMetric,selected_iqa_only,tmc13_biplane_vox10_dec_geom04_text04_octree-predlift.ply,biplane_vox10.ply,3.8,2.1649999999999987
1,crop_pad_fsr,DISTSMetric,selected_iqa_only,tmc13_biplane_vox10_dec_geom04_text04_octree-raht.ply,biplane_vox10.ply,3.925,2.2487500000000002
1,crop_pad_fsr,DISTSMetric,selected_iqa_only,tmc13_biplane_vox10_dec_geom04_text04_trisoup-predlift.ply,biplane_vox10.ply,2.225,2.1625
1,crop_pad_fsr,DISTSMetric,selected_iqa_only,tmc13_biplane_vox10_dec_geom04_text04_trisoup-raht.ply,biplane_vox10.ply,2.1,2.3045
1,crop_pad_fsr,DISTSMetric,selected_iqa_only,tmc13_biplane_vox10_dec_geom05_text05_octree-predlift.ply,biplane_vox10.ply,4.575,3.5817500000000013
1,crop_pad_fsr,DISTSMetric,selected_iqa_only,tmc13_biplane_vox10_dec_geom05_text05_octree-raht.ply,biplane_vox10.ply,4.55,3.786750000000003
1,crop_pad_fsr,DISTSMetric,selected_iqa_only,tmc13_biplane_vox10_dec_geom05_text05_trisoup-predlift.ply,biplane_vox10.ply,3.125,3.012
1,crop_pad_fsr,DISTSMetric,selected_iqa_only,tmc13_biplane_vox10_dec_geom05_text05_trisoup-raht.ply,biplane_vox10.ply,4.15,3.0227500000000007
1,crop_pad_fsr,DISTSMetric,selected_iqa_only,tmc13_biplane_vox10_dec_geom06_text06_octree-predlift.ply,biplane_vox10.ply,4.775,4.195250000000002
1,crop_pad_fsr,DISTSMetric,selected_iqa_only,tmc13_biplane_vox10_dec_geom06_text06_octree-raht.ply,biplane_vox10.ply,4.75,4.190500000000003
1,crop_pad_fsr,DISTSMetric,selected_iqa_only,tmc13_biplane_vox10_dec_geom06_text06_trisoup-predlift.ply,biplane_vox10.ply,4.925,4.723249999999995
1,crop_pad_fsr,DISTSMetric,selected_iqa_only,tmc13_biplane_vox10_dec_geom06_text06_trisoup-raht.ply,biplane_vox10.ply,4.975,4.744499999999995
1,crop_pad_fsr,DISTSMetric,selected_iqa_only,tmc13_soldier_vox10_0690_dec_geom01_text01_octree-predlift.ply,soldier_vox10_0690.ply,1.0,1.0
1,crop_pad_fsr,DISTSMetric,selected_iqa_only,tmc13_soldier_vox10_0690_dec_geom01_text01_octree-raht.ply,soldier_vox10_0690.ply,1.0,1.0
1,crop_pad_fsr,DISTSMetric,selected_iqa_only,tmc13_soldier_vox10_0690_dec_geom01_text01_trisoup-predlift.ply,soldier_vox10_0690.ply,1.025,1.2187500000000002
1,crop_pad_fsr,DISTSMetric,selected_iqa_only,tmc13_soldier_vox10_0690_dec_geom01_text01_trisoup-raht.ply,soldier_vox10_0690.ply,1.0,1.00825
1,crop_pad_fsr,DISTSMetric,selected_iqa_only,tmc13_soldier_vox10_0690_dec_geom02_text02_octree-predlift.ply,soldier_vox10_0690.ply,1.0,1.0580000000000005
1,crop_pad_fsr,DISTSMetric,selected_iqa_only,tmc13_soldier_vox10_0690_dec_geom02_text02_octree-raht.ply,soldier_vox10_0690.ply,1.0,1.0245000000000002
1,crop_pad_fsr,DISTSMetric,selected_iqa_only,tmc13_soldier_vox10_0690_dec_geom02_text02_trisoup-predlift.ply,soldier_vox10_0690.ply,1.575,1.660750000000001
1,crop_pad_fsr,DISTSMetric,selected_iqa_only,tmc13_soldier_vox10_0690_dec_geom02_text02_trisoup-raht.ply,soldier_vox10_0690.ply,1.125,1.3017500000000002
1,crop_pad_fsr,DISTSMetric,selected_iqa_only,tmc13_soldier_vox10_0690_dec_geom03_text03_octree-predlift.ply,soldier_vox10_0690.ply,1.25,1.6257500000000014
1,crop_pad_fsr,DISTSMetric,selected_iqa_only,tmc13_soldier_vox10_0690_dec_geom03_text03_octree-raht.ply,soldier_vox10_0690.ply,1.125,1.5875000000000015
1,crop_pad_fsr,DISTSMetric,selected_iqa_only,tmc13_soldier_vox10_0690_dec_geom03_text03_trisoup-predlift.ply,soldier_vox10_0690.ply,1.925,2.1444999999999985
1,crop_pad_fsr,DISTSMetric,selected_iqa_only,tmc13_soldier_vox10_0690_dec_geom03_text03_trisoup-raht.ply,soldier_vox10_0690.ply,1.225,2.229750000000001
1,crop_pad_fsr,DISTSMetric,selected_iqa_only,tmc13_soldier_vox10_0690_dec_geom04_text04_octree-predlift.ply,soldier_vox10_0690.ply,2.5,3.0265000000000013
1,crop_pad_fsr,DISTSMetric,selected_iqa_only,tmc13_soldier_vox10_0690_dec_geom04_text04_octree-raht.ply,soldier_vox10_0690.ply,2.4,3.2885000000000004
1,crop_pad_fsr,DISTSMetric,selected_iqa_only,tmc13_soldier_vox10_0690_dec_geom04_text04_trisoup-predlift.ply,soldier_vox10_0690.ply,2.475,3.071750000000001
1,crop_pad_fsr,DISTSMetric,selected_iqa_only,tmc13_soldier_vox10_0690_dec_geom04_text04_trisoup-raht.ply,soldier_vox10_0690.ply,1.775,3.028
1,crop_pad_fsr,DISTSMetric,selected_iqa_only,tmc13_soldier_vox10_0690_dec_geom05_text05_octree-predlift.ply,soldier_vox10_0690.ply,3.45,4.3400000000000025
1,crop_pad_fsr,DISTSMetric,selected_iqa_only,tmc13_soldier_vox10_0690_dec_geom05_text05_octree-raht.ply,soldier_vox10_0690.ply,3.4,4.198499999999999
1,crop_pad_fsr,DISTSMetric,selected_iqa_only,tmc13_soldier_vox10_0690_dec_geom05_text05_trisoup-predlift.ply,soldier_vox10_0690.ply,3.45,4.27
1,crop_pad_fsr,DISTSMetric,selected_iqa_only,tmc13_soldier_vox10_0690_dec_geom05_text05_trisoup-raht.ply,soldier_vox10_0690.ply,3.55,3.5972499999999985
1,crop_pad_fsr,DISTSMetric,selected_iqa_only,tmc13_soldier_vox10_0690_dec_geom06_text06_octree-predlift.ply,soldier_vox10_0690.ply,4.475,4.095000000000002
1,crop_pad_fsr,DISTSMetric,selected_iqa_only,tmc13_soldier_vox10_0690_dec_geom06_text06_octree-raht.ply,soldier_vox10_0690.ply,4.325,3.8965000000000045
1,crop_pad_fsr,DISTSMetric,selected_iqa_only,tmc13_soldier_vox10_0690_dec_geom06_text06_trisoup-predlift.ply,soldier_vox10_0690.ply,4.875,4.671249999999996
1,crop_pad_fsr,DISTSMetric,selected_iqa_only,tmc13_soldier_vox10_0690_dec_geom06_text06_trisoup-raht.ply,soldier_vox10_0690.ply,4.225,4.790999999999995
1,crop_pad_fsr,DISTSMetric,selected_iqa_only,tmc2_biplane_vox10_dec_geom01_text01.ply,biplane_vox10.ply,2.0,1.4250000000000005
1,crop_pad_fsr,DISTSMetric,selected_iqa_only,tmc2_biplane_vox10_dec_geom02_text02.ply,biplane_vox10.ply,3.5,1.9625000000000017
1,crop_pad_fsr,DISTSMetric,selected_iqa_only,tmc2_biplane_vox10_dec_geom03_text03.ply,biplane_vox10.ply,3.0,2.4684999999999984
1,crop_pad_fsr,DISTSMetric,selected_iqa_only,tmc2_biplane_vox10_dec_geom04_text04.ply,biplane_vox10.ply,3.5,2.82325
1,crop_pad_fsr,DISTSMetric,selected_iqa_only,tmc2_biplane_vox10_dec_geom05_text05.ply,biplane_vox10.ply,4.725,3.128500000000002
1,crop_pad_fsr,DISTSMetric,selected_iqa_only,tmc2_soldier_vox10_0690_dec_geom01_text01.ply,soldier_vox10_0690.ply,1.275,1.6127499999999997
1,crop_pad_fsr,DISTSMetric,selected_iqa_only,tmc2_soldier_vox10_0690_dec_geom02_text02.ply,soldier_vox10_0690.ply,2.15,2.3600000000000008
1,crop_pad_fsr,DISTSMetric,selected_iqa_only,tmc2_soldier_vox10_0690_dec_geom03_text03.ply,soldier_vox10_0690.ply,2.425,2.9772499999999997
1,crop_pad_fsr,DISTSMetric,selected_iqa_only,tmc2_soldier_vox10_0690_dec_geom04_text04.ply,soldier_vox10_0690.ply,4.025,4.163499999999998
1,crop_pad_fsr,DISTSMetric,selected_iqa_only,tmc2_soldier_vox10_0690_dec_geom05_text05.ply,soldier_vox10_0690.ply,3.625,4.230500000000002
1,crop_pad_fsr,DISTSMetric,full_fusion_172,tmc13_biplane_vox10_dec_geom01_text01_octree-predlift.ply,biplane_vox10.ply,1.0,1.0357500000000004
1,crop_pad_fsr,DISTSMetric,full_fusion_172,tmc13_biplane_vox10_dec_geom01_text01_octree-raht.ply,biplane_vox10.ply,1.0,1.0260000000000002
1,crop_pad_fsr,DISTSMetric,full_fusion_172,tmc13_biplane_vox10_dec_geom01_text01_trisoup-predlift.ply,biplane_vox10.ply,1.1,1.0287500000000005
1,crop_pad_fsr,DISTSMetric,full_fusion_172,tmc13_biplane_vox10_dec_geom01_text01_trisoup-raht.ply,biplane_vox10.ply,1.025,1.0412500000000002
1,crop_pad_fsr,DISTSMetric,full_fusion_172,tmc13_biplane_vox10_dec_geom02_text02_octree-predlift.ply,biplane_vox10.ply,1.1,1.1074999999999995
1,crop_pad_fsr,DISTSMetric,full_fusion_172,tmc13_biplane_vox10_dec_geom02_text02_octree-raht.ply,biplane_vox10.ply,1.05,1.0477499999999997
1,crop_pad_fsr,DISTSMetric,full_fusion_172,tmc13_biplane_vox10_dec_geom02_text02_trisoup-predlift.ply,biplane_vox10.ply,1.9,1.3482499999999995
1,crop_pad_fsr,DISTSMetric,full_fusion_172,tmc13_biplane_vox10_dec_geom02_text02_trisoup-raht.ply,biplane_vox10.ply,1.55,1.3429999999999995
1,crop_pad_fsr,DISTSMetric,full_fusion_172,tmc13_biplane_vox10_dec_geom03_text03_octree-predlift.ply,biplane_vox10.ply,1.975,1.3617499999999998
1,crop_pad_fsr,DISTSMetric,full_fusion_172,tmc13_biplane_vox10_dec_geom03_text03_octree-raht.ply,biplane_vox10.ply,2.05,1.4182499999999998
1,crop_pad_fsr,DISTSMetric,full_fusion_172,tmc13_biplane_vox10_dec_geom03_text03_trisoup-predlift.ply,biplane_vox10.ply,2.35,1.8772500000000003
1,crop_pad_fsr,DISTSMetric,full_fusion_172,tmc13_biplane_vox10_dec_geom03_text03_trisoup-raht.ply,biplane_vox10.ply,2.15,1.9125000000000003
1,crop_pad_fsr,DISTSMetric,full_fusion_172,tmc13_biplane_vox10_dec_geom04_text04_octree-predlift.ply,biplane_vox10.ply,3.8,2.2274999999999996
1,crop_pad_fsr,DISTSMetric,full_fusion_172,tmc13_biplane_vox10_dec_geom04_text04_octree-raht.ply,biplane_vox10.ply,3.925,2.239
1,crop_pad_fsr,DISTSMetric,full_fusion_172,tmc13_biplane_vox10_dec_geom04_text04_trisoup-predlift.ply,biplane_vox10.ply,2.225,1.95025
1,crop_pad_fsr,DISTSMetric,full_fusion_172,tmc13_biplane_vox10_dec_geom04_text04_trisoup-raht.ply,biplane_vox10.ply,2.1,2.0357500000000006
1,crop_pad_fsr,DISTSMetric,full_fusion_172,tmc13_biplane_vox10_dec_geom05_text05_octree-predlift.ply,biplane_vox10.ply,4.575,3.623500000000001
1,crop_pad_fsr,DISTSMetric,full_fusion_172,tmc13_biplane_vox10_dec_geom05_text05_octree-raht.ply,biplane_vox10.ply,4.55,3.751500000000001
1,crop_pad_fsr,DISTSMetric,full_fusion_172,tmc13_biplane_vox10_dec_geom05_text05_trisoup-predlift.ply,biplane_vox10.ply,3.125,2.9707499999999993
1,crop_pad_fsr,DISTSMetric,full_fusion_172,tmc13_biplane_vox10_dec_geom05_text05_trisoup-raht.ply,biplane_vox10.ply,4.15,3.1952499999999997
1,crop_pad_fsr,DISTSMetric,full_fusion_172,tmc13_biplane_vox10_dec_geom06_text06_octree-predlift.ply,biplane_vox10.ply,4.775,4.0252500000000015
1,crop_pad_fsr,DISTSMetric,full_fusion_172,tmc13_biplane_vox10_dec_geom06_text06_octree-raht.ply,biplane_vox10.ply,4.75,4.052000000000001
1,crop_pad_fsr,DISTSMetric,full_fusion_172,tmc13_biplane_vox10_dec_geom06_text06_trisoup-predlift.ply,biplane_vox10.ply,4.925,4.749499999999994
1,crop_pad_fsr,DISTSMetric,full_fusion_172,tmc13_biplane_vox10_dec_geom06_text06_trisoup-raht.ply,biplane_vox10.ply,4.975,4.7389999999999946
1,crop_pad_fsr,DISTSMetric,full_fusion_172,tmc13_soldier_vox10_0690_dec_geom01_text01_octree-predlift.ply,soldier_vox10_0690.ply,1.0,1.01275
1,crop_pad_fsr,DISTSMetric,full_fusion_172,tmc13_soldier_vox10_0690_dec_geom01_text01_octree-raht.ply,soldier_vox10_0690.ply,1.0,1.01275
1,crop_pad_fsr,DISTSMetric,full_fusion_172,tmc13_soldier_vox10_0690_dec_geom01_text01_trisoup-predlift.ply,soldier_vox10_0690.ply,1.025,1.1935000000000004
1,crop_pad_fsr,DISTSMetric,full_fusion_172,tmc13_soldier_vox10_0690_dec_geom01_text01_trisoup-raht.ply,soldier_vox10_0690.ply,1.0,1.0210000000000001
1,crop_pad_fsr,DISTSMetric,full_fusion_172,tmc13_soldier_vox10_0690_dec_geom02_text02_octree-predlift.ply,soldier_vox10_0690.ply,1.0,1.0955
1,crop_pad_fsr,DISTSMetric,full_fusion_172,tmc13_soldier_vox10_0690_dec_geom02_text02_octree-raht.ply,soldier_vox10_0690.ply,1.0,1.03675
1,crop_pad_fsr,DISTSMetric,full_fusion_172,tmc13_soldier_vox10_0690_dec_geom02_text02_trisoup-predlift.ply,soldier_vox10_0690.ply,1.575,1.6245000000000007
1,crop_pad_fsr,DISTSMetric,full_fusion_172,tmc13_soldier_vox10_0690_dec_geom02_text02_trisoup-raht.ply,soldier_vox10_0690.ply,1.125,1.35
1,crop_pad_fsr,DISTSMetric,full_fusion_172,tmc13_soldier_vox10_0690_dec_geom03_text03_octree-predlift.ply,soldier_vox10_0690.ply,1.25,1.8697500000000007
1,crop_pad_fsr,DISTSMetric,full_fusion_172,tmc13_soldier_vox10_0690_dec_geom03_text03_octree-raht.ply,soldier_vox10_0690.ply,1.125,1.6472500000000003
1,crop_pad_fsr,DISTSMetric,full_fusion_172,tmc13_soldier_vox10_0690_dec_geom03_text03_trisoup-predlift.ply,soldier_vox10_0690.ply,1.925,1.982750000000001
1,crop_pad_fsr,DISTSMetric,full_fusion_172,tmc13_soldier_vox10_0690_dec_geom03_text03_trisoup-raht.ply,soldier_vox10_0690.ply,1.225,1.9377500000000014
1,crop_pad_fsr,DISTSMetric,full_fusion_172,tmc13_soldier_vox10_0690_dec_geom04_text04_octree-predlift.ply,soldier_vox10_0690.ply,2.5,3.1252500000000016
1,crop_pad_fsr,DISTSMetric,full_fusion_172,tmc13_soldier_vox10_0690_dec_geom04_text04_octree-raht.ply,soldier_vox10_0690.ply,2.4,3.1865000000000014
1,crop_pad_fsr,DISTSMetric,full_fusion_172,tmc13_soldier_vox10_0690_dec_geom04_text04_trisoup-predlift.ply,soldier_vox10_0690.ply,2.475,2.870000000000002
1,crop_pad_fsr,DISTSMetric,full_fusion_172,tmc13_soldier_vox10_0690_dec_geom04_text04_trisoup-raht.ply,soldier_vox10_0690.ply,1.775,2.716000000000002
1,crop_pad_fsr,DISTSMetric,full_fusion_172,tmc13_soldier_vox10_0690_dec_geom05_text05_octree-predlift.ply,soldier_vox10_0690.ply,3.45,4.294999999999999
1,crop_pad_fsr,DISTSMetric,full_fusion_172,tmc13_soldier_vox10_0690_dec_geom05_text05_octree-raht.ply,soldier_vox10_0690.ply,3.4,4.179750000000001
1,crop_pad_fsr,DISTSMetric,full_fusion_172,tmc13_soldier_vox10_0690_dec_geom05_text05_trisoup-predlift.ply,soldier_vox10_0690.ply,3.45,4.069500000000001
1,crop_pad_fsr,DISTSMetric,full_fusion_172,tmc13_soldier_vox10_0690_dec_geom05_text05_trisoup-raht.ply,soldier_vox10_0690.ply,3.55,3.863999999999999
1,crop_pad_fsr,DISTSMetric,full_fusion_172,tmc13_soldier_vox10_0690_dec_geom06_text06_octree-predlift.ply,soldier_vox10_0690.ply,4.475,4.456
1,crop_pad_fsr,DISTSMetric,full_fusion_172,tmc13_soldier_vox10_0690_dec_geom06_text06_octree-raht.ply,soldier_vox10_0690.ply,4.325,4.405500000000002
1,crop_pad_fsr,DISTSMetric,full_fusion_172,tmc13_soldier_vox10_0690_dec_geom06_text06_trisoup-predlift.ply,soldier_vox10_0690.ply,4.875,4.576499999999997
1,crop_pad_fsr,DISTSMetric,full_fusion_172,tmc13_soldier_vox10_0690_dec_geom06_text06_trisoup-raht.ply,soldier_vox10_0690.ply,4.225,4.576999999999997
1,crop_pad_fsr,DISTSMetric,full_fusion_172,tmc2_biplane_vox10_dec_geom01_text01.ply,biplane_vox10.ply,2.0,1.35675
1,crop_pad_fsr,DISTSMetric,full_fusion_172,tmc2_biplane_vox10_dec_geom02_text02.ply,biplane_vox10.ply,3.5,1.88775
1,crop_pad_fsr,DISTSMetric,full_fusion_172,tmc2_biplane_vox10_dec_geom03_text03.ply,biplane_vox10.ply,3.0,1.8379999999999999
1,crop_pad_fsr,DISTSMetric,full_fusion_172,tmc2_biplane_vox10_dec_geom04_text04.ply,biplane_vox10.ply,3.5,3.0
1,crop_pad_fsr,DISTSMetric,full_fusion_172,tmc2_biplane_vox10_dec_geom05_text05.ply,biplane_vox10.ply,4.725,3.383999999999999
1,crop_pad_fsr,DISTSMetric,full_fusion_172,tmc2_soldier_vox10_0690_dec_geom01_text01.ply,soldier_vox10_0690.ply,1.275,1.7655000000000016
1,crop_pad_fsr,DISTSMetric,full_fusion_172,tmc2_soldier_vox10_0690_dec_geom02_text02.ply,soldier_vox10_0690.ply,2.15,2.3907500000000006
1,crop_pad_fsr,DISTSMetric,full_fusion_172,tmc2_soldier_vox10_0690_dec_geom03_text03.ply,soldier_vox10_0690.ply,2.425,3.2137499999999988
1,crop_pad_fsr,DISTSMetric,full_fusion_172,tmc2_soldier_vox10_0690_dec_geom04_text04.ply,soldier_vox10_0690.ply,4.025,3.7097499999999997
1,crop_pad_fsr,DISTSMetric,full_fusion_172,tmc2_soldier_vox10_0690_dec_geom05_text05.ply,soldier_vox10_0690.ply,3.625,4.2435
1,crop_pad_fsr,DISTSMetric,compact_fusion_46,tmc13_biplane_vox10_dec_geom01_text01_octree-predlift.ply,biplane_vox10.ply,1.0,1.0077500000000001
1,crop_pad_fsr,DISTSMetric,compact_fusion_46,tmc13_biplane_vox10_dec_geom01_text01_octree-raht.ply,biplane_vox10.ply,1.0,1.0057500000000004
1,crop_pad_fsr,DISTSMetric,compact_fusion_46,tmc13_biplane_vox10_dec_geom01_text01_trisoup-predlift.ply,biplane_vox10.ply,1.1,1.0072500000000004
1,crop_pad_fsr,DISTSMetric,compact_fusion_46,tmc13_biplane_vox10_dec_geom01_text01_trisoup-raht.ply,biplane_vox10.ply,1.025,1.0095
1,crop_pad_fsr,DISTSMetric,compact_fusion_46,tmc13_biplane_vox10_dec_geom02_text02_octree-predlift.ply,biplane_vox10.ply,1.1,1.04
1,crop_pad_fsr,DISTSMetric,compact_fusion_46,tmc13_biplane_vox10_dec_geom02_text02_octree-raht.ply,biplane_vox10.ply,1.05,1.0397500000000002
1,crop_pad_fsr,DISTSMetric,compact_fusion_46,tmc13_biplane_vox10_dec_geom02_text02_trisoup-predlift.ply,biplane_vox10.ply,1.9,1.4400000000000008
1,crop_pad_fsr,DISTSMetric,compact_fusion_46,tmc13_biplane_vox10_dec_geom02_text02_trisoup-raht.ply,biplane_vox10.ply,1.55,1.4380000000000004
1,crop_pad_fsr,DISTSMetric,compact_fusion_46,tmc13_biplane_vox10_dec_geom03_text03_octree-predlift.ply,biplane_vox10.ply,1.975,1.348
1,crop_pad_fsr,DISTSMetric,compact_fusion_46,tmc13_biplane_vox10_dec_geom03_text03_octree-raht.ply,biplane_vox10.ply,2.05,1.4665000000000008
1,crop_pad_fsr,DISTSMetric,compact_fusion_46,tmc13_biplane_vox10_dec_geom03_text03_trisoup-predlift.ply,biplane_vox10.ply,2.35,1.838250000000001
1,crop_pad_fsr,DISTSMetric,compact_fusion_46,tmc13_biplane_vox10_dec_geom03_text03_trisoup-raht.ply,biplane_vox10.ply,2.15,1.9407500000000006
1,crop_pad_fsr,DISTSMetric,compact_fusion_46,tmc13_biplane_vox10_dec_geom04_text04_octree-predlift.ply,biplane_vox10.ply,3.8,2.4510000000000005
1,crop_pad_fsr,DISTSMetric,compact_fusion_46,tmc13_biplane_vox10_dec_geom04_text04_octree-raht.ply,biplane_vox10.ply,3.925,2.6182500000000006
1,crop_pad_fsr,DISTSMetric,compact_fusion_46,tmc13_biplane_vox10_dec_geom04_text04_trisoup-predlift.ply,biplane_vox10.ply,2.225,1.9937500000000006
1,crop_pad_fsr,DISTSMetric,compact_fusion_46,tmc13_biplane_vox10_dec_geom04_text04_trisoup-raht.ply,biplane_vox10.ply,2.1,2.1647500000000006
1,crop_pad_fsr,DISTSMetric,compact_fusion_46,tmc13_biplane_vox10_dec_geom05_text05_octree-predlift.ply,biplane_vox10.ply,4.575,3.9370000000000016
1,crop_pad_fsr,DISTSMetric,compact_fusion_46,tmc13_biplane_vox10_dec_geom05_text05_octree-raht.ply,biplane_vox10.ply,4.55,4.033500000000001
1,crop_pad_fsr,DISTSMetric,compact_fusion_46,tmc13_biplane_vox10_dec_geom05_text05_trisoup-predlift.ply,biplane_vox10.ply,3.125,3.055250000000001
1,crop_pad_fsr,DISTSMetric,compact_fusion_46,tmc13_biplane_vox10_dec_geom05_text05_trisoup-raht.ply,biplane_vox10.ply,4.15,3.3332500000000014
1,crop_pad_fsr,DISTSMetric,compact_fusion_46,tmc13_biplane_vox10_dec_geom06_text06_octree-predlift.ply,biplane_vox10.ply,4.775,4.4247499999999995
1,crop_pad_fsr,DISTSMetric,compact_fusion_46,tmc13_biplane_vox10_dec_geom06_text06_octree-raht.ply,biplane_vox10.ply,4.75,4.5282500000000026
1,crop_pad_fsr,DISTSMetric,compact_fusion_46,tmc13_biplane_vox10_dec_geom06_text06_trisoup-predlift.ply,biplane_vox10.ply,4.925,4.796999999999994
1,crop_pad_fsr,DISTSMetric,compact_fusion_46,tmc13_biplane_vox10_dec_geom06_text06_trisoup-raht.ply,biplane_vox10.ply,4.975,4.797499999999997
1,crop_pad_fsr,DISTSMetric,compact_fusion_46,tmc13_soldier_vox10_0690_dec_geom01_text01_octree-predlift.ply,soldier_vox10_0690.ply,1.0,1.00025
1,crop_pad_fsr,DISTSMetric,compact_fusion_46,tmc13_soldier_vox10_0690_dec_geom01_text01_octree-raht.ply,soldier_vox10_0690.ply,1.0,1.0
1,crop_pad_fsr,DISTSMetric,compact_fusion_46,tmc13_soldier_vox10_0690_dec_geom01_text01_trisoup-predlift.ply,soldier_vox10_0690.ply,1.025,1.1024999999999998
1,crop_pad_fsr,DISTSMetric,compact_fusion_46,tmc13_soldier_vox10_0690_dec_geom01_text01_trisoup-raht.ply,soldier_vox10_0690.ply,1.0,1.0034999999999998
1,crop_pad_fsr,DISTSMetric,compact_fusion_46,tmc13_soldier_vox10_0690_dec_geom02_text02_octree-predlift.ply,soldier_vox10_0690.ply,1.0,1.026
1,crop_pad_fsr,DISTSMetric,compact_fusion_46,tmc13_soldier_vox10_0690_dec_geom02_text02_octree-raht.ply,soldier_vox10_0690.ply,1.0,1.00625
1,crop_pad_fsr,DISTSMetric,compact_fusion_46,tmc13_soldier_vox10_0690_dec_geom02_text02_trisoup-predlift.ply,soldier_vox10_0690.ply,1.575,1.4645000000000008
1,crop_pad_fsr,DISTSMetric,compact_fusion_46,tmc13_soldier_vox10_0690_dec_geom02_text02_trisoup-raht.ply,soldier_vox10_0690.ply,1.125,1.1932500000000008
1,crop_pad_fsr,DISTSMetric,compact_fusion_46,tmc13_soldier_vox10_0690_dec_geom03_text03_octree-predlift.ply,soldier_vox10_0690.ply,1.25,1.56125
1,crop_pad_fsr,DISTSMetric,compact_fusion_46,tmc13_soldier_vox10_0690_dec_geom03_text03_octree-raht.ply,soldier_vox10_0690.ply,1.125,1.4402499999999998
1,crop_pad_fsr,DISTSMetric,compact_fusion_46,tmc13_soldier_vox10_0690_dec_geom03_text03_trisoup-predlift.ply,soldier_vox10_0690.ply,1.925,1.831500000000001
1,crop_pad_fsr,DISTSMetric,compact_fusion_46,tmc13_soldier_vox10_0690_dec_geom03_text03_trisoup-raht.ply,soldier_vox10_0690.ply,1.225,1.738250000000001
1,crop_pad_fsr,DISTSMetric,compact_fusion_46,tmc13_soldier_vox10_0690_dec_geom04_text04_octree-predlift.ply,soldier_vox10_0690.ply,2.5,2.918
1,crop_pad_fsr,DISTSMetric,compact_fusion_46,tmc13_soldier_vox10_0690_dec_geom04_text04_octree-raht.ply,soldier_vox10_0690.ply,2.4,2.8594999999999997
1,crop_pad_fsr,DISTSMetric,compact_fusion_46,tmc13_soldier_vox10_0690_dec_geom04_text04_trisoup-predlift.ply,soldier_vox10_0690.ply,2.475,2.7867500000000014
1,crop_pad_fsr,DISTSMetric,compact_fusion_46,tmc13_soldier_vox10_0690_dec_geom04_text04_trisoup-raht.ply,soldier_vox10_0690.ply,1.775,2.5527499999999996
1,crop_pad_fsr,DISTSMetric,compact_fusion_46,tmc13_soldier_vox10_0690_dec_geom05_text05_octree-predlift.ply,soldier_vox10_0690.ply,3.45,4.122000000000001
1,crop_pad_fsr,DISTSMetric,compact_fusion_46,tmc13_soldier_vox10_0690_dec_geom05_text05_octree-raht.ply,soldier_vox10_0690.ply,3.4,3.9507499999999998
1,crop_pad_fsr,DISTSMetric,compact_fusion_46,tmc13_soldier_vox10_0690_dec_geom05_text05_trisoup-predlift.ply,soldier_vox10_0690.ply,3.45,3.8127500000000016
1,crop_pad_fsr,DISTSMetric,compact_fusion_46,tmc13_soldier_vox10_0690_dec_geom05_text05_trisoup-raht.ply,soldier_vox10_0690.ply,3.55,3.5305000000000013
1,crop_pad_fsr,DISTSMetric,compact_fusion_46,tmc13_soldier_vox10_0690_dec_geom06_text06_octree-predlift.ply,soldier_vox10_0690.ply,4.475,4.389750000000001
1,crop_pad_fsr,DISTSMetric,compact_fusion_46,tmc13_soldier_vox10_0690_dec_geom06_text06_octree-raht.ply,soldier_vox10_0690.ply,4.325,4.355500000000003
1,crop_pad_fsr,DISTSMetric,compact_fusion_46,tmc13_soldier_vox10_0690_dec_geom06_text06_trisoup-predlift.ply,soldier_vox10_0690.ply,4.875,4.604999999999998
1,crop_pad_fsr,DISTSMetric,compact_fusion_46,tmc13_soldier_vox10_0690_dec_geom06_text06_trisoup-raht.ply,soldier_vox10_0690.ply,4.225,4.651499999999998
1,crop_pad_fsr,DISTSMetric,compact_fusion_46,tmc2_biplane_vox10_dec_geom01_text01.ply,biplane_vox10.ply,2.0,1.3860000000000006
1,crop_pad_fsr,DISTSMetric,compact_fusion_46,tmc2_biplane_vox10_dec_geom02_text02.ply,biplane_vox10.ply,3.5,1.866250000000001
1,crop_pad_fsr,DISTSMetric,compact_fusion_46,tmc2_biplane_vox10_dec_geom03_text03.ply,biplane_vox10.ply,3.0,2.3677500000000005
1,crop_pad_fsr,DISTSMetric,compact_fusion_46,tmc2_biplane_vox10_dec_geom04_text04.ply,biplane_vox10.ply,3.5,3.08625
1,crop_pad_fsr,DISTSMetric,compact_fusion_46,tmc2_biplane_vox10_dec_geom05_text05.ply,biplane_vox10.ply,4.725,3.4932500000000015
1,crop_pad_fsr,DISTSMetric,compact_fusion_46,tmc2_soldier_vox10_0690_dec_geom01_text01.ply,soldier_vox10_0690.ply,1.275,1.4170000000000005
1,crop_pad_fsr,DISTSMetric,compact_fusion_46,tmc2_soldier_vox10_0690_dec_geom02_text02.ply,soldier_vox10_0690.ply,2.15,1.9832500000000015
1,crop_pad_fsr,DISTSMetric,compact_fusion_46,tmc2_soldier_vox10_0690_dec_geom03_text03.ply,soldier_vox10_0690.ply,2.425,2.9045
1,crop_pad_fsr,DISTSMetric,compact_fusion_46,tmc2_soldier_vox10_0690_dec_geom04_text04.ply,soldier_vox10_0690.ply,4.025,3.6405000000000003
1,crop_pad_fsr,DISTSMetric,compact_fusion_46,tmc2_soldier_vox10_0690_dec_geom05_text05.ply,soldier_vox10_0690.ply,3.625,4.053749999999998
2,nocrop_pad_telea,DISTSMetric,pointpca3_only,tmc13_amphoriskos_vox10_dec_geom01_text01_octree-predlift.ply,amphoriskos_vox10.ply,1.0,1.0704999999999996
2,nocrop_pad_telea,DISTSMetric,pointpca3_only,tmc13_amphoriskos_vox10_dec_geom01_text01_octree-raht.ply,amphoriskos_vox10.ply,1.0,1.05075
2,nocrop_pad_telea,DISTSMetric,pointpca3_only,tmc13_amphoriskos_vox10_dec_geom01_text01_trisoup-predlift.ply,amphoriskos_vox10.ply,1.25,1.3982500000000002
2,nocrop_pad_telea,DISTSMetric,pointpca3_only,tmc13_amphoriskos_vox10_dec_geom01_text01_trisoup-raht.ply,amphoriskos_vox10.ply,1.025,1.2257500000000001
2,nocrop_pad_telea,DISTSMetric,pointpca3_only,tmc13_amphoriskos_vox10_dec_geom02_text02_octree-predlift.ply,amphoriskos_vox10.ply,1.5,1.1164999999999994
2,nocrop_pad_telea,DISTSMetric,pointpca3_only,tmc13_amphoriskos_vox10_dec_geom02_text02_octree-raht.ply,amphoriskos_vox10.ply,1.075,1.05275
2,nocrop_pad_telea,DISTSMetric,pointpca3_only,tmc13_amphoriskos_vox10_dec_geom02_text02_trisoup-predlift.ply,amphoriskos_vox10.ply,2.3,2.2135000000000007
2,nocrop_pad_telea,DISTSMetric,pointpca3_only,tmc13_amphoriskos_vox10_dec_geom02_text02_trisoup-raht.ply,amphoriskos_vox10.ply,1.625,2.208500000000002
2,nocrop_pad_telea,DISTSMetric,pointpca3_only,tmc13_amphoriskos_vox10_dec_geom03_text03_octree-predlift.ply,amphoriskos_vox10.ply,2.9,2.0574999999999997
2,nocrop_pad_telea,DISTSMetric,pointpca3_only,tmc13_amphoriskos_vox10_dec_geom03_text03_octree-raht.ply,amphoriskos_vox10.ply,2.025,1.9877499999999997
2,nocrop_pad_telea,DISTSMetric,pointpca3_only,tmc13_amphoriskos_vox10_dec_geom03_text03_trisoup-predlift.ply,amphoriskos_vox10.ply,2.675,2.4342500000000014
2,nocrop_pad_telea,DISTSMetric,pointpca3_only,tmc13_amphoriskos_vox10_dec_geom03_text03_trisoup-raht.ply,amphoriskos_vox10.ply,2.05,2.437000000000002
2,nocrop_pad_telea,DISTSMetric,pointpca3_only,tmc13_amphoriskos_vox10_dec_geom04_text04_octree-predlift.ply,amphoriskos_vox10.ply,4.375,2.8372499999999996
2,nocrop_pad_telea,DISTSMetric,pointpca3_only,tmc13_amphoriskos_vox10_dec_geom04_text04_octree-raht.ply,amphoriskos_vox10.ply,3.7,2.7939999999999996
2,nocrop_pad_telea,DISTSMetric,pointpca3_only,tmc13_amphoriskos_vox10_dec_geom04_text04_trisoup-predlift.ply,amphoriskos_vox10.ply,2.725,2.4722500000000007
2,nocrop_pad_telea,DISTSMetric,pointpca3_only,tmc13_amphoriskos_vox10_dec_geom04_text04_trisoup-raht.ply,amphoriskos_vox10.ply,2.45,2.632500000000001
2,nocrop_pad_telea,DISTSMetric,pointpca3_only,tmc13_amphoriskos_vox10_dec_geom05_text05_octree-predlift.ply,amphoriskos_vox10.ply,4.6,3.296
2,nocrop_pad_telea,DISTSMetric,pointpca3_only,tmc13_amphoriskos_vox10_dec_geom05_text05_octree-raht.ply,amphoriskos_vox10.ply,4.475,3.3117499999999995
2,nocrop_pad_telea,DISTSMetric,pointpca3_only,tmc13_amphoriskos_vox10_dec_geom05_text05_trisoup-predlift.ply,amphoriskos_vox10.ply,3.1,2.6777500000000005
2,nocrop_pad_telea,DISTSMetric,pointpca3_only,tmc13_amphoriskos_vox10_dec_geom05_text05_trisoup-raht.ply,amphoriskos_vox10.ply,3.1,2.7912500000000007
2,nocrop_pad_telea,DISTSMetric,pointpca3_only,tmc13_amphoriskos_vox10_dec_geom06_text06_octree-predlift.ply,amphoriskos_vox10.ply,4.75,4.05425
2,nocrop_pad_telea,DISTSMetric,pointpca3_only,tmc13_amphoriskos_vox10_dec_geom06_text06_octree-raht.ply,amphoriskos_vox10.ply,4.85,4.02975
2,nocrop_pad_telea,DISTSMetric,pointpca3_only,tmc13_amphoriskos_vox10_dec_geom06_text06_trisoup-predlift.ply,amphoriskos_vox10.ply,4.9,4.702749999999997
2,nocrop_pad_telea,DISTSMetric,pointpca3_only,tmc13_amphoriskos_vox10_dec_geom06_text06_trisoup-raht.ply,amphoriskos_vox10.ply,4.725,4.6312500000000005
2,nocrop_pad_telea,DISTSMetric,pointpca3_only,tmc13_romanoillamp_vox10_dec_geom01_text01_octree-predlift.ply,romanoillamp_vox10.ply,1.0,1.0015
2,nocrop_pad_telea,DISTSMetric,pointpca3_only,tmc13_romanoillamp_vox10_dec_geom01_text01_octree-raht.ply,romanoillamp_vox10.ply,1.0,1.0007500000000003
2,nocrop_pad_telea,DISTSMetric,pointpca3_only,tmc13_romanoillamp_vox10_dec_geom01_text01_trisoup-predlift.ply,romanoillamp_vox10.ply,1.075,1.3050000000000006
2,nocrop_pad_telea,DISTSMetric,pointpca3_only,tmc13_romanoillamp_vox10_dec_geom01_text01_trisoup-raht.ply,romanoillamp_vox10.ply,1.0,1.1692500000000003
2,nocrop_pad_telea,DISTSMetric,pointpca3_only,tmc13_romanoillamp_vox10_dec_geom02_text02_octree-predlift.ply,romanoillamp_vox10.ply,1.05,1.0412499999999998
2,nocrop_pad_telea,DISTSMetric,pointpca3_only,tmc13_romanoillamp_vox10_dec_geom02_text02_octree-raht.ply,romanoillamp_vox10.ply,1.0,1.03575
2,nocrop_pad_telea,DISTSMetric,pointpca3_only,tmc13_romanoillamp_vox10_dec_geom02_text02_trisoup-predlift.ply,romanoillamp_vox10.ply,1.825,2.1985000000000015
2,nocrop_pad_telea,DISTSMetric,pointpca3_only,tmc13_romanoillamp_vox10_dec_geom02_text02_trisoup-raht.ply,romanoillamp_vox10.ply,1.225,2.103000000000001
2,nocrop_pad_telea,DISTSMetric,pointpca3_only,tmc13_romanoillamp_vox10_dec_geom03_text03_octree-predlift.ply,romanoillamp_vox10.ply,1.775,1.6737500000000005
2,nocrop_pad_telea,DISTSMetric,pointpca3_only,tmc13_romanoillamp_vox10_dec_geom03_text03_octree-raht.ply,romanoillamp_vox10.ply,1.475,1.643000000000001
2,nocrop_pad_telea,DISTSMetric,pointpca3_only,tmc13_romanoillamp_vox10_dec_geom03_text03_trisoup-predlift.ply,romanoillamp_vox10.ply,2.475,2.3112500000000016
2,nocrop_pad_telea,DISTSMetric,pointpca3_only,tmc13_romanoillamp_vox10_dec_geom03_text03_trisoup-raht.ply,romanoillamp_vox10.ply,2.925,2.3370000000000015
2,nocrop_pad_telea,DISTSMetric,pointpca3_only,tmc13_romanoillamp_vox10_dec_geom04_text04_octree-predlift.ply,romanoillamp_vox10.ply,2.75,2.867249999999999
2,nocrop_pad_telea,DISTSMetric,pointpca3_only,tmc13_romanoillamp_vox10_dec_geom04_text04_octree-raht.ply,romanoillamp_vox10.ply,2.925,2.923
2,nocrop_pad_telea,DISTSMetric,pointpca3_only,tmc13_romanoillamp_vox10_dec_geom04_text04_trisoup-predlift.ply,romanoillamp_vox10.ply,3.625,2.5757500000000015
2,nocrop_pad_telea,DISTSMetric,pointpca3_only,tmc13_romanoillamp_vox10_dec_geom04_text04_trisoup-raht.ply,romanoillamp_vox10.ply,4.5,2.9435
2,nocrop_pad_telea,DISTSMetric,pointpca3_only,tmc13_romanoillamp_vox10_dec_geom05_text05_octree-predlift.ply,romanoillamp_vox10.ply,4.45,3.20625
2,nocrop_pad_telea,DISTSMetric,pointpca3_only,tmc13_romanoillamp_vox10_dec_geom05_text05_octree-raht.ply,romanoillamp_vox10.ply,4.6,3.24925
2,nocrop_pad_telea,DISTSMetric,pointpca3_only,tmc13_romanoillamp_vox10_dec_geom05_text05_trisoup-predlift.ply,romanoillamp_vox10.ply,4.625,2.78625
2,nocrop_pad_telea,DISTSMetric,pointpca3_only,tmc13_romanoillamp_vox10_dec_geom05_text05_trisoup-raht.ply,romanoillamp_vox10.ply,4.6,2.7985
2,nocrop_pad_telea,DISTSMetric,pointpca3_only,tmc13_romanoillamp_vox10_dec_geom06_text06_octree-predlift.ply,romanoillamp_vox10.ply,4.925,3.9075
2,nocrop_pad_telea,DISTSMetric,pointpca3_only,tmc13_romanoillamp_vox10_dec_geom06_text06_octree-raht.ply,romanoillamp_vox10.ply,4.65,3.8325000000000014
2,nocrop_pad_telea,DISTSMetric,pointpca3_only,tmc13_romanoillamp_vox10_dec_geom06_text06_trisoup-predlift.ply,romanoillamp_vox10.ply,4.9,4.6912499999999975
2,nocrop_pad_telea,DISTSMetric,pointpca3_only,tmc13_romanoillamp_vox10_dec_geom06_text06_trisoup-raht.ply,romanoillamp_vox10.ply,4.7,4.475750000000001
2,nocrop_pad_telea,DISTSMetric,pointpca3_only,tmc2_amphoriskos_vox10_dec_geom01_text01.ply,amphoriskos_vox10.ply,2.5,1.93075
2,nocrop_pad_telea,DISTSMetric,pointpca3_only,tmc2_amphoriskos_vox10_dec_geom02_text02.ply,amphoriskos_vox10.ply,3.475,2.1885000000000003
2,nocrop_pad_telea,DISTSMetric,pointpca3_only,tmc2_amphoriskos_vox10_dec_geom03_text03.ply,amphoriskos_vox10.ply,3.6,2.3135000000000003
2,nocrop_pad_telea,DISTSMetric,pointpca3_only,tmc2_amphoriskos_vox10_dec_geom04_text04.ply,amphoriskos_vox10.ply,4.5,2.5495000000000005
2,nocrop_pad_telea,DISTSMetric,pointpca3_only,tmc2_amphoriskos_vox10_dec_geom05_text05.ply,amphoriskos_vox10.ply,4.475,2.8947499999999997
2,nocrop_pad_telea,DISTSMetric,pointpca3_only,tmc2_romanoillamp_vox10_dec_geom01_text01.ply,romanoillamp_vox10.ply,1.525,1.7410000000000017
2,nocrop_pad_telea,DISTSMetric,pointpca3_only,tmc2_romanoillamp_vox10_dec_geom02_text02.ply,romanoillamp_vox10.ply,2.4,2.0155000000000016
2,nocrop_pad_telea,DISTSMetric,pointpca3_only,tmc2_romanoillamp_vox10_dec_geom03_text03.ply,romanoillamp_vox10.ply,2.975,2.361000000000002
2,nocrop_pad_telea,DISTSMetric,pointpca3_only,tmc2_romanoillamp_vox10_dec_geom04_text04.ply,romanoillamp_vox10.ply,4.2,3.022
2,nocrop_pad_telea,DISTSMetric,pointpca3_only,tmc2_romanoillamp_vox10_dec_geom05_text05.ply,romanoillamp_vox10.ply,4.475,3.4295
2,nocrop_pad_telea,DISTSMetric,selected_iqa_only,tmc13_amphoriskos_vox10_dec_geom01_text01_octree-predlift.ply,amphoriskos_vox10.ply,1.0,1.0
2,nocrop_pad_telea,DISTSMetric,selected_iqa_only,tmc13_amphoriskos_vox10_dec_geom01_text01_octree-raht.ply,amphoriskos_vox10.ply,1.0,1.0
2,nocrop_pad_telea,DISTSMetric,selected_iqa_only,tmc13_amphoriskos_vox10_dec_geom01_text01_trisoup-predlift.ply,amphoriskos_vox10.ply,1.25,1.2342499999999992
2,nocrop_pad_telea,DISTSMetric,selected_iqa_only,tmc13_amphoriskos_vox10_dec_geom01_text01_trisoup-raht.ply,amphoriskos_vox10.ply,1.025,1.0005000000000002
2,nocrop_pad_telea,DISTSMetric,selected_iqa_only,tmc13_amphoriskos_vox10_dec_geom02_text02_octree-predlift.ply,amphoriskos_vox10.ply,1.5,1.00025
2,nocrop_pad_telea,DISTSMetric,selected_iqa_only,tmc13_amphoriskos_vox10_dec_geom02_text02_octree-raht.ply,amphoriskos_vox10.ply,1.075,1.0054999999999998
2,nocrop_pad_telea,DISTSMetric,selected_iqa_only,tmc13_amphoriskos_vox10_dec_geom02_text02_trisoup-predlift.ply,amphoriskos_vox10.ply,2.3,3.349250000000003
2,nocrop_pad_telea,DISTSMetric,selected_iqa_only,tmc13_amphoriskos_vox10_dec_geom02_text02_trisoup-raht.ply,amphoriskos_vox10.ply,1.625,1.4795000000000007
2,nocrop_pad_telea,DISTSMetric,selected_iqa_only,tmc13_amphoriskos_vox10_dec_geom03_text03_octree-predlift.ply,amphoriskos_vox10.ply,2.9,1.971750000000002
2,nocrop_pad_telea,DISTSMetric,selected_iqa_only,tmc13_amphoriskos_vox10_dec_geom03_text03_octree-raht.ply,amphoriskos_vox10.ply,2.025,1.855000000000001
2,nocrop_pad_telea,DISTSMetric,selected_iqa_only,tmc13_amphoriskos_vox10_dec_geom03_text03_trisoup-predlift.ply,amphoriskos_vox10.ply,2.675,3.4112499999999972
2,nocrop_pad_telea,DISTSMetric,selected_iqa_only,tmc13_amphoriskos_vox10_dec_geom03_text03_trisoup-raht.ply,amphoriskos_vox10.ply,2.05,3.449499999999999
2,nocrop_pad_telea,DISTSMetric,selected_iqa_only,tmc13_amphoriskos_vox10_dec_geom04_text04_octree-predlift.ply,amphoriskos_vox10.ply,4.375,3.5330000000000013
2,nocrop_pad_telea,DISTSMetric,selected_iqa_only,tmc13_amphoriskos_vox10_dec_geom04_text04_octree-raht.ply,amphoriskos_vox10.ply,3.7,3.7017500000000023
2,nocrop_pad_telea,DISTSMetric,selected_iqa_only,tmc13_amphoriskos_vox10_dec_geom04_text04_trisoup-predlift.ply,amphoriskos_vox10.ply,2.725,3.7467500000000005
2,nocrop_pad_telea,DISTSMetric,selected_iqa_only,tmc13_amphoriskos_vox10_dec_geom04_text04_trisoup-raht.ply,amphoriskos_vox10.ply,2.45,3.2637499999999995
2,nocrop_pad_telea,DISTSMetric,selected_iqa_only,tmc13_amphoriskos_vox10_dec_geom05_text05_octree-predlift.ply,amphoriskos_vox10.ply,4.6,3.6137499999999996
2,nocrop_pad_telea,DISTSMetric,selected_iqa_only,tmc13_amphoriskos_vox10_dec_geom05_text05_octree-raht.ply,amphoriskos_vox10.ply,4.475,3.403999999999999
2,nocrop_pad_telea,DISTSMetric,selected_iqa_only,tmc13_amphoriskos_vox10_dec_geom05_text05_trisoup-predlift.ply,amphoriskos_vox10.ply,3.1,3.8852499999999974
2,nocrop_pad_telea,DISTSMetric,selected_iqa_only,tmc13_amphoriskos_vox10_dec_geom05_text05_trisoup-raht.ply,amphoriskos_vox10.ply,3.1,3.7232499999999997
2,nocrop_pad_telea,DISTSMetric,selected_iqa_only,tmc13_amphoriskos_vox10_dec_geom06_text06_octree-predlift.ply,amphoriskos_vox10.ply,4.75,3.7950000000000013
2,nocrop_pad_telea,DISTSMetric,selected_iqa_only,tmc13_amphoriskos_vox10_dec_geom06_text06_octree-raht.ply,amphoriskos_vox10.ply,4.85,3.7477500000000004
2,nocrop_pad_telea,DISTSMetric,selected_iqa_only,tmc13_amphoriskos_vox10_dec_geom06_text06_trisoup-predlift.ply,amphoriskos_vox10.ply,4.9,4.794
2,nocrop_pad_telea,DISTSMetric,selected_iqa_only,tmc13_amphoriskos_vox10_dec_geom06_text06_trisoup-raht.ply,amphoriskos_vox10.ply,4.725,4.8572500000000005
2,nocrop_pad_telea,DISTSMetric,selected_iqa_only,tmc13_romanoillamp_vox10_dec_geom01_text01_octree-predlift.ply,romanoillamp_vox10.ply,1.0,1.0
2,nocrop_pad_telea,DISTSMetric,selected_iqa_only,tmc13_romanoillamp_vox10_dec_geom01_text01_octree-raht.ply,romanoillamp_vox10.ply,1.0,1.0
2,nocrop_pad_telea,DISTSMetric,selected_iqa_only,tmc13_romanoillamp_vox10_dec_geom01_text01_trisoup-predlift.ply,romanoillamp_vox10.ply,1.075,1.0917500000000007
2,nocrop_pad_telea,DISTSMetric,selected_iqa_only,tmc13_romanoillamp_vox10_dec_geom01_text01_trisoup-raht.ply,romanoillamp_vox10.ply,1.0,1.0230000000000006
2,nocrop_pad_telea,DISTSMetric,selected_iqa_only,tmc13_romanoillamp_vox10_dec_geom02_text02_octree-predlift.ply,romanoillamp_vox10.ply,1.05,1.0069999999999997
2,nocrop_pad_telea,DISTSMetric,selected_iqa_only,tmc13_romanoillamp_vox10_dec_geom02_text02_octree-raht.ply,romanoillamp_vox10.ply,1.0,1.0074999999999996
2,nocrop_pad_telea,DISTSMetric,selected_iqa_only,tmc13_romanoillamp_vox10_dec_geom02_text02_trisoup-predlift.ply,romanoillamp_vox10.ply,1.825,1.821000000000001
2,nocrop_pad_telea,DISTSMetric,selected_iqa_only,tmc13_romanoillamp_vox10_dec_geom02_text02_trisoup-raht.ply,romanoillamp_vox10.ply,1.225,1.7682500000000008
2,nocrop_pad_telea,DISTSMetric,selected_iqa_only,tmc13_romanoillamp_vox10_dec_geom03_text03_octree-predlift.ply,romanoillamp_vox10.ply,1.775,1.2802499999999992
2,nocrop_pad_telea,DISTSMetric,selected_iqa_only,tmc13_romanoillamp_vox10_dec_geom03_text03_octree-raht.ply,romanoillamp_vox10.ply,1.475,1.211
2,nocrop_pad_telea,DISTSMetric,selected_iqa_only,tmc13_romanoillamp_vox10_dec_geom03_text03_trisoup-predlift.ply,romanoillamp_vox10.ply,2.475,3.164500000000001
2,nocrop_pad_telea,DISTSMetric,selected_iqa_only,tmc13_romanoillamp_vox10_dec_geom03_text03_trisoup-raht.ply,romanoillamp_vox10.ply,2.925,2.773
2,nocrop_pad_telea,DISTSMetric,selected_iqa_only,tmc13_romanoillamp_vox10_dec_geom04_text04_octree-predlift.ply,romanoillamp_vox10.ply,2.75,2.4757500000000023
2,nocrop_pad_telea,DISTSMetric,selected_iqa_only,tmc13_romanoillamp_vox10_dec_geom04_text04_octree-raht.ply,romanoillamp_vox10.ply,2.925,2.9617500000000003
2,nocrop_pad_telea,DISTSMetric,selected_iqa_only,tmc13_romanoillamp_vox10_dec_geom04_text04_trisoup-predlift.ply,romanoillamp_vox10.ply,3.625,3.577750000000001
2,nocrop_pad_telea,DISTSMetric,selected_iqa_only,tmc13_romanoillamp_vox10_dec_geom04_text04_trisoup-raht.ply,romanoillamp_vox10.ply,4.5,3.05475
2,nocrop_pad_telea,DISTSMetric,selected_iqa_only,tmc13_romanoillamp_vox10_dec_geom05_text05_octree-predlift.ply,romanoillamp_vox10.ply,4.45,3.2495000000000016
2,nocrop_pad_telea,DISTSMetric,selected_iqa_only,tmc13_romanoillamp_vox10_dec_geom05_text05_octree-raht.ply,romanoillamp_vox10.ply,4.6,3.353749999999999
2,nocrop_pad_telea,DISTSMetric,selected_iqa_only,tmc13_romanoillamp_vox10_dec_geom05_text05_trisoup-predlift.ply,romanoillamp_vox10.ply,4.625,3.2057499999999988
2,nocrop_pad_telea,DISTSMetric,selected_iqa_only,tmc13_romanoillamp_vox10_dec_geom05_text05_trisoup-raht.ply,romanoillamp_vox10.ply,4.6,2.898750000000003
2,nocrop_pad_telea,DISTSMetric,selected_iqa_only,tmc13_romanoillamp_vox10_dec_geom06_text06_octree-predlift.ply,romanoillamp_vox10.ply,4.925,3.2789999999999986
2,nocrop_pad_telea,DISTSMetric,selected_iqa_only,tmc13_romanoillamp_vox10_dec_geom06_text06_octree-raht.ply,romanoillamp_vox10.ply,4.65,3.6967499999999998
2,nocrop_pad_telea,DISTSMetric,selected_iqa_only,tmc13_romanoillamp_vox10_dec_geom06_text06_trisoup-predlift.ply,romanoillamp_vox10.ply,4.9,4.833749999999996
2,nocrop_pad_telea,DISTSMetric,selected_iqa_only,tmc13_romanoillamp_vox10_dec_geom06_text06_trisoup-raht.ply,romanoillamp_vox10.ply,4.7,4.833249999999998
2,nocrop_pad_telea,DISTSMetric,selected_iqa_only,tmc2_amphoriskos_vox10_dec_geom01_text01.ply,amphoriskos_vox10.ply,2.5,2.76725
2,nocrop_pad_telea,DISTSMetric,selected_iqa_only,tmc2_amphoriskos_vox10_dec_geom02_text02.ply,amphoriskos_vox10.ply,3.475,2.6827499999999986
2,nocrop_pad_telea,DISTSMetric,selected_iqa_only,tmc2_amphoriskos_vox10_dec_geom03_text03.ply,amphoriskos_vox10.ply,3.6,3.6307500000000004
2,nocrop_pad_telea,DISTSMetric,selected_iqa_only,tmc2_amphoriskos_vox10_dec_geom04_text04.ply,amphoriskos_vox10.ply,4.5,3.603999999999999
2,nocrop_pad_telea,DISTSMetric,selected_iqa_only,tmc2_amphoriskos_vox10_dec_geom05_text05.ply,amphoriskos_vox10.ply,4.475,3.517749999999999
2,nocrop_pad_telea,DISTSMetric,selected_iqa_only,tmc2_romanoillamp_vox10_dec_geom01_text01.ply,romanoillamp_vox10.ply,1.525,1.2932500000000002
2,nocrop_pad_telea,DISTSMetric,selected_iqa_only,tmc2_romanoillamp_vox10_dec_geom02_text02.ply,romanoillamp_vox10.ply,2.4,2.518500000000003
2,nocrop_pad_telea,DISTSMetric,selected_iqa_only,tmc2_romanoillamp_vox10_dec_geom03_text03.ply,romanoillamp_vox10.ply,2.975,2.748999999999998
2,nocrop_pad_telea,DISTSMetric,selected_iqa_only,tmc2_romanoillamp_vox10_dec_geom04_text04.ply,romanoillamp_vox10.ply,4.2,3.3157500000000004
2,nocrop_pad_telea,DISTSMetric,selected_iqa_only,tmc2_romanoillamp_vox10_dec_geom05_text05.ply,romanoillamp_vox10.ply,4.475,3.8454999999999995
2,nocrop_pad_telea,DISTSMetric,full_fusion_172,tmc13_amphoriskos_vox10_dec_geom01_text01_octree-predlift.ply,amphoriskos_vox10.ply,1.0,1.03025
2,nocrop_pad_telea,DISTSMetric,full_fusion_172,tmc13_amphoriskos_vox10_dec_geom01_text01_octree-raht.ply,amphoriskos_vox10.ply,1.0,1.0265
2,nocrop_pad_telea,DISTSMetric,full_fusion_172,tmc13_amphoriskos_vox10_dec_geom01_text01_trisoup-predlift.ply,amphoriskos_vox10.ply,1.25,1.1225
2,nocrop_pad_telea,DISTSMetric,full_fusion_172,tmc13_amphoriskos_vox10_dec_geom01_text01_trisoup-raht.ply,amphoriskos_vox10.ply,1.025,1.01725
2,nocrop_pad_telea,DISTSMetric,full_fusion_172,tmc13_amphoriskos_vox10_dec_geom02_text02_octree-predlift.ply,amphoriskos_vox10.ply,1.5,1.01575
2,nocrop_pad_telea,DISTSMetric,full_fusion_172,tmc13_amphoriskos_vox10_dec_geom02_text02_octree-raht.ply,amphoriskos_vox10.ply,1.075,1.003
2,nocrop_pad_telea,DISTSMetric,full_fusion_172,tmc13_amphoriskos_vox10_dec_geom02_text02_trisoup-predlift.ply,amphoriskos_vox10.ply,2.3,2.334000000000001
2,nocrop_pad_telea,DISTSMetric,full_fusion_172,tmc13_amphoriskos_vox10_dec_geom02_text02_trisoup-raht.ply,amphoriskos_vox10.ply,1.625,2.1417500000000005
2,nocrop_pad_telea,DISTSMetric,full_fusion_172,tmc13_amphoriskos_vox10_dec_geom03_text03_octree-predlift.ply,amphoriskos_vox10.ply,2.9,2.214
2,nocrop_pad_telea,DISTSMetric,full_fusion_172,tmc13_amphoriskos_vox10_dec_geom03_text03_octree-raht.ply,amphoriskos_vox10.ply,2.025,2.13625
2,nocrop_pad_telea,DISTSMetric,full_fusion_172,tmc13_amphoriskos_vox10_dec_geom03_text03_trisoup-predlift.ply,amphoriskos_vox10.ply,2.675,2.476750000000001
2,nocrop_pad_telea,DISTSMetric,full_fusion_172,tmc13_amphoriskos_vox10_dec_geom03_text03_trisoup-raht.ply,amphoriskos_vox10.ply,2.05,2.388000000000001
2,nocrop_pad_telea,DISTSMetric,full_fusion_172,tmc13_amphoriskos_vox10_dec_geom04_text04_octree-predlift.ply,amphoriskos_vox10.ply,4.375,2.9177500000000016
2,nocrop_pad_telea,DISTSMetric,full_fusion_172,tmc13_amphoriskos_vox10_dec_geom04_text04_octree-raht.ply,amphoriskos_vox10.ply,3.7,2.8425000000000016
2,nocrop_pad_telea,DISTSMetric,full_fusion_172,tmc13_amphoriskos_vox10_dec_geom04_text04_trisoup-predlift.ply,amphoriskos_vox10.ply,2.725,2.534250000000001
2,nocrop_pad_telea,DISTSMetric,full_fusion_172,tmc13_amphoriskos_vox10_dec_geom04_text04_trisoup-raht.ply,amphoriskos_vox10.ply,2.45,2.695750000000001
2,nocrop_pad_telea,DISTSMetric,full_fusion_172,tmc13_amphoriskos_vox10_dec_geom05_text05_octree-predlift.ply,amphoriskos_vox10.ply,4.6,3.191250000000002
2,nocrop_pad_telea,DISTSMetric,full_fusion_172,tmc13_amphoriskos_vox10_dec_geom05_text05_octree-raht.ply,amphoriskos_vox10.ply,4.475,3.1465000000000014
2,nocrop_pad_telea,DISTSMetric,full_fusion_172,tmc13_amphoriskos_vox10_dec_geom05_text05_trisoup-predlift.ply,amphoriskos_vox10.ply,3.1,2.686000000000001
2,nocrop_pad_telea,DISTSMetric,full_fusion_172,tmc13_amphoriskos_vox10_dec_geom05_text05_trisoup-raht.ply,amphoriskos_vox10.ply,3.1,2.7770000000000006
2,nocrop_pad_telea,DISTSMetric,full_fusion_172,tmc13_amphoriskos_vox10_dec_geom06_text06_octree-predlift.ply,amphoriskos_vox10.ply,4.75,3.822249999999999
2,nocrop_pad_telea,DISTSMetric,full_fusion_172,tmc13_amphoriskos_vox10_dec_geom06_text06_octree-raht.ply,amphoriskos_vox10.ply,4.85,3.8207499999999994
2,nocrop_pad_telea,DISTSMetric,full_fusion_172,tmc13_amphoriskos_vox10_dec_geom06_text06_trisoup-predlift.ply,amphoriskos_vox10.ply,4.9,4.430750000000001
2,nocrop_pad_telea,DISTSMetric,full_fusion_172,tmc13_amphoriskos_vox10_dec_geom06_text06_trisoup-raht.ply,amphoriskos_vox10.ply,4.725,4.4277500000000005
2,nocrop_pad_telea,DISTSMetric,full_fusion_172,tmc13_romanoillamp_vox10_dec_geom01_text01_octree-predlift.ply,romanoillamp_vox10.ply,1.0,1.00425
2,nocrop_pad_telea,DISTSMetric,full_fusion_172,tmc13_romanoillamp_vox10_dec_geom01_text01_octree-raht.ply,romanoillamp_vox10.ply,1.0,1.00425
2,nocrop_pad_telea,DISTSMetric,full_fusion_172,tmc13_romanoillamp_vox10_dec_geom01_text01_trisoup-predlift.ply,romanoillamp_vox10.ply,1.075,1.0455000000000005
2,nocrop_pad_telea,DISTSMetric,full_fusion_172,tmc13_romanoillamp_vox10_dec_geom01_text01_trisoup-raht.ply,romanoillamp_vox10.ply,1.0,1.0225000000000002
2,nocrop_pad_telea,DISTSMetric,full_fusion_172,tmc13_romanoillamp_vox10_dec_geom02_text02_octree-predlift.ply,romanoillamp_vox10.ply,1.05,1.0070000000000001
2,nocrop_pad_telea,DISTSMetric,full_fusion_172,tmc13_romanoillamp_vox10_dec_geom02_text02_octree-raht.ply,romanoillamp_vox10.ply,1.0,1.0045
2,nocrop_pad_telea,DISTSMetric,full_fusion_172,tmc13_romanoillamp_vox10_dec_geom02_text02_trisoup-predlift.ply,romanoillamp_vox10.ply,1.825,2.230750000000001
2,nocrop_pad_telea,DISTSMetric,full_fusion_172,tmc13_romanoillamp_vox10_dec_geom02_text02_trisoup-raht.ply,romanoillamp_vox10.ply,1.225,2.077750000000001
2,nocrop_pad_telea,DISTSMetric,full_fusion_172,tmc13_romanoillamp_vox10_dec_geom03_text03_octree-predlift.ply,romanoillamp_vox10.ply,1.775,1.3314999999999997
2,nocrop_pad_telea,DISTSMetric,full_fusion_172,tmc13_romanoillamp_vox10_dec_geom03_text03_octree-raht.ply,romanoillamp_vox10.ply,1.475,1.2772500000000004
2,nocrop_pad_telea,DISTSMetric,full_fusion_172,tmc13_romanoillamp_vox10_dec_geom03_text03_trisoup-predlift.ply,romanoillamp_vox10.ply,2.475,2.3380000000000014
2,nocrop_pad_telea,DISTSMetric,full_fusion_172,tmc13_romanoillamp_vox10_dec_geom03_text03_trisoup-raht.ply,romanoillamp_vox10.ply,2.925,2.3217500000000006
2,nocrop_pad_telea,DISTSMetric,full_fusion_172,tmc13_romanoillamp_vox10_dec_geom04_text04_octree-predlift.ply,romanoillamp_vox10.ply,2.75,2.813000000000001
2,nocrop_pad_telea,DISTSMetric,full_fusion_172,tmc13_romanoillamp_vox10_dec_geom04_text04_octree-raht.ply,romanoillamp_vox10.ply,2.925,2.964250000000001
2,nocrop_pad_telea,DISTSMetric,full_fusion_172,tmc13_romanoillamp_vox10_dec_geom04_text04_trisoup-predlift.ply,romanoillamp_vox10.ply,3.625,2.5232500000000018
2,nocrop_pad_telea,DISTSMetric,full_fusion_172,tmc13_romanoillamp_vox10_dec_geom04_text04_trisoup-raht.ply,romanoillamp_vox10.ply,4.5,3.0540000000000003
2,nocrop_pad_telea,DISTSMetric,full_fusion_172,tmc13_romanoillamp_vox10_dec_geom05_text05_octree-predlift.ply,romanoillamp_vox10.ply,4.45,3.210750000000001
2,nocrop_pad_telea,DISTSMetric,full_fusion_172,tmc13_romanoillamp_vox10_dec_geom05_text05_octree-raht.ply,romanoillamp_vox10.ply,4.6,3.303000000000001
2,nocrop_pad_telea,DISTSMetric,full_fusion_172,tmc13_romanoillamp_vox10_dec_geom05_text05_trisoup-predlift.ply,romanoillamp_vox10.ply,4.625,2.880750000000001
2,nocrop_pad_telea,DISTSMetric,full_fusion_172,tmc13_romanoillamp_vox10_dec_geom05_text05_trisoup-raht.ply,romanoillamp_vox10.ply,4.6,2.8540000000000014
2,nocrop_pad_telea,DISTSMetric,full_fusion_172,tmc13_romanoillamp_vox10_dec_geom06_text06_octree-predlift.ply,romanoillamp_vox10.ply,4.925,4.070749999999999
2,nocrop_pad_telea,DISTSMetric,full_fusion_172,tmc13_romanoillamp_vox10_dec_geom06_text06_octree-raht.ply,romanoillamp_vox10.ply,4.65,4.0365
2,nocrop_pad_telea,DISTSMetric,full_fusion_172,tmc13_romanoillamp_vox10_dec_geom06_text06_trisoup-predlift.ply,romanoillamp_vox10.ply,4.9,4.665249999999998
2,nocrop_pad_telea,DISTSMetric,full_fusion_172,tmc13_romanoillamp_vox10_dec_geom06_text06_trisoup-raht.ply,romanoillamp_vox10.ply,4.7,4.639499999999997
2,nocrop_pad_telea,DISTSMetric,full_fusion_172,tmc2_amphoriskos_vox10_dec_geom01_text01.ply,amphoriskos_vox10.ply,2.5,1.9825000000000004
2,nocrop_pad_telea,DISTSMetric,full_fusion_172,tmc2_amphoriskos_vox10_dec_geom02_text02.ply,amphoriskos_vox10.ply,3.475,2.194750000000001
2,nocrop_pad_telea,DISTSMetric,full_fusion_172,tmc2_amphoriskos_vox10_dec_geom03_text03.ply,amphoriskos_vox10.ply,3.6,2.2677500000000013
2,nocrop_pad_telea,DISTSMetric,full_fusion_172,tmc2_amphoriskos_vox10_dec_geom04_text04.ply,amphoriskos_vox10.ply,4.5,2.548500000000001
2,nocrop_pad_telea,DISTSMetric,full_fusion_172,tmc2_amphoriskos_vox10_dec_geom05_text05.ply,amphoriskos_vox10.ply,4.475,2.969250000000001
2,nocrop_pad_telea,DISTSMetric,full_fusion_172,tmc2_romanoillamp_vox10_dec_geom01_text01.ply,romanoillamp_vox10.ply,1.525,1.6332500000000008
2,nocrop_pad_telea,DISTSMetric,full_fusion_172,tmc2_romanoillamp_vox10_dec_geom02_text02.ply,romanoillamp_vox10.ply,2.4,2.002000000000001
2,nocrop_pad_telea,DISTSMetric,full_fusion_172,tmc2_romanoillamp_vox10_dec_geom03_text03.ply,romanoillamp_vox10.ply,2.975,2.2475000000000014
2,nocrop_pad_telea,DISTSMetric,full_fusion_172,tmc2_romanoillamp_vox10_dec_geom04_text04.ply,romanoillamp_vox10.ply,4.2,3.103750000000001
2,nocrop_pad_telea,DISTSMetric,full_fusion_172,tmc2_romanoillamp_vox10_dec_geom05_text05.ply,romanoillamp_vox10.ply,4.475,3.45275
2,nocrop_pad_telea,DISTSMetric,compact_fusion_46,tmc13_amphoriskos_vox10_dec_geom01_text01_octree-predlift.ply,amphoriskos_vox10.ply,1.0,1.0227499999999998
2,nocrop_pad_telea,DISTSMetric,compact_fusion_46,tmc13_amphoriskos_vox10_dec_geom01_text01_octree-raht.ply,amphoriskos_vox10.ply,1.0,1.02275
2,nocrop_pad_telea,DISTSMetric,compact_fusion_46,tmc13_amphoriskos_vox10_dec_geom01_text01_trisoup-predlift.ply,amphoriskos_vox10.ply,1.25,1.2059999999999997
2,nocrop_pad_telea,DISTSMetric,compact_fusion_46,tmc13_amphoriskos_vox10_dec_geom01_text01_trisoup-raht.ply,amphoriskos_vox10.ply,1.025,1.03875
2,nocrop_pad_telea,DISTSMetric,compact_fusion_46,tmc13_amphoriskos_vox10_dec_geom02_text02_octree-predlift.ply,amphoriskos_vox10.ply,1.5,1.052249999999999
2,nocrop_pad_telea,DISTSMetric,compact_fusion_46,tmc13_amphoriskos_vox10_dec_geom02_text02_octree-raht.ply,amphoriskos_vox10.ply,1.075,1.013
2,nocrop_pad_telea,DISTSMetric,compact_fusion_46,tmc13_amphoriskos_vox10_dec_geom02_text02_trisoup-predlift.ply,amphoriskos_vox10.ply,2.3,2.307750000000001
2,nocrop_pad_telea,DISTSMetric,compact_fusion_46,tmc13_amphoriskos_vox10_dec_geom02_text02_trisoup-raht.ply,amphoriskos_vox10.ply,1.625,2.095750000000001
2,nocrop_pad_telea,DISTSMetric,compact_fusion_46,tmc13_amphoriskos_vox10_dec_geom03_text03_octree-predlift.ply,amphoriskos_vox10.ply,2.9,2.1915000000000004
2,nocrop_pad_telea,DISTSMetric,compact_fusion_46,tmc13_amphoriskos_vox10_dec_geom03_text03_octree-raht.ply,amphoriskos_vox10.ply,2.025,2.1625
2,nocrop_pad_telea,DISTSMetric,compact_fusion_46,tmc13_amphoriskos_vox10_dec_geom03_text03_trisoup-predlift.ply,amphoriskos_vox10.ply,2.675,2.466750000000001
2,nocrop_pad_telea,DISTSMetric,compact_fusion_46,tmc13_amphoriskos_vox10_dec_geom03_text03_trisoup-raht.ply,amphoriskos_vox10.ply,2.05,2.407750000000002
2,nocrop_pad_telea,DISTSMetric,compact_fusion_46,tmc13_amphoriskos_vox10_dec_geom04_text04_octree-predlift.ply,amphoriskos_vox10.ply,4.375,2.9075000000000006
2,nocrop_pad_telea,DISTSMetric,compact_fusion_46,tmc13_amphoriskos_vox10_dec_geom04_text04_octree-raht.ply,amphoriskos_vox10.ply,3.7,2.8360000000000003
2,nocrop_pad_telea,DISTSMetric,compact_fusion_46,tmc13_amphoriskos_vox10_dec_geom04_text04_trisoup-predlift.ply,amphoriskos_vox10.ply,2.725,2.4625000000000012
2,nocrop_pad_telea,DISTSMetric,compact_fusion_46,tmc13_amphoriskos_vox10_dec_geom04_text04_trisoup-raht.ply,amphoriskos_vox10.ply,2.45,2.6615000000000015
2,nocrop_pad_telea,DISTSMetric,compact_fusion_46,tmc13_amphoriskos_vox10_dec_geom05_text05_octree-predlift.ply,amphoriskos_vox10.ply,4.6,3.4024999999999994
2,nocrop_pad_telea,DISTSMetric,compact_fusion_46,tmc13_amphoriskos_vox10_dec_geom05_text05_octree-raht.ply,amphoriskos_vox10.ply,4.475,3.39325
2,nocrop_pad_telea,DISTSMetric,compact_fusion_46,tmc13_amphoriskos_vox10_dec_geom05_text05_trisoup-predlift.ply,amphoriskos_vox10.ply,3.1,2.65275
2,nocrop_pad_telea,DISTSMetric,compact_fusion_46,tmc13_amphoriskos_vox10_dec_geom05_text05_trisoup-raht.ply,amphoriskos_vox10.ply,3.1,2.758000000000001
2,nocrop_pad_telea,DISTSMetric,compact_fusion_46,tmc13_amphoriskos_vox10_dec_geom06_text06_octree-predlift.ply,amphoriskos_vox10.ply,4.75,4.039749999999999
2,nocrop_pad_telea,DISTSMetric,compact_fusion_46,tmc13_amphoriskos_vox10_dec_geom06_text06_octree-raht.ply,amphoriskos_vox10.ply,4.85,4.031999999999999
2,nocrop_pad_telea,DISTSMetric,compact_fusion_46,tmc13_amphoriskos_vox10_dec_geom06_text06_trisoup-predlift.ply,amphoriskos_vox10.ply,4.9,4.705249999999999
2,nocrop_pad_telea,DISTSMetric,compact_fusion_46,tmc13_amphoriskos_vox10_dec_geom06_text06_trisoup-raht.ply,amphoriskos_vox10.ply,4.725,4.6827499999999995
2,nocrop_pad_telea,DISTSMetric,compact_fusion_46,tmc13_romanoillamp_vox10_dec_geom01_text01_octree-predlift.ply,romanoillamp_vox10.ply,1.0,1.0
2,nocrop_pad_telea,DISTSMetric,compact_fusion_46,tmc13_romanoillamp_vox10_dec_geom01_text01_octree-raht.ply,romanoillamp_vox10.ply,1.0,1.0
2,nocrop_pad_telea,DISTSMetric,compact_fusion_46,tmc13_romanoillamp_vox10_dec_geom01_text01_trisoup-predlift.ply,romanoillamp_vox10.ply,1.075,1.1035000000000008
2,nocrop_pad_telea,DISTSMetric,compact_fusion_46,tmc13_romanoillamp_vox10_dec_geom01_text01_trisoup-raht.ply,romanoillamp_vox10.ply,1.0,1.0472500000000011
2,nocrop_pad_telea,DISTSMetric,compact_fusion_46,tmc13_romanoillamp_vox10_dec_geom02_text02_octree-predlift.ply,romanoillamp_vox10.ply,1.05,1.0202499999999997
2,nocrop_pad_telea,DISTSMetric,compact_fusion_46,tmc13_romanoillamp_vox10_dec_geom02_text02_octree-raht.ply,romanoillamp_vox10.ply,1.0,1.015
2,nocrop_pad_telea,DISTSMetric,compact_fusion_46,tmc13_romanoillamp_vox10_dec_geom02_text02_trisoup-predlift.ply,romanoillamp_vox10.ply,1.825,2.2772500000000018
2,nocrop_pad_telea,DISTSMetric,compact_fusion_46,tmc13_romanoillamp_vox10_dec_geom02_text02_trisoup-raht.ply,romanoillamp_vox10.ply,1.225,2.0832500000000014
2,nocrop_pad_telea,DISTSMetric,compact_fusion_46,tmc13_romanoillamp_vox10_dec_geom03_text03_octree-predlift.ply,romanoillamp_vox10.ply,1.775,1.447
2,nocrop_pad_telea,DISTSMetric,compact_fusion_46,tmc13_romanoillamp_vox10_dec_geom03_text03_octree-raht.ply,romanoillamp_vox10.ply,1.475,1.4004999999999992
2,nocrop_pad_telea,DISTSMetric,compact_fusion_46,tmc13_romanoillamp_vox10_dec_geom03_text03_trisoup-predlift.ply,romanoillamp_vox10.ply,2.475,2.3542500000000013
2,nocrop_pad_telea,DISTSMetric,compact_fusion_46,tmc13_romanoillamp_vox10_dec_geom03_text03_trisoup-raht.ply,romanoillamp_vox10.ply,2.925,2.313250000000002
2,nocrop_pad_telea,DISTSMetric,compact_fusion_46,tmc13_romanoillamp_vox10_dec_geom04_text04_octree-predlift.ply,romanoillamp_vox10.ply,2.75,2.983999999999999
2,nocrop_pad_telea,DISTSMetric,compact_fusion_46,tmc13_romanoillamp_vox10_dec_geom04_text04_octree-raht.ply,romanoillamp_vox10.ply,2.925,3.0145000000000017
2,nocrop_pad_telea,DISTSMetric,compact_fusion_46,tmc13_romanoillamp_vox10_dec_geom04_text04_trisoup-predlift.ply,romanoillamp_vox10.ply,3.625,2.4775000000000005
2,nocrop_pad_telea,DISTSMetric,compact_fusion_46,tmc13_romanoillamp_vox10_dec_geom04_text04_trisoup-raht.ply,romanoillamp_vox10.ply,4.5,2.9375000000000013
2,nocrop_pad_telea,DISTSMetric,compact_fusion_46,tmc13_romanoillamp_vox10_dec_geom05_text05_octree-predlift.ply,romanoillamp_vox10.ply,4.45,3.2537499999999993
2,nocrop_pad_telea,DISTSMetric,compact_fusion_46,tmc13_romanoillamp_vox10_dec_geom05_text05_octree-raht.ply,romanoillamp_vox10.ply,4.6,3.2880000000000007
2,nocrop_pad_telea,DISTSMetric,compact_fusion_46,tmc13_romanoillamp_vox10_dec_geom05_text05_trisoup-predlift.ply,romanoillamp_vox10.ply,4.625,2.8200000000000007
2,nocrop_pad_telea,DISTSMetric,compact_fusion_46,tmc13_romanoillamp_vox10_dec_geom05_text05_trisoup-raht.ply,romanoillamp_vox10.ply,4.6,2.830500000000002
2,nocrop_pad_telea,DISTSMetric,compact_fusion_46,tmc13_romanoillamp_vox10_dec_geom06_text06_octree-predlift.ply,romanoillamp_vox10.ply,4.925,3.9234999999999998
2,nocrop_pad_telea,DISTSMetric,compact_fusion_46,tmc13_romanoillamp_vox10_dec_geom06_text06_octree-raht.ply,romanoillamp_vox10.ply,4.65,3.8730000000000007
2,nocrop_pad_telea,DISTSMetric,compact_fusion_46,tmc13_romanoillamp_vox10_dec_geom06_text06_trisoup-predlift.ply,romanoillamp_vox10.ply,4.9,4.726499999999996
2,nocrop_pad_telea,DISTSMetric,compact_fusion_46,tmc13_romanoillamp_vox10_dec_geom06_text06_trisoup-raht.ply,romanoillamp_vox10.ply,4.7,4.615999999999998
2,nocrop_pad_telea,DISTSMetric,compact_fusion_46,tmc2_amphoriskos_vox10_dec_geom01_text01.ply,amphoriskos_vox10.ply,2.5,1.9872500000000004
2,nocrop_pad_telea,DISTSMetric,compact_fusion_46,tmc2_amphoriskos_vox10_dec_geom02_text02.ply,amphoriskos_vox10.ply,3.475,2.139000000000001
2,nocrop_pad_telea,DISTSMetric,compact_fusion_46,tmc2_amphoriskos_vox10_dec_geom03_text03.ply,amphoriskos_vox10.ply,3.6,2.2902500000000012
2,nocrop_pad_telea,DISTSMetric,compact_fusion_46,tmc2_amphoriskos_vox10_dec_geom04_text04.ply,amphoriskos_vox10.ply,4.5,2.442250000000001
2,nocrop_pad_telea,DISTSMetric,compact_fusion_46,tmc2_amphoriskos_vox10_dec_geom05_text05.ply,amphoriskos_vox10.ply,4.475,3.0162499999999994
2,nocrop_pad_telea,DISTSMetric,compact_fusion_46,tmc2_romanoillamp_vox10_dec_geom01_text01.ply,romanoillamp_vox10.ply,1.525,1.6362500000000006
2,nocrop_pad_telea,DISTSMetric,compact_fusion_46,tmc2_romanoillamp_vox10_dec_geom02_text02.ply,romanoillamp_vox10.ply,2.4,2.0895000000000024
2,nocrop_pad_telea,DISTSMetric,compact_fusion_46,tmc2_romanoillamp_vox10_dec_geom03_text03.ply,romanoillamp_vox10.ply,2.975,2.318750000000001
2,nocrop_pad_telea,DISTSMetric,compact_fusion_46,tmc2_romanoillamp_vox10_dec_geom04_text04.ply,romanoillamp_vox10.ply,4.2,2.9435000000000007
2,nocrop_pad_telea,DISTSMetric,compact_fusion_46,tmc2_romanoillamp_vox10_dec_geom05_text05.ply,romanoillamp_vox10.ply,4.475,3.4527500000000004
3,nocrop_pad_navier,DISTSMetric,pointpca3_only,tmc13_loot_vox10_1200_dec_geom01_text01_octree-predlift.ply,loot_vox10_1200.ply,1.0,1.0389999999999997
3,nocrop_pad_navier,DISTSMetric,pointpca3_only,tmc13_loot_vox10_1200_dec_geom01_text01_octree-raht.ply,loot_vox10_1200.ply,1.0,1.0057500000000001
3,nocrop_pad_navier,DISTSMetric,pointpca3_only,tmc13_loot_vox10_1200_dec_geom01_text01_trisoup-predlift.ply,loot_vox10_1200.ply,1.025,1.1505000000000012
3,nocrop_pad_navier,DISTSMetric,pointpca3_only,tmc13_loot_vox10_1200_dec_geom01_text01_trisoup-raht.ply,loot_vox10_1200.ply,1.0,1.0857500000000004
3,nocrop_pad_navier,DISTSMetric,pointpca3_only,tmc13_loot_vox10_1200_dec_geom02_text02_octree-predlift.ply,loot_vox10_1200.ply,1.0,1.0214999999999996
3,nocrop_pad_navier,DISTSMetric,pointpca3_only,tmc13_loot_vox10_1200_dec_geom02_text02_octree-raht.ply,loot_vox10_1200.ply,1.0,1.005
3,nocrop_pad_navier,DISTSMetric,pointpca3_only,tmc13_loot_vox10_1200_dec_geom02_text02_trisoup-predlift.ply,loot_vox10_1200.ply,1.25,1.5625000000000002
3,nocrop_pad_navier,DISTSMetric,pointpca3_only,tmc13_loot_vox10_1200_dec_geom02_text02_trisoup-raht.ply,loot_vox10_1200.ply,1.075,1.3115000000000003
3,nocrop_pad_navier,DISTSMetric,pointpca3_only,tmc13_loot_vox10_1200_dec_geom03_text03_octree-predlift.ply,loot_vox10_1200.ply,1.475,1.7200000000000002
3,nocrop_pad_navier,DISTSMetric,pointpca3_only,tmc13_loot_vox10_1200_dec_geom03_text03_octree-raht.ply,loot_vox10_1200.ply,1.175,1.3645000000000003
3,nocrop_pad_navier,DISTSMetric,pointpca3_only,tmc13_loot_vox10_1200_dec_geom03_text03_trisoup-predlift.ply,loot_vox10_1200.ply,1.4,1.8550000000000006
3,nocrop_pad_navier,DISTSMetric,pointpca3_only,tmc13_loot_vox10_1200_dec_geom03_text03_trisoup-raht.ply,loot_vox10_1200.ply,1.075,1.6607500000000008
3,nocrop_pad_navier,DISTSMetric,pointpca3_only,tmc13_loot_vox10_1200_dec_geom04_text04_octree-predlift.ply,loot_vox10_1200.ply,2.725,2.520500000000002
3,nocrop_pad_navier,DISTSMetric,pointpca3_only,tmc13_loot_vox10_1200_dec_geom04_text04_octree-raht.ply,loot_vox10_1200.ply,2.25,2.381000000000001
3,nocrop_pad_navier,DISTSMetric,pointpca3_only,tmc13_loot_vox10_1200_dec_geom04_text04_trisoup-predlift.ply,loot_vox10_1200.ply,1.725,2.1152500000000005
3,nocrop_pad_navier,DISTSMetric,pointpca3_only,tmc13_loot_vox10_1200_dec_geom04_text04_trisoup-raht.ply,loot_vox10_1200.ply,1.55,1.9870000000000008
3,nocrop_pad_navier,DISTSMetric,pointpca3_only,tmc13_loot_vox10_1200_dec_geom05_text05_octree-predlift.ply,loot_vox10_1200.ply,3.475,3.332000000000001
3,nocrop_pad_navier,DISTSMetric,pointpca3_only,tmc13_loot_vox10_1200_dec_geom05_text05_octree-raht.ply,loot_vox10_1200.ply,2.75,3.2622500000000003
3,nocrop_pad_navier,DISTSMetric,pointpca3_only,tmc13_loot_vox10_1200_dec_geom05_text05_trisoup-predlift.ply,loot_vox10_1200.ply,2.675,3.0952500000000005
3,nocrop_pad_navier,DISTSMetric,pointpca3_only,tmc13_loot_vox10_1200_dec_geom05_text05_trisoup-raht.ply,loot_vox10_1200.ply,2.65,3.0452499999999993
3,nocrop_pad_navier,DISTSMetric,pointpca3_only,tmc13_loot_vox10_1200_dec_geom06_text06_octree-predlift.ply,loot_vox10_1200.ply,4.3,3.723999999999998
3,nocrop_pad_navier,DISTSMetric,pointpca3_only,tmc13_loot_vox10_1200_dec_geom06_text06_octree-raht.ply,loot_vox10_1200.ply,4.175,3.694999999999997
3,nocrop_pad_navier,DISTSMetric,pointpca3_only,tmc13_loot_vox10_1200_dec_geom06_text06_trisoup-predlift.ply,loot_vox10_1200.ply,4.7,4.079999999999998
3,nocrop_pad_navier,DISTSMetric,pointpca3_only,tmc13_loot_vox10_1200_dec_geom06_text06_trisoup-raht.ply,loot_vox10_1200.ply,4.4,4.0355
3,nocrop_pad_navier,DISTSMetric,pointpca3_only,tmc2_loot_vox10_1200_dec_geom01_text01.ply,loot_vox10_1200.ply,1.3,1.4525000000000017
3,nocrop_pad_navier,DISTSMetric,pointpca3_only,tmc2_loot_vox10_1200_dec_geom02_text02.ply,loot_vox10_1200.ply,1.775,2.355000000000002
3,nocrop_pad_navier,DISTSMetric,pointpca3_only,tmc2_loot_vox10_1200_dec_geom03_text03.ply,loot_vox10_1200.ply,2.4,2.850250000000002
3,nocrop_pad_navier,DISTSMetric,pointpca3_only,tmc2_loot_vox10_1200_dec_geom04_text04.ply,loot_vox10_1200.ply,3.075,3.2997500000000013
3,nocrop_pad_navier,DISTSMetric,pointpca3_only,tmc2_loot_vox10_1200_dec_geom05_text05.ply,loot_vox10_1200.ply,3.1,3.4309999999999996
3,nocrop_pad_navier,DISTSMetric,selected_iqa_only,tmc13_loot_vox10_1200_dec_geom01_text01_octree-predlift.ply,loot_vox10_1200.ply,1.0,1.0
3,nocrop_pad_navier,DISTSMetric,selected_iqa_only,tmc13_loot_vox10_1200_dec_geom01_text01_octree-raht.ply,loot_vox10_1200.ply,1.0,1.0
3,nocrop_pad_navier,DISTSMetric,selected_iqa_only,tmc13_loot_vox10_1200_dec_geom01_text01_trisoup-predlift.ply,loot_vox10_1200.ply,1.025,1.2360000000000009
3,nocrop_pad_navier,DISTSMetric,selected_iqa_only,tmc13_loot_vox10_1200_dec_geom01_text01_trisoup-raht.ply,loot_vox10_1200.ply,1.0,1.0424999999999998
3,nocrop_pad_navier,DISTSMetric,selected_iqa_only,tmc13_loot_vox10_1200_dec_geom02_text02_octree-predlift.ply,loot_vox10_1200.ply,1.0,1.0200000000000002
3,nocrop_pad_navier,DISTSMetric,selected_iqa_only,tmc13_loot_vox10_1200_dec_geom02_text02_octree-raht.ply,loot_vox10_1200.ply,1.0,1.0197500000000002
3,nocrop_pad_navier,DISTSMetric,selected_iqa_only,tmc13_loot_vox10_1200_dec_geom02_text02_trisoup-predlift.ply,loot_vox10_1200.ply,1.25,1.4167499999999997
3,nocrop_pad_navier,DISTSMetric,selected_iqa_only,tmc13_loot_vox10_1200_dec_geom02_text02_trisoup-raht.ply,loot_vox10_1200.ply,1.075,1.0717500000000002
3,nocrop_pad_navier,DISTSMetric,selected_iqa_only,tmc13_loot_vox10_1200_dec_geom03_text03_octree-predlift.ply,loot_vox10_1200.ply,1.475,2.0749999999999997
3,nocrop_pad_navier,DISTSMetric,selected_iqa_only,tmc13_loot_vox10_1200_dec_geom03_text03_octree-raht.ply,loot_vox10_1200.ply,1.175,1.2830000000000001
3,nocrop_pad_navier,DISTSMetric,selected_iqa_only,tmc13_loot_vox10_1200_dec_geom03_text03_trisoup-predlift.ply,loot_vox10_1200.ply,1.4,2.3347500000000014
3,nocrop_pad_navier,DISTSMetric,selected_iqa_only,tmc13_loot_vox10_1200_dec_geom03_text03_trisoup-raht.ply,loot_vox10_1200.ply,1.075,1.359249999999999
3,nocrop_pad_navier,DISTSMetric,selected_iqa_only,tmc13_loot_vox10_1200_dec_geom04_text04_octree-predlift.ply,loot_vox10_1200.ply,2.725,2.79175
3,nocrop_pad_navier,DISTSMetric,selected_iqa_only,tmc13_loot_vox10_1200_dec_geom04_text04_octree-raht.ply,loot_vox10_1200.ply,2.25,2.119000000000002
3,nocrop_pad_navier,DISTSMetric,selected_iqa_only,tmc13_loot_vox10_1200_dec_geom04_text04_trisoup-predlift.ply,loot_vox10_1200.ply,1.725,2.6105000000000005
3,nocrop_pad_navier,DISTSMetric,selected_iqa_only,tmc13_loot_vox10_1200_dec_geom04_text04_trisoup-raht.ply,loot_vox10_1200.ply,1.55,1.6147500000000006
3,nocrop_pad_navier,DISTSMetric,selected_iqa_only,tmc13_loot_vox10_1200_dec_geom05_text05_octree-predlift.ply,loot_vox10_1200.ply,3.475,2.6374999999999993
3,nocrop_pad_navier,DISTSMetric,selected_iqa_only,tmc13_loot_vox10_1200_dec_geom05_text05_octree-raht.ply,loot_vox10_1200.ply,2.75,2.312500000000001
3,nocrop_pad_navier,DISTSMetric,selected_iqa_only,tmc13_loot_vox10_1200_dec_geom05_text05_trisoup-predlift.ply,loot_vox10_1200.ply,2.675,4.201500000000003
3,nocrop_pad_navier,DISTSMetric,selected_iqa_only,tmc13_loot_vox10_1200_dec_geom05_text05_trisoup-raht.ply,loot_vox10_1200.ply,2.65,2.641249999999999
3,nocrop_pad_navier,DISTSMetric,selected_iqa_only,tmc13_loot_vox10_1200_dec_geom06_text06_octree-predlift.ply,loot_vox10_1200.ply,4.3,3.4095000000000004
3,nocrop_pad_navier,DISTSMetric,selected_iqa_only,tmc13_loot_vox10_1200_dec_geom06_text06_octree-raht.ply,loot_vox10_1200.ply,4.175,3.8102500000000017
3,nocrop_pad_navier,DISTSMetric,selected_iqa_only,tmc13_loot_vox10_1200_dec_geom06_text06_trisoup-predlift.ply,loot_vox10_1200.ply,4.7,4.6884999999999994
3,nocrop_pad_navier,DISTSMetric,selected_iqa_only,tmc13_loot_vox10_1200_dec_geom06_text06_trisoup-raht.ply,loot_vox10_1200.ply,4.4,4.6557499999999985
3,nocrop_pad_navier,DISTSMetric,selected_iqa_only,tmc2_loot_vox10_1200_dec_geom01_text01.ply,loot_vox10_1200.ply,1.3,1.4512500000000004
3,nocrop_pad_navier,DISTSMetric,selected_iqa_only,tmc2_loot_vox10_1200_dec_geom02_text02.ply,loot_vox10_1200.ply,1.775,2.3492500000000014
3,nocrop_pad_navier,DISTSMetric,selected_iqa_only,tmc2_loot_vox10_1200_dec_geom03_text03.ply,loot_vox10_1200.ply,2.4,2.6332499999999994
3,nocrop_pad_navier,DISTSMetric,selected_iqa_only,tmc2_loot_vox10_1200_dec_geom04_text04.ply,loot_vox10_1200.ply,3.075,4.470500000000002
3,nocrop_pad_navier,DISTSMetric,selected_iqa_only,tmc2_loot_vox10_1200_dec_geom05_text05.ply,loot_vox10_1200.ply,3.1,4.22975
3,nocrop_pad_navier,DISTSMetric,full_fusion_172,tmc13_loot_vox10_1200_dec_geom01_text01_octree-predlift.ply,loot_vox10_1200.ply,1.0,1.02075
3,nocrop_pad_navier,DISTSMetric,full_fusion_172,tmc13_loot_vox10_1200_dec_geom01_text01_octree-raht.ply,loot_vox10_1200.ply,1.0,1.0
3,nocrop_pad_navier,DISTSMetric,full_fusion_172,tmc13_loot_vox10_1200_dec_geom01_text01_trisoup-predlift.ply,loot_vox10_1200.ply,1.025,1.2355
3,nocrop_pad_navier,DISTSMetric,full_fusion_172,tmc13_loot_vox10_1200_dec_geom01_text01_trisoup-raht.ply,loot_vox10_1200.ply,1.0,1.1149999999999998
3,nocrop_pad_navier,DISTSMetric,full_fusion_172,tmc13_loot_vox10_1200_dec_geom02_text02_octree-predlift.ply,loot_vox10_1200.ply,1.0,1.1332499999999999
3,nocrop_pad_navier,DISTSMetric,full_fusion_172,tmc13_loot_vox10_1200_dec_geom02_text02_octree-raht.ply,loot_vox10_1200.ply,1.0,1.0512499999999998
3,nocrop_pad_navier,DISTSMetric,full_fusion_172,tmc13_loot_vox10_1200_dec_geom02_text02_trisoup-predlift.ply,loot_vox10_1200.ply,1.25,1.5952500000000007
3,nocrop_pad_navier,DISTSMetric,full_fusion_172,tmc13_loot_vox10_1200_dec_geom02_text02_trisoup-raht.ply,loot_vox10_1200.ply,1.075,1.1762500000000007
3,nocrop_pad_navier,DISTSMetric,full_fusion_172,tmc13_loot_vox10_1200_dec_geom03_text03_octree-predlift.ply,loot_vox10_1200.ply,1.475,1.9040000000000006
3,nocrop_pad_navier,DISTSMetric,full_fusion_172,tmc13_loot_vox10_1200_dec_geom03_text03_octree-raht.ply,loot_vox10_1200.ply,1.175,1.3192499999999998
3,nocrop_pad_navier,DISTSMetric,full_fusion_172,tmc13_loot_vox10_1200_dec_geom03_text03_trisoup-predlift.ply,loot_vox10_1200.ply,1.4,2.378250000000001
3,nocrop_pad_navier,DISTSMetric,full_fusion_172,tmc13_loot_vox10_1200_dec_geom03_text03_trisoup-raht.ply,loot_vox10_1200.ply,1.075,1.4990000000000003
3,nocrop_pad_navier,DISTSMetric,full_fusion_172,tmc13_loot_vox10_1200_dec_geom04_text04_octree-predlift.ply,loot_vox10_1200.ply,2.725,2.7815000000000003
3,nocrop_pad_navier,DISTSMetric,full_fusion_172,tmc13_loot_vox10_1200_dec_geom04_text04_octree-raht.ply,loot_vox10_1200.ply,2.25,2.5995000000000004
3,nocrop_pad_navier,DISTSMetric,full_fusion_172,tmc13_loot_vox10_1200_dec_geom04_text04_trisoup-predlift.ply,loot_vox10_1200.ply,1.725,2.74925
3,nocrop_pad_navier,DISTSMetric,full_fusion_172,tmc13_loot_vox10_1200_dec_geom04_text04_trisoup-raht.ply,loot_vox10_1200.ply,1.55,2.3120000000000003
3,nocrop_pad_navier,DISTSMetric,full_fusion_172,tmc13_loot_vox10_1200_dec_geom05_text05_octree-predlift.ply,loot_vox10_1200.ply,3.475,3.3257499999999998
3,nocrop_pad_navier,DISTSMetric,full_fusion_172,tmc13_loot_vox10_1200_dec_geom05_text05_octree-raht.ply,loot_vox10_1200.ply,2.75,3.1375000000000006
3,nocrop_pad_navier,DISTSMetric,full_fusion_172,tmc13_loot_vox10_1200_dec_geom05_text05_trisoup-predlift.ply,loot_vox10_1200.ply,2.675,3.428750000000002
3,nocrop_pad_navier,DISTSMetric,full_fusion_172,tmc13_loot_vox10_1200_dec_geom05_text05_trisoup-raht.ply,loot_vox10_1200.ply,2.65,3.3655000000000013
3,nocrop_pad_navier,DISTSMetric,full_fusion_172,tmc13_loot_vox10_1200_dec_geom06_text06_octree-predlift.ply,loot_vox10_1200.ply,4.3,3.7490000000000006
3,nocrop_pad_navier,DISTSMetric,full_fusion_172,tmc13_loot_vox10_1200_dec_geom06_text06_octree-raht.ply,loot_vox10_1200.ply,4.175,3.7727499999999994
3,nocrop_pad_navier,DISTSMetric,full_fusion_172,tmc13_loot_vox10_1200_dec_geom06_text06_trisoup-predlift.ply,loot_vox10_1200.ply,4.7,4.158750000000001
3,nocrop_pad_navier,DISTSMetric,full_fusion_172,tmc13_loot_vox10_1200_dec_geom06_text06_trisoup-raht.ply,loot_vox10_1200.ply,4.4,4.120250000000004
3,nocrop_pad_navier,DISTSMetric,full_fusion_172,tmc2_loot_vox10_1200_dec_geom01_text01.ply,loot_vox10_1200.ply,1.3,1.4987500000000011
3,nocrop_pad_navier,DISTSMetric,full_fusion_172,tmc2_loot_vox10_1200_dec_geom02_text02.ply,loot_vox10_1200.ply,1.775,2.347250000000001
3,nocrop_pad_navier,DISTSMetric,full_fusion_172,tmc2_loot_vox10_1200_dec_geom03_text03.ply,loot_vox10_1200.ply,2.4,3.0865000000000027
3,nocrop_pad_navier,DISTSMetric,full_fusion_172,tmc2_loot_vox10_1200_dec_geom04_text04.ply,loot_vox10_1200.ply,3.075,3.7730000000000015
3,nocrop_pad_navier,DISTSMetric,full_fusion_172,tmc2_loot_vox10_1200_dec_geom05_text05.ply,loot_vox10_1200.ply,3.1,3.766250000000003
3,nocrop_pad_navier,DISTSMetric,compact_fusion_46,tmc13_loot_vox10_1200_dec_geom01_text01_octree-predlift.ply,loot_vox10_1200.ply,1.0,1.0364999999999998
3,nocrop_pad_navier,DISTSMetric,compact_fusion_46,tmc13_loot_vox10_1200_dec_geom01_text01_octree-raht.ply,loot_vox10_1200.ply,1.0,1.002
3,nocrop_pad_navier,DISTSMetric,compact_fusion_46,tmc13_loot_vox10_1200_dec_geom01_text01_trisoup-predlift.ply,loot_vox10_1200.ply,1.025,1.1927500000000002
3,nocrop_pad_navier,DISTSMetric,compact_fusion_46,tmc13_loot_vox10_1200_dec_geom01_text01_trisoup-raht.ply,loot_vox10_1200.ply,1.0,1.0152500000000004
3,nocrop_pad_navier,DISTSMetric,compact_fusion_46,tmc13_loot_vox10_1200_dec_geom02_text02_octree-predlift.ply,loot_vox10_1200.ply,1.0,1.0347499999999996
3,nocrop_pad_navier,DISTSMetric,compact_fusion_46,tmc13_loot_vox10_1200_dec_geom02_text02_octree-raht.ply,loot_vox10_1200.ply,1.0,1.00975
3,nocrop_pad_navier,DISTSMetric,compact_fusion_46,tmc13_loot_vox10_1200_dec_geom02_text02_trisoup-predlift.ply,loot_vox10_1200.ply,1.25,1.4809999999999994
3,nocrop_pad_navier,DISTSMetric,compact_fusion_46,tmc13_loot_vox10_1200_dec_geom02_text02_trisoup-raht.ply,loot_vox10_1200.ply,1.075,1.0907500000000008
3,nocrop_pad_navier,DISTSMetric,compact_fusion_46,tmc13_loot_vox10_1200_dec_geom03_text03_octree-predlift.ply,loot_vox10_1200.ply,1.475,1.976250000000001
3,nocrop_pad_navier,DISTSMetric,compact_fusion_46,tmc13_loot_vox10_1200_dec_geom03_text03_octree-raht.ply,loot_vox10_1200.ply,1.175,1.2760000000000002
3,nocrop_pad_navier,DISTSMetric,compact_fusion_46,tmc13_loot_vox10_1200_dec_geom03_text03_trisoup-predlift.ply,loot_vox10_1200.ply,1.4,2.073500000000002
3,nocrop_pad_navier,DISTSMetric,compact_fusion_46,tmc13_loot_vox10_1200_dec_geom03_text03_trisoup-raht.ply,loot_vox10_1200.ply,1.075,1.4207500000000004
3,nocrop_pad_navier,DISTSMetric,compact_fusion_46,tmc13_loot_vox10_1200_dec_geom04_text04_octree-predlift.ply,loot_vox10_1200.ply,2.725,2.5667500000000008
3,nocrop_pad_navier,DISTSMetric,compact_fusion_46,tmc13_loot_vox10_1200_dec_geom04_text04_octree-raht.ply,loot_vox10_1200.ply,2.25,2.3187500000000014
3,nocrop_pad_navier,DISTSMetric,compact_fusion_46,tmc13_loot_vox10_1200_dec_geom04_text04_trisoup-predlift.ply,loot_vox10_1200.ply,1.725,2.3582499999999995
3,nocrop_pad_navier,DISTSMetric,compact_fusion_46,tmc13_loot_vox10_1200_dec_geom04_text04_trisoup-raht.ply,loot_vox10_1200.ply,1.55,1.7454999999999996
3,nocrop_pad_navier,DISTSMetric,compact_fusion_46,tmc13_loot_vox10_1200_dec_geom05_text05_octree-predlift.ply,loot_vox10_1200.ply,3.475,3.2880000000000007
3,nocrop_pad_navier,DISTSMetric,compact_fusion_46,tmc13_loot_vox10_1200_dec_geom05_text05_octree-raht.ply,loot_vox10_1200.ply,2.75,3.0187500000000016
3,nocrop_pad_navier,DISTSMetric,compact_fusion_46,tmc13_loot_vox10_1200_dec_geom05_text05_trisoup-predlift.ply,loot_vox10_1200.ply,2.675,3.247000000000002
3,nocrop_pad_navier,DISTSMetric,compact_fusion_46,tmc13_loot_vox10_1200_dec_geom05_text05_trisoup-raht.ply,loot_vox10_1200.ply,2.65,3.086250000000001
3,nocrop_pad_navier,DISTSMetric,compact_fusion_46,tmc13_loot_vox10_1200_dec_geom06_text06_octree-predlift.ply,loot_vox10_1200.ply,4.3,3.8062499999999995
3,nocrop_pad_navier,DISTSMetric,compact_fusion_46,tmc13_loot_vox10_1200_dec_geom06_text06_octree-raht.ply,loot_vox10_1200.ply,4.175,3.815249999999997
3,nocrop_pad_navier,DISTSMetric,compact_fusion_46,tmc13_loot_vox10_1200_dec_geom06_text06_trisoup-predlift.ply,loot_vox10_1200.ply,4.7,4.031999999999999
3,nocrop_pad_navier,DISTSMetric,compact_fusion_46,tmc13_loot_vox10_1200_dec_geom06_text06_trisoup-raht.ply,loot_vox10_1200.ply,4.4,4.06425
3,nocrop_pad_navier,DISTSMetric,compact_fusion_46,tmc2_loot_vox10_1200_dec_geom01_text01.ply,loot_vox10_1200.ply,1.3,1.3872500000000005
3,nocrop_pad_navier,DISTSMetric,compact_fusion_46,tmc2_loot_vox10_1200_dec_geom02_text02.ply,loot_vox10_1200.ply,1.775,2.172750000000002
3,nocrop_pad_navier,DISTSMetric,compact_fusion_46,tmc2_loot_vox10_1200_dec_geom03_text03.ply,loot_vox10_1200.ply,2.4,2.696250000000001
3,nocrop_pad_navier,DISTSMetric,compact_fusion_46,tmc2_loot_vox10_1200_dec_geom04_text04.ply,loot_vox10_1200.ply,3.075,3.5792499999999996
3,nocrop_pad_navier,DISTSMetric,compact_fusion_46,tmc2_loot_vox10_1200_dec_geom05_text05.ply,loot_vox10_1200.ply,3.1,3.6545
4,crop_pad_navier,DISTSMetric,pointpca3_only,tmc13_longdress_vox10_1300_dec_geom01_text01_octree-predlift.ply,longdress_vox10_1300.ply,1.0,1.0704999999999998
4,crop_pad_navier,DISTSMetric,pointpca3_only,tmc13_longdress_vox10_1300_dec_geom01_text01_octree-raht.ply,longdress_vox10_1300.ply,1.0,1.0022499999999999
4,crop_pad_navier,DISTSMetric,pointpca3_only,tmc13_longdress_vox10_1300_dec_geom01_text01_trisoup-predlift.ply,longdress_vox10_1300.ply,1.05,1.1295
4,crop_pad_navier,DISTSMetric,pointpca3_only,tmc13_longdress_vox10_1300_dec_geom01_text01_trisoup-raht.ply,longdress_vox10_1300.ply,1.0,1.0332500000000002
4,crop_pad_navier,DISTSMetric,pointpca3_only,tmc13_longdress_vox10_1300_dec_geom02_text02_octree-predlift.ply,longdress_vox10_1300.ply,1.0,1.1369999999999991
4,crop_pad_navier,DISTSMetric,pointpca3_only,tmc13_longdress_vox10_1300_dec_geom02_text02_octree-raht.ply,longdress_vox10_1300.ply,1.0,1.0304999999999997
4,crop_pad_navier,DISTSMetric,pointpca3_only,tmc13_longdress_vox10_1300_dec_geom02_text02_trisoup-predlift.ply,longdress_vox10_1300.ply,1.4,2.18
4,crop_pad_navier,DISTSMetric,pointpca3_only,tmc13_longdress_vox10_1300_dec_geom02_text02_trisoup-raht.ply,longdress_vox10_1300.ply,1.025,2.1922499999999996
4,crop_pad_navier,DISTSMetric,pointpca3_only,tmc13_longdress_vox10_1300_dec_geom03_text03_octree-predlift.ply,longdress_vox10_1300.ply,1.425,2.2195000000000005
4,crop_pad_navier,DISTSMetric,pointpca3_only,tmc13_longdress_vox10_1300_dec_geom03_text03_octree-raht.ply,longdress_vox10_1300.ply,1.225,2.05325
4,crop_pad_navier,DISTSMetric,pointpca3_only,tmc13_longdress_vox10_1300_dec_geom03_text03_trisoup-predlift.ply,longdress_vox10_1300.ply,1.575,2.5402499999999995
4,crop_pad_navier,DISTSMetric,pointpca3_only,tmc13_longdress_vox10_1300_dec_geom03_text03_trisoup-raht.ply,longdress_vox10_1300.ply,1.2,2.5272499999999996
4,crop_pad_navier,DISTSMetric,pointpca3_only,tmc13_longdress_vox10_1300_dec_geom04_text04_octree-predlift.ply,longdress_vox10_1300.ply,2.25,3.4757499999999992
4,crop_pad_navier,DISTSMetric,pointpca3_only,tmc13_longdress_vox10_1300_dec_geom04_text04_octree-raht.ply,longdress_vox10_1300.ply,2.125,3.159
4,crop_pad_navier,DISTSMetric,pointpca3_only,tmc13_longdress_vox10_1300_dec_geom04_text04_trisoup-predlift.ply,longdress_vox10_1300.ply,1.8,3.100500000000002
4,crop_pad_navier,DISTSMetric,pointpca3_only,tmc13_longdress_vox10_1300_dec_geom04_text04_trisoup-raht.ply,longdress_vox10_1300.ply,1.65,3.0782500000000024
4,crop_pad_navier,DISTSMetric,pointpca3_only,tmc13_longdress_vox10_1300_dec_geom05_text05_octree-predlift.ply,longdress_vox10_1300.ply,2.975,4.1450000000000005
4,crop_pad_navier,DISTSMetric,pointpca3_only,tmc13_longdress_vox10_1300_dec_geom05_text05_octree-raht.ply,longdress_vox10_1300.ply,2.85,4.075249999999999
4,crop_pad_navier,DISTSMetric,pointpca3_only,tmc13_longdress_vox10_1300_dec_geom05_text05_trisoup-predlift.ply,longdress_vox10_1300.ply,2.925,4.165999999999999
4,crop_pad_navier,DISTSMetric,pointpca3_only,tmc13_longdress_vox10_1300_dec_geom05_text05_trisoup-raht.ply,longdress_vox10_1300.ply,2.9,4.155499999999997
4,crop_pad_navier,DISTSMetric,pointpca3_only,tmc13_longdress_vox10_1300_dec_geom06_text06_octree-predlift.ply,longdress_vox10_1300.ply,4.25,4.6099999999999985
4,crop_pad_navier,DISTSMetric,pointpca3_only,tmc13_longdress_vox10_1300_dec_geom06_text06_octree-raht.ply,longdress_vox10_1300.ply,3.325,4.5755
4,crop_pad_navier,DISTSMetric,pointpca3_only,tmc13_longdress_vox10_1300_dec_geom06_text06_trisoup-predlift.ply,longdress_vox10_1300.ply,4.65,4.852749999999997
4,crop_pad_navier,DISTSMetric,pointpca3_only,tmc13_longdress_vox10_1300_dec_geom06_text06_trisoup-raht.ply,longdress_vox10_1300.ply,3.925,4.818749999999998
4,crop_pad_navier,DISTSMetric,pointpca3_only,tmc2_longdress_vox10_1300_dec_geom01_text01.ply,longdress_vox10_1300.ply,1.2,2.1265
4,crop_pad_navier,DISTSMetric,pointpca3_only,tmc2_longdress_vox10_1300_dec_geom02_text02.ply,longdress_vox10_1300.ply,1.575,3.368250000000001
4,crop_pad_navier,DISTSMetric,pointpca3_only,tmc2_longdress_vox10_1300_dec_geom03_text03.ply,longdress_vox10_1300.ply,3.025,3.765500000000001
4,crop_pad_navier,DISTSMetric,pointpca3_only,tmc2_longdress_vox10_1300_dec_geom04_text04.ply,longdress_vox10_1300.ply,3.975,4.25725
4,crop_pad_navier,DISTSMetric,pointpca3_only,tmc2_longdress_vox10_1300_dec_geom05_text05.ply,longdress_vox10_1300.ply,3.775,4.483000000000003
4,crop_pad_navier,DISTSMetric,selected_iqa_only,tmc13_longdress_vox10_1300_dec_geom01_text01_octree-predlift.ply,longdress_vox10_1300.ply,1.0,1.0
4,crop_pad_navier,DISTSMetric,selected_iqa_only,tmc13_longdress_vox10_1300_dec_geom01_text01_octree-raht.ply,longdress_vox10_1300.ply,1.0,1.0
4,crop_pad_navier,DISTSMetric,selected_iqa_only,tmc13_longdress_vox10_1300_dec_geom01_text01_trisoup-predlift.ply,longdress_vox10_1300.ply,1.05,1.4694999999999998
4,crop_pad_navier,DISTSMetric,selected_iqa_only,tmc13_longdress_vox10_1300_dec_geom01_text01_trisoup-raht.ply,longdress_vox10_1300.ply,1.0,1.0417500000000002
4,crop_pad_navier,DISTSMetric,selected_iqa_only,tmc13_longdress_vox10_1300_dec_geom02_text02_octree-predlift.ply,longdress_vox10_1300.ply,1.0,1.0497500000000008
4,crop_pad_navier,DISTSMetric,selected_iqa_only,tmc13_longdress_vox10_1300_dec_geom02_text02_octree-raht.ply,longdress_vox10_1300.ply,1.0,1.0
4,crop_pad_navier,DISTSMetric,selected_iqa_only,tmc13_longdress_vox10_1300_dec_geom02_text02_trisoup-predlift.ply,longdress_vox10_1300.ply,1.4,1.7610000000000006
4,crop_pad_navier,DISTSMetric,selected_iqa_only,tmc13_longdress_vox10_1300_dec_geom02_text02_trisoup-raht.ply,longdress_vox10_1300.ply,1.025,1.1925000000000003
4,crop_pad_navier,DISTSMetric,selected_iqa_only,tmc13_longdress_vox10_1300_dec_geom03_text03_octree-predlift.ply,longdress_vox10_1300.ply,1.425,1.76975
4,crop_pad_navier,DISTSMetric,selected_iqa_only,tmc13_longdress_vox10_1300_dec_geom03_text03_octree-raht.ply,longdress_vox10_1300.ply,1.225,1.4917500000000004
4,crop_pad_navier,DISTSMetric,selected_iqa_only,tmc13_longdress_vox10_1300_dec_geom03_text03_trisoup-predlift.ply,longdress_vox10_1300.ply,1.575,2.7820000000000022
4,crop_pad_navier,DISTSMetric,selected_iqa_only,tmc13_longdress_vox10_1300_dec_geom03_text03_trisoup-raht.ply,longdress_vox10_1300.ply,1.2,1.8777499999999996
4,crop_pad_navier,DISTSMetric,selected_iqa_only,tmc13_longdress_vox10_1300_dec_geom04_text04_octree-predlift.ply,longdress_vox10_1300.ply,2.25,2.945250000000003
4,crop_pad_navier,DISTSMetric,selected_iqa_only,tmc13_longdress_vox10_1300_dec_geom04_text04_octree-raht.ply,longdress_vox10_1300.ply,2.125,2.570500000000002
4,crop_pad_navier,DISTSMetric,selected_iqa_only,tmc13_longdress_vox10_1300_dec_geom04_text04_trisoup-predlift.ply,longdress_vox10_1300.ply,1.8,3.720000000000003
4,crop_pad_navier,DISTSMetric,selected_iqa_only,tmc13_longdress_vox10_1300_dec_geom04_text04_trisoup-raht.ply,longdress_vox10_1300.ply,1.65,2.932000000000002
4,crop_pad_navier,DISTSMetric,selected_iqa_only,tmc13_longdress_vox10_1300_dec_geom05_text05_octree-predlift.ply,longdress_vox10_1300.ply,2.975,3.643000000000003
4,crop_pad_navier,DISTSMetric,selected_iqa_only,tmc13_longdress_vox10_1300_dec_geom05_text05_octree-raht.ply,longdress_vox10_1300.ply,2.85,3.5597500000000046
4,crop_pad_navier,DISTSMetric,selected_iqa_only,tmc13_longdress_vox10_1300_dec_geom05_text05_trisoup-predlift.ply,longdress_vox10_1300.ply,2.925,3.867000000000001
4,crop_pad_navier,DISTSMetric,selected_iqa_only,tmc13_longdress_vox10_1300_dec_geom05_text05_trisoup-raht.ply,longdress_vox10_1300.ply,2.9,3.7162500000000027
4,crop_pad_navier,DISTSMetric,selected_iqa_only,tmc13_longdress_vox10_1300_dec_geom06_text06_octree-predlift.ply,longdress_vox10_1300.ply,4.25,4.49375
4,crop_pad_navier,DISTSMetric,selected_iqa_only,tmc13_longdress_vox10_1300_dec_geom06_text06_octree-raht.ply,longdress_vox10_1300.ply,3.325,4.493
4,crop_pad_navier,DISTSMetric,selected_iqa_only,tmc13_longdress_vox10_1300_dec_geom06_text06_trisoup-predlift.ply,longdress_vox10_1300.ply,4.65,4.779999999999997
4,crop_pad_navier,DISTSMetric,selected_iqa_only,tmc13_longdress_vox10_1300_dec_geom06_text06_trisoup-raht.ply,longdress_vox10_1300.ply,3.925,4.621749999999999
4,crop_pad_navier,DISTSMetric,selected_iqa_only,tmc2_longdress_vox10_1300_dec_geom01_text01.ply,longdress_vox10_1300.ply,1.2,2.118000000000001
4,crop_pad_navier,DISTSMetric,selected_iqa_only,tmc2_longdress_vox10_1300_dec_geom02_text02.ply,longdress_vox10_1300.ply,1.575,3.00025
4,crop_pad_navier,DISTSMetric,selected_iqa_only,tmc2_longdress_vox10_1300_dec_geom03_text03.ply,longdress_vox10_1300.ply,3.025,3.903000000000003
4,crop_pad_navier,DISTSMetric,selected_iqa_only,tmc2_longdress_vox10_1300_dec_geom04_text04.ply,longdress_vox10_1300.ply,3.975,4.4224999999999985
4,crop_pad_navier,DISTSMetric,selected_iqa_only,tmc2_longdress_vox10_1300_dec_geom05_text05.ply,longdress_vox10_1300.ply,3.775,4.472000000000001
4,crop_pad_navier,DISTSMetric,full_fusion_172,tmc13_longdress_vox10_1300_dec_geom01_text01_octree-predlift.ply,longdress_vox10_1300.ply,1.0,1.0130000000000001
4,crop_pad_navier,DISTSMetric,full_fusion_172,tmc13_longdress_vox10_1300_dec_geom01_text01_octree-raht.ply,longdress_vox10_1300.ply,1.0,1.0030000000000001
4,crop_pad_navier,DISTSMetric,full_fusion_172,tmc13_longdress_vox10_1300_dec_geom01_text01_trisoup-predlift.ply,longdress_vox10_1300.ply,1.05,1.3570000000000002
4,crop_pad_navier,DISTSMetric,full_fusion_172,tmc13_longdress_vox10_1300_dec_geom01_text01_trisoup-raht.ply,longdress_vox10_1300.ply,1.0,1.0117500000000001
4,crop_pad_navier,DISTSMetric,full_fusion_172,tmc13_longdress_vox10_1300_dec_geom02_text02_octree-predlift.ply,longdress_vox10_1300.ply,1.0,1.0382500000000001
4,crop_pad_navier,DISTSMetric,full_fusion_172,tmc13_longdress_vox10_1300_dec_geom02_text02_octree-raht.ply,longdress_vox10_1300.ply,1.0,1.014
4,crop_pad_navier,DISTSMetric,full_fusion_172,tmc13_longdress_vox10_1300_dec_geom02_text02_trisoup-predlift.ply,longdress_vox10_1300.ply,1.4,1.7577500000000004
4,crop_pad_navier,DISTSMetric,full_fusion_172,tmc13_longdress_vox10_1300_dec_geom02_text02_trisoup-raht.ply,longdress_vox10_1300.ply,1.025,1.3152499999999998
4,crop_pad_navier,DISTSMetric,full_fusion_172,tmc13_longdress_vox10_1300_dec_geom03_text03_octree-predlift.ply,longdress_vox10_1300.ply,1.425,1.77625
4,crop_pad_navier,DISTSMetric,full_fusion_172,tmc13_longdress_vox10_1300_dec_geom03_text03_octree-raht.ply,longdress_vox10_1300.ply,1.225,1.4945000000000002
4,crop_pad_navier,DISTSMetric,full_fusion_172,tmc13_longdress_vox10_1300_dec_geom03_text03_trisoup-predlift.ply,longdress_vox10_1300.ply,1.575,2.5870000000000015
4,crop_pad_navier,DISTSMetric,full_fusion_172,tmc13_longdress_vox10_1300_dec_geom03_text03_trisoup-raht.ply,longdress_vox10_1300.ply,1.2,1.8500000000000005
4,crop_pad_navier,DISTSMetric,full_fusion_172,tmc13_longdress_vox10_1300_dec_geom04_text04_octree-predlift.ply,longdress_vox10_1300.ply,2.25,3.255999999999999
4,crop_pad_navier,DISTSMetric,full_fusion_172,tmc13_longdress_vox10_1300_dec_geom04_text04_octree-raht.ply,longdress_vox10_1300.ply,2.125,2.9732500000000006
4,crop_pad_navier,DISTSMetric,full_fusion_172,tmc13_longdress_vox10_1300_dec_geom04_text04_trisoup-predlift.ply,longdress_vox10_1300.ply,1.8,3.2467500000000022
4,crop_pad_navier,DISTSMetric,full_fusion_172,tmc13_longdress_vox10_1300_dec_geom04_text04_trisoup-raht.ply,longdress_vox10_1300.ply,1.65,3.0212500000000007
4,crop_pad_navier,DISTSMetric,full_fusion_172,tmc13_longdress_vox10_1300_dec_geom05_text05_octree-predlift.ply,longdress_vox10_1300.ply,2.975,4.1005
4,crop_pad_navier,DISTSMetric,full_fusion_172,tmc13_longdress_vox10_1300_dec_geom05_text05_octree-raht.ply,longdress_vox10_1300.ply,2.85,3.8794999999999993
4,crop_pad_navier,DISTSMetric,full_fusion_172,tmc13_longdress_vox10_1300_dec_geom05_text05_trisoup-predlift.ply,longdress_vox10_1300.ply,2.925,4.067499999999999
4,crop_pad_navier,DISTSMetric,full_fusion_172,tmc13_longdress_vox10_1300_dec_geom05_text05_trisoup-raht.ply,longdress_vox10_1300.ply,2.9,3.9410000000000003
4,crop_pad_navier,DISTSMetric,full_fusion_172,tmc13_longdress_vox10_1300_dec_geom06_text06_octree-predlift.ply,longdress_vox10_1300.ply,4.25,4.576500000000001
4,crop_pad_navier,DISTSMetric,full_fusion_172,tmc13_longdress_vox10_1300_dec_geom06_text06_octree-raht.ply,longdress_vox10_1300.ply,3.325,4.563500000000001
4,crop_pad_navier,DISTSMetric,full_fusion_172,tmc13_longdress_vox10_1300_dec_geom06_text06_trisoup-predlift.ply,longdress_vox10_1300.ply,4.65,4.851750000000002
4,crop_pad_navier,DISTSMetric,full_fusion_172,tmc13_longdress_vox10_1300_dec_geom06_text06_trisoup-raht.ply,longdress_vox10_1300.ply,3.925,4.822250000000001
4,crop_pad_navier,DISTSMetric,full_fusion_172,tmc2_longdress_vox10_1300_dec_geom01_text01.ply,longdress_vox10_1300.ply,1.2,1.8700000000000008
4,crop_pad_navier,DISTSMetric,full_fusion_172,tmc2_longdress_vox10_1300_dec_geom02_text02.ply,longdress_vox10_1300.ply,1.575,2.7717500000000017
4,crop_pad_navier,DISTSMetric,full_fusion_172,tmc2_longdress_vox10_1300_dec_geom03_text03.ply,longdress_vox10_1300.ply,3.025,3.137000000000002
4,crop_pad_navier,DISTSMetric,full_fusion_172,tmc2_longdress_vox10_1300_dec_geom04_text04.ply,longdress_vox10_1300.ply,3.975,4.288500000000002
4,crop_pad_navier,DISTSMetric,full_fusion_172,tmc2_longdress_vox10_1300_dec_geom05_text05.ply,longdress_vox10_1300.ply,3.775,4.432750000000001
4,crop_pad_navier,DISTSMetric,compact_fusion_46,tmc13_longdress_vox10_1300_dec_geom01_text01_octree-predlift.ply,longdress_vox10_1300.ply,1.0,1.0199999999999998
4,crop_pad_navier,DISTSMetric,compact_fusion_46,tmc13_longdress_vox10_1300_dec_geom01_text01_octree-raht.ply,longdress_vox10_1300.ply,1.0,1.00025
4,crop_pad_navier,DISTSMetric,compact_fusion_46,tmc13_longdress_vox10_1300_dec_geom01_text01_trisoup-predlift.ply,longdress_vox10_1300.ply,1.05,1.4215000000000007
4,crop_pad_navier,DISTSMetric,compact_fusion_46,tmc13_longdress_vox10_1300_dec_geom01_text01_trisoup-raht.ply,longdress_vox10_1300.ply,1.0,1.0107500000000007
4,crop_pad_navier,DISTSMetric,compact_fusion_46,tmc13_longdress_vox10_1300_dec_geom02_text02_octree-predlift.ply,longdress_vox10_1300.ply,1.0,1.0592499999999996
4,crop_pad_navier,DISTSMetric,compact_fusion_46,tmc13_longdress_vox10_1300_dec_geom02_text02_octree-raht.ply,longdress_vox10_1300.ply,1.0,1.01375
4,crop_pad_navier,DISTSMetric,compact_fusion_46,tmc13_longdress_vox10_1300_dec_geom02_text02_trisoup-predlift.ply,longdress_vox10_1300.ply,1.4,1.8735000000000008
4,crop_pad_navier,DISTSMetric,compact_fusion_46,tmc13_longdress_vox10_1300_dec_geom02_text02_trisoup-raht.ply,longdress_vox10_1300.ply,1.025,1.3235
4,crop_pad_navier,DISTSMetric,compact_fusion_46,tmc13_longdress_vox10_1300_dec_geom03_text03_octree-predlift.ply,longdress_vox10_1300.ply,1.425,1.9602500000000003
4,crop_pad_navier,DISTSMetric,compact_fusion_46,tmc13_longdress_vox10_1300_dec_geom03_text03_octree-raht.ply,longdress_vox10_1300.ply,1.225,1.5417500000000002
4,crop_pad_navier,DISTSMetric,compact_fusion_46,tmc13_longdress_vox10_1300_dec_geom03_text03_trisoup-predlift.ply,longdress_vox10_1300.ply,1.575,2.60725
4,crop_pad_navier,DISTSMetric,compact_fusion_46,tmc13_longdress_vox10_1300_dec_geom03_text03_trisoup-raht.ply,longdress_vox10_1300.ply,1.2,1.9262500000000014
4,crop_pad_navier,DISTSMetric,compact_fusion_46,tmc13_longdress_vox10_1300_dec_geom04_text04_octree-predlift.ply,longdress_vox10_1300.ply,2.25,3.2790000000000017
4,crop_pad_navier,DISTSMetric,compact_fusion_46,tmc13_longdress_vox10_1300_dec_geom04_text04_octree-raht.ply,longdress_vox10_1300.ply,2.125,3.0092500000000006
4,crop_pad_navier,DISTSMetric,compact_fusion_46,tmc13_longdress_vox10_1300_dec_geom04_text04_trisoup-predlift.ply,longdress_vox10_1300.ply,1.8,3.3120000000000016
4,crop_pad_navier,DISTSMetric,compact_fusion_46,tmc13_longdress_vox10_1300_dec_geom04_text04_trisoup-raht.ply,longdress_vox10_1300.ply,1.65,2.916500000000001
4,crop_pad_navier,DISTSMetric,compact_fusion_46,tmc13_longdress_vox10_1300_dec_geom05_text05_octree-predlift.ply,longdress_vox10_1300.ply,2.975,4.089749999999999
4,crop_pad_navier,DISTSMetric,compact_fusion_46,tmc13_longdress_vox10_1300_dec_geom05_text05_octree-raht.ply,longdress_vox10_1300.ply,2.85,3.8617499999999993
4,crop_pad_navier,DISTSMetric,compact_fusion_46,tmc13_longdress_vox10_1300_dec_geom05_text05_trisoup-predlift.ply,longdress_vox10_1300.ply,2.925,4.138500000000001
4,crop_pad_navier,DISTSMetric,compact_fusion_46,tmc13_longdress_vox10_1300_dec_geom05_text05_trisoup-raht.ply,longdress_vox10_1300.ply,2.9,3.968
4,crop_pad_navier,DISTSMetric,compact_fusion_46,tmc13_longdress_vox10_1300_dec_geom06_text06_octree-predlift.ply,longdress_vox10_1300.ply,4.25,4.6315000000000035
4,crop_pad_navier,DISTSMetric,compact_fusion_46,tmc13_longdress_vox10_1300_dec_geom06_text06_octree-raht.ply,longdress_vox10_1300.ply,3.325,4.5972500000000025
4,crop_pad_navier,DISTSMetric,compact_fusion_46,tmc13_longdress_vox10_1300_dec_geom06_text06_trisoup-predlift.ply,longdress_vox10_1300.ply,4.65,4.822999999999996
4,crop_pad_navier,DISTSMetric,compact_fusion_46,tmc13_longdress_vox10_1300_dec_geom06_text06_trisoup-raht.ply,longdress_vox10_1300.ply,3.925,4.781999999999999
4,crop_pad_navier,DISTSMetric,compact_fusion_46,tmc2_longdress_vox10_1300_dec_geom01_text01.ply,longdress_vox10_1300.ply,1.2,1.9987500000000002
4,crop_pad_navier,DISTSMetric,compact_fusion_46,tmc2_longdress_vox10_1300_dec_geom02_text02.ply,longdress_vox10_1300.ply,1.575,2.8670000000000018
4,crop_pad_navier,DISTSMetric,compact_fusion_46,tmc2_longdress_vox10_1300_dec_geom03_text03.ply,longdress_vox10_1300.ply,3.025,3.424500000000003
4,crop_pad_navier,DISTSMetric,compact_fusion_46,tmc2_longdress_vox10_1300_dec_geom04_text04.ply,longdress_vox10_1300.ply,3.975,4.34125
4,crop_pad_navier,DISTSMetric,compact_fusion_46,tmc2_longdress_vox10_1300_dec_geom05_text05.ply,longdress_vox10_1300.ply,3.775,4.405500000000003
