SIGNAL,REF,ATTACK,CLASS,SCORE,REF_NUM_POINTS,TEST_NUM_POINTS,TIME_TAKEN_SECONDS,PEAK_RAM_USAGE_GiB,FV_Cubemap_0,FV_Cubemap_1,FV_Cubemap_2,FV_Cubemap_3,FV_Cubemap_4,FV_Cubemap_5
p03_geocnn_r01.ply,p03.ply,GEOCNN,0,2.53448275862069,333957,2624027,35.36063098907471,0.8319473266601562,140.41453056729745,146.83399481714434,180.21215995933872,172.32143628455484,160.44912705678462,148.99218190975083
p03_geocnn_r02.ply,p03.ply,GEOCNN,0,2.96551724137931,333957,1460755,35.668951988220215,0.5159416198730469,91.05100814313536,94.53516483214659,150.99789223308989,154.24550144449913,147.50915149120127,139.73964826071193
p03_geocnn_r03.ply,p03.ply,GEOCNN,0,3.65573770491803,333957,1269118,38.75003719329834,0.5092544555664062,73.87280880919863,81.08913824915784,150.31922838274693,143.27984945768935,141.95898363865217,129.12986113890582
p03_geocnn_r04.ply,p03.ply,GEOCNN,0,3.44262295081967,333957,962990,32.70092821121216,0.45598602294921875,74.77590069871897,78.01305316204733,153.15287874145702,141.2760467363242,136.34719203416745,125.72819929622187
p03_gpcc-octree-predlift_r02.ply,p03.ply,GPCC,1,1.54098360655738,333957,105042,36.81062698364258,0.390533447265625,127.75788171053571,138.3804082435159,198.1260865031732,193.71360078901162,186.18057744043864,173.34753505151153
p03_gpcc-octree-predlift_r03.ply,p03.ply,GPCC,1,3.10344827586207,333957,277369,34.07706546783447,0.3732795715332031,104.19426981744925,106.02807161022125,178.0889278256191,181.13813056089353,164.36860366830933,185.28888070627522
p03_gpcc-octree-predlift_r04.ply,p03.ply,GPCC,1,4.08474576271186,333957,309679,38.64542293548584,0.4386482238769531,86.897233531645,83.53707054349032,134.40873457319208,133.60388784717864,145.26433845074828,170.55865857342013
p03_gpcc-octree-predlift_r05.ply,p03.ply,GPCC,1,3.98333333333333,333957,322861,38.88193988800049,0.3852348327636719,118.94995592357391,122.65866806939223,115.818641485742,123.21940043006293,122.42728454515006,142.0783199059752
p03_gpcc-octree-predlift_r06.ply,p03.ply,GPCC,1,4.31666666666667,333957,328499,35.508641481399536,0.3852958679199219,50.70294746994686,55.880378538931325,104.6394606133725,108.54123211818532,103.36353726539846,103.28135414217263
p03_gpcc-octree-raht_r02.ply,p03.ply,GPCC,1,1.57627118644068,333957,105042,33.8151068687439,0.4576835632324219,131.31443656786072,142.0224829105823,195.32736334114327,195.40985260962566,185.02193830288766,176.01112090959842
p03_gpcc-octree-raht_r03.ply,p03.ply,GPCC,1,2.88524590163934,333957,277369,34.96273636817932,0.3820610046386719,103.00210777207269,111.7382716823803,178.61917961298371,179.51984140205298,163.59030765756359,187.14571373246852
p03_gpcc-octree-raht_r04.ply,p03.ply,GPCC,1,3.85483870967742,333957,309679,34.406217098236084,0.3840980529785156,83.45427235516834,85.12080774489593,137.17909646623258,138.7415447198108,143.60512887955252,171.60531359326131
p03_gpcc-octree-raht_r05.ply,p03.ply,GPCC,1,4.29310344827586,333957,322861,35.84688091278076,0.3833503723144531,119.40247971548287,122.64958208419746,117.22208516779911,123.68829212611816,124.71930305372871,147.90541878437898
p03_gpcc-octree-raht_r06.ply,p03.ply,GPCC,1,4.53333333333333,333957,328499,37.126728773117065,0.3727378845214844,54.28114149265904,57.449955793640996,105.53136468840087,109.93682422554278,104.74999806645565,106.63561743528678
p03_vpcc_r00.ply,p03.ply,VPCC,2,2.22033898305085,333957,1246716,36.944236040115356,0.48183441162109375,176.6981016320033,183.24247099124403,214.58452363927444,210.77993051582234,193.26845193428653,191.45613064726507
p03_vpcc_r01.ply,p03.ply,VPCC,2,2.90322580645161,333957,1230480,36.43481683731079,0.5008163452148438,164.09675773340385,170.16210558308694,199.21186492406153,193.14375410528322,178.53055791558495,174.9594561699734
p03_vpcc_r02.ply,p03.ply,VPCC,2,2.98305084745763,333957,1236951,38.234763860702515,0.5136375427246094,153.63056601930157,159.85960288894537,194.4086571077787,185.26112155403524,170.69817685145102,166.1695121668344
p03_vpcc_r03.ply,p03.ply,VPCC,2,3.55,333957,1278220,37.366397857666016,0.5446243286132812,144.2842718993136,149.9656533231141,187.0166675199115,176.81111076387452,159.96686409476538,154.71731451120684
p03_vpcc_r04.ply,p03.ply,VPCC,2,3.52542372881356,333957,1303007,38.79437732696533,0.5475196838378906,134.91639380480817,143.95372135714865,181.0405003000756,169.86315785049237,154.10903868604117,145.57314691197047
p03_vpcc_r05.ply,p03.ply,VPCC,2,3.77586206896552,333957,1018829,34.58031606674194,0.5027351379394531,86.11195080458052,88.66134365979059,161.77871568789914,160.6217549985957,157.11704281297116,160.49669029268983
p06_geocnn_r01.ply,p06.ply,GEOCNN,0,2.44262295081967,167986,1100553,14.759718179702759,0.48699951171875,118.95067499797332,116.7353312906456,136.94553424217096,137.9162706707167,117.49017623890342,119.22272232213618
p06_geocnn_r02.ply,p06.ply,GEOCNN,0,3.8,167986,646505,14.44184422492981,0.3736114501953125,101.08597197234255,95.77866386273448,128.0131990151854,121.53908231941746,102.32325224126947,102.0488421243481
p06_geocnn_r03.ply,p06.ply,GEOCNN,0,4.06666666666667,167986,616545,14.613750696182251,0.4144401550292969,83.11438591864524,79.9169213244773,114.81230886386572,110.32245151261435,88.73853164111797,87.77205195892375
p06_geocnn_r04.ply,p06.ply,GEOCNN,0,4.32786885245902,167986,393610,14.323721408843994,0.3747673034667969,87.26482546082221,79.91303867439609,104.78905748600752,111.6777085834027,83.56608831773868,85.10294597627878
p06_gpcc-octree-predlift_r02.ply,p06.ply,GPCC,1,1.89655172413793,167986,48590,14.302345752716064,0.3387603759765625,0.0,0.0,179.67416622715012,185.15540830917075,160.23274513403933,156.3965176863866
p06_gpcc-octree-predlift_r03.ply,p06.ply,GPCC,1,2.86440677966102,167986,138002,16.276546716690063,0.3187370300292969,0.0,0.0,164.5274551566753,170.6047589345931,134.42364764974198,138.49491465935174
p06_gpcc-octree-predlift_r04.ply,p06.ply,GPCC,1,3.70689655172414,167986,154769,15.291574239730835,0.3282279968261719,142.00953328317476,147.56505948593195,134.89625846603602,157.35489067035434,142.1747503821673,148.93208200505507
p06_gpcc-octree-predlift_r05.ply,p06.ply,GPCC,1,4.21311475409836,167986,162140,14.378523349761963,0.3197898864746094,0.0,0.0,124.10045773433166,123.9584300428777,112.36705028696599,108.56929907594716
p06_gpcc-octree-predlift_r06.ply,p06.ply,GPCC,1,4.46666666666667,167986,165217,16.706302165985107,0.328094482421875,94.21671673130454,87.711340712733,98.16150845479089,102.53424153257845,85.38926341314124,86.17429857878645
p06_gpcc-octree-raht_r02.ply,p06.ply,GPCC,1,1.89830508474576,167986,48590,16.643727779388428,0.320953369140625,0.0,0.0,185.504881205508,185.53366453861878,162.16013131183382,157.0103602794569
p06_gpcc-octree-raht_r03.ply,p06.ply,GPCC,1,2.47540983606557,167986,138002,15.15161681175232,0.324249267578125,0.0,0.0,163.0137047723763,171.12065770719133,136.55056782598973,134.33833624186056
p06_gpcc-octree-raht_r04.ply,p06.ply,GPCC,1,3.43548387096774,167986,154769,16.1666202545166,0.3321342468261719,120.9788789764498,128.17294256081965,136.06942794334867,158.7635492830656,129.50641087795375,137.94036516511377
p06_gpcc-octree-raht_r05.ply,p06.ply,GPCC,1,3.95,167986,162140,14.55494213104248,0.3376121520996094,0.0,0.0,134.07262303781383,137.41330597976952,131.62234061344827,125.07411571744638
p06_gpcc-octree-raht_r06.ply,p06.ply,GPCC,1,4.26229508196721,167986,165217,15.747341632843018,0.3995628356933594,101.01691734172144,92.79875277206732,100.27983411502926,104.71200588783134,87.33617775446098,89.2066817225143
p06_vpcc_r00.ply,p06.ply,VPCC,2,2.35593220338983,167986,582292,14.125507593154907,0.380767822265625,155.51364102078287,153.9180110461715,201.03793501292068,201.85342088014028,159.5845404510469,165.8066277745841
p06_vpcc_r01.ply,p06.ply,VPCC,2,2.8,167986,575940,15.011785507202148,0.3824958801269531,136.36035173383243,135.9312722403983,192.3661868681997,193.21172812509292,146.19106954037068,150.95531570370264
p06_vpcc_r02.ply,p06.ply,VPCC,2,3.08620689655172,167986,578692,15.158990383148193,0.3492698669433594,123.60427056643,121.53817997945016,173.38552302114138,177.3480612805489,133.41293705742206,135.33709005542804
p06_vpcc_r03.ply,p06.ply,VPCC,2,3.16666666666667,167986,579131,16.21170425415039,0.345855712890625,111.00809514240059,108.33437047589544,168.67824829425837,166.4277472327874,118.68889532374638,116.79643309763878
p06_vpcc_r04.ply,p06.ply,VPCC,2,3.66101694915254,167986,585448,14.204787015914917,0.3497734069824219,106.30162600919047,101.75240082889884,159.37453516621696,158.22543005434537,103.67643383734509,109.25618243490405
p06_vpcc_r05.ply,p06.ply,VPCC,2,4.0327868852459,167986,514556,16.833048820495605,0.351593017578125,0.0,0.0,130.4292170493967,123.6642825451737,97.68572621562225,96.12570051740086
p08_geocnn_r01.ply,p08.ply,GEOCNN,0,2.40983606557377,149968,1239886,19.678574323654175,0.4725074768066406,130.58004915453355,123.61046902251263,153.29468083365776,147.5562419281493,137.48558108567772,140.96722358762236
p08_geocnn_r02.ply,p08.ply,GEOCNN,0,3.66666666666667,149968,622961,17.47150707244873,0.4121437072753906,108.36636096732559,100.20947616225021,134.91766199462546,128.82049932961965,113.06018728685088,118.02342903059446
p08_geocnn_r03.ply,p08.ply,GEOCNN,0,4.16393442622951,149968,553577,19.418163299560547,0.41094970703125,82.01913292551161,81.00772338243146,111.72840378382826,110.2972863870628,98.04134059782314,102.72404665006094
p08_geocnn_r04.ply,p08.ply,GEOCNN,0,4.04838709677419,149968,369683,19.822173833847046,0.3536376953125,84.13625475233452,76.09018696619297,104.45757588947079,111.54751524982123,96.2981406022027,103.03620873936237
p08_gpcc-octree-predlift_r02.ply,p08.ply,GPCC,1,1.62068965517241,149968,47075,17.625259160995483,0.3257026672363281,150.3235550501448,151.79824618204267,186.9031851197975,183.08161243485074,164.29072460412968,169.39317264493553
p08_gpcc-octree-predlift_r03.ply,p08.ply,GPCC,1,2.94915254237288,149968,123215,17.37769055366516,0.35318756103515625,33.68135443843961,34.470276900778366,154.498677671829,159.31379190631026,140.57910843752052,152.93647147129144
p08_gpcc-octree-predlift_r04.ply,p08.ply,GPCC,1,3.77966101694915,149968,138599,20.0045166015625,0.35337066650390625,135.55256239822884,121.5723358135394,137.88871389054606,150.24917080434682,137.72064853738772,148.74078359099593
p08_gpcc-octree-predlift_r05.ply,p08.ply,GPCC,1,4.2,149968,144778,17.509045600891113,0.3795280456542969,126.72669735063027,110.92376668976462,116.37622948163069,138.03270460320806,134.75131377557773,132.403141640687
p08_gpcc-octree-predlift_r06.ply,p08.ply,GPCC,1,4.39344262295082,149968,147523,18.91942596435547,0.34778594970703125,87.16238757076115,82.86659065980726,97.68804878436556,102.13010916141161,97.04682077193253,95.85252512718284
p08_gpcc-octree-raht_r02.ply,p08.ply,GPCC,1,1.37931034482759,149968,47075,18.701542854309082,0.35645294189453125,155.24074867108817,155.96039934873306,185.5177639950973,180.95588495452898,165.96436833994474,172.02791583107626
p08_gpcc-octree-raht_r03.ply,p08.ply,GPCC,1,2.6551724137931,149968,123215,18.929696321487427,0.3679656982421875,35.02056910630918,35.18399091898584,158.31260577118212,159.8426145684163,140.57355827268157,152.18079143129086
p08_gpcc-octree-raht_r04.ply,p08.ply,GPCC,1,3.22950819672131,149968,138599,17.46965503692627,0.3561668395996094,121.86144771763429,115.17999825038044,147.40805105360155,153.73354264389224,133.50449383430507,143.09136332988137
p08_gpcc-octree-raht_r05.ply,p08.ply,GPCC,1,4.13114754098361,149968,144778,19.49274492263794,0.35587310791015625,123.15762385965513,109.05076111261738,120.43340152566704,142.92582099294896,134.14562040930153,135.61094178869428
p08_gpcc-octree-raht_r06.ply,p08.ply,GPCC,1,4.40677966101695,149968,147523,19.61433744430542,0.3589820861816406,90.82682443347012,85.85226281141729,99.8466184636805,106.2480458113168,100.2165352720685,98.89003689526871
p08_vpcc_r00.ply,p08.ply,VPCC,2,1.87931034482759,149968,556443,17.300796031951904,0.3828315734863281,163.99367548290493,165.37795062852277,199.33260505441208,197.32956642789134,168.6209610362778,179.62308174900937
p08_vpcc_r01.ply,p08.ply,VPCC,2,2.62068965517241,149968,553481,20.4305477142334,0.3815498352050781,150.080987060287,146.89938259772592,185.36877638022753,182.30051497965806,154.5642651365493,163.60819072278895
p08_vpcc_r02.ply,p08.ply,VPCC,2,3.17741935483871,149968,554658,18.603475332260132,0.3999481201171875,138.84316266948656,135.6477529041041,176.8882353441318,171.63971190948638,143.30584318233286,153.28690083565883
p08_vpcc_r03.ply,p08.ply,VPCC,2,3.4,149968,555483,17.661943674087524,0.4080543518066406,122.83048682071902,119.02996566168686,161.09090517163494,157.4515047886937,132.60439458551437,140.33251823847723
p08_vpcc_r04.ply,p08.ply,VPCC,2,3.38709677419355,149968,576611,20.570027351379395,0.3817787170410156,115.50691415612314,112.1179390115702,151.68092557325667,145.05592201971174,120.65589641229288,131.89113682990597
p08_vpcc_r05.ply,p08.ply,VPCC,2,3.91666666666667,149968,455154,20.507997512817383,0.3578834533691406,105.07515154481669,99.1219995791196,137.21315308651677,135.261699867642,105.36396512000415,125.21031169605587
p09_geocnn_r01.ply,p09.ply,GEOCNN,0,2.0327868852459,508983,4026952,52.21568441390991,0.9170799255371094,90.85856740616941,83.3419682883689,152.92918224212497,138.46052767368212,127.34878190297923,125.3317751708438
p09_geocnn_r02.ply,p09.ply,GEOCNN,0,3.32786885245902,508983,2240295,47.70553708076477,0.686126708984375,74.46960194848359,71.78500771244406,137.26523881157064,118.6068837154591,111.30090717461907,109.27193731496983
p09_geocnn_r03.ply,p09.ply,GEOCNN,0,4.01666666666667,508983,1941210,48.28565454483032,0.7690773010253906,62.39364709118321,57.37540162146375,119.85323858802283,109.37877274694662,99.41104570000425,96.22864764245817
p09_geocnn_r04.ply,p09.ply,GEOCNN,0,3.51666666666667,508983,1417668,47.368367433547974,0.5996856689453125,61.8477513462541,57.855409291195556,148.78676671307215,104.43480536426667,97.45268876182843,96.11237172568993
p09_gpcc-octree-predlift_r02.ply,p09.ply,GPCC,1,1.48333333333333,508983,160703,49.85081195831299,0.4607963562011719,123.25982043314505,122.11610386184145,152.92826011651326,159.72949861973186,162.80577291992216,158.26419752061412
p09_gpcc-octree-predlift_r03.ply,p09.ply,GPCC,1,2.50819672131148,508983,425777,55.71798300743103,0.5244102478027344,95.45502995822136,98.114665442466,143.59386342058085,141.82360339930995,138.01338607810473,131.97672299542086
p09_gpcc-octree-predlift_r04.ply,p09.ply,GPCC,1,3.88524590163934,508983,474228,50.83714008331299,0.5225143432617188,78.76403019756626,68.88802375276754,106.76845670938667,115.99618076458599,129.335600496319,122.99576050704304
p09_gpcc-octree-predlift_r05.ply,p09.ply,GPCC,1,4.40350877192982,508983,493112,49.08126950263977,0.5531425476074219,75.74679634816005,65.18700336576707,98.07850540770666,99.96635500737597,129.89707245432774,112.39905695110835
p09_gpcc-octree-predlift_r06.ply,p09.ply,GPCC,1,4.43548387096774,508983,501475,49.35049796104431,0.6122665405273438,60.90776326348124,53.29511717432834,89.79425541114315,78.64361809888396,86.40846611879931,90.86908533442973
p09_gpcc-octree-raht_r02.ply,p09.ply,GPCC,1,1.37704918032787,508983,160703,51.16332006454468,0.5150413513183594,128.33211128483418,123.76736119799074,154.68718133961903,161.1114293359047,161.99189894582608,159.6149115277831
p09_gpcc-octree-raht_r03.ply,p09.ply,GPCC,1,2.26666666666667,508983,425777,49.728320360183716,0.43982696533203125,100.44477993468587,100.28165775068888,145.11451470008035,145.43745764068447,140.49519357643436,137.25187775812066
p09_gpcc-octree-raht_r04.ply,p09.ply,GPCC,1,3.79310344827586,508983,474228,50.42595815658569,0.45719146728515625,76.40615296039564,69.19589479400108,106.5753926072156,116.18192280903779,124.60234419462559,126.449390232662
p09_gpcc-octree-raht_r05.ply,p09.ply,GPCC,1,4.27868852459016,508983,493112,47.940279960632324,0.4601173400878906,74.45234830830208,66.69305804065051,97.6025177879555,102.07553027909049,127.96465104774578,111.27886474253799
p09_gpcc-octree-raht_r06.ply,p09.ply,GPCC,1,4.57377049180328,508983,501475,47.71807265281677,0.5453338623046875,64.93807882891467,55.78540667470534,89.92278910204581,80.70738700429519,90.43135365470448,89.55732341633046
p09_vpcc_r00.ply,p09.ply,VPCC,2,1.6271186440678,508983,1914866,48.12013840675354,0.6821861267089844,161.29391081050886,162.11096176147726,177.20206678461847,177.7130028362199,173.8084825952394,169.65564673223238
p09_vpcc_r01.ply,p09.ply,VPCC,2,2.27118644067797,508983,1911388,47.87295985221863,0.6522369384765625,145.01610398367856,146.82036540675736,172.20557308324294,165.72345553960258,162.12404055597963,157.8186585715003
p09_vpcc_r02.ply,p09.ply,VPCC,2,2.56666666666667,508983,1931023,46.77065396308899,0.6580734252929688,140.93828874370675,142.16253608272615,168.04831029600012,162.01541386965596,153.0804833349537,146.28920174716507
p09_vpcc_r03.ply,p09.ply,VPCC,2,2.77049180327869,508983,2004547,48.480016231536865,0.6835708618164062,133.04015127280422,135.55600026194938,162.1888894910824,152.10130405903385,146.94371172716762,137.85259208701422
p09_vpcc_r04.ply,p09.ply,VPCC,2,3.52459016393443,508983,2001633,51.056153297424316,0.67437744140625,119.83422907319209,126.40734742105536,158.43401571931,144.72226091328554,138.28656178090864,127.74481266645998
p09_vpcc_r05.ply,p09.ply,VPCC,2,3.38709677419355,508983,1592097,48.0947482585907,0.6258430480957031,110.73072833305216,119.76503044247399,133.98556273065208,121.65953737726383,122.70105349086157,112.7130500581224
p10_geocnn_r01.ply,p10.ply,GEOCNN,0,2.80327868852459,359368,2434191,38.3581964969635,0.7307586669921875,116.07189636183644,114.13063234895515,116.94398834856062,114.60716504507816,124.36592626928633,123.1611433584305
p10_geocnn_r02.ply,p10.ply,GEOCNN,0,3.66101694915254,359368,1358829,39.56907653808594,0.6708297729492188,98.07565028693377,87.47943004451226,103.45600896808412,93.99233371107681,101.75386637913,101.87290034500765
p10_geocnn_r03.ply,p10.ply,GEOCNN,0,3.93220338983051,359368,1290242,36.919228315353394,0.5394020080566406,85.18048755093272,81.57814723178134,91.4029788355337,80.99638540481149,91.42124750001508,91.5138122063682
p10_geocnn_r04.ply,p10.ply,GEOCNN,0,4.0,359368,850179,37.900821685791016,0.47818756103515625,90.75590319751412,81.47386321238392,90.15415488433592,79.4508852965681,86.31812498124262,85.182077155222
p10_gpcc-octree-predlift_r02.ply,p10.ply,GPCC,1,1.73770491803279,359368,100084,38.37592887878418,0.30774688720703125,168.19364849217553,160.0837670741336,131.91941532586782,127.69167529137214,136.66516287488017,133.18450455753066
p10_gpcc-octree-predlift_r03.ply,p10.ply,GPCC,1,3.26229508196721,359368,287625,38.3265917301178,0.4238471984863281,146.4169711206318,140.69171383990965,111.23477395097322,106.36313750018697,110.29426074336914,110.05193240063721
p10_gpcc-octree-predlift_r04.ply,p10.ply,GPCC,1,4.11475409836066,359368,329656,38.32116150856018,0.4151496887207031,115.99443169190658,108.80965142532689,97.56524948971955,81.50350214869385,113.40232171882712,118.3122936377058
p10_gpcc-octree-predlift_r05.ply,p10.ply,GPCC,1,4.45762711864407,359368,345901,37.408756494522095,0.34351348876953125,85.12632826459225,85.56467011413795,82.62730134940779,70.57286913327638,93.38281655582492,95.76090253105333
p10_gpcc-octree-predlift_r06.ply,p10.ply,GPCC,1,4.49180327868853,359368,353059,39.80633091926575,0.33603668212890625,64.9826562410293,58.15951395242797,69.49671498200414,62.93231616419774,80.91057920420107,81.87038242631027
p10_gpcc-octree-raht_r02.ply,p10.ply,GPCC,1,1.74576271186441,359368,100084,38.52755427360535,0.3870201110839844,168.57839160277126,161.13225726535367,132.7377577435048,129.91455907888792,137.0146156548165,135.3977062525808
p10_gpcc-octree-raht_r03.ply,p10.ply,GPCC,1,2.7,359368,287625,37.6515474319458,0.4085273742675781,146.9368817247644,139.6321384840819,111.43645233550917,106.12668172607528,110.71692583538933,111.82732153056341
p10_gpcc-octree-raht_r04.ply,p10.ply,GPCC,1,3.93333333333333,359368,329656,39.30869269371033,0.3922462463378906,115.30165599094785,104.27152357580087,98.22129068753948,83.13172298480964,109.9968313310846,110.06661497945112
p10_gpcc-octree-raht_r05.ply,p10.ply,GPCC,1,4.24590163934426,359368,345901,40.288458585739136,0.3623847961425781,108.50782565424697,99.84541178752775,91.81443299070045,74.47997108673981,106.74711083341177,106.07472531211097
p10_gpcc-octree-raht_r06.ply,p10.ply,GPCC,1,4.48333333333333,359368,353059,39.720335245132446,0.3501777648925781,69.13758529182532,57.44983189269452,71.4281738332239,64.18715668323468,83.25618449114913,83.9652188192198
p10_vpcc_r00.ply,p10.ply,VPCC,2,2.25,359368,1116132,40.711819648742676,0.4527854919433594,160.11094541950538,160.81353722097822,159.46150184418394,151.36093171850877,160.75193110787973,161.33874219207715
p10_vpcc_r01.ply,p10.ply,VPCC,2,2.69354838709677,359368,1129423,37.7254364490509,0.5690231323242188,148.87206199290796,149.51885863551846,146.11381314154363,137.72713895112236,149.948101380986,149.72648222082557
p10_vpcc_r02.ply,p10.ply,VPCC,2,2.91666666666667,359368,1144073,38.31551766395569,0.6425323486328125,143.45453811638075,133.6557569339734,141.82786468282978,132.29430778959855,141.07170981433808,142.0292817641543
p10_vpcc_r03.ply,p10.ply,VPCC,2,3.33898305084746,359368,1191240,37.904197692871094,0.51507568359375,131.74720804000953,128.08882890548762,137.7780240525954,125.1531184952276,130.79571348681932,132.1772644659789
p10_vpcc_r04.ply,p10.ply,VPCC,2,3.85,359368,1195295,36.03634977340698,0.5598258972167969,118.28953244582488,117.45686918479944,132.55971557010997,119.22701317805787,124.21430105149848,124.79214518616881
p10_vpcc_r05.ply,p10.ply,VPCC,2,3.66101694915254,359368,1032882,40.28542637825012,0.502593994140625,106.64733566095408,98.55287610388844,104.58339405322661,92.1308049230408,105.2987601046553,107.03152668700757
p11_geocnn_r01.ply,p11.ply,GEOCNN,0,3.85245901639344,1137696,1240456,10.405113458633423,0.6329994201660156,55.18804444899773,61.84869467617236,67.06259017690826,70.25793718260928,74.84841798059735,76.31126222664622
p11_geocnn_r02.ply,p11.ply,GEOCNN,0,4.50847457627119,1137696,1171138,10.110336542129517,0.6667747497558594,48.88830671034441,57.4995968251939,62.823401383646036,66.53964366326514,66.26515417768329,72.35416958938356
p11_geocnn_r03.ply,p11.ply,GEOCNN,0,4.50847457627119,1137696,1160788,9.749586343765259,0.5960121154785156,38.322628583672824,48.47208016067526,60.568182096639944,63.067838940553834,60.48845898181387,68.02737407536331
p11_geocnn_r04.ply,p11.ply,GEOCNN,0,4.53333333333333,1137696,1139256,9.727168083190918,0.6100234985351562,35.32772644708433,45.74114154852397,53.47017871084279,60.957717526975344,58.072664418218324,64.33163903631193
p11_gpcc-octree-predlift_r02.ply,p11.ply,GPCC,1,1.2741935483871,1137696,75679,20.791730403900146,0.4364356994628906,0.0,0.0,186.01910176702927,184.82820509773262,170.17583611670995,172.0319807912388
p11_gpcc-octree-predlift_r03.ply,p11.ply,GPCC,1,2.55737704918033,1137696,296459,24.512157917022705,0.4906654357910156,0.0,0.0,139.08745900036877,142.60681062550037,141.47372164923132,143.8555288729834
p11_gpcc-octree-predlift_r04.ply,p11.ply,GPCC,1,3.88135593220339,1137696,653306,26.275158405303955,0.5261459350585938,110.69289331615349,109.80477370556167,104.69878755475216,115.77812010461288,121.39272640807879,127.05212800402707
p11_gpcc-octree-predlift_r05.ply,p11.ply,GPCC,1,4.31147540983607,1137696,880005,22.603776216506958,0.5409278869628906,0.0,0.0,93.14133980596338,93.43865454725086,92.26383566906316,92.07038087196565
p11_gpcc-octree-predlift_r06.ply,p11.ply,GPCC,1,4.58333333333333,1137696,1005267,16.007873058319092,0.6152229309082031,66.30869253612795,66.22516016558163,78.34669700817429,77.4662872913433,78.60048863304915,79.80735208702731
p11_gpcc-octree-raht_r02.ply,p11.ply,GPCC,1,1.34426229508197,1137696,75679,17.777116298675537,0.4752235412597656,0.0,0.0,197.1066251724641,183.8463773047066,172.15402489543808,175.84548021825827
p11_gpcc-octree-raht_r03.ply,p11.ply,GPCC,1,2.26666666666667,1137696,296459,20.386516332626343,0.4709320068359375,0.0,0.0,148.89967153165497,152.77594204970242,138.2722985797572,147.07390909062212
p11_gpcc-octree-raht_r04.ply,p11.ply,GPCC,1,3.5,1137696,653306,23.594985723495483,0.5677947998046875,109.11163213458005,111.4342653829323,108.59253960087679,118.62702737200974,131.93911035857508,133.80107598542378
p11_gpcc-octree-raht_r05.ply,p11.ply,GPCC,1,4.18032786885246,1137696,880005,23.50455069541931,0.5192146301269531,0.0,0.0,95.67350781022391,94.92311742230277,93.18040948609939,93.27427359717205
p11_gpcc-octree-raht_r06.ply,p11.ply,GPCC,1,4.65,1137696,1005267,15.84425687789917,0.6042022705078125,68.81771362592818,67.4186983378361,80.16066631470005,78.94587400206561,81.17149672793937,80.79695780804964
p11_vpcc_r00.ply,p11.ply,VPCC,2,1.50819672131148,1137696,961462,10.989527463912964,0.578155517578125,0.0,0.0,174.9539225661947,178.04215762973982,163.7657717619616,165.30081163445385
p11_vpcc_r01.ply,p11.ply,VPCC,2,2.36666666666667,1137696,1048463,10.085320472717285,0.5927009582519531,119.3337277778494,124.98138160417713,147.12912139727734,157.03029006084597,145.51149090103218,147.19548869712025
p11_vpcc_r02.ply,p11.ply,VPCC,2,3.04918032786885,1137696,1091389,10.598946571350098,0.5072250366210938,100.00719591138733,106.9991808115922,122.37034570759582,142.81064837110563,130.60724914422718,129.0770096096733
p11_vpcc_r03.ply,p11.ply,VPCC,2,3.96551724137931,1137696,1102409,10.080726861953735,0.5390167236328125,0.0,0.0,101.370552939021,105.4770821749478,106.32482512318427,104.86999846584668
p11_vpcc_r04.ply,p11.ply,VPCC,2,4.52459016393443,1137696,1122083,10.841059446334839,0.562530517578125,56.88448745646532,54.11434624803222,75.56020747260422,79.6621617846022,74.24668232390862,72.21924127284063
p11_vpcc_r05.ply,p11.ply,VPCC,2,4.73333333333333,1137696,1096315,10.584201335906982,0.5558242797851562,34.219649816440864,32.915746286403404,53.66145301131056,61.57174925982997,59.459631337011785,58.57915449882812
p13_geocnn_r01.ply,p13.ply,GEOCNN,0,4.34426229508197,1328872,1410116,14.38949465751648,0.6552886962890625,62.78153259487364,62.677679945051054,82.6895429080049,68.22904595530912,61.958552827652966,63.88013225888609
p13_geocnn_r02.ply,p13.ply,GEOCNN,0,4.73684210526316,1328872,1360801,13.588650465011597,0.61944580078125,45.66166146010279,41.70506612452383,74.69406055701819,56.006487464236216,55.77209680021109,56.91067067998058
p13_geocnn_r03.ply,p13.ply,GEOCNN,0,4.40322580645161,1328872,1359690,13.296757459640503,0.601776123046875,42.66091975843125,39.30209594187167,0.0,0.0,48.94592132561813,48.17658874642234
p13_geocnn_r04.ply,p13.ply,GEOCNN,0,4.73770491803279,1328872,1327396,13.401532411575317,0.5747756958007812,36.15372389348026,33.55628161130319,64.4003011082099,39.691501873697945,43.82870545477475,44.74039000445259
p13_gpcc-octree-predlift_r02.ply,p13.ply,GPCC,1,1.20689655172414,1328872,89142,25.908204317092896,0.47727203369140625,0.0,0.0,24.072396839074834,0.0,140.21909774468537,137.09479886597188
p13_gpcc-octree-predlift_r03.ply,p13.ply,GPCC,1,2.8135593220339,1328872,348463,30.436847686767578,0.4403572082519531,0.0,0.0,14.169275273611898,0.0,105.73168131355249,103.46428285290321
p13_gpcc-octree-predlift_r04.ply,p13.ply,GPCC,1,4.19354838709677,1328872,765763,32.04337549209595,0.5958747863769531,92.64345562730325,88.90177511318566,113.99041917948156,103.75229235149028,86.17005664192727,86.67476070519479
p13_gpcc-octree-predlift_r05.ply,p13.ply,GPCC,1,4.3,1328872,1029941,29.80444025993347,0.5615196228027344,0.0,0.0,59.332467725037006,47.252735841244125,77.01297808123633,77.60246568975163
p13_gpcc-octree-predlift_r06.ply,p13.ply,GPCC,1,4.64516129032258,1328872,1175150,21.57084083557129,0.5507392883300781,73.77672077835436,75.03213113311394,89.22461502248368,82.4557934685953,66.19417980337832,67.86978436193343
p13_gpcc-octree-raht_r02.ply,p13.ply,GPCC,1,1.39344262295082,1328872,89142,28.272406339645386,0.4704017639160156,0.0,0.0,0.0,0.0,140.43485621420245,137.20263226543784
p13_gpcc-octree-raht_r03.ply,p13.ply,GPCC,1,2.09836065573771,1328872,348463,29.835773706436157,0.4648170471191406,0.0,0.0,14.811385632202075,0.0,112.52522474785685,110.53212934780996
p13_gpcc-octree-raht_r04.ply,p13.ply,GPCC,1,3.68852459016394,1328872,765763,31.062081575393677,0.5732078552246094,96.38103105088734,93.49127119413015,116.22516693584026,107.0313281751847,90.11586449207226,89.38544358236078
p13_gpcc-octree-raht_r05.ply,p13.ply,GPCC,1,4.24590163934426,1328872,1029941,27.503947973251343,0.4995155334472656,0.0,0.0,59.966586774430034,47.699903527151506,77.6710261869297,78.80278538847254
p13_gpcc-octree-raht_r06.ply,p13.ply,GPCC,1,4.58620689655172,1328872,1175150,21.41798758506775,0.5506210327148438,75.71773600609285,75.6335732808036,89.2937652817755,83.20622626658869,67.14978546931975,68.34115845882044
p13_vpcc_r00.ply,p13.ply,VPCC,2,2.09677419354839,1328872,1106419,14.712278604507446,0.5639381408691406,146.71113797097294,149.1530600945549,0.0,0.0,123.90894271392236,120.92591729311665
p13_vpcc_r01.ply,p13.ply,VPCC,2,2.69354838709677,1328872,1210770,14.206568241119385,0.5666122436523438,117.57594207379891,120.35919174535226,134.77992404819395,131.33501757179346,107.74997394787238,105.30104901595719
p13_vpcc_r02.ply,p13.ply,VPCC,2,3.68852459016394,1328872,1278665,14.046697616577148,0.5741081237792969,90.5242111881711,89.32904348185934,106.1855695295877,108.45211730442834,91.86811358659965,91.3534306944389
p13_vpcc_r03.ply,p13.ply,VPCC,2,4.08620689655172,1328872,1302198,13.356303215026855,0.5268135070800781,71.0024460977497,74.53717409080723,85.24336325850882,92.099826770659,77.50016345137908,76.50182225662118
p13_vpcc_r04.ply,p13.ply,VPCC,2,4.57377049180328,1328872,1334672,13.361613512039185,0.6004295349121094,56.29363009182029,55.81497240001614,69.18147008385738,78.39138172062741,60.23647026826116,61.361595759284576
p13_vpcc_r05.ply,p13.ply,VPCC,2,4.70491803278689,1328872,1299153,13.399160146713257,0.5695724487304688,38.14326697937838,35.216323272484985,59.868835850586755,65.36148602001668,48.892481387039965,48.5723063840018
p14_geocnn_r01.ply,p14.ply,GEOCNN,0,4.0,977536,1047069,15.054028987884521,0.5048828125,68.13610538180765,77.57955685235768,66.66095403172596,62.854007885243966,70.81980609442533,69.60079045706534
p14_geocnn_r02.ply,p14.ply,GEOCNN,0,4.37704918032787,977536,993758,14.94167947769165,0.4869575500488281,60.165174510030866,71.87840429812573,59.691824109112716,51.80344972550638,58.29314336584679,58.9568842196564
p14_geocnn_r03.ply,p14.ply,GEOCNN,0,4.36065573770492,977536,991166,14.36188292503357,0.5296516418457031,49.64345039705485,63.205785556943205,55.437476311288556,42.031634265830384,54.917231968998536,50.414241891085055
p14_geocnn_r04.ply,p14.ply,GEOCNN,0,4.66101694915254,977536,970434,14.374826192855835,0.4371757507324219,39.54881358728795,60.6200817646496,48.96882517380329,40.61353960308805,49.41842707853888,48.18865263247225
p14_gpcc-octree-predlift_r02.ply,p14.ply,GPCC,1,1.6,977536,64898,26.96879005432129,0.3877716064453125,149.99521818741397,159.2724043326158,141.32956140100228,111.20533749663726,136.35766967674675,135.14894648487973
p14_gpcc-octree-predlift_r03.ply,p14.ply,GPCC,1,2.70491803278689,977536,254598,30.799926280975342,0.3909721374511719,95.63266335518375,104.11537413679557,117.94226877422057,107.12475336793324,105.80651726849244,103.2252023629542
p14_gpcc-octree-predlift_r04.ply,p14.ply,GPCC,1,4.28333333333333,977536,561705,31.084168434143066,0.4488868713378906,96.71347513369119,99.10003700086459,98.38966471119295,90.71794921566239,85.88834252194533,81.90423628806798
p14_gpcc-octree-predlift_r05.ply,p14.ply,GPCC,1,4.41379310344828,977536,756384,26.477827310562134,0.4285163879394531,88.28239804224947,89.4657279330836,75.46769599984289,83.52721796736091,75.52556066674707,76.11188939928465
p14_gpcc-octree-predlift_r06.ply,p14.ply,GPCC,1,4.67213114754098,977536,863139,20.820172548294067,0.5005989074707031,79.02260664982721,80.45798816240736,66.84069687940419,76.51783618203117,69.53285249489012,71.14382801970795
p14_gpcc-octree-raht_r02.ply,p14.ply,GPCC,1,1.21311475409836,977536,64898,28.97784686088562,0.3812141418457031,153.23954317488986,162.8679697586951,148.95742989508645,116.7277040363291,142.81532569143963,140.13053796846435
p14_gpcc-octree-raht_r03.ply,p14.ply,GPCC,1,2.2258064516129,977536,254598,29.15708088874817,0.38227081298828125,101.03666202640747,111.30771448034562,121.5456702188762,111.73479432309207,109.88300718527793,108.6083379844089
p14_gpcc-octree-raht_r04.ply,p14.ply,GPCC,1,4.01612903225806,977536,561705,30.489266872406006,0.3881340026855469,97.85707715361741,100.88117632961209,101.62557300082076,92.82768478992774,89.05442583247998,84.49801985535743
p14_gpcc-octree-raht_r05.ply,p14.ply,GPCC,1,4.40983606557377,977536,756384,26.9731228351593,0.4298744201660156,88.72790367521232,89.95111328486993,74.69154984555402,84.00353266935059,76.70419971697578,77.10622307856354
p14_gpcc-octree-raht_r06.ply,p14.ply,GPCC,1,4.6271186440678,977536,863139,20.891931533813477,0.5135498046875,79.96439473271747,80.64793032258638,67.1908223253631,77.00095611022347,70.93099568769969,71.6795869491107
p14_vpcc_r00.ply,p14.ply,VPCC,2,2.01612903225806,977536,767100,15.279935121536255,0.4427223205566406,145.56666507415687,147.47103236269845,148.6232504733975,140.5835073176931,132.77055367574388,130.26272804406022
p14_vpcc_r01.ply,p14.ply,VPCC,2,2.88135593220339,977536,880589,15.111970901489258,0.4345703125,123.37987697298823,122.14307339201062,128.52872650162357,83.48196629794205,112.65935328955715,112.61587608833605
p14_vpcc_r02.ply,p14.ply,VPCC,2,4.0327868852459,977536,946075,14.615867137908936,0.5018653869628906,101.15810338111822,101.35588764803208,102.7612661396933,61.98839064814065,95.77329394864657,96.83578996479845
p14_vpcc_r03.ply,p14.ply,VPCC,2,4.50847457627119,977536,970199,14.487627744674683,0.4917449951171875,87.57782297809842,86.07063585227623,71.01744244003106,80.33986383977351,84.69761424012135,85.95416503369566
p14_vpcc_r04.ply,p14.ply,VPCC,2,4.59016393442623,977536,994113,14.493610143661499,0.4661865234375,72.22755033075543,71.8833731214284,62.948686217473586,42.482902282914296,73.58700256059288,76.6131590374297
p14_vpcc_r05.ply,p14.ply,VPCC,2,4.68333333333333,977536,964265,14.460328578948975,0.4227867126464844,55.261310555255484,55.56120852300906,44.329007019501184,50.26489508527524,54.57108050979788,54.680455692223404
p15_geocnn_r01.ply,p15.ply,GEOCNN,0,3.8,901574,973043,11.449901580810547,0.488311767578125,57.126403433310124,54.54298604443469,73.06623917265011,76.22725247332556,68.95570510348892,69.16709261953163
p15_geocnn_r02.ply,p15.ply,GEOCNN,0,4.20689655172414,901574,921252,10.928662300109863,0.3830108642578125,49.744972735642975,45.82181718216226,64.0977331760653,64.63033195364353,62.29734137260877,61.89523625205598
p15_geocnn_r03.ply,p15.ply,GEOCNN,0,4.42372881355932,901574,916036,10.908847332000732,0.46120452880859375,43.147043904643866,39.79436606929423,62.59490215603532,50.989624319902916,55.67598025086741,54.845074151744356
p15_geocnn_r04.ply,p15.ply,GEOCNN,0,4.61904761904762,901574,898891,10.728637933731079,0.45879364013671875,35.23749715555586,31.012848834358667,55.36624935886551,47.050715583802955,51.515231677615965,51.45523701162976
p15_gpcc-octree-predlift_r02.ply,p15.ply,GPCC,1,1.27868852459016,901574,59544,19.291011571884155,0.3680000305175781,0.0,0.0,147.96410985301947,148.93030001320952,145.15413710298813,140.75421160366716
p15_gpcc-octree-predlift_r03.ply,p15.ply,GPCC,1,2.69491525423729,901574,234117,21.44867777824402,0.36212158203125,0.0,0.0,114.80217085757576,117.65320653347342,109.2058794786227,112.12188555301987
p15_gpcc-octree-predlift_r04.ply,p15.ply,GPCC,1,3.78333333333333,901574,516880,22.601484298706055,0.3664741516113281,100.60049616906076,97.90771961620243,93.23433082183568,97.79460262684546,90.47476421686333,96.31775421454972
p15_gpcc-octree-predlift_r05.ply,p15.ply,GPCC,1,4.13559322033898,901574,696784,18.2098708152771,0.36521148681640625,84.9830565258355,86.25984574350873,86.30776532623523,89.56729109975527,82.50808030377875,82.06766790985151
p15_gpcc-octree-predlift_r06.ply,p15.ply,GPCC,1,4.33333333333333,901574,796460,15.964611053466797,0.4654960632324219,0.0,0.0,72.53287193585176,76.56260735683068,75.7231233299409,74.21315734392701
p15_gpcc-octree-raht_r02.ply,p15.ply,GPCC,1,1.12068965517241,901574,59544,19.46376657485962,0.3168678283691406,0.0,0.0,152.79928404972895,150.8270619972724,148.27048419096022,142.92011249259525
p15_gpcc-octree-raht_r03.ply,p15.ply,GPCC,1,2.0,901574,234117,18.44008159637451,0.28365325927734375,0.0,0.0,119.52578437411212,124.17111077990924,114.09980821974392,114.9032586253676
p15_gpcc-octree-raht_r04.ply,p15.ply,GPCC,1,3.79310344827586,901574,516880,20.528980493545532,0.3730506896972656,97.92056006772528,98.09645572013247,96.90361009014151,99.12176624844035,93.92728138934474,96.89574129861951
p15_gpcc-octree-raht_r05.ply,p15.ply,GPCC,1,4.21666666666667,901574,696784,17.897260665893555,0.39131927490234375,89.75100414450182,88.36958741269348,87.23642632583903,91.12262653598694,84.57697473465,84.9802875323003
p15_gpcc-octree-raht_r06.ply,p15.ply,GPCC,1,4.34426229508197,901574,796460,15.853331804275513,0.4762763977050781,0.0,0.0,73.25263714327878,77.80817597201221,76.96095649704532,75.92690264591752
p15_vpcc_r00.ply,p15.ply,VPCC,2,1.81666666666667,901574,696376,11.725184679031372,0.39504241943359375,143.03917543470078,149.62768616841993,147.70344711157134,157.48955110305644,134.38222069984351,133.9783530693685
p15_vpcc_r01.ply,p15.ply,VPCC,2,2.54098360655738,901574,821392,10.896203756332397,0.41757965087890625,121.10194452266964,126.51047335390012,121.74515656380629,133.85306283239154,116.47421189554817,111.92327795234866
p15_vpcc_r02.ply,p15.ply,VPCC,2,3.36507936507937,901574,867171,11.549975395202637,0.4572105407714844,91.70991895651684,94.04519885117327,98.9883665621145,117.29787852221509,95.14211105632963,96.77742480935112
p15_vpcc_r03.ply,p15.ply,VPCC,2,3.88333333333333,901574,885664,10.991931200027466,0.4309349060058594,69.70703910269577,70.17412565577925,83.4743126330084,108.90362603450595,88.53647736661958,86.00979776469762
p15_vpcc_r04.ply,p15.ply,VPCC,2,4.51612903225806,901574,899772,10.915005683898926,0.46749114990234375,50.35320604934561,49.53067233697892,69.26743344817254,89.56607191066999,68.98057283263226,72.04816176348223
p15_vpcc_r05.ply,p15.ply,VPCC,2,4.47540983606557,901574,877610,11.785210847854614,0.46501922607421875,36.899006160511966,33.372486096930615,54.81981948665607,83.33649541994185,52.68323893175112,55.10860384576257
p20_geocnn_r01.ply,p20.ply,GEOCNN,0,3.75,557399,628320,8.665321111679077,0.3470649719238281,16.170731675620594,10.478834316735577,61.580799655194426,52.6048195203293,0.0,0.0
p20_geocnn_r02.ply,p20.ply,GEOCNN,0,4.30645161290323,557399,587690,8.531055688858032,0.3530006408691406,11.853592328550512,17.996739175978547,55.875327855169616,49.38436448508196,0.0,0.0
p20_geocnn_r03.ply,p20.ply,GEOCNN,0,4.41666666666667,557399,573926,8.253146886825562,0.3925895690917969,10.363379494576337,17.707800375806674,45.94423349759951,42.22224072647566,0.0,0.0
p20_geocnn_r04.ply,p20.ply,GEOCNN,0,4.42372881355932,557399,562285,8.186445713043213,0.33554840087890625,7.189901733657393,15.255182017209233,37.991780161077116,38.00913653651566,0.0,0.0
p20_gpcc-octree-predlift_r02.ply,p20.ply,GPCC,1,1.72881355932203,557399,35352,12.683035850524902,0.36585235595703125,167.6496740767687,177.83916744681952,0.0,0.0,0.0,0.0
p20_gpcc-octree-predlift_r03.ply,p20.ply,GPCC,1,2.58064516129032,557399,141841,14.976985454559326,0.3358268737792969,137.41504958407157,144.42369814210042,0.0,0.0,0.0,0.0
p20_gpcc-octree-predlift_r04.ply,p20.ply,GPCC,1,3.94915254237288,557399,316441,15.910024881362915,0.3368949890136719,114.51056756870442,115.94053802237781,88.13098917947269,88.88377292141986,87.99872708188487,90.2718552843813
p20_gpcc-octree-predlift_r05.ply,p20.ply,GPCC,1,4.45161290322581,557399,428897,14.518843412399292,0.3445320129394531,87.30496297000246,91.12831509446497,0.0,0.0,0.0,0.0
p20_gpcc-octree-predlift_r06.ply,p20.ply,GPCC,1,4.54237288135593,557399,490678,12.296329259872437,0.3550872802734375,10.411468452360937,16.81873237762968,61.97027901220385,60.193564635998754,0.0,0.0
p20_gpcc-octree-raht_r02.ply,p20.ply,GPCC,1,1.5,557399,35352,12.582894802093506,0.3456153869628906,168.29139485950458,183.17102475569578,0.0,0.0,0.0,0.0
p20_gpcc-octree-raht_r03.ply,p20.ply,GPCC,1,2.66666666666667,557399,141841,14.829942226409912,0.3382453918457031,140.72213227481808,143.1985115468339,0.0,0.0,0.0,0.0
p20_gpcc-octree-raht_r04.ply,p20.ply,GPCC,1,3.76271186440678,557399,316441,16.274217128753662,0.3309822082519531,119.46620551836625,118.58477474844882,91.97702822727209,88.89493968246657,93.61382799223271,92.37406631383172
p20_gpcc-octree-raht_r05.ply,p20.ply,GPCC,1,4.36065573770492,557399,428897,14.439008712768555,0.3600807189941406,89.28725378423674,92.79476978569899,0.0,0.0,0.0,0.0
p20_gpcc-octree-raht_r06.ply,p20.ply,GPCC,1,4.58333333333333,557399,490678,11.196484804153442,0.3414573669433594,13.215398311559362,16.711392597748876,62.38276243393841,60.572200177280365,0.0,0.0
p20_vpcc_r00.ply,p20.ply,VPCC,2,2.08064516129032,557399,447253,8.626815557479858,0.381866455078125,178.7355342934025,184.58062357628583,0.0,0.0,0.0,0.0
p20_vpcc_r01.ply,p20.ply,VPCC,2,2.42622950819672,557399,498432,8.483962774276733,0.3962745666503906,25.48481114871794,49.215052387973344,0.0,0.0,0.0,0.0
p20_vpcc_r02.ply,p20.ply,VPCC,2,3.04918032786885,557399,534287,8.98679518699646,0.3976783752441406,21.762522026910368,42.58393386215179,0.0,0.0,0.0,0.0
p20_vpcc_r03.ply,p20.ply,VPCC,2,3.63333333333333,557399,536102,8.099183082580566,0.37981414794921875,20.774040500451157,30.698906561149066,0.0,0.0,0.0,0.0
p20_vpcc_r04.ply,p20.ply,VPCC,2,4.13333333333333,557399,548567,8.293809175491333,0.3639564514160156,13.569896403975187,23.403413492444244,0.0,0.0,0.0,0.0
p20_vpcc_r05.ply,p20.ply,VPCC,2,4.66101694915254,557399,517764,8.278438568115234,0.4052009582519531,14.117265895211697,21.02223995430476,54.21766149475066,32.710077010038496,0.0,0.0
p21_geocnn_r01.ply,p21.ply,GEOCNN,0,4.0,1427172,1538468,19.58719515800476,0.6424179077148438,102.15507111361332,102.22596488703994,16.050267435462096,16.867623841036526,75.23915494166525,69.42979144214416
p21_geocnn_r02.ply,p21.ply,GEOCNN,0,4.39344262295082,1427172,1481684,18.41879177093506,0.6267471313476562,91.80652054268184,88.51101108196312,18.887569931225656,18.218053871180146,77.53211724835006,61.15886124787272
p21_geocnn_r03.ply,p21.ply,GEOCNN,0,4.4406779661017,1427172,1457675,18.130139112472534,0.6235504150390625,82.51494976042564,83.86519050468469,9.379174711238536,9.45396823643663,73.22027511996646,62.52513212366572
p21_geocnn_r04.ply,p21.ply,GEOCNN,0,4.72413793103448,1427172,1435565,17.18292474746704,0.5595169067382812,76.49983011768728,70.55539201561749,8.467670161410771,8.084127316679947,92.0416030489852,60.35123793703284
p21_gpcc-octree-predlift_r02.ply,p21.ply,GPCC,1,1.80327868852459,1427172,95026,30.80329966545105,0.4374122619628906,154.29681539267884,157.10978745025392,33.726767039207175,43.874919406622965,132.95760056174032,130.18150754559457
p21_gpcc-octree-predlift_r03.ply,p21.ply,GPCC,1,2.75806451612903,1427172,372992,34.805192947387695,0.4186515808105469,139.51170213806392,128.66179958221863,23.01066920903753,26.12393340300887,112.04755394996103,110.5548964207875
p21_gpcc-octree-predlift_r04.ply,p21.ply,GPCC,1,4.26666666666667,1427172,821306,33.61997628211975,0.535125732421875,96.09939694873799,98.56496766438349,17.686406561347205,18.335992497755996,133.80629536916518,138.45691445100277
p21_gpcc-octree-predlift_r05.ply,p21.ply,GPCC,1,4.57377049180328,1427172,1105368,28.708984851837158,0.5380287170410156,94.2559878082723,92.36878641360451,12.927442353965752,11.096846506893137,105.65424577059161,74.07478327381814
p21_gpcc-octree-predlift_r06.ply,p21.ply,GPCC,1,4.7,1427172,1262056,25.48412013053894,0.5616569519042969,79.95483646525113,80.92417254633553,12.299857497713006,8.767658566868818,98.5508570514443,67.94322795559725
p21_gpcc-octree-raht_r02.ply,p21.ply,GPCC,1,1.75409836065574,1427172,95026,30.78748083114624,0.41262054443359375,158.16677204746713,160.0233284082313,50.49859710165322,45.48716379496241,143.51318024132402,126.27091783534861
p21_gpcc-octree-raht_r03.ply,p21.ply,GPCC,1,2.98275862068966,1427172,372992,36.07783627510071,0.4257850646972656,137.4497070234591,131.93326176162708,22.40588126723523,34.691173816619916,116.85157036566551,112.5149669305163
p21_gpcc-octree-raht_r04.ply,p21.ply,GPCC,1,3.9,1427172,821306,32.1497061252594,0.4947090148925781,98.26629182505397,98.98549306700508,16.224942593533978,18.16978975666555,137.86295667179633,137.40090023081734
p21_gpcc-octree-raht_r05.ply,p21.ply,GPCC,1,4.52542372881356,1427172,1105368,29.780985832214355,0.5117340087890625,94.47450640795967,92.82320458144791,12.345301301605454,10.789938102296244,108.45655844348569,76.42892321917647
p21_gpcc-octree-raht_r06.ply,p21.ply,GPCC,1,4.71666666666667,1427172,1262056,24.996596097946167,0.558685302734375,82.57259108606398,82.1319952515615,13.000883255391722,10.480275238216354,99.84626725631581,67.94573678283409
p21_vpcc_r00.ply,p21.ply,VPCC,2,2.3728813559322,1427172,1166134,18.761327266693115,0.5280570983886719,166.73514076347,164.80023342969542,162.85611014995962,178.0555535415016,131.70276554001518,119.79853567071349
p21_vpcc_r01.ply,p21.ply,VPCC,2,3.01639344262295,1427172,1259123,18.615697383880615,0.5526161193847656,145.01383548383757,145.01563336461737,47.262838832960156,50.10469312661124,0.0,0.0
p21_vpcc_r02.ply,p21.ply,VPCC,2,3.58620689655172,1427172,1351153,17.670715808868408,0.49021148681640625,130.42897050395473,132.73257656289502,145.0924590743105,156.91059929862246,104.93723786158412,100.71537940625095
p21_vpcc_r03.ply,p21.ply,VPCC,2,4.21666666666667,1427172,1380020,18.448845624923706,0.554931640625,111.14526581445432,119.34591732460775,138.27401836329054,147.26442299484995,133.61155593240102,91.017370823323
p21_vpcc_r04.ply,p21.ply,VPCC,2,4.71666666666667,1427172,1413692,17.706007957458496,0.5662345886230469,98.94876409340947,108.25783833974393,133.7988869895786,136.34529529302876,76.0048089061814,75.87675979846112
p21_vpcc_r05.ply,p21.ply,VPCC,2,4.78688524590164,1427172,1388466,18.819687366485596,0.5779151916503906,75.82786354488572,88.31657218139802,89.28812765653453,92.99367702998069,93.19436337313186,66.76068202856129
p22_geocnn_r01.ply,p22.ply,GEOCNN,0,3.91525423728814,741538,815153,11.142728567123413,0.4557304382324219,108.43673161295513,117.34264886326845,51.64262881834867,51.047071811969296,105.20311767234116,104.30551459857276
p22_geocnn_r02.ply,p22.ply,GEOCNN,0,4.6,741538,787694,11.020784854888916,0.45223236083984375,89.93474861013647,94.21872102444668,44.354965294885986,43.946742655015385,0.0,0.0
p22_geocnn_r03.ply,p22.ply,GEOCNN,0,4.71666666666667,741538,748928,11.045444250106812,0.4473304748535156,86.4076624321994,87.3984138958464,39.43840978215546,40.000597449421896,0.0,0.0
p22_geocnn_r04.ply,p22.ply,GEOCNN,0,4.79310344827586,741538,741080,10.707695960998535,0.3756217956542969,80.71625425092755,83.0512887133674,38.169538187248236,38.71915788021442,0.0,0.0
p22_gpcc-octree-predlift_r02.ply,p22.ply,GPCC,1,1.53448275862069,741538,48048,36.51859474182129,0.3520774841308594,170.4222099052574,172.53963823831793,113.25716537914695,113.11554153178088,0.0,0.0
p22_gpcc-octree-predlift_r03.ply,p22.ply,GPCC,1,3.09677419354839,741538,190894,39.42726755142212,0.4414482116699219,141.97856249087673,141.23174036989877,72.15924558236581,73.85929646989369,0.0,0.0
p22_gpcc-octree-predlift_r04.ply,p22.ply,GPCC,1,4.45,741538,423134,42.49484300613403,0.3671073913574219,105.64498146245671,109.58128482972018,94.08154043222095,94.39151702721381,109.43097184906577,106.50005931321974
p22_gpcc-octree-predlift_r05.ply,p22.ply,GPCC,1,4.56896551724138,741538,570679,37.76441764831543,0.3906745910644531,101.39883303365555,100.2353639799698,36.76977035494545,35.61956423591987,99.43788939545308,99.5505573546396
p22_gpcc-octree-predlift_r06.ply,p22.ply,GPCC,1,4.70689655172414,741538,653240,28.677967071533203,0.3946266174316406,87.28947757884191,88.90110822672514,35.01560208492572,33.32524962973981,0.0,0.0
p22_gpcc-octree-raht_r02.ply,p22.ply,GPCC,1,1.4,741538,48048,32.52352285385132,0.3946075439453125,176.3539858457979,172.48119820990053,119.90873829025293,116.93814102382322,0.0,0.0
p22_gpcc-octree-raht_r03.ply,p22.ply,GPCC,1,2.63934426229508,741538,190894,38.64093828201294,0.3894805908203125,148.38091497485317,139.38448619797646,76.91651844305358,76.71712678587454,0.0,0.0
p22_gpcc-octree-raht_r04.ply,p22.ply,GPCC,1,4.41379310344828,741538,423134,52.358088970184326,0.39093780517578125,109.29506489774943,110.57852638233729,98.99603947037204,99.91395617943198,113.73980829594768,111.16441345081708
p22_gpcc-octree-raht_r05.ply,p22.ply,GPCC,1,4.59016393442623,741538,570679,34.38398575782776,0.3872718811035156,101.1708302973284,101.30331606351794,37.61213677137225,36.23335226732832,99.82171709708868,99.52672665622845
p22_gpcc-octree-raht_r06.ply,p22.ply,GPCC,1,4.66129032258065,741538,653240,29.47155261039734,0.5295181274414062,88.02712052556645,89.67519293072269,35.42626425424041,33.62513982336044,0.0,0.0
p22_vpcc_r00.ply,p22.ply,VPCC,2,2.03333333333333,741538,574137,10.437987804412842,0.3933525085449219,151.08698296696178,152.49044791709844,182.19790767931636,181.30273313563546,0.0,0.0
p22_vpcc_r01.ply,p22.ply,VPCC,2,2.72131147540984,741538,655223,11.499526500701904,0.3772850036621094,136.77325335736657,140.86125300805247,160.51237642592613,159.56694658604536,0.0,0.0
p22_vpcc_r02.ply,p22.ply,VPCC,2,3.73333333333333,741538,701736,10.607319831848145,0.38775634765625,119.38009974511209,122.69762254752195,138.9194233060884,138.26135715781734,126.50969210034653,121.39835335055986
p22_vpcc_r03.ply,p22.ply,VPCC,2,4.6,741538,707193,11.436962366104126,0.3925209045410156,100.6207563549014,103.96427592757189,120.95006667422331,120.32396485538307,0.0,0.0
p22_vpcc_r04.ply,p22.ply,VPCC,2,4.7,741538,728074,11.567073583602905,0.36208343505859375,95.68953282369839,97.78046327569673,111.80935189014559,110.18832438840276,0.0,0.0
p22_vpcc_r05.ply,p22.ply,VPCC,2,4.66129032258065,741538,704327,10.601106405258179,0.39365386962890625,83.72963181914868,84.71892398314392,70.02851673666554,68.58072953785162,0.0,0.0
p23_geocnn_r01.ply,p23.ply,GEOCNN,0,4.15,1899019,2139948,18.765422821044922,0.7625694274902344,94.70519872352543,90.05858295873449,161.53290394305628,91.76729723806825,89.92377335838441,90.44194155901937
p23_geocnn_r02.ply,p23.ply,GEOCNN,0,4.62295081967213,1899019,2024161,17.344234704971313,0.6604576110839844,90.60319313616016,0.0,90.50444277298807,87.83218742811928,87.1919065172482,88.70834515540949
p23_geocnn_r03.ply,p23.ply,GEOCNN,0,4.42622950819672,1899019,2026474,17.2101993560791,0.7380905151367188,84.94401215769898,0.0,81.17807699330685,84.1735734356795,82.7590521613418,84.21193065818308
p23_geocnn_r04.ply,p23.ply,GEOCNN,0,4.77966101694915,1899019,1910260,17.8063325881958,0.7323570251464844,82.01317067710957,0.0,76.43673109826851,79.4998645922125,78.37548758559507,80.76613150091637
p23_gpcc-octree-predlift_r02.ply,p23.ply,GPCC,1,2.22033898305085,1899019,125060,30.20343255996704,0.46506500244140625,24.61388155929955,0.0,0.0,0.0,153.64481396959312,152.98797440282726
p23_gpcc-octree-predlift_r03.ply,p23.ply,GPCC,1,3.3728813559322,1899019,497324,40.42381191253662,0.3789329528808594,13.17543047797323,0.0,0.0,0.0,118.72940737348307,122.27232260437347
p23_gpcc-octree-predlift_r04.ply,p23.ply,GPCC,1,4.60655737704918,1899019,1094063,38.99203300476074,0.6270713806152344,108.28563495567916,105.87739931427537,117.42988959650583,108.73862306648483,91.54062874788136,92.18340678233974
p23_gpcc-octree-predlift_r05.ply,p23.ply,GPCC,1,4.70491803278689,1899019,1470226,35.641473054885864,0.666290283203125,90.86798749339394,0.0,104.84646190110334,93.80770623105633,75.94744723295553,74.00158222156739
p23_gpcc-octree-predlift_r06.ply,p23.ply,GPCC,1,4.57377049180328,1899019,1678566,27.122219800949097,0.7526473999023438,4.534418268095662,0.0,41.86265863681785,42.46867395407814,66.50388943554898,68.00090194777442
p23_gpcc-octree-raht_r02.ply,p23.ply,GPCC,1,1.72131147540984,1899019,125060,32.83980417251587,0.5079078674316406,27.188973860691092,0.0,0.0,0.0,155.8951027051752,156.65133978367993
p23_gpcc-octree-raht_r03.ply,p23.ply,GPCC,1,3.16949152542373,1899019,497324,36.8033173084259,0.4956474304199219,24.162633821334374,0.0,0.0,0.0,119.20382650430483,121.80680106276198
p23_gpcc-octree-raht_r04.ply,p23.ply,GPCC,1,4.53448275862069,1899019,1094063,34.888983488082886,0.5954437255859375,107.83120086996871,105.8743116282828,124.46642528499996,109.98616670090503,93.28824953181159,93.57119511221492
p23_gpcc-octree-raht_r05.ply,p23.ply,GPCC,1,4.60655737704918,1899019,1470226,36.722999811172485,0.6703414916992188,92.66783276913374,0.0,114.52165270987712,94.27528546916767,78.09344384028472,75.63023014885823
p23_gpcc-octree-raht_r06.ply,p23.ply,GPCC,1,4.74193548387097,1899019,1678566,27.60183835029602,0.7428741455078125,4.560170674459949,0.0,43.219032580691426,42.94521435946723,67.29088606602396,68.85925605445041
p23_vpcc_r00.ply,p23.ply,VPCC,2,2.41666666666667,1899019,1629041,18.387741804122925,0.598602294921875,169.58223388325058,171.9308149184414,170.5972238704884,170.59408465648204,152.5023848585843,151.3670940373501
p23_vpcc_r01.ply,p23.ply,VPCC,2,3.32758620689655,1899019,1766621,18.234054565429688,0.6410751342773438,38.58769127844142,0.0,84.11878077152014,89.06786572327795,132.0857956214998,130.3631173587957
p23_vpcc_r02.ply,p23.ply,VPCC,2,3.95,1899019,1830361,17.324159383773804,0.6495018005371094,121.13916237401554,119.43191809099594,126.00358585164106,122.56327151826322,113.09450722575943,112.22335455778475
p23_vpcc_r03.ply,p23.ply,VPCC,2,4.36065573770492,1899019,1830745,18.03421711921692,0.5436973571777344,104.24225137506724,96.16801610132316,112.50069294462084,54.97520463088768,98.52048017055547,99.93079028204784
p23_vpcc_r04.ply,p23.ply,VPCC,2,4.77049180327869,1899019,1869795,16.769814252853394,0.6683425903320312,89.45311920234477,81.1215598982378,101.64426636999346,45.095461801794364,88.58559980793237,88.07370189625837
p23_vpcc_r05.ply,p23.ply,VPCC,2,4.49180327868853,1899019,1769412,18.621716260910034,0.6240196228027344,80.45092781683368,69.17375360035726,94.80545668476279,74.1189516701589,76.95042936011745,76.82153434794743
p24_geocnn_r01.ply,p24.ply,GEOCNN,0,4.23728813559322,1472711,1721239,15.321442127227783,0.5969467163085938,62.71402113644033,45.03098552148212,49.749715939941964,47.50438895993416,83.83247604009648,83.5059677667563
p24_geocnn_r02.ply,p24.ply,GEOCNN,0,4.55737704918033,1472711,1613813,14.950768232345581,0.6071853637695312,58.627885993586474,40.65020612802773,44.75697068437691,43.839763968313775,75.17056101594135,76.02537189313303
p24_geocnn_r03.ply,p24.ply,GEOCNN,0,4.55932203389831,1472711,1608794,15.000530481338501,0.62420654296875,41.85638985713747,36.79258227163727,37.534365068759456,38.39928392824847,70.70911810718827,70.03282821734243
p24_geocnn_r04.ply,p24.ply,GEOCNN,0,4.65573770491803,1472711,1478952,14.542588233947754,0.6011962890625,37.094358938835015,35.049700173376365,33.24971909375465,35.20338338763762,62.30160767740574,63.97907812968151
p24_gpcc-octree-predlift_r02.ply,p24.ply,GPCC,1,1.57377049180328,1472711,96038,21.738457679748535,0.40557098388671875,106.67751701269736,95.7129742978608,94.95518422897308,97.14118332463502,145.95684146163504,146.0455569036837
p24_gpcc-octree-predlift_r03.ply,p24.ply,GPCC,1,2.91666666666667,1472711,383929,23.54326581954956,0.420562744140625,132.56916986660366,140.8255614814663,73.22992102747432,82.77295683369593,60.106709080485736,68.57007117025606
p24_gpcc-octree-predlift_r04.ply,p24.ply,GPCC,1,4.16393442622951,1472711,846619,24.207194328308105,0.4892463684082031,63.17142942236431,58.536452876378874,56.05285634463644,60.84592499421662,94.09536938750117,96.21827345183559
p24_gpcc-octree-predlift_r05.ply,p24.ply,GPCC,1,4.52459016393443,1472711,1140397,21.97585701942444,0.5286293029785156,54.600516391038106,46.54847731542108,44.46155537395909,43.10521237418292,70.42112236437818,67.9764492682971
p24_gpcc-octree-predlift_r06.ply,p24.ply,GPCC,1,4.55737704918033,1472711,1300295,20.606961250305176,0.5581512451171875,57.75524957720678,41.33574279365257,37.79674673790506,38.48927097783479,62.79431106835773,62.27128168553236
p24_gpcc-octree-raht_r02.ply,p24.ply,GPCC,1,1.35,1472711,96038,21.259085178375244,0.401947021484375,106.27818881125529,99.82028855720472,97.17794446213459,97.3181512644959,144.12318014689882,147.64204589542442
p24_gpcc-octree-raht_r03.ply,p24.ply,GPCC,1,2.44262295081967,1472711,383929,22.557003021240234,0.4562110900878906,136.3933915780764,142.86713592988838,79.24436422381582,82.1478340212919,63.01431422990985,70.58977734766026
p24_gpcc-octree-raht_r04.ply,p24.ply,GPCC,1,3.72131147540984,1472711,846619,24.691326141357422,0.5061378479003906,69.3152694932461,61.846180612451334,59.12609677021499,61.23482589528477,97.13665079230016,99.35103923044883
p24_gpcc-octree-raht_r05.ply,p24.ply,GPCC,1,4.4,1472711,1140397,23.798447370529175,0.5357284545898438,54.080605064343224,47.95993703508435,45.145469999617134,44.52677540141579,72.12840931142523,69.67143451012291
p24_gpcc-octree-raht_r06.ply,p24.ply,GPCC,1,4.65573770491803,1472711,1300295,19.521130800247192,0.6021766662597656,50.76097845161687,40.915724623588346,38.90434091243038,39.30364256633195,64.56508193591938,63.13513503399373
p24_vpcc_r00.ply,p24.ply,VPCC,2,1.80327868852459,1472711,1246153,14.88046407699585,0.5260429382324219,180.20684582641866,183.29504899782353,0.0,0.0,89.30674110866835,94.69626876935695
p24_vpcc_r01.ply,p24.ply,VPCC,2,2.41666666666667,1472711,1345397,14.834358930587769,0.5748443603515625,110.79159944251616,92.32754893318796,0.0,0.0,142.95914317010204,147.44987191576575
p24_vpcc_r02.ply,p24.ply,VPCC,2,3.06779661016949,1472711,1405322,15.09163212776184,0.5969390869140625,142.25718152256962,144.86122152864382,142.7844910785093,137.18919705512184,126.57561957321782,126.60223101837728
p24_vpcc_r03.ply,p24.ply,VPCC,2,4.12068965517241,1472711,1413116,15.359312772750854,0.5396080017089844,121.98128767574208,125.54558040755961,123.21842273333392,117.341018229351,106.25762922041072,107.42500658653003
p24_vpcc_r04.ply,p24.ply,VPCC,2,4.4,1472711,1422983,15.428386926651001,0.5860595703125,102.49646185836494,104.61497713615478,105.84343447202907,97.54048699160235,89.24365068007008,89.55528663854092
p24_vpcc_r05.ply,p24.ply,VPCC,2,4.58333333333333,1472711,1326510,15.945437908172607,0.4980888366699219,85.49988831119586,90.13629277981127,79.15659681781821,71.93095916246861,73.07958951994667,72.57661578477695
p25_geocnn_r01.ply,p25.ply,GEOCNN,0,4.40983606557377,1494865,1674615,18.55221462249756,0.6698036193847656,72.895137311745,72.27061070554431,87.99069266881175,79.90000377975221,88.27060734350079,86.70190736486933
p25_geocnn_r02.ply,p25.ply,GEOCNN,0,4.55737704918033,1494865,1588703,17.491455793380737,0.5688629150390625,69.61683487946847,67.63916414134471,77.64331210024898,76.09054981224094,80.88602854891339,79.3121754149191
p25_geocnn_r03.ply,p25.ply,GEOCNN,0,4.72131147540984,1494865,1575662,17.988709926605225,0.6533775329589844,65.17519775262113,63.10991372589025,72.28974808901876,71.84401719369646,73.56379975302737,72.8608272951063
p25_geocnn_r04.ply,p25.ply,GEOCNN,0,4.62903225806452,1494865,1514893,17.615283727645874,0.5369644165039062,63.33127463692288,59.28889012011767,66.58117981923824,69.31353399415235,68.8592485088966,68.23323383462781
p25_gpcc-octree-predlift_r02.ply,p25.ply,GPCC,1,1.65573770491803,1494865,97880,28.301923513412476,0.4747123718261719,137.01492640625978,137.81600703797642,140.0056707255643,137.94734347969694,75.21025041274083,100.24993979903499
p25_gpcc-octree-predlift_r03.ply,p25.ply,GPCC,1,3.04918032786885,1494865,389631,30.80335307121277,0.4419441223144531,121.14782548242582,112.78473285105451,105.02624803332199,120.28119879959725,118.6661921975184,119.09147761826019
p25_gpcc-octree-predlift_r04.ply,p25.ply,GPCC,1,4.27586206896552,1494865,859015,34.57130408287048,0.5357131958007812,91.86843449897334,91.01651514265203,83.19753670685542,94.35401507673137,90.81692659501755,92.39737441960469
p25_gpcc-octree-predlift_r05.ply,p25.ply,GPCC,1,4.55,1494865,1156890,29.776353359222412,0.5699348449707031,73.08370279904655,73.61949938300899,74.90066105940363,71.28550420335102,68.55097831714014,73.25973482355559
p25_gpcc-octree-predlift_r06.ply,p25.ply,GPCC,1,4.70967741935484,1494865,1321680,25.33710741996765,0.5899810791015625,55.06018170777864,55.60601698194701,59.33226705556906,54.732390927300834,62.65757325794642,60.32184521748676
p25_gpcc-octree-raht_r02.ply,p25.ply,GPCC,1,1.56666666666667,1494865,97880,29.973641872406006,0.585235595703125,137.74350315244968,140.63115197477367,142.45255889181936,141.03842061332682,76.3526136032433,93.93185219807631
p25_gpcc-octree-raht_r03.ply,p25.ply,GPCC,1,2.70491803278689,1494865,389631,29.159435510635376,0.4409141540527344,120.70774904992402,116.49848583424998,109.21263013260548,118.92986261216268,121.90378008666087,121.49873267728152
p25_gpcc-octree-raht_r04.ply,p25.ply,GPCC,1,4.0,1494865,859015,29.18540096282959,0.5666732788085938,93.27037763961138,90.00368555724546,86.05698653409385,93.48477727411542,93.69577892202338,93.14214000950861
p25_gpcc-octree-raht_r05.ply,p25.ply,GPCC,1,4.48333333333333,1494865,1156890,29.85472798347473,0.4946479797363281,73.88830884224771,74.64797701711628,75.69325807558906,71.8658099529697,69.97743284379271,74.73326645033623
p25_gpcc-octree-raht_r06.ply,p25.ply,GPCC,1,4.81967213114754,1494865,1321680,25.725468635559082,0.577423095703125,56.499135349261635,56.915000779590315,61.76949149874844,56.2495300439885,63.98182569243895,61.50305640666466
p25_vpcc_r00.ply,p25.ply,VPCC,2,2.05172413793103,1494865,1242044,18.847896337509155,0.5951080322265625,138.26842642378895,135.45785486151433,144.57378886258903,144.36053571763037,123.63775321656756,134.1512164991764
p25_vpcc_r01.ply,p25.ply,VPCC,2,2.60344827586207,1494865,1344995,18.32561945915222,0.5612449645996094,122.32901056879786,118.90968087795002,129.0408298811373,129.64299551983004,105.62642956604091,114.57910045075332
p25_vpcc_r02.ply,p25.ply,VPCC,2,3.40983606557377,1494865,1414263,18.453155279159546,0.5391960144042969,105.90205667995124,105.22732974167454,120.42652548772656,118.67156195560592,86.82882693993267,95.7484355960789
p25_vpcc_r03.ply,p25.ply,VPCC,2,4.29310344827586,1494865,1441048,18.44413995742798,0.5893096923828125,90.79754138862917,93.6720242308744,109.70730860791686,105.65216544220318,76.76895443724214,85.37222519584384
p25_vpcc_r04.ply,p25.ply,VPCC,2,4.63333333333333,1494865,1458059,18.302858352661133,0.5958709716796875,77.48656080192691,80.10125045276725,100.19379756775905,90.88378995862378,63.839991165830284,70.48991111738864
p25_vpcc_r05.ply,p25.ply,VPCC,2,4.68852459016394,1494865,1392562,18.583547830581665,0.6045074462890625,59.95981353480745,64.21384787794078,84.61498836791607,70.60128650470645,78.98085936827138,80.5699865740212
p26_geocnn_r01.ply,p26.ply,GEOCNN,0,3.49152542372881,3514914,4019314,20.85249161720276,1.2769393920898438,88.68163373347164,91.43383884318888,93.55832348223777,90.84116171317966,35.3776417501091,28.544195166810965
p26_geocnn_r02.ply,p26.ply,GEOCNN,0,3.76666666666667,3514914,3787766,19.119438409805298,1.11505126953125,85.3009957703278,86.63091833671834,88.9518984542905,85.78022005666065,30.112472639732324,83.63362384272911
p26_geocnn_r03.ply,p26.ply,GEOCNN,0,4.01639344262295,3514914,3688902,18.83722949028015,1.1127090454101562,81.99876311070804,82.28796146213494,84.8805037196847,81.53780165424156,26.04836228867166,21.288264670302027
p26_geocnn_r04.ply,p26.ply,GEOCNN,0,4.2741935483871,3514914,3584520,18.037081718444824,0.97601318359375,80.80765681163126,80.37795622985914,83.99037439808743,78.4321228569484,23.987927224656435,20.152957060501297
p26_gpcc-octree-predlift_r02.ply,p26.ply,GPCC,1,1.33333333333333,3514914,239892,38.32100009918213,0.768157958984375,167.65218648419733,169.11451327052524,170.51219794813164,174.7508961097297,174.69030721838897,169.27674185068025
p26_gpcc-octree-predlift_r03.ply,p26.ply,GPCC,1,2.67796610169492,3514914,945248,39.99976110458374,0.7286567687988281,165.94540305474976,153.0972874874408,154.0366817109096,153.17351858937914,154.01027572329212,149.10387770045202
p26_gpcc-octree-predlift_r04.ply,p26.ply,GPCC,1,4.11475409836066,3514914,2053237,44.457831621170044,1.0106964111328125,183.07414309692336,168.14582247279293,167.3820232578874,175.68459229375236,59.73068575014028,44.44810640445158
p26_gpcc-octree-predlift_r05.ply,p26.ply,GPCC,1,4.42372881355932,3514914,2741958,40.54580020904541,0.8817176818847656,87.19744592592221,84.27075762757552,110.40531859074248,95.70127370217301,30.102463985501714,31.977893030782145
p26_gpcc-octree-predlift_r06.ply,p26.ply,GPCC,1,4.60344827586207,3514914,3117854,32.88760685920715,0.9819221496582031,76.41864123540381,72.73819614200588,85.23350312933205,72.45369104106439,28.457116154516854,17.56269427501485
p26_gpcc-octree-raht_r02.ply,p26.ply,GPCC,1,1.13793103448276,3514914,239892,37.88787031173706,0.5735321044921875,164.79807173089185,173.92063263532486,170.95183831119826,171.93349876052892,176.1011363487911,173.95895790394337
p26_gpcc-octree-raht_r03.ply,p26.ply,GPCC,1,2.04918032786885,3514914,945248,38.039159536361694,0.7998847961425781,156.3716218144541,155.0487214465213,152.36276151054219,148.94357963107328,152.0690302145706,148.09102617387924
p26_gpcc-octree-raht_r04.ply,p26.ply,GPCC,1,3.91666666666667,3514914,2053237,40.67257261276245,0.9082145690917969,213.5212813197611,175.9033550812848,170.69386881536917,161.92690575275475,60.24967818432708,43.433879300340756
p26_gpcc-octree-raht_r05.ply,p26.ply,GPCC,1,4.53333333333333,3514914,2741958,40.23671841621399,0.9615554809570312,92.22593761910446,89.84966823574243,119.52161044703902,105.28539164032051,33.31384864606276,35.01209342036663
p26_gpcc-octree-raht_r06.ply,p26.ply,GPCC,1,4.55,3514914,3117854,30.923532962799072,0.9899063110351562,78.51042949023471,75.26328614562874,89.4481192798985,74.96364787058175,28.235107532874043,23.812847124212475
p26_vpcc_r00.ply,p26.ply,VPCC,2,1.88524590163934,3514914,2988552,18.786930561065674,0.9364204406738281,168.914131215073,181.18444834665448,168.01617047923486,190.40734984137876,75.2416418160558,47.17047392600689
p26_vpcc_r01.ply,p26.ply,VPCC,2,2.9344262295082,3514914,3266758,18.676647186279297,1.0461959838867188,146.69259690463278,165.4913769806419,153.1401560884069,174.11990965577814,170.82514890655222,166.2939397035234
p26_vpcc_r02.ply,p26.ply,VPCC,2,3.48333333333333,3514914,3430737,19.037518739700317,0.9452896118164062,124.08129635513406,135.69641105217278,138.3780069183769,150.0583689960604,53.86852175392253,50.542314593317215
p26_vpcc_r03.ply,p26.ply,VPCC,2,4.13114754098361,3514914,3477507,18.86776614189148,0.9095191955566406,95.28650920681164,106.40231840345669,133.54080848087835,112.951639300182,117.04775859705764,113.77776179704443
p26_vpcc_r04.ply,p26.ply,VPCC,2,4.61666666666667,3514914,3573308,19.413203954696655,0.9964027404785156,72.69791452852698,80.46618020558162,104.8689666702677,86.4219495635822,30.654431212344704,26.59781162821198
p26_vpcc_r05.ply,p26.ply,VPCC,2,4.63793103448276,3514914,3423385,18.93617343902588,0.9921073913574219,57.877935946712896,64.873906332417,76.24027505627676,71.59661235602837,27.28990891391198,20.987582075747003
p27_geocnn_r01.ply,p27.ply,GEOCNN,0,3.51666666666667,754371,841464,7.9024882316589355,0.4254112243652344,105.06377069854894,112.22405252574382,0.0,0.0,0.0,0.0
p27_geocnn_r02.ply,p27.ply,GEOCNN,0,4.45901639344262,754371,799952,8.111248970031738,0.4204216003417969,94.64479228212954,105.06942580443362,120.05011357498952,106.4507908265814,0.0,0.0
p27_geocnn_r03.ply,p27.ply,GEOCNN,0,4.44827586206897,754371,756778,8.096549987792969,0.4418144226074219,88.19088490446582,94.43514598763052,121.40421320263877,100.67805769032181,0.0,0.0
p27_geocnn_r04.ply,p27.ply,GEOCNN,0,4.62295081967213,754371,759046,7.850506067276001,0.4017677307128906,78.71045580308916,85.06472263633403,115.17614932505347,60.864622022936416,0.0,0.0
p27_gpcc-octree-predlift_r02.ply,p27.ply,GPCC,1,1.38983050847458,754371,46972,29.021835803985596,0.3558769226074219,196.69513722587766,204.16232491013125,0.0,0.0,0.0,0.0
p27_gpcc-octree-predlift_r03.ply,p27.ply,GPCC,1,3.12903225806452,754371,189243,32.691195249557495,0.3992958068847656,147.87708172202383,152.43003544032177,0.0,0.0,0.0,0.0
p27_gpcc-octree-predlift_r04.ply,p27.ply,GPCC,1,4.39655172413793,754371,425624,31.49023675918579,0.39351654052734375,129.4541813967139,131.98101617507507,128.17416067058258,137.97220257408128,0.0,0.0
p27_gpcc-octree-predlift_r05.ply,p27.ply,GPCC,1,4.49152542372881,754371,579383,26.29112696647644,0.406890869140625,106.92792361550404,109.66051823979231,0.0,0.0,96.31137380506843,96.39421315590826
p27_gpcc-octree-predlift_r06.ply,p27.ply,GPCC,1,4.51666666666667,754371,663314,22.50547432899475,0.4319000244140625,105.67572171718223,109.20386650251899,98.03891262690357,74.94412935441622,0.0,0.0
p27_gpcc-octree-raht_r02.ply,p27.ply,GPCC,1,1.22033898305085,754371,46972,22.443508863449097,0.2926483154296875,200.96294825658347,211.4030080956583,0.0,0.0,0.0,0.0
p27_gpcc-octree-raht_r03.ply,p27.ply,GPCC,1,2.88135593220339,754371,189243,27.96327304840088,0.3368949890136719,152.47295256353564,155.77135201156057,0.0,0.0,0.0,0.0
p27_gpcc-octree-raht_r04.ply,p27.ply,GPCC,1,3.87931034482759,754371,425624,40.20180320739746,0.3825645446777344,133.51800248357864,135.10645653350457,134.56381804011704,130.22057690198267,0.0,0.0
p27_gpcc-octree-raht_r05.ply,p27.ply,GPCC,1,4.64516129032258,754371,579383,33.10042762756348,0.4253425598144531,108.86084859596676,109.62461732353265,0.0,0.0,96.8199596917595,96.43948569146943
p27_gpcc-octree-raht_r06.ply,p27.ply,GPCC,1,4.56666666666667,754371,663314,19.936006546020508,0.4248466491699219,106.74218885041444,109.90328931064005,101.38009049455981,78.11142089960455,0.0,0.0
p27_vpcc_r00.ply,p27.ply,VPCC,2,2.71186440677966,754371,651638,8.633559942245483,0.3682899475097656,196.54117807854482,208.14485152730563,210.5051010498185,164.27197794676593,0.0,0.0
p27_vpcc_r01.ply,p27.ply,VPCC,2,3.38333333333333,754371,675436,8.397496223449707,0.449554443359375,173.56027830092518,184.8041807418744,179.58322170474412,150.4736342671091,0.0,0.0
p27_vpcc_r02.ply,p27.ply,VPCC,2,3.9016393442623,754371,720211,8.641425848007202,0.3574676513671875,134.33029263098751,151.70799031798873,151.96124537129845,134.51302885266188,122.07088827717514,113.17261464372342
p27_vpcc_r03.ply,p27.ply,VPCC,2,4.41379310344828,754371,735730,8.351258754730225,0.4073371887207031,126.94877414850818,127.15550510338147,123.19709616124642,113.3540928096806,0.0,0.0
p27_vpcc_r04.ply,p27.ply,VPCC,2,4.59677419354839,754371,752240,8.150226593017578,0.4015769958496094,107.67784654270652,111.13439160831277,106.17745778477095,80.19647410744416,0.0,0.0
p27_vpcc_r05.ply,p27.ply,VPCC,2,4.57627118644068,754371,732015,8.499595642089844,0.37393951416015625,103.3472843771996,103.11299225495341,89.22035489901208,56.94752733287372,0.0,0.0
p28_geocnn_r01.ply,p28.ply,GEOCNN,0,4.0327868852459,2911412,3509806,15.898694276809692,1.0192680358886719,107.25374253543175,115.51120902738683,29.345835585768363,43.374758226370005,0.0,0.0
p28_geocnn_r02.ply,p28.ply,GEOCNN,0,4.38333333333333,2911412,3243582,14.823716878890991,1.0023536682128906,96.30111272160157,104.04601047410969,21.956871500598574,36.329570276548125,0.0,0.0
p28_geocnn_r03.ply,p28.ply,GEOCNN,0,4.56666666666667,2911412,3065598,14.530604362487793,0.9837684631347656,92.9274955133418,98.58157757267759,19.86929532960833,35.12745940063485,0.0,0.0
p28_geocnn_r04.ply,p28.ply,GEOCNN,0,4.65,2911412,2988073,14.561402082443237,0.9417800903320312,90.62298787424695,94.70499871936488,15.846890218664004,32.394624733058365,0.0,0.0
p28_gpcc-octree-predlift_r02.ply,p28.ply,GPCC,1,1.33898305084746,2911412,173573,36.09271478652954,0.6308517456054688,202.1433508084789,205.26772852724037,64.75593341660044,109.43234840794327,0.0,0.0
p28_gpcc-octree-predlift_r03.ply,p28.ply,GPCC,1,3.21311475409836,2911412,760873,41.00212740898132,0.6220741271972656,150.65358048280575,160.3614837138047,47.13953298542939,72.76619022553662,0.0,0.0
p28_gpcc-octree-predlift_r04.ply,p28.ply,GPCC,1,4.33898305084746,2911412,1680599,45.27776551246643,0.7948455810546875,100.48009818789183,116.7564117386907,27.7655218280204,39.0995859395471,101.64397566257205,104.81143063596433
p28_gpcc-octree-predlift_r05.ply,p28.ply,GPCC,1,4.67741935483871,2911412,2260542,42.297279834747314,0.7490348815917969,91.7201087967693,104.63550710208554,16.01753947298842,29.051845764113327,0.0,0.0
p28_gpcc-octree-predlift_r06.ply,p28.ply,GPCC,1,4.75409836065574,2911412,2577122,31.373528957366943,0.9314804077148438,84.22047177679407,91.55566947893439,13.760237658263105,27.26762931065023,0.0,0.0
p28_gpcc-octree-raht_r02.ply,p28.ply,GPCC,1,1.26666666666667,2911412,173573,25.891289234161377,0.49176025390625,194.07732748377853,205.1834681871385,57.660331588634,103.95890691031755,0.0,0.0
p28_gpcc-octree-raht_r03.ply,p28.ply,GPCC,1,2.98305084745763,2911412,760873,38.444942474365234,0.6164360046386719,145.88086206879282,151.04623084475463,41.44228451050536,70.99033635050998,0.0,0.0
p28_gpcc-octree-raht_r04.ply,p28.ply,GPCC,1,4.36065573770492,2911412,1680599,47.14583730697632,0.7709999084472656,100.24979899463654,118.88630916018192,31.372150677867445,42.0165561179965,100.8583521029039,104.61918082073319
p28_gpcc-octree-raht_r05.ply,p28.ply,GPCC,1,4.58333333333333,2911412,2260542,41.40855669975281,0.8719253540039062,92.76682539007795,105.27072682946186,16.783966404677848,29.828146888375944,0.0,0.0
p28_gpcc-octree-raht_r06.ply,p28.ply,GPCC,1,4.76666666666667,2911412,2577122,34.80683469772339,0.9142570495605469,85.40203300691817,92.42005095470421,14.027022763302343,27.694560844868864,0.0,0.0
p28_vpcc_r00.ply,p28.ply,VPCC,2,2.83870967741936,2911412,2510925,14.785141468048096,0.8966522216796875,172.61135724407404,177.08863088544882,185.49346496656023,179.33054495976393,0.0,0.0
p28_vpcc_r01.ply,p28.ply,VPCC,2,3.32203389830508,2911412,2551579,14.269094228744507,0.9046249389648438,153.05530553099857,156.7133364031311,164.08878867879145,151.28486425978505,0.0,0.0
p28_vpcc_r02.ply,p28.ply,VPCC,2,3.86206896551724,2911412,2611350,14.929208755493164,0.8387908935546875,133.25750545876554,137.29190585058353,56.67384500155306,67.73952866662586,0.0,0.0
p28_vpcc_r03.ply,p28.ply,VPCC,2,4.69491525423729,2911412,2635254,14.59899640083313,0.792694091796875,106.96468681433353,112.23347939813658,30.99030147244219,35.69438102724382,0.0,0.0
p28_vpcc_r04.ply,p28.ply,VPCC,2,4.7,2911412,2651980,14.618294715881348,0.7519302368164062,82.47839114340971,93.53840383683924,81.63070063303368,73.21346339196425,0.0,0.0
p28_vpcc_r05.ply,p28.ply,VPCC,2,4.78333333333333,2911412,2567945,14.855665922164917,0.7562446594238281,75.71430609536179,86.40123867160277,74.83886055985667,65.09777223254784,0.0,0.0
p33_geocnn_r01.ply,p33.ply,GEOCNN,0,2.26666666666667,612181,672655,12.352982521057129,0.29062652587890625,104.48084343625413,112.14995354260958,74.25807358493411,83.3519787917653,107.02424799089354,115.64367095363357
p33_geocnn_r02.ply,p33.ply,GEOCNN,0,3.01666666666667,612181,644709,12.225553035736084,0.3900489807128906,94.66681673120851,102.89144193987639,68.29659051855413,92.5559504316288,83.46032723344717,94.2570886507939
p33_geocnn_r03.ply,p33.ply,GEOCNN,0,3.7,612181,623203,11.364012718200684,0.3222618103027344,75.99799018201311,83.30705114378533,49.35345723495326,73.073566007659,72.23809864624565,73.0164513770095
p33_geocnn_r04.ply,p33.ply,GEOCNN,0,4.34426229508197,612181,617194,12.217507123947144,0.43520355224609375,65.67566377735115,70.96502112432412,36.69808049285918,60.199118630034675,48.81810213914162,57.89201824972788
p33_gpcc-octree-predlift_r02.ply,p33.ply,GPCC,1,1.48333333333333,612181,39435,20.728682279586792,0.39493560791015625,159.30700062159622,169.32285016947495,129.29203524779274,135.21066343457815,166.22518335059192,178.72544455548942
p33_gpcc-octree-predlift_r03.ply,p33.ply,GPCC,1,2.70967741935484,612181,155766,22.405728578567505,0.42406463623046875,125.53240812682853,136.21068339404596,98.9007278574102,93.66605739111668,137.8819452492678,145.5297885579816
p33_gpcc-octree-predlift_r04.ply,p33.ply,GPCC,1,3.89830508474576,612181,346927,21.96332597732544,0.38529205322265625,112.46848632975225,113.11268884300787,110.59920891365255,112.17721494718239,120.36109219457632,126.70449413972028
p33_gpcc-octree-predlift_r05.ply,p33.ply,GPCC,1,4.23728813559322,612181,471140,18.555089235305786,0.3956108093261719,106.9236755023806,114.38396373505711,75.27319514739804,99.29909148959476,120.11249616655556,117.23271407101346
p33_gpcc-octree-predlift_r06.ply,p33.ply,GPCC,1,4.29508196721312,612181,537184,16.819643020629883,0.3837699890136719,89.14327674919289,93.89549972083014,67.55497660854165,88.69985895288842,114.13004670875478,113.45943776043524
p33_gpcc-octree-raht_r02.ply,p33.ply,GPCC,1,1.65,612181,39435,17.245296716690063,0.3868217468261719,160.81113566605757,176.8663556188689,129.05095923169924,134.87814283455631,166.4758976784549,176.52676069215283
p33_gpcc-octree-raht_r03.ply,p33.ply,GPCC,1,2.51724137931034,612181,155766,18.727881908416748,0.3777275085449219,130.33146496765764,139.21699680471662,98.28160718321926,97.72095935072298,142.24424214148686,149.22486921924786
p33_gpcc-octree-raht_r04.ply,p33.ply,GPCC,1,3.63333333333333,612181,346927,19.86816167831421,0.35953521728515625,111.74288799781613,114.57672292849975,106.9164803390744,113.78644908923584,120.62138840347183,126.69976067522276
p33_gpcc-octree-raht_r05.ply,p33.ply,GPCC,1,3.98275862068966,612181,471140,20.696627616882324,0.3959503173828125,107.94889608071215,113.69249066510817,76.3773374294262,99.97747941121254,121.86707377231683,117.99496003569331
p33_gpcc-octree-raht_r06.ply,p33.ply,GPCC,1,4.33898305084746,612181,537184,15.838322162628174,0.4178428649902344,89.64005368090045,94.62969514216226,68.01625657819108,89.84750412874018,115.52430326714534,113.77407604229184
p33_vpcc_r00.ply,p33.ply,VPCC,2,1.85,612181,553616,12.750271558761597,0.4197731018066406,164.6922385638342,175.54140004918537,159.31398636595014,168.4468865143192,189.22155521274388,187.2945792387684
p33_vpcc_r01.ply,p33.ply,VPCC,2,2.03333333333333,612181,575300,12.838640689849854,0.42356109619140625,147.47020271789918,157.55191169193864,148.05503306059,154.58752120169487,174.92921376698092,169.18706089120735
p33_vpcc_r02.ply,p33.ply,VPCC,2,2.55,612181,602153,11.88142728805542,0.4292182922363281,135.98118417464815,133.5590202607981,112.00845975074813,142.17134164987567,149.4995475483666,146.85904159836974
p33_vpcc_r03.ply,p33.ply,VPCC,2,2.53448275862069,612181,616005,12.465414047241211,0.42563629150390625,120.62304959040394,123.30212122439366,98.04599410390558,132.71226152641327,134.6890396917302,126.42940625384877
p33_vpcc_r04.ply,p33.ply,VPCC,2,2.62068965517241,612181,635814,12.500720739364624,0.4412117004394531,112.0182479018666,115.47831878323055,91.37598144553473,125.18402169433917,114.03787455629174,113.9958067768745
p33_vpcc_r05.ply,p33.ply,VPCC,2,3.2258064516129,612181,597033,12.541226863861084,0.4112358093261719,91.30864444337597,90.3694576831731,71.63755235619274,99.39404286942113,102.9430335061661,99.78232939651426
p35_geocnn_r01.ply,p35.ply,GEOCNN,0,3.81666666666667,2672308,3123263,16.141727924346924,0.9783248901367188,95.35028230733845,114.54220358851768,67.99264752421959,86.22400818834622,101.73154108997113,98.41547507439795
p35_geocnn_r02.ply,p35.ply,GEOCNN,0,4.39344262295082,2672308,2956134,15.179824590682983,0.9413986206054688,87.2207925470972,102.93374156031099,69.28333135725154,80.92510548810522,94.29416636590324,90.61792940810713
p35_geocnn_r03.ply,p35.ply,GEOCNN,0,4.47457627118644,2672308,2797208,15.22178053855896,0.9262199401855469,79.63201369633063,97.49530369395748,57.54058622129643,71.26158490711813,89.9087026486248,85.77312712437956
p35_geocnn_r04.ply,p35.ply,GEOCNN,0,4.72413793103448,2672308,2698265,15.09338903427124,0.912322998046875,73.76382702977908,91.63522620939803,52.88324468494174,66.74581210125407,82.49840557167852,77.40542001183033
p35_gpcc-octree-predlift_r02.ply,p35.ply,GPCC,1,1.45,2672308,171615,18.796562671661377,0.60711669921875,159.47248201720458,176.2649763279092,88.46875240747696,93.2591651333952,0.0,0.0
p35_gpcc-octree-predlift_r03.ply,p35.ply,GPCC,1,3.04918032786885,2672308,695651,25.082407236099243,0.6121139526367188,117.93587234961183,134.24759412186268,63.72750794453424,62.98605684283616,0.0,0.0
p35_gpcc-octree-predlift_r04.ply,p35.ply,GPCC,1,4.25862068965517,2672308,1538427,23.98066759109497,0.7358207702636719,113.25933851237863,125.06194910488423,136.46900687822858,103.77877673414993,120.44117787551109,114.56298210201649
p35_gpcc-octree-predlift_r05.ply,p35.ply,GPCC,1,4.55172413793104,2672308,2069599,23.1268949508667,0.8023796081542969,104.51961398792312,112.02735106117697,110.98413978321176,92.41386536724409,0.0,0.0
p35_gpcc-octree-predlift_r06.ply,p35.ply,GPCC,1,4.78333333333333,2672308,2364033,20.406089544296265,0.7908172607421875,95.06501262980373,95.37024194559433,78.71293731903933,79.39403308258763,90.51248568191438,88.80685292703484
p35_gpcc-octree-raht_r02.ply,p35.ply,GPCC,1,1.48275862068966,2672308,171615,17.880870819091797,0.5990562438964844,165.1492911317573,180.47957171105742,85.24267873524347,96.43597168864632,0.0,0.0
p35_gpcc-octree-raht_r03.ply,p35.ply,GPCC,1,2.28333333333333,2672308,695651,21.885682344436646,0.6043128967285156,125.44474983861312,142.5610912071479,61.84924151735866,64.75671267255154,0.0,0.0
p35_gpcc-octree-raht_r04.ply,p35.ply,GPCC,1,4.13559322033898,2672308,1538427,24.001089811325073,0.7672042846679688,114.71436379953197,123.94850099291301,124.74290447843772,103.99829150799505,120.85858801110285,114.66361630301158
p35_gpcc-octree-raht_r05.ply,p35.ply,GPCC,1,4.69491525423729,2672308,2069599,25.459545135498047,0.8438491821289062,104.82242824042157,112.42502941988545,115.59667173341396,89.61900163215002,0.0,0.0
p35_gpcc-octree-raht_r06.ply,p35.ply,GPCC,1,4.77966101694915,2672308,2364033,22.177885055541992,0.8611335754394531,96.14623767344418,97.49746576075924,88.90738425140518,81.04238201441174,91.14869149553408,89.57548298552024
p35_vpcc_r00.ply,p35.ply,VPCC,2,1.98360655737705,2672308,2282103,14.682577848434448,0.84381103515625,183.06807673101324,202.84634575568379,145.42769875024334,166.10615450595105,0.0,0.0
p35_vpcc_r01.ply,p35.ply,VPCC,2,2.7741935483871,2672308,2422580,14.823638439178467,0.8699607849121094,164.08616099506327,178.8229418344779,132.871920601664,144.28353656094242,0.0,4.8783828834759975
p35_vpcc_r02.ply,p35.ply,VPCC,2,3.57377049180328,2672308,2487657,15.38617467880249,0.8784599304199219,125.10941991779686,141.6705248655793,61.44441499806553,63.64232080859257,164.37043953384034,152.70451070262496
p35_vpcc_r03.ply,p35.ply,VPCC,2,3.77049180327869,2672308,2509128,14.708649158477783,0.8742904663085938,133.9418826974465,154.46798680653808,113.82257771774505,112.75982058753564,142.05513957530638,133.11065338826126
p35_vpcc_r04.ply,p35.ply,VPCC,2,4.13333333333333,2672308,2541445,15.685874223709106,0.8776397705078125,124.86077170267507,144.56022924309707,102.43603856622174,99.33340411745935,120.44301371097853,121.34676050531978
p35_vpcc_r05.ply,p35.ply,VPCC,2,4.63333333333333,2672308,2429169,14.938087224960327,0.8434600830078125,109.37898575959517,126.71481357431544,68.5465846192358,89.25207665446067,112.970634668147,109.16356750412963
p36_geocnn_r01.ply,p36.ply,GEOCNN,0,3.47457627118644,644995,4178480,98.78198099136353,0.89849853515625,159.92093133129094,165.39581418286198,146.02540493729978,142.67623389008443,0.0,0.0
p36_geocnn_r02.ply,p36.ply,GEOCNN,0,4.23728813559322,644995,2878865,87.27125310897827,0.735015869140625,148.9269528564354,151.3804232864508,132.15232014726988,131.83205904812024,0.0,0.0
p36_geocnn_r03.ply,p36.ply,GEOCNN,0,4.50819672131148,644995,2360785,93.27020072937012,0.6766510009765625,129.71784266371782,132.64372030589567,119.26923867842955,121.75938502581295,0.0,0.0
p36_geocnn_r04.ply,p36.ply,GEOCNN,0,4.59016393442623,644995,2102642,92.62789916992188,0.7037773132324219,123.62559950765093,126.40965518144219,114.78975922704069,118.89010175357545,0.0,0.0
p36_gpcc-octree-predlift_r02.ply,p36.ply,GPCC,1,1.72131147540984,644995,160109,95.39502215385437,0.37938690185546875,202.3706998108386,203.01369676508205,218.03059997630922,212.71929710424092,0.0,0.0
p36_gpcc-octree-predlift_r03.ply,p36.ply,GPCC,1,4.06896551724138,644995,485344,87.24169373512268,0.40796661376953125,158.8091563857746,163.28234724720184,164.705193941933,165.5132798011868,0.0,0.0
p36_gpcc-octree-predlift_r04.ply,p36.ply,GPCC,1,4.55172413793104,644995,593973,92.5802493095398,0.4658355712890625,120.50017912651386,123.79095173182753,110.79454810284666,111.33398317781486,0.0,0.0
p36_gpcc-octree-predlift_r05.ply,p36.ply,GPCC,1,4.59016393442623,644995,625793,94.23666667938232,0.4094963073730469,107.43629347189552,110.24328182106254,91.94058187771637,93.75507423817812,0.0,0.0
p36_gpcc-octree-predlift_r06.ply,p36.ply,GPCC,1,4.7741935483871,644995,637064,88.63108015060425,0.46671295166015625,93.97383997922142,96.82987602020133,81.61614052585679,81.4656474171963,0.0,0.0
p36_gpcc-octree-raht_r02.ply,p36.ply,GPCC,1,1.53448275862069,644995,160109,99.75378012657166,0.486541748046875,209.67881939656792,206.56200684328616,215.36918565521506,216.39063243486083,0.0,0.0
p36_gpcc-octree-raht_r03.ply,p36.ply,GPCC,1,3.52459016393443,644995,485344,83.54760527610779,0.3936347961425781,161.76757260322486,167.9017908022638,175.32861846559268,174.626805150534,0.0,0.0
p36_gpcc-octree-raht_r04.ply,p36.ply,GPCC,1,4.32203389830509,644995,593973,105.73356485366821,0.4204444885253906,123.65309138971857,126.93309746401071,116.69130065068305,116.85925569708672,0.0,0.0
p36_gpcc-octree-raht_r05.ply,p36.ply,GPCC,1,4.60655737704918,644995,625793,90.59565758705139,0.5076522827148438,108.85535353378532,110.71301707675244,94.7409590104117,96.36070461595378,0.0,0.0
p36_gpcc-octree-raht_r06.ply,p36.ply,GPCC,1,4.48333333333333,644995,637064,96.62810707092285,0.45229339599609375,94.94618132486258,97.64522728190578,83.1820382053846,82.85446485217996,0.0,0.0
p36_vpcc_r00.ply,p36.ply,VPCC,2,2.34920634920635,644995,1425318,81.79763460159302,0.5998458862304688,204.15409514129175,208.40773681266631,216.63479407207592,218.71806853707028,0.0,0.0
p36_vpcc_r01.ply,p36.ply,VPCC,2,2.91666666666667,644995,1459090,97.04525899887085,0.5715789794921875,189.32061399878722,197.22381086337458,187.28904128871,186.29089635847936,189.67767091181315,185.0089345147611
p36_vpcc_r02.ply,p36.ply,VPCC,2,3.65573770491803,644995,1525797,82.94479966163635,0.58929443359375,173.81602795485256,181.79887397643205,177.3729121325729,168.0293373571914,176.9307702955773,175.72217509547147
p36_vpcc_r03.ply,p36.ply,VPCC,2,4.06779661016949,644995,1606522,93.31645607948303,0.5996131896972656,151.89099851972318,158.84756951773142,141.3171867668201,130.9531929596254,0.0,0.0
p36_vpcc_r04.ply,p36.ply,VPCC,2,4.21666666666667,644995,1666306,85.20277857780457,0.6057395935058594,140.95864837942514,146.19072078942838,121.84527678173762,112.04908309775854,144.9324811540775,148.60082382136272
p36_vpcc_r05.ply,p36.ply,VPCC,2,4.37931034482759,644995,1403582,101.06112575531006,0.5601310729980469,130.74193499765727,133.74073790344286,109.38629886051736,107.7052745860188,0.0,0.0
p40_geocnn_r01.ply,p40.ply,GEOCNN,0,4.27118644067797,2255240,2548084,20.93829584121704,0.8695716857910156,78.4288928373914,79.84365428571908,240.91199704900083,103.18286371286203,70.57653569569015,72.7352018075357
p40_geocnn_r02.ply,p40.ply,GEOCNN,0,4.47540983606557,2255240,2420548,18.693727731704712,0.8565444946289062,75.98101640506988,75.06508290539684,191.76174342325618,94.97373128679035,66.13960282856432,65.10674897973199
p40_geocnn_r03.ply,p40.ply,GEOCNN,0,4.6140350877193,2255240,2323391,18.329403400421143,0.821197509765625,73.96087546095242,72.66362485810755,190.37607159187314,90.76925652794057,66.88253181865903,67.9844418130967
p40_geocnn_r04.ply,p40.ply,GEOCNN,0,4.56666666666667,2255240,2267444,18.371721267700195,0.8400917053222656,72.1738607705865,70.16771747255929,144.52768060803282,89.04672667275902,63.426715611847726,67.16690265445824
p40_gpcc-octree-predlift_r02.ply,p40.ply,GPCC,1,1.60655737704918,2255240,145230,30.241873264312744,0.5484542846679688,132.40841401896145,136.56888959365773,198.16496024616234,195.9864295525638,124.61279646746519,124.56551377080912
p40_gpcc-octree-predlift_r03.ply,p40.ply,GPCC,1,3.06896551724138,2255240,577931,35.00275683403015,0.556060791015625,120.89594111487565,115.26297228657849,155.31533107592278,196.82137433018855,105.33552593837733,110.70521571857284
p40_gpcc-octree-predlift_r04.ply,p40.ply,GPCC,1,4.55932203389831,2255240,1284055,39.60474348068237,0.8259925842285156,103.34878210160333,88.94721221181436,129.19757276594927,125.66391696203023,93.30596469258371,96.57833167625495
p40_gpcc-octree-predlift_r05.ply,p40.ply,GPCC,1,4.58730158730159,2255240,1736933,37.624534606933594,0.8199577331542969,73.73012537738751,67.30115479183407,125.558234437565,83.9779043556548,71.32790779448023,73.04143122658326
p40_gpcc-octree-predlift_r06.ply,p40.ply,GPCC,1,4.43333333333333,2255240,1988579,30.799217462539673,0.7418861389160156,59.44307006766965,58.95776858516376,127.86546323413575,73.92491043468553,64.98191851627564,66.184347037631
p40_gpcc-octree-raht_r02.ply,p40.ply,GPCC,1,1.27118644067797,2255240,145230,30.378586530685425,0.536224365234375,130.9312585086832,136.71742842238643,173.23129098319728,193.99556729604447,128.24912103584188,125.60152322344307
p40_gpcc-octree-raht_r03.ply,p40.ply,GPCC,1,2.84745762711864,2255240,577931,32.903212785720825,0.5158500671386719,112.26611916350956,112.54622123607564,144.98853256838512,188.4771027765355,103.93475261322479,106.70412300511971
p40_gpcc-octree-raht_r04.ply,p40.ply,GPCC,1,4.37931034482759,2255240,1284055,45.358193159103394,0.7254791259765625,104.40242680646249,90.64077982772892,141.7825769132633,140.65753756830156,93.51898731324532,100.38378373834209
p40_gpcc-octree-raht_r05.ply,p40.ply,GPCC,1,4.62295081967213,2255240,1736933,37.31565594673157,0.8844451904296875,76.05022297432936,68.50112223853037,133.60245326373473,87.19518726678757,74.53430107639448,75.90701353377071
p40_gpcc-octree-raht_r06.ply,p40.ply,GPCC,1,4.67213114754098,2255240,1988579,31.619803428649902,0.7961654663085938,61.58996838898904,59.73659321991165,118.6737612279749,75.80219258633767,66.86148571441255,66.53885540414831
p40_vpcc_r00.ply,p40.ply,VPCC,2,1.72131147540984,2255240,2095310,19.179503202438354,0.7677459716796875,132.26585302143263,138.23070003010974,171.74462345700832,207.09510495610579,119.31302960755932,118.99015815819791
p40_vpcc_r01.ply,p40.ply,VPCC,2,2.70967741935484,2255240,2176860,18.428905725479126,0.8160018920898438,115.60169762097641,121.61838682796991,179.01910575383533,190.23363857356196,109.2337017651505,108.20107085621312
p40_vpcc_r02.ply,p40.ply,VPCC,2,4.20967741935484,2255240,2236445,18.746132373809814,0.8144607543945312,103.9479816080725,103.33869342682108,156.31298559003898,167.94119344128183,96.48418409990093,97.66931254336342
p40_vpcc_r03.ply,p40.ply,VPCC,2,4.44262295081967,2255240,2240442,18.53668975830078,0.8210639953613281,98.54643290603488,74.25173092846657,160.88234807481507,129.12275364110513,86.30789372579882,90.17795256754698
p40_vpcc_r04.ply,p40.ply,VPCC,2,4.45901639344262,2255240,2273670,19.265852212905884,0.8340492248535156,79.25189973442649,60.664824050738595,135.4695075392494,106.71596518305299,70.64201120077246,68.60773355834749
p40_vpcc_r05.ply,p40.ply,VPCC,2,4.57377049180328,2255240,2230773,18.552683353424072,0.8313255310058594,58.09993328653005,60.742562609659515,95.54868784683016,71.66868266877006,63.6760990478199,65.21995984234363
p41_geocnn_r01.ply,p41.ply,GEOCNN,0,4.22950819672131,3477459,3909966,23.944223165512085,1.1476478576660156,85.51430940426333,105.36010929784015,16.90742478525631,0.0,64.91839111442009,72.36630194876082
p41_geocnn_r02.ply,p41.ply,GEOCNN,0,4.45614035087719,3477459,3709689,22.64325261116028,1.0947608947753906,65.06985644907442,80.44179360614942,14.64396561289587,0.0,61.239877931803484,60.969365254980985
p41_geocnn_r03.ply,p41.ply,GEOCNN,0,4.68852459016394,3477459,3622383,22.724546432495117,1.1008796691894531,17.821915109580065,12.988665569142919,53.15091510840104,59.59828203610533,49.15412563777753,54.28949481031829
p41_geocnn_r04.ply,p41.ply,GEOCNN,0,4.69354838709677,3477459,3544868,21.65181040763855,1.0539054870605469,16.018446851763372,11.838027058070722,47.418714315738136,51.84985848125356,47.4516098730492,49.89788309208763
p41_gpcc-octree-predlift_r02.ply,p41.ply,GPCC,1,1.40677966101695,3477459,244149,44.95045518875122,0.7496147155761719,87.75814351417074,45.16036941771075,163.2423196304776,168.15671533782177,142.62640636278093,145.7721938620931
p41_gpcc-octree-predlift_r03.ply,p41.ply,GPCC,1,3.10344827586207,3477459,945795,51.64391732215881,0.6824684143066406,57.924551193024776,32.936823496401,128.91285827305617,125.51518545776925,104.16038602993669,111.96146023773267
p41_gpcc-octree-predlift_r04.ply,p41.ply,GPCC,1,4.40983606557377,3477459,2040986,52.930339097976685,0.8942375183105469,36.74135212383946,22.44511806640628,104.5767182870336,94.02156764553675,79.28035806576204,76.8543676978341
p41_gpcc-octree-predlift_r05.ply,p41.ply,GPCC,1,4.35,3477459,2721293,47.215012073516846,0.9890899658203125,81.63004335699094,86.08607260567699,14.643703264065305,0.0,66.1296101171179,63.52160030032298
p41_gpcc-octree-predlift_r06.ply,p41.ply,GPCC,1,4.8,3477459,3089683,40.757802963256836,1.07861328125,21.63672452659478,23.195014833007598,72.55096036704462,74.08775921704255,61.05728276591959,57.762299626227794
p41_gpcc-octree-raht_r02.ply,p41.ply,GPCC,1,1.43103448275862,3477459,244149,44.6698100566864,0.7197151184082031,88.45307711207302,46.76304710810127,165.17627624547205,171.89943471114253,143.71045333429106,152.86519175542668
p41_gpcc-octree-raht_r03.ply,p41.ply,GPCC,1,2.83333333333333,3477459,945795,54.836159229278564,0.7568511962890625,66.07316436551216,36.13015705515144,134.27300536542072,136.74439211163016,111.22440383637566,113.2197293792764
p41_gpcc-octree-raht_r04.ply,p41.ply,GPCC,1,4.33333333333333,3477459,2040986,57.20514273643494,0.8249473571777344,39.71133880596404,23.64800247608152,102.69418456453084,98.37548511763944,86.22817937487326,87.92919224832227
p41_gpcc-octree-raht_r05.ply,p41.ply,GPCC,1,4.63934426229508,3477459,2721293,50.58729887008667,1.1254539489746094,82.08561546667246,86.6122599977189,15.237139889555472,0.0,67.99474396307411,64.64666314769707
p41_gpcc-octree-raht_r06.ply,p41.ply,GPCC,1,4.75438596491228,3477459,3089683,41.06352949142456,1.0135574340820312,22.74205536371182,23.156636778661074,73.08791716062129,74.40665842810193,62.80641390330845,57.896977293297326
p41_vpcc_r00.ply,p41.ply,VPCC,2,2.1551724137931,3477459,2931022,25.255427598953247,0.9823837280273438,174.76776012286965,185.33552383498343,180.16619725892693,183.7820561624889,150.4371839014297,153.36847475268092
p41_vpcc_r01.ply,p41.ply,VPCC,2,3.13559322033898,3477459,3217624,22.779372692108154,1.0247611999511719,145.59650808514755,163.46896413707424,157.8163177830922,154.86083251761482,135.97426585690187,137.0260339543379
p41_vpcc_r02.ply,p41.ply,VPCC,2,3.91803278688525,3477459,3373462,23.447625398635864,1.0379600524902344,118.42084942960375,141.27278341633445,136.53053200290378,131.60456869972967,117.95959663989623,107.34026882890566
p41_vpcc_r03.ply,p41.ply,VPCC,2,4.37096774193548,3477459,3421838,23.830720901489258,1.0653419494628906,34.12166353702496,24.07602795071545,105.34874958095807,103.97367141266662,77.14700282901214,73.96323180130403
p41_vpcc_r04.ply,p41.ply,VPCC,2,4.55737704918033,3477459,3479980,23.603392124176025,0.9338645935058594,74.93592952083202,112.37043566449348,17.098956319246994,0.0,60.531031749553996,64.05676854670592
p41_vpcc_r05.ply,p41.ply,VPCC,2,4.51666666666667,3477459,3361611,22.87254238128662,1.0684700012207031,15.16635517566056,18.93636923060193,76.52967302946269,75.34102829946781,51.08322289810725,55.44435682265047
p43_geocnn_r01.ply,p43.ply,GEOCNN,0,4.43103448275862,5270927,6204425,28.750208616256714,1.4766387939453125,57.53502668212858,97.86037828207651,96.9159364076781,92.50569391879688,98.67290834198113,113.51362697845383
p43_geocnn_r02.ply,p43.ply,GEOCNN,0,4.55172413793104,5270927,5714494,28.84162664413452,1.3868942260742188,49.822961430577735,78.92225582048792,77.66516561815178,82.02149231191959,0.0,78.55811351586027
p43_geocnn_r03.ply,p43.ply,GEOCNN,0,4.71186440677966,5270927,5371170,26.996280193328857,1.3813896179199219,47.197464720086586,79.84407903860222,83.59052495050265,76.6462130891019,0.0,68.15933935735511
p43_geocnn_r04.ply,p43.ply,GEOCNN,0,4.81967213114754,5270927,5300199,27.09686017036438,1.3647270202636719,45.59765261993241,75.62824475781446,82.17375858427692,76.00081574691959,0.0,58.20639932917875
p43_gpcc-octree-predlift_r02.ply,p43.ply,GPCC,1,2.1,5270927,365799,59.62524127960205,0.9572944641113281,164.763778193373,175.1401181665673,189.81053861239508,185.90655000635107,0.0,0.0
p43_gpcc-octree-predlift_r03.ply,p43.ply,GPCC,1,3.5,5270927,1437497,63.6234085559845,0.9663925170898438,134.22995166082808,138.4575850050283,170.9969787514864,141.38065151102597,121.11573165433254,129.43050402208289
p43_gpcc-octree-predlift_r04.ply,p43.ply,GPCC,1,4.10169491525424,5270927,3098108,79.40734624862671,1.1260223388671875,111.75425915701692,137.07582387563338,146.96106994128994,120.76716621235593,120.43791004497041,109.57445272889356
p43_gpcc-octree-predlift_r05.ply,p43.ply,GPCC,1,4.62903225806452,5270927,4123700,60.55084538459778,1.2822723388671875,133.12256590976466,127.4032041043326,155.37783151100314,111.5969202499337,0.0,106.6919314439922
p43_gpcc-octree-predlift_r06.ply,p43.ply,GPCC,1,4.67741935483871,5270927,4686084,49.487083196640015,1.3311767578125,121.06124968701616,100.24892921463329,121.98314955779108,92.61931754287913,0.0,87.92607610713188
p43_gpcc-octree-raht_r02.ply,p43.ply,GPCC,1,1.4406779661017,5270927,365799,60.61933493614197,0.9658164978027344,154.84371528504906,172.29889344099257,179.27993575685798,185.132853799336,0.0,0.0
p43_gpcc-octree-raht_r03.ply,p43.ply,GPCC,1,3.45614035087719,5270927,1437497,74.29666447639465,1.0344429016113281,128.2598618061457,138.8162241144479,161.5148109540834,147.15061639478589,118.51577155653365,126.82299864334843
p43_gpcc-octree-raht_r04.ply,p43.ply,GPCC,1,4.21666666666667,5270927,3098108,84.46608710289001,1.0575637817382812,108.72518537953945,127.95813333618992,143.19254760077354,121.50535743824815,115.7589747903649,106.8794529432986
p43_gpcc-octree-raht_r05.ply,p43.ply,GPCC,1,4.61016949152542,5270927,4123700,65.40269160270691,1.2635688781738281,128.96924837594975,126.28691819258529,150.5150797746607,111.78292316340585,0.0,103.24693319288704
p43_gpcc-octree-raht_r06.ply,p43.ply,GPCC,1,4.73770491803279,5270927,4686084,48.143454790115356,1.1160354614257812,123.63935485328736,106.11856809657104,132.67499643444836,93.70570782138134,0.0,89.28979727030213
p43_vpcc_r00.ply,p43.ply,VPCC,2,2.63492063492064,5270927,5002840,27.82361674308777,1.1710739135742188,133.60175523744877,162.80609787591146,154.54632204974914,165.08322171764917,148.96291161599981,150.64188238956706
p43_vpcc_r01.ply,p43.ply,VPCC,2,3.66666666666667,5270927,5211231,29.094693660736084,1.3873939514160156,121.93158143071307,149.26290557489102,139.2082058632147,146.51648199379048,134.12976196456952,0.0
p43_vpcc_r02.ply,p43.ply,VPCC,2,3.9672131147541,5270927,5395072,27.99573564529419,1.3834228515625,104.30787392431343,128.1530112867718,148.75492139404065,135.5989593287169,122.02200976295332,0.0
p43_vpcc_r03.ply,p43.ply,VPCC,2,4.40677966101695,5270927,5385884,29.779870986938477,1.243682861328125,106.89594650184782,125.63258176313863,104.21936255029262,124.27747684404268,114.45884596197956,0.0
p43_vpcc_r04.ply,p43.ply,VPCC,2,4.68333333333333,5270927,5454081,28.96926188468933,1.354156494140625,81.96742219046033,108.55783338124127,112.80213250558484,112.4932812587445,0.0,106.00003296280622
p43_vpcc_r05.ply,p43.ply,VPCC,2,4.63934426229508,5270927,5352619,27.635692834854126,1.437286376953125,62.893334018197926,88.48339324856586,94.60504424331427,104.00534843758001,0.0,0.0
p44_geocnn_r01.ply,p44.ply,GEOCNN,0,3.83333333333333,1985954,2324759,14.757476806640625,0.781768798828125,90.76490651496104,90.66699506185542,119.2502611112193,142.19418773125062,103.00242303798684,116.95770458487127
p44_geocnn_r02.ply,p44.ply,GEOCNN,0,4.30508474576271,1985954,2164013,14.874377250671387,0.7939605712890625,83.71822572727464,84.40813432768775,117.67220617903769,139.4825003212868,95.31453533571568,113.36965451246284
p44_geocnn_r03.ply,p44.ply,GEOCNN,0,4.37704918032787,1985954,2116548,14.863619804382324,0.6666297912597656,78.31550904567564,78.91901363008346,106.97672821809915,131.08958662897751,87.83360034773428,106.05052151201933
p44_geocnn_r04.ply,p44.ply,GEOCNN,0,4.55737704918033,1985954,2041474,14.7777738571167,0.7467384338378906,73.2389431783597,74.40824656976565,104.34358023559088,135.05004528547954,82.58286916383614,99.39489988531291
p44_gpcc-octree-predlift_r02.ply,p44.ply,GPCC,1,1.88524590163934,1985954,123903,25.94771146774292,0.5004730224609375,150.0590509703935,150.7645156072215,181.4289857698417,182.36312066610972,174.68116051349756,182.12374275606652
p44_gpcc-octree-predlift_r03.ply,p44.ply,GPCC,1,3.26666666666667,1985954,516953,28.751317501068115,0.39487457275390625,105.03932110279983,109.40279629351438,134.53932652493054,140.08572700245884,139.01683896149382,139.39173114425853
p44_gpcc-octree-predlift_r04.ply,p44.ply,GPCC,1,4.2741935483871,1985954,1143658,30.745052814483643,0.6196327209472656,87.46175749511761,90.54837208217941,109.83140123337213,110.05330893297946,109.09759973044589,107.50516083943315
p44_gpcc-octree-predlift_r05.ply,p44.ply,GPCC,1,4.63793103448276,1985954,1539478,28.019973516464233,0.7574005126953125,74.09034551243158,72.8959038900806,94.5861790911318,97.11564844440514,95.2683169187786,95.36669264660253
p44_gpcc-octree-predlift_r06.ply,p44.ply,GPCC,1,4.71666666666667,1985954,1757189,20.552911281585693,0.6818809509277344,67.85906536652728,68.43979509740686,84.4655988234212,90.78456611352783,85.1410519451186,84.80099138940366
p44_gpcc-octree-raht_r02.ply,p44.ply,GPCC,1,1.32758620689655,1985954,123903,21.31231427192688,0.4181404113769531,156.36531937435146,159.58150222546823,185.76657868301106,189.93167329169856,183.5269400010883,193.50525647379055
p44_gpcc-octree-raht_r03.ply,p44.ply,GPCC,1,2.80327868852459,1985954,516953,24.946167707443237,0.4848594665527344,107.9025602751266,110.26855403500487,138.61031784177806,144.81451538848103,138.1808591457862,137.86730010773215
p44_gpcc-octree-raht_r04.ply,p44.ply,GPCC,1,4.19672131147541,1985954,1143658,30.711556434631348,0.6651992797851562,88.24562591207805,90.12755175206429,108.0360686031673,113.82901462262737,110.23430684836842,108.67862724450117
p44_gpcc-octree-raht_r05.ply,p44.ply,GPCC,1,4.45901639344262,1985954,1539478,25.640539169311523,0.6584014892578125,75.97367527231826,73.9739742112749,95.22638298267857,98.3074242346275,96.75254589275298,97.23560931970854
p44_gpcc-octree-raht_r06.ply,p44.ply,GPCC,1,4.48333333333333,1985954,1757189,20.852243900299072,0.7234382629394531,68.7098192209926,69.96462795844448,86.05889886165534,91.0585175826454,85.26945053668587,85.30080248007484
p44_vpcc_r00.ply,p44.ply,VPCC,2,2.23333333333333,1985954,1613272,14.913992166519165,0.7235527038574219,148.33705790863397,149.05728369058744,185.74309083497292,189.31540800117662,183.4686255158279,187.17381892342252
p44_vpcc_r01.ply,p44.ply,VPCC,2,3.18032786885246,1985954,1744377,13.92862844467163,0.7470207214355469,128.53843415045264,128.65491223286654,173.93965630303643,177.69013209372702,152.80563293822829,169.52940765887755
p44_vpcc_r02.ply,p44.ply,VPCC,2,3.72131147540984,1985954,1806157,14.529109239578247,0.7339706420898438,110.700412851175,112.43141436118734,154.40018808146974,160.77838730658644,127.52692538162788,149.15307057463173
p44_vpcc_r03.ply,p44.ply,VPCC,2,4.35,1985954,1831763,14.71357011795044,0.7329978942871094,92.63531434948496,93.50602468810935,136.94145307354725,147.1735384470274,105.05679138579296,130.72077781070405
p44_vpcc_r04.ply,p44.ply,VPCC,2,4.55,1985954,1845125,14.620545864105225,0.7691802978515625,79.97960192714626,79.3079606391563,121.47836862889844,140.1815976372792,92.1063636878539,120.38974843183945
p44_vpcc_r05.ply,p44.ply,VPCC,2,4.53225806451613,1985954,1772050,14.958850145339966,0.69464111328125,68.93878200524327,68.30905957359597,106.62361847552657,134.2767599847339,83.97779068376674,118.40190165974462
p45_geocnn_r01.ply,p45.ply,GEOCNN,0,3.45901639344262,4970144,5726744,34.608808755874634,1.4705123901367188,97.9148894259823,99.6009960527218,100.822298689078,109.01726517518297,95.83978897477817,97.21665630694453
p45_geocnn_r02.ply,p45.ply,GEOCNN,0,4.0327868852459,4970144,5419173,34.52684783935547,1.3831405639648438,95.35761230734033,95.61150513226013,84.76726362332266,103.12822017969239,95.10533161562905,97.25747103028593
p45_geocnn_r03.ply,p45.ply,GEOCNN,0,4.18032786885246,4970144,5174927,32.60208821296692,1.4101219177246094,93.59007912828307,92.5770942463993,80.33511068035773,100.22195874072573,91.78057815817033,93.74507590712511
p45_geocnn_r04.ply,p45.ply,GEOCNN,0,4.48333333333333,4970144,5095580,34.1935248374939,1.3305740356445312,92.10733486415592,90.68090087828818,78.05526859589071,97.03316824389265,90.48687496720743,93.48448725206386
p45_gpcc-octree-predlift_r02.ply,p45.ply,GPCC,1,1.40677966101695,4970144,331047,61.049344062805176,0.8089714050292969,163.25898933241228,96.85486570442005,169.60877248393786,198.43269117322373,201.76488464166383,192.0160419333053
p45_gpcc-octree-predlift_r03.ply,p45.ply,GPCC,1,2.74193548387097,4970144,1325135,63.65245485305786,1.0544929504394531,110.18095770944942,70.29139609042454,168.84925194167522,171.5649596538748,146.9792656408133,141.94409883231197
p45_gpcc-octree-predlift_r04.ply,p45.ply,GPCC,1,4.12903225806452,4970144,2890623,74.31657028198242,1.2043914794921875,118.39943983815137,114.7880416001438,144.64198493259158,135.48173591984545,117.18465374773298,111.32770471323784
p45_gpcc-octree-predlift_r05.ply,p45.ply,GPCC,1,4.5,4970144,3871077,69.37735438346863,1.1536903381347656,97.11228535988245,94.32413634497777,101.09315570718061,108.44027442856523,88.69885592598735,90.25844370961505
p45_gpcc-octree-predlift_r06.ply,p45.ply,GPCC,1,3.91525423728814,4970144,4402181,58.046326637268066,1.215057373046875,100.16282722507488,91.42100206510304,99.18470528959558,105.59047558266174,90.9633542886655,94.5119124228408
p45_gpcc-octree-raht_r02.ply,p45.ply,GPCC,1,1.42857142857143,4970144,331047,58.69475984573364,0.7840156555175781,163.76098647032987,100.21136271839538,165.52601997648145,197.20279439065965,193.834449641689,190.57892598392337
p45_gpcc-octree-raht_r03.ply,p45.ply,GPCC,1,2.58333333333333,4970144,1325135,72.13243556022644,1.0429611206054688,117.95061189944803,72.08048168614073,156.8968471621842,170.17304395663157,148.66774553810924,143.50486482592262
p45_gpcc-octree-raht_r04.ply,p45.ply,GPCC,1,4.33333333333333,4970144,2890623,78.16677117347717,1.1074256896972656,124.32234093455966,115.59077238078925,151.0809698004262,136.57753064668458,122.57872037363207,115.84231899739248
p45_gpcc-octree-raht_r05.ply,p45.ply,GPCC,1,4.66666666666667,4970144,3871077,69.10509991645813,1.2084121704101562,98.32975460289876,94.84568019734382,104.89701666214546,110.70891340118865,91.05852303382814,91.48818570662924
p45_gpcc-octree-raht_r06.ply,p45.ply,GPCC,1,4.63333333333333,4970144,4402181,51.39559531211853,1.2833366394042969,85.67380940284018,86.50767259161752,83.83403573232899,91.7071948311507,80.43297337620974,80.1778166665153
p45_vpcc_r00.ply,p45.ply,VPCC,2,2.33898305084746,4970144,4686128,33.34529638290405,1.1907119750976562,128.37321964618795,104.68299450893758,167.81976818669017,186.37832931662527,157.41089682735077,159.5984761574964
p45_vpcc_r01.ply,p45.ply,VPCC,2,3.56666666666667,4970144,4771669,33.72860932350159,1.3597450256347656,105.79473345937663,83.6050500295327,148.51082868402233,167.61765701090187,132.3231173205095,129.65426309370642
p45_vpcc_r02.ply,p45.ply,VPCC,2,4.3859649122807,4970144,4877540,32.78321170806885,1.3510055541992188,76.94173517670069,65.00548441040135,127.55673334983454,146.08225810051258,107.91918909973813,103.55355028955672
p45_vpcc_r03.ply,p45.ply,VPCC,2,4.5,4970144,4886295,36.13171720504761,1.3156509399414062,59.56555775419794,47.245167765839916,111.25341669263952,128.23298996474082,85.28007865885158,72.80080541877446
p45_vpcc_r04.ply,p45.ply,VPCC,2,4.39655172413793,4970144,5070279,36.105618476867676,1.3846817016601562,34.29633565211373,39.4592117615898,91.48726253216678,114.90600539506352,79.76945977682107,72.74852067455551
p45_vpcc_r05.ply,p45.ply,VPCC,2,4.57377049180328,4970144,4909938,33.86409282684326,1.3602485656738281,63.884140406109374,74.48702871940642,58.95018682739065,91.79180564657304,62.78907747550214,53.31645209848183
p46_geocnn_r01.ply,p46.ply,GEOCNN,0,4.09677419354839,713244,773771,16.314988613128662,0.4896430969238281,37.107769816392434,33.45101943311344,14.396512896619537,0.0,74.64077919401541,75.84671398195475
p46_geocnn_r02.ply,p46.ply,GEOCNN,0,4.29508196721312,713244,746651,15.692845344543457,0.5206680297851562,27.88047234801343,27.639045481203553,12.591786608043652,0.0,65.95101771412259,63.91288230643778
p46_geocnn_r03.ply,p46.ply,GEOCNN,0,4.55737704918033,713244,736723,15.151116371154785,0.536102294921875,26.224756672092752,22.355362643389103,8.857408430247524,0.0,60.309884160730725,59.57931412824505
p46_geocnn_r04.ply,p46.ply,GEOCNN,0,4.53225806451613,713244,721177,15.269952297210693,0.5314903259277344,23.831976196166142,17.59157316672932,0.0,0.0,50.61904775783694,50.16898576863457
p46_gpcc-octree-predlift_r02.ply,p46.ply,GPCC,1,2.39344262295082,713244,44147,24.865200996398926,0.462249755859375,69.5796659593974,69.00816220208429,39.163733410510446,23.446310166275225,115.92472901439501,113.8195527430939
p46_gpcc-octree-predlift_r03.ply,p46.ply,GPCC,1,3.47457627118644,713244,179547,22.678229570388794,0.44892120361328125,96.75913507884827,98.81016955627679,27.619108074838067,0.0,18.546107297036954,0.0
p46_gpcc-octree-predlift_r04.ply,p46.ply,GPCC,1,4.25,713244,401778,26.218990325927734,0.42525482177734375,87.80054567547373,87.8139405291973,86.46623471012295,83.5645854117048,74.59198186211825,74.55286410952819
p46_gpcc-octree-predlift_r05.ply,p46.ply,GPCC,1,4.41666666666667,713244,546889,22.38656234741211,0.5140457153320312,37.476597955450885,32.3293891136376,16.635211788692352,0.0,63.610822895524734,63.34210653976487
p46_gpcc-octree-predlift_r06.ply,p46.ply,GPCC,1,4.56896551724138,713244,627815,20.926519632339478,0.5050849914550781,27.539399988044543,26.47147744189424,13.797619877135427,0.0,61.97329061096431,60.35828195260207
p46_gpcc-octree-raht_r02.ply,p46.ply,GPCC,1,2.06779661016949,713244,44147,23.406750202178955,0.4645118713378906,68.86011144805289,66.9405387067343,36.14900401476304,0.0,117.34526188118396,115.58712904133694
p46_gpcc-octree-raht_r03.ply,p46.ply,GPCC,1,3.56666666666667,713244,179547,26.09945559501648,0.4509696960449219,98.69007382764967,98.85619842266752,17.90058342742954,1.2950103164799913,19.76617624670041,0.0
p46_gpcc-octree-raht_r04.ply,p46.ply,GPCC,1,4.08196721311475,713244,401778,27.343319177627563,0.4921379089355469,89.35230280365109,87.83862408984794,86.96010148561714,82.72828918894932,73.9577258860709,74.08494295166568
p46_gpcc-octree-raht_r05.ply,p46.ply,GPCC,1,4.49122807017544,713244,546889,22.6496639251709,0.5431747436523438,38.086231658009076,32.86809228482906,17.15622907370109,0.0,63.93017656175699,63.79085970981045
p46_gpcc-octree-raht_r06.ply,p46.ply,GPCC,1,4.45901639344262,713244,627815,20.588444709777832,0.47878265380859375,27.314744257941005,26.607051919431512,13.6547500955613,0.0,61.905185938041434,61.37675906477604
p46_vpcc_r00.ply,p46.ply,VPCC,2,2.88135593220339,713244,609245,16.113081216812134,0.5213508605957031,135.556442949626,133.19275306990966,0.0,0.0,117.09569001587275,119.13324165411447
p46_vpcc_r01.ply,p46.ply,VPCC,2,3.16393442622951,713244,689340,15.847615242004395,0.5229682922363281,44.97194816778935,41.43590797176027,0.0,0.0,102.24046213176908,103.32242699946497
p46_vpcc_r02.ply,p46.ply,VPCC,2,3.43333333333333,713244,710506,15.983093023300171,0.5499649047851562,114.38152288936533,116.94704784075665,0.0,0.0,92.90128102065638,94.6285931625783
p46_vpcc_r03.ply,p46.ply,VPCC,2,3.68333333333333,713244,714753,15.658057451248169,0.5388984680175781,41.19450780357512,102.82847694803226,0.0,0.0,83.71273341746478,85.94560093555697
p46_vpcc_r04.ply,p46.ply,VPCC,2,3.89830508474576,713244,729253,15.747647762298584,0.5293693542480469,99.22413692447267,99.82177608366347,0.0,0.0,29.439253464074014,23.165438459440225
p46_vpcc_r05.ply,p46.ply,VPCC,2,4.41666666666667,713244,671063,16.181549072265625,0.5187149047851562,81.29912580429298,80.95121020145731,80.352144069354,74.10239506878192,67.62396748868345,71.72523849543958
p48_geocnn_r01.ply,p48.ply,GEOCNN,0,3.91935483870968,755471,871781,27.37081813812256,0.5356407165527344,0.0,15.781053671191055,0.0,0.0,100.8823209403345,97.19146488773953
p48_geocnn_r02.ply,p48.ply,GEOCNN,0,4.38333333333333,755471,809092,28.937159299850464,0.5424766540527344,0.0,12.338113607089525,0.0,0.0,85.6612063358004,92.94556731158625
p48_geocnn_r03.ply,p48.ply,GEOCNN,0,4.5,755471,789372,28.786991596221924,0.5319480895996094,0.0,6.576965587749385,0.0,0.0,81.2871525692932,87.41628288167777
p48_geocnn_r04.ply,p48.ply,GEOCNN,0,4.6,755471,773393,26.92713713645935,0.5486488342285156,0.0,9.943337865691547,0.0,0.0,79.72467229474859,81.5220908343404
p48_gpcc-octree-predlift_r02.ply,p48.ply,GPCC,1,1.55172413793103,755471,48849,28.552110195159912,0.4369544982910156,0.0,35.17539911224112,0.0,0.0,168.55426188264624,167.90989228707568
p48_gpcc-octree-predlift_r03.ply,p48.ply,GPCC,1,3.48333333333333,755471,194316,33.91071319580078,0.565582275390625,90.99173736679839,88.66390589496997,0.0,0.0,90.38939505068629,95.25121860266862
p48_gpcc-octree-predlift_r04.ply,p48.ply,GPCC,1,4.24590163934426,755471,431272,38.29796767234802,0.47585296630859375,89.81811044151908,92.87327937547673,86.94777400188528,88.31741913014687,112.57471560920115,115.49708046382115
p48_gpcc-octree-predlift_r05.ply,p48.ply,GPCC,1,4.45,755471,582931,36.60406017303467,0.5149879455566406,0.0,16.66387623193762,0.0,0.0,100.35109816423042,111.22883381056326
p48_gpcc-octree-predlift_r06.ply,p48.ply,GPCC,1,4.66129032258065,755471,666853,34.01767945289612,0.5484275817871094,0.0,10.9978923399801,0.0,0.0,90.96304981509414,88.13923707515336
p48_gpcc-octree-raht_r02.ply,p48.ply,GPCC,1,1.60655737704918,755471,48849,28.459168910980225,0.4924049377441406,0.0,26.268997085004333,23.684829203808324,21.30695649978106,165.6417697152459,168.0135367242587
p48_gpcc-octree-raht_r03.ply,p48.ply,GPCC,1,3.16949152542373,755471,194316,32.81127429008484,0.4584693908691406,94.42586624847283,91.87612862126048,0.0,0.0,100.2061541491379,100.26669452637026
p48_gpcc-octree-raht_r04.ply,p48.ply,GPCC,1,4.18333333333333,755471,431272,31.988532781600952,0.4788093566894531,92.25819186684971,91.84543284644685,87.8634076131207,88.78081834125635,112.47897523941272,117.7365948134439
p48_gpcc-octree-raht_r05.ply,p48.ply,GPCC,1,4.41666666666667,755471,582931,35.37242889404297,0.5006752014160156,0.0,17.48405357788674,0.0,0.0,96.42559504886677,106.43689225103816
p48_gpcc-octree-raht_r06.ply,p48.ply,GPCC,1,4.51666666666667,755471,666853,31.359168529510498,0.5524177551269531,0.0,10.98814403967059,0.0,0.0,96.07867528965353,88.4555604312134
p48_vpcc_r00.ply,p48.ply,VPCC,2,1.86440677966102,755471,646362,28.53220009803772,0.5727767944335938,16.912018798561572,45.46973467580529,144.334619291308,146.05479341341288,137.24720653507563,121.61242390786829
p48_vpcc_r01.ply,p48.ply,VPCC,2,2.83050847457627,755471,702150,28.49726676940918,0.5534324645996094,0.0,30.817932783116547,122.50935868751893,123.46660134067736,116.45710949008688,110.03887256040201
p48_vpcc_r02.ply,p48.ply,VPCC,2,3.29508196721311,755471,766973,28.774590730667114,0.5397605895996094,0.0,9.171365926583833,109.54588303551068,110.19840534909306,97.88362899056519,96.18976491413856
p48_vpcc_r03.ply,p48.ply,VPCC,2,3.84745762711864,755471,777298,27.430909156799316,0.5122566223144531,0.0,9.73603521577554,97.27345794685291,96.21464674699294,84.72087940037416,84.13201681037017
p48_vpcc_r04.ply,p48.ply,VPCC,2,4.13114754098361,755471,816036,28.501858472824097,0.5295295715332031,0.0,5.263423611325294,85.96480932947259,85.75523050403667,77.32164559680237,67.91844320128396
p48_vpcc_r05.ply,p48.ply,VPCC,2,4.48387096774194,755471,718667,29.0219943523407,0.5469131469726562,82.97221619818329,79.14723150907572,79.3379143898987,72.5125854955929,99.13613817383637,108.9141409653155
p49_geocnn_r01.ply,p49.ply,GEOCNN,0,3.43333333333333,3042645,3388135,24.525252103805542,1.2599258422851562,79.85692346903133,83.3202532990779,12.61124434090307,117.46796418296164,74.51722462023044,82.47415348507911
p49_geocnn_r02.ply,p49.ply,GEOCNN,0,4.14754098360656,3042645,3196754,22.076631784439087,1.0187873840332031,74.65834746297733,78.00590895404619,0.0,0.0,69.16586272227715,70.89621306887722
p49_geocnn_r03.ply,p49.ply,GEOCNN,0,3.98333333333333,3042645,3134875,21.9655339717865,1.0017242431640625,68.49140626409026,16.529211744669254,0.0,0.0,59.754554683235575,68.59028122160929
p49_geocnn_r04.ply,p49.ply,GEOCNN,0,4.52459016393443,3042645,3044651,21.633734703063965,0.9869537353515625,11.984516625824115,16.465582204884154,0.0,92.11512823305225,57.15897268199356,57.73458785840103
p49_gpcc-octree-predlift_r02.ply,p49.ply,GPCC,1,1.48333333333333,3042645,197655,42.533244371414185,0.5942649841308594,34.08291752354956,36.592982834514565,0.0,197.61371499734884,127.54080349121455,125.17572468615424
p49_gpcc-octree-predlift_r03.ply,p49.ply,GPCC,1,2.72131147540984,3042645,787139,52.44712805747986,0.75140380859375,26.218332294660815,26.603326420127463,146.44455927053482,196.0796589152758,108.1858623271961,102.54851061420166
p49_gpcc-octree-predlift_r04.ply,p49.ply,GPCC,1,3.85,3042645,1741481,58.1122465133667,0.9219589233398438,15.648564637285919,18.71386081501444,0.0,0.0,90.48600613495508,92.83559229528683
p49_gpcc-octree-predlift_r05.ply,p49.ply,GPCC,1,4.49180327868853,3042645,2355779,56.76113152503967,0.7592926025390625,13.872496433050175,15.379076393422498,0.0,0.0,73.61695368972772,74.78712370100214
p49_gpcc-octree-predlift_r06.ply,p49.ply,GPCC,1,4.52542372881356,3042645,2683719,37.32614183425903,0.9352188110351562,12.106753338456969,14.192087250014781,0.0,0.0,70.60288395653387,74.25381106833483
p49_gpcc-octree-raht_r02.ply,p49.ply,GPCC,1,1.63333333333333,3042645,197655,42.78252696990967,0.6643142700195312,35.638925464530324,38.69114186510483,0.0,195.1244273350724,128.47556339432688,126.17801191573747
p49_gpcc-octree-raht_r03.ply,p49.ply,GPCC,1,2.64516129032258,3042645,787139,50.835543632507324,0.7195091247558594,27.136915395536384,27.484034674521723,157.38135943735733,173.63636727108113,108.29496305756284,100.34493254973894
p49_gpcc-octree-raht_r04.ply,p49.ply,GPCC,1,3.73770491803279,3042645,1741481,52.82136917114258,0.91937255859375,16.723396740890248,18.92712869483766,0.0,0.0,93.01097221216963,95.46965028380511
p49_gpcc-octree-raht_r05.ply,p49.ply,GPCC,1,4.31147540983607,3042645,2355779,47.8553249835968,0.8706398010253906,14.120121716631525,15.820347782234577,0.0,0.0,74.10939881082285,75.01874947160128
p49_gpcc-octree-raht_r06.ply,p49.ply,GPCC,1,4.38983050847458,3042645,2683719,37.473435163497925,0.9246101379394531,12.215849287910146,14.499612224424531,0.0,0.0,71.51477272194833,74.72981990171543
p49_vpcc_r00.ply,p49.ply,VPCC,2,1.91935483870968,3042645,2796830,24.532127380371094,0.9449996948242188,143.1529269808525,139.23838546217192,0.0,0.0,131.46801837729325,132.09576716152975
p49_vpcc_r01.ply,p49.ply,VPCC,2,2.75806451612903,3042645,2945464,23.29460883140564,0.9068946838378906,125.37689274320064,123.70330772932591,0.0,0.0,122.2151560886368,123.64516932639278
p49_vpcc_r02.ply,p49.ply,VPCC,2,3.69491525423729,3042645,3002545,23.32066535949707,0.8787574768066406,27.064339100017676,26.326033364650247,0.0,0.0,106.16769385193454,107.35461604779269
p49_vpcc_r03.ply,p49.ply,VPCC,2,4.13333333333333,3042645,3030196,23.209843158721924,0.975311279296875,93.97688905226114,89.14607898321472,0.0,0.0,86.38538035016336,85.57978970050354
p49_vpcc_r04.ply,p49.ply,VPCC,2,4.50819672131148,3042645,3062045,23.03976845741272,0.9688720703125,19.655570609528386,74.42176039736637,0.0,104.332090215589,72.6915614281474,76.77953719039544
p49_vpcc_r05.ply,p49.ply,VPCC,2,4.36666666666667,3042645,2974059,23.852471113204956,0.97406005859375,64.10590853689118,68.65991757960956,0.0,0.0,54.771146012993945,59.28800460184153
p50_geocnn_r01.ply,p50.ply,GEOCNN,0,4.32758620689655,1292298,1390528,12.70414924621582,0.5057563781738281,67.77261741119516,72.26415956156022,84.13858404891783,79.31003763350114,88.48482609511389,93.04638913608194
p50_geocnn_r02.ply,p50.ply,GEOCNN,0,4.61016949152542,1292298,1334705,12.46806788444519,0.6586990356445312,61.52282422808012,64.59758912312978,72.40826110558118,69.84192152212097,45.58173130782342,47.939864648355524
p50_geocnn_r03.ply,p50.ply,GEOCNN,0,4.58064516129032,1292298,1334969,11.614795923233032,0.7191200256347656,52.98900596032013,60.297969973708405,62.770541280848846,62.473598902581344,33.54919234108914,39.86909987049862
p50_geocnn_r04.ply,p50.ply,GEOCNN,0,4.77777777777778,1292298,1309563,11.191036939620972,0.6631965637207031,49.964562674617085,54.29686997407891,55.06269137801931,56.16508428910945,30.234879171437615,36.54882466258903
p50_gpcc-octree-predlift_r02.ply,p50.ply,GPCC,1,1.76666666666667,1292298,86470,22.670259714126587,0.5199165344238281,158.7091649577205,159.2944449887209,174.81962413205474,173.571462815277,101.3315506251144,107.79656432892762
p50_gpcc-octree-predlift_r03.ply,p50.ply,GPCC,1,3.11475409836066,1292298,338196,30.02398991584778,0.510101318359375,120.10400052394868,119.5896152709644,134.75735838989135,132.17282292452848,129.47121889779743,126.8688769675872
p50_gpcc-octree-predlift_r04.ply,p50.ply,GPCC,1,3.9344262295082,1292298,744386,28.071418523788452,0.6136322021484375,90.9818862683253,98.40418252107872,108.53145416412724,104.98874367471572,107.07564972280997,102.66907162828778
p50_gpcc-octree-predlift_r05.ply,p50.ply,GPCC,1,4.33333333333333,1292298,1001055,29.093419313430786,0.6140022277832031,75.10631894513746,84.06686530106494,94.20578288639555,91.50735072436517,59.2123033071905,58.44399356485039
p50_gpcc-octree-predlift_r06.ply,p50.ply,GPCC,1,4.60655737704918,1292298,1142305,22.61637806892395,0.6907577514648438,70.40587011495654,70.6973641111299,81.17935937952649,78.43529461319497,52.20724445025847,51.81037380822896
p50_gpcc-octree-raht_r02.ply,p50.ply,GPCC,1,1.45161290322581,1292298,86470,20.32279348373413,0.5323715209960938,165.23061905773034,165.1023686378579,176.81637618185346,176.7767470718038,102.33435979403191,109.54885262388157
p50_gpcc-octree-raht_r03.ply,p50.ply,GPCC,1,2.63934426229508,1292298,338196,27.659026384353638,0.5311050415039062,128.60282200680015,129.05853681841108,145.14167825477463,143.36381343670132,134.0856623846305,133.94184787014234
p50_gpcc-octree-raht_r04.ply,p50.ply,GPCC,1,3.93103448275862,1292298,744386,29.84820795059204,0.6253852844238281,96.53847656209624,100.3841148118535,113.19750996517264,111.09115536708346,107.57837509999439,103.14771013213684
p50_gpcc-octree-raht_r05.ply,p50.ply,GPCC,1,4.29310344827586,1292298,1001055,29.10350489616394,0.6636238098144531,77.36087334515409,84.12160032202277,95.2549368638213,92.1163019442198,59.65742621750926,57.46462322252427
p50_gpcc-octree-raht_r06.ply,p50.ply,GPCC,1,4.57377049180328,1292298,1142305,21.346747636795044,0.7093048095703125,71.80251541570556,71.43378992635611,82.55070260123446,79.49226417915645,52.16577191944317,52.051688874770846
p50_vpcc_r00.ply,p50.ply,VPCC,2,1.88333333333333,1292298,1062708,12.50982141494751,0.6796340942382812,154.70527966128165,160.08227555073296,189.77617588077035,188.89647665020019,181.5330736634294,178.16670623051314
p50_vpcc_r01.ply,p50.ply,VPCC,2,2.77966101694915,1292298,1173126,12.20657730102539,0.6562156677246094,134.16820428990877,136.9833206590638,161.76243147107863,160.5558999480212,157.8148791509447,153.84425425354985
p50_vpcc_r02.ply,p50.ply,VPCC,2,3.47457627118644,1292298,1226551,11.952610731124878,0.6000022888183594,110.95459586574198,110.96657700836404,134.8099601591728,130.48477565489685,86.07202462497914,84.23252697800508
p50_vpcc_r03.ply,p50.ply,VPCC,2,4.1551724137931,1292298,1248893,12.150691747665405,0.5729179382324219,88.37964673010636,91.32588259094331,113.60124195475704,105.99328940005734,115.27679121317504,111.02546194424845
p50_vpcc_r04.ply,p50.ply,VPCC,2,4.5,1292298,1273629,12.319207429885864,0.59661865234375,68.32886704165024,70.02202852270094,93.73910262298,84.44720627634287,102.93604134390326,99.90098423605782
p50_vpcc_r05.ply,p50.ply,VPCC,2,4.60344827586207,1292298,1231167,12.641155481338501,0.5808219909667969,51.21622659473245,54.09119861644298,81.94183722571367,68.23923976202428,78.59443231749594,76.59215781253151
p51_geocnn_r01.ply,p51.ply,GEOCNN,0,3.59322033898305,1634925,1810451,25.639095067977905,0.7108612060546875,94.72448441860872,95.2790397069925,93.76427414869988,98.0265869806096,66.24524757497296,94.44369055222643
p51_geocnn_r02.ply,p51.ply,GEOCNN,0,3.91803278688525,1634925,1741816,26.746570825576782,0.6997222900390625,91.04657154129139,89.57322833449373,88.05440099334028,90.95090290586491,52.675689507169125,67.64605626354694
p51_geocnn_r03.ply,p51.ply,GEOCNN,0,4.15,1634925,1670680,24.527050018310547,0.7135658264160156,90.58747428508384,85.98989284327973,86.46422923994342,87.47321997862187,52.68976805826632,59.02011300280995
p51_geocnn_r04.ply,p51.ply,GEOCNN,0,4.31147540983607,1634925,1639447,26.607601165771484,0.7333335876464844,86.26265307897748,82.98772276481435,84.43501128167595,85.91434741045589,46.7856699800789,59.02794384266549
p51_gpcc-octree-predlift_r02.ply,p51.ply,GPCC,1,1.42372881355932,1634925,105541,53.002058029174805,0.4912376403808594,141.08022790805046,134.55798938495695,181.59675614042908,179.0433349231542,160.69367966744136,149.8742253153119
p51_gpcc-octree-predlift_r03.ply,p51.ply,GPCC,1,2.96610169491525,1634925,422150,63.41124963760376,0.5219573974609375,110.09463376444167,111.51453178456703,201.07878736491233,197.60811667504646,134.8857429349587,139.14893708539785
p51_gpcc-octree-predlift_r04.ply,p51.ply,GPCC,1,4.08196721311475,1634925,934215,80.43095469474792,0.6431350708007812,92.64955493686048,91.48226786820211,121.91797401747644,122.90936666731018,52.058851970543806,79.99300279087365
p51_gpcc-octree-predlift_r05.ply,p51.ply,GPCC,1,4.08064516129032,1634925,1262162,68.17250108718872,0.6579780578613281,77.76708489331725,76.9717653812582,77.09704311865961,76.45375955048172,36.18064305258126,65.0555908980075
p51_gpcc-octree-predlift_r06.ply,p51.ply,GPCC,1,4.56666666666667,1634925,1443459,51.405062675476074,0.6660652160644531,69.78609213801407,68.77950236278492,63.08759652332839,63.226185607461815,43.0951079882508,50.65176590984079
p51_gpcc-octree-raht_r02.ply,p51.ply,GPCC,1,1.4406779661017,1634925,105541,52.44488573074341,0.4877357482910156,140.9891991440163,136.93641664363605,175.66844480854516,177.81811694732235,156.8257466443326,149.1922644187139
p51_gpcc-octree-raht_r03.ply,p51.ply,GPCC,1,2.93333333333333,1634925,422150,58.801496505737305,0.4979400634765625,110.01982977328551,109.45385098198915,194.43377503798982,190.89853956329375,134.18231286400913,135.85286516771617
p51_gpcc-octree-raht_r04.ply,p51.ply,GPCC,1,4.03389830508475,1634925,934215,69.57167840003967,0.635955810546875,92.81280908729062,91.53068824567458,134.1251212960886,131.10661230696147,53.65314908678529,78.83296347290572
p51_gpcc-octree-raht_r05.ply,p51.ply,GPCC,1,4.32258064516129,1634925,1262162,58.86779975891113,0.6002655029296875,78.64857394969866,78.22432515007996,81.89291236761545,80.45798744832099,39.95302177332446,58.09508723962114
p51_gpcc-octree-raht_r06.ply,p51.ply,GPCC,1,4.51666666666667,1634925,1443459,50.47230362892151,0.6664543151855469,70.59390002585405,68.86901313061782,65.76360660154954,65.59339543037761,42.631455536300315,50.57904366479714
p51_vpcc_r00.ply,p51.ply,VPCC,2,1.88333333333333,1634925,1434141,27.17997431755066,0.69281005859375,129.963703222782,134.1626508943932,174.6489575494843,180.379242346193,147.60854886919182,146.1658839921044
p51_vpcc_r01.ply,p51.ply,VPCC,2,3.03174603174603,1634925,1465071,27.667574405670166,0.718841552734375,121.25343373548249,125.06906104864888,166.99611915366802,174.32959638750856,134.15743352912878,137.51513465821907
p51_vpcc_r02.ply,p51.ply,VPCC,2,3.58333333333333,1634925,1532575,27.438104391098022,0.6822242736816406,111.03813302965024,115.7801480869262,148.16750604343562,152.41462212661781,125.60781099133217,131.5936794470124
p51_vpcc_r03.ply,p51.ply,VPCC,2,4.04918032786885,1634925,1567323,28.175575733184814,0.5846176147460938,104.5427484311805,108.08535128197383,122.84058986335386,128.93088569304092,116.47111320737675,130.68099410450353
p51_vpcc_r04.ply,p51.ply,VPCC,2,4.2,1634925,1622606,27.66462230682373,0.7071342468261719,97.30380625790288,99.35542047011168,92.24539506606865,102.48992631841801,111.55531714148988,118.07579621092148
p51_vpcc_r05.ply,p51.ply,VPCC,2,4.47540983606557,1634925,1579281,27.05844783782959,0.6791343688964844,89.34212875788333,81.26793000090852,60.764830636116756,80.08794072818105,105.75892201268431,108.23544660258611
p52_geocnn_r01.ply,p52.ply,GEOCNN,0,3.56666666666667,4168127,4641220,25.855862855911255,1.2684745788574219,99.09765886610103,83.1844493158023,0.0,0.0,110.6234398348126,94.52106929951938
p52_geocnn_r02.ply,p52.ply,GEOCNN,0,4.23333333333333,4168127,4446803,25.031891345977783,1.2081871032714844,89.20775262875713,88.7325532855738,274.3357468508767,130.18878579027952,103.44460021149297,82.69691009560115
p52_geocnn_r03.ply,p52.ply,GEOCNN,0,4.41935483870968,4168127,4243042,26.152347803115845,1.0658187866210938,88.21961744389007,74.27078662170871,0.0,0.0,104.067811568872,79.58897241869961
p52_geocnn_r04.ply,p52.ply,GEOCNN,0,4.45762711864407,4168127,4203834,24.77295422554016,1.1823883056640625,83.81424813035387,80.08385446950733,222.29777579480822,123.8063860664998,98.40190522605104,78.31157250046904
p52_gpcc-octree-predlift_r02.ply,p52.ply,GPCC,1,1.39344262295082,4168127,274808,51.95249128341675,0.7994766235351562,161.87955713610572,138.62290909158656,0.0,0.0,169.5421706927662,164.3840480039729
p52_gpcc-octree-predlift_r03.ply,p52.ply,GPCC,1,2.96666666666667,4168127,1091424,62.74489665031433,0.7474784851074219,133.1530951852942,141.06263868129452,0.0,0.0,75.93928411704954,81.65682187179866
p52_gpcc-octree-predlift_r04.ply,p52.ply,GPCC,1,4.33333333333333,4168127,2400183,76.72607374191284,0.9676399230957031,108.49159834298405,151.09083229182673,235.620492197356,142.42702065173526,119.62848615050487,114.79361579915042
p52_gpcc-octree-predlift_r05.ply,p52.ply,GPCC,1,4.56666666666667,4168127,3229564,62.78473424911499,0.9999656677246094,112.52687339289919,91.98154325725109,201.1243223723825,98.35402191350647,110.96417416525298,98.95367934903038
p52_gpcc-octree-predlift_r06.ply,p52.ply,GPCC,1,4.67241379310345,4168127,3685471,44.54291105270386,1.0767364501953125,97.97669416493775,71.24041351933984,171.47849124750454,76.54157241548837,99.32909244763883,83.46876187617056
p52_gpcc-octree-raht_r02.ply,p52.ply,GPCC,1,1.56666666666667,4168127,274808,40.37721633911133,0.6366462707519531,150.36703152780788,140.53787220387403,0.0,0.0,163.27490035436998,160.1923339680921
p52_gpcc-octree-raht_r03.ply,p52.ply,GPCC,1,2.66101694915254,4168127,1091424,47.70695471763611,0.8664894104003906,125.40299186470004,132.15738863308448,0.0,0.0,75.28354830168499,79.78771107490644
p52_gpcc-octree-raht_r04.ply,p52.ply,GPCC,1,4.08333333333333,4168127,2400183,66.20803952217102,0.9687919616699219,106.6901116414958,137.12549126568797,189.27888439693288,151.98221006965773,116.96237056134706,111.0827225208217
p52_gpcc-octree-raht_r05.ply,p52.ply,GPCC,1,4.62295081967213,4168127,3229564,67.61300015449524,1.0604782104492188,97.71285507856545,106.16224041725886,211.32684438337185,102.83095013958469,101.66660143239599,93.25945298303999
p52_gpcc-octree-raht_r06.ply,p52.ply,GPCC,1,4.7,4168127,3685471,51.839619398117065,1.0979385375976562,106.10507738866693,74.62638897439894,177.7718623708738,79.48094213495565,94.55696694489559,86.32129096091592
p52_vpcc_r00.ply,p52.ply,VPCC,2,2.26666666666667,4168127,3866192,25.407986640930176,1.1260986328125,153.42211869164197,150.08463407447655,0.0,0.0,95.43089986105775,95.62938885883518
p52_vpcc_r01.ply,p52.ply,VPCC,2,2.76271186440678,4168127,4049024,27.552942037582397,1.15301513671875,144.87945088372692,139.40209464751604,180.1659367593004,0.0,146.43113288557643,142.0630713289297
p52_vpcc_r02.ply,p52.ply,VPCC,2,3.59322033898305,4168127,4142611,25.89110517501831,1.1552696228027344,133.1216281668703,132.13455719294475,180.78965091413107,172.54266213197792,79.49826613504625,79.69433211101239
p52_vpcc_r03.ply,p52.ply,VPCC,2,4.12903225806452,4168127,4130515,28.847315549850464,1.0223579406738281,115.87009021250795,120.0722613169972,176.23718336043345,149.67027339542054,72.8349820015232,70.62741441917997
p52_vpcc_r04.ply,p52.ply,VPCC,2,4.58620689655172,4168127,4177906,29.85987424850464,1.1536750793457031,111.80609251577238,109.05132493270959,176.8438054544895,127.19759146107302,66.88048695797437,61.524504492590054
p52_vpcc_r05.ply,p52.ply,VPCC,2,4.63934426229508,4168127,4080576,30.08944058418274,1.1503257751464844,91.33761173770228,63.82004092633332,0.0,0.0,108.36298176538584,87.98237099464059
p53_geocnn_r01.ply,p53.ply,GEOCNN,0,3.95,2110810,2300204,22.307008266448975,0.7741889953613281,82.58171921813056,79.96425081570112,36.42775197996438,36.46246488506644,88.39152057242623,90.02184798621052
p53_geocnn_r02.ply,p53.ply,GEOCNN,0,4.42622950819672,2110810,2229792,20.231499671936035,0.6902046203613281,76.5051238521142,74.3641405838999,32.97851007061593,32.1739349371305,82.91814923865869,84.45870071039943
p53_geocnn_r03.ply,p53.ply,GEOCNN,0,4.60655737704918,2110810,2159312,20.102805614471436,0.6538772583007812,76.86537006933642,77.09843844888482,87.54626945227098,88.55780377366116,77.05593382339876,79.85399010502155
p53_geocnn_r04.ply,p53.ply,GEOCNN,0,4.42622950819672,2110810,2130321,19.407639503479004,0.7486801147460938,74.11051080386005,74.28992769344134,85.29228818059326,86.62762686435917,74.67460683393043,77.56795830133197
p53_gpcc-octree-predlift_r02.ply,p53.ply,GPCC,1,1.46666666666667,2110810,141655,47.386884927749634,0.4195404052734375,168.23060128499208,156.88698065039375,196.37196070591645,195.39703487663138,92.29378790731059,86.69570701204152
p53_gpcc-octree-predlift_r03.ply,p53.ply,GPCC,1,2.85,2110810,550055,66.70813298225403,0.5486793518066406,140.36417160735925,139.9899126376216,71.7505336448462,75.44829987088043,73.84651644578933,66.93734548354931
p53_gpcc-octree-predlift_r04.ply,p53.ply,GPCC,1,4.32258064516129,2110810,1215495,79.35660481452942,0.6487197875976562,105.9413021922538,103.38681304414942,117.2812552286522,115.39527740975969,102.48063378670895,92.42769485739814
p53_gpcc-octree-predlift_r05.ply,p53.ply,GPCC,1,4.42372881355932,2110810,1634025,64.04095196723938,0.8097991943359375,81.95528624773402,76.53021560196515,81.52795182488202,80.46108673248449,76.72964410459255,78.79592559078232
p53_gpcc-octree-predlift_r06.ply,p53.ply,GPCC,1,4.58620689655172,2110810,1866646,43.028528690338135,0.6931419372558594,74.39464787437203,69.67101587287857,69.11671599703148,68.57639950338076,68.59598523753847,71.51727429457776
p53_gpcc-octree-raht_r02.ply,p53.ply,GPCC,1,1.25,2110810,141655,40.08140230178833,0.4966392517089844,166.963535786653,159.763074181272,202.3805650881092,204.1241984007802,93.04052371114668,84.58901489166257
p53_gpcc-octree-raht_r03.ply,p53.ply,GPCC,1,2.45901639344262,2110810,550055,60.42147636413574,0.4651336669921875,143.7487203572243,140.78969517634508,68.64515307013518,70.79350262789406,74.8140626854745,67.13973258823708
p53_gpcc-octree-raht_r04.ply,p53.ply,GPCC,1,4.13333333333333,2110810,1215495,70.17782020568848,0.6594734191894531,112.12691037796745,105.60092181990817,133.86900265197593,133.10107070103479,105.69329179899827,97.90794497049964
p53_gpcc-octree-raht_r05.ply,p53.ply,GPCC,1,4.51724137931035,2110810,1634025,64.17425918579102,0.8168144226074219,83.30381777813525,78.06935080996843,84.89350211714651,83.50609138747522,78.33182792472185,80.25256988145941
p53_gpcc-octree-raht_r06.ply,p53.ply,GPCC,1,4.60655737704918,2110810,1866646,43.898399353027344,0.8123931884765625,75.10681188489077,70.70145404943995,71.51945826434618,70.86735614813134,70.10945734305027,72.41700823763013
p53_vpcc_r00.ply,p53.ply,VPCC,2,1.95,2110810,1837290,21.649857997894287,0.7371101379394531,150.9669606707269,149.1265493196332,83.94127071860927,85.37040570070653,153.51292279543648,154.79344229039054
p53_vpcc_r01.ply,p53.ply,VPCC,2,2.78688524590164,2110810,1962877,19.8904767036438,0.7457695007324219,139.17335887274936,133.71238853451953,163.17212739873554,166.86153936896076,73.01071300229444,59.83487645834314
p53_vpcc_r02.ply,p53.ply,VPCC,2,3.96666666666667,2110810,2025134,20.178029775619507,0.7313690185546875,125.24443896349058,118.19718128038843,149.23241695619336,152.80192468874623,120.99374616446931,114.15441357948119
p53_vpcc_r03.ply,p53.ply,VPCC,2,4.42622950819672,2110810,2018225,22.012455940246582,0.6901435852050781,106.92974844230366,100.92971349350603,109.62543406500066,113.84375948928977,97.75035957449992,89.1653417814853
p53_vpcc_r04.ply,p53.ply,VPCC,2,4.53448275862069,2110810,2074881,21.249756813049316,0.7603645324707031,88.80689123442477,87.90699454947742,81.33884367001272,87.23071178012984,81.58529999636183,79.5771813339894
p53_vpcc_r05.ply,p53.ply,VPCC,2,4.63934426229508,2110810,2013097,22.524229764938354,0.6751174926757812,79.80202629288189,74.4570381321974,59.47646203019377,74.80651863486722,31.57549813006461,18.94248943021836
p54_geocnn_r01.ply,p54.ply,GEOCNN,0,2.65573770491803,2459957,2843213,20.908077001571655,0.8857650756835938,119.81956168253657,112.41654596347217,127.17728050066125,124.88822476382575,0.0,0.0
p54_geocnn_r02.ply,p54.ply,GEOCNN,0,3.49180327868852,2459957,2730586,20.518128156661987,0.815032958984375,115.95143985445722,110.54805250149799,121.88481345579675,119.98116060756742,0.0,0.0
p54_geocnn_r03.ply,p54.ply,GEOCNN,0,4.0,2459957,2574188,19.65945839881897,0.7166023254394531,105.05903084360872,99.88974895744698,116.71255978519946,114.52418711506303,0.0,0.0
p54_geocnn_r04.ply,p54.ply,GEOCNN,0,4.16949152542373,2459957,2498987,19.434383392333984,0.679443359375,102.6940058531695,95.62415925473461,111.32545804120771,110.63880604904934,0.0,0.0
p54_gpcc-octree-predlift_r02.ply,p54.ply,GPCC,1,1.26666666666667,2459957,158339,54.994370222091675,0.5430450439453125,172.7596753737121,175.41097931875464,197.3406092724291,194.92610990597234,0.0,0.0
p54_gpcc-octree-predlift_r03.ply,p54.ply,GPCC,1,2.95081967213115,2459957,635281,65.12399625778198,0.5907783508300781,146.9843499845714,140.93277761101027,85.10676078795603,48.780409222811336,0.0,0.0
p54_gpcc-octree-predlift_r04.ply,p54.ply,GPCC,1,4.30508474576271,2459957,1404504,60.35426378250122,0.7283935546875,125.25469736655964,108.8825545945261,139.87638398642994,137.14109446895003,0.0,0.0
p54_gpcc-octree-predlift_r05.ply,p54.ply,GPCC,1,4.30508474576271,2459957,1897384,58.05550003051758,0.88916015625,98.7226887165875,92.76130286660079,118.22635819242458,115.7220624420905,0.0,0.0
p54_gpcc-octree-predlift_r06.ply,p54.ply,GPCC,1,4.55,2459957,2169943,42.235360860824585,0.8178329467773438,87.8486218972005,83.2806091336666,96.97103188197045,96.88273047390517,85.72851538883657,88.87108320478967
p54_gpcc-octree-raht_r02.ply,p54.ply,GPCC,1,1.54098360655738,2459957,158339,55.802517890930176,0.5224113464355469,169.82198884654042,176.18873607903473,200.502061510148,198.90971368207775,0.0,0.0
p54_gpcc-octree-raht_r03.ply,p54.ply,GPCC,1,3.1,2459957,635281,54.56960201263428,0.5630683898925781,149.1196725751231,139.51319089492318,90.03456112427519,55.46723821057962,0.0,0.0
p54_gpcc-octree-raht_r04.ply,p54.ply,GPCC,1,4.13333333333333,2459957,1404504,70.64538025856018,0.6863517761230469,126.76056939703827,111.5191738378343,133.02398989756952,131.2282290623267,0.0,0.0
p54_gpcc-octree-raht_r05.ply,p54.ply,GPCC,1,4.37096774193548,2459957,1897384,56.406482219696045,0.7699813842773438,99.82923447385254,93.97979908653652,117.26234167582528,114.19222665147652,0.0,0.0
p54_gpcc-octree-raht_r06.ply,p54.ply,GPCC,1,4.45614035087719,2459957,2169943,40.937400341033936,0.7847671508789062,89.53803595458078,83.46331221639753,98.92986984517214,98.84169520981584,86.2676030165264,89.8095421895672
p54_vpcc_r00.ply,p54.ply,VPCC,2,2.70967741935484,2459957,2298708,20.00930404663086,0.7859382629394531,173.23636586478074,168.60059207272127,149.17157824487825,129.31661292087838,0.0,0.0
p54_vpcc_r01.ply,p54.ply,VPCC,2,3.38983050847458,2459957,2378336,21.30784249305725,0.7680931091308594,156.99604569518013,156.9719748500157,128.98795760655196,112.16611302219599,0.0,0.0
p54_vpcc_r02.ply,p54.ply,VPCC,2,4.1,2459957,2453486,19.952823162078857,0.8217430114746094,143.31261918841372,135.21435721394766,113.55717217089278,97.98528469616718,0.0,0.0
p54_vpcc_r03.ply,p54.ply,VPCC,2,4.4406779661017,2459957,2468486,20.01429772377014,0.8214492797851562,129.58783687856408,117.5204297381023,102.17474830502131,80.44166680501168,0.0,0.0
p54_vpcc_r04.ply,p54.ply,VPCC,2,4.46551724137931,2459957,2525625,20.4099063873291,0.7575836181640625,116.89774481070774,110.40920960391409,90.26824417925039,69.30350885539994,0.0,0.0
p54_vpcc_r05.ply,p54.ply,VPCC,2,4.32786885245902,2459957,2390304,21.522279024124146,0.7805824279785156,96.98019104718074,100.71868103903388,104.18536719951572,105.4598280338225,0.0,0.0
p55_geocnn_r01.ply,p55.ply,GEOCNN,0,3.83870967741936,4198649,4685683,26.89137578010559,1.1495094299316406,91.34448198354903,85.05079056445443,147.32251952971933,130.9761112506556,47.81690942066395,53.201564780617595
p55_geocnn_r02.ply,p55.ply,GEOCNN,0,4.16949152542373,4198649,4571843,27.125593185424805,1.152618408203125,83.50720606373044,83.42476052125389,32.319900561160026,134.3943821711471,39.267774644113835,45.04751909010563
p55_geocnn_r03.ply,p55.ply,GEOCNN,0,4.62295081967213,4198649,4278301,25.766619443893433,1.0975990295410156,80.50575209731915,84.09878247090023,33.00839407464673,0.0,36.3291361434994,44.05610120731387
p55_geocnn_r04.ply,p55.ply,GEOCNN,0,4.63793103448276,4198649,4239178,26.304214000701904,1.1672782897949219,75.9205073892517,81.48448784630574,103.87745174147153,0.0,34.418708623042576,41.02347589581038
p55_gpcc-octree-predlift_r02.ply,p55.ply,GPCC,1,1.51724137931034,4198649,273748,42.658703565597534,0.816436767578125,174.47151904364537,177.4916636762577,0.0,0.0,82.42622392394279,94.03325112696405
p55_gpcc-octree-predlift_r03.ply,p55.ply,GPCC,1,3.43333333333333,4198649,1085514,70.24641370773315,0.9373741149902344,147.03429340477535,142.68863731496515,64.3635739094772,0.0,55.959113703713456,62.59599557987164
p55_gpcc-octree-predlift_r04.ply,p55.ply,GPCC,1,4.38333333333333,4198649,2405400,71.72216963768005,0.9372062683105469,106.61784064614211,104.60275685116704,121.68940367304819,141.86263300426003,45.989444111975715,48.962168177164166
p55_gpcc-octree-predlift_r05.ply,p55.ply,GPCC,1,4.68965517241379,4198649,3243893,67.68296122550964,1.05010986328125,79.54323946619867,82.59581800624284,81.57991046709245,101.20373736223101,44.81916010413623,46.591058868740795
p55_gpcc-octree-predlift_r06.ply,p55.ply,GPCC,1,4.49180327868853,4198649,3710698,49.73431324958801,1.0930938720703125,59.8685079875778,65.53263285628344,60.987868340504036,87.99994485264077,25.91296117788484,32.532884060508096
p55_gpcc-octree-raht_r02.ply,p55.ply,GPCC,1,1.43333333333333,4198649,273748,44.6656014919281,0.703887939453125,170.55214811425412,171.75877105097825,37.31312803807683,0.0,83.95062997358707,88.33793815913972
p55_gpcc-octree-raht_r03.ply,p55.ply,GPCC,1,3.16666666666667,4198649,1085514,57.102367877960205,0.849456787109375,147.16405881128276,146.15551890031918,60.694065958794624,0.0,56.19505189464637,64.80883963717784
p55_gpcc-octree-raht_r04.ply,p55.ply,GPCC,1,4.24193548387097,4198649,2405400,82.06367635726929,0.9809417724609375,105.5582610341711,101.9983584652413,118.65692283386943,142.6587505993795,46.55875191859136,50.02054882843306
p55_gpcc-octree-raht_r05.ply,p55.ply,GPCC,1,4.63793103448276,4198649,3243893,66.53635573387146,1.0695838928222656,81.10461434771753,82.47838195083035,81.29507515690503,103.57726263810815,45.335158269759006,47.14692353074404
p55_gpcc-octree-raht_r06.ply,p55.ply,GPCC,1,4.67241379310345,4198649,3710698,54.385271072387695,1.0690650939941406,61.96624270097256,67.34817228981248,60.57243472111018,89.24186231715271,26.553061364452326,33.61011740021508
p55_vpcc_r00.ply,p55.ply,VPCC,2,2.88333333333333,4198649,4018160,26.071686506271362,1.1434478759765625,145.68053648947188,145.6316601545297,184.24382336122133,199.9618949855062,148.7102739985312,140.85481920121484
p55_vpcc_r01.ply,p55.ply,VPCC,2,3.61666666666667,4198649,4186799,26.637576580047607,1.1677818298339844,114.86149665533006,113.88172264145575,0.0,0.0,134.3440937676288,124.88230630696341
p55_vpcc_r02.ply,p55.ply,VPCC,2,4.31147540983607,4198649,4272811,26.57191491127014,1.2076416015625,107.01231503012002,119.44239730619381,142.71321624904215,153.1102943625905,121.65009119913623,109.66480204200676
p55_vpcc_r03.ply,p55.ply,VPCC,2,4.52542372881356,4198649,4200896,26.573410987854004,1.1838188171386719,77.5270777545727,83.51160518952516,129.3908450884481,129.2993593515108,107.00913320272343,97.06939572906988
p55_vpcc_r04.ply,p55.ply,VPCC,2,4.72131147540984,4198649,4265224,26.316877603530884,1.0816459655761719,54.05024437647058,62.55159851154207,128.15896778951142,0.0,93.39339261320376,83.88745039783981
p55_vpcc_r05.ply,p55.ply,VPCC,2,4.57627118644068,4198649,4237112,25.99547266960144,1.2019081115722656,38.322607797941785,55.44458030081163,113.38088360522897,0.0,8.257207887513015,25.390286097585903
p56_geocnn_r01.ply,p56.ply,GEOCNN,0,2.9344262295082,2416916,7713487,78.32467579841614,1.5692863464355469,162.9758538777774,168.80949223619155,200.9540722876707,187.26891741183218,168.39863880557132,174.2833050502556
p56_geocnn_r02.ply,p56.ply,GEOCNN,0,4.13333333333333,2416916,5711433,83.55383515357971,1.2543067932128906,145.29725446482396,151.80123494584473,184.56607180543278,170.14163221932836,154.72096636232573,158.4088314483443
p56_geocnn_r03.ply,p56.ply,GEOCNN,0,4.63157894736842,2416916,4841972,90.1129937171936,1.1377754211425781,105.00005982290625,108.37980748319706,143.81748577029674,132.9347415971194,137.30924060503324,140.68020195396844
p56_geocnn_r04.ply,p56.ply,GEOCNN,0,4.5,2416916,4119465,82.4173755645752,0.9599800109863281,96.17435531482829,98.4227189198033,125.20623792103477,115.8225830791034,126.95112678883038,130.84684962519628
p56_gpcc-octree-predlift_r02.ply,p56.ply,GPCC,1,1.24590163934426,2416916,277695,90.38308715820312,0.5163040161132812,167.39324688391636,169.1823593073252,202.2253527297534,192.08099356531739,183.6021209773324,186.45729511381015
p56_gpcc-octree-predlift_r03.ply,p56.ply,GPCC,1,3.04918032786885,2416916,896467,84.3919906616211,0.5483207702636719,162.51636810847242,164.4653757269986,147.79013837928113,131.74225333433276,123.06331463697646,120.2415121651818
p56_gpcc-octree-predlift_r04.ply,p56.ply,GPCC,1,4.33333333333333,2416916,1599547,103.65631246566772,0.7716102600097656,95.99044390866626,98.18206913379672,100.83229088145194,93.39720250491975,122.43422944879515,125.20515966095098
p56_gpcc-octree-predlift_r05.ply,p56.ply,GPCC,1,4.61016949152542,2416916,1997805,94.66539931297302,0.910247802734375,74.52540279823175,79.50542639075513,86.56582803662732,84.49052341332374,104.76028684094774,103.7272615027406
p56_gpcc-octree-predlift_r06.ply,p56.ply,GPCC,1,4.72131147540984,2416916,2202913,84.76623868942261,0.7945976257324219,64.07032653194113,66.08614103002608,75.44083650940557,73.03118313257306,98.26177567787302,100.31919744970487
p56_gpcc-octree-raht_r02.ply,p56.ply,GPCC,1,1.4406779661017,2416916,277695,75.45909571647644,0.5229568481445312,175.0222017451543,174.78701095800676,209.49318615784455,203.11206675345085,186.9399521236709,187.81902836709597
p56_gpcc-octree-raht_r03.ply,p56.ply,GPCC,1,3.21311475409836,2416916,896467,88.69593596458435,0.6260986328125,165.40105351898336,166.08045387572372,155.21984058842932,135.4619623740403,127.45970843605019,130.62358634898925
p56_gpcc-octree-raht_r04.ply,p56.ply,GPCC,1,4.55737704918033,2416916,1599547,94.24604725837708,0.6951751708984375,97.98210445893855,99.60966320916785,104.7136183199016,96.87486346353411,125.05868334874506,126.17679101746229
p56_gpcc-octree-raht_r05.ply,p56.ply,GPCC,1,4.58064516129032,2416916,1997805,90.89907336235046,0.7880706787109375,75.55842442973058,81.1469253628932,88.34776647032488,85.26188389934984,105.55111395149675,104.67391312099784
p56_gpcc-octree-raht_r06.ply,p56.ply,GPCC,1,4.65,2416916,2202913,89.9346559047699,0.7134323120117188,65.31905485000068,67.71387309693155,76.37864459337435,73.7027163680527,99.30260648575063,101.26634430002628
p56_vpcc_r00.ply,p56.ply,VPCC,2,1.71186440677966,2416916,2783547,71.09896993637085,0.8442344665527344,196.8822863485067,203.12363407959384,245.2563570160201,237.3469066351494,189.64058245563928,189.18975988466312
p56_vpcc_r01.ply,p56.ply,VPCC,2,2.40983606557377,2416916,3064072,76.35336971282959,0.8774795532226562,180.28034599453298,187.42049996586277,234.17939771904184,223.24862634133422,175.921610166094,181.467020544832
p56_vpcc_r02.ply,p56.ply,VPCC,2,2.85245901639344,2416916,3229613,73.46644997596741,0.9775619506835938,166.27568786134674,170.34181518702695,229.25606147916625,209.02426912025751,163.65632893740104,167.74232610152075
p56_vpcc_r03.ply,p56.ply,VPCC,2,3.45,2416916,3224899,81.68230557441711,0.9033050537109375,148.54977682935743,159.72604172386335,209.95453213583556,190.67228498350107,155.14911555241375,154.96614112525566
p56_vpcc_r04.ply,p56.ply,VPCC,2,3.83606557377049,2416916,3321559,73.13185787200928,0.9205703735351562,136.01079491169062,147.85043053750667,196.424888459597,182.25234587645937,142.32256407031218,146.56722037539492
p56_vpcc_r05.ply,p56.ply,VPCC,2,4.31666666666667,2416916,2734783,80.30459833145142,0.8175277709960938,116.98636979762058,120.60251819482495,167.74627618136407,161.2779678748159,117.48341097190837,118.1738946304632
p58_geocnn_r01.ply,p58.ply,GEOCNN,0,2.75,2232170,2647745,19.03206491470337,0.8238487243652344,133.61139316539382,136.38753149208037,60.265644704531475,56.53559851054016,129.55431700494785,125.99241985019378
p58_geocnn_r02.ply,p58.ply,GEOCNN,0,3.33333333333333,2232170,2464114,18.160919189453125,0.8463935852050781,111.51897255680737,113.40831365273326,119.08006329766665,130.5559007490696,120.47535902474675,115.24621663384727
p58_geocnn_r03.ply,p58.ply,GEOCNN,0,3.9016393442623,2232170,2384641,18.644489526748657,0.8377227783203125,105.95262701395833,104.16778621633962,111.27147542010866,122.33401942272401,109.67836894647886,107.39044106091606
p58_geocnn_r04.ply,p58.ply,GEOCNN,0,3.62295081967213,2232170,2213273,17.30455183982849,0.8148155212402344,99.52650884153833,100.15331442362181,104.94797879755625,115.28158444706733,102.14064941311668,101.58165561356994
p58_gpcc-octree-predlift_r02.ply,p58.ply,GPCC,1,1.4,2232170,143187,58.75192141532898,0.5625,187.2129318620514,185.5087859861133,210.95862796296456,211.81828488898373,0.0,0.0
p58_gpcc-octree-predlift_r03.ply,p58.ply,GPCC,1,2.75862068965517,2232170,574232,57.97965741157532,0.5058975219726562,148.50838896600732,140.0905437669386,86.1475877559567,64.10466608495123,0.0,0.0
p58_gpcc-octree-predlift_r04.ply,p58.ply,GPCC,1,4.08474576271186,2232170,1275290,69.38816046714783,0.8128128051757812,110.6311045416885,105.81263751781424,125.10491222622747,124.27040499744328,115.30460212003723,107.66985978289713
p58_gpcc-octree-predlift_r05.ply,p58.ply,GPCC,1,4.49180327868853,2232170,1725160,62.654574394226074,0.7569961547851562,96.49322062867671,93.04424123927026,102.44414566725523,103.80013233677376,0.0,0.0
p58_gpcc-octree-predlift_r06.ply,p58.ply,GPCC,1,4.49180327868853,2232170,1960523,45.707022190093994,0.8011627197265625,86.5259595751681,82.7605407379476,87.10168419671493,87.61699577734028,87.79730016760584,87.98019530879806
p58_gpcc-octree-raht_r02.ply,p58.ply,GPCC,1,1.87096774193548,2232170,143187,50.43537998199463,0.5503959655761719,189.02560201160696,184.85805813235606,215.84047243550458,214.46383529067307,0.0,0.0
p58_gpcc-octree-raht_r03.ply,p58.ply,GPCC,1,2.96610169491525,2232170,574232,65.35962796211243,0.5166053771972656,147.68703624849059,141.2878934968269,95.6276035644026,67.08722089594124,0.0,0.0
p58_gpcc-octree-raht_r04.ply,p58.ply,GPCC,1,4.01639344262295,2232170,1275290,71.98494124412537,0.7098960876464844,113.75632974011049,109.02359369757546,126.46585140908735,125.41039999576397,117.19997405353043,109.65315379386297
p58_gpcc-octree-raht_r05.ply,p58.ply,GPCC,1,4.37704918032787,2232170,1725160,56.06552076339722,0.7654991149902344,96.81488148333871,94.29866979964962,103.99573749616891,105.39701344221473,0.0,0.0
p58_gpcc-octree-raht_r06.ply,p58.ply,GPCC,1,4.35,2232170,1960523,40.664955854415894,0.7853736877441406,87.1732458893641,83.23358055219724,88.77143947199343,89.48435819060566,88.48638360439637,89.09484552954112
p58_vpcc_r00.ply,p58.ply,VPCC,2,2.66666666666667,2232170,2003480,19.246223211288452,0.7815666198730469,185.21114506403924,181.9945156851633,221.18867467857694,220.0589803792227,195.02742163520838,191.25080337480165
p58_vpcc_r01.ply,p58.ply,VPCC,2,3.27868852459016,2232170,2195339,18.983314037322998,0.7980690002441406,162.36465303812963,158.32010492785494,179.58249556614933,173.77281875966065,0.0,0.0
p58_vpcc_r02.ply,p58.ply,VPCC,2,3.96825396825397,2232170,2229822,18.801809310913086,0.8066902160644531,138.0875921276722,138.36035583143305,163.48622419367933,164.32125908758044,0.0,0.0
p58_vpcc_r03.ply,p58.ply,VPCC,2,4.19672131147541,2232170,2235323,17.065651416778564,0.8043670654296875,120.00515785669413,121.9673625842449,146.8620083164571,150.2769593328889,0.0,0.0
p58_vpcc_r04.ply,p58.ply,VPCC,2,4.19672131147541,2232170,2255910,18.053706645965576,0.7852363586425781,111.62881061449525,114.65245286528005,129.25169508458282,136.98736551634363,0.0,0.0
p58_vpcc_r05.ply,p58.ply,VPCC,2,4.28333333333333,2232170,2070086,19.161869525909424,0.6849441528320312,103.1261111422091,108.019685013756,30.514512807083964,39.24106829305386,115.65313861377122,109.4626796871216
p65_geocnn_r01.ply,p65.ply,GEOCNN,0,3.66666666666667,1984263,2313641,19.376667499542236,0.7723503112792969,127.00176862670753,131.142995072004,104.57471451420963,103.16877062948795,119.72078681826844,130.56296682273899
p65_geocnn_r02.ply,p65.ply,GEOCNN,0,4.25806451612903,1984263,2183240,18.79758882522583,0.741363525390625,104.67366917986601,107.39855633686079,97.24547974989088,96.07752860833405,0.0,101.70137899107819
p65_geocnn_r03.ply,p65.ply,GEOCNN,0,4.6271186440678,1984263,2065538,18.317558526992798,0.7078819274902344,95.13347000116681,100.87554678004183,90.67669759701802,88.6065385568697,0.0,0.0
p65_geocnn_r04.ply,p65.ply,GEOCNN,0,4.33333333333333,1984263,1970581,16.944485187530518,0.7238960266113281,89.56891276683965,94.0614757698307,85.8119039127314,84.3887683989683,73.24748386651473,0.0
p65_gpcc-octree-predlift_r02.ply,p65.ply,GPCC,1,1.43333333333333,1984263,131365,51.204938650131226,0.4299430847167969,192.12040989751463,190.29492856595576,200.8034418097099,196.22880436621955,0.0,0.0
p65_gpcc-octree-predlift_r03.ply,p65.ply,GPCC,1,2.68333333333333,1984263,518632,76.3861780166626,0.3408241271972656,156.15617380301435,162.64515291767134,162.08900015495954,163.8684496267804,0.0,0.0
p65_gpcc-octree-predlift_r04.ply,p65.ply,GPCC,1,4.05,1984263,1142198,68.58275103569031,0.6355094909667969,116.61405869041545,116.75351458418578,123.48236043044997,120.90950861501508,0.0,0.0
p65_gpcc-octree-predlift_r05.ply,p65.ply,GPCC,1,4.24590163934426,1984263,1536701,69.23739504814148,0.6834678649902344,100.57148143826096,99.25215478668953,86.79018721616599,82.92255032696738,0.0,0.0
p65_gpcc-octree-predlift_r06.ply,p65.ply,GPCC,1,4.31666666666667,1984263,1752846,44.65600824356079,0.7271499633789062,92.88690808675744,89.64090751092684,73.54559890998672,70.126618498086,0.0,0.0
p65_gpcc-octree-raht_r02.ply,p65.ply,GPCC,1,1.21666666666667,1984263,131365,53.509894609451294,0.4947090148925781,195.88981467487594,194.51656906702846,204.13563531164132,201.40915721473306,0.0,0.0
p65_gpcc-octree-raht_r03.ply,p65.ply,GPCC,1,2.32203389830508,1984263,518632,67.76351714134216,0.4709663391113281,158.7069669979442,159.51025449211642,167.89947940043902,164.18013626532255,0.0,0.0
p65_gpcc-octree-raht_r04.ply,p65.ply,GPCC,1,3.96610169491525,1984263,1142198,82.92476439476013,0.6957931518554688,120.56638978559086,120.2295103578149,130.1926972732078,126.12276889575762,0.0,0.0
p65_gpcc-octree-raht_r05.ply,p65.ply,GPCC,1,4.30508474576271,1984263,1536701,62.72562885284424,0.6849250793457031,102.6389704940338,101.2557343468949,90.65867841088621,86.8519747991927,0.0,0.0
p65_gpcc-octree-raht_r06.ply,p65.ply,GPCC,1,4.45,1984263,1752846,42.86880588531494,0.7518272399902344,94.28605448900365,90.34650626203626,75.98823161058587,72.22505903497773,0.0,0.0
p65_vpcc_r00.ply,p65.ply,VPCC,2,1.69491525423729,1984263,1721260,17.673482656478882,0.7918472290039062,215.01948061752995,203.82215987209898,208.87551478106133,205.80060150939482,0.0,0.0
p65_vpcc_r01.ply,p65.ply,VPCC,2,2.83333333333333,1984263,1879123,18.486653327941895,0.8300971984863281,190.8028567225225,181.19481550372635,190.72232860772627,183.1825255855795,175.08762338381052,172.9140918889658
p65_vpcc_r02.ply,p65.ply,VPCC,2,3.5,1984263,1981235,17.01308250427246,0.8168754577636719,166.39209921007821,156.1957584547237,167.05665753197167,161.32778106990293,151.8384353686039,148.949028041791
p65_vpcc_r03.ply,p65.ply,VPCC,2,4.26229508196721,1984263,1979384,18.728698015213013,0.8235015869140625,132.69323109195813,132.7352353137243,139.31291298693145,132.21031544028108,124.17490716237599,126.32232044480858
p65_vpcc_r04.ply,p65.ply,VPCC,2,4.35,1984263,1967985,17.61625862121582,0.6382102966308594,113.90636001774675,118.86025192708846,111.97100450005405,104.23091841275762,108.14720802551469,115.18002307158777
p65_vpcc_r05.ply,p65.ply,VPCC,2,4.48333333333333,1984263,1824225,19.47757863998413,0.6805038452148438,105.51216769102224,110.39164921775671,87.53064609555594,80.20162668919146,91.80515995619987,101.40393697182033
p67_geocnn_r01.ply,p67.ply,GEOCNN,0,2.75862068965517,1928815,2100196,18.666471004486084,0.6475028991699219,101.14104270160479,103.78681671863029,102.08758931081766,100.64795486556665,57.04935947058542,50.18745212570336
p67_geocnn_r02.ply,p67.ply,GEOCNN,0,3.83050847457627,1928815,2015036,17.367475986480713,0.5306129455566406,94.26752054086879,99.83112110218242,97.7406480079697,97.47455008265399,88.10620635030045,94.48608025489514
p67_geocnn_r03.ply,p67.ply,GEOCNN,0,4.01612903225806,1928815,1981634,17.676411390304565,0.7932052612304688,89.54057944714083,95.33627609855489,95.4856030793512,94.40342177338262,46.92118352104637,42.97495682599312
p67_geocnn_r04.ply,p67.ply,GEOCNN,0,4.27118644067797,1928815,1951790,17.47689461708069,0.8198089599609375,86.9785234777839,92.40389118644683,93.53933698895597,91.47157766097834,79.83010213740575,41.50998356611568
p67_gpcc-octree-predlift_r02.ply,p67.ply,GPCC,1,1.56451612903226,1928815,129096,52.97215986251831,0.5831718444824219,185.81345909312512,192.20009193646175,204.26241797479807,200.98032440011838,106.36690481241578,103.44256418190744
p67_gpcc-octree-predlift_r03.ply,p67.ply,GPCC,1,3.0327868852459,1928815,505364,58.89976930618286,0.43065643310546875,155.92910305361386,149.96958032193896,179.8593552397813,186.89908246690084,142.53739509999048,147.68631288384145
p67_gpcc-octree-predlift_r04.ply,p67.ply,GPCC,1,4.50847457627119,1928815,1112337,68.30276703834534,0.5685920715332031,115.6441351804661,105.47445227355958,127.44183776350465,125.28276673453257,106.12839887591647,104.94163919810828
p67_gpcc-octree-predlift_r05.ply,p67.ply,GPCC,1,4.42622950819672,1928815,1493473,54.24602437019348,0.6627655029296875,90.86573871990909,93.04572003804381,92.31557292014031,88.99513864765437,87.78578653675409,88.17297755685695
p67_gpcc-octree-predlift_r06.ply,p67.ply,GPCC,1,4.46666666666667,1928815,1705787,40.28492879867554,0.7791633605957031,80.97455164044086,82.26877707238296,77.18168764619897,74.37510608357998,75.08019518567359,76.28111729554256
p67_gpcc-octree-raht_r02.ply,p67.ply,GPCC,1,1.40677966101695,1928815,129096,45.327460289001465,0.5222244262695312,181.88631236361712,193.40454318118668,200.23203848129054,199.63139032400295,107.91471232029187,104.0155278319238
p67_gpcc-octree-raht_r03.ply,p67.ply,GPCC,1,2.91666666666667,1928815,505364,64.16880822181702,0.4790496826171875,160.69637825153538,152.8197763407144,181.1844527827298,183.37598700234358,149.99672756070794,148.95624738301325
p67_gpcc-octree-raht_r04.ply,p67.ply,GPCC,1,4.24590163934426,1928815,1112337,63.87423872947693,0.6551170349121094,120.38711911848048,109.63156920011949,135.50779090182584,132.0727162194118,109.80022093793941,107.70132790751023
p67_gpcc-octree-raht_r05.ply,p67.ply,GPCC,1,4.55,1928815,1493473,55.5675950050354,0.7137451171875,92.43041215108647,94.08165145621429,95.44689497253026,91.48087061416153,89.45921818846462,89.07154570991497
p67_gpcc-octree-raht_r06.ply,p67.ply,GPCC,1,4.65573770491803,1928815,1705787,38.52131009101868,0.7035942077636719,82.51493055852985,82.83131445780288,79.80723537168629,76.46653999185438,76.05712803373953,76.99221290114896
p67_vpcc_r00.ply,p67.ply,VPCC,2,2.5,1928815,1657242,19.446223735809326,0.624542236328125,176.78048544383697,176.77905590213624,197.36279183802924,193.5319976979554,170.77819824322296,173.66731662844126
p67_vpcc_r01.ply,p67.ply,VPCC,2,3.5,1928815,1811364,18.7334406375885,0.8236579895019531,154.01604509722023,155.96366131295724,177.1614057602103,173.56987655649905,145.6130156918205,147.57631366946555
p67_vpcc_r02.ply,p67.ply,VPCC,2,3.93220338983051,1928815,1875196,18.83410096168518,0.8388252258300781,138.73132603285964,129.43546401310977,158.4148662815111,154.61734212052454,129.20832629806483,130.14355979939518
p67_vpcc_r03.ply,p67.ply,VPCC,2,4.3,1928815,1884844,19.06005334854126,0.5966148376464844,116.05424697463602,107.33904455824106,121.9625656181272,117.88061772126642,110.08269545941523,107.89621828927326
p67_vpcc_r04.ply,p67.ply,VPCC,2,4.50847457627119,1928815,1936889,19.295709133148193,0.6329002380371094,98.6668797967323,94.44366070032473,91.26938505672555,91.24053390049681,91.55803784662169,95.80143718802461
p67_vpcc_r05.ply,p67.ply,VPCC,2,4.41935483870968,1928815,1856056,19.94091296195984,0.8126068115234375,88.52430238494435,84.7037417609818,70.9699826565605,75.11271098690965,81.29210143521156,92.79250089806453
p68_geocnn_r03.ply,p68.ply,GEOCNN,0,4.49180327868853,1890390,2166024,19.90132474899292,0.7839431762695312,95.1367563418341,97.41964122649168,96.46993977306563,99.06889000196799,94.18276946478426,95.02265708938313
p68_geocnn_r04.ply,p68.ply,GEOCNN,0,4.66666666666667,1890390,1902783,19.711058616638184,0.7589797973632812,90.62520144661073,89.58332374866463,92.42686082758492,94.21179169064217,88.81766476843569,90.77440527626
p68_gpcc-octree-predlift_r02.ply,p68.ply,GPCC,0,1.40322580645161,1890390,121500,71.8078863620758,0.3394012451171875,185.00183879774715,185.80326844520886,149.87039139702375,124.38682513264732,46.65810647337438,0.0
p68_gpcc-octree-predlift_r03.ply,p68.ply,GPCC,0,3.27118644067797,1890390,491449,85.80084562301636,0.454315185546875,132.16643470599251,130.5559121646932,98.24737637929049,103.53428280195581,26.995171881222944,0.0
p68_gpcc-octree-predlift_r04.ply,p68.ply,GPCC,1,4.34426229508197,1890390,1084467,90.10082602500916,0.6537055969238281,100.83945842256333,100.75457750781808,97.8985395986337,99.4056137403258,98.55733775727012,102.37368182961872
p68_gpcc-octree-predlift_r05.ply,p68.ply,GPCC,1,4.32758620689655,1890390,1462300,74.40957713127136,0.7206878662109375,89.63874830179084,89.72996417201166,84.42697897793569,84.14302366866262,88.45803052375655,91.27634823021259
p68_gpcc-octree-predlift_r06.ply,p68.ply,GPCC,1,4.65,1890390,1669248,53.13060450553894,0.8132247924804688,78.92062794073891,79.49607242943299,74.55483733982332,75.17220914142747,11.06535064755792,0.0
p68_gpcc-octree-raht_r02.ply,p68.ply,GPCC,1,1.13333333333333,1890390,121500,54.631202936172485,0.5218772888183594,194.1072425662265,195.8342378893408,132.37171679745234,134.47648994709925,81.95590424587206,0.0
p68_gpcc-octree-raht_r03.ply,p68.ply,GPCC,1,3.55172413793103,1890390,491449,84.8283281326294,0.4918022155761719,136.83884319774216,134.73437265858848,97.64426728794729,110.94883894392309,29.0095522618946,0.0
p68_gpcc-octree-raht_r04.ply,p68.ply,GPCC,1,4.42622950819672,1890390,1084467,78.85365891456604,0.6572990417480469,102.86827941467163,102.49504641943565,102.21010976505576,103.35339991531124,101.39100928524181,104.76863497119297
p68_gpcc-octree-raht_r05.ply,p68.ply,GPCC,1,4.62295081967213,1890390,1462300,66.67620754241943,0.7861328125,90.27431317853205,90.1034505900561,85.45905773502479,85.56893877247123,89.80640378690322,91.93849035541623
p68_gpcc-octree-raht_r06.ply,p68.ply,GPCC,1,4.68852459016394,1890390,1669248,51.16238260269165,0.656402587890625,79.33537041757381,80.10000947176903,75.55535065845629,76.01778369341687,11.56863025228357,0.0
p68_vpcc_r00.ply,p68.ply,VPCC,1,2.04918032786885,1890390,1606781,23.779698610305786,0.80230712890625,175.028877564852,173.50125299118787,155.50687804756708,160.10731767194136,38.83250103430501,0.0
p68_vpcc_r01.ply,p68.ply,VPCC,1,3.44262295081967,1890390,1614218,21.81723427772522,0.6563377380371094,150.40412938842405,150.4057714737262,127.60870067375807,124.64424027357275,30.98781433648,0.0
p68_vpcc_r02.ply,p68.ply,VPCC,2,4.0655737704918,1890390,1663591,22.594585418701172,0.6776695251464844,131.84862302044013,133.165064968096,107.59239886171898,101.92971376837693,27.165485534636097,0.0
p68_vpcc_r03.ply,p68.ply,VPCC,2,4.22033898305085,1890390,1653820,25.467986345291138,0.7927932739257812,119.27965283747608,120.0175702874742,94.55885630594283,85.88379744054119,23.963633148812406,0.0
p68_vpcc_r04.ply,p68.ply,VPCC,2,4.48333333333333,1890390,1643336,25.806126356124878,0.712860107421875,110.64194139647591,112.09784247492911,86.75849432656983,86.12900908166472,0.0,0.0
p68_vpcc_r05.ply,p68.ply,VPCC,2,4.5,1890390,1514314,25.163095474243164,0.7139511108398438,102.88276716334454,103.20096336581886,96.10808015042063,85.97064864207103,103.59325560541686,107.23803335316468
p69_geocnn_r01.ply,p69.ply,GEOCNN,0,3.83333333333333,1120973,1152181,15.831722259521484,0.5699386596679688,73.72115253975647,72.66664895600583,101.94550707065703,101.10231942499524,127.65183730326191,135.6309631123653
p69_geocnn_r02.ply,p69.ply,GEOCNN,0,4.14516129032258,1120973,1138568,13.490275859832764,0.52252197265625,54.372443313875024,54.56683840745532,96.9391656037271,95.71421245731081,78.52707253477583,87.10997322683204
p69_geocnn_r03.ply,p69.ply,GEOCNN,0,4.21666666666667,1120973,1117410,13.323853492736816,0.5598564147949219,44.07698925010523,49.163988656441816,92.85280709860264,92.00290524388818,0.0,74.0419366928281
p69_geocnn_r04.ply,p69.ply,GEOCNN,0,4.6271186440678,1120973,1120137,13.417183637619019,0.2703399658203125,42.194899904053585,42.5506437950652,89.63972098241358,88.95666747979914,57.049438225588865,0.0
p69_gpcc-octree-predlift_r02.ply,p69.ply,GPCC,1,1.54098360655738,1120973,71354,41.67057514190674,0.3808326721191406,91.5026362963064,89.88060349588977,0.0,0.0,0.0,0.0
p69_gpcc-octree-predlift_r03.ply,p69.ply,GPCC,1,3.27868852459016,1120973,283710,39.30976366996765,0.3753089904785156,80.326554285214,73.576629310726,0.0,0.0,112.85246438648366,0.0
p69_gpcc-octree-predlift_r04.ply,p69.ply,GPCC,1,4.19354838709677,1120973,633993,51.70568561553955,0.41098785400390625,74.47284235610793,62.1942508897654,0.0,0.0,99.59821764262712,0.0
p69_gpcc-octree-predlift_r05.ply,p69.ply,GPCC,1,4.53333333333333,1120973,861920,45.944711208343506,0.491241455078125,72.24251487070171,59.26091894958236,0.0,0.0,90.06157160872763,0.0
p69_gpcc-octree-predlift_r06.ply,p69.ply,GPCC,1,4.64406779661017,1120973,984413,33.73440909385681,0.4317436218261719,60.25589991059981,52.22942068127243,0.0,0.0,85.5095197972745,0.0
p69_gpcc-octree-raht_r02.ply,p69.ply,GPCC,1,1.60655737704918,1120973,71354,35.216869831085205,0.4064216613769531,90.99714223355109,92.2204876144112,0.0,0.0,0.0,0.0
p69_gpcc-octree-raht_r03.ply,p69.ply,GPCC,1,2.63333333333333,1120973,283710,46.91949725151062,0.3805885314941406,80.20604440770308,73.70314125843164,0.0,0.0,112.3486522516636,0.0
p69_gpcc-octree-raht_r04.ply,p69.ply,GPCC,1,4.01724137931035,1120973,633993,47.28636622428894,0.4312896728515625,75.31279885121138,63.56835701696224,0.0,0.0,100.98290674826553,0.0
p69_gpcc-octree-raht_r05.ply,p69.ply,GPCC,1,4.70491803278689,1120973,861920,41.18920373916626,0.4906005859375,72.7044607532992,59.23561213521851,0.0,0.0,90.16105930943345,0.0
p69_gpcc-octree-raht_r06.ply,p69.ply,GPCC,1,4.6271186440678,1120973,984413,30.50117301940918,0.5212173461914062,60.52641336915525,52.44253983976905,0.0,0.0,86.60590471955564,0.0
p69_vpcc_r00.ply,p69.ply,VPCC,2,2.12280701754386,1120973,1060899,13.31606149673462,0.5950393676757812,93.56460057909354,90.44180962951118,161.6831921013384,163.23619378527113,131.75001806637084,137.34306051616272
p69_vpcc_r01.ply,p69.ply,VPCC,2,2.75862068965517,1120973,1071893,13.081311464309692,0.5879898071289062,82.48480562257055,87.44291033018553,150.74918343305632,150.72597727221427,125.5130439905509,130.3278549416417
p69_vpcc_r02.ply,p69.ply,VPCC,2,3.40983606557377,1120973,1072112,13.0989089012146,0.5480499267578125,75.0927717058337,78.66380153645999,144.24126175511523,142.70640961735023,116.21076284493151,119.8107254290318
p69_vpcc_r03.ply,p69.ply,VPCC,2,4.0327868852459,1120973,1074704,13.115254640579224,0.599029541015625,71.46790893721665,73.36328057557027,128.35398509369085,125.48283659446602,110.32569321612175,113.46190281985926
p69_vpcc_r04.ply,p69.ply,VPCC,2,4.51666666666667,1120973,1092160,13.150149822235107,0.6175613403320312,69.92271159225771,71.34810647877703,93.0445638204528,89.40368023988744,99.94966406502864,105.70852811279534
p69_vpcc_r05.ply,p69.ply,VPCC,2,4.42622950819672,1120973,1098140,13.405177593231201,0.5683860778808594,63.86666758315133,69.49936028002571,57.16941574878298,56.26778693612451,97.22289929414576,105.03077607895769
p70_geocnn_r01.ply,p70.ply,GEOCNN,0,3.83333333333333,1845605,2033358,20.899394750595093,0.7600746154785156,98.50315533651067,99.49328708058627,99.68300962169909,100.22314441544384,95.50832164068989,93.96976469443578
p70_geocnn_r02.ply,p70.ply,GEOCNN,0,4.41666666666667,1845605,1952847,19.84209442138672,0.671356201171875,93.91800434045054,94.02221125104518,67.29336054171641,68.90561705224818,0.0,0.0
p70_geocnn_r03.ply,p70.ply,GEOCNN,0,4.44262295081967,1845605,1959564,20.140989065170288,0.7292060852050781,89.70092703416734,89.84389281224895,91.23770814608629,91.20520142876927,80.42792166426818,78.1733154581377
p70_geocnn_r04.ply,p70.ply,GEOCNN,0,4.25862068965517,1845605,1872528,19.71080756187439,0.6791877746582031,87.93935762699546,88.01016724525985,88.77699840682229,88.86819356292949,78.01456934145261,0.0
p70_gpcc-octree-predlift_r02.ply,p70.ply,GPCC,1,1.1864406779661,1845605,123397,60.94209837913513,0.4740409851074219,195.55010876177215,192.20041813296803,163.9981800741207,165.88490726060127,0.0,0.0
p70_gpcc-octree-predlift_r03.ply,p70.ply,GPCC,1,2.64406779661017,1845605,486325,84.4566216468811,0.4575462341308594,150.3158706932358,152.53997723276544,123.0945143999709,124.17725051725775,0.0,0.0
p70_gpcc-octree-predlift_r04.ply,p70.ply,GPCC,1,4.19047619047619,1845605,1066304,87.20502638816833,0.6962776184082031,104.73129353547627,109.41067835007318,77.1712622898744,77.78224644128487,0.0,0.0
p70_gpcc-octree-predlift_r05.ply,p70.ply,GPCC,1,4.44262295081967,1845605,1431151,73.36220479011536,0.6856422424316406,85.38282636355007,89.26494709546773,60.84417043095616,57.31395240983384,0.0,0.0
p70_gpcc-octree-predlift_r06.ply,p70.ply,GPCC,1,4.45,1845605,1632923,45.856494188308716,0.6671409606933594,72.4777817343392,73.83188851196726,50.68941496067667,48.41180329728872,0.0,0.0
p70_gpcc-octree-raht_r02.ply,p70.ply,GPCC,1,1.41935483870968,1845605,123397,48.00787878036499,0.4819831848144531,198.93896203952613,195.151008574885,169.99697077230468,169.14988518026627,0.0,0.0
p70_gpcc-octree-raht_r03.ply,p70.ply,GPCC,1,2.34426229508197,1845605,486325,79.4611222743988,0.4944496154785156,155.35274405408646,158.03538031703334,128.98829767383577,128.2407052875156,0.0,0.0
p70_gpcc-octree-raht_r04.ply,p70.ply,GPCC,1,4.10169491525424,1845605,1066304,86.63220596313477,0.7297248840332031,109.48507576290379,113.31365289390251,82.05844096002426,80.74290626636675,0.0,0.0
p70_gpcc-octree-raht_r05.ply,p70.ply,GPCC,1,4.46774193548387,1845605,1431151,69.55616760253906,0.7398719787597656,87.13122764963404,91.28036662960342,62.77268073640121,58.72241359693212,0.0,0.0
p70_gpcc-octree-raht_r06.ply,p70.ply,GPCC,1,4.33898305084746,1845605,1632923,45.3473482131958,0.7369537353515625,74.00842717565776,75.54964083178535,52.27572222940195,49.52450293510001,0.0,0.0
p70_vpcc_r00.ply,p70.ply,VPCC,2,1.66666666666667,1845605,1601433,24.141111850738525,0.7060813903808594,187.73441231079204,186.17713974144706,192.2112914845285,193.018161095882,0.0,0.0
p70_vpcc_r01.ply,p70.ply,VPCC,2,2.43103448275862,1845605,1713475,20.443960428237915,0.6004066467285156,161.00303412521842,159.31118536583475,170.73612030917536,171.16665591174063,0.0,0.0
p70_vpcc_r02.ply,p70.ply,VPCC,2,3.26229508196721,1845605,1745375,23.45014452934265,0.7447853088378906,137.23431775913016,141.41265230702405,153.32928924587816,152.83469476160013,0.0,0.0
p70_vpcc_r03.ply,p70.ply,VPCC,2,4.08196721311475,1845605,1741253,25.629597425460815,0.5400619506835938,112.02162862375013,118.02561026374374,128.29177388013335,126.98315622916364,0.0,0.0
p70_vpcc_r04.ply,p70.ply,VPCC,2,4.36666666666667,1845605,1746066,23.900437116622925,0.7095489501953125,97.0425206207662,99.67794571487316,108.39078973165988,106.44826436702266,0.0,0.0
p70_vpcc_r05.ply,p70.ply,VPCC,2,4.38333333333333,1845605,1686929,23.860716819763184,0.727935791015625,80.40496650413105,81.51106511357317,77.34132276073701,72.50836499503238,93.92481624335483,82.20106146411723
p72_geocnn_r01.ply,p72.ply,GEOCNN,0,3.08333333333333,1834523,2188261,20.351494312286377,0.721527099609375,138.74883139444995,136.19097434863596,132.36510719083617,132.2596491563558,120.6457766182848,123.39932447802732
p72_geocnn_r02.ply,p72.ply,GEOCNN,0,3.48333333333333,1834523,2053933,19.588488340377808,0.7575416564941406,107.877162086455,112.99001569790474,72.87391450964108,77.5676387138339,104.97753872212732,110.04848918343532
p72_geocnn_r03.ply,p72.ply,GEOCNN,0,3.63793103448276,1834523,2018807,19.29963779449463,0.6635704040527344,91.44723040903143,93.10230331959264,104.39459640682465,103.72739506745235,76.63724868206198,79.96252150506132
p72_geocnn_r04.ply,p72.ply,GEOCNN,0,3.94915254237288,1834523,1839208,18.498650312423706,0.6667366027832031,83.7073970968603,86.56789938827401,98.26855826696206,98.03541923814251,67.33075449439004,73.70238044837335
p72_gpcc-octree-predlift_r02.ply,p72.ply,GPCC,1,1.3,1834523,119032,50.9100079536438,0.5309486389160156,171.6800671666673,176.6020943146381,183.64453502434344,187.2772581939131,156.94169071647008,160.58938914531922
p72_gpcc-octree-predlift_r03.ply,p72.ply,GPCC,1,2.59322033898305,1834523,476934,54.50658130645752,0.3822288513183594,142.28507542866288,139.4307916725947,82.72277051485017,89.65124553586276,63.30283788967663,55.36830984277802
p72_gpcc-octree-predlift_r04.ply,p72.ply,GPCC,1,4.18333333333333,1834523,1052989,64.30776143074036,0.608428955078125,110.1378760340395,108.150398314971,135.0966638030626,134.8065259358614,43.849944362709444,37.178802070986194
p72_gpcc-octree-predlift_r05.ply,p72.ply,GPCC,1,4.18032786885246,1834523,1416723,56.13405513763428,0.7628211975097656,97.38747175479992,99.28610158224298,116.13554635469507,116.06230605107649,83.97698682352143,87.9080743063669
p72_gpcc-octree-predlift_r06.ply,p72.ply,GPCC,1,4.33333333333333,1834523,1618098,38.06720209121704,0.8248367309570312,91.47533081616179,89.22031703119502,92.07169196104442,90.71857546349425,80.00407749745091,79.70853123960752
p72_gpcc-octree-raht_r02.ply,p72.ply,GPCC,1,1.22413793103448,1834523,119032,47.120436668395996,0.5072975158691406,174.436323620201,180.83168028025113,189.95300303212122,191.39213139789595,159.8823177636894,162.92034569708306
p72_gpcc-octree-raht_r03.ply,p72.ply,GPCC,1,2.65573770491803,1834523,476934,61.92302918434143,0.4606971740722656,144.50592098647283,139.67142347300774,91.73051557609438,97.82258821557937,69.16293208958702,55.799317028226085
p72_gpcc-octree-raht_r04.ply,p72.ply,GPCC,1,3.91525423728814,1834523,1052989,58.76787996292114,0.6323318481445312,114.30308767353199,110.84341912402792,132.27743071796215,131.32944272633566,47.154679787751604,38.84762797843752
p72_gpcc-octree-raht_r05.ply,p72.ply,GPCC,1,4.25,1834523,1416723,45.475788831710815,0.6709785461425781,98.59912014261329,99.23057439724565,117.4684196096455,115.56166641020326,85.23743214760873,89.02509477865938
p72_gpcc-octree-raht_r06.ply,p72.ply,GPCC,1,4.31666666666667,1834523,1618098,39.976295709609985,0.8023605346679688,92.39871910257617,89.5481927016249,96.16334063199788,94.00713350760277,80.70835460126327,80.44845605012632
p72_vpcc_r00.ply,p72.ply,VPCC,2,1.89830508474576,1834523,1566250,18.15895700454712,0.7176361083984375,193.27787693320244,193.43877145210172,196.3118800743651,201.3015866955089,172.34603972052412,175.31587112300582
p72_vpcc_r01.ply,p72.ply,VPCC,2,2.66666666666667,1834523,1697792,18.298774003982544,0.6355514526367188,177.38805493982596,176.72266794020564,188.06013167643792,189.00779080511387,159.36787262382666,161.9521581169297
p72_vpcc_r02.ply,p72.ply,VPCC,2,3.35,1834523,1762980,18.11690855026245,0.7171897888183594,160.35092822211396,157.0671296761635,180.75821813297333,179.12791400609345,142.1319352242595,144.69912835736363
p72_vpcc_r03.ply,p72.ply,VPCC,2,3.72413793103448,1834523,1788174,17.58165216445923,0.7556190490722656,139.6343401048057,135.08648663854484,174.41876605534912,169.16725477536096,120.743023417118,119.50601576743635
p72_vpcc_r04.ply,p72.ply,VPCC,2,4.11475409836066,1834523,1793188,18.272553205490112,0.7510910034179688,125.19005487932766,119.58130592250828,164.73734738585992,158.4845284893666,109.92836428191733,110.31171794698908
p72_vpcc_r05.ply,p72.ply,VPCC,2,4.31147540983607,1834523,1669769,19.137547254562378,0.747222900390625,105.60457754736082,104.86528262641332,120.43027254758006,116.55614746606358,97.13856771536976,97.83440174661008
p74_geocnn_r01.ply,p74.ply,GEOCNN,0,1.94915254237288,1822135,2123289,18.329885482788086,0.7240142822265625,127.74353269339265,118.75704028216316,126.56277581968735,126.9191598294819,118.26209421480613,125.51218784808088
p74_geocnn_r02.ply,p74.ply,GEOCNN,0,3.53448275862069,1822135,2057020,18.489943742752075,0.7411155700683594,120.55122703774778,110.0599262329008,120.65074500589277,119.89354204842948,107.70962915312836,113.12100421128989
p74_geocnn_r03.ply,p74.ply,GEOCNN,0,3.76190476190476,1822135,1893843,19.43515968322754,0.6363334655761719,109.41825806295824,99.56132182148605,114.45536232316837,112.32879331759375,94.88281905360795,102.69365025173101
p74_geocnn_r04.ply,p74.ply,GEOCNN,0,3.76666666666667,1822135,1838232,17.848519563674927,0.6906089782714844,100.65594858526435,92.25277280655122,0.0,0.0,85.9634428605695,96.56370895711652
p74_gpcc-octree-predlift_r02.ply,p74.ply,GPCC,1,1.2741935483871,1822135,115559,60.24974060058594,0.4730224609375,174.51536285476462,164.21861790988078,215.5756470298957,218.495822654808,0.0,0.0
p74_gpcc-octree-predlift_r03.ply,p74.ply,GPCC,1,2.18965517241379,1822135,467131,71.2268979549408,0.4660682678222656,128.8511392774671,123.31538720904491,0.0,0.0,0.0,0.0
p74_gpcc-octree-predlift_r04.ply,p74.ply,GPCC,1,3.66129032258065,1822135,1042005,80.51123857498169,0.6406517028808594,109.55992953263484,101.32688009966691,127.15488710409298,130.6674404173128,103.22819706351653,96.0479770639218
p74_gpcc-octree-predlift_r05.ply,p74.ply,GPCC,1,4.01694915254237,1822135,1409470,69.7114806175232,0.6896247863769531,94.63320560211673,92.27156510477019,103.03977599823818,104.60775381429832,90.36382780316667,91.11219079343533
p74_gpcc-octree-predlift_r06.ply,p74.ply,GPCC,1,4.0655737704918,1822135,1604902,46.70425057411194,0.719696044921875,86.27684953558597,84.69022326526911,88.38240009501767,90.83211630573862,83.06637933841814,81.573907943662
p74_gpcc-octree-raht_r02.ply,p74.ply,GPCC,1,1.33898305084746,1822135,115559,57.59997844696045,0.49028778076171875,171.0255307142071,166.7005962329864,221.13994862995582,224.2004896296575,0.0,0.0
p74_gpcc-octree-raht_r03.ply,p74.ply,GPCC,1,2.18032786885246,1822135,467131,73.45052862167358,0.5592422485351562,131.1068883616314,126.17343838874913,0.0,0.0,0.0,0.0
p74_gpcc-octree-raht_r04.ply,p74.ply,GPCC,1,3.8,1822135,1042005,76.49539017677307,0.6298065185546875,111.28074771668673,103.13207704000855,136.94970678315798,137.7275823483161,104.62158227194347,97.25610170534688
p74_gpcc-octree-raht_r05.ply,p74.ply,GPCC,1,4.01666666666667,1822135,1409470,66.92921495437622,0.6697425842285156,95.66756040462015,92.89016317559484,106.31428287072784,107.36451034818634,90.98422587091025,92.00823420435142
p74_gpcc-octree-raht_r06.ply,p74.ply,GPCC,1,4.0,1822135,1604902,46.7475700378418,0.7542304992675781,88.09127315649144,85.36484485109743,90.61835677697479,92.99955181380746,82.91172020827874,81.35569120411242
p74_vpcc_r00.ply,p74.ply,VPCC,2,2.41935483870968,1822135,1547425,17.583275079727173,0.6785202026367188,156.41646496223314,155.74677881712333,219.59775812780074,222.6343234171086,162.08639760426604,165.382276776546
p74_vpcc_r01.ply,p74.ply,VPCC,2,3.15254237288136,1822135,1673461,17.454025268554688,0.6408920288085938,146.29157376561548,141.46668711707935,195.2976814450491,197.04799352037816,147.77767078862507,149.96631655581587
p74_vpcc_r02.ply,p74.ply,VPCC,2,3.98275862068966,1822135,1741409,17.364641904830933,0.610992431640625,132.39783645894312,130.95827603920148,178.51569334862452,177.66094919923114,0.0,0.0
p74_vpcc_r03.ply,p74.ply,VPCC,2,4.13559322033898,1822135,1765849,17.736870527267456,0.69677734375,124.49504437357128,120.78567343040368,158.66564491473923,157.2532983597265,124.79787792946469,125.11256208139594
p74_vpcc_r04.ply,p74.ply,VPCC,2,3.93333333333333,1822135,1796802,18.095734119415283,0.7110176086425781,114.89752314917743,111.30070277823337,139.41627750449175,138.04809108977258,113.22266357874983,112.28488456218636
p74_vpcc_r05.ply,p74.ply,VPCC,2,4.1864406779661,1822135,1689023,18.300522804260254,0.7059974670410156,108.68767522421794,99.9259445367017,101.90689444046853,100.40526225123155,98.1710794316437,97.0387633226612
p75_geocnn_r01.ply,p75.ply,GEOCNN,0,2.53225806451613,1203203,1363211,16.70994472503662,0.5671310424804688,186.10209346408067,172.7451068851924,148.9144938332628,147.96367085885058,178.09949661995864,188.0757814665667
p75_geocnn_r02.ply,p75.ply,GEOCNN,0,3.3448275862069,1203203,1303237,14.570367574691772,0.6095809936523438,136.29935940335628,126.84816026620751,142.06232982243034,140.3091466655441,139.499157781562,152.15328968641342
p75_geocnn_r03.ply,p75.ply,GEOCNN,0,3.55737704918033,1203203,1225660,14.879069805145264,0.5725364685058594,113.01871283104987,106.9680899364147,136.0588347448978,134.8842254931559,117.38030888148785,130.28311513678742
p75_geocnn_r04.ply,p75.ply,GEOCNN,0,4.08474576271186,1203203,1203952,13.976831197738647,0.5444297790527344,99.3914459790241,86.86333024685385,132.66870630196414,131.44105937363656,98.43305892477476,112.82248396821548
p75_gpcc-octree-predlift_r02.ply,p75.ply,GPCC,1,1.41379310344828,1203203,77137,54.879749059677124,0.38233184814453125,177.27522623991769,169.5040181442418,0.0,0.0,172.88219341363128,179.53827274724398
p75_gpcc-octree-predlift_r03.ply,p75.ply,GPCC,1,2.95081967213115,1203203,304537,53.068387508392334,0.4138679504394531,136.18106606955303,126.83363885047243,0.0,0.0,138.70366073897978,144.4152128492235
p75_gpcc-octree-predlift_r04.ply,p75.ply,GPCC,1,4.09677419354839,1203203,681162,68.01002955436707,0.4775238037109375,122.8043568992216,106.15326945390103,149.56755425397273,149.710384055309,119.37888597575159,120.87030125618021
p75_gpcc-octree-predlift_r05.ply,p75.ply,GPCC,1,4.4,1203203,923373,57.76773476600647,0.5832481384277344,112.95601740311704,101.64643478426963,127.8922679599813,126.9265855200133,110.2441568472573,121.02086832795683
p75_gpcc-octree-predlift_r06.ply,p75.ply,GPCC,1,4.22033898305085,1203203,1055293,37.943005084991455,0.5685234069824219,100.83858978093988,95.46185902874095,109.20624958659029,108.10128431171326,102.01037952459114,106.24454957483863
p75_gpcc-octree-raht_r02.ply,p75.ply,GPCC,1,1.47457627118644,1203203,77137,41.179431438446045,0.43274688720703125,179.20245872091016,168.4254200679194,0.0,0.0,173.3683443871359,176.56528199710502
p75_gpcc-octree-raht_r03.ply,p75.ply,GPCC,1,2.61666666666667,1203203,304537,53.07361102104187,0.4105072021484375,136.8026612417996,127.71208211941878,0.0,0.0,139.39806899324248,145.10276453539677
p75_gpcc-octree-raht_r04.ply,p75.ply,GPCC,1,4.19672131147541,1203203,681162,55.92510271072388,0.4836082458496094,123.86076748000308,107.05214420609238,153.1452004192666,151.19533882447246,122.41592309959204,122.51489786969017
p75_gpcc-octree-raht_r05.ply,p75.ply,GPCC,1,4.29310344827586,1203203,923373,54.08139085769653,0.4910430908203125,113.15075685256434,101.70161131726104,128.78820385608748,127.30897132799626,111.40284961304297,120.78848140477794
p75_gpcc-octree-raht_r06.ply,p75.ply,GPCC,1,4.12068965517241,1203203,1055293,39.89315843582153,0.6464347839355469,100.92046028320749,96.18445416948833,112.12907687818392,111.10902966011383,102.27127924892257,106.2341721674552
p75_vpcc_r00.ply,p75.ply,VPCC,2,2.04918032786885,1203203,1047194,13.735056400299072,0.5743598937988281,215.34189155611801,201.3137341636733,218.53733140086393,219.1518553073979,197.6692747626396,202.15683858900252
p75_vpcc_r01.ply,p75.ply,VPCC,2,3.3728813559322,1203203,1135417,13.731777667999268,0.6061058044433594,191.57648828818282,174.40127454643473,203.70420415535716,203.6399128018171,190.29991105536152,194.68800305660525
p75_vpcc_r02.ply,p75.ply,VPCC,2,3.63793103448276,1203203,1170208,14.030948638916016,0.5902442932128906,177.7194258496584,157.6501405558643,184.9627354368411,185.83925732152488,177.3494709540236,176.56803614942527
p75_vpcc_r03.ply,p75.ply,VPCC,2,3.9672131147541,1203203,1178664,14.182009220123291,0.5439567565917969,165.0232116378401,143.65508975697895,169.06140133028663,169.9882687876689,156.6580884079972,161.79536097005075
p75_vpcc_r04.ply,p75.ply,VPCC,2,3.96610169491525,1203203,1208517,14.725136518478394,0.5852165222167969,154.92563171557836,135.97811590511117,152.44303128712943,155.98408376765187,149.05561179846552,156.97936860926012
p75_vpcc_r05.ply,p75.ply,VPCC,2,3.79661016949153,1203203,1140032,13.852129220962524,0.5837020874023438,136.02038087095872,113.69368936072911,117.6436449974674,124.80424215227788,129.38888184766085,138.95696514170996
