SIGNAL,REF,ATTACK,CLASS,SCORE,REF_NUM_POINTS,TEST_NUM_POINTS,TIME_TAKEN_SECONDS,PEAK_RAM_USAGE_GiB,FV_PointPCA2_0
4armsMonstre_Octree_1.ply,4armsMonstre.ply,Octree,1,3.71875,800000,252341,113.38358306884766,1.93609619140625,0.9907917046727873
4armsMonstre_Octree_2.ply,4armsMonstre.ply,Octree,1,3.3125,800000,174843,113.19653344154358,1.84954833984375,0.9875756285156894
4armsMonstre_Octree_3.ply,4armsMonstre.ply,Octree,1,3.14285714285714,800000,126519,113.24273562431335,1.8855438232421875,0.9842595228740314
4armsMonstre_Octree_4.ply,4armsMonstre.ply,Octree,1,2.53333333333333,800000,93288,112.31996035575867,1.8679351806640625,0.9808643495446172
4armsMonstre_Octree_5.ply,4armsMonstre.ply,Octree,1,2.16666666666667,800000,68467,112.49832725524902,1.8698387145996094,0.9771936099404507
Asterix_GammaNoise_1.ply,Asterix.ply,GammaNoise,2,3.21428571428571,800000,800000,114.38969326019287,1.8894615173339844,0.888615015599822
Asterix_GammaNoise_3.ply,Asterix.ply,GammaNoise,2,2.75,800000,800000,125.24456858634949,1.8890380859375,0.8543776955481504
Asterix_GammaNoise_4.ply,Asterix.ply,GammaNoise,2,2.96666666666667,800000,800000,113.36373281478882,1.860687255859375,0.8379260168660919
Asterix_GammaNoise_5.ply,Asterix.ply,GammaNoise,2,2.85714285714286,800000,800000,112.9091625213623,1.8838233947753906,0.8175138945997356
Asterix_GammaNoise_7.ply,Asterix.ply,GammaNoise,2,2.28571428571429,800000,800000,121.08900260925293,1.8715133666992188,0.7613928174266933
Asterix_MultiplicativeGaussianNoise_1.ply,Asterix.ply,MultiplicativeGaussianNoise,3,2.93333333333333,800000,800000,113.99792957305908,1.8568878173828125,0.9860600868348735
Asterix_MultiplicativeGaussianNoise_3.ply,Asterix.ply,MultiplicativeGaussianNoise,3,2.63333333333333,800000,800000,117.02063059806824,1.8486747741699219,0.9673771219273877
Asterix_MultiplicativeGaussianNoise_4.ply,Asterix.ply,MultiplicativeGaussianNoise,3,2.5,800000,800000,113.61387228965759,1.8791389465332031,0.9575882290226744
Asterix_MultiplicativeGaussianNoise_5.ply,Asterix.ply,MultiplicativeGaussianNoise,3,2.375,800000,800000,111.95286989212036,1.9092788696289062,0.9488881377488677
Asterix_MultiplicativeGaussianNoise_7.ply,Asterix.ply,MultiplicativeGaussianNoise,3,2.21428571428571,800000,800000,112.20950818061829,1.85491943359375,0.9223641625375083
Asterix_reconstruction_3.ply,Asterix.ply,reconstruction,4,4.0625,800000,800000,111.67263460159302,1.8931961059570312,0.9933769274175797
Asterix_reconstruction_4.ply,Asterix.ply,reconstruction,4,3.96428571428571,800000,800000,112.18846011161804,1.8578605651855469,0.9932438661699279
Asterix_reconstruction_5.ply,Asterix.ply,reconstruction,4,3.67857142857143,800000,800000,112.41015434265137,1.8983993530273438,0.9928095291887781
Asterix_reconstruction_6.ply,Asterix.ply,reconstruction,4,3.67857142857143,800000,800000,115.51464891433716,1.8549957275390625,0.9922740493206782
Asterix_reconstruction_7.ply,Asterix.ply,reconstruction,4,3.03571428571429,800000,800000,112.05755615234375,1.8980484008789062,0.9891360560161655
AustralianCattleDog_limitlossyG-lossyA_3.ply,AustralianCattleDog.ply,limitlossyG-lossyA,5,4.14285714285714,740237,633160,104.37790179252625,1.7349052429199219,0.994374821691452
AustralianCattleDog_limitlossyG-lossyA_4.ply,AustralianCattleDog.ply,limitlossyG-lossyA,5,4.21428571428571,740237,241204,103.1852445602417,1.7760963439941406,0.9781330465652707
AustralianCattleDog_limitlossyG-lossyA_5.ply,AustralianCattleDog.ply,limitlossyG-lossyA,5,2.96875,740237,67325,103.53809404373169,1.7528343200683594,0.9567702675744955
AustralianCattleDog_limitlossyG-lossyA_6.ply,AustralianCattleDog.ply,limitlossyG-lossyA,5,1.96428571428571,740237,30800,103.47094464302063,1.7519149780273438,0.9437853247264871
AustralianCattleDog_limitlossyG-lossyA_7.ply,AustralianCattleDog.ply,limitlossyG-lossyA,5,1.6875,740237,17634,103.3533718585968,1.7559852600097656,0.930643126569577
AustralianCattleDog_LumaNoise_1.ply,AustralianCattleDog.ply,LumaNoise,6,4.17857142857143,740237,740237,105.27503037452698,1.7382621765136719,0.8792602746769614
AustralianCattleDog_LumaNoise_3.ply,AustralianCattleDog.ply,LumaNoise,6,2.89285714285714,740237,740237,104.60536241531372,1.73419189453125,0.6806999510271653
AustralianCattleDog_LumaNoise_4.ply,AustralianCattleDog.ply,LumaNoise,6,2.86666666666667,740237,740237,106.48154616355896,1.7597770690917969,0.6252861617360959
AustralianCattleDog_LumaNoise_5.ply,AustralianCattleDog.ply,LumaNoise,6,2.67857142857143,740237,740237,104.43862223625183,1.733489990234375,0.57874065898737
AustralianCattleDog_LumaNoise_7.ply,AustralianCattleDog.ply,LumaNoise,6,2.10714285714286,740237,740237,104.42488956451416,1.7296066284179688,0.5085435519025551
aya_limitlossyG-lossyA_3.ply,aya.ply,limitlossyG-lossyA,5,4.34375,807296,728859,116.45224452018738,1.9364585876464844,0.9970352281970866
aya_limitlossyG-lossyA_4.ply,aya.ply,limitlossyG-lossyA,5,3.8125,807296,281439,115.99000573158264,1.9301986694335938,0.9862612321556258
aya_limitlossyG-lossyA_5.ply,aya.ply,limitlossyG-lossyA,5,2.57142857142857,807296,78515,116.05590724945068,1.9128189086914062,0.9674010900249946
aya_limitlossyG-lossyA_6.ply,aya.ply,limitlossyG-lossyA,5,2.125,807296,35756,115.55640697479248,1.9253959655761719,0.9535266977067447
aya_limitlossyG-lossyA_7.ply,aya.ply,limitlossyG-lossyA,5,1.35714285714286,807296,20302,116.66006064414978,1.9177894592285156,0.9398329278946828
aya_lossless-geom-lossy-attrs_3.ply,aya.ply,lossless-geom-lossy-attrs,7,4.92857142857143,807296,807296,117.58685898780823,1.9336776733398438,0.9970026031265145
aya_lossless-geom-lossy-attrs_4.ply,aya.ply,lossless-geom-lossy-attrs,7,4.42857142857143,807296,807296,133.21444606781006,1.9159927368164062,0.9955666171517991
aya_lossless-geom-lossy-attrs_5.ply,aya.ply,lossless-geom-lossy-attrs,7,4.43333333333333,807296,807296,117.21391773223877,1.960235595703125,0.9934088087333209
aya_lossless-geom-lossy-attrs_6.ply,aya.ply,lossless-geom-lossy-attrs,7,3.9375,807296,807296,117.15274691581726,2.0025634765625,0.9903458129160538
aya_lossless-geom-lossy-attrs_7.ply,aya.ply,lossless-geom-lossy-attrs,7,3.03125,807296,807296,117.21757006645203,1.9358062744140625,0.9852045024281505
aya_PoissonNoise_3.ply,aya.ply,PoissonNoise,8,4.17857142857143,807296,807296,117.17730283737183,1.9500007629394531,0.8989416035812409
aya_PoissonNoise_4.ply,aya.ply,PoissonNoise,8,3.92857142857143,807296,807296,117.44448351860046,1.9410934448242188,0.8720579111839485
aya_PoissonNoise_5.ply,aya.ply,PoissonNoise,8,4.0,807296,807296,117.09656286239624,1.9523506164550781,0.8485077003309772
aya_PoissonNoise_6.ply,aya.ply,PoissonNoise,8,3.5,807296,807296,117.11700487136841,1.9618644714355469,0.8282862450781461
aya_PoissonNoise_7.ply,aya.ply,PoissonNoise,8,3.42857142857143,807296,807296,117.22295880317688,1.9542694091796875,0.8113516869874005
Baldness_limitlossyG-lossyA_3.ply,Baldness.ply,limitlossyG-lossyA,5,4.9,900153,616210,109.60345339775085,1.8247184753417969,0.9935329079590951
Baldness_limitlossyG-lossyA_4.ply,Baldness.ply,limitlossyG-lossyA,5,3.625,900153,228849,108.6782443523407,1.8354988098144531,0.9776358317357006
Baldness_limitlossyG-lossyA_5.ply,Baldness.ply,limitlossyG-lossyA,5,1.78571428571429,900153,64425,108.38367104530334,1.7987937927246094,0.9520729809307241
Baldness_limitlossyG-lossyA_6.ply,Baldness.ply,limitlossyG-lossyA,5,1.8,900153,29703,108.26505637168884,1.829345703125,0.9292610146821647
Baldness_limitlossyG-lossyA_7.ply,Baldness.ply,limitlossyG-lossyA,5,1.46428571428571,900153,16850,108.23959565162659,1.8179779052734375,0.9026924323647224
Baldness_lossless-geom-lossy-attrs_3.ply,Baldness.ply,lossless-geom-lossy-attrs,7,4.8125,900153,900153,117.73163962364197,1.8410110473632812,0.9935181366257877
Baldness_lossless-geom-lossy-attrs_4.ply,Baldness.ply,lossless-geom-lossy-attrs,7,4.39285714285714,900153,900153,109.72464966773987,1.8661727905273438,0.9904854319766845
Baldness_lossless-geom-lossy-attrs_5.ply,Baldness.ply,lossless-geom-lossy-attrs,7,4.03571428571429,900153,900153,110.31168031692505,1.8408050537109375,0.9863556321297442
Baldness_lossless-geom-lossy-attrs_6.ply,Baldness.ply,lossless-geom-lossy-attrs,7,3.78571428571429,900153,900153,110.04617023468018,1.8409576416015625,0.9807547916415326
Baldness_lossless-geom-lossy-attrs_7.ply,Baldness.ply,lossless-geom-lossy-attrs,7,2.60714285714286,900153,900153,110.13400268554688,1.8514785766601562,0.9734630002678464
Baldness_PoissonNoise_3.ply,Baldness.ply,PoissonNoise,8,3.5,900153,900153,109.95253396034241,1.8060684204101562,0.7979123017327507
Baldness_PoissonNoise_4.ply,Baldness.ply,PoissonNoise,8,4.10714285714286,900153,900153,109.96365666389465,1.8435325622558594,0.7504972576713221
Baldness_PoissonNoise_5.ply,Baldness.ply,PoissonNoise,8,3.56666666666667,900153,900153,110.20811128616333,1.8095855712890625,0.7092760318304444
Baldness_PoissonNoise_6.ply,Baldness.ply,PoissonNoise,8,3.42857142857143,900153,900153,110.18508911132812,1.8444252014160156,0.6729467137164039
Baldness_PoissonNoise_7.ply,Baldness.ply,PoissonNoise,8,3.5,900153,900153,117.51212573051453,1.8373794555664062,0.6406598126098869
banjofrog_limitlossyG-lossyA_3.ply,banjofrog.ply,limitlossyG-lossyA,5,4.8,836128,828425,128.77734184265137,2.025989532470703,0.9957004217510312
banjofrog_limitlossyG-lossyA_4.ply,banjofrog.ply,limitlossyG-lossyA,5,4.35714285714286,836128,555467,123.52186012268066,2.039215087890625,0.9875524652193091
banjofrog_limitlossyG-lossyA_5.ply,banjofrog.ply,limitlossyG-lossyA,5,2.8125,836128,171183,119.27623438835144,2.0513877868652344,0.9624461071706157
banjofrog_limitlossyG-lossyA_6.ply,banjofrog.ply,limitlossyG-lossyA,5,2.25,836128,80142,119.10440731048584,1.9812431335449219,0.9445519482310368
banjofrog_limitlossyG-lossyA_7.ply,banjofrog.ply,limitlossyG-lossyA,5,1.78571428571429,836128,46191,118.95186448097229,2.0079803466796875,0.9306126346135639
basketballplayer_lossless-geom-nearlossless-attrs_3.ply,basketballplayer.ply,lossless-geom-nearlossless-attrs,9,4.78571428571429,805053,805053,117.18322491645813,1.9066047668457031,0.9952284128017639
basketballplayer_lossless-geom-nearlossless-attrs_4.ply,basketballplayer.ply,lossless-geom-nearlossless-attrs,9,4.67857142857143,805053,805053,125.39484095573425,1.9877777099609375,0.9858317074598576
basketballplayer_lossless-geom-nearlossless-attrs_5.ply,basketballplayer.ply,lossless-geom-nearlossless-attrs,9,3.96428571428571,805053,805053,114.95870804786682,1.9807624816894531,0.9654144773705182
basketballplayer_lossless-geom-nearlossless-attrs_6.ply,basketballplayer.ply,lossless-geom-nearlossless-attrs,9,2.67857142857143,805053,805053,123.55805253982544,1.9317512512207031,0.9205338266304564
basketballplayer_lossless-geom-nearlossless-attrs_7.ply,basketballplayer.ply,lossless-geom-nearlossless-attrs,9,1.8125,805053,805053,114.23594522476196,1.9672317504882812,0.8414167306677248
basketballplayer_losslessG-limitlossyA_3.ply,basketballplayer.ply,losslessG-limitlossyA,10,4.53571428571429,805053,805053,114.34455418586731,1.9407196044921875,0.9982162196577836
basketballplayer_losslessG-limitlossyA_4.ply,basketballplayer.ply,losslessG-limitlossyA,10,4.25,805053,805053,114.10977530479431,1.9921150207519531,0.9930271955625299
basketballplayer_losslessG-limitlossyA_5.ply,basketballplayer.ply,losslessG-limitlossyA,10,3.78571428571429,805053,805053,114.2212586402893,1.9791717529296875,0.9786326833512211
basketballplayer_losslessG-limitlossyA_6.ply,basketballplayer.ply,losslessG-limitlossyA,10,3.25,805053,805053,113.84314584732056,1.9163017272949219,0.9654783309702845
basketballplayer_losslessG-limitlossyA_7.ply,basketballplayer.ply,losslessG-limitlossyA,10,2.78571428571429,805053,805053,114.11535334587097,1.9244422912597656,0.9491432202791341
basketballplayer_QuantizationNoise_1.ply,basketballplayer.ply,QuantizationNoise,11,3.75,805053,805053,124.45527839660645,1.9314651489257812,0.8267354800062174
basketballplayer_QuantizationNoise_3.ply,basketballplayer.ply,QuantizationNoise,11,3.21428571428571,805053,805053,113.76424026489258,1.9866218566894531,0.7536324466753157
basketballplayer_QuantizationNoise_4.ply,basketballplayer.ply,QuantizationNoise,11,3.23333333333333,805053,805053,122.75988030433655,1.976470947265625,0.6689539122495448
basketballplayer_QuantizationNoise_5.ply,basketballplayer.ply,QuantizationNoise,11,3.28125,805053,805053,113.49642562866211,1.95306396484375,0.6689539122495448
basketballplayer_QuantizationNoise_7.ply,basketballplayer.ply,QuantizationNoise,11,2.85714285714286,805053,805053,113.37320756912231,1.9677314758300781,0.5834831553596632
BB8New_C2AI-lossy-geom-lossy-attrs_3.ply,BB8New.ply,C2AI-lossy-geom-lossy-attrs,12,4.89285714285714,798829,880843,116.92593026161194,1.9246902465820312,0.9936585091171308
BB8New_C2AI-lossy-geom-lossy-attrs_4.ply,BB8New.ply,C2AI-lossy-geom-lossy-attrs,12,4.46428571428571,798829,844493,116.03514742851257,1.9169654846191406,0.9917252654893832
BB8New_C2AI-lossy-geom-lossy-attrs_5.ply,BB8New.ply,C2AI-lossy-geom-lossy-attrs,12,3.78571428571429,798829,843642,115.50115942955017,1.9488868713378906,0.9906207966849734
BB8New_C2AI-lossy-geom-lossy-attrs_6.ply,BB8New.ply,C2AI-lossy-geom-lossy-attrs,12,3.60714285714286,798829,845381,115.74164032936096,1.9518928527832031,0.9875412033337019
BB8New_C2AI-lossy-geom-lossy-attrs_7.ply,BB8New.ply,C2AI-lossy-geom-lossy-attrs,12,3.35714285714286,798829,844046,115.59392499923706,1.9696121215820312,0.9827711615025929
BB8New_LocalOffset_1.ply,BB8New.ply,LocalOffset,13,3.53125,798829,798829,114.32025074958801,1.9465904235839844,0.9981321804823879
BB8New_LocalOffset_2.ply,BB8New.ply,LocalOffset,13,2.89285714285714,798829,798829,114.16830682754517,1.9350967407226562,0.9943843244167454
BB8New_LocalOffset_3.ply,BB8New.ply,LocalOffset,13,2.375,798829,798829,114.57772612571716,1.9070014953613281,0.9827599278199914
BB8New_LocalOffset_4.ply,BB8New.ply,LocalOffset,13,2.32142857142857,798829,798829,114.95955991744995,1.9393501281738281,0.9758252423752393
BB8New_LocalOffset_5.ply,BB8New.ply,LocalOffset,13,1.53571428571429,798829,798829,117.2515857219696,1.9189033508300781,0.965607118200915
BB8New_LocalRotation_1.ply,BB8New.ply,LocalRotation,14,3.03333333333333,798829,798829,112.9219000339508,1.9132041931152344,0.9911576495317149
BB8New_LocalRotation_2.ply,BB8New.ply,LocalRotation,14,3.16666666666667,798829,798829,112.9471607208252,1.9263992309570312,0.9891141782749177
BB8New_LocalRotation_3.ply,BB8New.ply,LocalRotation,14,2.46428571428571,798829,798829,113.14328002929688,1.93572998046875,0.985968213753998
BB8New_LocalRotation_4.ply,BB8New.ply,LocalRotation,14,1.8,798829,798829,113.24038934707642,1.9371414184570312,0.9727647802293234
BB8New_LocalRotation_5.ply,BB8New.ply,LocalRotation,14,1.76666666666667,798829,798829,113.76542735099792,1.93560791015625,0.966901443812682
BB8New_SaltpepperNoise_1.ply,BB8New.ply,SaltpepperNoise,15,3.42857142857143,798829,798829,112.8496367931366,1.8788833618164062,0.9945449594280306
BB8New_SaltpepperNoise_3.ply,BB8New.ply,SaltpepperNoise,15,3.17857142857143,798829,798829,113.00968408584595,1.9440116882324219,0.980171321695188
BB8New_SaltpepperNoise_4.ply,BB8New.ply,SaltpepperNoise,15,2.78571428571429,798829,798829,112.87058758735657,1.9020805358886719,0.9710450431910613
BB8New_SaltpepperNoise_5.ply,BB8New.ply,SaltpepperNoise,15,2.96428571428571,798829,798829,112.91015982627869,1.9071121215820312,0.9619158852396866
BB8New_SaltpepperNoise_7.ply,BB8New.ply,SaltpepperNoise,15,2.8,798829,798829,112.98360466957092,1.9414825439453125,0.9434190792019941
Beagle_losslessG-limitlossyA_3.ply,Beagle.ply,losslessG-limitlossyA,10,4.9,656892,656892,95.31853127479553,1.6048011779785156,0.9989420808410633
Beagle_losslessG-limitlossyA_4.ply,Beagle.ply,losslessG-limitlossyA,10,4.67857142857143,656892,656892,95.08520340919495,1.6078681945800781,0.9977289588866389
Beagle_losslessG-limitlossyA_5.ply,Beagle.ply,losslessG-limitlossyA,10,4.3,656892,656892,95.07418513298035,1.6073379516601562,0.9873665826454472
Beagle_losslessG-limitlossyA_6.ply,Beagle.ply,losslessG-limitlossyA,10,3.73333333333333,656892,656892,95.1466715335846,1.5997238159179688,0.9770989593709836
Beagle_losslessG-limitlossyA_7.ply,Beagle.ply,losslessG-limitlossyA,10,3.28571428571429,656892,656892,94.83922290802002,1.628448486328125,0.9605220870761676
Beagle_LumaNoise_1.ply,Beagle.ply,LumaNoise,6,4.85714285714286,656892,656892,94.82010746002197,1.5681114196777344,0.9081639039978316
Beagle_LumaNoise_3.ply,Beagle.ply,LumaNoise,6,3.03571428571429,656892,656892,98.38972592353821,1.5662422180175781,0.7765733405875236
Beagle_LumaNoise_4.ply,Beagle.ply,LumaNoise,6,3.46875,656892,656892,109.37647986412048,1.5969810485839844,0.7500110301738679
Beagle_LumaNoise_5.ply,Beagle.ply,LumaNoise,6,2.9,656892,656892,95.17180919647217,1.6304206848144531,0.7289870854935844
Beagle_LumaNoise_7.ply,Beagle.ply,LumaNoise,6,3.0,656892,656892,95.13147902488708,1.5951805114746094,0.6987327607550201
BirdToucan_losslessG-limitlossyA_3.ply,BirdToucan.ply,losslessG-limitlossyA,10,4.83333333333333,841348,841348,122.12747716903687,2.072429656982422,0.9831803547577181
BirdToucan_losslessG-limitlossyA_4.ply,BirdToucan.ply,losslessG-limitlossyA,10,4.8,841348,841348,134.210755109787,2.0449142456054688,0.9623038100973725
BirdToucan_losslessG-limitlossyA_5.ply,BirdToucan.ply,losslessG-limitlossyA,10,4.33333333333333,841348,841348,121.55569052696228,2.0181236267089844,0.9148206908085481
BirdToucan_losslessG-limitlossyA_6.ply,BirdToucan.ply,losslessG-limitlossyA,10,3.76666666666667,841348,841348,121.54300427436829,2.052600860595703,0.8714572382435452
BirdToucan_losslessG-limitlossyA_7.ply,BirdToucan.ply,losslessG-limitlossyA,10,3.53333333333333,841348,841348,132.4590826034546,2.0662689208984375,0.8307780173133588
BirdToucan_MeanShift_1.ply,BirdToucan.ply,MeanShift,16,4.82142857142857,841348,841348,121.57200193405151,2.0111770629882812,0.7425988284815265
BirdToucan_MeanShift_3.ply,BirdToucan.ply,MeanShift,16,3.71428571428571,841348,841348,121.87690806388855,2.025836944580078,0.524714688698875
BirdToucan_MeanShift_4.ply,BirdToucan.ply,MeanShift,16,3.07142857142857,841348,841348,121.63415575027466,2.025360107421875,0.4820566667216474
BirdToucan_MeanShift_5.ply,BirdToucan.ply,MeanShift,16,3.10714285714286,841348,841348,121.76357817649841,2.0537490844726562,0.4507613046671688
BirdToucan_MeanShift_7.ply,BirdToucan.ply,MeanShift,16,2.42857142857143,841348,841348,121.90235161781311,2.025665283203125,0.40953605920593866
Birdv1_losslessG-lossyA_3.ply,Birdv1.ply,losslessG-lossyA,17,4.96428571428571,720519,720519,102.97313117980957,1.7380294799804688,0.9772903414802524
Birdv1_losslessG-lossyA_4.ply,Birdv1.ply,losslessG-lossyA,17,4.67857142857143,720519,720519,102.98900246620178,1.7310028076171875,0.9696552363695597
Birdv1_losslessG-lossyA_5.ply,Birdv1.ply,losslessG-lossyA,17,3.9,720519,720519,102.96717524528503,1.7163505554199219,0.9350449104813298
Birdv1_losslessG-lossyA_6.ply,Birdv1.ply,losslessG-lossyA,17,2.67857142857143,720519,720519,105.07906985282898,1.7562904357910156,0.9228112150597939
Birdv1_losslessG-lossyA_7.ply,Birdv1.ply,losslessG-lossyA,17,2.63333333333333,720519,720519,102.72161746025085,1.7237052917480469,0.8833685097676156
Birdv1_MeanShift_1.ply,Birdv1.ply,MeanShift,16,4.92857142857143,720519,720519,102.78342056274414,1.7584342956542969,0.8373604164336513
Birdv1_MeanShift_3.ply,Birdv1.ply,MeanShift,16,3.25,720519,720519,103.18695545196533,1.7265357971191406,0.6657338357566107
Birdv1_MeanShift_4.ply,Birdv1.ply,MeanShift,16,3.1,720519,720519,114.09259843826294,1.7327384948730469,0.622867266587049
Birdv1_MeanShift_5.ply,Birdv1.ply,MeanShift,16,2.82142857142857,720519,720519,109.12447452545166,1.7624015808105469,0.5896643659799011
Birdv1_MeanShift_7.ply,Birdv1.ply,MeanShift,16,2.8125,720519,720519,103.7073962688446,1.7213325500488281,0.5473236049703183
BirdV2_losslessG-lossyA_3.ply,BirdV2.ply,losslessG-lossyA,17,4.75,829891,829891,120.8864598274231,2.0257606506347656,0.9980920941211593
BirdV2_losslessG-lossyA_4.ply,BirdV2.ply,losslessG-lossyA,17,4.6,829891,829891,122.03520584106445,2.0050277709960938,0.9936537582301764
BirdV2_losslessG-lossyA_5.ply,BirdV2.ply,losslessG-lossyA,17,3.53125,829891,829891,120.97188448905945,2.0177001953125,0.9789890668717701
BirdV2_losslessG-lossyA_6.ply,BirdV2.ply,losslessG-lossyA,17,3.25,829891,829891,121.0108380317688,2.002269744873047,0.963442327843793
BirdV2_losslessG-lossyA_7.ply,BirdV2.ply,losslessG-lossyA,17,3.23333333333333,829891,829891,128.35253596305847,2.0338401794433594,0.937643971888243
BirdV3_MultiplicativeGaussianNoise_1.ply,BirdV3.ply,MultiplicativeGaussianNoise,3,3.56666666666667,771405,771405,111.60003685951233,1.8598213195800781,0.99127940620217
BirdV3_MultiplicativeGaussianNoise_3.ply,BirdV3.ply,MultiplicativeGaussianNoise,3,3.21875,771405,771405,111.2122573852539,1.89178466796875,0.9819144383395015
BirdV3_MultiplicativeGaussianNoise_4.ply,BirdV3.ply,MultiplicativeGaussianNoise,3,2.9,771405,771405,128.00020384788513,1.8671493530273438,0.9771481195351986
BirdV3_MultiplicativeGaussianNoise_5.ply,BirdV3.ply,MultiplicativeGaussianNoise,3,3.0,771405,771405,111.46066927909851,1.8408126831054688,0.9729060237228274
BirdV3_MultiplicativeGaussianNoise_7.ply,BirdV3.ply,MultiplicativeGaussianNoise,3,2.84375,771405,771405,111.00636148452759,1.8772544860839844,0.9601117372256058
BirdV4_MultiplicativeGaussianNoise_1.ply,BirdV4.ply,MultiplicativeGaussianNoise,3,3.60714285714286,736753,736753,106.49255132675171,1.8166618347167969,0.9908326216766605
BirdV4_MultiplicativeGaussianNoise_3.ply,BirdV4.ply,MultiplicativeGaussianNoise,3,3.35714285714286,736753,736753,106.15171694755554,1.7707252502441406,0.9834915910236063
BirdV4_MultiplicativeGaussianNoise_4.ply,BirdV4.ply,MultiplicativeGaussianNoise,3,3.17857142857143,736753,736753,115.96611022949219,1.8266639709472656,0.980004748819313
BirdV4_MultiplicativeGaussianNoise_5.ply,BirdV4.ply,MultiplicativeGaussianNoise,3,2.93333333333333,736753,736753,120.86081647872925,1.8006820678710938,0.9764886392855856
BirdV4_MultiplicativeGaussianNoise_7.ply,BirdV4.ply,MultiplicativeGaussianNoise,3,2.53571428571429,736753,736753,106.43766856193542,1.7725296020507812,0.9628688811218399
Birdv5_Octree_1.ply,Birdv5.ply,Octree,1,3.64285714285714,754861,82230,107.52699589729309,1.8778495788574219,0.9507213610505433
Birdv5_Octree_2.ply,Birdv5.ply,Octree,1,2.46428571428571,754861,53683,108.25689268112183,1.8025856018066406,0.9384464202232514
Birdv5_Octree_3.ply,Birdv5.ply,Octree,1,2.39285714285714,754861,37635,116.37941431999207,1.8236312866210938,0.9273312949416357
Birdv5_Octree_4.ply,Birdv5.ply,Octree,1,2.14285714285714,754861,27932,107.81634736061096,1.8285484313964844,0.9175765498072898
Birdv5_Octree_5.ply,Birdv5.ply,Octree,1,2.03571428571429,754861,21418,108.12954139709473,1.7992935180664062,0.9082822478855168
BirdV6_Octree_1.ply,BirdV6.ply,Octree,1,3.25,750845,98765,107.41643261909485,1.8141517639160156,0.9586793847076511
BirdV6_Octree_2.ply,BirdV6.ply,Octree,1,2.76666666666667,750845,64325,107.2040901184082,1.8024368286132812,0.948306684148503
BirdV6_Octree_3.ply,BirdV6.ply,Octree,1,2.71428571428571,750845,45588,106.79505133628845,1.8149566650390625,0.9395221508503347
BirdV6_Octree_4.ply,BirdV6.ply,Octree,1,2.40625,750845,33626,108.17765831947327,1.8114395141601562,0.9313502839967087
BirdV6_Octree_5.ply,BirdV6.ply,Octree,1,2.35714285714286,750845,25935,107.13960385322571,1.8018646240234375,0.9238981596009386
BricksWall_GammaNoise_1.ply,BricksWall.ply,GammaNoise,2,3.78125,805315,805315,115.8632025718689,1.9484138488769531,0.8893752151289888
BricksWall_GammaNoise_3.ply,BricksWall.ply,GammaNoise,2,3.32142857142857,805315,805315,115.67415714263916,1.9104042053222656,0.8502284906484476
BricksWall_GammaNoise_4.ply,BricksWall.ply,GammaNoise,2,3.4375,805315,805315,115.8548572063446,1.980224609375,0.8308479750334646
BricksWall_GammaNoise_5.ply,BricksWall.ply,GammaNoise,2,3.32142857142857,805315,805315,115.68949437141418,1.9486198425292969,0.8064352656641632
BricksWall_GammaNoise_7.ply,BricksWall.ply,GammaNoise,2,2.53571428571429,805315,805315,115.82332396507263,1.9407997131347656,0.7386196290981467
BricksWall_HighFrequencyNoise_3.ply,BricksWall.ply,HighFrequencyNoise,18,4.25,805315,805315,115.86346006393433,1.9255447387695312,0.9948579214928007
BricksWall_HighFrequencyNoise_4.ply,BricksWall.ply,HighFrequencyNoise,18,4.17857142857143,805315,805315,115.8075532913208,1.9311561584472656,0.9937447092486255
BricksWall_HighFrequencyNoise_5.ply,BricksWall.ply,HighFrequencyNoise,18,3.6875,805315,805315,116.08165550231934,1.9790306091308594,0.9928014407201577
BricksWall_HighFrequencyNoise_6.ply,BricksWall.ply,HighFrequencyNoise,18,3.35714285714286,805315,805315,115.85469579696655,1.9396820068359375,0.987891312022395
BricksWall_HighFrequencyNoise_7.ply,BricksWall.ply,HighFrequencyNoise,18,3.10714285714286,805315,805315,115.81920433044434,1.9187545776367188,0.9843376480385194
BricksWall_limitlossyG-lossyA_3.ply,BricksWall.ply,limitlossyG-lossyA,5,4.67857142857143,805315,802660,115.40399193763733,1.9498939514160156,0.9955046680023996
BricksWall_limitlossyG-lossyA_4.ply,BricksWall.ply,limitlossyG-lossyA,5,4.71875,805315,268579,114.9527440071106,1.9746017456054688,0.9737596976412475
BricksWall_limitlossyG-lossyA_5.ply,BricksWall.ply,limitlossyG-lossyA,5,2.82142857142857,805315,69914,114.7244861125946,1.8883934020996094,0.9564110058632006
BricksWall_limitlossyG-lossyA_6.ply,BricksWall.ply,limitlossyG-lossyA,5,1.84375,805315,30867,115.72006821632385,1.9420623779296875,0.9505360521860129
BricksWall_limitlossyG-lossyA_7.ply,BricksWall.ply,limitlossyG-lossyA,5,1.1,805315,18659,115.3479151725769,1.9343910217285156,0.9472241325708032
BricksWall_QuantizationNoise_1.ply,BricksWall.ply,QuantizationNoise,11,4.03125,805315,805315,115.79991221427917,1.9423255920410156,0.9610718518842181
BricksWall_QuantizationNoise_3.ply,BricksWall.ply,QuantizationNoise,11,3.96666666666667,805315,805315,115.3915479183197,1.9125251770019531,0.9469614318198551
BricksWall_QuantizationNoise_4.ply,BricksWall.ply,QuantizationNoise,11,3.28571428571429,805315,805315,115.47990822792053,1.9397659301757812,0.93585585235799
BricksWall_QuantizationNoise_5.ply,BricksWall.ply,QuantizationNoise,11,3.82142857142857,805315,805315,116.72635054588318,1.9489288330078125,0.93585585235799
BricksWall_QuantizationNoise_7.ply,BricksWall.ply,QuantizationNoise,11,3.17857142857143,805315,805315,121.73716902732849,1.908172607421875,0.9100304949279052
bristleback_GaussianNoise_1.ply,bristleback.ply,GaussianNoise,19,3.42857142857143,954308,954308,137.8011245727539,2.2905197143554688,0.9806576089444203
bristleback_GaussianNoise_3.ply,bristleback.ply,GaussianNoise,19,3.5,954308,954308,137.71419882774353,2.307605743408203,0.9621493795034061
bristleback_GaussianNoise_4.ply,bristleback.ply,GaussianNoise,19,3.2,954308,954308,138.79526710510254,2.2985801696777344,0.9472746288894609
bristleback_GaussianNoise_5.ply,bristleback.ply,GaussianNoise,19,2.78571428571429,954308,954308,137.56882095336914,2.3010940551757812,0.9280065072508533
bristleback_GaussianNoise_7.ply,bristleback.ply,GaussianNoise,19,2.4,954308,954308,138.11303067207336,2.2635841369628906,0.8739963876494001
bristleback_MultiplicativeGaussianNoise_1.ply,bristleback.ply,MultiplicativeGaussianNoise,3,3.53571428571429,954308,954308,137.85788536071777,2.2761001586914062,0.991484200500417
bristleback_MultiplicativeGaussianNoise_3.ply,bristleback.ply,MultiplicativeGaussianNoise,3,3.21428571428571,954308,954308,150.11426162719727,2.244373321533203,0.9843612754148225
bristleback_MultiplicativeGaussianNoise_4.ply,bristleback.ply,MultiplicativeGaussianNoise,3,2.96428571428571,954308,954308,137.98546171188354,2.2644577026367188,0.9810083139290773
bristleback_MultiplicativeGaussianNoise_5.ply,bristleback.ply,MultiplicativeGaussianNoise,3,3.03125,954308,954308,142.2068691253662,2.309783935546875,0.9775575541187796
bristleback_MultiplicativeGaussianNoise_7.ply,bristleback.ply,MultiplicativeGaussianNoise,3,2.76666666666667,954308,954308,137.31654906272888,2.287128448486328,0.9613233284611752
Caffe_ColorNoise_3.ply,Caffe.ply,ColorNoise,20,3.92857142857143,800000,800000,106.80890107154846,1.8515663146972656,0.9900853593177078
Caffe_ColorNoise_4.ply,Caffe.ply,ColorNoise,20,3.53571428571429,800000,800000,106.8103723526001,1.8335304260253906,0.9839649235357781
Caffe_ColorNoise_5.ply,Caffe.ply,ColorNoise,20,3.63333333333333,800000,800000,106.62564706802368,1.8145103454589844,0.9762377611694156
Caffe_ColorNoise_6.ply,Caffe.ply,ColorNoise,20,3.39285714285714,800000,800000,106.54279065132141,1.780914306640625,0.966015556217067
Caffe_ColorNoise_7.ply,Caffe.ply,ColorNoise,20,2.89285714285714,800000,800000,106.17337107658386,1.7767181396484375,0.9545601264367952
Caffe_ContrastDistortion_1.ply,Caffe.ply,ContrastDistortion,21,4.0,800000,800000,106.5619249343872,1.8150062561035156,0.8040039052288818
Caffe_ContrastDistortion_2.ply,Caffe.ply,ContrastDistortion,21,3.60714285714286,800000,800000,106.53717803955078,1.7841644287109375,0.6322324109104275
Caffe_ContrastDistortion_3.ply,Caffe.ply,ContrastDistortion,21,3.28571428571429,800000,800000,106.6325695514679,1.7774772644042969,0.5162832168661925
Caffe_ContrastDistortion_4.ply,Caffe.ply,ContrastDistortion,21,3.17857142857143,800000,800000,106.93814778327942,1.8391990661621094,0.451774530070827
Caffe_ContrastDistortion_5.ply,Caffe.ply,ContrastDistortion,21,2.21428571428571,800000,800000,106.72371196746826,1.8049392700195312,0.41625253474746526
Caffe_CorrelatedGaussianNoise_1.ply,Caffe.ply,CorrelatedGaussianNoise,22,4.10714285714286,800000,800000,106.6316602230072,1.8099632263183594,0.989232434179602
Caffe_CorrelatedGaussianNoise_2.ply,Caffe.ply,CorrelatedGaussianNoise,22,3.75,800000,800000,106.84695672988892,1.8222923278808594,0.9767606894542841
Caffe_CorrelatedGaussianNoise_3.ply,Caffe.ply,CorrelatedGaussianNoise,22,3.59375,800000,800000,128.11077618598938,1.7880020141601562,0.9622717451600252
Caffe_CorrelatedGaussianNoise_4.ply,Caffe.ply,CorrelatedGaussianNoise,22,3.28571428571429,800000,800000,106.43162083625793,1.810211181640625,0.9452137041577986
Caffe_CorrelatedGaussianNoise_5.ply,Caffe.ply,CorrelatedGaussianNoise,22,2.89285714285714,800000,800000,108.7393479347229,1.8248481750488281,0.92683866865137
Caffe_GaussianShifting_1.ply,Caffe.ply,GaussianShifting,23,4.46875,800000,800000,107.90520119667053,1.8081855773925781,0.99575915528078
Caffe_GaussianShifting_2.ply,Caffe.ply,GaussianShifting,23,3.2,800000,800000,107.76446795463562,1.7612152099609375,0.9919776174597323
Caffe_GaussianShifting_3.ply,Caffe.ply,GaussianShifting,23,3.13333333333333,800000,800000,108.0148389339447,1.8182106018066406,0.9848413223306505
Caffe_GaussianShifting_4.ply,Caffe.ply,GaussianShifting,23,2.39285714285714,800000,800000,108.16019415855408,1.7902603149414062,0.9766661701366454
Caffe_GaussianShifting_5.ply,Caffe.ply,GaussianShifting,23,2.25,800000,800000,108.38687658309937,1.8358688354492188,0.9685668798683631
Caffe_LumaNoise_1.ply,Caffe.ply,LumaNoise,6,4.07142857142857,800000,800000,108.22233200073242,1.84515380859375,0.8234687608679959
Caffe_LumaNoise_3.ply,Caffe.ply,LumaNoise,6,3.10714285714286,800000,800000,107.91093516349792,1.8076210021972656,0.5935452096462354
Caffe_LumaNoise_4.ply,Caffe.ply,LumaNoise,6,2.85714285714286,800000,800000,107.54105734825134,1.8077354431152344,0.5363254718041508
Caffe_LumaNoise_5.ply,Caffe.ply,LumaNoise,6,2.92857142857143,800000,800000,110.03312230110168,1.7891654968261719,0.48992422405046177
Caffe_LumaNoise_7.ply,Caffe.ply,LumaNoise,6,2.57142857142857,800000,800000,107.86469650268555,1.7910652160644531,0.4201200079524592
CardiganWelshCorgi_ColorNoise_3.ply,CardiganWelshCorgi.ply,ColorNoise,20,4.25,807128,807128,115.53368973731995,1.9133071899414062,0.9972762609548879
CardiganWelshCorgi_ColorNoise_4.ply,CardiganWelshCorgi.ply,ColorNoise,20,3.9,807128,807128,113.34641599655151,1.9257545471191406,0.9957831116749681
CardiganWelshCorgi_ColorNoise_5.ply,CardiganWelshCorgi.ply,ColorNoise,20,3.57142857142857,807128,807128,113.20984482765198,1.8880958557128906,0.9940557756481917
CardiganWelshCorgi_ColorNoise_6.ply,CardiganWelshCorgi.ply,ColorNoise,20,3.07142857142857,807128,807128,113.44117736816406,1.85211181640625,0.9921170710284234
CardiganWelshCorgi_ColorNoise_7.ply,CardiganWelshCorgi.ply,ColorNoise,20,3.0,807128,807128,112.71643257141113,1.8489418029785156,0.9898857034821563
Cat_ColorNoise_3.ply,Cat.ply,ColorNoise,20,4.65625,768316,768316,106.92804431915283,1.761138916015625,0.9958857828700697
Cat_ColorNoise_4.ply,Cat.ply,ColorNoise,20,4.03571428571429,768316,768316,106.64717030525208,1.7900657653808594,0.9936401959223453
Cat_ColorNoise_5.ply,Cat.ply,ColorNoise,20,3.71428571428571,768316,768316,106.52158117294312,1.8314094543457031,0.99092934486753
Cat_ColorNoise_6.ply,Cat.ply,ColorNoise,20,3.43333333333333,768316,768316,106.86834406852722,1.776123046875,0.9878216970306117
Cat_ColorNoise_7.ply,Cat.ply,ColorNoise,20,3.25,768316,768316,107.0529682636261,1.8388175964355469,0.9842273687055821
Cat_PoissonNoise_3.ply,Cat.ply,PoissonNoise,8,4.36666666666667,768316,768316,113.50899744033813,1.7951316833496094,0.8410481887171253
Cat_PoissonNoise_4.ply,Cat.ply,PoissonNoise,8,4.3,768316,768316,107.43928217887878,1.8131790161132812,0.7995473796607088
Cat_PoissonNoise_5.ply,Cat.ply,PoissonNoise,8,3.46428571428571,768316,768316,106.4037754535675,1.7570610046386719,0.7621929437071575
Cat_PoissonNoise_6.ply,Cat.ply,PoissonNoise,8,3.8125,768316,768316,106.35547232627869,1.7863388061523438,0.7283615556273738
Cat_PoissonNoise_7.ply,Cat.ply,PoissonNoise,8,3.32142857142857,768316,768316,106.43247056007385,1.8092079162597656,0.6975253434093038
CatV1_PoissonNoise_3.ply,CatV1.ply,PoissonNoise,8,3.42857142857143,609363,609363,84.75663304328918,1.4206428527832031,0.7431455983080133
CatV1_PoissonNoise_4.ply,CatV1.ply,PoissonNoise,8,3.46875,609363,609363,85.48757696151733,1.4501609802246094,0.6858341722860619
CatV1_PoissonNoise_5.ply,CatV1.ply,PoissonNoise,8,3.14285714285714,609363,609363,85.08252000808716,1.4352607727050781,0.637046726905
CatV1_PoissonNoise_6.ply,CatV1.ply,PoissonNoise,8,2.96666666666667,609363,609363,84.45595836639404,1.4063339233398438,0.5948567411152451
CatV1_PoissonNoise_7.ply,CatV1.ply,PoissonNoise,8,3.34375,609363,609363,85.16121864318848,1.4423103332519531,0.5579976615204097
Chicken_ColorQuantizationDither_3.ply,Chicken.ply,ColorQuantizationDither,24,4.0,885460,885460,127.71930170059204,2.1729469299316406,0.9886710353087522
Chicken_ColorQuantizationDither_4.ply,Chicken.ply,ColorQuantizationDither,24,3.17857142857143,885460,885460,127.82437491416931,2.0965538024902344,0.9824061354755586
Chicken_ColorQuantizationDither_5.ply,Chicken.ply,ColorQuantizationDither,24,3.03571428571429,885460,885460,127.47537565231323,2.110309600830078,0.9810734961883126
Chicken_ColorQuantizationDither_6.ply,Chicken.ply,ColorQuantizationDither,24,2.46428571428571,885460,885460,127.13727307319641,2.1431427001953125,0.9759317188185495
Chicken_ColorQuantizationDither_7.ply,Chicken.ply,ColorQuantizationDither,24,2.03571428571429,885460,885460,127.40950274467468,2.17578125,0.9343619776498873
Chicken_QuantizationNoise_1.ply,Chicken.ply,QuantizationNoise,11,3.96428571428571,885460,885460,127.48716950416565,2.175457000732422,0.95074354008672
Chicken_QuantizationNoise_3.ply,Chicken.ply,QuantizationNoise,11,3.85714285714286,885460,885460,127.10163617134094,2.1766738891601562,0.9386479979141705
Chicken_QuantizationNoise_4.ply,Chicken.ply,QuantizationNoise,11,3.6,885460,885460,127.93070411682129,2.100963592529297,0.9019898900124285
Chicken_QuantizationNoise_5.ply,Chicken.ply,QuantizationNoise,11,3.63333333333333,885460,885460,127.57919573783875,2.1410140991210938,0.9019898900124285
Chicken_QuantizationNoise_7.ply,Chicken.ply,QuantizationNoise,11,3.16666666666667,885460,885460,127.74981498718262,2.1465797424316406,0.8327636406336294
crabV2_ColorQuantizationDither_3.ply,crabV2.ply,ColorQuantizationDither,24,4.25,728953,728953,104.76646113395691,1.7143440246582031,0.9866271791071569
crabV2_ColorQuantizationDither_4.ply,crabV2.ply,ColorQuantizationDither,24,3.32142857142857,728953,728953,104.89258170127869,1.7711906433105469,0.9836853620703034
crabV2_ColorQuantizationDither_5.ply,crabV2.ply,ColorQuantizationDither,24,2.96666666666667,728953,728953,104.41099524497986,1.7734489440917969,0.9835601759328909
crabV2_ColorQuantizationDither_6.ply,crabV2.ply,ColorQuantizationDither,24,2.28571428571429,728953,728953,104.58219909667969,1.8095970153808594,0.9706198822076656
crabV2_ColorQuantizationDither_7.ply,crabV2.ply,ColorQuantizationDither,24,2.17857142857143,728953,728953,104.62254524230957,1.7692489624023438,0.9283185508385835
dancer_lossless-geom-nearlossless-attrs_3.ply,dancer.ply,lossless-geom-nearlossless-attrs,9,4.89285714285714,803019,803019,112.22904682159424,1.9482154846191406,0.9960907504204238
dancer_lossless-geom-nearlossless-attrs_4.ply,dancer.ply,lossless-geom-nearlossless-attrs,9,4.66666666666667,803019,803019,112.40377259254456,1.93646240234375,0.9884955876534287
dancer_lossless-geom-nearlossless-attrs_5.ply,dancer.ply,lossless-geom-nearlossless-attrs,9,3.71428571428571,803019,803019,112.34640192985535,1.9327507019042969,0.9666515511726359
dancer_lossless-geom-nearlossless-attrs_6.ply,dancer.ply,lossless-geom-nearlossless-attrs,9,2.78571428571429,803019,803019,112.84373712539673,1.9228973388671875,0.9131868524477159
dancer_lossless-geom-nearlossless-attrs_7.ply,dancer.ply,lossless-geom-nearlossless-attrs,9,1.42857142857143,803019,803019,112.60917568206787,1.8930892944335938,0.807858893953935
dancer_losslessG-limitlossyA_3.ply,dancer.ply,losslessG-limitlossyA,10,4.89285714285714,803019,803019,112.55896520614624,1.9117393493652344,0.9985242756732539
dancer_losslessG-limitlossyA_4.ply,dancer.ply,losslessG-limitlossyA,10,4.46428571428571,803019,803019,112.15472292900085,1.8888473510742188,0.9948688689868903
dancer_losslessG-limitlossyA_5.ply,dancer.ply,losslessG-limitlossyA,10,3.92857142857143,803019,803019,112.3761374950409,2.0076255798339844,0.9829988953538142
dancer_losslessG-limitlossyA_6.ply,dancer.ply,losslessG-limitlossyA,10,3.36666666666667,803019,803019,111.98619723320007,1.9284820556640625,0.9713234882776626
dancer_losslessG-limitlossyA_7.ply,dancer.ply,losslessG-limitlossyA,10,3.0,803019,803019,113.18536233901978,1.9668769836425781,0.9571866962891734
dancer_QuantizationNoise_1.ply,dancer.ply,QuantizationNoise,11,3.89285714285714,803019,803019,115.44566082954407,1.93438720703125,0.9353392398933087
dancer_QuantizationNoise_3.ply,dancer.ply,QuantizationNoise,11,3.57142857142857,803019,803019,112.63176941871643,1.9508934020996094,0.8382791005222535
dancer_QuantizationNoise_4.ply,dancer.ply,QuantizationNoise,11,3.35714285714286,803019,803019,112.65921401977539,1.9345893859863281,0.7130705481785029
dancer_QuantizationNoise_5.ply,dancer.ply,QuantizationNoise,11,3.3125,803019,803019,113.42247128486633,1.9513626098632812,0.7130705481785029
dancer_QuantizationNoise_7.ply,dancer.ply,QuantizationNoise,11,2.93333333333333,803019,803019,112.71619033813477,1.940887451171875,0.5270503458993374
DobermanPinscher_ContrastDistortion_1.ply,DobermanPinscher.ply,ContrastDistortion,21,3.82142857142857,722240,722240,102.01138758659363,1.7125358581542969,0.8319387220356131
DobermanPinscher_ContrastDistortion_2.ply,DobermanPinscher.ply,ContrastDistortion,21,3.17857142857143,722240,722240,102.12240767478943,1.7147903442382812,0.6759908216309284
DobermanPinscher_ContrastDistortion_3.ply,DobermanPinscher.ply,ContrastDistortion,21,2.93333333333333,722240,722240,101.80974507331848,1.7389945983886719,0.5463693155059004
DobermanPinscher_ContrastDistortion_4.ply,DobermanPinscher.ply,ContrastDistortion,21,2.66666666666667,722240,722240,101.59236812591553,1.6961402893066406,0.4424694434063252
DobermanPinscher_ContrastDistortion_5.ply,DobermanPinscher.ply,ContrastDistortion,21,2.86666666666667,722240,722240,101.67651605606079,1.7151222229003906,0.36961631701534914
DobermanPinscher_QuantizationNoise_1.ply,DobermanPinscher.ply,QuantizationNoise,11,4.28571428571429,722240,722240,101.649893283844,1.6934585571289062,0.656581067624798
DobermanPinscher_QuantizationNoise_3.ply,DobermanPinscher.ply,QuantizationNoise,11,3.53571428571429,722240,722240,101.98159098625183,1.7571334838867188,0.6007310991923094
DobermanPinscher_QuantizationNoise_4.ply,DobermanPinscher.ply,QuantizationNoise,11,3.78571428571429,722240,722240,101.86534762382507,1.7531471252441406,0.6213184417754151
DobermanPinscher_QuantizationNoise_5.ply,DobermanPinscher.ply,QuantizationNoise,11,3.53571428571429,722240,722240,102.03921222686768,1.7159233093261719,0.6213184417754151
DobermanPinscher_QuantizationNoise_7.ply,DobermanPinscher.ply,QuantizationNoise,11,3.1,722240,722240,102.12514424324036,1.7391738891601562,0.5173832248079171
Dolphin_ContrastDistortion_1.ply,Dolphin.ply,ContrastDistortion,21,3.67857142857143,768665,768665,110.77358675003052,1.9015045166015625,0.7861167464813104
Dolphin_ContrastDistortion_2.ply,Dolphin.ply,ContrastDistortion,21,3.03333333333333,768665,768665,110.87976932525635,1.8798904418945312,0.6352183585070956
Dolphin_ContrastDistortion_3.ply,Dolphin.ply,ContrastDistortion,21,2.32142857142857,768665,768665,110.97235107421875,1.8449592590332031,0.5424921332606903
Dolphin_ContrastDistortion_4.ply,Dolphin.ply,ContrastDistortion,21,2.0,768665,768665,110.41560649871826,1.8221015930175781,0.5102371863465008
Dolphin_ContrastDistortion_5.ply,Dolphin.ply,ContrastDistortion,21,1.85714285714286,768665,768665,126.06152939796448,1.8738822937011719,0.5040301546804522
Dolphin_RayleighNoise_1.ply,Dolphin.ply,RayleighNoise,25,4.17857142857143,768665,768665,113.77034997940063,1.8481521606445312,0.9266595728011235
Dolphin_RayleighNoise_3.ply,Dolphin.ply,RayleighNoise,25,3.42857142857143,768665,768665,110.87203168869019,1.8465423583984375,0.809041327370959
Dolphin_RayleighNoise_4.ply,Dolphin.ply,RayleighNoise,25,3.14285714285714,768665,768665,110.62218904495239,1.8522415161132812,0.7618315394252663
Dolphin_RayleighNoise_5.ply,Dolphin.ply,RayleighNoise,25,2.92857142857143,768665,768665,110.57968306541443,1.8687934875488281,0.721015102882925
Dolphin_RayleighNoise_7.ply,Dolphin.ply,RayleighNoise,25,2.46428571428571,768665,768665,110.51954889297485,1.876983642578125,0.6567918357193635
Dragon_LocalRotation_1.ply,Dragon.ply,LocalRotation,14,3.25,800000,800000,107.84559321403503,1.808837890625,0.9968409648677313
Dragon_LocalRotation_2.ply,Dragon.ply,LocalRotation,14,3.0625,800000,800000,107.99180698394775,1.8190078735351562,0.9967949726190011
Dragon_LocalRotation_3.ply,Dragon.ply,LocalRotation,14,1.21428571428571,800000,800000,108.43967032432556,1.7887420654296875,0.9873461227790524
Dragon_LocalRotation_4.ply,Dragon.ply,LocalRotation,14,1.13333333333333,800000,800000,108.89686489105225,1.8204345703125,0.9757434831746311
Dragon_LocalRotation_5.ply,Dragon.ply,LocalRotation,14,1.0,800000,800000,109.30300331115723,1.8183403015136719,0.9667248714167099
Duck_CorrelatedGaussianNoise_1.ply,Duck.ply,CorrelatedGaussianNoise,22,4.78571428571429,800000,800000,110.18680238723755,1.8339805603027344,0.9962307793747223
Duck_CorrelatedGaussianNoise_2.ply,Duck.ply,CorrelatedGaussianNoise,22,3.82142857142857,800000,800000,115.59946489334106,1.8196182250976562,0.9917778640224649
Duck_CorrelatedGaussianNoise_3.ply,Duck.ply,CorrelatedGaussianNoise,22,3.53125,800000,800000,115.12914514541626,1.8624076843261719,0.9867068992672038
Duck_CorrelatedGaussianNoise_4.ply,Duck.ply,CorrelatedGaussianNoise,22,3.21428571428571,800000,800000,114.47196507453918,1.8237228393554688,0.9806581025415531
Duck_CorrelatedGaussianNoise_5.ply,Duck.ply,CorrelatedGaussianNoise,22,3.125,800000,800000,118.77540874481201,1.8109703063964844,0.9732462140324375
Duck_RayleighNoise_1.ply,Duck.ply,RayleighNoise,25,4.5,800000,800000,109.91575765609741,1.8635635375976562,0.9574918188235549
Duck_RayleighNoise_3.ply,Duck.ply,RayleighNoise,25,3.25,800000,800000,111.27387619018555,1.8343009948730469,0.896235172893522
Duck_RayleighNoise_4.ply,Duck.ply,RayleighNoise,25,3.15625,800000,800000,115.709801197052,1.8338088989257812,0.8733100325153409
Duck_RayleighNoise_5.ply,Duck.ply,RayleighNoise,25,3.0,800000,800000,110.2814154624939,1.8807640075683594,0.8543835303166952
Duck_RayleighNoise_7.ply,Duck.ply,RayleighNoise,25,2.5,800000,800000,110.21920275688171,1.8539276123046875,0.8254067587370322
DuckV1_CorrelatedGaussianNoise_1.ply,DuckV1.ply,CorrelatedGaussianNoise,22,4.71428571428571,843229,843229,121.30454087257385,2.0001564025878906,0.9885912639376055
DuckV1_CorrelatedGaussianNoise_2.ply,DuckV1.ply,CorrelatedGaussianNoise,22,4.14285714285714,843229,843229,121.02796745300293,1.9958000183105469,0.9778287118557786
DuckV1_CorrelatedGaussianNoise_3.ply,DuckV1.ply,CorrelatedGaussianNoise,22,3.75,843229,843229,140.26009511947632,2.0220413208007812,0.968177490324292
DuckV1_CorrelatedGaussianNoise_4.ply,DuckV1.ply,CorrelatedGaussianNoise,22,3.39285714285714,843229,843229,120.6661012172699,2.0648460388183594,0.9582750116828452
DuckV1_CorrelatedGaussianNoise_5.ply,DuckV1.ply,CorrelatedGaussianNoise,22,3.16666666666667,843229,843229,121.02262425422668,2.0519332885742188,0.9476904262249536
DuckV1_reconstruction_3.ply,DuckV1.ply,reconstruction,4,3.82142857142857,843229,800000,120.08501052856445,2.062175750732422,0.9581372654228478
DuckV1_reconstruction_4.ply,DuckV1.ply,reconstruction,4,4.0,843229,800000,119.96675109863281,2.036975860595703,0.9577931931323406
DuckV1_reconstruction_5.ply,DuckV1.ply,reconstruction,4,3.73333333333333,843229,800000,120.04588198661804,2.0433807373046875,0.9559783582100297
DuckV1_reconstruction_6.ply,DuckV1.ply,reconstruction,4,3.6875,843229,800000,120.60003304481506,2.0292015075683594,0.9531192526138605
DuckV1_reconstruction_7.ply,DuckV1.ply,reconstruction,4,2.78571428571429,843229,800000,120.20539808273315,2.051197052001953,0.9429996332582309
EasternHognoseSnake_DownSample_3.ply,EasternHognoseSnake.ply,DownSample,26,4.53571428571429,797976,438887,114.32452249526978,1.9699668884277344,0.9837021904375064
EasternHognoseSnake_DownSample_4.ply,EasternHognoseSnake.ply,DownSample,26,4.13333333333333,797976,319190,113.85950660705566,1.9243812561035156,0.9758938579169816
EasternHognoseSnake_DownSample_5.ply,EasternHognoseSnake.ply,DownSample,26,3.96428571428571,797976,239393,113.3843743801117,1.9342117309570312,0.9690101750786227
EasternHognoseSnake_DownSample_6.ply,EasternHognoseSnake.ply,DownSample,26,3.33333333333333,797976,159595,114.36269640922546,1.9308128356933594,0.9597632995272721
EasternHognoseSnake_DownSample_7.ply,EasternHognoseSnake.ply,DownSample,26,2.9375,797976,79798,112.4314956665039,1.9349899291992188,0.9420173215032359
EmperorPenguin_DownSample_3.ply,EmperorPenguin.ply,DownSample,26,4.125,850193,467606,120.94384407997131,2.0809555053710938,0.9909959919800501
EmperorPenguin_DownSample_4.ply,EmperorPenguin.ply,DownSample,26,3.57142857142857,850193,340077,120.80343961715698,2.0254135131835938,0.9866748755472196
EmperorPenguin_DownSample_5.ply,EmperorPenguin.ply,DownSample,26,3.375,850193,255058,120.97775053977966,2.0053977966308594,0.9828137861442838
EmperorPenguin_DownSample_6.ply,EmperorPenguin.ply,DownSample,26,3.0,850193,170039,122.8471667766571,2.054149627685547,0.9775518953295756
EmperorPenguin_DownSample_7.ply,EmperorPenguin.ply,DownSample,26,2.78571428571429,850193,85019,119.98802876472473,2.050312042236328,0.965908487843755
exercise_losslessG-lossyA_3.ply,exercise.ply,losslessG-lossyA,17,4.82142857142857,814277,814277,114.03110027313232,1.9717140197753906,0.9971721141667049
exercise_losslessG-lossyA_4.ply,exercise.ply,losslessG-lossyA,17,3.5,814277,814277,119.90333390235901,2.0035552978515625,0.9889964729294266
exercise_losslessG-lossyA_5.ply,exercise.ply,losslessG-lossyA,17,3.40625,814277,814277,114.01184678077698,1.9552345275878906,0.9680722743732184
exercise_losslessG-lossyA_6.ply,exercise.ply,losslessG-lossyA,17,2.71875,814277,814277,114.28528046607971,1.9517936706542969,0.9379986504941054
exercise_losslessG-lossyA_7.ply,exercise.ply,losslessG-lossyA,17,2.17857142857143,814277,814277,113.97195196151733,1.9559135437011719,0.8983307330775635
exercise_lossy-geom-lossy-attrs_3.ply,exercise.ply,lossy-geom-lossy-attrs,27,4.67857142857143,814277,686981,114.64747357368469,1.9408950805664062,0.9916972661054524
exercise_lossy-geom-lossy-attrs_4.ply,exercise.ply,lossy-geom-lossy-attrs,27,3.85714285714286,814277,527498,114.70257210731506,2.0220108032226562,0.9867428838998882
exercise_lossy-geom-lossy-attrs_5.ply,exercise.ply,lossy-geom-lossy-attrs,27,3.28571428571429,814277,192825,114.39167904853821,1.9899101257324219,0.9741942466054246
exercise_lossy-geom-lossy-attrs_6.ply,exercise.ply,lossy-geom-lossy-attrs,27,2.67857142857143,814277,52192,114.05163288116455,1.9342117309570312,0.9531601833853892
exercise_lossy-geom-lossy-attrs_7.ply,exercise.ply,lossy-geom-lossy-attrs,27,1.60714285714286,814277,13467,114.16564011573792,1.951385498046875,0.9247169205379265
exercise_RayleighNoise_1.ply,exercise.ply,RayleighNoise,25,4.17857142857143,814277,814277,125.5237066745758,1.9703903198242188,0.8949525248080319
exercise_RayleighNoise_3.ply,exercise.ply,RayleighNoise,25,3.3125,814277,814277,119.30040621757507,2.0119590759277344,0.7523024776600361
exercise_RayleighNoise_4.ply,exercise.ply,RayleighNoise,25,2.89285714285714,814277,814277,118.99144768714905,2.003894805908203,0.7007128749329681
exercise_RayleighNoise_5.ply,exercise.ply,RayleighNoise,25,2.71428571428571,814277,814277,117.7521710395813,1.9729728698730469,0.6580778498422399
exercise_RayleighNoise_7.ply,exercise.ply,RayleighNoise,25,2.39285714285714,814277,814277,114.67789697647095,2.003681182861328,0.5942917560367759
Facade00009_GaussianNoise_1.ply,Facade00009.ply,GaussianNoise,19,3.57142857142857,801495,801495,113.38225388526917,1.87579345703125,0.9878201939386246
Facade00009_GaussianNoise_3.ply,Facade00009.ply,GaussianNoise,19,3.03571428571429,801495,801495,113.78012752532959,1.954864501953125,0.9773677883539119
Facade00009_GaussianNoise_4.ply,Facade00009.ply,GaussianNoise,19,3.0,801495,801495,113.5158200263977,1.9174880981445312,0.9690273460083161
Facade00009_GaussianNoise_5.ply,Facade00009.ply,GaussianNoise,19,2.96875,801495,801495,115.57376480102539,1.9103775024414062,0.9578725209439641
Facade00009_GaussianNoise_7.ply,Facade00009.ply,GaussianNoise,19,2.0,801495,801495,113.57519340515137,1.9116744995117188,0.9251675433626909
Facade00009_LocalLoss_1.ply,Facade00009.ply,LocalLoss,28,3.16666666666667,801495,777522,113.14329171180725,1.9208106994628906,0.9937368639700739
Facade00009_LocalLoss_2.ply,Facade00009.ply,LocalLoss,28,2.67857142857143,801495,708255,113.24461197853088,1.9474945068359375,0.9796713821010374
Facade00009_LocalLoss_3.ply,Facade00009.ply,LocalLoss,28,2.15625,801495,610853,113.53429985046387,1.9409675598144531,0.9626067183237561
Facade00009_LocalLoss_4.ply,Facade00009.ply,LocalLoss,28,1.67857142857143,801495,526419,113.40775108337402,1.917083740234375,0.9403109464905199
Facade00009_LocalLoss_5.ply,Facade00009.ply,LocalLoss,28,1.59375,801495,467979,113.47943687438965,1.9347724914550781,0.928134187827906
Facade00009_losslessG-limitlossyA_3.ply,Facade00009.ply,losslessG-limitlossyA,10,4.46428571428571,801495,801495,113.66909193992615,1.8870468139648438,0.9989170949128234
Facade00009_losslessG-limitlossyA_4.ply,Facade00009.ply,losslessG-limitlossyA,10,4.6,801495,801495,113.78039169311523,1.915863037109375,0.9973985868511456
Facade00009_losslessG-limitlossyA_5.ply,Facade00009.ply,losslessG-limitlossyA,10,4.46666666666667,801495,801495,113.65481758117676,1.9029579162597656,0.9915480965566158
Facade00009_losslessG-limitlossyA_6.ply,Facade00009.ply,losslessG-limitlossyA,10,4.16666666666667,801495,801495,113.36288118362427,1.9278221130371094,0.9846484473586425
Facade00009_losslessG-limitlossyA_7.ply,Facade00009.ply,losslessG-limitlossyA,10,4.03571428571429,801495,801495,115.1058669090271,1.9165382385253906,0.9725041479853361
Facade00009_RayleighNoise_1.ply,Facade00009.ply,RayleighNoise,25,4.375,801495,801495,113.59392642974854,1.9510955810546875,0.9305497443381622
Facade00009_RayleighNoise_3.ply,Facade00009.ply,RayleighNoise,25,3.57142857142857,801495,801495,115.7038311958313,1.9021987915039062,0.8235523318249149
Facade00009_RayleighNoise_4.ply,Facade00009.ply,RayleighNoise,25,3.0,801495,801495,113.00782322883606,1.9267044067382812,0.7814756866166913
Facade00009_RayleighNoise_5.ply,Facade00009.ply,RayleighNoise,25,2.89285714285714,801495,801495,112.99692940711975,1.9345245361328125,0.7457928802730179
Facade00009_RayleighNoise_7.ply,Facade00009.ply,RayleighNoise,25,2.53571428571429,801495,801495,113.38954448699951,1.8959007263183594,0.6914247584096233
Facade00009_reconstruction_3.ply,Facade00009.ply,reconstruction,4,2.78571428571429,801495,800000,112.55633592605591,1.8801345825195312,0.9495310354896109
Facade00009_reconstruction_4.ply,Facade00009.ply,reconstruction,4,2.64285714285714,801495,800000,112.71375393867493,1.8868827819824219,0.950430791605927
Facade00009_reconstruction_5.ply,Facade00009.ply,reconstruction,4,2.35714285714286,801495,800000,113.33141994476318,1.9178466796875,0.9504871543629014
Facade00009_reconstruction_6.ply,Facade00009.ply,reconstruction,4,2.5,801495,800000,112.96442151069641,1.9204864501953125,0.9510333715601835
Facade00009_reconstruction_7.ply,Facade00009.ply,reconstruction,4,2.10714285714286,801495,800000,113.39962387084961,1.9277992248535156,0.9469499595093741
Facade00064_GaussianNoise_1.ply,Facade00064.ply,GaussianNoise,19,2.82142857142857,793651,793651,129.56153964996338,1.9551429748535156,0.9924482140692099
Facade00064_GaussianNoise_3.ply,Facade00064.ply,GaussianNoise,19,2.5,793651,793651,113.607914686203,1.88720703125,0.9880908309581296
Facade00064_GaussianNoise_4.ply,Facade00064.ply,GaussianNoise,19,1.7,793651,793651,113.66086387634277,1.9765510559082031,0.9850911841011156
Facade00064_GaussianNoise_5.ply,Facade00064.ply,GaussianNoise,19,2.0,793651,793651,113.44585871696472,1.9220466613769531,0.9816504545884673
Facade00064_GaussianNoise_7.ply,Facade00064.ply,GaussianNoise,19,1.5,793651,793651,113.59538078308105,1.9276123046875,0.9729398476821898
Facade00064_LocalOffset_1.ply,Facade00064.ply,LocalOffset,13,2.39285714285714,793651,793651,114.11939716339111,1.8922233581542969,0.9931659012584431
Facade00064_LocalOffset_2.ply,Facade00064.ply,LocalOffset,13,2.26666666666667,793651,793651,114.81901264190674,1.8947639465332031,0.9881118387932205
Facade00064_LocalOffset_3.ply,Facade00064.ply,LocalOffset,13,1.92857142857143,793651,793651,114.58047127723694,1.9401588439941406,0.9782551528849905
Facade00064_LocalOffset_4.ply,Facade00064.ply,LocalOffset,13,1.56666666666667,793651,793651,115.24665307998657,1.9433174133300781,0.971063364193284
Facade00064_LocalOffset_5.ply,Facade00064.ply,LocalOffset,13,1.21428571428571,793651,793651,122.2202959060669,1.9401397705078125,0.966804962862425
Facade00064_LocalRotation_1.ply,Facade00064.ply,LocalRotation,14,2.40625,793651,793651,114.48922395706177,1.9405517578125,0.9957187744377382
Facade00064_LocalRotation_2.ply,Facade00064.ply,LocalRotation,14,1.46428571428571,793651,793651,114.54345726966858,1.8487281799316406,0.9897528212237685
Facade00064_LocalRotation_3.ply,Facade00064.ply,LocalRotation,14,1.57142857142857,793651,793651,114.92710995674133,1.8778114318847656,0.98048558365153
Facade00064_LocalRotation_4.ply,Facade00064.ply,LocalRotation,14,1.03571428571429,793651,793651,115.0547411441803,1.9231529235839844,0.9763263106588335
Facade00064_LocalRotation_5.ply,Facade00064.ply,LocalRotation,14,1.07142857142857,793651,793651,115.18915271759033,1.9312362670898438,0.9763263106588335
Facade00064_losslessG-limitlossyA_3.ply,Facade00064.ply,losslessG-limitlossyA,10,4.66666666666667,793651,793651,113.18982243537903,1.8915023803710938,0.9993552219187808
Facade00064_losslessG-limitlossyA_4.ply,Facade00064.ply,losslessG-limitlossyA,10,4.53571428571429,793651,793651,113.69105982780457,1.972259521484375,0.9986668891466047
Facade00064_losslessG-limitlossyA_5.ply,Facade00064.ply,losslessG-limitlossyA,10,3.82142857142857,793651,793651,113.27656602859497,1.8955230712890625,0.9952718865521462
Facade00064_losslessG-limitlossyA_6.ply,Facade00064.ply,losslessG-limitlossyA,10,3.21428571428571,793651,793651,113.04283595085144,1.914093017578125,0.9898640076657881
Facade00064_losslessG-limitlossyA_7.ply,Facade00064.ply,losslessG-limitlossyA,10,1.875,793651,793651,113.62192678451538,1.901641845703125,0.9806247748789153
Facade00064_RayleighNoise_1.ply,Facade00064.ply,RayleighNoise,25,4.06666666666667,793651,793651,115.30195450782776,1.9454002380371094,0.9538547406670913
Facade00064_RayleighNoise_3.ply,Facade00064.ply,RayleighNoise,25,2.67857142857143,793651,793651,114.03948640823364,1.9573097229003906,0.873500999840258
Facade00064_RayleighNoise_4.ply,Facade00064.ply,RayleighNoise,25,2.71875,793651,793651,113.46615958213806,1.8917312622070312,0.839170192265303
Facade00064_RayleighNoise_5.ply,Facade00064.ply,RayleighNoise,25,2.33333333333333,793651,793651,114.08655548095703,1.9323348999023438,0.809295921044816
Facade00064_RayleighNoise_7.ply,Facade00064.ply,RayleighNoise,25,1.92857142857143,793651,793651,114.31097364425659,1.9209327697753906,0.765503199717826
Fish_GammaNoise_1.ply,Fish.ply,GammaNoise,2,3.53571428571429,798030,798030,100.27344584465027,1.6094436645507812,0.8950423592754273
Fish_GammaNoise_3.ply,Fish.ply,GammaNoise,2,3.33333333333333,798030,798030,99.95476484298706,1.6148033142089844,0.8599701815862021
Fish_GammaNoise_4.ply,Fish.ply,GammaNoise,2,3.0,798030,798030,100.82382225990295,1.6098556518554688,0.8429358317357294
Fish_GammaNoise_5.ply,Fish.ply,GammaNoise,2,3.06666666666667,798030,798030,100.2973301410675,1.624908447265625,0.8219807360382616
Fish_GammaNoise_7.ply,Fish.ply,GammaNoise,2,2.39285714285714,798030,798030,100.53093528747559,1.6393318176269531,0.7643444498473032
Fish_reconstruction_3.ply,Fish.ply,reconstruction,4,4.13333333333333,798030,800000,101.46871614456177,1.6333389282226562,0.9788482150078358
Fish_reconstruction_4.ply,Fish.ply,reconstruction,4,4.25,798030,800000,100.66602301597595,1.6103248596191406,0.9792525099536874
Fish_reconstruction_5.ply,Fish.ply,reconstruction,4,4.0,798030,800000,101.10447239875793,1.6071014404296875,0.978851060491635
Fish_reconstruction_6.ply,Fish.ply,reconstruction,4,4.03333333333333,798030,800000,100.25475764274597,1.602783203125,0.9782597982649865
Fish_reconstruction_7.ply,Fish.ply,reconstruction,4,3.6875,798030,800000,101.03618931770325,1.6073837280273438,0.9743532188669237
FishV1_GammaNoise_1.ply,FishV1.ply,GammaNoise,2,3.5,808618,808618,116.31064033508301,1.9744682312011719,0.9054899100999625
FishV1_GammaNoise_3.ply,FishV1.ply,GammaNoise,2,3.67857142857143,808618,808618,115.81959247589111,1.9970474243164062,0.8754678405426545
FishV1_GammaNoise_4.ply,FishV1.ply,GammaNoise,2,3.23333333333333,808618,808618,115.9817419052124,1.9306716918945312,0.8611392310345083
FishV1_GammaNoise_5.ply,FishV1.ply,GammaNoise,2,3.0,808618,808618,117.00288486480713,1.9255485534667969,0.8441453367316889
FishV1_GammaNoise_7.ply,FishV1.ply,GammaNoise,2,2.92857142857143,808618,808618,126.22301840782166,1.9799613952636719,0.7992182988071723
FishV1_SaltpepperNoise_1.ply,FishV1.ply,SaltpepperNoise,15,3.84375,808618,808618,116.062180519104,1.9849319458007812,0.9937283518100102
FishV1_SaltpepperNoise_3.ply,FishV1.ply,SaltpepperNoise,15,2.92857142857143,808618,808618,116.00365734100342,1.9710693359375,0.9803953822859063
FishV1_SaltpepperNoise_4.ply,FishV1.ply,SaltpepperNoise,15,3.32142857142857,808618,808618,115.89294028282166,1.9636650085449219,0.9725284943355406
FishV1_SaltpepperNoise_5.ply,FishV1.ply,SaltpepperNoise,15,2.96428571428571,808618,808618,116.48603367805481,1.919830322265625,0.964909795280158
FishV1_SaltpepperNoise_7.ply,FishV1.ply,SaltpepperNoise,15,2.89285714285714,808618,808618,116.69953751564026,1.9938468933105469,0.9497081744677537
GermanBoxer_GaussianNoise_1.ply,GermanBoxer.ply,GaussianNoise,19,4.03571428571429,738056,738056,104.10785055160522,1.7441787719726562,0.9882114463491243
GermanBoxer_GaussianNoise_3.ply,GermanBoxer.ply,GaussianNoise,19,3.32142857142857,738056,738056,104.31480765342712,1.7593269348144531,0.9802525114973504
GermanBoxer_GaussianNoise_4.ply,GermanBoxer.ply,GaussianNoise,19,3.10714285714286,738056,738056,109.93668484687805,1.7437820434570312,0.9733545729996671
GermanBoxer_GaussianNoise_5.ply,GermanBoxer.ply,GaussianNoise,19,3.21875,738056,738056,104.22518229484558,1.7371597290039062,0.9639695819614656
GermanBoxer_GaussianNoise_7.ply,GermanBoxer.ply,GaussianNoise,19,2.875,738056,738056,104.645498752594,1.772247314453125,0.929407379911975
GermanBoxer_SaltpepperNoise_1.ply,GermanBoxer.ply,SaltpepperNoise,15,3.63333333333333,738056,738056,104.60638499259949,1.7206954956054688,0.9857272996610814
GermanBoxer_SaltpepperNoise_3.ply,GermanBoxer.ply,SaltpepperNoise,15,2.90625,738056,738056,104.49791097640991,1.7334938049316406,0.9525320029573285
GermanBoxer_SaltpepperNoise_4.ply,GermanBoxer.ply,SaltpepperNoise,15,2.85714285714286,738056,738056,104.46079611778259,1.7393226623535156,0.9338704766120464
GermanBoxer_SaltpepperNoise_5.ply,GermanBoxer.ply,SaltpepperNoise,15,2.53571428571429,738056,738056,110.1779477596283,1.7616920471191406,0.9175946186725075
GermanBoxer_SaltpepperNoise_7.ply,GermanBoxer.ply,SaltpepperNoise,15,2.5,738056,738056,104.50968837738037,1.7618293762207031,0.886964093955586
Handcream_C2AI-lossy-geom-lossy-attrs_3.ply,Handcream.ply,C2AI-lossy-geom-lossy-attrs,12,4.35714285714286,800000,526580,120.06653189659119,1.7811813354492188,0.990891246504093
Handcream_C2AI-lossy-geom-lossy-attrs_4.ply,Handcream.ply,C2AI-lossy-geom-lossy-attrs,12,4.25,800000,498992,103.91873526573181,1.7594490051269531,0.9881575084261214
Handcream_C2AI-lossy-geom-lossy-attrs_5.ply,Handcream.ply,C2AI-lossy-geom-lossy-attrs,12,3.92857142857143,800000,493752,104.69931721687317,1.7392196655273438,0.986753140103514
Handcream_C2AI-lossy-geom-lossy-attrs_6.ply,Handcream.ply,C2AI-lossy-geom-lossy-attrs,12,3.43333333333333,800000,491570,104.68604469299316,1.7599906921386719,0.9810163346154752
Handcream_C2AI-lossy-geom-lossy-attrs_7.ply,Handcream.ply,C2AI-lossy-geom-lossy-attrs,12,2.60714285714286,800000,487472,104.49892711639404,1.7458648681640625,0.9742070183182193
Handcream_ColorNoise_3.ply,Handcream.ply,ColorNoise,20,4.21875,800000,800000,104.1922504901886,1.7312507629394531,0.997085378870926
Handcream_ColorNoise_4.ply,Handcream.ply,ColorNoise,20,3.39285714285714,800000,800000,103.30653238296509,1.7358322143554688,0.995213361492126
Handcream_ColorNoise_5.ply,Handcream.ply,ColorNoise,20,3.53333333333333,800000,800000,104.27694869041443,1.7735519409179688,0.9928714454339147
Handcream_ColorNoise_6.ply,Handcream.ply,ColorNoise,20,3.3,800000,800000,104.16027116775513,1.7534294128417969,0.9901223663623594
Handcream_ColorNoise_7.ply,Handcream.ply,ColorNoise,20,3.25,800000,800000,103.2912118434906,1.7113800048828125,0.9871081260097503
Handcream_lossless-geom-lossy-attrs_3.ply,Handcream.ply,lossless-geom-lossy-attrs,7,4.60714285714286,800000,800000,103.88702988624573,1.7503013610839844,0.9969470150631227
Handcream_lossless-geom-lossy-attrs_4.ply,Handcream.ply,lossless-geom-lossy-attrs,7,4.5,800000,800000,109.33944153785706,1.7475357055664062,0.9953719847702268
Handcream_lossless-geom-lossy-attrs_5.ply,Handcream.ply,lossless-geom-lossy-attrs,7,4.06666666666667,800000,800000,103.55535650253296,1.7480659484863281,0.9929991499550495
Handcream_lossless-geom-lossy-attrs_6.ply,Handcream.ply,lossless-geom-lossy-attrs,7,3.5,800000,800000,103.8861722946167,1.7139625549316406,0.9898322952975911
Handcream_lossless-geom-lossy-attrs_7.ply,Handcream.ply,lossless-geom-lossy-attrs,7,3.17857142857143,800000,800000,103.74966979026794,1.7396316528320312,0.9840728142078462
Handcream_LumaNoise_1.ply,Handcream.ply,LumaNoise,6,4.3125,800000,800000,104.17883539199829,1.7342071533203125,0.9264231269570488
Handcream_LumaNoise_3.ply,Handcream.ply,LumaNoise,6,3.64285714285714,800000,800000,103.65324568748474,1.7496109008789062,0.8045158573121871
Handcream_LumaNoise_4.ply,Handcream.ply,LumaNoise,6,3.03333333333333,800000,800000,104.0036027431488,1.7557830810546875,0.7765143573959475
Handcream_LumaNoise_5.ply,Handcream.ply,LumaNoise,6,2.76666666666667,800000,800000,103.97739744186401,1.7721061706542969,0.7567889792014901
Handcream_LumaNoise_7.ply,Handcream.ply,LumaNoise,6,2.03571428571429,800000,800000,103.9238748550415,1.7403068542480469,0.738950827411385
HearNoEvilMonkey_GaussianShifting_1.ply,HearNoEvilMonkey.ply,GaussianShifting,23,4.73333333333333,739997,739997,110.34632158279419,1.8277511596679688,0.9948082831312891
HearNoEvilMonkey_GaussianShifting_2.ply,HearNoEvilMonkey.ply,GaussianShifting,23,3.32142857142857,739997,739997,107.42196750640869,1.7787208557128906,0.990187678945542
HearNoEvilMonkey_GaussianShifting_3.ply,HearNoEvilMonkey.ply,GaussianShifting,23,3.0625,739997,739997,107.63566780090332,1.7749786376953125,0.9845150664873734
HearNoEvilMonkey_GaussianShifting_4.ply,HearNoEvilMonkey.ply,GaussianShifting,23,2.67857142857143,739997,739997,107.71251320838928,1.780120849609375,0.9782669887620459
HearNoEvilMonkey_GaussianShifting_5.ply,HearNoEvilMonkey.ply,GaussianShifting,23,2.78571428571429,739997,739997,107.0089282989502,1.8032341003417969,0.97193391423431
HearNoEvilMonkey_SaturationDistortion_1.ply,HearNoEvilMonkey.ply,SaturationDistortion,29,4.28125,739997,739997,106.87105917930603,1.7995414733886719,0.9967573213835818
HearNoEvilMonkey_SaturationDistortion_2.ply,HearNoEvilMonkey.ply,SaturationDistortion,29,4.09375,739997,739997,106.81371331214905,1.7969398498535156,0.9865452096963638
HearNoEvilMonkey_SaturationDistortion_3.ply,HearNoEvilMonkey.ply,SaturationDistortion,29,3.5,739997,739997,106.90476727485657,1.7956466674804688,0.9813681547353643
HearNoEvilMonkey_SaturationDistortion_4.ply,HearNoEvilMonkey.ply,SaturationDistortion,29,2.71428571428571,739997,739997,106.47481083869934,1.7839927673339844,0.9743730025363023
HearNoEvilMonkey_SaturationDistortion_5.ply,HearNoEvilMonkey.ply,SaturationDistortion,29,2.78125,739997,739997,106.775719165802,1.8072509765625,0.9716901206058821
Horse_GaussianNoise_1.ply,Horse.ply,GaussianNoise,19,3.40625,800000,800000,112.22398281097412,1.9159622192382812,0.9904276213335859
Horse_GaussianNoise_3.ply,Horse.ply,GaussianNoise,19,2.96875,800000,800000,112.56069898605347,1.8864707946777344,0.9828505332978567
Horse_GaussianNoise_4.ply,Horse.ply,GaussianNoise,19,2.875,800000,800000,111.92448401451111,1.8939552307128906,0.9765196176395752
Horse_GaussianNoise_5.ply,Horse.ply,GaussianNoise,19,2.35714285714286,800000,800000,112.60213208198547,1.9315109252929688,0.9676729357244334
Horse_GaussianNoise_7.ply,Horse.ply,GaussianNoise,19,1.67857142857143,800000,800000,112.41976618766785,1.8765640258789062,0.9441999233467039
Horse_SaturationDistortion_1.ply,Horse.ply,SaturationDistortion,29,4.53571428571429,800000,800000,112.73326396942139,1.8698806762695312,0.9958087298167022
Horse_SaturationDistortion_2.ply,Horse.ply,SaturationDistortion,29,3.64285714285714,800000,800000,112.54068565368652,1.938018798828125,0.9915820191618309
Horse_SaturationDistortion_3.ply,Horse.ply,SaturationDistortion,29,2.75,800000,800000,112.62162160873413,1.9237785339355469,0.9871335286393745
Horse_SaturationDistortion_4.ply,Horse.ply,SaturationDistortion,29,2.5,800000,800000,112.1729965209961,1.86370849609375,0.9832792678763418
Horse_SaturationDistortion_5.ply,Horse.ply,SaturationDistortion,29,2.5625,800000,800000,112.65815854072571,1.9264030456542969,0.9785961245413253
HorseV2_GaussianShifting_1.ply,HorseV2.ply,GaussianShifting,23,4.92857142857143,855438,855438,122.02410864830017,2.0335922241210938,0.9955230373749228
HorseV2_GaussianShifting_2.ply,HorseV2.ply,GaussianShifting,23,3.6875,855438,855438,122.359947681427,2.0494613647460938,0.9884770301732907
HorseV2_GaussianShifting_3.ply,HorseV2.ply,GaussianShifting,23,3.4375,855438,855438,122.64399027824402,2.0419692993164062,0.979631334415101
HorseV2_GaussianShifting_4.ply,HorseV2.ply,GaussianShifting,23,3.0,855438,855438,122.53143310546875,2.061553955078125,0.9706734835722949
HorseV2_GaussianShifting_5.ply,HorseV2.ply,GaussianShifting,23,2.82142857142857,855438,855438,122.29060792922974,2.056903839111328,0.9629389123041031
HorseV2_UniformNoise_1.ply,HorseV2.ply,UniformNoise,30,4.78571428571429,855438,855438,121.96176028251648,2.0499839782714844,0.9935853461941094
HorseV2_UniformNoise_3.ply,HorseV2.ply,UniformNoise,30,4.03571428571429,855438,855438,121.9787814617157,2.0167160034179688,0.9775426804134424
HorseV2_UniformNoise_4.ply,HorseV2.ply,UniformNoise,30,3.9375,855438,855438,122.18764448165894,2.052906036376953,0.9680807177908267
HorseV2_UniformNoise_5.ply,HorseV2.ply,UniformNoise,30,3.78125,855438,855438,121.56239867210388,2.0593299865722656,0.9576800492012147
HorseV2_UniformNoise_7.ply,HorseV2.ply,UniformNoise,30,3.21428571428571,855438,855438,121.82643866539001,2.0181045532226562,0.9328465237700394
HouseWithoutRoof_GaussianShifting_1.ply,HouseWithoutRoof.ply,GaussianShifting,23,4.03333333333333,604212,604212,85.16755032539368,1.4433174133300781,0.996268230526802
HouseWithoutRoof_GaussianShifting_2.ply,HouseWithoutRoof.ply,GaussianShifting,23,3.23333333333333,604212,604212,91.9980742931366,1.4517669677734375,0.9920685001948476
HouseWithoutRoof_GaussianShifting_3.ply,HouseWithoutRoof.ply,GaussianShifting,23,2.76666666666667,604212,604212,85.82329273223877,1.483306884765625,0.9863591170537093
HouseWithoutRoof_GaussianShifting_4.ply,HouseWithoutRoof.ply,GaussianShifting,23,2.64285714285714,604212,604212,85.90471076965332,1.4865531921386719,0.980306528514054
HouseWithoutRoof_GaussianShifting_5.ply,HouseWithoutRoof.ply,GaussianShifting,23,2.26666666666667,604212,604212,86.07158422470093,1.4517326354980469,0.9743981770833345
HouseWithoutRoof_LocalLoss_1.ply,HouseWithoutRoof.ply,LocalLoss,28,4.0625,604212,571844,85.43723821640015,1.4555511474609375,0.9966671816153313
HouseWithoutRoof_LocalLoss_2.ply,HouseWithoutRoof.ply,LocalLoss,28,3.63333333333333,604212,549394,84.67543530464172,1.4937934875488281,0.991293535602844
HouseWithoutRoof_LocalLoss_3.ply,HouseWithoutRoof.ply,LocalLoss,28,2.32142857142857,604212,480707,85.05144095420837,1.4575767517089844,0.9720914926846114
HouseWithoutRoof_LocalLoss_4.ply,HouseWithoutRoof.ply,LocalLoss,28,2.3,604212,454823,85.00153160095215,1.5368537902832031,0.9691948973266681
HouseWithoutRoof_LocalLoss_5.ply,HouseWithoutRoof.ply,LocalLoss,28,2.1,604212,415843,84.8988606929779,1.464141845703125,0.9609804650583617
HouseWithoutRoof_losslessG-lossyA_3.ply,HouseWithoutRoof.ply,losslessG-lossyA,17,4.60714285714286,604212,604212,84.17756962776184,1.4471549987792969,0.998751324156031
HouseWithoutRoof_losslessG-lossyA_4.ply,HouseWithoutRoof.ply,losslessG-lossyA,17,4.4,604212,604212,85.38446545600891,1.4871101379394531,0.9958336736394967
HouseWithoutRoof_losslessG-lossyA_5.ply,HouseWithoutRoof.ply,losslessG-lossyA,17,3.96666666666667,604212,604212,91.86819529533386,1.4891166687011719,0.985911919199037
HouseWithoutRoof_losslessG-lossyA_6.ply,HouseWithoutRoof.ply,losslessG-lossyA,17,3.03333333333333,604212,604212,84.53672075271606,1.4493141174316406,0.9781662926310856
HouseWithoutRoof_losslessG-lossyA_7.ply,HouseWithoutRoof.ply,losslessG-lossyA,17,2.78571428571429,604212,604212,84.49288034439087,1.4745330810546875,0.9541945411093158
HouseWithoutRoof_QuantizationNoise_1.ply,HouseWithoutRoof.ply,QuantizationNoise,11,4.1875,604212,604212,85.46878743171692,1.496795654296875,0.9455303190092517
HouseWithoutRoof_QuantizationNoise_3.ply,HouseWithoutRoof.ply,QuantizationNoise,11,3.78571428571429,604212,604212,84.61256170272827,1.4863739013671875,0.9298533629617133
HouseWithoutRoof_QuantizationNoise_4.ply,HouseWithoutRoof.ply,QuantizationNoise,11,3.35714285714286,604212,604212,84.67964816093445,1.4593887329101562,0.9071531325326952
HouseWithoutRoof_QuantizationNoise_5.ply,HouseWithoutRoof.ply,QuantizationNoise,11,3.64285714285714,604212,604212,84.51809668540955,1.4896469116210938,0.9071531325326952
HouseWithoutRoof_QuantizationNoise_7.ply,HouseWithoutRoof.ply,QuantizationNoise,11,2.96666666666667,604212,604212,84.44970345497131,1.4483604431152344,0.8276493481472296
Jaguar_UniformNoise_1.ply,Jaguar.ply,UniformNoise,30,4.92857142857143,800000,800000,109.2790298461914,1.7392654418945312,0.998873924508557
Jaguar_UniformNoise_3.ply,Jaguar.ply,UniformNoise,30,3.76666666666667,800000,800000,102.52700757980347,1.7355575561523438,0.9965159958342682
Jaguar_UniformNoise_4.ply,Jaguar.ply,UniformNoise,30,3.64285714285714,800000,800000,102.02139806747437,1.6972122192382812,0.9950721353505361
Jaguar_UniformNoise_5.ply,Jaguar.ply,UniformNoise,30,3.28571428571429,800000,800000,102.1332175731659,1.7382736206054688,0.9934309299783147
Jaguar_UniformNoise_7.ply,Jaguar.ply,UniformNoise,30,3.32142857142857,800000,800000,102.2262065410614,1.6928329467773438,0.9894560346165012
jetanima_MultiplicativeGaussianNoise_1.ply,jetanima.ply,MultiplicativeGaussianNoise,3,3.5,800000,800000,100.23407626152039,1.6945724487304688,0.9493068190999774
jetanima_MultiplicativeGaussianNoise_3.ply,jetanima.ply,MultiplicativeGaussianNoise,3,3.32142857142857,800000,800000,100.32418489456177,1.6593170166015625,0.9053358148542571
jetanima_MultiplicativeGaussianNoise_4.ply,jetanima.ply,MultiplicativeGaussianNoise,3,2.82142857142857,800000,800000,104.1887698173523,1.6574630737304688,0.8842565384430182
jetanima_MultiplicativeGaussianNoise_5.ply,jetanima.ply,MultiplicativeGaussianNoise,3,2.9,800000,800000,100.2499086856842,1.6499671936035156,0.8658631800766471
jetanima_MultiplicativeGaussianNoise_7.ply,jetanima.ply,MultiplicativeGaussianNoise,3,2.32142857142857,800000,800000,100.12915897369385,1.6698684692382812,0.816814949751704
jetanima_UniformShifting_1.ply,jetanima.ply,UniformShifting,31,4.39285714285714,800000,800000,101.03831672668457,1.7018089294433594,0.9989234403473953
jetanima_UniformShifting_2.ply,jetanima.ply,UniformShifting,31,3.6,800000,800000,101.63963985443115,1.6382598876953125,0.997345652302232
jetanima_UniformShifting_3.ply,jetanima.ply,UniformShifting,31,3.03571428571429,800000,800000,101.67423105239868,1.6563224792480469,0.9954914381076297
jetanima_UniformShifting_4.ply,jetanima.ply,UniformShifting,31,2.59375,800000,800000,101.84443593025208,1.6964607238769531,0.9933131221135286
jetanima_UniformShifting_5.ply,jetanima.ply,UniformShifting,31,2.5625,800000,800000,101.62307405471802,1.6584320068359375,0.9906958791714298
Kangaroo_lossless-geom-lossy-attrs_3.ply,Kangaroo.ply,lossless-geom-lossy-attrs,7,4.82142857142857,837025,837025,119.29658722877502,2.0165252685546875,0.9912925700922298
Kangaroo_lossless-geom-lossy-attrs_4.ply,Kangaroo.ply,lossless-geom-lossy-attrs,7,4.8125,837025,837025,119.45339322090149,1.9885826110839844,0.9887509713053684
Kangaroo_lossless-geom-lossy-attrs_5.ply,Kangaroo.ply,lossless-geom-lossy-attrs,7,4.78125,837025,837025,119.28324818611145,1.9741630554199219,0.9852577502432919
Kangaroo_lossless-geom-lossy-attrs_6.ply,Kangaroo.ply,lossless-geom-lossy-attrs,7,4.03571428571429,837025,837025,119.39750719070435,1.9936332702636719,0.98031552488543
Kangaroo_lossless-geom-lossy-attrs_7.ply,Kangaroo.ply,lossless-geom-lossy-attrs,7,3.85714285714286,837025,837025,119.41700077056885,2.0097808837890625,0.9738999555416503
Kangaroo_UniformShifting_1.ply,Kangaroo.ply,UniformShifting,31,4.03571428571429,837025,837025,120.73420310020447,2.0346412658691406,0.997238191401956
Kangaroo_UniformShifting_2.ply,Kangaroo.ply,UniformShifting,31,3.64285714285714,837025,837025,120.90533804893494,2.075275421142578,0.9931659669279245
Kangaroo_UniformShifting_3.ply,Kangaroo.ply,UniformShifting,31,3.03571428571429,837025,837025,122.3549792766571,2.0481338500976562,0.9887813437241975
Kangaroo_UniformShifting_4.ply,Kangaroo.ply,UniformShifting,31,2.71875,837025,837025,120.32560467720032,2.0152320861816406,0.9841525486560283
Kangaroo_UniformShifting_5.ply,Kangaroo.ply,UniformShifting,31,2.57142857142857,837025,837025,124.29068088531494,2.03045654296875,0.9790128187077799
longdress_losslessG-lossyA_3.ply,longdress.ply,losslessG-lossyA,17,4.78571428571429,857966,857966,120.53262710571289,2.1072845458984375,0.9988162645122913
longdress_losslessG-lossyA_4.ply,longdress.ply,losslessG-lossyA,17,4.14285714285714,857966,857966,120.12735319137573,2.0851173400878906,0.9964097502896556
longdress_losslessG-lossyA_5.ply,longdress.ply,losslessG-lossyA,17,3.42857142857143,857966,857966,119.98916935920715,2.0851707458496094,0.9874939791442802
longdress_losslessG-lossyA_6.ply,longdress.ply,losslessG-lossyA,17,2.60714285714286,857966,857966,127.94946765899658,2.053943634033203,0.9776482865779379
longdress_losslessG-lossyA_7.ply,longdress.ply,losslessG-lossyA,17,2.3125,857966,857966,136.6542682647705,2.050182342529297,0.9592413882594666
longdress_lossy-geom-lossy-attrs_3.ply,longdress.ply,lossy-geom-lossy-attrs,27,4.5,857966,857966,125.2408435344696,2.130359649658203,0.9950769354286375
longdress_lossy-geom-lossy-attrs_4.ply,longdress.ply,lossy-geom-lossy-attrs,27,4.1875,857966,857966,123.78807282447815,2.0808868408203125,0.9929314830646203
longdress_lossy-geom-lossy-attrs_5.ply,longdress.ply,lossy-geom-lossy-attrs,27,2.92857142857143,857966,243092,121.95888924598694,2.058216094970703,0.9715297281286682
longdress_lossy-geom-lossy-attrs_6.ply,longdress.ply,lossy-geom-lossy-attrs,27,1.96428571428571,857966,63495,120.49684810638428,2.0442771911621094,0.9491095459461233
longdress_lossy-geom-lossy-attrs_7.ply,longdress.ply,lossy-geom-lossy-attrs,27,1.60714285714286,857966,15992,120.44512128829956,2.062103271484375,0.9260014233611638
longdress_RayleighNoise_1.ply,longdress.ply,RayleighNoise,25,4.0,857966,857966,120.43633508682251,2.0522994995117188,0.9407581522774806
longdress_RayleighNoise_3.ply,longdress.ply,RayleighNoise,25,3.28125,857966,857966,120.62273406982422,2.0802993774414062,0.8427024989142663
longdress_RayleighNoise_4.ply,longdress.ply,RayleighNoise,25,3.03333333333333,857966,857966,120.32604622840881,2.0287246704101562,0.8021547451005097
longdress_RayleighNoise_5.ply,longdress.ply,RayleighNoise,25,2.71428571428571,857966,857966,120.28351044654846,2.0737762451171875,0.7668422511948476
longdress_RayleighNoise_7.ply,longdress.ply,RayleighNoise,25,2.57142857142857,857966,857966,120.37716889381409,2.0318679809570312,0.7118119109624188
loot_HighFrequencyNoise_3.ply,loot.ply,HighFrequencyNoise,18,3.85714285714286,805285,805285,113.03886079788208,1.9549522399902344,0.9915675619030438
loot_HighFrequencyNoise_4.ply,loot.ply,HighFrequencyNoise,18,3.21428571428571,805285,805285,112.48713421821594,1.933563232421875,0.9896988654906993
loot_HighFrequencyNoise_5.ply,loot.ply,HighFrequencyNoise,18,3.42857142857143,805285,805285,112.49128270149231,1.9317588806152344,0.9881922369278868
loot_HighFrequencyNoise_6.ply,loot.ply,HighFrequencyNoise,18,2.86666666666667,805285,805285,112.75933575630188,1.9583053588867188,0.9769735079263991
loot_HighFrequencyNoise_7.ply,loot.ply,HighFrequencyNoise,18,2.85714285714286,805285,805285,112.62107968330383,1.9294090270996094,0.9649587443212695
loot_SaltpepperNoise_1.ply,loot.ply,SaltpepperNoise,15,3.21428571428571,805285,805285,112.73508810997009,1.9740028381347656,0.9874435280246319
loot_SaltpepperNoise_3.ply,loot.ply,SaltpepperNoise,15,3.39285714285714,805285,805285,133.9293601512909,1.9320259094238281,0.9580194264362596
loot_SaltpepperNoise_4.ply,loot.ply,SaltpepperNoise,15,2.5625,805285,805285,117.33312106132507,1.9477691650390625,0.9416798833642677
loot_SaltpepperNoise_5.ply,loot.ply,SaltpepperNoise,15,2.46428571428571,805285,805285,115.31088352203369,1.9690093994140625,0.9257444963590182
loot_SaltpepperNoise_7.ply,loot.ply,SaltpepperNoise,15,2.10714285714286,805285,805285,114.69347071647644,1.9566001892089844,0.8968771962544005
lowpolycarsset1_lossless-geom-nearlossless-attrs_3.ply,lowpolycarsset1.ply,lossless-geom-nearlossless-attrs,9,4.85714285714286,720117,720117,124.42048454284668,1.6974716186523438,0.9924415321271787
lowpolycarsset1_lossless-geom-nearlossless-attrs_4.ply,lowpolycarsset1.ply,lossless-geom-nearlossless-attrs,9,4.5,720117,720117,110.96930694580078,1.761077880859375,0.9823954498256234
lowpolycarsset1_lossless-geom-nearlossless-attrs_5.ply,lowpolycarsset1.ply,lossless-geom-nearlossless-attrs,9,4.5,720117,720117,111.21484971046448,1.7331733703613281,0.9591508464115674
lowpolycarsset1_lossless-geom-nearlossless-attrs_6.ply,lowpolycarsset1.ply,lossless-geom-nearlossless-attrs,9,3.39285714285714,720117,720117,113.23087310791016,1.7332038879394531,0.9184742944227504
lowpolycarsset1_lossless-geom-nearlossless-attrs_7.ply,lowpolycarsset1.ply,lossless-geom-nearlossless-attrs,9,2.7,720117,720117,111.01989150047302,1.775238037109375,0.7306679109103289
lowpolycarsset1_UniformShifting_1.ply,lowpolycarsset1.ply,UniformShifting,31,3.92857142857143,720117,720117,123.39234399795532,1.7949905395507812,0.9990383301857662
lowpolycarsset1_UniformShifting_2.ply,lowpolycarsset1.ply,UniformShifting,31,3.28571428571429,720117,720117,122.34102702140808,1.7540702819824219,0.9972327022138509
lowpolycarsset1_UniformShifting_3.ply,lowpolycarsset1.ply,UniformShifting,31,2.75,720117,720117,113.86283612251282,1.7522125244140625,0.9936710228293568
lowpolycarsset1_UniformShifting_4.ply,lowpolycarsset1.ply,UniformShifting,31,2.75,720117,720117,113.23608589172363,1.7288322448730469,0.9891948970764533
lowpolycarsset1_UniformShifting_5.ply,lowpolycarsset1.ply,UniformShifting,31,2.78571428571429,720117,720117,113.1551947593689,1.751739501953125,0.9839302006853651
lowpolycarsset2_lossy-geom-lossy-attrs_3.ply,lowpolycarsset2.ply,lossy-geom-lossy-attrs,27,4.5,792791,792603,124.87578558921814,1.9424476623535156,0.9972755236035455
lowpolycarsset2_lossy-geom-lossy-attrs_4.ply,lowpolycarsset2.ply,lossy-geom-lossy-attrs,27,4.375,792791,792428,124.93656802177429,1.9305686950683594,0.9958320109009905
lowpolycarsset2_lossy-geom-lossy-attrs_5.ply,lowpolycarsset2.ply,lossy-geom-lossy-attrs,27,3.92857142857143,792791,549417,128.34183812141418,1.9197540283203125,0.9917119440046254
lowpolycarsset2_lossy-geom-lossy-attrs_6.ply,lowpolycarsset2.ply,lossy-geom-lossy-attrs,27,2.25,792791,140038,126.56652808189392,1.9273910522460938,0.9671396011160548
lowpolycarsset2_lossy-geom-lossy-attrs_7.ply,lowpolycarsset2.ply,lossy-geom-lossy-attrs,27,1.89285714285714,792791,34881,123.40718364715576,1.9232292175292969,0.9338592894721057
Man_C2AI-lossy-geom-lossy-attrs_3.ply,Man.ply,C2AI-lossy-geom-lossy-attrs,12,4.53333333333333,800000,1170650,113.11967158317566,1.8644752502441406,0.9872366299066108
Man_C2AI-lossy-geom-lossy-attrs_4.ply,Man.ply,C2AI-lossy-geom-lossy-attrs,12,3.92857142857143,800000,1137590,112.89885306358337,1.8671875,0.9822935337346291
Man_C2AI-lossy-geom-lossy-attrs_5.ply,Man.ply,C2AI-lossy-geom-lossy-attrs,12,4.03571428571429,800000,1125207,113.16196036338806,1.8717269897460938,0.9750931433031852
Man_C2AI-lossy-geom-lossy-attrs_6.ply,Man.ply,C2AI-lossy-geom-lossy-attrs,12,3.5,800000,1136378,126.73688006401062,1.9001541137695312,0.9638365758422393
Man_C2AI-lossy-geom-lossy-attrs_7.ply,Man.ply,C2AI-lossy-geom-lossy-attrs,12,3.34375,800000,1125170,129.5912983417511,1.8716163635253906,0.9531845021060503
Man_DownSample_3.ply,Man.ply,DownSample,26,3.78571428571429,800000,440000,109.94402050971985,1.9078712463378906,0.9925818300894265
Man_DownSample_4.ply,Man.ply,DownSample,26,3.5,800000,320000,109.52673888206482,1.8394393920898438,0.9887500120772973
Man_DownSample_5.ply,Man.ply,DownSample,26,3.14285714285714,800000,240000,111.80966854095459,1.8502349853515625,0.9851414038117693
Man_DownSample_6.ply,Man.ply,DownSample,26,3.03571428571429,800000,160000,110.2360007762909,1.8486175537109375,0.9797938222911639
Man_DownSample_7.ply,Man.ply,DownSample,26,2.375,800000,80000,108.90466451644897,1.8463859558105469,0.9695017988398663
Man_MeanShift_1.ply,Man.ply,MeanShift,16,4.03571428571429,800000,800000,109.9545726776123,1.8674736022949219,0.7497843175392063
Man_MeanShift_3.ply,Man.ply,MeanShift,16,3.07142857142857,800000,800000,109.27800273895264,1.8930702209472656,0.48118755267542174
Man_MeanShift_4.ply,Man.ply,MeanShift,16,3.21875,800000,800000,109.74965143203735,1.8496284484863281,0.4236585251132512
Man_MeanShift_5.ply,Man.ply,MeanShift,16,2.83333333333333,800000,800000,109.95660638809204,1.8422317504882812,0.37909855948833987
Man_MeanShift_7.ply,Man.ply,MeanShift,16,3.0,800000,800000,110.05154275894165,1.8915252685546875,0.31481172610418173
Mario_GaussianNoise_1.ply,Mario.ply,GaussianNoise,19,3.57142857142857,800000,800000,109.75071167945862,1.8485679626464844,0.9667294562350998
Mario_GaussianNoise_3.ply,Mario.ply,GaussianNoise,19,3.32142857142857,800000,800000,110.16252136230469,1.8145065307617188,0.9450677238340798
Mario_GaussianNoise_4.ply,Mario.ply,GaussianNoise,19,3.21428571428571,800000,800000,132.42180728912354,1.8243064880371094,0.9284566470592774
Mario_GaussianNoise_5.ply,Mario.ply,GaussianNoise,19,2.92857142857143,800000,800000,108.92466378211975,1.8527793884277344,0.9056314601234003
Mario_GaussianNoise_7.ply,Mario.ply,GaussianNoise,19,2.82142857142857,800000,800000,108.47488737106323,1.8496818542480469,0.8492785133048311
Mario_GaussianShifting_1.ply,Mario.ply,GaussianShifting,23,4.46875,800000,800000,110.21238589286804,1.8538131713867188,0.9982241638796157
Mario_GaussianShifting_2.ply,Mario.ply,GaussianShifting,23,3.78571428571429,800000,800000,109.00559616088867,1.84698486328125,0.9964394767887219
Mario_GaussianShifting_3.ply,Mario.ply,GaussianShifting,23,3.36666666666667,800000,800000,109.62828588485718,1.8284149169921875,0.9930878471755562
Mario_GaussianShifting_4.ply,Mario.ply,GaussianShifting,23,3.0,800000,800000,109.17226243019104,1.8499259948730469,0.9888916546135456
Mario_GaussianShifting_5.ply,Mario.ply,GaussianShifting,23,2.71428571428571,800000,800000,109.16924548149109,1.8135986328125,0.9845576744261603
Mario_Octree_1.ply,Mario.ply,Octree,1,3.7,800000,135403,107.68003797531128,1.8229942321777344,0.9760612028342773
Mario_Octree_2.ply,Mario.ply,Octree,1,3.03571428571429,800000,90100,107.73023343086243,1.8228836059570312,0.9692667415582992
Mario_Octree_3.ply,Mario.ply,Octree,1,2.57142857142857,800000,63964,107.68951678276062,1.8218460083007812,0.9630878926920367
Mario_Octree_4.ply,Mario.ply,Octree,1,2.5,800000,47708,107.71099662780762,1.8115806579589844,0.9575208573890416
Mario_Octree_5.ply,Mario.ply,Octree,1,2.39285714285714,800000,37011,107.79299139976501,1.8281211853027344,0.9524357482386987
Mario_reconstruction_3.ply,Mario.ply,reconstruction,4,3.90625,800000,800000,109.30659985542297,1.8826370239257812,0.9910162541348815
Mario_reconstruction_4.ply,Mario.ply,reconstruction,4,4.15625,800000,800000,115.09687113761902,1.8790245056152344,0.9909297368856066
Mario_reconstruction_5.ply,Mario.ply,reconstruction,4,3.84375,800000,800000,109.72639536857605,1.8856697082519531,0.9906414694870874
Mario_reconstruction_6.ply,Mario.ply,reconstruction,4,4.16666666666667,800000,800000,109.87146210670471,1.8277587890625,0.9900972523846157
Mario_reconstruction_7.ply,Mario.ply,reconstruction,4,3.17857142857143,800000,800000,109.66876077651978,1.8325080871582031,0.9871367580811761
matilda_GaussianShifting_1.ply,matilda.ply,GaussianShifting,23,3.92857142857143,747045,747045,105.87305903434753,1.7439117431640625,0.9961706799902551
matilda_GaussianShifting_2.ply,matilda.ply,GaussianShifting,23,2.96875,747045,747045,107.17469811439514,1.7964057922363281,0.9924049138912441
matilda_GaussianShifting_3.ply,matilda.ply,GaussianShifting,23,2.60714285714286,747045,747045,108.85715675354004,1.7588386535644531,0.9877523440172168
matilda_GaussianShifting_4.ply,matilda.ply,GaussianShifting,23,2.21428571428571,747045,747045,106.05928349494934,1.7724990844726562,0.9824165211746617
matilda_GaussianShifting_5.ply,matilda.ply,GaussianShifting,23,2.33333333333333,747045,747045,105.70169925689697,1.7681465148925781,0.976656656029824
model_ColorNoise_3.ply,model.ply,ColorNoise,20,3.84375,811282,811282,113.74624133110046,1.9408187866210938,0.9967253874954038
model_ColorNoise_4.ply,model.ply,ColorNoise,20,3.5,811282,811282,113.52956581115723,1.9453353881835938,0.9950395133315186
model_ColorNoise_5.ply,model.ply,ColorNoise,20,3.17857142857143,811282,811282,113.50159645080566,1.9685440063476562,0.9929811383091991
model_ColorNoise_6.ply,model.ply,ColorNoise,20,2.89285714285714,811282,811282,113.48072457313538,1.9757957458496094,0.9903515845201784
model_ColorNoise_7.ply,model.ply,ColorNoise,20,2.89285714285714,811282,811282,115.904944896698,1.9652938842773438,0.9866039067288942
model_HighFrequencyNoise_3.ply,model.ply,HighFrequencyNoise,18,3.25,811282,811282,114.34842729568481,1.9630508422851562,0.9657417222234664
model_HighFrequencyNoise_4.ply,model.ply,HighFrequencyNoise,18,3.0,811282,811282,113.76893424987793,1.9840126037597656,0.9651013470614981
model_HighFrequencyNoise_5.ply,model.ply,HighFrequencyNoise,18,2.82142857142857,811282,811282,113.53294324874878,1.9115028381347656,0.964530467214937
model_HighFrequencyNoise_6.ply,model.ply,HighFrequencyNoise,18,2.71875,811282,811282,113.68372750282288,1.9615440368652344,0.9574264399646323
model_HighFrequencyNoise_7.ply,model.ply,HighFrequencyNoise,18,2.53333333333333,811282,811282,114.81783652305603,1.9635009765625,0.9498317051336798
model_SaltpepperNoise_1.ply,model.ply,SaltpepperNoise,15,3.6,811282,811282,113.56319952011108,2.0036354064941406,0.9910416722646233
model_SaltpepperNoise_3.ply,model.ply,SaltpepperNoise,15,2.59375,811282,811282,113.59301447868347,1.9672164916992188,0.9689536861211947
model_SaltpepperNoise_4.ply,model.ply,SaltpepperNoise,15,2.42857142857143,811282,811282,119.90589547157288,1.9557838439941406,0.9565393867119075
model_SaltpepperNoise_5.ply,model.ply,SaltpepperNoise,15,2.42857142857143,811282,811282,114.91668581962585,1.9565696716308594,0.946074916736542
model_SaltpepperNoise_7.ply,model.ply,SaltpepperNoise,15,1.82142857142857,811282,811282,128.51831531524658,1.9752464294433594,0.9250942799613056
MuteSwan_lossless-geom-lossy-attrs_3.ply,MuteSwan.ply,lossless-geom-lossy-attrs,7,4.53125,729717,729717,105.18878197669983,1.7860069274902344,0.997524021776548
MuteSwan_lossless-geom-lossy-attrs_4.ply,MuteSwan.ply,lossless-geom-lossy-attrs,7,4.23333333333333,729717,729717,105.37144804000854,1.7730369567871094,0.996468960069768
MuteSwan_lossless-geom-lossy-attrs_5.ply,MuteSwan.ply,lossless-geom-lossy-attrs,7,4.07142857142857,729717,729717,105.64374351501465,1.7554206848144531,0.9950659781299507
MuteSwan_lossless-geom-lossy-attrs_6.ply,MuteSwan.ply,lossless-geom-lossy-attrs,7,3.67857142857143,729717,729717,105.11514973640442,1.7460098266601562,0.9930077821583847
MuteSwan_lossless-geom-lossy-attrs_7.ply,MuteSwan.ply,lossless-geom-lossy-attrs,7,3.25,729717,729717,105.30165958404541,1.7878494262695312,0.9897076985262103
MuteSwan_UniformShifting_1.ply,MuteSwan.ply,UniformShifting,31,4.3,729717,729717,106.37183713912964,1.77459716796875,0.9995414578576381
MuteSwan_UniformShifting_2.ply,MuteSwan.ply,UniformShifting,31,3.71428571428571,729717,729717,106.51616311073303,1.80926513671875,0.9987850318542699
MuteSwan_UniformShifting_3.ply,MuteSwan.ply,UniformShifting,31,3.09375,729717,729717,106.63853120803833,1.7792282104492188,0.9975658929222391
MuteSwan_UniformShifting_4.ply,MuteSwan.ply,UniformShifting,31,2.82142857142857,729717,729717,107.50134587287903,1.7629928588867188,0.9963569268745149
MuteSwan_UniformShifting_5.ply,MuteSwan.ply,UniformShifting,31,2.64285714285714,729717,729717,110.55403351783752,1.7598495483398438,0.9949527016752028
ParrotV1_lossless-geom-nearlossless-attrs_3.ply,ParrotV1.ply,lossless-geom-nearlossless-attrs,9,4.9,752422,752422,135.17294812202454,1.8235092163085938,0.9952924163148619
ParrotV1_lossless-geom-nearlossless-attrs_4.ply,ParrotV1.ply,lossless-geom-nearlossless-attrs,9,4.625,752422,752422,127.31516671180725,1.7893333435058594,0.9867750112865379
ParrotV1_lossless-geom-nearlossless-attrs_5.ply,ParrotV1.ply,lossless-geom-nearlossless-attrs,9,4.5625,752422,752422,107.73083519935608,1.8200187683105469,0.9628966856869043
ParrotV1_lossless-geom-nearlossless-attrs_6.ply,ParrotV1.ply,lossless-geom-nearlossless-attrs,9,3.92857142857143,752422,752422,107.38080620765686,1.8224945068359375,0.9161912610263998
ParrotV1_lossless-geom-nearlossless-attrs_7.ply,ParrotV1.ply,lossless-geom-nearlossless-attrs,9,2.78125,752422,752422,137.23467206954956,1.811920166015625,0.8077638984327791
PjanicFace_GammaNoise_1.ply,PjanicFace.ply,GammaNoise,2,3.5625,800403,800403,114.54250001907349,1.9716110229492188,0.8685014805708692
PjanicFace_GammaNoise_3.ply,PjanicFace.ply,GammaNoise,2,2.96428571428571,800403,800403,114.07920932769775,1.8835792541503906,0.8286764053645661
PjanicFace_GammaNoise_4.ply,PjanicFace.ply,GammaNoise,2,3.15625,800403,800403,114.20943117141724,1.948272705078125,0.809434525154095
PjanicFace_GammaNoise_5.ply,PjanicFace.ply,GammaNoise,2,2.82142857142857,800403,800403,114.28955721855164,1.8909187316894531,0.7857573047335016
PjanicFace_GammaNoise_7.ply,PjanicFace.ply,GammaNoise,2,2.39285714285714,800403,800403,113.95515036582947,1.9327926635742188,0.719839803469556
PjanicFace_MeanShift_1.ply,PjanicFace.ply,MeanShift,16,4.1875,800403,800403,133.00958395004272,1.9315261840820312,0.9051169287904248
PjanicFace_MeanShift_3.ply,PjanicFace.ply,MeanShift,16,3.10714285714286,800403,800403,114.78119730949402,1.9592056274414062,0.7598303082952819
PjanicFace_MeanShift_4.ply,PjanicFace.ply,MeanShift,16,3.32142857142857,800403,800403,114.65297532081604,1.9445075988769531,0.7236605635574528
PjanicFace_MeanShift_5.ply,PjanicFace.ply,MeanShift,16,2.89285714285714,800403,800403,117.9824423789978,1.9505195617675781,0.6948841757889549
PjanicFace_MeanShift_7.ply,PjanicFace.ply,MeanShift,16,3.32142857142857,800403,800403,114.57642316818237,1.9306221008300781,0.6545144363190752
QQdog_ColorQuantizationDither_3.ply,QQdog.ply,ColorQuantizationDither,24,4.3125,796626,796626,114.47061347961426,1.9119415283203125,0.9799482040396588
QQdog_ColorQuantizationDither_4.ply,QQdog.ply,ColorQuantizationDither,24,4.03333333333333,796626,796626,114.52911710739136,1.9047164916992188,0.9620267411863681
QQdog_ColorQuantizationDither_5.ply,QQdog.ply,ColorQuantizationDither,24,4.25,796626,796626,114.59432554244995,1.9240188598632812,0.9557034138589027
QQdog_ColorQuantizationDither_6.ply,QQdog.ply,ColorQuantizationDither,24,3.1875,796626,796626,114.49767661094666,1.9407577514648438,0.9299831527399064
QQdog_ColorQuantizationDither_7.ply,QQdog.ply,ColorQuantizationDither,24,2.28571428571429,796626,796626,114.47649908065796,1.9366416931152344,0.9151886250469462
QQdog_MeanShift_1.ply,QQdog.ply,MeanShift,16,4.53571428571429,796626,796626,116.98854851722717,1.9182243347167969,0.8312199350400895
QQdog_MeanShift_3.ply,QQdog.ply,MeanShift,16,3.71875,796626,796626,113.71817541122437,1.9087066650390625,0.6225724468608567
QQdog_MeanShift_4.ply,QQdog.ply,MeanShift,16,3.03333333333333,796626,796626,113.69125890731812,1.9018058776855469,0.5774695090447857
QQdog_MeanShift_5.ply,QQdog.ply,MeanShift,16,2.86666666666667,796626,796626,113.73295497894287,1.9358711242675781,0.5466413649410959
QQdog_MeanShift_7.ply,QQdog.ply,MeanShift,16,2.42857142857143,796626,796626,114.508798122406,1.9577980041503906,0.5065317543323306
queen_ColorNoise_3.ply,queen.ply,ColorNoise,20,3.66666666666667,800794,800794,114.99355626106262,1.984588623046875,0.9899744023891595
queen_ColorNoise_4.ply,queen.ply,ColorNoise,20,3.39285714285714,800794,800794,111.23810410499573,1.9459457397460938,0.9850371254491089
queen_ColorNoise_5.ply,queen.ply,ColorNoise,20,3.39285714285714,800794,800794,113.64213609695435,1.9365081787109375,0.97939507355372
queen_ColorNoise_6.ply,queen.ply,ColorNoise,20,2.89285714285714,800794,800794,135.02691268920898,1.9730072021484375,0.9733426526205073
queen_ColorNoise_7.ply,queen.ply,ColorNoise,20,2.90625,800794,800794,112.01924800872803,1.9848785400390625,0.9661395546325315
queen_LocalLoss_1.ply,queen.ply,LocalLoss,28,3.1,800794,741495,112.2892518043518,1.9216384887695312,0.9930812618634853
queen_LocalLoss_2.ply,queen.ply,LocalLoss,28,2.67857142857143,800794,666144,122.1721978187561,1.9008827209472656,0.9785723461922425
queen_LocalLoss_3.ply,queen.ply,LocalLoss,28,1.60714285714286,800794,552328,112.05583167076111,1.9707908630371094,0.9653896844894088
queen_LocalLoss_4.ply,queen.ply,LocalLoss,28,1.67857142857143,800794,505480,112.86176347732544,1.9214324951171875,0.958203777173955
queen_LocalLoss_5.ply,queen.ply,LocalLoss,28,1.32142857142857,800794,333850,112.80309271812439,1.8944931030273438,0.9342517599535226
queen_SaturationDistortion_1.ply,queen.ply,SaturationDistortion,29,4.4375,800794,800794,112.00192761421204,1.8899116516113281,0.9936632077681528
queen_SaturationDistortion_2.ply,queen.ply,SaturationDistortion,29,3.67857142857143,800794,800794,115.82652020454407,1.9060287475585938,0.9873515568797874
queen_SaturationDistortion_3.ply,queen.ply,SaturationDistortion,29,2.90625,800794,800794,116.17602825164795,1.9538688659667969,0.9825643695235471
queen_SaturationDistortion_4.ply,queen.ply,SaturationDistortion,29,2.53571428571429,800794,800794,111.88443684577942,1.93743896484375,0.9752192566018757
queen_SaturationDistortion_5.ply,queen.ply,SaturationDistortion,29,2.5,800794,800794,111.97298312187195,1.933258056640625,0.9706874101318936
RattleSnake_lossless-geom-nearlossless-attrs_3.ply,RattleSnake.ply,lossless-geom-nearlossless-attrs,9,4.75,802417,802417,113.13828897476196,1.9322891235351562,0.9981998771578051
RattleSnake_lossless-geom-nearlossless-attrs_4.ply,RattleSnake.ply,lossless-geom-nearlossless-attrs,9,4.78571428571429,802417,802417,113.07222294807434,1.9271430969238281,0.9952773929392631
RattleSnake_lossless-geom-nearlossless-attrs_5.ply,RattleSnake.ply,lossless-geom-nearlossless-attrs,9,4.7,802417,802417,112.9876937866211,1.9209671020507812,0.9855994011527958
RattleSnake_lossless-geom-nearlossless-attrs_6.ply,RattleSnake.ply,lossless-geom-nearlossless-attrs,9,3.10714285714286,802417,802417,113.10506081581116,1.86956787109375,0.9596359870940939
RattleSnake_lossless-geom-nearlossless-attrs_7.ply,RattleSnake.ply,lossless-geom-nearlossless-attrs,9,2.28571428571429,802417,802417,119.38826727867126,1.8949394226074219,0.9022870186217553
redandblack_ColorQuantizationDither_3.ply,redandblack.ply,ColorQuantizationDither,24,3.82142857142857,757691,757691,106.21174192428589,1.7932357788085938,0.9805572176338072
redandblack_ColorQuantizationDither_4.ply,redandblack.ply,ColorQuantizationDither,24,3.67857142857143,757691,757691,106.15358805656433,1.8406219482421875,0.9738156905627476
redandblack_ColorQuantizationDither_5.ply,redandblack.ply,ColorQuantizationDither,24,3.64285714285714,757691,757691,105.98072147369385,1.8677825927734375,0.9659550095718727
redandblack_ColorQuantizationDither_6.ply,redandblack.ply,ColorQuantizationDither,24,3.25,757691,757691,106.11750435829163,1.8388137817382812,0.9417690415504738
redandblack_ColorQuantizationDither_7.ply,redandblack.ply,ColorQuantizationDither,24,2.23333333333333,757691,757691,106.02233028411865,1.8443260192871094,0.914581408885128
redandblack_LocalLoss_1.ply,redandblack.ply,LocalLoss,28,4.56666666666667,757691,735308,106.0704402923584,1.8349380493164062,0.9977841736910673
redandblack_LocalLoss_2.ply,redandblack.ply,LocalLoss,28,2.96666666666667,757691,680212,107.43243432044983,1.8291473388671875,0.987727155401467
redandblack_LocalLoss_3.ply,redandblack.ply,LocalLoss,28,3.60714285714286,757691,604180,106.57038998603821,1.8466300964355469,0.9828845637345615
redandblack_LocalLoss_4.ply,redandblack.ply,LocalLoss,28,3.0,757691,548044,107.00665497779846,1.8561553955078125,0.9735681079805651
redandblack_LocalLoss_5.ply,redandblack.ply,LocalLoss,28,2.0,757691,425785,107.26182532310486,1.7912826538085938,0.9557517786350553
redandblack_SaturationDistortion_1.ply,redandblack.ply,SaturationDistortion,29,4.2,757691,757691,105.94785189628601,1.7958450317382812,0.9738892068293443
redandblack_SaturationDistortion_2.ply,redandblack.ply,SaturationDistortion,29,3.53571428571429,757691,757691,106.26844358444214,1.8535575866699219,0.9512477562716452
redandblack_SaturationDistortion_3.ply,redandblack.ply,SaturationDistortion,29,2.9,757691,757691,115.90355181694031,1.8138313293457031,0.931906763229598
redandblack_SaturationDistortion_4.ply,redandblack.ply,SaturationDistortion,29,2.57142857142857,757691,757691,106.42947053909302,1.8483047485351562,0.9130617603829673
redandblack_SaturationDistortion_5.ply,redandblack.ply,SaturationDistortion,29,2.7,757691,757691,106.24084115028381,1.834442138671875,0.8972503161288703
RedHorse_LocalRotation_1.ply,RedHorse.ply,LocalRotation,14,3.06666666666667,800000,800000,106.8690459728241,1.8087196350097656,0.9929662001019587
RedHorse_LocalRotation_2.ply,RedHorse.ply,LocalRotation,14,2.64285714285714,800000,800000,107.05053567886353,1.80908203125,0.9786320033799051
RedHorse_LocalRotation_3.ply,RedHorse.ply,LocalRotation,14,2.21428571428571,800000,800000,110.13801455497742,1.8427810668945312,0.9667671700933302
RedHorse_LocalRotation_4.ply,RedHorse.ply,LocalRotation,14,1.26666666666667,800000,800000,107.73468136787415,1.7746353149414062,0.9455318807061536
RedHorse_LocalRotation_5.ply,RedHorse.ply,LocalRotation,14,1.0,800000,800000,113.80899858474731,1.7719688415527344,0.9341695177101597
Rock1_ContrastDistortion_1.ply,Rock1.ply,ContrastDistortion,21,3.60714285714286,839112,839112,128.57472014427185,2.0822486877441406,0.7892514245916646
Rock1_ContrastDistortion_2.ply,Rock1.ply,ContrastDistortion,21,2.5,839112,839112,121.53422474861145,2.0150489807128906,0.7018036121562733
Rock1_ContrastDistortion_3.ply,Rock1.ply,ContrastDistortion,21,1.78571428571429,839112,839112,121.18627333641052,2.0690956115722656,0.6789803351875793
Rock1_ContrastDistortion_4.ply,Rock1.ply,ContrastDistortion,21,1.66666666666667,839112,839112,121.29821848869324,2.010498046875,0.6718918116788508
Rock1_ContrastDistortion_5.ply,Rock1.ply,ContrastDistortion,21,1.21428571428571,839112,839112,121.27808666229248,2.0506362915039062,0.6692187359833808
Rock1_lossless-geom-lossy-attrs_3.ply,Rock1.ply,lossless-geom-lossy-attrs,7,4.56666666666667,839112,839112,121.46341037750244,2.055572509765625,0.9962239453128632
Rock1_lossless-geom-lossy-attrs_4.ply,Rock1.ply,lossless-geom-lossy-attrs,7,4.5,839112,839112,121.04374074935913,2.0225181579589844,0.9943218687845429
Rock1_lossless-geom-lossy-attrs_5.ply,Rock1.ply,lossless-geom-lossy-attrs,7,3.89285714285714,839112,839112,121.31346440315247,2.0433998107910156,0.9915775489805833
Rock1_lossless-geom-lossy-attrs_6.ply,Rock1.ply,lossless-geom-lossy-attrs,7,3.53333333333333,839112,839112,121.45593285560608,2.0322036743164062,0.987394482756221
Rock1_lossless-geom-lossy-attrs_7.ply,Rock1.ply,lossless-geom-lossy-attrs,7,2.84375,839112,839112,121.27103352546692,2.003887176513672,0.980567245928518
Rock1_Octree_1.ply,Rock1.ply,Octree,1,4.03333333333333,839112,156758,119.63010692596436,2.0151710510253906,0.9706509155874941
Rock1_Octree_2.ply,Rock1.ply,Octree,1,2.875,839112,103002,119.6804301738739,2.005260467529297,0.9659448619171271
Rock1_Octree_3.ply,Rock1.ply,Octree,1,2.57142857142857,839112,72961,119.40714645385742,2.0102462768554688,0.9623550116223966
Rock1_Octree_4.ply,Rock1.ply,Octree,1,2.21428571428571,839112,54245,119.63165283203125,2.0186805725097656,0.9594907497461869
Rock1_Octree_5.ply,Rock1.ply,Octree,1,2.10714285714286,839112,41999,119.4480230808258,2.034595489501953,0.9569932646231333
Rock1_SaturationDistortion_1.ply,Rock1.ply,SaturationDistortion,29,3.82142857142857,839112,839112,121.0899829864502,2.0093154907226562,0.995946807081173
Rock1_SaturationDistortion_2.ply,Rock1.ply,SaturationDistortion,29,3.46428571428571,839112,839112,121.36541366577148,2.002941131591797,0.9918638916861835
Rock1_SaturationDistortion_3.ply,Rock1.ply,SaturationDistortion,29,2.71428571428571,839112,839112,131.46658158302307,2.0404014587402344,0.9872783216462152
Rock1_SaturationDistortion_4.ply,Rock1.ply,SaturationDistortion,29,2.60714285714286,839112,839112,121.33850622177124,2.052398681640625,0.9837276079232387
Rock1_SaturationDistortion_5.ply,Rock1.ply,SaturationDistortion,29,2.625,839112,839112,127.93798303604126,2.0464210510253906,0.9787116178479791
RpClaudiaRigged_UniformNoise_1.ply,RpClaudiaRigged.ply,UniformNoise,30,4.53571428571429,690297,690297,98.9306652545929,1.685302734375,0.9987870571297883
RpClaudiaRigged_UniformNoise_3.ply,RpClaudiaRigged.ply,UniformNoise,30,3.46875,690297,690297,98.87856364250183,1.6852531433105469,0.9965886860812353
RpClaudiaRigged_UniformNoise_4.ply,RpClaudiaRigged.ply,UniformNoise,30,3.10714285714286,690297,690297,99.065114736557,1.6620407104492188,0.9954819043994438
RpClaudiaRigged_UniformNoise_5.ply,RpClaudiaRigged.ply,UniformNoise,30,2.89285714285714,690297,690297,98.71214199066162,1.6721878051757812,0.9942301319382275
RpClaudiaRigged_UniformNoise_7.ply,RpClaudiaRigged.ply,UniformNoise,30,2.82142857142857,690297,690297,99.13942098617554,1.6727561950683594,0.9911705693208325
RpDennisPosed004_ColorQuantizationDither_3.ply,RpDennisPosed004.ply,ColorQuantizationDither,24,3.78125,804088,804088,115.66821384429932,1.9895286560058594,0.9895788810131845
RpDennisPosed004_ColorQuantizationDither_4.ply,RpDennisPosed004.ply,ColorQuantizationDither,24,3.5,804088,804088,116.81411957740784,1.985565185546875,0.9810518924317602
RpDennisPosed004_ColorQuantizationDither_5.ply,RpDennisPosed004.ply,ColorQuantizationDither,24,2.5,804088,804088,115.55526900291443,1.9801254272460938,0.9790025406000485
RpDennisPosed004_ColorQuantizationDither_6.ply,RpDennisPosed004.ply,ColorQuantizationDither,24,2.75,804088,804088,115.56903004646301,1.9321212768554688,0.9548458485577043
RpDennisPosed004_ColorQuantizationDither_7.ply,RpDennisPosed004.ply,ColorQuantizationDither,24,2.46428571428571,804088,804088,115.47123527526855,1.9148826599121094,0.8962239597709499
RpDennisPosed004_LocalOffset_1.ply,RpDennisPosed004.ply,LocalOffset,13,2.75,804088,804088,117.41633653640747,1.9851150512695312,0.9970812741788107
RpDennisPosed004_LocalOffset_2.ply,RpDennisPosed004.ply,LocalOffset,13,2.7,804088,804088,116.27019381523132,1.9464111328125,0.9892762545503625
RpDennisPosed004_LocalOffset_3.ply,RpDennisPosed004.ply,LocalOffset,13,2.39285714285714,804088,804088,116.92995858192444,1.9536819458007812,0.9731081548263181
RpDennisPosed004_LocalOffset_4.ply,RpDennisPosed004.ply,LocalOffset,13,1.21875,804088,804088,116.87501382827759,1.950439453125,0.9468817490111978
RpDennisPosed004_LocalOffset_5.ply,RpDennisPosed004.ply,LocalOffset,13,1.21428571428571,804088,804088,117.25019454956055,1.9834632873535156,0.9279729007862346
RpDennisPosed004_UniformNoise_1.ply,RpDennisPosed004.ply,UniformNoise,30,4.82142857142857,804088,804088,115.62944006919861,1.9673919677734375,0.9957408802754876
RpDennisPosed004_UniformNoise_3.ply,RpDennisPosed004.ply,UniformNoise,30,3.67857142857143,804088,804088,116.42628288269043,1.9605903625488281,0.9883234172768478
RpDennisPosed004_UniformNoise_4.ply,RpDennisPosed004.ply,UniformNoise,30,3.4375,804088,804088,115.87333965301514,1.953125,0.9840892388939061
RpDennisPosed004_UniformNoise_5.ply,RpDennisPosed004.ply,UniformNoise,30,3.34375,804088,804088,119.42517852783203,1.9894485473632812,0.9791123160278404
RpDennisPosed004_UniformNoise_7.ply,RpDennisPosed004.ply,UniformNoise,30,2.96428571428571,804088,804088,116.87738299369812,1.9371681213378906,0.9651582429017688
RpFabiennePercyPosed001_ContrastDistortion_1.ply,RpFabiennePercyPosed001.ply,ContrastDistortion,21,3.8,799801,799801,115.50484919548035,1.9690017700195312,0.8259748676631569
RpFabiennePercyPosed001_ContrastDistortion_2.ply,RpFabiennePercyPosed001.ply,ContrastDistortion,21,3.82142857142857,799801,799801,115.68894004821777,1.9161949157714844,0.6731928345483463
RpFabiennePercyPosed001_ContrastDistortion_3.ply,RpFabiennePercyPosed001.ply,ContrastDistortion,21,3.17857142857143,799801,799801,115.55642700195312,1.9394874572753906,0.5504096070488276
RpFabiennePercyPosed001_ContrastDistortion_4.ply,RpFabiennePercyPosed001.ply,ContrastDistortion,21,2.71428571428571,799801,799801,117.22146582603455,1.9819221496582031,0.45364199846645165
RpFabiennePercyPosed001_ContrastDistortion_5.ply,RpFabiennePercyPosed001.ply,ContrastDistortion,21,2.53333333333333,799801,799801,115.45529389381409,1.9328041076660156,0.37897875284703764
RpFabiennePercyPosed001_LocalOffset_1.ply,RpFabiennePercyPosed001.ply,LocalOffset,13,4.46666666666667,799801,799801,115.41574192047119,1.89190673828125,0.9966600072530963
RpFabiennePercyPosed001_LocalOffset_2.ply,RpFabiennePercyPosed001.ply,LocalOffset,13,3.5,799801,799801,115.62527561187744,1.9405555725097656,0.9944544479584689
RpFabiennePercyPosed001_LocalOffset_3.ply,RpFabiennePercyPosed001.ply,LocalOffset,13,2.78571428571429,799801,799801,115.71374988555908,1.975830078125,0.9698348632518464
RpFabiennePercyPosed001_LocalOffset_4.ply,RpFabiennePercyPosed001.ply,LocalOffset,13,2.57142857142857,799801,799801,116.08930134773254,1.9385719299316406,0.9574829044576149
RpFabiennePercyPosed001_LocalOffset_5.ply,RpFabiennePercyPosed001.ply,LocalOffset,13,1.89285714285714,799801,799801,116.40597701072693,1.9792556762695312,0.9305617626265235
RpFabiennePercyPosed001_UniformShifting_1.ply,RpFabiennePercyPosed001.ply,UniformShifting,31,3.92857142857143,799801,799801,116.52045178413391,1.9498710632324219,0.9966903741885015
RpFabiennePercyPosed001_UniformShifting_2.ply,RpFabiennePercyPosed001.ply,UniformShifting,31,3.07142857142857,799801,799801,116.59353590011597,1.9315109252929688,0.9911658691563153
RpFabiennePercyPosed001_UniformShifting_3.ply,RpFabiennePercyPosed001.ply,UniformShifting,31,2.625,799801,799801,116.5761251449585,1.9419059753417969,0.9829245423354426
RpFabiennePercyPosed001_UniformShifting_4.ply,RpFabiennePercyPosed001.ply,UniformShifting,31,2.1875,799801,799801,116.72774457931519,1.937469482421875,0.9744454942458702
RpFabiennePercyPosed001_UniformShifting_5.ply,RpFabiennePercyPosed001.ply,UniformShifting,31,1.92857142857143,799801,799801,123.60450577735901,1.9398994445800781,0.9648294637305578
RpManuelAnimated001Dancing_CorrelatedGaussianNoise_1.ply,RpManuelAnimated001Dancing.ply,CorrelatedGaussianNoise,22,4.53333333333333,680879,680879,108.1380226612091,1.6436347961425781,0.996644015362746
RpManuelAnimated001Dancing_CorrelatedGaussianNoise_2.ply,RpManuelAnimated001Dancing.ply,CorrelatedGaussianNoise,22,3.5,680879,680879,97.69531989097595,1.6590499877929688,0.9930297255705482
RpManuelAnimated001Dancing_CorrelatedGaussianNoise_3.ply,RpManuelAnimated001Dancing.ply,CorrelatedGaussianNoise,22,3.25,680879,680879,97.73763585090637,1.6582756042480469,0.9885863481711142
RpManuelAnimated001Dancing_CorrelatedGaussianNoise_4.ply,RpManuelAnimated001Dancing.ply,CorrelatedGaussianNoise,22,3.14285714285714,680879,680879,98.03131365776062,1.669219970703125,0.9836999516471844
RpManuelAnimated001Dancing_CorrelatedGaussianNoise_5.ply,RpManuelAnimated001Dancing.ply,CorrelatedGaussianNoise,22,3.0,680879,680879,97.78565216064453,1.683624267578125,0.9781192375731812
RpManuelAnimated001Dancing_LocalRotation_1.ply,RpManuelAnimated001Dancing.ply,LocalRotation,14,3.14285714285714,680879,680879,98.33468389511108,1.6639900207519531,0.9992061446236497
RpManuelAnimated001Dancing_LocalRotation_2.ply,RpManuelAnimated001Dancing.ply,LocalRotation,14,2.32142857142857,680879,680879,98.04480338096619,1.6634254455566406,0.9884257040833699
RpManuelAnimated001Dancing_LocalRotation_3.ply,RpManuelAnimated001Dancing.ply,LocalRotation,14,2.26666666666667,680879,680879,98.16727018356323,1.6497688293457031,0.9879761122897582
RpManuelAnimated001Dancing_LocalRotation_4.ply,RpManuelAnimated001Dancing.ply,LocalRotation,14,2.03571428571429,680879,680879,98.9697380065918,1.6707382202148438,0.9677849598260605
RpManuelAnimated001Dancing_LocalRotation_5.ply,RpManuelAnimated001Dancing.ply,LocalRotation,14,1.39285714285714,680879,680879,99.86754250526428,1.6520652770996094,0.9483848772487596
RpManuelAnimated001Dancing_UniformShifting_1.ply,RpManuelAnimated001Dancing.ply,UniformShifting,31,4.15625,680879,680879,98.8935375213623,1.6659507751464844,0.9976316672744503
RpManuelAnimated001Dancing_UniformShifting_2.ply,RpManuelAnimated001Dancing.ply,UniformShifting,31,4.07142857142857,680879,680879,99.0259780883789,1.6655807495117188,0.9946364530183371
RpManuelAnimated001Dancing_UniformShifting_3.ply,RpManuelAnimated001Dancing.ply,UniformShifting,31,2.89285714285714,680879,680879,98.93755841255188,1.6462135314941406,0.9907345179621633
RpManuelAnimated001Dancing_UniformShifting_4.ply,RpManuelAnimated001Dancing.ply,UniformShifting,31,2.46875,680879,680879,98.94135594367981,1.6227493286132812,0.9868982808272927
RpManuelAnimated001Dancing_UniformShifting_5.ply,RpManuelAnimated001Dancing.ply,UniformShifting,31,2.2,680879,680879,98.96411943435669,1.6826820373535156,0.9825802865887312
RpMeiPosed001_CorrelatedGaussianNoise_1.ply,RpMeiPosed001.ply,CorrelatedGaussianNoise,22,4.0,804165,804165,115.79696273803711,1.9447555541992188,0.9946308933178848
RpMeiPosed001_CorrelatedGaussianNoise_2.ply,RpMeiPosed001.ply,CorrelatedGaussianNoise,22,3.60714285714286,804165,804165,115.55040645599365,1.9203338623046875,0.9893108097502787
RpMeiPosed001_CorrelatedGaussianNoise_3.ply,RpMeiPosed001.ply,CorrelatedGaussianNoise,22,3.28571428571429,804165,804165,115.38827562332153,1.9224510192871094,0.9817037849179836
RpMeiPosed001_CorrelatedGaussianNoise_4.ply,RpMeiPosed001.ply,CorrelatedGaussianNoise,22,3.07142857142857,804165,804165,115.72644257545471,1.957611083984375,0.9699059940984244
RpMeiPosed001_CorrelatedGaussianNoise_5.ply,RpMeiPosed001.ply,CorrelatedGaussianNoise,22,3.06666666666667,804165,804165,115.60964488983154,1.943115234375,0.9541332931740134
RpMeiPosed001_LocalRotation_1.ply,RpMeiPosed001.ply,LocalRotation,14,2.375,804165,804165,154.8899862766266,1.9455833435058594,0.9944153188822109
RpMeiPosed001_LocalRotation_2.ply,RpMeiPosed001.ply,LocalRotation,14,2.3,804165,804165,115.95356702804565,1.9446487426757812,0.9915759921618319
RpMeiPosed001_LocalRotation_3.ply,RpMeiPosed001.ply,LocalRotation,14,2.34375,804165,804165,116.10631084442139,1.9528770446777344,0.9912450386175702
RpMeiPosed001_LocalRotation_4.ply,RpMeiPosed001.ply,LocalRotation,14,1.65625,804165,804165,116.97368812561035,1.9172897338867188,0.9501571103825206
RpMeiPosed001_LocalRotation_5.ply,RpMeiPosed001.ply,LocalRotation,14,1.64285714285714,804165,804165,117.46890616416931,1.9524002075195312,0.9323224584024031
RyukinGoldfish_lossy-geom-lossy-attrs_3.ply,RyukinGoldfish.ply,lossy-geom-lossy-attrs,27,4.67857142857143,795994,789960,114.2703971862793,1.9242897033691406,0.9953358952478124
RyukinGoldfish_lossy-geom-lossy-attrs_4.ply,RyukinGoldfish.ply,lossy-geom-lossy-attrs,27,4.46666666666667,795994,775177,114.59925174713135,1.9288330078125,0.9932479391164585
RyukinGoldfish_lossy-geom-lossy-attrs_5.ply,RyukinGoldfish.ply,lossy-geom-lossy-attrs,27,3.82142857142857,795994,343647,114.20929527282715,1.9219322204589844,0.9850768327544943
RyukinGoldfish_lossy-geom-lossy-attrs_6.ply,RyukinGoldfish.ply,lossy-geom-lossy-attrs,27,2.92857142857143,795994,94019,113.68768453598022,1.8824806213378906,0.9712468665559183
RyukinGoldfish_lossy-geom-lossy-attrs_7.ply,RyukinGoldfish.ply,lossy-geom-lossy-attrs,27,2.10714285714286,795994,22560,113.37641859054565,1.9079704284667969,0.9578232299207817
ScarletSnake_lossy-geom-lossy-attrs_3.ply,ScarletSnake.ply,lossy-geom-lossy-attrs,27,4.71428571428571,723974,715227,102.77241110801697,1.7597503662109375,0.988521295503336
ScarletSnake_lossy-geom-lossy-attrs_4.ply,ScarletSnake.ply,lossy-geom-lossy-attrs,27,4.5625,723974,691744,102.5586941242218,1.8017425537109375,0.9829827633380745
ScarletSnake_lossy-geom-lossy-attrs_5.ply,ScarletSnake.ply,lossy-geom-lossy-attrs,27,3.83333333333333,723974,299408,102.07795691490173,1.7652397155761719,0.9550363472611904
ScarletSnake_lossy-geom-lossy-attrs_6.ply,ScarletSnake.ply,lossy-geom-lossy-attrs,27,3.0,723974,84525,101.72227144241333,1.7257881164550781,0.9010246257180701
ScarletSnake_lossy-geom-lossy-attrs_7.ply,ScarletSnake.ply,lossy-geom-lossy-attrs,27,2.07142857142857,723974,22148,101.58270597457886,1.7415351867675781,0.8263453059642955
SeaTurtle_HighFrequencyNoise_3.ply,SeaTurtle.ply,HighFrequencyNoise,18,4.28571428571429,779430,779430,111.88681387901306,1.888336181640625,0.961123426720662
SeaTurtle_HighFrequencyNoise_4.ply,SeaTurtle.ply,HighFrequencyNoise,18,4.17857142857143,779430,779430,111.75589108467102,1.8894767761230469,0.9550738788077077
SeaTurtle_HighFrequencyNoise_5.ply,SeaTurtle.ply,HighFrequencyNoise,18,3.89285714285714,779430,779430,112.02970552444458,1.8962211608886719,0.949509223337805
SeaTurtle_HighFrequencyNoise_6.ply,SeaTurtle.ply,HighFrequencyNoise,18,3.5,779430,779430,111.85151219367981,1.8759040832519531,0.9221176929438406
SeaTurtle_HighFrequencyNoise_7.ply,SeaTurtle.ply,HighFrequencyNoise,18,3.0,779430,779430,111.76440691947937,1.8712692260742188,0.9044883457539656
Shark_HighFrequencyNoise_3.ply,Shark.ply,HighFrequencyNoise,18,3.86666666666667,770377,770377,96.9663496017456,1.6010360717773438,0.9825216555419758
Shark_HighFrequencyNoise_4.ply,Shark.ply,HighFrequencyNoise,18,3.5,770377,770377,96.5414686203003,1.6370429992675781,0.9801730311162106
Shark_HighFrequencyNoise_5.ply,Shark.ply,HighFrequencyNoise,18,3.46428571428571,770377,770377,96.56083631515503,1.614227294921875,0.9779885182116518
Shark_HighFrequencyNoise_6.ply,Shark.ply,HighFrequencyNoise,18,3.14285714285714,770377,770377,96.69262671470642,1.6153678894042969,0.9591642669425356
Shark_HighFrequencyNoise_7.ply,Shark.ply,HighFrequencyNoise,18,2.67857142857143,770377,770377,96.6874930858612,1.6205406188964844,0.9374893731773803
Soccer_CorrelatedGaussianNoise_1.ply,Soccer.ply,CorrelatedGaussianNoise,22,3.9,800000,800000,111.63321137428284,1.8713188171386719,0.9980385213965993
Soccer_CorrelatedGaussianNoise_2.ply,Soccer.ply,CorrelatedGaussianNoise,22,3.5,800000,800000,111.68931293487549,1.8980522155761719,0.9960687549830171
Soccer_CorrelatedGaussianNoise_3.ply,Soccer.ply,CorrelatedGaussianNoise,22,3.35714285714286,800000,800000,111.70736312866211,1.8850212097167969,0.9941709768010545
Soccer_CorrelatedGaussianNoise_4.ply,Soccer.ply,CorrelatedGaussianNoise,22,3.0,800000,800000,131.77119994163513,1.9059219360351562,0.9919751623611243
Soccer_CorrelatedGaussianNoise_5.ply,Soccer.ply,CorrelatedGaussianNoise,22,2.75,800000,800000,111.68534183502197,1.9001693725585938,0.9890495769028811
Soccer_MeanShift_1.ply,Soccer.ply,MeanShift,16,4.125,800000,800000,111.69545006752014,1.8510246276855469,0.9441214197004344
Soccer_MeanShift_3.ply,Soccer.ply,MeanShift,16,3.2,800000,800000,111.44166135787964,1.8726005554199219,0.8463644797077988
Soccer_MeanShift_4.ply,Soccer.ply,MeanShift,16,2.67857142857143,800000,800000,111.3523485660553,1.8865509033203125,0.8326472597315174
Soccer_MeanShift_5.ply,Soccer.ply,MeanShift,16,2.71428571428571,800000,800000,111.44036602973938,1.8819580078125,0.8205627555033737
Soccer_MeanShift_7.ply,Soccer.ply,MeanShift,16,1.14285714285714,800000,800000,111.62222743034363,1.9101905822753906,0.8089742109813111
soldier_DownSample_3.ply,soldier.ply,DownSample,26,4.17857142857143,805927,443260,113.30915546417236,1.9775238037109375,0.9894371750423576
soldier_DownSample_4.ply,soldier.ply,DownSample,26,3.92857142857143,805927,322371,113.0641360282898,1.9144401550292969,0.9842368111632736
soldier_DownSample_5.ply,soldier.ply,DownSample,26,3.64285714285714,805927,241778,113.0468499660492,1.9431419372558594,0.9796915478195695
soldier_DownSample_6.ply,soldier.ply,DownSample,26,3.0625,805927,161185,112.7650318145752,1.9261360168457031,0.9734156554891935
soldier_DownSample_7.ply,soldier.ply,DownSample,26,2.39285714285714,805927,80593,112.71623611450195,1.9172859191894531,0.9632143307023687
soldier_LumaNoise_1.ply,soldier.ply,LumaNoise,6,4.06666666666667,805927,805927,112.78319692611694,1.9249076843261719,0.9040700848707985
soldier_LumaNoise_3.ply,soldier.ply,LumaNoise,6,3.21875,805927,805927,112.80671429634094,1.9332199096679688,0.7319522413993829
soldier_LumaNoise_4.ply,soldier.ply,LumaNoise,6,3.09375,805927,805927,112.84946918487549,1.9433860778808594,0.6811245195593519
soldier_LumaNoise_5.ply,soldier.ply,LumaNoise,6,3.1875,805927,805927,112.70486974716187,1.9381828308105469,0.6380983352152994
soldier_LumaNoise_7.ply,soldier.ply,LumaNoise,6,2.35714285714286,805927,805927,112.7040479183197,1.9552421569824219,0.5780485885781187
SpiderMonkey_C2AI-lossy-geom-lossy-attrs_3.ply,SpiderMonkey.ply,C2AI-lossy-geom-lossy-attrs,12,4.96428571428571,825325,782571,119.91551518440247,2.0446243286132812,0.9889485793433463
SpiderMonkey_C2AI-lossy-geom-lossy-attrs_4.ply,SpiderMonkey.ply,C2AI-lossy-geom-lossy-attrs,12,4.5625,825325,762584,119.557124376297,2.0000762939453125,0.9824122037994486
SpiderMonkey_C2AI-lossy-geom-lossy-attrs_5.ply,SpiderMonkey.ply,C2AI-lossy-geom-lossy-attrs,12,4.0,825325,762778,119.64522790908813,2.004638671875,0.9714204662555609
SpiderMonkey_C2AI-lossy-geom-lossy-attrs_6.ply,SpiderMonkey.ply,C2AI-lossy-geom-lossy-attrs,12,3.46428571428571,825325,762187,120.26354932785034,2.030803680419922,0.9607270885710112
SpiderMonkey_C2AI-lossy-geom-lossy-attrs_7.ply,SpiderMonkey.ply,C2AI-lossy-geom-lossy-attrs,12,3.0,825325,759643,120.32327055931091,1.97186279296875,0.9480130346397928
SpiderMonkey_LocalLoss_1.ply,SpiderMonkey.ply,LocalLoss,28,3.82142857142857,825325,785998,119.1261293888092,2.0049896240234375,0.9960980853735187
SpiderMonkey_LocalLoss_2.ply,SpiderMonkey.ply,LocalLoss,28,3.60714285714286,825325,757421,119.06627464294434,2.0005226135253906,0.9932712637532727
SpiderMonkey_LocalLoss_3.ply,SpiderMonkey.ply,LocalLoss,28,2.53125,825325,677898,119.10542893409729,2.0036773681640625,0.9823353761712474
SpiderMonkey_LocalLoss_4.ply,SpiderMonkey.ply,LocalLoss,28,2.3,825325,599623,118.41796636581421,2.0512771606445312,0.9711199522895403
SpiderMonkey_LocalLoss_5.ply,SpiderMonkey.ply,LocalLoss,28,2.21428571428571,825325,530053,118.46546959877014,2.02203369140625,0.9623054044101393
Statue_GammaNoise_1.ply,Statue.ply,GammaNoise,2,3.3,800000,800000,110.74611830711365,1.7996253967285156,0.8667632589460418
Statue_GammaNoise_3.ply,Statue.ply,GammaNoise,2,2.96666666666667,800000,800000,110.31516361236572,1.8541831970214844,0.8210840873218223
Statue_GammaNoise_4.ply,Statue.ply,GammaNoise,2,3.14285714285714,800000,800000,110.62551188468933,1.8608856201171875,0.7979577429067235
Statue_GammaNoise_5.ply,Statue.ply,GammaNoise,2,2.85714285714286,800000,800000,111.05589389801025,1.8758125305175781,0.7692586474280103
Statue_GammaNoise_7.ply,Statue.ply,GammaNoise,2,2.28571428571429,800000,800000,111.03890323638916,1.8379745483398438,0.6856002260951334
Statue_HighFrequencyNoise_3.ply,Statue.ply,HighFrequencyNoise,18,3.53333333333333,800000,800000,111.5835952758789,1.8724212646484375,0.9849809484669745
Statue_HighFrequencyNoise_4.ply,Statue.ply,HighFrequencyNoise,18,3.3,800000,800000,111.35682010650635,1.8649520874023438,0.9842874248184293
Statue_HighFrequencyNoise_5.ply,Statue.ply,HighFrequencyNoise,18,3.375,800000,800000,112.38307595252991,1.8675193786621094,0.9837479313382985
Statue_HighFrequencyNoise_6.ply,Statue.ply,HighFrequencyNoise,18,3.1875,800000,800000,111.16091132164001,1.8809814453125,0.9783899136213754
Statue_HighFrequencyNoise_7.ply,Statue.ply,HighFrequencyNoise,18,2.28571428571429,800000,800000,111.71089196205139,1.8766441345214844,0.9726285857100319
Statue_limitlossyG-lossyA_3.ply,Statue.ply,limitlossyG-lossyA,5,4.89285714285714,800000,677404,109.80705213546753,1.8877525329589844,0.9973018958740433
Statue_limitlossyG-lossyA_4.ply,Statue.ply,limitlossyG-lossyA,5,4.4375,800000,442456,110.26718664169312,1.8945045471191406,0.992354565276836
Statue_limitlossyG-lossyA_5.ply,Statue.ply,limitlossyG-lossyA,5,2.75,800000,164196,109.24690055847168,1.8159370422363281,0.9765786748132206
Statue_limitlossyG-lossyA_6.ply,Statue.ply,limitlossyG-lossyA,5,2.07142857142857,800000,73075,109.18459582328796,1.8653488159179688,0.9634451094612225
Statue_limitlossyG-lossyA_7.ply,Statue.ply,limitlossyG-lossyA,5,1.64285714285714,800000,37044,112.15757775306702,1.8423004150390625,0.94454700084477
Statue_PoissonNoise_3.ply,Statue.ply,PoissonNoise,8,3.90625,800000,800000,110.61163473129272,1.8689842224121094,0.8665079394368177
Statue_PoissonNoise_4.ply,Statue.ply,PoissonNoise,8,3.63333333333333,800000,800000,110.18164420127869,1.8596458435058594,0.830081797546523
Statue_PoissonNoise_5.ply,Statue.ply,PoissonNoise,8,3.625,800000,800000,110.26423192024231,1.8701210021972656,0.7969505077425714
Statue_PoissonNoise_6.ply,Statue.ply,PoissonNoise,8,3.3,800000,800000,110.28069949150085,1.86053466796875,0.7665886705744577
Statue_PoissonNoise_7.ply,Statue.ply,PoissonNoise,8,3.46875,800000,800000,124.93463444709778,1.8316917419433594,0.7387616893355993
StreetRoad_losslessG-lossyA_3.ply,StreetRoad.ply,losslessG-lossyA,17,4.71428571428571,847925,847925,135.98292565345764,2.0783767700195312,0.9987140546643731
StreetRoad_losslessG-lossyA_4.ply,StreetRoad.ply,losslessG-lossyA,17,4.66666666666667,847925,847925,136.06487774848938,1.9870109558105469,0.9967505206853484
StreetRoad_losslessG-lossyA_5.ply,StreetRoad.ply,losslessG-lossyA,17,4.07142857142857,847925,847925,136.4227602481842,2.0610885620117188,0.988705482482305
StreetRoad_losslessG-lossyA_6.ply,StreetRoad.ply,losslessG-lossyA,17,3.32142857142857,847925,847925,145.44146490097046,1.97802734375,0.9790224170555392
StreetRoad_losslessG-lossyA_7.ply,StreetRoad.ply,losslessG-lossyA,17,3.0,847925,847925,135.4976351261139,1.9851760864257812,0.9674930223271804
StreetRoad_SaltpepperNoise_1.ply,StreetRoad.ply,SaltpepperNoise,15,3.7,847925,847925,135.00242352485657,1.9799880981445312,0.9901453057698146
StreetRoad_SaltpepperNoise_3.ply,StreetRoad.ply,SaltpepperNoise,15,2.75,847925,847925,136.14386320114136,1.9773216247558594,0.9698801695742478
StreetRoad_SaltpepperNoise_4.ply,StreetRoad.ply,SaltpepperNoise,15,2.875,847925,847925,136.19773745536804,2.05035400390625,0.9590175976709328
StreetRoad_SaltpepperNoise_5.ply,StreetRoad.ply,SaltpepperNoise,15,2.93333333333333,847925,847925,135.6747853755951,1.9826240539550781,0.9465403899162903
StreetRoad_SaltpepperNoise_7.ply,StreetRoad.ply,SaltpepperNoise,15,2.71875,847925,847925,136.0792932510376,1.9908561706542969,0.9249505871530826
Table_SaturationDistortion_1.ply,Table.ply,SaturationDistortion,29,4.32142857142857,838470,838470,126.97317290306091,1.9300575256347656,0.9980659146927313
Table_SaturationDistortion_2.ply,Table.ply,SaturationDistortion,29,3.28571428571429,838470,838470,126.81856799125671,1.9213829040527344,0.9963116578423903
Table_SaturationDistortion_3.ply,Table.ply,SaturationDistortion,29,3.13333333333333,838470,838470,132.95386719703674,1.9371147155761719,0.9927568645882275
Table_SaturationDistortion_4.ply,Table.ply,SaturationDistortion,29,2.60714285714286,838470,838470,127.39674234390259,1.9117698669433594,0.9917577743394832
Table_SaturationDistortion_5.ply,Table.ply,SaturationDistortion,29,2.46428571428571,838470,838470,127.17524266242981,1.9736442565917969,0.9892491553554472
Thaidancer_C2AI-lossy-geom-lossy-attrs_3.ply,Thaidancer.ply,C2AI-lossy-geom-lossy-attrs,12,4.35714285714286,800344,534670,119.47500252723694,1.9875030517578125,0.969895914101586
Thaidancer_C2AI-lossy-geom-lossy-attrs_4.ply,Thaidancer.ply,C2AI-lossy-geom-lossy-attrs,12,4.0625,800344,508641,114.95703959465027,1.8998374938964844,0.971114797986425
Thaidancer_C2AI-lossy-geom-lossy-attrs_5.ply,Thaidancer.ply,C2AI-lossy-geom-lossy-attrs,12,3.07142857142857,800344,488047,115.19190168380737,1.906494140625,0.9508438157197332
Thaidancer_C2AI-lossy-geom-lossy-attrs_6.ply,Thaidancer.ply,C2AI-lossy-geom-lossy-attrs,12,2.17857142857143,800344,479278,114.91243529319763,1.9443855285644531,0.946364612393885
Thaidancer_C2AI-lossy-geom-lossy-attrs_7.ply,Thaidancer.ply,C2AI-lossy-geom-lossy-attrs,12,2.32142857142857,800344,472866,115.40514945983887,1.9235458374023438,0.931416268176763
Thaidancer_ContrastDistortion_1.ply,Thaidancer.ply,ContrastDistortion,21,4.43333333333333,800344,800344,115.36839962005615,1.8870353698730469,0.8077190351809344
Thaidancer_ContrastDistortion_2.ply,Thaidancer.ply,ContrastDistortion,21,3.46666666666667,800344,800344,115.33863115310669,1.9139366149902344,0.644389756769745
Thaidancer_ContrastDistortion_3.ply,Thaidancer.ply,ContrastDistortion,21,3.1875,800344,800344,114.87162351608276,1.9896049499511719,0.5288101646692986
Thaidancer_ContrastDistortion_4.ply,Thaidancer.ply,ContrastDistortion,21,3.35714285714286,800344,800344,114.11939978599548,1.9477157592773438,0.45369891909964544
Thaidancer_ContrastDistortion_5.ply,Thaidancer.ply,ContrastDistortion,21,2.53571428571429,800344,800344,115.24950695037842,1.9343490600585938,0.40973141833833987
Thaidancer_LumaNoise_1.ply,Thaidancer.ply,LumaNoise,6,4.25,800344,800344,115.25231218338013,1.9286422729492188,0.8060199525789936
Thaidancer_LumaNoise_3.ply,Thaidancer.ply,LumaNoise,6,3.63333333333333,800344,800344,115.2329113483429,1.9426040649414062,0.566748463246224
Thaidancer_LumaNoise_4.ply,Thaidancer.ply,LumaNoise,6,3.10714285714286,800344,800344,115.1926589012146,1.9058074951171875,0.5092484219194898
Thaidancer_LumaNoise_5.ply,Thaidancer.ply,LumaNoise,6,3.03571428571429,800344,800344,115.51812314987183,1.9695816040039062,0.46324249884973684
Thaidancer_LumaNoise_7.ply,Thaidancer.ply,LumaNoise,6,2.67857142857143,800344,800344,118.90505814552307,1.9625320434570312,0.39555670820163197
TibetanFox_LocalLoss_1.ply,TibetanFox.ply,LocalLoss,28,2.75,823874,792547,116.30818223953247,1.9747886657714844,0.9987041706436757
TibetanFox_LocalLoss_2.ply,TibetanFox.ply,LocalLoss,28,2.53571428571429,823874,742836,116.14764046669006,1.9544677734375,0.9959173077953631
TibetanFox_LocalLoss_3.ply,TibetanFox.ply,LocalLoss,28,1.75,823874,669785,118.07286405563354,1.9157600402832031,0.9917409933280817
TibetanFox_LocalLoss_4.ply,TibetanFox.ply,LocalLoss,28,2.0,823874,599532,118.02148628234863,1.9934654235839844,0.9866615208743466
TibetanFox_LocalLoss_5.ply,TibetanFox.ply,LocalLoss,28,2.07142857142857,823874,518901,116.00572800636292,1.9876976013183594,0.9795851593557746
ToyDog_DownSample_3.ply,ToyDog.ply,DownSample,26,4.28571428571429,701110,385611,98.71926379203796,1.7041015625,0.9912225200383825
ToyDog_DownSample_4.ply,ToyDog.ply,DownSample,26,3.67857142857143,701110,280444,98.59763383865356,1.6722755432128906,0.9891348262026218
ToyDog_DownSample_5.ply,ToyDog.ply,DownSample,26,2.64285714285714,701110,210333,98.33726072311401,1.6766929626464844,0.987589671675175
ToyDog_DownSample_6.ply,ToyDog.ply,DownSample,26,2.64285714285714,701110,140222,98.36297559738159,1.6981773376464844,0.9856788634697977
ToyDog_DownSample_7.ply,ToyDog.ply,DownSample,26,2.17857142857143,701110,70111,98.48921585083008,1.6837310791015625,0.9826974038003149
ToyDog_lossless-geom-nearlossless-attrs_3.ply,ToyDog.ply,lossless-geom-nearlossless-attrs,9,4.93333333333333,701110,701110,98.29983234405518,1.7320098876953125,0.9964035753029952
ToyDog_lossless-geom-nearlossless-attrs_4.ply,ToyDog.ply,lossless-geom-nearlossless-attrs,9,4.92857142857143,701110,701110,98.1456367969513,1.7013587951660156,0.9909542756975196
ToyDog_lossless-geom-nearlossless-attrs_5.ply,ToyDog.ply,lossless-geom-nearlossless-attrs,9,3.5,701110,701110,98.41037368774414,1.7148056030273438,0.9580875331572153
ToyDog_lossless-geom-nearlossless-attrs_6.ply,ToyDog.ply,lossless-geom-nearlossless-attrs,9,2.90625,701110,701110,98.4516909122467,1.6820449829101562,0.803582283326009
ToyDog_lossless-geom-nearlossless-attrs_7.ply,ToyDog.ply,lossless-geom-nearlossless-attrs,9,1.60714285714286,701110,701110,97.8967456817627,1.6700935363769531,0.7021641971326484
ToyDog_MultiplicativeGaussianNoise_1.ply,ToyDog.ply,MultiplicativeGaussianNoise,3,3.92857142857143,701110,701110,98.05853533744812,1.666259765625,0.9914481210931452
ToyDog_MultiplicativeGaussianNoise_3.ply,ToyDog.ply,MultiplicativeGaussianNoise,3,3.46428571428571,701110,701110,98.33153867721558,1.6756324768066406,0.9848855323681438
ToyDog_MultiplicativeGaussianNoise_4.ply,ToyDog.ply,MultiplicativeGaussianNoise,3,3.40625,701110,701110,98.16583323478699,1.6828804016113281,0.9817223421249418
ToyDog_MultiplicativeGaussianNoise_5.ply,ToyDog.ply,MultiplicativeGaussianNoise,3,2.89285714285714,701110,701110,98.49195837974548,1.7116317749023438,0.97837792740542
ToyDog_MultiplicativeGaussianNoise_7.ply,ToyDog.ply,MultiplicativeGaussianNoise,3,2.92857142857143,701110,701110,98.1473560333252,1.7100410461425781,0.9566373351624374
ToyDog_reconstruction_3.ply,ToyDog.ply,reconstruction,4,3.7,701110,800000,101.77931332588196,1.7265472412109375,0.984686777357758
ToyDog_reconstruction_4.ply,ToyDog.ply,reconstruction,4,2.78571428571429,701110,800000,99.97830247879028,1.7464141845703125,0.9838224555709231
ToyDog_reconstruction_5.ply,ToyDog.ply,reconstruction,4,3.0625,701110,800000,100.25239706039429,1.7263908386230469,0.9828667948154347
ToyDog_reconstruction_6.ply,ToyDog.ply,reconstruction,4,2.71428571428571,701110,800000,100.93788933753967,1.711669921875,0.981045601889475
ToyDog_reconstruction_7.ply,ToyDog.ply,reconstruction,4,2.35714285714286,701110,800000,100.28083300590515,1.7007331848144531,0.9771211959886751
ToyDog_UniformNoise_1.ply,ToyDog.ply,UniformNoise,30,4.9,701110,701110,98.25786519050598,1.7408294677734375,0.9939427298688649
ToyDog_UniformNoise_3.ply,ToyDog.ply,UniformNoise,30,3.75,701110,701110,98.45085167884827,1.7331161499023438,0.9825537709536803
ToyDog_UniformNoise_4.ply,ToyDog.ply,UniformNoise,30,3.46428571428571,701110,701110,98.50355195999146,1.6659278869628906,0.9761191774279863
ToyDog_UniformNoise_5.ply,ToyDog.ply,UniformNoise,30,3.35714285714286,701110,701110,98.33728504180908,1.6832275390625,0.9662851588331971
ToyDog_UniformNoise_7.ply,ToyDog.ply,UniformNoise,30,3.0,701110,701110,98.73725318908691,1.6830406188964844,0.9322989707604362
Truck_ColorQuantizationDither_3.ply,Truck.ply,ColorQuantizationDither,24,3.82142857142857,817687,817687,117.46213603019714,1.9594345092773438,0.976295535548002
Truck_ColorQuantizationDither_4.ply,Truck.ply,ColorQuantizationDither,24,3.07142857142857,817687,817687,117.41816711425781,1.9531593322753906,0.9753137233175567
Truck_ColorQuantizationDither_5.ply,Truck.ply,ColorQuantizationDither,24,2.65625,817687,817687,117.5887942314148,1.9869041442871094,0.9585080224147539
Truck_ColorQuantizationDither_6.ply,Truck.ply,ColorQuantizationDither,24,2.46875,817687,817687,117.49947547912598,1.9377708435058594,0.9533644250516401
Truck_ColorQuantizationDither_7.ply,Truck.ply,ColorQuantizationDither,24,1.96428571428571,817687,817687,116.95069289207458,1.9939155578613281,0.9027528957698238
Truck_lossy-geom-lossy-attrs_3.ply,Truck.ply,lossy-geom-lossy-attrs,27,4.57142857142857,817687,794521,117.80134463310242,1.9757347106933594,0.9920035217091361
Truck_lossy-geom-lossy-attrs_4.ply,Truck.ply,lossy-geom-lossy-attrs,27,4.28571428571429,817687,736461,117.77034902572632,1.9842681884765625,0.9878914211423642
Truck_lossy-geom-lossy-attrs_5.ply,Truck.ply,lossy-geom-lossy-attrs,27,3.8125,817687,261254,117.07230949401855,1.963165283203125,0.9669257105724867
Truck_lossy-geom-lossy-attrs_6.ply,Truck.ply,lossy-geom-lossy-attrs,27,3.0,817687,70685,116.82205963134766,1.9251632690429688,0.9364851639516699
Truck_lossy-geom-lossy-attrs_7.ply,Truck.ply,lossy-geom-lossy-attrs,27,1.42857142857143,817687,18661,117.39130020141602,1.948486328125,0.894533416960807
Truck_PoissonNoise_3.ply,Truck.ply,PoissonNoise,8,4.10714285714286,817687,817687,117.43649339675903,1.9855308532714844,0.8336096015699085
Truck_PoissonNoise_4.ply,Truck.ply,PoissonNoise,8,3.67857142857143,817687,817687,119.88027882575989,1.9844856262207031,0.7944791474325015
Truck_PoissonNoise_5.ply,Truck.ply,PoissonNoise,8,3.85714285714286,817687,817687,116.83156895637512,1.9823799133300781,0.7600537372976232
Truck_PoissonNoise_6.ply,Truck.ply,PoissonNoise,8,3.17857142857143,817687,817687,116.81966185569763,1.9667892456054688,0.729465094513878
Truck_PoissonNoise_7.ply,Truck.ply,PoissonNoise,8,3.13333333333333,817687,817687,117.01173877716064,1.9777565002441406,0.7021550684211445
Whale_LocalOffset_1.ply,Whale.ply,LocalOffset,13,4.28571428571429,857576,857576,123.06117224693298,2.0177879333496094,0.9882455758878212
Whale_LocalOffset_2.ply,Whale.ply,LocalOffset,13,3.0,857576,857576,122.79411149024963,2.0489959716796875,0.9866498866396128
Whale_LocalOffset_3.ply,Whale.ply,LocalOffset,13,2.10714285714286,857576,857576,123.48975014686584,2.0338363647460938,0.9590405648298874
Whale_LocalOffset_4.ply,Whale.ply,LocalOffset,13,2.1,857576,857576,124.06610226631165,2.0206565856933594,0.9404864160028332
Whale_LocalOffset_5.ply,Whale.ply,LocalOffset,13,1.67857142857143,857576,857576,128.21658039093018,2.055267333984375,0.9294110968502725
WhiteTailedDeer_C2AI-lossy-geom-lossy-attrs_3.ply,WhiteTailedDeer.ply,C2AI-lossy-geom-lossy-attrs,12,4.43333333333333,865756,606734,124.65557885169983,2.0635528564453125,0.9939930503088807
WhiteTailedDeer_C2AI-lossy-geom-lossy-attrs_4.ply,WhiteTailedDeer.ply,C2AI-lossy-geom-lossy-attrs,12,3.85714285714286,865756,598504,124.73295164108276,2.1009178161621094,0.992336815017084
WhiteTailedDeer_C2AI-lossy-geom-lossy-attrs_5.ply,WhiteTailedDeer.ply,C2AI-lossy-geom-lossy-attrs,12,4.07142857142857,865756,589135,124.3167188167572,2.0754051208496094,0.9890432092604817
WhiteTailedDeer_C2AI-lossy-geom-lossy-attrs_6.ply,WhiteTailedDeer.ply,C2AI-lossy-geom-lossy-attrs,12,3.14285714285714,865756,592603,124.40895915031433,2.083770751953125,0.9859646193321641
WhiteTailedDeer_C2AI-lossy-geom-lossy-attrs_7.ply,WhiteTailedDeer.ply,C2AI-lossy-geom-lossy-attrs,12,2.83333333333333,865756,567165,124.02041435241699,2.124988555908203,0.9819246013422621
WhiteTailedDeer_LocalOffset_1.ply,WhiteTailedDeer.ply,LocalOffset,13,3.5,865756,865756,124.3026692867279,2.0787506103515625,0.9958160888789238
WhiteTailedDeer_LocalOffset_2.ply,WhiteTailedDeer.ply,LocalOffset,13,2.75,865756,865756,124.56493353843689,2.0485572814941406,0.9929827366550883
WhiteTailedDeer_LocalOffset_3.ply,WhiteTailedDeer.ply,LocalOffset,13,2.6875,865756,865756,124.80350017547607,2.0928878784179688,0.9861266180006114
WhiteTailedDeer_LocalOffset_4.ply,WhiteTailedDeer.ply,LocalOffset,13,2.0,865756,865756,134.88486337661743,2.070281982421875,0.9753617763869546
WhiteTailedDeer_LocalOffset_5.ply,WhiteTailedDeer.ply,LocalOffset,13,2.0,865756,865756,125.40614748001099,2.0750274658203125,0.9599702377967811
Wood_DownSample_3.ply,Wood.ply,DownSample,26,4.3,803992,442196,116.44191765785217,1.9461822509765625,0.9811785615186395
Wood_DownSample_4.ply,Wood.ply,DownSample,26,4.25,803992,321597,123.19211792945862,1.9028739929199219,0.9745836678860588
Wood_DownSample_5.ply,Wood.ply,DownSample,26,3.85714285714286,803992,241198,132.69284915924072,1.901275634765625,0.9695984660462902
Wood_DownSample_6.ply,Wood.ply,DownSample,26,2.85714285714286,803992,160798,116.28932237625122,1.9420356750488281,0.9636472274329884
Wood_DownSample_7.ply,Wood.ply,DownSample,26,2.46875,803992,80399,115.47861170768738,1.90850830078125,0.9557239744740209
Wood_Octree_1.ply,Wood.ply,Octree,1,2.84375,803992,82422,115.74695253372192,1.9181480407714844,0.956126931627704
Wood_Octree_2.ply,Wood.ply,Octree,1,2.375,803992,53315,115.27516293525696,1.9683837890625,0.9513961531458731
Wood_Octree_3.ply,Wood.ply,Octree,1,2.07142857142857,803992,37446,118.47626161575317,1.9493064880371094,0.9478545234162684
Wood_Octree_4.ply,Wood.ply,Octree,1,1.60714285714286,803992,27730,116.57268977165222,1.9183006286621094,0.9450303644578838
Wood_Octree_5.ply,Wood.ply,Octree,1,1.73333333333333,803992,21334,116.03895449638367,1.9228515625,0.9413927266480465
Wood_UniformNoise_1.ply,Wood.ply,UniformNoise,30,4.64285714285714,803992,803992,118.17962193489075,1.9267578125,0.9974607289691185
Wood_UniformNoise_3.ply,Wood.ply,UniformNoise,30,3.85714285714286,803992,803992,118.20484352111816,1.904205322265625,0.9925920429188145
Wood_UniformNoise_4.ply,Wood.ply,UniformNoise,30,4.0,803992,803992,118.07729530334473,1.9199676513671875,0.9899870721158988
Wood_UniformNoise_5.ply,Wood.ply,UniformNoise,30,3.07142857142857,803992,803992,119.0842719078064,1.9118309020996094,0.9873133960536815
Wood_UniformNoise_7.ply,Wood.ply,UniformNoise,30,3.10714285714286,803992,803992,116.9152500629425,1.8917617797851562,0.9813914656616033
