SIGNAL,REF,ATTACK,CLASS,SCORE,REF_NUM_POINTS,TEST_NUM_POINTS,TIME_TAKEN_SECONDS,PEAK_RAM_USAGE_GiB,FV_PointPCA2_0
bag_level_7.ply,bag.ply,Downsampling,0,9.59532455980262,1267845,49845,198.28867602348328,3.0161705017089844,0.9224935812328905
bag_level_8.ply,bag.ply,Downsampling,0,18.2379641459553,1267845,194332,199.8672914505005,3.0334091186523438,0.9464028240875018
bag_level_9.ply,bag.ply,Downsampling,0,82.7410789144631,1267845,677785,191.32823419570923,3.011322021484375,0.9731737232574538
bag_gsigma_0_tsigma_8.ply,bag.ply,Gaussian noise,1,88.7817189712178,1267845,1267845,184.45172142982483,3.0027618408203125,0.9968330702903797
bag_gsigma_0_tsigma_16.ply,bag.ply,Gaussian noise,1,86.2491113818562,1267845,1267845,183.48448038101196,3.080394744873047,0.993735031248162
bag_gsigma_0_tsigma_32.ply,bag.ply,Gaussian noise,1,62.1196403938335,1267845,1267845,185.28045344352722,3.045543670654297,0.9860722515846619
bag_gsigma_2_tsigma_8.ply,bag.ply,Gaussian noise,1,56.9214555314096,1267845,1217874,186.41891932487488,3.0600967407226562,0.9846045629504286
bag_gsigma_2_tsigma_16.ply,bag.ply,Gaussian noise,1,49.3647550891434,1267845,1217693,186.22271394729614,3.0660781860351562,0.9831052769588733
bag_gsigma_2_tsigma_32.ply,bag.ply,Gaussian noise,1,43.7538095677216,1267845,1217727,184.22720289230347,3.0904159545898438,0.977277507606221
bag_gsigma_4_tsigma_8.ply,bag.ply,Gaussian noise,1,22.3762041316303,1267845,1240419,184.68211913108826,3.0760879516601562,0.9686827054028506
bag_gsigma_4_tsigma_16.ply,bag.ply,Gaussian noise,1,21.9878476862278,1267845,1240337,184.65010476112366,3.07830810546875,0.9675786907891091
bag_gsigma_4_tsigma_32.ply,bag.ply,Gaussian noise,1,22.4361648162837,1267845,1240695,184.17949509620667,3.0314369201660156,0.9625216708113999
bag_tsl_4_tqs_64.ply,bag.ply,G-PCC (T)/S-PCC,2,67.0916886721881,1267845,2385574,186.27052879333496,3.1138763427734375,0.9566999976923964
bag_tsl_4_tqs_128.ply,bag.ply,G-PCC (T)/S-PCC,2,62.2162882133011,1267845,2385574,186.4118721485138,3.103302001953125,0.9557563010551843
bag_tsl_4_tqs_256.ply,bag.ply,G-PCC (T)/S-PCC,2,36.2660978831892,1267845,2385574,185.03876757621765,3.0252723693847656,0.9526732085409998
bag_tsl_4_tqs_512.ply,bag.ply,G-PCC (T)/S-PCC,2,20.8498128269944,1267845,2385574,184.73258113861084,3.0345458984375,0.9412801085676856
bag_tsl_6_tqs_64.ply,bag.ply,G-PCC (T)/S-PCC,2,58.5128737615267,1267845,2659327,185.36442112922668,3.2310447692871094,0.9713401061766119
bag_tsl_6_tqs_128.ply,bag.ply,G-PCC (T)/S-PCC,2,48.8898905359444,1267845,2659327,185.4878146648407,3.2228775024414062,0.9708173809269874
bag_tsl_6_tqs_256.ply,bag.ply,G-PCC (T)/S-PCC,2,40.2873934990621,1267845,2659327,185.95964860916138,3.247394561767578,0.9679765352505703
bag_tsl_6_tqs_512.ply,bag.ply,G-PCC (T)/S-PCC,2,24.6010683877856,1267845,2659327,191.10086297988892,3.2447433471679688,0.954637402038268
bag_tsl_8_tqs_64.ply,bag.ply,G-PCC (T)/S-PCC,2,90.3681766875632,1267845,3531799,188.86491084098816,3.3384628295898438,0.9644477752673415
bag_tsl_8_tqs_128.ply,bag.ply,G-PCC (T)/S-PCC,2,80.6616415941647,1267845,3531799,203.27530694007874,3.328136444091797,0.9652669650245888
bag_tsl_8_tqs_256.ply,bag.ply,G-PCC (T)/S-PCC,2,60.3856444714721,1267845,3531799,189.30845952033997,3.2879066467285156,0.966286668992072
bag_tsl_8_tqs_512.ply,bag.ply,G-PCC (T)/S-PCC,2,34.9574709410185,1267845,3531799,188.22584223747253,3.3346519470214844,0.9572696219413992
bag_gQP_1_tQP_1.ply,bag.ply,V-PCC,3,86.6945618613025,1267845,1749372,185.9102463722229,3.01025390625,0.9799187408413651
bag_gQP_1_tQP_2.ply,bag.ply,V-PCC,3,76.1453084496901,1267845,1749372,186.97653460502625,3.0222091674804688,0.9761837195675315
bag_gQP_1_tQP_3.ply,bag.ply,V-PCC,3,52.8555842894003,1267845,1749372,183.68442630767822,3.0687904357910156,0.9710819674216564
bag_gQP_2_tQP_1.ply,bag.ply,V-PCC,3,52.1814527021875,1267845,1738777,183.51660323143005,3.117534637451172,0.9754126460852532
bag_gQP_2_tQP_2.ply,bag.ply,V-PCC,3,49.3151135296929,1267845,1738777,183.38745975494385,3.071735382080078,0.9721696981600247
bag_gQP_2_tQP_3.ply,bag.ply,V-PCC,3,39.107369122024,1267845,1738777,182.85178995132446,3.1239089965820312,0.968000936567151
bag_gQP_3_tQP_1.ply,bag.ply,V-PCC,3,27.4403330919399,1267845,1733595,185.962543964386,3.0835494995117188,0.9701806353477703
bag_gQP_3_tQP_2.ply,bag.ply,V-PCC,3,32.0177234321528,1267845,1733595,182.76556277275085,3.0830421447753906,0.9673196646361397
bag_gQP_3_tQP_3.ply,bag.ply,V-PCC,3,29.6148646889688,1267845,1733595,182.9009232521057,3.0120162963867188,0.9637136544545934
bag_pqs_1_qs_16_rounded.ply,bag.ply,G-PCC (O)/L-PCC,4,90.340737997985,1267845,1267845,182.32933473587036,3.082775115966797,0.9973921059615308
bag_pqs_1_qs_32_rounded.ply,bag.ply,G-PCC (O)/L-PCC,4,81.8388457096111,1267845,1267845,179.71805596351624,3.042644500732422,0.9918349233212007
bag_pqs_1_qs_48_rounded.ply,bag.ply,G-PCC (O)/L-PCC,4,58.4355378897584,1267845,1267845,181.28472876548767,3.0419158935546875,0.983938452035657
bag_pqs_1_qs_64_rounded.ply,bag.ply,G-PCC (O)/L-PCC,4,62.5549192184665,1267845,1267845,178.76102304458618,3.059703826904297,0.9757644872283133
banana_level_7.ply,banana.ply,Downsampling,0,7.10902831352667,807184,30330,124.95870399475098,1.9455108642578125,0.9881509838537718
banana_level_8.ply,banana.ply,Downsampling,0,23.0834825714443,807184,118300,122.75256013870239,1.9887199401855469,0.9935169546161643
banana_level_9.ply,banana.ply,Downsampling,0,89.4915398669869,807184,416630,114.64429545402527,1.9894447326660156,0.9973366451840627
banana_gsigma_0_tsigma_8.ply,banana.ply,Gaussian noise,1,83.0931383025993,807184,807184,114.06516909599304,1.9025077819824219,0.9985128530851896
banana_gsigma_0_tsigma_16.ply,banana.ply,Gaussian noise,1,60.4722494001183,807184,807184,113.88277578353882,2.0211143493652344,0.9961038839419475
banana_gsigma_0_tsigma_32.ply,banana.ply,Gaussian noise,1,40.1130763441701,807184,807184,115.67979645729065,1.9638824462890625,0.9879027354577427
banana_gsigma_2_tsigma_8.ply,banana.ply,Gaussian noise,1,50.7551251381558,807184,773004,115.82367825508118,1.9535179138183594,0.9975527353756001
banana_gsigma_2_tsigma_16.ply,banana.ply,Gaussian noise,1,49.6677022084679,807184,772703,115.8615357875824,1.9771842956542969,0.9953245301472456
banana_gsigma_2_tsigma_32.ply,banana.ply,Gaussian noise,1,31.3462945352343,807184,772722,115.52471804618835,1.9610366821289062,0.9873642774085978
banana_gsigma_4_tsigma_8.ply,banana.ply,Gaussian noise,1,31.9770319731361,807184,788508,116.38044571876526,1.9460258483886719,0.9960909457135105
banana_gsigma_4_tsigma_16.ply,banana.ply,Gaussian noise,1,27.0171082189159,807184,788584,116.28747177124023,1.9839591979980469,0.9941315525465687
banana_gsigma_4_tsigma_32.ply,banana.ply,Gaussian noise,1,23.3834967411572,807184,788633,127.68092823028564,1.9427299499511719,0.9863866387510218
banana_tsl_4_tqs_64.ply,banana.ply,G-PCC (T)/S-PCC,2,54.1209241731388,807184,1518735,116.40745234489441,2.0121612548828125,0.9923250711163435
banana_tsl_4_tqs_128.ply,banana.ply,G-PCC (T)/S-PCC,2,52.4953846190015,807184,1518735,123.70042395591736,2.0001373291015625,0.9915385147605408
banana_tsl_4_tqs_256.ply,banana.ply,G-PCC (T)/S-PCC,2,34.1843128580733,807184,1518735,116.96733355522156,1.9984169006347656,0.990148677970328
banana_tsl_4_tqs_512.ply,banana.ply,G-PCC (T)/S-PCC,2,29.9430256355489,807184,1518735,139.5405855178833,1.9637641906738281,0.987910192050437
banana_tsl_6_tqs_64.ply,banana.ply,G-PCC (T)/S-PCC,2,83.1836298744513,807184,1635183,128.85084414482117,1.9880104064941406,0.9959165858700443
banana_tsl_6_tqs_128.ply,banana.ply,G-PCC (T)/S-PCC,2,79.9250076960411,807184,1635183,116.62503552436829,1.9547080993652344,0.994823404886919
banana_tsl_6_tqs_256.ply,banana.ply,G-PCC (T)/S-PCC,2,61.6295263474718,807184,1635183,116.37652802467346,1.9844322204589844,0.99302283497912
banana_tsl_6_tqs_512.ply,banana.ply,G-PCC (T)/S-PCC,2,35.8526510535147,807184,1635183,116.5998637676239,1.9501457214355469,0.9900778049309935
banana_tsl_8_tqs_64.ply,banana.ply,G-PCC (T)/S-PCC,2,84.6280711189862,807184,2175679,118.25681924819946,2.0186386108398438,0.9960909301700274
banana_tsl_8_tqs_128.ply,banana.ply,G-PCC (T)/S-PCC,2,86.1446543626836,807184,2175679,117.71177053451538,2.037677764892578,0.9951857352303964
banana_tsl_8_tqs_256.ply,banana.ply,G-PCC (T)/S-PCC,2,61.9014492914284,807184,2175679,117.50661087036133,1.9531097412109375,0.9935086481941371
banana_tsl_8_tqs_512.ply,banana.ply,G-PCC (T)/S-PCC,2,38.9680847722886,807184,2175679,117.72339272499084,2.00921630859375,0.9909229526753843
banana_gQP_1_tQP_1.ply,banana.ply,V-PCC,3,60.301355942402,807184,1055797,114.94470930099487,1.9800262451171875,0.9965500463336385
banana_gQP_1_tQP_2.ply,banana.ply,V-PCC,3,56.0595186291134,807184,1055797,114.94720482826233,1.9564208984375,0.9950653229880867
banana_gQP_1_tQP_3.ply,banana.ply,V-PCC,3,52.1423017478784,807184,1055797,114.90460348129272,1.99444580078125,0.9933020802909136
banana_gQP_2_tQP_1.ply,banana.ply,V-PCC,3,43.4769683944144,807184,1073657,140.84768509864807,1.9751167297363281,0.9962114294355523
banana_gQP_2_tQP_2.ply,banana.ply,V-PCC,3,43.982267163751,807184,1073657,136.04419898986816,1.97711181640625,0.9948762009227406
banana_gQP_2_tQP_3.ply,banana.ply,V-PCC,3,39.8085785384505,807184,1073657,122.61146211624146,1.9983978271484375,0.9931789721752319
banana_gQP_3_tQP_1.ply,banana.ply,V-PCC,3,29.1072666406237,807184,1058106,128.28656601905823,1.9455795288085938,0.9956972418168346
banana_gQP_3_tQP_2.ply,banana.ply,V-PCC,3,23.9563238811401,807184,1058106,115.81233239173889,1.9896202087402344,0.9945416072387046
banana_gQP_3_tQP_3.ply,banana.ply,V-PCC,3,22.6593928713673,807184,1058106,115.89291214942932,1.9784774780273438,0.9930386926817429
banana_pqs_1_qs_16_rounded.ply,banana.ply,G-PCC (O)/L-PCC,4,82.9255728240923,807184,807184,119.62926697731018,2.00927734375,0.9982870365557268
banana_pqs_1_qs_32_rounded.ply,banana.ply,G-PCC (O)/L-PCC,4,78.1095490115898,807184,807184,113.55547070503235,1.9871482849121094,0.9939752406378032
banana_pqs_1_qs_48_rounded.ply,banana.ply,G-PCC (O)/L-PCC,4,61.8940496570374,807184,807184,113.2293074131012,1.9925384521484375,0.9888226597207366
banana_pqs_1_qs_64_rounded.ply,banana.ply,G-PCC (O)/L-PCC,4,40.0154184565349,807184,807184,114.58717966079712,1.9875755310058594,0.9834808073694219
biscuits_level_7.ply,biscuits.ply,Downsampling,0,6.91047271435654,952579,37425,148.4602427482605,2.3039894104003906,0.9559980948026002
biscuits_level_8.ply,biscuits.ply,Downsampling,0,26.0782931903573,952579,145995,138.68681120872498,2.3227157592773438,0.976229716840129
biscuits_level_9.ply,biscuits.ply,Downsampling,0,78.9066204635677,952579,509107,135.8714997768402,2.318389892578125,0.992547481454502
biscuits_gsigma_0_tsigma_8.ply,biscuits.ply,Gaussian noise,1,82.2826667088248,952579,952579,134.53821730613708,2.3031845092773438,0.9983547913669057
biscuits_gsigma_0_tsigma_16.ply,biscuits.ply,Gaussian noise,1,70.8999140507115,952579,952579,143.29673862457275,2.3656272888183594,0.9965248198428769
biscuits_gsigma_0_tsigma_32.ply,biscuits.ply,Gaussian noise,1,40.4726299909337,952579,952579,134.94532752037048,2.3238296508789062,0.99124295925684
biscuits_gsigma_2_tsigma_8.ply,biscuits.ply,Gaussian noise,1,60.9307664700768,952579,915059,136.99615359306335,2.2975845336914062,0.9947116874528328
biscuits_gsigma_2_tsigma_16.ply,biscuits.ply,Gaussian noise,1,55.5454027377535,952579,914806,143.7352855205536,2.3585357666015625,0.9935053195117033
biscuits_gsigma_2_tsigma_32.ply,biscuits.ply,Gaussian noise,1,37.8585251636165,952579,915114,136.3212833404541,2.33721923828125,0.9889293584607823
biscuits_gsigma_4_tsigma_8.ply,biscuits.ply,Gaussian noise,1,46.5881520537883,952579,932199,137.513090133667,2.3525047302246094,0.9886782273409774
biscuits_gsigma_4_tsigma_16.ply,biscuits.ply,Gaussian noise,1,43.1335575048828,952579,931792,140.11216354370117,2.331787109375,0.9877973513978724
biscuits_gsigma_4_tsigma_32.ply,biscuits.ply,Gaussian noise,1,25.3793537368916,952579,932062,137.45366096496582,2.3320083618164062,0.9842338233120179
biscuits_tsl_4_tqs_64.ply,biscuits.ply,G-PCC (T)/S-PCC,2,18.0451544344017,952579,2064653,146.66693758964539,2.3584251403808594,0.971502570740535
biscuits_tsl_4_tqs_128.ply,biscuits.ply,G-PCC (T)/S-PCC,2,20.5642609568839,952579,2064653,140.89588809013367,2.3562965393066406,0.9695315296315408
biscuits_tsl_4_tqs_256.ply,biscuits.ply,G-PCC (T)/S-PCC,2,17.3871050794022,952579,2064653,139.06470847129822,2.2795143127441406,0.9657454832646963
biscuits_tsl_4_tqs_512.ply,biscuits.ply,G-PCC (T)/S-PCC,2,11.2989396340749,952579,2064653,166.48142647743225,2.3126564025878906,0.9606469185767103
biscuits_tsl_6_tqs_64.ply,biscuits.ply,G-PCC (T)/S-PCC,2,83.0091458231808,952579,2040656,142.85141324996948,2.2928810119628906,0.990313551475686
biscuits_tsl_6_tqs_128.ply,biscuits.ply,G-PCC (T)/S-PCC,2,68.9556829116783,952579,2040656,138.66358995437622,2.3645172119140625,0.9882228253076745
biscuits_tsl_6_tqs_256.ply,biscuits.ply,G-PCC (T)/S-PCC,2,46.8488477736057,952579,2040656,140.9620771408081,2.292083740234375,0.9837070554151596
biscuits_tsl_6_tqs_512.ply,biscuits.ply,G-PCC (T)/S-PCC,2,27.4947960395713,952579,2040656,138.89714121818542,2.353912353515625,0.9758786960797331
biscuits_tsl_8_tqs_64.ply,biscuits.ply,G-PCC (T)/S-PCC,2,81.6069470425006,952579,2663009,140.83340740203857,2.532878875732422,0.9907294601832694
biscuits_tsl_8_tqs_128.ply,biscuits.ply,G-PCC (T)/S-PCC,2,71.1781634010122,952579,2663009,140.8514211177826,2.46368408203125,0.9893132650895694
biscuits_tsl_8_tqs_256.ply,biscuits.ply,G-PCC (T)/S-PCC,2,50.5576824003506,952579,2663009,140.1503131389618,2.488262176513672,0.985604309823534
biscuits_tsl_8_tqs_512.ply,biscuits.ply,G-PCC (T)/S-PCC,2,24.2646277437371,952579,2663009,140.32887721061707,2.4861907958984375,0.9780246487477283
biscuits_gQP_1_tQP_1.ply,biscuits.ply,V-PCC,3,80.6477298716552,952579,1396618,138.09660816192627,2.3111648559570312,0.9917318890688821
biscuits_gQP_1_tQP_2.ply,biscuits.ply,V-PCC,3,69.6636406326868,952579,1396618,138.79373216629028,2.3383827209472656,0.9887638530744117
biscuits_gQP_1_tQP_3.ply,biscuits.ply,V-PCC,3,55.2905776230521,952579,1396618,138.07188606262207,2.3228721618652344,0.9850286302460644
biscuits_gQP_2_tQP_1.ply,biscuits.ply,V-PCC,3,68.1340514058868,952579,1393118,139.38352370262146,2.28851318359375,0.9909787425731075
biscuits_gQP_2_tQP_2.ply,biscuits.ply,V-PCC,3,65.2907505243469,952579,1393118,137.18224096298218,2.3232650756835938,0.9881944590209336
biscuits_gQP_2_tQP_3.ply,biscuits.ply,V-PCC,3,53.113349303426,952579,1393118,137.16939687728882,2.3005447387695312,0.9846200927495274
biscuits_gQP_3_tQP_1.ply,biscuits.ply,V-PCC,3,67.1480668654126,952579,1407515,150.95403790473938,2.2914695739746094,0.989482201119256
biscuits_gQP_3_tQP_2.ply,biscuits.ply,V-PCC,3,54.1912987291856,952579,1407515,137.3797357082367,2.332477569580078,0.9867366434783194
biscuits_gQP_3_tQP_3.ply,biscuits.ply,V-PCC,3,45.6768554152778,952579,1407515,150.39396977424622,2.3426437377929688,0.9835998668280487
biscuits_pqs_1_qs_16_rounded.ply,biscuits.ply,G-PCC (O)/L-PCC,4,85.0818696568213,952579,952579,137.2887532711029,2.3112716674804688,0.9980382784127455
biscuits_pqs_1_qs_32_rounded.ply,biscuits.ply,G-PCC (O)/L-PCC,4,74.4478809868645,952579,952579,137.03877449035645,2.289112091064453,0.9929230801439136
biscuits_pqs_1_qs_48_rounded.ply,biscuits.ply,G-PCC (O)/L-PCC,4,40.2038171566461,952579,952579,136.76049137115479,2.3469505310058594,0.9855650436309239
biscuits_pqs_1_qs_64_rounded.ply,biscuits.ply,G-PCC (O)/L-PCC,4,24.0311580218429,952579,952579,136.72925233840942,2.337482452392578,0.9782989367693702
cake_level_7.ply,cake.ply,Downsampling,0,7.77036630933149,2486566,86501,356.86334896087646,6.002208709716797,0.8999860362171039
cake_level_8.ply,cake.ply,Downsampling,0,17.0859315355819,2486566,341553,354.8848433494568,6.034297943115234,0.946679546003105
cake_level_9.ply,cake.ply,Downsampling,0,64.345121670555,2486566,1205333,359.0815386772156,5.941463470458984,0.9808988402848899
cake_gsigma_0_tsigma_8.ply,cake.ply,Gaussian noise,1,82.3590312049873,2486566,2486566,358.58475971221924,6.108028411865234,0.9876740800839338
cake_gsigma_0_tsigma_16.ply,cake.ply,Gaussian noise,1,68.4854323789437,2486566,2486566,354.72546339035034,6.080410003662109,0.9698164993904257
cake_gsigma_0_tsigma_32.ply,cake.ply,Gaussian noise,1,44.2810515123353,2486566,2486566,353.7119960784912,5.959293365478516,0.938021043880508
cake_gsigma_2_tsigma_8.ply,cake.ply,Gaussian noise,1,67.1418394852242,2486566,2376336,361.3529362678528,6.029834747314453,0.9804951195655932
cake_gsigma_2_tsigma_16.ply,cake.ply,Gaussian noise,1,58.6861334648242,2486566,2375722,380.0804879665375,5.880092620849609,0.9642615647881468
cake_gsigma_2_tsigma_32.ply,cake.ply,Gaussian noise,1,40.5821688086074,2486566,2376156,357.96123909950256,5.916908264160156,0.9342679803590033
cake_gsigma_4_tsigma_8.ply,cake.ply,Gaussian noise,1,50.0208990235177,2486566,2424426,360.8753020763397,5.936149597167969,0.9674266498634857
cake_gsigma_4_tsigma_16.ply,cake.ply,Gaussian noise,1,45.0085000603682,2486566,2424580,360.6787989139557,6.078361511230469,0.9527070416858721
cake_gsigma_4_tsigma_32.ply,cake.ply,Gaussian noise,1,33.5864561619986,2486566,2424214,365.38055181503296,6.002407073974609,0.9253335971781131
cake_tsl_4_tqs_64.ply,cake.ply,G-PCC (T)/S-PCC,2,83.7601889304529,2486566,3988069,363.40174102783203,6.173206329345703,0.960796248850903
cake_tsl_4_tqs_128.ply,cake.ply,G-PCC (T)/S-PCC,2,71.4192006225946,2486566,3988069,361.7502233982086,6.151660919189453,0.9542883426451144
cake_tsl_4_tqs_256.ply,cake.ply,G-PCC (T)/S-PCC,2,53.06015189417,2486566,3988069,362.01080656051636,6.327266693115234,0.9429812866670343
cake_tsl_4_tqs_512.ply,cake.ply,G-PCC (T)/S-PCC,2,21.540601757417,2486566,3988069,367.4778141975403,6.2292022705078125,0.924465880537465
cake_tsl_6_tqs_64.ply,cake.ply,G-PCC (T)/S-PCC,2,82.758494070103,2486566,4585291,367.59017062187195,6.356597900390625,0.9761102943258055
cake_tsl_6_tqs_128.ply,cake.ply,G-PCC (T)/S-PCC,2,79.7423791075781,2486566,4585291,369.107967376709,6.3392791748046875,0.9684084370711009
cake_tsl_6_tqs_256.ply,cake.ply,G-PCC (T)/S-PCC,2,51.5022683172203,2486566,4585291,361.8794331550598,6.349822998046875,0.9561997037166059
cake_tsl_6_tqs_512.ply,cake.ply,G-PCC (T)/S-PCC,2,27.3954821215605,2486566,4585291,364.3101191520691,6.395450592041016,0.9335540684400283
cake_tsl_8_tqs_64.ply,cake.ply,G-PCC (T)/S-PCC,2,90.6540825183606,2486566,6308200,367.1879391670227,6.503501892089844,0.977303573676353
cake_tsl_8_tqs_128.ply,cake.ply,G-PCC (T)/S-PCC,2,83.1920702766834,2486566,6308200,367.9108393192291,6.461612701416016,0.9708070590843847
cake_tsl_8_tqs_256.ply,cake.ply,G-PCC (T)/S-PCC,2,62.1457518157293,2486566,6308200,367.3235945701599,6.467067718505859,0.9595993059333802
cake_tsl_8_tqs_512.ply,cake.ply,G-PCC (T)/S-PCC,2,32.9655251142529,2486566,6308200,367.3598129749298,6.501152038574219,0.9395713472808018
cake_gQP_1_tQP_1.ply,cake.ply,V-PCC,3,80.2052650200606,2486566,2938768,358.8354184627533,6.204948425292969,0.981888829453586
cake_gQP_1_tQP_2.ply,cake.ply,V-PCC,3,71.9209757291828,2486566,2938768,368.86382961273193,6.177040100097656,0.9686907737228858
cake_gQP_1_tQP_3.ply,cake.ply,V-PCC,3,53.3831320857794,2486566,2938768,361.2131052017212,6.183589935302734,0.956921452183506
cake_gQP_2_tQP_1.ply,cake.ply,V-PCC,3,55.7972335545827,2486566,2881122,361.1478011608124,6.089710235595703,0.9806954145300865
cake_gQP_2_tQP_2.ply,cake.ply,V-PCC,3,51.1128466069268,2486566,2881122,360.94335532188416,6.148067474365234,0.9675416766012439
cake_gQP_2_tQP_3.ply,cake.ply,V-PCC,3,49.4090771166687,2486566,2881122,360.0602397918701,6.1436309814453125,0.9562502819717549
cake_gQP_3_tQP_1.ply,cake.ply,V-PCC,3,27.0367428218134,2486566,2900127,361.5109977722168,6.200725555419922,0.9756250687794588
cake_gQP_3_tQP_2.ply,cake.ply,V-PCC,3,25.9380433382507,2486566,2900127,376.73849272727966,6.102912902832031,0.9643195120004496
cake_gQP_3_tQP_3.ply,cake.ply,V-PCC,3,25.6380268432067,2486566,2900127,365.7296380996704,6.234672546386719,0.9539135582414947
cake_pqs_1_qs_16_rounded.ply,cake.ply,G-PCC (O)/L-PCC,4,90.7820152659122,2486566,2486566,353.85493063926697,6.0117950439453125,0.9823003386094896
cake_pqs_1_qs_32_rounded.ply,cake.ply,G-PCC (O)/L-PCC,4,62.3118503892637,2486566,2486566,369.3450391292572,6.0366668701171875,0.9566429414260814
cake_pqs_1_qs_48_rounded.ply,cake.ply,G-PCC (O)/L-PCC,4,34.5621685118863,2486566,2486566,379.402446269989,6.15118408203125,0.9271300393902021
cake_pqs_1_qs_64_rounded.ply,cake.ply,G-PCC (O)/L-PCC,4,24.8590251527503,2486566,2486566,396.0877413749695,6.047229766845703,0.8982666114291057
cauliflower_level_7.ply,cauliflower.ply,Downsampling,0,8.79345962299418,1936627,74928,292.8761773109436,4.620388031005859,0.9812219375867307
cauliflower_level_8.ply,cauliflower.ply,Downsampling,0,16.0306030369897,1936627,284591,304.19629549980164,4.636142730712891,0.9897276966263647
cauliflower_level_9.ply,cauliflower.ply,Downsampling,0,74.6811494247904,1936627,971182,277.51774525642395,4.633819580078125,0.9964298098203577
cauliflower_gsigma_0_tsigma_8.ply,cauliflower.ply,Gaussian noise,1,77.7622683284028,1936627,1936627,276.6227400302887,4.687976837158203,0.9985580275525031
cauliflower_gsigma_0_tsigma_16.ply,cauliflower.ply,Gaussian noise,1,57.425103805969,1936627,1936627,281.62980818748474,4.737709045410156,0.9970902386398004
cauliflower_gsigma_0_tsigma_32.ply,cauliflower.ply,Gaussian noise,1,40.190717226665,1936627,1936627,281.2996606826782,4.586395263671875,0.9932266401287013
cauliflower_gsigma_2_tsigma_8.ply,cauliflower.ply,Gaussian noise,1,64.1622967039307,1936627,1861533,299.5613408088684,4.640350341796875,0.997442562232815
cauliflower_gsigma_2_tsigma_16.ply,cauliflower.ply,Gaussian noise,1,53.1317191703664,1936627,1861535,294.58032417297363,4.61810302734375,0.9963071875784549
cauliflower_gsigma_2_tsigma_32.ply,cauliflower.ply,Gaussian noise,1,31.3681861609079,1936627,1862289,279.6519424915314,4.638591766357422,0.9927025353236454
cauliflower_gsigma_4_tsigma_8.ply,cauliflower.ply,Gaussian noise,1,47.8571729909968,1936627,1895931,287.26539492607117,4.755329132080078,0.9950902738567429
cauliflower_gsigma_4_tsigma_16.ply,cauliflower.ply,Gaussian noise,1,44.4047016090656,1936627,1895970,301.098069190979,4.597927093505859,0.9942842312021303
cauliflower_gsigma_4_tsigma_32.ply,cauliflower.ply,Gaussian noise,1,27.3258415882843,1936627,1896101,284.61534452438354,4.746845245361328,0.9911189453959269
cauliflower_tsl_4_tqs_64.ply,cauliflower.ply,G-PCC (T)/S-PCC,2,61.9039972872389,1936627,3553575,314.54365968704224,4.952007293701172,0.989925023731197
cauliflower_tsl_4_tqs_128.ply,cauliflower.ply,G-PCC (T)/S-PCC,2,42.188692944374,1936627,3553575,283.2206163406372,4.902061462402344,0.9881727264531368
cauliflower_tsl_4_tqs_256.ply,cauliflower.ply,G-PCC (T)/S-PCC,2,33.1300686929086,1936627,3553575,287.4268248081207,4.869640350341797,0.9853138006830823
cauliflower_tsl_4_tqs_512.ply,cauliflower.ply,G-PCC (T)/S-PCC,2,26.6104175998077,1936627,3553575,303.13378620147705,4.853137969970703,0.9809551484265906
cauliflower_tsl_6_tqs_64.ply,cauliflower.ply,G-PCC (T)/S-PCC,2,75.5339573340953,1936627,4102714,286.91442584991455,4.948692321777344,0.9951316149495647
cauliflower_tsl_6_tqs_128.ply,cauliflower.ply,G-PCC (T)/S-PCC,2,64.2706535471644,1936627,4102714,285.43680477142334,5.057521820068359,0.9930077452065467
cauliflower_tsl_6_tqs_256.ply,cauliflower.ply,G-PCC (T)/S-PCC,2,41.8663397248415,1936627,4102714,283.85625743865967,4.907886505126953,0.9893715096895093
cauliflower_tsl_6_tqs_512.ply,cauliflower.ply,G-PCC (T)/S-PCC,2,29.7421656574121,1936627,4102714,283.9790780544281,4.923229217529297,0.9841765852902551
cauliflower_tsl_8_tqs_64.ply,cauliflower.ply,G-PCC (T)/S-PCC,2,92.8513690778754,1936627,5058107,285.74177050590515,4.9571990966796875,0.9956201367706035
cauliflower_tsl_8_tqs_128.ply,cauliflower.ply,G-PCC (T)/S-PCC,2,79.7652667648818,1936627,5058107,287.3083384037018,4.982852935791016,0.9937371865960161
cauliflower_tsl_8_tqs_256.ply,cauliflower.ply,G-PCC (T)/S-PCC,2,43.9879089599129,1936627,5058107,286.7809479236603,5.073799133300781,0.9902774947373708
cauliflower_tsl_8_tqs_512.ply,cauliflower.ply,G-PCC (T)/S-PCC,2,27.7443960854802,1936627,5058107,286.59707379341125,5.031185150146484,0.9851339502518411
cauliflower_gQP_1_tQP_1.ply,cauliflower.ply,V-PCC,3,87.6248392427318,1936627,2738378,281.67275643348694,4.816719055175781,0.9967971302516705
cauliflower_gQP_1_tQP_2.ply,cauliflower.ply,V-PCC,3,69.9340182104258,1936627,2738378,283.16441440582275,4.786796569824219,0.9934602068611095
cauliflower_gQP_1_tQP_3.ply,cauliflower.ply,V-PCC,3,55.8664800791356,1936627,2738378,280.02228569984436,4.917041778564453,0.9901541710035971
cauliflower_gQP_2_tQP_1.ply,cauliflower.ply,V-PCC,3,77.6400648006452,1936627,2745623,280.03781294822693,4.794704437255859,0.9965149155597754
cauliflower_gQP_2_tQP_2.ply,cauliflower.ply,V-PCC,3,61.7264692699532,1936627,2745623,280.98762583732605,4.885215759277344,0.9933216077424171
cauliflower_gQP_2_tQP_3.ply,cauliflower.ply,V-PCC,3,50.2228411565292,1936627,2745623,280.41097831726074,4.911064147949219,0.9901566511608563
cauliflower_gQP_3_tQP_1.ply,cauliflower.ply,V-PCC,3,34.4736481448513,1936627,2743215,283.4049582481384,4.875633239746094,0.995459407728566
cauliflower_gQP_3_tQP_2.ply,cauliflower.ply,V-PCC,3,27.4116195543465,1936627,2743215,280.80018377304077,4.805858612060547,0.9926113141334482
cauliflower_gQP_3_tQP_3.ply,cauliflower.ply,V-PCC,3,30.2313975655941,1936627,2743215,280.0540475845337,4.935810089111328,0.9897110622489932
cauliflower_pqs_1_qs_16_rounded.ply,cauliflower.ply,G-PCC (O)/L-PCC,4,90.0384616380816,1936627,1936627,274.6633789539337,4.607475280761719,0.9980915475316795
cauliflower_pqs_1_qs_32_rounded.ply,cauliflower.ply,G-PCC (O)/L-PCC,4,63.72945613739,1936627,1936627,274.56097292900085,4.6883697509765625,0.9920379268011295
cauliflower_pqs_1_qs_48_rounded.ply,cauliflower.ply,G-PCC (O)/L-PCC,4,27.0784601811131,1936627,1936627,275.3801476955414,4.652973175048828,0.9842307094169662
cauliflower_pqs_1_qs_64_rounded.ply,cauliflower.ply,G-PCC (O)/L-PCC,4,14.4033486133223,1936627,1936627,276.39687871932983,4.712871551513672,0.9772295077135471
flowerpot_level_7.ply,flowerpot.ply,Downsampling,0,11.7348495259638,2407154,94358,344.9219422340393,5.813510894775391,0.9493452180753565
flowerpot_level_8.ply,flowerpot.ply,Downsampling,0,17.7469962385862,2407154,357065,344.5279049873352,5.800083160400391,0.9762988858363463
flowerpot_level_9.ply,flowerpot.ply,Downsampling,0,52.6254956315215,2407154,1214369,345.84564566612244,5.6819915771484375,0.9916041780990075
flowerpot_gsigma_0_tsigma_8.ply,flowerpot.ply,Gaussian noise,1,84.3226269898052,2407154,2407154,342.4240028858185,5.772556304931641,0.996455473280421
flowerpot_gsigma_0_tsigma_16.ply,flowerpot.ply,Gaussian noise,1,62.7235669705197,2407154,2407154,343.2303581237793,5.751686096191406,0.9928727573176891
flowerpot_gsigma_0_tsigma_32.ply,flowerpot.ply,Gaussian noise,1,41.9249239367615,2407154,2407154,345.3036468029022,5.832378387451172,0.9831938059059495
flowerpot_gsigma_2_tsigma_8.ply,flowerpot.ply,Gaussian noise,1,54.1259312078341,2407154,2315958,364.34038972854614,5.881832122802734,0.9938146811868618
flowerpot_gsigma_2_tsigma_16.ply,flowerpot.ply,Gaussian noise,1,45.6818840559956,2407154,2315823,350.91069746017456,5.840198516845703,0.9907877596368713
flowerpot_gsigma_2_tsigma_32.ply,flowerpot.ply,Gaussian noise,1,32.1113064578863,2407154,2315404,348.14559721946716,5.946857452392578,0.9815689363655727
flowerpot_gsigma_4_tsigma_8.ply,flowerpot.ply,Gaussian noise,1,43.8370417260597,2407154,2357959,348.21256852149963,5.756317138671875,0.9884657553647392
flowerpot_gsigma_4_tsigma_16.ply,flowerpot.ply,Gaussian noise,1,41.9295321389383,2407154,2358190,348.45063495635986,5.839447021484375,0.9861768228998073
flowerpot_gsigma_4_tsigma_32.ply,flowerpot.ply,Gaussian noise,1,30.1314738384279,2407154,2358241,347.3816592693329,5.841697692871094,0.9779122640744989
flowerpot_tsl_4_tqs_64.ply,flowerpot.ply,G-PCC (T)/S-PCC,2,8.19172835677341,2407154,4948684,355.5273184776306,6.037250518798828,0.9533247649627007
flowerpot_tsl_4_tqs_128.ply,flowerpot.ply,G-PCC (T)/S-PCC,2,4.54807147450145,2407154,4948684,357.41646242141724,6.246616363525391,0.9492988736285599
flowerpot_tsl_4_tqs_256.ply,flowerpot.ply,G-PCC (T)/S-PCC,2,9.0163937718047,2407154,4948684,356.0518181324005,6.0403289794921875,0.9401483722143713
flowerpot_tsl_4_tqs_512.ply,flowerpot.ply,G-PCC (T)/S-PCC,2,9.0186180484818,2407154,4948684,359.6889343261719,6.215553283691406,0.9284439048912795
flowerpot_tsl_6_tqs_64.ply,flowerpot.ply,G-PCC (T)/S-PCC,2,72.4189413626024,2407154,5223206,353.1951344013214,6.224296569824219,0.988958919409929
flowerpot_tsl_6_tqs_128.ply,flowerpot.ply,G-PCC (T)/S-PCC,2,61.5694895262982,2407154,5223206,360.0296902656555,6.232112884521484,0.9843066959972977
flowerpot_tsl_6_tqs_256.ply,flowerpot.ply,G-PCC (T)/S-PCC,2,38.4413014305076,2407154,5223206,353.6980023384094,6.364906311035156,0.9762893264390006
flowerpot_tsl_6_tqs_512.ply,flowerpot.ply,G-PCC (T)/S-PCC,2,24.9941486125491,2407154,5223206,353.4408438205719,6.268260955810547,0.9636328217355976
flowerpot_tsl_8_tqs_64.ply,flowerpot.ply,G-PCC (T)/S-PCC,2,91.6936914587421,2407154,6321352,354.638671875,6.395381927490234,0.9897047713495385
flowerpot_tsl_8_tqs_128.ply,flowerpot.ply,G-PCC (T)/S-PCC,2,76.2621822375761,2407154,6321352,354.45949721336365,6.34375,0.9856169707960476
flowerpot_tsl_8_tqs_256.ply,flowerpot.ply,G-PCC (T)/S-PCC,2,50.3957702019072,2407154,6321352,352.2545647621155,6.263111114501953,0.9781892318202895
flowerpot_tsl_8_tqs_512.ply,flowerpot.ply,G-PCC (T)/S-PCC,2,31.2096695009062,2407154,6321352,352.2118766307831,6.373302459716797,0.9661075414437701
flowerpot_gQP_1_tQP_1.ply,flowerpot.ply,V-PCC,3,77.99248910175,2407154,3491771,351.54522609710693,6.074745178222656,0.9921603801290413
flowerpot_gQP_1_tQP_2.ply,flowerpot.ply,V-PCC,3,70.8296766394925,2407154,3491771,353.5071315765381,6.031208038330078,0.9852069331036255
flowerpot_gQP_1_tQP_3.ply,flowerpot.ply,V-PCC,3,56.3370204241284,2407154,3491771,362.77743911743164,5.977943420410156,0.9782551793779907
flowerpot_gQP_2_tQP_1.ply,flowerpot.ply,V-PCC,3,61.4786024624689,2407154,3466571,373.846328496933,6.146434783935547,0.9919968147666984
flowerpot_gQP_2_tQP_2.ply,flowerpot.ply,V-PCC,3,54.3533386331632,2407154,3466571,392.6073875427246,6.098110198974609,0.9850776954723615
flowerpot_gQP_2_tQP_3.ply,flowerpot.ply,V-PCC,3,37.9771545278842,2407154,3466571,346.56058168411255,6.030529022216797,0.9780467174339238
flowerpot_gQP_3_tQP_1.ply,flowerpot.ply,V-PCC,3,30.8391867121232,2407154,3476794,350.1076555252075,6.060630798339844,0.9906915241734123
flowerpot_gQP_3_tQP_2.ply,flowerpot.ply,V-PCC,3,28.3167462715054,2407154,3476794,353.80912494659424,5.971435546875,0.984138277006836
flowerpot_gQP_3_tQP_3.ply,flowerpot.ply,V-PCC,3,33.1740332606834,2407154,3476794,353.9109454154968,6.067661285400391,0.9776411047605258
flowerpot_pqs_1_qs_16_rounded.ply,flowerpot.ply,G-PCC (O)/L-PCC,4,91.3327012672768,2407154,2407154,353.8018136024475,5.788196563720703,0.9935700988924036
flowerpot_pqs_1_qs_32_rounded.ply,flowerpot.ply,G-PCC (O)/L-PCC,4,74.4030424655004,2407154,2407154,342.19613003730774,5.78790283203125,0.9775103330457826
flowerpot_pqs_1_qs_48_rounded.ply,flowerpot.ply,G-PCC (O)/L-PCC,4,51.5710745665287,2407154,2407154,345.6674077510834,5.744556427001953,0.9619528522748275
flowerpot_pqs_1_qs_64_rounded.ply,flowerpot.ply,G-PCC (O)/L-PCC,4,27.7427320411109,2407154,2407154,386.70678639411926,5.888160705566406,0.9415237700998144
glasses_case_level_7.ply,glasses_case.ply,Downsampling,0,10.7032561194691,716659,30274,101.4283835887909,1.754119873046875,0.8567132958851573
glasses_case_level_8.ply,glasses_case.ply,Downsampling,0,19.0397525858106,716659,112891,102.09170269966125,1.7429161071777344,0.9158175949306757
glasses_case_level_9.ply,glasses_case.ply,Downsampling,0,69.2481367300966,716659,377846,102.19094586372375,1.7686996459960938,0.9733129418250388
glasses_case_gsigma_0_tsigma_8.ply,glasses_case.ply,Gaussian noise,1,89.9949676303739,716659,716659,110.67478704452515,1.7152175903320312,0.9965953598284706
glasses_case_gsigma_0_tsigma_16.ply,glasses_case.ply,Gaussian noise,1,78.2269592165331,716659,716659,101.82302498817444,1.7596168518066406,0.9918692626217064
glasses_case_gsigma_0_tsigma_32.ply,glasses_case.ply,Gaussian noise,1,57.4617407490248,716659,716659,101.6642050743103,1.787384033203125,0.9813634767172447
glasses_case_gsigma_2_tsigma_8.ply,glasses_case.ply,Gaussian noise,1,42.952054934517,716659,692036,102.82914900779724,1.7863502502441406,0.9854816474571826
glasses_case_gsigma_2_tsigma_16.ply,glasses_case.ply,Gaussian noise,1,43.9612573917012,716659,691435,102.58322787284851,1.7432708740234375,0.9824833999430859
glasses_case_gsigma_2_tsigma_32.ply,glasses_case.ply,Gaussian noise,1,32.3398435662801,716659,691653,103.1158492565155,1.7591629028320312,0.9736638303283707
glasses_case_gsigma_4_tsigma_8.ply,glasses_case.ply,Gaussian noise,1,22.295185065523,716659,703340,102.82247567176819,1.6917381286621094,0.9659129999053588
glasses_case_gsigma_4_tsigma_16.ply,glasses_case.ply,Gaussian noise,1,21.5350225134671,716659,703248,106.63410186767578,1.7379417419433594,0.9639602985727866
glasses_case_gsigma_4_tsigma_32.ply,glasses_case.ply,Gaussian noise,1,26.6870597393433,716659,703384,126.7190272808075,1.7283668518066406,0.9573910029244318
glasses_case_tsl_4_tqs_64.ply,glasses_case.ply,G-PCC (T)/S-PCC,2,81.0459994550797,716659,1605920,104.71140813827515,1.7488288879394531,0.9723430495666961
glasses_case_tsl_4_tqs_128.ply,glasses_case.ply,G-PCC (T)/S-PCC,2,73.2413547710151,716659,1605920,116.28277587890625,1.7451667785644531,0.9709137943267349
glasses_case_tsl_4_tqs_256.ply,glasses_case.ply,G-PCC (T)/S-PCC,2,54.6614265326877,716659,1605920,114.90706157684326,1.7781410217285156,0.9655830932404296
glasses_case_tsl_4_tqs_512.ply,glasses_case.ply,G-PCC (T)/S-PCC,2,28.1064993772842,716659,1605920,104.38931798934937,1.7493972778320312,0.9488938096028867
glasses_case_tsl_6_tqs_64.ply,glasses_case.ply,G-PCC (T)/S-PCC,2,53.7867656915953,716659,1679145,106.21911787986755,1.7824630737304688,0.973152279960049
glasses_case_tsl_6_tqs_128.ply,glasses_case.ply,G-PCC (T)/S-PCC,2,54.8959674399581,716659,1679145,105.69935870170593,1.7901344299316406,0.9721199121036781
glasses_case_tsl_6_tqs_256.ply,glasses_case.ply,G-PCC (T)/S-PCC,2,35.9142549506624,716659,1679145,105.13710021972656,1.774139404296875,0.9671130970025545
glasses_case_tsl_6_tqs_512.ply,glasses_case.ply,G-PCC (T)/S-PCC,2,23.8853820863117,716659,1679145,104.88553595542908,1.7856407165527344,0.9511692825363794
glasses_case_tsl_8_tqs_64.ply,glasses_case.ply,G-PCC (T)/S-PCC,2,79.4931736523364,716659,1979297,105.47084140777588,1.8048248291015625,0.9697481092105631
glasses_case_tsl_8_tqs_128.ply,glasses_case.ply,G-PCC (T)/S-PCC,2,77.897210369642,716659,1979297,105.87255072593689,1.8090934753417969,0.9693422418498485
glasses_case_tsl_8_tqs_256.ply,glasses_case.ply,G-PCC (T)/S-PCC,2,52.6664410736344,716659,1979297,106.44999289512634,1.7508316040039062,0.9652529365965707
glasses_case_tsl_8_tqs_512.ply,glasses_case.ply,G-PCC (T)/S-PCC,2,33.4948361587451,716659,1979297,105.8926317691803,1.7432365417480469,0.9510553110342758
glasses_case_gQP_1_tQP_1.ply,glasses_case.ply,V-PCC,3,79.5227268033768,716659,1126225,104.14254307746887,1.7902679443359375,0.9831235313666933
glasses_case_gQP_1_tQP_2.ply,glasses_case.ply,V-PCC,3,75.7340685444903,716659,1126225,117.21056795120239,1.7344779968261719,0.9795267327981895
glasses_case_gQP_1_tQP_3.ply,glasses_case.ply,V-PCC,3,52.0035238004722,716659,1126225,104.0592257976532,1.7767219543457031,0.9732036304513264
glasses_case_gQP_2_tQP_1.ply,glasses_case.ply,V-PCC,3,60.2658968861681,716659,1122229,103.90152144432068,1.7763671875,0.9830217997935589
glasses_case_gQP_2_tQP_2.ply,glasses_case.ply,V-PCC,3,56.3976325993689,716659,1122229,103.67179131507874,1.7285232543945312,0.9788954115046329
glasses_case_gQP_2_tQP_3.ply,glasses_case.ply,V-PCC,3,41.9823260340023,716659,1122229,103.95721364021301,1.7373466491699219,0.9731694179452484
glasses_case_gQP_3_tQP_1.ply,glasses_case.ply,V-PCC,3,27.7745396566424,716659,1120989,104.0384840965271,1.7252960205078125,0.9811418932344564
glasses_case_gQP_3_tQP_2.ply,glasses_case.ply,V-PCC,3,29.4823009609091,716659,1120989,104.10657215118408,1.7586135864257812,0.9771526602429279
glasses_case_gQP_3_tQP_3.ply,glasses_case.ply,V-PCC,3,28.144837378355,716659,1120989,104.07221937179565,1.7923698425292969,0.971357263605967
glasses_case_pqs_1_qs_16_rounded.ply,glasses_case.ply,G-PCC (O)/L-PCC,4,90.0090908372852,716659,716659,101.61031126976013,1.7232093811035156,0.9962371054357891
glasses_case_pqs_1_qs_32_rounded.ply,glasses_case.ply,G-PCC (O)/L-PCC,4,85.1753561944748,716659,716659,102.0797049999237,1.7849235534667969,0.9889907821128109
glasses_case_pqs_1_qs_48_rounded.ply,glasses_case.ply,G-PCC (O)/L-PCC,4,69.2442087236447,716659,716659,101.41814517974854,1.7655830383300781,0.9787470248167496
glasses_case_pqs_1_qs_64_rounded.ply,glasses_case.ply,G-PCC (O)/L-PCC,4,50.6195808210902,716659,716659,101.85199403762817,1.7590599060058594,0.9689911335233022
honeydew_melon_level_7.ply,honeydew_melon.ply,Downsampling,0,5.73974709893926,1431071,68514,203.27242732048035,3.5399551391601562,0.9883651099091392
honeydew_melon_level_8.ply,honeydew_melon.ply,Downsampling,0,20.5582786035406,1431071,257102,203.74510383605957,3.4719161987304688,0.9897598433952368
honeydew_melon_level_9.ply,honeydew_melon.ply,Downsampling,0,87.6226845755433,1431071,843451,205.06253266334534,3.4663925170898438,0.9961033431948847
honeydew_melon_gsigma_0_tsigma_8.ply,honeydew_melon.ply,Gaussian noise,1,92.6624600352998,1431071,1431071,203.24081134796143,3.4537315368652344,0.9986209292570628
honeydew_melon_gsigma_0_tsigma_16.ply,honeydew_melon.ply,Gaussian noise,1,79.5747103383625,1431071,1431071,203.8449375629425,3.4665756225585938,0.9972776924477795
honeydew_melon_gsigma_0_tsigma_32.ply,honeydew_melon.ply,Gaussian noise,1,46.8407325132864,1431071,1431071,205.46676516532898,3.481884002685547,0.9941791514172338
honeydew_melon_gsigma_2_tsigma_8.ply,honeydew_melon.ply,Gaussian noise,1,65.3956595679704,1431071,1386104,206.0179169178009,3.443531036376953,0.9974368516927161
honeydew_melon_gsigma_2_tsigma_16.ply,honeydew_melon.ply,Gaussian noise,1,54.8570837304523,1431071,1386430,209.9337191581726,3.4410171508789062,0.9964823807132612
honeydew_melon_gsigma_2_tsigma_32.ply,honeydew_melon.ply,Gaussian noise,1,30.2885785430484,1431071,1386017,208.82023525238037,3.3968429565429688,0.9937009191939482
honeydew_melon_gsigma_4_tsigma_8.ply,honeydew_melon.ply,Gaussian noise,1,40.1786693272132,1431071,1407364,206.1048195362091,3.4175987243652344,0.9951982610985466
honeydew_melon_gsigma_4_tsigma_16.ply,honeydew_melon.ply,Gaussian noise,1,44.80889224433,1431071,1407278,206.48070192337036,3.5130462646484375,0.9945705915486817
honeydew_melon_gsigma_4_tsigma_32.ply,honeydew_melon.ply,Gaussian noise,1,31.0107340153386,1431071,1407214,208.20481491088867,3.4534950256347656,0.9923213435773438
honeydew_melon_tsl_4_tqs_64.ply,honeydew_melon.ply,G-PCC (T)/S-PCC,2,49.6591653138564,1431071,3586228,216.75839185714722,3.709697723388672,0.994308343323061
honeydew_melon_tsl_4_tqs_128.ply,honeydew_melon.ply,G-PCC (T)/S-PCC,2,42.6301054089424,1431071,3586228,213.37784028053284,3.7524490356445312,0.9930687413675071
honeydew_melon_tsl_4_tqs_256.ply,honeydew_melon.ply,G-PCC (T)/S-PCC,2,25.9163127058032,1431071,3586228,212.85750603675842,3.7429962158203125,0.9900468319637019
honeydew_melon_tsl_4_tqs_512.ply,honeydew_melon.ply,G-PCC (T)/S-PCC,2,10.8306511506384,1431071,3586228,212.45883560180664,3.7775306701660156,0.9879793488561608
honeydew_melon_tsl_6_tqs_64.ply,honeydew_melon.ply,G-PCC (T)/S-PCC,2,54.8827351984185,1431071,3754682,213.42308235168457,3.716278076171875,0.9944607674204589
honeydew_melon_tsl_6_tqs_128.ply,honeydew_melon.ply,G-PCC (T)/S-PCC,2,52.8968763742297,1431071,3754682,225.13880801200867,3.6388092041015625,0.9932519540993034
honeydew_melon_tsl_6_tqs_256.ply,honeydew_melon.ply,G-PCC (T)/S-PCC,2,35.5987565108889,1431071,3754682,216.975426197052,3.6916847229003906,0.9902069233300168
honeydew_melon_tsl_6_tqs_512.ply,honeydew_melon.ply,G-PCC (T)/S-PCC,2,13.9062135458541,1431071,3754682,213.2880082130432,3.6808128356933594,0.9880157031341397
honeydew_melon_tsl_8_tqs_64.ply,honeydew_melon.ply,G-PCC (T)/S-PCC,2,88.0734534021688,1431071,4499229,214.38178396224976,3.8217735290527344,0.9940624045562184
honeydew_melon_tsl_8_tqs_128.ply,honeydew_melon.ply,G-PCC (T)/S-PCC,2,81.3507379209043,1431071,4499229,216.04748606681824,3.7962112426757812,0.9931979848080119
honeydew_melon_tsl_8_tqs_256.ply,honeydew_melon.ply,G-PCC (T)/S-PCC,2,41.7185866702785,1431071,4499229,217.56975674629211,3.7329177856445312,0.9904829038780044
honeydew_melon_tsl_8_tqs_512.ply,honeydew_melon.ply,G-PCC (T)/S-PCC,2,14.2942998549572,1431071,4499229,215.126038312912,3.74932861328125,0.9881780642456669
honeydew_melon_gQP_1_tQP_1.ply,honeydew_melon.ply,V-PCC,3,85.527655327143,1431071,2489712,209.91512441635132,3.4418563842773438,0.9958930139844918
honeydew_melon_gQP_1_tQP_2.ply,honeydew_melon.ply,V-PCC,3,74.1735313877125,1431071,2489712,210.4200086593628,3.5572509765625,0.9953660214779091
honeydew_melon_gQP_1_tQP_3.ply,honeydew_melon.ply,V-PCC,3,58.1210565783074,1431071,2489712,210.4616448879242,3.450153350830078,0.9934511757782305
honeydew_melon_gQP_2_tQP_1.ply,honeydew_melon.ply,V-PCC,3,63.274363758741,1431071,2491832,210.04611372947693,3.4455337524414062,0.9957075940704039
honeydew_melon_gQP_2_tQP_2.ply,honeydew_melon.ply,V-PCC,3,62.4489875416363,1431071,2491832,210.9947052001953,3.4809646606445312,0.9951597215959029
honeydew_melon_gQP_2_tQP_3.ply,honeydew_melon.ply,V-PCC,3,47.4424609702056,1431071,2491832,209.57126212120056,3.550281524658203,0.9933407143330917
honeydew_melon_gQP_3_tQP_1.ply,honeydew_melon.ply,V-PCC,3,46.0852063289474,1431071,2488966,210.33598923683167,3.389514923095703,0.9954082490418363
honeydew_melon_gQP_3_tQP_2.ply,honeydew_melon.ply,V-PCC,3,45.9636978649354,1431071,2488966,210.75355792045593,3.4005470275878906,0.9949153992157532
honeydew_melon_gQP_3_tQP_3.ply,honeydew_melon.ply,V-PCC,3,39.60295451806,1431071,2488966,209.95380115509033,3.423206329345703,0.9931576318176151
honeydew_melon_pqs_1_qs_16_rounded.ply,honeydew_melon.ply,G-PCC (O)/L-PCC,4,88.3373638863001,1431071,1431071,205.629252910614,3.4627227783203125,0.9988248564600772
honeydew_melon_pqs_1_qs_32_rounded.ply,honeydew_melon.ply,G-PCC (O)/L-PCC,4,78.1730237763995,1431071,1431071,206.44824194908142,3.4457550048828125,0.9957280057113236
honeydew_melon_pqs_1_qs_48_rounded.ply,honeydew_melon.ply,G-PCC (O)/L-PCC,4,62.136096367329,1431071,1431071,206.14198875427246,3.382556915283203,0.9898648895045505
honeydew_melon_pqs_1_qs_64_rounded.ply,honeydew_melon.ply,G-PCC (O)/L-PCC,4,30.1734831300728,1431071,1431071,205.88452196121216,3.4714279174804688,0.9821894324109138
house_level_7.ply,house.ply,Downsampling,0,2.9538774237317,1568490,50961,226.1336669921875,3.799877166748047,0.9284000510018826
house_level_8.ply,house.ply,Downsampling,0,15.9444624227128,1568490,195329,226.19548559188843,3.7707061767578125,0.9586167778611734
house_level_9.ply,house.ply,Downsampling,0,63.6912103194696,1568490,684637,227.0221745967865,3.791187286376953,0.9832424008601267
house_gsigma_0_tsigma_8.ply,house.ply,Gaussian noise,1,90.1711356373714,1568490,1568490,226.13722252845764,3.7489662170410156,0.9974693356607346
house_gsigma_0_tsigma_16.ply,house.ply,Gaussian noise,1,69.8058394235221,1568490,1568490,224.1745617389679,3.7263755798339844,0.9948892039688284
house_gsigma_0_tsigma_32.ply,house.ply,Gaussian noise,1,48.933215794281,1568490,1568490,224.3091175556183,3.8471031188964844,0.9889069530040571
house_gsigma_2_tsigma_8.ply,house.ply,Gaussian noise,1,48.6814121128676,1568490,1497296,230.3524489402771,3.8304290771484375,0.9912547761916299
house_gsigma_2_tsigma_16.ply,house.ply,Gaussian noise,1,46.3008359886891,1568490,1497257,226.5485761165619,3.732757568359375,0.9898893150545455
house_gsigma_2_tsigma_32.ply,house.ply,Gaussian noise,1,34.8664587624749,1568490,1497613,246.4074432849884,3.769695281982422,0.9850127749542704
house_gsigma_4_tsigma_8.ply,house.ply,Gaussian noise,1,35.6885477690345,1568490,1529685,229.54571652412415,3.78753662109375,0.9805922329397424
house_gsigma_4_tsigma_16.ply,house.ply,Gaussian noise,1,29.8975414427219,1568490,1529930,227.85498046875,3.7155723571777344,0.9796558585451208
house_gsigma_4_tsigma_32.ply,house.ply,Gaussian noise,1,19.3845422907278,1568490,1529968,227.3981375694275,3.787586212158203,0.9759535364218531
house_tsl_4_tqs_64.ply,house.ply,G-PCC (T)/S-PCC,2,65.0948580797,1568490,2428003,231.19724655151367,3.8089065551757812,0.9675651341744625
house_tsl_4_tqs_128.ply,house.ply,G-PCC (T)/S-PCC,2,54.3110169538046,1568490,2428003,234.01189637184143,3.8233413696289062,0.9650420015109726
house_tsl_4_tqs_256.ply,house.ply,G-PCC (T)/S-PCC,2,37.9014346107238,1568490,2428003,235.44697999954224,3.79168701171875,0.9595434109922446
house_tsl_4_tqs_512.ply,house.ply,G-PCC (T)/S-PCC,2,22.3964365056709,1568490,2428003,240.05838298797607,3.7324600219726562,0.9497317132517341
house_tsl_6_tqs_64.ply,house.ply,G-PCC (T)/S-PCC,2,84.7730269494444,1568490,2787514,232.51152276992798,3.9670867919921875,0.9858887384304922
house_tsl_6_tqs_128.ply,house.ply,G-PCC (T)/S-PCC,2,75.3571451984004,1568490,2787514,233.63098335266113,3.912578582763672,0.9831272656434673
house_tsl_6_tqs_256.ply,house.ply,G-PCC (T)/S-PCC,2,42.9864841290645,1568490,2787514,248.2519907951355,3.989532470703125,0.9766261336938439
house_tsl_6_tqs_512.ply,house.ply,G-PCC (T)/S-PCC,2,26.5847345410514,1568490,2787514,244.98823022842407,3.9130935668945312,0.9641329397487617
house_tsl_8_tqs_64.ply,house.ply,G-PCC (T)/S-PCC,2,86.7884342972181,1568490,3471635,231.47282886505127,4.004749298095703,0.9861816768372752
house_tsl_8_tqs_128.ply,house.ply,G-PCC (T)/S-PCC,2,80.2478118667351,1568490,3471635,232.27340126037598,4.065090179443359,0.9844520928809104
house_tsl_8_tqs_256.ply,house.ply,G-PCC (T)/S-PCC,2,52.6012065154044,1568490,3471635,236.16077423095703,3.957855224609375,0.9786724642259721
house_tsl_8_tqs_512.ply,house.ply,G-PCC (T)/S-PCC,2,27.6033084176504,1568490,3471635,231.01112747192383,3.9395103454589844,0.966758836649488
house_gQP_1_tQP_1.ply,house.ply,V-PCC,3,92.2279533577551,1568490,1924096,226.5744867324829,3.707782745361328,0.9904733978933784
house_gQP_1_tQP_2.ply,house.ply,V-PCC,3,70.6532309133315,1568490,1924096,232.8943178653717,3.774860382080078,0.9850552800774897
house_gQP_1_tQP_3.ply,house.ply,V-PCC,3,38.2582098475362,1568490,1924096,241.7163383960724,3.7913169860839844,0.9780987221578785
house_gQP_2_tQP_1.ply,house.ply,V-PCC,3,74.4527078789402,1568490,1928791,230.3373899459839,3.819202423095703,0.9894363234914356
house_gQP_2_tQP_2.ply,house.ply,V-PCC,3,63.0601920212403,1568490,1928791,228.22498893737793,3.7963943481445312,0.9842776759683521
house_gQP_2_tQP_3.ply,house.ply,V-PCC,3,40.7900467714785,1568490,1928791,233.93641233444214,3.8636817932128906,0.9776928758124718
house_gQP_3_tQP_1.ply,house.ply,V-PCC,3,40.6393737444513,1568490,1926611,240.090660572052,3.8046417236328125,0.9837726935225384
house_gQP_3_tQP_2.ply,house.ply,V-PCC,3,37.1261608885675,1568490,1926611,232.4360945224762,3.7501754760742188,0.9794192197495368
house_gQP_3_tQP_3.ply,house.ply,V-PCC,3,29.2212435870754,1568490,1926611,248.91505098342896,3.8973960876464844,0.973745348077295
house_pqs_1_qs_16_rounded.ply,house.ply,G-PCC (O)/L-PCC,4,88.4320109976302,1568490,1568490,228.9023470878601,3.7348709106445312,0.9974872152596322
house_pqs_1_qs_32_rounded.ply,house.ply,G-PCC (O)/L-PCC,4,77.6921630714695,1568490,1568490,227.7049686908722,3.7760047912597656,0.992385415438236
house_pqs_1_qs_48_rounded.ply,house.ply,G-PCC (O)/L-PCC,4,68.0670300360019,1568490,1568490,227.53245878219604,3.7796707153320312,0.9846202812182477
house_pqs_1_qs_64_rounded.ply,house.ply,G-PCC (O)/L-PCC,4,50.5938538218811,1568490,1568490,240.26234412193298,3.7022171020507812,0.975724094675605
litchi_level_7.ply,litchi.ply,Downsampling,0,2.48274825766083,1039942,39180,150.8353295326233,2.4788970947265625,0.9514894098951051
litchi_level_8.ply,litchi.ply,Downsampling,0,23.5190476695968,1039942,148967,153.05320930480957,2.5448837280273438,0.9657651474975772
litchi_level_9.ply,litchi.ply,Downsampling,0,88.2565402235114,1039942,510294,173.80978512763977,2.5149154663085938,0.9861284709220118
litchi_gsigma_0_tsigma_8.ply,litchi.ply,Gaussian noise,1,92.5519659002015,1039942,1039942,150.21461820602417,2.5449867248535156,0.997196014911443
litchi_gsigma_0_tsigma_16.ply,litchi.ply,Gaussian noise,1,78.9932472626517,1039942,1039942,150.16391134262085,2.5465469360351562,0.9944484285558325
litchi_gsigma_0_tsigma_32.ply,litchi.ply,Gaussian noise,1,40.7583214780207,1039942,1039942,150.34958124160767,2.5130615234375,0.9885218128287239
litchi_gsigma_2_tsigma_8.ply,litchi.ply,Gaussian noise,1,66.6919619162232,1039942,998664,151.22814273834229,2.557872772216797,0.9924490540132818
litchi_gsigma_2_tsigma_16.ply,litchi.ply,Gaussian noise,1,55.4614195640488,1039942,998903,151.73125958442688,2.5368270874023438,0.9909987340830595
litchi_gsigma_2_tsigma_32.ply,litchi.ply,Gaussian noise,1,39.7558833886201,1039942,998891,151.73517727851868,2.5242652893066406,0.9861131261480106
litchi_gsigma_4_tsigma_8.ply,litchi.ply,Gaussian noise,1,39.0795202563234,1039942,1017192,152.2874813079834,2.548748016357422,0.9836285392794235
litchi_gsigma_4_tsigma_16.ply,litchi.ply,Gaussian noise,1,43.3964948941778,1039942,1017150,152.4578561782837,2.5753135681152344,0.9827941568706697
litchi_gsigma_4_tsigma_32.ply,litchi.ply,Gaussian noise,1,32.5660157341656,1039942,1017137,151.9656376838684,2.5573043823242188,0.9797105597500859
litchi_tsl_4_tqs_64.ply,litchi.ply,G-PCC (T)/S-PCC,2,41.4499562169134,1039942,1750289,153.03218841552734,2.513957977294922,0.9730132094427902
litchi_tsl_4_tqs_128.ply,litchi.ply,G-PCC (T)/S-PCC,2,33.9275303741484,1039942,1750289,162.29699754714966,2.5968399047851562,0.9698125362592461
litchi_tsl_4_tqs_256.ply,litchi.ply,G-PCC (T)/S-PCC,2,24.4817713883161,1039942,1750289,152.38734483718872,2.4905433654785156,0.9628723002766076
litchi_tsl_4_tqs_512.ply,litchi.ply,G-PCC (T)/S-PCC,2,14.1638346194462,1039942,1750289,152.69180607795715,2.5473785400390625,0.9526810880554354
litchi_tsl_6_tqs_64.ply,litchi.ply,G-PCC (T)/S-PCC,2,76.6159398833369,1039942,2107701,151.74954771995544,2.5286865234375,0.9850356688505845
litchi_tsl_6_tqs_128.ply,litchi.ply,G-PCC (T)/S-PCC,2,66.5232624212034,1039942,2107701,152.2391655445099,2.55865478515625,0.9815091776171581
litchi_tsl_6_tqs_256.ply,litchi.ply,G-PCC (T)/S-PCC,2,38.6309616528636,1039942,2107701,153.0868000984192,2.506061553955078,0.972531792527521
litchi_tsl_6_tqs_512.ply,litchi.ply,G-PCC (T)/S-PCC,2,21.5470054418339,1039942,2107701,152.30094838142395,2.498279571533203,0.9589508797708882
litchi_tsl_8_tqs_64.ply,litchi.ply,G-PCC (T)/S-PCC,2,89.1348528544494,1039942,2648101,153.66833519935608,2.6632652282714844,0.9863924001534181
litchi_tsl_8_tqs_128.ply,litchi.ply,G-PCC (T)/S-PCC,2,72.2904768461572,1039942,2648101,154.516175031662,2.776824951171875,0.9841259747596194
litchi_tsl_8_tqs_256.ply,litchi.ply,G-PCC (T)/S-PCC,2,52.2418214751017,1039942,2648101,153.99356269836426,2.6831092834472656,0.9760018688815962
litchi_tsl_8_tqs_512.ply,litchi.ply,G-PCC (T)/S-PCC,2,25.865772694275,1039942,2648101,153.59194016456604,2.6988677978515625,0.9624949078122039
litchi_gQP_1_tQP_1.ply,litchi.ply,V-PCC,3,83.8245971648544,1039942,1276953,150.9503035545349,2.4926719665527344,0.9889771648462388
litchi_gQP_1_tQP_2.ply,litchi.ply,V-PCC,3,73.7164483027422,1039942,1276953,151.77232480049133,2.5644798278808594,0.986754133603682
litchi_gQP_1_tQP_3.ply,litchi.ply,V-PCC,3,59.2921925280305,1039942,1276953,151.9850618839264,2.5618896484375,0.9819005394618773
litchi_gQP_2_tQP_1.ply,litchi.ply,V-PCC,3,62.0841589108816,1039942,1269275,150.880380153656,2.5005264282226562,0.9856022255658283
litchi_gQP_2_tQP_2.ply,litchi.ply,V-PCC,3,49.4680949601792,1039942,1269275,150.63336205482483,2.510913848876953,0.9839110632987296
litchi_gQP_2_tQP_3.ply,litchi.ply,V-PCC,3,40.8373808033559,1039942,1269275,151.3156840801239,2.5097007751464844,0.9796193530347089
litchi_gQP_3_tQP_1.ply,litchi.ply,V-PCC,3,38.8157313038377,1039942,1270329,150.83380484580994,2.4977760314941406,0.9819755758323421
litchi_gQP_3_tQP_2.ply,litchi.ply,V-PCC,3,41.6217843598167,1039942,1270329,150.28811168670654,2.5486297607421875,0.9805562724605525
litchi_gQP_3_tQP_3.ply,litchi.ply,V-PCC,3,29.9512447586551,1039942,1270329,150.30657315254211,2.503795623779297,0.9768123615452802
litchi_pqs_1_qs_16_rounded.ply,litchi.ply,G-PCC (O)/L-PCC,4,90.5961494710678,1039942,1039942,147.9631118774414,2.553699493408203,0.9974895939522763
litchi_pqs_1_qs_32_rounded.ply,litchi.ply,G-PCC (O)/L-PCC,4,72.2646975341265,1039942,1039942,148.1199140548706,2.5546836853027344,0.9916541084305466
litchi_pqs_1_qs_48_rounded.ply,litchi.ply,G-PCC (O)/L-PCC,4,43.1575564763788,1039942,1039942,174.98594999313354,2.52923583984375,0.982435413242548
litchi_pqs_1_qs_64_rounded.ply,litchi.ply,G-PCC (O)/L-PCC,4,32.0967345671909,1039942,1039942,151.61109805107117,2.5428619384765625,0.9689213048240788
mushroom_level_7.ply,mushroom.ply,Downsampling,0,3.82295185776542,1144603,47896,163.50754761695862,2.7901153564453125,0.950463986081213
mushroom_level_8.ply,mushroom.ply,Downsampling,0,14.8441846527301,1144603,181346,165.2479350566864,2.7775421142578125,0.9721912312154521
mushroom_level_9.ply,mushroom.ply,Downsampling,0,60.8609338338654,1144603,610686,164.32144570350647,2.726207733154297,0.9883407265601643
mushroom_gsigma_0_tsigma_8.ply,mushroom.ply,Gaussian noise,1,94.3049845185472,1144603,1144603,163.33605194091797,2.8016624450683594,0.9961222736638514
mushroom_gsigma_0_tsigma_16.ply,mushroom.ply,Gaussian noise,1,75.0987882311693,1144603,1144603,165.5304627418518,2.8414878845214844,0.9920825794630812
mushroom_gsigma_0_tsigma_32.ply,mushroom.ply,Gaussian noise,1,49.3599438553699,1144603,1144603,175.9833869934082,2.7205047607421875,0.9791707178670762
mushroom_gsigma_2_tsigma_8.ply,mushroom.ply,Gaussian noise,1,53.8533650047129,1144603,1102119,183.9679172039032,2.8277626037597656,0.9918633802629799
mushroom_gsigma_2_tsigma_16.ply,mushroom.ply,Gaussian noise,1,46.5498571697918,1144603,1102652,195.48169088363647,2.742969512939453,0.9889414020633615
mushroom_gsigma_2_tsigma_32.ply,mushroom.ply,Gaussian noise,1,38.4864454123602,1144603,1102064,194.65621280670166,2.792064666748047,0.9772018411794159
mushroom_gsigma_4_tsigma_8.ply,mushroom.ply,Gaussian noise,1,43.4428297243472,1144603,1122032,183.95074224472046,2.7981491088867188,0.9854244245953214
mushroom_gsigma_4_tsigma_16.ply,mushroom.ply,Gaussian noise,1,37.9495966265077,1144603,1121791,175.67348742485046,2.7843360900878906,0.9833176783279399
mushroom_gsigma_4_tsigma_32.ply,mushroom.ply,Gaussian noise,1,25.0118683998367,1144603,1121691,183.06221723556519,2.8277015686035156,0.9731642195656653
mushroom_tsl_4_tqs_64.ply,mushroom.ply,G-PCC (T)/S-PCC,2,30.0341394546602,1144603,2312314,166.77117896080017,2.825328826904297,0.9638871524881815
mushroom_tsl_4_tqs_128.ply,mushroom.ply,G-PCC (T)/S-PCC,2,25.1167303905341,1144603,2312314,168.69361019134521,2.782482147216797,0.9612124981510394
mushroom_tsl_4_tqs_256.ply,mushroom.ply,G-PCC (T)/S-PCC,2,23.0913988319735,1144603,2312314,169.76117038726807,2.7967910766601562,0.9545844112023768
mushroom_tsl_4_tqs_512.ply,mushroom.ply,G-PCC (T)/S-PCC,2,15.5101344492401,1144603,2312314,169.1904010772705,2.8526611328125,0.9461580746458073
mushroom_tsl_6_tqs_64.ply,mushroom.ply,G-PCC (T)/S-PCC,2,67.3109632879746,1144603,2571904,170.8174970149994,3.008544921875,0.9830194325714944
mushroom_tsl_6_tqs_128.ply,mushroom.ply,G-PCC (T)/S-PCC,2,48.0609573382497,1144603,2571904,169.04197788238525,3.0106468200683594,0.9800071336746976
mushroom_tsl_6_tqs_256.ply,mushroom.ply,G-PCC (T)/S-PCC,2,31.5007167134119,1144603,2571904,172.02849650382996,2.9068260192871094,0.9733443125512489
mushroom_tsl_6_tqs_512.ply,mushroom.ply,G-PCC (T)/S-PCC,2,19.4331780108381,1144603,2571904,171.19212365150452,2.994190216064453,0.9632013382753352
mushroom_tsl_8_tqs_64.ply,mushroom.ply,G-PCC (T)/S-PCC,2,88.2742731439807,1144603,3189329,173.75297379493713,2.946929931640625,0.983400808741959
mushroom_tsl_8_tqs_128.ply,mushroom.ply,G-PCC (T)/S-PCC,2,67.6777293217442,1144603,3189329,178.09858918190002,2.9593429565429688,0.9812836573604243
mushroom_tsl_8_tqs_256.ply,mushroom.ply,G-PCC (T)/S-PCC,2,40.4980314832457,1144603,3189329,171.24594259262085,3.041187286376953,0.9756321042684476
mushroom_tsl_8_tqs_512.ply,mushroom.ply,G-PCC (T)/S-PCC,2,25.0246754608732,1144603,3189329,177.82560658454895,2.93988037109375,0.965973602714781
mushroom_gQP_1_tQP_1.ply,mushroom.ply,V-PCC,3,77.7324074747283,1144603,1710479,168.26795864105225,2.8410110473632812,0.9878876019014943
mushroom_gQP_1_tQP_2.ply,mushroom.ply,V-PCC,3,43.6126604213332,1144603,1710479,170.2156445980072,2.8325347900390625,0.9816179443504665
mushroom_gQP_1_tQP_3.ply,mushroom.ply,V-PCC,3,36.8109227453218,1144603,1710479,168.50535416603088,2.717926025390625,0.9754406703897728
mushroom_gQP_2_tQP_1.ply,mushroom.ply,V-PCC,3,60.5569558201446,1144603,1706943,194.40015077590942,2.7262306213378906,0.9870703793103118
mushroom_gQP_2_tQP_2.ply,mushroom.ply,V-PCC,3,46.3701371947766,1144603,1706943,170.9024932384491,2.8150787353515625,0.981050132302914
mushroom_gQP_2_tQP_3.ply,mushroom.ply,V-PCC,3,30.9653978913823,1144603,1706943,168.1550407409668,2.7492218017578125,0.9753454404659786
mushroom_gQP_3_tQP_1.ply,mushroom.ply,V-PCC,3,30.0452069615932,1144603,1702225,168.0198380947113,2.732128143310547,0.9841456272675103
mushroom_gQP_3_tQP_2.ply,mushroom.ply,V-PCC,3,26.2489070307976,1144603,1702225,167.37462711334229,2.728046417236328,0.9793817127070186
mushroom_gQP_3_tQP_3.ply,mushroom.ply,V-PCC,3,20.3048465985323,1144603,1702225,166.1035008430481,2.797344207763672,0.9738407254019311
mushroom_pqs_1_qs_16_rounded.ply,mushroom.ply,G-PCC (O)/L-PCC,4,89.217310768867,1144603,1144603,165.08945846557617,2.7578697204589844,0.9966749972297172
mushroom_pqs_1_qs_32_rounded.ply,mushroom.ply,G-PCC (O)/L-PCC,4,67.3401365075386,1144603,1144603,177.34605932235718,2.79595947265625,0.9891384334648238
mushroom_pqs_1_qs_48_rounded.ply,mushroom.ply,G-PCC (O)/L-PCC,4,44.9503770633442,1144603,1144603,165.0811071395874,2.8430099487304688,0.9785328730055186
mushroom_pqs_1_qs_64_rounded.ply,mushroom.ply,G-PCC (O)/L-PCC,4,36.2529366475446,1144603,1144603,163.9873251914978,2.7992897033691406,0.9622989881129285
pen_container_level_7.ply,pen_container.ply,Downsampling,0,2.80493552546136,2878318,106461,422.3420219421387,7.0818939208984375,0.9146545261691557
pen_container_level_8.ply,pen_container.ply,Downsampling,0,21.1161617645673,2878318,411632,415.6183636188507,6.983814239501953,0.9486938157649946
pen_container_level_9.ply,pen_container.ply,Downsampling,0,69.8358915850717,2878318,1442700,431.9215888977051,7.020771026611328,0.980953314331089
pen_container_gsigma_0_tsigma_8.ply,pen_container.ply,Gaussian noise,1,89.2139888449284,2878318,2878318,418.77020835876465,7.295932769775391,0.9966733525709194
pen_container_gsigma_0_tsigma_16.ply,pen_container.ply,Gaussian noise,1,71.5678348129798,2878318,2878318,426.62536358833313,7.181247711181641,0.9927563847791023
pen_container_gsigma_0_tsigma_32.ply,pen_container.ply,Gaussian noise,1,46.963828347615,2878318,2878318,416.6094777584076,7.163059234619141,0.9834354547602976
pen_container_gsigma_2_tsigma_8.ply,pen_container.ply,Gaussian noise,1,49.6059594855264,2878318,2758740,425.2952628135681,7.133754730224609,0.9887901593007526
pen_container_gsigma_2_tsigma_16.ply,pen_container.ply,Gaussian noise,1,42.5214853855229,2878318,2759672,425.94002413749695,7.299945831298828,0.9862475017367223
pen_container_gsigma_2_tsigma_32.ply,pen_container.ply,Gaussian noise,1,31.7181029608462,2878318,2759545,420.07072925567627,7.2410736083984375,0.9785041860745669
pen_container_gsigma_4_tsigma_8.ply,pen_container.ply,Gaussian noise,1,32.6837246559949,2878318,2812441,416.5986487865448,7.294849395751953,0.9752930362315001
pen_container_gsigma_4_tsigma_16.ply,pen_container.ply,Gaussian noise,1,27.7303222283606,2878318,2812340,418.5058286190033,7.295154571533203,0.9735383686526498
pen_container_gsigma_4_tsigma_32.ply,pen_container.ply,Gaussian noise,1,26.7642772933239,2878318,2811702,424.27047300338745,7.366573333740234,0.9676370089448455
pen_container_tsl_4_tqs_64.ply,pen_container.ply,G-PCC (T)/S-PCC,2,16.4123228030351,2878318,5615391,424.7102780342102,7.531044006347656,0.949210808975931
pen_container_tsl_4_tqs_128.ply,pen_container.ply,G-PCC (T)/S-PCC,2,16.4439086883069,2878318,5615391,424.3390111923218,7.530933380126953,0.9461270188586482
pen_container_tsl_4_tqs_256.ply,pen_container.ply,G-PCC (T)/S-PCC,2,15.9365964720886,2878318,5615391,422.51333689689636,7.4713134765625,0.9393311716358282
pen_container_tsl_4_tqs_512.ply,pen_container.ply,G-PCC (T)/S-PCC,2,12.5967901198768,2878318,5615391,426.4847230911255,7.5228271484375,0.9276681311776029
pen_container_tsl_6_tqs_64.ply,pen_container.ply,G-PCC (T)/S-PCC,2,81.9220444072438,2878318,5884071,422.80975317955017,7.512935638427734,0.9805470346391951
pen_container_tsl_6_tqs_128.ply,pen_container.ply,G-PCC (T)/S-PCC,2,66.9277218818178,2878318,5884071,420.58631777763367,7.631500244140625,0.9775884677551149
pen_container_tsl_6_tqs_256.ply,pen_container.ply,G-PCC (T)/S-PCC,2,41.3878424095498,2878318,5884071,494.09102177619934,7.500278472900391,0.9691054001216693
pen_container_tsl_6_tqs_512.ply,pen_container.ply,G-PCC (T)/S-PCC,2,25.2678054964123,2878318,5884071,423.0214922428131,7.633922576904297,0.9529067601109066
pen_container_tsl_8_tqs_64.ply,pen_container.ply,G-PCC (T)/S-PCC,2,85.3402125173955,2878318,7465623,428.34864687919617,7.650566101074219,0.9802196941145627
pen_container_tsl_8_tqs_128.ply,pen_container.ply,G-PCC (T)/S-PCC,2,77.208254785442,2878318,7465623,431.3052353858948,7.915546417236328,0.9787095076171687
pen_container_tsl_8_tqs_256.ply,pen_container.ply,G-PCC (T)/S-PCC,2,56.3018695557789,2878318,7465623,427.6352756023407,7.890850067138672,0.9716059317263182
pen_container_tsl_8_tqs_512.ply,pen_container.ply,G-PCC (T)/S-PCC,2,33.149184812532,2878318,7465623,426.4627118110657,7.841949462890625,0.956472986578441
pen_container_gQP_1_tQP_1.ply,pen_container.ply,V-PCC,3,73.5263480382624,2878318,4042753,419.29020285606384,7.260963439941406,0.9855860120519412
pen_container_gQP_1_tQP_2.ply,pen_container.ply,V-PCC,3,70.28884534664,2878318,4042753,419.73283100128174,7.271282196044922,0.979802900276104
pen_container_gQP_1_tQP_3.ply,pen_container.ply,V-PCC,3,46.5372077672909,2878318,4042753,426.22765707969666,7.244716644287109,0.971824825767749
pen_container_gQP_2_tQP_1.ply,pen_container.ply,V-PCC,3,53.3446900065234,2878318,4034895,416.47480940818787,7.4002227783203125,0.9835068852119827
pen_container_gQP_2_tQP_2.ply,pen_container.ply,V-PCC,3,44.3327430696422,2878318,4034895,431.37643098831177,7.226184844970703,0.9781707635163042
pen_container_gQP_2_tQP_3.ply,pen_container.ply,V-PCC,3,48.204110421597,2878318,4034895,461.09146761894226,7.4194488525390625,0.9705192970686761
pen_container_gQP_3_tQP_1.ply,pen_container.ply,V-PCC,3,33.3040241156699,2878318,4010548,472.84990549087524,7.613243103027344,0.9800169191345078
pen_container_gQP_3_tQP_2.ply,pen_container.ply,V-PCC,3,41.8439730598486,2878318,4010548,449.84110164642334,7.586353302001953,0.9750342189720272
pen_container_gQP_3_tQP_3.ply,pen_container.ply,V-PCC,3,31.2966910376283,2878318,4010548,423.27657079696655,7.642311096191406,0.968088120882982
pen_container_pqs_1_qs_16_rounded.ply,pen_container.ply,G-PCC (O)/L-PCC,4,89.9988084703394,2878318,2878318,412.6004252433777,7.088504791259766,0.9965913215847856
pen_container_pqs_1_qs_32_rounded.ply,pen_container.ply,G-PCC (O)/L-PCC,4,76.8657819845095,2878318,2878318,416.8663203716278,7.466533660888672,0.98838113358847
pen_container_pqs_1_qs_48_rounded.ply,pen_container.ply,G-PCC (O)/L-PCC,4,65.2022012406114,2878318,2878318,424.74137330055237,7.3791351318359375,0.9775569423626472
pen_container_pqs_1_qs_64_rounded.ply,pen_container.ply,G-PCC (O)/L-PCC,4,54.48224583447,2878318,2878318,423.7956566810608,7.352619171142578,0.9669848838932831
pineapple_level_7.ply,pineapple.ply,Downsampling,0,2.23990532591865,1628910,61157,233.42496609687805,4.057010650634766,0.8922870862971306
pineapple_level_8.ply,pineapple.ply,Downsampling,0,19.2952257202308,1628910,236722,240.5760407447815,3.995800018310547,0.9338846337530228
pineapple_level_9.ply,pineapple.ply,Downsampling,0,68.2241961163991,1628910,833320,234.6995759010315,3.9585914611816406,0.9755732861365308
pineapple_gsigma_0_tsigma_8.ply,pineapple.ply,Gaussian noise,1,84.5210237697385,1628910,1628910,234.0692834854126,3.9876136779785156,0.9950088226922571
pineapple_gsigma_0_tsigma_16.ply,pineapple.ply,Gaussian noise,1,71.0019369276565,1628910,1628910,233.13320446014404,3.87115478515625,0.9895670624357884
pineapple_gsigma_0_tsigma_32.ply,pineapple.ply,Gaussian noise,1,46.795056555246,1628910,1628910,233.53064918518066,3.8435897827148438,0.9739913452142873
pineapple_gsigma_2_tsigma_8.ply,pineapple.ply,Gaussian noise,1,54.3496073324298,1628910,1560777,235.5357050895691,3.8706512451171875,0.985014843180794
pineapple_gsigma_2_tsigma_16.ply,pineapple.ply,Gaussian noise,1,46.5702241839765,1628910,1560414,234.04515051841736,3.844806671142578,0.9817830461475753
pineapple_gsigma_2_tsigma_32.ply,pineapple.ply,Gaussian noise,1,33.105761090531,1628910,1560742,253.55518507957458,3.8655624389648438,0.9686573538835954
pineapple_gsigma_4_tsigma_8.ply,pineapple.ply,Gaussian noise,1,39.1643579252667,1628910,1591242,254.1385316848755,4.00787353515625,0.9681642320173866
pineapple_gsigma_4_tsigma_16.ply,pineapple.ply,Gaussian noise,1,37.6444040492302,1628910,1591488,248.14168787002563,3.9649887084960938,0.9660992890422707
pineapple_gsigma_4_tsigma_32.ply,pineapple.ply,Gaussian noise,1,32.9775401662978,1628910,1591364,241.9647855758667,3.891162872314453,0.9559896291017066
pineapple_tsl_4_tqs_64.ply,pineapple.ply,G-PCC (T)/S-PCC,2,72.7418610931373,1628910,2949229,239.8398938179016,4.089084625244141,0.9627040210781859
pineapple_tsl_4_tqs_128.ply,pineapple.ply,G-PCC (T)/S-PCC,2,63.2674599178851,1628910,2949229,237.34167551994324,4.031856536865234,0.9571734077378766
pineapple_tsl_4_tqs_256.ply,pineapple.ply,G-PCC (T)/S-PCC,2,38.9571686758426,1628910,2949229,236.46599578857422,3.9762649536132812,0.943424007854482
pineapple_tsl_4_tqs_512.ply,pineapple.ply,G-PCC (T)/S-PCC,2,22.1745819545208,1628910,2949229,236.43152928352356,4.145206451416016,0.9184431702729772
pineapple_tsl_6_tqs_64.ply,pineapple.ply,G-PCC (T)/S-PCC,2,63.0469112364966,1628910,3300521,252.72811079025269,4.038169860839844,0.9737835350232363
pineapple_tsl_6_tqs_128.ply,pineapple.ply,G-PCC (T)/S-PCC,2,54.8796372496039,1628910,3300521,242.62466764450073,4.284351348876953,0.9682457592823949
pineapple_tsl_6_tqs_256.ply,pineapple.ply,G-PCC (T)/S-PCC,2,42.9586439435337,1628910,3300521,245.01928424835205,4.269855499267578,0.9528385694917167
pineapple_tsl_6_tqs_512.ply,pineapple.ply,G-PCC (T)/S-PCC,2,22.9575236881565,1628910,3300521,259.92892599105835,4.197975158691406,0.9263559072150838
pineapple_tsl_8_tqs_64.ply,pineapple.ply,G-PCC (T)/S-PCC,2,86.2140965750536,1628910,4309103,244.9020071029663,4.210880279541016,0.9735763732654305
pineapple_tsl_8_tqs_128.ply,pineapple.ply,G-PCC (T)/S-PCC,2,74.1207308535902,1628910,4309103,269.1876208782196,4.280986785888672,0.9701922431122924
pineapple_tsl_8_tqs_256.ply,pineapple.ply,G-PCC (T)/S-PCC,2,49.5954702850419,1628910,4309103,242.23668575286865,4.089576721191406,0.9568050003717822
pineapple_tsl_8_tqs_512.ply,pineapple.ply,G-PCC (T)/S-PCC,2,30.3483281686754,1628910,4309103,238.88877487182617,4.141487121582031,0.9318399710208342
pineapple_gQP_1_tQP_1.ply,pineapple.ply,V-PCC,3,80.619490835398,1628910,2219876,234.89452123641968,3.9067115783691406,0.9804874333682991
pineapple_gQP_1_tQP_2.ply,pineapple.ply,V-PCC,3,63.4549412974101,1628910,2219876,234.3876495361328,3.9284706115722656,0.9698155609242574
pineapple_gQP_1_tQP_3.ply,pineapple.ply,V-PCC,3,46.0406662983886,1628910,2219876,234.26716899871826,3.9832992553710938,0.9550578508048895
pineapple_gQP_2_tQP_1.ply,pineapple.ply,V-PCC,3,65.7822807299726,1628910,2111915,255.61836647987366,3.9336166381835938,0.9751653524852258
pineapple_gQP_2_tQP_2.ply,pineapple.ply,V-PCC,3,50.0556248314212,1628910,2111915,251.58417534828186,3.8760108947753906,0.9663204465042806
pineapple_gQP_2_tQP_3.ply,pineapple.ply,V-PCC,3,34.3809160802291,1628910,2111915,234.58462071418762,3.9914512634277344,0.9526565348376627
pineapple_gQP_3_tQP_1.ply,pineapple.ply,V-PCC,3,49.7644939552032,1628910,2106536,234.44360947608948,3.9215087890625,0.9711786273237586
pineapple_gQP_3_tQP_2.ply,pineapple.ply,V-PCC,3,48.8730581119722,1628910,2106536,234.56226992607117,3.883098602294922,0.9632367130681634
pineapple_gQP_3_tQP_3.ply,pineapple.ply,V-PCC,3,32.0423144049895,1628910,2106536,234.60548305511475,4.000980377197266,0.9502741574440864
pineapple_pqs_1_qs_16_rounded.ply,pineapple.ply,G-PCC (O)/L-PCC,4,87.7745182456416,1628910,1628910,231.7979772090912,3.861499786376953,0.9957335481761148
pineapple_pqs_1_qs_32_rounded.ply,pineapple.ply,G-PCC (O)/L-PCC,4,68.3985018371684,1628910,1628910,230.42542266845703,3.7451820373535156,0.9853431228897601
pineapple_pqs_1_qs_48_rounded.ply,pineapple.ply,G-PCC (O)/L-PCC,4,39.8716047326156,1628910,1628910,231.08850288391113,4.0030670166015625,0.9671079363794578
pineapple_pqs_1_qs_64_rounded.ply,pineapple.ply,G-PCC (O)/L-PCC,4,23.8808997702427,1628910,1628910,231.94103956222534,3.858386993408203,0.9426119925764735
ping-pong_bat_level_7.ply,ping-pong_bat.ply,Downsampling,0,10.6690482299712,703879,21768,100.22591662406921,1.6694564819335938,0.9524157418833635
ping-pong_bat_level_8.ply,ping-pong_bat.ply,Downsampling,0,26.1100390607099,703879,85616,99.77882051467896,1.72296142578125,0.9706968438386053
ping-pong_bat_level_9.ply,ping-pong_bat.ply,Downsampling,0,85.7174830576411,703879,308160,100.0184919834137,1.7339935302734375,0.9814949955587179
ping-pong_bat_gsigma_0_tsigma_8.ply,ping-pong_bat.ply,Gaussian noise,1,85.769393720766,703879,703879,99.52445077896118,1.6801719665527344,0.9949007950522368
ping-pong_bat_gsigma_0_tsigma_16.ply,ping-pong_bat.ply,Gaussian noise,1,59.9268872039021,703879,703879,99.65569400787354,1.7193489074707031,0.9898185690788304
ping-pong_bat_gsigma_0_tsigma_32.ply,ping-pong_bat.ply,Gaussian noise,1,45.2645196707695,703879,703879,103.64271879196167,1.7108993530273438,0.9749109886959556
ping-pong_bat_gsigma_2_tsigma_8.ply,ping-pong_bat.ply,Gaussian noise,1,53.5935646400685,703879,672066,110.96508646011353,1.7549247741699219,0.9892137399898079
ping-pong_bat_gsigma_2_tsigma_16.ply,ping-pong_bat.ply,Gaussian noise,1,43.7257316446207,703879,671908,102.099116563797,1.7692604064941406,0.9853804227901138
ping-pong_bat_gsigma_2_tsigma_32.ply,ping-pong_bat.ply,Gaussian noise,1,36.8020877997066,703879,671639,110.32867980003357,1.6991767883300781,0.9715562600234543
ping-pong_bat_gsigma_4_tsigma_8.ply,ping-pong_bat.ply,Gaussian noise,1,36.8318039649704,703879,686760,104.81436705589294,1.8225364685058594,0.981616412325099
ping-pong_bat_gsigma_4_tsigma_16.ply,ping-pong_bat.ply,Gaussian noise,1,31.3729003671076,703879,686732,102.00565791130066,1.6544303894042969,0.9787318624738078
ping-pong_bat_gsigma_4_tsigma_32.ply,ping-pong_bat.ply,Gaussian noise,1,28.1278545758974,703879,686584,104.72813487052917,1.7000617980957031,0.9669905172660567
ping-pong_bat_tsl_4_tqs_64.ply,ping-pong_bat.ply,G-PCC (T)/S-PCC,2,5.51761494975227,703879,1039411,104.68029165267944,1.6661491394042969,0.9531610668206804
ping-pong_bat_tsl_4_tqs_128.ply,ping-pong_bat.ply,G-PCC (T)/S-PCC,2,5.6089146066107,703879,1039411,104.91204786300659,1.8023567199707031,0.9484065760674656
ping-pong_bat_tsl_4_tqs_256.ply,ping-pong_bat.ply,G-PCC (T)/S-PCC,2,4.17255565702724,703879,1039411,101.63476872444153,1.8253250122070312,0.9424488400630954
ping-pong_bat_tsl_4_tqs_512.ply,ping-pong_bat.ply,G-PCC (T)/S-PCC,2,5.08596036666654,703879,1039411,101.92792391777039,1.7097358703613281,0.9360601093611669
ping-pong_bat_tsl_6_tqs_64.ply,ping-pong_bat.ply,G-PCC (T)/S-PCC,2,70.2438172993147,703879,1212524,106.62901425361633,1.5998306274414062,0.9813861573894993
ping-pong_bat_tsl_6_tqs_128.ply,ping-pong_bat.ply,G-PCC (T)/S-PCC,2,50.0484512957028,703879,1212524,109.01148748397827,1.6258392333984375,0.9763735450541752
ping-pong_bat_tsl_6_tqs_256.ply,ping-pong_bat.ply,G-PCC (T)/S-PCC,2,33.4945503475571,703879,1212524,104.1288857460022,1.668609619140625,0.971408227486599
ping-pong_bat_tsl_6_tqs_512.ply,ping-pong_bat.ply,G-PCC (T)/S-PCC,2,26.984078720206,703879,1212524,103.10794806480408,1.6530799865722656,0.9586591769627306
ping-pong_bat_tsl_8_tqs_64.ply,ping-pong_bat.ply,G-PCC (T)/S-PCC,2,77.2407728875596,703879,1533909,103.1855800151825,2.0670852661132812,0.9815356420997378
ping-pong_bat_tsl_8_tqs_128.ply,ping-pong_bat.ply,G-PCC (T)/S-PCC,2,52.6310751361073,703879,1533909,104.11619305610657,1.6650428771972656,0.9776980315408605
ping-pong_bat_tsl_8_tqs_256.ply,ping-pong_bat.ply,G-PCC (T)/S-PCC,2,38.2532322365905,703879,1533909,103.43028926849365,1.6257858276367188,0.9733798974042449
ping-pong_bat_tsl_8_tqs_512.ply,ping-pong_bat.ply,G-PCC (T)/S-PCC,2,30.3627763585824,703879,1533909,108.67197632789612,1.8669395446777344,0.9614655024819989
ping-pong_bat_gQP_1_tQP_1.ply,ping-pong_bat.ply,V-PCC,3,73.3250111560863,703879,945763,102.2519268989563,1.6502265930175781,0.9851204773754896
ping-pong_bat_gQP_1_tQP_2.ply,ping-pong_bat.ply,V-PCC,3,63.8519578741261,703879,945763,105.00737762451172,1.582305908203125,0.9823209818124697
ping-pong_bat_gQP_1_tQP_3.ply,ping-pong_bat.ply,V-PCC,3,53.2647474080303,703879,945763,103.52288675308228,1.7620773315429688,0.9784834919296616
ping-pong_bat_gQP_2_tQP_1.ply,ping-pong_bat.ply,V-PCC,3,61.7305609005537,703879,946982,107.70897936820984,1.7538223266601562,0.982078496674783
ping-pong_bat_gQP_2_tQP_2.ply,ping-pong_bat.ply,V-PCC,3,57.0515105524467,703879,946982,105.6977174282074,1.6404228210449219,0.9798923602058947
ping-pong_bat_gQP_2_tQP_3.ply,ping-pong_bat.ply,V-PCC,3,42.2614631118788,703879,946982,103.23676085472107,1.6656875610351562,0.9763801551518227
ping-pong_bat_gQP_3_tQP_1.ply,ping-pong_bat.ply,V-PCC,3,35.5500027297284,703879,941133,112.35909247398376,1.7116317749023438,0.980372045486904
ping-pong_bat_gQP_3_tQP_2.ply,ping-pong_bat.ply,V-PCC,3,34.6620967679305,703879,941133,102.95570921897888,1.6817855834960938,0.9780954945243742
ping-pong_bat_gQP_3_tQP_3.ply,ping-pong_bat.ply,V-PCC,3,36.7548439737199,703879,941133,103.54105305671692,1.6526641845703125,0.9750839036954481
ping-pong_bat_pqs_1_qs_16_rounded.ply,ping-pong_bat.ply,G-PCC (O)/L-PCC,4,91.8415346275812,703879,703879,102.16297674179077,1.7477035522460938,0.9935851953972498
ping-pong_bat_pqs_1_qs_32_rounded.ply,ping-pong_bat.ply,G-PCC (O)/L-PCC,4,57.3354633109323,703879,703879,104.03024983406067,1.7039718627929688,0.9781801779333771
ping-pong_bat_pqs_1_qs_48_rounded.ply,ping-pong_bat.ply,G-PCC (O)/L-PCC,4,41.3243172710329,703879,703879,102.29353332519531,1.73321533203125,0.9591709094894939
ping-pong_bat_pqs_1_qs_64_rounded.ply,ping-pong_bat.ply,G-PCC (O)/L-PCC,4,28.3499924782165,703879,703879,102.14740037918091,1.864776611328125,0.938184136243387
puer_tea_level_7.ply,puer_tea.ply,Downsampling,0,3.15346252854002,412009,14901,62.93890357017517,0.9683685302734375,0.9633327051409782
puer_tea_level_8.ply,puer_tea.ply,Downsampling,0,16.2603349265675,412009,57536,59.00054717063904,0.9403228759765625,0.9756927182406465
puer_tea_level_9.ply,puer_tea.ply,Downsampling,0,77.8432664101668,412009,206165,58.99524450302124,0.9784469604492188,0.989720041812194
puer_tea_gsigma_0_tsigma_8.ply,puer_tea.ply,Gaussian noise,1,79.4766933491598,412009,412009,60.059481620788574,0.98797607421875,0.997902009389986
puer_tea_gsigma_0_tsigma_16.ply,puer_tea.ply,Gaussian noise,1,48.6325940292948,412009,412009,61.80529594421387,1.0010604858398438,0.9958619299233431
puer_tea_gsigma_0_tsigma_32.ply,puer_tea.ply,Gaussian noise,1,34.7408576952058,412009,412009,63.00062370300293,0.9651947021484375,0.9917646272767984
puer_tea_gsigma_2_tsigma_8.ply,puer_tea.ply,Gaussian noise,1,43.4702655634764,412009,396730,59.59197521209717,0.9486923217773438,0.9942032623731168
puer_tea_gsigma_2_tsigma_16.ply,puer_tea.ply,Gaussian noise,1,32.5523097966144,412009,396569,65.68912434577942,0.9311256408691406,0.9929554385046694
puer_tea_gsigma_2_tsigma_32.ply,puer_tea.ply,Gaussian noise,1,27.4135990964935,412009,396652,63.018887996673584,1.0828170776367188,0.9896627942866234
puer_tea_gsigma_4_tsigma_8.ply,puer_tea.ply,Gaussian noise,1,24.0019876904387,412009,403826,66.90562057495117,0.9704742431640625,0.9886984098094989
puer_tea_gsigma_4_tsigma_16.ply,puer_tea.ply,Gaussian noise,1,22.9869495082541,412009,403682,61.238789081573486,0.9632339477539062,0.9877060180750971
puer_tea_gsigma_4_tsigma_32.ply,puer_tea.ply,Gaussian noise,1,17.40818679622,412009,403713,59.5456748008728,1.0276565551757812,0.9852789592475281
puer_tea_tsl_4_tqs_64.ply,puer_tea.ply,G-PCC (T)/S-PCC,2,22.6305666322368,412009,734832,59.52830529212952,0.9613075256347656,0.979225099273025
puer_tea_tsl_4_tqs_128.ply,puer_tea.ply,G-PCC (T)/S-PCC,2,26.8199135306378,412009,734832,59.858598947525024,1.0166893005371094,0.9779231253276197
puer_tea_tsl_4_tqs_256.ply,puer_tea.ply,G-PCC (T)/S-PCC,2,12.1998153379797,412009,734832,60.118515729904175,0.9974288940429688,0.9741605748257811
puer_tea_tsl_4_tqs_512.ply,puer_tea.ply,G-PCC (T)/S-PCC,2,5.84222472057741,412009,734832,60.34848594665527,1.0386543273925781,0.9679178369685979
puer_tea_tsl_6_tqs_64.ply,puer_tea.ply,G-PCC (T)/S-PCC,2,86.8804487654727,412009,864640,60.6620090007782,1.0314445495605469,0.9885739320313831
puer_tea_tsl_6_tqs_128.ply,puer_tea.ply,G-PCC (T)/S-PCC,2,62.9862121483958,412009,864640,60.46101355552673,1.0311355590820312,0.9874218294592609
puer_tea_tsl_6_tqs_256.ply,puer_tea.ply,G-PCC (T)/S-PCC,2,28.5558617819512,412009,864640,60.258054971694946,1.0124626159667969,0.9838777446465259
puer_tea_tsl_6_tqs_512.ply,puer_tea.ply,G-PCC (T)/S-PCC,2,16.5995484743701,412009,864640,60.57800579071045,0.8858985900878906,0.9760584520693437
puer_tea_tsl_8_tqs_64.ply,puer_tea.ply,G-PCC (T)/S-PCC,2,79.8453305174932,412009,998715,61.147852659225464,1.0232696533203125,0.9877032028155323
puer_tea_tsl_8_tqs_128.ply,puer_tea.ply,G-PCC (T)/S-PCC,2,61.7974566844332,412009,998715,60.26062250137329,1.1151618957519531,0.9871238641907033
puer_tea_tsl_8_tqs_256.ply,puer_tea.ply,G-PCC (T)/S-PCC,2,36.1136410683924,412009,998715,59.98564028739929,0.9987068176269531,0.9841087134860717
puer_tea_tsl_8_tqs_512.ply,puer_tea.ply,G-PCC (T)/S-PCC,2,21.5459093155011,412009,998715,60.3270628452301,1.0310096740722656,0.9767852731754706
puer_tea_gQP_1_tQP_1.ply,puer_tea.ply,V-PCC,3,77.914700954506,412009,684803,60.2033429145813,0.9591140747070312,0.9911975637630378
puer_tea_gQP_1_tQP_2.ply,puer_tea.ply,V-PCC,3,75.4444591024422,412009,684803,59.739112854003906,0.9668083190917969,0.9903358089673561
puer_tea_gQP_1_tQP_3.ply,puer_tea.ply,V-PCC,3,51.2988745216774,412009,684803,60.18282151222229,0.960601806640625,0.9889600335694234
puer_tea_gQP_2_tQP_1.ply,puer_tea.ply,V-PCC,3,62.5054541432411,412009,670299,59.486908197402954,1.0137062072753906,0.990734423194619
puer_tea_gQP_2_tQP_2.ply,puer_tea.ply,V-PCC,3,63.4256547659898,412009,670299,61.82291030883789,1.0211257934570312,0.9899977232521521
puer_tea_gQP_2_tQP_3.ply,puer_tea.ply,V-PCC,3,48.9932846071129,412009,670299,60.49634671211243,1.0427474975585938,0.9886234406417261
puer_tea_gQP_3_tQP_1.ply,puer_tea.ply,V-PCC,3,49.2533031787853,412009,670397,60.09513998031616,1.0196151733398438,0.9897682359629372
puer_tea_gQP_3_tQP_2.ply,puer_tea.ply,V-PCC,3,42.0841687809331,412009,670397,62.63842415809631,0.9017601013183594,0.9890183744027331
puer_tea_gQP_3_tQP_3.ply,puer_tea.ply,V-PCC,3,37.3107135366479,412009,670397,60.23289656639099,1.0538482666015625,0.987679417599261
puer_tea_pqs_1_qs_16_rounded.ply,puer_tea.ply,G-PCC (O)/L-PCC,4,88.7792248817324,412009,412009,59.35052990913391,0.9465789794921875,0.9980377478598331
puer_tea_pqs_1_qs_32_rounded.ply,puer_tea.ply,G-PCC (O)/L-PCC,4,57.8307403442314,412009,412009,63.86455059051514,0.9876022338867188,0.992280429722162
puer_tea_pqs_1_qs_48_rounded.ply,puer_tea.ply,G-PCC (O)/L-PCC,4,53.8310144289387,412009,412009,60.82504200935364,1.017364501953125,0.9855776410283924
puer_tea_pqs_1_qs_64_rounded.ply,puer_tea.ply,G-PCC (O)/L-PCC,4,48.0135449671769,412009,412009,63.06820750236511,0.9614791870117188,0.9775279727110152
pumpkin_level_7.ply,pumpkin.ply,Downsampling,0,1.8126002512715,1340343,55568,199.00640201568604,3.3145294189453125,0.9516681145177901
pumpkin_level_8.ply,pumpkin.ply,Downsampling,0,20.6394441968121,1340343,208552,194.03696370124817,3.3518600463867188,0.9703974672300503
pumpkin_level_9.ply,pumpkin.ply,Downsampling,0,76.0300023212763,1340343,703384,193.4789342880249,3.4482345581054688,0.9893819426353199
pumpkin_gsigma_0_tsigma_8.ply,pumpkin.ply,Gaussian noise,1,88.712894910982,1340343,1340343,195.78988814353943,2.778575897216797,0.9977889569025427
pumpkin_gsigma_0_tsigma_16.ply,pumpkin.ply,Gaussian noise,1,73.8480628000894,1340343,1340343,199.54814052581787,3.159229278564453,0.9955487770044235
pumpkin_gsigma_0_tsigma_32.ply,pumpkin.ply,Gaussian noise,1,47.6452487350534,1340343,1340343,191.70464158058167,3.248748779296875,0.9912116062353328
pumpkin_gsigma_2_tsigma_8.ply,pumpkin.ply,Gaussian noise,1,59.7027566150372,1340343,1292352,194.14689111709595,3.0744667053222656,0.9941738012406975
pumpkin_gsigma_2_tsigma_16.ply,pumpkin.ply,Gaussian noise,1,50.8871548748291,1340343,1292874,194.24569630622864,3.5028533935546875,0.9929395525649449
pumpkin_gsigma_2_tsigma_32.ply,pumpkin.ply,Gaussian noise,1,36.1358020796238,1340343,1292815,198.9338550567627,3.1057090759277344,0.9895249671243961
pumpkin_gsigma_4_tsigma_8.ply,pumpkin.ply,Gaussian noise,1,37.6244288147675,1340343,1315296,198.82350134849548,3.0852203369140625,0.9874580134475271
pumpkin_gsigma_4_tsigma_16.ply,pumpkin.ply,Gaussian noise,1,37.900248283199,1340343,1314929,197.42003989219666,3.32525634765625,0.9868682652726352
pumpkin_gsigma_4_tsigma_32.ply,pumpkin.ply,Gaussian noise,1,26.0686684530379,1340343,1315156,200.4563865661621,3.5016860961914062,0.984563402488732
pumpkin_tsl_4_tqs_64.ply,pumpkin.ply,G-PCC (T)/S-PCC,2,86.446484251263,1340343,2956653,205.58554649353027,3.2301979064941406,0.9887771171329676
pumpkin_tsl_4_tqs_128.ply,pumpkin.ply,G-PCC (T)/S-PCC,2,78.6740472690266,1340343,2956653,197.67670845985413,3.2893028259277344,0.9867761956421254
pumpkin_tsl_4_tqs_256.ply,pumpkin.ply,G-PCC (T)/S-PCC,2,53.1251330114768,1340343,2956653,195.1349036693573,3.654224395751953,0.9804090631140229
pumpkin_tsl_4_tqs_512.ply,pumpkin.ply,G-PCC (T)/S-PCC,2,28.6786177069522,1340343,2956653,195.81498551368713,3.585002899169922,0.9687471007707303
pumpkin_tsl_6_tqs_64.ply,pumpkin.ply,G-PCC (T)/S-PCC,2,66.9062480624086,1340343,3089215,195.24618434906006,3.2265625,0.9891134347881176
pumpkin_tsl_6_tqs_128.ply,pumpkin.ply,G-PCC (T)/S-PCC,2,62.2123482976544,1340343,3089215,197.3944923877716,3.66497802734375,0.9873298355903627
pumpkin_tsl_6_tqs_256.ply,pumpkin.ply,G-PCC (T)/S-PCC,2,48.3776981972412,1340343,3089215,195.43483638763428,3.3981056213378906,0.9809918782349014
pumpkin_tsl_6_tqs_512.ply,pumpkin.ply,G-PCC (T)/S-PCC,2,25.6811204549124,1340343,3089215,196.82326579093933,3.374248504638672,0.9693614563186346
pumpkin_tsl_8_tqs_64.ply,pumpkin.ply,G-PCC (T)/S-PCC,2,87.7715672371884,1340343,3669406,197.7428743839264,3.7371826171875,0.9877353766177637
pumpkin_tsl_8_tqs_128.ply,pumpkin.ply,G-PCC (T)/S-PCC,2,78.9769817691926,1340343,3669406,197.87183618545532,3.5447120666503906,0.9866793982354592
pumpkin_tsl_8_tqs_256.ply,pumpkin.ply,G-PCC (T)/S-PCC,2,55.3436389820298,1340343,3669406,198.27254366874695,3.7104225158691406,0.9812854830182784
pumpkin_tsl_8_tqs_512.ply,pumpkin.ply,G-PCC (T)/S-PCC,2,29.7648083427553,1340343,3669406,198.1774079799652,3.233051300048828,0.9704970355879249
pumpkin_gQP_1_tQP_1.ply,pumpkin.ply,V-PCC,3,80.0320090706354,1340343,2080175,194.65142107009888,3.212535858154297,0.9925875412955475
pumpkin_gQP_1_tQP_2.ply,pumpkin.ply,V-PCC,3,63.6286045533244,1340343,2080175,193.85014867782593,3.3666763305664062,0.9885710358460574
pumpkin_gQP_1_tQP_3.ply,pumpkin.ply,V-PCC,3,41.5038209451386,1340343,2080175,194.74336433410645,3.262775421142578,0.9822514936887812
pumpkin_gQP_2_tQP_1.ply,pumpkin.ply,V-PCC,3,57.3085433797706,1340343,2108056,194.65442204475403,3.2908859252929688,0.9920271201165957
pumpkin_gQP_2_tQP_2.ply,pumpkin.ply,V-PCC,3,56.3477429936398,1340343,2108056,196.310560464859,3.3042144775390625,0.9880784804123528
pumpkin_gQP_2_tQP_3.ply,pumpkin.ply,V-PCC,3,41.5159642319042,1340343,2108056,199.4470920562744,3.1793289184570312,0.981954292057692
pumpkin_gQP_3_tQP_1.ply,pumpkin.ply,V-PCC,3,46.1422770914442,1340343,2075065,195.59525609016418,3.29388427734375,0.9913795920202986
pumpkin_gQP_3_tQP_2.ply,pumpkin.ply,V-PCC,3,37.5424785871894,1340343,2075065,195.78921818733215,3.2542991638183594,0.9877244571687347
pumpkin_gQP_3_tQP_3.ply,pumpkin.ply,V-PCC,3,30.2320521605782,1340343,2075065,195.5574345588684,3.2034149169921875,0.981459635124029
pumpkin_pqs_1_qs_16_rounded.ply,pumpkin.ply,G-PCC (O)/L-PCC,4,85.6214108081247,1340343,1340343,192.5192151069641,3.2735557556152344,0.9981598053553766
pumpkin_pqs_1_qs_32_rounded.ply,pumpkin.ply,G-PCC (O)/L-PCC,4,83.0429567927244,1340343,1340343,191.345281124115,3.4560775756835938,0.9940215229929064
pumpkin_pqs_1_qs_48_rounded.ply,pumpkin.ply,G-PCC (O)/L-PCC,4,71.6336540114101,1340343,1340343,194.7491557598114,3.1249008178710938,0.9865735362128019
pumpkin_pqs_1_qs_64_rounded.ply,pumpkin.ply,G-PCC (O)/L-PCC,4,52.24143669455,1340343,1340343,191.0642352104187,3.2855873107910156,0.9767661453039634
ship_level_7.ply,ship.ply,Downsampling,0,5.79065940679862,684617,20591,99.28112721443176,1.7258796691894531,0.9272313145730506
ship_level_8.ply,ship.ply,Downsampling,0,15.2671574459892,684617,80774,98.49260830879211,1.6748619079589844,0.9618731578906946
ship_level_9.ply,ship.ply,Downsampling,0,51.1674933407132,684617,296894,99.32068991661072,1.7486152648925781,0.9857764178888305
ship_gsigma_0_tsigma_8.ply,ship.ply,Gaussian noise,1,81.8761496401027,684617,684617,98.41261982917786,1.6927642822265625,0.9971823053030454
ship_gsigma_0_tsigma_16.ply,ship.ply,Gaussian noise,1,60.0259037887531,684617,684617,97.54798078536987,1.6820793151855469,0.9942613033853754
ship_gsigma_0_tsigma_32.ply,ship.ply,Gaussian noise,1,44.7131178212002,684617,684617,98.01969718933105,1.6609535217285156,0.9861788149803481
ship_gsigma_2_tsigma_8.ply,ship.ply,Gaussian noise,1,44.3239117772617,684617,653258,103.623939037323,1.6285743713378906,0.9918935105331622
ship_gsigma_2_tsigma_16.ply,ship.ply,Gaussian noise,1,46.2428076848646,684617,653179,99.8447196483612,1.59844970703125,0.9897952981755641
ship_gsigma_2_tsigma_32.ply,ship.ply,Gaussian noise,1,29.4704740502455,684617,653424,99.32126569747925,1.5692977905273438,0.9827437289806189
ship_gsigma_4_tsigma_8.ply,ship.ply,Gaussian noise,1,24.1590376261928,684617,667149,101.54932713508606,1.674285888671875,0.9823375955701236
ship_gsigma_4_tsigma_16.ply,ship.ply,Gaussian noise,1,30.238411260331,684617,667265,101.68382573127747,1.5904731750488281,0.9809835585303469
ship_gsigma_4_tsigma_32.ply,ship.ply,Gaussian noise,1,22.5718248134771,684617,667350,107.89226865768433,1.7295761108398438,0.9750122160301128
ship_tsl_4_tqs_64.ply,ship.ply,G-PCC (T)/S-PCC,2,13.4323530319704,684617,1016866,101.11321377754211,1.5666160583496094,0.9661662415416388
ship_tsl_4_tqs_128.ply,ship.ply,G-PCC (T)/S-PCC,2,15.9791047560549,684617,1016866,101.15474939346313,1.5954017639160156,0.962899059793654
ship_tsl_4_tqs_256.ply,ship.ply,G-PCC (T)/S-PCC,2,11.7246524833365,684617,1016866,100.64444351196289,1.6430625915527344,0.9566037631327042
ship_tsl_4_tqs_512.ply,ship.ply,G-PCC (T)/S-PCC,2,12.6371072440398,684617,1016866,105.04002261161804,1.6220932006835938,0.9486364854310644
ship_tsl_6_tqs_64.ply,ship.ply,G-PCC (T)/S-PCC,2,80.4780816556649,684617,1183047,103.29221725463867,1.6567649841308594,0.9856820950813145
ship_tsl_6_tqs_128.ply,ship.ply,G-PCC (T)/S-PCC,2,68.1048669406974,684617,1183047,107.11831212043762,1.56793212890625,0.9820521902528774
ship_tsl_6_tqs_256.ply,ship.ply,G-PCC (T)/S-PCC,2,41.1861630890169,684617,1183047,101.89742660522461,1.8289871215820312,0.9753008566109486
ship_tsl_6_tqs_512.ply,ship.ply,G-PCC (T)/S-PCC,2,25.1244404016418,684617,1183047,101.23989963531494,1.7157402038574219,0.9639309956855265
ship_tsl_8_tqs_64.ply,ship.ply,G-PCC (T)/S-PCC,2,86.4145260567469,684617,1423779,115.10046029090881,1.6880302429199219,0.9876097827121656
ship_tsl_8_tqs_128.ply,ship.ply,G-PCC (T)/S-PCC,2,76.5494553024612,684617,1423779,101.82606816291809,1.5642662048339844,0.9845084663738926
ship_tsl_8_tqs_256.ply,ship.ply,G-PCC (T)/S-PCC,2,45.6045385106163,684617,1423779,102.27879190444946,1.6239662170410156,0.9779812824889496
ship_tsl_8_tqs_512.ply,ship.ply,G-PCC (T)/S-PCC,2,32.5676781701757,684617,1423779,106.55816197395325,1.7315025329589844,0.9665420495151329
ship_gQP_1_tQP_1.ply,ship.ply,V-PCC,3,86.8324316287296,684617,956636,100.99243640899658,1.5929183959960938,0.9908717605395374
ship_gQP_1_tQP_2.ply,ship.ply,V-PCC,3,79.6695339466734,684617,956636,101.6221694946289,1.7016105651855469,0.9857799007496711
ship_gQP_1_tQP_3.ply,ship.ply,V-PCC,3,64.6536388064568,684617,956636,102.17733716964722,1.81072998046875,0.9801466790604522
ship_gQP_2_tQP_1.ply,ship.ply,V-PCC,3,52.755875346608,684617,986258,107.45243716239929,1.5416831970214844,0.9893925024017217
ship_gQP_2_tQP_2.ply,ship.ply,V-PCC,3,53.071309357766,684617,986258,100.51985096931458,1.6086692810058594,0.984311811919568
ship_gQP_2_tQP_3.ply,ship.ply,V-PCC,3,44.9948183529334,684617,986258,102.36646056175232,1.7140693664550781,0.9787679579827532
ship_gQP_3_tQP_1.ply,ship.ply,V-PCC,3,32.7011304352748,684617,947488,100.38209772109985,1.5175552368164062,0.9882052680318367
ship_gQP_3_tQP_2.ply,ship.ply,V-PCC,3,30.0782560592608,684617,947488,101.71712827682495,1.8165512084960938,0.9834021520952118
ship_gQP_3_tQP_3.ply,ship.ply,V-PCC,3,32.3718773753873,684617,947488,100.25317978858948,1.7922096252441406,0.977897550597672
ship_pqs_1_qs_16_rounded.ply,ship.ply,G-PCC (O)/L-PCC,4,91.8923788590112,684617,684617,98.6117193698883,1.7325706481933594,0.9954169506519854
ship_pqs_1_qs_32_rounded.ply,ship.ply,G-PCC (O)/L-PCC,4,68.9062813581738,684617,684617,97.74449014663696,1.6512603759765625,0.9855399658055598
ship_pqs_1_qs_48_rounded.ply,ship.ply,G-PCC (O)/L-PCC,4,60.8537026618668,684617,684617,106.37538409233093,1.5481796264648438,0.9725635567094482
ship_pqs_1_qs_64_rounded.ply,ship.ply,G-PCC (O)/L-PCC,4,48.1843931082809,684617,684617,103.71232557296753,1.6870269775390625,0.9596901037910479
statue_level_7.ply,statue.ply,Downsampling,0,11.0459267428809,1637577,63182,234.15898084640503,3.865612030029297,0.9577811071300143
statue_level_8.ply,statue.ply,Downsampling,0,24.446050693692,1637577,241292,237.67962074279785,3.9075851440429688,0.9741959940083896
statue_level_9.ply,statue.ply,Downsampling,0,69.021410657055,1637577,826725,250.05635786056519,3.9063568115234375,0.990596806801466
statue_gsigma_0_tsigma_8.ply,statue.ply,Gaussian noise,1,85.1194730302636,1637577,1637577,236.09147238731384,4.036380767822266,0.9982658532585627
statue_gsigma_0_tsigma_16.ply,statue.ply,Gaussian noise,1,69.249033449068,1637577,1637577,241.62341856956482,3.842914581298828,0.9965387983820592
statue_gsigma_0_tsigma_32.ply,statue.ply,Gaussian noise,1,49.2759668006284,1637577,1637577,244.5802993774414,4.273284912109375,0.9925813454049696
statue_gsigma_2_tsigma_8.ply,statue.ply,Gaussian noise,1,50.1455304638253,1637577,1571793,240.83367371559143,4.189990997314453,0.9945246125783085
statue_gsigma_2_tsigma_16.ply,statue.ply,Gaussian noise,1,39.4123304229697,1637577,1571846,239.86213517189026,4.167263031005859,0.9935455737505207
statue_gsigma_2_tsigma_32.ply,statue.ply,Gaussian noise,1,34.7558872961688,1637577,1572022,238.25520133972168,4.030792236328125,0.9902864161696628
statue_gsigma_4_tsigma_8.ply,statue.ply,Gaussian noise,1,31.3800914768002,1637577,1601241,239.09927940368652,3.9493751525878906,0.9878122546643063
statue_gsigma_4_tsigma_16.ply,statue.ply,Gaussian noise,1,27.7228845622661,1637577,1601247,242.61322355270386,3.9307785034179688,0.9871385736724178
statue_gsigma_4_tsigma_32.ply,statue.ply,Gaussian noise,1,32.9952144940355,1637577,1601158,243.37620997428894,3.953216552734375,0.9845314234653842
statue_tsl_4_tqs_64.ply,statue.ply,G-PCC (T)/S-PCC,2,19.5588193173298,1637577,3123879,246.6693093776703,4.1143798828125,0.9747199969621483
statue_tsl_4_tqs_128.ply,statue.ply,G-PCC (T)/S-PCC,2,19.6972695023532,1637577,3123879,241.46304869651794,4.086647033691406,0.972969718541279
statue_tsl_4_tqs_256.ply,statue.ply,G-PCC (T)/S-PCC,2,16.4008289158312,1637577,3123879,241.55383729934692,4.339260101318359,0.9691753584196113
statue_tsl_4_tqs_512.ply,statue.ply,G-PCC (T)/S-PCC,2,11.344017416098,1637577,3123879,242.61779928207397,4.268184661865234,0.9624795814228693
statue_tsl_6_tqs_64.ply,statue.ply,G-PCC (T)/S-PCC,2,77.3013087163849,1637577,3453516,244.61134004592896,4.3046875,0.9897877710760463
statue_tsl_6_tqs_128.ply,statue.ply,G-PCC (T)/S-PCC,2,67.7603536053018,1637577,3453516,245.37293076515198,3.9592819213867188,0.9882097028070884
statue_tsl_6_tqs_256.ply,statue.ply,G-PCC (T)/S-PCC,2,48.2298391926814,1637577,3453516,241.66784381866455,4.084049224853516,0.9839721557027616
statue_tsl_6_tqs_512.ply,statue.ply,G-PCC (T)/S-PCC,2,29.7384769623822,1637577,3453516,242.08570384979248,4.202732086181641,0.9753326526791453
statue_tsl_8_tqs_64.ply,statue.ply,G-PCC (T)/S-PCC,2,88.3188857213587,1637577,4365032,242.96977376937866,4.2738037109375,0.9897777220265301
statue_tsl_8_tqs_128.ply,statue.ply,G-PCC (T)/S-PCC,2,78.3651175128164,1637577,4365032,243.19763922691345,4.330474853515625,0.9887947817419442
statue_tsl_8_tqs_256.ply,statue.ply,G-PCC (T)/S-PCC,2,57.6657301068921,1637577,4365032,246.97750806808472,4.172031402587891,0.9854313532603414
statue_tsl_8_tqs_512.ply,statue.ply,G-PCC (T)/S-PCC,2,35.5732845168642,1637577,4365032,241.2989399433136,4.269084930419922,0.9777140586278942
statue_gQP_1_tQP_1.ply,statue.ply,V-PCC,3,82.165444745857,1637577,2254285,238.14142727851868,3.9483795166015625,0.9933443516995135
statue_gQP_1_tQP_2.ply,statue.ply,V-PCC,3,74.3686838145158,1637577,2254285,239.36153268814087,3.8971176147460938,0.9900786382974223
statue_gQP_1_tQP_3.ply,statue.ply,V-PCC,3,52.9808699886701,1637577,2254285,237.75803589820862,3.8855552673339844,0.9858819516483598
statue_gQP_2_tQP_1.ply,statue.ply,V-PCC,3,65.2778979966785,1637577,2250538,238.90836334228516,3.9051971435546875,0.9926220622234706
statue_gQP_2_tQP_2.ply,statue.ply,V-PCC,3,58.0391510244265,1637577,2250538,237.32323718070984,3.903228759765625,0.9895528585208523
statue_gQP_2_tQP_3.ply,statue.ply,V-PCC,3,45.2939638761951,1637577,2250538,236.93835377693176,3.9467430114746094,0.9853307775311548
statue_gQP_3_tQP_1.ply,statue.ply,V-PCC,3,25.8864162085524,1637577,2220486,238.38714694976807,3.9450721740722656,0.9894991199964013
statue_gQP_3_tQP_2.ply,statue.ply,V-PCC,3,32.5854118785264,1637577,2220486,239.09439277648926,3.9317970275878906,0.9867774270327356
statue_gQP_3_tQP_3.ply,statue.ply,V-PCC,3,26.9301373002519,1637577,2220486,243.58665204048157,3.8755226135253906,0.9831215942425664
statue_pqs_1_qs_16_rounded.ply,statue.ply,G-PCC (O)/L-PCC,4,87.0157340766006,1637577,1637577,237.8169937133789,4.0823211669921875,0.9970598017018723
statue_pqs_1_qs_32_rounded.ply,statue.ply,G-PCC (O)/L-PCC,4,77.2797822260162,1637577,1637577,233.62197136878967,4.0606536865234375,0.9913765371384431
statue_pqs_1_qs_48_rounded.ply,statue.ply,G-PCC (O)/L-PCC,4,67.4047603475092,1637577,1637577,233.59147906303406,3.9345359802246094,0.984961505721951
statue_pqs_1_qs_64_rounded.ply,statue.ply,G-PCC (O)/L-PCC,4,54.1088773909453,1637577,1637577,234.51388382911682,4.014804840087891,0.974350075809791
stone_level_7.ply,stone.ply,Downsampling,0,8.58053319292371,1086453,43913,154.11698961257935,2.6898651123046875,0.9612286055733881
stone_level_8.ply,stone.ply,Downsampling,0,20.6493113794565,1086453,164624,155.78247261047363,2.613056182861328,0.9733330421043801
stone_level_9.ply,stone.ply,Downsampling,0,86.872321281179,1086453,560487,155.2658748626709,2.6508865356445312,0.9885013174465941
stone_gsigma_0_tsigma_8.ply,stone.ply,Gaussian noise,1,86.8766848211552,1086453,1086453,154.06631088256836,2.654754638671875,0.9981005928393311
stone_gsigma_0_tsigma_16.ply,stone.ply,Gaussian noise,1,75.0615560139541,1086453,1086453,156.58629775047302,2.5907669067382812,0.9962471650617665
stone_gsigma_0_tsigma_32.ply,stone.ply,Gaussian noise,1,47.836863678051,1086453,1086453,155.42392754554749,2.628429412841797,0.9924642931749635
stone_gsigma_2_tsigma_8.ply,stone.ply,Gaussian noise,1,71.6157091186009,1086453,1045880,157.01980876922607,2.6447792053222656,0.9936104062412959
stone_gsigma_2_tsigma_16.ply,stone.ply,Gaussian noise,1,62.4059409006599,1086453,1045767,156.64884757995605,2.6432571411132812,0.9927823472159378
stone_gsigma_2_tsigma_32.ply,stone.ply,Gaussian noise,1,47.6251229700144,1086453,1045868,156.90008687973022,2.6871604919433594,0.9902020451644898
stone_gsigma_4_tsigma_8.ply,stone.ply,Gaussian noise,1,34.4159190445181,1086453,1064862,157.03819823265076,2.604045867919922,0.987301871995838
stone_gsigma_4_tsigma_16.ply,stone.ply,Gaussian noise,1,36.8529422604938,1086453,1064966,157.58523082733154,2.643726348876953,0.9868771730281528
stone_gsigma_4_tsigma_32.ply,stone.ply,Gaussian noise,1,24.0907463682826,1086453,1064897,157.69200205802917,2.6168441772460938,0.98527675315086
stone_tsl_4_tqs_64.ply,stone.ply,G-PCC (T)/S-PCC,2,57.6383741144741,1086453,2275057,158.51546359062195,2.6285667419433594,0.9852163346246959
stone_tsl_4_tqs_128.ply,stone.ply,G-PCC (T)/S-PCC,2,47.1735467282753,1086453,2275057,158.5803141593933,2.6698875427246094,0.9843807289558439
stone_tsl_4_tqs_256.ply,stone.ply,G-PCC (T)/S-PCC,2,34.2206143434335,1086453,2275057,158.46098279953003,2.6441307067871094,0.9798406592329819
stone_tsl_4_tqs_512.ply,stone.ply,G-PCC (T)/S-PCC,2,18.7636046116809,1086453,2275057,159.94482564926147,2.696826934814453,0.9702116202232671
stone_tsl_6_tqs_64.ply,stone.ply,G-PCC (T)/S-PCC,2,65.9392597468463,1086453,2408083,159.13143110275269,2.69427490234375,0.9870579904541896
stone_tsl_6_tqs_128.ply,stone.ply,G-PCC (T)/S-PCC,2,60.6549209297791,1086453,2408083,159.2103157043457,2.6565933227539062,0.9865109961041835
stone_tsl_6_tqs_256.ply,stone.ply,G-PCC (T)/S-PCC,2,42.3730925010962,1086453,2408083,158.62229251861572,2.6264801025390625,0.9817217681475048
stone_tsl_6_tqs_512.ply,stone.ply,G-PCC (T)/S-PCC,2,22.6359196309754,1086453,2408083,158.70530033111572,2.6699905395507812,0.9715658568499853
stone_tsl_8_tqs_64.ply,stone.ply,G-PCC (T)/S-PCC,2,76.9686124364125,1086453,2890924,162.42434644699097,2.841217041015625,0.9851283998835916
stone_tsl_8_tqs_128.ply,stone.ply,G-PCC (T)/S-PCC,2,75.6815365519877,1086453,2890924,159.35059642791748,2.8691139221191406,0.9853188512591873
stone_tsl_8_tqs_256.ply,stone.ply,G-PCC (T)/S-PCC,2,47.4369456685297,1086453,2890924,160.00256514549255,2.8089675903320312,0.9820426648806966
stone_tsl_8_tqs_512.ply,stone.ply,G-PCC (T)/S-PCC,2,20.3125947364039,1086453,2890924,186.71911430358887,2.8424453735351562,0.9725593072318035
stone_gQP_1_tQP_1.ply,stone.ply,V-PCC,3,78.8199476731929,1086453,1641457,157.18648386001587,2.69989013671875,0.9905902312605299
stone_gQP_1_tQP_2.ply,stone.ply,V-PCC,3,55.9642947110012,1086453,1641457,157.14243340492249,2.615509033203125,0.9886244418619361
stone_gQP_1_tQP_3.ply,stone.ply,V-PCC,3,38.1912520635221,1086453,1641457,158.30744433403015,2.629924774169922,0.9832270544845441
stone_gQP_2_tQP_1.ply,stone.ply,V-PCC,3,58.8787093055682,1086453,1669896,164.41800618171692,2.681621551513672,0.9898392215082807
stone_gQP_2_tQP_2.ply,stone.ply,V-PCC,3,56.0219351966566,1086453,1669896,158.9840054512024,2.6191940307617188,0.9880151705597233
stone_gQP_2_tQP_3.ply,stone.ply,V-PCC,3,34.4622505904907,1086453,1669896,157.99044585227966,2.7380332946777344,0.9827261031491809
stone_gQP_3_tQP_1.ply,stone.ply,V-PCC,3,41.7610959776657,1086453,1650913,161.3683888912201,2.639862060546875,0.9885948922283274
stone_gQP_3_tQP_2.ply,stone.ply,V-PCC,3,35.6204916846575,1086453,1650913,158.17779994010925,2.592479705810547,0.9868778036626181
stone_gQP_3_tQP_3.ply,stone.ply,V-PCC,3,26.0134287410296,1086453,1650913,158.66250371932983,2.6504898071289062,0.981994523247425
stone_pqs_1_qs_16_rounded.ply,stone.ply,G-PCC (O)/L-PCC,4,80.9089254448558,1086453,1086453,155.95445466041565,2.605968475341797,0.9985771745843696
stone_pqs_1_qs_32_rounded.ply,stone.ply,G-PCC (O)/L-PCC,4,69.4849326204119,1086453,1086453,155.9858283996582,2.681304931640625,0.9968675205471743
stone_pqs_1_qs_48_rounded.ply,stone.ply,G-PCC (O)/L-PCC,4,77.068618338965,1086453,1086453,155.56944108009338,2.6608123779296875,0.9940883374061874
stone_pqs_1_qs_64_rounded.ply,stone.ply,G-PCC (O)/L-PCC,4,65.579572732327,1086453,1086453,155.65215635299683,2.6243553161621094,0.9893986884955353
tool_box_level_7.ply,tool_box.ply,Downsampling,0,7.78815081382912,1054211,36220,151.0253405570984,2.585479736328125,0.9513399847464219
tool_box_level_8.ply,tool_box.ply,Downsampling,0,25.3570692321109,1054211,140107,152.60047602653503,2.5343589782714844,0.9715036123453862
tool_box_level_9.ply,tool_box.ply,Downsampling,0,72.9680686629272,1054211,492816,151.22982907295227,2.5679092407226562,0.9874172186240131
tool_box_gsigma_0_tsigma_8.ply,tool_box.ply,Gaussian noise,1,74.0777420470806,1054211,1054211,150.6900601387024,2.543987274169922,0.9948899607118568
tool_box_gsigma_0_tsigma_16.ply,tool_box.ply,Gaussian noise,1,47.6539583277037,1054211,1054211,150.63463354110718,2.540332794189453,0.9899328838461343
tool_box_gsigma_0_tsigma_32.ply,tool_box.ply,Gaussian noise,1,33.3808952190659,1054211,1054211,150.98861646652222,2.548980712890625,0.9785040870866162
tool_box_gsigma_2_tsigma_8.ply,tool_box.ply,Gaussian noise,1,42.1586836898212,1054211,1009321,152.19877338409424,2.587127685546875,0.9912536237112435
tool_box_gsigma_2_tsigma_16.ply,tool_box.ply,Gaussian noise,1,30.4911353870176,1054211,1009526,156.5640263557434,2.5059242248535156,0.987302463358077
tool_box_gsigma_2_tsigma_32.ply,tool_box.ply,Gaussian noise,1,19.7353896644349,1054211,1009319,152.18800687789917,2.5559730529785156,0.9767213590799689
tool_box_gsigma_4_tsigma_8.ply,tool_box.ply,Gaussian noise,1,27.6145145983668,1054211,1030299,152.6855070590973,2.5885963439941406,0.9850172964041255
tool_box_gsigma_4_tsigma_16.ply,tool_box.ply,Gaussian noise,1,22.032861690286,1054211,1029977,152.48263692855835,2.55279541015625,0.981987164624516
tool_box_gsigma_4_tsigma_32.ply,tool_box.ply,Gaussian noise,1,13.7126560479102,1054211,1030201,152.5967984199524,2.5730552673339844,0.97246728203136
tool_box_tsl_4_tqs_64.ply,tool_box.ply,G-PCC (T)/S-PCC,2,53.8100580363865,1054211,1866080,154.74504470825195,2.714244842529297,0.9815156808954658
tool_box_tsl_4_tqs_128.ply,tool_box.ply,G-PCC (T)/S-PCC,2,43.4806332561404,1054211,1866080,153.9730625152588,2.595294952392578,0.9765193575039413
tool_box_tsl_4_tqs_256.ply,tool_box.ply,G-PCC (T)/S-PCC,2,21.3399042402183,1054211,1866080,154.29102516174316,2.550579071044922,0.9683794220737721
tool_box_tsl_4_tqs_512.ply,tool_box.ply,G-PCC (T)/S-PCC,2,9.772409239441,1054211,1866080,154.28899312019348,2.5733184814453125,0.9585179447655388
tool_box_tsl_6_tqs_64.ply,tool_box.ply,G-PCC (T)/S-PCC,2,80.4800722020086,1054211,2018272,154.35131525993347,2.667705535888672,0.985869681793338
tool_box_tsl_6_tqs_128.ply,tool_box.ply,G-PCC (T)/S-PCC,2,46.7185364229069,1054211,2018272,154.48433303833008,2.51123046875,0.9801358821741386
tool_box_tsl_6_tqs_256.ply,tool_box.ply,G-PCC (T)/S-PCC,2,31.6904848394128,1054211,2018272,154.18267631530762,2.5991172790527344,0.9710413019420653
tool_box_tsl_6_tqs_512.ply,tool_box.ply,G-PCC (T)/S-PCC,2,13.2445947729477,1054211,2018272,154.14605402946472,2.6289596557617188,0.9599100963060926
tool_box_tsl_8_tqs_64.ply,tool_box.ply,G-PCC (T)/S-PCC,2,73.8705759608815,1054211,2485742,155.41920161247253,2.5539588928222656,0.9858026107994595
tool_box_tsl_8_tqs_128.ply,tool_box.ply,G-PCC (T)/S-PCC,2,52.1691946744185,1054211,2485742,154.91075587272644,2.5199813842773438,0.9807347200053734
tool_box_tsl_8_tqs_256.ply,tool_box.ply,G-PCC (T)/S-PCC,2,29.3246156020452,1054211,2485742,155.69714879989624,2.5868682861328125,0.9718991978947543
tool_box_tsl_8_tqs_512.ply,tool_box.ply,G-PCC (T)/S-PCC,2,18.0808647645683,1054211,2485742,154.94601845741272,2.5782394409179688,0.9613526558509117
tool_box_gQP_1_tQP_1.ply,tool_box.ply,V-PCC,3,77.1818034804779,1054211,1354783,153.57649755477905,2.6292686462402344,0.9897691270139728
tool_box_gQP_1_tQP_2.ply,tool_box.ply,V-PCC,3,59.1793726323538,1054211,1354783,153.240464925766,2.5673370361328125,0.9866014666080438
tool_box_gQP_1_tQP_3.ply,tool_box.ply,V-PCC,3,56.7594447126585,1054211,1354783,157.91747736930847,2.5348434448242188,0.9811165409661549
tool_box_gQP_2_tQP_1.ply,tool_box.ply,V-PCC,3,57.8707979905386,1054211,1370609,157.5120849609375,2.606678009033203,0.9889380709757946
tool_box_gQP_2_tQP_2.ply,tool_box.ply,V-PCC,3,57.2117340327635,1054211,1370609,152.92439794540405,2.5746192932128906,0.9858278797111305
tool_box_gQP_2_tQP_3.ply,tool_box.ply,V-PCC,3,45.3218746375929,1054211,1370609,153.05766773223877,2.6026344299316406,0.9804652947266459
tool_box_gQP_3_tQP_1.ply,tool_box.ply,V-PCC,3,44.4899426853948,1054211,1346716,164.1411476135254,2.6428070068359375,0.9878457432527057
tool_box_gQP_3_tQP_2.ply,tool_box.ply,V-PCC,3,47.6371547753809,1054211,1346716,154.87733578681946,2.580810546875,0.9851484864428747
tool_box_gQP_3_tQP_3.ply,tool_box.ply,V-PCC,3,34.6512821957151,1054211,1346716,153.56182217597961,2.6312904357910156,0.9797040848033106
tool_box_pqs_1_qs_16_rounded.ply,tool_box.ply,G-PCC (O)/L-PCC,4,82.5089138067047,1054211,1054211,160.50558161735535,2.6067543029785156,0.9924861468603393
tool_box_pqs_1_qs_32_rounded.ply,tool_box.ply,G-PCC (O)/L-PCC,4,58.7412497169173,1054211,1054211,162.47358632087708,2.5357742309570312,0.9751376327288712
tool_box_pqs_1_qs_48_rounded.ply,tool_box.ply,G-PCC (O)/L-PCC,4,38.8030536311133,1054211,1054211,161.7029960155487,2.6706581115722656,0.9554773520985342
tool_box_pqs_1_qs_64_rounded.ply,tool_box.ply,G-PCC (O)/L-PCC,4,22.5981055276887,1054211,1054211,151.1752097606659,2.5701217651367188,0.9300907015015842
