SIGNAL,REF,ATTACK,CLASS,SCORE,REF_NUM_POINTS,TEST_NUM_POINTS,TIME_TAKEN_SECONDS,PEAK_RAM_USAGE_GiB,QUALITY_INDEX_PointPCA2_0,QUALITY_INDEX_PointPCA2_1,QUALITY_INDEX_PointPCA2_2,QUALITY_INDEX_PointPCA2_3,QUALITY_INDEX_PointPCA2_4,QUALITY_INDEX_PointPCA2_5,QUALITY_INDEX_PointPCA2_6,QUALITY_INDEX_PointPCA2_7,QUALITY_INDEX_PointPCA2_8,QUALITY_INDEX_PointPCA2_9,QUALITY_INDEX_PointPCA2_10,QUALITY_INDEX_PointPCA2_11,QUALITY_INDEX_PointPCA2_12,QUALITY_INDEX_PointPCA2_13,QUALITY_INDEX_PointPCA2_14,QUALITY_INDEX_PointPCA2_15,QUALITY_INDEX_PointPCA2_16,QUALITY_INDEX_PointPCA2_17,QUALITY_INDEX_PointPCA2_18,QUALITY_INDEX_PointPCA2_19,QUALITY_INDEX_PointPCA2_20,QUALITY_INDEX_PointPCA2_21,QUALITY_INDEX_PointPCA2_22,QUALITY_INDEX_PointPCA2_23,QUALITY_INDEX_PointPCA2_24,QUALITY_INDEX_PointPCA2_25,QUALITY_INDEX_PointPCA2_26,QUALITY_INDEX_PointPCA2_27,QUALITY_INDEX_PointPCA2_28,QUALITY_INDEX_PointPCA2_29,QUALITY_INDEX_PointPCA2_30,QUALITY_INDEX_PointPCA2_31,QUALITY_INDEX_PointPCA2_32,QUALITY_INDEX_PointPCA2_33,QUALITY_INDEX_PointPCA2_34,QUALITY_INDEX_PointPCA2_35,QUALITY_INDEX_PointPCA2_36,QUALITY_INDEX_PointPCA2_37,QUALITY_INDEX_PointPCA2_38,QUALITY_INDEX_PointPCA2_39
redandblack_0.ply,redandblack.ply,Octree-based compression,0,8.167091836735,729133,614242,97.72348999977112,1.7715034484863281,0.9936416460489642,0.9992552402534369,0.9981014569853343,0.9204420628200003,0.9073103423677108,0.8891193128875331,0.8436278689932127,0.8469828739998979,0.8587241488222022,0.9219316365968192,0.919793540020897,0.8565647821944341,0.2544190991004504,0.12694410027379593,0.13094823390095076,0.11759218634885363,0.11133180517238159,0.38104150224904415,0.5836745903284902,0.21686691442722594,0.39822974659214877,0.32946604941075913,0.1858474756910337,0.0962639909778564,0.9280302266686238,0.9037309189352508,0.8158021715822211,0.9326417577466961,0.9300096746811105,0.8136131730564669,0.8835837901016983,0.870725926757803,0.9902643867006631,0.932864315414499,0.4377203704016223,0.8740722145155625,0.8585302126200035,0.5983961970300662,0.4059720480597382,0.0034246337336009598
redandblack_1.ply,redandblack.ply,Octree-based compression,0,6.45,729133,501236,97.38873839378357,1.7690773010253906,0.9917804264137552,0.999005389272174,0.9972646367081508,0.8695844181561538,0.8765302617352712,0.8381497736636937,0.9287032931447506,0.9342380416238423,0.9299057316662939,0.8675236206965556,0.876361773354797,0.777864489455428,0.5010219101305909,0.24857796826797468,0.2544292887948433,0.2372617643933011,0.11133180517238159,0.38104150224904415,0.7483653814518619,0.31561524152033427,0.4595254977257917,0.3435414911495768,0.1763169063256588,0.16411150859969229,0.8367786379809039,0.8068055807269882,0.645133379938725,0.9966545388078564,0.9963322289894349,0.9103552465805531,0.757993849806726,0.7216951574558634,0.9835369472627467,0.9321359683939757,0.41809091275611626,0.7923662941491152,0.7741365440049051,0.5803307385855051,0.42375451508518297,0.006372721742345834
redandblack_2.ply,redandblack.ply,Octree-based compression,0,6.734375,729133,405449,98.55793404579163,1.7880630493164062,0.9892236637398615,0.9987044484502743,0.9960970387841308,0.817125539035823,0.8423351563726629,0.7846844453635192,0.9407141698557413,0.9487545923017043,0.9377903020972824,0.8105115917543694,0.8300291002178585,0.7029235313301985,0.7030950287118747,0.35060181359836645,0.35876723619884504,0.3323606044631593,0.11133180517238159,0.38104150224904415,0.8806217469785451,0.4013309348766741,0.4975341379015446,0.3903091655485154,0.18629701586706401,0.20940537006051774,0.7421525998880624,0.7072846173747316,0.509275261519908,0.9976594663624995,0.995807938095987,0.9209520843985499,0.6440317137744479,0.5857054725398831,0.976984069053426,0.9276641449937545,0.38499969081066066,0.735950803374235,0.7129287265131625,0.5513967027900363,0.46501111036381376,0.008502263543514814
redandblack_3.ply,redandblack.ply,Octree-based compression,0,4.9,729133,290291,96.45371294021606,1.7880363464355469,0.9847971277856759,0.9981870899536591,0.994109139006878,0.740923260788879,0.7913465631617743,0.7074834590496687,0.9542040061121518,0.9632478941232112,0.9478185899888938,0.7289502762236229,0.7613911849778389,0.6070745456576806,0.9369709789653863,0.4750336238442542,0.4844501335394372,0.43485389595612806,0.11133180517238159,0.38104150224904415,1.041451727633299,0.507009567087497,0.5404426120779273,0.4604584841155326,0.20357029870889512,0.277791253839695,0.6002558464747978,0.5672747917988313,0.35791829897949334,0.9990104126577461,0.997555298162721,0.9256166566347716,0.49418826159766727,0.41204518289898584,0.9670471995324285,0.9270969553283747,0.37631376791239096,0.6806527184710929,0.65488062608496,0.5453450549396539,0.47169867686114814,0.01192510067082129
redandblack_4.ply,redandblack.ply,Octree-based compression,0,6.286989795918,729133,176976,96.8131034374237,1.7446670532226562,0.9781339190037639,0.9974105646764561,0.9911776774233131,0.6485183470744328,0.7221275729135146,0.617390952578733,0.9689503866400887,0.976902680933909,0.9618688223293328,0.6318288071637906,0.6764766415446957,0.5083653058098896,1.1706979667250217,0.5993132670481093,0.6072071986583543,0.544278887564365,0.11133180517238159,0.38104150224904415,1.235037796907011,0.6171818785062763,0.6234181332502865,0.7781254243628091,0.31614263313378277,0.5185890451125603,0.4265588674432337,0.39864975508868083,0.22847826300710744,0.9993826656255608,0.9990092652020213,0.9304624074286457,0.33438034223977825,0.23947202516097787,0.9527091290152754,0.9071364225523486,0.350742279228341,0.6600133832076996,0.6309499228034705,0.520741592061731,0.5058044994687239,0.022263244644084412
redandblack_5.ply,redandblack.ply,Octree-based compression,0,3.7578125,729133,76382,96.83780574798584,1.7367286682128906,0.9665593024839307,0.9960096153015691,0.9865613077192683,0.5233023671721614,0.6132506318684465,0.49973191647494924,0.9833419827240278,0.987974583105055,0.9790288672376584,0.5081489610537288,0.5551356026072606,0.4010562727713183,1.6088244630183017,0.8163503888821025,0.8173664604592378,0.7853897095314514,0.11133180517238159,0.38104150224904415,1.6704681767601723,0.8280933341707828,0.8600485949100899,1.348561661533209,0.4508615507631497,1.0309820234565865,0.22245719203547018,0.20494763996624907,0.08411560815002811,0.9999035709169753,0.9989770205452655,0.9398185428532551,0.15138743185960107,0.0916635682222151,0.9116447371245419,0.8875626715952298,0.3358757117649123,0.5426383617775854,0.5100042217837585,0.5064440647624989,0.5196675586666138,0.04256830038062045
redandblack_6.ply,redandblack.ply,Color Noise,1,9.392857142857,729133,729133,98.39666104316711,1.7823829650878906,0.9988546919885011,0.9995508411888525,0.9996167342234824,0.8848957588606665,0.6967607733017706,0.71566431313782,0.10447194663756197,0.2686484753064085,0.24574846126257538,0.8535417947846047,0.7547272757693783,0.7847157612366777,0.0,0.0,0.0,0.0,0.11133180517238159,0.38104150224904415,0.4419064699069157,0.11133180517238159,0.38104150224904415,3.045494472438075e-14,1.58405439373759e-14,1.3632569714102492e-14,1.0,1.0,1.0,9.220148705973208e-17,9.592063778096547e-17,7.091611495604027e-17,1.0,1.0,1.0,1.0,1.0,1.0,1.0,0.9956455132328396,0.004354486767160449,1.142377075547292e-17
redandblack_7.ply,redandblack.ply,Color Noise,1,7.608333333333,729133,729133,96.37082529067993,1.75714111328125,0.9938519050155926,0.997688861982851,0.9980349681990799,0.4533628897639772,0.16510298733456333,0.3611070918453065,0.478886435923713,0.7391859488664778,0.5759451947117995,0.43040448689670785,0.27870150544485744,0.3858266528026227,0.0,0.0,0.0,0.0,0.11133180517238159,0.38104150224904415,0.4419064699069157,0.11133180517238159,0.38104150224904415,3.045494472438075e-14,1.58405439373759e-14,1.3632569714102492e-14,1.0,1.0,1.0,9.220148705973208e-17,9.592063778096547e-17,7.091611495604027e-17,1.0,1.0,1.0,1.0,1.0,1.0,1.0,0.9956455132328396,0.004354486767160449,1.142377075547292e-17
redandblack_8.ply,redandblack.ply,Color Noise,1,7.247448979592,729133,729133,96.85464549064636,1.7438468933105469,0.9899028429758163,0.9964317350193226,0.9969212755043629,0.3220228907145191,0.08987057323900675,0.2892055529380523,0.5972078496087156,0.8243317371337001,0.6530041449053278,0.31500536480386854,0.1832515606407226,0.2779349563210485,0.0,0.0,0.0,0.0,0.11133180517238159,0.38104150224904415,0.4419064699069157,0.11133180517238159,0.38104150224904415,3.045494472438075e-14,1.58405439373759e-14,1.3632569714102492e-14,1.0,1.0,1.0,9.220148705973208e-17,9.592063778096547e-17,7.091611495604027e-17,1.0,1.0,1.0,1.0,1.0,1.0,1.0,0.9956455132328396,0.004354486767160449,1.142377075547292e-17
redandblack_9.ply,redandblack.ply,Color Noise,1,6.53125,729133,729133,96.60703706741333,1.7563247680664062,0.9845379466422669,0.9950143297133955,0.9955493325474035,0.23517743982079103,0.05373341059669969,0.2358569640304427,0.6816915546549899,0.8733291061396345,0.7102354521849715,0.23611837720470388,0.1265279876902819,0.20410964483797014,0.0,0.0,0.0,0.0,0.11133180517238159,0.38104150224904415,0.4419064699069157,0.11133180517238159,0.38104150224904415,3.045494472438075e-14,1.58405439373759e-14,1.3632569714102492e-14,1.0,1.0,1.0,9.220148705973208e-17,9.592063778096547e-17,7.091611495604027e-17,1.0,1.0,1.0,1.0,1.0,1.0,1.0,0.9956455132328396,0.004354486767160449,1.142377075547292e-17
redandblack_10.ply,redandblack.ply,Color Noise,1,5.515625,729133,729133,96.42192792892456,1.7590560913085938,0.9774801904426536,0.9935470060790955,0.9939288786346708,0.1763817423821976,0.03485961553606112,0.1937564385849243,0.7431847337525338,0.9039195785545485,0.7545971992943276,0.1804497518364312,0.09090119902998375,0.1522760356062578,0.0,0.0,0.0,0.0,0.11133180517238159,0.38104150224904415,0.4419064699069157,0.11133180517238159,0.38104150224904415,3.045494472438075e-14,1.58405439373759e-14,1.3632569714102492e-14,1.0,1.0,1.0,9.220148705973208e-17,9.592063778096547e-17,7.091611495604027e-17,1.0,1.0,1.0,1.0,1.0,1.0,1.0,0.9956455132328396,0.004354486767160449,1.142377075547292e-17
redandblack_11.ply,redandblack.ply,Color Noise,1,4.780769230769,729133,729133,96.08879566192627,1.7552070617675781,0.9683307585496979,0.9919936800746643,0.9920267143597284,0.135477029133688,0.02398504568518964,0.159532197570564,0.7896770685932936,0.9248503000376981,0.7908684510836059,0.13996592029916657,0.06723298413233894,0.11498683085569553,0.0,0.0,0.0,0.0,0.11133180517238159,0.38104150224904415,0.4419064699069157,0.11133180517238159,0.38104150224904415,3.045494472438075e-14,1.58405439373759e-14,1.3632569714102492e-14,1.0,1.0,1.0,9.220148705973208e-17,9.592063778096547e-17,7.091611495604027e-17,1.0,1.0,1.0,1.0,1.0,1.0,1.0,0.9956455132328396,0.004354486767160449,1.142377075547292e-17
redandblack_12.ply,redandblack.ply,Downscaling,2,7.767307692308,729133,619763,98.11076331138611,1.7162284851074219,0.9965989265294574,0.9995468525412691,0.9987578738397652,0.9378522236440943,0.9491353018432028,0.9336458588512212,0.9288887067927556,0.9244070458821609,0.928272080507434,0.9394993345514618,0.9484499513904936,0.8879840295735463,0.15021228937602096,0.08467555017970789,0.0822969620567036,0.05264864480565249,0.11133180517238159,0.38104150224904415,0.5214986659579697,0.17498230411200003,0.37871082119723937,0.19090939605268242,0.11472907369012693,0.04041255951199564,0.9346834062924357,0.907172168291904,0.9408235390772812,1.0103570864853249,1.0105608734791187,0.8867771444672448,0.9295722265747094,0.8734834861354361,0.9959475532474336,0.9457829931878139,0.4568451688966528,0.9406840634658233,0.9424286401672894,0.6140903084866067,0.38378794728420734,0.001379572675632386
redandblack_13.ply,redandblack.ply,Downscaling,2,6.803846153846,729133,510393,96.99285960197449,1.7671890258789062,0.9938809001062526,0.9992057175948453,0.9976533385151405,0.8822361628128075,0.9093768361680363,0.8735604908929332,0.9346753879298626,0.9378976622706138,0.9321646771254722,0.8806566316088948,0.8988042874174187,0.7984502010974615,0.30230960347374564,0.17038200428388256,0.16591825320074297,0.10613489082723228,0.11133180517238159,0.38104150224904415,0.6045132484680216,0.241176026800538,0.37649918748950173,0.27580487485268407,0.15682675811939034,0.0841108972982558,0.844526303256874,0.8164576450634657,0.8801360873614616,1.001990124547837,1.001335134752675,0.9014784324841293,0.8468134278287024,0.7349046314246135,0.9929580853756909,0.9360909740320814,0.43395545377290623,0.8945040950502772,0.8977541725585153,0.5943172209902912,0.4070424824814391,0.003007327536513166
redandblack_14.ply,redandblack.ply,Downscaling,2,6.65,729133,401023,96.52874636650085,1.784149169921875,0.9903838824115391,0.9987757980283958,0.9962068902472668,0.8166365751634503,0.8615539670093706,0.8026613138502561,0.941442325891533,0.9485363307128648,0.935993831778562,0.8101766653756266,0.837628958929359,0.7033876336189966,0.46244800838717764,0.26030192369348204,0.25513322471626565,0.16196131135518912,0.11133180517238159,0.38104150224904415,0.696232648410941,0.31446012130427226,0.37379473929401236,0.3887021892698198,0.21021476717247653,0.14882557111634148,0.7374396873817055,0.706356062032441,0.7922325439941993,0.9985037716155019,0.9969214972955364,0.9017298701371527,0.7424420834922555,0.5829396039157375,0.9887645830529572,0.9221438292424584,0.39354250429865273,0.8445534569127418,0.8474442138958886,0.5609688873641354,0.45396197552870565,0.005670067806941072
redandblack_15.ply,redandblack.ply,Downscaling,2,5.1640625,729133,291653,96.42924761772156,1.7819480895996094,0.9857726958001819,0.9982234708022121,0.9942428552893626,0.7395585159418318,0.8046511261930828,0.7213901377385061,0.9546539960665763,0.9631317411956922,0.9463896454908234,0.7276538523988951,0.7639394835678888,0.6053825157177819,0.6461574572199024,0.3666585658385277,0.36017327136295185,0.22091813331826637,0.11133180517238159,0.38104150224904415,0.8128185845860008,0.40441212721286823,0.3720184483761477,0.5555841360609927,0.2839302574999927,0.2524897137330984,0.6054650398408444,0.5745650357155961,0.6614500537837696,0.9995476420664774,0.9985847638402826,0.9052426048524462,0.6069780561835497,0.420395490478239,0.9820296180902153,0.9091294098085221,0.3667791671289184,0.7903516789264052,0.7899877727770175,0.5386817826339264,0.4840419248938737,0.01050405515867882
redandblack_16.ply,redandblack.ply,Downscaling,2,3.709615384615,729133,182283,96.48669290542603,1.7698707580566406,0.9790376587323937,0.9974286440952214,0.9913427310368073,0.6453115573301542,0.7304353973570025,0.6220976129621454,0.9683785902347125,0.9766717519271199,0.9606293378491574,0.6256820185981173,0.6688348206676117,0.5003691561330131,0.8985989663569601,0.5190122347169717,0.5106608871956052,0.28812380950247246,0.11133180517238159,0.38104150224904415,0.9957511754203645,0.5401015234526011,0.3682697383070956,0.8549705207610464,0.403024328416622,0.4606576782640954,0.43869175777027697,0.41233041599232934,0.46463985259978435,0.9998262783704962,0.9985997173614082,0.9130024994580556,0.42559310622446367,0.2522552566235196,0.9689714125580948,0.8946226783243788,0.34744959367477085,0.7285270418867172,0.7214482157103693,0.522090098051612,0.5039429447594124,0.019245048206028324
redandblack_17.ply,redandblack.ply,Downscaling,2,2.141666666667,729133,72913,95.92872953414917,1.7789154052734375,0.965973634431339,0.9958682622688815,0.9862460251721351,0.5049366534636986,0.6058206799558428,0.4809965829397844,0.9850449851168692,0.989489373673585,0.9808422720136091,0.4788316489097336,0.5227198641102458,0.3716598907377801,1.4691475227778756,0.8828679747791507,0.8675090034733284,0.3780277500047795,0.11133180517238159,0.38104150224904415,1.4917962768974786,0.879846239332145,0.3639515368723117,1.7438348609686527,0.7255832037741736,1.1153867794494168,0.21927919927973105,0.20265438786002557,0.17611319194854608,1.0002824033197713,0.9994208479403164,0.9309373394543574,0.18161602797320833,0.09022926056652472,0.9271489102938734,0.8612357503726228,0.3252501116894915,0.6228808275893859,0.6024398223574223,0.4999075127727445,0.5286179673752841,0.0462556520279638
redandblack_18.ply,redandblack.ply,Downscaling and Color noise,3,8.191666666667,729133,619763,98.70094323158264,1.7726478576660156,0.9963082053813532,0.9993293181797869,0.9986123041156716,0.8442092129751053,0.6802748454508843,0.6788892319760097,0.935575954225553,0.9433079890569244,0.9440326529375623,0.8115762355930286,0.7256388116833615,0.7286874465671757,0.15020140924876568,0.08457315734788769,0.08215531933243819,0.05284248962050865,0.11133180517238159,0.38104150224904415,0.5211247370981714,0.17482672798332521,0.3786192399227063,0.19154558028355323,0.11511822705568135,0.04049226072735465,0.934721928446699,0.9071479364026689,0.9410831164045677,1.0097840656111792,1.0105262300926652,0.8866241457314292,0.9297963642955919,0.8734955867686237,0.9958847356903187,0.945770886162497,0.4569280122022918,0.9402038311106692,0.9419485621870065,0.6136654669337844,0.3835443652483257,0.0013660912518364098
redandblack_19.ply,redandblack.ply,Downscaling and Color noise,3,6.85,729133,510393,96.94685482978821,1.7588615417480469,0.990650853073773,0.9974878590862922,0.9964628204107656,0.42914953388486626,0.16246536148534826,0.3314656420177916,0.9629482131155398,0.981659019194014,0.9637231017833077,0.40343859773464275,0.26459642682726486,0.3544956366461155,0.302392414534237,0.1706094108325757,0.1656548779350241,0.10612803874887711,0.11133180517238159,0.38104150224904415,0.6045156560946937,0.24102593959119215,0.37631889125952195,0.27681491952781506,0.15735650747808463,0.08401657315631876,0.8444547103460301,0.8168297134725175,0.8805038713451037,1.0019589985671653,1.00135445626044,0.9015192398657054,0.8470612956572705,0.7351052977560998,0.9928999169250439,0.9358833687073681,0.4353147488721948,0.893978759889523,0.8971942561648819,0.5952009398237801,0.40535699669629854,0.0029838853796610794
redandblack_20.ply,redandblack.ply,Downscaling and Color noise,3,6.144132653061,729133,401023,97.12481737136841,1.7498092651367188,0.9848577938151377,0.9961073693545358,0.9943349263605443,0.29921603237820227,0.08817817823505732,0.25864753123759104,0.9721466724971135,0.9884987748463767,0.9685961906188769,0.290170176949976,0.1712822306439259,0.25052374404202804,0.46249327541644814,0.26136636333846597,0.2543382234415293,0.16175501128001904,0.11133180517238159,0.38104150224904415,0.6965944710951993,0.31385283724614516,0.3739340064918889,0.38940308851681243,0.2108027045670637,0.14759296350501616,0.7374336850352246,0.7061375533296619,0.7924563019865771,0.9984188501175466,0.9970565072618802,0.9020612301099803,0.7425387223355581,0.5827998225290815,0.9886612623281795,0.9219491632126681,0.39271065413403844,0.8436947096629624,0.8466472207358817,0.5600433482310814,0.4545302822852193,0.005722540440478467
redandblack_21.ply,redandblack.ply,Downscaling and Color noise,3,4.6484375,729133,291653,96.75486850738525,1.7821617126464844,0.9774342171355469,0.9945978490419916,0.9915792207974239,0.2168032885063222,0.05290844048052871,0.20905374888334036,0.9815812202641329,0.9934981198339936,0.975150735420949,0.21670745973966424,0.11782339085769376,0.18374501245070596,0.646146164553653,0.3671464525063566,0.3599561510086207,0.2206524033745223,0.11133180517238159,0.38104150224904415,0.812033375869973,0.40422125942134396,0.3707468705412161,0.5567900498028098,0.28484475160171135,0.25371797956383324,0.6055095750238757,0.5745550302463418,0.6625007017456223,0.9996085650980823,0.9984130199629905,0.9054568514210651,0.6073541332399363,0.420450083086497,0.982122061740199,0.9092211926544712,0.36745225305042883,0.7896681045388984,0.7893444411946193,0.5392148122592664,0.4825175067789089,0.01056092201022642
redandblack_22.ply,redandblack.ply,Downscaling and Color noise,3,3.465384615385,729133,182285,96.32756185531616,1.7796592712402344,0.9559794728399076,0.9920386330675555,0.9835754731311113,0.15297565222184722,0.03434654460758023,0.16036414180920097,0.9938382415943056,0.9979615760487449,0.9908761195031971,0.1578875458077908,0.081158306186462,0.13076755428011033,1.4936057184045242,0.8979314320910067,0.8841774513863884,0.3807024433425473,0.11133180517238159,0.38104150224904415,1.5152290537785977,0.8968219415459825,0.36357023286939993,1.7840859769537611,0.7439815914436582,1.1456955683742698,0.21312503228463212,0.19710619441672605,0.1695029795775542,1.000203059235878,0.999169391028218,0.9315231367344337,0.17542176503083637,0.08669477497624346,0.9257501666904591,0.860094143375137,0.3240336298117347,0.6166872236049171,0.5960102998749098,0.49994417263237717,0.5293774753459453,0.04750947033252896
redandblack_23.ply,redandblack.ply,Downscaling and Color noise,3,1.433333333333,729133,72913,95.17703104019165,1.7373390197753906,0.9496801020227983,0.9909057349102881,0.9826309214938839,0.12137877978047072,0.02393421980987205,0.13885015240281426,0.994841382686774,0.99804628547157,0.9917054686931077,0.12722687746480277,0.06180140509741201,0.10331194077481402,1.4702457512492815,0.8835992860981607,0.8686341792389536,0.3781466380729946,0.11133180517238159,0.38104150224904415,1.492759555489407,0.880587862129951,0.36446889968505,1.7384272143140653,0.7212240130244101,1.113463224832626,0.21918483309254136,0.20261985669207308,0.17721661639963937,1.0003402260410414,0.9997644149337854,0.9307054215871184,0.18187065082609385,0.09017438543095836,0.9273706516906085,0.8612172045588249,0.32477596691189287,0.6218361212458002,0.6014469994800571,0.4992997294642222,0.5294571483405679,0.04662526792540987
redandblack_24.ply,redandblack.ply,Downscaling and Geometry Gaussian noise,4,8.2578125,729133,619763,96.38072419166565,1.7769813537597656,0.9963527027168074,0.9995168342868523,0.9986409346455642,0.9324971082087756,0.9452076352131022,0.9269197292102104,0.9261347551964301,0.9263413331707384,0.9248637939327069,0.9336363723742337,0.9435912423763915,0.879254972039621,0.4779744063865098,0.26369233364072614,0.2557887775574861,0.19097278864103134,0.11133180517238159,0.38104150224904415,0.6625167488073563,0.28752778085198366,0.4024142191271662,0.22191016146437959,0.13270033013882426,0.047485762396370035,0.9337910430218107,0.908712784064497,0.8341598766388518,0.9979638092873544,0.9966212027829147,0.9018021055915977,0.8894833947697933,0.8745711120414482,0.9922539434763366,0.942656361552731,0.4552124950451613,0.8972409745917185,0.8832709174213318,0.6112371541322942,0.3845861741176392,0.0020066479845671664
redandblack_25.ply,redandblack.ply,Downscaling and Geometry Gaussian noise,4,7.3515625,729133,510393,95.78823733329773,1.7665977478027344,0.993297812118071,0.9991355378767616,0.9973887485847189,0.8669092057250666,0.89884958992339,0.8542720609385586,0.9404121215314625,0.94533173008656,0.9369741280904214,0.8627498910129108,0.8831056281683588,0.7742453892658994,0.6802343004877119,0.3645945272874346,0.3599713142030468,0.2929734323416116,0.11133180517238159,0.38104150224904415,0.7968719353846405,0.38274779624314287,0.42674579458630396,0.3229165824753045,0.18436575010098966,0.09782781946751799,0.8466525035481325,0.8160828448475964,0.611176726052224,0.9983432167977776,0.9974687340334164,0.9211097765426276,0.7485893748398562,0.7346620474280778,0.9789311553057554,0.9262804864507488,0.4073714650092536,0.7623860407457684,0.7412039629647347,0.5729701812363941,0.4363507971249098,0.004812678918831148
redandblack_26.ply,redandblack.ply,Downscaling and Geometry Gaussian noise,4,5.579081632653,729133,401023,95.96967601776123,1.7467117309570312,0.9888942928262394,0.998616872426171,0.9954660020069135,0.7797513162794977,0.8368644333691171,0.7586616565135679,0.9588005008881726,0.9653092140082815,0.9541855511401738,0.7674474549633987,0.7987849204996981,0.6529849228928896,0.8872044898594595,0.4624448816050175,0.4611785211295715,0.4055299269273494,0.11133180517238159,0.38104150224904415,0.9718707205900216,0.4786577428666213,0.5034735303798933,0.45644850875501747,0.24729949215536223,0.17658059369263582,0.7400240613671093,0.7040373502391779,0.33499311460234404,0.9987683310334254,0.9979972377016644,0.9405833623251604,0.5607827105935248,0.5747851130223176,0.9381296585867291,0.9004523703631135,0.36801219815009195,0.5324229346967918,0.5033840242441975,0.5388308848523886,0.4806516745308928,0.012756685957416324
redandblack_27.ply,redandblack.ply,Downscaling and Geometry Gaussian noise,4,2.4375,729133,291653,96.16371583938599,1.7721748352050781,0.9801791902206866,0.9976154227457302,0.9916716733536128,0.6348100882009667,0.7248473091679313,0.6052760168666746,0.9823552962903458,0.9866951838888908,0.979768798574491,0.6107007691049674,0.6524558166620424,0.48781932263285704,1.2589066546609895,0.6424017112851405,0.6414626265585014,0.6038977498990602,0.11133180517238159,0.38104150224904415,1.325876997473754,0.6540172279604296,0.6831828670388058,0.6816649845763859,0.3415111803153207,0.3362879000759689,0.599098038989501,0.5586974054442877,0.11078826938924899,0.9995604073137347,0.9987206226440015,0.9623438987946641,0.3377109400772238,0.37703751505458805,0.7797802456884037,0.7935822304179538,0.3326755879710833,0.2725438886827482,0.23570697911625504,0.4975248078392734,0.5262063081578351,0.04833248006316328
redandblack_28.ply,redandblack.ply,Downscaling and Geometry Gaussian noise,4,2.275,729133,182283,97.70976090431213,1.729888916015625,0.9727228135949118,0.9967307141101559,0.9886662311187993,0.5435751948763862,0.6440060074209487,0.512100676369681,0.9888076575182557,0.9917013347191344,0.986198173552526,0.5158140308882089,0.5583964104846836,0.40358863184667265,1.6292410070125547,0.8304761879924698,0.8276482164548155,0.7850017293883085,0.11133180517238159,0.38104150224904415,1.680398497447754,0.837339072857983,0.8460124266583097,0.9488065024146982,0.4458437061353324,0.5217546763678552,0.42897730578425075,0.3951959401144246,0.06271558050358765,0.9996807981331731,0.9993547344864697,0.9657587272760563,0.21862690695435916,0.21657775070538163,0.7283833822178506,0.7512219179613083,0.3248423362362788,0.24470542542269294,0.20659759825417315,0.4850692116887009,0.5388965212162351,0.07416993168412443
redandblack_29.ply,redandblack.ply,Downscaling and Geometry Gaussian noise,4,1.0,729133,72913,96.02231955528259,1.759002685546875,0.9578716256301402,0.9949393704902274,0.9831278371607297,0.42004635823514075,0.515737028174588,0.39221123066558844,0.9945569253240142,0.9959541913312587,0.9929958867666595,0.39468282895588086,0.42845285972228603,0.30820008077742206,2.594093282362875,1.3150757920609055,1.3114345316073717,1.2637090812065048,0.11133180517238159,0.38104150224904415,2.624245157220882,1.3171022495128972,1.3003744948432951,1.749609134643596,0.7432804731293109,1.0951588498841456,0.2085297888695756,0.1893708901133532,0.02297167642624246,0.999841339271547,0.9995143207770437,0.9683773299316112,0.09337493819766708,0.07374658857816559,0.6554748347036248,0.6848324265032345,0.31857441031671374,0.21768267056342522,0.17832366674997904,0.4683604608239996,0.5544233263001129,0.12273290623950923
redandblack_30.ply,redandblack.ply,Geometry Gaussian noise,5,8.125,729133,729133,97.55009055137634,1.7575263977050781,0.9981871246187838,0.999755071895071,0.9993665015193718,0.9699963678629666,0.9736315587558947,0.96744160369683,0.91223910925203,0.9109983259605274,0.9118604638997531,0.9726926908282247,0.9772823094103732,0.9445134968593326,0.41474489921827895,0.22755121287322455,0.22046218203515172,0.16896935483872563,0.11133180517238159,0.38104150224904415,0.623084416912467,0.25496882627664325,0.4064579033977838,0.15983494550623337,0.09676103304247687,0.02688967878314342,0.9768162880686255,0.9759483719735237,0.8683424765120408,0.98773763396174,0.9853539473720515,0.8907765160585062,0.952270494700055,0.9847908614700962,0.9919321472080549,0.9538820128219196,0.5077278290720537,0.8702990910426164,0.8568113886586934,0.6533007351804279,0.3252843899406458,0.001230183952848468
redandblack_31.ply,redandblack.ply,Geometry Gaussian noise,5,6.441666666667,729133,729133,96.84924030303955,1.7744979858398438,0.9973592269501119,0.999643525019946,0.9990650338527349,0.9514523700716895,0.9589410131374936,0.9455193262568493,0.9328204005243972,0.9350417421434551,0.9311834796338582,0.9540060415552529,0.9615451572267706,0.9127033502926342,0.5790443462002557,0.30695242204399503,0.302482589929225,0.2572325849012565,0.11133180517238159,0.38104150224904415,0.7235599979669534,0.3282230615425621,0.4230632256109995,0.21310702965631367,0.12630956000956792,0.048523917158384486,0.9673867781994153,0.9665066301736182,0.6701071102882442,0.9954329750611957,0.994382930936969,0.9231400921526449,0.87960135140862,0.9717859945876682,0.9732592643528417,0.9370700933819058,0.4429309970794457,0.6779959523890364,0.6574614052534826,0.6017415278212266,0.3957413453882791,0.0032877268283421253
redandblack_32.ply,redandblack.ply,Geometry Gaussian noise,5,5.9609375,729133,729133,97.32350730895996,1.7420921325683594,0.9951827677632539,0.9993726997059059,0.9981217517711144,0.9007486500048221,0.9233474599105291,0.8850787041731706,0.9557272642989252,0.960053419675079,0.953503480388856,0.8976707868123832,0.9137321911168895,0.8278028635728703,0.7155099821404306,0.36865863233524676,0.366669050405956,0.33738299441962893,0.11133180517238159,0.38104150224904415,0.829811021986899,0.38797450693518615,0.4689699988257949,0.29596506493632485,0.16754051737853565,0.09589394279833569,0.9540925025063922,0.9515125672857991,0.3922214989041625,0.9981181419201537,0.9977084154013192,0.9503695386384888,0.7533081086863257,0.9449307965500068,0.9042894346268413,0.8883105541243337,0.38280603554942616,0.4126942562852233,0.382380484688259,0.5509681615331892,0.4620298051460828,0.01156982497100141
redandblack_33.ply,redandblack.ply,Geometry Gaussian noise,5,3.394132653061,729133,729133,97.78905272483826,1.7698860168457031,0.9865221767738284,0.9983593079664915,0.9941633195255817,0.7335281917720755,0.8033116034525778,0.7007563249637672,0.984239493226797,0.9869303381859973,0.9823388287752705,0.71330578915579,0.7484986371240152,0.596925953173705,0.922154358264455,0.46585035880334036,0.46579009612519845,0.4515883443361818,0.11133180517238159,0.38104150224904415,1.022428536954301,0.4832289631248854,0.5694906625306917,0.4526826304079358,0.2289990557490891,0.22128490385447505,0.93095636444205,0.9109585998380255,0.15761111685048954,0.9991122164853316,0.999008016241664,0.9719619835988278,0.5650207213281335,0.8365022474963105,0.636648606073978,0.6672742243799626,0.3327964482631591,0.20250278134671984,0.16392410650547357,0.48470377092915967,0.5314657375488051,0.0851955440023987
redandblack_34.ply,redandblack.ply,Geometry Gaussian noise,5,1.866666666667,729133,729133,97.61235070228577,1.7606620788574219,0.9811837469837368,0.99773978503726,0.9917922553161406,0.6506962142256645,0.7380971880923013,0.6143045685640851,0.990477305239658,0.9927369530228779,0.9894651451347711,0.6248052955745663,0.6649677297374794,0.5052304505651223,1.0182819211787397,0.5135368642867681,0.5121172428974787,0.5017251754560836,0.11133180517238159,0.38104150224904415,1.1127235787631766,0.5284948315562702,0.613393868275691,0.5201110013953139,0.2518039610851712,0.27834689031593446,0.9108977310292342,0.8779994094241945,0.1183986958699126,0.9996027363444233,0.9994236578656136,0.9773570184551799,0.5008480636870739,0.7517724895160531,0.4978507633233616,0.5358092272267084,0.3215395743938453,0.1734098825130311,0.13354210832398633,0.4548758229927804,0.5552746429909989,0.16113704693989436
redandblack_35.ply,redandblack.ply,Geometry Gaussian noise,5,1.848076923077,729133,729133,98.27342510223389,1.7678413391113281,0.9697371664710994,0.9964134660243648,0.9872070060530078,0.516435557818913,0.6175979909173431,0.48111699193002777,0.9966608731384955,0.9973020041735544,0.995239114089183,0.4874589773995487,0.5272191179370693,0.38208167747066585,1.195312519905674,0.5998928309340109,0.6002777725665839,0.5930696580690691,0.11133180517238159,0.38104150224904415,1.2814405311975474,0.615262019458268,0.6944468553863491,0.6243954253137598,0.2854000735943237,0.36401397515704254,0.8409196670616162,0.7911250078360356,0.08025558107377348,0.9997249354890737,0.9996684764074388,0.9831937061169147,0.4046276229142889,0.5853803761953987,0.3036327057683959,0.3434865279553006,0.3098020755655156,0.1514864291712087,0.11032166406091745,0.40279234663746,0.6051903837095521,0.368240161187821
redandblack_36.ply,redandblack.ply,Color noise and Geometry Gaussian noise,6,8.525,729133,729133,98.09190559387207,1.7594375610351562,0.9977373326578093,0.9994647506867309,0.9991613971318078,0.8746387357784858,0.6942415460303447,0.7016351653782025,0.9209095930835567,0.9340069081807582,0.9315684448864945,0.8427160608040966,0.7493387984911157,0.7696047797492114,0.41456689499687643,0.22686904522057444,0.2205751010513969,0.16924360624884882,0.11133180517238159,0.38104150224904415,0.6224571979421186,0.25469708236792427,0.4062901407435462,0.16046553888592222,0.0970396173793633,0.027043459503679382,0.976752873861792,0.9759512688634133,0.8691201581480742,0.9879733851488395,0.9859510634701495,0.8909808758212163,0.9525614834613143,0.9846050177626982,0.9919728940939281,0.9538821236543498,0.5079380080335181,0.8710143956515117,0.8575440076077343,0.6532514064218384,0.32493820981102844,0.001241169916761899
redandblack_37.ply,redandblack.ply,Color noise and Geometry Gaussian noise,6,6.063461538462,729133,729133,98.30457472801208,1.7278366088867188,0.9930445420868357,0.9976417406810559,0.9976083487391647,0.4480462415110349,0.1644312209459946,0.35235769703945913,0.9634210106693091,0.981679457758439,0.9657054956511495,0.4241481873629491,0.2752678701276821,0.3786308615178035,0.5792068793527393,0.3069399478981829,0.3028092372732134,0.2570798294049003,0.11133180517238159,0.38104150224904415,0.7235791334980792,0.32832688714190733,0.422852113135472,0.2131226893228881,0.12614074894483693,0.048781059279748844,0.9672893775216245,0.9663852143410955,0.671123026258132,0.9955911206312096,0.9945351393411868,0.9228588693834173,0.8800750136658173,0.9716941665961729,0.9734584411542699,0.9369447085587096,0.44279647190942634,0.6789181278425404,0.6584288824100016,0.6014973524754481,0.39607741632982496,0.0032626017343100316
redandblack_38.ply,redandblack.ply,Color noise and Geometry Gaussian noise,6,5.96875,729133,729133,97.82650995254517,1.7762603759765625,0.9882261252458938,0.9963322564451976,0.9959642131642399,0.31307872116961116,0.0884734802162931,0.2740269027105657,0.9807790847359955,0.9918127164036376,0.9787488991111307,0.3040597072637194,0.17756625988064892,0.26596143127185734,0.7149346473166129,0.36848149283633225,0.36685902091465855,0.3366994486679217,0.11133180517238159,0.38104150224904415,0.829417324079764,0.38802123053766335,0.4684113305891435,0.2963987711202582,0.1677285182979911,0.09600031232155438,0.9538961312813848,0.9516939515698662,0.39288645361285157,0.998121024041649,0.9977780475126632,0.9503993002073174,0.7535795483478818,0.9449234992270635,0.9043366864060614,0.888373670894716,0.3846071420976825,0.4132920441232049,0.38316175182696716,0.5523090885107426,0.4601107678970597,0.01153073918292736
redandblack_39.ply,redandblack.ply,Color noise and Geometry Gaussian noise,6,3.125,729133,729133,98.34430003166199,1.7539291381835938,0.9777973379719405,0.9946002143878088,0.991527122575924,0.2168753213595246,0.05326222556200036,0.20701366455751902,0.9937012110860417,0.9977984209107029,0.9919494110238744,0.21621600199544844,0.11766567274565208,0.18357314422550486,0.92182788486736,0.46588426124589355,0.4654031002515832,0.45146302089771895,0.11133180517238159,0.38104150224904415,1.0221530408146775,0.48297905777571354,0.5693006153631892,0.45292798186068334,0.22904473100282724,0.2206931273225573,0.9305612479955018,0.9103739629482989,0.15751120881103065,0.9991702205085976,0.9988661285579626,0.9720818069599853,0.5648737262823841,0.8357982469513059,0.6361718751108125,0.6679587846386705,0.32986342598162605,0.20241818724343016,0.16378137701437392,0.4825542711191465,0.5347143303856449,0.08387405366921762
redandblack_40.ply,redandblack.ply,Color noise and Geometry Gaussian noise,6,1.876923076923,729133,729133,98.20381617546082,1.7761116027832031,0.9681535179724812,0.9930638597238279,0.9884643834731325,0.16226200128344392,0.03461807018923403,0.16944320469351778,0.9963470806984734,0.998786376430397,0.9951904427453271,0.16564589873588034,0.08454683251171786,0.13777272899339052,1.018326496143045,0.5128435797999514,0.5124249948646616,0.5019663186930712,0.11133180517238159,0.38104150224904415,1.1134843991315029,0.5288805217258867,0.614289763559221,0.5169391527186508,0.24903315019422756,0.2776734177764521,0.9111764037070748,0.8779202555162374,0.11843455568107862,0.9993747503040888,0.9994093310616201,0.9770488657005485,0.5009008720812302,0.7517622181878107,0.4974133423907163,0.5361275362630057,0.32051395205946603,0.17346299430358633,0.13353455685888257,0.45384491168911617,0.5570432199022676,0.1628563006459149
redandblack_41.ply,redandblack.ply,Color noise and Geometry Gaussian noise,6,1.691666666667,729133,729133,97.60673570632935,1.7527236938476562,0.952322094658797,0.9910741891200954,0.9836835226099208,0.1228085586011831,0.023664780629411446,0.13828056510212233,0.9990158949941786,0.9992460019574171,0.9975190216096989,0.1275726178130388,0.06198643475685532,0.10358269320112863,1.195003305988185,0.5990582060042008,0.5991619693776322,0.594132903036012,0.11133180517238159,0.38104150224904415,1.2801146389899987,0.6141197766177042,0.6939806331545693,0.6202236708982285,0.2832230945498175,0.3620910244366339,0.8413063074958583,0.7915083276991486,0.0801729756163649,0.9995753111959489,0.9993302102315044,0.983093385322715,0.4047082982833516,0.5855041959009398,0.3029071493421905,0.34151009492999596,0.31106126154394187,0.15130477837882172,0.11012824728328334,0.40455712879945893,0.6046319093134138,0.36859604293193515
ULB Unicorn_0.ply,ULB Unicorn.ply,Octree-based compression,0,8.220663265306,2000297,1722086,289.66540718078613,4.861625671386719,0.9886258991882177,0.9985367327019563,0.9984916324060917,0.9279482005523961,0.82162308588783,0.8291256543581331,0.6215912748203372,0.6065727644355192,0.612240266056608,0.9253930440549653,0.858330949658591,0.9092190181409335,1.1027784664222497,0.5390909987159521,0.5384666327795979,0.6098459298120055,0.7770702711661862,0.6471895634679566,1.9181281983713994,0.9396413208317949,1.014385525179203,0.8931957429520931,0.45026154084583003,0.40724813810183325,0.9500062789972992,0.9186399671558013,0.7509515467756995,0.9776132994971769,0.9742561815401481,0.5884870749527049,0.8801686150032195,0.9222188907758101,0.9958209326425791,0.9451573419500144,0.649908468838431,0.7756386368988425,0.7679975327788398,0.7651098558014315,0.1749903382058223,0.0010910670131763797
ULB Unicorn_1.ply,ULB Unicorn.ply,Octree-based compression,0,7.405769230769,2000297,1453297,284.8870904445648,4.787010192871094,0.985587939060829,0.9981941494934543,0.9981153997096804,0.8816580084349894,0.7902598689060595,0.7953634986832169,0.6444294109994552,0.6256755629976438,0.6311644506231535,0.879606716635984,0.8233441174958676,0.8579078744217984,1.474826626756137,0.7824588111510314,0.7811316679551026,0.6656934289698923,0.7770702711661862,0.6471895634679566,2.1564119851168955,1.0950859653315588,1.0301222564584878,1.146887356680436,0.6269126665623835,0.41943188689522626,0.8801304095223165,0.8222083454482987,0.6486556215381978,0.9988544942648345,0.9973590732991485,0.6112714923235295,0.7980892688609064,0.8197245090353562,0.9917172107289481,0.9224270890336372,0.5044871302086829,0.7023901990990614,0.690509365640993,0.6712590299297465,0.2968430055464009,0.002303504620975521
ULB Unicorn_2.ply,ULB Unicorn.ply,Octree-based compression,0,6.975,2000297,1074690,289.5817458629608,4.702629089355469,0.9784691365342922,0.9974818112076929,0.9973309352527454,0.8058172967478731,0.7348412438726092,0.7365005191329487,0.6570770345190287,0.637598396306516,0.6429357908243695,0.8050311210029992,0.7630810620421179,0.7768805918637324,2.2517403307346333,1.1147502659266182,1.1139671836119,1.17245542786731,0.7770702711661862,0.6471895634679566,2.751999547030521,1.3476199577210168,1.456669505689324,1.7783391254503418,0.8057848470238518,0.9977519018555061,0.7493586190592525,0.6748691574019196,0.5497105615322173,1.000410780994311,0.9990856187778492,0.6252823283187344,0.6884259683452738,0.6532976583764986,0.9825803887285913,0.9022115911358976,0.37461926750832597,0.6388793834641134,0.6244695915019096,0.5864015598168483,0.4173400113651569,0.004991045706542713
ULB Unicorn_3.ply,ULB Unicorn.ply,Octree-based compression,0,6.1015625,2000297,785821,284.21909165382385,4.734119415283203,0.9701401226649928,0.9966229939010807,0.9964274890572747,0.7351788918591801,0.6772214470758235,0.6773158730978422,0.6647644750125683,0.6456724459110696,0.6511936665753605,0.7353912345007678,0.7018686051252154,0.7037664909049317,2.721211805840244,1.38493772130616,1.3853903756799923,1.3143277159692268,0.7770702711661862,0.6471895634679566,3.144034688656078,1.5803981069006936,1.5520564979297005,2.161174418965284,0.9410605896174699,1.287423907755885,0.6205500122677862,0.5457577924576369,0.4891981421667317,1.000147340886825,0.998810877303289,0.6340823183825712,0.5993243511342994,0.5051356603963159,0.9694437988118347,0.8907897325659532,0.31198324840982666,0.5964012454061058,0.5816377894479073,0.5411721045157935,0.48189535377928383,0.008557644671149965
ULB Unicorn_4.ply,ULB Unicorn.ply,Octree-based compression,0,4.963461538462,2000297,498110,282.7471351623535,4.7887115478515625,0.9565810509152807,0.9951233188417141,0.9948992831135369,0.6432442686942116,0.5933386702434328,0.5946145660891508,0.6734068303652091,0.6546662568804,0.6596922899121849,0.6439303266738022,0.6166559045091791,0.6106832087613945,3.7143307293679118,1.838453713190391,1.838238663254915,1.914310222573491,0.7770702711661862,0.6471895634679566,4.044944723432525,1.989644688258971,2.119935101123051,3.2524175998146077,1.1681445672889899,2.3460297943336177,0.46035477349534537,0.39606047863934224,0.41987258839502856,1.000344139750535,0.9985749969706589,0.6421751092416121,0.48552591473300954,0.3376886698842254,0.9405606401657771,0.876047184357169,0.26581832502175784,0.544556594201507,0.5293430619771483,0.514212747164678,0.5170467313992188,0.015560895138417082
ULB Unicorn_5.ply,ULB Unicorn.ply,Octree-based compression,0,2.380102040816,2000297,204421,281.15022706985474,4.727245330810547,0.9308116558948003,0.9919641015881145,0.9916512016345296,0.508536483505768,0.46802938134093547,0.4742612720485056,0.6839087750762262,0.6634627544466474,0.6695787549256167,0.5088874010776002,0.49034445058807213,0.4769684753528381,5.934678332367489,2.9372347648364556,2.9379970850574977,3.239777139268376,0.7770702711661862,0.6471895634679566,6.121435569425761,3.0279919898391503,3.3397388843761577,6.336431768998151,1.890961307428599,5.098589265967124,0.24351042976907705,0.20378243986995898,0.32068851233248585,1.0007185703808636,0.9989877900763403,0.6546020628696965,0.3393311652490684,0.14702663763271617,0.8876456719798512,0.8441878551449475,0.26194922347502947,0.4576265202998921,0.44108824447600364,0.4965828448106041,0.5330072220653086,0.03658971133706625
ULB Unicorn_6.ply,ULB Unicorn.ply,Color Noise,1,7.688461538462,2000297,2000297,289.8994867801666,4.902667999267578,0.9990819590278699,0.9995577818861999,0.9995754717183121,0.6591513358890881,0.45108678479978337,0.4815259672790358,0.033799038768683766,0.19490320913185594,0.17466156031090457,0.6431649790230125,0.503580326995508,0.6324084009476187,0.0,0.0,0.0,0.0,0.7770702711661862,0.6471895634679566,1.541006085193767,0.7770702711661862,0.6471895634679566,7.679777065476593e-14,4.4629744548572564e-14,1.6202824579020313e-14,1.0,1.0,1.0,8.961736548833659e-17,9.214963949438805e-17,5.331201908496233e-17,1.0,1.0,1.0,1.0,1.0,1.0,1.0,1.0,0.0,8.246022883214591e-18
ULB Unicorn_7.ply,ULB Unicorn.ply,Color Noise,1,8.3671875,2000297,2000297,288.35165095329285,4.906330108642578,0.9952392249915809,0.9977903884375761,0.9978799627960758,0.5211270752882552,0.1592118745664121,0.19471514197369874,0.1566042183080229,0.4601388360279652,0.43262899823408013,0.4653503325408979,0.22156160146472895,0.4543285158902304,0.0,0.0,0.0,0.0,0.7770702711661862,0.6471895634679566,1.541006085193767,0.7770702711661862,0.6471895634679566,7.679777065476593e-14,4.4629744548572564e-14,1.6202824579020313e-14,1.0,1.0,1.0,8.961736548833659e-17,9.214963949438805e-17,5.331201908496233e-17,1.0,1.0,1.0,1.0,1.0,1.0,1.0,1.0,0.0,8.246022883214591e-18
ULB Unicorn_8.ply,ULB Unicorn.ply,Color Noise,1,6.553571428571,2000297,2000297,290.99460649490356,4.919261932373047,0.9919912989268461,0.996635542968508,0.9967792609433824,0.46011974853378346,0.1077979068608092,0.13403229452544824,0.21271213742803807,0.5138819659167967,0.49316706428068435,0.39239429054393427,0.15730494050652047,0.38108419516614883,0.0,0.0,0.0,0.0,0.7770702711661862,0.6471895634679566,1.541006085193767,0.7770702711661862,0.6471895634679566,7.679777065476593e-14,4.4629744548572564e-14,1.6202824579020313e-14,1.0,1.0,1.0,8.961736548833659e-17,9.214963949438805e-17,5.331201908496233e-17,1.0,1.0,1.0,1.0,1.0,1.0,1.0,1.0,0.0,8.246022883214591e-18
ULB Unicorn_9.ply,ULB Unicorn.ply,Color Noise,1,6.880769230769,2000297,2000297,291.9938368797302,4.886390686035156,0.9875024244249063,0.995326617492164,0.9955153929754325,0.40633607600305094,0.07705317601819756,0.09606486448170717,0.2633517175675826,0.54873040485743,0.5336749512132006,0.33057655267773656,0.1157413702946283,0.31872946973825167,0.0,0.0,0.0,0.0,0.7770702711661862,0.6471895634679566,1.541006085193767,0.7770702711661862,0.6471895634679566,7.679777065476593e-14,4.4629744548572564e-14,1.6202824579020313e-14,1.0,1.0,1.0,8.961736548833659e-17,9.214963949438805e-17,5.331201908496233e-17,1.0,1.0,1.0,1.0,1.0,1.0,1.0,1.0,0.0,8.246022883214591e-18
ULB Unicorn_10.ply,ULB Unicorn.ply,Color Noise,1,6.348076923077,2000297,2000297,286.3713552951813,4.900074005126953,0.9817600561592238,0.9938527559276084,0.994121570779796,0.359078335464314,0.05727240948956951,0.07112012891018184,0.3092057024019387,0.5731439734132489,0.5624005182274502,0.27864903013078623,0.0876239708563202,0.2663309977923665,0.0,0.0,0.0,0.0,0.7770702711661862,0.6471895634679566,1.541006085193767,0.7770702711661862,0.6471895634679566,7.679777065476593e-14,4.4629744548572564e-14,1.6202824579020313e-14,1.0,1.0,1.0,8.961736548833659e-17,9.214963949438805e-17,5.331201908496233e-17,1.0,1.0,1.0,1.0,1.0,1.0,1.0,1.0,0.0,8.246022883214591e-18
ULB Unicorn_11.ply,ULB Unicorn.ply,Color Noise,1,5.9453125,2000297,2000297,286.80704045295715,4.887828826904297,0.9748043073169531,0.9922575559466174,0.992602420481998,0.31820386524203864,0.04401128996010684,0.054118133837462355,0.3503174075638122,0.5910060376902794,0.5832146053105847,0.23554559361479974,0.06796685984880174,0.22295095653981065,0.0,0.0,0.0,0.0,0.7770702711661862,0.6471895634679566,1.541006085193767,0.7770702711661862,0.6471895634679566,7.679777065476593e-14,4.4629744548572564e-14,1.6202824579020313e-14,1.0,1.0,1.0,8.961736548833659e-17,9.214963949438805e-17,5.331201908496233e-17,1.0,1.0,1.0,1.0,1.0,1.0,1.0,1.0,0.0,8.246022883214591e-18
ULB Unicorn_12.ply,ULB Unicorn.ply,Downscaling,2,7.352040816327,2000297,1700252,292.20600748062134,4.841159820556641,0.9939058255924174,0.9994132413007749,0.999361681156653,0.9364332030747667,0.942425841243412,0.9381350141235424,0.6382621028225354,0.6158556986641598,0.6218409292420971,0.9376590017539271,0.9444628237351049,0.9212997927980225,0.31983400149559105,0.19995638140738448,0.19861297140034737,0.034748308196139895,0.7770702711661862,0.6471895634679566,1.705345447667358,0.8895389091056154,0.6452627852682689,0.857902342804256,0.5181923146515959,0.10088137741940782,0.934618426056408,0.9070463080497397,0.9255667943714841,1.0021057891584944,0.9991849815747137,0.5720530558976638,0.9368230664110797,0.9042922350301021,0.9965125618318932,0.9410386272505981,0.6395138947406624,0.9385394125715534,0.9355704564531682,0.7500259190453058,0.19433917769659131,0.0011822276407004921
ULB Unicorn_13.ply,ULB Unicorn.ply,Downscaling,2,5.857692307692,2000297,1400208,290.48531913757324,4.805702209472656,0.9886028914293171,0.9989023638961824,0.9988105205643611,0.8820330877567534,0.8935132309249084,0.8852702282573793,0.6527743066739881,0.6309208433625406,0.6361526759114228,0.8836467617131503,0.8944732882340439,0.8596507519645463,0.6978809428531428,0.43751913590552455,0.43351635478951744,0.07335271248447113,0.7770702711661862,0.6471895634679566,1.9180247311614298,1.0342187449578304,0.6426062568620392,1.3026014844993448,0.766023771408525,0.22540570308770708,0.8542210237822563,0.8060657408217963,0.8488155688398263,1.0045002990451728,1.0031689719388546,0.589103710752268,0.8618120211739982,0.7932982085385869,0.9927276771333238,0.9162084390050969,0.5186663388586524,0.8860894173615472,0.8826251914581127,0.6612917702110086,0.31054429217567414,0.002809424658344524
ULB Unicorn_14.ply,ULB Unicorn.ply,Downscaling,2,6.226923076923,2000297,1100163,285.7392826080322,4.797977447509766,0.9817613837025707,0.9982340820705234,0.9980908277001858,0.8208566819037905,0.8366634814164607,0.8245971671177136,0.6608067574221876,0.6392139409218917,0.6443895711658597,0.8226294521390536,0.8359944371948866,0.7935046864520715,1.166834936634502,0.733520480101054,0.7254071661848076,0.11737387565784564,0.7770702711661862,0.6471895634679566,2.2068209935609175,1.228046765835561,0.6392118826037119,1.7799926350554347,1.012416490289313,0.41876377688501715,0.7530108037932116,0.6918322213583366,0.7562751655050522,1.0030975222028313,1.0015920914670233,0.6006357879788728,0.769608370876477,0.6644329494999842,0.9862392948554523,0.8966913250096687,0.4416855667904124,0.8252360017403585,0.8204971301318755,0.6011523498203943,0.39514327280774975,0.00531021276570231
ULB Unicorn_15.ply,ULB Unicorn.ply,Downscaling,2,5.525510204082,2000297,800119,282.0169394016266,4.736305236816406,0.9723724868526129,0.9972643457510478,0.9970550669350069,0.7459748608138311,0.7638570797069593,0.7489505699516282,0.6686531160480192,0.6471426634386794,0.6524916529347172,0.7476114969040486,0.7616638305891014,0.7152560187997022,1.8014205802373695,1.1342949575995023,1.1217921113155904,0.17085168621067665,0.7770702711661862,0.6471895634679566,2.6416145239528768,1.5187720633932142,0.6327466772629193,2.429547031720277,1.3079810682104538,0.7657992035732164,0.6261621262880458,0.5599480721877814,0.6414707164028861,1.0020051583046952,1.000588036579837,0.6136739353876112,0.6543125892870407,0.5148958842588582,0.9730428195055938,0.8783189276352046,0.3880832936347652,0.7493836064158316,0.7422421480989027,0.5564515145495315,0.4582702473604492,0.00958280989114403
ULB Unicorn_16.ply,ULB Unicorn.ply,Downscaling,2,3.5859375,2000297,500074,286.23819303512573,4.7633514404296875,0.957312065849108,0.9955110870468782,0.9953101539316198,0.6462926783225164,0.6594639661551032,0.6418072465674914,0.6770037314118593,0.6558623401408843,0.6620569611221636,0.6475404841742012,0.6573167002718334,0.6142664983839321,2.8075302998786364,1.7758324800413092,1.747784444702767,0.24548203089426127,0.7770702711661862,0.6471895634679566,3.412217683040475,2.0250930590122826,0.6204964169253393,3.640031356760622,1.7671819513395293,1.5830950258238163,0.46546621518069864,0.40450297732199797,0.4964045368385284,1.0013283694564923,0.9996995097333125,0.6291040387227953,0.5088763437967406,0.3429383554697647,0.9408484180896077,0.8544435949977809,0.35266828101248376,0.6449524316098019,0.6342523748230464,0.5222390984718867,0.5035676131001617,0.018804075893546796
ULB Unicorn_17.ply,ULB Unicorn.ply,Downscaling,2,1.848076923077,2000297,200030,280.9456865787506,4.702720642089844,0.930457397413048,0.992111181482675,0.9918088207660062,0.5017890873903195,0.5122686354671763,0.493484277534526,0.6869803024104049,0.6649591940061256,0.6719846034154148,0.5024505507963296,0.5119727228961335,0.4716694185671879,5.2141701271551275,3.3384972863269713,3.2224424545697983,0.39902748004966315,0.7770702711661862,0.6471895634679566,5.4944783976490426,3.3440706342885287,0.5888095806735364,7.018511397297985,2.949595843383452,3.897666463791667,0.24279158266445938,0.20368993496915094,0.34940112566766274,1.001069198493228,0.9994436849273647,0.649515324995369,0.3455109003018526,0.1462728953932224,0.8946126676363193,0.8247785434765784,0.3308619664249126,0.518577325498483,0.5050584538859215,0.494399989907247,0.5360899599652026,0.04508595303618589
ULB Unicorn_18.ply,ULB Unicorn.ply,Downscaling and Color noise,3,6.841666666667,2000297,1700252,288.4340662956238,4.8890228271484375,0.9934940704008995,0.9991404941854574,0.9991052802586285,0.6148893535940652,0.4319183568038647,0.4593794440461845,0.6408261317964029,0.6307797119368831,0.6352160761430203,0.6025582721201574,0.47978673829369484,0.583375492509046,0.31956201673365264,0.200011650440738,0.19816066055721154,0.03506170715878755,0.7770702711661862,0.6471895634679566,1.7056411341924513,0.8895109866504174,0.6454242045181443,0.8593489890975137,0.5193546284524889,0.10079087051089662,0.9345959754745787,0.9070504929329857,0.9256060697133879,1.0021973493097198,0.9990331366693316,0.5720997962382326,0.9368217186201144,0.904276985894977,0.9964804012258384,0.9408568003701703,0.6391736723080848,0.938434661470665,0.9355212801911906,0.750040089148785,0.19418154586938022,0.0012060410948820438
ULB Unicorn_19.ply,ULB Unicorn.ply,Downscaling and Color noise,3,6.5703125,2000297,1400208,285.31070160865784,4.787681579589844,0.9860381582591371,0.9972089026064413,0.9972630192582137,0.4738735864884732,0.15185728480066266,0.18589666304978844,0.6607897662746798,0.6568711358751871,0.6617785362507709,0.42978308331769355,0.2089407337210951,0.4126215304952747,0.6965004192625222,0.4368139740798514,0.4322132059327301,0.0734221485204827,0.7770702711661862,0.6471895634679566,1.9165259833773318,1.0323372762594336,0.6427678434918812,1.3031279129278728,0.7669121064200576,0.22492898753216614,0.854263375857475,0.806312740626779,0.8487153351080716,1.0045979696722973,1.0030165468183316,0.5891705347576967,0.8617639461772341,0.7934585123594338,0.9927640681328601,0.916307904891854,0.5194549985290227,0.8861574212422486,0.8827163097548675,0.6616434353508104,0.30969805136314543,0.0028028594276331953
ULB Unicorn_20.ply,ULB Unicorn.ply,Downscaling and Color noise,3,5.141666666667,2000297,1100163,284.22190833091736,4.724452972412109,0.9771828104527757,0.9956961690329978,0.9957637334705586,0.4061944391650531,0.10147590557458017,0.12688748894448207,0.6688882681368864,0.6624783392143974,0.6679846534165734,0.35543687788105793,0.14571376790316742,0.3386580208522541,1.1672482769631656,0.7331471088377882,0.7258678797468276,0.11748269853073012,0.7770702711661862,0.6471895634679566,2.207676960182985,1.2295883382949366,0.6388583490088219,1.7807317082901037,1.0130559414162323,0.41670395857051035,0.7530563465910436,0.6920735967931934,0.7569261573586106,1.002967106023517,1.0016530603469949,0.6006017192167664,0.7700141507153437,0.6645773080926038,0.9862147023891116,0.8966499286079628,0.4421121817652171,0.8254615347352093,0.8206737830527648,0.6012781481245755,0.394527264851715,0.005274034891264707
ULB Unicorn_21.ply,ULB Unicorn.ply,Downscaling and Color noise,3,4.234375,2000297,800119,281.7438497543335,4.780311584472656,0.965364061499237,0.993782176150679,0.9939656996755185,0.34839823622634536,0.07191315551406594,0.0898733341251892,0.6759378208676448,0.6659051560927891,0.6721589008416159,0.2941679244328757,0.10531043267252999,0.2779116057390415,1.8025880759572646,1.1356954970713515,1.1217977228085954,0.17094427493882228,0.7770702711661862,0.6471895634679566,2.64346921690752,1.5193355539997977,0.633196147044966,2.4300221667643265,1.3095451648498215,0.7642114107198872,0.6262085271047035,0.5601086463331164,0.6421662317916256,1.002075041104053,1.0004521379883937,0.6138139963075487,0.654918803872489,0.514969316842362,0.9729088918507108,0.878445340734944,0.38884318439277643,0.7499203656051752,0.7426399429914663,0.5566384710434663,0.4576092921722064,0.00972009046173015
ULB Unicorn_22.ply,ULB Unicorn.ply,Downscaling and Color noise,3,3.455769230769,2000297,500074,281.71578001976013,4.737083435058594,0.9481929691783197,0.9913128725194366,0.9915016280541065,0.2992802564510323,0.05280434745856072,0.06605724186670599,0.6826807941288895,0.6688745728957728,0.6756424771147383,0.2448122043395348,0.07827421769415709,0.22937821911530723,2.8055836978914956,1.7765610115513895,1.745111721329341,0.24578093157922384,0.7770702711661862,0.6471895634679566,3.4087217472014637,2.0206172813923864,0.6207930522896266,3.6443209671361876,1.7666800740583726,1.5877842540876024,0.4657270716201188,0.40447439301251037,0.49689644307342495,1.0013377449757452,0.9997061229444251,0.6291846134827592,0.5092524624199248,0.3429830236531799,0.9404747458316339,0.8543089903618328,0.35222901048514227,0.6453753416700372,0.6346098539849244,0.5216651159663298,0.5040231246466479,0.01898111039154138
ULB Unicorn_23.ply,ULB Unicorn.ply,Downscaling and Color noise,3,1.377551020408,2000297,200030,279.36328506469727,4.761241912841797,0.9201612323418618,0.98738785558207,0.9876619919745333,0.2548343486251469,0.04018067590047546,0.05015248618498378,0.6898954032298484,0.6712201123649496,0.6783993471390357,0.20427266299303296,0.0593587675181889,0.18981077826549925,5.2101805805751775,3.3328696356903595,3.22155946919422,0.39932762135119115,0.7770702711661862,0.6471895634679566,5.492499937354064,3.345413453102802,0.5879359851543036,7.03406507179038,2.9762355082552525,3.897586215385288,0.24306804171156185,0.20388412171048434,0.34884812889585637,1.0010069594361692,0.999471864970507,0.6494968459024382,0.3453417759398803,0.14645190860097787,0.8944521652721507,0.8248932395314174,0.3313957643944914,0.5177565653135252,0.5042339161332432,0.4949541834778846,0.5346598563445032,0.04434380006884835
ULB Unicorn_24.ply,ULB Unicorn.ply,Downscaling and Geometry Gaussian noise,4,7.2,2000297,1700252,279.6147086620331,4.857666015625,0.9938139069019073,0.9994109915689929,0.999359864803213,0.9331736399446791,0.9398694923478722,0.9353074233980462,0.6336076122006227,0.6119959381663037,0.6175695637859541,0.9345595290815206,0.9416781727974206,0.9180429156920343,1.5236236276903925,0.8337761333656837,0.8302205019854105,0.5987748269532565,0.7770702711661862,0.6471895634679566,2.2099742103122186,1.150214046487878,0.9743522865079742,0.8932415464495806,0.5363936855356111,0.1395994578317673,0.9427673287453863,0.9164211766568181,0.35886420690174875,0.979599703890931,0.9774014892454618,0.6245297371481714,0.5259250238501094,0.9164415287066204,0.9929991930193831,0.9397866178619292,0.6310326993201095,0.39218400343961407,0.3836145322064285,0.7426947239007389,0.20251959562120048,0.0013770093826269193
ULB Unicorn_25.ply,ULB Unicorn.ply,Downscaling and Geometry Gaussian noise,4,5.9296875,2000297,1400208,274.4768922328949,4.836513519287109,0.98805942508427,0.9988615612079776,0.998767010089009,0.8653514158234606,0.8788055441055285,0.8692762710720843,0.6533393039655416,0.6317017036719713,0.6369498281492921,0.8671374997594216,0.878533130734582,0.8426888580151677,2.3441860531695324,1.2637291153043317,1.258728803783976,0.9771496729951569,0.7770702711661862,0.6471895634679566,2.8296808493557086,1.4800133772639517,1.2638070275132252,1.3510764375752555,0.7906160057661731,0.3059163978133692,0.8631936206614464,0.8136965724334577,0.20567360753144137,0.9948279122196455,0.9930162589158714,0.6519063611189485,0.3966225901964459,0.8007464102330654,0.97990597864485,0.9169510949895265,0.511848631609857,0.2606510784563083,0.2491000385740927,0.6540585767149252,0.3187843699074898,0.003511704188718418
ULB Unicorn_26.ply,ULB Unicorn.ply,Downscaling and Geometry Gaussian noise,4,4.6328125,2000297,1100163,279.0857746601105,4.738044738769531,0.9794343053534718,0.9980114135917947,0.9978685950913049,0.7718576758212372,0.7904000901567846,0.7755534526675143,0.6678614155085721,0.645934553339192,0.6515981403741272,0.7735934192225562,0.7869674304335236,0.7439367793989842,3.286288707952763,1.7255444125163413,1.7145385936629798,1.481679154478189,0.7770702711661862,0.6471895634679566,3.633540799199243,1.874607992906608,1.6932047422986813,1.867824514450193,1.0494405748646214,0.586881926937704,0.7621007454781757,0.6948669859306398,0.10657766734608504,0.9982460724699144,0.9967946963457898,0.6710313608886554,0.2739223927851799,0.6607436677305355,0.9418655802046063,0.8980843539760501,0.42560221389310043,0.16789048537456194,0.1541407358725703,0.5850458605362037,0.4141854611328949,0.008442122062243833
ULB Unicorn_27.ply,ULB Unicorn.ply,Downscaling and Geometry Gaussian noise,4,2.067602040816,2000297,800119,278.1057302951813,4.810108184814453,0.9610809217510045,0.9960383315846242,0.9958538403964309,0.6160483186325827,0.6331196084883396,0.6123895074047261,0.685843821154277,0.6628911095353532,0.6696882384097823,0.6171964471055117,0.6277642864295375,0.5850527188145785,4.905056405931333,2.5025224514948072,2.4913091114033925,2.362652980926671,0.7770702711661862,0.6471895634679566,5.136952956272016,2.600716924808038,2.505100701323133,2.7247710918304677,1.4001566543223214,1.2304183637606214,0.6331976282243487,0.5526793344007073,0.04173497264400679,0.999566468067389,0.9985828883519536,0.6892231991369538,0.15948322801278955,0.4723666767823805,0.7703868591231262,0.8127892364545757,0.35100984876718894,0.09967886838974244,0.08176636228062861,0.512263537170208,0.5057151470448064,0.03747561568239467
ULB Unicorn_28.ply,ULB Unicorn.ply,Downscaling and Geometry Gaussian noise,4,1.5,2000297,500074,277.03193736076355,4.765514373779297,0.9449900664397255,0.9941224841680256,0.993856408175202,0.5172466328637056,0.5326546854288999,0.5127887401627647,0.6902818138545295,0.6670537370403391,0.6738143759211458,0.5184414671162616,0.5294703621668964,0.4873229521513292,6.3910533801534335,3.244407200351761,3.2367203221881087,3.107214486413334,0.7770702711661862,0.6471895634679566,6.571750965933875,3.3241369795855706,3.215687455851225,3.8039300566447505,1.8133336942293965,1.9908448611385767,0.4634227572237454,0.39429563242489946,0.02481694718206364,0.9998397304518755,0.9988543112253176,0.6919612885716317,0.10387879658254706,0.3030842607404477,0.7054874035960964,0.763929986105517,0.3321474352444209,0.09207106486763059,0.07327284491433633,0.48881076170553794,0.5319785117869025,0.06429711851326327
ULB Unicorn_29.ply,ULB Unicorn.ply,Downscaling and Geometry Gaussian noise,4,1.223076923077,2000297,200030,276.13357615470886,4.724285125732422,0.914031922349062,0.9905389504450572,0.9900199060150711,0.3340554402423317,0.3286577011398657,0.3222034368830305,0.6950905289398399,0.6707170861005305,0.6780383092813795,0.3355306832864991,0.32670647307737066,0.30860652525942955,10.190174609073535,5.156105128810041,5.155186671046632,4.972220656827696,0.7770702711661862,0.6471895634679566,10.298849309452642,5.214378299206538,5.026384088480743,6.881043552395677,2.847365061705682,4.451672807065711,0.2384910620866484,0.1970744380684116,0.009628219071592779,1.000207867256539,0.9992635238068361,0.6957959386494134,0.04544572444060206,0.12370699275878366,0.5884345959142148,0.6649569292286664,0.32059873872644457,0.08426126781874581,0.06444440312103439,0.46549038483075256,0.5570796294112869,0.11821748527501212
ULB Unicorn_30.ply,ULB Unicorn.ply,Geometry Gaussian noise,5,7.767857142857,2000297,2000297,282.47403955459595,4.9132232666015625,0.9969685462748643,0.999710304143335,0.9996870245023912,0.967583480404513,0.9707559068621417,0.968620188150714,0.6172465485740588,0.5959999278403507,0.6013282810825634,0.9685147599008778,0.9727884069573145,0.9586386810683097,1.3664946781688345,0.7315101439730396,0.729498307244426,0.5777232749263147,0.7770702711661862,0.6471895634679566,2.0951573641886405,1.0736153814159715,0.9653154897898651,0.6035712484235022,0.35809864681401865,0.09116602681059181,0.9722476092337359,0.9744384566091033,0.38635472492454154,0.9612203977361085,0.9583665863611118,0.6191752297028965,0.5699286142355872,0.9810562073747987,0.9941139899312045,0.9553387507462857,0.7162828834983638,0.3835201759173336,0.3780454058776964,0.8032141901091809,0.131243419924455,0.000796393962449144
ULB Unicorn_31.ply,ULB Unicorn.ply,Geometry Gaussian noise,5,7.155612244898,2000297,2000297,277.3205978870392,4.895839691162109,0.9956678659508729,0.9995898757957618,0.9995572284232224,0.9463438008362406,0.9522584666744213,0.9482365938970354,0.6422119187098025,0.6204865906768733,0.6257889979558735,0.9478067379134986,0.9543582344405283,0.9343450960776146,2.019932743046168,1.0673265838003132,1.0653098338755143,0.8891981174336909,0.7770702711661862,0.6471895634679566,2.5684581001384945,1.3196503245637656,1.201083028044837,0.8253645854535073,0.4869048878518134,0.16863810458831022,0.9622833500722988,0.9655413152262045,0.24432710100735483,0.9842848234682001,0.9823888074843297,0.6533573775753438,0.48045012169357737,0.9763348354742524,0.9798883925891767,0.9393753437876757,0.6198096985306292,0.24489885836437145,0.2365485226532126,0.734008943487501,0.21182336738901092,0.0019294042475367975
ULB Unicorn_32.ply,ULB Unicorn.ply,Geometry Gaussian noise,5,4.59056122449,2000297,2000297,281.5211489200592,4.876567840576172,0.992398398302923,0.9992973860049394,0.999244594214295,0.8915850672665353,0.9044349057235749,0.8959000201515205,0.6638461714539752,0.6410543478593179,0.6468064311201704,0.8936261694478593,0.9045941465061905,0.8741809550330734,2.650610283807138,1.3693797283423788,1.3647097032617372,1.2389596024616576,0.7770702711661862,0.6471895634679566,3.0806731743117357,1.5647365045495767,1.4916439732566031,1.1681394407450225,0.6758548263666041,0.3260591856603191,0.9464667619340702,0.9494814605243137,0.13923318770765666,0.9948195600398521,0.9936735617265728,0.6776293682360869,0.38368878601302514,0.9623830296748715,0.9222613348344171,0.9075126483750906,0.49695534359716037,0.14638590155529377,0.1331259576831249,0.6404641967068259,0.33279110506348664,0.006667263651440525
ULB Unicorn_33.ply,ULB Unicorn.ply,Geometry Gaussian noise,5,2.609375,2000297,2000297,279.53572964668274,4.939918518066406,0.975567312421207,0.997701590372606,0.9975499686909413,0.7035353023324588,0.7251815106530852,0.7062949485890644,0.6887799359156667,0.6647191326658067,0.6717878189042368,0.7053377359004603,0.7188706489095891,0.6751521519731848,3.5871576011834225,1.813038851112791,1.8095873384689383,1.7581705256571445,0.7770702711661862,0.6471895634679566,3.919977500248206,1.9663003053724433,1.9582382586710454,1.8180807355205395,0.9936288971498791,0.7217253076938558,0.9290332469441872,0.9036356124200741,0.0651973390484919,0.9991165135642438,0.9984511885515243,0.6965328830184554,0.2750964584947429,0.867230738956261,0.6245537325451711,0.6898081121956112,0.3494247315290343,0.08584159013460534,0.06639983510474963,0.500364793906725,0.5069299494764804,0.06687072361989414
ULB Unicorn_34.ply,ULB Unicorn.ply,Geometry Gaussian noise,5,1.857692307692,2000297,2000297,278.3571689128876,4.9488983154296875,0.9629519607737448,0.9963956882979801,0.996185499001551,0.610929282111073,0.6330710394660134,0.6111728400733715,0.6936893620292501,0.6691012719306078,0.6764145840335817,0.6126089574004226,0.6261606332874706,0.5809141336092079,3.9871720489389513,2.004201627650057,2.00598209745824,1.9706075705788448,0.7770702711661862,0.6471895634679566,4.298026760201681,2.153454584881857,2.157059737586015,2.0669177938693792,1.098120343855683,0.9005106298747442,0.9215273724371219,0.8680134004239769,0.05193678489079078,0.9995628251757096,0.9990674814069334,0.7002345269130471,0.24262609477230218,0.7897989207527458,0.4584538825554534,0.5317108037447463,0.3246415444476869,0.07823874940365436,0.057696736680393705,0.4533984715149093,0.5499599156401354,0.1631559167348359
ULB Unicorn_35.ply,ULB Unicorn.ply,Geometry Gaussian noise,5,1.3,2000297,2000297,279.3726406097412,4.882362365722656,0.9374642940678584,0.9933879958251141,0.99305591555752,0.44405549901278707,0.4597865093136872,0.4424348931210645,0.6971711326568572,0.6723044672282759,0.6797554303960286,0.445801157371978,0.4567421198439887,0.4159166272547677,4.686188633345235,2.349166346455228,2.348335489277448,2.3319001300291045,0.7770702711661862,0.6471895634679566,4.9597146666108,2.477276612555557,2.4986749510019646,2.425510631939541,1.2324974871377796,1.1790829125494195,0.8703487628747708,0.7802049736872153,0.03780135814237489,0.9996392865955108,0.9996419040467758,0.7043771222724112,0.19665807349818723,0.6490848926864778,0.2601317448821886,0.3223315154831584,0.3111423235395965,0.07261783010201246,0.05120687413058376,0.39237554899215477,0.6118428423039961,0.4182979527122197
ULB Unicorn_36.ply,ULB Unicorn.ply,Color noise and Geometry Gaussian noise,6,8.375,2000297,2000297,281.80088090896606,4.972789764404297,0.9965043170259763,0.9993847654698947,0.9993884720348633,0.6398719827688664,0.44576083277374473,0.47574256948727617,0.6221342626861097,0.6177782270399983,0.6213773954662394,0.626902882075264,0.49943566195714223,0.6117165662854668,1.3656719544110234,0.7309166745093464,0.7295150717211845,0.5768503929245508,0.7770702711661862,0.6471895634679566,2.0957297198130793,1.0735126201607346,0.9652295163777334,0.6034104731321872,0.35788265812493825,0.09147508476289025,0.97228455690931,0.9744280181470455,0.3865427004628903,0.9611607538648487,0.9582974840108789,0.6192958592467324,0.5699651894693891,0.9810501073800405,0.9941124411661719,0.9553451794268057,0.7165159351990689,0.3837071301907005,0.37824206574846014,0.8035224895736705,0.1306586819736811,0.0007966417992977942
ULB Unicorn_37.ply,ULB Unicorn.ply,Color noise and Geometry Gaussian noise,6,7.066326530612,2000297,2000297,277.59835028648376,4.8956146240234375,0.9924962946156758,0.9976660582013394,0.9977332690710218,0.5076203884827921,0.15751816527134233,0.192530986330882,0.6541562254034426,0.6549236896886975,0.6592176137525685,0.4572068476992491,0.2190544976884624,0.4440886742104745,2.0193424817533048,1.0680546331663794,1.0647303997536963,0.8882571399906248,0.7770702711661862,0.6471895634679566,2.568519646636018,1.320221703461923,1.2004822973350815,0.8253961655876021,0.48712997947500775,0.1690415326815748,0.9622650606683607,0.9655386519692788,0.2443248215756732,0.984351759073372,0.9825643031512579,0.6534893890741209,0.4805297639765192,0.9763444761493932,0.9798754918016832,0.939432296389399,0.6195519780258449,0.24488889072207243,0.23651687722689407,0.7340621427733376,0.21185747750112963,0.0018960444418066027
ULB Unicorn_38.ply,ULB Unicorn.ply,Color noise and Geometry Gaussian noise,6,5.15,2000297,2000297,282.30301785469055,4.894145965576172,0.9869271094433474,0.996367197501696,0.9965158315393665,0.4364595802344529,0.10511557446376088,0.13118545183121794,0.6726877972427211,0.6642321331458955,0.6699624402703167,0.3776511246518908,0.15251499797476362,0.36389992007617256,2.649007572746437,1.3687669229732295,1.3618934664701434,1.2400460333302536,0.7770702711661862,0.6471895634679566,3.0807842382503465,1.5629989980688002,1.4937074359735418,1.1649193305990588,0.6733473658676984,0.3277295708019752,0.9466133551371385,0.9496667434506924,0.13928146730174637,0.9949626676935607,0.9936036201765354,0.6776246792971136,0.3837638081589649,0.9626230902561068,0.9222092713278284,0.9075160305591079,0.4960334938361389,0.14637865751804668,0.1331445181643615,0.6399391750017942,0.33352481440658294,0.006660137523199261
ULB Unicorn_39.ply,ULB Unicorn.ply,Color noise and Geometry Gaussian noise,6,3.103316326531,2000297,2000297,277.06582593917847,4.878047943115234,0.9683252515634265,0.9941588600975635,0.9943332945730063,0.3500922263001311,0.07191416366470296,0.09016964482314871,0.6912323559695788,0.6710556045835757,0.6781332563444703,0.29577664378575297,0.10524976117632824,0.28008582408214633,3.5864396032312387,1.8126437265221862,1.809023864454493,1.758363393032695,0.7770702711661862,0.6471895634679566,3.9193361294640527,1.9655249885336945,1.9579632180160669,1.812685024526264,0.990934286039293,0.7177155637917854,0.9291962536765614,0.9038214720090454,0.06524653148013983,0.9991401758612146,0.9985513301509135,0.6964897839224807,0.27501204016323005,0.8673281027826225,0.6251937146770673,0.6899646853085041,0.35038973921254857,0.08585060010842088,0.06640749360887872,0.50164481970019,0.505933596606565,0.06650600965588832
ULB Unicorn_40.ply,ULB Unicorn.ply,Color noise and Geometry Gaussian noise,6,2.2,2000297,2000297,281.09193992614746,4.895469665527344,0.953113877189816,0.991976406278508,0.9922427069585331,0.3008494394511838,0.05301946012390355,0.06627528209143191,0.6949766446981785,0.6723633809231818,0.6797082462110925,0.24575541375542553,0.07834348937711201,0.2305831076727698,3.9906872843487005,2.007779580321105,2.005192200111078,1.9722573726944252,0.7770702711661862,0.6471895634679566,4.298444963904607,2.1506972985078563,2.1569661958752135,2.063309856489126,1.0943547642134368,0.9024080861593317,0.9219123108226238,0.8685276683455659,0.05200052996909163,0.9996376264183909,0.9989955633183776,0.7004020722656015,0.2427388738714286,0.7899710442882649,0.4575366355589731,0.5300814357052522,0.32542445842628165,0.07820254848445855,0.05772904324241527,0.45410450138034164,0.5491082026017974,0.163202293473929
ULB Unicorn_41.ply,ULB Unicorn.ply,Color noise and Geometry Gaussian noise,6,1.30612244898,2000297,2000297,281.93437004089355,4.910793304443359,0.9263668321138587,0.9884619537928495,0.9887381468925914,0.2541185139991321,0.040203034716635486,0.05003735729317584,0.6975806078154732,0.6731541425663409,0.6807116326592129,0.20315763848703594,0.05901166649530286,0.18878167724228467,4.684463812920152,2.3477998835373475,2.3489793645759787,2.328899155944735,0.7770702711661862,0.6471895634679566,4.9584920684385345,2.4779582796256134,2.494912353972577,2.4254346008752505,1.2346474594420591,1.176446116164423,0.8706593611975165,0.7803051277301878,0.03780304104530099,0.9998252702880827,0.999570220065382,0.7042298972943845,0.19675001193258615,0.6492208789848063,0.25999840102917043,0.32213834907165073,0.31048578279673955,0.07261850699501429,0.05124455529396448,0.39236098955378607,0.6124339292306203,0.4195422189727685
loot_0.ply,loot.ply,Octree-based compression,0,6.996153846154,784142,660527,102.89930152893066,1.8699607849121094,0.9952090233545332,0.9993559079943944,0.9991678746175416,0.9147049299243107,0.8025070511902286,0.7928443627732752,0.8324043280513833,0.8779866279438883,0.8768031995007182,0.9150699728379096,0.848935563850252,0.8551516625072378,0.25719318344184045,0.12631072744873342,0.13117461846932985,0.12014589728602813,0.09587533459576839,0.3372072438928879,0.5371379318705924,0.2030577231822297,0.36170022943827107,0.33281857109396923,0.1889912328994932,0.09327158701329284,0.9277987579703877,0.9012277474099674,0.8071094552953824,0.9347679127818115,0.9338698110100987,0.8224658957583908,0.8790002798868577,0.870481496104938,0.9936801064573978,0.937960132757631,0.40828819778633807,0.8651737568044643,0.8501086124874839,0.5794824574182137,0.4354061810746122,0.0014706058496231683
loot_1.ply,loot.ply,Octree-based compression,0,7.0859375,784142,538659,102.33338141441345,1.9460029602050781,0.9941218976501595,0.9993070501132352,0.9991386317485681,0.8690684278269448,0.7844439261541828,0.7699054179899312,0.9169557121154307,0.9390513600452101,0.9418056515844125,0.8707860368150094,0.8185727506686861,0.7900715686833221,0.5037143668789742,0.248610939222722,0.2542069373495599,0.2387153241192171,0.09587533459576839,0.3372072438928879,0.7091531775788161,0.3030388195738686,0.42711690382939543,0.33715210218209557,0.17521200586415445,0.15779554710236507,0.8342687509400755,0.8019107951239028,0.6308768001539166,0.9973919461828826,0.9981648953545351,0.9244217664157763,0.7504509062095124,0.7206763465570429,0.9892692506641909,0.9419693202049162,0.39286323047428057,0.7781576310227278,0.760866153102326,0.565143508932215,0.4498807873263107,0.0027622509802859257
loot_2.ply,loot.ply,Octree-based compression,0,5.383333333333,784142,435409,104.64103722572327,1.8838043212890625,0.9926496021433724,0.999212316348751,0.9990662198057828,0.822736510591363,0.7630111172929444,0.7452953298779809,0.9302474581422642,0.9470885346582109,0.9507769156757478,0.8261036249269608,0.7861051313311881,0.7282114737049595,0.7051668113923076,0.3528125398898948,0.35919537404585217,0.33084215187397337,0.09587533459576839,0.3372072438928879,0.8448892732885545,0.3906244368550252,0.46380333887747494,0.3666497669371329,0.17984007015754513,0.18806364281785562,0.7370937031036626,0.7002537411866206,0.49531582406461694,0.9985577457528824,0.9979467909409186,0.9335487014630498,0.6353880258343564,0.583423777787828,0.9852987188612031,0.9384013764591378,0.35784706396959465,0.7233734650059589,0.7015199417457201,0.5353174494933685,0.49270123085152345,0.003753838225813298
loot_3.ply,loot.ply,Octree-based compression,0,5.208333333333,784142,311706,103.68327140808105,1.885498046875,0.9900653247077595,0.9990291954916154,0.9989100599502491,0.7572828153074476,0.7285824466970239,0.7075272130097092,0.9481556847831808,0.9568173169101082,0.9609310715984992,0.7624750485957991,0.7380909884819041,0.6481821037859921,0.939339884936706,0.474980339174385,0.4851626928967544,0.4356948157017414,0.09587533459576839,0.3372072438928879,1.0131170808840415,0.49795333816476633,0.5158134372051022,0.40912695736900445,0.18947036836184408,0.23217286891776517,0.5919498006330695,0.5583372473627715,0.3510283444404667,0.9998786683625104,0.9995419468366328,0.9371649755011312,0.48723683040276566,0.4091599968168751,0.9811236266229963,0.9436663454298155,0.3535237821736258,0.6770169472177152,0.6535874702346472,0.5349231956073608,0.4927594077552651,0.00454861075898542
loot_4.ply,loot.ply,Octree-based compression,0,6.679846938776,784142,190078,103.52940845489502,1.8843002319335938,0.9861504761401436,0.9987159999918809,0.9986034163679741,0.6808775670403996,0.6813344281727608,0.657754713760209,0.9700710527870131,0.9691555856303647,0.9730561006379452,0.6874104261429527,0.6771414886972261,0.5630552874384536,1.1723251006377278,0.6007485887720152,0.6086263678720295,0.5427563939086769,0.09587533459576839,0.3372072438928879,1.2098507420281872,0.6099898011489373,0.5981115672471811,0.6750576648072812,0.2828190256753654,0.4364575653339523,0.4143200452548647,0.386992410182933,0.23187762449820573,0.9998333464001634,1.0002375044956684,0.9378485865319998,0.3314607560332871,0.23538873056856266,0.9779563381794274,0.9319864561270209,0.3347071236961364,0.6808661151034197,0.6554216077541724,0.514995116871275,0.5192783310532604,0.008398489165864217
loot_5.ply,loot.ply,Octree-based compression,0,2.708333333333,784142,82139,103.26125192642212,1.8977012634277344,0.9790505244527696,0.9980699330697708,0.9979118099985322,0.577904531683098,0.6128109167373572,0.5918065682034912,0.984401634868875,0.9799778694717066,0.9837474570113182,0.5851748255648566,0.5946372782655567,0.4612725763147999,1.610677680067794,0.8150809052026836,0.8153763139530533,0.7904107214642971,0.09587533459576839,0.3372072438928879,1.6524314739877943,0.8196121163731155,0.8469659711900098,1.0857381737157255,0.36806950956037654,0.8296755602815299,0.20827235024641516,0.19265979352399137,0.08896581753400098,0.9998724088852442,0.9999316854918816,0.9430847562908877,0.1498033229098474,0.08819850679418814,0.9619193173977909,0.9333177552202448,0.32551926504811035,0.586780497179263,0.5600219520707548,0.5080512887253472,0.5271419090540878,0.015408870665510782
loot_6.ply,loot.ply,Color Noise,1,9.65,784142,784142,103.99584317207336,1.8727264404296875,0.999103716553423,0.9995862598844604,0.9995499976970447,0.8555226837768735,0.385141958028006,0.36630107849376536,0.1272631848928607,0.5251423165360418,0.5419221360333433,0.7810058332339236,0.48350847076732073,0.7150018670044122,0.0,0.0,0.0,0.0,0.09587533459576839,0.3372072438928879,0.38593700460767166,0.09587533459576839,0.3372072438928879,2.6956079457744715e-14,1.4126493896377345e-14,1.1604938613528387e-14,1.0,1.0,1.0,9.206997710720764e-17,9.761211475838492e-17,6.940411932749032e-17,1.0,1.0,1.0,1.0,1.0,1.0,1.0,0.9947216192985454,0.005278380701454584,1.1543803783850742e-17
loot_7.ply,loot.ply,Color Noise,1,7.316666666667,784142,784142,103.46458554267883,1.9089546203613281,0.9954734994957651,0.9979172101643553,0.9976970523431978,0.43159606078262414,0.03761273257057588,0.038657229089180505,0.4973565361603537,0.8822282142574855,0.8872623506824862,0.29584598211442353,0.07673733426752959,0.2613177764648737,0.0,0.0,0.0,0.0,0.09587533459576839,0.3372072438928879,0.38593700460767166,0.09587533459576839,0.3372072438928879,2.6956079457744715e-14,1.4126493896377345e-14,1.1604938613528387e-14,1.0,1.0,1.0,9.206997710720764e-17,9.761211475838492e-17,6.940411932749032e-17,1.0,1.0,1.0,1.0,1.0,1.0,1.0,0.9947216192985454,0.005278380701454584,1.1543803783850742e-17
loot_8.ply,loot.ply,Color Noise,1,5.396683673469,784142,784142,102.0125458240509,1.9051856994628906,0.9930493890818062,0.9968137273905626,0.9964740444420827,0.3002703869743984,0.017792939553144947,0.018994791482481753,0.6142876007242191,0.9211970034161822,0.9248946197781382,0.18328875386580787,0.04010011902127679,0.15353310469837408,0.0,0.0,0.0,0.0,0.09587533459576839,0.3372072438928879,0.38593700460767166,0.09587533459576839,0.3372072438928879,2.6956079457744715e-14,1.4126493896377345e-14,1.1604938613528387e-14,1.0,1.0,1.0,9.206997710720764e-17,9.761211475838492e-17,6.940411932749032e-17,1.0,1.0,1.0,1.0,1.0,1.0,1.0,0.9947216192985454,0.005278380701454584,1.1543803783850742e-17
loot_9.ply,loot.ply,Color Noise,1,4.584615384615,784142,784142,102.48132252693176,1.9087181091308594,0.9903657749798697,0.9955505453692444,0.995101890253554,0.2108374026340014,0.009650151766631391,0.010601405211995365,0.6983075700398836,0.9418560483029363,0.9453586288911534,0.1170603880027294,0.023227166738234658,0.09261316399266208,0.0,0.0,0.0,0.0,0.09587533459576839,0.3372072438928879,0.38593700460767166,0.09587533459576839,0.3372072438928879,2.6956079457744715e-14,1.4126493896377345e-14,1.1604938613528387e-14,1.0,1.0,1.0,9.206997710720764e-17,9.761211475838492e-17,6.940411932749032e-17,1.0,1.0,1.0,1.0,1.0,1.0,1.0,0.9947216192985454,0.005278380701454584,1.1543803783850742e-17
loot_10.ply,loot.ply,Color Noise,1,4.230867346939,784142,784142,103.45558047294617,1.9026641845703125,0.9873869691916441,0.9941887148450796,0.9936176153717758,0.15019280536510488,0.005781165234870251,0.006476925710251317,0.7592280464783442,0.9546443347882941,0.9580586153641536,0.07759366944898341,0.01452879463881035,0.058054961354415076,0.0,0.0,0.0,0.0,0.09587533459576839,0.3372072438928879,0.38593700460767166,0.09587533459576839,0.3372072438928879,2.6956079457744715e-14,1.4126493896377345e-14,1.1604938613528387e-14,1.0,1.0,1.0,9.206997710720764e-17,9.761211475838492e-17,6.940411932749032e-17,1.0,1.0,1.0,1.0,1.0,1.0,1.0,0.9947216192985454,0.005278380701454584,1.1543803783850742e-17
loot_11.ply,loot.ply,Color Noise,1,4.0625,784142,784142,103.48631644248962,1.9009895324707031,0.9837470529681008,0.9927337746434883,0.9920721974786781,0.10915369333010908,0.003726640002263921,0.004232949517009864,0.8038449202470636,0.9634446944811289,0.9656900443193787,0.053436986893791324,0.009656406142114887,0.03797300608233661,0.0,0.0,0.0,0.0,0.09587533459576839,0.3372072438928879,0.38593700460767166,0.09587533459576839,0.3372072438928879,2.6956079457744715e-14,1.4126493896377345e-14,1.1604938613528387e-14,1.0,1.0,1.0,9.206997710720764e-17,9.761211475838492e-17,6.940411932749032e-17,1.0,1.0,1.0,1.0,1.0,1.0,1.0,0.9947216192985454,0.005278380701454584,1.1543803783850742e-17
loot_12.ply,loot.ply,Downscaling,2,8.267307692308,784142,666521,102.80199933052063,1.882781982421875,0.9979339135371401,0.9998270211057696,0.9998189768770239,0.9419275089974932,0.9452060100005789,0.9452303920870635,0.9173711250807456,0.9180543349707517,0.922597925794843,0.9455932448057811,0.9502054564881826,0.8943237768952784,0.1501242815723684,0.08450692971012841,0.08309128550086056,0.05089750408035305,0.09587533459576839,0.3372072438928879,0.4691944387223064,0.16147064441968179,0.33499524188720653,0.18689250006167887,0.11537298041886203,0.031137842308988146,0.9343067531648453,0.904053286481955,0.9504643313717673,1.0117801477766206,1.0127425575352216,0.8980225529782165,0.9321719389110118,0.8724736502501332,0.9981653230521834,0.9485988710631205,0.4209250202148053,0.9377130190475713,0.9426033909246335,0.5901763500877869,0.41867116698291545,0.0002948774113351349
loot_13.ply,loot.ply,Downscaling,2,8.613520408163,784142,548899,104.24131917953491,1.8946151733398438,0.9962212801009102,0.9996899491638706,0.9996758764768129,0.8902342031698592,0.9037828866429741,0.9040743095890031,0.9218851132066188,0.932109687890504,0.9374497997692264,0.8961659123976846,0.907187849202436,0.8164295896491429,0.30207914564582344,0.17022953608795482,0.16756322968784743,0.10210347051896929,0.09587533459576839,0.3372072438928879,0.5563564261886903,0.22962923473297486,0.3330004951471695,0.26260376697421145,0.15551305571210228,0.06365424413996723,0.842243465150231,0.8117116172388289,0.9035154240860187,1.0027641634425126,1.0033247887967423,0.9152189149547609,0.8528517328451685,0.7333121448704615,0.9967542762546538,0.9418411183296516,0.4045845054726589,0.8862040237366529,0.8937067206084301,0.5755639996769524,0.43633214594582925,0.000756342712650852
loot_14.ply,loot.ply,Downscaling,2,7.676020408163,784142,431278,103.85088658332825,1.9420928955078125,0.9940383069389638,0.9995127369278369,0.9994928300494572,0.8294925437134901,0.8562115663960725,0.8577482637544348,0.9303671458402664,0.9395258858971393,0.9453348788739968,0.8376681043202907,0.8563033953845443,0.7340333948105435,0.4619162049176647,0.2620657878141994,0.25646663238888906,0.15528533298351385,0.09587533459576839,0.3372072438928879,0.652877060772004,0.30390078973522966,0.33081136164932895,0.3607033160900206,0.20625910547960755,0.11183912440436079,0.7328253316461767,0.6986313543757479,0.8327356799348614,0.9996898459004173,0.9992440518342129,0.91504278876096,0.7524377523386113,0.5799002584616696,0.9950393843687676,0.9309270230571265,0.3646422304630327,0.832280467851285,0.8411646346005172,0.5433703491689317,0.48356676532950904,0.0015093820354109058
loot_15.ply,loot.ply,Downscaling,2,5.78125,784142,313657,103.71381211280823,1.8961563110351562,0.991227369827872,0.999280737826056,0.9992474348852686,0.7609029300829097,0.8022266492918488,0.8044322253156614,0.9473560445793978,0.9506141967864642,0.9572220688682906,0.7708001646147337,0.7969285292110752,0.6504859910678852,0.6451972776495905,0.3682208927486396,0.36278387988005256,0.21173229042872838,0.09587533459576839,0.3372072438928879,0.774301497206807,0.3966359816659721,0.3292534398503059,0.4993158087778268,0.2714793756976817,0.1914781563614242,0.5974351319593753,0.5642703168372862,0.7195252694266141,0.9998817399852251,0.9999955176675397,0.9151829855517084,0.621022533647887,0.41605616895050934,0.9927489161892399,0.9225976739210958,0.34353398430259086,0.779089547065278,0.7861330889377285,0.5263273395743367,0.5083951430876908,0.0029991256207017127
loot_16.ply,loot.ply,Downscaling,2,2.975,784142,196036,103.57688450813293,1.8775482177734375,0.987215820022924,0.9989166331486913,0.998862349826733,0.6762227719153323,0.7324524445114605,0.7373238722898948,0.9696070890371591,0.9659965737874214,0.9713388878851058,0.6869304258999058,0.719813337184032,0.556647448918257,0.8988139535869932,0.5209784847476884,0.5164397413883928,0.27568184509109867,0.09587533459576839,0.3372072438928879,0.9667003390217302,0.5375162261521135,0.32839588705245426,0.7454505711881593,0.3756834186931051,0.3516728906598101,0.42657008888143366,0.39929543264918177,0.5315341141717759,0.9999656106665898,1.000013587335812,0.9189421096827585,0.44109724184971144,0.24706702061065253,0.9888555578280465,0.9145612870058131,0.3292722499871016,0.7288937916403051,0.7310411423687511,0.5147470028587319,0.5229848934482295,0.006446402188802198
loot_17.ply,loot.ply,Downscaling,2,1.85,784142,78414,103.08679127693176,1.8846778869628906,0.97904844621258,0.9981343219600549,0.99799558267598,0.5500495406686903,0.6270767809538296,0.6388474341081196,0.9858385237808204,0.980090557185388,0.984327328863393,0.5599861181050066,0.6026798373119493,0.43282173236785754,1.4722053162604887,0.8887018081248945,0.879840861939317,0.35503874324118034,0.09587533459576839,0.3372072438928879,1.480211493969079,0.8882129516155146,0.3254941791936527,1.463243054919235,0.649358964554778,0.8735478175254376,0.2033763945756322,0.1881967084374219,0.21995166309589562,1.0003614715683928,0.9999535487254316,0.9303503093820259,0.1898395650942456,0.0857054873274043,0.9742703853773602,0.9030334213655413,0.315786158754579,0.6631739946191559,0.6543634444990478,0.5010739575639429,0.5383319749153328,0.01650627865733174
loot_18.ply,loot.ply,Downscaling and Color noise,3,8.180769230769,784142,666521,105.07485842704773,1.8889389038085938,0.997631836620988,0.9995407128762175,0.9994944894883432,0.8188734019399695,0.37965164057354595,0.35699749573498424,0.9269494278484386,0.9564406270336514,0.9618677581451404,0.7519316379832175,0.4701266671606387,0.6730240960847361,0.15012891280720106,0.08474374911799337,0.08310899331032733,0.05063832848063663,0.09587533459576839,0.3372072438928879,0.4693456597650255,0.16133120979216833,0.335031827558991,0.18685398775123535,0.1154620552154007,0.031249147523901753,0.9342889978677307,0.9040533528254001,0.9505747270550906,1.012028645063515,1.012604038968988,0.898431879470492,0.9321227886044613,0.8724712876078898,0.9981634858568292,0.9486228794284203,0.4213760643859329,0.937889332286162,0.9427745773773324,0.5901724392936306,0.4181875896170948,0.0002951113427426909
loot_19.ply,loot.ply,Downscaling and Color noise,3,6.925,784142,548899,103.23292136192322,1.9113273620605469,0.9937337024367547,0.9978972601429454,0.997660251541462,0.4107027755737277,0.03721680605531816,0.03788883599618383,0.9566338995312504,0.9836208416769706,0.9873851164276817,0.2853908440436694,0.07434360764308112,0.24889903338672242,0.30211609002689316,0.1707155314667457,0.16693753528813854,0.10248078235072866,0.09587533459576839,0.3372072438928879,0.5562406159512449,0.22913086051064258,0.33310659230011036,0.2633376707505942,0.15589833275471712,0.06363700282541833,0.8423515482590654,0.8116245501613523,0.9037032043066757,1.0023227790699853,1.0028529424591348,0.9150590587195054,0.8530621089003225,0.7333415845710671,0.996744235018148,0.9417504373476617,0.4040994020526034,0.8861415852854385,0.8937334547563593,0.575004805042119,0.43775647341091234,0.0007053936565099406
loot_20.ply,loot.ply,Downscaling and Color noise,3,4.8,784142,431278,103.0240466594696,1.944244384765625,0.9901975237739704,0.9967461338654442,0.9964133979856599,0.28494996844042714,0.017345328679380368,0.01829065446011932,0.9689703510615265,0.9862537029038422,0.9899689834086199,0.1764741008727979,0.03840632862265096,0.14620789468886394,0.4620762122615221,0.26189859832533974,0.25696639067397553,0.1552875318341298,0.09587533459576839,0.3372072438928879,0.6533260485764337,0.30445644314091885,0.33139269888117195,0.3612675759192741,0.20591372059141316,0.11202275401773536,0.7329050010764607,0.6986169312280042,0.8328575759028454,0.9995731780863705,0.9989368367510765,0.9148149242825564,0.752531743424495,0.5799433102717044,0.9950434481877575,0.9307898765593868,0.36411471287998226,0.832424419839865,0.841227306778567,0.5426494821236771,0.48410609316693776,0.001516369128093504
loot_21.ply,loot.ply,Downscaling and Color noise,3,4.299744897959,784142,313657,102.09869027137756,1.8932991027832031,0.9860881227539784,0.9954107436314432,0.994921971940934,0.1982852320274245,0.009341981979091906,0.0102428974999464,0.9804236605789813,0.9880673557203634,0.991475334034792,0.112390968278838,0.022140467516836817,0.08794945308258453,0.6451274161542981,0.3682424732838342,0.3624023109957778,0.21182982547241117,0.09587533459576839,0.3372072438928879,0.7741961451786386,0.3960711766039568,0.32962520379574045,0.49832821258576376,0.27069168616888717,0.19225721563276527,0.5972402695941296,0.5644131736093807,0.7191599936827273,1.0000887582424365,1.0002524797230392,0.9151246697242954,0.6209072792231005,0.41598824415774427,0.9927863467187256,0.9225978575080906,0.344613607639392,0.7795104392335171,0.7866561521028117,0.5273777379477496,0.5060980740880462,0.0030751729601919088
loot_22.ply,loot.ply,Downscaling and Color noise,3,2.283333333333,784142,196036,101.48111629486084,1.8998260498046875,0.9808531104212092,0.9940903510017726,0.9934362937161263,0.14110658526498593,0.005589287770963927,0.0062389582606910245,0.9904678589398925,0.9895850374205394,0.9923269212352817,0.07449469530106863,0.013811677655729361,0.05516479839927666,0.8987586595579711,0.5208309143422657,0.5165354603288433,0.2756956152339426,0.09587533459576839,0.3372072438928879,0.9668972094728948,0.5377005980091674,0.3283084589218426,0.7441612623670193,0.3752123004655688,0.35236747518285827,0.426505812574682,0.3992188172487904,0.5309442285658673,0.9999850671404003,0.9998670712816441,0.9190889556346115,0.4409463217965921,0.24702513321418004,0.9888122355048715,0.9147009218712909,0.33010526993009365,0.7295409512141526,0.7315233916729689,0.51522189859591,0.5212761084791027,0.006289174167906346
loot_23.ply,loot.ply,Downscaling and Color noise,3,1.223076923077,784142,78414,101.63337469100952,1.8817138671875,0.9711847358199368,0.9921445266034141,0.9918265081296144,0.10019806109161944,0.0036567820907575806,0.004096125065767713,0.9955560752808273,0.9906159121321327,0.9931655478432048,0.05088719741739154,0.009161049068089157,0.0357471518750123,1.4710113492743913,0.8891544357078176,0.8773557716267802,0.354962608028167,0.09587533459576839,0.3372072438928879,1.4790841352159998,0.8858309784779664,0.3250413394184379,1.4610215667039053,0.6461172138707946,0.8750039023317939,0.2034787360267558,0.188078175802131,0.21936153822720322,1.000144742774865,0.9999608316052093,0.9299340248734905,0.18958555252548948,0.08571996481131468,0.9746132286765086,0.903452238003327,0.3141112476850817,0.6620970564909104,0.6532896549109246,0.4996167084079616,0.5393304682104698,0.016115734604170033
loot_24.ply,loot.ply,Downscaling and Geometry Gaussian noise,4,7.190384615385,784142,666521,103.29834961891174,1.8872718811035156,0.9977538280834582,0.9998113693584997,0.9998022324640724,0.9358446260540516,0.9402106279619162,0.9400830810148871,0.91483825043434,0.9217132253496481,0.9264836866004591,0.939839270152194,0.9451747355030357,0.885031311529513,0.4896676333278272,0.26871798761916127,0.2611585652653028,0.1982693967396103,0.09587533459576839,0.3372072438928879,0.6251866307285937,0.28055678274422424,0.36380296067106876,0.22042557603522184,0.13473209782038004,0.039988966564739443,0.9333368237275277,0.9061966906437554,0.8110194019050949,0.9993044739556265,0.999240502944927,0.9167373477384351,0.8795866167085628,0.8742899179455971,0.9947188382813317,0.9468709901150558,0.423687484990982,0.880264456034255,0.8655181057429465,0.5906098245290203,0.41505319161002935,0.0005638187607784302
loot_25.ply,loot.ply,Downscaling and Geometry Gaussian noise,4,7.28125,784142,548899,102.75735402107239,1.908050537109375,0.9957965190807596,0.9996517369742675,0.9996342254318964,0.8741126424328148,0.891034755937858,0.8917374694602549,0.9305853299099485,0.9385448354425584,0.9436454130826404,0.8807199531234744,0.8926932380856617,0.7947991097081634,0.6953345329178577,0.37068347785558786,0.3662185294206252,0.3032813404990875,0.09587533459576839,0.3372072438928879,0.7708575951514849,0.3785483749059098,0.39549520557830364,0.31317001135096045,0.18461093234973966,0.0813562608253164,0.8440365179587576,0.8118021737424623,0.5625596634385935,0.9994626496294658,0.9996454477043827,0.9368636945230477,0.7271790600765106,0.7340015057754368,0.9830789773334421,0.9348685299235511,0.38019163856557925,0.7149952483026495,0.6941070790273872,0.557038387948113,0.46325777077168656,0.001360429661183039
loot_26.ply,loot.ply,Downscaling and Geometry Gaussian noise,4,4.166666666667,784142,431278,102.48148036003113,1.9118614196777344,0.9929866760482575,0.9994110403590356,0.9993721225604445,0.7915478867838008,0.8259035973585157,0.8272940153485959,0.954471756897163,0.9560827750247562,0.9619693135116854,0.8003608704654205,0.820786863875043,0.6891694626571929,0.9036284310322111,0.4698554282096605,0.4689791967147867,0.41520517627486364,0.09587533459576839,0.3372072438928879,0.9595706147817676,0.4783049318689512,0.4843768257394654,0.4344991701845685,0.24364350207685953,0.15108564186026607,0.7346589123131998,0.6985202885690066,0.27565511163043255,0.999778381741447,0.9999543405634423,0.9536979668565294,0.5283006528831432,0.5737146161274974,0.945187320774714,0.9156365320526204,0.3455196008724279,0.4553420194475,0.4291142090886884,0.5287006380577889,0.503623958053883,0.004314395145518828
loot_27.ply,loot.ply,Downscaling and Geometry Gaussian noise,4,2.376923076923,784142,313657,101.97707509994507,1.8937530517578125,0.9869854672416213,0.9988498252450373,0.9987289831438135,0.6557260244004194,0.7150813244304534,0.7198448920518347,0.9852826937795335,0.9796141396957065,0.9839915382152473,0.6656764577086748,0.696805906278472,0.5382173388387178,1.2985924147352692,0.6611254115904817,0.6593061135150217,0.6270223070868687,0.09587533459576839,0.3372072438928879,1.3450092977141594,0.6658693426695752,0.6854587037264139,0.6506673708705273,0.3335763055514295,0.30398784486938624,0.5897697233426689,0.5524999118479244,0.07600099888329423,0.9997951971643619,0.9999067710303532,0.9703545704900429,0.3046496746176245,0.37306636145786265,0.7885708592153355,0.8116833184027373,0.3203042158889597,0.20170067755248156,0.1723437559700224,0.4982056989917558,0.5349935984718867,0.024811936723737965
loot_28.ply,loot.ply,Downscaling and Geometry Gaussian noise,4,1.703846153846,784142,196036,101.75136923789978,1.8927078247070312,0.9819917936270149,0.9983637076070787,0.9981628300624154,0.5727842418025769,0.6441968509436742,0.6564534567890123,0.9914865074027069,0.9851285558147325,0.9888040560886009,0.5825524973989048,0.620761671424518,0.4560263446671548,1.6876869173656708,0.8567909585261597,0.8569366421123861,0.8174207099941896,0.09587533459576839,0.3372072438928879,1.7236330297171432,0.8620268904082414,0.8636865171605352,0.8903973291922974,0.42836196145091815,0.4700779448136083,0.4164364229372997,0.38613973054916395,0.04196007030108902,1.0002130185371756,1.000004904373732,0.9718397444158438,0.19396083303374087,0.21147543128411012,0.7446572634008058,0.7756043489708642,0.31452431739592757,0.18062441474967772,0.15091109997629706,0.48739231421696405,0.5461042006364737,0.0416417028164366
loot_29.ply,loot.ply,Downscaling and Geometry Gaussian noise,4,1.0,784142,78414,102.01220607757568,1.8718605041503906,0.9720162885617848,0.9974215131926057,0.9970275678367795,0.4548356822313987,0.5424802716635684,0.5667708571250096,0.9960530589017732,0.9882617600234986,0.9920199131015628,0.4638311151222296,0.5097829669223878,0.3472411015289795,2.70511584640987,1.373331764071001,1.3667703893342054,1.315925429645105,0.09587533459576839,0.3372072438928879,2.7256825456093097,1.370061590262531,1.3408618451827286,1.6126763034693918,0.7094953981189759,0.9850604223528676,0.19569541070721327,0.17947301856766723,0.015057915980446644,1.000035922753977,0.9999649310089347,0.9735689903614333,0.08062366728023182,0.0700868903525854,0.6917332044899035,0.7278301189495019,0.3119805772463282,0.16199700725416863,0.13207459840118924,0.4754483271957852,0.5539322459893501,0.07412633380609703
loot_30.ply,loot.ply,Geometry Gaussian noise,5,7.341666666667,784142,784142,103.40207552909851,1.9110908508300781,0.9989132190548566,0.9999058132013476,0.9998999477903711,0.9710891914175215,0.9704682366816957,0.9705511455870784,0.9029321135199054,0.9085206244799833,0.912616557540741,0.97346182516445,0.9750928759425617,0.9431001667886352,0.4290522654565535,0.2335006371205183,0.22660116780749082,0.1786220460608609,0.09587533459576839,0.3372072438928879,0.5851606793662678,0.24788814605576584,0.36812813032380354,0.1632091871180744,0.0999190009669352,0.025601652637225185,0.9766740837063014,0.9758894581436548,0.8354098259857959,0.9901408211811069,0.9895131721612196,0.9069583203469377,0.9402566473361126,0.9852068425339967,0.993155520290406,0.9566868410227318,0.4755411992680025,0.8378088653020689,0.8238718018251956,0.6320004803271204,0.35545863958032736,0.00038640666959284585
loot_31.ply,loot.ply,Geometry Gaussian noise,5,7.765306122449,784142,784142,105.04848790168762,1.9047927856445312,0.9983801210541254,0.9998597669629355,0.9998490342946584,0.9513350060077765,0.9520593204125447,0.9520040068134127,0.9239629366448227,0.9312870946190839,0.9369555161354783,0.9550452914031642,0.9578923634389737,0.9108788147049139,0.5982445341316286,0.31425345629050583,0.31135107238002935,0.27005594795238413,0.09587533459576839,0.3372072438928879,0.6954333475822448,0.32613507849181206,0.38840662874750265,0.21671002051381966,0.12984779155711587,0.04719428931684492,0.9673212930269329,0.9667531015679106,0.5989729484682371,0.9973578935480331,0.9973806376088509,0.9391850071696389,0.8517903715857462,0.9726699345650082,0.9744285559564285,0.94254102618664,0.41335273711982257,0.6069814565763508,0.5869588680739787,0.5826318147767385,0.4249315950881346,0.0012104996151440844
loot_32.ply,loot.ply,Geometry Gaussian noise,5,4.775,784142,784142,104.96945595741272,1.9022712707519531,0.9968299012861029,0.9997293110886918,0.9997044419953655,0.8967463724325475,0.9072429689105699,0.9075700126086391,0.9511110086020651,0.9540407428174996,0.9592321833581852,0.9026698252057616,0.9103305248069469,0.8305406491337546,0.7307787084273601,0.37516147771071534,0.37461355406209784,0.345779628549928,0.09587533459576839,0.3372072438928879,0.8089606262844108,0.38625471023842534,0.4417497570208327,0.2976290112332256,0.17009480501723032,0.09389840052831239,0.9543868208005587,0.9529166282602178,0.3088603682910356,0.9994103032719387,0.9992143018087037,0.9621961243468105,0.711050584482575,0.9471057154153105,0.9048340809543433,0.8984161222041759,0.35956966494414977,0.32708255485525206,0.30066325613136763,0.538911927338415,0.4857834415291914,0.004959490089360185
loot_33.ply,loot.ply,Geometry Gaussian noise,5,2.825,784142,784142,103.72589564323425,1.8790168762207031,0.990479118783818,0.999159098890523,0.9990558419224099,0.7311454465561483,0.7748839000726044,0.7779452326697276,0.9865490895513246,0.9803950450604525,0.9847142618895836,0.7402659603219267,0.7632352317378196,0.6235106486006192,0.9524959348897086,0.48093660075868755,0.4800863162734952,0.46789923234837016,0.09587533459576839,0.3372072438928879,1.0233348050326336,0.4893738201673565,0.5563733032550756,0.44545307391562866,0.22696246316806157,0.21552139421996663,0.9318747748004458,0.9125888211913811,0.10495202260755404,0.9999491037149453,0.9998887125787344,0.9781681639359308,0.5172011383920796,0.8324596554218827,0.6211037951798669,0.6590188436527661,0.3196357555288994,0.1397341651265635,0.11001939120221126,0.4813951874233708,0.5420784453291534,0.06727086535863347
loot_34.ply,loot.ply,Geometry Gaussian noise,5,2.492346938776,784142,784142,103.86710047721863,1.88702392578125,0.9865217766329137,0.9987895608017472,0.9986116562465994,0.653616831235415,0.711386323733353,0.7168196909004274,0.9933672605659879,0.9862961234125543,0.9901240208325417,0.6630172832225459,0.6926406073874157,0.5390981497100561,1.0529365181856385,0.5294919728701616,0.5295600784612723,0.5202815137937915,0.09587533459576839,0.3372072438928879,1.1188489733337763,0.5379633972862277,0.6030181604403647,0.5053273354708174,0.24539590115332413,0.2686536144131856,0.9086383290497935,0.876664032371028,0.07659832413505636,0.9997579927056751,0.9998938294301998,0.9811857945223339,0.454457921536746,0.7368043197307781,0.4765962914469695,0.5161999420515202,0.3141056101750582,0.11801946547068032,0.08805867665008829,0.45383633187361005,0.5597010341331582,0.14552269505857415
loot_35.ply,loot.ply,Geometry Gaussian noise,5,1.223076923077,784142,784142,104.14995551109314,1.8664398193359375,0.9782232990250588,0.9979784901028622,0.9976221668930247,0.5334879525190359,0.6094508841426695,0.6268363884058957,0.99810235838969,0.9895691006004067,0.9930127701377176,0.5429258469623253,0.5827567321129394,0.42010318026328314,1.2443052862504504,0.6232022209073137,0.6243215408331497,0.618975066547066,0.09587533459576839,0.3372072438928879,1.3027144813010898,0.6315097947746013,0.6928142381688076,0.5992488131508048,0.2773140089221048,0.3446545317500017,0.8244483596518503,0.7783088842125612,0.05011755941421546,1.000039624339913,0.999884393077286,0.9854487857841797,0.3605778523253822,0.5589637002773503,0.28285717742476335,0.32067978215089676,0.30656563816042864,0.10193626383786489,0.07162598307009772,0.39828467229754,0.607730584064771,0.37657805532225624
loot_36.ply,loot.ply,Color noise and Geometry Gaussian noise,6,8.344230769231,784142,784142,103.64715337753296,1.8918418884277344,0.9984767836255335,0.9995667298321522,0.9995196818828184,0.844457876732785,0.38468251322026115,0.36103274662119506,0.9143906131492838,0.9518556493958684,0.9576096017475085,0.7736738055404462,0.47979320810783266,0.7027169324444381,0.4291239972412073,0.23374001046072876,0.22680982900814806,0.17815866675377934,0.09587533459576839,0.3372072438928879,0.5852592122671438,0.24818539676967233,0.36788647313146366,0.16280816245283497,0.09957299428801268,0.025474258243439143,0.9767244374731089,0.9759491592777887,0.8358183758203557,0.9902709978334572,0.9896660585580935,0.9068550632121234,0.9404118126285742,0.9852137442178275,0.9931842130367798,0.9567841213198012,0.4761820011911497,0.8382079281198256,0.8243361118115423,0.6328510722427823,0.35380209128046264,0.00039528465186476673
loot_37.ply,loot.ply,Color noise and Geometry Gaussian noise,6,6.7,784142,784142,103.6443703174591,1.9046630859375,0.9950016234418102,0.9978944939855916,0.9976900844750575,0.4260463859846509,0.0377029022454992,0.03835568361484237,0.9590674690934939,0.9842313509928368,0.9877245280502697,0.29290470276806235,0.07602912923008208,0.257905312309471,0.597847524869939,0.314363243531174,0.3113290470691378,0.26966861823905863,0.09587533459576839,0.3372072438928879,0.6952823808107463,0.3258424161737513,0.3886489943965147,0.2161449433402738,0.12913694623890137,0.047720804925012204,0.9673953122543336,0.9668391241331291,0.6005330070991336,0.9972389892760264,0.997165440560086,0.9390032513128416,0.8523275512916494,0.972927413588495,0.9745881196033855,0.9426375331058061,0.41393519667622664,0.6086162157705409,0.5886877305076773,0.5832274315309967,0.4236195491805457,0.0011793164342115002
loot_38.ply,loot.ply,Color noise and Geometry Gaussian noise,6,4.25,784142,784142,104.5976014137268,1.8996047973632812,0.9920334229566871,0.996802747232912,0.9964815727884342,0.2914259118240856,0.01757030371437613,0.01867169095821828,0.9790309199936648,0.9878163235552133,0.9916201344962662,0.1796127733181641,0.039159792765302834,0.14962594558967907,0.7306386685496631,0.3750114425901222,0.3743252120406673,0.3458237449944002,0.09587533459576839,0.3372072438928879,0.8087847910860766,0.38607537597703573,0.44163375093950696,0.29757862714222777,0.16988310889309696,0.09404037983208191,0.9546502062136966,0.9529733022935605,0.30860040612098655,0.99926412789497,0.9992750101049308,0.9625591901843725,0.7109092225450581,0.9471024516992006,0.9046941681246674,0.8980141857588585,0.36181438438844976,0.3268541978517138,0.3005923206221881,0.5411473651404538,0.4833842495343897,0.004967356935764993
loot_39.ply,loot.ply,Color noise and Geometry Gaussian noise,6,2.758333333333,784142,784142,103.91303253173828,1.8932342529296875,0.9854187800800561,0.9953836056743786,0.9948913330210716,0.19559178755055903,0.009472744487888977,0.010191223035709941,0.9950244802728263,0.9902579457393534,0.9936995834848534,0.11147512766482119,0.02196259242055766,0.08715015598230803,0.9506855827105628,0.4806841875843383,0.4791804165258244,0.46579318872345327,0.09587533459576839,0.3372072438928879,1.021520308556202,0.48834692896525217,0.554325332258609,0.44367181891389296,0.22542710746718056,0.2159090728562968,0.9315064450327317,0.9129032473795822,0.10499896865482108,0.9998303660742983,0.9996894612747437,0.977627768654688,0.5171092716712156,0.8322594559080585,0.6219489892217319,0.6579934878334033,0.3221405281693243,0.13981682937046302,0.11022800009445545,0.4837223497506807,0.5390275559843192,0.06642846640633226
loot_40.ply,loot.ply,Color noise and Geometry Gaussian noise,6,1.934615384615,784142,784142,103.67205905914307,1.9065818786621094,0.9798582416547962,0.993975770521353,0.9932678961298369,0.1386731914552329,0.005630836006406623,0.006272744450513023,0.998047634122612,0.990369871371647,0.9940300703325308,0.07388716990906664,0.013729041200855854,0.054659239096962686,1.0539780968784291,0.5305803152804004,0.5307876178128759,0.5198282613832629,0.09587533459576839,0.3372072438928879,1.1200390545320473,0.5390052552744852,0.6022444810674298,0.50439792061777,0.24472253270678224,0.26918334121687987,0.9083848460702802,0.8764831115442989,0.07645165068657797,0.9998731500627922,0.9999179524229378,0.9811564958138393,0.45406770827656984,0.7361969037407604,0.4752160296435234,0.5143404760238475,0.31393612121681425,0.11793380392480982,0.0879505084380847,0.45356576660282194,0.5603746985666332,0.14862274678562643
loot_41.ply,loot.ply,Color noise and Geometry Gaussian noise,6,1.2,784142,784142,103.56323099136353,1.8908615112304688,0.9704244552178078,0.9922049567248016,0.9912806858620858,0.09995883802162234,0.0036339163256245994,0.004101363238445989,0.9992068445926611,0.9912420551747644,0.9942147371106709,0.05079444208495437,0.00908362208928638,0.03574885511694229,1.244812517256907,0.6238121547773209,0.6239975477230357,0.6198123031845831,0.09587533459576839,0.3372072438928879,1.3026884023521932,0.6312369817413704,0.6925932875304709,0.5992904580684262,0.2769949798095761,0.34519743624492183,0.8243272238711438,0.7787149799605475,0.05004922481658822,0.9999442445845885,0.9996171043988265,0.98542673332152,0.3605676807345024,0.55893364476779,0.28279621542457734,0.31921111290826104,0.30785423396609174,0.10187912993090006,0.07160549363898301,0.3981701634614056,0.6052674099891033,0.38025550654238865
soldier_0.ply,soldier.ply,Octree-based compression,0,8.3203125,1059810,893535,139.98166632652283,2.5710716247558594,0.9946900590248072,0.9993420396687797,0.9992197220146855,0.9254248319623065,0.8319991783458228,0.8520112324217293,0.8344105642224813,0.8648826260185373,0.871845151100767,0.9257023895510701,0.8907154204215038,0.8974358092111551,0.2566710708072039,0.1269839550333321,0.13160967390046335,0.12307567777701842,0.09434925939081422,0.3622246297030556,0.5611126578565009,0.2017030332518453,0.3935565187321061,0.32724727951062266,0.18633147428787356,0.0927338783787603,0.9285274269650334,0.9025509763539954,0.8053866143225824,0.9343327482240407,0.9327888063359548,0.8129421040887566,0.8799123729710617,0.8714747247630998,0.9927407207401806,0.9377340954660813,0.413970170084993,0.8692461696890389,0.8527117919475978,0.5823061382236414,0.43074008829134214,0.0015197396842674747
soldier_1.ply,soldier.ply,Octree-based compression,0,5.783333333333,1059810,729863,139.37644696235657,2.5552101135253906,0.9925283929420525,0.99928105951322,0.9991491252449214,0.8713362718612611,0.8084209788543703,0.8358092932367986,0.9145771837111469,0.9327168577423293,0.9353220898176372,0.8723384962588435,0.8568852053013435,0.8298503944753359,0.5037580397853704,0.25013290566350854,0.2569945504242102,0.2424602508149227,0.09434925939081422,0.3622246297030556,0.7242326415819402,0.3051990262952674,0.4439789296695581,0.3318104561778086,0.171324268921469,0.15916405668185563,0.8367513436535309,0.8054583708274177,0.625818650723929,0.9975693994638808,0.9979140913980773,0.9102998530942173,0.7513677912140587,0.7231872525121339,0.9874308271318077,0.9400128086762997,0.397870559042102,0.7809708275129631,0.7621292249340212,0.568303245551774,0.4452972109777762,0.002845407226009359
soldier_2.ply,soldier.ply,Octree-based compression,0,5.832692307692,1059810,590820,141.14406514167786,2.5724639892578125,0.9894846950885196,0.9991676165834067,0.9990485864881062,0.8165898435586626,0.7810394971254035,0.8133302324855527,0.9254899287803787,0.9418125576893555,0.9433917977557343,0.8182648359427622,0.8188981891136657,0.7648678998758803,0.701820041967949,0.35190562642204565,0.36125795989376797,0.33297940572414053,0.09434925939081422,0.3622246297030556,0.8548602397107401,0.39298701307733946,0.47731954738330284,0.3744185687085749,0.17932994200419564,0.19869702985990023,0.7411089789361062,0.7058654813434917,0.49189798838966603,0.9982646431781017,0.9974953639926802,0.918169070375313,0.6377751734762627,0.5875262270316917,0.9825505042225621,0.9383401905759581,0.36999601764452505,0.7248795963412701,0.7019515549869936,0.5437690098529165,0.4802005428858122,0.003948703669656162
soldier_3.ply,soldier.ply,Octree-based compression,0,6.175,1059810,424062,140.67286801338196,2.5972251892089844,0.9842429561867819,0.9989426961082524,0.9988519896208745,0.7408300470688384,0.7374687558827487,0.7733207980061688,0.9404506411047017,0.9528123781097123,0.9529790799246961,0.7431380731232461,0.7619678127218518,0.6802093163131103,0.93837188038114,0.47941860555987575,0.4872898438736883,0.43527593919922813,0.09434925939081422,0.3622246297030556,1.0225127968835932,0.5007310878770455,0.5231395823686347,0.42973066178071284,0.1861200477675326,0.26491350843465716,0.5980881170528275,0.5657517712570073,0.33905961878401913,0.9998514192741913,0.9994447234305408,0.9217063573298832,0.4872737356261879,0.41388651422710193,0.9753754444641295,0.9421226668290509,0.36674893880285564,0.6629759883142835,0.638170965025177,0.5432251697598504,0.4803287727105823,0.005217723962418617
soldier_4.ply,soldier.ply,Octree-based compression,0,5.083333333333,1059810,258985,140.0322699546814,2.5335731506347656,0.976295558196896,0.9985523189378206,0.9985224390345139,0.6563302851742937,0.6792815404415532,0.7169434601757494,0.9600976204374355,0.9663967170841105,0.9650360943795315,0.6587429043201433,0.691265514780198,0.592359005087903,1.1725449800377543,0.6034819368919773,0.610456116390276,0.5433881466906554,0.09434925939081422,0.3622246297030556,1.220215149030315,0.6124953156878299,0.6092525807855903,0.7383672018021884,0.28853864103379184,0.5100434248561626,0.42298025774184494,0.39628031945312814,0.2147266029724322,0.9995837592306335,1.0001693828585085,0.9240997629243313,0.3283099277807436,0.24040669217114735,0.9665099587515132,0.9279957923588397,0.3448751693765287,0.6383399230072605,0.6115596732447522,0.5221699590427997,0.5084004874627202,0.011466820645880317
soldier_5.ply,soldier.ply,Octree-based compression,0,3.835459183673,1059810,112353,140.1260051727295,2.539379119873047,0.9633982959086982,0.9978259983343365,0.9978747101106533,0.5598019262900406,0.5960827409501355,0.632951147205898,0.9805664749670334,0.9801477566475707,0.977331843345467,0.5617414302639098,0.5981036673713096,0.4987716059165854,1.6130752854584884,0.8171735007302952,0.8167731032175832,0.7911035176784351,0.09434925939081422,0.3622246297030556,1.6621624538679296,0.8211085837377557,0.8562505350978171,1.2453789239057813,0.3897118525359158,0.99063107977033,0.21840225513665015,0.20214296002114,0.0788425465518782,1.0000840525927903,0.9997873961833333,0.9368368432732043,0.14804206940851183,0.09168611135375715,0.9347541948862734,0.9176150871620654,0.3320691892312658,0.5247623747237052,0.49558928135775027,0.509795729963876,0.5207093859856983,0.026760592762888617
soldier_6.ply,soldier.ply,Color Noise,1,9.583333333333,1059810,1059810,138.32319688796997,2.578399658203125,0.9993143866302986,0.9995722236208148,0.9995667895253877,0.9547163453613083,0.46556773594393563,0.41142501203107484,0.03912661957199073,0.4596295565218152,0.5022592968150622,0.9191347446322529,0.5622773247263488,0.9151107537618052,0.0,0.0,0.0,0.0,0.09434925939081422,0.3622246297030556,0.40882735158527683,0.09434925939081422,0.3622246297030556,2.7105674231070988e-14,1.396907986495836e-14,1.243800691892396e-14,1.0,1.0,1.0,9.28351120902663e-17,9.814402856369456e-17,7.001976196922168e-17,1.0,1.0,1.0,1.0,1.0,1.0,1.0,0.9969522838999443,0.00304771610005567,1.1515181545359176e-17
soldier_7.ply,soldier.ply,Color Noise,1,6.950255102041,1059810,1059810,139.01237392425537,2.6115798950195312,0.9965051729681411,0.9978259143990571,0.9977825974002764,0.6669746697793012,0.04639756414261775,0.037049715980199883,0.29194801713351143,0.8646590840968644,0.8791521486202099,0.5043868637445198,0.1037875342078278,0.48571931982483757,0.0,0.0,0.0,0.0,0.09434925939081422,0.3622246297030556,0.40882735158527683,0.09434925939081422,0.3622246297030556,2.7105674231070988e-14,1.396907986495836e-14,1.243800691892396e-14,1.0,1.0,1.0,9.28351120902663e-17,9.814402856369456e-17,7.001976196922168e-17,1.0,1.0,1.0,1.0,1.0,1.0,1.0,0.9969522838999443,0.00304771610005567,1.1515181545359176e-17
soldier_8.ply,soldier.ply,Color Noise,1,5.813461538462,1059810,1059810,139.30815768241882,2.5616111755371094,0.9946330379128331,0.9966506988731998,0.9966069962560162,0.516572783659033,0.020773175066378963,0.016620325977481375,0.418318326779103,0.9102532797577787,0.919765177013752,0.3453957235678371,0.055076595780955695,0.31868973266103057,0.0,0.0,0.0,0.0,0.09434925939081422,0.3622246297030556,0.40882735158527683,0.09434925939081422,0.3622246297030556,2.7105674231070988e-14,1.396907986495836e-14,1.243800691892396e-14,1.0,1.0,1.0,9.28351120902663e-17,9.814402856369456e-17,7.001976196922168e-17,1.0,1.0,1.0,1.0,1.0,1.0,1.0,0.9969522838999443,0.00304771610005567,1.1515181545359176e-17
soldier_9.ply,soldier.ply,Color Noise,1,6.069230769231,1059810,1059810,139.7471160888672,2.6012420654296875,0.992531396994414,0.9953480601452769,0.9952760507210402,0.39250128747458524,0.010877283008040748,0.008736681975482264,0.5228224771726323,0.9347676119226204,0.9415598841054337,0.23653609253994382,0.03217793688162425,0.2081434764783903,0.0,0.0,0.0,0.0,0.09434925939081422,0.3622246297030556,0.40882735158527683,0.09434925939081422,0.3622246297030556,2.7105674231070988e-14,1.396907986495836e-14,1.243800691892396e-14,1.0,1.0,1.0,9.28351120902663e-17,9.814402856369456e-17,7.001976196922168e-17,1.0,1.0,1.0,1.0,1.0,1.0,1.0,0.9969522838999443,0.00304771610005567,1.1515181545359176e-17
soldier_10.ply,soldier.ply,Color Noise,1,4.516666666667,1059810,1059810,140.05464434623718,2.578033447265625,0.9901940724741268,0.9939212855479274,0.9938019809775716,0.29699718048577717,0.006377928462092377,0.005140500611675274,0.6055979263057709,0.9494092914601754,0.9548479790412158,0.16454720072301904,0.020230832222912446,0.13816419628253246,0.0,0.0,0.0,0.0,0.09434925939081422,0.3622246297030556,0.40882735158527683,0.09434925939081422,0.3622246297030556,2.7105674231070988e-14,1.396907986495836e-14,1.243800691892396e-14,1.0,1.0,1.0,9.28351120902663e-17,9.814402856369456e-17,7.001976196922168e-17,1.0,1.0,1.0,1.0,1.0,1.0,1.0,0.9969522838999443,0.00304771610005567,1.1515181545359176e-17
soldier_11.ply,soldier.ply,Color Noise,1,3.90943877551,1059810,1059810,139.21139574050903,2.604217529296875,0.9876289460252249,0.9923787543251963,0.9922096186678888,0.22644476360166124,0.004055366875238323,0.003273555419752291,0.6705173987267125,0.9591343743715862,0.9631980786953822,0.11729091092052338,0.013481480561469061,0.09425861164510597,0.0,0.0,0.0,0.0,0.09434925939081422,0.3622246297030556,0.40882735158527683,0.09434925939081422,0.3622246297030556,2.7105674231070988e-14,1.396907986495836e-14,1.243800691892396e-14,1.0,1.0,1.0,9.28351120902663e-17,9.814402856369456e-17,7.001976196922168e-17,1.0,1.0,1.0,1.0,1.0,1.0,1.0,0.9969522838999443,0.00304771610005567,1.1515181545359176e-17
soldier_12.ply,soldier.ply,Downscaling,2,7.615384615385,1059810,900839,139.8809096813202,2.570545196533203,0.9965319884298384,0.9997899195301232,0.9998143049996757,0.9367540953498954,0.9454372956633152,0.9442340877136163,0.9199449417943507,0.9195351982364769,0.918719753005517,0.9381233386015934,0.9481493000052446,0.9124977943508296,0.15013443813096386,0.08419099039871439,0.08179916015903076,0.055483727797190976,0.09434925939081422,0.3622246297030556,0.48943016956108065,0.15921175937869067,0.3596865190596732,0.1879551443222589,0.11406699889224517,0.038065725021205164,0.9351268231320791,0.9051322961026311,0.943277199196121,1.011837806848349,1.0135528247960892,0.8851949711217455,0.9304386041371601,0.8733715720889035,0.9977636330873434,0.9484168723523912,0.4278664970490988,0.9433257675628733,0.9456748386145034,0.5936094832473047,0.4136860693834617,0.0003868831550891202
soldier_13.ply,soldier.ply,Downscaling,2,8.5234375,1059810,741867,140.10454869270325,2.5870437622070312,0.9935145596640221,0.9996152792925659,0.9996626768724026,0.8778218649430728,0.9016591460637416,0.8989739516042267,0.9206980134150221,0.930461962371117,0.9298316979583818,0.8800375184013377,0.8998013214237491,0.8373543868723483,0.30220739126625784,0.169638370969593,0.16515060020831066,0.11132613273837336,0.09434925939081422,0.3622246297030556,0.5739591336648656,0.22673405690537038,0.35734458366586813,0.2693650739540428,0.1537997720672453,0.08030142619510448,0.8436953375190027,0.8134701566305325,0.8829614536853263,1.0034985719112492,1.003564910099419,0.8998382352739429,0.8471565160554988,0.7344156309989849,0.9962056033176857,0.9417425093442577,0.4110462480836694,0.8997894388494602,0.9041114337059802,0.5792250258468312,0.43122026997125695,0.0008692836114057687
soldier_14.ply,soldier.ply,Downscaling,2,7.688775510204,1059810,582896,138.505797624588,2.5449142456054688,0.9895653114172269,0.9993944320175181,0.9994674085676565,0.8102977712467332,0.8506364796348576,0.8471217527001399,0.9258961467248976,0.9376752756858258,0.9363234240188613,0.8130917486514607,0.8428014461545067,0.7570784483884999,0.462301275829794,0.26052527218401045,0.25404696589949144,0.16855121420929042,0.09434925939081422,0.3622246297030556,0.6680048230866317,0.30120579538919456,0.3551107251757707,0.3765226041916342,0.204178890918532,0.14394574975430188,0.7350179459497632,0.702177112007477,0.7928291608569095,0.9991953215323607,0.9989026662092998,0.8973401656315615,0.7415642140889831,0.5818489294933522,0.9939493197864356,0.9313341802096174,0.3758173043815732,0.8517888220785981,0.855788435035775,0.5505958256077176,0.4731821554360563,0.0017929604786443513
soldier_15.ply,soldier.ply,Downscaling,2,5.623076923077,1059810,423924,139.42275619506836,2.6207618713378906,0.9842261485065333,0.999097018176586,0.9992031367605093,0.7340792586487094,0.790446326547169,0.7855605098754254,0.9404987762026288,0.9498329679475539,0.9478925812339677,0.7371227102481508,0.7751584085933616,0.6719178882215417,0.6459515290099137,0.3670094346565337,0.35969683191233587,0.2275601985244903,0.09434925939081422,0.3622246297030556,0.7870992637057331,0.3935968886505854,0.3529872631632485,0.5303203288917704,0.26807948397396614,0.24760458215483758,0.6009444793070545,0.5693578250407071,0.6558821629068174,1.000056120092313,0.9999512415240646,0.8979653876571293,0.6033669145414459,0.4186976652123897,0.9901106419256089,0.9228556137110872,0.35492988876965104,0.7992755310058745,0.8001667555198139,0.5346898138978675,0.49544730411869603,0.0039029568509432754
soldier_16.ply,soldier.ply,Downscaling,2,4.1171875,1059810,264953,139.0117416381836,2.539112091064453,0.9766045198707412,0.9986615894957689,0.9988120093689694,0.6449540737417154,0.7135290322115441,0.7077069926366004,0.9600897308881268,0.9648133495726267,0.9621754901604472,0.647733318229956,0.6895420266234095,0.5790174635042005,0.8981366714439748,0.5194338307555227,0.511908455312652,0.2923210900670755,0.09434925939081422,0.3622246297030556,0.9745563812162813,0.5329283063022419,0.3493142285204985,0.8096745727400322,0.37381653561927763,0.45159068291361215,0.4324973638852419,0.4061931226373016,0.453151485205992,0.9999572162856958,0.9999797580754163,0.9045914665463954,0.41921573153145897,0.25037124639249725,0.9812254009870007,0.9129540071492054,0.3403206509377507,0.7316925855651731,0.7260524331593458,0.522888881042646,0.5095152275588422,0.009299047525356482
soldier_17.ply,soldier.ply,Downscaling,2,1.934615384615,1059810,105981,140.58194637298584,2.5413475036621094,0.96242130416277,0.9977933518364098,0.9980097894235685,0.5248246909896991,0.5934359779600542,0.5842175901556776,0.982748440962249,0.9815543337226196,0.9781773050267067,0.5266019562856256,0.5611752037479991,0.46240000684957266,1.4698997135436789,0.8863794447254297,0.8736997434565176,0.3716291495933691,0.09434925939081422,0.3622246297030556,1.482610636398991,0.8821929184616127,0.3443678919499264,1.6323665167487025,0.6639601362916261,1.076345821345719,0.21203208215513752,0.19621666621554545,0.16837434052657077,1.0002963869843995,1.0001460240877234,0.9262328049820705,0.1760002604303104,0.08844896083024746,0.949707949694416,0.8895924520753065,0.3186571566380712,0.6192049913249577,0.6024591814205938,0.5009261472809594,0.5339297770145552,0.029269764993366237
soldier_18.ply,soldier.ply,Downscaling and Color noise,3,9.178571428571,1059810,900839,139.38672828674316,2.5922775268554688,0.9964370571791586,0.9995137573449239,0.9995127786594005,0.9042220690530859,0.45813602059049396,0.4019713104870091,0.9221977853234925,0.9529203165096989,0.9547197041470852,0.8739081787841909,0.544566920181319,0.8546839425390994,0.15012965714280027,0.08447785726339661,0.08158555217390162,0.05537043061626598,0.09434925939081422,0.3622246297030556,0.48959863365700923,0.1589829938357243,0.3598119170266985,0.1881077226143648,0.11420013935381323,0.037789193477483614,0.935106848971797,0.9051591306813355,0.9433806362940228,1.0117486777857645,1.0134131528674846,0.8850513421139605,0.9304137585036221,0.8733673207786693,0.9977741964733549,0.9483999881607093,0.4278219657030346,0.9434240872941017,0.9457638600375102,0.5937982176753986,0.41334540976081524,0.0003840678582235464
soldier_19.ply,soldier.ply,Downscaling and Color noise,3,8.1328125,1059810,741867,142.35053896903992,2.5861473083496094,0.9924275677469447,0.9977889769416146,0.9977639705284048,0.6227772424084853,0.04630982197034944,0.036812054402073045,0.9402093663849237,0.9851010027331931,0.983217559552094,0.4799834114984909,0.10040525946502164,0.4555477791158204,0.30215237667583517,0.16949108051206907,0.16518191604272428,0.1113736736978602,0.09434925939081422,0.3622246297030556,0.5740858481191228,0.22699781638504807,0.3574478841633925,0.2686643833364869,0.1537961485860439,0.08022635873393165,0.8437492609511543,0.8133221507241779,0.8827892910450007,1.003456907548775,1.0034018288680377,0.8995906283954003,0.8471740255658451,0.7343431156531626,0.9962134885240367,0.9417572204822653,0.41012832911246855,0.8996542701260757,0.9041050235278292,0.5784419054213328,0.43249370323557507,0.0008319804677300989
soldier_20.ply,soldier.ply,Downscaling and Color noise,3,5.765625,1059810,582896,141.81975626945496,2.5721588134765625,0.9880259928632753,0.9965717160829418,0.99652099856186,0.47471379057330554,0.020566467805014203,0.01654404576094756,0.9517403037529575,0.9886828317455386,0.9864421302496249,0.326436369082544,0.052822241478708266,0.2968756839120241,0.46243949931370504,0.26069511740728196,0.2541090061607181,0.16855591980946838,0.09434925939081422,0.3622246297030556,0.6679169788193683,0.30130104374732203,0.35483208923446,0.3760447196747086,0.20353453824065582,0.14340942494591408,0.7349974646660237,0.7022198550753905,0.7933425394718825,0.9991760923420743,0.9987449409288969,0.8973803959824482,0.741749461632903,0.5818393896630916,0.9939662791628905,0.9311046009592298,0.3747121191671041,0.8512786937652871,0.8553800263255475,0.5500827552615835,0.4739051735878791,0.0018228053815000536
soldier_21.ply,soldier.ply,Downscaling and Color noise,3,4.463461538462,1059810,423924,140.93008542060852,2.578105926513672,0.9822643642188945,0.9952806169317329,0.9952381503083796,0.3566097104402947,0.010792671247407546,0.0086816776150198,0.9656969117499852,0.9906676213252142,0.9881675805254595,0.22312522959526906,0.03074770345060665,0.19382824278309133,0.6457405559195674,0.36637622404401965,0.3600166641292916,0.22781435785846096,0.09434925939081422,0.3622246297030556,0.7865235771270949,0.3938554679728651,0.35246834865332827,0.531754340828765,0.2694247061158831,0.2473856609198763,0.6007915097242144,0.5694985477468283,0.657146790802273,1.0002679053824963,0.9998922157763701,0.8980909329514352,0.6037216987289313,0.41871942361221837,0.9901340798106947,0.9229092464513291,0.3558880746043902,0.7983830727189216,0.7991790492080975,0.5357622371947302,0.49349603098589384,0.003940771331833833
soldier_22.ply,soldier.ply,Downscaling and Color noise,3,3.1640625,1059810,264953,138.60015416145325,2.5570602416992188,0.9741027669083404,0.9936446755168896,0.9937077710401278,0.2686226777547265,0.00633942320374022,0.0051060935672237445,0.9788900091129448,0.9924046888510919,0.9895036337637355,0.1555193240569862,0.019347436757259723,0.12918601265592403,0.8982585760705744,0.519269906733448,0.5126068145149921,0.2919580649597021,0.09434925939081422,0.3622246297030556,0.9750396784811607,0.5339131666386162,0.34900674562319817,0.8137156255245991,0.3769227037373787,0.45099258928863933,0.4326124816634151,0.40607824347197896,0.45296148146374277,1.000191064355294,0.9999216035897507,0.9046547990215842,0.4191798103690391,0.25039368113287325,0.9813144111850959,0.9126756923744271,0.3384443839878832,0.731652713806364,0.7262503408589935,0.5214353806582256,0.5119060990099549,0.00909177274670907
soldier_23.ply,soldier.ply,Downscaling and Color noise,3,1.491666666667,1059810,105981,139.16456508636475,2.5354385375976562,0.960128667169523,0.9920258414977396,0.9918859827842541,0.2024663584814651,0.004039624797599469,0.0032795181393789606,0.9912250640892798,0.9932927491399726,0.9905411157095856,0.11061396670718106,0.012833387109269203,0.08823112512130317,1.468017779528766,0.8856171599156509,0.8717769357657787,0.37116342243606737,0.09434925939081422,0.3622246297030556,1.4803626772884568,0.8802124477184144,0.3432646059031651,1.6248665962586177,0.6598481486254297,1.073908085936074,0.21194451373960482,0.19604349693187662,0.16921508532840487,1.0002881387399638,1.0000204772027441,0.9265331522475971,0.17621618456800575,0.08837709725365073,0.9497378216012443,0.8894594818585961,0.31840114935967484,0.6189106676009086,0.60232233844507,0.5006062501676146,0.5333484419968375,0.02941012120152461
soldier_24.ply,soldier.ply,Downscaling and Geometry Gaussian noise,4,7.816666666667,1059810,900839,140.77580094337463,2.5978775024414062,0.99621654632431,0.9997710754475072,0.9997981709510193,0.9287549746710538,0.9398498183541067,0.9379615462029735,0.9147511630485824,0.9210360054941242,0.9202712534560524,0.9302782965956441,0.9416818608971271,0.9020761409359055,0.505442227579942,0.2704392864777361,0.2659326826595576,0.2186351594136747,0.09434925939081422,0.3622246297030556,0.6499519735173547,0.2843314208477259,0.39249242777892474,0.22218291930018313,0.1337009918631405,0.047777444107798064,0.9340201625536658,0.9071056511698212,0.7867265223722009,0.9991498020185281,0.9987760187996217,0.9056358253257657,0.8730714982445666,0.8749283689795065,0.9926106531610646,0.9468806527320381,0.42926005411920026,0.8592154555734038,0.8430313151622821,0.5942946998347967,0.41020798768255584,0.0006865579078302196
soldier_25.ply,soldier.ply,Downscaling and Geometry Gaussian noise,4,5.833333333333,1059810,741867,139.50254893302917,2.5713882446289062,0.9927697399389074,0.999574749723594,0.99962521821229,0.8569931692469892,0.8869801464888737,0.8837994388932964,0.9285120635645284,0.9377078814569523,0.936536988239924,0.8594230048701824,0.8818750594290383,0.8125399012719635,0.7150554829628819,0.376607885108811,0.37380741746563756,0.32066791976655057,0.09434925939081422,0.3622246297030556,0.8001082276690655,0.385622279530146,0.42602720249692855,0.3212751486785543,0.18366620411715534,0.09959345493504505,0.84556431903846,0.8137283244729141,0.5228187649348528,0.9994558764185651,0.9994747493449064,0.9263364827178446,0.7135042144847082,0.7342888074060552,0.9762536157094577,0.9339067251129922,0.38611442421962006,0.6707333861939473,0.6483792581242389,0.5602455362479193,0.45812282391971826,0.0019094103673003586
soldier_26.ply,soldier.ply,Downscaling and Geometry Gaussian noise,4,4.5546875,1059810,582896,141.5908558368683,2.5410385131835938,0.9875151989013979,0.9992742105862018,0.9993589439178852,0.7627283723448152,0.8153075214056366,0.8099157114331494,0.9516629629945994,0.9576219779430981,0.9556994273488804,0.7656800793327636,0.7993464331626484,0.7043168560587036,0.9310592300371433,0.48161966135113815,0.4802555208737398,0.4338400800154219,0.09434925939081422,0.3622246297030556,0.9971954445454608,0.4890242583123302,0.5178372560941308,0.45390471152625494,0.24353468815354415,0.18526155977546704,0.7370253675054069,0.7017681674072076,0.2508014830111817,0.9998708264514229,0.9995237228267051,0.9456697642443558,0.5157343829117036,0.5713398109092114,0.925454406215885,0.9066826718498844,0.35335903029700794,0.42014672009718224,0.3917586988162347,0.5331711243133236,0.49436999271585597,0.006083026106401095
soldier_27.ply,soldier.ply,Downscaling and Geometry Gaussian noise,4,1.7265625,1059810,423924,141.29705500602722,2.59942626953125,0.9766133066694506,0.9986506581041308,0.9987900166288224,0.6180356567392195,0.6891649598121223,0.6797215427801725,0.9827726492467026,0.9817155161008344,0.978835777392969,0.6204463891841012,0.6581783026168321,0.5537946036915957,1.3458689895080793,0.6821590954312328,0.6817084014547737,0.6546924594674567,0.09434925939081422,0.3622246297030556,1.3987351721781536,0.6879365491360835,0.7231648192011502,0.6929144147891604,0.3395135308944576,0.35895583101893713,0.5894176012512565,0.5520188004926564,0.07307663998562637,0.9999480684402694,0.9998623721213379,0.966917059225948,0.3001508135590745,0.36088818121108657,0.7270715234786561,0.757116199050763,0.32414725154483065,0.19868898435891527,0.1654238639800619,0.49373720767524865,0.5348317122411455,0.039793142555597065
soldier_28.ply,soldier.ply,Downscaling and Geometry Gaussian noise,4,1.781887755102,1059810,264953,140.64784455299377,2.5222816467285156,0.9680819844071793,0.9981373206117563,0.9983106179088755,0.5428876732040239,0.6114199397927255,0.6009305495122698,0.9897698285043803,0.9867923241793897,0.9836940487146583,0.5447032690614397,0.5773323662914244,0.4808047013204672,1.7442024215563596,0.8851612882229422,0.8824990609966604,0.8483769980733485,0.09434925939081422,0.3622246297030556,1.7847100467767048,0.8874079694397375,0.9005462170000139,0.9592531597601877,0.44241033458120266,0.5495488450514316,0.41805310154676834,0.387710446208857,0.04095245435424109,0.999964114054752,0.9998240455926137,0.9688297518018263,0.19240971738332005,0.2043916137448884,0.6721174249961435,0.7073722204016168,0.3196470514218329,0.17972109576017423,0.14596259384155724,0.482247897497588,0.5435576968128812,0.06545501847603728
soldier_29.ply,soldier.ply,Downscaling and Geometry Gaussian noise,4,1.0,1059810,105981,140.08654117584229,2.5572967529296875,0.9530179786948785,0.9971870917739211,0.9973929156006074,0.4504189251505435,0.5056995680442501,0.4902384184098002,0.9959597843274223,0.9913941639495119,0.9884203008898176,0.45159242492061313,0.4723211887931255,0.3922057847530316,2.785183990111781,1.4057967779061005,1.4035830136321341,1.3681797432124443,0.09434925939081422,0.3622246297030556,2.8081327341983298,1.406854260779244,1.3966123806006296,1.7291654042456919,0.72609231215307,1.111719355937781,0.19961850965493,0.18273204120452072,0.014946017402625618,0.9999101740194989,1.0000299010464493,0.9731097058763687,0.08115211945927919,0.06816550395633696,0.5964834427488693,0.6360630278293034,0.3113078731808637,0.1621343041522577,0.12787960043407215,0.4621111846889854,0.5620238074245945,0.1268896296665347
soldier_30.ply,soldier.ply,Geometry Gaussian noise,5,7.825,1059810,1059810,142.82980179786682,2.5662879943847656,0.9981952661299036,0.9998869629337016,0.999899646720587,0.9682587162944228,0.970062555981191,0.9693040408806743,0.9046136761357872,0.9084811651684113,0.9076734363842381,0.9691536770734226,0.9742150389038685,0.9549631481768219,0.44616449206539893,0.235649146021875,0.23214077647175402,0.19883866275824208,0.09434925939081422,0.3622246297030556,0.6114253500897289,0.2526440235844377,0.3968363891939334,0.16373992204148757,0.09938709534516395,0.029349190494864223,0.9763905860690595,0.9757456540535456,0.8186806061252324,0.9901951169679185,0.9896951804941111,0.898769407537138,0.9359749339645503,0.9848277895526824,0.9911459198383797,0.9564677140964114,0.4798832738202431,0.8217276328132218,0.8069177020801569,0.6340774350692844,0.3522418598977178,0.0004923015048846127
soldier_31.ply,soldier.ply,Geometry Gaussian noise,5,7.6640625,1059810,1059810,142.4501678943634,2.593505859375,0.9972909132314782,0.999830769344463,0.9998499309993796,0.9452679196613049,0.9509542426381968,0.9497056455856818,0.9242888999849531,0.9314564224982838,0.9305125427476993,0.9466922054715179,0.9553302453020324,0.9242929077526737,0.618668378119224,0.321995400951822,0.31950595260139775,0.2856974859778625,0.09434925939081422,0.3622246297030556,0.725092777187182,0.33341467493685595,0.4167056685494475,0.21941837512867474,0.1297301376722486,0.05437591458090304,0.9667626318259918,0.9662508336116645,0.5718980625827986,0.9978157031260406,0.9972319572615737,0.9327655323777356,0.8416335567247444,0.9719390290077259,0.9667397459064554,0.9401383890101394,0.41658866825094437,0.5818699006924797,0.5600816041239718,0.5840778570864822,0.4227970515184498,0.0015018728506022846
soldier_32.ply,soldier.ply,Geometry Gaussian noise,5,4.334615384615,1059810,1059810,140.96053814888,2.5842132568359375,0.9945691712572936,0.9996739769004058,0.9997114267685344,0.8784950868980954,0.9027575575071457,0.8997555289622561,0.9508352017817052,0.9557479898228118,0.9537521309946502,0.8808045396036728,0.900102209565175,0.8405286904196438,0.754574007744321,0.3857833929571497,0.3852538627516303,0.36039802344907795,0.09434925939081422,0.3622246297030556,0.8445146339300473,0.39637448085879123,0.4734823860807888,0.3066416076158038,0.1709467874224157,0.10910640188218844,0.9541167004727047,0.9518207774780796,0.2921579034023744,0.999251235985877,0.9993062075154223,0.9578752549712546,0.6994476844303187,0.9424036787405659,0.8773887505164624,0.8794038824184739,0.36557737677022123,0.3143193778581305,0.2850017265745818,0.5410118680783695,0.4809393593010415,0.006870248944300867
soldier_33.ply,soldier.ply,Geometry Gaussian noise,5,2.280769230769,1059810,1059810,140.90917468070984,2.564197540283203,0.9831769619237751,0.9990238812262379,0.9991241172342784,0.6910413102738923,0.7542737518825746,0.7467886721966018,0.9853753327688767,0.9835771815901422,0.9806570066047474,0.6937693883637428,0.7297231952561066,0.6293738664342069,0.9848189354127436,0.49686820786213187,0.49571075043096385,0.4843923718370956,0.09434925939081422,0.3622246297030556,1.0637717188717652,0.5046623149996275,0.5851487931887236,0.47073821842684027,0.23268619976548677,0.2428641289313884,0.9253868005943836,0.9010482187838615,0.108312571270913,0.9999776527552452,0.9997818580957912,0.9762203101787977,0.5116991395827725,0.7950148104079563,0.5550667586138173,0.5913185461603703,0.32314659528207645,0.1507293862327954,0.11658511228539618,0.4718803636793528,0.5432410337558361,0.10023410081315436
soldier_34.ply,soldier.ply,Geometry Gaussian noise,5,1.8671875,1059810,1059810,140.26231241226196,2.6278343200683594,0.9763391618290393,0.9986237560792804,0.9987562470622643,0.6145303874730877,0.6842728534456675,0.6737792183004435,0.9926102094828393,0.9889470767540488,0.9858377261278795,0.616824947345288,0.6524934463012807,0.5513634457731749,1.0922615139599998,0.5486446477441858,0.5485735446489515,0.5411795531244681,0.09434925939081422,0.3622246297030556,1.1657936364653119,0.5567878243467846,0.6350279498106698,0.5365765884154002,0.2541499015418279,0.2984263858917978,0.8942112471830306,0.8570124375895612,0.08113479836482072,0.9999072845570053,1.0000479122548205,0.9807270342126932,0.4491958424852079,0.6910012229830363,0.40977494141638743,0.44783818750938725,0.31530621319380925,0.13143899065299622,0.09665948061080584,0.4359964340085898,0.5691900204005004,0.21421071059806945
soldier_35.ply,soldier.ply,Geometry Gaussian noise,5,1.234693877551,1059810,1059810,140.8157558441162,2.6064491271972656,0.9629970926272666,0.997837443553629,0.998004350152783,0.5085133870750882,0.5724015311908304,0.5591732436221839,0.9981019511168971,0.9929345724014216,0.9897320046107512,0.5100318220200183,0.5378960913708493,0.44805722088283284,1.2836243778878722,0.6434773748220094,0.6431534126023506,0.6387156335216116,0.09434925939081422,0.3622246297030556,1.3486396294912586,0.6502145767749846,0.7223516133984044,0.6313731413027038,0.2882625722958687,0.37175925472360316,0.7997156686782082,0.7524113955931918,0.05497551971103153,0.9999651658799988,0.9999565521112622,0.9862560825004674,0.3575302152515724,0.5185930325522088,0.2440581496163784,0.2780516749495399,0.3088306595797248,0.11721870606062974,0.08194796570085079,0.3871103238303,0.6231994701460404,0.4530751220792278
soldier_36.ply,soldier.ply,Color noise and Geometry Gaussian noise,6,8.65,1059810,1059810,140.56851530075073,2.5797653198242188,0.9980195211509626,0.9995486143466646,0.9995484394604965,0.9366524666691267,0.4620154255096572,0.40827260424066164,0.9081205524703302,0.9477097749749117,0.9498841058389321,0.905609567720808,0.5579717084106048,0.8944288086057223,0.44671427478303977,0.23618624807020036,0.23238365684867535,0.19895707551235195,0.09434925939081422,0.3622246297030556,0.6117558874955267,0.2527351555014956,0.3970576750591176,0.1636474239566374,0.09932031473170397,0.029119642931438598,0.9764115800635752,0.97575080949982,0.8185350497065638,0.9905106324202313,0.989854478256443,0.8989327863772621,0.9358964411734632,0.9848443146079144,0.9911166538472171,0.9564954680919824,0.48033535589666726,0.8215765405317385,0.8068055639518573,0.6346031911455587,0.3520289613437236,0.00048432170049212954
soldier_37.ply,soldier.ply,Color noise and Geometry Gaussian noise,6,7.084183673469,1059810,1059810,140.80080223083496,2.583881378173828,0.9954458708733708,0.9978304931205682,0.9977571448578743,0.6552152656477283,0.04641210086340044,0.03686910662129061,0.9448951027238895,0.9855940651859615,0.9841922165277622,0.4985960916294472,0.10295122325367133,0.47861415432300625,0.6191315803851549,0.322131335092432,0.319865274730563,0.2857917966103568,0.09434925939081422,0.3622246297030556,0.7263605995029204,0.3336508438864805,0.41802935821843884,0.219617372811742,0.1297959920450957,0.054401131584339964,0.9666988057693796,0.9662637394349166,0.5708221079421335,0.9975455956185055,0.9972749452461093,0.9325759053127363,0.8411614376885715,0.9718673513893534,0.9665921279572591,0.9401207924264497,0.41514903069236064,0.5808711928135781,0.5589510886012723,0.583057767729576,0.4248672422556889,0.0015476311591176436
soldier_38.ply,soldier.ply,Color noise and Geometry Gaussian noise,6,4.358333333333,1059810,1059810,140.9737994670868,2.583599090576172,0.9921527985983042,0.9966415655722173,0.9965875715837796,0.49528909350082234,0.02073346628335247,0.016674974824835518,0.9689943175825556,0.9907417373596209,0.98822446090206,0.3363842332955112,0.05406822728478279,0.3083978617543899,0.7539877804859132,0.3860548207071889,0.3848464330592974,0.3600632956762385,0.09434925939081422,0.3622246297030556,0.8441539205591965,0.39603605789603585,0.473474887605612,0.3057923359684172,0.1709579279122103,0.10855456653722553,0.9543182545146903,0.9518321773761246,0.29173055065422154,0.9995478050647475,0.9992721900212184,0.957867291916752,0.6991218630829141,0.9423773338098389,0.8769162223947583,0.8794818501686265,0.3645066851827669,0.31394430897550063,0.284535033397545,0.5406192418646674,0.48195431441241837,0.0068827200523463436
soldier_39.ply,soldier.ply,Color noise and Geometry Gaussian noise,6,2.75,1059810,1059810,139.97548627853394,2.5890235900878906,0.9814141421214484,0.9952333909980624,0.9951743265809317,0.35196394998267155,0.010803740021835068,0.008721464774460477,0.9911361671650828,0.9937108065519322,0.9903953668661618,0.22149482558010788,0.030603410843320543,0.19229995697979363,0.9851544473269205,0.49665100732789025,0.4960731705133125,0.48531962303977727,0.09434925939081422,0.3622246297030556,1.0636863386237905,0.5047463090620617,0.5853047659153684,0.4696666847347346,0.23097099723530418,0.24357796799106424,0.925552136112554,0.9015664399326846,0.10817612491685091,0.9999533016402457,0.9997045471749763,0.976300946535999,0.5116016559861039,0.7951416330266758,0.5548787782269126,0.5904320114718904,0.3241263329652271,0.15052783289111063,0.11641641106848565,0.47288524735714205,0.542239093769684,0.09977141128521273
soldier_40.ply,soldier.ply,Color noise and Geometry Gaussian noise,6,2.320153061224,1059810,1059810,140.83099460601807,2.5919265747070312,0.9740056928783408,0.9937229544257511,0.9936241481468359,0.2653666450316175,0.006339454487907938,0.005137181238114647,0.995885358012801,0.994098221820883,0.9909910110932159,0.1543744257869521,0.0192317558981294,0.1281471691513182,1.090951136833066,0.5484303913184617,0.547610867240966,0.5403429307309375,0.09434925939081422,0.3622246297030556,1.1639687400381407,0.5557101563462621,0.6336492903276464,0.5349176973092442,0.25283754281131426,0.29813134297303095,0.8946840963919107,0.857248409140099,0.0811921818450766,0.9999314959617079,0.9998240626809609,0.9803565247707118,0.4494450693389376,0.6915513968086755,0.4107350153134763,0.44871109149082067,0.3156075571680726,0.13150196907034445,0.09672589653850151,0.43641305614498854,0.569618291130652,0.2115464705129322
soldier_41.ply,soldier.ply,Color noise and Geometry Gaussian noise,6,1.4140625,1059810,1059810,143.55157232284546,2.5869483947753906,0.9606040986149331,0.9920415018260502,0.9919323623090408,0.19936245305636263,0.004041666634824872,0.0032694918099971386,0.998880035328951,0.9944665676926102,0.9912720407409354,0.10984898338223421,0.012764054218220388,0.08745462483354234,1.2842785193673354,0.6435737998411414,0.6434348069001015,0.6395084286673449,0.09434925939081422,0.3622246297030556,1.3496746691462458,0.6505600278140264,0.7236883257969585,0.6322738553722299,0.28695742709879984,0.37373978533518726,0.7999623490746633,0.7524877119594482,0.05512012509161012,0.9998728288077426,0.9999152692477246,0.9855899694646244,0.3577712504600944,0.5189515809802268,0.24527611983341324,0.27948170338114486,0.308790100287879,0.11736920818269035,0.0820753838050884,0.38739017996061376,0.6222114264469322,0.4522109263137758
Romanoillamp_0.ply,Romanoillamp.ply,Octree-based compression,0,9.116666666667,1286052,1114121,171.1083767414093,3.1337661743164062,0.996995243996473,0.9989712510653619,0.9994187299855006,0.9605206979605125,0.9488281760853018,0.9426856319571522,0.8677050620609584,0.8694899441342383,0.8713833306195942,0.9632315811361031,0.9660136968894232,0.9544220334374185,9.809665074875635e-06,4.9299338639692316e-06,4.916831634664713e-06,4.887664657809758e-06,0.0296894603229631,0.015513105690937244,0.05222934538083407,0.029689452897268633,0.01551310815142696,0.03348965336985886,0.02081855268257767,0.0022028949496834954,0.9514814110750677,0.8947978057013307,0.8632846510141319,0.9796376098116546,0.9742826407291829,0.7029418866886004,0.9051190673025159,0.9623584776341007,0.9995158824496422,0.9238175017516073,0.5238322614137334,0.914439590488951,0.8947343771502562,0.6826214213767186,0.2931160176554233,9.030993184508683e-05
Romanoillamp_1.ply,Romanoillamp.ply,Octree-based compression,0,9.321428571429,1286052,937005,170.33861804008484,3.169574737548828,0.9951020948067327,0.9983488893709109,0.9991495388191118,0.9330098638251889,0.9145199785877187,0.9136221750946716,0.9196586373407803,0.9216299686063828,0.9214654962654448,0.9368270750862641,0.9421766990897382,0.9221964391852295,4.827010630399704e-05,2.4253284802181557e-05,2.416537956076152e-05,2.4158781888651435e-05,0.0296894603229631,0.015513105690937244,0.052229296352394934,0.02968943109397193,0.015512940836599641,0.04643542377213224,0.028715235743831013,0.004997037660514885,0.88075696472442,0.7862006576488016,0.7076981534359283,0.9921938918305955,0.9915565248150322,0.7407552503975253,0.7886649742754489,0.9192402302266347,0.9990429944707999,0.8951069270655011,0.33170895087138996,0.8421898387267998,0.8068976110325718,0.5483576205684323,0.48134938901744717,0.0002037770176952733
Romanoillamp_2.ply,Romanoillamp.ply,Octree-based compression,0,9.682692307692,1286052,735036,172.0014100074768,3.1103973388671875,0.9926921549627561,0.9975768581870406,0.9988060036372979,0.9067826766561924,0.8827966915934574,0.8860771920521444,0.9480096591887626,0.9521168251502791,0.9508717453228366,0.9116634490572793,0.919550943369127,0.891685524373097,0.04802756407407276,0.024075105956472158,0.024047008301635676,0.024091606903379213,0.0296894603229631,0.015513105690937244,0.0713248093237556,0.038038062486915304,0.03028857153795469,0.06057379344490367,0.03644921280663715,0.011453063671224247,0.7666504620498346,0.6712672505080994,0.2042165767839771,1.0000160919694248,0.9995931204490673,0.8634458275500421,0.4518509204762178,0.8689368443507944,0.9965145238812874,0.8925204710211638,0.2888607631918055,0.3083675713554603,0.28731271938911085,0.5255110427306748,0.5086884128421013,0.0006085225496924436
Romanoillamp_3.ply,Romanoillamp.ply,Octree-based compression,0,8.622448979592,1286052,540534,170.91715693473816,3.1320228576660156,0.9896483990431818,0.9966806764929171,0.9984083216403582,0.8773916863926214,0.8505157353283163,0.857275045777848,0.958760449650126,0.9651123619031702,0.9641968966003648,0.883088431193051,0.893862903158622,0.8574481370316961,0.10559150532330674,0.052941535799428445,0.052978852596996466,0.05278335930274777,0.0296894603229631,0.015513105690937244,0.1182155053309201,0.06062726856446906,0.05609092740851056,0.07189541160104423,0.040464989350482886,0.02461210456602556,0.6275526525616258,0.5387437986304483,0.0848269786842295,1.0002163851568002,0.9997746344221209,0.9034134297090837,0.27534450782566683,0.8220519375725622,0.9901173889842863,0.8955712981289043,0.23806840653345182,0.171103234005821,0.15732728145302077,0.504492098152678,0.5402212466448125,0.0014941160552746416
Romanoillamp_4.ply,Romanoillamp.ply,Octree-based compression,0,7.691326530612,1286052,369622,171.1373200416565,3.0767059326171875,0.9863323960332758,0.9957386787854641,0.9979924025915498,0.8471737260218635,0.8141431638236133,0.8238919697904251,0.9696196215590484,0.9762076552190948,0.9767171583388363,0.8532639207112375,0.8642005894146068,0.8222150220154316,0.13450743001564652,0.06738222030268495,0.06740278883947914,0.06744361335486533,0.0296894603229631,0.015513105690937244,0.1448140364967371,0.07355259124403372,0.07032769036538873,0.0738435828021862,0.03858311248327352,0.030707485126263864,0.47991311899876193,0.4060628614441724,0.047777802374342246,0.9996601692193416,0.9999832909277283,0.9098317858257523,0.18315879348130695,0.816584527817043,0.9858471118527513,0.898653917405866,0.24754047650299937,0.13602422647353757,0.1243690056865492,0.5063206846595011,0.5376349340977749,0.0022345355266658253
Romanoillamp_5.ply,Romanoillamp.ply,Octree-based compression,0,3.6171875,1286052,201024,168.2550082206726,3.0821876525878906,0.9812210820843311,0.99435960680512,0.9974278721912015,0.8078895785145656,0.7603828823602055,0.7748591610447195,0.9829646941766434,0.9871866598600405,0.9884713272817213,0.8133978248679573,0.8188559581381156,0.7763374448456223,0.1921301457681478,0.09627128322603026,0.09611087901192715,0.09646358968100484,0.0296894603229631,0.015513105690937244,0.1995278688042057,0.10066648185319732,0.09825069464094013,0.1014823637077433,0.04527500966575534,0.05755199714183328,0.29670117098819065,0.24664649114357473,0.0212775400551663,1.0000260177059108,0.9996330491029117,0.915333193452347,0.09610785413919859,0.7999350982684968,0.9776863695281742,0.9016897856604538,0.24854709118545645,0.10707122578920317,0.09720446741010495,0.5039779246278475,0.5380417960640302,0.005275648801956127
Romanoillamp_6.ply,Romanoillamp.ply,Color Noise,1,8.771683673469,1286052,1286052,173.3798222541809,3.1584434509277344,0.999590948735937,0.9995159909716712,0.9995892112182463,0.9889621361768519,0.9254262892918962,0.8106555068862552,0.006506706631740729,0.0697948611251833,0.17353756580460133,0.983839867453126,0.9085433265702579,0.9840737882765437,0.0,0.0,0.0,0.0,0.0296894603229631,0.015513105690937244,0.05222935688695813,0.0296894603229631,0.015513105690937244,3.424409836191482e-15,1.705156035167669e-15,1.7025761997807042e-15,1.0,1.0,1.0,6.808985030347397e-17,7.683312436096639e-17,7.699164305108821e-17,1.0,1.0,1.0,1.0,1.0,1.0,1.0,1.0,0.0,1.1461448770499628e-17
Romanoillamp_7.ply,Romanoillamp.ply,Color Noise,1,7.56887755102,1286052,1286052,175.01574158668518,3.1338462829589844,0.9979328120089298,0.9975456589291454,0.997924997959592,0.8659708827244387,0.4238818390729984,0.19637266972975692,0.12623025661693688,0.4929056463072073,0.6880991278733983,0.7447047190759584,0.42142862093438427,0.7364739821236393,0.0,0.0,0.0,0.0,0.0296894603229631,0.015513105690937244,0.05222935688695813,0.0296894603229631,0.015513105690937244,3.424409836191482e-15,1.705156035167669e-15,1.7025761997807042e-15,1.0,1.0,1.0,6.808985030347397e-17,7.683312436096639e-17,7.699164305108821e-17,1.0,1.0,1.0,1.0,1.0,1.0,1.0,1.0,0.0,1.1461448770499628e-17
Romanoillamp_8.ply,Romanoillamp.ply,Color Noise,1,6.619897959184,1286052,1286052,175.15979838371277,3.1309776306152344,0.9968097432537961,0.9962329800386722,0.9968076100534217,0.7429753419357928,0.25665360297675066,0.09903141757784786,0.23317006392694342,0.6334933824611059,0.7894662669378624,0.5685670584216735,0.2688299847456869,0.5427680606976012,0.0,0.0,0.0,0.0,0.0296894603229631,0.015513105690937244,0.05222935688695813,0.0296894603229631,0.015513105690937244,3.424409836191482e-15,1.705156035167669e-15,1.7025761997807042e-15,1.0,1.0,1.0,6.808985030347397e-17,7.683312436096639e-17,7.699164305108821e-17,1.0,1.0,1.0,1.0,1.0,1.0,1.0,1.0,0.0,1.1461448770499628e-17
Romanoillamp_9.ply,Romanoillamp.ply,Color Noise,1,7.808333333333,1286052,1286052,171.957763671875,3.1399688720703125,0.9955249953639074,0.9947436823068805,0.9955655815029881,0.6101015589617541,0.15859596662037484,0.055107492473546224,0.34328251006874805,0.7257936759825203,0.8473461846106307,0.41738993221970283,0.174813231128498,0.3802440365771914,0.0,0.0,0.0,0.0,0.0296894603229631,0.015513105690937244,0.05222935688695813,0.0296894603229631,0.015513105690937244,3.424409836191482e-15,1.705156035167669e-15,1.7025761997807042e-15,1.0,1.0,1.0,6.808985030347397e-17,7.683312436096639e-17,7.699164305108821e-17,1.0,1.0,1.0,1.0,1.0,1.0,1.0,1.0,0.0,1.1461448770499628e-17
Romanoillamp_10.ply,Romanoillamp.ply,Color Noise,1,6.953125,1286052,1286052,174.9886474609375,3.131153106689453,0.9941104968329058,0.9930986474770996,0.9941600519514705,0.4878573487999644,0.10192254463183317,0.03337966733819376,0.44276743054748674,0.7873704522813135,0.8830035603596915,0.3031876527492135,0.1171415835441666,0.26274197956579515,0.0,0.0,0.0,0.0,0.0296894603229631,0.015513105690937244,0.05222935688695813,0.0296894603229631,0.015513105690937244,3.424409836191482e-15,1.705156035167669e-15,1.7025761997807042e-15,1.0,1.0,1.0,6.808985030347397e-17,7.683312436096639e-17,7.699164305108821e-17,1.0,1.0,1.0,1.0,1.0,1.0,1.0,1.0,0.0,1.1461448770499628e-17
Romanoillamp_11.ply,Romanoillamp.ply,Color Noise,1,6.2265625,1286052,1286052,172.6309757232666,3.1241836547851562,0.9925376679473777,0.991260680469467,0.9926282645680855,0.38594216379031887,0.06821256923839009,0.021715535621066935,0.5276981351767283,0.8300566526606221,0.9077605051273163,0.22187566575364157,0.08117740297579593,0.18319057747480982,0.0,0.0,0.0,0.0,0.0296894603229631,0.015513105690937244,0.05222935688695813,0.0296894603229631,0.015513105690937244,3.424409836191482e-15,1.705156035167669e-15,1.7025761997807042e-15,1.0,1.0,1.0,6.808985030347397e-17,7.683312436096639e-17,7.699164305108821e-17,1.0,1.0,1.0,1.0,1.0,1.0,1.0,1.0,0.0,1.1461448770499628e-17
Romanoillamp_12.ply,Romanoillamp.ply,Downscaling,2,7.941666666667,1286052,1093144,174.08096432685852,3.128936767578125,0.9969888139946866,0.998936320400047,0.9995087049872872,0.9556235959046829,0.9491009625577247,0.9512013024954136,0.9190439648898663,0.9191304994916945,0.9170846975879943,0.9585510063415543,0.9648012705437662,0.9487974187700813,0.007639976980843981,0.004707578926281189,0.004916400253638791,0.00020896140071909074,0.0296894603229631,0.015513105690937244,0.05703974439147056,0.03293333239922051,0.015448146054572792,0.03672945476469051,0.02342162943416769,0.0027406336146081024,0.9406600810261406,0.8911384871248045,0.8478815702852701,1.0229028531792643,1.016980710787508,0.7395645383292957,0.8948318631219568,0.959618676868198,0.9994077637292312,0.9220138424119526,0.5254999822164884,0.903932729416289,0.8864481209612836,0.6732160490342233,0.29816152785615396,0.00012902875965672977
Romanoillamp_13.ply,Romanoillamp.ply,Downscaling,2,8.163461538462,1286052,900236,171.71886038780212,3.139862060546875,0.9949056691868454,0.998237287862128,0.9991806026944879,0.9268991381165655,0.915826439894307,0.9198330286565634,0.9492396659806851,0.951250761541438,0.9493238094530979,0.931041051989704,0.9391123903277501,0.915409328696745,0.018899437376664392,0.011731627239298026,0.012092248996748843,0.0005075431692376575,0.0296894603229631,0.015513105690937244,0.06451878563236461,0.03790664209771272,0.015350047726749489,0.051116439239513284,0.03198828153297825,0.006078824032155535,0.8598328401696775,0.7866037920870645,0.6866254996327313,1.0133202643120933,1.0126656371029639,0.7588884781802974,0.7741025182503103,0.9171471350857394,0.998899953819222,0.9019654734876709,0.4282427341969761,0.8293823873571948,0.8020639219201149,0.5989247446302933,0.4035134340248714,0.00029226245790470753
Romanoillamp_14.ply,Romanoillamp.ply,Downscaling,2,8.25,1286052,707329,170.693293094635,3.1300735473632812,0.9924214357854817,0.9974562545624047,0.9988141195453718,0.8959686813062467,0.881533937300072,0.8873083626850918,0.9532609662688479,0.9582772015432575,0.9559036918071919,0.9010043617727224,0.910238632230791,0.8794717424569347,0.03598009552651178,0.022603826043773482,0.022716673828822007,0.0009400964622759137,0.0296894603229631,0.015513105690937244,0.07652596568118733,0.04558522377891131,0.015203627336868484,0.06519054616149862,0.03979001910477598,0.011075716244955087,0.7458233321854277,0.6764041764432959,0.5102785181094639,1.001793066092486,1.000781886633196,0.7444779054001069,0.6339255115072197,0.8745605073027871,0.9981245035499626,0.9011980549928323,0.4258224416255081,0.7378052088819659,0.7096926279332244,0.5973180078074017,0.403672155292517,0.0006624013741083201
Romanoillamp_15.ply,Romanoillamp.ply,Downscaling,2,7.544230769231,1286052,514421,170.38794994354248,3.1306304931640625,0.9892329449537429,0.9965035591024125,0.9983732778637896,0.858895309974421,0.8422308448727512,0.8508923409408512,0.9639680993954669,0.9708277636540457,0.9697229086508726,0.8645327698238857,0.8747138293413553,0.8365425370891272,0.062070331396477815,0.03944475684426334,0.038812044653453184,0.0015854692629317566,0.0296894603229631,0.015513105690937244,0.09587582000056495,0.05775765834793295,0.014955350413543518,0.0861271635497313,0.05133804256719612,0.01934823716029467,0.6118922053792469,0.538142963673736,0.33203417852820666,1.0010399440270084,1.0001116339652991,0.7651405502233658,0.4720194550106681,0.8409152759856624,0.9967028798625169,0.8891577576358323,0.3714172615647787,0.6222161832578461,0.5912358560821853,0.5529246325308015,0.46910468286072954,0.0013541045539839308
Romanoillamp_16.ply,Romanoillamp.ply,Downscaling,2,5.125,1286052,321513,172.20744609832764,3.0478668212890625,0.9848314911321348,0.9952576856621005,0.9978231726866955,0.812575921998468,0.7965926994862939,0.8071125521121266,0.9767824630000211,0.9824625479026543,0.982642477003792,0.8189049855285258,0.8307592995131187,0.7837305037341566,0.10564887187362007,0.06748523421988371,0.06584892508340943,0.002707136534273614,0.0296894603229631,0.015513105690937244,0.13038912418282178,0.07958448157569652,0.014436189669332513,0.12084146313380334,0.06917492988209903,0.03571387265896013,0.4381810835645061,0.3746502466827315,0.169061934581922,1.0004773500681172,0.9999274621250093,0.7893253202291399,0.29164230324215434,0.8496436685395944,0.9936144229678109,0.8815037057813923,0.34346973500808525,0.48303370314935473,0.4540324677080761,0.5272271070796779,0.5052963274971018,0.0032452778867326647
Romanoillamp_17.ply,Romanoillamp.ply,Downscaling,2,2.723076923077,1286052,128605,171.28156399726868,3.0863304138183594,0.9773822416817797,0.9932885568319094,0.9970391258272405,0.7381930115030058,0.7308420473695546,0.7457444128484505,0.9911028235793159,0.9938660627359789,0.9949725882663423,0.7455254229996365,0.762301723357204,0.700698881229961,0.207319859583782,0.13394682568083724,0.12864849600027367,0.005795696631659482,0.0296894603229631,0.015513105690937244,0.21866077062489134,0.13465587634057177,0.013073759983456048,0.21608244286983225,0.11301962638608193,0.09195547180863871,0.2078034886645714,0.1718339254313421,0.042389298683880784,1.0004109796349274,1.0001745367003485,0.8247018988626642,0.1025694882174122,0.08033812926218858,0.9802050434630074,0.872779432424939,0.321903175302161,0.28954524104672796,0.2680670000920424,0.5043601041012907,0.5354808220153982,0.010945881814617796
Romanoillamp_18.ply,Romanoillamp.ply,Downscaling and Color noise,3,9.553571428571,1286052,1093144,176.11907410621643,3.1083946228027344,0.9969532387335792,0.9988136031516882,0.9993421331443855,0.9524948974658907,0.8981149401877835,0.7973784913141182,0.9191786707391376,0.9238624879180647,0.9303567495070068,0.9515999002578617,0.8907822368304021,0.9429941000304953,0.007619013087286677,0.004687475803004244,0.004916147405798494,0.0002112384500578607,0.0296894603229631,0.015513105690937244,0.05701682075063963,0.03293966651293452,0.015449056683777511,0.03678284713735721,0.023454049487405964,0.0027428113592612574,0.9407551803537197,0.8909937159944061,0.8478856112614127,1.0224123738570927,1.0168370407483618,0.739172411264726,0.8948452417018926,0.9596116769430747,0.9994136800896872,0.9218617033516453,0.5239509018486419,0.903888736010948,0.8863778616109637,0.6725352260276434,0.30005914456532207,0.00012648420176056212
Romanoillamp_19.ply,Romanoillamp.ply,Downscaling and Color noise,3,8.71875,1286052,900236,171.67159843444824,3.1349945068359375,0.9944610627438496,0.9969302911322828,0.9977370700309731,0.8302388446088848,0.41819170814108053,0.19598210678496514,0.9548582738136576,0.9746056360799368,0.9833426166659412,0.7214220447673768,0.4120459918795153,0.7073788826602142,0.018948043983347485,0.01177061647995234,0.012110423407961961,0.0005029655425721544,0.0296894603229631,0.015513105690937244,0.06454188362481778,0.03790069274243462,0.015355085844741783,0.051089280067125625,0.03198399214826174,0.006056863225243113,0.8597942282179165,0.7866950702800714,0.6863261601387742,1.013574949731638,1.0127283329163963,0.759095039781032,0.7740294099267757,0.9171212628760926,0.9989012307010731,0.9020801646463613,0.4291019844892938,0.8292212598755053,0.8019696478076807,0.5996245974741613,0.4023206033389099,0.00028113331277893527
Romanoillamp_20.ply,Romanoillamp.ply,Downscaling and Color noise,3,7.296153846154,1286052,707329,174.11015439033508,3.107574462890625,0.9917179296721834,0.9953718088881985,0.9965558402811099,0.7037905863403596,0.2543540057116727,0.09900873197448118,0.9627406593001306,0.9840208890677736,0.9900696638364355,0.5470144503029992,0.2615024215939823,0.5172741422367131,0.03576149024508566,0.02248096707814651,0.022583415095344537,0.0009349636495077266,0.0296894603229631,0.015513105690937244,0.07636286071623027,0.045484293923094075,0.015195083775854835,0.06524047005948089,0.03985400339292485,0.011098157465823402,0.7459406105630457,0.6762608409637347,0.5103801627321766,1.0013820202965635,1.0010219275054413,0.7444029993159452,0.6339461773953884,0.8744741262257747,0.9981262290212407,0.901234543720287,0.42579074855475557,0.7378956636534155,0.7097031327199481,0.59672377556002,0.40474277847967693,0.0006297739595095417
Romanoillamp_21.ply,Romanoillamp.ply,Downscaling and Color noise,3,6.198076923077,1286052,514421,169.69199442863464,3.1489028930664062,0.9882778597297678,0.9936098498932938,0.9951509663694091,0.5715350100810039,0.1572238057610781,0.0551452031369639,0.9743111809323733,0.9911245696948926,0.994736686013954,0.39978495977961986,0.16926871120247713,0.36084849767570587,0.062041533286538296,0.039341256577305056,0.03887237119658957,0.001591431714776264,0.0296894603229631,0.015513105690937244,0.0959101500882855,0.057868508256635046,0.014940564858866292,0.08617670164251336,0.05134509080418782,0.019280885525530523,0.6119036731106581,0.5381245761436639,0.3320527576843425,1.000784630158125,1.000100016275698,0.7650111093383182,0.4720661557361403,0.8409758736140672,0.996717508105974,0.8892462943306126,0.3714130296935073,0.6223940396410638,0.5914162411835286,0.5527721059666599,0.467714261361409,0.001377675325672947
Romanoillamp_22.ply,Romanoillamp.ply,Downscaling and Color noise,3,6.667091836735,1286052,321513,169.10943865776062,3.030467987060547,0.9835853679227146,0.9915247578827324,0.9936393047223923,0.45237687235566615,0.10093663763794045,0.03335843154326481,0.9848497359151306,0.9955343013308636,0.9979773280615888,0.2896688682233352,0.11301051874730325,0.24889629075647063,0.10564390395019539,0.06766557989444177,0.06571528847175541,0.002712507690230743,0.0296894603229631,0.015513105690937244,0.13035797237119606,0.07947741550879074,0.014440149714428346,0.1204182664108251,0.06876616254380119,0.035813955974752947,0.4381380205430212,0.37431270820871276,0.16896514968122886,1.0003465130961833,1.0000883243852576,0.7893251890620444,0.2914389400590254,0.8495679669898412,0.9934394207173493,0.8814389084594396,0.34138366128066605,0.48279134726105905,0.45367398876772924,0.5258107316707258,0.5067132532909893,0.003435301265966618
Romanoillamp_23.ply,Romanoillamp.ply,Downscaling and Color noise,3,2.6,1286052,128605,168.0932583808899,3.073009490966797,0.9759696558350681,0.9886350809892291,0.9920627111781923,0.3529824282769176,0.06802615415818493,0.021465959438897928,0.9947030148845732,0.9988708048787783,0.999357880801041,0.21082391195167988,0.07792242097780394,0.17267564931923554,0.20728334519451183,0.13362930062203424,0.1288592511346836,0.005796987737555362,0.0296894603229631,0.015513105690937244,0.21871446852388743,0.13494450954336276,0.01306111148354285,0.2155025770292498,0.11255146352620875,0.09224136694793593,0.20770650248972106,0.17179742543134363,0.04252499877420809,1.0001689763797328,1.0001490978647674,0.8246293292309889,0.10257225020019596,0.07684386544113508,0.9800843337838292,0.8728545613668434,0.32200288072966304,0.2893925499605874,0.2679745126999971,0.5048801709523271,0.5334869901607009,0.010778391536195617
Romanoillamp_24.ply,Romanoillamp.ply,Downscaling and Geometry Gaussian noise,4,8.008333333333,1286052,1093144,173.59637188911438,3.1187667846679688,0.9968835864873941,0.9988956378000338,0.9994918618044581,0.9523967646015874,0.9449206710943109,0.9471068573911126,0.9243395268833616,0.9270742645418415,0.9252519664462585,0.9554767400241062,0.9615797913014904,0.9450334602665837,0.06849127404371601,0.03620963570094936,0.03618896152633981,0.029726990258686078,0.0296894603229631,0.015513105690937244,0.08731820506861775,0.04725192045065822,0.035299528634773134,0.03864136423437205,0.0239562400074649,0.005749683642883117,0.9428812646230172,0.8936181564838419,0.16415712404672717,0.9879451935015642,0.9886716195973394,0.9156527188263343,0.4761192069363662,0.9482082089380072,0.9901852965040202,0.9278257551479545,0.5247763719913847,0.18558971410257238,0.17854509738122656,0.6764375110351624,0.29208288588273434,0.0003900576496236144
Romanoillamp_25.ply,Romanoillamp.ply,Downscaling and Geometry Gaussian noise,4,8.7734375,1286052,900236,173.09093928337097,3.137897491455078,0.994564900842173,0.9981385617899243,0.9991392596790797,0.9196614206998288,0.9080803093196654,0.912645359518128,0.9505100229853698,0.9538945235481799,0.952101417799615,0.9238771444828542,0.9314776356762622,0.9068721918275909,0.10820579223920844,0.05703571673352297,0.056746864745816056,0.048098552313030354,0.0296894603229631,0.015513105690937244,0.12026063930116095,0.06383211868878805,0.05170850020399544,0.05494897831947374,0.03312220911879691,0.011848121343842158,0.8609079757477407,0.7909915302293229,0.07193567816968512,0.9974942863503893,0.9974094310059701,0.944743476912725,0.31769722932119904,0.8831266440156648,0.967717966706864,0.9173302371019526,0.440758105860136,0.0979645471686367,0.09159687184947214,0.6093146315978306,0.38599406764947286,0.0012616879647964004
Romanoillamp_26.ply,Romanoillamp.ply,Downscaling and Geometry Gaussian noise,4,6.533333333333,1286052,707329,172.69478392601013,3.1134071350097656,0.9912998328067272,0.9971468031587778,0.9986782814499483,0.875779912168147,0.8628105624745103,0.8698069189156175,0.9703924067037828,0.9748398478395114,0.9738573648128782,0.8809843264375046,0.8898916886567836,0.8559329534389915,0.15050292717970373,0.07771610727335869,0.07730159547372699,0.07055309441357689,0.0296894603229631,0.015513105690937244,0.15886874261032136,0.08223509740153194,0.07294291667849685,0.07518763932914299,0.04350688152874305,0.0226185887806384,0.7510771135105043,0.6703829476555474,0.027641716743853358,0.9989552693989645,0.9986485531432165,0.9637969140920468,0.19778719259284025,0.7959221836423943,0.9008765953949703,0.9005260688673652,0.38088397970683224,0.04985749599398819,0.044064285236525495,0.5572960663104589,0.458681550109721,0.004467568275213522
Romanoillamp_27.ply,Romanoillamp.ply,Downscaling and Geometry Gaussian noise,4,3.125,1286052,514421,169.50701022148132,3.133514404296875,0.9847474412218635,0.9952943525251388,0.9978794400081352,0.7961303747548883,0.7861360827659291,0.8002281406822325,0.9918224876777525,0.9937993665191034,0.993945711771448,0.8024931851429267,0.8155937344354486,0.7649517270104429,0.2255300673765289,0.11424403300409867,0.11394050268641588,0.11015712122284535,0.0296894603229631,0.015513105690937244,0.23125548769013343,0.11754291181632026,0.11147876514513617,0.10867498330543583,0.05843538032862184,0.04498895885180966,0.5888909772207908,0.5057740153201329,0.007699027696947592,0.9996544149789127,0.9994147038233308,0.9790838858602922,0.1030723493797514,0.6874106786837165,0.6585472951894403,0.7366191688152015,0.32575039667383515,0.02322206778992045,0.017763830588637123,0.49336191398168205,0.5323836908643174,0.03996133145694285
Romanoillamp_28.ply,Romanoillamp.ply,Downscaling and Geometry Gaussian noise,4,2.411989795918,1286052,321513,168.42839193344116,3.0668869018554688,0.980126538482495,0.9940599622179235,0.9973679402899555,0.7477959957887461,0.7448694806655735,0.7575931417904462,0.9956987213485811,0.9970328077192777,0.9971191348418241,0.7547204377005295,0.7707442637712412,0.710999748407742,0.2949228711333098,0.14910737940856403,0.14889062363222533,0.14431483414795487,0.0296894603229631,0.015513105690937244,0.29923724374829036,0.15166844159054382,0.14521459919583563,0.1432272638844053,0.07384288914055184,0.06625886831994844,0.4114490841111874,0.3457204529716734,0.004288434971564086,0.9998682994024877,0.9995741837921,0.9793730041015272,0.06342509753963559,0.7083465528607171,0.6050379717455002,0.6899531485089033,0.3168482604842386,0.02121043883481744,0.015762754667240784,0.47791222243656584,0.5458991532172485,0.06210806971537812
Romanoillamp_29.ply,Romanoillamp.ply,Downscaling and Geometry Gaussian noise,4,1.433333333333,1286052,128605,168.3268792629242,3.0400047302246094,0.9725774557810876,0.992219778937912,0.9966512279748525,0.6745637646387443,0.6895282573443825,0.703968468381985,0.9983977711799573,0.9990935362365193,0.999170035963612,0.6829168061340547,0.7090601489269505,0.6312164137429465,0.4757088744754418,0.24033413053655886,0.2402079902900413,0.23311399887151527,0.0296894603229631,0.015513105690937244,0.47836140021885903,0.24183286086097666,0.23347337906275825,0.24211147376102776,0.11559185175827838,0.13052625384273148,0.19015508535181558,0.15597374863644659,0.0016075795995623386,0.9999357761115403,0.9995978098056317,0.9764845117571235,0.025571201370370607,0.02920298729407169,0.5457631815288517,0.6325195899959597,0.3136272816718231,0.019834586849331336,0.014374720327627478,0.462653558155938,0.5569579929407641,0.10047164449104354
Romanoillamp_30.ply,Romanoillamp.ply,Geometry Gaussian noise,5,9.40625,1286052,1286052,171.71721982955933,3.1749267578125,0.9982540060325897,0.999368789406745,0.9997123924626793,0.9715754433672666,0.9675965296855094,0.9688850340263937,0.9097720906407315,0.9119831477145083,0.9101154263833894,0.9737455403601575,0.9786351720111555,0.9673625448757783,0.06254601609549622,0.032681205577421886,0.032557124606740415,0.02826686271190045,0.0296894603229631,0.015513105690937244,0.08252809923851652,0.044402422174108294,0.034030676711384336,0.028934137925918334,0.017246464639926684,0.004812782469443599,0.9669521154035754,0.9663018255914918,0.1779671504721006,0.9752076816780331,0.9765202056243937,0.918355032978732,0.5207608335832523,0.9862382276486418,0.989057332092756,0.942764596468053,0.6072304914002439,0.17814735825406702,0.17274472908397703,0.7371325928265322,0.21106935048656186,0.0003624935138021568
Romanoillamp_31.ply,Romanoillamp.ply,Geometry Gaussian noise,5,7.008333333333,1286052,1286052,171.7550070285797,3.151641845703125,0.9974733064894745,0.9990831685902958,0.9995805238948555,0.9573195198924112,0.9508056519576992,0.9529911827687231,0.9431479500523858,0.9454539504879507,0.9435490195848565,0.9604420544815205,0.9671608665508802,0.9509350395714258,0.09415835809017975,0.04897943296114917,0.0487976734859958,0.04326259918093792,0.0296894603229631,0.015513105690937244,0.10797743599931107,0.056949544078188745,0.047265129829144596,0.03951294230362127,0.023187919378483256,0.009326036188141805,0.9545822154636312,0.9533157598213376,0.08246145471587236,0.9927505146627669,0.9931659515610431,0.9554131674403044,0.3897589190496562,0.9590475834408647,0.9558799143638566,0.9285842543433535,0.4978073752744459,0.08436622460219911,0.07903641305068737,0.6535350637980352,0.3219882396341284,0.0014304975018500949
Romanoillamp_32.ply,Romanoillamp.ply,Geometry Gaussian noise,5,6.166666666667,1286052,1286052,171.8410243988037,3.1510467529296875,0.9955436676901739,0.9984484330676284,0.9992862725461158,0.9261992728552308,0.9165612277743925,0.9206657405400361,0.9698672538785624,0.972752146541658,0.9714171535832218,0.9305729296471885,0.9389491167527174,0.914733741779254,0.12222529608921752,0.06242131704735053,0.06228352389393842,0.05857151671142547,0.0296894603229631,0.015513105690937244,0.13269954480203916,0.06853856686491076,0.06150044624932611,0.054497670981158354,0.031003563629409425,0.01715798274776369,0.9425432265977574,0.932539272202864,0.03339783024745031,0.9979268457983502,0.9977221321640597,0.9751572742496901,0.28436320718074526,0.8993907426500372,0.8344093483068774,0.8654936045354255,0.4048175283599956,0.03708705426237219,0.03175107792243611,0.5730369118165121,0.4313814845570171,0.007811865803607787
Romanoillamp_33.ply,Romanoillamp.ply,Geometry Gaussian noise,5,3.936224489796,1286052,1286052,172.86582565307617,3.132190704345703,0.988158269475192,0.9962718876281742,0.9983180803126239,0.8315623205048207,0.8215086810427755,0.8323555938821219,0.9935180516178428,0.9948369614004614,0.994766453512014,0.8375704161586139,0.8491688819858565,0.8052585388171833,0.16570653808534327,0.08337415312524717,0.08327263100549712,0.08194004652574231,0.0296894603229631,0.015513105690937244,0.17389253877151023,0.08832463658666863,0.08403350257275985,0.07838128541323194,0.04260563266180815,0.031114927805603723,0.9132879254333609,0.8426608137401213,0.011938780391893531,0.9994708367924565,0.9993427798161338,0.9868533797124871,0.18760481670511941,0.786411835361141,0.4605468050099016,0.536232404686584,0.3237346620573248,0.01838490501560981,0.013034378719501917,0.45679077894905357,0.5469412589914358,0.14811185652843237
Romanoillamp_34.ply,Romanoillamp.ply,Geometry Gaussian noise,5,3.7734375,1286052,1286052,172.28127121925354,3.1712875366210938,0.9841175660976035,0.9951688716613435,0.9978245704131476,0.7853275210316012,0.7795379898679947,0.7911685134169788,0.9972126391400032,0.9977855119413924,0.9978903969838339,0.7919648121567896,0.8063959608201221,0.7529462180991143,0.18486748716038967,0.0927328037267271,0.09278481615973638,0.09180034131923197,0.0296894603229631,0.015513105690937244,0.19241034753830571,0.09750581655492496,0.0936172681779566,0.08693544646751016,0.04658632723262955,0.03635842277497051,0.8704757161547584,0.7796453777530034,0.00903312975068734,0.9995754831188711,0.9996601456713432,0.9895922594625035,0.15954037342322056,0.7459742603789661,0.332477297665524,0.401657128142466,0.3146054162156055,0.01650081582512047,0.011169920223171623,0.4167032700805748,0.5813035677689764,0.29104135547336085
Romanoillamp_35.ply,Romanoillamp.ply,Geometry Gaussian noise,5,1.5703125,1286052,1286052,172.23594450950623,3.1499099731445312,0.9769345297599735,0.9932950226080496,0.997063034091023,0.7116997199787681,0.71721262281185,0.7326520419310976,0.9994113806887159,0.9995462002539613,0.9995927793050127,0.7194400685448616,0.7406604072545875,0.6715735492249492,0.21971980822191542,0.11001252424021968,0.1099847367565117,0.10962805154215538,0.0296894603229631,0.015513105690937244,0.22633442629513373,0.1140764871681987,0.11127115613399362,0.1009929151042406,0.05285921807098851,0.04523016357553453,0.756550446702835,0.6581152629026094,0.006154882466243021,0.9996921281891076,0.999690799131543,0.9911582256019565,0.12082772812336112,0.6917100302781465,0.20766052590696943,0.2626274456108313,0.30894373402829906,0.01509907686180986,0.009775572311573747,0.3775345626722164,0.6370193958444613,0.509801737522638
Romanoillamp_36.ply,Romanoillamp.ply,Color noise and Geometry Gaussian noise,6,8.433333333333,1286052,1286052,172.0643413066864,3.1892776489257812,0.998201336381276,0.9991828824485104,0.9994857022644666,0.9685320055315256,0.9134483480806875,0.8060021620437792,0.910331676945458,0.9181536187417163,0.9255331912450372,0.9673906623757745,0.9032382563569245,0.9620197788912193,0.0625113411242067,0.03265778157670589,0.03256970693707339,0.02821520832344375,0.0296894603229631,0.015513105690937244,0.08246128209568872,0.04433027021585278,0.03403041852009477,0.028922954857911,0.017248758770322423,0.004781526283723733,0.9669716100817052,0.9662558406234932,0.17798847372213905,0.9749752016792919,0.9765172648182453,0.9180697837138333,0.5205872489442737,0.9862276830688216,0.9890556543435285,0.9427248969216787,0.606370273049027,0.17817225483520316,0.1727968201847238,0.7366669807432801,0.21174745364695685,0.00036710587516877946
Romanoillamp_37.ply,Romanoillamp.ply,Color noise and Geometry Gaussian noise,6,8.5625,1286052,1286052,171.72915387153625,3.1344642639160156,0.996673904051662,0.9973610223534188,0.9978435299719786,0.8526391170054305,0.420217563812207,0.19574804534858353,0.9498092648817733,0.9720762926336133,0.9816582588777377,0.7365022252271843,0.41715764226880747,0.7262644283621524,0.09427248406992136,0.04897473125378372,0.04879372837556802,0.04339796529811991,0.0296894603229631,0.015513105690937244,0.10813233953582044,0.05700266506928871,0.04740830044798959,0.039619954546881976,0.023246764651926738,0.009328380880568468,0.9544369249560117,0.9531394843561151,0.08238166972606462,0.9923262023507357,0.9933510070409548,0.9555926385410336,0.3896239901947523,0.9590104894461526,0.9558328080642676,0.9283381890825383,0.49720247879568963,0.08426871899706102,0.07896280333067761,0.6530576554205065,0.32246232110293505,0.0014478441372660364
Romanoillamp_38.ply,Romanoillamp.ply,Color noise and Geometry Gaussian noise,6,7.1953125,1286052,1286052,171.93063020706177,3.1377525329589844,0.9944225724122603,0.995919390767845,0.996717466183115,0.7181354242715801,0.25438535356319353,0.09915116115019416,0.9760693146110166,0.9895365554642356,0.9935946590814257,0.5550260658998808,0.26393870449900075,0.5267872770725552,0.12214528361968388,0.062438724315338597,0.06219524691644158,0.058554147856416425,0.0296894603229631,0.015513105690937244,0.13272939535163886,0.06852426057884121,0.06151650454351445,0.05434830307825163,0.03086114492641272,0.017209628830522933,0.9426027495762491,0.9325348623126832,0.033261893316776564,0.9976767696692704,0.9980095116709317,0.9751585754891287,0.28429389302869623,0.899398622917109,0.8347126917667648,0.8656031361456876,0.4046458856172701,0.037023354609474035,0.03168766272630642,0.5735131973480847,0.4304705418244342,0.007748815634347354
Romanoillamp_39.ply,Romanoillamp.ply,Color noise and Geometry Gaussian noise,6,3.545918367347,1286052,1286052,175.02326726913452,3.125041961669922,0.9872971478713499,0.9934802698996722,0.9952199553544099,0.5574820682282025,0.1567542129896949,0.055002222230258066,0.9950619078656261,0.9982875650037992,0.9992602343969349,0.393861519907982,0.1673513360683138,0.35435673814044305,0.16531903678046672,0.08319414075536846,0.0831326238969884,0.08166608816992214,0.0296894603229631,0.015513105690937244,0.17349324803935326,0.08819099997088618,0.08373833935097726,0.07829835912071735,0.042646793625097566,0.031116175454278208,0.9133872524662975,0.8428821754909454,0.011978786647618788,0.9991965546483345,0.9996916396881315,0.9869961591871675,0.18778733613866366,0.7866013182862078,0.4624729618213283,0.537518010429672,0.3241266560694152,0.01841547513035543,0.013071492429268082,0.4577226227574246,0.5455836729059336,0.14656903823803438
Romanoillamp_40.ply,Romanoillamp.ply,Color noise and Geometry Gaussian noise,6,2.811538461538,1286052,1286052,175.43108582496643,3.108867645263672,0.9829560468487456,0.9915180858179427,0.9936749312633547,0.44401646892507596,0.1011140317551138,0.03333187192076973,0.9981381014495252,0.9995301251136844,0.9996841050556304,0.2866872191736655,0.1122125821112047,0.24585479878784441,0.18483820862532713,0.09292389494921263,0.09282752734769716,0.09160167964423076,0.0296894603229631,0.015513105690937244,0.1924031808230793,0.09746180885952925,0.09352018439734255,0.08690241325873158,0.04666697393040705,0.03617538419233629,0.8703459712094742,0.7797038285752169,0.009064585252877115,0.9997433249027532,0.9997459434982802,0.9890311532647517,0.15959685585938993,0.7460779502690135,0.33331726044347015,0.40284184622634095,0.3143349168279869,0.01651442394591828,0.011175428534212226,0.4163221377834556,0.5821435220029693,0.29139957384703263
Romanoillamp_41.ply,Romanoillamp.ply,Color noise and Geometry Gaussian noise,6,1.223076923077,1286052,1286052,175.78944063186646,3.14215087890625,0.9756189071129889,0.9889487782254807,0.9920005010104896,0.34436239214138614,0.06730888483135683,0.02166410195869333,0.9996879274845697,0.9998539017231689,0.9997453559980253,0.20785030518747324,0.07709238061722057,0.1697687899954187,0.21960301851974007,0.11007049488524029,0.10988599695500645,0.10943613850966429,0.0296894603229631,0.015513105690937244,0.22607078839590733,0.11386126918520471,0.11106668470530762,0.1010715409956971,0.05282544281298336,0.045344346129969335,0.7563182841646507,0.6582962106749026,0.006147129636602308,1.0000440217487658,0.9996886571213403,0.9919005156958002,0.12084822923653432,0.6917758056873722,0.20797961104247736,0.261707215417348,0.31065858343992986,0.01507477420902264,0.009770207953028848,0.3780655702526587,0.6351677436226321,0.5092278200787735
longdress_0.ply,longdress.ply,Octree-based compression,0,8.501275510204,806806,679634,107.42266583442688,1.9396286010742188,0.9937807514394769,0.998212097316187,0.9979656877492921,0.9348293959799349,0.9175890731768079,0.9104150800999895,0.829240539637365,0.8375566068851928,0.8404079240578151,0.9365631127819382,0.9311004932762874,0.9156021420105567,0.257000307343527,0.12726227301408125,0.13079496818378908,0.1210775458921259,0.09535098406432442,0.3524519142089135,0.5522087158961386,0.2033683772693703,0.37843574494115656,0.33021385045711926,0.18815978596593808,0.09192047188184421,0.9278486857796409,0.9018960659200306,0.807443284793424,0.9351483081326553,0.9331713037200786,0.8214448008022626,0.8801047480362406,0.8706927253053803,0.9928333537465812,0.9372802849180744,0.4134500421876267,0.8670405862478637,0.8514228055416895,0.5818514169981266,0.43069790568373884,0.0016615449909234091
longdress_1.ply,longdress.ply,Octree-based compression,0,6.159615384615,806806,554531,107.58293509483337,2.009185791015625,0.9909673155775323,0.9973497030622053,0.9970011934744323,0.8896625696013929,0.8700767166724355,0.8586780747313429,0.9188772689163157,0.9192438341771201,0.9203455854650664,0.8903164673839601,0.8835720083967512,0.8579057031383582,0.5017469006206331,0.24910724833116005,0.2549666150463927,0.2379444558604575,0.09535098406432442,0.3524519142089135,0.717296354524801,0.30427169506320484,0.4351034131831284,0.3393482579355117,0.17574790102340535,0.16212459203988577,0.8355980126100238,0.8041706543112729,0.6313542866772088,0.9973856805707882,0.9980204775409128,0.9215898016938207,0.7522669224143216,0.7220158489827239,0.9877053029751095,0.9403462280474134,0.3977687190612057,0.7817174522309346,0.7639223083435995,0.5678344236255259,0.44494053299545083,0.00308693044829896
longdress_2.ply,longdress.ply,Octree-based compression,0,6.3046875,806806,448527,107.19713020324707,1.9382476806640625,0.9874339337720873,0.9961844491084547,0.9956886842200556,0.8434714131633413,0.8191906579851508,0.8052694988054642,0.9341748101623091,0.9321166522325048,0.9329275271355414,0.8422934269807335,0.8334226031575606,0.8005138115402818,0.7025659518644346,0.35167795155162057,0.3597228330543813,0.33086098014185095,0.09535098406432442,0.3524519142089135,0.8525922819803239,0.39283985862652804,0.471901833277695,0.3732862128244836,0.17974115772382654,0.19693698386102587,0.7393717966399355,0.7033007994699585,0.494678961559789,0.9982252799339605,0.9976520750493263,0.9308417402499118,0.637197083098514,0.5853935582986282,0.982963303182612,0.9372370708919935,0.36438097729594626,0.7254607875853877,0.7030112834546631,0.5384030558828331,0.48744314074754674,0.004320507908329036
longdress_3.ply,longdress.ply,Octree-based compression,0,5.5078125,806806,320978,107.09178972244263,1.9477310180664062,0.981616005386332,0.9941927763329698,0.9934352887658222,0.7794027861821636,0.7484293815754152,0.7317265732061522,0.9517992279435863,0.9478831965453892,0.9482411158338979,0.7760515448414146,0.763638388756832,0.7254992136633018,0.9391025210008329,0.4774073288472844,0.4851073025294194,0.43672179343710604,0.09535098406432442,0.3524519142089135,1.0212890709978906,0.5002122277332639,0.5209194674168599,0.424704843923297,0.18968443023540946,0.25154485975388263,0.5951299704213923,0.5622772675768638,0.3440253237058392,0.9996826877175553,0.9994646066778496,0.9340904420500776,0.4870486743180107,0.4111397300121654,0.9762706673936411,0.940844683637417,0.36136111730618103,0.6705639326571938,0.6463152979167759,0.5387767350255326,0.48596781434530073,0.0057193366790111045
longdress_4.ply,longdress.ply,Octree-based compression,0,7.117346938776,806806,196265,104.4967474937439,1.9651336669921875,0.9731787423873114,0.9912066239898155,0.9900475654989315,0.7046983798225669,0.6681115377049459,0.6478168827073304,0.9698425944543501,0.9655548035510314,0.9659544325969706,0.6991209803271621,0.6836617098518606,0.6434371398876183,1.1733551608155994,0.6025134603980687,0.6075009157679855,0.5479527419752986,0.09535098406432442,0.3524519142089135,1.2201504957503233,0.6114283911092107,0.6099446872531888,0.7158247402031387,0.28919218300943944,0.4799295683722895,0.4204128698042737,0.39329237286875696,0.22252745775545094,0.9998759816435544,0.9999516394636373,0.9354677490546559,0.329956474165404,0.23873414023351094,0.9681428744254795,0.9260161025298329,0.34061844488212,0.6582503740753262,0.6319081239946285,0.5180726542557099,0.513908027953017,0.01104237720977542
longdress_5.ply,longdress.ply,Octree-based compression,0,3.40625,806806,84742,104.84536695480347,1.9399604797363281,0.9605038123345842,0.9862728514371039,0.9845044093487556,0.6119013249687019,0.5691135058167004,0.5458880987990505,0.9841234944362585,0.9817528883645662,0.9817992976296074,0.605141443042307,0.5855620675617261,0.5494012480981509,1.611579582408326,0.8178301719483199,0.8169186214281169,0.7898975493823029,0.09535098406432442,0.3524519142089135,1.6570345723036624,0.8217981894005091,0.8490154071272066,1.2045333723698868,0.38937568733852007,0.9445711628522003,0.21590835240170025,0.19990564681080786,0.08334352988106916,0.9999840950325682,0.9999283570938964,0.9434719676381255,0.14905902288674644,0.09072837556559259,0.936940552816109,0.9142709906792015,0.33142167588454874,0.5517009645489084,0.5234521776680257,0.5088246290212844,0.5213549113414485,0.024721348443947456
longdress_6.ply,longdress.ply,Color Noise,1,9.682692307692,806806,806806,105.50186038017273,1.9418487548828125,0.9993673995720079,0.9995761876980781,0.9995645421654468,0.969255864600342,0.873018184344764,0.8617383743049067,0.02558839988676544,0.11216139621827441,0.12183329536201615,0.9564537977900552,0.899251333430188,0.9451189360806103,0.0,0.0,0.0,0.0,0.09535098406432442,0.3524519142089135,0.4006040204079863,0.09535098406432442,0.3524519142089135,2.8956789258532717e-14,1.5007865579194485e-14,1.31516207817548e-14,1.0,1.0,1.0,9.223222084669733e-17,9.718826344780602e-17,7.014514848245799e-17,1.0,1.0,1.0,1.0,1.0,1.0,1.0,0.9981903952127277,0.001809604787272281,1.1582259150238694e-17
longdress_7.ply,longdress.ply,Color Noise,1,7.526923076923,806806,806806,106.39321684837341,1.9418106079101562,0.996806469426813,0.9978414072469662,0.9977917360451096,0.7645503244865665,0.46817380036623973,0.4563243175812914,0.20866371880921591,0.4660208726556049,0.47559743041868857,0.6874987363231637,0.5297969733416779,0.6601479995953525,0.0,0.0,0.0,0.0,0.09535098406432442,0.3524519142089135,0.4006040204079863,0.09535098406432442,0.3524519142089135,2.8956789258532717e-14,1.5007865579194485e-14,1.31516207817548e-14,1.0,1.0,1.0,9.223222084669733e-17,9.718826344780602e-17,7.014514848245799e-17,1.0,1.0,1.0,1.0,1.0,1.0,1.0,0.9981903952127277,0.001809604787272281,1.1582259150238694e-17
longdress_8.ply,longdress.ply,Color Noise,1,6.709615384615,806806,806806,105.77694749832153,1.9593429565429688,0.9951015407756348,0.9966654221052464,0.9966061726477905,0.645404944869479,0.330101100444579,0.32749765803633507,0.3119277130213541,0.5880256785336457,0.5904087159667712,0.5482330625923721,0.3919817206392038,0.5140854469158184,0.0,0.0,0.0,0.0,0.09535098406432442,0.3524519142089135,0.4006040204079863,0.09535098406432442,0.3524519142089135,2.8956789258532717e-14,1.5007865579194485e-14,1.31516207817548e-14,1.0,1.0,1.0,9.223222084669733e-17,9.718826344780602e-17,7.014514848245799e-17,1.0,1.0,1.0,1.0,1.0,1.0,1.0,0.9981903952127277,0.001809604787272281,1.1582259150238694e-17
longdress_9.ply,longdress.ply,Color Noise,1,4.927295918367,806806,806806,105.34916734695435,1.9538307189941406,0.9931693252073847,0.9953053373320977,0.9952873895858516,0.5368255712311207,0.23341946382949277,0.23952436482623118,0.4057989548787443,0.6764272517138901,0.6728336670800693,0.4303712796721515,0.29019005493862726,0.3927589100963195,0.0,0.0,0.0,0.0,0.09535098406432442,0.3524519142089135,0.4006040204079863,0.09535098406432442,0.3524519142089135,2.8956789258532717e-14,1.5007865579194485e-14,1.31516207817548e-14,1.0,1.0,1.0,9.223222084669733e-17,9.718826344780602e-17,7.014514848245799e-17,1.0,1.0,1.0,1.0,1.0,1.0,1.0,0.9981903952127277,0.001809604787272281,1.1582259150238694e-17
longdress_10.ply,longdress.ply,Color Noise,1,4.90625,806806,806806,105.36304879188538,1.945709228515625,0.9910423756384127,0.9938106246976562,0.9938216817940158,0.4425086798258935,0.16729006315825867,0.17909993884664155,0.48784548842042147,0.7410960511050856,0.7336920702704367,0.3358791677547737,0.21664325326838466,0.29774019869288554,0.0,0.0,0.0,0.0,0.09535098406432442,0.3524519142089135,0.4006040204079863,0.09535098406432442,0.3524519142089135,2.8956789258532717e-14,1.5007865579194485e-14,1.31516207817548e-14,1.0,1.0,1.0,9.223222084669733e-17,9.718826344780602e-17,7.014514848245799e-17,1.0,1.0,1.0,1.0,1.0,1.0,1.0,0.9981903952127277,0.001809604787272281,1.1582259150238694e-17
longdress_11.ply,longdress.ply,Color Noise,1,4.091666666667,806806,806806,105.03132724761963,1.9358940124511719,0.9886178260013017,0.9921768442757577,0.9922437633893582,0.36404166103874186,0.12207409618831014,0.1367342018996769,0.5578088169986327,0.7887636675128717,0.7796366580911918,0.2627988106459371,0.16384418096162826,0.2262013986248416,0.0,0.0,0.0,0.0,0.09535098406432442,0.3524519142089135,0.4006040204079863,0.09535098406432442,0.3524519142089135,2.8956789258532717e-14,1.5007865579194485e-14,1.31516207817548e-14,1.0,1.0,1.0,9.223222084669733e-17,9.718826344780602e-17,7.014514848245799e-17,1.0,1.0,1.0,1.0,1.0,1.0,1.0,0.9981903952127277,0.001809604787272281,1.1582259150238694e-17
longdress_12.ply,longdress.ply,Downscaling,2,8.161538461538,806806,685785,105.9955222606659,1.9440727233886719,0.9955779323543997,0.9986930282363671,0.9985477681119955,0.9424802224556535,0.9385035161516818,0.9345477572192163,0.9188062368326766,0.9191938481372882,0.921059106884707,0.9443822798326257,0.9443562955471319,0.925841927105506,0.15013566133676065,0.08362631386865657,0.08177662769339814,0.05414915244120602,0.09535098406432442,0.3524519142089135,0.4820096873386723,0.1600804599912516,0.35042822562597986,0.18917148602050923,0.1156676665375272,0.03513401099951242,0.9347385995421236,0.9045457525183365,0.9474166050601623,1.0113784673226658,1.0125819704783643,0.8975035860716457,0.9320014501760542,0.8728115464749386,0.9977067392109756,0.9477383081442818,0.4244838368539801,0.9398425592108648,0.943627060235567,0.59087412496878,0.4170202085460476,0.00046987489733623446
longdress_13.ply,longdress.ply,Downscaling,2,8.38137755102,806806,564764,105.95298671722412,2.012298583984375,0.9919403223965921,0.9975995025986595,0.9973119788054529,0.893060903034285,0.8834722035804762,0.876015914439769,0.9261883861605265,0.9247516030018628,0.925860399468429,0.8937438860659993,0.8912015314529057,0.8620857953497892,0.3021522782537933,0.1690356033139534,0.16558814384961645,0.1076389358113372,0.09535098406432442,0.3524519142089135,0.567680213017556,0.22828833321092706,0.3482759010686302,0.26684280566813495,0.1546008746297177,0.07292706595778672,0.8432399101501783,0.8128449279077995,0.8950059962608639,1.0026719313120267,1.0032024031167803,0.9128129640351578,0.8517264565372891,0.7339609043806442,0.9959108109250515,0.9411288402925168,0.4090162154800019,0.8886203318084575,0.8948005939561737,0.5771897228290032,0.4337129458604765,0.0009349798140019766
longdress_14.ply,longdress.ply,Downscaling,2,7.744897959184,806806,443743,105.90266442298889,1.9379463195800781,0.987396698184068,0.9961373834676115,0.9956455546190421,0.8348307044341171,0.8185884714204783,0.8081515314135784,0.9356756273144652,0.932201602137065,0.9328420039713847,0.8338470230901149,0.8277055781321981,0.790527864892968,0.4621874796020627,0.2605427865480924,0.2553837534972834,0.1618170945885291,0.09535098406432442,0.3524519142089135,0.6635564281186941,0.3034706435863635,0.34593632157907706,0.3719558742503193,0.2058757114845989,0.12952600713638932,0.7346007838536305,0.7009085205453206,0.8163383023584322,0.9995323589508169,0.9989753444314031,0.9126539606483113,0.7492219254321466,0.5812572432903549,0.9933951396269793,0.9298782061502417,0.370113179293443,0.8330536190939484,0.8394329502799578,0.5459586129754325,0.4791648421143714,0.0019777253324907685
longdress_15.ply,longdress.ply,Downscaling,2,5.7578125,806806,322722,105.09828329086304,1.9345779418945312,0.9815222935978449,0.9941601848318552,0.993400739267662,0.768112262417731,0.7456331387934915,0.7325201513128103,0.952650197743999,0.9476636612115488,0.9480920823065063,0.7647148382135764,0.7549309329268016,0.7123396771193028,0.6458952716623271,0.36802407197338916,0.3612527672141954,0.21920311128428993,0.09535098406432442,0.3524519142089135,0.7839519326149214,0.39592983316433505,0.3438685311974561,0.5188216494675519,0.26978066536006795,0.22345118445840606,0.6000862655901706,0.5679818531196014,0.6969595545415376,1.0000145830607141,1.0001679022348167,0.9133788934829012,0.6159231698200127,0.41798708239620236,0.9894172965283415,0.9211596335462546,0.35205393232592724,0.7721717410380672,0.7760179685909052,0.5320100545110297,0.4983587668082784,0.0037744227250324177
longdress_16.ply,longdress.ply,Downscaling,2,4.421875,806806,201702,106.50426244735718,1.9417648315429688,0.9733821136712645,0.9913113314815424,0.9901636133995164,0.6885638825076674,0.6584527909910811,0.6429813527397423,0.9705008825764911,0.965577533261698,0.9658997168331361,0.6830372365972839,0.6669724687708953,0.6256079391637323,0.8984444075606955,0.5197062645152872,0.5145852478410652,0.2845123445260842,0.09535098406432442,0.3524519142089135,0.9733960117269223,0.5363916074100765,0.34170069891026467,0.7924591621491061,0.37964421052980546,0.41165496350785163,0.43166734176782506,0.40437950563424935,0.5090860148621977,1.0001935685560954,1.000228682971187,0.9179758418847909,0.43548242480383537,0.2497455385762989,0.9809209448294843,0.9101198969698563,0.33422012632542436,0.7027737677038247,0.7009775691573662,0.516911834739851,0.517650451715873,0.008768881862790324
longdress_17.ply,longdress.ply,Downscaling,2,2.126923076923,806806,80681,106.49108123779297,1.9475173950195312,0.9594127107239007,0.9857885905556122,0.9839654013561395,0.5753625368182361,0.5394437559042181,0.5175041364232134,0.9859265633809521,0.9838872529062499,0.9840612121669986,0.5681577258113695,0.543131234755166,0.5115545816391038,1.4682748335776044,0.8865282838358383,0.8726353813943211,0.367033322187096,0.09535098406432442,0.3524519142089135,1.479353619268413,0.881191531997072,0.3374799688851148,1.5878110529258707,0.6632967018723719,1.0113126405082082,0.21094335829028163,0.19541237184061142,0.21402516814171726,1.000661050786293,1.0003767690647014,0.9328249081986263,0.18752487165681098,0.08826999611981728,0.9500984938094919,0.8871511490200159,0.3207657448234507,0.6001081706347133,0.587033025382765,0.5020812180477806,0.5301045435593966,0.026507281044109793
longdress_18.ply,longdress.ply,Downscaling and Color noise,3,9.171875,806806,685785,107.15450477600098,1.9670944213867188,0.9954814209175172,0.998580056266745,0.998438776185712,0.9215843449672961,0.8334532541373838,0.8176003242788484,0.9202983911552931,0.9269879515999552,0.9291937879627876,0.91037739502217,0.8580206390964908,0.8876177062366198,0.15014306158260474,0.08361249512121512,0.08190454041151674,0.05416208758453004,0.09535098406432442,0.3524519142089135,0.4820250077932955,0.16021401538336463,0.3504183058270972,0.1889103340433534,0.11554601001655776,0.03530069663403695,0.9347447731155839,0.9045528661466451,0.9475415381560276,1.0112144955300348,1.011925660492205,0.897368030710464,0.9319320468160799,0.8728055767200577,0.9977021629336462,0.9476580010448142,0.4242806471066426,0.939978527411855,0.9437455965912632,0.5908453437013944,0.4163604920728261,0.00047845480636861344
longdress_19.ply,longdress.ply,Downscaling and Color noise,3,6.783333333333,806806,564764,107.45037460327148,1.9930152893066406,0.991085082768196,0.9965537367909478,0.9963137661013735,0.7145017252492986,0.4439615251899847,0.4273482738194038,0.938360260810705,0.9554386251007689,0.9567768484514609,0.6468107881294256,0.4995314783416279,0.6124695988039403,0.3021710565208316,0.16927639948385312,0.16580659802552608,0.10746552637439193,0.09535098406432442,0.3524519142089135,0.5676943666422651,0.22835163610366502,0.3479154168596112,0.2679827254292666,0.15559312476262868,0.07285720123393759,0.8431710081575853,0.8130672289624782,0.8947006750073395,1.0027314137359864,1.0027549063121464,0.9131875986871025,0.8514884355516307,0.7340706515737659,0.9959241389480132,0.9411224242562384,0.40985673999318617,0.8892089571281867,0.8953037806259755,0.5781472113858671,0.43226933782028715,0.0009826061759299026
longdress_20.ply,longdress.ply,Downscaling and Color noise,3,5.849489795918,806806,443743,106.73207902908325,1.9514999389648438,0.9861158646784721,0.9945053003217047,0.9941160052206426,0.5907377069851792,0.3107887854540811,0.3022472874316341,0.9516134527447356,0.9667995776056169,0.9669747014701956,0.5086646607693792,0.36455445325314106,0.4699226245303721,0.46224801629689843,0.26095798586393454,0.25544685924290345,0.16139640700706342,0.09535098406432442,0.3524519142089135,0.6638053326473485,0.30357244873675343,0.3460113593387013,0.37097742756433016,0.2052381003556776,0.12915385344435437,0.7344654477002385,0.7010153115904619,0.8164986347090428,0.9991262870543414,0.9993394502813883,0.9127351503129404,0.7492639816337707,0.5812281342381108,0.9934356250170904,0.9299934701712522,0.3709676801340687,0.8328462279635539,0.8392311123458669,0.5467554967084737,0.47767527854229225,0.0019476028349198764
longdress_21.ply,longdress.ply,Downscaling and Color noise,3,4.136538461538,806806,322722,106.88640809059143,1.9368057250976562,0.9797914801753955,0.9919822376665159,0.991348944274027,0.4867863213634466,0.22003323587348145,0.2188268944074138,0.9679316726077148,0.9781397206089789,0.9774558892243123,0.39779051907255014,0.26845100004168876,0.358401029928103,0.6454133060399254,0.36670239195730825,0.36182948313178986,0.21899747991194327,0.09535098406432442,0.3524519142089135,0.7833607141193201,0.3962790646285678,0.3437255498246549,0.5188305884172598,0.27001240687521055,0.22363461216506234,0.6002363027486672,0.5679217764621162,0.6970442642251363,0.9998379581715456,1.0000912384585046,0.9130282498821807,0.6159995053435555,0.41808249328005453,0.989414456595678,0.9212601790720878,0.35172890886306263,0.771956177887528,0.7757794492892539,0.5310737749273144,0.49989988406846275,0.0038896487518825513
longdress_22.ply,longdress.ply,Downscaling and Color noise,3,3.623724489796,806806,201702,106.27799224853516,1.9235916137695312,0.9714230255546702,0.9887188211773291,0.9876584563284674,0.39778514452266694,0.15813463467093816,0.16342990072689054,0.9818159289469972,0.9869125232475287,0.9859298770438081,0.3092248978488856,0.19957641571142373,0.27122317350332253,0.8982564932140767,0.5198480375556094,0.5145966225725785,0.2841229578441705,0.09535098406432442,0.3524519142089135,0.9735545432387375,0.5362032722922976,0.34210439119229286,0.7902150496040891,0.37706998518342,0.4119178007007469,0.4315286855637173,0.40439826584390337,0.508743664410647,0.9997565127127442,1.000025987647269,0.9179461582003395,0.43530159353789877,0.24970139415500484,0.9809311698327604,0.9107115212211161,0.3358706739301668,0.7028543922788554,0.7009450923231528,0.5182899845989694,0.515902121925454,0.008667933065017138
longdress_23.ply,longdress.ply,Downscaling and Color noise,3,1.790384615385,806806,80681,105.73221278190613,1.9440193176269531,0.9571665382545467,0.983285908415648,0.9815864819627007,0.3214135184627578,0.11524509793510025,0.12381104710077967,0.9921458213498048,0.994061975686076,0.9937316742638642,0.23914806809026143,0.1488803074694569,0.20412662412518204,1.4721623174877858,0.8884888001633037,0.8763204795619043,0.3658224984964839,0.09535098406432442,0.3524519142089135,1.4840715614358408,0.8848728059869881,0.3381100747450233,1.6007549244784642,0.6722700181653815,1.0127909307297722,0.21105317487878322,0.19571899733354917,0.21497919691654724,1.0003574998231382,1.000103957798025,0.9327600117414848,0.18793886836476456,0.08834014442347954,0.9499908988111073,0.8860574780217325,0.32112169460363654,0.5998071752175667,0.5867308956521937,0.503486629048823,0.5286960080318797,0.02741864939879498
longdress_24.ply,longdress.ply,Downscaling and Geometry Gaussian noise,4,7.833333333333,806806,685785,107.93353486061096,1.9569931030273438,0.9952085371657269,0.9985685498543617,0.9984112063210014,0.9362349693909091,0.9307288667610152,0.9260780696575767,0.917608644898606,0.9167427445233068,0.9183927612670947,0.9379818778670186,0.9371077724838067,0.9178189945685729,0.48917842011512036,0.27236523008604335,0.26223939936244206,0.19237737177213846,0.09535098406432442,0.3524519142089135,0.636868435782269,0.2818755934945322,0.37502111200716093,0.22206928616467134,0.13520912418525813,0.0432204589923594,0.933487717033957,0.9068987512723311,0.8236168110914165,0.9991952878097784,0.9986888775732771,0.9145991569126621,0.8866242557066841,0.8744650089203471,0.9942635960345456,0.9461813450172072,0.4298456306970465,0.8894694795247894,0.8751606463445757,0.594205975081944,0.4099606979796487,0.0007403228839088691
longdress_25.ply,longdress.ply,Downscaling and Geometry Gaussian noise,4,6.640384615385,806806,564764,107.49501729011536,1.9942474365234375,0.9911524098108664,0.997290638554235,0.9969676958167156,0.8755642207487344,0.8625579706506806,0.8532911167812792,0.9353074387844709,0.9333621991474107,0.9343414775889243,0.8753702477687605,0.8701595826985092,0.8402950517868821,0.6886157005828649,0.369959609111534,0.36453466556180747,0.295052576204529,0.09535098406432442,0.3524519142089135,0.7758388201165488,0.37748001511652407,0.4038085702979415,0.3189428982934564,0.18524730665631267,0.088658507410929,0.8450935217148625,0.813172861217905,0.5842136401391093,0.9993613250049449,0.99929957752998,0.9330445957025759,0.7379846677730736,0.7345338007173717,0.9823517634584743,0.9332102100984591,0.3853293613838064,0.7362954198669199,0.7152426362908016,0.5593016916636733,0.45949235570800073,0.001780745823534159
longdress_26.ply,longdress.ply,Downscaling and Geometry Gaussian noise,4,5.166666666667,806806,443743,107.2661681175232,1.9354133605957031,0.9853643468587886,0.995306341756628,0.9947436255708648,0.7953566486413702,0.7711195017687865,0.7575057598187939,0.9589605106550463,0.9563018552475325,0.9570559607678002,0.7917930193560594,0.7791224018310525,0.7435809316361085,0.8954468701941998,0.4673425004309821,0.46500692463287574,0.409557743779792,0.09535098406432442,0.3524519142089135,0.9580104393354183,0.47456079675406365,0.4875110273631035,0.44384658173203456,0.24388522720050718,0.16394090852086957,0.7369110896489529,0.7008480174642211,0.30122657637982725,0.9995937801794795,0.9996659757624003,0.9500380468990353,0.5431142917556933,0.5749346423219938,0.9436220948129564,0.9125690570363654,0.3501014504048834,0.4888400144231934,0.46177135355530025,0.5306158832017038,0.4990465893332096,0.00512895007448278
longdress_27.ply,longdress.ply,Downscaling and Geometry Gaussian noise,4,3.191666666667,806806,322722,107.23832392692566,1.9390487670898438,0.9737863410632105,0.9910423350525762,0.9899467507191936,0.6659444466443881,0.6271514335750841,0.6071220957615066,0.9854187199238938,0.9842236960051597,0.9843292877368722,0.6570928824026807,0.6323057963921229,0.6003153927750725,1.281152212325697,0.6533270755501391,0.6512430241464935,0.6170233458329711,0.09535098406432442,0.3524519142089135,1.3332337913832268,0.657960897044995,0.6825932059526406,0.6684760910352192,0.33576123742948116,0.3261058711938194,0.5940694853065664,0.5568021406772043,0.08904305151043516,0.9999529461784498,0.9999060794408423,0.9683999779938494,0.3194134776224428,0.3764203380598152,0.7866695086429387,0.8055944670113561,0.3253237734475883,0.22822459263764097,0.19680549740000725,0.499078624795595,0.531178708379793,0.030194061527489022
longdress_28.ply,longdress.ply,Downscaling and Geometry Gaussian noise,4,1.4453125,806806,201702,106.635573387146,1.9451866149902344,0.9653399911612496,0.9878633621635721,0.9862043832566563,0.5949523781452257,0.5512042071871673,0.5285895303940734,0.9914589560184924,0.9905794217677825,0.9906090335664756,0.5849265965017976,0.5545973499801397,0.5286226898073347,1.6597249452136988,0.8438619941304792,0.8416723068718737,0.8035295459051758,0.09535098406432442,0.3524519142089135,1.6980366087842884,0.8467984367288367,0.8515942551560896,0.9264771486972634,0.43634415247556696,0.5096247492873739,0.42298822501690186,0.39272664659365236,0.04920231187404089,1.0000230807013304,0.9998729574512907,0.9702752667803786,0.20491651609163605,0.21546083098519456,0.7389803329349108,0.7654418308407427,0.3202610984365388,0.20226771549246517,0.170351813238874,0.4883800047643336,0.5398312846608374,0.05064183433376808
longdress_29.ply,longdress.ply,Downscaling and Geometry Gaussian noise,4,1.075,806806,80681,104.44061183929443,1.9433517456054688,0.9508383962742318,0.982618999139379,0.9798032761739474,0.5039099658123021,0.45011962129983335,0.42589163934566826,0.9967103044440486,0.9962034407144825,0.9961472535705683,0.49438999558982943,0.4518702895542699,0.4432214416638851,2.656896815030047,1.3450971044738425,1.3472500626332353,1.2924414347596678,0.09535098406432442,0.3524519142089135,2.6794860861507668,1.351207666165625,1.3193600187607823,1.6966162458711527,0.7289166195957523,1.0678542481707156,0.20315883185645725,0.18639491460741311,0.01769942647252606,0.9999756366980688,0.9996023735031525,0.9736341824389787,0.08656402107219105,0.07270720983449745,0.673721890800526,0.7055743668163866,0.3147587985121761,0.17877611380874694,0.14634135366779247,0.4727989808314606,0.5528877984537508,0.09481187523008391
longdress_30.ply,longdress.ply,Geometry Gaussian noise,5,7.358333333333,806806,806806,107.04592227935791,1.9171714782714844,0.9976569043355983,0.9993058903555351,0.9992247135979617,0.9700538371825878,0.9676871864308306,0.9656424244029904,0.90518575188465,0.9050029923511358,0.9068722773973658,0.9723802751174259,0.9730554270550029,0.962494710429378,0.4289181907129152,0.23760894071996735,0.22851543249966075,0.171866210015993,0.09535098406432442,0.3524519142089135,0.5974361056436484,0.25005668005324955,0.3787935163373842,0.16337899925219737,0.10037875269172478,0.025878099098045452,0.9763821563087135,0.9757081165180537,0.852261175327744,0.9896953962606911,0.9889609389665978,0.9055284164652577,0.9484408375193104,0.98481686412753,0.9930917797321123,0.955883587602128,0.4797596376497145,0.854483215321378,0.8403822691603186,0.6334783904501463,0.3535886551146849,0.0005079724408479998
longdress_31.ply,longdress.ply,Geometry Gaussian noise,5,6.985969387755,806806,806806,106.14533066749573,1.9469337463378906,0.9964839828058627,0.9989568963079215,0.9988347772902701,0.9495461301074707,0.9438454670876042,0.9396428138739504,0.9276897386808842,0.9264497608810693,0.9278655247883408,0.9521330027814395,0.9513085907742789,0.9363010957089201,0.5894791950337633,0.31393669138781527,0.30859646699878696,0.259705878157705,0.09535098406432442,0.3524519142089135,0.7006786062455019,0.3237102728343877,0.3971192002607522,0.21717619995330512,0.13009526938149568,0.04716708636931565,0.9668231545704671,0.9663965999759512,0.6321948815701119,0.9970522715331486,0.9968998114647991,0.9360566227427118,0.8666800624070086,0.972043427710639,0.97494720102788,0.9413149629847873,0.417209823211044,0.6400039442750134,0.6196790279243561,0.5842389543174795,0.4233928793554404,0.0013372881398489964
longdress_32.ply,longdress.ply,Geometry Gaussian noise,5,4.55,806806,806806,106.38989543914795,1.9439773559570312,0.9932979540393765,0.9978969753706597,0.9976727514917575,0.894368120360251,0.8788388801876525,0.8696674673147005,0.955446472026474,0.9540131646955377,0.9547130231549971,0.8947036877768169,0.8878621986123146,0.8654174113006022,0.7229192205290329,0.37245501067264036,0.37084927126946265,0.3406331241053207,0.09535098406432442,0.3524519142089135,0.8100613766930818,0.3828570736214867,0.4481723935919609,0.29830880341373256,0.17074329286237275,0.09315927031112263,0.9539516173913484,0.9524463549490306,0.34557113038589443,0.9993297714935196,0.9992405750077117,0.9600526843392585,0.7314210721333739,0.9463223833154955,0.9063778512276569,0.896702261719291,0.3649331760714435,0.36411609296938346,0.33656757937130216,0.5414409385426343,0.481469056606908,0.005342645892919135
longdress_33.ply,longdress.ply,Geometry Gaussian noise,5,2.515625,806806,806806,107.05610990524292,1.9451370239257812,0.9808250854890598,0.9933948297270416,0.9926597248270557,0.73431454849815,0.6992754738148886,0.6804563528429459,0.9871830145233363,0.9862089084430251,0.986425032794043,0.7267845831752991,0.7056740609492529,0.6745483154493067,0.9365042086046683,0.47272191523020357,0.47265128269548845,0.45937993769679636,0.09535098406432442,0.3524519142089135,1.0140596073112187,0.48199518410232994,0.5569765273452679,0.4468827694787615,0.22715963977602657,0.21669272218346725,0.9312752737261791,0.9128970546056655,0.12453182890202703,0.9996255404158753,0.9996174873231886,0.9778266078932083,0.5394570441953097,0.8352612209487521,0.6336613603562341,0.6682354015070672,0.3242504820002226,0.1615366126165627,0.12929002313782187,0.48386573156517093,0.5373678000369821,0.06833850238560497
longdress_34.ply,longdress.ply,Geometry Gaussian noise,5,1.987244897959,806806,806806,107.70340609550476,1.9574050903320312,0.9736203117318923,0.9907735421832814,0.9896018456543967,0.6641364458509519,0.6230878439016723,0.6015425355672607,0.9930903584832828,0.9927213293188423,0.9925991039905999,0.6546173767924356,0.6279217937035797,0.5990298467702398,1.0367797386274948,0.5218765734320967,0.5211850854602286,0.5120553559272308,0.09535098406432442,0.3524519142089135,1.1095934762963242,0.5302070141546464,0.6035451863888038,0.5100762315997157,0.24809773102695776,0.2711447590949129,0.9098227397829947,0.8795135868747525,0.09095105623411144,0.9996184219876728,0.9997247935881858,0.9821822769121072,0.47606141203261365,0.7481999250947312,0.4925180105790059,0.5303255860852785,0.31746876918973793,0.13523941826731223,0.10238882513739984,0.45442473814209816,0.5568317234611788,0.14938507142791818
longdress_35.ply,longdress.ply,Geometry Gaussian noise,5,1.448979591837,806806,806806,108.4239456653595,1.9575843811035156,0.9606578508551344,0.9859593738319662,0.9837512888474731,0.5627868188587513,0.513944726519581,0.4886339423096864,0.9978055863428927,0.9978791798307987,0.9977400403509261,0.5517665610043955,0.5156654156047339,0.4973967235935179,1.2187815327834615,0.6119114116764772,0.6108938070663691,0.6050959460401606,0.09535098406432442,0.3524519142089135,1.283705688042493,0.6186254729383517,0.6872198298151015,0.6080068396680964,0.27976706174871996,0.3519926841489066,0.8350255150590788,0.789834629305779,0.05976020777215933,0.9999569517751482,1.000076830307849,0.9870212871469601,0.38180521564244246,0.5783983735068305,0.29755590100426027,0.3349187679025487,0.3088263475923276,0.11569582127909973,0.0821727502522733,0.40183899784318233,0.6051985324410056,0.36351763433230044
longdress_36.ply,longdress.ply,Color noise and Geometry Gaussian noise,6,8.325,806806,806806,106.01924633979797,1.9516143798828125,0.9975207807995273,0.9991371277060698,0.999051464324662,0.9493019873345175,0.8600559889995232,0.8459014322131733,0.9075357142717865,0.9150749881200261,0.9171376857944624,0.9390906060685956,0.8865013825555454,0.923070414230618,0.4286358813063683,0.23749580346498553,0.22812418678406557,0.17190759869056696,0.09535098406432442,0.3524519142089135,0.5971739448496772,0.24940561336215014,0.37906942643834085,0.16312301642159177,0.10025579997989796,0.025663033476574445,0.9763517127267838,0.9756259076138092,0.852653283324989,0.9899118848377886,0.9893010734361446,0.9055028526058013,0.9485593753507567,0.9847952315512495,0.9931129487685514,0.9557403842522828,0.47891956073136965,0.8548690936525738,0.8407754087109032,0.6329908593752072,0.35420013627531616,0.0005216525079119098
longdress_37.ply,longdress.ply,Color noise and Geometry Gaussian noise,6,6.008333333333,806806,806806,108.00520324707031,1.9489326477050781,0.9950154672708589,0.9975039659645751,0.9973673557423617,0.7484605367586207,0.4620656374743022,0.4467269573739251,0.940591973585183,0.9582512141344489,0.9600954931192583,0.6755357011896977,0.5210071293533756,0.6460275961430978,0.5894529104628629,0.3136320183795022,0.3086966289153691,0.2598029533809772,0.09535098406432442,0.3524519142089135,0.7003133838483071,0.3238669910969551,0.3969547728274173,0.217775660799197,0.13053915766472957,0.04750802917077664,0.9667037918009267,0.9662652256160785,0.6320029990852611,0.9969915292378619,0.9969860943972482,0.9360619587715105,0.8664919257742882,0.9718119254120257,0.9747690676213097,0.9411046742614958,0.41626557567516065,0.6398406832248175,0.6194080359272732,0.5835180015979042,0.42379874680896884,0.0013335121867518865
longdress_38.ply,longdress.ply,Color noise and Geometry Gaussian noise,6,4.825,806806,806806,106.91284704208374,1.9646453857421875,0.9913362402568516,0.9958433795756553,0.9956480463346439,0.6154487601803689,0.32054063979545044,0.31256747680925273,0.9671859282728504,0.978744675151704,0.9789870589522778,0.526643367199916,0.37665934816071817,0.4901052736274841,0.7226708600964884,0.3722205213500085,0.3708455933283998,0.3404347302953805,0.09535098406432442,0.3524519142089135,0.8097450170337236,0.38268213632639625,0.44836633747313365,0.29774964903930956,0.17030047109277643,0.09337144367173963,0.9541111832916997,0.9524953937155952,0.3466536914683194,0.9990465699283956,0.9993101550602133,0.9601773963905481,0.731904583575623,0.9465720436525769,0.9067751992299533,0.8971355844085289,0.36540584989924124,0.3651429587098079,0.3376724716214308,0.5419835886227125,0.48080556049667744,0.005280504386917794
longdress_39.ply,longdress.ply,Color noise and Geometry Gaussian noise,6,2.330769230769,806806,806806,108.27591514587402,1.9454231262207031,0.9792234342507996,0.9914403750869296,0.9907492080686146,0.47798288755237417,0.21692447509887183,0.21611507708036276,0.9911468956787892,0.9942498754823504,0.9939408459612873,0.3913128845138193,0.26381658365380267,0.3521660101909118,0.9364282398862034,0.47405036320999927,0.4722498946930556,0.45846993746905806,0.09535098406432442,0.3524519142089135,1.014611517333158,0.48203091346522164,0.5567110527719779,0.44659482170595927,0.22715014762901886,0.216990998506525,0.9316673940099135,0.9133194909232017,0.12454048058003891,0.9999503896962203,0.9999092804202689,0.9776295419595693,0.5395120512441465,0.8358724157144263,0.6334497281055869,0.6678047903934927,0.32484752071917034,0.16152042409307846,0.1292651551662641,0.4834111551742532,0.53715281477606,0.06840585837628359
longdress_40.ply,longdress.ply,Color noise and Geometry Gaussian noise,6,1.783333333333,806806,806806,108.16405272483826,1.9471321105957031,0.9715125427322615,0.9883072146806293,0.9872215165144583,0.3922525498152523,0.15680979193712144,0.16084226350507436,0.9956011611568938,0.9974264248342292,0.9972372502296218,0.30518070674853576,0.1965442790897689,0.26743668109845115,1.0377014984214001,0.5217352815970319,0.5226045371529883,0.5122418775280099,0.09535098406432442,0.3524519142089135,1.1107890043076705,0.5316643883869586,0.6045352644553329,0.5126763565950765,0.24865345772882105,0.2736146530120895,0.9096963373279533,0.8791921918750226,0.09060532613058409,0.9997116774574811,1.0001010541428232,0.9822550560228254,0.4756808716687232,0.7477600951543492,0.4898110046749824,0.5288347130162021,0.31571120434007865,0.13497438920662258,0.102035449402903,0.4520427302554595,0.5590237390750717,0.1521672825755881
longdress_41.ply,longdress.ply,Color noise and Geometry Gaussian noise,6,1.433333333333,806806,806806,107.28731894493103,1.9414215087890625,0.9583093341337262,0.9832999749793431,0.9811396933417161,0.31790878464079425,0.11375672223111326,0.12226994935579391,0.998821847638026,0.9991886405864766,0.9991193764659286,0.23619862176979572,0.1469303169324555,0.20123455851750588,1.2217938320501076,0.6118039445410732,0.612298191260787,0.6089659434228307,0.09535098406432442,0.3524519142089135,1.2872654230511906,0.620098575769608,0.6911960592806081,0.6078848025784809,0.27853453828440244,0.35350213523754886,0.8350250539243845,0.7903130669699818,0.05979046079802778,0.9999186788437121,1.0000790978617524,0.9872531489546118,0.3818948127756174,0.5784579579137209,0.2967890555882979,0.33208219135723166,0.3107707604219343,0.1155825098397563,0.08212885152278508,0.4030107033600543,0.6040343070197233,0.3672918093336715
statue_0.ply,statue.ply,Octree-based compression,0,6.908333333333,499886,429261,66.85201239585876,1.2488899230957031,0.9924023684372674,0.9981321455078034,0.9989059275545943,0.9346852060736742,0.9156339302228267,0.8792009684113687,0.9114484153562695,0.9152748024808273,0.9204425075573116,0.9382709339344982,0.9208796151797621,0.9239535211955479,1.7783693609025881,0.8976313216855873,0.893251878451077,0.8856203690305386,1.1484640437130005,2.357753225747688,3.675180033940644,1.5164495746687787,2.5382777951395146,0.8267078904148923,0.4691848859610259,0.24052353969344684,0.9365349238271505,0.9035838722362247,0.8396074469192587,0.983973269492779,0.9767441991508283,0.8911742964613956,0.8935858013408893,0.9024342367299351,0.9841320038458718,0.9321852666473927,0.6381513547177046,0.9003757423943946,0.8835188769425312,0.744175050907246,0.20192225016838286,0.00464851497808244
statue_1.ply,statue.ply,Octree-based compression,0,7.6328125,499886,342017,66.71984481811523,1.1894798278808594,0.9887221199025746,0.9965989056621698,0.9980933988951204,0.8822365812650487,0.8646593373426632,0.8371680928440658,0.9284650961283382,0.931615210053153,0.9363108203216252,0.8875549994964572,0.8742165464609025,0.8635722621961093,2.2573189717198336,1.1339878220963915,1.1344836504763118,1.12995804157325,1.1484640437130005,2.357753225747688,3.959114735415948,1.688515033187044,2.6413454287428926,1.2012029717439763,0.675292221718902,0.433096838303848,0.8365533514759581,0.7837597041776241,0.7065004151220711,0.9932168234214453,0.987230477061039,0.9153780566110243,0.7722909049442085,0.7669588956307035,0.9756651668704844,0.9110839264988786,0.5447562613085598,0.8612029448326859,0.8371711354947544,0.6785581772778394,0.2797457078006489,0.009497752890342883
statue_2.ply,statue.ply,Octree-based compression,0,6.168367346939,499886,273224,66.40519905090332,1.2269783020019531,0.9843798185203434,0.9949018484163554,0.9972211720663564,0.832823460855645,0.8176835143984139,0.7977286211754389,0.9407099306687474,0.9426529122463341,0.9467349027692928,0.8400281028458934,0.8303589562574692,0.8083543371092692,2.694670439411847,1.360385946033216,1.3570310850218892,1.3390474184200927,1.1484640437130005,2.357753225747688,4.241410177007851,1.8592694890322121,2.736825391506262,1.5859828633541226,0.8806426891847067,0.6471440110821424,0.7381728867917877,0.6738703161959163,0.5944945617466603,0.9956915329587122,0.9910735097255581,0.9308540640573858,0.663161432801149,0.643736629299855,0.9678482214678733,0.8944182197976215,0.47433136226364947,0.8309588163441817,0.8019313585248196,0.627703603140656,0.3450300863803721,0.014621280301558355
statue_3.ply,statue.ply,Octree-based compression,0,4.938775510204,499886,200229,67.1837568283081,1.1938858032226562,0.9784166531482809,0.9925248008653057,0.9960084540330332,0.7738739643403669,0.76120525213089,0.7494149038488523,0.9540516198208054,0.9549109880539449,0.9583578435327383,0.7830006472384735,0.7769859150643534,0.7438610045107344,3.327090368660378,1.668414832410403,1.6687034488470769,1.6728242673602094,1.1484640437130005,2.357753225747688,4.710929442182571,2.113086128462231,2.9458070363812316,2.1208199685152747,1.1532880918550688,0.9697908720543662,0.6097206039775692,0.5390392936008929,0.4616434915185735,0.9975143957774381,0.993652724638022,0.9459307417038917,0.5282693328846175,0.49468023495441676,0.9577150702235449,0.8776564949626293,0.40769919836356544,0.7971139867173205,0.7625983031968524,0.5768633616489893,0.4127979883395645,0.022093339237764888
statue_4.ply,statue.ply,Octree-based compression,0,3.015625,499886,124970,66.71803498268127,1.1993179321289062,0.970160871636334,0.9890510425884209,0.9942663838677083,0.7019485738019456,0.6887504476497105,0.6883825372416864,0.9699955495289273,0.9694772417422215,0.9723796002240671,0.7128232699842052,0.7086449409964941,0.6670889721742042,4.3719997755585345,2.193445950284027,2.1962362188731808,2.191556478577547,1.1484640437130005,2.357753225747688,5.5271136560102425,2.566113764070832,3.28355022810904,2.936018840472799,1.5189761501271877,1.520567587196211,0.43960738778380604,0.3746230041662644,0.31299750698580475,0.9989548537985272,0.9955311898915877,0.959493673015795,0.36520483621726246,0.3201466661620077,0.9463657932532638,0.863302432946521,0.35693587791033776,0.7634481670126902,0.7257416941286309,0.5378527038357046,0.4661670075610255,0.030553255304818425
statue_5.ply,statue.ply,Octree-based compression,0,1.453125,499886,49749,65.58701848983765,1.1960563659667969,0.9565354881392115,0.9823669063796509,0.9911030692680061,0.6041849597204827,0.581617445830557,0.5937506195716163,0.9883880912208444,0.9854599882990218,0.9875914005083454,0.616561537703799,0.6069805967448192,0.5665774645865973,7.06384968237524,3.545049631393218,3.5352786975323096,3.552740721557207,1.1484640437130005,2.357753225747688,7.870604707616081,3.795517115413042,4.3426474838998645,5.149587142877604,2.330522334638254,3.2446895025524753,0.21123668498185952,0.1719124491220403,0.13886208688982207,0.9997833963457694,0.9975348201637823,0.9719992691701616,0.16449955394537408,0.1263324497014119,0.9288662048947365,0.8458861715852432,0.31686596019592655,0.7186676968042166,0.6798756477383829,0.5042142410638499,0.5123617991822178,0.043594380669723404
statue_6.ply,statue.ply,Color Noise,1,7.40625,499886,499886,66.86453342437744,1.2616920471191406,0.9995071743715965,0.9994967684259815,0.9995947396248381,0.9847056019546441,0.9132026448455747,0.8396281003331574,0.011495496623247252,0.0787968752192699,0.14165510833984687,0.9763581714771274,0.9106846663623089,0.9748371292521493,0.0,0.0,0.0,0.0,1.1484640437130005,2.357753225747688,3.1106909877937876,1.1484640437130005,2.357753225747688,7.715066680552392e-14,4.3159598081375305e-14,2.7010843356194036e-14,1.0,1.0,1.0,8.834004329896573e-17,8.015401470936629e-17,7.663454134760106e-17,1.0,1.0,1.0,1.0,1.0,1.0,1.0,1.0,0.0,1.137217146338009e-17
statue_7.ply,statue.ply,Color Noise,1,5.459183673469,499886,499886,67.17061710357666,1.2078514099121094,0.9974750405485459,0.9974337559684789,0.997926779819251,0.8317092213507858,0.4867554512982487,0.3695918775729502,0.15158002927988995,0.4421903950398279,0.5464053907470539,0.7388133500402209,0.514375546395314,0.7189422857630293,0.0,0.0,0.0,0.0,1.1484640437130005,2.357753225747688,3.1106909877937876,1.1484640437130005,2.357753225747688,7.715066680552392e-14,4.3159598081375305e-14,2.7010843356194036e-14,1.0,1.0,1.0,8.834004329896573e-17,8.015401470936629e-17,7.663454134760106e-17,1.0,1.0,1.0,1.0,1.0,1.0,1.0,1.0,0.0,1.137217146338009e-17
statue_8.ply,statue.ply,Color Noise,1,6.4,499886,499886,67.06818222999573,1.19921875,0.9961153764456979,0.9960648932786786,0.9967803629454589,0.7211585106878978,0.34373878207726055,0.24393489452956071,0.2463045836674919,0.5664986992427355,0.6615565214008817,0.6017443194851811,0.37455802896374685,0.5743281386687238,0.0,0.0,0.0,0.0,1.1484640437130005,2.357753225747688,3.1106909877937876,1.1484640437130005,2.357753225747688,7.715066680552392e-14,4.3159598081375305e-14,2.7010843356194036e-14,1.0,1.0,1.0,8.834004329896573e-17,8.015401470936629e-17,7.663454134760106e-17,1.0,1.0,1.0,1.0,1.0,1.0,1.0,1.0,0.0,1.137217146338009e-17
statue_9.ply,statue.ply,Color Noise,1,5.899234693878,499886,499886,66.96767234802246,1.2103729248046875,0.9946032508075692,0.9944723878716246,0.9954761046414864,0.6160781446690943,0.24705384194698396,0.16512461301973172,0.3365694994965114,0.6556301731277581,0.7394955733497941,0.4851576051012747,0.27570956656441764,0.4542714814044605,0.0,0.0,0.0,0.0,1.1484640437130005,2.357753225747688,3.1106909877937876,1.1484640437130005,2.357753225747688,7.715066680552392e-14,4.3159598081375305e-14,2.7010843356194036e-14,1.0,1.0,1.0,8.834004329896573e-17,8.015401470936629e-17,7.663454134760106e-17,1.0,1.0,1.0,1.0,1.0,1.0,1.0,1.0,0.0,1.137217146338009e-17
statue_10.ply,statue.ply,Color Noise,1,6.588461538462,499886,499886,67.89953351020813,1.1846389770507812,0.9928485189194634,0.9927189087125962,0.9940470101515364,0.5235038054681074,0.18063531629556062,0.11471831571565722,0.41742020514325306,0.7211253521981619,0.7932852395993211,0.3908690766413817,0.20592336848323373,0.35926689405776396,0.0,0.0,0.0,0.0,1.1484640437130005,2.357753225747688,3.1106909877937876,1.1484640437130005,2.357753225747688,7.715066680552392e-14,4.3159598081375305e-14,2.7010843356194036e-14,1.0,1.0,1.0,8.834004329896573e-17,8.015401470936629e-17,7.663454134760106e-17,1.0,1.0,1.0,1.0,1.0,1.0,1.0,1.0,0.0,1.137217146338009e-17
statue_11.ply,statue.ply,Color Noise,1,5.107692307692,499886,499886,68.39629864692688,1.1994895935058594,0.9909394588141138,0.9907681095851744,0.9924748390803768,0.44501761669430384,0.1346463423015457,0.08199827143130169,0.48862658036761,0.7709860631574024,0.8324150662227454,0.3161878357084571,0.1564170614445187,0.28546137498479607,0.0,0.0,0.0,0.0,1.1484640437130005,2.357753225747688,3.1106909877937876,1.1484640437130005,2.357753225747688,7.715066680552392e-14,4.3159598081375305e-14,2.7010843356194036e-14,1.0,1.0,1.0,8.834004329896573e-17,8.015401470936629e-17,7.663454134760106e-17,1.0,1.0,1.0,1.0,1.0,1.0,1.0,1.0,0.0,1.137217146338009e-17
statue_12.ply,statue.ply,Downscaling,2,7.825,499886,424903,68.33801031112671,1.2090721130371094,0.9950148504492217,0.9982731105528547,0.9990640566007454,0.9375406732455656,0.9389949188028981,0.9413522711092684,0.9224839093151794,0.922898733253942,0.9237340466441323,0.9415981547528781,0.9468771782498379,0.9277723739519337,0.4993390533835063,0.28391082154240344,0.2772519929748137,0.16853026303304774,1.1484640437130005,2.357753225747688,3.29254559999579,1.3037368301946277,2.3330780574105994,0.8407014569459621,0.48227132042557264,0.22816633477622666,0.9337244275580822,0.9105611031312341,0.9269500298210156,1.0082974968700913,1.0009956521922558,0.8955084553135515,0.9290578232325808,0.9068130530238251,0.9880019421700355,0.9304496914632158,0.6624935328638161,0.9383823310310597,0.9324348152244124,0.7554685066859866,0.18757800079838033,0.0043571574337437574
statue_13.ply,statue.ply,Downscaling,2,6.133333333333,499886,349920,67.96381425857544,1.1999702453613281,0.990986765764647,0.9968856426598074,0.9983136255259518,0.8873874801409005,0.8885115424395676,0.8944977441685812,0.9306585326472542,0.9320408167030036,0.9347796732016698,0.8931661221637738,0.8995827071790625,0.8697365306330939,1.0447012876581339,0.5940764621294218,0.5772934524548625,0.35721941563556975,1.1484640437130005,2.357753225747688,3.5000913276848062,1.4786633761772807,2.3031457796626458,1.2806517066352936,0.7177204315519738,0.42214449543478305,0.8491264209364485,0.8155144642594787,0.8598861810571953,0.9964453891770195,0.9908099377957588,0.9089571862069427,0.844738385909027,0.7978481766432298,0.9814759279515871,0.9049866522361227,0.5933512355142305,0.9001153837168817,0.8937871598518508,0.7006154327855756,0.2474384907714965,0.009187353861822052
statue_14.ply,statue.ply,Downscaling,2,6.054846938776,499886,274937,67.57135462760925,1.194244384765625,0.9860594018131836,0.9951014224804814,0.9973820594561704,0.8317979104302227,0.8314536024455744,0.8412603882992254,0.9404517735877265,0.941338714808756,0.9445528203317847,0.8389747514763821,0.8454256129504782,0.8066280878554966,1.6651332596523343,0.9461096703660934,0.9166823879253316,0.5781723866585868,1.1484640437130005,2.357753225747688,3.7448781349865725,1.6823413285158382,2.265550287920887,1.8494741517955415,1.0293187843233538,0.6772270710471099,0.7473979052242039,0.700836332387315,0.7760780191412574,0.9973434313554248,0.9923930796857866,0.9228507840239264,0.7421087375382044,0.6701012759898622,0.9746332104676014,0.877845688608029,0.5170076395440545,0.8594980925133907,0.8535372082781111,0.6408309273858486,0.32362755670607496,0.015685268023637882
statue_15.ply,statue.ply,Downscaling,2,3.965384615385,499886,199954,67.58598947525024,1.197479248046875,0.9797194523485258,0.9927237330636477,0.9961533718511526,0.7671420343028658,0.7649178494697539,0.7790267823591934,0.9538596796617951,0.9540373183200471,0.9571300030851874,0.7754569917946568,0.7800615538372876,0.7351634292836762,2.42748092308101,1.379345017993399,1.3286844064188734,0.8545929156425708,1.1484640437130005,2.357753225747688,4.082545597147781,1.949045123236823,2.22400430218528,2.5921972404033604,1.430962072773786,1.0328146657351733,0.6195845070809474,0.5631097859913217,0.6678506884181918,0.9990033040470279,0.9943408006410606,0.9402398910128096,0.6133057553204176,0.5192646616343771,0.9669120915557456,0.8518854798512359,0.4507534248073404,0.8148067273048198,0.8097074326351732,0.5877042693918564,0.39528052493299537,0.02296079174068405
statue_16.ply,statue.ply,Downscaling,2,3.4921875,499886,124972,67.29073238372803,1.2069129943847656,0.9712762747604959,0.9892637678036429,0.9944055109186183,0.6906289603319633,0.6831427459436682,0.6993339841301327,0.9702968611861384,0.9696123388909982,0.9721457364173421,0.699853913556926,0.6984109722372411,0.65315648659068,3.529144459109654,2.0122712295470406,1.9268948809846285,1.2463747489562862,1.1484640437130005,2.357753225747688,4.64578208732122,2.3681252757690148,2.155109862437586,3.785646261460111,2.0623560713264015,1.640693004349238,0.4525019168106876,0.39486984591485863,0.5222841672009588,1.0002359025111573,0.9968046453856384,0.9580987499075034,0.4472987084882198,0.3415913898200026,0.9571679111099595,0.8253739123087784,0.39103441268960804,0.7623564584142112,0.7577710491902484,0.5395474780186325,0.4640342662152401,0.032075341044226977
statue_17.ply,statue.ply,Downscaling,2,1.1875,499886,49989,65.72093272209167,1.2210960388183594,0.9570725610532073,0.9826486804221781,0.9912594352137445,0.5787491415079736,0.558194844725737,0.5826595457860192,0.9887208399219707,0.9864702629956708,0.9882294387009596,0.5873112877101051,0.5739070153298259,0.5367435584159623,5.943112349101002,3.475870963820395,3.242921778319354,1.9911717679331844,1.1484640437130005,2.357753225747688,6.262195382489552,3.4206031809850614,2.0973454099515116,6.864466573278187,3.5538117870137826,3.4574746373529477,0.22119757625506892,0.18390150304166827,0.29082676261147467,1.0009020806275644,0.9976980461426717,0.9729753431683205,0.21704595515323286,0.1372632996377031,0.9399091914929453,0.8002299125053354,0.34896585353125276,0.6913779567697397,0.6829867503198608,0.5036043652322403,0.5124223593733128,0.04706592206274942
statue_18.ply,statue.ply,Downscaling and Color noise,3,7.141666666667,499886,424903,67.55200481414795,1.223236083984375,0.994961343533006,0.9981732620312058,0.9989324072268181,0.9302769243473389,0.8737209410180818,0.8110645599786777,0.9234523364699756,0.9286112576207909,0.9337675786420978,0.9270346726648024,0.8748543927229696,0.9135410124387701,0.4997707872389966,0.28545710126537116,0.27716936671341974,0.16776969285307675,1.1484640437130005,2.357753225747688,3.2942885605862715,1.3048049601493625,2.333144362094612,0.8418236093830253,0.48316084559673367,0.22811378672306143,0.9337666312844927,0.9105516894214607,0.9269353310994031,1.0089828661512792,1.001308653884021,0.8957105582209176,0.9290079776408995,0.9068094572986174,0.9880468705276396,0.9303743171199435,0.6621600862780123,0.938661272797414,0.9326675349725984,0.7554878860687868,0.18724487337689974,0.004407650390831333
statue_19.ply,statue.ply,Downscaling and Color noise,3,6.762755102041,499886,349920,67.11696887016296,1.2198257446289062,0.9904895123544567,0.9957200000303578,0.9971613793146746,0.7692962426709173,0.463930613807601,0.35560968733094817,0.939266299014009,0.9589512019662704,0.9670474859589343,0.6931562543487921,0.4873006822258075,0.664500909396342,1.0446918577088662,0.5943898988775537,0.5764981145351397,0.35774447105957846,1.1484640437130005,2.357753225747688,3.497539263885054,1.4773993523517903,2.3025236489259213,1.2862763914692756,0.7220737511717618,0.42384609720225597,0.8490992822029627,0.8151758226142253,0.8592532198411664,0.996362347288921,0.9908070172540255,0.9091304304340847,0.8444508719163398,0.7975948140713708,0.9814842628237396,0.9051368803862787,0.5919594012747881,0.9001878538899394,0.8937722828801171,0.6998827551963511,0.24856697424457133,0.009087063375960762
statue_20.ply,statue.ply,Downscaling and Color noise,3,6.1328125,499886,274937,66.69965887069702,1.1889152526855469,0.9852632134316912,0.9933265227728918,0.9956300960247921,0.6509774323864806,0.32366304230746207,0.23504498802488785,0.9512473218796285,0.9697835598002152,0.9772298888467549,0.5557459704919483,0.3496885515964526,0.5212475695413107,1.6647695208516078,0.9453468049459501,0.9162951206724718,0.5792474594054963,1.1484640437130005,2.357753225747688,3.745576482563234,1.6829603175598395,2.2662548500546227,1.8403783545919898,1.0265038871709278,0.6731357611720584,0.7472340966898834,0.7005401988683866,0.7763160613185353,0.9974928604481718,0.9915529329414796,0.9232136056287706,0.7419821999138805,0.6698966051672862,0.9747187311776825,0.8779140666065084,0.5171965836935994,0.8593015561201433,0.8536563724161281,0.6408824169659778,0.3235128682250591,0.015477262725748191
statue_21.ply,statue.ply,Downscaling and Color noise,3,3.441326530612,499886,199954,66.22336196899414,1.1880950927734375,0.9785447625245032,0.9904146695266934,0.9938046725292662,0.5445817413429959,0.23096127729157956,0.15882188540440745,0.9648531729911233,0.9792212491208299,0.9849732377018997,0.44389322664777053,0.2547038351215289,0.40828191391948815,2.424784355341237,1.3793261614537433,1.3270597750316395,0.8533606511999481,1.1484640437130005,2.357753225747688,4.082220337640619,1.9484695165815,2.222484217252658,2.594434996825202,1.4347459292626836,1.0316039169082682,0.6195634848832369,0.5625873335816852,0.6664974335681145,0.9990364685819331,0.9944704024676155,0.9404265172977037,0.6126062450748968,0.5189220457194739,0.9668422070143253,0.8509652967472512,0.4479378865030988,0.8148037973980179,0.8096269076095747,0.5865684799364812,0.3977265067708492,0.023241416547157175
statue_22.ply,statue.ply,Downscaling and Color noise,3,2.5546875,499886,124972,66.75600075721741,1.2135467529296875,0.9698478770824204,0.986287756429354,0.9913535697063323,0.4525214076683193,0.1687140920589019,0.11107151042188354,0.9786718170537136,0.9867081258842711,0.9914487371283952,0.3546872878403518,0.18871812731397639,0.32064822205247917,3.5230414174602687,2.01204204997954,1.9230758584031502,1.2435027490077386,1.1484640437130005,2.357753225747688,4.646195399886452,2.364439774749842,2.158768915016009,3.7734021396167727,2.05095476988626,1.6449232765704938,0.4521484994085034,0.39495679389298116,0.5203510738080074,1.0003161751606962,0.9966445336467896,0.9577703119461252,0.4465034588494477,0.3413511903852683,0.9571686992866208,0.8257985311076849,0.3931810587555042,0.7634389606880694,0.7586181329755708,0.5411823607590892,0.4611064790348719,0.03219046725834221
statue_23.ply,statue.ply,Downscaling and Color noise,3,1.0,499886,49989,66.90276789665222,1.1983108520507812,0.9559561828241678,0.97936264262678,0.9875425354502428,0.37131069296442515,0.12442736457252056,0.07852175108393424,0.9920745094208514,0.994187672320418,0.9963702971514528,0.2824011427502763,0.14022738869034357,0.2515297262462645,5.9480595736667325,3.4785872107089144,3.251675756814503,1.989364200539158,1.1484640437130005,2.357753225747688,6.264615096170347,3.4271343337082616,2.086804939574939,6.9088013725985835,3.5659826749763255,3.4935683927064396,0.22146246066092234,0.1842253394536455,0.2901588641802544,1.000656917184071,0.9974090009371783,0.9728938306831919,0.21708009433683925,0.13747495064489199,0.9402134790822799,0.8001792099740943,0.35009723293886885,0.6921880069654376,0.6838812005497813,0.5037769924127078,0.5124703087831041,0.047077738045065064
statue_24.ply,statue.ply,Downscaling and Geometry Gaussian noise,4,5.813775510204,499886,424903,67.86020493507385,1.2516517639160156,0.994772342360998,0.9981925807736568,0.9990220402884105,0.9326658461623999,0.9339801109175824,0.9372108572686271,0.9141985907692273,0.9153750137230147,0.9173843252227649,0.9369910287946216,0.9424063995537791,0.9221832825013706,1.619024776736219,0.9105715115124363,0.8812932982254084,0.6065514967937933,1.1484640437130005,2.357753225747688,3.5959663403251714,1.5307628786569176,2.3806036103103523,0.8853191998895381,0.5059121329137614,0.2399426665312405,0.9335887637237537,0.9105249435979714,0.9034018715281861,0.9867447432204186,0.9802097993478673,0.888291986355424,0.9199161075684518,0.9065462407299703,0.9871626178414147,0.9274945927059957,0.6526337328039746,0.9306724025208248,0.9210993940150193,0.747409097772671,0.19620025972400695,0.004640716330901532
statue_25.ply,statue.ply,Downscaling and Geometry Gaussian noise,4,5.808673469388,499886,349920,67.60551261901855,1.2067146301269531,0.9904323685102684,0.9966863097244446,0.9982240837861454,0.8765330006581635,0.8764881729089764,0.8840475676266538,0.9334925868170411,0.9350080165491177,0.9376201902765082,0.882806476356592,0.8883387749665691,0.8575978787862575,2.4912270826813216,1.343120716549137,1.3184685819197357,1.0553917701283595,1.1484640437130005,2.357753225747688,3.971522125061817,1.816415843886442,2.415044753509205,1.3685971437893025,0.770871100849486,0.4401183834227446,0.8514672139363519,0.8124291808532881,0.7871544236299832,0.9928491563463893,0.9870773976189804,0.9143210850748322,0.8164794931997065,0.7950728242685555,0.9791162435642897,0.8996652848082404,0.5641354023578485,0.8804656284557545,0.8659510583399647,0.6787030201864411,0.2764370728872711,0.010023876171414913
statue_26.ply,statue.ply,Downscaling and Geometry Gaussian noise,4,4.765625,499886,274937,67.68546056747437,1.1975517272949219,0.9845436899438224,0.9944932300415341,0.997091040436802,0.8050188716678559,0.802129382749315,0.8144075674520161,0.9527295372463888,0.9539874151210094,0.956658295650531,0.8126782128491272,0.8154658765084314,0.7770783943847839,3.3540204504941076,1.7553029144845715,1.727993154059107,1.5391437278691587,1.1484640437130005,2.357753225747688,4.418219997057891,2.108074035956368,2.5103157529233733,1.948820854256108,1.0859374562759296,0.7007841289837566,0.7503953622611512,0.693280192415088,0.607613793802486,0.9955522343538369,0.9904526856058589,0.9376773380507689,0.6763050378056901,0.6607143436693752,0.9641502349914068,0.875343394467262,0.48146053367449276,0.8049214452450706,0.7797044547552177,0.6141040586145227,0.3602002563053897,0.01830996563597034
statue_27.ply,statue.ply,Downscaling and Geometry Gaussian noise,4,1.916666666667,499886,199954,67.3333694934845,1.2192039489746094,0.9743985283374289,0.9903239311346418,0.9949711394758842,0.6961654236153304,0.6852999697274631,0.7061809941147619,0.9798595914998071,0.9796458309956727,0.9811520818626308,0.704692279165034,0.699211938093681,0.6588515818686475,4.618981554597828,2.365746934321377,2.3360244815871978,2.2236493808969215,1.1484640437130005,2.357753225747688,5.3881263497111,2.610878138570546,2.9496650061140444,2.7750368535462298,1.5037126138244485,1.1585081495321925,0.6185556341892203,0.5412365304682315,0.3272548281391204,0.9979039252930207,0.9940021871564996,0.9614021476193162,0.46818417588546307,0.48322502308288956,0.8892993601181636,0.8472791935762021,0.38692654142105876,0.6316668468922833,0.5776896931002387,0.5379614953293229,0.46243313638202516,0.03645513327741466
statue_28.ply,statue.ply,Downscaling and Geometry Gaussian noise,4,2.073979591837,499886,124972,67.03575372695923,1.20184326171875,0.9654570548604525,0.9865399260029455,0.9931622867350585,0.6243682385493614,0.6073966555099377,0.6330183102588242,0.9884847150120378,0.9873873792146135,0.9889989469084732,0.6333406393708091,0.6220856037856692,0.5837908623715875,5.867588944869919,2.9948795103428623,2.9749461170912244,2.8288127643469165,1.1484640437130005,2.357753225747688,6.4793408152038,3.1813748455183277,3.4295615026887782,3.8688083343061543,2.0387121018714653,1.797414260265275,0.44724847723516437,0.37919856562255755,0.2137948704128512,0.9990481421712017,0.9958271526287759,0.9684163814901673,0.3191204965591953,0.3110514899938026,0.8673990922316761,0.834614983971737,0.35834692229051757,0.6073333299131987,0.5490580972800231,0.5123260861761876,0.4955594183099889,0.04676627151184999
statue_29.ply,statue.ply,Downscaling and Geometry Gaussian noise,4,1.0,499886,49989,66.79592251777649,1.1897926330566406,0.9515596793835228,0.9799914020737925,0.9899819639567384,0.5258748372751021,0.4982932061067822,0.5238039629682854,0.9959495005192187,0.9948025711046331,0.9953846987162098,0.534135021928141,0.5111283252667868,0.48360671609101624,9.169179841420753,4.690301267702784,4.6584951377066455,4.406726819235817,1.1484640437130005,2.357753225747688,9.560169262305616,4.779661576507525,4.823761124638713,6.82498100416293,3.390854002577646,3.6890456520652175,0.21559255833792046,0.17514989767276393,0.08972607099356025,0.999949098337016,0.9967541669728865,0.9765159707427382,0.14151484294071184,0.12158843954865566,0.8358161274857089,0.8158074648390375,0.3331224048927572,0.5807080073452243,0.5179550493632878,0.4898191254512527,0.5286294006161893,0.0631404142780824
statue_30.ply,statue.ply,Geometry Gaussian noise,5,6.795918367347,499886,499886,68.10065412521362,1.2524681091308594,0.9976623520241789,0.99918373182092,0.9995567509153754,0.9692859806648761,0.9699462728649928,0.970950994576268,0.884432467217648,0.885254130967741,0.8867072439317498,0.9719998667907296,0.9754370122251413,0.9648978388822707,1.3449508712106124,0.7601604492916916,0.7320298434628878,0.502164419083284,1.1484640437130005,2.357753225747688,3.489485107636223,1.4331610837732438,2.4081721380939993,0.544438776480514,0.31233361505792495,0.11733090827793724,0.9788178249379001,0.9759219441390572,0.9474923788903431,0.9601871943650905,0.9505824775539875,0.8562328566592228,0.9818834339286954,0.989177459333146,0.9907626069614899,0.949013766234152,0.7259562149375673,0.9474075093557563,0.9373705912350532,0.8038474109275322,0.13602945683271622,0.002082613484229294
statue_31.ply,statue.ply,Geometry Gaussian noise,5,6.525,499886,499886,68.13603639602661,1.2250137329101562,0.9966164797600842,0.9988219308331243,0.9993585008842806,0.9516992549851653,0.9523993527971613,0.9542875356124957,0.916206056563601,0.9177549141858832,0.9200095471251972,0.9558518538741237,0.9605378090243756,0.944920873048919,2.049341289784314,1.094311774225765,1.0820131938764865,0.8838242061025149,1.1484640437130005,2.357753225747688,3.776125419385257,1.6496665836932332,2.4507433398091996,0.7502849743422643,0.4288940993784884,0.1858971464408989,0.9695502016778912,0.9656575653468784,0.8797212982433708,0.9815718200666352,0.9737723899617978,0.8930617795447597,0.9572963552570252,0.9806209448827032,0.9814791925146289,0.930874998397797,0.6534821314595443,0.8826483840584342,0.8658899673877507,0.7480627451320633,0.195834556691251,0.004119156966572018
statue_32.ply,statue.ply,Geometry Gaussian noise,5,6.536989795918,499886,499886,67.55577349662781,1.2036590576171875,0.9940638893285678,0.9979137240137311,0.9988698073464377,0.9109618238888537,0.9097700254362352,0.9154075276945802,0.9429797498958288,0.944933630543546,0.9471266014031244,0.9169856482496229,0.9217235405275234,0.8979793310000654,2.6648699436732795,1.3766122435133326,1.3641665440975823,1.2524049398891082,1.1484640437130005,2.357753225747688,4.038864655361408,1.8305588432010336,2.504205364764416,1.0755560419263916,0.60325083853442,0.3397691596729059,0.9551403897382296,0.9476884043475061,0.724872231414748,0.9910465718898018,0.985205694062052,0.9257641909601194,0.8961281943787585,0.9624508375305164,0.9473132164796392,0.9010454405567133,0.5565838569214747,0.7412687499612598,0.7077422442093069,0.6732954237326566,0.28352532295124505,0.010697056832967409
statue_33.ply,statue.ply,Geometry Gaussian noise,5,2.85,499886,499886,67.73607873916626,1.2007522583007812,0.9835076366506963,0.9938861838774743,0.9967733102844388,0.7845125499936126,0.777169815682306,0.7940185204541383,0.9783350770868154,0.9789929293661567,0.9808357003640318,0.7924469392924445,0.792224300537994,0.7553270443507875,3.365917671001783,1.7059873558749064,1.694917915049066,1.6484787895052122,1.1484640437130005,2.357753225747688,4.509437484210558,2.0764177687642276,2.720995305806535,1.817410253565332,0.9422903425565491,0.853063706356263,0.9327103679663461,0.9006800711752264,0.4435225912993532,0.9963308324349224,0.9928220060218471,0.9598316082114532,0.7501489704643587,0.8931545503744965,0.7744444478820225,0.7909350509503117,0.4110287030843877,0.5077070806461133,0.43968239779023033,0.548975928622322,0.4326427484978021,0.04911306684288303
statue_34.ply,statue.ply,Geometry Gaussian noise,5,1.625,499886,499886,67.28480792045593,1.2151107788085938,0.9769690269140471,0.9912519740728517,0.9954348257563022,0.7208014669724251,0.7111233185359959,0.7324376647696861,0.9876042416448559,0.9876858440114177,0.9887740568859753,0.7291681592704534,0.7257950658972934,0.6857489790506762,3.6546395008267876,1.8425371229972727,1.8371144680435072,1.8017947973493498,1.1484640437130005,2.357753225747688,4.779299246091231,2.204008644291178,2.8684922093447396,2.1737009942567624,1.082141403998439,1.143935590030663,0.9227595949742434,0.8704485004209831,0.3563962061686851,0.9976959994140618,0.9946315211949366,0.9685175625017027,0.6845903173319785,0.8372498239131974,0.6488952646875044,0.6991665624022161,0.36471958754092876,0.4455335224631944,0.36706005303199246,0.501719628425249,0.4864366076919492,0.09167310703075507
statue_35.ply,statue.ply,Geometry Gaussian noise,5,1.690051020408,499886,499886,67.70134282112122,1.2016639709472656,0.9646252819230877,0.9861540509898458,0.9929464114482734,0.6186340120635622,0.6022995970429639,0.6299863737252601,0.9961930053943827,0.9958288798359624,0.9961587621640334,0.6274704959663494,0.6158703612430922,0.5782107755142619,4.217398959981633,2.1192296597151303,2.1166924628489228,2.0899409656246557,1.1484640437130005,2.357753225747688,5.306560443975536,2.461194989913739,3.136079080188115,2.7965399004057208,1.2925429750283102,1.6727750723549502,0.8848402883834784,0.7957356917538887,0.2531239245080522,0.9984701735072967,0.996262277964562,0.9811665072340747,0.5755423550060895,0.7105814561658076,0.42444096717283625,0.5019798513843257,0.3225236678796125,0.38504246949351517,0.2964758346998766,0.4347698797769169,0.5547267192411209,0.24637074732879494
statue_36.ply,statue.ply,Color noise and Geometry Gaussian noise,6,8.121153846154,499886,499886,67.93539452552795,1.2288627624511719,0.9975801828839009,0.9989848430650925,0.9993559299065751,0.9620788632807159,0.9009158935527056,0.8323380308231332,0.885945277625736,0.8941347402228652,0.9022613200492219,0.9579762506873701,0.9018592805398513,0.951066656774766,1.3457695697919156,0.7604463185988273,0.7332980214395176,0.5013771538291614,1.1484640437130005,2.357753225747688,3.490391921331361,1.435450800875394,2.407376686559868,0.5451193121218267,0.31316008260965533,0.11744553084742292,0.9788131923697575,0.9759442460261698,0.9477505697439822,0.9605094150505263,0.9509204599979431,0.8559055960850662,0.9819331347258917,0.9891524704528738,0.9908137545818503,0.94910490255462,0.7261599662361808,0.9476465016771676,0.9376500769915659,0.8038065260544442,0.1364293425980277,0.0020447009597485822
statue_37.ply,statue.ply,Color noise and Geometry Gaussian noise,6,6.784615384615,499886,499886,67.3253231048584,1.1931228637695312,0.9955889180691121,0.997096799814789,0.9977790345138697,0.8144123084797149,0.4834249238908767,0.3672014473084354,0.9277983698122433,0.952334595748542,0.9614106484808246,0.7287803065319161,0.5094556759310193,0.7062983181531619,2.050799448333476,1.097327811042705,1.0824442584296556,0.8833310462356523,1.1484640437130005,2.357753225747688,3.776184746787119,1.6477672060515671,2.4513288893519087,0.749960674155703,0.4293796670395756,0.1865818905664893,0.9695506588785022,0.9654944070326872,0.8789917215637849,0.9813273341028734,0.9740986758588694,0.8930655708232577,0.9570523561663568,0.9805831753571613,0.9813576736616998,0.9305528526967661,0.652466494745316,0.8819504768536246,0.8650883270505682,0.7479854400226994,0.19572303926068582,0.004385691832591718
statue_38.ply,statue.ply,Color noise and Geometry Gaussian noise,6,5.184615384615,499886,499886,67.08538866043091,1.217376708984375,0.9926622149913686,0.9953674947676425,0.9964821956365716,0.6928205366978766,0.33658282926814365,0.24040526312349775,0.9550630354261564,0.973682681537577,0.9796924356846747,0.5845380481503551,0.3651471358214868,0.5542483176000618,2.662033799057812,1.3757198679335463,1.3643177030599567,1.2502905111359959,1.1484640437130005,2.357753225747688,4.036707981092761,1.8280653140503649,2.5041426641232905,1.0777032839167526,0.6047851418412594,0.34095691819153295,0.9550460950664555,0.9474873554717592,0.7246736229653851,0.9907641227997551,0.9856674911116144,0.9258242256334606,0.8961628619517727,0.9624071457762382,0.9470583691096294,0.9008311496323637,0.5551283987228517,0.7410788794719957,0.7074258221909004,0.6730202786288279,0.2832120291319681,0.010713057266096705
statue_39.ply,statue.ply,Color noise and Geometry Gaussian noise,6,3.1796875,499886,499886,66.88983821868896,1.2178192138671875,0.982166163544713,0.991176707576303,0.9941877472273315,0.5513107968445289,0.23306145847486273,0.15925479913798332,0.9838223570476868,0.9901102081427491,0.9936821030660056,0.4475103992078929,0.2560636408520125,0.4129393179071735,3.3698864150095624,1.7079995124906169,1.6952691434184353,1.6514420165654127,1.1484640437130005,2.357753225747688,4.513718975928958,2.0795885832655636,2.722636079420449,1.8129806270360647,0.9431782268535988,0.8487177151746654,0.9326473593775945,0.9005436201914034,0.4431366256268056,0.9965322805975471,0.9927496772090492,0.9595507208057051,0.7496362128169167,0.8927308904408234,0.7732332175542727,0.7907494418236835,0.4099450472602531,0.5074053050260925,0.4393084770922119,0.5488690183419326,0.4320542401759699,0.04969612579504102
statue_40.ply,statue.ply,Color noise and Geometry Gaussian noise,6,2.463010204082,499886,499886,67.18648791313171,1.2024803161621094,0.9755589583856622,0.9880952334373563,0.9921176317488901,0.4621114735463549,0.1694461062885462,0.11119234663775762,0.9909875289099058,0.9949924166689553,0.9964190941478103,0.3588037028785305,0.18993631479603815,0.3254031005824391,3.654946562422185,1.8424564119955522,1.8351719758862266,1.804002045597996,1.1484640437130005,2.357753225747688,4.769227820846352,2.1992721788215572,2.8595865653018437,2.1764433924544453,1.0820949714395105,1.1441459364375917,0.9228734369841172,0.8703243736871016,0.3566137775426068,0.9971846181494108,0.9944797959401458,0.9690551909045414,0.6847798630923875,0.837300695227164,0.6491398664307377,0.6991894647636844,0.36494117574417423,0.44569189410463306,0.3671661649729446,0.5020017179878814,0.4863195425067889,0.09225425974853377
statue_41.ply,statue.ply,Color noise and Geometry Gaussian noise,6,1.617307692308,499886,499886,68.2246482372284,1.2018852233886719,0.9631218855427077,0.9824559003933249,0.9891201101787684,0.38038664409108164,0.12549472831207192,0.07889920049223886,0.9971499888421393,0.9983814577774969,0.9988425434365382,0.28573452769229446,0.14163933821119745,0.25472322517772955,4.217468403028313,2.120012800044198,2.120253293423383,2.0863583503105474,1.1484640437130005,2.357753225747688,5.303322289424933,2.4609563138877073,3.1337458926838035,2.806058465711864,1.3037047521252567,1.6709882763097026,0.8851713487526178,0.7954574286329511,0.253393883918499,0.9985164754706423,0.9966210532834189,0.9805226883701855,0.5759141834397036,0.7109828459010034,0.4238313415309895,0.5041496077202295,0.31921424436867385,0.3852391537996522,0.2962980007232814,0.4335131819671052,0.559960063788634,0.24596858389002543
shiva_0.ply,shiva.ply,Octree-based compression,0,6.558333333333,1010591,863259,125.27915787696838,2.194660186767578,0.991497513774435,0.9988410415541281,0.9992252524929541,0.9645739164871068,0.9403701003081469,0.9396443826961441,0.8856076846865889,0.8876361974520974,0.891033332410675,0.9657940049430223,0.9582706732354623,0.9591611300904467,0.5182132594345652,0.259986662913598,0.2599627409246988,0.2588981511602476,0.4589559835925983,0.8149487954678222,1.2647693789941234,0.5484823711716393,0.8559395701811034,0.3079864230819619,0.15767365232093808,0.151342572407504,0.9615226705600213,0.9490627684645412,0.917591502278523,0.9605641904906761,0.9464550483124793,0.8723213246802476,0.9526663746322614,0.9413518380336188,0.9847066224909073,0.9331997563343359,0.731783787337644,0.9369662976278378,0.9261033968537045,0.8009081162774363,0.12768263662507165,0.007439433846756448
shiva_1.ply,shiva.ply,Octree-based compression,0,7.834615384615,1010591,724426,124.73732352256775,2.2563400268554688,0.9881918663680133,0.9979233766516787,0.998711616609701,0.9340551826359969,0.9115418442680786,0.9159402564043434,0.9207053008347046,0.9202569205687174,0.92393204426761,0.9364461323150536,0.9357854862654225,0.9243366540596578,0.6276366972219339,0.3163774839464482,0.31591017614285133,0.3116887318151178,0.4589559835925983,0.8149487954678222,1.3130933247709182,0.5815240493676034,0.8656655296829107,0.3463149633511631,0.19050645871618072,0.12702046341171627,0.8968618285199551,0.8593425965148476,0.8199450884918378,0.9854469122471499,0.9730250123690438,0.9070674166546545,0.8587946702534601,0.8166389088860803,0.9776864081213847,0.9137449241499601,0.6397154797551847,0.9124803136387808,0.8943289450077901,0.7377668528579805,0.2002186991039907,0.010501673997613856
shiva_2.ply,shiva.ply,Octree-based compression,0,7.767307692308,1010591,553120,122.18153119087219,2.271099090576172,0.9816766606339108,0.9963432309881838,0.9978045018358717,0.8895875041526462,0.8666121128166229,0.8788115186234006,0.9410392235366444,0.9403547762826645,0.9435971109687482,0.893251479592742,0.899598243852734,0.8738558114258739,0.807258435539133,0.4053141991685377,0.4045162755242221,0.40441758997461985,0.4589559835925983,0.8149487954678222,1.4255752651156464,0.6439756185326487,0.9146838578110671,0.5135417683245432,0.28122884847055307,0.21119949842025584,0.7776460423427789,0.7192860169268178,0.6693254307883088,0.9931953288717146,0.9821745105065767,0.9289404130720724,0.7194407311280756,0.6371100295089452,0.9647238474022979,0.8861613585838373,0.5349694858627617,0.8762007457508453,0.8488264725252377,0.6620171497408229,0.2919898387207726,0.01979812845292665
shiva_3.ply,shiva.ply,Octree-based compression,0,5.991666666667,1010591,389367,124.20144438743591,2.221771240234375,0.9730072584570826,0.9942935920489394,0.9966546597890782,0.8380251195185163,0.8120424565660448,0.8345693930442927,0.956981799596846,0.9569777133430997,0.9593158922760351,0.8428602060087704,0.8547673026432618,0.8159931862773331,1.0644420566490491,0.5397929952535163,0.5371381043563606,0.5242775939517313,0.4589559835925983,0.8149487954678222,1.5752278518390845,0.7396110708902099,0.9515380438383978,0.7558932592839575,0.40202875542297856,0.36130776187249103,0.6305930516501144,0.5612260364495903,0.5021954191938338,0.9959831546124367,0.9864332815443013,0.9457649858374024,0.5587551797222388,0.4511326091993179,0.9462087829635297,0.8594325547317354,0.4487471779063139,0.8318014113320562,0.7959350726231116,0.5956763900564108,0.37527699306590157,0.03333756872224241
shiva_4.ply,shiva.ply,Octree-based compression,0,6.6171875,1010591,245870,124.06786918640137,2.225543975830078,0.9627052462902612,0.9917228969654399,0.9952825806366085,0.7807932359377756,0.7472415652654711,0.7825472144932284,0.9716029090281204,0.9720811605126296,0.973584995350046,0.7858790199817814,0.7988351339956024,0.7524845024644518,1.3949059273444588,0.7024898181259216,0.7014546985802044,0.6945436698680942,0.4589559835925983,0.8149487954678222,1.8382657967219564,0.8786540403656338,1.0705939396537767,1.1179445190075745,0.5586223273660477,0.6205221533209909,0.46537732802304216,0.39763735123919475,0.33321947243429545,0.9977284365478842,0.9901400048941758,0.9583063861665465,0.3890322283672757,0.28044344422720513,0.920517771136409,0.8362008655080151,0.3866292479454355,0.7815454248707001,0.7376006280420098,0.5452330217955961,0.4427285132863503,0.04963039573201083
shiva_5.ply,shiva.ply,Octree-based compression,0,3.262755102041,1010591,109898,121.88355302810669,2.241680145263672,0.944611659427619,0.9871626622573235,0.9932215736234768,0.6891807549382053,0.6443234875656157,0.7066490529583414,0.9862990526869329,0.9868607263125312,0.9878257881871361,0.6934075882594496,0.7056712808177588,0.6534856499432012,2.1368442136853725,1.0726756537985271,1.071817613726329,1.0698390223999124,0.4589559835925983,0.8149487954678222,2.46681638611281,1.2066114691094418,1.354925101955968,2.0827622259092196,0.8800627511606464,1.4229804783073148,0.2606923927764518,0.2118361617445519,0.14636253779269856,0.9995733864942035,0.9930418388262963,0.9693274113049837,0.19297151641181834,0.11883450119254589,0.8552177722301949,0.8008621840094631,0.34334697623575583,0.6880805435224656,0.6308602135989473,0.5026244228292015,0.4982088992112268,0.07642044216777469
shiva_6.ply,shiva.ply,Color Noise,1,8.5,1010591,1010591,124.54859638214111,2.250621795654297,0.9994252878539485,0.9995325417580906,0.9995798802866507,0.9921460863323954,0.9253006773113482,0.9036394513028277,0.004400323310902144,0.06790765853287008,0.08925189522052844,0.988779011737823,0.9417915447094485,0.9882940464825928,0.0,0.0,0.0,0.0,0.4589559835925983,0.8149487954678222,1.131134149815251,0.4589559835925983,0.8149487954678222,3.3554620350716875e-14,1.7303214909372155e-14,1.586563682587545e-14,1.0,1.0,1.0,7.436599832409939e-17,8.054239524133258e-17,7.74276182774176e-17,1.0,1.0,1.0,1.0,1.0,1.0,1.0,1.0,0.0,1.1486178867584788e-17
shiva_7.ply,shiva.ply,Color Noise,1,6.917091836735,1010591,1010591,125.04542541503906,2.203399658203125,0.9970759717758819,0.9976333111002363,0.9978663834659401,0.9193426494485714,0.5067228452954116,0.38058857530639434,0.07391695832664,0.4268106975623225,0.5282129600214018,0.8518862148876902,0.5595092347872743,0.8507468158784153,0.0,0.0,0.0,0.0,0.4589559835925983,0.8149487954678222,1.131134149815251,0.4589559835925983,0.8149487954678222,3.3554620350716875e-14,1.7303214909372155e-14,1.586563682587545e-14,1.0,1.0,1.0,7.436599832409939e-17,8.054239524133258e-17,7.74276182774176e-17,1.0,1.0,1.0,1.0,1.0,1.0,1.0,1.0,0.0,1.1486178867584788e-17
shiva_8.ply,shiva.ply,Color Noise,1,7.844230769231,1010591,1010591,123.84025287628174,2.289165496826172,0.9955007019596915,0.9963881305762542,0.9967491471747645,0.8515781987571476,0.34642303045107176,0.23085468947290164,0.13627599534602652,0.5617913612790566,0.659858166778442,0.7407256705149572,0.4052241824964153,0.7342587678879579,0.0,0.0,0.0,0.0,0.4589559835925983,0.8149487954678222,1.131134149815251,0.4589559835925983,0.8149487954678222,3.3554620350716875e-14,1.7303214909372155e-14,1.586563682587545e-14,1.0,1.0,1.0,7.436599832409939e-17,8.054239524133258e-17,7.74276182774176e-17,1.0,1.0,1.0,1.0,1.0,1.0,1.0,1.0,0.0,1.1486178867584788e-17
shiva_9.ply,shiva.ply,Color Noise,1,7.622448979592,1010591,1010591,125.59770727157593,2.269115447998047,0.9936988218045849,0.9949625144565144,0.9954793648342002,0.7721903506587023,0.2376577130994298,0.14483571469825984,0.2074888544081342,0.6588558834348879,0.7446429328957814,0.6266410019015864,0.29497172733313354,0.613244438108785,0.0,0.0,0.0,0.0,0.4589559835925983,0.8149487954678222,1.131134149815251,0.4589559835925983,0.8149487954678222,3.3554620350716875e-14,1.7303214909372155e-14,1.586563682587545e-14,1.0,1.0,1.0,7.436599832409939e-17,8.054239524133258e-17,7.74276182774176e-17,1.0,1.0,1.0,1.0,1.0,1.0,1.0,1.0,0.0,1.1486178867584788e-17
shiva_10.ply,shiva.ply,Color Noise,1,6.784615384615,1010591,1010591,126.00659799575806,2.282001495361328,0.9916292521106216,0.9933843220919008,0.994065526729132,0.6889127073747006,0.16562843912964625,0.09498340586301735,0.2812040824824241,0.7279672650918837,0.8012179737602637,0.5215260023433467,0.2177870620591055,0.5019349541108429,0.0,0.0,0.0,0.0,0.4589559835925983,0.8149487954678222,1.131134149815251,0.4589559835925983,0.8149487954678222,3.3554620350716875e-14,1.7303214909372155e-14,1.586563682587545e-14,1.0,1.0,1.0,7.436599832409939e-17,8.054239524133258e-17,7.74276182774176e-17,1.0,1.0,1.0,1.0,1.0,1.0,1.0,1.0,0.0,1.1486178867584788e-17
shiva_11.ply,shiva.ply,Color Noise,1,6.244897959184,1010591,1010591,123.47930836677551,2.2393760681152344,0.9892624367357179,0.9916183614765721,0.9925578176255337,0.6083642863956796,0.11855096962539942,0.06492768238713487,0.35300154780758425,0.7789958871170011,0.8408120519705006,0.43097639962978557,0.16383330257154213,0.407064739893297,0.0,0.0,0.0,0.0,0.4589559835925983,0.8149487954678222,1.131134149815251,0.4589559835925983,0.8149487954678222,3.3554620350716875e-14,1.7303214909372155e-14,1.586563682587545e-14,1.0,1.0,1.0,7.436599832409939e-17,8.054239524133258e-17,7.74276182774176e-17,1.0,1.0,1.0,1.0,1.0,1.0,1.0,1.0,0.0,1.1486178867584788e-17
shiva_12.ply,shiva.ply,Downscaling,2,6.975,1010591,859002,126.37705945968628,2.2719497680664062,0.9934114841083811,0.9986192403494318,0.999162498095368,0.9500858297198983,0.9476087784811568,0.9510093111890363,0.911782099318827,0.9095508109740701,0.9123453683775664,0.9522482149930024,0.9596892439188976,0.9427823460418944,0.15873229927783572,0.08658071726652568,0.0850016925994424,0.0638306086566336,0.4589559835925983,0.8149487954678222,1.1764228350388242,0.5001910395450524,0.8054172321832401,0.2736279890201353,0.15584648131350418,0.07575316228944566,0.9383490361828748,0.9194319925860233,0.9370956355993535,1.0003594432246423,0.9847606620456948,0.8985557319112439,0.937551338189887,0.895678939609929,0.9867909292149927,0.9280033871862104,0.7102180828014487,0.9424814908023748,0.9368204156514012,0.786967758090442,0.14600035681641826,0.005809560150488928
shiva_13.ply,shiva.ply,Downscaling,2,6.816666666667,1010591,707414,125.99059748649597,2.2599639892578125,0.9884286323186001,0.9975271584705211,0.9985379591200572,0.9135627743308712,0.908107984636441,0.91607462211123,0.9341571891572231,0.9310800150470291,0.9347915986104254,0.9166015279219671,0.9262814319305054,0.9008791594014014,0.33366055194455213,0.18195349384717271,0.17795892429605042,0.13522724880232107,0.4589559835925983,0.8149487954678222,1.2296560901841074,0.5473539866604407,0.7937974873978251,0.43698277279924597,0.24634694194868473,0.1395221525716233,0.8620408027093927,0.8311304175861483,0.8806626980447092,0.9958349633594105,0.9839012015629198,0.9176277011949485,0.8620791009488886,0.7754629297499189,0.9790189100763407,0.8980105878427597,0.627080282516033,0.9047373388613379,0.898753094767773,0.720933313622948,0.21765047729856837,0.012047077688016768
shiva_14.ply,shiva.ply,Downscaling,2,6.591666666667,1010591,555825,125.60655689239502,2.2792587280273438,0.9823242372936658,0.996173695532308,0.9977816495419333,0.8727186213528322,0.8626261383040352,0.8757425343965614,0.9456888995382803,0.9422452976553766,0.9460902130613674,0.8763617896734429,0.8864938270294316,0.8543888109295465,0.533820954695147,0.29091242549792146,0.2842184484562334,0.21806471027228674,0.4589559835925983,0.8149487954678222,1.2960289373266682,0.6032646218475051,0.781264563092384,0.6344444763545888,0.35589500479344854,0.22641639826609603,0.7669882401791813,0.7236122708142372,0.8048405463676659,0.9955188964705104,0.984251213491612,0.92861284780055,0.7664237398132571,0.6368602705265016,0.9704535262944676,0.8680709069454086,0.5510893027875945,0.8658794047268711,0.8598178029517036,0.6594859456367786,0.2924495312152697,0.020635858699408552
shiva_15.ply,shiva.ply,Downscaling,2,6.331632653061,1010591,404236,122.86449861526489,2.21484375,0.9744660593198922,0.9944091415356994,0.9967900558870948,0.8244362519331477,0.8083778202838166,0.8289075734476468,0.959100619368742,0.9566844623507075,0.959672239480477,0.8285068003067504,0.8381444645780747,0.8001513614145067,0.7811410636149484,0.4278944348496431,0.4144311334338315,0.319761150473647,0.4589559835925983,0.8149487954678222,1.389855560177373,0.679434102295189,0.7646679565574903,0.9099151370811677,0.5066748931556816,0.35583935546892775,0.6455222038804325,0.5925234027044021,0.7002701624379476,0.9975435219806773,0.9880616909998012,0.9420793845436356,0.643307533675899,0.47903791916951505,0.9593978047091978,0.8382189433936248,0.483861320655798,0.821435241921149,0.8143777714355143,0.6040747245659448,0.3645940914961322,0.032198442847978195
shiva_16.ply,shiva.ply,Downscaling,2,5.94387755102,1010591,252648,122.9088830947876,2.2198486328125,0.9635432771079323,0.9918096332464335,0.9954158649245207,0.76210012728714,0.7370390639593739,0.7666467908054281,0.9740655363832438,0.9731350642234207,0.9747373728666252,0.7660427361967516,0.772035918753929,0.7313500982368812,1.1363231094185209,0.6280008182184077,0.6049811066044376,0.4582784525446954,0.4589559835925983,0.8149487954678222,1.5553383604752649,0.8013997388559961,0.7466334372050644,1.368945650844968,0.7471039296877192,0.595784685439045,0.48415163750780854,0.42823858109444535,0.5408308381891879,0.9994155644305802,0.991316305671791,0.9565315274985525,0.4751896082152915,0.3026543424978197,0.9413690105665162,0.8051297480022125,0.42334448616978526,0.7692687059392197,0.7582175730403194,0.5512420821954893,0.4338298276338328,0.05026363600913089
shiva_17.ply,shiva.ply,Downscaling,2,3.4609375,1010591,101059,121.50628566741943,2.2371253967285156,0.9428345558123398,0.9866932308489814,0.9930535367010977,0.6486240036983888,0.6092705987868936,0.6626295410898373,0.9902815261513942,0.9900826475203428,0.9908853709599357,0.6512083503494843,0.6505985802465415,0.609593177812578,1.9069391303573533,1.0926819816523894,1.0241870414387666,0.70898454583762,0.4589559835925983,0.8149487954678222,2.0336849458768795,1.1072960950514366,0.7273883171470618,2.716662126808852,1.3498095838754998,1.49164269275887,0.2575836120253691,0.21586940683469352,0.2592608912377565,1.0008947753104094,0.9941727648402416,0.970616972571415,0.2277297249177441,0.11700871873656152,0.8837600061544498,0.7580232517956206,0.3714141429360019,0.6832476130329961,0.6529696751347187,0.49877572797049835,0.4993697840433077,0.08856876383135606
shiva_18.ply,shiva.ply,Downscaling and Color noise,3,7.401785714286,1010591,859002,124.51484203338623,2.257720947265625,0.993379319131628,0.9985195213472339,0.9990447463749684,0.9476306916356044,0.8922999833184286,0.8772907258469086,0.9124032581875663,0.9154221370880276,0.9196748702801684,0.9468252019848432,0.9134482578435378,0.9377590627282423,0.15882594183734505,0.08654596072061374,0.08498509053692814,0.064042699456635,0.4589559835925983,0.8149487954678222,1.1767502486321535,0.500481889972764,0.8052698399339882,0.2737367565997316,0.1558535346747195,0.07561287233801423,0.9384280989018927,0.9194771136570475,0.9370567316957924,1.0008343006892197,0.9850073266213543,0.8985906144777707,0.937593192671475,0.8957832258492853,0.9867364600038888,0.9281179549945818,0.7111650762452932,0.9425066266905702,0.9368156365074967,0.7875189204226203,0.14502155821061594,0.005800493083246488
shiva_19.ply,shiva.ply,Downscaling and Color noise,3,6.833333333333,1010591,707414,124.15222144126892,2.2606201171875,0.9879199485154133,0.9964624645217032,0.9973715163768857,0.860199718847785,0.48761217665037465,0.3694953108322291,0.9386020000990491,0.9578512546400911,0.9673017901629446,0.8061250469760654,0.5354935525068698,0.794771529704788,0.3334866472467527,0.18162876058462726,0.17792161543959942,0.13523424402936512,0.4589559835925983,0.8149487954678222,1.2301315831623734,0.5476390321398943,0.7943103867929124,0.4367352856697115,0.24580827494100527,0.14095017119184533,0.8621394503014899,0.8312434013466851,0.8802379865202835,0.9954464721796847,0.9840878101906217,0.9177242846272345,0.861789298849494,0.7755430031986968,0.979109958467612,0.8979041801492733,0.6272036130924543,0.9053310464169785,0.899325366409122,0.7208047847933945,0.21739353042869383,0.01224074071278607
shiva_20.ply,shiva.ply,Downscaling and Color noise,3,7.9921875,1010591,555825,123.94983386993408,2.2669105529785156,0.9815196487821234,0.9944760234723033,0.9959065968423392,0.7770985988506129,0.3305672507802637,0.22193160366101083,0.9518451436819023,0.9718733073085779,0.9795061388053132,0.6883174043225372,0.3808744632635015,0.671820847302943,0.5348500933436748,0.29191816621290567,0.2846897380198733,0.21785806249178455,0.4589559835925983,0.8149487954678222,1.297172129743989,0.6043018906998087,0.7810669102111812,0.6362365776467421,0.3564982600755849,0.22645686431508383,0.766651323932507,0.7235141117613287,0.8052122325870782,0.9954248337359384,0.9844475432597308,0.9287550853233254,0.7664750547681428,0.6365192825393035,0.9704580289145508,0.8678130092103954,0.550716647474241,0.8653176962548956,0.8592742039841621,0.6591211200943197,0.292402574490253,0.020789234244563137
shiva_21.ply,shiva.ply,Downscaling and Color noise,3,6.001923076923,1010591,404236,122.90924263000488,2.258197784423828,0.9733983293271279,0.9921155027144893,0.9942411065990151,0.6856676064194652,0.22283161709214555,0.13819925240889477,0.9654689638241287,0.9824031128097275,0.987813675925906,0.5714322020848028,0.2716780190181492,0.5494663096430253,0.7820829233019713,0.42782691005004386,0.41524765642809836,0.32024075526960755,0.4589559835925983,0.8149487954678222,1.389053913635597,0.679204750837214,0.7634352965938346,0.9084180551535894,0.5054678475334119,0.3555422115963844,0.6454211457537067,0.5922401718914835,0.7013987695526954,0.9977983518335277,0.9878281804861356,0.9421928438709608,0.6436022251885108,0.47879149437512836,0.9591894167490325,0.837727790900315,0.4839982385033659,0.8205574229581357,0.8137664187352636,0.6038972563976235,0.36394487965738087,0.03219327064975483
shiva_22.ply,shiva.ply,Downscaling and Color noise,3,5.0078125,1010591,252648,121.9980731010437,2.2335472106933594,0.9624436030487781,0.9891120361808354,0.9922160493456036,0.5924577824849389,0.15532298509700704,0.0906579573066094,0.9790423642846701,0.9900955746331399,0.993546427911332,0.4672915741419043,0.19797019161175905,0.44124175403137955,1.1361572721863586,0.6278731324821328,0.6044399134883558,0.4588191501474537,0.4589559835925983,0.8149487954678222,1.5536684220430461,0.8009811756235282,0.7445896179321727,1.3606735301574544,0.7407203889305767,0.5939110032017685,0.4837997531947085,0.4278165953652915,0.5430877400998727,0.9995018589500617,0.9910102852174038,0.9567300456933362,0.47564738091623315,0.3024231205787849,0.9412729131937383,0.8057701741860178,0.4226598179204327,0.7675663790339637,0.7565233548057745,0.5511830668125882,0.43464660117131587,0.04931427801312584
shiva_23.ply,shiva.ply,Downscaling and Color noise,3,2.955357142857,1010591,101059,121.72675848007202,2.220977783203125,0.9414185557276631,0.9836603320989308,0.9894315231455304,0.49186993672342005,0.10824639374728762,0.06200795665310707,0.9922886021148457,0.9966167763475065,0.9978814008351397,0.3719407869682441,0.1442159283209848,0.343783822701514,1.9095923211755284,1.0934739263183226,1.0261316050849463,0.7101666007267755,0.4589559835925983,0.8149487954678222,2.036010279408382,1.1100204032752916,0.7268904305732128,2.720662596240462,1.3540293785366233,1.4933207395963848,0.2577237049561693,0.2157675546371951,0.2593505829253908,1.0007684029046544,0.9942340438244289,0.9705290134520274,0.22775919650005505,0.11696120096615116,0.8833331326911008,0.7574301650342835,0.3706020629879787,0.6846127108249749,0.6543398985531523,0.4978684042016551,0.5017376826661051,0.08874276611778427
shiva_24.ply,shiva.ply,Downscaling and Geometry Gaussian noise,4,6.525,1010591,859002,124.25967049598694,2.2354812622070312,0.9926117804641725,0.9984894400385964,0.999068445424757,0.9408672518015302,0.9396312838749827,0.9425378232034145,0.9176332516598551,0.914832439374028,0.9181122945085831,0.9433216726840118,0.9520309385353748,0.9322545481171166,0.6643377943358677,0.35203090588493763,0.34927999985529934,0.29364435475885114,0.4589559835925983,0.8149487954678222,1.3179326715820199,0.6040427872743461,0.8338421864880327,0.3126950505464929,0.17522254556498093,0.080360831277527,0.9493466985177698,0.9365174006294772,0.9048036758730716,0.9791632100823582,0.9655609285099931,0.8985689725302273,0.9415593420625463,0.9245600722949026,0.9822948403035273,0.9173628533607212,0.6804294352173672,0.9234047363484768,0.9102133480044258,0.7613622497956446,0.172599930395552,0.008605264077789491
shiva_25.ply,shiva.ply,Downscaling and Geometry Gaussian noise,4,7.78125,1010591,707414,123.38747215270996,2.2339248657226562,0.9876518252966092,0.9973962387828145,0.9984522669902866,0.9003951337515468,0.8946539395177355,0.9036202319313986,0.9434078048659731,0.9407297972736944,0.944141705962099,0.9036103767407456,0.9126476560362824,0.8858099964398124,0.9480863126046006,0.4910213926699464,0.4841565028860007,0.4461586271974896,0.4589559835925983,0.8149487954678222,1.4363549790408454,0.6881361124759864,0.8462612820950681,0.4688816393768147,0.2619015733572575,0.1456082682741343,0.8891510474471986,0.8516650296401981,0.747426729853049,0.9893329902338099,0.9777462963700569,0.9268705912852745,0.8299516002665045,0.8089878791958951,0.9633586560026778,0.8869104540551308,0.5874650353886525,0.8465311571963575,0.8216123524551326,0.6872377769357283,0.25702469090472246,0.017238280760237167
shiva_26.ply,shiva.ply,Downscaling and Geometry Gaussian noise,4,5.724489795918,1010591,555825,124.81070876121521,2.3060340881347656,0.9794999246267828,0.9955668498506616,0.9974281299704111,0.8411530023271825,0.8270321391621982,0.8440672005803876,0.9677824190707716,0.9662806420042489,0.9686149462095903,0.8448267309956586,0.8512781715557202,0.8187421598438587,1.2284579155396216,0.6296344932856259,0.6205694213789885,0.5920533349811186,0.4589559835925983,0.8149487954678222,1.6100581862182193,0.7841031778343635,0.9099821416842659,0.672903284810869,0.3712845251919022,0.24956323841709924,0.7909063726626762,0.7219524284439358,0.49673871453367824,0.9940415666076998,0.9849614562195279,0.9504589922220341,0.6557960631282432,0.6334171355039004,0.9015021950919311,0.8466745264710419,0.4835476023167478,0.7065443058540193,0.6563568640908498,0.6020507925011047,0.36073006860409096,0.03835994040677872
shiva_27.ply,shiva.ply,Downscaling and Geometry Gaussian noise,4,3.3984375,1010591,404236,124.3638162612915,2.2081451416015625,0.962882609696839,0.9916364351293072,0.9953190532337787,0.7289863256441406,0.6945928712254967,0.7340239219662975,0.9916940818863251,0.991397467292026,0.9922562288859939,0.7319646080979173,0.7292138057094406,0.694770929590902,1.711817227052361,0.8639721971928886,0.8616993849014227,0.8416950906035962,0.4589559835925983,0.8149487954678222,2.030408017962869,0.9878666825560353,1.1260746535725004,1.0382173484969446,0.5311675794715034,0.5078605540748937,0.6371713779754881,0.5393555788082511,0.21984144620686377,0.9974051026670326,0.9912211524165077,0.9733956900442842,0.42040201349365025,0.3923664196863542,0.6531003291919434,0.7014181031659511,0.36218888246283515,0.4984033124335246,0.41219115571406434,0.49091262079094683,0.4974091867043775,0.1187065390988908
shiva_28.ply,shiva.ply,Downscaling and Geometry Gaussian noise,4,2.021153846154,1010591,252648,124.06260395050049,2.2266006469726562,0.9505226924088702,0.9885549251240162,0.9938508033229726,0.6587889660673685,0.6157979677764401,0.6664462621502832,0.9955427698980973,0.9955238534533997,0.9960141923510679,0.6611572494283384,0.6541543047122309,0.6195970894333245,2.1892575889538577,1.1044444062778453,1.1031875876966246,1.0753716296618834,0.4589559835925983,0.8149487954678222,2.4536245968593207,1.2072201286315745,1.3156646861989394,1.4293867829456806,0.7033183389844282,0.7699694822180811,0.46238390746760405,0.3785448518387918,0.13394967635053087,0.9986306448674637,0.9927812600746388,0.9785463809390422,0.2807839098774222,0.23082699056235018,0.5796972089049027,0.6453430600863892,0.34166085342281294,0.47142517969209763,0.3806135167182852,0.46589982280218906,0.5274959992243645,0.16153960969183911
shiva_29.ply,shiva.ply,Downscaling and Geometry Gaussian noise,4,1.216666666667,1010591,101059,123.84272384643555,2.221332550048828,0.927319283494456,0.9830774405611895,0.9915237924334757,0.5600612333836165,0.5164211650453375,0.5750467748098492,0.9982284358409991,0.9982835722809782,0.9985421132106803,0.5623255764618671,0.5545372826157141,0.5174252302095009,3.46060779769215,1.7457548220699053,1.7388838802550908,1.7055327634645703,0.4589559835925983,0.8149487954678222,3.64390780967842,1.8102597456953056,1.8755319974433422,2.6328229664603704,1.161522200605822,1.6593813333932639,0.23335301182531124,0.18342020664659475,0.05371207223896927,0.9994812324593438,0.9948521674553724,0.9823976912397737,0.12677990670402287,0.08407001934203624,0.47709969431590055,0.5524848810569121,0.33030391403863985,0.4408392431757402,0.345846671089216,0.43562100201454257,0.5562754498286688,0.24233415359627705
shiva_30.ply,shiva.ply,Geometry Gaussian noise,5,8.8359375,1010591,1010591,126.15757012367249,2.232616424560547,0.9942745304116153,0.9988156508109686,0.9992629818572234,0.9560253330110675,0.9556617514450763,0.9573745737113227,0.9128629319840647,0.9104949755348248,0.9136271338103882,0.9582664453336228,0.9672427320965044,0.9499679443887485,0.5966860862083438,0.31613206960679396,0.3140824588519989,0.26363070860062865,0.4589559835925983,0.8149487954678222,1.2959288513798302,0.5824431356498485,0.8426210260724518,0.2517022437280299,0.14015054672095556,0.0667453574106577,0.9418129972187851,0.9495970996275486,0.9269515818817793,0.9760054419020133,0.9621576025956202,0.8943171751143287,0.9623880397460172,0.9247363395964394,0.9806008359465668,0.9259926248869701,0.706764459232834,0.9131843497079262,0.8988786573721113,0.78127341173702,0.1515040360954002,0.007758439305168123
shiva_31.ply,shiva.ply,Geometry Gaussian noise,5,6.825,1010591,1010591,126.22832441329956,2.268177032470703,0.99313487023143,0.9985948377817858,0.9991259757533268,0.9428555226002499,0.9414304263539991,0.9443020748824601,0.9384755766451739,0.9358084773735061,0.9394100276373195,0.9456434167227766,0.955701692523144,0.9348834072012491,0.8224216484934376,0.4229887110803889,0.42049568937091364,0.38994552278797706,0.4589559835925983,0.8149487954678222,1.3778709768664932,0.6450002614801977,0.8464982545798393,0.32333792541060735,0.1785534956778846,0.10388343855340777,0.9343073762229253,0.9472492192462679,0.8181609147807314,0.9862775030922439,0.9739301238705561,0.9220605016853118,0.9457802297994901,0.9303031821767339,0.9510032100245626,0.9003281490361463,0.6310788168959919,0.799216564086679,0.7701530457450118,0.7220881370327089,0.2152690392563402,0.01409478651131312
shiva_32.ply,shiva.ply,Geometry Gaussian noise,5,5.75,1010591,1010591,124.8453676700592,2.2599639892578125,0.9891794196979262,0.9977278990331285,0.9986264890346984,0.9043895500808181,0.8967849127240765,0.9054366270897518,0.9661346757051671,0.9649594930389342,0.9674278837617586,0.9078285062230588,0.9162401496975459,0.890731746237797,0.9975555329459227,0.5066658927399221,0.5021784378686849,0.4871955103240631,0.4589559835925983,0.8149487954678222,1.4717037634318595,0.6966762921029636,0.8825817930821692,0.47245762238727235,0.2500750687274438,0.20410894266877422,0.9254103654548955,0.9343635542854704,0.5936810666388761,0.9927006039033245,0.9831728826766595,0.9502240188508367,0.8606583509602561,0.9340943119758515,0.8393187940154879,0.8261947167615329,0.5052622326891446,0.6108563594196855,0.5503220123496588,0.6199013730634272,0.33283442884107317,0.040398277587311966
shiva_33.ply,shiva.ply,Geometry Gaussian noise,5,2.830769230769,1010591,1010591,125.82538795471191,2.242156982421875,0.9710181458771424,0.993569587062013,0.9962789988757816,0.7775935866292022,0.7515030321911251,0.7787469923600892,0.9928870383601616,0.9929079154992444,0.9935001963816852,0.7810015758955863,0.7811744094745225,0.7479023813975267,1.255434487598454,0.6310462655008804,0.6304143955085283,0.6215067468945487,0.4589559835925983,0.8149487954678222,1.6884412613824984,0.7993983245790202,0.9977946086756448,0.841626132265399,0.39947446526996594,0.4883153998488659,0.916491785067009,0.854559769504958,0.33217936332307507,0.9972441729979955,0.9921934870527732,0.9775714577320348,0.6756726694154812,0.7803339490739232,0.479500145203191,0.5481481348037152,0.3462013838693205,0.4359092975130771,0.3413325519748586,0.4555618561158536,0.5219953974703766,0.2158177566472787
shiva_34.ply,shiva.ply,Geometry Gaussian noise,5,2.320153061224,1010591,1010591,125.56667232513428,2.2437591552734375,0.9609001710548735,0.9911482904525581,0.9950121228509752,0.7144962557649849,0.6769563360255112,0.7180193941197704,0.9966379667389446,0.9967991409976181,0.9973595899393332,0.7172964110405124,0.7125037613545757,0.6789325210957816,1.3763433319305802,0.6901155867008999,0.6905631625289237,0.6834081499283534,0.4589559835925983,0.8149487954678222,1.7978369416172901,0.8529505791167847,1.0537795620769868,0.9889662775904595,0.4526823343593725,0.6071945047866961,0.8909420003697467,0.798180666827768,0.2706916319569129,0.9980868544294874,0.994264115990722,0.9840762699210842,0.6030631422217736,0.6777161974290591,0.3457380490817422,0.42393773063824414,0.31964325972702906,0.4069034368712301,0.3070708514358023,0.4119768216044921,0.5761503288780293,0.3591449174448799
shiva_35.ply,shiva.ply,Geometry Gaussian noise,5,1.600765306122,1010591,1010591,125.18673944473267,2.2579689025878906,0.9408990664853766,0.9863595088350747,0.9927666348071873,0.6082104200228522,0.563163337807213,0.6196631003609354,0.9993330773318437,0.9991215787939198,0.9994507358694261,0.6103644602064621,0.6017534727181404,0.5666239517988748,1.6016935049940093,0.802323576302291,0.8011111605185595,0.7988730336501064,0.4589559835925983,0.8149487954678222,1.9965817098887244,0.9545540016853005,1.1455387022868515,1.1973557968089983,0.5299522427048288,0.7696560334543746,0.8059433432647934,0.6904902611111845,0.20030841871128105,0.9988515680747291,0.996821417426373,0.9913245365616205,0.4942982643530977,0.5208429417972666,0.2130393606939033,0.28553793768429536,0.300784032943204,0.382506919114228,0.2786333206093288,0.373295052878213,0.6496497905155374,0.567832899830909
shiva_36.ply,shiva.ply,Color noise and Geometry Gaussian noise,6,7.084183673469,1010591,1010591,124.92440247535706,2.228759765625,0.994222068443026,0.9986806289797482,0.9991065800720385,0.9536626720541836,0.9006589935110695,0.883362073026204,0.9132105071669672,0.9165037346736091,0.9214836353962993,0.9532986988616785,0.923212228851723,0.9452875364486041,0.5966118770049604,0.3161087651273644,0.3145919286912771,0.2631015292127243,0.4589559835925983,0.8149487954678222,1.2964326945893847,0.582457384315448,0.8431592413002192,0.25168980960534915,0.14005843762931958,0.06649690311433692,0.9417729204599145,0.9495546222196064,0.9268108331520908,0.9758407393557876,0.9621082219515045,0.8941109162646017,0.9622879033360837,0.9247356013520528,0.9806634232377004,0.9258099029003883,0.7064440971700751,0.9131186673951526,0.8988188419892938,0.7813497141005045,0.15119735922863992,0.007705400004738961
shiva_37.ply,shiva.ply,Color noise and Geometry Gaussian noise,6,6.673469387755,1010591,1010591,124.44179606437683,2.2373619079589844,0.9922979978212306,0.9971001184761468,0.9976230612536131,0.8848371852795907,0.4916511449054089,0.36951733449147756,0.9427982255652362,0.9623409071111724,0.9707794390877941,0.826549593519493,0.5436297424438132,0.8191331706329938,0.8224259702878377,0.42323037421583065,0.4199730835400788,0.38998810634895276,0.4589559835925983,0.8149487954678222,1.37851452218971,0.6442804104004369,0.848121483953918,0.3228635157807239,0.17822031734021948,0.10374803926106746,0.9345127649179037,0.947372697381434,0.8178301891376397,0.9858728873831318,0.9743786591174838,0.9219702038340886,0.9457614584567408,0.9305247254647754,0.9510033756041268,0.900594179845048,0.6316473845128584,0.7989292012814169,0.7698927861464521,0.7225087915849627,0.2151314929271883,0.014050252424314525
shiva_38.ply,shiva.ply,Color noise and Geometry Gaussian noise,6,5.828125,1010591,1010591,124.5486958026886,2.2386627197265625,0.987852072753676,0.9955025711760151,0.9963030935712275,0.7958139871547558,0.32961476060557754,0.22003976763301333,0.9704062682426223,0.983382886532112,0.9880539048982979,0.6999548914265515,0.3828516119408883,0.6859666625280827,0.996782614086204,0.5064842552974483,0.501685608644097,0.48672768415292944,0.4589559835925983,0.8149487954678222,1.4715395922301706,0.6966446883307021,0.8819749971781145,0.47138784559289865,0.24959066624227286,0.20382938115472313,0.925513899828854,0.9345951054481894,0.5940846361000096,0.9927450020931243,0.9832990970499629,0.9501705235456797,0.8608736675461014,0.9344008889544688,0.8391833551031136,0.8260310301967816,0.5051745770120071,0.6112558963229734,0.5506562911349063,0.6199157618505082,0.3325506458771988,0.04058843513447746
shiva_39.ply,shiva.ply,Color noise and Geometry Gaussian noise,6,3.733333333333,1010591,1010591,125.02188420295715,2.2621841430664062,0.9702430624660686,0.9914447524854318,0.9939174074230906,0.6538914996554936,0.21854962476121517,0.13603245036915756,0.9941125800333575,0.9969778551567708,0.997989085755526,0.5499268590309475,0.2634399887935312,0.5253085461905027,1.2545737575397236,0.6312730443621449,0.6287549977861877,0.6217761947891266,0.4589559835925983,0.8149487954678222,1.6891633492849596,0.7988342316626906,0.9995421599453623,0.8390291410308532,0.3979097390870797,0.48745849614789394,0.9166935052618055,0.8547583504430595,0.33236308486005567,0.9971968492098604,0.9921713768950101,0.9773815352594355,0.6756624649815032,0.7803665562230852,0.47921069632906566,0.5487644667044189,0.34522573406709717,0.4360495287971425,0.3414813059218834,0.45581922093536054,0.5225425640679515,0.2151799007386539
shiva_40.ply,shiva.ply,Color noise and Geometry Gaussian noise,6,3.041666666667,1010591,1010591,124.96637296676636,2.2381324768066406,0.9596596070417591,0.988439501560635,0.9918620463098307,0.5658240703322208,0.15130549380170635,0.08888426509033835,0.9975620983659874,0.9988302895819131,0.9995369518622653,0.4502658910379464,0.19142715850992897,0.4227963464066881,1.3793046163054798,0.6922471483529242,0.6906757803935696,0.6856848520947201,0.4589559835925983,0.8149487954678222,1.8018708380347928,0.8526001565268687,1.0570890228777547,0.9904209234909935,0.45391022811263326,0.6084094608927222,0.8910885693922068,0.7984774863794577,0.2702284223305673,0.9982574797382255,0.9943652551592234,0.9842163059747965,0.602838300849466,0.6775339618103522,0.3431497777593684,0.42034870409236114,0.32046378342510945,0.4063272425042152,0.3065533761328978,0.4110401623362493,0.5758901206651462,0.36382390247337
shiva_41.ply,shiva.ply,Color noise and Geometry Gaussian noise,6,2.108333333333,1010591,1010591,127.07129764556885,2.271648406982422,0.9394047588187425,0.9835892086381757,0.9893047114372269,0.4715773561859908,0.10784674136781817,0.06069668348793419,0.9994368693451919,0.999615579152209,0.9999116689112233,0.3614761768277986,0.14111602925234434,0.3326650591706848,1.6029584097480234,0.8028221196679638,0.8033609346127789,0.7981387079799132,0.4589559835925983,0.8149487954678222,1.9967202509184152,0.9547560786849821,1.1465037545006243,1.1974976568569538,0.5307152105348992,0.768334734832615,0.8061487704980639,0.6904480227462407,0.2000710465436535,0.9994454489846586,0.9968120098475539,0.9915288773219495,0.49419738618565406,0.5208737616341845,0.21167355658057033,0.2845410468153021,0.29952034444917214,0.38242040454221565,0.2784646838400584,0.37346463700529425,0.6523648452838162,0.5684940257807379
hhi_0.ply,hhi.ply,Octree-based compression,0,9.516666666667,900153,765085,122.21872472763062,2.1787261962890625,0.9857953018386312,0.9993161750050816,0.9991831872611626,0.9112044635503062,0.7231020254813648,0.6600900309404575,0.9130787864668972,0.9355185233613735,0.9425761512227955,0.8953075481721608,0.7651501502203226,0.8417101348777672,38.4324840487146,19.309088477650384,19.273817730412276,19.198667814627015,19.895184074795242,30.60913026816994,61.51220830348626,28.279503214769036,36.97924135947505,35.97455919427464,22.36037860167888,5.869547736886977,0.9447028666011066,0.8936264243643646,0.574372492209958,1.0033425710535149,1.0013545339146475,0.8097081108520291,0.7848720734183583,0.9136025200932768,0.9969048335907658,0.9351548327863077,0.3656004068893374,0.6344672023708958,0.613622386529749,0.5499931610614365,0.47456903698042774,0.0005038073197532251
hhi_1.ply,hhi.ply,Octree-based compression,0,7.7109375,900153,652130,119.59290790557861,2.1555824279785156,0.9848166322273493,0.9992260408744246,0.9990729152093817,0.877780951568829,0.7094170347367587,0.6442030234038546,0.9310776753959691,0.9508182179150273,0.9552352133413974,0.8635701160753557,0.7441329396819131,0.7977917439320021,71.08002868744997,35.70415205736367,35.69152302968677,35.47570378753606,19.895184074795242,30.60913026816994,86.90442701792519,41.80990369172631,48.271128284156156,44.21489700136796,26.277164424217894,11.211417099000734,0.8696493988389415,0.8134110204895707,0.3507642692316884,1.0034172964621304,1.0020753893041614,0.8499671063124349,0.6220718812051784,0.8269652772631463,0.9926198537322689,0.9307535430690782,0.3318142943746522,0.4421497014937249,0.4233820055001959,0.5218542805944234,0.5154252320477869,0.001025015007493486
hhi_2.ply,hhi.ply,Octree-based compression,0,8.9453125,900153,524283,120.06134271621704,2.212566375732422,0.9827879251831031,0.9990709085819016,0.9988820894468152,0.836926176982603,0.6959722580469064,0.627108239237536,0.9389034377077131,0.9593049385849864,0.9609837051454032,0.8261667673977935,0.7220435105436601,0.7488040547184973,98.49617149645995,49.48967548270541,49.47592695052593,49.19822266019859,19.895184074795242,30.60913026816994,111.12375398166195,54.562757395642265,59.32972366548365,57.49930062787286,32.76120394691866,21.509195162876424,0.7659411031003622,0.7119691912012075,0.2327277946420804,0.9982404989231094,0.9973968537934188,0.8621297408228573,0.49173754245579787,0.7152299769951264,0.987724231744484,0.9347533050952671,0.3198837254640742,0.3536700578539234,0.33691628287417613,0.5214141508609023,0.5151237405929633,0.0023150477711789425
hhi_3.ply,hhi.ply,Octree-based compression,0,7.371153846154,900153,360866,118.9793426990509,2.1608009338378906,0.979217362124585,0.9988045163158562,0.9985418624765223,0.7724762081713212,0.6794008583617757,0.6031102639499513,0.9603767011351615,0.9761638802393342,0.9741958386777937,0.7670654386509802,0.6922550893794266,0.676514837425658,124.87979327957373,62.73943584000771,62.74890238363778,62.24197467090003,19.895184074795242,30.60913026816994,135.20743216131686,66.94474732544919,70.69855806320373,64.98582537664782,31.767224343956915,35.17371597310553,0.6030329310834441,0.5557867735197811,0.13798281648969507,0.9995332205798415,0.9982825247413178,0.8709592646156192,0.3452723737486061,0.5448322917919831,0.9812593844931518,0.935565673372485,0.3229213939051478,0.2897147024135645,0.27431840244078476,0.5235147493494773,0.5105419467479977,0.0042356228504299934
hhi_4.ply,hhi.ply,Octree-based compression,0,4.183333333333,900153,222262,118.46049737930298,2.157085418701172,0.9741112468300582,0.998415968130314,0.9979822591591927,0.6923116689002065,0.6593845804148912,0.5778218438746416,0.9748829237019604,0.9865248411664592,0.983515530991026,0.6922250521743671,0.6590731270168101,0.5941589388529749,166.23888078360088,83.49123275591762,83.40635465843057,83.03391591366088,19.895184074795242,30.60913026816994,174.33800033614867,86.75800146807596,89.75447239132603,96.04090747404398,39.426787680727905,63.83711456904139,0.4256417821748863,0.3884015653797004,0.07123842639498412,0.9998475060038929,0.9987088564307621,0.8794677737430707,0.2130371926311706,0.3662306358651569,0.9700986214740122,0.9329513712047608,0.321834888875951,0.23392504640287243,0.21951230205971495,0.519038247736866,0.513950118717959,0.008841495375316137
hhi_5.ply,hhi.ply,Octree-based compression,0,1.953125,900153,92570,120.48789596557617,2.146129608154297,0.962594084856057,0.9975755334755845,0.9967434088802641,0.5576609383287277,0.6195208186949828,0.5345443916240893,0.9877979848609696,0.9933306746922231,0.9920812161069387,0.5616503784390111,0.5931573159870038,0.46193388788441886,269.0793564227896,134.99003024252386,135.03419023330557,134.5517337922132,19.895184074795242,30.60913026816994,274.26346986606643,137.1907441486882,138.92228250835802,191.5333164401824,65.9518418622669,146.10406694352054,0.2102318231572066,0.1893054722422809,0.022571120517971166,1.000251023217536,0.9989530869520532,0.895867873176006,0.08607033804517542,0.16425942629440388,0.9416431079935063,0.9204926962760528,0.3237636977428508,0.17209227684574777,0.1583973162827645,0.5098588433040127,0.5183690506802694,0.023941949725600025
hhi_6.ply,hhi.ply,Color Noise,1,9.796875,900153,900153,123.13839936256409,2.1861343383789062,0.9988567326005219,0.9995869498683164,0.9995438898406995,0.9037286325641646,0.5360017216779971,0.464304362961368,0.08642581847682232,0.4034307344351597,0.46244058133590515,0.845565950406766,0.6063203149219287,0.7962794171288191,0.0,0.0,0.0,0.0,19.895184074795242,30.60913026816994,46.02560754697312,19.895184074795242,30.60913026816994,4.481140398987223e-12,2.3594101716332917e-12,1.938428397631761e-12,1.0,1.0,1.0,6.492859936644951e-17,6.691822353875197e-17,7.681906590654714e-17,1.0,1.0,1.0,1.0,1.0,1.0,1.0,1.0,0.0,1.1646470302709282e-17
hhi_7.ply,hhi.ply,Color Noise,1,6.776923076923,900153,900153,120.9288649559021,2.154205322265625,0.9942505616018081,0.9979204432585672,0.9977177481589001,0.5325496777862097,0.07326353534961706,0.0674157391803411,0.4046132773878386,0.8386410108321831,0.8539174140874614,0.4192433224569445,0.12425175136857007,0.3908032522577943,0.0,0.0,0.0,0.0,19.895184074795242,30.60913026816994,46.02560754697312,19.895184074795242,30.60913026816994,4.481140398987223e-12,2.3594101716332917e-12,1.938428397631761e-12,1.0,1.0,1.0,6.492859936644951e-17,6.691822353875197e-17,7.681906590654714e-17,1.0,1.0,1.0,1.0,1.0,1.0,1.0,1.0,0.0,1.1646470302709282e-17
hhi_8.ply,hhi.ply,Color Noise,1,6.107692307692,900153,900153,120.9294855594635,2.171100616455078,0.9910810696897733,0.9968080454938932,0.9965306398070088,0.4198159612661836,0.03751410203358204,0.03948168448348732,0.5102351248848301,0.8930820959372939,0.9006811805463725,0.30335647375394664,0.07154835021847658,0.2804724849854367,0.0,0.0,0.0,0.0,19.895184074795242,30.60913026816994,46.02560754697312,19.895184074795242,30.60913026816994,4.481140398987223e-12,2.3594101716332917e-12,1.938428397631761e-12,1.0,1.0,1.0,6.492859936644951e-17,6.691822353875197e-17,7.681906590654714e-17,1.0,1.0,1.0,1.0,1.0,1.0,1.0,1.0,0.0,1.1646470302709282e-17
hhi_9.ply,hhi.ply,Color Noise,1,6.140625,900153,900153,121.11461281776428,2.17938232421875,0.9869025363724664,0.9955495108700257,0.9951905195544052,0.3333123994238305,0.021774598153083264,0.025855307274766117,0.5938350926082175,0.9228349163642359,0.9270428594428936,0.2187823148752601,0.04533158261491592,0.1964060492850063,0.0,0.0,0.0,0.0,19.895184074795242,30.60913026816994,46.02560754697312,19.895184074795242,30.60913026816994,4.481140398987223e-12,2.3594101716332917e-12,1.938428397631761e-12,1.0,1.0,1.0,6.492859936644951e-17,6.691822353875197e-17,7.681906590654714e-17,1.0,1.0,1.0,1.0,1.0,1.0,1.0,1.0,0.0,1.1646470302709282e-17
hhi_10.ply,hhi.ply,Color Noise,1,4.808333333333,900153,900153,121.91352915763855,2.1698265075683594,0.9809647987422947,0.9941919289530842,0.9937718771993967,0.2641880974483319,0.013779500142656095,0.017895593053895435,0.661817119676937,0.942061287674274,0.9440324114401942,0.1583349812039221,0.030569044823941273,0.13651375074853023,0.0,0.0,0.0,0.0,19.895184074795242,30.60913026816994,46.02560754697312,19.895184074795242,30.60913026816994,4.481140398987223e-12,2.3594101716332917e-12,1.938428397631761e-12,1.0,1.0,1.0,6.492859936644951e-17,6.691822353875197e-17,7.681906590654714e-17,1.0,1.0,1.0,1.0,1.0,1.0,1.0,1.0,0.0,1.1646470302709282e-17
hhi_11.ply,hhi.ply,Color Noise,1,5.021153846154,900153,900153,121.85927939414978,2.1556663513183594,0.9726123391465371,0.9927389630024088,0.9922436050281449,0.2086295751096307,0.009290092704716124,0.01292521850909303,0.7160143212672414,0.9545125827302007,0.9560849002812316,0.11595312509579374,0.021607849944057553,0.09576488401269832,0.0,0.0,0.0,0.0,19.895184074795242,30.60913026816994,46.02560754697312,19.895184074795242,30.60913026816994,4.481140398987223e-12,2.3594101716332917e-12,1.938428397631761e-12,1.0,1.0,1.0,6.492859936644951e-17,6.691822353875197e-17,7.681906590654714e-17,1.0,1.0,1.0,1.0,1.0,1.0,1.0,1.0,0.0,1.1646470302709282e-17
hhi_12.ply,hhi.ply,Downscaling,2,8.741666666667,900153,765129,121.06564784049988,2.1831932067871094,0.996400493332405,0.9997394089453514,0.9997118327240933,0.9450376363275406,0.9526888218805348,0.949126699206166,0.9150234007295379,0.9102500041204123,0.9151304272540116,0.9483833386316788,0.958897190216281,0.9046267194069957,15.242233786560751,9.327788746005899,9.532667412881535,1.194071845830315,19.895184074795242,30.60913026816994,55.78448535244166,26.75620434727331,30.473120243018087,35.99572626534664,23.225028812533402,5.013584102889499,0.9426305970833679,0.8967704069473859,0.8540591365811983,1.0162930159998467,1.014333636993551,0.7516992568359951,0.8985231103576451,0.9140656523832121,0.9983644101628124,0.9353802751820307,0.39291962656513396,0.9133563757155085,0.8966316378490352,0.5681695147078203,0.44909837773621425,0.00044411864375795874
hhi_13.ply,hhi.ply,Downscaling,2,6.534615384615,900153,630106,123.21009945869446,2.230846405029297,0.9936506429527392,0.9995439003084217,0.9994858281557369,0.8984259476765716,0.918984947268083,0.9115087794970659,0.9358166478656649,0.9410600484375259,0.9435442401862921,0.9040817454798139,0.9233923874370431,0.8361279503521504,32.39362385219458,20.210173222476126,20.079850797314105,2.0774103526486947,19.895184074795242,30.60913026816994,68.31722069216521,35.17981205329924,30.273266722603143,50.21058229904983,30.616940559652484,11.223138605735333,0.8546596000160879,0.801504602637019,0.6962290638894951,1.0106169582625861,1.0078350953303168,0.7568791645092477,0.7813066246082983,0.8132397729650885,0.9969276372396336,0.9247108166141619,0.35316477931428836,0.8383455789060303,0.8167803534683327,0.5302035827062378,0.5032343220125384,0.0010591414777725958
hhi_14.ply,hhi.ply,Downscaling,2,7.015625,900153,495084,122.62196493148804,2.1570892333984375,0.9901394298643248,0.9993052712370801,0.9992004247863387,0.8452788244317722,0.8825768850224686,0.8699027584429746,0.9402471132039698,0.9512992664472855,0.9516905564728807,0.852989124288746,0.8814412638447539,0.7663540488509372,54.44723168821224,34.21316274415078,33.65410200851617,3.191718537309003,19.895184074795242,30.60913026816994,85.25126235222889,46.44821481177348,29.991612277816255,66.2742351225737,38.59359702797991,20.346934786653048,0.7423915667366883,0.6932323112952722,0.5207975084258762,0.9994652633067267,0.9988356307245657,0.7567768855059228,0.6428858169805274,0.6939855495691676,0.9947047321867907,0.9208951736439903,0.355916255530632,0.742457957865909,0.7205816376712177,0.5315189498046965,0.5006853241911863,0.0022264066510557902
hhi_15.ply,hhi.ply,Downscaling,2,4.9296875,900153,360061,121.88966846466064,2.165813446044922,0.9855348019668362,0.9989987151238574,0.9988041459580872,0.7833864008892438,0.8407055866192972,0.8220949159650881,0.9595952809537014,0.9710495700211076,0.9681794233842077,0.7928028598968745,0.8303241657564987,0.6935705595347993,84.39101981664594,53.22031766758609,52.1732556800635,4.761616239169506,19.895184074795242,30.60913026816994,109.38964437994926,62.435168409070016,29.487647602057038,91.41702806517776,50.280253650142114,35.249242908936765,0.605653744806856,0.5615242132973775,0.3410322242148631,0.9996798716222414,0.9985008717574435,0.7751884868365456,0.48171149654777906,0.5507952392388912,0.9908020891906111,0.9147288574586147,0.35150304268987465,0.6246620830079783,0.6036953390600323,0.5269251654179995,0.5047971855612046,0.0043571640651236644
hhi_16.ply,hhi.ply,Downscaling,2,4.05612244898,900153,225038,121.34929943084717,2.1515769958496094,0.9792851621095171,0.998575161363428,0.9981927536408128,0.7046169955369793,0.7863940348896463,0.7584716638669743,0.9751917980195899,0.9847159597379783,0.9809166083554742,0.7148087510521023,0.7610570141183344,0.6101053390789695,130.18592748771158,82.0638112031368,81.11608394667917,7.263329938719046,19.895184074795242,30.60913026816994,148.23106885230118,88.43502386705993,28.550143738126774,136.51998767692382,69.96422620990225,64.66555244574458,0.43417885227262265,0.3981625837599336,0.17615107114402226,0.9995329107581417,0.9979010583499798,0.8014753014582292,0.3004184095182741,0.37695802234466413,0.9825789110359319,0.9070524533099631,0.3439645026421261,0.4846442434228304,0.4651237325777147,0.5179352594485318,0.5157855903344815,0.009328510978191755
hhi_17.ply,hhi.ply,Downscaling,2,1.785714285714,900153,90015,120.64120554924011,2.166595458984375,0.9654510930762439,0.9976488710633549,0.9968157302731282,0.5795756197217986,0.6905120057385963,0.6452636428938935,0.988484788470504,0.9933572625175983,0.991840115208209,0.5884984512474561,0.6383348778702593,0.4921037378877624,235.86922690292914,149.58602949154178,147.87807524127544,13.683176228127433,19.895184074795242,30.60913026816994,244.438495963695,151.35551197504878,26.085304404110197,267.9910088629808,123.91835261906957,155.59474945491417,0.20951093416226999,0.1892826727254542,0.04797247526539737,1.0000294707886028,0.9988597370096648,0.8475799624932988,0.11090186135433748,0.1646254573869298,0.9564134296138874,0.8885342611277534,0.3327869569731693,0.309177534120454,0.2924129790728745,0.5026822683724895,0.5301592948233002,0.02601403140826017
hhi_18.ply,hhi.ply,Downscaling and Color noise,3,8.238461538462,900153,765129,123.47749972343445,2.1692428588867188,0.9960759998198658,0.999484580143383,0.9994186063467217,0.8663865732907028,0.5270490040945379,0.4524915791785788,0.9216875343668239,0.9454811481858445,0.9536808899009962,0.814858315618611,0.590517546023732,0.7543783715843341,15.24233292898473,9.35029374465484,9.526110850195895,1.1930625655880112,19.895184074795242,30.60913026816994,55.772879406219076,26.746642030999585,30.47676344725651,36.14474891643478,23.33660639018971,5.04088258161918,0.9426302192227054,0.896719821837139,0.8545498491499725,1.0159632314488278,1.0146279681711585,0.7519309238812691,0.8987122875452518,0.9140784856577526,0.9983522889539935,0.9353853433107017,0.39302014246889183,0.9135307565722969,0.8969267575985478,0.567942928851001,0.44814805989931994,0.0004586683554202853
hhi_19.ply,hhi.ply,Downscaling and Color noise,3,7.399234693878,900153,630106,123.25315189361572,2.2322959899902344,0.9907500271081404,0.9978289101418812,0.9975661319677147,0.5132837418284882,0.07177570872877718,0.06422970816412922,0.9611611243985132,0.9894016827297704,0.9904736759414063,0.4072920275009398,0.11997103226127298,0.37680324715385727,32.42885466383254,20.24827196761511,20.088770764450025,2.0703996977848123,19.895184074795242,30.60913026816994,68.38023951497992,35.23079709522021,30.27446863134271,50.133600243775305,30.57714355450154,11.188320056240716,0.8545641843331528,0.8015786017111802,0.696629234566587,1.0103439743802283,1.007974048185699,0.7570459765570468,0.7814402477949288,0.8132322149437543,0.9969040919311061,0.9248087030348601,0.3541327048123988,0.8385123485999492,0.8170382621307658,0.5311003003258596,0.5018083003660796,0.0011051776775526183
hhi_20.ply,hhi.ply,Downscaling and Color noise,3,5.016666666667,900153,495084,122.62376523017883,2.1625633239746094,0.9856845880324467,0.9966879449920555,0.996304914094456,0.40060647421469125,0.03664512701360379,0.03736839228148576,0.9708539876733656,0.9934606454636677,0.9931329509424474,0.29229363208200687,0.06838567590041472,0.26798153750054,54.53205534848667,34.273327289362015,33.68698456812834,3.209125685368109,19.895184074795242,30.60913026816994,85.36019452606355,46.517487768881416,29.969723335451157,66.70275163880748,38.76570738228563,20.377719047565957,0.742533227359636,0.6931523663387905,0.520696498126836,0.9991734642238482,0.9987251588406688,0.75680853790117,0.6428868564560525,0.694024258217141,0.9946809956014149,0.9206429794253627,0.35486053188260797,0.7420777102709976,0.7201892480213372,0.5308108300482037,0.5014526582221784,0.0022508895925817825
hhi_21.ply,hhi.ply,Downscaling and Color noise,3,4.308333333333,900153,360061,121.81650829315186,2.17108154296875,0.9787358701884292,0.9953615544955828,0.9947384633031292,0.3151956152572583,0.021120978602659726,0.02401291102144634,0.9848860135175284,0.9962559822894508,0.9956739947638688,0.20888838589831588,0.042750916481456326,0.1855856102513141,84.38502161635178,53.141284974499,52.2450831449587,4.784159573097563,19.895184074795242,30.60913026816994,109.39458069289631,62.54150656243789,29.483304451378956,91.12980240711943,50.13603021085499,35.277164545146654,0.6057523105290276,0.5613118306004253,0.3411923286105806,0.9996639077939717,0.9985197015657241,0.7754052222122801,0.48175060739625625,0.5507608229586681,0.9908089874218877,0.9148848456696425,0.3500805072389743,0.6250631464613,0.6039734326507215,0.525329000237262,0.5075711453727104,0.004440348865880919
hhi_22.ply,hhi.ply,Downscaling and Color noise,3,2.4453125,900153,225038,120.97180938720703,2.1807098388671875,0.969200571039909,0.9938447024200973,0.9931376962372179,0.24597304374118437,0.013248600350073084,0.016680685453868884,0.9922945908050836,0.9982082123942733,0.9978168197980022,0.14992815961590988,0.028613402035643123,0.12769479024747468,130.29887942511493,82.25120748307455,81.1115433055638,7.207386116638347,19.895184074795242,30.60913026816994,148.4837485580075,88.55171196913943,28.61422217266741,136.42194582810453,70.1032258743826,64.4520969047798,0.434081728451272,0.3982542442704199,0.1760691798344636,0.999607631473983,0.9982579501580116,0.8013231250639459,0.3003735186015406,0.3769487808693315,0.9826999137571494,0.9068618302935686,0.34391504726322114,0.4842315589488746,0.4647498099662628,0.518216668183472,0.5154601156522498,0.009123752996280644
hhi_23.ply,hhi.ply,Downscaling and Color noise,3,1.905769230769,900153,90015,120.29817414283752,2.1675567626953125,0.9520129053422917,0.992126202388683,0.9910605859064888,0.18654131347157937,0.008924082581556081,0.011929067739420205,0.9959387972107812,0.9994938761739648,0.9984565925407938,0.10760187762768295,0.01983539377803346,0.08739543215922375,236.08809530140041,149.5545609077035,148.2776848560303,13.650840090528602,19.895184074795242,30.60913026816994,244.79302687337702,151.73839588384854,26.080937494894624,268.81036268053407,125.13191724512839,155.51557067845684,0.2095697316102276,0.18928381125333696,0.04763221262057571,0.9999491595594993,0.9989376978014861,0.8473045744882747,0.11073564001656547,0.1646892988329965,0.9572495702437401,0.8889959733833684,0.33224000161974104,0.30806286627128415,0.2913320870375473,0.5022829141229459,0.5299973803993497,0.02555706175742331
hhi_24.ply,hhi.ply,Downscaling and Geometry Gaussian noise,4,7.680769230769,900153,765130,122.45918154716492,2.1674346923828125,0.9961925050164948,0.9997261420054845,0.9996971113371503,0.9401189130432724,0.94918694220185,0.9451956674576655,0.9097661463478709,0.9124821301666455,0.9170118870497904,0.9438071896608314,0.9550393689835317,0.8968139554333879,71.79947880465154,39.33376340421587,39.14175606485697,27.796278979923077,19.895184074795242,30.60913026816994,88.5968747312138,45.53795101813443,42.39874748699254,38.96897150130499,24.484042854368763,6.718938345419307,0.9418372403438395,0.8990587328222859,0.4085705954703177,0.9953821952195121,0.9942112493840812,0.8481558079384396,0.6981750915707681,0.913607977231391,0.9928889629831215,0.9370341877840304,0.40123806578442783,0.45699457296690255,0.4418729258069587,0.5725458218951992,0.4406964582546149,0.0006638816086917779
hhi_25.ply,hhi.ply,Downscaling and Geometry Gaussian noise,4,6.366666666667,900153,630107,119.87511038780212,2.2134323120117188,0.9930284682608337,0.9995140596947691,0.999450443411363,0.884824983500232,0.911020604570225,0.9012576199401332,0.9356627934745155,0.9442636289348486,0.9460264330848054,0.8911338538521997,0.9120660952999997,0.8180520651812401,109.68592464149201,58.820578658115345,58.77331497496495,46.00095926716833,19.895184074795242,30.60913026816994,121.28004746551511,63.416808681042575,56.046743707683945,55.86439455959065,33.4216958262137,14.507579811143325,0.8551626096168137,0.8043433764127995,0.20159516534014732,1.000429953624438,0.9984735699416956,0.8936437825530471,0.5066384255552571,0.8080210042900777,0.9782036207850845,0.9271562768661707,0.36364331797775284,0.26783735351494015,0.2544207487652774,0.5379138562359029,0.49203387045181907,0.0020160743586291802
hhi_26.ply,hhi.ply,Downscaling and Geometry Gaussian noise,4,4.5625,900153,495084,119.533700466156,2.1565284729003906,0.988478324613713,0.9992174777596546,0.9990807053630493,0.8104441411668962,0.861453296266677,0.8446366448291602,0.9621295766318473,0.9703188755383755,0.9690749110451768,0.819284101707356,0.8513486299173959,0.7254084334355155,151.58069422641253,79.22407942314669,79.12708923677734,68.75255707554979,19.895184074795242,30.60913026816994,159.6847874888156,82.5101135610765,75.53094050332537,77.05126888777477,43.40514555707044,27.372334116284723,0.7446265405505905,0.6931818038244367,0.08480091988552409,0.9997227784588315,0.9981771562371777,0.9282656456106977,0.3350894344176537,0.6748472213451242,0.9353869931391726,0.9117757284883939,0.348129554577161,0.14523365927044185,0.13306772863453903,0.521758045170367,0.5111289689386395,0.005945299203441053
hhi_27.ply,hhi.ply,Downscaling and Geometry Gaussian noise,4,2.208333333333,900153,360061,121.69562840461731,2.1573486328125,0.979260351411228,0.9986290326390207,0.9982898978439143,0.6849599603986501,0.7709960603669369,0.7406457738273677,0.9879873266980662,0.9915134380500719,0.9903106951275519,0.6950789718562866,0.7381533495812352,0.5921679917257168,224.46571232838446,114.02922726227366,114.0979996349141,108.44371822467939,19.895184074795242,30.60913026816994,229.54660515720082,116.51962950404385,112.31110783339226,115.02397046709173,59.02892017279616,54.45710322050303,0.5976783989444343,0.548339328785971,0.02550099161958882,0.9998371398490974,0.9988375939232956,0.957663610545028,0.18293663886323988,0.4841581610113897,0.7605332517594322,0.7948296993962447,0.33315747870791695,0.06852746298823463,0.05613287619079587,0.4972106223724386,0.5317669983111671,0.03207496883781695
hhi_28.ply,hhi.ply,Downscaling and Geometry Gaussian noise,4,1.540384615385,900153,225038,121.02165007591248,2.1637344360351562,0.9712790954655662,0.9981248035275093,0.9975609249120695,0.6099290470858997,0.7122223063952816,0.6719406272946268,0.9927503437729926,0.9953300152567357,0.9944692770277588,0.6193848819826852,0.6646409783920085,0.5206329281867823,292.02890456161316,148.28296959077164,148.36536023526475,141.27465437623493,19.895184074795242,30.60913026816994,295.6825230372832,150.07319965550343,143.96712027671077,159.53220143012965,77.60303315386695,84.33095839959284,0.42359640913875274,0.38386637548538216,0.014368968354649816,0.9998471956272823,0.9988851470873402,0.9590063512120743,0.11462842547299829,0.31850846417690076,0.7133515559406393,0.7544163710826189,0.32902815123506735,0.06215354221043133,0.049563408638672646,0.4868998630238968,0.5408443939481298,0.050257955714129325
hhi_29.ply,hhi.ply,Downscaling and Geometry Gaussian noise,4,1.0,900153,90015,120.6055748462677,2.157878875732422,0.9567806739307543,0.9971211018790365,0.9959792117217222,0.4937257757188634,0.6098886164040437,0.5523742281154278,0.9969269923055815,0.9980680166330702,0.9977262994580177,0.5003847678782573,0.5414965391346817,0.41453719917348236,469.91378456607924,238.16632987572322,237.45383120850133,228.92316114168054,19.895184074795242,30.60913026816994,472.11146786855227,238.47707263546002,230.63880491635723,285.7235405138854,128.97978077161486,170.94473686053846,0.20000810354257634,0.17835612872469292,0.005346130562814335,0.9998219336322566,0.9991719573269038,0.9609751367252067,0.04711390089824553,0.13292716994733228,0.6562726481240814,0.7033402621030684,0.3249939459127396,0.05698890439845155,0.04425431448759951,0.4745046058241491,0.5525272819061576,0.08176635006197856
hhi_30.ply,hhi.ply,Geometry Gaussian noise,5,9.464285714286,900153,900153,123.07402801513672,2.160900115966797,0.9980683781893829,0.9998602927409062,0.9998489222846072,0.9719307629240004,0.9738094449849795,0.9722576584992766,0.8859086837277055,0.8882940887414843,0.8931646683584117,0.973956348964755,0.979096212019105,0.9476449420344772,64.33647588572121,34.685366905860654,34.39741517006542,26.635767272852366,19.895184074795242,30.60913026816994,82.23820028172103,41.28693596451299,41.80350373745968,27.371972502743063,16.876716663446892,4.2235622469146294,0.9731158020530223,0.9729532803859129,0.4454581370671895,0.9788722068939613,0.9769187672724646,0.8476413589176882,0.7612113004762637,0.9896551932475801,0.9929232840809032,0.9514960454444831,0.48805045996241103,0.4463034822497419,0.435040873755413,0.644607308890553,0.3390758956672781,0.0004053585252944009
hhi_31.ply,hhi.ply,Geometry Gaussian noise,5,8.3125,900153,900153,120.8894693851471,2.179462432861328,0.9970817554883903,0.999790946913021,0.9997754341211489,0.9537504257108033,0.9585946602889384,0.9555019939020222,0.9202292445745973,0.9266401837945731,0.9306713995939986,0.956985919271903,0.9654057924738866,0.9182370287759303,94.19156882135383,49.64243311042718,49.47654172208874,41.676384474762386,19.895184074795242,30.60913026816994,107.23941505609308,54.618304633459864,52.805978718810934,37.50549968823429,22.711032780704436,8.112451018927986,0.962359967056031,0.9627466104074833,0.2343926818160322,0.9946790278898537,0.9927969938072366,0.9090630940189293,0.6144556315930882,0.9798051844510702,0.9728465110022537,0.93832818550421,0.40380547417909496,0.23797216504956142,0.22653314345262304,0.5722824954163067,0.4418309683689689,0.0013604479686764618
hhi_32.ply,hhi.ply,Geometry Gaussian noise,5,6.836734693878,900153,900153,123.21211910247803,2.1777381896972656,0.9945154902322948,0.9996263586044413,0.9995967262691926,0.9052758419684109,0.9249659350132856,0.917474745337252,0.9541471034698347,0.9614473385283557,0.9627756639609565,0.9111350768853678,0.9278372504211151,0.8473903709509331,122.40721611446583,63.05231884862367,62.969743184005715,57.53996893727961,19.895184074795242,30.60913026816994,132.45046958588352,67.06290995933455,65.93883303425429,51.67567794270799,30.000708498870143,15.967793853436465,0.9502590727233029,0.9487926619087965,0.10431036701494284,0.9987205292082741,0.9976640055491023,0.9485561297567574,0.4704462966686378,0.9529647736987588,0.8965906749064362,0.8986302091221648,0.35832321440407844,0.11202362122716109,0.10035514729312199,0.5303053358233571,0.49760690308932587,0.005904263752670758
hhi_33.ply,hhi.ply,Geometry Gaussian noise,5,3.475,900153,900153,123.67321705818176,2.1924781799316406,0.985018835102378,0.9990507919262545,0.9988798513299831,0.7577914696091322,0.8249477350052815,0.8022667206229589,0.9890655231547063,0.9917176690331708,0.9909220635870203,0.7676738569296515,0.8040280805200073,0.6699080770987026,163.97906743555416,82.80099945010029,82.68469012532978,80.37756539435425,19.895184074795242,30.60913026816994,171.631834446291,85.92306191384635,86.64914586360013,74.87901227294542,39.704055464475665,33.33281873200991,0.932186843962715,0.9049367782256611,0.0386005786900822,0.999764315986913,0.9989152996718875,0.9720977717441943,0.32377107394768345,0.8337911874549081,0.5932681058729863,0.6417633462318153,0.327497104224711,0.053541020340964585,0.04097409491609024,0.4768695649820673,0.5438200412128212,0.07527140682353564
hhi_34.ply,hhi.ply,Geometry Gaussian noise,5,1.867307692308,900153,900153,121.8150463104248,2.1759719848632812,0.9792656367205363,0.9986835179762213,0.9983869035879923,0.6872178746685721,0.7723800207674537,0.7421092906088504,0.9946142836168549,0.9961778998308409,0.9955009403145478,0.697173502033631,0.7389712556649916,0.5958887918165469,182.7649873433021,91.85445143761004,91.80482846044062,90.44572215026307,19.895184074795242,30.60913026816994,189.70837732648465,94.82847499682858,96.07948196593021,83.8777634339436,43.41010467138446,39.84052823212244,0.9090003352688472,0.8649326520225908,0.02929250099011556,0.999605074886746,0.9992633275805501,0.9767578185665775,0.2807826789771841,0.7581621173891622,0.44554231483804196,0.49474185881692034,0.3218532205717406,0.04714509939926279,0.034347823777371805,0.44517822875438184,0.5642623298727629,0.1713934793841679
hhi_35.ply,hhi.ply,Geometry Gaussian noise,5,1.1953125,900153,900153,122.07533121109009,2.172374725341797,0.967310753205663,0.9979166030189933,0.9972908697390033,0.5744489552531771,0.6811477391474001,0.6361734273809254,0.9983498839482747,0.9992862483454859,0.998890491543946,0.5831074216802458,0.6271319643866798,0.4883283580164141,215.95040900373843,108.25349409020917,108.07031350321824,107.56514747993556,19.895184074795242,30.60913026816994,221.92897130719072,110.77389921015192,112.2213335304853,97.95180874415121,49.088500125402156,49.557119262455004,0.8236132676468185,0.7634893829272379,0.019995719077778508,1.0001123018328144,0.9994819034720349,0.983735390605817,0.2190005628252142,0.6230580077689005,0.26480905544373445,0.30559132185993876,0.3177792902721206,0.04233035823766454,0.029347755392503647,0.39421044893556006,0.6094462825703749,0.40616465128208606
hhi_36.ply,hhi.ply,Color noise and Geometry Gaussian noise,6,8.219230769231,900153,900152,124.58449625968933,2.181743621826172,0.9975940740018775,0.9995556454777181,0.9994954615932388,0.8918750995450797,0.5349343874813598,0.4610885935664178,0.8954834369326359,0.9319756929068355,0.9414500422443689,0.836798294417905,0.6032943525960462,0.7839706872687493,64.36247937871514,34.67781197078762,34.43109067888524,26.645178261876506,19.895184074795242,30.60913026816994,82.22271741793622,41.288350144816306,41.766189637562476,27.35285417738649,16.865672823031417,4.212656241903503,0.9731759851929029,0.9729220671254164,0.4458976563238884,0.9788763538386129,0.9770791458383051,0.8474621485856646,0.7613833815228633,0.9897227126369222,0.992954174196598,0.9514278038203372,0.48854979501022733,0.44676135281402457,0.43553307368529526,0.6452584966536902,0.33889754149542006,0.0004053363759568625
hhi_37.ply,hhi.ply,Color noise and Geometry Gaussian noise,6,5.842307692308,900153,900152,122.91640281677246,2.1891403198242188,0.9931308313698465,0.997887886465509,0.9976837906682053,0.5268663682143838,0.07280553911364401,0.06674280300388753,0.9513702635693791,0.9872053349947254,0.9888156585128315,0.41566087871935115,0.12304237871199353,0.38675770653813785,94.30738921721816,49.67877992739949,49.54948695708301,41.79901544169325,19.895184074795242,30.60913026816994,107.32135903725045,54.671911360654605,52.848227813698216,37.59496619040305,22.745129734274073,8.160186038640939,0.9623004860381397,0.9626195948045538,0.23465677100615628,0.9945090139889177,0.9927736031573224,0.9095216769387611,0.6144497677858544,0.9797385612309008,0.9728604630705606,0.9383054548178381,0.40231255416177214,0.23825755725836273,0.22677905908403082,0.5716660229398586,0.4428669772571637,0.0014157640521612104
hhi_38.ply,hhi.ply,Color noise and Geometry Gaussian noise,6,4.920918367347,900153,900152,121.89178037643433,2.1882858276367188,0.9887235584428069,0.9967727693619126,0.99643147176629,0.41041473021161595,0.0372643532837419,0.0388429358886572,0.977331376669566,0.9948979318738964,0.9951664509794086,0.29806287114628693,0.07031910344695443,0.27438765823720573,122.41553099843084,63.15961883349022,62.911997934945724,57.423164894970576,19.895184074795242,30.60913026816994,132.46691777562165,67.03096640354174,65.82292255250029,51.597350182387835,29.867276330475875,16.050889120091327,0.9503026902640769,0.9488724905085143,0.10425246225859514,0.9989396936677303,0.9977779100621873,0.9486495965498556,0.47061568854151026,0.9530380961817857,0.8968753046848446,0.8990287373672923,0.3576174906670469,0.11195399860918687,0.10025563644966862,0.5299455907159466,0.4986132586161321,0.005924708691318267
hhi_39.ply,hhi.ply,Color noise and Geometry Gaussian noise,6,2.4921875,900153,900152,123.01250767707825,2.2022171020507812,0.9782795053577912,0.9953365419582944,0.9948962753572874,0.3120370166617498,0.021151869202842465,0.024454385891353222,0.9955010198566286,0.9989856059438769,0.9988034383566781,0.20806792904193216,0.0428743719893302,0.18474320031763455,164.07208746766878,82.74040406739636,82.86688795595249,80.50312096913443,19.895184074795242,30.60913026816994,171.68528612058984,86.12479069201231,86.72859703318711,75.00430110916209,39.7476650681377,33.398958120964245,0.9321739422701361,0.9048178798339512,0.03857649180619767,0.9996564513634677,0.998779408376745,0.9717895482991786,0.3237675902767948,0.833824478651938,0.5939867874473987,0.6425028239671468,0.32828510608761025,0.05359202643944058,0.040997643931390965,0.4771553053655707,0.5441097218719978,0.0757744423166946
hhi_40.ply,hhi.ply,Color noise and Geometry Gaussian noise,6,2.083333333333,900153,900152,120.92038011550903,2.1982650756835938,0.9693992623972167,0.993959266355389,0.9932882222522678,0.24435898917247006,0.01328960249161643,0.01677313873289679,0.997614209295695,0.9993100818661714,0.9992661218306518,0.14942079278522555,0.02860599941320741,0.1272081466258543,182.71623975334646,91.92265587850817,91.83139733632595,90.23411676629456,19.895184074795242,30.60913026816994,189.54699133448554,94.83227556757771,95.7016381538404,83.56132435343412,43.07740073516505,39.7825175626843,0.9090730613569118,0.864518123652615,0.02921531458806468,0.999865127253933,0.9992460932466234,0.9771494455431374,0.28049382592092054,0.7577297438584231,0.4453504854253614,0.4951344534340504,0.3206513453993258,0.047154550282394014,0.03434221299874953,0.44521897028459095,0.565228280274473,0.1690538687456316
hhi_41.ply,hhi.ply,Color noise and Geometry Gaussian noise,6,1.5,900153,900152,123.58516597747803,2.1684799194335938,0.9539939211916172,0.9922093992160039,0.9912917445212371,0.18665623441892235,0.008841456716870444,0.012031485715842739,0.9994527849779808,1.0000255575533006,0.9995695611957915,0.10745370171327764,0.019837674897232403,0.08730632420423286,216.14719089958922,108.29750199699474,108.33250450818558,107.53991097184077,19.895184074795242,30.60913026816994,222.1697098823135,110.98435203350449,112.41838138255761,97.66853946125147,49.13987455085036,49.00721785984662,0.8235847432614618,0.7632860791274907,0.020171287553080574,0.9997862582859406,0.9996854418000948,0.9839347304957082,0.21921129597168404,0.6231924283750212,0.2656899226610953,0.3071321782627379,0.3162275249491117,0.04251498512163765,0.02950270399395911,0.39445468262888017,0.6107818269771442,0.40443481866578834
