SIGNAL,REF,ATTACK,CLASS,SCORE,REF_NUM_POINTS,TEST_NUM_POINTS,TIME_TAKEN_SECONDS,PEAK_RAM_USAGE_GiB,FV_PointPCA3-Rust_0,FV_PointPCA3-Rust_1,FV_PointPCA3-Rust_2,FV_PointPCA3-Rust_3,FV_PointPCA3-Rust_4,FV_PointPCA3-Rust_5,FV_PointPCA3-Rust_6,FV_PointPCA3-Rust_7,FV_PointPCA3-Rust_8,FV_PointPCA3-Rust_9,FV_PointPCA3-Rust_10,FV_PointPCA3-Rust_11,FV_PointPCA3-Rust_12,FV_PointPCA3-Rust_13,FV_PointPCA3-Rust_14,FV_PointPCA3-Rust_15,FV_PointPCA3-Rust_16,FV_PointPCA3-Rust_17,FV_PointPCA3-Rust_18,FV_PointPCA3-Rust_19,FV_PointPCA3-Rust_20,FV_PointPCA3-Rust_21,FV_PointPCA3-Rust_22,FV_PointPCA3-Rust_23,FV_PointPCA3-Rust_24,FV_PointPCA3-Rust_25,FV_PointPCA3-Rust_26,FV_PointPCA3-Rust_27,FV_PointPCA3-Rust_28,FV_PointPCA3-Rust_29,FV_PointPCA3-Rust_30,FV_PointPCA3-Rust_31,FV_PointPCA3-Rust_32,FV_PointPCA3-Rust_33,FV_PointPCA3-Rust_34,FV_PointPCA3-Rust_35,FV_PointPCA3-Rust_36,FV_PointPCA3-Rust_37,FV_PointPCA3-Rust_38,FV_PointPCA3-Rust_39
4armsMonstre_Octree_1.ply,4armsMonstre.ply,Octree,1,3.71875,800000,252341,2.617213487625122,0.11901473999023438,0.9909340031800872,0.9982422443324617,0.9978908307023101,0.6826800444274742,0.676127332347461,0.669744719581865,0.9676022466415785,0.9743012852547622,0.9733070795068551,0.6864817135885614,0.6736728195836922,0.5273282064423058,3.890844240429891,1.9863666696538418,1.9642132828307082,1.8988944534952075,0.8457101205401788,3.075702482600375,5.04678443360289,2.1263853537543365,3.3153689977359635,4.130289455705823,1.1727822993151025,3.5407199160689187,0.6620603739792601,0.5742299432509869,0.6470783681058396,1.0007123789797385,0.9986260233692564,0.8981672278466044,0.624581513288379,0.5553904249437646,0.8902540434481163,0.727906674767805,0.31032140770549027,0.8959439544933404,0.8782121910586261,0.5026473708308934,0.5107408208413029,0.05203331606103374
4armsMonstre_Octree_2.ply,4armsMonstre.ply,Octree,1,3.3125,800000,174843,2.533949613571167,0.026271820068359375,0.9877238710076003,0.9974557227339256,0.9969640583897862,0.5954857358490585,0.5863894138612419,0.5743750566724163,0.9688970576119437,0.971436174635263,0.9706027153063402,0.5942285219118048,0.5789422315313839,0.4331375672743188,4.827997441991087,2.4395782419252336,2.446121924340038,2.3717992532856393,0.8457101205401788,3.075702482600375,5.786206755539202,2.588456984876015,3.54820873723142,4.717558728225277,1.2884386832715293,4.100121315558142,0.524437077995394,0.4485425201559946,0.5931183670006895,1.0008986729373968,0.9990385857990023,0.926516322621499,0.5168410754103653,0.4222483681816725,0.8721489557566474,0.6766761322678284,0.29930681898993133,0.846452067697474,0.8416623556632389,0.490345509684933,0.5340495811962752,0.05083330598246637
4armsMonstre_Octree_3.ply,4armsMonstre.ply,Octree,1,3.14285714285714,800000,126519,2.499729871749878,0.0146484375,0.9844119433622962,0.9966408349932082,0.995997485069346,0.5293952781715057,0.5166436742065854,0.5023953864278174,0.9707833260905611,0.9710363886531865,0.9718113563759002,0.5235242579883028,0.5056100875415073,0.3704787353247204,5.820716143182974,2.9249788418469094,2.939786602855432,2.874873028144075,0.8457101205401788,3.075702482600375,6.6422214600487335,3.0597035411331017,3.8762676969846317,5.149878783513628,1.395711812142672,4.463260226913208,0.4166550805990523,0.3531825724596878,0.5373879219138128,1.0002619278879998,1.000006083702928,0.9423867661335982,0.4275129849755639,0.3216707914370457,0.8486856228075849,0.6480945126125253,0.29318719533199267,0.7926147552992968,0.7879510012799,0.4854307208278255,0.5419086744987944,0.05221594182226552
4armsMonstre_Octree_4.ply,4armsMonstre.ply,Octree,1,2.53333333333333,800000,93288,2.4274587631225586,0.04157257080078125,0.9810008673078835,0.995775756543577,0.9949633805536762,0.4767290092436794,0.46136926163880543,0.4448187569003773,0.9716105490822197,0.9733093969638512,0.9722154327330799,0.466913098345988,0.4468194265779979,0.32444545136054176,6.738062845218603,3.385399730080223,3.3635429841264135,3.3626706731814373,0.8457101205401788,3.075702482600375,7.390597351467409,3.460319383303011,4.1661995024864975,5.507662108094011,1.4848783947100168,4.741587722292837,0.3299207070205971,0.2778178172129692,0.47717518367151207,1.000408733457669,1.0010068829234053,0.9509497936148199,0.35022467168534466,0.24362440390159784,0.8317353440920602,0.6300166039666044,0.2871679151006894,0.7477912293954814,0.7404581837933691,0.48213986567403144,0.5482081286556401,0.05227254712070881
4armsMonstre_Octree_5.ply,4armsMonstre.ply,Octree,1,2.16666666666667,800000,68467,2.4614760875701904,0.04088592529296875,0.977311504873444,0.9948428174001457,0.993833892324881,0.4300088169410777,0.4129647595540612,0.39492234844746893,0.9751024522060912,0.9751922953507633,0.9748340528720646,0.4172220408866613,0.3953230631066128,0.2871125395148917,7.719782058282757,3.8821723414215668,3.870993702850136,3.8417885522579187,0.8457101205401788,3.075702482600375,8.316900698757964,3.9567388195258197,4.577553776583118,5.926647075189812,1.6408433679313807,5.027721360258335,0.257162519773361,0.2154563395615763,0.40402474680031586,1.0001203171204769,1.0013871978251772,0.9603274628064051,0.27918161411860015,0.18076782702090702,0.8212290955369775,0.6207719099069918,0.2876468621488303,0.7197988444441896,0.7098594191734643,0.48310247987985766,0.5476856994655501,0.05488831804154504
Asterix_GammaNoise_1.ply,Asterix.ply,GammaNoise,2,3.21428571428571,800000,800000,3.007826328277588,0.13870620727539062,0.8885031937207342,0.9906960951306601,0.9916261676542486,0.3192978040823041,0.7338969656289763,0.6749442257047052,0.6602553719503522,0.2719119295021224,0.35585478069692034,0.3477733962649069,0.4776362871639386,0.28456464657213265,0.0,0.0,0.0,0.0,0.7730733203334585,2.1429233283267792,2.566244215848316,0.7730733203334585,2.1429233283267792,7.897061603628092e-14,3.9763269729350624e-14,3.8572596862406855e-14,1.0,1.0,1.0,9.010531072534765e-17,9.710480901706166e-17,7.286376235148991e-17,1.0,1.0,1.0,1.0,1.0,1.0,1.0,0.9998782929457813,4.503581959375128e-21,0.0001216939802044158
Asterix_GammaNoise_3.ply,Asterix.ply,GammaNoise,2,2.75,800000,800000,3.0637876987457275,0.1237030029296875,0.8542292524407201,0.9831523891472362,0.9869321266764288,0.27612403060532076,0.6052404477068951,0.5979128830672608,0.7341717278862951,0.4036808077500764,0.4596888623304647,0.282406193710157,0.3872202450877299,0.22886770156071587,0.0,0.0,0.0,0.0,0.7730733203334585,2.1429233283267792,2.566244215848316,0.7730733203334585,2.1429233283267792,7.897061603628092e-14,3.9763269729350624e-14,3.8572596862406855e-14,1.0,1.0,1.0,9.010531072534765e-17,9.710480901706166e-17,7.286376235148991e-17,1.0,1.0,1.0,1.0,1.0,1.0,1.0,0.9998782929457813,4.503581959375128e-21,0.0001216939802044158
Asterix_GammaNoise_4.ply,Asterix.ply,GammaNoise,2,2.96666666666667,800000,800000,3.0425031185150146,0.1005096435546875,0.8377342312857323,0.9787681360295086,0.9843824761625254,0.2643298225309372,0.5426666665312305,0.5498883889479064,0.7635926458502504,0.468238496118928,0.517263169624319,0.2621486830591059,0.35078590384785663,0.21194363202348152,0.0,0.0,0.0,0.0,0.7730733203334585,2.1429233283267792,2.566244215848316,0.7730733203334585,2.1429233283267792,7.897061603628092e-14,3.9763269729350624e-14,3.8572596862406855e-14,1.0,1.0,1.0,9.010531072534765e-17,9.710480901706166e-17,7.286376235148991e-17,1.0,1.0,1.0,1.0,1.0,1.0,1.0,0.9998782929457813,4.503581959375128e-21,0.0001216939802044158
Asterix_GammaNoise_5.ply,Asterix.ply,GammaNoise,2,2.85714285714286,800000,800000,3.0581178665161133,0.08950424194335938,0.8172978140226569,0.9721744200231666,0.9808140598138535,0.25566639175051414,0.4548562772027767,0.47744350103751115,0.7942537995041291,0.5583054608198217,0.6006345722301495,0.24334053325052749,0.3090836710050057,0.1965159780866982,0.0,0.0,0.0,0.0,0.7730733203334585,2.1429233283267792,2.566244215848316,0.7730733203334585,2.1429233283267792,7.897061603628092e-14,3.9763269729350624e-14,3.8572596862406855e-14,1.0,1.0,1.0,9.010531072534765e-17,9.710480901706166e-17,7.286376235148991e-17,1.0,1.0,1.0,1.0,1.0,1.0,1.0,0.9998782929457813,4.503581959375128e-21,0.0001216939802044158
Asterix_GammaNoise_7.ply,Asterix.ply,GammaNoise,2,2.28571428571429,800000,800000,3.028042793273926,0.08500289916992188,0.7612215042667116,0.9482282413590272,0.9673611339180652,0.24826785211226454,0.25827034503993623,0.33164155683507457,0.8612832576297467,0.7806313204282886,0.7897799381329821,0.22384928161454004,0.24939765447765702,0.1802255997458981,0.0,0.0,0.0,0.0,0.7730733203334585,2.1429233283267792,2.566244215848316,0.7730733203334585,2.1429233283267792,7.897061603628092e-14,3.9763269729350624e-14,3.8572596862406855e-14,1.0,1.0,1.0,9.010531072534765e-17,9.710480901706166e-17,7.286376235148991e-17,1.0,1.0,1.0,1.0,1.0,1.0,1.0,0.9998782929457813,4.503581959375128e-21,0.0001216939802044158
Asterix_MultiplicativeGaussianNoise_1.ply,Asterix.ply,MultiplicativeGaussianNoise,3,2.93333333333333,800000,800000,3.1195483207702637,0.09368515014648438,0.9860327127490447,0.986101302301339,0.9885572813158803,0.1702184947246804,0.06144559790839292,0.05353819899289722,0.7622555628826894,0.8754533040395703,0.8937913572871502,0.11511679976156643,0.06204952412123335,0.08772618475187198,0.0,0.0,0.0,0.0,0.7730733203334585,2.1429233283267792,2.566244215848316,0.7730733203334585,2.1429233283267792,7.897061603628092e-14,3.9763269729350624e-14,3.8572596862406855e-14,1.0,1.0,1.0,9.010531072534765e-17,9.710480901706166e-17,7.286376235148991e-17,1.0,1.0,1.0,1.0,1.0,1.0,1.0,0.9998782929457813,4.503581959375128e-21,0.0001216939802044158
Asterix_MultiplicativeGaussianNoise_3.ply,Asterix.ply,MultiplicativeGaussianNoise,3,2.63333333333333,800000,800000,3.0129780769348145,0.0805816650390625,0.9673755438732561,0.9721811965053465,0.9801547479168712,0.08802773571318223,0.025892826897409914,0.025213587223273555,0.8606774000967936,0.9312070280191079,0.9389053103893178,0.05351917483625301,0.02701099119311834,0.03765988781388658,0.0,0.0,0.0,0.0,0.7730733203334585,2.1429233283267792,2.566244215848316,0.7730733203334585,2.1429233283267792,7.897061603628092e-14,3.9763269729350624e-14,3.8572596862406855e-14,1.0,1.0,1.0,9.010531072534765e-17,9.710480901706166e-17,7.286376235148991e-17,1.0,1.0,1.0,1.0,1.0,1.0,1.0,0.9998782929457813,4.503581959375128e-21,0.0001216939802044158
Asterix_MultiplicativeGaussianNoise_4.ply,Asterix.ply,MultiplicativeGaussianNoise,3,2.5,800000,800000,3.022625684738159,0.07354354858398438,0.9576355818339537,0.9660605850942379,0.9765719742366059,0.07049337054920839,0.01970177820973667,0.0197941986187287,0.8854860671360569,0.9433806821029086,0.9500311074653157,0.04175851673005792,0.020679368259292206,0.02859038981504569,0.0,0.0,0.0,0.0,0.7730733203334585,2.1429233283267792,2.566244215848316,0.7730733203334585,2.1429233283267792,7.897061603628092e-14,3.9763269729350624e-14,3.8572596862406855e-14,1.0,1.0,1.0,9.010531072534765e-17,9.710480901706166e-17,7.286376235148991e-17,1.0,1.0,1.0,1.0,1.0,1.0,1.0,0.9998782929457813,4.503581959375128e-21,0.0001216939802044158
Asterix_MultiplicativeGaussianNoise_5.ply,Asterix.ply,MultiplicativeGaussianNoise,3,2.375,800000,800000,3.0053467750549316,0.072021484375,0.9486961391879355,0.9604234503341962,0.9731280727519505,0.05955350032268435,0.01593262241217314,0.01652084530777987,0.9011988336025146,0.9540535116007984,0.9567950376099372,0.03466968335177646,0.016907564735165262,0.023258809571328917,0.0,0.0,0.0,0.0,0.7730733203334585,2.1429233283267792,2.566244215848316,0.7730733203334585,2.1429233283267792,7.897061603628092e-14,3.9763269729350624e-14,3.8572596862406855e-14,1.0,1.0,1.0,9.010531072534765e-17,9.710480901706166e-17,7.286376235148991e-17,1.0,1.0,1.0,1.0,1.0,1.0,1.0,0.9998782929457813,4.503581959375128e-21,0.0001216939802044158
Asterix_MultiplicativeGaussianNoise_7.ply,Asterix.ply,MultiplicativeGaussianNoise,3,2.21428571428571,800000,800000,3.0451672077178955,0.06854248046875,0.9222929051876326,0.9464672769857105,0.965064565037129,0.042134080110965456,0.01011466479905138,0.01126412423680589,0.9281824862520991,0.9669251243949045,0.970210336033128,0.02357256907405592,0.011090858840828787,0.015141833620257875,0.0,0.0,0.0,0.0,0.7730733203334585,2.1429233283267792,2.566244215848316,0.7730733203334585,2.1429233283267792,7.897061603628092e-14,3.9763269729350624e-14,3.8572596862406855e-14,1.0,1.0,1.0,9.010531072534765e-17,9.710480901706166e-17,7.286376235148991e-17,1.0,1.0,1.0,1.0,1.0,1.0,1.0,0.9998782929457813,4.503581959375128e-21,0.0001216939802044158
Asterix_reconstruction_3.ply,Asterix.ply,reconstruction,4,4.0625,800000,800000,3.090023994445801,0.071075439453125,0.993324768312832,0.9976194684476141,0.9982621531012916,0.8369665246830629,0.8494292637040816,0.8458853284825151,0.9671110974663486,0.970634993203593,0.96854475871282,0.8585291442685965,0.8669399004958551,0.7733416028986008,7.839669738107592,2.518981947326892,2.301585086160923,6.428645164031143,0.7730733203334585,2.1429233283267792,6.5085166734938005,2.3303111691056664,4.708687442775216,6.326923163610862,1.6938048991874302,5.4439362715307436,0.8962572814586351,0.8831016451786247,0.4640202649686295,0.9999341927784262,0.9986155200899162,0.9527021005889798,0.7895025366792991,0.9129929438457017,0.7721392791113402,0.6302137758441587,0.3713380228273986,0.4802602694444747,0.4557820234465171,0.5101216106074428,0.5182185848217914,0.11500881343779011
Asterix_reconstruction_4.ply,Asterix.ply,reconstruction,4,3.96428571428571,800000,800000,3.0866684913635254,0.07441329956054688,0.993209423027145,0.9974897668169183,0.9982030258952332,0.8290867107311611,0.8432093645351182,0.8393770650417335,0.9682627896519832,0.9712452856262032,0.969915801479891,0.8515509219723266,0.8609823201805352,0.763111155684811,7.743682023992967,2.719625666550492,2.4697056718201345,6.089444779014043,0.7730733203334585,2.1429233283267792,6.5722460992699645,2.5166541057114475,4.470410934117068,6.35653917017139,1.7962481310500125,5.371855988609989,0.8910475080246825,0.880220642267465,0.5191438378577091,1.0005902189468867,1.0001818251933474,0.9480071832942814,0.8147706119677893,0.9120903345895736,0.7794541445055223,0.634716028007229,0.3597795510746032,0.5345980429914161,0.5092198938965152,0.49652456247474963,0.5344649570295407,0.12238401126826672
Asterix_reconstruction_5.ply,Asterix.ply,reconstruction,4,3.67857142857143,800000,800000,3.110445022583008,0.07712936401367188,0.9928099995954478,0.9972964736694564,0.9980601475221031,0.8176332948367482,0.8334316915325732,0.8294996743926397,0.9717658963212416,0.9744999648675902,0.9727359785686926,0.8412755128282459,0.8518886957082755,0.748589246131376,7.625730621186944,2.8412291273181447,2.625971911182254,5.742548695944094,0.7730733203334585,2.1429233283267792,6.643162154530627,2.682675043211953,4.298879478995733,6.367245995209154,1.887391924295063,5.267940019047259,0.8859617089335284,0.8754578370123659,0.5610879987508605,0.999134692937019,1.001190186897037,0.9446082118812483,0.8313531425172211,0.9095672860177725,0.780535975824967,0.6323004626446315,0.3497542710062314,0.5767496819806881,0.5497180061695215,0.48369453166323767,0.54632629221786,0.13893316524180355
Asterix_reconstruction_6.ply,Asterix.ply,reconstruction,4,3.67857142857143,800000,800000,3.1647794246673584,0.07567214965820312,0.992312885903171,0.997021532706975,0.9978750711001249,0.801561216237064,0.8172450732641172,0.8136550171364053,0.9716068345266897,0.9738843766504683,0.9731066860743556,0.8262434139307305,0.8378306853502469,0.7276627155596602,7.666131471790586,2.9451411711434816,2.7960643708586157,5.539986527643187,0.7730733203334585,2.1429233283267792,6.962156626065888,2.8796828882318057,4.420179174761559,6.463055195837405,2.0711610944002006,5.152043023248392,0.8784450804183248,0.8671144591114005,0.5990694122614854,0.9999525719206966,0.999995490612997,0.9458575441644299,0.848571660899921,0.9076392997231999,0.7615352036644052,0.6156293150261332,0.33402586626786673,0.6098321395945681,0.5769254885560944,0.4659526100253921,0.5737702916385682,0.17637415901744727
Asterix_reconstruction_7.ply,Asterix.ply,reconstruction,4,3.03571428571429,800000,800000,3.125330686569214,0.07441329956054688,0.9891788378458131,0.9955275547585025,0.9967502517311987,0.7343028352978151,0.7608049927996754,0.7520889281662365,0.9750975100311481,0.9782059169402724,0.9774954729062696,0.7649256906606219,0.7810982475247291,0.6494792182292718,9.652892270604337,3.5554324349846214,3.548135891038749,6.9542334512177515,0.7730733203334585,2.1429233283267792,9.154057057297539,3.6509093786712663,6.176054335186824,8.515767083574355,3.0257621831474575,6.371177170501243,0.8535394826686814,0.8501639551206962,0.5768815670327434,0.9997276404117472,1.0004501238363952,0.9661113491061607,0.8292881405466224,0.893066459824429,0.7102340079923567,0.569364193804587,0.3171481887237258,0.5908916482731758,0.5447023689602698,0.4416837880623811,0.5993823561641105,0.2473040676618058
AustralianCattleDog_limitlossyG-lossyA_3.ply,AustralianCattleDog.ply,limitlossyG-lossyA,5,4.14285714285714,740237,633160,2.531370162963867,0.042995452880859375,0.9944960270145184,0.9925670084960404,0.9923408880277004,0.9266432751205859,0.5781851399081495,0.5645056714446789,0.9139086926678727,0.33377090941250964,0.300315299557825,0.9094647765038111,0.6838136832699047,0.8973152244341173,1.1235185759159705,0.5735797030935079,0.5779405316763918,0.5260467398619426,0.19060922734631558,0.35155492439637487,1.258054826549151,0.6284576836596678,0.6249395522410882,0.6294352491914713,0.2225093737950407,0.4762617646392772,0.929353984322642,0.9040151822507843,0.46721358343144825,0.9950633264483849,0.9954332058185734,0.9128000600324907,0.75371797949005,0.8996993309913465,0.994775962186,0.9525869327577596,0.3579353610182079,0.5238575811405097,0.5082814964511866,0.5405793225256954,0.48935280309127943,0.0008719812774131119
AustralianCattleDog_limitlossyG-lossyA_4.ply,AustralianCattleDog.ply,limitlossyG-lossyA,5,4.21428571428571,740237,241204,2.215365171432495,0.05429840087890625,0.978310886220853,0.9877523519852774,0.989697790492975,0.7869285644416535,0.5092941837432394,0.5181885012222707,0.9688843088224905,0.1653276311747986,0.15785993106598614,0.776664867889064,0.6137258713729883,0.7365690491696019,2.0149104311938477,1.045633672920469,1.0271251524528429,0.9633256583290539,0.19060922734631558,0.35155492439637487,2.083730656071686,1.054733116796815,1.016313738620522,0.9741873198519362,0.38888779086712966,0.6578836204295027,0.5104227673525573,0.4788155463741766,0.10825180495272937,0.9997477893937362,1.000327020725721,0.9326723862124049,0.30494117789162084,0.396777763942942,0.982303636501597,0.9487560671627283,0.31543356308014436,0.2946077042807212,0.2810150540241827,0.5103115100867776,0.5351280645024341,0.0023844478482101493
AustralianCattleDog_limitlossyG-lossyA_5.ply,AustralianCattleDog.ply,limitlossyG-lossyA,5,2.96875,740237,67325,2.112142562866211,0.0134124755859375,0.9569635047572619,0.9830787234514651,0.9851153549364366,0.6692604546493233,0.4774394450634061,0.4827764109430103,0.9902815019916288,0.12348127354932047,0.2109562062802135,0.6371948706327503,0.582032801468816,0.5874307715383416,3.8978325760055883,1.964001764133366,1.979498466982535,1.939055420310664,0.19060922734631558,0.35155492439637487,3.9341247782658857,1.9932332261348649,1.9634263216377759,2.440509784227489,0.7686365695379802,1.9097933549657604,0.18328662311804245,0.1691687389648528,0.019723583492920832,1.0000324655282782,0.9999908298575398,0.9197046829843174,0.08374882098564979,0.10677571784787009,0.9568594431856533,0.9375522566947134,0.30943686976342305,0.1863281007674665,0.17468764085771682,0.5005046390718527,0.5437145427553641,0.01054002750605666
AustralianCattleDog_limitlossyG-lossyA_6.ply,AustralianCattleDog.ply,limitlossyG-lossyA,5,1.96428571428571,740237,30800,2.029557704925537,0.014995574951171875,0.9438870085090698,0.9729430591265408,0.9637144528250011,0.620166385555212,0.45489528889387976,0.46372967799775294,0.9956120862676121,0.1830730299395202,0.0363678095170446,0.5999284474293729,0.5729710620029007,0.5459602392281606,5.802053478916943,2.917549206405402,2.9232983188738983,2.909738971914647,0.19060922734631558,0.35155492439637487,5.82397910342367,2.932816997089003,2.9215545693536864,4.774825119824321,1.286534945406103,3.9688126980741725,0.09275370077600073,0.0853407233991828,0.006905657114910622,1.0013451688602966,0.9988779720629567,0.9109902027145137,0.03664616289245182,0.046128807839415066,0.9311973143840765,0.9197963124358434,0.31098134211008777,0.1413419541378003,0.13085048275772077,0.4989209053684227,0.5416523724469477,0.018774618510349048
AustralianCattleDog_limitlossyG-lossyA_7.ply,AustralianCattleDog.ply,limitlossyG-lossyA,5,1.6875,740237,17634,2.070009708404541,0.0189971923828125,0.9308272215523874,0.9808084395067272,0.9795649419235032,0.5418735150227244,0.4595184007269423,0.46492503407542024,0.9956284927469631,0.0,0.0,0.5492467427659617,0.5615629259427533,0.48980897284766617,7.714249550305935,3.8640208744999067,3.8856687426259042,3.8885725972437952,0.19060922734631558,0.35155492439637487,7.739188269664233,3.892658579154257,3.9071555788923207,7.751513259256573,1.9422797090130057,6.577480630454598,0.05751324727290938,0.052871221994536324,0.0030755702562081312,1.0001823190474317,0.9987117032371974,0.9074952816631516,0.02008458224858919,0.02560000562430704,0.8949356417097845,0.8895294484021607,0.3054385949519631,0.11197123251054919,0.10218592559388677,0.49450142595975,0.5504290448218939,0.02893025816647016
AustralianCattleDog_LumaNoise_1.ply,AustralianCattleDog.ply,LumaNoise,6,4.17857142857143,740237,740237,2.519656181335449,0.09053802490234375,0.8793138639498417,1.0,0.9999165591677994,1.0,1.0,0.9510612247272874,9.336113454899002e-17,3.775599952669095e-17,0.014646457463729943,0.9997953167615872,0.9785035883770452,0.9999116227050904,0.0,0.0,0.0,0.0,0.19060922734631558,0.35155492439637487,0.5024656930326765,0.19060922734631558,0.35155492439637487,7.92953928807922e-14,3.904949871711916e-14,4.107038300515575e-14,1.0,1.0,1.0,7.490520293983149e-17,7.751968597464208e-17,8.227091412203022e-17,1.0,1.0,1.0,1.0,1.0,1.0,1.0,0.9998636852848386,8.070680778738075e-20,0.00013630168105403586
AustralianCattleDog_LumaNoise_3.ply,AustralianCattleDog.ply,LumaNoise,6,2.89285714285714,740237,740237,2.495720148086548,0.0762481689453125,0.6807498824735628,0.9999913740606416,0.9998282735634169,0.999655546688199,0.9987366981415768,0.9357744901619182,1.2148717179346742e-05,0.00032605050856842894,0.01461896482748138,0.9993687053124114,0.9695828697392365,0.9994619070626434,0.0,0.0,0.0,0.0,0.19060922734631558,0.35155492439637487,0.5024656930326765,0.19060922734631558,0.35155492439637487,7.92953928807922e-14,3.904949871711916e-14,4.107038300515575e-14,1.0,1.0,1.0,7.490520293983149e-17,7.751968597464208e-17,8.227091412203022e-17,1.0,1.0,1.0,1.0,1.0,1.0,1.0,0.9998636852848386,8.070680778738075e-20,0.00013630168105403586
AustralianCattleDog_LumaNoise_4.ply,AustralianCattleDog.ply,LumaNoise,6,2.86666666666667,740237,740237,2.5144712924957275,0.06791305541992188,0.625329271645911,0.9999138946657153,0.9996524295439827,0.9976752301339396,0.9816764209730008,0.9177290619860198,0.00012967919278996802,0.003896115220468024,0.026851378271492848,0.9980051054038929,0.9547818312533999,0.9974835296158727,0.0,0.0,0.0,0.0,0.19060922734631558,0.35155492439637487,0.5024656930326765,0.19060922734631558,0.35155492439637487,7.92953928807922e-14,3.904949871711916e-14,4.107038300515575e-14,1.0,1.0,1.0,7.490520293983149e-17,7.751968597464208e-17,8.227091412203022e-17,1.0,1.0,1.0,1.0,1.0,1.0,1.0,0.9998636852848386,8.070680778738075e-20,0.00013630168105403586
AustralianCattleDog_LumaNoise_5.ply,AustralianCattleDog.ply,LumaNoise,6,2.67857142857143,740237,740237,2.5263562202453613,0.07108306884765625,0.5787806286492038,0.9995169424251961,0.9990573860133001,0.9861280830396334,0.9260127524169165,0.8618049712216572,0.002188311717852037,0.021318135473227844,0.05483401102313856,0.9886916676456555,0.902202831228731,0.9853134740234052,0.0,0.0,0.0,0.0,0.19060922734631558,0.35155492439637487,0.5024656930326765,0.19060922734631558,0.35155492439637487,7.92953928807922e-14,3.904949871711916e-14,4.107038300515575e-14,1.0,1.0,1.0,7.490520293983149e-17,7.751968597464208e-17,8.227091412203022e-17,1.0,1.0,1.0,1.0,1.0,1.0,1.0,0.9998636852848386,8.070680778738075e-20,0.00013630168105403586
AustralianCattleDog_LumaNoise_7.ply,AustralianCattleDog.ply,LumaNoise,6,2.10714285714286,740237,740237,2.5627479553222656,0.1089324951171875,0.5085615147674212,0.9958884688099807,0.9949786083605086,0.822478291911838,0.5936469862474505,0.5345794092444611,0.044181284161172577,0.160884392269565,0.21299964716411993,0.8394568065510015,0.5846306458058314,0.8096244518349016,0.0,0.0,0.0,0.0,0.19060922734631558,0.35155492439637487,0.5024656930326765,0.19060922734631558,0.35155492439637487,7.92953928807922e-14,3.904949871711916e-14,4.107038300515575e-14,1.0,1.0,1.0,7.490520293983149e-17,7.751968597464208e-17,8.227091412203022e-17,1.0,1.0,1.0,1.0,1.0,1.0,1.0,0.9998636852848386,8.070680778738075e-20,0.00013630168105403586
aya_limitlossyG-lossyA_3.ply,aya.ply,limitlossyG-lossyA,5,4.34375,807296,728859,2.8355770111083984,0.18938064575195312,0.9971459616744904,0.9958557649142435,0.9961653985446667,0.8123273954687941,0.4040421236462198,0.44104220702510555,0.9284639384052918,0.5768371965074429,0.5897181829666052,0.7718950736716527,0.44434895095439825,0.6975779713703257,1.1209550122116931,0.5737909766697749,0.574694547015193,0.5241844416015803,0.24896812137553093,0.5369586407322573,1.3603030474306,0.6411799376018037,0.7503241342940697,0.6271756780114233,0.22882417986903006,0.46534064667251523,0.9581162376944672,0.933176286755609,0.585716971416588,0.9955858035308681,0.9943155964540388,0.8621528247632922,0.8159470777298602,0.933577101726109,0.9942830220010467,0.9563274148937164,0.48152216682648313,0.6271793370725522,0.613580204018073,0.6397937518729446,0.3439183500994492,0.0005997958811251348
aya_limitlossyG-lossyA_4.ply,aya.ply,limitlossyG-lossyA,5,3.8125,807296,281439,2.448798656463623,0.13675689697265625,0.9863172657283744,0.9877501445264008,0.9909309400498014,0.5947340603637384,0.2633265118032812,0.2747022505430392,0.9558775765908196,0.5304817826263687,0.5765203023559434,0.5556776902079663,0.31264576118479004,0.47723815595800456,2.014079627532821,1.0383935453335118,1.0364246227471716,0.958540076924394,0.24896812137553093,0.5369586407322573,2.1465212394879725,1.0681593404360743,1.0995798124949903,1.1321434874732008,0.4364255223628539,0.7973848540640488,0.5471878766777911,0.5107210931907125,0.15602276072048712,0.9988806459584574,0.9987369844984634,0.8903720300395932,0.3495584501592005,0.4281454863185825,0.9721221678843851,0.9377153361310572,0.3341050021327271,0.36254286276810704,0.34480939752713236,0.5273286717662435,0.5069846932168024,0.005097986584553495
aya_limitlossyG-lossyA_5.ply,aya.ply,limitlossyG-lossyA,5,2.57142857142857,807296,78515,2.412316083908081,0.031307220458984375,0.967385106055496,0.9786850878384595,0.9734552890986802,0.3885406379255768,0.16387001410104646,0.18671109594156052,0.9547388284917558,0.26716845336454415,0.5734979970340842,0.3648376736659086,0.19229738306032707,0.30247472542675624,3.9020410134642876,1.9606527204089628,1.9916917474590972,1.9292615110277638,0.24896812137553093,0.5369586407322573,3.9737277172377192,2.006648323281578,2.0076124050908586,3.0540790828166178,0.9823981448932555,2.404297846430414,0.20697230875174727,0.19000130572776308,0.03082707839944979,1.0012312961951728,0.9997545826016476,0.9148789532970729,0.09707581178012376,0.11842556511997138,0.9158164771935816,0.8994338043479503,0.31998308187965996,0.22365973099499742,0.20735170277127077,0.49942920078397046,0.5351665428764874,0.03364327552775726
aya_limitlossyG-lossyA_6.ply,aya.ply,limitlossyG-lossyA,5,2.125,807296,35756,2.2640750408172607,0.045894622802734375,0.9534786791589556,0.9642204710861306,0.9629609472850889,0.32854180890804185,0.15796133561361286,0.12425908104080699,0.9669936879015756,0.3845101622984219,0.35889407914022126,0.32226476196518583,0.17137497302786775,0.2664816290545239,5.787980119864121,2.905463205362114,2.9218566672611583,2.8945265257777657,0.24896812137553093,0.5369586407322573,5.832958680610394,2.932407799752642,2.944144666543092,5.486122446095408,1.752392712227918,4.332648538726237,0.10794780703391144,0.09875982027922806,0.01154177418082307,0.9991125643343615,0.9993444930047386,0.929432822972826,0.043188272144742065,0.051713949575523,0.8685031397665579,0.8633742319068818,0.3190460544346238,0.17595268355754665,0.16022750727321383,0.4871290587243966,0.5431162468090293,0.06342248869049681
aya_limitlossyG-lossyA_7.ply,aya.ply,limitlossyG-lossyA,5,1.35714285714286,807296,20302,2.2391810417175293,0.048480987548828125,0.9397912264289242,0.9768672576794359,0.9542848929315318,0.2870248597303584,0.07898411969390991,0.07396131806519625,0.9656303684479147,0.024477864011533273,0.09437445622334462,0.2952304190257421,0.10124749989893189,0.24218559082393523,7.682996253714083,3.8664912089437817,3.8909657745536186,3.8179557648389775,0.24896812137553093,0.5369586407322573,7.719844906612728,3.900623655199265,3.8540102479414062,8.14829784850836,2.5633639131298667,6.441903981442591,0.0672516590333165,0.061424189781966045,0.007276366239922845,0.9983056578393539,0.9997082508550756,0.9360593527502086,0.024354745519257762,0.028570358021237044,0.8259302662240362,0.8281894133800661,0.3149114038622877,0.15417365099727262,0.13865878275699992,0.47606424196175795,0.5510047234616761,0.08703204510734941
aya_lossless-geom-lossy-attrs_3.ply,aya.ply,lossless-geom-lossy-attrs,7,4.92857142857143,807296,807296,2.760026693344116,0.09967803955078125,0.9970125123528015,0.9977559958816379,0.9976193602923351,0.7113373566746396,0.4935126147226127,0.5644878293430099,0.31684793297455144,0.4745033253789294,0.4701749020919837,0.7181709947967096,0.5703531020030451,0.6265961610841346,0.0,0.0,0.0,0.0,0.24896812137553093,0.5369586407322573,0.7112462198169965,0.24896812137553093,0.5369586407322573,7.563557063995121e-14,3.825395783018664e-14,3.612927715534364e-14,1.0,1.0,1.0,7.154017849080618e-17,7.848627059752887e-17,7.815091587844956e-17,1.0,1.0,1.0,1.0,1.0,1.0,1.0,0.9999999869595206,9.125620784359334e-21,-4.0805213337262763e-17
aya_lossless-geom-lossy-attrs_4.ply,aya.ply,lossless-geom-lossy-attrs,7,4.42857142857143,807296,807296,2.7678773403167725,0.09886550903320312,0.9955892518642964,0.997024431792566,0.9966534984095977,0.6571799398166608,0.4379783066807159,0.4963442827636935,0.38473644269051294,0.5273731768121217,0.5274853092507282,0.6662194196013935,0.5091856876637906,0.5689595381920468,0.0,0.0,0.0,0.0,0.24896812137553093,0.5369586407322573,0.7112462198169965,0.24896812137553093,0.5369586407322573,7.563557063995121e-14,3.825395783018664e-14,3.612927715534364e-14,1.0,1.0,1.0,7.154017849080618e-17,7.848627059752887e-17,7.815091587844956e-17,1.0,1.0,1.0,1.0,1.0,1.0,1.0,0.9999999869595206,9.125620784359334e-21,-4.0805213337262763e-17
aya_lossless-geom-lossy-attrs_5.ply,aya.ply,lossless-geom-lossy-attrs,7,4.43333333333333,807296,807296,2.779538154602051,0.10396575927734375,0.993415096258438,0.9959500605777784,0.9953778164461745,0.5960786661072472,0.3821743871568448,0.4381245313550023,0.454177207504092,0.5659888099312705,0.5753847204985446,0.6066001435087875,0.443585457386159,0.5068113298143846,0.0,0.0,0.0,0.0,0.24896812137553093,0.5369586407322573,0.7112462198169965,0.24896812137553093,0.5369586407322573,7.563557063995121e-14,3.825395783018664e-14,3.612927715534364e-14,1.0,1.0,1.0,7.154017849080618e-17,7.848627059752887e-17,7.815091587844956e-17,1.0,1.0,1.0,1.0,1.0,1.0,1.0,0.9999999869595206,9.125620784359334e-21,-4.0805213337262763e-17
aya_lossless-geom-lossy-attrs_6.ply,aya.ply,lossless-geom-lossy-attrs,7,3.9375,807296,807296,2.8003180027008057,0.10437774658203125,0.9903660621067351,0.9946910518285395,0.9938114955661969,0.5330401369276977,0.33716804770985953,0.3812395509293655,0.533879481029421,0.5820855692816068,0.6259220648163757,0.5450373652349358,0.3778401432832561,0.43986261431531154,0.0,0.0,0.0,0.0,0.24896812137553093,0.5369586407322573,0.7112462198169965,0.24896812137553093,0.5369586407322573,7.563557063995121e-14,3.825395783018664e-14,3.612927715534364e-14,1.0,1.0,1.0,7.154017849080618e-17,7.848627059752887e-17,7.815091587844956e-17,1.0,1.0,1.0,1.0,1.0,1.0,1.0,0.9999999869595206,9.125620784359334e-21,-4.0805213337262763e-17
aya_lossless-geom-lossy-attrs_7.ply,aya.ply,lossless-geom-lossy-attrs,7,3.03125,807296,807296,2.787980079650879,0.09371566772460938,0.9852300963793724,0.9914123422209338,0.9906628860406645,0.45752317257886155,0.2861076365444234,0.3265610431483873,0.6046754613948396,0.5899519138071788,0.6561764104022735,0.46720212510706255,0.3130634549378117,0.36018427216753046,0.0,0.0,0.0,0.0,0.24896812137553093,0.5369586407322573,0.7112462198169965,0.24896812137553093,0.5369586407322573,7.563557063995121e-14,3.825395783018664e-14,3.612927715534364e-14,1.0,1.0,1.0,7.154017849080618e-17,7.848627059752887e-17,7.815091587844956e-17,1.0,1.0,1.0,1.0,1.0,1.0,1.0,0.9999999869595206,9.125620784359334e-21,-4.0805213337262763e-17
aya_PoissonNoise_3.ply,aya.ply,PoissonNoise,8,4.17857142857143,807296,807296,2.8331799507141113,0.096099853515625,0.8990032572494776,0.9986671328682953,0.9985292133474926,0.7024360083033381,0.26979206891937774,0.3189886809350892,0.2651584023045426,0.5983136175927638,0.568225266214546,0.5997833349203788,0.3595981426858128,0.561013695499965,0.0,0.0,0.0,0.0,0.24896812137553093,0.5369586407322573,0.7112462198169965,0.24896812137553093,0.5369586407322573,7.563557063995121e-14,3.825395783018664e-14,3.612927715534364e-14,1.0,1.0,1.0,7.154017849080618e-17,7.848627059752887e-17,7.815091587844956e-17,1.0,1.0,1.0,1.0,1.0,1.0,1.0,0.9999999869595206,9.125620784359334e-21,-4.0805213337262763e-17
aya_PoissonNoise_4.ply,aya.ply,PoissonNoise,8,3.92857142857143,807296,807296,2.756716728210449,0.0834808349609375,0.8721353664790649,0.9984365052481974,0.998104846320753,0.6556797070549393,0.2622368599812562,0.3056904656065848,0.299801147191619,0.6199162264026776,0.5893687240786983,0.56250295999989,0.3473194529815341,0.5182927049018009,0.0,0.0,0.0,0.0,0.24896812137553093,0.5369586407322573,0.7112462198169965,0.24896812137553093,0.5369586407322573,7.563557063995121e-14,3.825395783018664e-14,3.612927715534364e-14,1.0,1.0,1.0,7.154017849080618e-17,7.848627059752887e-17,7.815091587844956e-17,1.0,1.0,1.0,1.0,1.0,1.0,1.0,0.9999999869595206,9.125620784359334e-21,-4.0805213337262763e-17
aya_PoissonNoise_5.ply,aya.ply,PoissonNoise,8,4.0,807296,807296,2.7890877723693848,0.08541488647460938,0.8485986784227134,0.9981465169408726,0.997226969818788,0.6039010871786484,0.2529577006464143,0.2956199030772135,0.32309842067327005,0.6290028800824191,0.5918857309807491,0.5178101403770494,0.33104132277348913,0.4714420842688309,0.0,0.0,0.0,0.0,0.24896812137553093,0.5369586407322573,0.7112462198169965,0.24896812137553093,0.5369586407322573,7.563557063995121e-14,3.825395783018664e-14,3.612927715534364e-14,1.0,1.0,1.0,7.154017849080618e-17,7.848627059752887e-17,7.815091587844956e-17,1.0,1.0,1.0,1.0,1.0,1.0,1.0,0.9999999869595206,9.125620784359334e-21,-4.0805213337262763e-17
aya_PoissonNoise_6.ply,aya.ply,PoissonNoise,8,3.5,807296,807296,2.755510091781616,0.08141326904296875,0.8284151262761819,0.9974546565106617,0.9948734898571493,0.577523514994104,0.24119062455088502,0.27480497968307294,0.3372762783434462,0.6305329904315112,0.5781451828722596,0.48594807324849326,0.31012663711486943,0.4402524955281099,0.0,0.0,0.0,0.0,0.24896812137553093,0.5369586407322573,0.7112462198169965,0.24896812137553093,0.5369586407322573,7.563557063995121e-14,3.825395783018664e-14,3.612927715534364e-14,1.0,1.0,1.0,7.154017849080618e-17,7.848627059752887e-17,7.815091587844956e-17,1.0,1.0,1.0,1.0,1.0,1.0,1.0,0.9999999869595206,9.125620784359334e-21,-4.0805213337262763e-17
aya_PoissonNoise_7.ply,aya.ply,PoissonNoise,8,3.42857142857143,807296,807296,2.7653818130493164,0.15539169311523438,0.8114988927292733,0.9959543191708137,0.9901131663418494,0.5403057367488354,0.2361432191675642,0.25469465176678907,0.3577271531440062,0.6315734609671656,0.5729358043927872,0.46769266869756587,0.29838193430871485,0.4196318404994289,0.0,0.0,0.0,0.0,0.24896812137553093,0.5369586407322573,0.7112462198169965,0.24896812137553093,0.5369586407322573,7.563557063995121e-14,3.825395783018664e-14,3.612927715534364e-14,1.0,1.0,1.0,7.154017849080618e-17,7.848627059752887e-17,7.815091587844956e-17,1.0,1.0,1.0,1.0,1.0,1.0,1.0,0.9999999869595206,9.125620784359334e-21,-4.0805213337262763e-17
Baldness_limitlossyG-lossyA_3.ply,Baldness.ply,limitlossyG-lossyA,5,4.9,900153,616210,2.567598342895508,0.094696044921875,0.9936311439110894,0.9963734400798921,0.9957889719094504,0.8243004570116079,0.186637413893159,0.1753213674881525,0.9282834699451792,0.6153518583344487,0.750277789112444,0.7437019824878439,0.23031926886707466,0.6681315623055969,1.1213850997161305,0.5733771646347219,0.5795257321799692,0.5258320138138257,0.29284896191502213,0.5305395920463795,1.4040960116428256,0.6961473284983638,0.738884552144407,0.7759117844437916,0.3586826131863577,0.44740998231774354,0.9166757075936335,0.8765782171231086,0.559014730350962,0.9968361185033264,0.9955380119862467,0.8681625988072278,0.7747340939308628,0.8687419448428092,0.9934090568650162,0.9334227257119525,0.3954532500826441,0.6414287772097295,0.6213783999630555,0.5726859884003602,0.4420350833041896,0.0012723475885428848
Baldness_limitlossyG-lossyA_4.ply,Baldness.ply,limitlossyG-lossyA,5,3.625,900153,228849,2.281405448913574,0.16668701171875,0.9777304533755601,0.9859998840951627,0.9838599292064129,0.652501939383437,0.06861102053564139,0.06740030232379281,0.975703319350633,0.44024099730049776,0.27781499077007177,0.5832853346399053,0.05182391871928153,0.5034319144699029,2.0207637594045855,1.040466973430443,1.0503670327466625,0.9481820784644501,0.29284896191502213,0.5305395920463795,2.1704383792962796,1.1084005623138116,1.076256825701507,1.1785648727066325,0.48034494048848986,0.7902345872731439,0.494723380907387,0.45517489329857413,0.1415760772530346,1.0004447540716834,0.9991655014841542,0.9003539017962572,0.3167439658305941,0.3686397183459632,0.9746552778805757,0.9354733412000762,0.33233847888467133,0.3836063056880509,0.36303385735165633,0.5270712853891732,0.5037868200536082,0.007379072949433619
Baldness_limitlossyG-lossyA_5.ply,Baldness.ply,limitlossyG-lossyA,5,1.78571428571429,900153,64425,2.150568723678589,0.05820465087890625,0.952296355205061,0.9803536223242161,0.9795037318035288,0.4918091907023194,0.003576251867169858,0.019544718165271507,0.9795922750843884,0.00973001289719807,0.08497645617214948,0.5058411767779047,0.0037923745622704037,0.4204895285921505,3.8918488886755194,1.9799023004165883,1.969918164795532,1.91198519547056,0.29284896191502213,0.5305395920463795,3.9743737252664477,2.003302996008614,1.9853732033017202,2.934127469243213,0.9809144982814699,2.274026100593477,0.1799502030370794,0.16177779634541842,0.026331951808003386,0.9992516460739101,0.9982216709870558,0.9230468393533156,0.08708414808288387,0.09777295135881361,0.9318660114232041,0.9145373535128782,0.32244925429466825,0.24443901066618104,0.22520570457920255,0.5009045256104577,0.5320427161488095,0.03006868237898873
Baldness_limitlossyG-lossyA_6.ply,Baldness.ply,limitlossyG-lossyA,5,1.8,900153,29703,2.0935959815979004,0.046169281005859375,0.9294588359635623,0.9824100986133789,0.9560399104490218,0.399528803116802,0.01426698926970317,0.02117093702791572,0.9398910681327453,0.08894493650825035,0.1314867383673576,0.4044319618828446,0.031490602316379325,0.3290734789068013,5.8080688301321866,2.928502508029598,2.9141817768903846,2.9053648921291346,0.29284896191502213,0.5305395920463795,5.8746797438676275,2.9502086775488623,2.9590503879055277,5.059404693125616,1.6207865000234325,4.002518990772442,0.09197631367933148,0.0822105584653524,0.009788354585489552,0.9983553310792826,1.0003595710586721,0.9359618134073932,0.03878967061971577,0.04214661691287447,0.8946466355034615,0.8887408899960753,0.32164921018811665,0.1947414969201853,0.17628558733907917,0.4883689181985975,0.5350269687093048,0.05566244235397573
Baldness_limitlossyG-lossyA_7.ply,Baldness.ply,limitlossyG-lossyA,5,1.46428571428571,900153,16850,2.1188840866088867,0.050937652587890625,0.9029172993438989,0.9803196223595964,0.9781208967411997,0.39200251290643173,4.403346543412674e-05,0.009398080520195713,0.9125490602964013,0.0,0.059674646706814057,0.39754868141488,8.806693086759285e-05,0.3274126300333603,7.65709484509447,3.825483347171327,3.821488628976677,3.8563112129274626,0.29284896191502213,0.5305395920463795,7.713298652798674,3.850193559596878,3.8979984445133544,7.660934941808917,2.388346130392595,6.148726767646197,0.05588120989459213,0.0498269276949899,0.004836681309702129,1.0005541274727974,0.9993847318295832,0.9422411138191995,0.021575400825176103,0.022868811880211306,0.8624348272439372,0.8649962844194932,0.323937386713166,0.16768181710265653,0.14962629919263717,0.4838640560633442,0.5295207705963844,0.07822001528063088
Baldness_lossless-geom-lossy-attrs_3.ply,Baldness.ply,lossless-geom-lossy-attrs,7,4.8125,900153,900153,2.638319969177246,0.1381378173828125,0.9935529873193684,0.9982022849253872,0.9981238701951001,0.7441116449658645,0.310646999790609,0.36868788486425347,0.2690141076905966,0.47150533328874705,0.4919152823125942,0.7371062211289034,0.307783781432929,0.6370614090882948,0.0,0.0,0.0,0.0,0.29284896191502213,0.5305395920463795,0.7546459181436573,0.29284896191502213,0.5305395920463795,8.317842861511556e-14,4.1338524223229736e-14,4.240379271757318e-14,1.0,1.0,1.0,7.954924211852033e-17,8.625853387237932e-17,7.582475698573556e-17,1.0,1.0,1.0,1.0,1.0,1.0,1.0,0.9999559535051271,2.9332180307137556e-20,4.403346543369025e-05
Baldness_lossless-geom-lossy-attrs_4.ply,Baldness.ply,lossless-geom-lossy-attrs,7,4.39285714285714,900153,900153,2.6743857860565186,0.16766738891601562,0.9905319237176236,0.9976987123323147,0.9976639675104023,0.6618439142750228,0.273793116947909,0.33485181910700934,0.3485874623364657,0.459341703442198,0.4932654264378712,0.6564539754585575,0.26254951791272185,0.5424446092908329,0.0,0.0,0.0,0.0,0.29284896191502213,0.5305395920463795,0.7546459181436573,0.29284896191502213,0.5305395920463795,8.317842861511556e-14,4.1338524223229736e-14,4.240379271757318e-14,1.0,1.0,1.0,7.954924211852033e-17,8.625853387237932e-17,7.582475698573556e-17,1.0,1.0,1.0,1.0,1.0,1.0,1.0,0.9999559535051271,2.9332180307137556e-20,4.403346543369025e-05
Baldness_lossless-geom-lossy-attrs_5.ply,Baldness.ply,lossless-geom-lossy-attrs,7,4.03571428571429,900153,900153,2.67037296295166,0.11209487915039062,0.9863828610134164,0.9973016108279938,0.9970770144339073,0.6109210692215643,0.23477478111272493,0.2987238811109366,0.4367418357449515,0.4392337012604204,0.4816619933155721,0.6063726717116282,0.21881981186236446,0.48957912092981665,0.0,0.0,0.0,0.0,0.29284896191502213,0.5305395920463795,0.7546459181436573,0.29284896191502213,0.5305395920463795,8.317842861511556e-14,4.1338524223229736e-14,4.240379271757318e-14,1.0,1.0,1.0,7.954924211852033e-17,8.625853387237932e-17,7.582475698573556e-17,1.0,1.0,1.0,1.0,1.0,1.0,1.0,0.9999559535051271,2.9332180307137556e-20,4.403346543369025e-05
Baldness_lossless-geom-lossy-attrs_6.ply,Baldness.ply,lossless-geom-lossy-attrs,7,3.78571428571429,900153,900153,2.7098844051361084,0.10056304931640625,0.9808153524342915,0.9964727691292272,0.9962603341354845,0.518941259466954,0.20881219277536037,0.27856538425124,0.5653957964413572,0.43499416125376755,0.4926844395179506,0.5169097354576409,0.18903613614644454,0.39986680724359897,0.0,0.0,0.0,0.0,0.29284896191502213,0.5305395920463795,0.7546459181436573,0.29284896191502213,0.5305395920463795,8.317842861511556e-14,4.1338524223229736e-14,4.240379271757318e-14,1.0,1.0,1.0,7.954924211852033e-17,8.625853387237932e-17,7.582475698573556e-17,1.0,1.0,1.0,1.0,1.0,1.0,1.0,0.9999559535051271,2.9332180307137556e-20,4.403346543369025e-05
Baldness_lossless-geom-lossy-attrs_7.ply,Baldness.ply,lossless-geom-lossy-attrs,7,2.60714285714286,900153,900153,2.656181573867798,0.09086227416992188,0.9735946290317409,0.9929348149877206,0.9929619804425497,0.3533588381145251,0.18488671026865042,0.2300272376702315,0.6972303233811237,0.4219897847348155,0.4428188713287517,0.35061729263539004,0.13480643582910318,0.24181499926782854,0.0,0.0,0.0,0.0,0.29284896191502213,0.5305395920463795,0.7546459181436573,0.29284896191502213,0.5305395920463795,8.317842861511556e-14,4.1338524223229736e-14,4.240379271757318e-14,1.0,1.0,1.0,7.954924211852033e-17,8.625853387237932e-17,7.582475698573556e-17,1.0,1.0,1.0,1.0,1.0,1.0,1.0,0.9999559535051271,2.9332180307137556e-20,4.403346543369025e-05
Baldness_PoissonNoise_3.ply,Baldness.ply,PoissonNoise,8,3.5,900153,900153,2.656238317489624,0.07907867431640625,0.7978769107938145,0.9988375805545793,0.9986904653378519,0.7018321651244023,0.16955511818136837,0.14337091289511528,0.2604427758482676,0.7431977679592846,0.7804816860020617,0.5932581655321567,0.2501842880575466,0.5510071595277636,0.0,0.0,0.0,0.0,0.29284896191502213,0.5305395920463795,0.7546459181436573,0.29284896191502213,0.5305395920463795,8.317842861511556e-14,4.1338524223229736e-14,4.240379271757318e-14,1.0,1.0,1.0,7.954924211852033e-17,8.625853387237932e-17,7.582475698573556e-17,1.0,1.0,1.0,1.0,1.0,1.0,1.0,0.9999559535051271,2.9332180307137556e-20,4.403346543369025e-05
Baldness_PoissonNoise_4.ply,Baldness.ply,PoissonNoise,8,4.10714285714286,900153,900153,2.7005512714385986,0.0783538818359375,0.7504411142043831,0.9986754475092097,0.9985002263818623,0.6631699736300889,0.140099809687582,0.1199445353475341,0.2925625977837169,0.7719752016569102,0.803265400170999,0.552196803056281,0.21415409855635537,0.5129967212147969,0.0,0.0,0.0,0.0,0.29284896191502213,0.5305395920463795,0.7546459181436573,0.29284896191502213,0.5305395920463795,8.317842861511556e-14,4.1338524223229736e-14,4.240379271757318e-14,1.0,1.0,1.0,7.954924211852033e-17,8.625853387237932e-17,7.582475698573556e-17,1.0,1.0,1.0,1.0,1.0,1.0,1.0,0.9999559535051271,2.9332180307137556e-20,4.403346543369025e-05
Baldness_PoissonNoise_5.ply,Baldness.ply,PoissonNoise,8,3.56666666666667,900153,900153,2.6494016647338867,0.07324600219726562,0.709198600958788,0.9985346995273862,0.9983124891097904,0.6334614680417756,0.11979836822675591,0.10511507508122943,0.3179331565429903,0.7933397607571088,0.8161139277077463,0.521213144775918,0.18931693944858638,0.4847950102482972,0.0,0.0,0.0,0.0,0.29284896191502213,0.5305395920463795,0.7546459181436573,0.29284896191502213,0.5305395920463795,8.317842861511556e-14,4.1338524223229736e-14,4.240379271757318e-14,1.0,1.0,1.0,7.954924211852033e-17,8.625853387237932e-17,7.582475698573556e-17,1.0,1.0,1.0,1.0,1.0,1.0,1.0,0.9999559535051271,2.9332180307137556e-20,4.403346543369025e-05
Baldness_PoissonNoise_6.ply,Baldness.ply,PoissonNoise,8,3.42857142857143,900153,900153,2.6241567134857178,0.07427597045898438,0.672874029433488,0.998387639105348,0.9981996919925223,0.6085028138868666,0.10522544185226482,0.09375982586883196,0.33945034727185996,0.8080831959640069,0.8331181808455758,0.495390333646857,0.1704330743958251,0.4611471830742913,0.0,0.0,0.0,0.0,0.29284896191502213,0.5305395920463795,0.7546459181436573,0.29284896191502213,0.5305395920463795,8.317842861511556e-14,4.1338524223229736e-14,4.240379271757318e-14,1.0,1.0,1.0,7.954924211852033e-17,8.625853387237932e-17,7.582475698573556e-17,1.0,1.0,1.0,1.0,1.0,1.0,1.0,0.9999559535051271,2.9332180307137556e-20,4.403346543369025e-05
Baldness_PoissonNoise_7.ply,Baldness.ply,PoissonNoise,8,3.5,900153,900153,2.707751989364624,0.08028793334960938,0.6405737628924393,0.9982375772597495,0.998033803983306,0.5877862974636006,0.09410075587098829,0.08564063034302621,0.3574587445202529,0.8210529076046164,0.8421114568117347,0.4737441722782144,0.15594896123374155,0.441272493693762,0.0,0.0,0.0,0.0,0.29284896191502213,0.5305395920463795,0.7546459181436573,0.29284896191502213,0.5305395920463795,8.317842861511556e-14,4.1338524223229736e-14,4.240379271757318e-14,1.0,1.0,1.0,7.954924211852033e-17,8.625853387237932e-17,7.582475698573556e-17,1.0,1.0,1.0,1.0,1.0,1.0,1.0,0.9999559535051271,2.9332180307137556e-20,4.403346543369025e-05
banjofrog_limitlossyG-lossyA_3.ply,banjofrog.ply,limitlossyG-lossyA,5,4.8,836128,828425,2.7515079975128174,0.06982421875,0.9957184082458316,0.9964320206800483,0.9967326319928613,0.9008063579191017,0.431909061714243,0.3635707363402139,0.8959353168298152,0.7032244693053055,0.6629315132958803,0.872962306856967,0.4095427984397827,0.8401972947140198,1.1219557115720926,0.5543899757002845,0.5555100125635599,0.5683763153094675,0.3187310341029142,0.5360782167780497,1.443332367276185,0.6770659519348088,0.8067019566402961,0.6666912325677078,0.2656229345412105,0.46333955178777986,0.9770452851548356,0.974060892701177,0.6152492396667731,0.9756455626214242,0.9760739677448705,0.8381682317185943,0.8571458850183454,0.9892200223766983,0.9969448519879998,0.9589828231387347,0.45189990556099235,0.6196280915306164,0.6065084269906221,0.6230532918808019,0.366555427089444,0.00022563153714040272
banjofrog_limitlossyG-lossyA_4.ply,banjofrog.ply,limitlossyG-lossyA,5,4.35714285714286,836128,555467,2.5027987957000732,0.048725128173828125,0.9875930467986561,0.9894059797057866,0.9916258764548069,0.8036775876304815,0.177639802798076,0.14196342456837222,0.9347309771696899,0.4986088010347504,0.33368235765821785,0.7663042281552137,0.16109847183470605,0.7197246186614155,2.020835844298777,1.05334699017154,1.0558073417465759,0.9228704755360478,0.3187310341029142,0.5360782167780497,2.197274911772792,1.1187334472780983,1.0668853247892698,0.99239623295762,0.4647114322592441,0.5696815717305516,0.816836388442286,0.7722172472614168,0.22922708497234856,0.9991067328424346,0.9998139001270266,0.8994434156229788,0.5348157061893842,0.7482170464398961,0.9868395119156004,0.9448856066869232,0.3248869392788724,0.32143512912959415,0.3081227382367158,0.5193788500759552,0.5188551298420299,0.0009609214519557954
banjofrog_limitlossyG-lossyA_5.ply,banjofrog.ply,limitlossyG-lossyA,5,2.8125,836128,171183,2.2979490756988525,0.15167617797851562,0.9625677270395612,0.9803511547336167,0.9872656159878237,0.6156025291483136,0.06299857128403782,0.05281164787298957,0.9566797825549092,0.12831371353238313,0.09565025781977973,0.6222573092545223,0.06089588530844246,0.556626799108482,3.8933234970688844,1.993837861009867,1.9700677430301263,1.8992370488128931,0.3187310341029142,0.5360782167780497,3.9908425362464968,2.0054769926477856,1.981749167295806,2.3079629105485457,0.8047778795818887,1.698847716685713,0.36480218614752036,0.33740038434815156,0.04640246373043179,0.9999530240990667,1.0009396258943655,0.8989399507726699,0.1709060382716422,0.26506924699110784,0.9602364487990194,0.9329722037579258,0.31593979826649166,0.18249823604842788,0.171594709085483,0.5132812200115895,0.5237226410530545,0.006256520563207729
banjofrog_limitlossyG-lossyA_6.ply,banjofrog.ply,limitlossyG-lossyA,5,2.25,836128,80142,2.219573974609375,0.08146286010742188,0.944700846129677,0.9544442412639571,0.9799064901640487,0.5257967354847914,0.05208551503000603,0.019647949386066604,0.9768325096925602,0.2065485417462223,0.030080284587417714,0.5265907739994233,0.030183799661027893,0.46297601704559926,5.79743442108044,2.91656694705193,2.9453872624693522,2.865954559016104,0.3187310341029142,0.5360782167780497,5.855589393268762,2.970857686087179,2.909751061968327,4.410237061216104,1.2809100465326448,3.5425276001408843,0.1996742295649233,0.18392353862968264,0.017839609924460712,1.001372783685156,0.9995702219759182,0.8936675851939668,0.07839902433808876,0.12399412714096418,0.9276161119881683,0.9046989833135286,0.3080435897951197,0.13730046804547255,0.12733384673451648,0.5072847860642996,0.5303262581552177,0.013868657830296179
banjofrog_limitlossyG-lossyA_7.ply,banjofrog.ply,limitlossyG-lossyA,5,1.78571428571429,836128,46191,2.163553237915039,0.022144317626953125,0.9307655017891098,0.9786688063246357,0.9859970876486673,0.4569039309646564,0.015482243580694017,0.017037903332339288,0.9763628243482172,0.003038544168360646,0.003095650000831401,0.46546695642337227,0.01945817269432535,0.4038316539705226,7.699452923194848,3.8852408843092068,3.8833706474986824,3.812672150726336,0.3187310341029142,0.5360782167780497,7.7515028461576705,3.899093113335845,3.854291037417834,6.829279153510105,1.876221441843103,5.581833127220198,0.1261749922950748,0.1169696978048296,0.008928836892918537,1.0014656684044247,0.9991798614336935,0.894977260811194,0.04426164741360262,0.07030701259117228,0.9009201600382398,0.8793060979508935,0.3009713637460683,0.11390688581232664,0.10467120651777931,0.49399734090055825,0.5387265820768212,0.037832052898457494
basketballplayer_lossless-geom-nearlossless-attrs_3.ply,basketballplayer.ply,lossless-geom-nearlossless-attrs,9,4.78571428571429,805053,805053,2.7650725841522217,0.08185958862304688,0.9952471842585976,0.9985821553952987,0.9986435888108983,0.8402168079064575,0.6546796446377946,0.6201235634685602,0.23521210280216268,0.43414776799290217,0.6976038505763323,0.8989734472659866,0.7201632225635443,0.7902898779263494,0.0,0.0,0.0,0.0,0.37725607526886773,0.5387464145995935,0.846408915898004,0.37725607526886773,0.5387464145995935,9.01496930551196e-14,4.345211332925373e-14,4.7569160388034734e-14,1.0,1.0,1.0,9.053928737575296e-17,9.476042191120245e-17,7.822830000156447e-17,1.0,1.0,1.0,1.0,1.0,1.0,1.0,0.9998755314458438,1.381733695862049e-20,0.00012445550715615706
basketballplayer_lossless-geom-nearlossless-attrs_4.ply,basketballplayer.ply,lossless-geom-nearlossless-attrs,9,4.67857142857143,805053,805053,2.7803094387054443,0.07531356811523438,0.9858985347907538,0.9964970769488569,0.9966821423920185,0.6711444935713322,0.5235005502286854,0.4786821974053692,0.42368814165534074,0.6001519273512926,0.7835845683523853,0.762284072967028,0.5914825139942096,0.6301886178675665,0.0,0.0,0.0,0.0,0.37725607526886773,0.5387464145995935,0.846408915898004,0.37725607526886773,0.5387464145995935,9.01496930551196e-14,4.345211332925373e-14,4.7569160388034734e-14,1.0,1.0,1.0,9.053928737575296e-17,9.476042191120245e-17,7.822830000156447e-17,1.0,1.0,1.0,1.0,1.0,1.0,1.0,0.9998755314458438,1.381733695862049e-20,0.00012445550715615706
basketballplayer_lossless-geom-nearlossless-attrs_5.ply,basketballplayer.ply,lossless-geom-nearlossless-attrs,9,3.96428571428571,805053,805053,2.756290912628174,0.0762939453125,0.9655956596037779,0.9937791615987487,0.9926544649170693,0.440293851635274,0.3615155419299913,0.38929833091783134,0.5532842714969178,0.5914165052161143,0.7290154966919122,0.5204868787919594,0.42001791144292355,0.4021289827100711,0.0,0.0,0.0,0.0,0.37725607526886773,0.5387464145995935,0.846408915898004,0.37725607526886773,0.5387464145995935,9.01496930551196e-14,4.345211332925373e-14,4.7569160388034734e-14,1.0,1.0,1.0,9.053928737575296e-17,9.476042191120245e-17,7.822830000156447e-17,1.0,1.0,1.0,1.0,1.0,1.0,1.0,0.9998755314458438,1.381733695862049e-20,0.00012445550715615706
basketballplayer_lossless-geom-nearlossless-attrs_6.ply,basketballplayer.ply,lossless-geom-nearlossless-attrs,9,2.67857142857143,805053,805053,2.747669219970703,0.07508087158203125,0.9207625559957113,0.9904833887878413,0.9941744223732611,0.34441931792855507,0.2534886668499256,0.14833826287764684,0.7440437374432494,0.37758683474711185,0.3077870401737111,0.3733310236871372,0.2745864405955685,0.26745348310568157,0.0,0.0,0.0,0.0,0.37725607526886773,0.5387464145995935,0.846408915898004,0.37725607526886773,0.5387464145995935,9.01496930551196e-14,4.345211332925373e-14,4.7569160388034734e-14,1.0,1.0,1.0,9.053928737575296e-17,9.476042191120245e-17,7.822830000156447e-17,1.0,1.0,1.0,1.0,1.0,1.0,1.0,0.9998755314458438,1.381733695862049e-20,0.00012445550715615706
basketballplayer_lossless-geom-nearlossless-attrs_7.ply,basketballplayer.ply,lossless-geom-nearlossless-attrs,9,1.8125,805053,805053,2.771991491317749,0.07379150390625,0.8414041041929912,0.9823331012460067,0.9401208507645887,0.2729830687152878,0.2178857106391548,0.373745180842508,0.8463253875230768,0.5651532079792174,0.899586967049858,0.34382482507116885,0.29172995007027264,0.20938517732822334,0.0,0.0,0.0,0.0,0.37725607526886773,0.5387464145995935,0.846408915898004,0.37725607526886773,0.5387464145995935,9.01496930551196e-14,4.345211332925373e-14,4.7569160388034734e-14,1.0,1.0,1.0,9.053928737575296e-17,9.476042191120245e-17,7.822830000156447e-17,1.0,1.0,1.0,1.0,1.0,1.0,1.0,0.9998755314458438,1.381733695862049e-20,0.00012445550715615706
basketballplayer_losslessG-limitlossyA_3.ply,basketballplayer.ply,losslessG-limitlossyA,10,4.53571428571429,805053,805053,2.8120646476745605,0.0735015869140625,0.9982310493864781,0.9991818167317292,0.9992109518337502,0.8473797808732477,0.5016618795612289,0.3674561376804564,0.13219251985307054,0.38151789953554727,0.6143200907847463,0.7852407275811347,0.5082270082547257,0.7216575092203711,0.0,0.0,0.0,0.0,0.37725607526886773,0.5387464145995935,0.846408915898004,0.37725607526886773,0.5387464145995935,9.01496930551196e-14,4.345211332925373e-14,4.7569160388034734e-14,1.0,1.0,1.0,9.053928737575296e-17,9.476042191120245e-17,7.822830000156447e-17,1.0,1.0,1.0,1.0,1.0,1.0,1.0,0.9998755314458438,1.381733695862049e-20,0.00012445550715615706
basketballplayer_losslessG-limitlossyA_4.ply,basketballplayer.ply,losslessG-limitlossyA,10,4.25,805053,805053,2.806009292602539,0.10243606567382812,0.9930610084673135,0.9977336540224561,0.997602861276077,0.7071100660278783,0.3334377522776954,0.2235657604357778,0.2863625854623392,0.5566315050815576,0.7625196406454958,0.6415529987999588,0.36399399171059704,0.5641782782133684,0.0,0.0,0.0,0.0,0.37725607526886773,0.5387464145995935,0.846408915898004,0.37725607526886773,0.5387464145995935,9.01496930551196e-14,4.345211332925373e-14,4.7569160388034734e-14,1.0,1.0,1.0,9.053928737575296e-17,9.476042191120245e-17,7.822830000156447e-17,1.0,1.0,1.0,1.0,1.0,1.0,1.0,0.9998755314458438,1.381733695862049e-20,0.00012445550715615706
basketballplayer_losslessG-limitlossyA_5.ply,basketballplayer.ply,losslessG-limitlossyA,10,3.78571428571429,805053,805053,2.835826873779297,0.07736587524414062,0.9786991218153726,0.9932893539933105,0.9925175523745735,0.4889138852238943,0.2276229341898048,0.16304114818362953,0.41266554325909705,0.6232636569545063,0.7632944957135811,0.4824331961972695,0.2781139344663887,0.4100827601461259,0.0,0.0,0.0,0.0,0.37725607526886773,0.5387464145995935,0.846408915898004,0.37725607526886773,0.5387464145995935,9.01496930551196e-14,4.345211332925373e-14,4.7569160388034734e-14,1.0,1.0,1.0,9.053928737575296e-17,9.476042191120245e-17,7.822830000156447e-17,1.0,1.0,1.0,1.0,1.0,1.0,1.0,0.9998755314458438,1.381733695862049e-20,0.00012445550715615706
basketballplayer_losslessG-limitlossyA_6.ply,basketballplayer.ply,losslessG-limitlossyA,10,3.25,805053,805053,2.8475117683410645,0.08708572387695312,0.9655458689605666,0.9878762720794807,0.9884416640800227,0.37862685785499206,0.18475868339509272,0.13524473576897983,0.4075446831021142,0.5914436179161906,0.6854585213063762,0.36851542911861923,0.2312030190187212,0.3111187517201109,0.0,0.0,0.0,0.0,0.37725607526886773,0.5387464145995935,0.846408915898004,0.37725607526886773,0.5387464145995935,9.01496930551196e-14,4.345211332925373e-14,4.7569160388034734e-14,1.0,1.0,1.0,9.053928737575296e-17,9.476042191120245e-17,7.822830000156447e-17,1.0,1.0,1.0,1.0,1.0,1.0,1.0,0.9998755314458438,1.381733695862049e-20,0.00012445550715615706
basketballplayer_losslessG-limitlossyA_7.ply,basketballplayer.ply,losslessG-limitlossyA,10,2.78571428571429,805053,805053,2.7970118522644043,0.10696792602539062,0.949282006993999,0.9832367597008885,0.9824434835317413,0.306321804008466,0.1559399358298227,0.10756275597085233,0.3905804976030245,0.5375185204638036,0.6061051701820768,0.2806206687647807,0.19331455322861116,0.2356925759929196,0.0,0.0,0.0,0.0,0.37725607526886773,0.5387464145995935,0.846408915898004,0.37725607526886773,0.5387464145995935,9.01496930551196e-14,4.345211332925373e-14,4.7569160388034734e-14,1.0,1.0,1.0,9.053928737575296e-17,9.476042191120245e-17,7.822830000156447e-17,1.0,1.0,1.0,1.0,1.0,1.0,1.0,0.9998755314458438,1.381733695862049e-20,0.00012445550715615706
basketballplayer_QuantizationNoise_1.ply,basketballplayer.ply,QuantizationNoise,11,3.75,805053,805053,2.754166841506958,0.16130447387695312,0.8265975261470137,0.9944580014100168,0.9966224775154304,0.40059416493778244,0.21873551013933307,0.15238147955741663,0.24487111237318993,0.4822367228934303,0.5910501072569803,0.3828502016500253,0.2834974525002341,0.3215391616528612,0.0,0.0,0.0,0.0,0.37725607526886773,0.5387464145995935,0.846408915898004,0.37725607526886773,0.5387464145995935,9.01496930551196e-14,4.345211332925373e-14,4.7569160388034734e-14,1.0,1.0,1.0,9.053928737575296e-17,9.476042191120245e-17,7.822830000156447e-17,1.0,1.0,1.0,1.0,1.0,1.0,1.0,0.9998755314458438,1.381733695862049e-20,0.00012445550715615706
basketballplayer_QuantizationNoise_3.ply,basketballplayer.ply,QuantizationNoise,11,3.21428571428571,805053,805053,2.7746241092681885,0.12207412719726562,0.7538182055606267,0.992927521470961,0.9962199226998942,0.3316402334856173,0.18014546133452122,0.13617632738886395,0.22649610581460186,0.4435793282000181,0.524399361451598,0.3285076111051161,0.25128306403699696,0.27884794996898693,0.0,0.0,0.0,0.0,0.37725607526886773,0.5387464145995935,0.846408915898004,0.37725607526886773,0.5387464145995935,9.01496930551196e-14,4.345211332925373e-14,4.7569160388034734e-14,1.0,1.0,1.0,9.053928737575296e-17,9.476042191120245e-17,7.822830000156447e-17,1.0,1.0,1.0,1.0,1.0,1.0,1.0,0.9998755314458438,1.381733695862049e-20,0.00012445550715615706
basketballplayer_QuantizationNoise_4.ply,basketballplayer.ply,QuantizationNoise,11,3.23333333333333,805053,805053,2.7719714641571045,0.09870147705078125,0.6692872040123141,0.9900822785524799,0.9943689749914222,0.25458531804789364,0.1457358092660974,0.10529268734085469,0.17829033963488636,0.35825883551011073,0.4136364648784671,0.23442564603984486,0.20933104198944233,0.200240826902324,0.0,0.0,0.0,0.0,0.37725607526886773,0.5387464145995935,0.846408915898004,0.37725607526886773,0.5387464145995935,9.01496930551196e-14,4.345211332925373e-14,4.7569160388034734e-14,1.0,1.0,1.0,9.053928737575296e-17,9.476042191120245e-17,7.822830000156447e-17,1.0,1.0,1.0,1.0,1.0,1.0,1.0,0.9998755314458438,1.381733695862049e-20,0.00012445550715615706
basketballplayer_QuantizationNoise_5.ply,basketballplayer.ply,QuantizationNoise,11,3.28125,805053,805053,2.830136299133301,0.06195068359375,0.6692872040123141,0.9900822785524799,0.9943689749914222,0.25458531804789364,0.1457358092660974,0.10529268734085469,0.17829033963488636,0.35825883551011073,0.4136364648784671,0.23442564603984486,0.20933104198944233,0.200240826902324,0.0,0.0,0.0,0.0,0.37725607526886773,0.5387464145995935,0.846408915898004,0.37725607526886773,0.5387464145995935,9.01496930551196e-14,4.345211332925373e-14,4.7569160388034734e-14,1.0,1.0,1.0,9.053928737575296e-17,9.476042191120245e-17,7.822830000156447e-17,1.0,1.0,1.0,1.0,1.0,1.0,1.0,0.9998755314458438,1.381733695862049e-20,0.00012445550715615706
basketballplayer_QuantizationNoise_7.ply,basketballplayer.ply,QuantizationNoise,11,2.85714285714286,805053,805053,2.728841543197632,0.07752227783203125,0.5846087189643139,0.9834795374813463,0.9915704834332387,0.17788799060326105,0.11116704261157472,0.06909382032039828,0.14010658628458855,0.276478658133888,0.3237347291149928,0.13131453032530965,0.1511032308535237,0.11058716644661323,0.0,0.0,0.0,0.0,0.37725607526886773,0.5387464145995935,0.846408915898004,0.37725607526886773,0.5387464145995935,9.01496930551196e-14,4.345211332925373e-14,4.7569160388034734e-14,1.0,1.0,1.0,9.053928737575296e-17,9.476042191120245e-17,7.822830000156447e-17,1.0,1.0,1.0,1.0,1.0,1.0,1.0,0.9998755314458438,1.381733695862049e-20,0.00012445550715615706
BB8New_C2AI-lossy-geom-lossy-attrs_3.ply,BB8New.ply,C2AI-lossy-geom-lossy-attrs,12,4.89285714285714,798829,880843,2.6573281288146973,0.0927734375,0.9934797799077824,0.9950195897588097,0.9965390456966311,0.5788510674283373,0.36240567147529973,0.4194209487062108,0.9410244299065625,0.5477661747258776,0.5401911186017795,0.5875203740292867,0.44703481583302407,0.5173447379373987,1.507942987108371,0.7508833445806057,0.7483430245543331,0.7628936428480102,0.4899058558700321,0.36635409716390965,1.686364194036887,0.9101737035256328,0.7411797405669768,1.0709079126533887,0.5655678981524414,0.5210299487633823,0.8764850562365862,0.8775811693163306,0.2782637510411371,0.999620023539764,0.9994900312055439,0.9825389713164375,0.7002130007724968,0.8536010665221017,0.9867103944475569,0.9214091014039277,0.2782529840769951,0.2693464603543555,0.25551248860310494,0.5073508551502547,0.5350268696469485,0.00699952144819959
BB8New_C2AI-lossy-geom-lossy-attrs_4.ply,BB8New.ply,C2AI-lossy-geom-lossy-attrs,12,4.46428571428571,798829,844493,2.667236089706421,0.076171875,0.9915833334354679,0.9940266977563456,0.9955814281522274,0.48620936604861703,0.3383429894429194,0.39388813534733697,0.9495747790133603,0.5290306238104344,0.5208187265030445,0.5010916130067163,0.4206308901595654,0.4377314846559206,1.8879443334387873,0.8154088218226055,0.8165261705272996,1.194022961403751,0.4899058558700321,0.36635409716390965,2.0397538413093868,0.9743361528242651,1.1689929105518744,1.6130110098352841,0.5643811520177764,1.2195916291659683,0.8766986140756889,0.870332864305437,0.2608733577956892,0.9990896266700059,0.9996699997811652,0.9851516801223801,0.6733644941310513,0.8484580661608276,0.9848977482194714,0.921056700005469,0.2708039013405992,0.2612336249350647,0.24743516358196743,0.4999629222079681,0.5447167338690787,0.009121742602794346
BB8New_C2AI-lossy-geom-lossy-attrs_5.ply,BB8New.ply,C2AI-lossy-geom-lossy-attrs,12,3.78571428571429,798829,843642,2.6347994804382324,0.07449722290039062,0.9903936344527056,0.9923076745247819,0.9947751744707312,0.43052683625417876,0.3271517455098754,0.37492836447632555,0.9241317068811197,0.5413721122663381,0.5021784173448975,0.45034820664567043,0.4029801081234408,0.39359400899973246,1.9074434091358623,0.8295855104638602,0.8357264255560649,1.1907640677380977,0.4899058558700321,0.36635409716390965,2.0265979527282427,0.9749699361321739,1.140699305124484,1.5484884106202548,0.5792190882513237,1.1208182964213962,0.872464430406611,0.8667494173794749,0.23327542901472337,1.0001073128224989,1.0011527430428195,0.9878757907167605,0.6495611158143032,0.8436142874573064,0.980615383803406,0.9205926033554621,0.26860114566410837,0.23461913939902113,0.22130653413220375,0.4939843928201454,0.5523705970367342,0.012253506506694732
BB8New_C2AI-lossy-geom-lossy-attrs_6.ply,BB8New.ply,C2AI-lossy-geom-lossy-attrs,12,3.60714285714286,798829,845381,2.6558308601379395,0.07659149169921875,0.9873749220579222,0.9896148683325285,0.992208828383435,0.3704787188939196,0.29097590645567445,0.3370203280544757,0.8897950851329508,0.5035200195534563,0.4823687028974233,0.3938890416956051,0.365402730005152,0.33998255453323245,2.276636345054639,0.8874489156479431,0.9024919128325471,1.578614300311259,0.4899058558700321,0.36635409716390965,2.3914932239304485,1.0313346015571534,1.5533431189349414,2.028157302327922,0.6096256745117766,1.644102091584819,0.870032828776527,0.864369527063162,0.20958552272806993,0.9998429202380039,0.9977112933755174,0.9913054290594846,0.6249036306381833,0.8401937091748286,0.9740552227613705,0.9188721794129782,0.2730889192482412,0.21229232287303565,0.19976603538155221,0.49657430596897817,0.5484942716764031,0.017508914034038675
BB8New_C2AI-lossy-geom-lossy-attrs_7.ply,BB8New.ply,C2AI-lossy-geom-lossy-attrs,12,3.35714285714286,798829,844046,2.740936517715454,0.07526016235351562,0.982613457184383,0.9849054388670573,0.9889228071279653,0.3415378149213237,0.25149552886669285,0.3026617526366886,0.8879288087278471,0.4859641151226599,0.4895303646432191,0.36802447919013503,0.33184789139118476,0.3128204137712831,2.793211969382003,0.9817966407895298,1.0065160721925581,2.0955792590198747,0.4899058558700321,0.36635409716390965,2.8915852332822576,1.1267902215768208,2.063402924425604,2.5974338282754665,0.6813891167324952,2.211814589418652,0.8663262975659819,0.8600700929028685,0.17938176215619084,0.9999264442121915,0.9989616361424762,0.9903069439036596,0.5913925504472384,0.8355549920227477,0.9628504132934581,0.9135246516980217,0.2820943719723452,0.1838643098418598,0.17229458426446317,0.4939482294225824,0.551418908092182,0.02641129672313374
BB8New_LocalOffset_1.ply,BB8New.ply,LocalOffset,13,3.53125,798829,798829,2.6138949394226074,0.058292388916015625,0.9980052230935821,0.9982856419449003,0.9990689952180672,0.9877644109306802,0.9858363728053837,0.9845348525972121,0.17847695950590958,0.1674111158583568,0.15025295499833238,0.987999142079983,0.9863474739560889,0.9866620327418794,0.4475592944135126,0.23254693590972672,0.22693227598418017,0.15571550329284453,0.4899058558700321,0.36635409716390965,1.3011401368267315,0.7089015681832534,0.5151135595600191,0.5222199448376167,0.27413042419510036,0.16493703142834407,0.9924772294070137,0.9914402807599412,0.9834213619322966,0.18639992827609314,0.18597287670594095,0.17221368380128546,0.9881607643809296,0.9918428083931871,0.9983468255729921,0.9896929410374661,0.9608719427274,0.983832693763413,0.9824690968788714,0.9738193564087962,0.020898698941560996,0.0008092340400413965
BB8New_LocalOffset_2.ply,BB8New.ply,LocalOffset,13,2.89285714285714,798829,798829,2.659240961074829,0.050251007080078125,0.9942707571413455,0.9964290292024488,0.9979047514141693,0.9584230519730993,0.9483221301392282,0.94699379994149,0.30690962733256943,0.28197472739382023,0.2540663827371227,0.9586973351687427,0.9503654780810634,0.9551730697317247,2.8433415044823827,1.3325927451596267,1.3257123341255246,1.1740985939536368,0.4899058558700321,0.36635409716390965,3.645428357559567,1.77803045241627,1.5083746063533605,3.0406086493885662,1.423264428906743,1.2461222205805538,0.9716988347833805,0.9692444390011563,0.9452965239862084,0.3546844185181103,0.3485159988008302,0.28855403150433095,0.9609867751908505,0.9679906755326384,0.9851991864202424,0.9587123750225902,0.9079240096422553,0.9495373993345002,0.9447114741074354,0.9360658287145422,0.05848894091670146,0.01319952053754312
BB8New_LocalOffset_3.ply,BB8New.ply,LocalOffset,13,2.375,798829,798829,2.7068629264831543,0.041316986083984375,0.9825480928201096,0.9925319632326484,0.995174706642106,0.8926175261135575,0.8682909074234547,0.8603834252178313,0.3978078624867164,0.36631375566859997,0.3266784403249423,0.891973665485896,0.8686434933396566,0.8836486545709785,9.271869799015889,4.093328563372632,4.218628973223194,4.285674311287754,0.4899058558700321,0.36635409716390965,9.96757333145817,4.616868561314429,4.5605080635947415,9.694414441655399,4.398974672570291,4.557792215788634,0.9287344364147182,0.9266504313774666,0.8519185700119297,0.438095987276014,0.4323477643208478,0.37756959171123883,0.898272894814603,0.9191477433958996,0.9641718225071013,0.9026643067453402,0.8128754031896143,0.871337997348765,0.8585453861626274,0.8698544029317193,0.13118096580716984,0.031112929584980957
BB8New_LocalOffset_4.ply,BB8New.ply,LocalOffset,13,2.32142857142857,798829,798829,2.734379768371582,0.04796600341796875,0.9757573283696396,0.9860412931905064,0.9919066485468326,0.8453657585141575,0.8104513113061517,0.8004034486728263,0.46770066051217324,0.43201134360596777,0.38875420767669977,0.8458007466915323,0.8122408488973106,0.8332205409285399,14.068355443035992,6.347437907301389,6.460084711838373,6.388247541312971,0.4899058558700321,0.36635409716390965,14.686202463987778,6.815321883202265,6.621604344943944,14.674424962061691,6.698521488168402,6.775531936602502,0.8949974994533189,0.8897995542335637,0.7849921431067296,0.5047827646373138,0.5032121209570846,0.44686607388282823,0.8503357679749103,0.8785194344715374,0.9486297561818511,0.859073850166634,0.7430832971297089,0.8095362765950662,0.7927124139586208,0.8212420546798511,0.18338803086653996,0.050220088417619636
BB8New_LocalOffset_5.ply,BB8New.ply,LocalOffset,13,1.53571428571429,798829,798829,2.744170665740967,0.044841766357421875,0.9653959135425395,0.9814240382856986,0.9891695942628255,0.7870768487387843,0.7300605986918788,0.718632685463099,0.5562622674870908,0.5113876653506577,0.45328150780155624,0.787106384676895,0.7358128338477766,0.7693791797922693,20.475643920335454,9.428428615976419,9.56681634665097,9.494607741847553,0.4899058558700321,0.36635409716390965,20.97724370285096,9.869958239217809,9.659104982506804,21.288120652322856,9.933724803415881,10.036061680741739,0.8367836741018226,0.8294219252616297,0.6864295458257771,0.5873424114614253,0.585624429169095,0.5356532351891157,0.7716810827545129,0.8100192030141554,0.9164760896721095,0.7848401130785492,0.6475692643399236,0.723650903116397,0.7011084609048198,0.7525442225360378,0.2540609245853829,0.09491585455814974
BB8New_LocalRotation_1.ply,BB8New.ply,LocalRotation,14,3.03333333333333,798829,798829,2.625091314315796,0.0544586181640625,0.9909794152799072,0.9958303470084724,0.9975489054701833,0.962595440469329,0.9483359564964613,0.9485710457618327,0.17510144515701004,0.15478380829729582,0.131918493996256,0.9626446930331826,0.9514861839494715,0.9592116816466577,5.232070463016828,3.13759949661107,3.232767155610251,0.8505762579510863,0.4899058558700321,0.36635409716390965,6.036123331686919,3.6886943689953093,1.1796511641463516,5.463759414475439,3.385630689743427,0.9386863729174012,0.9635444348883224,0.9630545269768219,0.9488803308917756,0.1956978843724007,0.1920730049795644,0.16537723930755377,0.962166197862036,0.9578879872885645,0.9936718452306882,0.9582494182007991,0.9270519190324398,0.9606764753514597,0.9553164696837401,0.9514527974831426,0.04821097783562192,0.00969168173675179
BB8New_LocalRotation_2.ply,BB8New.ply,LocalRotation,14,3.16666666666667,798829,798829,2.7023496627807617,0.06656646728515625,0.9889225952881996,0.9943027284542101,0.9967461137992358,0.9472590600855095,0.9285967843050866,0.9277942783563267,0.3301579073877346,0.29913877240133835,0.26351827264464606,0.9476904681376338,0.9320247408916252,0.942651758368957,7.133382784829598,4.3890021674221575,4.392630558257705,0.9967041414872656,0.4899058558700321,0.36635409716390965,7.915632544854382,4.836666721288116,1.3135955124318335,7.498210089066245,4.6237312360000455,1.1059001289841526,0.9487129927083016,0.9473788073529655,0.9286350579825527,0.373238920705022,0.3666274061195005,0.3086365397572812,0.9476151063542378,0.9413562506347792,0.993168711244079,0.9395450267765347,0.8827674169132551,0.9447229817506182,0.9361959690727514,0.9222340920008635,0.07218638208595773,0.010066555142982464
BB8New_LocalRotation_3.ply,BB8New.ply,LocalRotation,14,2.46428571428571,798829,798829,2.6474313735961914,0.05690765380859375,0.985784066083019,0.9929827307152985,0.9959055002745385,0.9235103888796437,0.892736909397699,0.8903528718423792,0.375672551217408,0.3409490423946677,0.2984003224065342,0.9241183633013208,0.8979473453727514,0.9167062016079137,11.30994692493199,6.973273394948914,6.967131495051702,1.6221276981144916,0.4899058558700321,0.36635409716390965,12.030664225537182,7.37958041148958,1.8996612533059012,11.82714959298903,7.281751685492172,1.7614307295051992,0.9190664809411849,0.9164540903869495,0.8876727624001308,0.4158240081446474,0.41071195002737926,0.3529815018636738,0.91658913610192,0.9059180722850839,0.9866911042889369,0.9041602025245563,0.8339439349020331,0.9172916226429664,0.9027144242450829,0.8890908550472437,0.1075328455832799,0.020073868149973206
BB8New_LocalRotation_4.ply,BB8New.ply,LocalRotation,14,1.8,798829,798829,2.7902638912200928,0.0534820556640625,0.9725832896291866,0.9845271324969266,0.9910671699608611,0.8470880532184553,0.7899736852774982,0.785617704179666,0.4859795829679167,0.43512689420376455,0.37830825519047423,0.846466414108525,0.7982687536430408,0.8334422047811549,22.997520555567373,14.10527904915805,13.630889105000039,4.19500430689158,0.4899058558700321,0.36635409716390965,23.586991577550318,13.978241392366057,4.4005929765305005,23.91002166418052,14.17300759165122,4.435362768155056,0.8526027082335875,0.8464770662481991,0.7846960831986367,0.520813803944132,0.516985430589066,0.4522284311422918,0.8423829878815349,0.8289895341202497,0.9639025175721787,0.8180196138994683,0.7135966168207952,0.8417554839674533,0.8139060122124866,0.8069823772481767,0.19330515450433874,0.04826328987860466
BB8New_LocalRotation_5.ply,BB8New.ply,LocalRotation,14,1.76666666666667,798829,798829,2.847748041152954,0.054309844970703125,0.9667138496504347,0.9825564311115375,0.9898729809952549,0.8057732805632781,0.7384647879229989,0.7331779118170576,0.5413364951732481,0.4780463064211726,0.4159186611500658,0.8052953257662142,0.7476556743285923,0.7893195755098612,32.06564326829712,18.815068908994753,18.48910453821192,7.321036556779619,0.4899058558700321,0.36635409716390965,32.59102768703316,18.80123223165293,7.496511100135034,33.26576155764411,19.229972996897306,7.725652133286025,0.8207075730282926,0.8121235331220745,0.732084473397705,0.5739907393095262,0.5691487467625183,0.5027032381779524,0.802492358707586,0.7947021194040426,0.9515774986981127,0.7745913416955025,0.6558997916285367,0.7978492267562933,0.7663145549737537,0.7653666820980344,0.23750770823957432,0.06712008144311285
BB8New_SaltpepperNoise_1.ply,BB8New.ply,SaltpepperNoise,15,3.42857142857143,798829,798829,2.700371265411377,0.06655502319335938,0.9945024679749475,0.9984657768601742,0.9991862558082613,0.6182214609094427,0.6117789697470053,0.5612753347636367,0.34040370713447143,0.2894825491541479,0.27192019672005296,0.6273062923208453,0.5676841602601364,0.5982838882180428,0.0,0.0,0.0,0.0,0.4899058558700321,0.36635409716390965,0.8674785690520053,0.4899058558700321,0.36635409716390965,7.787430695113413e-14,3.8862869841140294e-14,3.929973690369642e-14,1.0,1.0,1.0,7.260850173132284e-17,6.954933897949084e-17,8.560020828530182e-17,1.0,1.0,1.0,1.0,1.0,1.0,1.0,0.9999581197043385,3.253741332374334e-20,4.186728072007597e-05
BB8New_SaltpepperNoise_3.ply,BB8New.ply,SaltpepperNoise,15,3.17857142857143,798829,798829,2.5995681285858154,0.0529327392578125,0.9801198882563111,0.9925222521364836,0.9959133560550683,0.2784269878947257,0.3750440962011117,0.33284443023817084,0.6700062705764392,0.5164306040125508,0.4773252572588463,0.29390772174715296,0.3153916926546574,0.26153417160548453,0.0,0.0,0.0,0.0,0.4899058558700321,0.36635409716390965,0.8674785690520053,0.4899058558700321,0.36635409716390965,7.787430695113413e-14,3.8862869841140294e-14,3.929973690369642e-14,1.0,1.0,1.0,7.260850173132284e-17,6.954933897949084e-17,8.560020828530182e-17,1.0,1.0,1.0,1.0,1.0,1.0,1.0,0.9999581197043385,3.253741332374334e-20,4.186728072007597e-05
BB8New_SaltpepperNoise_4.ply,BB8New.ply,SaltpepperNoise,15,2.78571428571429,798829,798829,2.5941851139068604,0.054607391357421875,0.9710145002757915,0.9888804086486196,0.9938273666425596,0.22888751480936476,0.3394406117338215,0.30175671216414424,0.7337349118406299,0.5646764732972575,0.5210245790429288,0.24472496300714408,0.2802031708634237,0.21510025780812606,0.0,0.0,0.0,0.0,0.4899058558700321,0.36635409716390965,0.8674785690520053,0.4899058558700321,0.36635409716390965,7.787430695113413e-14,3.8862869841140294e-14,3.929973690369642e-14,1.0,1.0,1.0,7.260850173132284e-17,6.954933897949084e-17,8.560020828530182e-17,1.0,1.0,1.0,1.0,1.0,1.0,1.0,0.9999581197043385,3.253741332374334e-20,4.186728072007597e-05
BB8New_SaltpepperNoise_5.ply,BB8New.ply,SaltpepperNoise,15,2.96428571428571,798829,798829,2.6140756607055664,0.05382537841796875,0.9617674577409822,0.9854341926875572,0.9917619891578348,0.19827642273614604,0.3174775548811329,0.28241055946081906,0.7741897521999985,0.6004748447311887,0.5531573115630336,0.21399710369006789,0.257862469652409,0.18582582837173167,0.0,0.0,0.0,0.0,0.4899058558700321,0.36635409716390965,0.8674785690520053,0.4899058558700321,0.36635409716390965,7.787430695113413e-14,3.8862869841140294e-14,3.929973690369642e-14,1.0,1.0,1.0,7.260850173132284e-17,6.954933897949084e-17,8.560020828530182e-17,1.0,1.0,1.0,1.0,1.0,1.0,1.0,0.9999581197043385,3.253741332374334e-20,4.186728072007597e-05
BB8New_SaltpepperNoise_7.ply,BB8New.ply,SaltpepperNoise,15,2.8,798829,798829,2.5930652618408203,0.033710479736328125,0.9432800159332997,0.9788422493334533,0.9875939211032088,0.16050480965936365,0.2919094710062501,0.26033666335486016,0.8299616367111464,0.6505239824647986,0.5978276869668473,0.1755974216129214,0.2328033790063377,0.14932481854081897,0.0,0.0,0.0,0.0,0.4899058558700321,0.36635409716390965,0.8674785690520053,0.4899058558700321,0.36635409716390965,7.787430695113413e-14,3.8862869841140294e-14,3.929973690369642e-14,1.0,1.0,1.0,7.260850173132284e-17,6.954933897949084e-17,8.560020828530182e-17,1.0,1.0,1.0,1.0,1.0,1.0,1.0,0.9999581197043385,3.253741332374334e-20,4.186728072007597e-05
Beagle_losslessG-limitlossyA_3.ply,Beagle.ply,losslessG-limitlossyA,10,4.9,656892,656892,2.293316125869751,0.018276214599609375,0.9989364346490669,0.998932612895622,0.9992637648955359,0.9252621868487175,0.6145716334414123,0.5995070833620786,0.045381593913622224,0.3286314258320415,0.34650383457736783,0.8854262107827483,0.6799576772402509,0.876440338511154,0.0,0.0,0.0,0.0,0.2767351345001708,0.4150131647791296,0.6332304287727606,0.2767351345001708,0.4150131647791296,7.957577475095992e-14,3.9673379960154207e-14,4.060711231630123e-14,1.0,1.0,1.0,6.733709579113242e-17,6.49754763242874e-17,8.013383551257766e-17,1.0,1.0,1.0,1.0,1.0,1.0,1.0,0.9998995601537602,1.1707096920476168e-19,0.0001004268139592848
Beagle_losslessG-limitlossyA_4.ply,Beagle.ply,losslessG-limitlossyA,10,4.67857142857143,656892,656892,2.227757215499878,0.1334228515625,0.9977133793046349,0.9981878667423295,0.998308590816524,0.8490667212142453,0.3878263411268052,0.37669444035850436,0.1176718248238569,0.5240573864567962,0.5311687501006607,0.7391590908709161,0.4717993157836345,0.7177194808569453,0.0,0.0,0.0,0.0,0.2767351345001708,0.4150131647791296,0.6332304287727606,0.2767351345001708,0.4150131647791296,7.957577475095992e-14,3.9673379960154207e-14,4.060711231630123e-14,1.0,1.0,1.0,6.733709579113242e-17,6.49754763242874e-17,8.013383551257766e-17,1.0,1.0,1.0,1.0,1.0,1.0,1.0,0.9998995601537602,1.1707096920476168e-19,0.0001004268139592848
Beagle_losslessG-limitlossyA_5.ply,Beagle.ply,losslessG-limitlossyA,10,4.3,656892,656892,2.237276554107666,0.08078765869140625,0.9873276032342462,0.9917714912631896,0.995714759917007,0.6144519658028698,0.22005957606157964,0.2707494632014262,0.26456706365392907,0.687209041789599,0.6645546917472916,0.5592828290946006,0.3502781519851283,0.5112971057488949,0.0,0.0,0.0,0.0,0.2767351345001708,0.4150131647791296,0.6332304287727606,0.2767351345001708,0.4150131647791296,7.957577475095992e-14,3.9673379960154207e-14,4.060711231630123e-14,1.0,1.0,1.0,6.733709579113242e-17,6.49754763242874e-17,8.013383551257766e-17,1.0,1.0,1.0,1.0,1.0,1.0,1.0,0.9998995601537602,1.1707096920476168e-19,0.0001004268139592848
Beagle_losslessG-limitlossyA_6.ply,Beagle.ply,losslessG-limitlossyA,10,3.73333333333333,656892,656892,2.2315850257873535,0.04290008544921875,0.9771703966562939,0.9854527531251136,0.9892052681975493,0.5131897410272377,0.19430469165414943,0.20428764977627406,0.30595086613092404,0.7007773291954444,0.6810027086931664,0.46076881464439096,0.2977531460941392,0.41308480743290144,0.0,0.0,0.0,0.0,0.2767351345001708,0.4150131647791296,0.6332304287727606,0.2767351345001708,0.4150131647791296,7.957577475095992e-14,3.9673379960154207e-14,4.060711231630123e-14,1.0,1.0,1.0,6.733709579113242e-17,6.49754763242874e-17,8.013383551257766e-17,1.0,1.0,1.0,1.0,1.0,1.0,1.0,0.9998995601537602,1.1707096920476168e-19,0.0001004268139592848
Beagle_losslessG-limitlossyA_7.ply,Beagle.ply,losslessG-limitlossyA,10,3.28571428571429,656892,656892,2.24495530128479,0.0841827392578125,0.9603375900716462,0.978055220754758,0.9784558084668558,0.43765125655084086,0.19522373256665437,0.15736328775663447,0.32186654092006967,0.6957116491056443,0.6527616876646367,0.39385020169153484,0.27138218926626845,0.35065189563769905,0.0,0.0,0.0,0.0,0.2767351345001708,0.4150131647791296,0.6332304287727606,0.2767351345001708,0.4150131647791296,7.957577475095992e-14,3.9673379960154207e-14,4.060711231630123e-14,1.0,1.0,1.0,6.733709579113242e-17,6.49754763242874e-17,8.013383551257766e-17,1.0,1.0,1.0,1.0,1.0,1.0,1.0,0.9998995601537602,1.1707096920476168e-19,0.0001004268139592848
Beagle_LumaNoise_1.ply,Beagle.ply,LumaNoise,6,4.85714285714286,656892,656892,2.1720428466796875,0.07641983032226562,0.9080010935677374,0.9999455753231634,0.9999159939566783,0.9950405098380016,0.9934486195525053,0.9889348666277927,0.0011110612021854882,0.005332783271054405,0.009789694263387435,0.9962661324997047,0.9946993019607336,0.9937360918926819,0.0,0.0,0.0,0.0,0.2767351345001708,0.4150131647791296,0.6332304287727606,0.2767351345001708,0.4150131647791296,7.957577475095992e-14,3.9673379960154207e-14,4.060711231630123e-14,1.0,1.0,1.0,6.733709579113242e-17,6.49754763242874e-17,8.013383551257766e-17,1.0,1.0,1.0,1.0,1.0,1.0,1.0,0.9998995601537602,1.1707096920476168e-19,0.0001004268139592848
Beagle_LumaNoise_3.ply,Beagle.ply,LumaNoise,6,3.03571428571429,656892,656892,2.1730000972747803,0.08364486694335938,0.7762656091704547,0.9866698182027476,0.9971732100545295,0.5150075895957579,0.6296286774778365,0.56375505642099,0.09747929624134465,0.25463129560170483,0.09589395012238441,0.5372478509764697,0.5806964012408743,0.5130302350156499,0.0,0.0,0.0,0.0,0.2767351345001708,0.4150131647791296,0.6332304287727606,0.2767351345001708,0.4150131647791296,7.957577475095992e-14,3.9673379960154207e-14,4.060711231630123e-14,1.0,1.0,1.0,6.733709579113242e-17,6.49754763242874e-17,8.013383551257766e-17,1.0,1.0,1.0,1.0,1.0,1.0,1.0,0.9998995601537602,1.1707096920476168e-19,0.0001004268139592848
Beagle_LumaNoise_4.ply,Beagle.ply,LumaNoise,6,3.46875,656892,656892,2.222710132598877,0.0878143310546875,0.7496709113957264,0.985151697850724,0.9964803593617001,0.4664249962566028,0.49723231896180503,0.4949614366294874,0.024354438406456125,0.06345701297098656,0.05081360481081586,0.4731830345608955,0.5153901742667253,0.4655619250886344,0.0,0.0,0.0,0.0,0.2767351345001708,0.4150131647791296,0.6332304287727606,0.2767351345001708,0.4150131647791296,7.957577475095992e-14,3.9673379960154207e-14,4.060711231630123e-14,1.0,1.0,1.0,6.733709579113242e-17,6.49754763242874e-17,8.013383551257766e-17,1.0,1.0,1.0,1.0,1.0,1.0,1.0,0.9998995601537602,1.1707096920476168e-19,0.0001004268139592848
Beagle_LumaNoise_5.ply,Beagle.ply,LumaNoise,6,2.9,656892,656892,2.1564552783966064,0.02883148193359375,0.7286144420468584,0.9841785139960288,0.9949925574976198,0.4339476018310741,0.4626635346654123,0.45585792183393625,0.01756772045586361,0.0469898566233819,0.10258177153256971,0.44167798326181396,0.4851862182411176,0.4319014464162762,0.0,0.0,0.0,0.0,0.2767351345001708,0.4150131647791296,0.6332304287727606,0.2767351345001708,0.4150131647791296,7.957577475095992e-14,3.9673379960154207e-14,4.060711231630123e-14,1.0,1.0,1.0,6.733709579113242e-17,6.49754763242874e-17,8.013383551257766e-17,1.0,1.0,1.0,1.0,1.0,1.0,1.0,0.9998995601537602,1.1707096920476168e-19,0.0001004268139592848
Beagle_LumaNoise_7.ply,Beagle.ply,LumaNoise,6,3.0,656892,656892,2.196274757385254,0.0400848388671875,0.698310814472589,0.9794569811249583,0.9843545031425636,0.343277239860448,0.3906682495105023,0.38796789843001084,0.02542763075366606,0.09881177694085425,0.36015941154064013,0.36619321540690913,0.42805457965180693,0.3403086785567346,0.0,0.0,0.0,0.0,0.2767351345001708,0.4150131647791296,0.6332304287727606,0.2767351345001708,0.4150131647791296,7.957577475095992e-14,3.9673379960154207e-14,4.060711231630123e-14,1.0,1.0,1.0,6.733709579113242e-17,6.49754763242874e-17,8.013383551257766e-17,1.0,1.0,1.0,1.0,1.0,1.0,1.0,0.9998995601537602,1.1707096920476168e-19,0.0001004268139592848
BirdToucan_losslessG-limitlossyA_3.ply,BirdToucan.ply,losslessG-limitlossyA,10,4.83333333333333,841348,841348,3.112605094909668,0.08628082275390625,0.9828091819094753,0.9985323471151063,0.9989958284783986,0.8128723035801243,0.5308074033063671,0.508571242069221,0.1591987501652761,0.24695093261965712,0.34618093473861616,0.7582700019449274,0.5440612583547998,0.6863370501144657,0.0,0.0,0.0,0.0,0.17516517158626943,0.3481345318702737,0.4809705067335615,0.17516517158626943,0.3481345318702737,8.043922797272822e-14,4.019155862400472e-14,3.954204028472942e-14,1.0,1.0,1.0,9.225384473687151e-17,8.936390570314566e-17,8.480735279941302e-17,1.0,1.0,1.0,1.0,1.0,1.0,1.0,0.9999224074479474,2.1532642060224137e-20,7.757951900693957e-05
BirdToucan_losslessG-limitlossyA_4.ply,BirdToucan.ply,losslessG-limitlossyA,10,4.8,841348,841348,3.1197612285614014,0.041351318359375,0.9617698323195271,0.9964354624835259,0.996867277657298,0.6623909775628412,0.4344662058210453,0.35810579560997124,0.29347864606939966,0.3515766256311064,0.49661414287856814,0.6160063610815032,0.44770194088603105,0.5304186172909873,0.0,0.0,0.0,0.0,0.17516517158626943,0.3481345318702737,0.4809705067335615,0.17516517158626943,0.3481345318702737,8.043922797272822e-14,4.019155862400472e-14,3.954204028472942e-14,1.0,1.0,1.0,9.225384473687151e-17,8.936390570314566e-17,8.480735279941302e-17,1.0,1.0,1.0,1.0,1.0,1.0,1.0,0.9999224074479474,2.1532642060224137e-20,7.757951900693957e-05
BirdToucan_losslessG-limitlossyA_5.ply,BirdToucan.ply,losslessG-limitlossyA,10,4.33333333333333,841348,841348,3.0997562408447266,0.045917510986328125,0.9143719687278808,0.9885761472711626,0.9916157102360514,0.47003756454195283,0.3713384973728194,0.25851925016835087,0.38489379050139977,0.42700403476528676,0.5592200177069298,0.44401575211280964,0.387830708610358,0.3734630078079505,0.0,0.0,0.0,0.0,0.17516517158626943,0.3481345318702737,0.4809705067335615,0.17516517158626943,0.3481345318702737,8.043922797272822e-14,4.019155862400472e-14,3.954204028472942e-14,1.0,1.0,1.0,9.225384473687151e-17,8.936390570314566e-17,8.480735279941302e-17,1.0,1.0,1.0,1.0,1.0,1.0,1.0,0.9999224074479474,2.1532642060224137e-20,7.757951900693957e-05
BirdToucan_losslessG-limitlossyA_6.ply,BirdToucan.ply,losslessG-limitlossyA,10,3.76666666666667,841348,841348,3.114333391189575,0.07257080078125,0.8710454500877486,0.9831125946465716,0.9872450021190232,0.36169543924142944,0.36492883917741115,0.233569083871282,0.34444864796264524,0.38486869451046135,0.4824566211661519,0.3430065743182014,0.38374766956431383,0.29026451519727364,0.0,0.0,0.0,0.0,0.17516517158626943,0.3481345318702737,0.4809705067335615,0.17516517158626943,0.3481345318702737,8.043922797272822e-14,4.019155862400472e-14,3.954204028472942e-14,1.0,1.0,1.0,9.225384473687151e-17,8.936390570314566e-17,8.480735279941302e-17,1.0,1.0,1.0,1.0,1.0,1.0,1.0,0.9999224074479474,2.1532642060224137e-20,7.757951900693957e-05
BirdToucan_losslessG-limitlossyA_7.ply,BirdToucan.ply,losslessG-limitlossyA,10,3.53333333333333,841348,841348,3.1380510330200195,0.06415176391601562,0.8307488462108968,0.9680861089353459,0.9837633482129535,0.28820835017356716,0.33276141983579344,0.21966389894129348,0.3347490627694046,0.36425813679489927,0.4439402276008451,0.27148268357003025,0.3632985431544606,0.2265180111302565,0.0,0.0,0.0,0.0,0.17516517158626943,0.3481345318702737,0.4809705067335615,0.17516517158626943,0.3481345318702737,8.043922797272822e-14,4.019155862400472e-14,3.954204028472942e-14,1.0,1.0,1.0,9.225384473687151e-17,8.936390570314566e-17,8.480735279941302e-17,1.0,1.0,1.0,1.0,1.0,1.0,1.0,0.9999224074479474,2.1532642060224137e-20,7.757951900693957e-05
BirdToucan_MeanShift_1.ply,BirdToucan.ply,MeanShift,16,4.82142857142857,841348,841348,3.070779800415039,0.0569000244140625,0.7420956169225978,0.9999183064533372,0.9998984530049931,0.9987498326569568,0.9980699493237184,0.9877376920591997,7.205654705588605e-05,0.001671207994256397,0.009580424142886216,0.9989144741202488,0.9952005459471784,0.9983887595462121,0.0,0.0,0.0,0.0,0.17516517158626943,0.3481345318702737,0.4809705067335615,0.17516517158626943,0.3481345318702737,8.043922797272822e-14,4.019155862400472e-14,3.954204028472942e-14,1.0,1.0,1.0,9.225384473687151e-17,8.936390570314566e-17,8.480735279941302e-17,1.0,1.0,1.0,1.0,1.0,1.0,1.0,0.9999224074479474,2.1532642060224137e-20,7.757951900693957e-05
BirdToucan_MeanShift_3.ply,BirdToucan.ply,MeanShift,16,3.71428571428571,841348,841348,3.0274524688720703,0.05987548828125,0.5242405316565916,0.9871513860255167,0.9937331815895895,0.8877987542695203,0.9549106887021762,0.9003972161600882,0.04355009734302529,0.056434160691651115,0.11702485790030076,0.949445533095356,0.9268533170904091,0.9325652659833795,0.0,0.0,0.0,0.0,0.17516517158626943,0.3481345318702737,0.4809705067335615,0.17516517158626943,0.3481345318702737,8.043922797272822e-14,4.019155862400472e-14,3.954204028472942e-14,1.0,1.0,1.0,9.225384473687151e-17,8.936390570314566e-17,8.480735279941302e-17,1.0,1.0,1.0,1.0,1.0,1.0,1.0,0.9999224074479474,2.1532642060224137e-20,7.757951900693957e-05
BirdToucan_MeanShift_4.ply,BirdToucan.ply,MeanShift,16,3.07142857142857,841348,841348,3.0609395503997803,0.060146331787109375,0.4816068376851367,0.9735333796940375,0.9909908020627697,0.8337333433282172,0.9334269217397866,0.8348712658617619,0.08449502620241413,0.09304122646841047,0.16452606157088315,0.912805575320251,0.8617629822637425,0.8935991120279468,0.0,0.0,0.0,0.0,0.17516517158626943,0.3481345318702737,0.4809705067335615,0.17516517158626943,0.3481345318702737,8.043922797272822e-14,4.019155862400472e-14,3.954204028472942e-14,1.0,1.0,1.0,9.225384473687151e-17,8.936390570314566e-17,8.480735279941302e-17,1.0,1.0,1.0,1.0,1.0,1.0,1.0,0.9999224074479474,2.1532642060224137e-20,7.757951900693957e-05
BirdToucan_MeanShift_5.ply,BirdToucan.ply,MeanShift,16,3.10714285714286,841348,841348,3.0674610137939453,0.07282638549804688,0.45032169542493355,0.9582243774557657,0.9885904296914229,0.7758210647559167,0.9121015460667287,0.7886119933712734,0.1120366822627437,0.13169625164358542,0.21405907622131598,0.875520179497132,0.8238870631113606,0.849133095555775,0.0,0.0,0.0,0.0,0.17516517158626943,0.3481345318702737,0.4809705067335615,0.17516517158626943,0.3481345318702737,8.043922797272822e-14,4.019155862400472e-14,3.954204028472942e-14,1.0,1.0,1.0,9.225384473687151e-17,8.936390570314566e-17,8.480735279941302e-17,1.0,1.0,1.0,1.0,1.0,1.0,1.0,0.9999224074479474,2.1532642060224137e-20,7.757951900693957e-05
BirdToucan_MeanShift_7.ply,BirdToucan.ply,MeanShift,16,2.42857142857143,841348,841348,3.046222448348999,0.07186508178710938,0.409109799630077,0.9265999821062908,0.9821136676360206,0.6835535055360511,0.8627495297098778,0.731335320774682,0.15436040761311345,0.1919594695955877,0.293299974225979,0.8052892772450072,0.7495414766559269,0.7688069826753134,0.0,0.0,0.0,0.0,0.17516517158626943,0.3481345318702737,0.4809705067335615,0.17516517158626943,0.3481345318702737,8.043922797272822e-14,4.019155862400472e-14,3.954204028472942e-14,1.0,1.0,1.0,9.225384473687151e-17,8.936390570314566e-17,8.480735279941302e-17,1.0,1.0,1.0,1.0,1.0,1.0,1.0,0.9999224074479474,2.1532642060224137e-20,7.757951900693957e-05
Birdv1_losslessG-lossyA_3.ply,Birdv1.ply,losslessG-lossyA,17,4.96428571428571,720519,720519,2.6746225357055664,0.06766891479492188,0.9772234409668462,0.9963203998821726,0.9963086134596303,0.86295654665011,0.37927066923342784,0.41751075906196794,0.09040425633071665,0.25805975869328457,0.2654583715934972,0.8118559207848284,0.43400212645777286,0.7703710812421426,0.0,0.0,0.0,0.0,0.2699470375950763,0.4301314021514383,0.6527626415351007,0.2699470375950763,0.4301314021514383,7.30668419998856e-14,3.929217732121014e-14,3.3581200484905584e-14,1.0,1.0,1.0,6.501945002600463e-17,6.256441371821811e-17,8.253762022008543e-17,1.0,1.0,1.0,1.0,1.0,1.0,1.0,0.9999544226406393,1.0117310107305386e-20,4.55643140292113e-05
Birdv1_losslessG-lossyA_4.ply,Birdv1.ply,losslessG-lossyA,17,4.67857142857143,720519,720519,2.658926486968994,0.0249786376953125,0.969488626239613,0.9911419643719621,0.9894674742735138,0.734357774695073,0.20131909296227107,0.24470770107421624,0.15231734413866604,0.19451736556972762,0.23347126140037913,0.6896984123233841,0.22830945343650463,0.6407861538677964,0.0,0.0,0.0,0.0,0.2699470375950763,0.4301314021514383,0.6527626415351007,0.2699470375950763,0.4301314021514383,7.30668419998856e-14,3.929217732121014e-14,3.3581200484905584e-14,1.0,1.0,1.0,6.501945002600463e-17,6.256441371821811e-17,8.253762022008543e-17,1.0,1.0,1.0,1.0,1.0,1.0,1.0,0.9999544226406393,1.0117310107305386e-20,4.55643140292113e-05
Birdv1_losslessG-lossyA_5.ply,Birdv1.ply,losslessG-lossyA,17,3.9,720519,720519,2.684525728225708,0.09542083740234375,0.93520783058735,0.9832380531235465,0.9772485047466744,0.5378569820227533,0.12387110463206027,0.11703644903048353,0.22637096288338326,0.1713520922117711,0.1423246316627918,0.5207913026206665,0.13907604320736758,0.4719922986892004,0.0,0.0,0.0,0.0,0.2699470375950763,0.4301314021514383,0.6527626415351007,0.2699470375950763,0.4301314021514383,7.30668419998856e-14,3.929217732121014e-14,3.3581200484905584e-14,1.0,1.0,1.0,6.501945002600463e-17,6.256441371821811e-17,8.253762022008543e-17,1.0,1.0,1.0,1.0,1.0,1.0,1.0,0.9999544226406393,1.0117310107305386e-20,4.55643140292113e-05
Birdv1_losslessG-lossyA_6.ply,Birdv1.ply,losslessG-lossyA,17,2.67857142857143,720519,720519,2.607009172439575,0.07014083862304688,0.9226054395595458,0.9644332010718062,0.9693637273082337,0.43053248576726494,0.10064080368901784,0.0811128626409781,0.31360619334517176,0.12657540405798856,0.14805621186775317,0.42101967106417443,0.11993029906383214,0.37283456970804624,0.0,0.0,0.0,0.0,0.2699470375950763,0.4301314021514383,0.6527626415351007,0.2699470375950763,0.4301314021514383,7.30668419998856e-14,3.929217732121014e-14,3.3581200484905584e-14,1.0,1.0,1.0,6.501945002600463e-17,6.256441371821811e-17,8.253762022008543e-17,1.0,1.0,1.0,1.0,1.0,1.0,1.0,0.9999544226406393,1.0117310107305386e-20,4.55643140292113e-05
Birdv1_losslessG-lossyA_7.ply,Birdv1.ply,losslessG-lossyA,17,2.63333333333333,720519,720519,2.6385598182678223,0.052883148193359375,0.883485359546317,0.9645108952717981,0.965699078532429,0.30695172766598156,0.09226204462574142,0.08483302937797499,0.25758652767305795,0.17316716691343212,0.09827138842558622,0.3077581490573439,0.12146261058794691,0.27158233197355136,0.0,0.0,0.0,0.0,0.2699470375950763,0.4301314021514383,0.6527626415351007,0.2699470375950763,0.4301314021514383,7.30668419998856e-14,3.929217732121014e-14,3.3581200484905584e-14,1.0,1.0,1.0,6.501945002600463e-17,6.256441371821811e-17,8.253762022008543e-17,1.0,1.0,1.0,1.0,1.0,1.0,1.0,0.9999544226406393,1.0117310107305386e-20,4.55643140292113e-05
Birdv1_MeanShift_1.ply,Birdv1.ply,MeanShift,16,4.92857142857143,720519,720519,2.5911762714385986,0.16577911376953125,0.8370455041870836,0.9998398571918186,0.9998509172312778,0.9945314312279477,0.9907411707016227,0.9651677814180684,0.0012894302419547922,0.012231117321459572,0.022358413688560595,0.9939590547409606,0.9796922818487875,0.9885800916403225,0.0,0.0,0.0,0.0,0.2699470375950763,0.4301314021514383,0.6527626415351007,0.2699470375950763,0.4301314021514383,7.30668419998856e-14,3.929217732121014e-14,3.3581200484905584e-14,1.0,1.0,1.0,6.501945002600463e-17,6.256441371821811e-17,8.253762022008543e-17,1.0,1.0,1.0,1.0,1.0,1.0,1.0,0.9999544226406393,1.0117310107305386e-20,4.55643140292113e-05
Birdv1_MeanShift_3.ply,Birdv1.ply,MeanShift,16,3.25,720519,720519,2.5724220275878906,0.124176025390625,0.6650659321305517,0.9985444148187108,0.9971999578305312,0.9065739902554599,0.9094281406431537,0.8402159472440704,0.015103008848854578,0.05438539136436161,0.08229661230856272,0.9141972705952661,0.894479978949642,0.9003232993613647,0.0,0.0,0.0,0.0,0.2699470375950763,0.4301314021514383,0.6527626415351007,0.2699470375950763,0.4301314021514383,7.30668419998856e-14,3.929217732121014e-14,3.3581200484905584e-14,1.0,1.0,1.0,6.501945002600463e-17,6.256441371821811e-17,8.253762022008543e-17,1.0,1.0,1.0,1.0,1.0,1.0,1.0,0.9999544226406393,1.0117310107305386e-20,4.55643140292113e-05
Birdv1_MeanShift_4.ply,Birdv1.ply,MeanShift,16,3.1,720519,720519,2.633523464202881,0.0746917724609375,0.6221407178488978,0.9976755518813909,0.9951532316168165,0.8400905140782157,0.8537262467200899,0.7744618514114047,0.03081884598045019,0.07462493516110387,0.12164464573256115,0.8497299165362394,0.8324804574833384,0.830976061567792,0.0,0.0,0.0,0.0,0.2699470375950763,0.4301314021514383,0.6527626415351007,0.2699470375950763,0.4301314021514383,7.30668419998856e-14,3.929217732121014e-14,3.3581200484905584e-14,1.0,1.0,1.0,6.501945002600463e-17,6.256441371821811e-17,8.253762022008543e-17,1.0,1.0,1.0,1.0,1.0,1.0,1.0,0.9999544226406393,1.0117310107305386e-20,4.55643140292113e-05
Birdv1_MeanShift_5.ply,Birdv1.ply,MeanShift,16,2.82142857142857,720519,720519,2.528104066848755,0.086395263671875,0.5888810719283722,0.9961859162808001,0.9915057106811679,0.7509979057567877,0.7637033899624098,0.6629070126440165,0.037528202681353144,0.09182006771590194,0.2058742700084417,0.7701936377519838,0.7391420844953545,0.7217492794208419,0.0,0.0,0.0,0.0,0.2699470375950763,0.4301314021514383,0.6527626415351007,0.2699470375950763,0.4301314021514383,7.30668419998856e-14,3.929217732121014e-14,3.3581200484905584e-14,1.0,1.0,1.0,6.501945002600463e-17,6.256441371821811e-17,8.253762022008543e-17,1.0,1.0,1.0,1.0,1.0,1.0,1.0,0.9999544226406393,1.0117310107305386e-20,4.55643140292113e-05
Birdv1_MeanShift_7.ply,Birdv1.ply,MeanShift,16,2.8125,720519,720519,2.5732762813568115,0.044780731201171875,0.5464602575764148,0.9906434537322247,0.9801602028962828,0.5145140720723305,0.5473108523433646,0.48835771020683544,0.04864852562743675,0.13015985967356655,0.34101042068133497,0.541025374915113,0.54918786244934,0.5012125065883176,0.0,0.0,0.0,0.0,0.2699470375950763,0.4301314021514383,0.6527626415351007,0.2699470375950763,0.4301314021514383,7.30668419998856e-14,3.929217732121014e-14,3.3581200484905584e-14,1.0,1.0,1.0,6.501945002600463e-17,6.256441371821811e-17,8.253762022008543e-17,1.0,1.0,1.0,1.0,1.0,1.0,1.0,0.9999544226406393,1.0117310107305386e-20,4.55643140292113e-05
BirdV2_losslessG-lossyA_3.ply,BirdV2.ply,losslessG-lossyA,17,4.75,829891,829891,3.223778009414673,0.1019744873046875,0.9980849028250903,0.9958505375340757,0.996233196199363,0.8654819302576925,0.6028527097192755,0.28449300781730197,0.09935000920155553,0.24216763652915563,0.3083482992109322,0.819339127060117,0.4304955081131987,0.767972711847073,0.0,0.0,0.0,0.0,0.2650620015387171,0.5138981556919776,0.7175852925358872,0.2650620015387171,0.5138981556919776,8.679829489719566e-14,4.3154318683867554e-14,4.3869160815975235e-14,1.0,1.0,1.0,7.649598965023815e-17,7.716451137834956e-17,8.60388192427503e-17,1.0,1.0,1.0,1.0,1.0,1.0,1.0,0.9998813864435661,-8.778201420242391e-21,0.00011860051393553971
BirdV2_losslessG-lossyA_4.ply,BirdV2.ply,losslessG-lossyA,17,4.6,829891,829891,3.2127463817596436,0.01725006103515625,0.9936604904037232,0.9867269753199616,0.99003811627301,0.7202826367527119,0.3687902035220414,0.12234805370672545,0.19473092552140014,0.27858573811367493,0.20595515029181166,0.6887115266765884,0.18855709965293152,0.6230635638077452,0.0,0.0,0.0,0.0,0.2650620015387171,0.5138981556919776,0.7175852925358872,0.2650620015387171,0.5138981556919776,8.679829489719566e-14,4.3154318683867554e-14,4.3869160815975235e-14,1.0,1.0,1.0,7.649598965023815e-17,7.716451137834956e-17,8.60388192427503e-17,1.0,1.0,1.0,1.0,1.0,1.0,1.0,0.9998813864435661,-8.778201420242391e-21,0.00011860051393553971
BirdV2_losslessG-lossyA_5.ply,BirdV2.ply,losslessG-lossyA,17,3.53125,829891,829891,3.1895503997802734,0.10485458374023438,0.9790282859002731,0.9691862529328857,0.9835668524912952,0.500481781400186,0.1679612958126378,0.08482914358349572,0.2719000177250761,0.19375266077651004,0.19268141909639067,0.5105220825832653,0.14360225846505034,0.4495019952160689,0.0,0.0,0.0,0.0,0.2650620015387171,0.5138981556919776,0.7175852925358872,0.2650620015387171,0.5138981556919776,8.679829489719566e-14,4.3154318683867554e-14,4.3869160815975235e-14,1.0,1.0,1.0,7.649598965023815e-17,7.716451137834956e-17,8.60388192427503e-17,1.0,1.0,1.0,1.0,1.0,1.0,1.0,0.9998813864435661,-8.778201420242391e-21,0.00011860051393553971
BirdV2_losslessG-lossyA_6.ply,BirdV2.ply,losslessG-lossyA,17,3.25,829891,829891,3.209595203399658,0.07953643798828125,0.9635439712034896,0.9487453695493417,0.9804965213411179,0.3909648971089166,0.15784738752574712,0.08584296449189656,0.35821116252937735,0.29589902276821684,0.18527023903974263,0.4020297272626112,0.13522968538832236,0.3428061459922368,0.0,0.0,0.0,0.0,0.2650620015387171,0.5138981556919776,0.7175852925358872,0.2650620015387171,0.5138981556919776,8.679829489719566e-14,4.3154318683867554e-14,4.3869160815975235e-14,1.0,1.0,1.0,7.649598965023815e-17,7.716451137834956e-17,8.60388192427503e-17,1.0,1.0,1.0,1.0,1.0,1.0,1.0,0.9998813864435661,-8.778201420242391e-21,0.00011860051393553971
BirdV2_losslessG-lossyA_7.ply,BirdV2.ply,losslessG-lossyA,17,3.23333333333333,829891,829891,3.2146239280700684,0.18613815307617188,0.9376683976544666,0.9296488961842772,0.9738816654862237,0.251873751907579,0.10507490474152169,0.08623943699670493,0.2835654467005969,0.14851263624071162,0.141810465680965,0.25777976967421345,0.11672123603326605,0.2193436382675761,0.0,0.0,0.0,0.0,0.2650620015387171,0.5138981556919776,0.7175852925358872,0.2650620015387171,0.5138981556919776,8.679829489719566e-14,4.3154318683867554e-14,4.3869160815975235e-14,1.0,1.0,1.0,7.649598965023815e-17,7.716451137834956e-17,8.60388192427503e-17,1.0,1.0,1.0,1.0,1.0,1.0,1.0,0.9998813864435661,-8.778201420242391e-21,0.00011860051393553971
BirdV3_MultiplicativeGaussianNoise_1.ply,BirdV3.ply,MultiplicativeGaussianNoise,3,3.56666666666667,771405,771405,2.788998603820801,0.12136459350585938,0.9912835149573471,0.9907161226047467,0.9918071301176113,0.23726290447105888,0.11066436470373917,0.09676628685571079,0.6650217314796456,0.8316130900061015,0.8351924731034923,0.17902833672172486,0.11444907678992776,0.1464928105114677,0.0,0.0,0.0,0.0,0.24610316968021279,0.5733802759721837,0.7550904324807524,0.24610316968021279,0.5733802759721837,7.918978782978815e-14,3.9791522553876625e-14,3.981879761893865e-14,1.0,1.0,1.0,7.869547383220249e-17,8.027649709297941e-17,8.45377006082925e-17,1.0,1.0,1.0,1.0,1.0,1.0,1.0,0.9999149312538274,7.554464741856981e-20,8.505571149098123e-05
BirdV3_MultiplicativeGaussianNoise_3.ply,BirdV3.ply,MultiplicativeGaussianNoise,3,3.21875,771405,771405,2.8187122344970703,0.09136962890625,0.9820012892460835,0.9792271082854814,0.9843874218348503,0.11981559781946387,0.06298893284551149,0.04923036343204179,0.793850415334787,0.9042896902633498,0.9027577115430818,0.09132400036938466,0.05508346255690464,0.0709894255440636,0.0,0.0,0.0,0.0,0.24610316968021279,0.5733802759721837,0.7550904324807524,0.24610316968021279,0.5733802759721837,7.918978782978815e-14,3.9791522553876625e-14,3.981879761893865e-14,1.0,1.0,1.0,7.869547383220249e-17,8.027649709297941e-17,8.45377006082925e-17,1.0,1.0,1.0,1.0,1.0,1.0,1.0,0.9999149312538274,7.554464741856981e-20,8.505571149098123e-05
BirdV3_MultiplicativeGaussianNoise_4.ply,BirdV3.ply,MultiplicativeGaussianNoise,3,2.9,771405,771405,2.7741479873657227,0.08237457275390625,0.9771215172501627,0.9728942871844874,0.9809931513210789,0.0955378369410271,0.05319905298204064,0.03938547726053154,0.8275185361195331,0.9237041560668445,0.919321467960109,0.07304214295506414,0.04352031333492587,0.05567673039051905,0.0,0.0,0.0,0.0,0.24610316968021279,0.5733802759721837,0.7550904324807524,0.24610316968021279,0.5733802759721837,7.918978782978815e-14,3.9791522553876625e-14,3.981879761893865e-14,1.0,1.0,1.0,7.869547383220249e-17,8.027649709297941e-17,8.45377006082925e-17,1.0,1.0,1.0,1.0,1.0,1.0,1.0,0.9999149312538274,7.554464741856981e-20,8.505571149098123e-05
BirdV3_MultiplicativeGaussianNoise_5.ply,BirdV3.ply,MultiplicativeGaussianNoise,3,3.0,771405,771405,2.788764238357544,0.07115554809570312,0.9728790936868663,0.9664199044381198,0.9776838084487469,0.08018045638313952,0.04673445633159856,0.03335642716517064,0.8491193097675782,0.9378372358936392,0.9308676468647793,0.06140969702331831,0.03631476877565962,0.046088545030364816,0.0,0.0,0.0,0.0,0.24610316968021279,0.5733802759721837,0.7550904324807524,0.24610316968021279,0.5733802759721837,7.918978782978815e-14,3.9791522553876625e-14,3.981879761893865e-14,1.0,1.0,1.0,7.869547383220249e-17,8.027649709297941e-17,8.45377006082925e-17,1.0,1.0,1.0,1.0,1.0,1.0,1.0,0.9999149312538274,7.554464741856981e-20,8.505571149098123e-05
BirdV3_MultiplicativeGaussianNoise_7.ply,BirdV3.ply,MultiplicativeGaussianNoise,3,2.84375,771405,771405,2.8206539154052734,0.07405471801757812,0.9602886389076486,0.9489423186748291,0.9695817581480947,0.05461560321243758,0.035729050242216814,0.023190709383383707,0.8936658813018592,0.957451740250416,0.9542513951916554,0.04229621750177783,0.02478783526758246,0.030626669969021938,0.0,0.0,0.0,0.0,0.24610316968021279,0.5733802759721837,0.7550904324807524,0.24610316968021279,0.5733802759721837,7.918978782978815e-14,3.9791522553876625e-14,3.981879761893865e-14,1.0,1.0,1.0,7.869547383220249e-17,8.027649709297941e-17,8.45377006082925e-17,1.0,1.0,1.0,1.0,1.0,1.0,1.0,0.9999149312538274,7.554464741856981e-20,8.505571149098123e-05
BirdV4_MultiplicativeGaussianNoise_1.ply,BirdV4.ply,MultiplicativeGaussianNoise,3,3.60714285714286,736753,736753,2.5922963619232178,0.06340408325195312,0.9908649968498663,0.9940094703731611,0.9939863041166901,0.5234540678569969,0.20140023138426022,0.09289679842125509,0.41193591538021324,0.6732447961212353,0.8216392573395329,0.41052594956610067,0.1745422711564963,0.37685716683607395,0.0,0.0,0.0,0.0,0.29215848128166816,0.47659983070259976,0.7063458488322703,0.29215848128166816,0.47659983070259976,7.429852935835106e-14,3.763487696721328e-14,3.669179841751257e-14,1.0,1.0,1.0,6.739408769080425e-17,6.981414426548706e-17,7.930808423162085e-17,1.0,1.0,1.0,1.0,1.0,1.0,1.0,0.9998216305217266,7.920617288983147e-20,0.00017835644535601534
BirdV4_MultiplicativeGaussianNoise_3.ply,BirdV4.ply,MultiplicativeGaussianNoise,3,3.35714285714286,736753,736753,2.638556718826294,0.06943130493164062,0.9834390723826472,0.9891507731521315,0.98946194224991,0.3338173701134185,0.09470250717550731,0.04027742534353226,0.5829831865603136,0.7890489318821502,0.8925612921903957,0.22832304487072894,0.08147324803869564,0.19769776485022286,0.0,0.0,0.0,0.0,0.29215848128166816,0.47659983070259976,0.7063458488322703,0.29215848128166816,0.47659983070259976,7.429852935835106e-14,3.763487696721328e-14,3.669179841751257e-14,1.0,1.0,1.0,6.739408769080425e-17,6.981414426548706e-17,7.930808423162085e-17,1.0,1.0,1.0,1.0,1.0,1.0,1.0,0.9998216305217266,7.920617288983147e-20,0.00017835644535601534
BirdV4_MultiplicativeGaussianNoise_4.ply,BirdV4.ply,MultiplicativeGaussianNoise,3,3.17857142857143,736753,736753,2.5770390033721924,0.06985092163085938,0.9800798426665663,0.9868628860009214,0.9876685504901548,0.280819893976231,0.07265017536185958,0.030241174895238098,0.6329774945031527,0.8156275674033954,0.9052306560503535,0.18328504650854044,0.06232391077003943,0.15494636301302653,0.0,0.0,0.0,0.0,0.29215848128166816,0.47659983070259976,0.7063458488322703,0.29215848128166816,0.47659983070259976,7.429852935835106e-14,3.763487696721328e-14,3.669179841751257e-14,1.0,1.0,1.0,6.739408769080425e-17,6.981414426548706e-17,7.930808423162085e-17,1.0,1.0,1.0,1.0,1.0,1.0,1.0,0.9998216305217266,7.920617288983147e-20,0.00017835644535601534
BirdV4_MultiplicativeGaussianNoise_5.ply,BirdV4.ply,MultiplicativeGaussianNoise,3,2.93333333333333,736753,736753,2.557948350906372,0.06360244750976562,0.9765360768424488,0.9846264095530403,0.9855832157225963,0.24467128901842083,0.05930512045421233,0.02407998999204416,0.6722848666314125,0.834716403883147,0.917773384481729,0.15382163158653678,0.0506690201424127,0.12743297187893615,0.0,0.0,0.0,0.0,0.29215848128166816,0.47659983070259976,0.7063458488322703,0.29215848128166816,0.47659983070259976,7.429852935835106e-14,3.763487696721328e-14,3.669179841751257e-14,1.0,1.0,1.0,6.739408769080425e-17,6.981414426548706e-17,7.930808423162085e-17,1.0,1.0,1.0,1.0,1.0,1.0,1.0,0.9998216305217266,7.920617288983147e-20,0.00017835644535601534
BirdV4_MultiplicativeGaussianNoise_7.ply,BirdV4.ply,MultiplicativeGaussianNoise,3,2.53571428571429,736753,736753,2.6104705333709717,0.15778732299804688,0.9628309140680865,0.9763695943965768,0.9809893047780125,0.17367339764684558,0.03718636233077095,0.013871781163024156,0.7505989419627922,0.8732335508188831,0.9398347430233485,0.10066671418767482,0.031137161516906917,0.07910443199717956,0.0,0.0,0.0,0.0,0.29215848128166816,0.47659983070259976,0.7063458488322703,0.29215848128166816,0.47659983070259976,7.429852935835106e-14,3.763487696721328e-14,3.669179841751257e-14,1.0,1.0,1.0,6.739408769080425e-17,6.981414426548706e-17,7.930808423162085e-17,1.0,1.0,1.0,1.0,1.0,1.0,1.0,0.9998216305217266,7.920617288983147e-20,0.00017835644535601534
Birdv5_Octree_1.ply,Birdv5.ply,Octree,1,3.64285714285714,754861,82230,2.407203197479248,0.07765579223632812,0.9505795774963155,0.9948427907209129,0.997301377590521,0.5380220154735965,0.6111895998633168,0.6778284667372226,0.9793875198347461,0.9838783821615141,0.9850360900536762,0.5445015165602237,0.6197131349429483,0.4793761516106962,3.8970566971408167,1.962118276111718,1.9805390214622316,1.9287293168065982,0.22742043389972103,0.41089946304687225,3.943317871398937,1.9977589373865905,1.9695112567053765,1.9904848906814685,0.7693309490132021,1.3090428856075886,0.21219154055965217,0.19549788731848136,0.04173529962903911,1.0003206241972764,0.9999489035193175,0.9467664598567979,0.10304919945442642,0.12988459885184983,0.96091230759833,0.9359881899793865,0.29648403912018984,0.19500906511389823,0.183516362339324,0.493207563339272,0.5554667926195173,0.005221771475693394
Birdv5_Octree_2.ply,Birdv5.ply,Octree,1,2.46428571428571,754861,53683,2.356839656829834,0.002246856689453125,0.9382119518145985,0.9937092796502361,0.9968164240486357,0.47592688222248036,0.5614735120036684,0.6447031332721387,0.9845757531562432,0.9872305467828256,0.9885120919402468,0.4820319425435698,0.5652198530544642,0.41755347892058864,4.847811504559333,2.4489787747057443,2.4441940853085535,2.406750171907062,0.22742043389972103,0.41089946304687225,4.896411518454802,2.453582236715743,2.4589407139852546,2.7349666986997194,0.9659892151426328,1.9257532442045402,0.14688667200610803,0.1346512814178072,0.025413588540372754,1.0000922607342786,0.9995667813900545,0.9435293205144288,0.06650020662181584,0.08216181237435251,0.9509546587571536,0.9301623425425106,0.292832132990609,0.17749239734580344,0.166491367948592,0.49050670222707465,0.562045412161398,0.009277333862395884
Birdv5_Octree_3.ply,Birdv5.ply,Octree,1,2.39285714285714,754861,37635,2.4048404693603516,0.0,0.9271594307120122,0.9927488215226405,0.9964191958699593,0.4290004182381098,0.5223960287925258,0.6192695110662603,0.9868249409132247,0.9909420277119559,0.9913384275037669,0.4347588744649185,0.5221249047955853,0.371554790303668,5.824946781552113,2.9471540659620934,2.936138102482197,2.889379419030301,0.22742043389972103,0.41089946304687225,5.8538620505132,2.9474024767711025,2.913690209801665,3.6604497222272796,1.2437763004602864,2.651531053817302,0.10730514914484608,0.09788235235749658,0.01669597285937948,1.0011829726690824,0.9996026438190648,0.9400382695993671,0.04615084023395099,0.05590674095306001,0.9430620687127013,0.9262997701494747,0.29008517419901725,0.165966345242362,0.15498274696621908,0.48834220646411236,0.560296359965496,0.01389440091538902
Birdv5_Octree_4.ply,Birdv5.ply,Octree,1,2.14285714285714,754861,27932,2.3085975646972656,0.080963134765625,0.9173702978956135,0.9918536094020352,0.9960840687814024,0.39359860398644897,0.49224153637611656,0.6023346495966793,0.9890629503872095,0.993140299576558,0.9935363918679102,0.3991785896478569,0.4900781394975354,0.3377716681800175,6.755490312190219,3.4063488224156497,3.371593782064972,3.402800855205311,0.22742043389972103,0.41089946304687225,6.7860930616791135,3.37610335363768,3.4312248624065225,4.6785799389870135,1.5421853177794853,3.48095761452197,0.08217907070982824,0.0745709532141944,0.01185268037130699,1.0002987813747883,1.0003784925697576,0.9376875655516399,0.03384225179073691,0.04040906672181168,0.9356853159795369,0.9209146972868679,0.28156369895082745,0.15725420339020643,0.1463871659538735,0.4793758457910077,0.5690029809236627,0.018567757948502517
Birdv5_Octree_5.ply,Birdv5.ply,Octree,1,2.03571428571429,754861,21418,2.3093135356903076,0.0782012939453125,0.908054976824592,0.9910306527569258,0.99577531328018,0.36241246880666333,0.46701465597313147,0.5870293184857358,0.9892753033872779,0.9933108808104341,0.9946064318288801,0.36776009456236697,0.46263348730247056,0.3080646871556498,7.691160034605423,3.850038556935363,3.879032018563018,3.8581367415687877,0.22742043389972103,0.41089946304687225,7.712568022144043,3.8875875860371765,3.8761790460915035,5.773631599595208,1.8034350876951792,4.397903344260877,0.06453981711174961,0.05840986495886587,0.00926431268360703,1.0008626712863535,1.0007240986808474,0.9372305472314495,0.025893674393639647,0.030187355847812916,0.9292099141088462,0.9140952805069972,0.27935434827849126,0.1491760345297597,0.1384899660900663,0.4761364330516695,0.5754691120986788,0.023274852623546605
BirdV6_Octree_1.ply,BirdV6.ply,Octree,1,3.25,750845,98765,2.3505077362060547,0.06011962890625,0.9587084861761324,0.9983001486256755,0.9987437114594842,0.4880822619422246,0.36335202974852393,0.4601116322461935,0.9716327429250596,0.5239801373291534,0.46300162926921745,0.48790873720147054,0.38445521014583395,0.39531869046507195,3.8630584017882383,1.9686142295619913,1.9574263916940602,1.8836722622255304,0.30396253603226814,0.45966000363924664,3.9427566951199586,1.9841803273875518,1.9495555773078233,2.306532187875889,0.9322867300902626,1.5087241470845514,0.2559359933159281,0.23594738141543087,0.04818213894665882,1.0001426547580368,0.9973818938065893,0.9395220588119872,0.12230135717126785,0.16445843176397748,0.9549594151741382,0.9238959900346777,0.30313360184904925,0.20200030351101772,0.1908256464822655,0.49350299640290635,0.5488944297870884,0.012683404197578385
BirdV6_Octree_2.ply,BirdV6.ply,Octree,1,2.76666666666667,750845,64325,2.3048274517059326,0.04955291748046875,0.948276342229415,0.9980240891028219,0.998455665389305,0.4264852928989305,0.3255605886898858,0.40844738179667966,0.9745661669780289,0.527608507328818,0.46585768482522244,0.42643401392055685,0.3288690991972173,0.34068412429946976,4.855901499951887,2.443604937968664,2.4444434800966204,2.4297044766067284,0.30396253603226814,0.45966000363924664,4.887848433020193,2.467798623964682,2.426845977807491,3.155663397827659,1.1652754297776216,2.2223210447808373,0.17762867987728664,0.16299182297513728,0.03158645621785661,0.9999659224740081,0.9980709801133517,0.9390014761715089,0.0787229763184479,0.10415977457409387,0.9453927139041172,0.914855599815677,0.30049795173838034,0.1787502002846294,0.16853378958513468,0.49075162767115804,0.5534791910240952,0.01740942101944943
BirdV6_Octree_3.ply,BirdV6.ply,Octree,1,2.71428571428571,750845,45588,2.2590630054473877,0.105377197265625,0.9393851562471609,0.9977945577409936,0.9982022154195822,0.3838971904849007,0.2990851120925754,0.3727253376240488,0.9791082921241779,0.5299271151222105,0.4680140759955507,0.38383456820128375,0.2910081249032944,0.30483938313071984,5.795657630836918,2.89673385673624,2.9230900436331684,2.8988559977530315,0.30396253603226814,0.45966000363924664,5.867295332010878,2.9377545117379547,2.9644958301214364,4.031362395068113,1.4231668563178743,2.9157088315581636,0.13190737757519183,0.12036441040518865,0.023284629064847094,0.9997150373078372,0.998875954568405,0.9368864223232487,0.056713699771234694,0.07202885365484354,0.9351701959417799,0.9090062387579704,0.2977316490939507,0.17084079504116143,0.16061135639935106,0.4872177303438706,0.5593765565027575,0.020147898161757237
BirdV6_Octree_4.ply,BirdV6.ply,Octree,1,2.40625,750845,33626,2.2586586475372314,0.10549163818359375,0.9312131689343515,0.997597739046405,0.9979678640898657,0.34704370965242276,0.2803432349567175,0.3439758697303536,0.9828913003947128,0.5310744758319763,0.4689319580674423,0.3468127656533817,0.2585289684888983,0.27425674728956073,6.752294859232827,3.4046686788998226,3.3930298082203505,3.3559144837004014,0.30396253603226814,0.45966000363924664,6.799806661858838,3.40932381896908,3.403943212140085,5.376150239914625,1.9194225098907218,3.7701428424110377,0.10134845957328636,0.09199077855688811,0.015068121500461735,1.0023079678218123,0.9992770461588727,0.9357856395005081,0.04048973737103238,0.05207554696707939,0.9238041329873627,0.8997988904304415,0.2975332856149092,0.158334190339255,0.14803214595816286,0.48537211647511275,0.5615298593979328,0.026727248371313798
BirdV6_Octree_5.ply,BirdV6.ply,Octree,1,2.35714285714286,750845,25935,2.203577756881714,0.060100555419921875,0.9236390848799315,0.9973831754245185,0.9977669912724817,0.31515897519388375,0.26570426923032386,0.3196751034582264,0.9829899839165652,0.5326285475807683,0.46969243490843127,0.3151718905660173,0.23341426309604943,0.24757094322420073,7.678682326727078,3.8494885361527453,3.8674286844000494,3.8445944526540807,0.30396253603226814,0.45966000363924664,7.751587192746618,3.882556958525514,3.9277073819292045,6.452359882048815,2.2132153777288273,4.6558954344183325,0.08039763680187736,0.0728335164204221,0.013288375507795155,1.0001284788812494,0.9995455750376091,0.9336324286430685,0.03161946358431098,0.03932185260229695,0.9141590619853827,0.893040611248626,0.2964462990423425,0.14809056327782982,0.13811089886256803,0.4837024703757088,0.5619072003790387,0.032571015748128394
BricksWall_GammaNoise_1.ply,BricksWall.ply,GammaNoise,2,3.78125,805315,805315,3.8685131072998047,0.13375091552734375,0.8894432533346933,0.9999067232938048,0.9996465189333141,0.6932378490949662,0.991622111309655,0.9627546956018856,0.27370139932876947,0.00617249537890396,0.030456513485993115,0.7167953970333308,0.8785417675465184,0.6661373650925638,0.0,0.0,0.0,0.0,0.24041311641060742,0.3132931024481419,0.4867078707783576,0.24041311641060742,0.3132931024481419,6.23559633630938e-14,3.4021414015656056e-14,2.8249126785392974e-14,1.0,1.0,1.0,6.50457225147103e-17,7.214936780792471e-17,7.591160928873543e-17,1.0,1.0,1.0,1.0,1.0,1.0,1.0,0.9997335740298697,7.611798287345392e-05,0.00019029495718361522
BricksWall_GammaNoise_3.ply,BricksWall.ply,GammaNoise,2,3.32142857142857,805315,805315,4.0153968334198,0.12040328979492188,0.850339023301409,0.9994224009746361,0.9983457066648251,0.566464736325205,0.9443440207252509,0.8380369910893057,0.38649456343743044,0.04906680983349207,0.14050258993053416,0.5922060597218538,0.7744546621742545,0.5314642665010079,0.0,0.0,0.0,0.0,0.24041311641060742,0.3132931024481419,0.4867078707783576,0.24041311641060742,0.3132931024481419,6.23559633630938e-14,3.4021414015656056e-14,2.8249126785392974e-14,1.0,1.0,1.0,6.50457225147103e-17,7.214936780792471e-17,7.591160928873543e-17,1.0,1.0,1.0,1.0,1.0,1.0,1.0,0.9997335740298697,7.611798287345392e-05,0.00019029495718361522
BricksWall_GammaNoise_4.ply,BricksWall.ply,GammaNoise,2,3.4375,805315,805315,3.8958795070648193,0.12677383422851562,0.8309373806752376,0.9988458686339635,0.9969582504802315,0.5164376754097728,0.8943671019350432,0.7585330878454466,0.434070339877695,0.09612772694247294,0.21454154024604852,0.5413586803110108,0.7138250599637742,0.4787948334314442,0.0,0.0,0.0,0.0,0.24041311641060742,0.3132931024481419,0.4867078707783576,0.24041311641060742,0.3132931024481419,6.23559633630938e-14,3.4021414015656056e-14,2.8249126785392974e-14,1.0,1.0,1.0,6.50457225147103e-17,7.214936780792471e-17,7.591160928873543e-17,1.0,1.0,1.0,1.0,1.0,1.0,1.0,0.9997335740298697,7.611798287345392e-05,0.00019029495718361522
BricksWall_GammaNoise_5.ply,BricksWall.ply,GammaNoise,2,3.32142857142857,805315,805315,3.8956968784332275,0.08005523681640625,0.8065879140693684,0.9976301844155943,0.9943127374406819,0.47116443872572317,0.8119036222658024,0.6688765071497326,0.4885564921776376,0.1781864886755602,0.30860720721221874,0.4939061993741677,0.6434734193453012,0.4314254298294668,0.0,0.0,0.0,0.0,0.24041311641060742,0.3132931024481419,0.4867078707783576,0.24041311641060742,0.3132931024481419,6.23559633630938e-14,3.4021414015656056e-14,2.8249126785392974e-14,1.0,1.0,1.0,6.50457225147103e-17,7.214936780792471e-17,7.591160928873543e-17,1.0,1.0,1.0,1.0,1.0,1.0,1.0,0.9997335740298697,7.611798287345392e-05,0.00019029495718361522
BricksWall_GammaNoise_7.ply,BricksWall.ply,GammaNoise,2,2.53571428571429,805315,805315,3.8752293586730957,0.07141494750976562,0.7388006140453784,0.9896796626307902,0.979883966837966,0.4375835334693709,0.6087085165098344,0.5264242863619925,0.6289020203581721,0.4382357079697209,0.5325771840762613,0.4523121549270628,0.5354368083362359,0.3950058468150569,0.0,0.0,0.0,0.0,0.24041311641060742,0.3132931024481419,0.4867078707783576,0.24041311641060742,0.3132931024481419,6.23559633630938e-14,3.4021414015656056e-14,2.8249126785392974e-14,1.0,1.0,1.0,6.50457225147103e-17,7.214936780792471e-17,7.591160928873543e-17,1.0,1.0,1.0,1.0,1.0,1.0,1.0,0.9997335740298697,7.611798287345392e-05,0.00019029495718361522
BricksWall_HighFrequencyNoise_3.ply,BricksWall.ply,HighFrequencyNoise,18,4.25,805315,805315,3.913220167160034,0.066650390625,0.9948454139253105,0.9956156252920053,0.9962793986854092,0.7928261602527322,0.16850209165866797,0.2899680282938036,0.2321269395137042,0.7325967325300811,0.6225948988210575,0.6341459223329275,0.3327468987821914,0.6169947862343805,0.0,0.0,0.0,0.0,0.24041311641060742,0.3132931024481419,0.4867078707783576,0.24041311641060742,0.3132931024481419,6.23559633630938e-14,3.4021414015656056e-14,2.8249126785392974e-14,1.0,1.0,1.0,6.50457225147103e-17,7.214936780792471e-17,7.591160928873543e-17,1.0,1.0,1.0,1.0,1.0,1.0,1.0,0.9997335740298697,7.611798287345392e-05,0.00019029495718361522
BricksWall_HighFrequencyNoise_4.ply,BricksWall.ply,HighFrequencyNoise,18,4.17857142857143,805315,805315,3.900451421737671,0.06431198120117188,0.9937603447048672,0.9946933030344803,0.9953811251033547,0.7211986383253085,0.123586841035175,0.2274702889760595,0.2908058058979091,0.7750028171950649,0.6780229742729547,0.5443910991102544,0.2671419433676808,0.5196936705957093,0.0,0.0,0.0,0.0,0.24041311641060742,0.3132931024481419,0.4867078707783576,0.24041311641060742,0.3132931024481419,6.23559633630938e-14,3.4021414015656056e-14,2.8249126785392974e-14,1.0,1.0,1.0,6.50457225147103e-17,7.214936780792471e-17,7.591160928873543e-17,1.0,1.0,1.0,1.0,1.0,1.0,1.0,0.9997335740298697,7.611798287345392e-05,0.00019029495718361522
BricksWall_HighFrequencyNoise_5.ply,BricksWall.ply,HighFrequencyNoise,18,3.6875,805315,805315,3.9127025604248047,0.061603546142578125,0.9928112651376783,0.9938206928387822,0.9947471400367941,0.6616186066745479,0.09752117980443986,0.18778584364643502,0.33483713034792933,0.8038022854551372,0.7139860168067158,0.47842798878279785,0.22425960700631428,0.44908674348650324,0.0,0.0,0.0,0.0,0.24041311641060742,0.3132931024481419,0.4867078707783576,0.24041311641060742,0.3132931024481419,6.23559633630938e-14,3.4021414015656056e-14,2.8249126785392974e-14,1.0,1.0,1.0,6.50457225147103e-17,7.214936780792471e-17,7.591160928873543e-17,1.0,1.0,1.0,1.0,1.0,1.0,1.0,0.9997335740298697,7.611798287345392e-05,0.00019029495718361522
BricksWall_HighFrequencyNoise_6.ply,BricksWall.ply,HighFrequencyNoise,18,3.35714285714286,805315,805315,3.8780994415283203,0.03658294677734375,0.9879441695266465,0.9896151664212952,0.991027379528596,0.4264480426331868,0.03815596817368775,0.08255041038266461,0.523139417341039,0.8820084954657946,0.8244312196761446,0.2592025809969009,0.10555010068931485,0.22393799896764177,0.0,0.0,0.0,0.0,0.24041311641060742,0.3132931024481419,0.4867078707783576,0.24041311641060742,0.3132931024481419,6.23559633630938e-14,3.4021414015656056e-14,2.8249126785392974e-14,1.0,1.0,1.0,6.50457225147103e-17,7.214936780792471e-17,7.591160928873543e-17,1.0,1.0,1.0,1.0,1.0,1.0,1.0,0.9997335740298697,7.611798287345392e-05,0.00019029495718361522
BricksWall_HighFrequencyNoise_7.ply,BricksWall.ply,HighFrequencyNoise,18,3.10714285714286,805315,805315,3.933753252029419,0.053867340087890625,0.9843903198805133,0.9867666585111122,0.988539645877391,0.33293250469545266,0.024993976325106443,0.05558315351140234,0.607251379914616,0.9113279889911416,0.8638177945845843,0.18809578052970607,0.07321232445538506,0.15566298121858288,0.0,0.0,0.0,0.0,0.24041311641060742,0.3132931024481419,0.4867078707783576,0.24041311641060742,0.3132931024481419,6.23559633630938e-14,3.4021414015656056e-14,2.8249126785392974e-14,1.0,1.0,1.0,6.50457225147103e-17,7.214936780792471e-17,7.591160928873543e-17,1.0,1.0,1.0,1.0,1.0,1.0,1.0,0.9997335740298697,7.611798287345392e-05,0.00019029495718361522
BricksWall_limitlossyG-lossyA_3.ply,BricksWall.ply,limitlossyG-lossyA,5,4.67857142857143,805315,802660,4.092641353607178,0.07161331176757812,0.9956944780218246,0.9977056321372,0.9979665796077549,0.9593603392421318,0.7276718542998478,0.814850589799959,0.8986477228065018,0.8916513836806814,0.9125266447472931,0.9528554282591633,0.8223289057366073,0.947880826086844,1.1198407224737987,0.5194640197797847,0.5691756447220803,0.5170099049188454,0.24041311641060742,0.3132931024481419,1.2545600560101833,0.6489964805151842,0.6403622759578863,0.8399070032314199,0.39772399511624734,0.4896545681450679,0.961417855136475,0.9466938711497057,0.5594233552696029,0.9960344052847729,0.9864078396737648,0.8938253276499932,0.8390763866383882,0.971187826272502,0.9964090781445706,0.9232952336108247,0.33304940290909957,0.5579316633678497,0.5484608491636056,0.5491901029918277,0.4689379719488206,0.0007351181634388941
BricksWall_limitlossyG-lossyA_4.ply,BricksWall.ply,limitlossyG-lossyA,5,4.71875,805315,268579,3.6635637283325195,0.01563262939453125,0.9737819336316768,0.9932846594595064,0.9917662822398428,0.8225051968500707,0.42727176213838214,0.4685742988928372,0.9533422470488062,0.8443125448572398,0.9258822203591083,0.794375892331099,0.517698895459849,0.7724460252750677,1.9544021076697153,1.0102655402636036,0.9336754114695963,1.0069932143767608,0.24041311641060742,0.3132931024481419,2.0328847402256107,1.0031313584450632,1.0548984177907772,0.9631725252564997,0.4543628270754651,0.5831216419822507,0.5205786603790481,0.4879924026954073,0.20955704891773197,1.0020760178009676,0.9973534918481592,0.9384857665038139,0.37410633406560445,0.40780113463740814,0.9927763816533329,0.9473709138441233,0.30327711589425727,0.4294535910326353,0.41697686544766716,0.5145548035220174,0.5225003403729844,0.001817892831678918
BricksWall_limitlossyG-lossyA_5.ply,BricksWall.ply,limitlossyG-lossyA,5,2.82142857142857,805315,69914,3.398592472076416,0.0,0.9564928489754742,0.9752662955696877,0.9799231235117714,0.7150258266163602,0.2580187160380356,0.26606585936131893,0.9935105004062549,0.9226711720493957,0.974359068319633,0.6339313757765505,0.3526039495154366,0.6077837006444421,3.935101218497813,2.0017330511923084,2.022535082662138,2.0326208485899526,0.24041311641060742,0.3132931024481419,3.9812930431012745,2.0745957305702905,2.0464392377863834,2.40232019673111,1.284023009048738,1.1175806032497624,0.16878068239688815,0.15553431399835033,0.07283100396521223,1.001250072966928,0.9938737985262719,0.9697018706245092,0.1107528055073103,0.09794330368364125,0.989542478197995,0.9405437763098243,0.29404179145591225,0.38042138687270144,0.3689377115381676,0.5028057798547976,0.5373487201735513,0.004221015631860246
BricksWall_limitlossyG-lossyA_6.ply,BricksWall.ply,limitlossyG-lossyA,5,1.84375,805315,30867,3.308626413345337,0.0,0.9507038500351841,0.9662567522410763,0.9667661453352835,0.6844872321379677,0.09768584814553107,0.29830245211645695,0.9992029097398679,0.977653976588553,0.78546316560398,0.5856305803026345,0.2587717742146705,0.5557858296709034,5.658892190550259,2.9516657467320173,2.9983893820303007,2.7534548534212453,0.24041311641060742,0.3132931024481419,5.686361225279075,3.0236104632778633,2.7665806912859456,3.952988450809238,2.106938630696405,1.750583902133486,0.07799291716293354,0.07155956959453162,0.052888408887231626,1.0001945659707665,0.9957572341129222,0.9801894391331919,0.05702538421587228,0.0389466307140493,0.9900506790231403,0.9362887465993567,0.27704430895121196,0.41514890378726543,0.40459224510588265,0.4977117519601323,0.5510595170788656,0.005255059550898504
BricksWall_limitlossyG-lossyA_7.ply,BricksWall.ply,limitlossyG-lossyA,5,1.1,805315,18659,3.310736894607544,0.08174514770507812,0.9473610935117167,0.9586967738043789,0.9457731578075785,0.6728721563859099,4.7171874971948986e-05,0.2343788043137921,0.9988231167006301,0.009211436759983807,0.7168929978614472,0.659995013761317,0.00398593148205351,0.6167306212642264,8.135027778475825,3.9438343504902402,3.994185564358241,4.749216473542875,0.24041311641060742,0.3132931024481419,8.167181041471927,4.0507513450280745,4.752749838871611,6.120399094938245,3.4506317880397113,2.383724129229842,0.04796644205789733,0.04401977585129643,0.02457812901569341,0.9998915023618601,0.995721357486865,0.9803098232741572,0.031760552016464105,0.021999313320625675,0.9853749193782387,0.9271434980800324,0.28259739062338507,0.33810203279272655,0.3272180981028771,0.49844032987490966,0.5466503576682248,0.005750305033573402
BricksWall_QuantizationNoise_1.ply,BricksWall.ply,QuantizationNoise,11,4.03125,805315,805315,3.899723768234253,0.15081405639648438,0.9611357387154159,0.9963402070118792,0.9915301284577764,0.8931534418096672,0.5445873219424304,0.531655192497729,0.03505635939142668,0.4173952772656562,0.42370976432374646,0.8384165415583085,0.6242039691695106,0.8298279833178848,0.0,0.0,0.0,0.0,0.24041311641060742,0.3132931024481419,0.4867078707783576,0.24041311641060742,0.3132931024481419,6.23559633630938e-14,3.4021414015656056e-14,2.8249126785392974e-14,1.0,1.0,1.0,6.50457225147103e-17,7.214936780792471e-17,7.591160928873543e-17,1.0,1.0,1.0,1.0,1.0,1.0,1.0,0.9997335740298697,7.611798287345392e-05,0.00019029495718361522
BricksWall_QuantizationNoise_3.ply,BricksWall.ply,QuantizationNoise,11,3.96666666666667,805315,805315,3.867830276489258,0.116912841796875,0.947005838649875,0.9926380028773434,0.9816796590500839,0.7977423585029718,0.4222830019050389,0.36780044065513423,0.05098010025359241,0.5078703945962691,0.5109869922297,0.6962792830997212,0.47428053822938576,0.6749533567230224,0.0,0.0,0.0,0.0,0.24041311641060742,0.3132931024481419,0.4867078707783576,0.24041311641060742,0.3132931024481419,6.23559633630938e-14,3.4021414015656056e-14,2.8249126785392974e-14,1.0,1.0,1.0,6.50457225147103e-17,7.214936780792471e-17,7.591160928873543e-17,1.0,1.0,1.0,1.0,1.0,1.0,1.0,0.9997335740298697,7.611798287345392e-05,0.00019029495718361522
BricksWall_QuantizationNoise_4.ply,BricksWall.ply,QuantizationNoise,11,3.28571428571429,805315,805315,3.8891119956970215,0.09420013427734375,0.9358741961932245,0.9801365268627616,0.9725769264962114,0.6285609988370511,0.23942904214512412,0.2552030573609391,0.08193387425243026,0.5636523343799207,0.5513928597862117,0.5086209593920745,0.3101005601014569,0.4696604282047937,0.0,0.0,0.0,0.0,0.24041311641060742,0.3132931024481419,0.4867078707783576,0.24041311641060742,0.3132931024481419,6.23559633630938e-14,3.4021414015656056e-14,2.8249126785392974e-14,1.0,1.0,1.0,6.50457225147103e-17,7.214936780792471e-17,7.591160928873543e-17,1.0,1.0,1.0,1.0,1.0,1.0,1.0,0.9997335740298697,7.611798287345392e-05,0.00019029495718361522
BricksWall_QuantizationNoise_5.ply,BricksWall.ply,QuantizationNoise,11,3.82142857142857,805315,805315,3.885748863220215,0.09231948852539062,0.9358741961932245,0.9801365268627616,0.9725769264962114,0.6285609988370511,0.23942904214512412,0.2552030573609391,0.08193387425243026,0.5636523343799207,0.5513928597862117,0.5086209593920745,0.3101005601014569,0.4696604282047937,0.0,0.0,0.0,0.0,0.24041311641060742,0.3132931024481419,0.4867078707783576,0.24041311641060742,0.3132931024481419,6.23559633630938e-14,3.4021414015656056e-14,2.8249126785392974e-14,1.0,1.0,1.0,6.50457225147103e-17,7.214936780792471e-17,7.591160928873543e-17,1.0,1.0,1.0,1.0,1.0,1.0,1.0,0.9997335740298697,7.611798287345392e-05,0.00019029495718361522
BricksWall_QuantizationNoise_7.ply,BricksWall.ply,QuantizationNoise,11,3.17857142857143,805315,805315,3.926589250564575,0.08923721313476562,0.910670864243065,0.9498235520529811,0.9466281221590112,0.34876313507012224,0.09102330355289198,0.14081231888918988,0.12691077527603206,0.633069132859084,0.5146460742150407,0.2723734339098266,0.1518371096423882,0.2269716769716848,0.0,0.0,0.0,0.0,0.24041311641060742,0.3132931024481419,0.4867078707783576,0.24041311641060742,0.3132931024481419,6.23559633630938e-14,3.4021414015656056e-14,2.8249126785392974e-14,1.0,1.0,1.0,6.50457225147103e-17,7.214936780792471e-17,7.591160928873543e-17,1.0,1.0,1.0,1.0,1.0,1.0,1.0,0.9997335740298697,7.611798287345392e-05,0.00019029495718361522
bristleback_GaussianNoise_1.ply,bristleback.ply,GaussianNoise,19,3.42857142857143,954308,954308,3.7084176540374756,0.11759185791015625,0.9807066422346759,0.9947255608581625,0.9958432939220411,0.37489937839883347,0.14928886649219392,0.1052475480835691,0.569936052618726,0.7796023273008219,0.8201247145136589,0.2916002572009659,0.16420220907004088,0.2698394378600622,0.0,0.0,0.0,0.0,0.611465820012615,1.0471824834952823,1.6822767933107552,0.611465820012615,1.0471824834952823,8.77621610447434e-14,4.371616522128168e-14,4.43678452456911e-14,1.0,1.0,1.0,8.202425234192306e-17,8.38409253693031e-17,7.933147143564189e-17,1.0,1.0,1.0,1.0,1.0,1.0,1.0,0.9995849200389932,7.680281032307126e-21,0.00041506692954238606
bristleback_GaussianNoise_3.ply,bristleback.ply,GaussianNoise,19,3.5,954308,954308,3.707737922668457,0.06599044799804688,0.9625726272892237,0.9915641703475384,0.9935398227836131,0.29148579026704136,0.10521741862157123,0.059473527264156695,0.6614826456804761,0.8319339031030061,0.8751532372991578,0.2109265708134782,0.10966293666969748,0.19240803772309953,0.0,0.0,0.0,0.0,0.611465820012615,1.0471824834952823,1.6822767933107552,0.611465820012615,1.0471824834952823,8.77621610447434e-14,4.371616522128168e-14,4.43678452456911e-14,1.0,1.0,1.0,8.202425234192306e-17,8.38409253693031e-17,7.933147143564189e-17,1.0,1.0,1.0,1.0,1.0,1.0,1.0,0.9995849200389932,7.680281032307126e-21,0.00041506692954238606
bristleback_GaussianNoise_4.ply,bristleback.ply,GaussianNoise,19,3.2,954308,954308,3.691861391067505,0.058010101318359375,0.9477474383803103,0.9889712190584984,0.9917443310998575,0.2523551627711909,0.08714755397964855,0.04339151252461321,0.7060759346739284,0.8548419768256705,0.8946124144716395,0.17509388215159072,0.08777084500441905,0.15778575875298967,0.0,0.0,0.0,0.0,0.611465820012615,1.0471824834952823,1.6822767933107552,0.611465820012615,1.0471824834952823,8.77621610447434e-14,4.371616522128168e-14,4.43678452456911e-14,1.0,1.0,1.0,8.202425234192306e-17,8.38409253693031e-17,7.933147143564189e-17,1.0,1.0,1.0,1.0,1.0,1.0,1.0,0.9995849200389932,7.680281032307126e-21,0.00041506692954238606
bristleback_GaussianNoise_5.ply,bristleback.ply,GaussianNoise,19,2.78571428571429,954308,954308,3.683903217315674,0.056896209716796875,0.9286490252343627,0.9853599143058306,0.9896563253824581,0.21637776843444848,0.07199726845588597,0.031478502940464115,0.748662343469603,0.8784657682846759,0.913823715493662,0.1436418889931211,0.06990562615970909,0.1275111081284323,0.0,0.0,0.0,0.0,0.611465820012615,1.0471824834952823,1.6822767933107552,0.611465820012615,1.0471824834952823,8.77621610447434e-14,4.371616522128168e-14,4.43678452456911e-14,1.0,1.0,1.0,8.202425234192306e-17,8.38409253693031e-17,7.933147143564189e-17,1.0,1.0,1.0,1.0,1.0,1.0,1.0,0.9995849200389932,7.680281032307126e-21,0.00041506692954238606
bristleback_GaussianNoise_7.ply,bristleback.ply,GaussianNoise,19,2.4,954308,954308,3.717311382293701,0.07125473022460938,0.8751295118118445,0.973264310111874,0.9827402280249462,0.1541752200744176,0.0472059269085734,0.016879177851658725,0.824008254716589,0.9173095530520478,0.9413729831435175,0.09383594872518325,0.0435759482982381,0.08030796633224335,0.0,0.0,0.0,0.0,0.611465820012615,1.0471824834952823,1.6822767933107552,0.611465820012615,1.0471824834952823,8.77621610447434e-14,4.371616522128168e-14,4.43678452456911e-14,1.0,1.0,1.0,8.202425234192306e-17,8.38409253693031e-17,7.933147143564189e-17,1.0,1.0,1.0,1.0,1.0,1.0,1.0,0.9995849200389932,7.680281032307126e-21,0.00041506692954238606
bristleback_MultiplicativeGaussianNoise_1.ply,bristleback.ply,MultiplicativeGaussianNoise,3,3.53571428571429,954308,954308,3.672217607498169,0.08837509155273438,0.9915032932533413,0.9956653089913866,0.9952629574315067,0.4461890121441532,0.20454687195468485,0.10548380493398046,0.49504154318630084,0.7216163937099673,0.8236747184475157,0.3482304576624729,0.19695251273201236,0.3194755866879729,0.0,0.0,0.0,0.0,0.611465820012615,1.0471824834952823,1.6822767933107552,0.611465820012615,1.0471824834952823,8.77621610447434e-14,4.371616522128168e-14,4.43678452456911e-14,1.0,1.0,1.0,8.202425234192306e-17,8.38409253693031e-17,7.933147143564189e-17,1.0,1.0,1.0,1.0,1.0,1.0,1.0,0.9995849200389932,7.680281032307126e-21,0.00041506692954238606
bristleback_MultiplicativeGaussianNoise_3.ply,bristleback.ply,MultiplicativeGaussianNoise,3,3.21428571428571,954308,954308,3.7334883213043213,0.07091140747070312,0.9843309362855927,0.9918624074236151,0.9902635684665455,0.3206666610636601,0.12066160126938857,0.0491318388114458,0.6192923824775758,0.8148758807707445,0.8965092823673538,0.22379736807705852,0.11004608229638531,0.20020856922213037,0.0,0.0,0.0,0.0,0.611465820012615,1.0471824834952823,1.6822767933107552,0.611465820012615,1.0471824834952823,8.77621610447434e-14,4.371616522128168e-14,4.43678452456911e-14,1.0,1.0,1.0,8.202425234192306e-17,8.38409253693031e-17,7.933147143564189e-17,1.0,1.0,1.0,1.0,1.0,1.0,1.0,0.9995849200389932,7.680281032307126e-21,0.00041506692954238606
bristleback_MultiplicativeGaussianNoise_4.ply,bristleback.ply,MultiplicativeGaussianNoise,3,2.96428571428571,954308,954308,3.718378782272339,0.16805267333984375,0.9809164469594086,0.9900000090279161,0.9876520884501803,0.28298694453972933,0.10123569189536857,0.03754599923355703,0.6587163843848455,0.8387150087520197,0.9125908553134364,0.18906026711361182,0.0897034187930229,0.16670899095288963,0.0,0.0,0.0,0.0,0.611465820012615,1.0471824834952823,1.6822767933107552,0.611465820012615,1.0471824834952823,8.77621610447434e-14,4.371616522128168e-14,4.43678452456911e-14,1.0,1.0,1.0,8.202425234192306e-17,8.38409253693031e-17,7.933147143564189e-17,1.0,1.0,1.0,1.0,1.0,1.0,1.0,0.9995849200389932,7.680281032307126e-21,0.00041506692954238606
bristleback_MultiplicativeGaussianNoise_5.ply,bristleback.ply,MultiplicativeGaussianNoise,3,3.03125,954308,954308,3.6856019496917725,0.12683486938476562,0.9774416192846194,0.9880572672004249,0.9851070827690681,0.2531505988539789,0.08736559022507923,0.030508396903255755,0.6872616317301691,0.8554023368226795,0.9258702266783673,0.16332435080522978,0.07566730249192294,0.14201915939025556,0.0,0.0,0.0,0.0,0.611465820012615,1.0471824834952823,1.6822767933107552,0.611465820012615,1.0471824834952823,8.77621610447434e-14,4.371616522128168e-14,4.43678452456911e-14,1.0,1.0,1.0,8.202425234192306e-17,8.38409253693031e-17,7.933147143564189e-17,1.0,1.0,1.0,1.0,1.0,1.0,1.0,0.9995849200389932,7.680281032307126e-21,0.00041506692954238606
bristleback_MultiplicativeGaussianNoise_7.ply,bristleback.ply,MultiplicativeGaussianNoise,3,2.76666666666667,954308,954308,3.6877329349517822,0.10158538818359375,0.9616362339424027,0.9820465447076596,0.9780361742593873,0.19117769351547836,0.06280497246627312,0.01876717481890622,0.7485908575382973,0.8923931587123979,0.9499308934472774,0.1144343052977845,0.05119250105576009,0.09604303592770487,0.0,0.0,0.0,0.0,0.611465820012615,1.0471824834952823,1.6822767933107552,0.611465820012615,1.0471824834952823,8.77621610447434e-14,4.371616522128168e-14,4.43678452456911e-14,1.0,1.0,1.0,8.202425234192306e-17,8.38409253693031e-17,7.933147143564189e-17,1.0,1.0,1.0,1.0,1.0,1.0,1.0,0.9995849200389932,7.680281032307126e-21,0.00041506692954238606
Caffe_ColorNoise_3.ply,Caffe.ply,ColorNoise,20,3.92857142857143,800000,800000,2.4356088638305664,0.07378768920898438,0.9900283207464675,0.9977876991991205,0.9979972988737625,0.47294705962435396,0.10315163244933366,0.09238416048969257,0.43388280163060594,0.7534143204032507,0.79021557526273,0.36577668993682677,0.15492412280813952,0.3256736809878567,0.0,0.0,0.0,0.0,0.5761726348254732,0.4096715565272397,1.035412425345738,0.5761726348254732,0.4096715565272397,8.503782514840675e-14,4.260811270064417e-14,4.253161814337326e-14,1.0,1.0,1.0,6.33483268499069e-17,6.617878751652327e-17,8.268968780108039e-17,1.0,1.0,1.0,1.0,1.0,1.0,1.0,0.9995041340798969,2.0018446170666365e-20,0.0004958528669311137
Caffe_ColorNoise_4.ply,Caffe.ply,ColorNoise,20,3.53571428571429,800000,800000,2.3998799324035645,0.054401397705078125,0.9838719261594299,0.9966417788804313,0.9968987266001438,0.3619919094293492,0.05362371599276084,0.04656382785188362,0.5355107328573075,0.813902138923036,0.8526114630546324,0.26471036857673996,0.08852998266276656,0.23465746783176336,0.0,0.0,0.0,0.0,0.5761726348254732,0.4096715565272397,1.035412425345738,0.5761726348254732,0.4096715565272397,8.503782514840675e-14,4.260811270064417e-14,4.253161814337326e-14,1.0,1.0,1.0,6.33483268499069e-17,6.617878751652327e-17,8.268968780108039e-17,1.0,1.0,1.0,1.0,1.0,1.0,1.0,0.9995041340798969,2.0018446170666365e-20,0.0004958528669311137
Caffe_ColorNoise_5.ply,Caffe.ply,ColorNoise,20,3.63333333333333,800000,800000,2.399970054626465,0.0588226318359375,0.9760659317354863,0.9952693336328466,0.9957047681630733,0.28747117331431693,0.03128510348613435,0.02658800114562691,0.6114870464346868,0.8492933175965194,0.8843663776162756,0.20053544966208564,0.05559195347962678,0.17707973327227228,0.0,0.0,0.0,0.0,0.5761726348254732,0.4096715565272397,1.035412425345738,0.5761726348254732,0.4096715565272397,8.503782514840675e-14,4.260811270064417e-14,4.253161814337326e-14,1.0,1.0,1.0,6.33483268499069e-17,6.617878751652327e-17,8.268968780108039e-17,1.0,1.0,1.0,1.0,1.0,1.0,1.0,0.9995041340798969,2.0018446170666365e-20,0.0004958528669311137
Caffe_ColorNoise_6.ply,Caffe.ply,ColorNoise,20,3.39285714285714,800000,800000,2.3998050689697266,0.054912567138671875,0.965892182224449,0.9936740305992366,0.994346403547801,0.23341655657521335,0.01961513610946342,0.0164634203338294,0.6685614908794102,0.8704686360370975,0.9046780632184783,0.15568090939827503,0.0369936271354875,0.13663534818232628,0.0,0.0,0.0,0.0,0.5761726348254732,0.4096715565272397,1.035412425345738,0.5761726348254732,0.4096715565272397,8.503782514840675e-14,4.260811270064417e-14,4.253161814337326e-14,1.0,1.0,1.0,6.33483268499069e-17,6.617878751652327e-17,8.268968780108039e-17,1.0,1.0,1.0,1.0,1.0,1.0,1.0,0.9995041340798969,2.0018446170666365e-20,0.0004958528669311137
Caffe_ColorNoise_7.ply,Caffe.ply,ColorNoise,20,2.89285714285714,800000,800000,2.3915324211120605,0.054653167724609375,0.9545115210488894,0.9919372025413025,0.9928795659230304,0.1946454942607822,0.013262668400742503,0.011116100221243154,0.7118354627806556,0.8866861317178442,0.9200958100044214,0.12422193098577095,0.026193003660334536,0.1081415119051523,0.0,0.0,0.0,0.0,0.5761726348254732,0.4096715565272397,1.035412425345738,0.5761726348254732,0.4096715565272397,8.503782514840675e-14,4.260811270064417e-14,4.253161814337326e-14,1.0,1.0,1.0,6.33483268499069e-17,6.617878751652327e-17,8.268968780108039e-17,1.0,1.0,1.0,1.0,1.0,1.0,1.0,0.9995041340798969,2.0018446170666365e-20,0.0004958528669311137
Caffe_ContrastDistortion_1.ply,Caffe.ply,ContrastDistortion,21,4.0,800000,800000,2.439288377761841,0.05777740478515625,0.8040270464079882,0.9746452423613944,0.9756865524574292,0.5414976271813414,0.5647146906624598,0.5498388200549702,0.019046659430719204,0.09731330159968207,0.09665409233652074,0.559785751614474,0.5484376564079636,0.43284887583236503,0.0,0.0,0.0,0.0,0.5761726348254732,0.4096715565272397,1.035412425345738,0.5761726348254732,0.4096715565272397,8.503782514840675e-14,4.260811270064417e-14,4.253161814337326e-14,1.0,1.0,1.0,6.33483268499069e-17,6.617878751652327e-17,8.268968780108039e-17,1.0,1.0,1.0,1.0,1.0,1.0,1.0,0.9995041340798969,2.0018446170666365e-20,0.0004958528669311137
Caffe_ContrastDistortion_2.ply,Caffe.ply,ContrastDistortion,21,3.60714285714286,800000,800000,2.421778678894043,0.052082061767578125,0.6323035339616876,0.9370251365368986,0.9464449365878421,0.309958983438978,0.27647451047344623,0.26642990863897975,0.03116799393753411,0.17343601317770918,0.21605314811717832,0.31388704025686615,0.2680506937703913,0.21773989043404324,0.0,0.0,0.0,0.0,0.5761726348254732,0.4096715565272397,1.035412425345738,0.5761726348254732,0.4096715565272397,8.503782514840675e-14,4.260811270064417e-14,4.253161814337326e-14,1.0,1.0,1.0,6.33483268499069e-17,6.617878751652327e-17,8.268968780108039e-17,1.0,1.0,1.0,1.0,1.0,1.0,1.0,0.9995041340798969,2.0018446170666365e-20,0.0004958528669311137
Caffe_ContrastDistortion_3.ply,Caffe.ply,ContrastDistortion,21,3.28571428571429,800000,800000,2.417234420776367,0.052249908447265625,0.5163942437976577,0.9081757641115071,0.9467431944242652,0.24369677000806414,0.19186707416300786,0.16030264664162913,0.06037443062419135,0.29425775813505317,0.5545922460331644,0.2272197505411726,0.2279894639291538,0.15870515359094597,0.0,0.0,0.0,0.0,0.5761726348254732,0.4096715565272397,1.035412425345738,0.5761726348254732,0.4096715565272397,8.503782514840675e-14,4.260811270064417e-14,4.253161814337326e-14,1.0,1.0,1.0,6.33483268499069e-17,6.617878751652327e-17,8.268968780108039e-17,1.0,1.0,1.0,1.0,1.0,1.0,1.0,0.9995041340798969,2.0018446170666365e-20,0.0004958528669311137
Caffe_ContrastDistortion_4.ply,Caffe.ply,ContrastDistortion,21,3.17857142857143,800000,800000,2.4367549419403076,0.05202484130859375,0.4519107595166745,0.8887050869534322,0.9555185845604879,0.22171398521195054,0.13440731539069176,0.16138890142039133,0.09527537504542918,0.4489729987060183,0.6579288094103191,0.1836708020618512,0.21378099935292288,0.13276910950011647,0.0,0.0,0.0,0.0,0.5761726348254732,0.4096715565272397,1.035412425345738,0.5761726348254732,0.4096715565272397,8.503782514840675e-14,4.260811270064417e-14,4.253161814337326e-14,1.0,1.0,1.0,6.33483268499069e-17,6.617878751652327e-17,8.268968780108039e-17,1.0,1.0,1.0,1.0,1.0,1.0,1.0,0.9995041340798969,2.0018446170666365e-20,0.0004958528669311137
Caffe_ContrastDistortion_5.ply,Caffe.ply,ContrastDistortion,21,2.21428571428571,800000,800000,2.4028682708740234,0.0554351806640625,0.4164051575664668,0.8994777135275154,0.9565101498561708,0.23020628997373047,0.10849422937314024,0.25084810270998575,0.13400697284068755,0.612894724550377,0.6904001870721719,0.18392734710389802,0.26828866671329776,0.1319959645500965,0.0,0.0,0.0,0.0,0.5761726348254732,0.4096715565272397,1.035412425345738,0.5761726348254732,0.4096715565272397,8.503782514840675e-14,4.260811270064417e-14,4.253161814337326e-14,1.0,1.0,1.0,6.33483268499069e-17,6.617878751652327e-17,8.268968780108039e-17,1.0,1.0,1.0,1.0,1.0,1.0,1.0,0.9995041340798969,2.0018446170666365e-20,0.0004958528669311137
Caffe_CorrelatedGaussianNoise_1.ply,Caffe.ply,CorrelatedGaussianNoise,22,4.10714285714286,800000,800000,2.4165146350860596,0.05687713623046875,0.9891904620252802,0.9976436132821124,0.9978297194482298,0.45530324689784746,0.09155889441644857,0.08359651561293364,0.45032184576947515,0.7719536045964223,0.8078447758263925,0.3509068255383407,0.14258016068469714,0.31243207096021663,0.0,0.0,0.0,0.0,0.5761726348254732,0.4096715565272397,1.035412425345738,0.5761726348254732,0.4096715565272397,8.503782514840675e-14,4.260811270064417e-14,4.253161814337326e-14,1.0,1.0,1.0,6.33483268499069e-17,6.617878751652327e-17,8.268968780108039e-17,1.0,1.0,1.0,1.0,1.0,1.0,1.0,0.9995041340798969,2.0018446170666365e-20,0.0004958528669311137
Caffe_CorrelatedGaussianNoise_2.ply,Caffe.ply,CorrelatedGaussianNoise,22,3.75,800000,800000,2.4088375568389893,0.0568389892578125,0.9766983236166168,0.9953921032993963,0.9957556506035287,0.2883771071450846,0.030981744042076893,0.02716477739581296,0.608056089095865,0.8516458281391409,0.8855498078148064,0.20218098707457616,0.05606273191821255,0.17849069623574462,0.0,0.0,0.0,0.0,0.5761726348254732,0.4096715565272397,1.035412425345738,0.5761726348254732,0.4096715565272397,8.503782514840675e-14,4.260811270064417e-14,4.253161814337326e-14,1.0,1.0,1.0,6.33483268499069e-17,6.617878751652327e-17,8.268968780108039e-17,1.0,1.0,1.0,1.0,1.0,1.0,1.0,0.9995041340798969,2.0018446170666365e-20,0.0004958528669311137
Caffe_CorrelatedGaussianNoise_3.ply,Caffe.ply,CorrelatedGaussianNoise,22,3.59375,800000,800000,2.405714273452759,0.05200958251953125,0.9621705504873356,0.9929739979407314,0.9937194156848004,0.21454351870202498,0.016083921476574302,0.013720792063640977,0.6866411361611333,0.8817213000336906,0.9147905432021641,0.14043390011443474,0.03141839831155465,0.12285138062431211,0.0,0.0,0.0,0.0,0.5761726348254732,0.4096715565272397,1.035412425345738,0.5761726348254732,0.4096715565272397,8.503782514840675e-14,4.260811270064417e-14,4.253161814337326e-14,1.0,1.0,1.0,6.33483268499069e-17,6.617878751652327e-17,8.268968780108039e-17,1.0,1.0,1.0,1.0,1.0,1.0,1.0,0.9995041340798969,2.0018446170666365e-20,0.0004958528669311137
Caffe_CorrelatedGaussianNoise_4.ply,Caffe.ply,CorrelatedGaussianNoise,22,3.28571428571429,800000,800000,2.4244418144226074,0.052722930908203125,0.9450968355490085,0.9907612525571419,0.9917735071071386,0.17101316577687542,0.01016788332607451,0.008561400782881196,0.7389935670609595,0.8957777482998014,0.9280533152159532,0.10604730452499776,0.02070838636136395,0.09176166926469742,0.0,0.0,0.0,0.0,0.5761726348254732,0.4096715565272397,1.035412425345738,0.5761726348254732,0.4096715565272397,8.503782514840675e-14,4.260811270064417e-14,4.253161814337326e-14,1.0,1.0,1.0,6.33483268499069e-17,6.617878751652327e-17,8.268968780108039e-17,1.0,1.0,1.0,1.0,1.0,1.0,1.0,0.9995041340798969,2.0018446170666365e-20,0.0004958528669311137
Caffe_CorrelatedGaussianNoise_5.ply,Caffe.ply,CorrelatedGaussianNoise,22,2.89285714285714,800000,800000,2.4368386268615723,0.05767059326171875,0.9266758865110232,0.9883770606023651,0.9896072280019081,0.14306201382023553,0.007169172601048726,0.00596771789137425,0.775742928260327,0.9066921622815765,0.9373656112837985,0.08465271556623734,0.015053222383368288,0.07244886016396539,0.0,0.0,0.0,0.0,0.5761726348254732,0.4096715565272397,1.035412425345738,0.5761726348254732,0.4096715565272397,8.503782514840675e-14,4.260811270064417e-14,4.253161814337326e-14,1.0,1.0,1.0,6.33483268499069e-17,6.617878751652327e-17,8.268968780108039e-17,1.0,1.0,1.0,1.0,1.0,1.0,1.0,0.9995041340798969,2.0018446170666365e-20,0.0004958528669311137
Caffe_GaussianShifting_1.ply,Caffe.ply,GaussianShifting,23,4.46875,800000,800000,2.517319440841675,0.05614471435546875,0.9957711517557744,0.9997398722530682,0.9997764661969416,0.9492707199338729,0.9559234268838084,0.9539832658891981,0.8812539891775981,0.8602991615074556,0.8821257617819979,0.9518279479192723,0.9640690069974035,0.9198196676599022,1.457212906506271,0.7524284694103851,0.7546565928016354,0.6750528360900064,0.5761726348254732,0.4096715565272397,1.772984174839754,0.9386479192414053,0.7895113768948765,0.5945402353241447,0.3460200285485906,0.13004979114783494,0.9473435149485798,0.9610748419544711,0.19318669576345998,0.9816160143797086,0.980059025006514,0.9438038510312787,0.622434840021845,0.9553245619778238,0.9749901409038786,0.9431517419926897,0.646578108425057,0.18501789642533514,0.17822734414717636,0.7509585876116793,0.1886985108213229,0.0009543744530613085
Caffe_GaussianShifting_2.ply,Caffe.ply,GaussianShifting,23,3.2,800000,800000,2.5720298290252686,0.056636810302734375,0.9919557700023269,0.9995319523718982,0.9995955746467272,0.8862522588917039,0.9095610888156054,0.9062307377664361,0.9199667310166466,0.9028855193950031,0.9260447249960089,0.8921490878256438,0.9138898412883112,0.8372351315072126,2.1031931493926868,1.0773177142251704,1.07326658839594,1.0059532006504859,0.5761726348254732,0.4096715565272397,2.31980552967753,1.199819161532276,1.08747615496095,0.9069818814618382,0.5122208672254424,0.29821569535382636,0.9331604166390075,0.9511030558717849,0.054413552377158884,0.9952918719244689,0.9963858283171669,0.9730420092119944,0.4242611755114699,0.9540435917022041,0.851719768946948,0.8582645941304711,0.4868860035049543,0.05642327612896176,0.04892006306354301,0.633787906186892,0.34461696406379555,0.007276415997343384
Caffe_GaussianShifting_3.ply,Caffe.ply,GaussianShifting,23,3.13333333333333,800000,800000,2.6736018657684326,0.055988311767578125,0.9849984972249446,0.9991631816829338,0.9992660457518793,0.7964022083760047,0.8398178708950705,0.8386319007371766,0.9381247096018447,0.9220629732561526,0.9436462320369144,0.8057555051632633,0.8333302685917873,0.7290365018410059,2.472005942959397,1.2474892374267346,1.2466054990070847,1.2123160440613978,0.5761726348254732,0.4096715565272397,2.657870040361847,1.3596504005816854,1.2750207213211562,1.1430640526841254,0.6361481865802561,0.4278972816807118,0.9317942745717184,0.9311010520906261,0.029939496134005154,0.9985073876500992,0.9968111727451432,0.9795726670273561,0.3462211383518755,0.9041816348479504,0.688967881292984,0.726295360144786,0.4019298394210124,0.03508273844433952,0.027425460934122025,0.5504005961423248,0.4453534086877475,0.03501678888695493
Caffe_GaussianShifting_4.ply,Caffe.ply,GaussianShifting,23,2.39285714285714,800000,800000,2.620455265045166,0.06649398803710938,0.9768292458268266,0.9987264169688584,0.9988864483658026,0.7149498730329098,0.7712142255770572,0.7750979294041407,0.9463138907425148,0.930931723853998,0.9548637899450985,0.7252289148096276,0.7572638531649271,0.6377812826077291,2.7367381554559054,1.379703242323032,1.371520475430367,1.3544608520946784,0.5761726348254732,0.4096715565272397,2.912913071185091,1.4759569700266912,1.4189892417821086,1.3032768724834372,0.719589625700887,0.515075286851846,0.9286108239110611,0.8998658730850766,0.021792917276123577,0.9994158468438794,0.9992708786416485,0.9815104184222914,0.3019746278779369,0.8393544610480669,0.5484599041605059,0.6046390855473571,0.3577808058979667,0.02878474624552882,0.02115037152566438,0.495402147332448,0.5002533180184082,0.09964266137763415
Caffe_GaussianShifting_5.ply,Caffe.ply,GaussianShifting,23,2.25,800000,800000,2.6073601245880127,0.051483154296875,0.9688705386379822,0.9982865124233876,0.9985008352804885,0.6486436520734754,0.7119083241627701,0.7217494859771876,0.9522061971778566,0.9360556702489417,0.9617969413656285,0.6604473728121201,0.6929735831581356,0.5701606485197469,2.97195460042484,1.4942995085952049,1.4915275226271827,1.4709697481957624,0.5761726348254732,0.4096715565272397,3.1352333247206725,1.5913989227260612,1.5269773138370497,1.429037372296198,0.7792477407140882,0.5815284652805162,0.9191291022216355,0.8666218214862066,0.017649679973159745,1.0003136263206902,0.9998624657254577,0.9836809825073908,0.2708673900290663,0.7758188043016349,0.44116542059297453,0.5022521135045882,0.34029909005389664,0.0260289456892011,0.01839879293609488,0.4570132623653825,0.5352340923597112,0.17976231128781447
Caffe_LumaNoise_1.ply,Caffe.ply,LumaNoise,6,4.07142857142857,800000,800000,2.4619107246398926,0.05283355712890625,0.8234146534305602,0.9999984437696646,0.9999506051498098,0.9999410632831208,0.9998383549368614,0.9898157297574146,2.0106209893679944e-06,7.708588274364832e-05,0.008512017458891987,0.9992496982495708,0.9949934602277762,0.9979299300956193,0.0,0.0,0.0,0.0,0.5761726348254732,0.4096715565272397,1.035412425345738,0.5761726348254732,0.4096715565272397,8.503782514840675e-14,4.260811270064417e-14,4.253161814337326e-14,1.0,1.0,1.0,6.33483268499069e-17,6.617878751652327e-17,8.268968780108039e-17,1.0,1.0,1.0,1.0,1.0,1.0,1.0,0.9995041340798969,2.0018446170666365e-20,0.0004958528669311137
Caffe_LumaNoise_3.ply,Caffe.ply,LumaNoise,6,3.10714285714286,800000,800000,2.430835247039795,0.052738189697265625,0.5935275974747525,0.9999605972746293,0.9997490701163724,0.9978225015597058,0.9969611838342203,0.958629741197611,0.00023534225269068656,0.0037203407652007547,0.0416103240918755,0.9926584285164133,0.9830146851879596,0.9892677320395972,0.0,0.0,0.0,0.0,0.5761726348254732,0.4096715565272397,1.035412425345738,0.5761726348254732,0.4096715565272397,8.503782514840675e-14,4.260811270064417e-14,4.253161814337326e-14,1.0,1.0,1.0,6.33483268499069e-17,6.617878751652327e-17,8.268968780108039e-17,1.0,1.0,1.0,1.0,1.0,1.0,1.0,0.9995041340798969,2.0018446170666365e-20,0.0004958528669311137
Caffe_LumaNoise_4.ply,Caffe.ply,LumaNoise,6,2.85714285714286,800000,800000,2.4465324878692627,0.053440093994140625,0.5363118970108076,0.999890440010905,0.9995432244600881,0.9936888354581984,0.9926762010565594,0.936909699730504,0.000888528988677784,0.0076319138263828,0.0647686074246915,0.9872927182054965,0.9734299006887716,0.9814344272924517,0.0,0.0,0.0,0.0,0.5761726348254732,0.4096715565272397,1.035412425345738,0.5761726348254732,0.4096715565272397,8.503782514840675e-14,4.260811270064417e-14,4.253161814337326e-14,1.0,1.0,1.0,6.33483268499069e-17,6.617878751652327e-17,8.268968780108039e-17,1.0,1.0,1.0,1.0,1.0,1.0,1.0,0.9995041340798969,2.0018446170666365e-20,0.0004958528669311137
Caffe_LumaNoise_5.ply,Caffe.ply,LumaNoise,6,2.92857142857143,800000,800000,2.4185023307800293,0.056392669677734375,0.48991325113552736,0.9997430359781236,0.9992970036288266,0.986324453449954,0.9857116735460317,0.9243814377085011,0.0019555675820111416,0.016699691127012663,0.07803337691841732,0.9803834752701219,0.9663046109655861,0.9733649882456836,0.0,0.0,0.0,0.0,0.5761726348254732,0.4096715565272397,1.035412425345738,0.5761726348254732,0.4096715565272397,8.503782514840675e-14,4.260811270064417e-14,4.253161814337326e-14,1.0,1.0,1.0,6.33483268499069e-17,6.617878751652327e-17,8.268968780108039e-17,1.0,1.0,1.0,1.0,1.0,1.0,1.0,0.9995041340798969,2.0018446170666365e-20,0.0004958528669311137
Caffe_LumaNoise_7.ply,Caffe.ply,LumaNoise,6,2.57142857142857,800000,800000,2.45767879486084,0.0513763427734375,0.4201142181948352,0.9981082726968551,0.9963734980286839,0.9219777241744072,0.936722960697541,0.7923607833153956,0.01377187411431048,0.09398005521475823,0.22316225346556942,0.903346476245128,0.9127977752675911,0.8788875562654885,0.0,0.0,0.0,0.0,0.5761726348254732,0.4096715565272397,1.035412425345738,0.5761726348254732,0.4096715565272397,8.503782514840675e-14,4.260811270064417e-14,4.253161814337326e-14,1.0,1.0,1.0,6.33483268499069e-17,6.617878751652327e-17,8.268968780108039e-17,1.0,1.0,1.0,1.0,1.0,1.0,1.0,0.9995041340798969,2.0018446170666365e-20,0.0004958528669311137
CardiganWelshCorgi_ColorNoise_3.ply,CardiganWelshCorgi.ply,ColorNoise,20,4.25,807128,807128,2.7941367626190186,0.05460357666015625,0.9972665430909624,0.9975331421274022,0.9979818476366228,0.531845478108602,0.06322487605031109,0.05210498564330263,0.4019813416720925,0.7945082907827793,0.8165061500509412,0.35012083372763647,0.1057013010964244,0.3005022211413888,0.0,0.0,0.0,0.0,0.15820652605939917,0.3176893071138708,0.4372513041979135,0.15820652605939917,0.3176893071138708,7.723058532889929e-14,3.7664286032029796e-14,4.012918870927114e-14,1.0,1.0,1.0,8.242695789702908e-17,8.647120580813885e-17,8.488780164119345e-17,1.0,1.0,1.0,1.0,1.0,1.0,1.0,0.9999999869654462,7.006035073360264e-20,-4.132626555272774e-17
CardiganWelshCorgi_ColorNoise_4.ply,CardiganWelshCorgi.ply,ColorNoise,20,3.9,807128,807128,2.8153648376464844,0.049686431884765625,0.9957842654164807,0.9962321515245158,0.9968744261012288,0.35211696458244424,0.029873327852042355,0.024554109786423712,0.5488992696416674,0.8459885416317253,0.8632208791772056,0.20501144827649054,0.05412629658317171,0.1613320744717507,0.0,0.0,0.0,0.0,0.15820652605939917,0.3176893071138708,0.4372513041979135,0.15820652605939917,0.3176893071138708,7.723058532889929e-14,3.7664286032029796e-14,4.012918870927114e-14,1.0,1.0,1.0,8.242695789702908e-17,8.647120580813885e-17,8.488780164119345e-17,1.0,1.0,1.0,1.0,1.0,1.0,1.0,0.9999999869654462,7.006035073360264e-20,-4.132626555272774e-17
CardiganWelshCorgi_ColorNoise_5.ply,CardiganWelshCorgi.ply,ColorNoise,20,3.57142857142857,807128,807128,2.7728562355041504,0.057071685791015625,0.9940503103505073,0.9947051698776226,0.9956506319562287,0.23670340459363562,0.01626187457570419,0.013091486856273322,0.650570594738722,0.8718751485814993,0.8881261691525233,0.12682504426717953,0.03076768231978393,0.09349954411439082,0.0,0.0,0.0,0.0,0.15820652605939917,0.3176893071138708,0.4372513041979135,0.15820652605939917,0.3176893071138708,7.723058532889929e-14,3.7664286032029796e-14,4.012918870927114e-14,1.0,1.0,1.0,8.242695789702908e-17,8.647120580813885e-17,8.488780164119345e-17,1.0,1.0,1.0,1.0,1.0,1.0,1.0,0.9999999869654462,7.006035073360264e-20,-4.132626555272774e-17
CardiganWelshCorgi_ColorNoise_6.ply,CardiganWelshCorgi.ply,ColorNoise,20,3.07142857142857,807128,807128,2.721109628677368,0.05617523193359375,0.9921248606836355,0.9931314637431234,0.9943495979607778,0.1633130400557496,0.009730569039710897,0.007925683242567002,0.7219018739681636,0.8922660742723338,0.9025336551185221,0.08316559161656312,0.019074829784313,0.05841582368925282,0.0,0.0,0.0,0.0,0.15820652605939917,0.3176893071138708,0.4372513041979135,0.15820652605939917,0.3176893071138708,7.723058532889929e-14,3.7664286032029796e-14,4.012918870927114e-14,1.0,1.0,1.0,8.242695789702908e-17,8.647120580813885e-17,8.488780164119345e-17,1.0,1.0,1.0,1.0,1.0,1.0,1.0,0.9999999869654462,7.006035073360264e-20,-4.132626555272774e-17
CardiganWelshCorgi_ColorNoise_7.ply,CardiganWelshCorgi.ply,ColorNoise,20,3.0,807128,807128,2.7448794841766357,0.052631378173828125,0.9898817802547766,0.9914697174341371,0.9928419706313183,0.11674282962956696,0.006317760435915655,0.005181418040848655,0.7730155015069063,0.9024671556329236,0.9149140457385185,0.057321539576411576,0.012657778488697927,0.03879646622840971,0.0,0.0,0.0,0.0,0.15820652605939917,0.3176893071138708,0.4372513041979135,0.15820652605939917,0.3176893071138708,7.723058532889929e-14,3.7664286032029796e-14,4.012918870927114e-14,1.0,1.0,1.0,8.242695789702908e-17,8.647120580813885e-17,8.488780164119345e-17,1.0,1.0,1.0,1.0,1.0,1.0,1.0,0.9999999869654462,7.006035073360264e-20,-4.132626555272774e-17
Cat_ColorNoise_3.ply,Cat.ply,ColorNoise,20,4.65625,768316,768316,2.6528711318969727,0.047092437744140625,0.9958799783057459,0.997376753011966,0.9981513251827802,0.7177126015002795,0.21166208057438016,0.2747967730300883,0.25093194720242845,0.6802447369323008,0.625734964074069,0.5722031420191847,0.3308980011682427,0.5351710126615944,0.0,0.0,0.0,0.0,0.1824661762789329,0.33318645565052435,0.47794036531672696,0.1824661762789329,0.33318645565052435,7.629289078066473e-14,3.7620768855342614e-14,3.8693680365508815e-14,1.0,1.0,1.0,7.440929067411355e-17,7.774318641548802e-17,8.161832958609839e-17,1.0,1.0,1.0,1.0,1.0,1.0,1.0,0.9999999869607209,7.405107105419248e-20,-4.0940368816827884e-17
Cat_ColorNoise_4.ply,Cat.ply,ColorNoise,20,4.03571428571429,768316,768316,2.6543118953704834,0.052154541015625,0.9936511342091262,0.9958995014679146,0.9971632035639724,0.5550659027089022,0.1197760913169894,0.1563843800778484,0.38644947539652125,0.7759081217942535,0.7364187167601014,0.3951678041249286,0.2038426762371078,0.34882031024771415,0.0,0.0,0.0,0.0,0.1824661762789329,0.33318645565052435,0.47794036531672696,0.1824661762789329,0.33318645565052435,7.629289078066473e-14,3.7620768855342614e-14,3.8693680365508815e-14,1.0,1.0,1.0,7.440929067411355e-17,7.774318641548802e-17,8.161832958609839e-17,1.0,1.0,1.0,1.0,1.0,1.0,1.0,0.9999999869607209,7.405107105419248e-20,-4.0940368816827884e-17
Cat_ColorNoise_5.ply,Cat.ply,ColorNoise,20,3.71428571428571,768316,768316,2.6149215698242188,0.054134368896484375,0.990917254985409,0.9940910973140236,0.9960327615461722,0.417076759572965,0.0735316723153003,0.09343591647340818,0.49969948174906087,0.8338463937608172,0.8050102126582206,0.2710942262704437,0.13031018066986796,0.22553034529942145,0.0,0.0,0.0,0.0,0.1824661762789329,0.33318645565052435,0.47794036531672696,0.1824661762789329,0.33318645565052435,7.629289078066473e-14,3.7620768855342614e-14,3.8693680365508815e-14,1.0,1.0,1.0,7.440929067411355e-17,7.774318641548802e-17,8.161832958609839e-17,1.0,1.0,1.0,1.0,1.0,1.0,1.0,0.9999999869607209,7.405107105419248e-20,-4.0940368816827884e-17
Cat_ColorNoise_6.ply,Cat.ply,ColorNoise,20,3.43333333333333,768316,768316,2.7134053707122803,0.053173065185546875,0.9877132576372789,0.9917722571324242,0.9947313325151823,0.3140331026962026,0.047704672087499116,0.05929481536704551,0.5909985997668353,0.8715568948162717,0.8481770163006266,0.19000847024103235,0.08705197105484971,0.14995843238967388,0.0,0.0,0.0,0.0,0.1824661762789329,0.33318645565052435,0.47794036531672696,0.1824661762789329,0.33318645565052435,7.629289078066473e-14,3.7620768855342614e-14,3.8693680365508815e-14,1.0,1.0,1.0,7.440929067411355e-17,7.774318641548802e-17,8.161832958609839e-17,1.0,1.0,1.0,1.0,1.0,1.0,1.0,0.9999999869607209,7.405107105419248e-20,-4.0940368816827884e-17
Cat_ColorNoise_7.ply,Cat.ply,ColorNoise,20,3.25,768316,768316,2.62518310546875,0.056324005126953125,0.9841671728186067,0.9890018204896499,0.9933764094898356,0.23859781642547165,0.03297894694331383,0.03949653150375727,0.6610514805461047,0.8966361709073515,0.8788031797499735,0.13700071717762127,0.06084281166101688,0.10330030184630049,0.0,0.0,0.0,0.0,0.1824661762789329,0.33318645565052435,0.47794036531672696,0.1824661762789329,0.33318645565052435,7.629289078066473e-14,3.7620768855342614e-14,3.8693680365508815e-14,1.0,1.0,1.0,7.440929067411355e-17,7.774318641548802e-17,8.161832958609839e-17,1.0,1.0,1.0,1.0,1.0,1.0,1.0,0.9999999869607209,7.405107105419248e-20,-4.0940368816827884e-17
Cat_PoissonNoise_3.ply,Cat.ply,PoissonNoise,8,4.36666666666667,768316,768316,2.6241908073425293,0.047718048095703125,0.8411092592422833,0.9984790636174338,0.9988999703603532,0.8652481766778577,0.37709500205555013,0.4658878078779898,0.12348545424910341,0.5439997320006718,0.46504672787763757,0.7722317210780325,0.5221431497434298,0.7543324695858827,0.0,0.0,0.0,0.0,0.1824661762789329,0.33318645565052435,0.47794036531672696,0.1824661762789329,0.33318645565052435,7.629289078066473e-14,3.7620768855342614e-14,3.8693680365508815e-14,1.0,1.0,1.0,7.440929067411355e-17,7.774318641548802e-17,8.161832958609839e-17,1.0,1.0,1.0,1.0,1.0,1.0,1.0,0.9999999869607209,7.405107105419248e-20,-4.0940368816827884e-17
Cat_PoissonNoise_4.ply,Cat.ply,PoissonNoise,8,4.3,768316,768316,2.667527914047241,0.04290771484375,0.7996333721018132,0.9982563660655204,0.9987550299058313,0.8347735271104385,0.3261784824087088,0.41249808321585374,0.15113148773430032,0.5849217696626002,0.5107097849932951,0.7262851422226907,0.469819248701128,0.7038472020281988,0.0,0.0,0.0,0.0,0.1824661762789329,0.33318645565052435,0.47794036531672696,0.1824661762789329,0.33318645565052435,7.629289078066473e-14,3.7620768855342614e-14,3.8693680365508815e-14,1.0,1.0,1.0,7.440929067411355e-17,7.774318641548802e-17,8.161832958609839e-17,1.0,1.0,1.0,1.0,1.0,1.0,1.0,0.9999999869607209,7.405107105419248e-20,-4.0940368816827884e-17
Cat_PoissonNoise_5.ply,Cat.ply,PoissonNoise,8,3.46428571428571,768316,768316,2.6039845943450928,0.044918060302734375,0.7622663379308751,0.9980515930961497,0.9986068347847299,0.8070753173802567,0.2894745423784919,0.3719444085836516,0.17546750771774985,0.617188587742329,0.5434106188380479,0.6870383061693399,0.429528232952175,0.6607153351600416,0.0,0.0,0.0,0.0,0.1824661762789329,0.33318645565052435,0.47794036531672696,0.1824661762789329,0.33318645565052435,7.629289078066473e-14,3.7620768855342614e-14,3.8693680365508815e-14,1.0,1.0,1.0,7.440929067411355e-17,7.774318641548802e-17,8.161832958609839e-17,1.0,1.0,1.0,1.0,1.0,1.0,1.0,0.9999999869607209,7.405107105419248e-20,-4.0940368816827884e-17
Cat_PoissonNoise_6.ply,Cat.ply,PoissonNoise,8,3.8125,768316,768316,2.613693952560425,0.047664642333984375,0.7284548718095634,0.9978507321405973,0.9984869396903152,0.7816889236001802,0.2615692936422718,0.339535295294136,0.19657339754910114,0.6416476027963588,0.5700406794271079,0.6528296605913916,0.39700952672760975,0.6232079531207004,0.0,0.0,0.0,0.0,0.1824661762789329,0.33318645565052435,0.47794036531672696,0.1824661762789329,0.33318645565052435,7.629289078066473e-14,3.7620768855342614e-14,3.8693680365508815e-14,1.0,1.0,1.0,7.440929067411355e-17,7.774318641548802e-17,8.161832958609839e-17,1.0,1.0,1.0,1.0,1.0,1.0,1.0,0.9999999869607209,7.405107105419248e-20,-4.0940368816827884e-17
Cat_PoissonNoise_7.ply,Cat.ply,PoissonNoise,8,3.32142857142857,768316,768316,2.6834332942962646,0.04555511474609375,0.6976342273480821,0.9977068829736923,0.998345661693656,0.7594657348697801,0.23964255323492187,0.31417723364275185,0.2164645825316728,0.6621171678528531,0.5931826225967521,0.6237196040055133,0.37110583398156155,0.5914258402942758,0.0,0.0,0.0,0.0,0.1824661762789329,0.33318645565052435,0.47794036531672696,0.1824661762789329,0.33318645565052435,7.629289078066473e-14,3.7620768855342614e-14,3.8693680365508815e-14,1.0,1.0,1.0,7.440929067411355e-17,7.774318641548802e-17,8.161832958609839e-17,1.0,1.0,1.0,1.0,1.0,1.0,1.0,0.9999999869607209,7.405107105419248e-20,-4.0940368816827884e-17
CatV1_PoissonNoise_3.ply,CatV1.ply,PoissonNoise,8,3.42857142857143,609363,609363,2.059218168258667,0.0189056396484375,0.7432122026126565,0.998795843052911,0.9986269543822879,0.8919794129668891,0.015231024823065776,0.011742346484226384,0.10087642643848597,0.26403194127750007,0.165077620110791,0.7774748282217195,0.01208838160324676,0.7961090054158927,0.0,0.0,0.0,0.0,0.21969607551223708,0.35574511357463573,0.5361113838210647,0.21969607551223708,0.35574511357463573,7.635951863084817e-14,3.750243021850506e-14,3.866082986491329e-14,1.0,1.0,1.0,6.916399155719907e-17,6.999594366512951e-17,8.094380806686732e-17,1.0,1.0,1.0,1.0,1.0,1.0,1.0,0.9998884482876552,2.4766561254255904e-20,0.00011153867603587468
CatV1_PoissonNoise_4.ply,CatV1.ply,PoissonNoise,8,3.46875,609363,609363,2.0201263427734375,0.034915924072265625,0.6859542229152501,0.9986219018494368,0.9984319926825276,0.8640638757425532,0.01343579481887289,0.010801450791206202,0.12662890676211844,0.267668196238151,0.16670309531705352,0.7293127563661832,0.01141504081582475,0.7438273498412995,0.0,0.0,0.0,0.0,0.21969607551223708,0.35574511357463573,0.5361113838210647,0.21969607551223708,0.35574511357463573,7.635951863084817e-14,3.750243021850506e-14,3.866082986491329e-14,1.0,1.0,1.0,6.916399155719907e-17,6.999594366512951e-17,8.094380806686732e-17,1.0,1.0,1.0,1.0,1.0,1.0,1.0,0.9998884482876552,2.4766561254255904e-20,0.00011153867603587468
CatV1_PoissonNoise_5.ply,CatV1.ply,PoissonNoise,8,3.14285714285714,609363,609363,2.082676887512207,0.042278289794921875,0.637162475830144,0.9984492373228413,0.9982614555601145,0.8394060241595186,0.012137286389930793,0.010143696811551257,0.14859634735463056,0.2709360100318865,0.16741026914396315,0.688495245173639,0.010826328787766785,0.6988391629950295,0.0,0.0,0.0,0.0,0.21969607551223708,0.35574511357463573,0.5361113838210647,0.21969607551223708,0.35574511357463573,7.635951863084817e-14,3.750243021850506e-14,3.866082986491329e-14,1.0,1.0,1.0,6.916399155719907e-17,6.999594366512951e-17,8.094380806686732e-17,1.0,1.0,1.0,1.0,1.0,1.0,1.0,0.9998884482876552,2.4766561254255904e-20,0.00011153867603587468
CatV1_PoissonNoise_6.ply,CatV1.ply,PoissonNoise,8,2.96666666666667,609363,609363,2.022665023803711,0.05028533935546875,0.5949851429160761,0.9983192457098575,0.9980920496723239,0.8155550230203884,0.011414799112064167,0.009741621776387564,0.1696820995786981,0.27330556908721787,0.16751405186319662,0.6519617440986046,0.01052416899645893,0.6581153006667212,0.0,0.0,0.0,0.0,0.21969607551223708,0.35574511357463573,0.5361113838210647,0.21969607551223708,0.35574511357463573,7.635951863084817e-14,3.750243021850506e-14,3.866082986491329e-14,1.0,1.0,1.0,6.916399155719907e-17,6.999594366512951e-17,8.094380806686732e-17,1.0,1.0,1.0,1.0,1.0,1.0,1.0,0.9998884482876552,2.4766561254255904e-20,0.00011153867603587468
CatV1_PoissonNoise_7.ply,CatV1.ply,PoissonNoise,8,3.34375,609363,609363,2.0305161476135254,0.04339599609375,0.5581424941059391,0.9981698520405435,0.9979539214152137,0.7935643649027536,0.010733723320615356,0.009415972805986385,0.18829121875957502,0.2745469992636483,0.16886239381211313,0.6202476348954039,0.010187119613493568,0.6224355529445362,0.0,0.0,0.0,0.0,0.21969607551223708,0.35574511357463573,0.5361113838210647,0.21969607551223708,0.35574511357463573,7.635951863084817e-14,3.750243021850506e-14,3.866082986491329e-14,1.0,1.0,1.0,6.916399155719907e-17,6.999594366512951e-17,8.094380806686732e-17,1.0,1.0,1.0,1.0,1.0,1.0,1.0,0.9998884482876552,2.4766561254255904e-20,0.00011153867603587468
Chicken_ColorQuantizationDither_3.ply,Chicken.ply,ColorQuantizationDither,24,4.0,885460,885460,2.9782962799072266,0.10213470458984375,0.9887089860567851,0.9924340055885135,0.9940541190391003,0.6808511653871894,0.31119232305780575,0.372553512017553,0.22551146953255408,0.4657116783511217,0.8005721562077289,0.6855612791215757,0.3666483074053975,0.6360867264499946,0.0,0.0,0.0,0.0,0.2535343642337744,0.35860530011911446,0.574084711241557,0.2535343642337744,0.35860530011911446,7.963710799800316e-14,3.92631455343606e-14,3.9403662946646874e-14,1.0,1.0,1.0,6.629888423055253e-17,6.635294097912714e-17,8.598797846410329e-17,1.0,1.0,1.0,1.0,1.0,1.0,1.0,0.9998887109938894,1.6472151700669978e-20,0.00011127596439165529
Chicken_ColorQuantizationDither_4.ply,Chicken.ply,ColorQuantizationDither,24,3.17857142857143,885460,885460,2.979706048965454,0.055389404296875,0.9824195647118448,0.9912126526017905,0.991725462079721,0.6403127478433869,0.2933707837635027,0.34511306159319394,0.24519327829686044,0.43284209412089314,0.7868196121116582,0.6381072923458783,0.3127139511044148,0.5850201048341762,0.0,0.0,0.0,0.0,0.2535343642337744,0.35860530011911446,0.574084711241557,0.2535343642337744,0.35860530011911446,7.963710799800316e-14,3.92631455343606e-14,3.9403662946646874e-14,1.0,1.0,1.0,6.629888423055253e-17,6.635294097912714e-17,8.598797846410329e-17,1.0,1.0,1.0,1.0,1.0,1.0,1.0,0.9998887109938894,1.6472151700669978e-20,0.00011127596439165529
Chicken_ColorQuantizationDither_5.ply,Chicken.ply,ColorQuantizationDither,24,3.03571428571429,885460,885460,2.9868619441986084,0.05340576171875,0.981073104899588,0.990622193482789,0.9877145858120085,0.5793120988886737,0.26228169545937313,0.275260712868463,0.2810829684938389,0.4422919853348594,0.8499235264932852,0.5824847045717081,0.26737796175048434,0.5289624357550229,0.0,0.0,0.0,0.0,0.2535343642337744,0.35860530011911446,0.574084711241557,0.2535343642337744,0.35860530011911446,7.963710799800316e-14,3.92631455343606e-14,3.9403662946646874e-14,1.0,1.0,1.0,6.629888423055253e-17,6.635294097912714e-17,8.598797846410329e-17,1.0,1.0,1.0,1.0,1.0,1.0,1.0,0.9998887109938894,1.6472151700669978e-20,0.00011127596439165529
Chicken_ColorQuantizationDither_6.ply,Chicken.ply,ColorQuantizationDither,24,2.46428571428571,885460,885460,3.0017201900482178,0.05637359619140625,0.9759770684076097,0.9906399498854549,0.9867349749887883,0.4549370002326601,0.2666725930160919,0.24256740522321957,0.3046021703662509,0.44836136651753994,0.7496352745274604,0.4578259339615863,0.2583514599711918,0.41463429783816963,0.0,0.0,0.0,0.0,0.2535343642337744,0.35860530011911446,0.574084711241557,0.2535343642337744,0.35860530011911446,7.963710799800316e-14,3.92631455343606e-14,3.9403662946646874e-14,1.0,1.0,1.0,6.629888423055253e-17,6.635294097912714e-17,8.598797846410329e-17,1.0,1.0,1.0,1.0,1.0,1.0,1.0,0.9998887109938894,1.6472151700669978e-20,0.00011127596439165529
Chicken_ColorQuantizationDither_7.ply,Chicken.ply,ColorQuantizationDither,24,2.03571428571429,885460,885460,2.9612441062927246,0.054981231689453125,0.9343092151593961,0.9883204049886466,0.9837740311570051,0.19553289411345565,0.07025598643763373,0.23316395828464795,0.23084116680287772,0.46819696860556054,0.4386388790125029,0.1978442718462701,0.2746912777773895,0.1764837635209326,0.0,0.0,0.0,0.0,0.2535343642337744,0.35860530011911446,0.574084711241557,0.2535343642337744,0.35860530011911446,7.963710799800316e-14,3.92631455343606e-14,3.9403662946646874e-14,1.0,1.0,1.0,6.629888423055253e-17,6.635294097912714e-17,8.598797846410329e-17,1.0,1.0,1.0,1.0,1.0,1.0,1.0,0.9998887109938894,1.6472151700669978e-20,0.00011127596439165529
Chicken_QuantizationNoise_1.ply,Chicken.ply,QuantizationNoise,11,3.96428571428571,885460,885460,2.9456377029418945,0.058567047119140625,0.9506568899746564,0.9943535804393773,0.9967459450068874,0.7543563598731551,0.193815883034511,0.25940822383469964,0.1418425604041009,0.6957942785834794,0.675649983920277,0.6983925338217856,0.34634953542708463,0.6761976381467482,0.0,0.0,0.0,0.0,0.2535343642337744,0.35860530011911446,0.574084711241557,0.2535343642337744,0.35860530011911446,7.963710799800316e-14,3.92631455343606e-14,3.9403662946646874e-14,1.0,1.0,1.0,6.629888423055253e-17,6.635294097912714e-17,8.598797846410329e-17,1.0,1.0,1.0,1.0,1.0,1.0,1.0,0.9998887109938894,1.6472151700669978e-20,0.00011127596439165529
Chicken_QuantizationNoise_3.ply,Chicken.ply,QuantizationNoise,11,3.85714285714286,885460,885460,2.9979231357574463,0.053806304931640625,0.9386421133923667,0.9923719785941405,0.9959537957994832,0.6532306345277903,0.12291791825270039,0.2045058726418597,0.17728477952040125,0.7327662004612817,0.7107028241408484,0.5921117271829984,0.27150276988492406,0.5654988750293791,0.0,0.0,0.0,0.0,0.2535343642337744,0.35860530011911446,0.574084711241557,0.2535343642337744,0.35860530011911446,7.963710799800316e-14,3.92631455343606e-14,3.9403662946646874e-14,1.0,1.0,1.0,6.629888423055253e-17,6.635294097912714e-17,8.598797846410329e-17,1.0,1.0,1.0,1.0,1.0,1.0,1.0,0.9998887109938894,1.6472151700669978e-20,0.00011127596439165529
Chicken_QuantizationNoise_4.ply,Chicken.ply,QuantizationNoise,11,3.6,885460,885460,2.992201089859009,0.0554046630859375,0.9014038738256355,0.9873431863902206,0.9938846171593414,0.5036209534582815,0.08252295994406102,0.16373412783366126,0.2140341341498623,0.7574873731208839,0.7126671187121177,0.46298336084912023,0.2087698379659491,0.4308925047598655,0.0,0.0,0.0,0.0,0.2535343642337744,0.35860530011911446,0.574084711241557,0.2535343642337744,0.35860530011911446,7.963710799800316e-14,3.92631455343606e-14,3.9403662946646874e-14,1.0,1.0,1.0,6.629888423055253e-17,6.635294097912714e-17,8.598797846410329e-17,1.0,1.0,1.0,1.0,1.0,1.0,1.0,0.9998887109938894,1.6472151700669978e-20,0.00011127596439165529
Chicken_QuantizationNoise_5.ply,Chicken.ply,QuantizationNoise,11,3.63333333333333,885460,885460,3.0239195823669434,0.05413055419921875,0.9014038738256355,0.9873431863902206,0.9938846171593414,0.5036209534582815,0.08252295994406102,0.16373412783366126,0.2140341341498623,0.7574873731208839,0.7126671187121177,0.46298336084912023,0.2087698379659491,0.4308925047598655,0.0,0.0,0.0,0.0,0.2535343642337744,0.35860530011911446,0.574084711241557,0.2535343642337744,0.35860530011911446,7.963710799800316e-14,3.92631455343606e-14,3.9403662946646874e-14,1.0,1.0,1.0,6.629888423055253e-17,6.635294097912714e-17,8.598797846410329e-17,1.0,1.0,1.0,1.0,1.0,1.0,1.0,0.9998887109938894,1.6472151700669978e-20,0.00011127596439165529
Chicken_QuantizationNoise_7.ply,Chicken.ply,QuantizationNoise,11,3.16666666666667,885460,885460,2.9789950847625732,0.0590972900390625,0.8325542175867094,0.9742538348415599,0.9911359633900358,0.34120161844759916,0.04942296469520072,0.15156496485312834,0.23365261978110494,0.6702639697901976,0.6784222126112065,0.3006348693743334,0.1599606154169407,0.26367967132554504,0.0,0.0,0.0,0.0,0.2535343642337744,0.35860530011911446,0.574084711241557,0.2535343642337744,0.35860530011911446,7.963710799800316e-14,3.92631455343606e-14,3.9403662946646874e-14,1.0,1.0,1.0,6.629888423055253e-17,6.635294097912714e-17,8.598797846410329e-17,1.0,1.0,1.0,1.0,1.0,1.0,1.0,0.9998887109938894,1.6472151700669978e-20,0.00011127596439165529
crabV2_ColorQuantizationDither_3.ply,crabV2.ply,ColorQuantizationDither,24,4.25,728953,728953,2.405221939086914,0.020359039306640625,0.986854674372854,0.9833925216185878,0.9901308479377358,0.7488636282667221,0.37376923954722613,0.35449672679146416,0.2234704942217396,0.8017616803776949,0.7418678477426882,0.7378436304991747,0.44886445827603116,0.7003098895094844,0.0,0.0,0.0,0.0,0.23208670957982927,0.5119320326060993,0.6985208234307227,0.23208670957982927,0.5119320326060993,7.87497813103671e-14,3.9492717269838305e-14,3.8688886021558144e-14,1.0,1.0,1.0,8.416852901032398e-17,8.737220591972058e-17,8.102300601535613e-17,1.0,1.0,1.0,1.0,1.0,1.0,1.0,0.9999542705822785,1.2688843199976646e-19,4.5716375605699356e-05
crabV2_ColorQuantizationDither_4.ply,crabV2.ply,ColorQuantizationDither,24,3.32142857142857,728953,728953,2.3664867877960205,0.050136566162109375,0.9838619019835646,0.979683511798158,0.9872437662906408,0.6646282803010002,0.3453307310210253,0.38258949053536606,0.2614539670498627,0.6905579275640671,0.7721206672452354,0.6624347314374929,0.41351438102732613,0.6176708979477153,0.0,0.0,0.0,0.0,0.23208670957982927,0.5119320326060993,0.6985208234307227,0.23208670957982927,0.5119320326060993,7.87497813103671e-14,3.9492717269838305e-14,3.8688886021558144e-14,1.0,1.0,1.0,8.416852901032398e-17,8.737220591972058e-17,8.102300601535613e-17,1.0,1.0,1.0,1.0,1.0,1.0,1.0,0.9999542705822785,1.2688843199976646e-19,4.5716375605699356e-05
crabV2_ColorQuantizationDither_5.ply,crabV2.ply,ColorQuantizationDither,24,2.96666666666667,728953,728953,2.3830606937408447,0.052188873291015625,0.9837331281438348,0.9767810676604421,0.9834841182898354,0.6274598228997503,0.3172639084135599,0.3891539998766095,0.2891976767422406,0.6790696832272314,0.7931774870733528,0.6357864631069728,0.426503310267909,0.5881717245711591,0.0,0.0,0.0,0.0,0.23208670957982927,0.5119320326060993,0.6985208234307227,0.23208670957982927,0.5119320326060993,7.87497813103671e-14,3.9492717269838305e-14,3.8688886021558144e-14,1.0,1.0,1.0,8.416852901032398e-17,8.737220591972058e-17,8.102300601535613e-17,1.0,1.0,1.0,1.0,1.0,1.0,1.0,0.9999542705822785,1.2688843199976646e-19,4.5716375605699356e-05
crabV2_ColorQuantizationDither_6.ply,crabV2.ply,ColorQuantizationDither,24,2.28571428571429,728953,728953,2.4271552562713623,0.049591064453125,0.9708551477844446,0.9763729426809648,0.9837078901559176,0.4900657231730103,0.29516683771992824,0.35047242083641655,0.30989428732655544,0.6571200341683049,0.7109949725285458,0.49762160018378554,0.39000303887774485,0.4527853766870217,0.0,0.0,0.0,0.0,0.23208670957982927,0.5119320326060993,0.6985208234307227,0.23208670957982927,0.5119320326060993,7.87497813103671e-14,3.9492717269838305e-14,3.8688886021558144e-14,1.0,1.0,1.0,8.416852901032398e-17,8.737220591972058e-17,8.102300601535613e-17,1.0,1.0,1.0,1.0,1.0,1.0,1.0,0.9999542705822785,1.2688843199976646e-19,4.5716375605699356e-05
crabV2_ColorQuantizationDither_7.ply,crabV2.ply,ColorQuantizationDither,24,2.17857142857143,728953,728953,2.3798470497131348,0.05438232421875,0.9284357207379147,0.9756255817679321,0.9817142703699501,0.24456168008388537,0.2614277367575983,0.09486147938191464,0.29763289185150327,0.5906007954104512,0.0,0.2489434033556707,0.13010880497394167,0.2186449437309737,0.0,0.0,0.0,0.0,0.23208670957982927,0.5119320326060993,0.6985208234307227,0.23208670957982927,0.5119320326060993,7.87497813103671e-14,3.9492717269838305e-14,3.8688886021558144e-14,1.0,1.0,1.0,8.416852901032398e-17,8.737220591972058e-17,8.102300601535613e-17,1.0,1.0,1.0,1.0,1.0,1.0,1.0,0.9999542705822785,1.2688843199976646e-19,4.5716375605699356e-05
dancer_lossless-geom-nearlossless-attrs_3.ply,dancer.ply,lossless-geom-nearlossless-attrs,9,4.89285714285714,803019,803019,2.9325292110443115,0.06691360473632812,0.9960978805250098,0.9986638895232268,0.9986798706155494,0.8601304182865979,0.6168609337046201,0.628848034271549,0.18344185341947306,0.4692320542879689,0.6982071354027323,0.9024860218976086,0.7226292039342579,0.8114334121639191,0.0,0.0,0.0,0.0,0.32038409120943273,0.5757807406022387,0.8194764482704477,0.32038409120943273,0.5757807406022387,9.187015280638283e-14,4.473088734504988e-14,4.8286385912499986e-14,1.0,1.0,1.0,9.280025714055509e-17,9.062580026842723e-17,8.109989679898689e-17,1.0,1.0,1.0,1.0,1.0,1.0,1.0,0.9998343280436424,-9.19591671187904e-21,0.0001656589083077721
dancer_lossless-geom-nearlossless-attrs_4.ply,dancer.ply,lossless-geom-nearlossless-attrs,9,4.66666666666667,803019,803019,2.8956377506256104,0.051727294921875,0.9884893567531401,0.9968859835232814,0.997343977879027,0.7120298440546378,0.4889367017636278,0.44781829599858014,0.3566372342817582,0.5919681284703359,0.7441656872297479,0.7824662956694921,0.5863902469185246,0.6728172955606994,0.0,0.0,0.0,0.0,0.32038409120943273,0.5757807406022387,0.8194764482704477,0.32038409120943273,0.5757807406022387,9.187015280638283e-14,4.473088734504988e-14,4.8286385912499986e-14,1.0,1.0,1.0,9.280025714055509e-17,9.062580026842723e-17,8.109989679898689e-17,1.0,1.0,1.0,1.0,1.0,1.0,1.0,0.9998343280436424,-9.19591671187904e-21,0.0001656589083077721
dancer_lossless-geom-nearlossless-attrs_5.ply,dancer.ply,lossless-geom-nearlossless-attrs,9,3.71428571428571,803019,803019,2.9118106365203857,0.051944732666015625,0.9666993331763303,0.9938185893919448,0.9958723285457907,0.5040196491255019,0.3635039796855586,0.2667898692974769,0.5703447643777805,0.5981147866753928,0.5302637407653628,0.5631689995043002,0.40683393666277196,0.45603236076824616,0.0,0.0,0.0,0.0,0.32038409120943273,0.5757807406022387,0.8194764482704477,0.32038409120943273,0.5757807406022387,9.187015280638283e-14,4.473088734504988e-14,4.8286385912499986e-14,1.0,1.0,1.0,9.280025714055509e-17,9.062580026842723e-17,8.109989679898689e-17,1.0,1.0,1.0,1.0,1.0,1.0,1.0,0.9998343280436424,-9.19591671187904e-21,0.0001656589083077721
dancer_lossless-geom-nearlossless-attrs_6.ply,dancer.ply,lossless-geom-nearlossless-attrs,9,2.78571428571429,803019,803019,2.886338233947754,0.049983978271484375,0.9131346618318391,0.9903666687351674,0.9939932364250497,0.3818031755316765,0.261249026346674,0.16325528181614388,0.717200898441943,0.480913365994968,0.336982673218863,0.4162041558065554,0.27812630830784807,0.31301654768011017,0.0,0.0,0.0,0.0,0.32038409120943273,0.5757807406022387,0.8194764482704477,0.32038409120943273,0.5757807406022387,9.187015280638283e-14,4.473088734504988e-14,4.8286385912499986e-14,1.0,1.0,1.0,9.280025714055509e-17,9.062580026842723e-17,8.109989679898689e-17,1.0,1.0,1.0,1.0,1.0,1.0,1.0,0.9998343280436424,-9.19591671187904e-21,0.0001656589083077721
dancer_lossless-geom-nearlossless-attrs_7.ply,dancer.ply,lossless-geom-nearlossless-attrs,9,1.42857142857143,803019,803019,2.8510360717773438,0.04648590087890625,0.808284275793339,0.9776356550919066,0.9921247643631761,0.25196371400136147,0.21977696564515822,0.12056995925257158,0.8323930316593846,0.5105494334129218,0.2588013129365423,0.2861296305756549,0.18549870884823033,0.192526170062272,0.0,0.0,0.0,0.0,0.32038409120943273,0.5757807406022387,0.8194764482704477,0.32038409120943273,0.5757807406022387,9.187015280638283e-14,4.473088734504988e-14,4.8286385912499986e-14,1.0,1.0,1.0,9.280025714055509e-17,9.062580026842723e-17,8.109989679898689e-17,1.0,1.0,1.0,1.0,1.0,1.0,1.0,0.9998343280436424,-9.19591671187904e-21,0.0001656589083077721
dancer_losslessG-limitlossyA_3.ply,dancer.ply,losslessG-limitlossyA,10,4.89285714285714,803019,803019,2.9666731357574463,0.15157699584960938,0.9985240915577955,0.9992186897732135,0.9992464762132713,0.879946810826481,0.4551161069654558,0.3579361335535716,0.10249861590634314,0.4289430975727463,0.6215848791776969,0.8171066508931317,0.4946643039623562,0.7795904895180426,0.0,0.0,0.0,0.0,0.32038409120943273,0.5757807406022387,0.8194764482704477,0.32038409120943273,0.5757807406022387,9.187015280638283e-14,4.473088734504988e-14,4.8286385912499986e-14,1.0,1.0,1.0,9.280025714055509e-17,9.062580026842723e-17,8.109989679898689e-17,1.0,1.0,1.0,1.0,1.0,1.0,1.0,0.9998343280436424,-9.19591671187904e-21,0.0001656589083077721
dancer_losslessG-limitlossyA_4.ply,dancer.ply,losslessG-limitlossyA,10,4.46428571428571,803019,803019,2.941249370574951,0.12210845947265625,0.9948968821484631,0.9980033940762975,0.9979359465157984,0.7492489905203977,0.2824088167658446,0.20158566692140123,0.23578079882127162,0.5925489785003409,0.7667770323159698,0.6770032100352372,0.33659343909765166,0.6249557560499477,0.0,0.0,0.0,0.0,0.32038409120943273,0.5757807406022387,0.8194764482704477,0.32038409120943273,0.5757807406022387,9.187015280638283e-14,4.473088734504988e-14,4.8286385912499986e-14,1.0,1.0,1.0,9.280025714055509e-17,9.062580026842723e-17,8.109989679898689e-17,1.0,1.0,1.0,1.0,1.0,1.0,1.0,0.9998343280436424,-9.19591671187904e-21,0.0001656589083077721
dancer_losslessG-limitlossyA_5.ply,dancer.ply,losslessG-limitlossyA,10,3.92857142857143,803019,803019,2.992929697036743,0.10172271728515625,0.983013893128075,0.9934546284272948,0.9932988399911128,0.5489645862271213,0.17880563892413126,0.13911246860807164,0.38850335235414574,0.688200389654062,0.8050063767265389,0.5100196752859544,0.24348204797236356,0.4518322129119286,0.0,0.0,0.0,0.0,0.32038409120943273,0.5757807406022387,0.8194764482704477,0.32038409120943273,0.5757807406022387,9.187015280638283e-14,4.473088734504988e-14,4.8286385912499986e-14,1.0,1.0,1.0,9.280025714055509e-17,9.062580026842723e-17,8.109989679898689e-17,1.0,1.0,1.0,1.0,1.0,1.0,1.0,0.9998343280436424,-9.19591671187904e-21,0.0001656589083077721
dancer_losslessG-limitlossyA_6.ply,dancer.ply,losslessG-limitlossyA,10,3.36666666666667,803019,803019,2.949118137359619,0.07465362548828125,0.9714087622127432,0.9889493596401563,0.989009664445017,0.4382912605143233,0.1492824914998377,0.13192973646456846,0.43106775817113874,0.6765350739445747,0.7639813902064913,0.41529630361596276,0.21115956986296758,0.3600950946579686,0.0,0.0,0.0,0.0,0.32038409120943273,0.5757807406022387,0.8194764482704477,0.32038409120943273,0.5757807406022387,9.187015280638283e-14,4.473088734504988e-14,4.8286385912499986e-14,1.0,1.0,1.0,9.280025714055509e-17,9.062580026842723e-17,8.109989679898689e-17,1.0,1.0,1.0,1.0,1.0,1.0,1.0,0.9998343280436424,-9.19591671187904e-21,0.0001656589083077721
dancer_losslessG-limitlossyA_7.ply,dancer.ply,losslessG-limitlossyA,10,3.0,803019,803019,2.9918324947357178,0.05777740478515625,0.9573015312719314,0.982748769229682,0.9827565540074678,0.3483097883229164,0.12538866569026383,0.11279863826372316,0.43673464006122764,0.6148235785531806,0.6784356646948544,0.32900900532966104,0.18390468527785733,0.2821667779300951,0.0,0.0,0.0,0.0,0.32038409120943273,0.5757807406022387,0.8194764482704477,0.32038409120943273,0.5757807406022387,9.187015280638283e-14,4.473088734504988e-14,4.8286385912499986e-14,1.0,1.0,1.0,9.280025714055509e-17,9.062580026842723e-17,8.109989679898689e-17,1.0,1.0,1.0,1.0,1.0,1.0,1.0,0.9998343280436424,-9.19591671187904e-21,0.0001656589083077721
dancer_QuantizationNoise_1.ply,dancer.ply,QuantizationNoise,11,3.89285714285714,803019,803019,2.8969967365264893,0.0487518310546875,0.9356649588017866,0.9963875670158548,0.9970006123084373,0.4865909332914055,0.22550865949681442,0.17605163494325118,0.22693286220681455,0.48015187085800587,0.6184686394465105,0.4722582673163049,0.2974623898426425,0.41506908967162737,0.0,0.0,0.0,0.0,0.32038409120943273,0.5757807406022387,0.8194764482704477,0.32038409120943273,0.5757807406022387,9.187015280638283e-14,4.473088734504988e-14,4.8286385912499986e-14,1.0,1.0,1.0,9.280025714055509e-17,9.062580026842723e-17,8.109989679898689e-17,1.0,1.0,1.0,1.0,1.0,1.0,1.0,0.9998343280436424,-9.19591671187904e-21,0.0001656589083077721
dancer_QuantizationNoise_3.ply,dancer.ply,QuantizationNoise,11,3.57142857142857,803019,803019,2.9387121200561523,0.053974151611328125,0.839076988442804,0.9943266775930651,0.9957933780090018,0.3644277769319687,0.16055786132280778,0.11955924209725277,0.21870029423196538,0.4793072775866302,0.5722346697416146,0.3472703319938315,0.21911596668330513,0.303158999007257,0.0,0.0,0.0,0.0,0.32038409120943273,0.5757807406022387,0.8194764482704477,0.32038409120943273,0.5757807406022387,9.187015280638283e-14,4.473088734504988e-14,4.8286385912499986e-14,1.0,1.0,1.0,9.280025714055509e-17,9.062580026842723e-17,8.109989679898689e-17,1.0,1.0,1.0,1.0,1.0,1.0,1.0,0.9998343280436424,-9.19591671187904e-21,0.0001656589083077721
dancer_QuantizationNoise_4.ply,dancer.ply,QuantizationNoise,11,3.35714285714286,803019,803019,2.909991502761841,0.05573272705078125,0.7138239993496855,0.9919588914254672,0.9945979697813508,0.28011481960308293,0.1238901478907148,0.09712275740623288,0.20207168674722756,0.4267178481248263,0.4944301338951072,0.251639650666448,0.1749135566664539,0.21822623566375726,0.0,0.0,0.0,0.0,0.32038409120943273,0.5757807406022387,0.8194764482704477,0.32038409120943273,0.5757807406022387,9.187015280638283e-14,4.473088734504988e-14,4.8286385912499986e-14,1.0,1.0,1.0,9.280025714055509e-17,9.062580026842723e-17,8.109989679898689e-17,1.0,1.0,1.0,1.0,1.0,1.0,1.0,0.9998343280436424,-9.19591671187904e-21,0.0001656589083077721
dancer_QuantizationNoise_5.ply,dancer.ply,QuantizationNoise,11,3.3125,803019,803019,2.91607666015625,0.053707122802734375,0.7138239993496855,0.9919588914254672,0.9945979697813508,0.28011481960308293,0.1238901478907148,0.09712275740623288,0.20207168674722756,0.4267178481248263,0.4944301338951072,0.251639650666448,0.1749135566664539,0.21822623566375726,0.0,0.0,0.0,0.0,0.32038409120943273,0.5757807406022387,0.8194764482704477,0.32038409120943273,0.5757807406022387,9.187015280638283e-14,4.473088734504988e-14,4.8286385912499986e-14,1.0,1.0,1.0,9.280025714055509e-17,9.062580026842723e-17,8.109989679898689e-17,1.0,1.0,1.0,1.0,1.0,1.0,1.0,0.9998343280436424,-9.19591671187904e-21,0.0001656589083077721
dancer_QuantizationNoise_7.ply,dancer.ply,QuantizationNoise,11,2.93333333333333,803019,803019,2.8902974128723145,0.0532989501953125,0.5282187209687969,0.9894121370804386,0.9920141280372674,0.16806253161694581,0.09294408806887074,0.05074418779076811,0.12649502716606656,0.2854076270847815,0.31428946188617435,0.13556920833599154,0.1184989233325802,0.11574798569553972,0.0,0.0,0.0,0.0,0.32038409120943273,0.5757807406022387,0.8194764482704477,0.32038409120943273,0.5757807406022387,9.187015280638283e-14,4.473088734504988e-14,4.8286385912499986e-14,1.0,1.0,1.0,9.280025714055509e-17,9.062580026842723e-17,8.109989679898689e-17,1.0,1.0,1.0,1.0,1.0,1.0,1.0,0.9998343280436424,-9.19591671187904e-21,0.0001656589083077721
DobermanPinscher_ContrastDistortion_1.ply,DobermanPinscher.ply,ContrastDistortion,21,3.82142857142857,722240,722240,2.6404104232788086,0.1438140869140625,0.8319617839763966,0.9902029456764668,0.990999012914822,0.6004096751080079,0.39894948271782976,0.48028582922274077,0.0053857417788938326,0.12801339167858222,0.07814060631104044,0.5875990321970517,0.4402906483556451,0.4520209102286074,0.0,0.0,0.0,0.0,0.1884196221983707,0.3510503898812426,0.5018090234338651,0.1884196221983707,0.3510503898812426,7.943914446322943e-14,3.9535557728022267e-14,4.1162370768905395e-14,1.0,1.0,1.0,7.382271077997427e-17,7.746079826904415e-17,8.375699101721579e-17,1.0,1.0,1.0,1.0,1.0,1.0,1.0,0.9999539337317886,1.329363481636459e-19,4.605323754255657e-05
DobermanPinscher_ContrastDistortion_2.ply,DobermanPinscher.ply,ContrastDistortion,21,3.17857142857143,722240,722240,2.579669713973999,0.0976715087890625,0.6759943920910793,0.980364115243981,0.981117376538181,0.3280071619054813,0.2517592252095542,0.26406448791958176,0.007457450634216482,0.09811807642877401,0.14255972553033405,0.3263157896822273,0.2730902455245197,0.19862553694111323,0.0,0.0,0.0,0.0,0.1884196221983707,0.3510503898812426,0.5018090234338651,0.1884196221983707,0.3510503898812426,7.943914446322943e-14,3.9535557728022267e-14,4.1162370768905395e-14,1.0,1.0,1.0,7.382271077997427e-17,7.746079826904415e-17,8.375699101721579e-17,1.0,1.0,1.0,1.0,1.0,1.0,1.0,0.9999539337317886,1.329363481636459e-19,4.605323754255657e-05
DobermanPinscher_ContrastDistortion_3.ply,DobermanPinscher.ply,ContrastDistortion,21,2.93333333333333,722240,722240,2.7000977993011475,0.07590103149414062,0.5463391349834971,0.9723207026331779,0.9754605058443049,0.18168553140090132,0.14115935732055315,0.14267522866452448,0.018981213752579003,0.1183009995426271,0.2216493259191489,0.18124011274476795,0.1503944000664958,0.09585193176049508,0.0,0.0,0.0,0.0,0.1884196221983707,0.3510503898812426,0.5018090234338651,0.1884196221983707,0.3510503898812426,7.943914446322943e-14,3.9535557728022267e-14,4.1162370768905395e-14,1.0,1.0,1.0,7.382271077997427e-17,7.746079826904415e-17,8.375699101721579e-17,1.0,1.0,1.0,1.0,1.0,1.0,1.0,0.9999539337317886,1.329363481636459e-19,4.605323754255657e-05
DobermanPinscher_ContrastDistortion_4.ply,DobermanPinscher.ply,ContrastDistortion,21,2.66666666666667,722240,722240,2.582925796508789,0.08263015747070312,0.4423922221677148,0.9698069329490229,0.9708674069529083,0.12529878368915362,0.06861432087493238,0.10691945742070204,0.044879963703768705,0.18903306289668942,0.31241177144497323,0.12265799006052205,0.09788643826596279,0.06738588742557142,0.0,0.0,0.0,0.0,0.1884196221983707,0.3510503898812426,0.5018090234338651,0.1884196221983707,0.3510503898812426,7.943914446322943e-14,3.9535557728022267e-14,4.1162370768905395e-14,1.0,1.0,1.0,7.382271077997427e-17,7.746079826904415e-17,8.375699101721579e-17,1.0,1.0,1.0,1.0,1.0,1.0,1.0,0.9999539337317886,1.329363481636459e-19,4.605323754255657e-05
DobermanPinscher_ContrastDistortion_5.ply,DobermanPinscher.ply,ContrastDistortion,21,2.86666666666667,722240,722240,2.6293888092041016,0.07285308837890625,0.36954843898689477,0.9720116193869897,0.9695776067396344,0.11427541398136065,0.0674295330643991,0.11254186685701557,0.09766348001046406,0.2667791644922996,0.41253818948341753,0.11590213182373035,0.11310790844142976,0.07428433112128847,0.0,0.0,0.0,0.0,0.1884196221983707,0.3510503898812426,0.5018090234338651,0.1884196221983707,0.3510503898812426,7.943914446322943e-14,3.9535557728022267e-14,4.1162370768905395e-14,1.0,1.0,1.0,7.382271077997427e-17,7.746079826904415e-17,8.375699101721579e-17,1.0,1.0,1.0,1.0,1.0,1.0,1.0,0.9999539337317886,1.329363481636459e-19,4.605323754255657e-05
DobermanPinscher_QuantizationNoise_1.ply,DobermanPinscher.ply,QuantizationNoise,11,4.28571428571429,722240,722240,2.666130304336548,0.06307220458984375,0.6572043579982939,0.9950052028696532,0.9938050333682261,0.39258980897885876,0.1738477256958858,0.1180881301133732,0.21930383638889528,0.552726623748793,0.5793352744105316,0.3334900091187808,0.2171644460425703,0.2856700244438091,0.0,0.0,0.0,0.0,0.1884196221983707,0.3510503898812426,0.5018090234338651,0.1884196221983707,0.3510503898812426,7.943914446322943e-14,3.9535557728022267e-14,4.1162370768905395e-14,1.0,1.0,1.0,7.382271077997427e-17,7.746079826904415e-17,8.375699101721579e-17,1.0,1.0,1.0,1.0,1.0,1.0,1.0,0.9999539337317886,1.329363481636459e-19,4.605323754255657e-05
DobermanPinscher_QuantizationNoise_3.ply,DobermanPinscher.ply,QuantizationNoise,11,3.53571428571429,722240,722240,2.6102211475372314,0.06916427612304688,0.6019178643336339,0.9929528349370278,0.9921000095931622,0.2980323159127137,0.15592132001333878,0.1061218350329593,0.21787349110827622,0.5201773484033918,0.5333211217395321,0.25254414333124486,0.2028199213351758,0.20994665956128652,0.0,0.0,0.0,0.0,0.1884196221983707,0.3510503898812426,0.5018090234338651,0.1884196221983707,0.3510503898812426,7.943914446322943e-14,3.9535557728022267e-14,4.1162370768905395e-14,1.0,1.0,1.0,7.382271077997427e-17,7.746079826904415e-17,8.375699101721579e-17,1.0,1.0,1.0,1.0,1.0,1.0,1.0,0.9999539337317886,1.329363481636459e-19,4.605323754255657e-05
DobermanPinscher_QuantizationNoise_4.ply,DobermanPinscher.ply,QuantizationNoise,11,3.78571428571429,722240,722240,2.592029333114624,0.060352325439453125,0.622053745492502,0.9909406238312963,0.989468241842268,0.27977891303492136,0.14233772170236514,0.09048107446120983,0.23319258342836022,0.5287307270082792,0.5556544149388495,0.2459502595937722,0.18639414140953328,0.1995365027906328,0.0,0.0,0.0,0.0,0.1884196221983707,0.3510503898812426,0.5018090234338651,0.1884196221983707,0.3510503898812426,7.943914446322943e-14,3.9535557728022267e-14,4.1162370768905395e-14,1.0,1.0,1.0,7.382271077997427e-17,7.746079826904415e-17,8.375699101721579e-17,1.0,1.0,1.0,1.0,1.0,1.0,1.0,0.9999539337317886,1.329363481636459e-19,4.605323754255657e-05
DobermanPinscher_QuantizationNoise_5.ply,DobermanPinscher.ply,QuantizationNoise,11,3.53571428571429,722240,722240,2.698453903198242,0.06717300415039062,0.622053745492502,0.9909406238312963,0.989468241842268,0.27977891303492136,0.14233772170236514,0.09048107446120983,0.23319258342836022,0.5287307270082792,0.5556544149388495,0.2459502595937722,0.18639414140953328,0.1995365027906328,0.0,0.0,0.0,0.0,0.1884196221983707,0.3510503898812426,0.5018090234338651,0.1884196221983707,0.3510503898812426,7.943914446322943e-14,3.9535557728022267e-14,4.1162370768905395e-14,1.0,1.0,1.0,7.382271077997427e-17,7.746079826904415e-17,8.375699101721579e-17,1.0,1.0,1.0,1.0,1.0,1.0,1.0,0.9999539337317886,1.329363481636459e-19,4.605323754255657e-05
DobermanPinscher_QuantizationNoise_7.ply,DobermanPinscher.ply,QuantizationNoise,11,3.1,722240,722240,2.587282419204712,0.06691741943359375,0.5182915203648931,0.9869016823400508,0.9844422335149573,0.18445778565152748,0.13150477604275418,0.08211091211976766,0.20500768893998586,0.4327024830898627,0.46295165624417645,0.14181968463142974,0.18053073367093164,0.11216842430638407,0.0,0.0,0.0,0.0,0.1884196221983707,0.3510503898812426,0.5018090234338651,0.1884196221983707,0.3510503898812426,7.943914446322943e-14,3.9535557728022267e-14,4.1162370768905395e-14,1.0,1.0,1.0,7.382271077997427e-17,7.746079826904415e-17,8.375699101721579e-17,1.0,1.0,1.0,1.0,1.0,1.0,1.0,0.9999539337317886,1.329363481636459e-19,4.605323754255657e-05
Dolphin_ContrastDistortion_1.ply,Dolphin.ply,ContrastDistortion,21,3.67857142857143,768665,768665,2.952500581741333,0.08197402954101562,0.7860795307976076,0.9790316528953086,0.9768508872615471,0.5374987169547674,0.5332847176018227,0.5209206529186499,0.036732565380930886,0.10069829675660709,0.12636951967825247,0.5347186908410999,0.5184107118817202,0.39046486475259823,0.0,0.0,0.0,0.0,0.20541837326807347,0.3331788809473456,0.49672846125639875,0.20541837326807347,0.3331788809473456,8.833979155749268e-14,4.1083050446141364e-14,4.742807261586979e-14,1.0,1.0,1.0,7.274928323243116e-17,7.642827899476072e-17,8.788329950529052e-17,1.0,1.0,1.0,1.0,1.0,1.0,1.0,0.9998743850995238,2.3241009516959527e-20,0.00012560184216031683
Dolphin_ContrastDistortion_2.ply,Dolphin.ply,ContrastDistortion,21,3.03333333333333,768665,768665,2.878922939300537,0.07366180419921875,0.6350800281038024,0.9550429725430679,0.9420466242026388,0.29806144240219085,0.33073842805199016,0.29133587256310967,0.024648703920384842,0.16152607932877286,0.12834277592594087,0.2830777730632388,0.32944440401457814,0.17878069981090328,0.0,0.0,0.0,0.0,0.20541837326807347,0.3331788809473456,0.49672846125639875,0.20541837326807347,0.3331788809473456,8.833979155749268e-14,4.1083050446141364e-14,4.742807261586979e-14,1.0,1.0,1.0,7.274928323243116e-17,7.642827899476072e-17,8.788329950529052e-17,1.0,1.0,1.0,1.0,1.0,1.0,1.0,0.9998743850995238,2.3241009516959527e-20,0.00012560184216031683
Dolphin_ContrastDistortion_3.ply,Dolphin.ply,ContrastDistortion,21,2.32142857142857,768665,768665,2.925023078918457,0.06953048706054688,0.5424917908271553,0.9600734264647827,0.9315831084176156,0.40744621185092367,0.2710350671904715,0.15804418961692845,0.05062058461742645,0.3910601136945861,0.19143695206620387,0.24034277110748423,0.24526775562949463,0.16316349844140998,0.0,0.0,0.0,0.0,0.20541837326807347,0.3331788809473456,0.49672846125639875,0.20541837326807347,0.3331788809473456,8.833979155749268e-14,4.1083050446141364e-14,4.742807261586979e-14,1.0,1.0,1.0,7.274928323243116e-17,7.642827899476072e-17,8.788329950529052e-17,1.0,1.0,1.0,1.0,1.0,1.0,1.0,0.9998743850995238,2.3241009516959527e-20,0.00012560184216031683
Dolphin_ContrastDistortion_4.ply,Dolphin.ply,ContrastDistortion,21,2.0,768665,768665,2.8886983394622803,0.06919097900390625,0.5103883975615819,0.9735937462142508,0.943550524041889,0.2646859739181443,0.2853005394441884,0.2063376191035384,0.08247073498931978,0.255531890218384,0.13971048188059132,0.16792623406728974,0.32204006518160977,0.12832489002154426,0.0,0.0,0.0,0.0,0.20541837326807347,0.3331788809473456,0.49672846125639875,0.20541837326807347,0.3331788809473456,8.833979155749268e-14,4.1083050446141364e-14,4.742807261586979e-14,1.0,1.0,1.0,7.274928323243116e-17,7.642827899476072e-17,8.788329950529052e-17,1.0,1.0,1.0,1.0,1.0,1.0,1.0,0.9998743850995238,2.3241009516959527e-20,0.00012560184216031683
Dolphin_ContrastDistortion_5.ply,Dolphin.ply,ContrastDistortion,21,1.85714285714286,768665,768665,2.8848960399627686,0.0756072998046875,0.5042193582374598,0.9705195170338219,0.9625873580058432,0.14932216631805917,0.27155264459791767,0.2739438004513483,0.03228490626299951,0.08405922863265781,0.06260933594943364,0.10338019799023627,0.3907161672060857,0.0910588713046908,0.0,0.0,0.0,0.0,0.20541837326807347,0.3331788809473456,0.49672846125639875,0.20541837326807347,0.3331788809473456,8.833979155749268e-14,4.1083050446141364e-14,4.742807261586979e-14,1.0,1.0,1.0,7.274928323243116e-17,7.642827899476072e-17,8.788329950529052e-17,1.0,1.0,1.0,1.0,1.0,1.0,1.0,0.9998743850995238,2.3241009516959527e-20,0.00012560184216031683
Dolphin_RayleighNoise_1.ply,Dolphin.ply,RayleighNoise,25,4.17857142857143,768665,768665,2.9481730461120605,0.07166290283203125,0.9267261653731759,0.9985303197044586,0.9981631062976202,0.20418197549846492,0.029851130498461092,0.027452632659673043,0.6164491109946575,0.6631678167877537,0.6194401187558302,0.14186626786015535,0.0436300039553453,0.10798404911075654,0.0,0.0,0.0,0.0,0.20541837326807347,0.3331788809473456,0.49672846125639875,0.20541837326807347,0.3331788809473456,8.833979155749268e-14,4.1083050446141364e-14,4.742807261586979e-14,1.0,1.0,1.0,7.274928323243116e-17,7.642827899476072e-17,8.788329950529052e-17,1.0,1.0,1.0,1.0,1.0,1.0,1.0,0.9998743850995238,2.3241009516959527e-20,0.00012560184216031683
Dolphin_RayleighNoise_3.ply,Dolphin.ply,RayleighNoise,25,3.42857142857143,768665,768665,2.8990097045898438,0.07387924194335938,0.8091846571946082,0.9958609073786177,0.9950110060281382,0.07515293768960182,0.004307249283114576,0.003942014483405181,0.7654104094583193,0.7191460237741142,0.6662571944052503,0.048468101898366374,0.009028740884937778,0.04015331042869467,0.0,0.0,0.0,0.0,0.20541837326807347,0.3331788809473456,0.49672846125639875,0.20541837326807347,0.3331788809473456,8.833979155749268e-14,4.1083050446141364e-14,4.742807261586979e-14,1.0,1.0,1.0,7.274928323243116e-17,7.642827899476072e-17,8.788329950529052e-17,1.0,1.0,1.0,1.0,1.0,1.0,1.0,0.9998743850995238,2.3241009516959527e-20,0.00012560184216031683
Dolphin_RayleighNoise_4.ply,Dolphin.ply,RayleighNoise,25,3.14285714285714,768665,768665,2.9222891330718994,0.053310394287109375,0.7619534616272645,0.9945596586266169,0.9934438766463091,0.05749719404110289,0.0025613403374656943,0.002325516567904947,0.7907347495273457,0.7260465453881434,0.6714453734719749,0.036171553865614735,0.005896187730887033,0.030395142199561867,0.0,0.0,0.0,0.0,0.20541837326807347,0.3331788809473456,0.49672846125639875,0.20541837326807347,0.3331788809473456,8.833979155749268e-14,4.1083050446141364e-14,4.742807261586979e-14,1.0,1.0,1.0,7.274928323243116e-17,7.642827899476072e-17,8.788329950529052e-17,1.0,1.0,1.0,1.0,1.0,1.0,1.0,0.9998743850995238,2.3241009516959527e-20,0.00012560184216031683
Dolphin_RayleighNoise_5.ply,Dolphin.ply,RayleighNoise,25,2.92857142857143,768665,768665,2.907040596008301,0.072906494140625,0.7211956994668889,0.9934772878067835,0.9919882741015551,0.047483232596639,0.001797336933038907,0.0015927268220854043,0.8063981660757723,0.7302639405209145,0.6748865947286465,0.028989522055974538,0.004348166270077082,0.024427023259831537,0.0,0.0,0.0,0.0,0.20541837326807347,0.3331788809473456,0.49672846125639875,0.20541837326807347,0.3331788809473456,8.833979155749268e-14,4.1083050446141364e-14,4.742807261586979e-14,1.0,1.0,1.0,7.274928323243116e-17,7.642827899476072e-17,8.788329950529052e-17,1.0,1.0,1.0,1.0,1.0,1.0,1.0,0.9998743850995238,2.3241009516959527e-20,0.00012560184216031683
Dolphin_RayleighNoise_7.ply,Dolphin.ply,RayleighNoise,25,2.46428571428571,768665,768665,2.9315502643585205,0.0750579833984375,0.6569807270331208,0.9916627625666995,0.9896265339107404,0.03946708262740928,0.0012752277816011285,0.0010688447303780762,0.8268348894467681,0.7348583235703054,0.6787204055301074,0.022873533553186404,0.003208638176141318,0.01926983957105035,0.0,0.0,0.0,0.0,0.20541837326807347,0.3331788809473456,0.49672846125639875,0.20541837326807347,0.3331788809473456,8.833979155749268e-14,4.1083050446141364e-14,4.742807261586979e-14,1.0,1.0,1.0,7.274928323243116e-17,7.642827899476072e-17,8.788329950529052e-17,1.0,1.0,1.0,1.0,1.0,1.0,1.0,0.9998743850995238,2.3241009516959527e-20,0.00012560184216031683
Dragon_LocalRotation_1.ply,Dragon.ply,LocalRotation,14,3.25,800000,800000,3.0873382091522217,0.17925262451171875,0.9968264049226885,0.9991166790737038,0.999138414255466,0.9706585436072941,0.9739445582284261,0.9755483212376738,0.26654440604683965,0.2695740343343363,0.2673927630724791,0.9745267670667572,0.9764263321376603,0.9674089849358901,3.003657674483822,1.639789414400276,1.7040834967395715,1.140267411830199,0.589834320060627,0.5971769893673822,4.112001529535439,2.2650354712732317,1.6966590713029046,3.1375692462207123,1.7837096137923936,1.1408281703771417,0.9749514061506003,0.973452345163628,0.9518972761323377,0.2934271437922085,0.2903516069844069,0.2263145862400641,0.9665917436589402,0.971413902672987,0.9807196862552486,0.9617840371403911,0.9391423098137444,0.9575235557810254,0.9548239821500618,0.9528164737187855,0.037787128939347915,0.027554738716690286
Dragon_LocalRotation_2.ply,Dragon.ply,LocalRotation,14,3.0625,800000,800000,3.2628188133239746,0.0545654296875,0.9967835954772278,0.9991039625677951,0.9991196014652851,0.9694179875147382,0.9727126587546937,0.9743825461347312,0.2719187561833138,0.2745769469787015,0.27356701602061667,0.9735830412079663,0.9754992741566457,0.9657243213778026,3.0523000345499307,1.6703245931137838,1.7362601099307817,1.1423763614314881,0.589834320060627,0.5971769893673822,4.157779129469391,2.295566394379244,1.6977709148235447,3.1967010800480606,1.8216493843483077,1.1431052187758093,0.9736919011191048,0.9721593450383746,0.9499011822419562,0.2996352100413,0.29747320290940776,0.23107671286157175,0.9652660792569463,0.9700841522083273,0.980701235052679,0.9602159888950572,0.9364606416456865,0.9561766806588061,0.95320528859964,0.9510807041327062,0.0395321415845004,0.027532440599224002
Dragon_LocalRotation_3.ply,Dragon.ply,LocalRotation,14,1.21428571428571,800000,800000,2.8487253189086914,0.07490158081054688,0.9872890960297047,0.9963715324056217,0.9975631606978359,0.9268310917864252,0.9328890713862696,0.939635615024903,0.33148270831293597,0.3331369426068974,0.3322662748813636,0.9339883074196378,0.9399394670327824,0.9216659083248595,11.862277435086444,6.565053089377593,6.598503209415869,4.519466069077174,0.589834320060627,0.5971769893673822,12.88980483382535,7.119783304024264,5.026547054090184,12.06874457646134,6.700859135988259,4.5002947002663705,0.9474731564998569,0.9441789833685337,0.8897047113213474,0.3585798102354983,0.3557722120259337,0.2890492453423944,0.9214305662630905,0.9371484565603065,0.9440904830210339,0.9152251375664486,0.8868293013739839,0.899675140648646,0.8947673159384733,0.911217366224169,0.08431210561847256,0.06537590054569593
Dragon_LocalRotation_4.ply,Dragon.ply,LocalRotation,14,1.13333333333333,800000,800000,2.9645750522613525,0.07227706909179688,0.97578130386342,0.9945804983117479,0.9942440791884751,0.8246015593027783,0.8399022907518174,0.8409634814992114,0.4993063199314738,0.5008499162727249,0.49927337108944997,0.842327298057729,0.855545972362324,0.8038019655443234,29.852922342203087,16.99058791111559,16.776533391224405,10.30287644500146,0.589834320060627,0.5971769893673822,30.638930300544565,17.177145422762152,10.6595644422493,30.549905043095528,17.16477597892717,10.451519870071062,0.8484314143366883,0.8372876671856334,0.6946531286142882,0.5232693717498446,0.5206670699126555,0.4545368534583635,0.7768646077416439,0.811897918769889,0.8615961938462532,0.7704272044212582,0.7162370681264887,0.7238359021048333,0.7111289413479227,0.7748319030118485,0.2236733167016868,0.16774357385252256
Dragon_LocalRotation_5.ply,Dragon.ply,LocalRotation,14,1.0,800000,800000,3.0525405406951904,0.078033447265625,0.9666878555375309,0.9932328891303814,0.9916679355225047,0.7424376725078801,0.7698232527391075,0.7660976031711744,0.6286187702701073,0.6313146669914996,0.6277948885580448,0.7686373135490457,0.7886162849647453,0.7086787959512172,41.04351285876423,23.537108537638396,23.25929068241004,13.723218655654634,0.589834320060627,0.5971769893673822,41.645345063292375,23.57113726289629,13.967298292352863,42.046413789527925,23.757360204017232,14.134528060124266,0.7660486573634335,0.7501588458650653,0.5495537811083137,0.6493195618221382,0.6481945862406912,0.5797529851610049,0.665647328012447,0.7145575899972189,0.8099743063975715,0.6642659505460606,0.5844722040148942,0.5963686358618259,0.5766546356234007,0.6717153061937361,0.3275469080759235,0.2368918148337329
Duck_CorrelatedGaussianNoise_1.ply,Duck.ply,CorrelatedGaussianNoise,22,4.78571428571429,800000,800000,2.569577932357788,0.07745742797851562,0.9962339803146301,0.9963131595506607,0.9977597960041703,0.6095698877912826,0.39502010113475183,0.3050507696202747,0.3674017808255201,0.5277940517844252,0.6220776109843091,0.5725471382141909,0.3837495594477637,0.5296321143226055,0.0,0.0,0.0,0.0,0.6826403038807464,0.42976754656708666,1.1925351002934288,0.6826403038807464,0.42976754656708666,6.986532831845814e-14,3.64459377016584e-14,3.171644296021501e-14,1.0,1.0,1.0,8.574709131207336e-17,6.546070834248123e-17,7.655334516826489e-17,1.0,1.0,1.0,1.0,1.0,1.0,1.0,0.9996033539370097,4.892790201512302e-20,0.00039663302630997863
Duck_CorrelatedGaussianNoise_2.ply,Duck.ply,CorrelatedGaussianNoise,22,3.82142857142857,800000,800000,2.592513084411621,0.07371902465820312,0.9917841310124196,0.9920820433041216,0.9955576177880733,0.4234893615570871,0.19774748462707015,0.14885805030596636,0.5417526415757925,0.7096853505870091,0.7701564042099954,0.3477687305279048,0.19739642569905394,0.3060906234182916,0.0,0.0,0.0,0.0,0.6826403038807464,0.42976754656708666,1.1925351002934288,0.6826403038807464,0.42976754656708666,6.986532831845814e-14,3.64459377016584e-14,3.171644296021501e-14,1.0,1.0,1.0,8.574709131207336e-17,6.546070834248123e-17,7.655334516826489e-17,1.0,1.0,1.0,1.0,1.0,1.0,1.0,0.9996033539370097,4.892790201512302e-20,0.00039663302630997863
Duck_CorrelatedGaussianNoise_3.ply,Duck.ply,CorrelatedGaussianNoise,22,3.53125,800000,800000,2.5573511123657227,0.05225372314453125,0.9866979818066495,0.9878219194901439,0.9933918329080875,0.31687505465767424,0.11882035061706538,0.0887160834624237,0.6430111382652817,0.7946400565093424,0.8377686421978691,0.23496230904251766,0.12117528485266288,0.1992170399224841,0.0,0.0,0.0,0.0,0.6826403038807464,0.42976754656708666,1.1925351002934288,0.6826403038807464,0.42976754656708666,6.986532831845814e-14,3.64459377016584e-14,3.171644296021501e-14,1.0,1.0,1.0,8.574709131207336e-17,6.546070834248123e-17,7.655334516826489e-17,1.0,1.0,1.0,1.0,1.0,1.0,1.0,0.9996033539370097,4.892790201512302e-20,0.00039663302630997863
Duck_CorrelatedGaussianNoise_4.ply,Duck.ply,CorrelatedGaussianNoise,22,3.21428571428571,800000,800000,2.574815273284912,0.06512832641601562,0.980624511582,0.9829604980275528,0.991191725919234,0.2489882849880948,0.08051868054235595,0.06004731736950202,0.7102717965104686,0.8418539848374264,0.8743307855990676,0.17151253660687518,0.08346826382049355,0.14112221995004676,0.0,0.0,0.0,0.0,0.6826403038807464,0.42976754656708666,1.1925351002934288,0.6826403038807464,0.42976754656708666,6.986532831845814e-14,3.64459377016584e-14,3.171644296021501e-14,1.0,1.0,1.0,8.574709131207336e-17,6.546070834248123e-17,7.655334516826489e-17,1.0,1.0,1.0,1.0,1.0,1.0,1.0,0.9996033539370097,4.892790201512302e-20,0.00039663302630997863
Duck_CorrelatedGaussianNoise_5.ply,Duck.ply,CorrelatedGaussianNoise,22,3.125,800000,800000,2.5535621643066406,0.066650390625,0.9732793752773801,0.9782269199529562,0.9890893020969638,0.2026313796340443,0.05873216962940242,0.0434579421603757,0.7577159592389535,0.8715727337789696,0.8999659338475317,0.13178517441799334,0.061316645647139935,0.10570387834099688,0.0,0.0,0.0,0.0,0.6826403038807464,0.42976754656708666,1.1925351002934288,0.6826403038807464,0.42976754656708666,6.986532831845814e-14,3.64459377016584e-14,3.171644296021501e-14,1.0,1.0,1.0,8.574709131207336e-17,6.546070834248123e-17,7.655334516826489e-17,1.0,1.0,1.0,1.0,1.0,1.0,1.0,0.9996033539370097,4.892790201512302e-20,0.00039663302630997863
Duck_RayleighNoise_1.ply,Duck.ply,RayleighNoise,25,4.5,800000,800000,2.56141996383667,0.06882858276367188,0.9572920275953232,0.993007238189117,0.996927086834054,0.7175082286898627,0.5363592901095259,0.5224768269620145,0.23007719546207675,0.3943224102449915,0.45371498097713936,0.7497326702138346,0.6031547433820649,0.7037498239410781,0.0,0.0,0.0,0.0,0.6826403038807464,0.42976754656708666,1.1925351002934288,0.6826403038807464,0.42976754656708666,6.986532831845814e-14,3.64459377016584e-14,3.171644296021501e-14,1.0,1.0,1.0,8.574709131207336e-17,6.546070834248123e-17,7.655334516826489e-17,1.0,1.0,1.0,1.0,1.0,1.0,1.0,0.9996033539370097,4.892790201512302e-20,0.00039663302630997863
Duck_RayleighNoise_3.ply,Duck.ply,RayleighNoise,25,3.25,800000,800000,2.580048084259033,0.09048843383789062,0.8957261366396413,0.9752443564021795,0.9895776595213978,0.45391071378454634,0.24818002120130672,0.3144716311783014,0.4778671395735146,0.679272186054115,0.6925572469416106,0.486731203823023,0.3660371947188417,0.4335064528244938,0.0,0.0,0.0,0.0,0.6826403038807464,0.42976754656708666,1.1925351002934288,0.6826403038807464,0.42976754656708666,6.986532831845814e-14,3.64459377016584e-14,3.171644296021501e-14,1.0,1.0,1.0,8.574709131207336e-17,6.546070834248123e-17,7.655334516826489e-17,1.0,1.0,1.0,1.0,1.0,1.0,1.0,0.9996033539370097,4.892790201512302e-20,0.00039663302630997863
Duck_RayleighNoise_4.ply,Duck.ply,RayleighNoise,25,3.15625,800000,800000,2.615513563156128,0.07220077514648438,0.8726864643086085,0.9660800588050152,0.985916246194542,0.38868576908829494,0.20765761123609391,0.280892604629254,0.549293257536387,0.740508138485251,0.7407425575504085,0.43097467071421314,0.3270834060593728,0.37931271399158445,0.0,0.0,0.0,0.0,0.6826403038807464,0.42976754656708666,1.1925351002934288,0.6826403038807464,0.42976754656708666,6.986532831845814e-14,3.64459377016584e-14,3.171644296021501e-14,1.0,1.0,1.0,8.574709131207336e-17,6.546070834248123e-17,7.655334516826489e-17,1.0,1.0,1.0,1.0,1.0,1.0,1.0,0.9996033539370097,4.892790201512302e-20,0.00039663302630997863
Duck_RayleighNoise_5.ply,Duck.ply,RayleighNoise,25,3.0,800000,800000,2.5920329093933105,0.0800018310546875,0.85371993517957,0.9575002779485875,0.9825491385038314,0.34598728653678795,0.18661923852302037,0.26303273216706397,0.6021293680908154,0.7832193763963671,0.7699978287364677,0.39617249023213064,0.30573295322117267,0.3454709223898774,0.0,0.0,0.0,0.0,0.6826403038807464,0.42976754656708666,1.1925351002934288,0.6826403038807464,0.42976754656708666,6.986532831845814e-14,3.64459377016584e-14,3.171644296021501e-14,1.0,1.0,1.0,8.574709131207336e-17,6.546070834248123e-17,7.655334516826489e-17,1.0,1.0,1.0,1.0,1.0,1.0,1.0,0.9996033539370097,4.892790201512302e-20,0.00039663302630997863
Duck_RayleighNoise_7.ply,Duck.ply,RayleighNoise,25,2.5,800000,800000,2.5660619735717773,0.070953369140625,0.8245831027394818,0.9416830266025664,0.9763297278271227,0.29158568483209385,0.17177023242228326,0.24362745696899668,0.6729674825514934,0.8289890403225273,0.8076388070088975,0.36106681823268777,0.28470181734258543,0.31173831408013997,0.0,0.0,0.0,0.0,0.6826403038807464,0.42976754656708666,1.1925351002934288,0.6826403038807464,0.42976754656708666,6.986532831845814e-14,3.64459377016584e-14,3.171644296021501e-14,1.0,1.0,1.0,8.574709131207336e-17,6.546070834248123e-17,7.655334516826489e-17,1.0,1.0,1.0,1.0,1.0,1.0,1.0,0.9996033539370097,4.892790201512302e-20,0.00039663302630997863
DuckV1_CorrelatedGaussianNoise_1.ply,DuckV1.ply,CorrelatedGaussianNoise,22,4.71428571428571,843229,843229,3.049880027770996,0.085784912109375,0.9886538851271791,0.9975813458860363,0.9978700760170071,0.8322136546636407,0.30069283181979656,0.2700625674217946,0.15179018693500615,0.6046281191335448,0.6274859539383298,0.7576137860285855,0.39792243680424166,0.7487183080155843,0.0,0.0,0.0,0.0,0.2317375216103601,0.40201403856157764,0.5917161597329953,0.2317375216103601,0.40201403856157764,7.524932010061257e-14,3.9027243942806647e-14,3.4836052921915276e-14,1.0,1.0,1.0,6.376171874035328e-17,6.56786541752719e-17,8.373303501312523e-17,1.0,1.0,1.0,1.0,1.0,1.0,1.0,0.9999222143621898,6.044144635539039e-20,7.777259293821003e-05
DuckV1_CorrelatedGaussianNoise_2.ply,DuckV1.ply,CorrelatedGaussianNoise,22,4.14285714285714,843229,843229,3.0579042434692383,0.06958389282226562,0.9779731151848001,0.995311269229071,0.9958231284546742,0.6914037959585844,0.12865026757428097,0.10552742664560483,0.2806850853591941,0.7663690280327439,0.7865459034543377,0.5604960342893741,0.20351942350589897,0.5476824562362625,0.0,0.0,0.0,0.0,0.2317375216103601,0.40201403856157764,0.5917161597329953,0.2317375216103601,0.40201403856157764,7.524932010061257e-14,3.9027243942806647e-14,3.4836052921915276e-14,1.0,1.0,1.0,6.376171874035328e-17,6.56786541752719e-17,8.373303501312523e-17,1.0,1.0,1.0,1.0,1.0,1.0,1.0,0.9999222143621898,6.044144635539039e-20,7.777259293821003e-05
DuckV1_CorrelatedGaussianNoise_3.ply,DuckV1.ply,CorrelatedGaussianNoise,22,3.75,843229,843229,3.032062530517578,0.11507797241210938,0.9682833324940342,0.9930440127541295,0.9937999987081979,0.5802560306116388,0.07144991688766772,0.055891150962981244,0.3837777748590164,0.8343409654737095,0.8472785139159937,0.42532730226368526,0.12662293942717456,0.4074774890219266,0.0,0.0,0.0,0.0,0.2317375216103601,0.40201403856157764,0.5917161597329953,0.2317375216103601,0.40201403856157764,7.524932010061257e-14,3.9027243942806647e-14,3.4836052921915276e-14,1.0,1.0,1.0,6.376171874035328e-17,6.56786541752719e-17,8.373303501312523e-17,1.0,1.0,1.0,1.0,1.0,1.0,1.0,0.9999222143621898,6.044144635539039e-20,7.777259293821003e-05
DuckV1_CorrelatedGaussianNoise_4.ply,DuckV1.ply,CorrelatedGaussianNoise,22,3.39285714285714,843229,843229,3.0399346351623535,0.07302093505859375,0.9583151799454692,0.9908648932261167,0.9917107330328907,0.49465446419773823,0.04624396553175448,0.03493041239941025,0.4674916573632017,0.8689220115363098,0.8815834765194442,0.3340517447377959,0.08829323940644991,0.31343412051052444,0.0,0.0,0.0,0.0,0.2317375216103601,0.40201403856157764,0.5917161597329953,0.2317375216103601,0.40201403856157764,7.524932010061257e-14,3.9027243942806647e-14,3.4836052921915276e-14,1.0,1.0,1.0,6.376171874035328e-17,6.56786541752719e-17,8.373303501312523e-17,1.0,1.0,1.0,1.0,1.0,1.0,1.0,0.9999222143621898,6.044144635539039e-20,7.777259293821003e-05
DuckV1_CorrelatedGaussianNoise_5.ply,DuckV1.ply,CorrelatedGaussianNoise,22,3.16666666666667,843229,843229,3.0644547939300537,0.10048675537109375,0.9476704326331205,0.988576576729262,0.9896856380510166,0.42988295591512193,0.03277886738803024,0.02437646041401401,0.5354758513983642,0.8920824149146394,0.904010545484428,0.27156001059125984,0.06626376423106775,0.24999128280673608,0.0,0.0,0.0,0.0,0.2317375216103601,0.40201403856157764,0.5917161597329953,0.2317375216103601,0.40201403856157764,7.524932010061257e-14,3.9027243942806647e-14,3.4836052921915276e-14,1.0,1.0,1.0,6.376171874035328e-17,6.56786541752719e-17,8.373303501312523e-17,1.0,1.0,1.0,1.0,1.0,1.0,1.0,0.9999222143621898,6.044144635539039e-20,7.777259293821003e-05
DuckV1_reconstruction_3.ply,DuckV1.ply,reconstruction,4,3.82142857142857,843229,800000,3.163796901702881,0.16825103759765625,0.9578529734744743,0.996689336462605,0.9968577565493257,0.5796106469707982,0.6553336420551512,0.6479465153678856,0.934165667075571,0.9304207436347522,0.930040996478505,0.5870883041814947,0.6311414113858811,0.5183445319130526,2.118089401299793,1.0526301845761932,1.0502829995844778,0.905919148162062,0.2317375216103601,0.40201403856157764,2.0532796068062256,1.066212767780452,0.7110023016093623,1.7673679565737868,0.7927028231265262,0.8258915468408145,0.8711951594786487,0.8389656885495326,0.3844981236592159,1.0014693624113074,0.9995821115518457,0.9090176819040698,0.744913270650372,0.828581770082995,0.9614449595624671,0.8819722113050706,0.31014240299538703,0.352878624502112,0.3584728762147566,0.4974705094380406,0.5458550912482792,0.024590634417843406
DuckV1_reconstruction_4.ply,DuckV1.ply,reconstruction,4,4.0,843229,800000,3.1215665340423584,0.13965606689453125,0.9577211859606309,0.9965959277674579,0.9967990678979884,0.5609837975862529,0.6368969476966373,0.6287650375509878,0.9363934150890911,0.9319367630597432,0.9327929994649173,0.5684602216152633,0.611591134140437,0.4982412500705616,2.1349526607956055,1.073951164558274,1.0774005810529679,0.9070053348882678,0.2317375216103601,0.40201403856157764,2.076661758333618,1.0954961726922257,0.7204314688789338,1.7753089988836182,0.8025636386016706,0.8396137795056714,0.8717332503396467,0.84067848544527,0.41525393876937866,1.0009813488121395,0.9992727920072165,0.9133328354007924,0.7620674370151074,0.8304597609049132,0.959543419593329,0.8796007431429662,0.3082793746991414,0.38350937890852077,0.38927255305441943,0.4984628191718702,0.5487347708076696,0.026756058517564758
DuckV1_reconstruction_5.ply,DuckV1.ply,reconstruction,4,3.73333333333333,843229,800000,3.1800537109375,0.12120437622070312,0.9557089077827714,0.9964396161925962,0.9966942643415049,0.5411600632871959,0.6166118066476415,0.6093938025272959,0.9397828489489948,0.9331497038868931,0.9349741036454636,0.548618550907854,0.5904405319731292,0.4777615658143861,2.1677834483414062,1.1044083328909216,1.0949689747661464,0.9275023583287383,0.2317375216103601,0.40201403856157764,2.1096743649300267,1.1138075922967043,0.7575121030989715,1.816478537456201,0.8320122124788139,0.8748427602832526,0.8737161886106064,0.8414711309165259,0.47564700052682896,1.0005533090733019,0.998675937666208,0.919669602374017,0.7872108855574964,0.8324929732308893,0.9597448794657055,0.877486491010617,0.3038016280434681,0.44271831039046694,0.4488091811207247,0.493703568597942,0.5510521084441515,0.028423362375275145
DuckV1_reconstruction_6.ply,DuckV1.ply,reconstruction,4,3.6875,843229,800000,3.135615110397339,0.11032485961914062,0.953081808052781,0.9961484167131638,0.9964511223917867,0.5044796183160412,0.586422200013449,0.5754373932586845,0.9439769829930194,0.9387934185948716,0.9409849069354855,0.5125285109495252,0.5551167135038642,0.43952841307303575,2.2798819079239303,1.1504061574336895,1.1583587140818352,1.0246724680916355,0.2317375216103601,0.40201403856157764,2.2330140215069934,1.1774392977516495,0.8933040615465557,1.9409289280253028,0.8865847567768799,1.0065634228183238,0.8750614401055025,0.8435144698615894,0.5776392942446437,1.0002698440994957,0.9993604221482456,0.9350184297060941,0.7994171291629927,0.8351878758621514,0.9548754468161719,0.8745883891790509,0.3066635559904432,0.5658497186555771,0.5661623647157058,0.4942995965057305,0.548758818840462,0.03478904766215505
DuckV1_reconstruction_7.ply,DuckV1.ply,reconstruction,4,2.78571428571429,843229,800000,3.210160732269287,0.089691162109375,0.9429052383666563,0.9950902973776213,0.9956007984985189,0.436574223036067,0.5117206277372028,0.5004497813490201,0.9584355026238592,0.9520458241208635,0.954235649363568,0.444051589415159,0.47893913646696734,0.37003029835856294,3.002765184035,1.372096839070041,1.3710421574021436,1.7248290338776036,0.2317375216103601,0.40201403856157764,2.985015402462326,1.389941429279819,1.6683322808286458,2.6401042653023383,1.0816499728520228,1.7286597053905672,0.8731550130373278,0.8439527868390694,0.38461109666278137,1.0010787495249427,0.9991900115248418,0.9627753797236014,0.6555075452649384,0.8366592614908603,0.9326175602552017,0.8579507519732189,0.29928653481673745,0.42877086446192797,0.4160406500491858,0.48379181477461686,0.5547052568120353,0.05828864037830731
EasternHognoseSnake_DownSample_3.ply,EasternHognoseSnake.ply,DownSample,26,4.53571428571429,797976,438887,2.4933536052703857,0.02783203125,0.9838048214404386,0.9981616725616882,0.9993001229774037,0.8033546365443884,0.8003290823557474,0.8385572713417301,0.9393835439666176,0.8915537285813886,0.7951586292058828,0.804982802300656,0.8218096969484188,0.76584878062281,0.900300623069763,0.5546089956018593,0.5559208519113509,0.12897882907036717,0.15929882619821095,0.31437570497053646,1.143083997573694,0.6434302811462145,0.30152479109734126,0.7864214445431186,0.4788586850962942,0.1400374615682429,0.7340460716786599,0.6942077798073024,0.7762070999400759,1.0009168833604905,1.001718316308902,0.8813207403612385,0.7322636933746992,0.6410878603395153,0.9991235203313442,0.9333234225783232,0.31747077286734837,0.8364596217034566,0.8417849072625283,0.5041646236000137,0.5385441845711836,0.00019056607289455045
EasternHognoseSnake_DownSample_4.ply,EasternHognoseSnake.ply,DownSample,26,4.13333333333333,797976,319190,2.428522825241089,0.012714385986328125,0.9760680881073187,0.9972880270096325,0.9989920815499573,0.7284118305638314,0.7225487330184114,0.7827372295656019,0.9560244796912294,0.9072604840076024,0.8114570769074719,0.7301301655459292,0.74960657526715,0.6847997824588233,1.3094779827107057,0.8135502985403702,0.8113017498375625,0.17820964429515107,0.15929882619821095,0.31437570497053646,1.4886321213314844,0.8772274308611134,0.29822221575949703,1.0500527420333285,0.624192425899184,0.25296597258658676,0.5947611462825526,0.5596915621250972,0.6427024016592938,1.0012178658797466,0.9998272889550872,0.8787115660626207,0.5923107178746516,0.483607960124172,0.9986536361393674,0.9292648787273041,0.3191401155071613,0.778636208207347,0.7813222806397042,0.5074698204656282,0.5382763876745601,0.00032847618869842393
EasternHognoseSnake_DownSample_5.ply,EasternHognoseSnake.ply,DownSample,26,3.96428571428571,797976,239393,2.3762154579162598,0.018482208251953125,0.9691829587990879,0.9965238466557451,0.9987550086273295,0.6716392501751304,0.6588106801338436,0.7404657988780877,0.9686985897446874,0.9196806996577015,0.8230846184583444,0.6732596809570807,0.6923838581694378,0.6257988473595674,1.6640172484996156,1.0339162073928059,1.0402421822722716,0.21309976209275336,0.15929882619821095,0.31437570497053646,1.8002555272375025,1.0913644015900332,0.2941451718342354,1.3352251127803816,0.7777473150356742,0.3900910802874466,0.4840862399747179,0.4529278072358167,0.5215784733862207,1.0001221902026352,1.0008271556679507,0.8755481939892472,0.4755444391747017,0.3677278729808446,0.9980773981051657,0.9245801104983833,0.31143300588816064,0.7332547327620178,0.7328939395535194,0.5024753831987369,0.5418463442154694,0.00046965407876384084
EasternHognoseSnake_DownSample_6.ply,EasternHognoseSnake.ply,DownSample,26,3.33333333333333,797976,159595,2.318753719329834,3.814697265625e-06,0.9599925934367984,0.9955025556074248,0.998496074669651,0.6065332464024314,0.5865011131315856,0.6912738057013362,0.9752604324612382,0.9312959030354949,0.836160088582016,0.608053849611793,0.6253454011255193,0.5601464866544981,2.1920178314909524,1.382651177413127,1.362857730795158,0.25097032474716546,0.15929882619821095,0.31437570497053646,2.282919555135525,1.398331784379204,0.2904391914188338,1.8198625479661212,1.0209234651743522,0.6593022132063889,0.3527568095749698,0.32848371575898155,0.36262629110168176,1.0001110032135434,0.9989493985933144,0.8694892465729994,0.33314631735908273,0.24373633179223164,0.996909402036783,0.9224210603620775,0.31403722602289375,0.6726850718088032,0.6682632476900995,0.50441413885571,0.5392424770764941,0.0007312747006215142
EasternHognoseSnake_DownSample_7.ply,EasternHognoseSnake.ply,DownSample,26,2.9375,797976,79798,2.239682197570801,0.000240325927734375,0.9424755473125501,0.9937171940022291,0.9981695756930498,0.5145834783889491,0.4946524535379807,0.6211291232276768,0.988078739828599,0.9437151338361194,0.850967326281297,0.5158229406762596,0.5352352691850093,0.46835886881412736,3.287578466017755,2.0741698479263575,2.0721994978808,0.30112887445561265,0.15929882619821095,0.31437570497053646,3.330052421322847,2.0909013269321575,0.2843172407758417,2.9942674713681785,1.4981667862899148,1.4782412574323591,0.19622691373549012,0.18126792109804005,0.16507260583794042,1.0003177245439172,0.9993145184177163,0.864394654378477,0.16257433427314003,0.11625662345787707,0.9929888704954976,0.9183196430366519,0.30890663886474345,0.5542562670497221,0.5456056208757104,0.5016524606910306,0.5457728626384946,0.0015418949997972808
EmperorPenguin_DownSample_3.ply,EmperorPenguin.ply,DownSample,26,4.125,850193,467606,2.7752959728240967,0.0383453369140625,0.9911017798119832,0.9997389928042759,0.9998432716585057,0.8529255947582755,0.8975955794490422,0.8942085594161163,0.4466806274616027,0.2887246751356497,0.29199024994108114,0.8524657447239842,0.9041296081666707,0.8332388559147144,1.0645036926963125,0.6611193927694989,0.6642210695980465,0.15024250963454963,0.29371513126216714,0.3190124744991551,1.3699230066651706,0.8144062936383639,0.30726954089281977,0.9367179962220135,0.5798347490044053,0.12154713162834994,0.7355607552445051,0.6987247114990551,0.8531804438283352,1.0006707053281683,1.001319969409453,0.9292283656367893,0.761785921216581,0.6493921823013415,0.9974846066030183,0.9318741563599446,0.3329783585889101,0.7910282882407532,0.8051623628380596,0.5175689371242747,0.5228139040196657,0.0007106676350825575
EmperorPenguin_DownSample_4.ply,EmperorPenguin.ply,DownSample,26,3.57142857142857,850193,340077,2.6013600826263428,0.01363372802734375,0.9868165161750063,0.9996001671973207,0.99975692244322,0.7930078939648589,0.8537381312392415,0.8495279049310926,0.4484831779539552,0.29225285275591745,0.29566776016939417,0.7919824601129063,0.8596952176968053,0.7724108650923387,1.5375798813277946,0.9545807744807512,0.9651502135279847,0.20340645478350355,0.29371513126216714,0.3190124744991551,1.7615875409641555,1.077166446555596,0.30245067180732305,1.2692915075983449,0.7632445709674494,0.2187580745632067,0.59804149559915,0.56577804441105,0.7674386051530914,0.9999365503714038,1.0022920023608284,0.9253086695640387,0.6360326411538934,0.49412856415981393,0.9954454588939214,0.9243840189885223,0.3287977939741568,0.7098763428973015,0.722735971244657,0.5153629718356316,0.5257667675750741,0.001483269517005896
EmperorPenguin_DownSample_5.ply,EmperorPenguin.ply,DownSample,26,3.375,850193,255058,2.513230323791504,0.0487213134765625,0.9830110261862681,0.9994399594336898,0.9996686166581027,0.7458567918926072,0.8156377668329496,0.8137642049266849,0.4491217473760789,0.2942272815938869,0.2969918513169314,0.7422617207513802,0.8217608627266259,0.7233404125819104,1.949108841702899,1.2261787622483609,1.220069713233151,0.23717436734181746,0.29371513126216714,0.3190124744991551,2.1226959266288175,1.3028039993970992,0.30244359689735695,1.5888376520074623,0.944718757384667,0.3366300198334472,0.4878955827202335,0.4601067539703199,0.6764941612694373,0.9999378069653256,0.9990779064489687,0.9201870700491431,0.5270206292967964,0.37852818733512533,0.993174332459028,0.9181469794908927,0.3237001621617452,0.6571503845925543,0.6686499940250746,0.51407395439787,0.5268940263744615,0.002349310188656789
EmperorPenguin_DownSample_6.ply,EmperorPenguin.ply,DownSample,26,3.0,850193,170039,2.511030435562134,0.01822662353515625,0.9778302608360874,0.9992258288600753,0.9995423745496537,0.686762481697351,0.7672030312840558,0.762856701362532,0.4497058009081743,0.29612649873847946,0.30118577570586486,0.6807682006499179,0.7722932124528432,0.6658825618938301,2.5784405086506115,1.6126525013139996,1.6257803341364636,0.2784075555277451,0.29371513126216714,0.3190124744991551,2.691274187766511,1.6791207676829294,0.29625646675352546,2.1748006348316404,1.252619991616183,0.5734664051556274,0.3586858211338923,0.33687665610056644,0.5321611031895942,0.9992435291067924,0.9990912435717488,0.913574312291712,0.3879038364877502,0.2542526103492609,0.9890751745189685,0.9088222499814311,0.3195362766911092,0.6111674737344138,0.62019664671148,0.5105590409871442,0.5253484540624028,0.004175365752342241
EmperorPenguin_DownSample_7.ply,EmperorPenguin.ply,DownSample,26,2.78571428571429,850193,85019,2.466928482055664,0.035762786865234375,0.966226162496772,0.9986829571007233,0.9992635704907741,0.582958184020402,0.6798898817417391,0.6771316830771966,0.4501562981056933,0.298211844443429,0.301813528883326,0.5748740767852532,0.6852685746763734,0.5651758191927883,3.838496755165095,2.43282998164617,2.4152377549236976,0.3251257245755922,0.29371513126216714,0.3190124744991551,3.894439576560442,2.4462405309793627,0.2876889835370969,3.4711990332176983,1.898673561172708,1.253872333984869,0.20309825104539805,0.1891688554051744,0.27553974615230725,0.9989374515118324,1.0000272726349666,0.907033009557301,0.20172304342096556,0.1237692351077244,0.9789474251492161,0.8957291736533877,0.3057820212145748,0.5990552726615428,0.6052138707049695,0.5008628872428329,0.5416536941578859,0.009942697489944556
exercise_losslessG-lossyA_3.ply,exercise.ply,losslessG-lossyA,17,4.82142857142857,814277,814277,2.7304067611694336,0.155120849609375,0.9971794496160757,0.9973667551332409,0.9967536768044374,0.8002272328871239,0.5076254596572953,0.32885062144371097,0.18315333308021706,0.3869576980925263,0.4070993008392623,0.8021729656107636,0.43829203556011814,0.6883294099808939,0.0,0.0,0.0,0.0,0.3862978764452396,0.5671267351329264,0.8836319440275258,0.3862978764452396,0.5671267351329264,8.274345512457035e-14,4.076289557672288e-14,4.221938615716761e-14,1.0,1.0,1.0,9.314319195369032e-17,9.017395480869282e-17,8.146050001941652e-17,1.0,1.0,1.0,1.0,1.0,1.0,1.0,0.9999161716896715,2.7916093151248593e-20,8.381527114236608e-05
exercise_losslessG-lossyA_4.ply,exercise.ply,losslessG-lossyA,17,3.5,814277,814277,2.676588535308838,0.122406005859375,0.9889638937441473,0.9935969083170502,0.9915415347302332,0.6392163315765527,0.252441659248428,0.12130142503421411,0.3711442366592178,0.3335833794446508,0.24148036391000577,0.6636320422876009,0.1955084841526482,0.5506681375288376,0.0,0.0,0.0,0.0,0.3862978764452396,0.5671267351329264,0.8836319440275258,0.3862978764452396,0.5671267351329264,8.274345512457035e-14,4.076289557672288e-14,4.221938615716761e-14,1.0,1.0,1.0,9.314319195369032e-17,9.017395480869282e-17,8.146050001941652e-17,1.0,1.0,1.0,1.0,1.0,1.0,1.0,0.9999161716896715,2.7916093151248593e-20,8.381527114236608e-05
exercise_losslessG-lossyA_5.ply,exercise.ply,losslessG-lossyA,17,3.40625,814277,814277,2.642087459564209,0.0932769775390625,0.9682350551061325,0.9844898264847323,0.9918094591985959,0.38419623827545635,0.11907865923842538,0.012732243965683121,0.417552584617478,0.15430399780782714,0.04452679895823251,0.4060219387087616,0.07726620231451826,0.33074786643097603,0.0,0.0,0.0,0.0,0.3862978764452396,0.5671267351329264,0.8836319440275258,0.3862978764452396,0.5671267351329264,8.274345512457035e-14,4.076289557672288e-14,4.221938615716761e-14,1.0,1.0,1.0,9.314319195369032e-17,9.017395480869282e-17,8.146050001941652e-17,1.0,1.0,1.0,1.0,1.0,1.0,1.0,0.9999161716896715,2.7916093151248593e-20,8.381527114236608e-05
exercise_losslessG-lossyA_6.ply,exercise.ply,losslessG-lossyA,17,2.71875,814277,814277,2.630549907684326,0.0905914306640625,0.9379847451282438,0.9779873224605418,0.9710551936149103,0.26423328423198433,0.07096307958290378,0.0015655097088043588,0.3657053810986127,0.042599460486650975,0.012325871957533574,0.2747324194176436,0.06576925760909316,0.2211943496497695,0.0,0.0,0.0,0.0,0.3862978764452396,0.5671267351329264,0.8836319440275258,0.3862978764452396,0.5671267351329264,8.274345512457035e-14,4.076289557672288e-14,4.221938615716761e-14,1.0,1.0,1.0,9.314319195369032e-17,9.017395480869282e-17,8.146050001941652e-17,1.0,1.0,1.0,1.0,1.0,1.0,1.0,0.9999161716896715,2.7916093151248593e-20,8.381527114236608e-05
exercise_losslessG-lossyA_7.ply,exercise.ply,losslessG-lossyA,17,2.17857142857143,814277,814277,2.663238048553467,0.11356353759765625,0.8985876212010434,0.9905740402938247,0.9932346399465629,0.19796493891936,0.06092058014722044,0.00013084579456663448,0.3496792560817257,0.00011398175349492633,0.00026293334041420065,0.2075833344157602,0.060931550248530746,0.16381905608060676,0.0,0.0,0.0,0.0,0.3862978764452396,0.5671267351329264,0.8836319440275258,0.3862978764452396,0.5671267351329264,8.274345512457035e-14,4.076289557672288e-14,4.221938615716761e-14,1.0,1.0,1.0,9.314319195369032e-17,9.017395480869282e-17,8.146050001941652e-17,1.0,1.0,1.0,1.0,1.0,1.0,1.0,0.9999161716896715,2.7916093151248593e-20,8.381527114236608e-05
exercise_lossy-geom-lossy-attrs_3.ply,exercise.ply,lossy-geom-lossy-attrs,27,4.67857142857143,814277,686981,2.5138423442840576,0.09160995483398438,0.9916915897743558,0.9981756956827376,0.9981857029141754,0.56117792356546,0.24789475379735543,0.21965954357117848,0.9503585738260555,0.5815380135099927,0.46625994270074894,0.529505815470719,0.23897150039582174,0.4122517605302794,0.6734691979973176,0.3397322876366485,0.33916659435093904,0.3351324665014745,0.3862978764452396,0.5671267351329264,1.0965692535216733,0.5145114241862788,0.6351757298126386,0.4577723196675418,0.25296173899628394,0.17023266883871357,0.9337194364774629,0.8927345829036409,0.7566139097752972,0.9853644668779055,0.9821801610887215,0.8782946070382411,0.8606281677695033,0.8874268977829296,0.9960471898297972,0.940656688552777,0.5959881610204638,0.8292901238812345,0.8111507462042576,0.729724413439723,0.21824048688557934,0.0005060007155707725
exercise_lossy-geom-lossy-attrs_4.ply,exercise.ply,lossy-geom-lossy-attrs,27,3.85714285714286,814277,527498,2.4386889934539795,0.07320022583007812,0.9867692264537073,0.9974983362302462,0.997781485394357,0.49044189916403,0.22877253840081013,0.2130808521381887,0.9619357108175884,0.5364463381355703,0.459486917228025,0.4660971449272215,0.2305959620064287,0.35201076082766036,1.1238581518174606,0.5702131975850528,0.5685684754975322,0.5400563525918456,0.3862978764452396,0.5671267351329264,1.4086511266158008,0.7053491261707475,0.7185712042735101,0.7761242765082651,0.35381052769889204,0.4666495271775902,0.8222000250247556,0.7488077574117418,0.5698573008029575,0.9994488837362575,0.9986018834628385,0.9101420684261425,0.707683593640786,0.7225612483593455,0.992970457015154,0.915955299818122,0.4143181237621266,0.7575834962250312,0.7228501449021885,0.6141271966665562,0.37695929869856076,0.0011367902628784637
exercise_lossy-geom-lossy-attrs_5.ply,exercise.ply,lossy-geom-lossy-attrs,27,3.28571428571429,814277,192825,2.215843677520752,0.06303024291992188,0.9741827144099287,0.9961136118350004,0.9967972827631517,0.4555155609030854,0.24489180077875447,0.24029696059349198,0.9800982280085931,0.5499944530079679,0.47432664196259333,0.4428946320787585,0.2646301408559933,0.3252049365800629,2.0203996743310753,1.0354504211431563,1.0341426610665965,0.9747551149064149,0.3862978764452396,0.5671267351329264,2.170825739555489,1.1035530619361762,1.0737137894981195,1.2439396141479944,0.5316479399233691,0.8055307759855622,0.4210248308214413,0.3591351787615284,0.1610640158976573,0.9999798351135728,0.9987887005683659,0.9300169813608579,0.2890524698394329,0.27909852554995374,0.9762915206939655,0.9046264052994202,0.26943643078712276,0.528281100301208,0.48817275158801166,0.5181539381381409,0.5191104508379757,0.005770505362781089
exercise_lossy-geom-lossy-attrs_6.ply,exercise.ply,lossy-geom-lossy-attrs,27,2.67857142857143,814277,52192,2.149219036102295,0.06206512451171875,0.9531028613972199,0.9936624582590416,0.9950031773749566,0.4227981467659358,0.28520306861029976,0.3152211559380881,0.9932418792387014,0.666923654946017,0.630582080496866,0.4165101352268685,0.3055695744835597,0.29941299987677233,3.8915924617561553,1.9794011974972854,1.970184375731353,1.9131380201620636,0.3862978764452396,0.5671267351329264,3.9842097361884687,2.003053187423586,1.994238185220419,3.058961370647335,0.9839963168741455,2.4098715034867784,0.14393105786251853,0.11937125040494058,0.028390915574024053,1.0008690051829374,0.9994635974451419,0.943925060531411,0.07584845686832829,0.0683976122247566,0.9315575757795524,0.8947988972030166,0.27518731904922356,0.34642181205847883,0.31193639516820953,0.4989279210370851,0.5323843738354541,0.023974824921191934
exercise_lossy-geom-lossy-attrs_7.ply,exercise.ply,lossy-geom-lossy-attrs,27,1.60714285714286,814277,13467,2.1109957695007324,0.054958343505859375,0.9246203156770287,0.9898700973164071,0.9908341922391045,0.4451470706194942,0.3240924875332994,0.22479305719224987,0.9983986924999899,0.7826861410902384,0.5634117351055826,0.45001440096583323,0.28938016299266284,0.33081407259795537,7.724163553709056,3.8888432172813316,3.8551545788434054,3.912736757730301,0.3862978764452396,0.5671267351329264,7.765539362298216,3.8817515821218564,3.934455024416531,8.341564848603275,2.4890529240280985,6.76957363536709,0.04505054433596826,0.037002866423738505,0.0046332134545569465,0.9994100832613856,0.9978951845040698,0.9563031234717524,0.018384320768400478,0.016048308514854306,0.8463786674886435,0.8485923691902599,0.29211291199137746,0.22041680981704292,0.19123955034086856,0.4755407054738131,0.5498160146297597,0.07377274448633407
exercise_RayleighNoise_1.ply,exercise.ply,RayleighNoise,25,4.17857142857143,814277,814277,2.6072263717651367,0.15311050415039062,0.8951335508955562,0.9985195058265384,0.9984520803824702,0.5317143632375902,0.1754888326563165,0.09095666881873116,0.40447882824146253,0.6762255868591839,0.8208395469390412,0.39736652749510126,0.17963339717396473,0.32637274495883944,0.0,0.0,0.0,0.0,0.3862978764452396,0.5671267351329264,0.8836319440275258,0.3862978764452396,0.5671267351329264,8.274345512457035e-14,4.076289557672288e-14,4.221938615716761e-14,1.0,1.0,1.0,9.314319195369032e-17,9.017395480869282e-17,8.146050001941652e-17,1.0,1.0,1.0,1.0,1.0,1.0,1.0,0.9999161716896715,2.7916093151248593e-20,8.381527114236608e-05
exercise_RayleighNoise_3.ply,exercise.ply,RayleighNoise,25,3.3125,814277,814277,2.637117624282837,0.0824737548828125,0.7525968242866616,0.9955878856032693,0.9954168625256503,0.1816487890807718,0.029879111454977583,0.012790919616802253,0.7152790536958925,0.8423028013138747,0.9382097536953051,0.10697264486541021,0.03345521082647021,0.0779373814355428,0.0,0.0,0.0,0.0,0.3862978764452396,0.5671267351329264,0.8836319440275258,0.3862978764452396,0.5671267351329264,8.274345512457035e-14,4.076289557672288e-14,4.221938615716761e-14,1.0,1.0,1.0,9.314319195369032e-17,9.017395480869282e-17,8.146050001941652e-17,1.0,1.0,1.0,1.0,1.0,1.0,1.0,0.9999161716896715,2.7916093151248593e-20,8.381527114236608e-05
exercise_RayleighNoise_4.ply,exercise.ply,RayleighNoise,25,2.89285714285714,814277,814277,2.5863492488861084,0.11770248413085938,0.7009640068145813,0.9941363389480357,0.9939628486037695,0.13051527717231687,0.01767235563707175,0.007637084589253396,0.773997066760211,0.8664768541571287,0.9547385646894555,0.07317807898148541,0.020788298462999982,0.05243813039080193,0.0,0.0,0.0,0.0,0.3862978764452396,0.5671267351329264,0.8836319440275258,0.3862978764452396,0.5671267351329264,8.274345512457035e-14,4.076289557672288e-14,4.221938615716761e-14,1.0,1.0,1.0,9.314319195369032e-17,9.017395480869282e-17,8.146050001941652e-17,1.0,1.0,1.0,1.0,1.0,1.0,1.0,0.9999161716896715,2.7916093151248593e-20,8.381527114236608e-05
exercise_RayleighNoise_5.ply,exercise.ply,RayleighNoise,25,2.71428571428571,814277,814277,2.5910143852233887,0.11812973022460938,0.6584011187308815,0.992891874019291,0.9925515437287106,0.10604915220400493,0.012054844552773298,0.005365936267358685,0.8111602319117444,0.8816848944083784,0.96329855457502,0.05734236320640628,0.014984957366870014,0.04097792606818052,0.0,0.0,0.0,0.0,0.3862978764452396,0.5671267351329264,0.8836319440275258,0.3862978764452396,0.5671267351329264,8.274345512457035e-14,4.076289557672288e-14,4.221938615716761e-14,1.0,1.0,1.0,9.314319195369032e-17,9.017395480869282e-17,8.146050001941652e-17,1.0,1.0,1.0,1.0,1.0,1.0,1.0,0.9999161716896715,2.7916093151248593e-20,8.381527114236608e-05
exercise_RayleighNoise_7.ply,exercise.ply,RayleighNoise,25,2.39285714285714,814277,814277,2.569631576538086,0.10935592651367188,0.594629857581111,0.990868324149228,0.9904163542059821,0.09001842479557765,0.007490063359031369,0.0037857611792493553,0.8604399548102891,0.8963134706206758,0.9739782491016854,0.04649651096294768,0.010679869626700948,0.03381663486544446,0.0,0.0,0.0,0.0,0.3862978764452396,0.5671267351329264,0.8836319440275258,0.3862978764452396,0.5671267351329264,8.274345512457035e-14,4.076289557672288e-14,4.221938615716761e-14,1.0,1.0,1.0,9.314319195369032e-17,9.017395480869282e-17,8.146050001941652e-17,1.0,1.0,1.0,1.0,1.0,1.0,1.0,0.9999161716896715,2.7916093151248593e-20,8.381527114236608e-05
Facade00009_GaussianNoise_1.ply,Facade00009.ply,GaussianNoise,19,3.57142857142857,801495,801495,3.207181453704834,0.11090469360351562,0.9876657525292425,0.9942049990252647,0.994330820115921,0.6405517024644602,0.04706011676498318,0.05529974576680651,0.3253775352251717,0.8679944333499439,0.8523124909681941,0.4850079354708216,0.12106750645295718,0.4719648091602371,0.0,0.0,0.0,0.0,1.3929166360324172,1.5117540266893057,2.541757118398511,1.3929166360324172,1.5117540266893057,8.325089007524715e-14,4.013737909334981e-14,4.4637885697410616e-14,1.0,1.0,1.0,8.390817006582587e-17,8.332750967987042e-17,7.621657864807712e-17,1.0,1.0,1.0,1.0,1.0,1.0,1.0,0.9979720269786031,9.580799315025513e-21,0.0020279599585778384
Facade00009_GaussianNoise_3.ply,Facade00009.ply,GaussianNoise,19,3.03571428571429,801495,801495,2.9133641719818115,0.10851669311523438,0.9770829084852843,0.9910409270572729,0.9911198250602712,0.5037549480865725,0.020998243249608892,0.024862074571754166,0.4572774323494216,0.9154052898477233,0.906307619052897,0.3358701127758354,0.06495934743069043,0.3182365916188261,0.0,0.0,0.0,0.0,1.3929166360324172,1.5117540266893057,2.541757118398511,1.3929166360324172,1.5117540266893057,8.325089007524715e-14,4.013737909334981e-14,4.4637885697410616e-14,1.0,1.0,1.0,8.390817006582587e-17,8.332750967987042e-17,7.621657864807712e-17,1.0,1.0,1.0,1.0,1.0,1.0,1.0,0.9979720269786031,9.580799315025513e-21,0.0020279599585778384
Facade00009_GaussianNoise_4.ply,Facade00009.ply,GaussianNoise,19,3.0,801495,801495,2.864884376525879,0.07935333251953125,0.9685330607682558,0.9891028812373893,0.9890135739517695,0.4360419543123279,0.014170989877809922,0.016909166130224154,0.5280511615883038,0.931980381362598,0.9262966440888978,0.2709049068805636,0.0473625034388965,0.25191480339494715,0.0,0.0,0.0,0.0,1.3929166360324172,1.5117540266893057,2.541757118398511,1.3929166360324172,1.5117540266893057,8.325089007524715e-14,4.013737909334981e-14,4.4637885697410616e-14,1.0,1.0,1.0,8.390817006582587e-17,8.332750967987042e-17,7.621657864807712e-17,1.0,1.0,1.0,1.0,1.0,1.0,1.0,0.9979720269786031,9.580799315025513e-21,0.0020279599585778384
Facade00009_GaussianNoise_5.ply,Facade00009.ply,GaussianNoise,19,2.96875,801495,801495,2.923342227935791,0.20558547973632812,0.9572180816965199,0.9865735453727079,0.986546201577668,0.37458533522181636,0.009827243470842371,0.01175427041992662,0.5979146013844996,0.9478178233147411,0.9406211958115435,0.21660946797040592,0.034936312533167736,0.19714639037734197,0.0,0.0,0.0,0.0,1.3929166360324172,1.5117540266893057,2.541757118398511,1.3929166360324172,1.5117540266893057,8.325089007524715e-14,4.013737909334981e-14,4.4637885697410616e-14,1.0,1.0,1.0,8.390817006582587e-17,8.332750967987042e-17,7.621657864807712e-17,1.0,1.0,1.0,1.0,1.0,1.0,1.0,0.9979720269786031,9.580799315025513e-21,0.0020279599585778384
Facade00009_GaussianNoise_7.ply,Facade00009.ply,GaussianNoise,19,2.0,801495,801495,2.848788022994995,0.12600326538085938,0.9242091376485806,0.9817295583606627,0.9805493110778861,0.27786069331561875,0.005292934615531672,0.006418559723801408,0.7275188197877885,0.9675531254692361,0.9632969440980267,0.14207879097456141,0.02060761477753311,0.12372085870245285,0.0,0.0,0.0,0.0,1.3929166360324172,1.5117540266893057,2.541757118398511,1.3929166360324172,1.5117540266893057,8.325089007524715e-14,4.013737909334981e-14,4.4637885697410616e-14,1.0,1.0,1.0,8.390817006582587e-17,8.332750967987042e-17,7.621657864807712e-17,1.0,1.0,1.0,1.0,1.0,1.0,1.0,0.9979720269786031,9.580799315025513e-21,0.0020279599585778384
Facade00009_LocalLoss_1.ply,Facade00009.ply,LocalLoss,28,3.16666666666667,801495,777522,2.913706064224243,0.18080520629882812,0.9934854665631973,0.9995616484824488,0.9995949952013609,0.9831598964055364,0.9851121464093485,0.9871474351976133,0.3120503302123302,0.31175533941637174,0.3160687826434953,0.983455722792822,0.9871052043036643,0.9813288418523983,1.0660851324172929,0.5646530535385775,0.585618154573354,0.4689846832551462,1.3929166360324172,1.5117540266893057,3.5408674691195987,1.9434340467311684,1.9350547937001483,1.1953060668672437,0.6476723030607782,0.5136118554788995,0.9835191737624556,0.9817756148193574,0.9737726780551491,0.33835217555816743,0.3302442557814008,0.28294907643053124,0.9822183041156755,0.981471738712494,0.9897549365849371,0.9753548901386782,0.9564435406395668,0.980414077912476,0.976030907789498,0.9643304566145998,0.023483753358238817,0.012063242192566322
Facade00009_LocalLoss_2.ply,Facade00009.ply,LocalLoss,28,2.67857142857143,801495,708255,2.8663222789764404,0.1673736572265625,0.97939161712481,0.9985777176049135,0.9985367727000662,0.9385904220989897,0.9461791295900488,0.950194901516724,0.41099717500562044,0.4070228575924463,0.4124272174046788,0.9394065294993377,0.9494680002206078,0.9331086484606258,8.316520261501438,4.883327886571823,4.816753514227214,2.5041958538395224,1.3929166360324172,1.5117540266893057,10.590315851782957,6.070103689432956,3.83715631067425,8.63671793384099,4.967725065712866,2.556119602525049,0.9377670338340015,0.9300898181300795,0.9077675225677813,0.44594226823029354,0.4347035795637018,0.37751810711363065,0.9296949260679963,0.9222237153071746,0.9546877589147518,0.9146068906936977,0.8918909573688811,0.9333668143432432,0.9190018514586767,0.9061630604931051,0.07984142289048661,0.05881736996471273
Facade00009_LocalLoss_3.ply,Facade00009.ply,LocalLoss,28,2.15625,801495,610853,2.9291961193084717,0.1067657470703125,0.9624551619816686,0.9970784505600799,0.9970497410350307,0.8854986069929561,0.9021493751318894,0.9109395248839066,0.49625072589570335,0.49371513809742673,0.4975762929511538,0.8872017210750153,0.9094493223070881,0.8754364966605122,17.109378864441155,9.879302790232789,10.042858025332338,5.267254889659694,1.3929166360324172,1.5117540266893057,19.116005594721788,11.156553214881592,6.4209260295160036,18.110665772621484,10.590405715233546,5.566709980716042,0.8738437277705084,0.8621904108191026,0.8126364416717343,0.5281608574051624,0.5158841291684833,0.4658290067111906,0.8575704082972011,0.8443618162007656,0.9114847924903351,0.8320785353118123,0.8043229055681852,0.8650611468890326,0.8390034727484906,0.8281431412963284,0.15998070251751006,0.11296247003782324
Facade00009_LocalLoss_4.ply,Facade00009.ply,LocalLoss,28,1.67857142857143,801495,526419,2.8870186805725098,0.10051727294921875,0.9399371998026022,0.9961169489054007,0.996129239801536,0.8285678576813307,0.857045178293266,0.8681834075841379,0.5697931162744664,0.5680496201350307,0.5719629251333075,0.8310683367037626,0.8642267322603107,0.8135321317724724,23.37431017607328,13.51924817736913,13.650537249066414,7.213762510196799,1.3929166360324172,1.5117540266893057,25.082041187857058,14.602137286156509,8.167442580910704,24.67255386711178,14.352005862713213,7.669114127573288,0.8222937504815078,0.8061815883805198,0.7342567666115205,0.5987260330965671,0.5888794152654091,0.5425190094350099,0.8014058754292334,0.7802952129575019,0.8715648858302497,0.7579202375023444,0.7269129206405469,0.8091106194748435,0.7710086324667917,0.7556960218825396,0.22723397910758034,0.17441278929108853
Facade00009_LocalLoss_5.ply,Facade00009.ply,LocalLoss,28,1.59375,801495,467979,2.787905216217041,0.07661819458007812,0.9275731685529199,0.9954294612380727,0.9954530238786946,0.7935872366326815,0.8307196851749102,0.8400075003734883,0.6238554587823337,0.6228257807795852,0.6254159117233246,0.7968193837157069,0.8370128939220887,0.7756572248567972,27.805571195783244,16.117973429743827,16.201717482914358,8.548905310105061,1.3929166360324172,1.5117540266893057,29.30394664742143,17.030189337444572,9.383077421116008,29.40869472113617,17.046290374135857,9.153002881248492,0.7924693644396508,0.7739577533627199,0.6810003148867535,0.6514439354551212,0.6411239128813236,0.5994862155928448,0.7655370138957319,0.7444268671630881,0.8428224154267645,0.7110493918255256,0.6762977290688194,0.7673527414052984,0.7226627156690194,0.7109472247616235,0.27248257005186555,0.20319936065630262
Facade00009_losslessG-limitlossyA_3.ply,Facade00009.ply,losslessG-limitlossyA,10,4.46428571428571,801495,801495,2.895585060119629,0.10872268676757812,0.9989113253875418,0.9993437223322057,0.9994335567357868,0.9762237318067347,0.749630344536778,0.7627404291154329,0.014790612276401459,0.24003064098543217,0.2198196613569318,0.9627995669314975,0.8235061804092385,0.9609314394169942,0.0,0.0,0.0,0.0,1.3929166360324172,1.5117540266893057,2.541757118398511,1.3929166360324172,1.5117540266893057,8.325089007524715e-14,4.013737909334981e-14,4.4637885697410616e-14,1.0,1.0,1.0,8.390817006582587e-17,8.332750967987042e-17,7.621657864807712e-17,1.0,1.0,1.0,1.0,1.0,1.0,1.0,0.9979720269786031,9.580799315025513e-21,0.0020279599585778384
Facade00009_losslessG-limitlossyA_4.ply,Facade00009.ply,losslessG-limitlossyA,10,4.6,801495,801495,2.88214111328125,0.09080123901367188,0.9973870153657969,0.998681503996107,0.9987825948912941,0.9468864424689428,0.5114588682328802,0.5339662757911797,0.043917651923824755,0.4350498614992368,0.41051015066204855,0.9131203253435626,0.6375837972911074,0.9105241722294384,0.0,0.0,0.0,0.0,1.3929166360324172,1.5117540266893057,2.541757118398511,1.3929166360324172,1.5117540266893057,8.325089007524715e-14,4.013737909334981e-14,4.4637885697410616e-14,1.0,1.0,1.0,8.390817006582587e-17,8.332750967987042e-17,7.621657864807712e-17,1.0,1.0,1.0,1.0,1.0,1.0,1.0,0.9979720269786031,9.580799315025513e-21,0.0020279599585778384
Facade00009_losslessG-limitlossyA_5.ply,Facade00009.ply,losslessG-limitlossyA,10,4.46666666666667,801495,801495,2.8680453300476074,0.10894012451171875,0.9915241706659145,0.9963339879649137,0.9964855638516015,0.878332715387461,0.2756033132084131,0.2971636755421106,0.10969013000907119,0.6354465521330446,0.620755566744241,0.8148966762136733,0.4204295057696338,0.8086356061405884,0.0,0.0,0.0,0.0,1.3929166360324172,1.5117540266893057,2.541757118398511,1.3929166360324172,1.5117540266893057,8.325089007524715e-14,4.013737909334981e-14,4.4637885697410616e-14,1.0,1.0,1.0,8.390817006582587e-17,8.332750967987042e-17,7.621657864807712e-17,1.0,1.0,1.0,1.0,1.0,1.0,1.0,0.9979720269786031,9.580799315025513e-21,0.0020279599585778384
Facade00009_losslessG-limitlossyA_6.ply,Facade00009.ply,losslessG-limitlossyA,10,4.16666666666667,801495,801495,2.9038708209991455,0.0650177001953125,0.9846196877049128,0.9933432282836488,0.9937975263346674,0.827840432136006,0.1952253777209659,0.21191904275988444,0.16056495597907947,0.7191177718495535,0.7048097284297509,0.7493782486945963,0.33187982121767845,0.7399173842084033,0.0,0.0,0.0,0.0,1.3929166360324172,1.5117540266893057,2.541757118398511,1.3929166360324172,1.5117540266893057,8.325089007524715e-14,4.013737909334981e-14,4.4637885697410616e-14,1.0,1.0,1.0,8.390817006582587e-17,8.332750967987042e-17,7.621657864807712e-17,1.0,1.0,1.0,1.0,1.0,1.0,1.0,0.9979720269786031,9.580799315025513e-21,0.0020279599585778384
Facade00009_losslessG-limitlossyA_7.ply,Facade00009.ply,losslessG-limitlossyA,10,4.03571428571429,801495,801495,2.926560878753662,0.12900161743164062,0.9724190187678386,0.9893418247321578,0.9897104228349346,0.7539109391795876,0.14089438009053587,0.15163427458566048,0.22307130549483617,0.7704873443242012,0.7640786848460208,0.6662464701164243,0.25887222109951585,0.6524053234820499,0.0,0.0,0.0,0.0,1.3929166360324172,1.5117540266893057,2.541757118398511,1.3929166360324172,1.5117540266893057,8.325089007524715e-14,4.013737909334981e-14,4.4637885697410616e-14,1.0,1.0,1.0,8.390817006582587e-17,8.332750967987042e-17,7.621657864807712e-17,1.0,1.0,1.0,1.0,1.0,1.0,1.0,0.9979720269786031,9.580799315025513e-21,0.0020279599585778384
Facade00009_RayleighNoise_1.ply,Facade00009.ply,RayleighNoise,25,4.375,801495,801495,2.8319802284240723,0.1573944091796875,0.9300773632120569,0.9984889858388099,0.9985518139797633,0.9170008773404625,0.35834647982980294,0.3864788946692147,0.07403206421445453,0.5582569202163702,0.5325865028429917,0.8569786946673085,0.5024983373289219,0.8532739762222983,0.0,0.0,0.0,0.0,1.3929166360324172,1.5117540266893057,2.541757118398511,1.3929166360324172,1.5117540266893057,8.325089007524715e-14,4.013737909334981e-14,4.4637885697410616e-14,1.0,1.0,1.0,8.390817006582587e-17,8.332750967987042e-17,7.621657864807712e-17,1.0,1.0,1.0,1.0,1.0,1.0,1.0,0.9979720269786031,9.580799315025513e-21,0.0020279599585778384
Facade00009_RayleighNoise_3.ply,Facade00009.ply,RayleighNoise,25,3.57142857142857,801495,801495,2.842616558074951,0.08407974243164062,0.8226117237268222,0.9954886736961163,0.9956587457771208,0.7120595084156592,0.07540459801431747,0.09135565479763806,0.2548854271113855,0.8267463018576631,0.8060199491770198,0.5755041469324274,0.1728623001059959,0.5652212551289805,0.0,0.0,0.0,0.0,1.3929166360324172,1.5117540266893057,2.541757118398511,1.3929166360324172,1.5117540266893057,8.325089007524715e-14,4.013737909334981e-14,4.4637885697410616e-14,1.0,1.0,1.0,8.390817006582587e-17,8.332750967987042e-17,7.621657864807712e-17,1.0,1.0,1.0,1.0,1.0,1.0,1.0,0.9979720269786031,9.580799315025513e-21,0.0020279599585778384
Facade00009_RayleighNoise_4.ply,Facade00009.ply,RayleighNoise,25,3.0,801495,801495,2.8484013080596924,0.12572479248046875,0.7804124824434575,0.9940126455972235,0.9941166560836686,0.6413636133504177,0.04766523297945184,0.06141180798976887,0.3243340229479481,0.8681748862084254,0.8484630376445719,0.4900364794756947,0.12547049367578617,0.4774396589016341,0.0,0.0,0.0,0.0,1.3929166360324172,1.5117540266893057,2.541757118398511,1.3929166360324172,1.5117540266893057,8.325089007524715e-14,4.013737909334981e-14,4.4637885697410616e-14,1.0,1.0,1.0,8.390817006582587e-17,8.332750967987042e-17,7.621657864807712e-17,1.0,1.0,1.0,1.0,1.0,1.0,1.0,0.9979720269786031,9.580799315025513e-21,0.0020279599585778384
Facade00009_RayleighNoise_5.ply,Facade00009.ply,RayleighNoise,25,2.89285714285714,801495,801495,2.834901809692383,0.07209014892578125,0.7445632230545717,0.9926321311484789,0.9923795764572758,0.594814692280508,0.03485380552606206,0.047737633834936566,0.38140648624484047,0.8947071624320818,0.8735615594605105,0.4354621598074797,0.10143357033613061,0.42180119720269577,0.0,0.0,0.0,0.0,1.3929166360324172,1.5117540266893057,2.541757118398511,1.3929166360324172,1.5117540266893057,8.325089007524715e-14,4.013737909334981e-14,4.4637885697410616e-14,1.0,1.0,1.0,8.390817006582587e-17,8.332750967987042e-17,7.621657864807712e-17,1.0,1.0,1.0,1.0,1.0,1.0,1.0,0.9979720269786031,9.580799315025513e-21,0.0020279599585778384
Facade00009_RayleighNoise_7.ply,Facade00009.ply,RayleighNoise,25,2.53571428571429,801495,801495,2.857027053833008,0.11354446411132812,0.6900879113274887,0.9899317628569261,0.9886282728065414,0.5548073545936442,0.025464722487564737,0.039045295766642035,0.47373971641367796,0.9267545014227707,0.9058465401015435,0.39026934034512256,0.08450023114183965,0.37691779665415776,0.0,0.0,0.0,0.0,1.3929166360324172,1.5117540266893057,2.541757118398511,1.3929166360324172,1.5117540266893057,8.325089007524715e-14,4.013737909334981e-14,4.4637885697410616e-14,1.0,1.0,1.0,8.390817006582587e-17,8.332750967987042e-17,7.621657864807712e-17,1.0,1.0,1.0,1.0,1.0,1.0,1.0,0.9979720269786031,9.580799315025513e-21,0.0020279599585778384
Facade00009_reconstruction_3.ply,Facade00009.ply,reconstruction,4,2.78571428571429,801495,800000,2.9998512268066406,0.0946197509765625,0.9480084932112426,0.9966207085636967,0.9968942724045942,0.6715086952586123,0.6846571228550454,0.6497808061827594,0.9606690536481868,0.9634278602249781,0.9675673910843167,0.6765467287782729,0.7039179811874476,0.6249437425597182,3.518653026735268,1.5845271648478465,1.6520145508064392,1.9947807033733052,1.3929166360324172,1.5117540266893057,3.45754164719548,1.89439013914034,1.5220123010615,3.400899616016118,1.7341793055013062,1.9147450294892774,0.6150275081114152,0.49268317982459947,0.3169783701416231,0.9989384507636109,0.9951029021100597,0.967025730905105,0.4445868452901788,0.4255929016310899,0.750014625412046,0.6448356052337713,0.3624491011402864,0.4865259926319452,0.4361585265305733,0.4551265287310427,0.5456776698088844,0.21776950674272494
Facade00009_reconstruction_4.ply,Facade00009.ply,reconstruction,4,2.64285714285714,801495,800000,3.0587682723999023,0.1187744140625,0.9490279468869423,0.9966702289163373,0.9969337405552386,0.661695464868793,0.6694963077120993,0.635958050781567,0.9601720560774355,0.9637485579309125,0.9699361766117168,0.6668095105262644,0.6907465852040943,0.6138386596653155,3.528854732631237,1.58167912588044,1.6592408389487758,2.0064742321689186,1.3929166360324172,1.5117540266893057,3.457336393252351,1.8904926837926286,1.5467886714729342,3.4046204801096303,1.7334583110534287,1.9190151382978284,0.6219511027670875,0.5007268960372327,0.3210138347992879,0.9993673332240187,0.996121679544373,0.9693107574244731,0.45150349634335685,0.4336161562080928,0.7497131006108735,0.64341769618894,0.3638239460580346,0.4866174578115305,0.43645131665508374,0.4544950066443185,0.5441582024412648,0.22163368729561084
Facade00009_reconstruction_5.ply,Facade00009.ply,reconstruction,4,2.35714285714286,801495,800000,3.0209853649139404,0.10174179077148438,0.9490042968531742,0.9966884342981219,0.9969364788277275,0.6517361396179043,0.6592676488900179,0.6240462838796732,0.9576845311351058,0.9631872574073577,0.9677842998075706,0.656609020476817,0.6785701246950144,0.6027920038833238,3.5804253752121125,1.6276935994165547,1.6912867730400756,2.015734650186313,1.3929166360324172,1.5117540266893057,3.5004477421513833,1.8936836561688635,1.5790195446692854,3.422942424849617,1.7477326429518842,1.920135095489265,0.6256784619275528,0.5046060156404273,0.31318129293183933,0.9981339004393526,0.9961122024305041,0.9692164717490992,0.448513044308119,0.4367608580775397,0.7407380511338596,0.6395697481684957,0.366425815671671,0.4824632037696694,0.4304516709844767,0.4553632563747698,0.5437323767739911,0.22787816272646927
Facade00009_reconstruction_6.ply,Facade00009.ply,reconstruction,4,2.5,801495,800000,3.0371251106262207,0.11861419677734375,0.9496088170126459,0.9966983377052823,0.9969272216091816,0.6354887984873209,0.6362254499924149,0.596263450658859,0.9602909117862837,0.9650740303035164,0.9699229931272094,0.6402170911811436,0.6542231449938876,0.5847863233489534,3.702282126869128,1.69016595430969,1.7539580549196272,2.08108873510602,1.3929166360324172,1.5117540266893057,3.6613341235803483,1.946792623018151,1.7271437210874958,3.4885703098477934,1.7751498295203942,1.9689848744342933,0.6327172460443685,0.5124726343328772,0.2987883498777355,0.998833376169304,0.995528922826606,0.970297875195955,0.44325770339960013,0.44151253913919086,0.7218299437720037,0.6261636245523435,0.3641183257345606,0.4732757156752241,0.4192304224632477,0.44732900575082296,0.5483592717722293,0.25004244530655667
Facade00009_reconstruction_7.ply,Facade00009.ply,reconstruction,4,2.10714285714286,801495,800000,2.97129487991333,0.11126327514648438,0.9458077724564611,0.9964741354101846,0.9966938096448643,0.5924830824166973,0.5907179299928899,0.5548566808292467,0.9660809314130122,0.9713868442620187,0.9767499202765345,0.5975614838368253,0.607948790573485,0.538935767991924,4.253057004296655,2.0276547979120827,2.0172247176402998,2.3372391603682807,1.3929166360324172,1.5117540266893057,4.36617255241259,2.219816730674351,2.241592843257533,3.906948525939499,1.9437925583795994,2.2351293487939263,0.6372214486749357,0.5162682946852579,0.22733514678121586,0.9996522601397102,0.9957481551819743,0.9773691729871216,0.40417154117481524,0.43204745838682085,0.6464748106569154,0.5800036217504798,0.3615258574934387,0.4255580474874699,0.3601207888966629,0.43079199341321245,0.5713539639894517,0.3264940124019291
Facade00064_GaussianNoise_1.ply,Facade00064.ply,GaussianNoise,19,2.82142857142857,793651,793651,2.8194358348846436,0.057125091552734375,0.9925039018836143,0.9927351983971694,0.9937379850788918,0.3228335827732639,0.019059459087032323,0.010204064293562388,0.5729495761198558,0.9131465758100263,0.936161375362302,0.17602625467061295,0.038840049633549194,0.14334733215087866,0.0,0.0,0.0,0.0,0.4952067293980991,0.796928520736794,1.1545051564478264,0.4952067293980991,0.796928520736794,7.824501466101419e-14,3.9333558915470573e-14,3.841740489028483e-14,1.0,1.0,1.0,8.366919847071476e-17,9.193485262380812e-17,7.61916901935873e-17,1.0,1.0,1.0,1.0,1.0,1.0,1.0,0.9994902596515491,0.0,0.0005097272958966907
Facade00064_GaussianNoise_3.ply,Facade00064.ply,GaussianNoise,19,2.5,793651,793651,2.785428285598755,0.10770416259765625,0.9880722078922387,0.9884743340742317,0.9900577033614169,0.17752725016960083,0.007986146685456049,0.004244748104519717,0.7072967544340943,0.9475420460941378,0.9596006197612349,0.08586549425408234,0.017223084372357325,0.06329366078989418,0.0,0.0,0.0,0.0,0.4952067293980991,0.796928520736794,1.1545051564478264,0.4952067293980991,0.796928520736794,7.824501466101419e-14,3.9333558915470573e-14,3.841740489028483e-14,1.0,1.0,1.0,8.366919847071476e-17,9.193485262380812e-17,7.61916901935873e-17,1.0,1.0,1.0,1.0,1.0,1.0,1.0,0.9994902596515491,0.0,0.0005097272958966907
Facade00064_GaussianNoise_4.ply,Facade00064.ply,GaussianNoise,19,1.7,793651,793651,2.828585147857666,0.06664276123046875,0.9851161904169164,0.9857563099769108,0.9879694091150271,0.1298519136706485,0.005377155624154848,0.0028159182540980388,0.7639716021844639,0.9555052890098894,0.9663995463941786,0.06022877931386522,0.011720553173464385,0.04237179973686738,0.0,0.0,0.0,0.0,0.4952067293980991,0.796928520736794,1.1545051564478264,0.4952067293980991,0.796928520736794,7.824501466101419e-14,3.9333558915470573e-14,3.841740489028483e-14,1.0,1.0,1.0,8.366919847071476e-17,9.193485262380812e-17,7.61916901935873e-17,1.0,1.0,1.0,1.0,1.0,1.0,1.0,0.9994902596515491,0.0,0.0005097272958966907
Facade00064_GaussianNoise_5.ply,Facade00064.ply,GaussianNoise,19,2.0,793651,793651,2.8804001808166504,0.1363067626953125,0.9817290568768954,0.9825913655107738,0.9849494719575276,0.09717339783070882,0.003757642767406235,0.001977555349719942,0.8119601834341659,0.9638542572019521,0.9749709225750813,0.04356180494413813,0.008311331550453787,0.029379892842838123,0.0,0.0,0.0,0.0,0.4952067293980991,0.796928520736794,1.1545051564478264,0.4952067293980991,0.796928520736794,7.824501466101419e-14,3.9333558915470573e-14,3.841740489028483e-14,1.0,1.0,1.0,8.366919847071476e-17,9.193485262380812e-17,7.61916901935873e-17,1.0,1.0,1.0,1.0,1.0,1.0,1.0,0.9994902596515491,0.0,0.0005097272958966907
Facade00064_GaussianNoise_7.ply,Facade00064.ply,GaussianNoise,19,1.5,793651,793651,2.7548646926879883,0.14238739013671875,0.9731027804868655,0.9741639423207681,0.9782886405820305,0.062026899605314816,0.0022126242784903526,0.0011597209737452395,0.8820125354496776,0.9799236918656666,0.9843623632828492,0.02656690287956077,0.004966029768216919,0.01683404856378893,0.0,0.0,0.0,0.0,0.4952067293980991,0.796928520736794,1.1545051564478264,0.4952067293980991,0.796928520736794,7.824501466101419e-14,3.9333558915470573e-14,3.841740489028483e-14,1.0,1.0,1.0,8.366919847071476e-17,9.193485262380812e-17,7.61916901935873e-17,1.0,1.0,1.0,1.0,1.0,1.0,1.0,0.9994902596515491,0.0,0.0005097272958966907
Facade00064_LocalOffset_1.ply,Facade00064.ply,LocalOffset,13,2.39285714285714,793651,793651,2.9163057804107666,0.12714004516601562,0.9931127372956501,0.9987597664311203,0.9992937359933532,0.9427723511463638,0.9499498340348079,0.9519047265892104,0.4246102370024635,0.427153667998927,0.4261944195216253,0.9441820916782738,0.9560435475758928,0.9334825325091999,8.044166063465962,3.8205416537988435,3.760259295277691,3.637816958732724,0.4952067293980991,0.796928520736794,9.047297592292281,4.202114507996834,4.307989619292043,8.29854410333025,3.8562225387199787,3.749994694947512,0.9216320038223229,0.9165935641231903,0.8827428157650493,0.4491955920149678,0.4458664303384937,0.36648376634644575,0.9143775245635878,0.9052232362966361,0.9680027604184137,0.896464690743061,0.828504487231187,0.9117438795505138,0.8965155558505916,0.8773927996100676,0.1094967129802047,0.045368166864298995
Facade00064_LocalOffset_2.ply,Facade00064.ply,LocalOffset,13,2.26666666666667,793651,793651,2.9327023029327393,0.14233779907226562,0.9880747744477505,0.99828821789497,0.9989000398112607,0.9032813875882767,0.9251952522474427,0.9305926907185422,0.5005255238020677,0.5033187782672106,0.5022550367584637,0.9055344874750353,0.932542296505005,0.8892635772172445,12.366390580815445,5.921136872872469,5.8887083193052,5.8915857245879435,0.4952067293980991,0.796928520736794,13.281160821707202,6.296515809589733,6.491112975436146,12.765041284368976,5.990271519607011,6.159934205915737,0.8927463554144374,0.8860473590212836,0.8145233930444452,0.5328123096358105,0.5282728510424424,0.4451045319419868,0.8690606201963644,0.8705931240957341,0.9327516523106382,0.8493639131647983,0.7657783188344646,0.8515254763716921,0.832277433676827,0.8263014638990549,0.15992305990690084,0.08481739281553821
Facade00064_LocalOffset_3.ply,Facade00064.ply,LocalOffset,13,1.92857142857143,793651,793651,3.050248622894287,0.18880081176757812,0.978321504478207,0.9972864717631997,0.998255279694978,0.8410769176497664,0.8844102668622558,0.8905095742228915,0.6241695094627262,0.6264064273319122,0.6260731538155409,0.8446659426149732,0.8934349940406183,0.8181602880942151,20.401508768829988,10.193801715142929,9.972343503943025,9.062832801344037,0.4952067293980991,0.796928520736794,21.131167390491516,10.314132139566034,9.501628748594419,21.308405181492137,10.208972441697496,9.80725301720993,0.8135628741655947,0.8027373246657133,0.6899012542259106,0.6566103929949889,0.6517214136312124,0.5778130169321785,0.7776923338093691,0.7742986622197204,0.8807474259454517,0.74652205396867,0.6348318206026095,0.748009110372698,0.7193101001132078,0.7273407197922582,0.26497023174699835,0.14269347029105
Facade00064_LocalOffset_4.ply,Facade00064.ply,LocalOffset,13,1.56666666666667,793651,793651,3.2432684898376465,0.17571258544921875,0.9712632489635492,0.9959054240312165,0.9974828068279478,0.7937662011275408,0.8367069743429373,0.8475798510396411,0.7122660750564994,0.7138494872220643,0.7129850815949169,0.7980033338640449,0.8538284212815599,0.763574462370388,31.941829507460717,14.061555179624776,14.071685141247091,17.470107949362315,0.4952067293980991,0.796928520736794,32.50669718428505,14.338983332792816,17.801637544377158,32.93779993792778,14.23711145371752,18.370677258672043,0.7511532823416597,0.7384520624979574,0.5849220311209027,0.7366288779602053,0.733827944253146,0.6726120658430755,0.7007504283016106,0.6987125877013003,0.8385659260417214,0.6663293325500625,0.5371106662435646,0.6654701834126453,0.628434982041978,0.6508971094702337,0.3427348592731365,0.20367464617953113
Facade00064_LocalOffset_5.ply,Facade00064.ply,LocalOffset,13,1.21428571428571,793651,793651,3.2983696460723877,0.15267562866210938,0.9669181998331273,0.9951805213845268,0.9969919906333015,0.7636363970800628,0.8146870506551795,0.8303976757162994,0.7533227414779362,0.7537663549370792,0.7535921307848935,0.7682479766931593,0.8340284477833534,0.72953305691002,38.98047319407326,17.19144192491986,16.97498963220869,21.92374710112118,0.4952067293980991,0.796928520736794,39.481827024668675,17.220537527693402,22.20747423110955,40.15961697980455,17.212355792772893,22.99481708014902,0.7261073270515241,0.7128504600215576,0.5352404252231117,0.773969556939935,0.7714092957402429,0.7183096551973923,0.6651807521766682,0.6709461358459138,0.8158934886950192,0.6333223869505468,0.4963157201906253,0.62324210939165,0.5838698592751653,0.6228690426160283,0.3795815479267189,0.21790777612838488
Facade00064_LocalRotation_1.ply,Facade00064.ply,LocalRotation,14,2.40625,793651,793651,2.8945486545562744,0.09648513793945312,0.9956561286060832,0.9994549892626201,0.9995475079900252,0.9555291342452035,0.968622365449455,0.9707198693028074,0.42383689170989863,0.4258792945867203,0.42441542052342435,0.9566512582882297,0.9717472155722572,0.9483373714483347,4.582675648706034,2.567376478923727,2.501606464163921,1.7446976275959416,0.4952067293980991,0.796928520736794,5.608657908457837,2.9563472304211706,2.422835967753715,4.871920241788792,2.674072638508859,1.8094540301814164,0.9448538186965573,0.9419393676650989,0.9009205945538494,0.4644964037932586,0.45815662945832913,0.36221287225643384,0.9390075858442104,0.9358814425299495,0.9646483719312716,0.9261886821863368,0.8581206832529865,0.9163978714231685,0.9067742050929479,0.8920356352680295,0.08740888438535623,0.04003653144320312
Facade00064_LocalRotation_2.ply,Facade00064.ply,LocalRotation,14,1.46428571428571,793651,793651,2.9344820976257324,0.03408050537109375,0.9897555830826577,0.9989036492060225,0.9991128446357801,0.9220313898387622,0.9392673664404574,0.9431069867557603,0.5021798458336804,0.5036259157748394,0.5032644448636566,0.9239949155760951,0.9481072600626721,0.9092348798596539,9.717670620634586,5.415858662423949,5.477513060441042,3.5184973261689767,0.4952067293980991,0.796928520736794,10.614323178241339,5.8831753115506435,4.0916773869764995,10.227814798094636,5.779818318163488,3.704867843050944,0.8940754286235758,0.8912565037139554,0.8157019935422535,0.5427533810839428,0.5370198610169359,0.4451936818665846,0.8773597746678953,0.8749210343794906,0.9316404530387669,0.8570297820124085,0.7774354868713947,0.8473434311226098,0.832192949822895,0.8258803990432373,0.1500534259324448,0.09262835949128231
Facade00064_LocalRotation_3.ply,Facade00064.ply,LocalRotation,14,1.57142857142857,793651,793651,3.0608632564544678,0.10544967651367188,0.9805171395714778,0.9979197188450538,0.9986345759370349,0.8783230787423612,0.9084390260132138,0.9157035220958777,0.5677661802443078,0.5682655934997877,0.5674880459585019,0.8810933522891384,0.9179995127603526,0.8599191468507766,17.37649197352133,9.810439954187977,9.686616715879588,6.112058504231536,0.4952067293980991,0.796928520736794,18.18205902336387,10.055800525070403,6.6205938695229065,19.31839197936521,10.87831760039385,6.536233580874781,0.8449325828483867,0.8408393706497795,0.727264870728665,0.6024964644874794,0.597054507216338,0.5156523745615403,0.815607844494491,0.8173044499768946,0.8878703258036064,0.8003117215538806,0.7039761804410025,0.7709817466154941,0.7503088457764311,0.769943107119317,0.212207017775216,0.13192357703653332
Facade00064_LocalRotation_4.ply,Facade00064.ply,LocalRotation,14,1.03571428571429,793651,793651,3.070209503173828,0.09040069580078125,0.9765363452398962,0.9972532649689307,0.9982576405080479,0.8590530541644039,0.8909432106191604,0.8988588714908247,0.6135588139171994,0.6139388777962367,0.6135132667879033,0.8624218000710328,0.9041727657670323,0.8375835079905101,19.360483930330936,10.796444467536327,10.714646356537267,7.0477081133068795,0.4952067293980991,0.796928520736794,20.09490191125936,11.060289538006858,7.494612251260683,21.48224161685765,11.962726944286931,7.623714473320009,0.8206679114013361,0.8153635781200544,0.679465841300389,0.6477399759323434,0.6427347459309762,0.563480195083661,0.7840535936447822,0.7900414363516877,0.8726695759462818,0.7663868915713471,0.6530536732070289,0.7328697986510887,0.7082467547826404,0.7316664492650232,0.2499628900963216,0.14938449021988356
Facade00064_LocalRotation_5.ply,Facade00064.ply,LocalRotation,14,1.07142857142857,793651,793651,3.1617414951324463,0.07476043701171875,0.9765359397795514,0.9972537951376476,0.9982576192677666,0.8591000575666444,0.8910131690957157,0.8989344969107518,0.6156739185157257,0.6160135712753686,0.6145177247158561,0.8624700347522823,0.9042457932530014,0.837643434685824,19.360483930330936,10.798662281301771,10.715304620518586,7.047308783456619,0.4952067293980991,0.796928520736794,20.09488867365833,11.060804364733215,7.494563071167348,21.482020134156148,11.962479498498176,7.6236886015501995,0.8206671433710582,0.8154041484715704,0.6795815987116255,0.6496331972907429,0.644451575365658,0.5649388974992321,0.7840971364876053,0.7900578897751771,0.8726520749690796,0.766453720018821,0.6541662856112846,0.732990309917516,0.708304665519035,0.7324910897952532,0.24946820973118614,0.14924114202661432
Facade00064_losslessG-limitlossyA_3.ply,Facade00064.ply,losslessG-limitlossyA,10,4.66666666666667,793651,793651,2.855648994445801,0.0783843994140625,0.9993611500113989,0.9992040127094542,0.9994208289534566,0.957821371721286,0.6731214634540705,0.5587752672706743,0.020302145966010505,0.3012426450268824,0.40158855958601114,0.9351846187355738,0.7166535335038234,0.9348393343583941,0.0,0.0,0.0,0.0,0.4952067293980991,0.796928520736794,1.1545051564478264,0.4952067293980991,0.796928520736794,7.824501466101419e-14,3.9333558915470573e-14,3.841740489028483e-14,1.0,1.0,1.0,8.366919847071476e-17,9.193485262380812e-17,7.61916901935873e-17,1.0,1.0,1.0,1.0,1.0,1.0,1.0,0.9994902596515491,0.0,0.0005097272958966907
Facade00064_losslessG-limitlossyA_4.ply,Facade00064.ply,losslessG-limitlossyA,10,4.53571428571429,793651,793651,2.836392641067505,0.10208892822265625,0.9986678053908445,0.9986740810323586,0.9989079375182637,0.910026950442842,0.38973008084875926,0.285779805339951,0.06940321154370795,0.5268434466391148,0.6199826509212369,0.841128398654372,0.47411339469998637,0.840887737293281,0.0,0.0,0.0,0.0,0.4952067293980991,0.796928520736794,1.1545051564478264,0.4952067293980991,0.796928520736794,7.824501466101419e-14,3.9333558915470573e-14,3.841740489028483e-14,1.0,1.0,1.0,8.366919847071476e-17,9.193485262380812e-17,7.61916901935873e-17,1.0,1.0,1.0,1.0,1.0,1.0,1.0,0.9994902596515491,0.0,0.0005097272958966907
Facade00064_losslessG-limitlossyA_5.ply,Facade00064.ply,losslessG-limitlossyA,10,3.82142857142857,793651,793651,2.8424060344696045,0.14472579956054688,0.9952612187402291,0.9963525430551041,0.9967468966886402,0.8010644006684594,0.19368723748598543,0.14156843504444722,0.2116942800250467,0.716606969109969,0.7738565412767977,0.6839878513110306,0.2893879211120339,0.6711720589465915,0.0,0.0,0.0,0.0,0.4952067293980991,0.796928520736794,1.1545051564478264,0.4952067293980991,0.796928520736794,7.824501466101419e-14,3.9333558915470573e-14,3.841740489028483e-14,1.0,1.0,1.0,8.366919847071476e-17,9.193485262380812e-17,7.61916901935873e-17,1.0,1.0,1.0,1.0,1.0,1.0,1.0,0.9994902596515491,0.0,0.0005097272958966907
Facade00064_losslessG-limitlossyA_6.ply,Facade00064.ply,losslessG-limitlossyA,10,3.21428571428571,793651,793651,2.8460843563079834,0.10221099853515625,0.989869733100803,0.9927719713938421,0.993630990131904,0.7014238748229125,0.16230157646547147,0.12573093222207266,0.33191561698532035,0.7880230289372804,0.8153419409224713,0.6197242777496774,0.2664698721067671,0.5962061583025744,0.0,0.0,0.0,0.0,0.4952067293980991,0.796928520736794,1.1545051564478264,0.4952067293980991,0.796928520736794,7.824501466101419e-14,3.9333558915470573e-14,3.841740489028483e-14,1.0,1.0,1.0,8.366919847071476e-17,9.193485262380812e-17,7.61916901935873e-17,1.0,1.0,1.0,1.0,1.0,1.0,1.0,0.9994902596515491,0.0,0.0005097272958966907
Facade00064_losslessG-limitlossyA_7.ply,Facade00064.ply,losslessG-limitlossyA,10,1.875,793651,793651,2.907249927520752,0.0736236572265625,0.980554639405104,0.9868860938247922,0.989205688228167,0.5521560057456548,0.15388867478425633,0.13959039760699732,0.4484454200313645,0.7885462041491021,0.8010689132721406,0.5430591015941946,0.271308070774911,0.5077996578908346,0.0,0.0,0.0,0.0,0.4952067293980991,0.796928520736794,1.1545051564478264,0.4952067293980991,0.796928520736794,7.824501466101419e-14,3.9333558915470573e-14,3.841740489028483e-14,1.0,1.0,1.0,8.366919847071476e-17,9.193485262380812e-17,7.61916901935873e-17,1.0,1.0,1.0,1.0,1.0,1.0,1.0,0.9994902596515491,0.0,0.0005097272958966907
Facade00064_RayleighNoise_1.ply,Facade00064.ply,RayleighNoise,25,4.06666666666667,793651,793651,2.7587103843688965,0.0576324462890625,0.9539191616353819,0.9983518104886955,0.998566010408364,0.8695024007863116,0.24742568010386978,0.159048374074773,0.12177903839698638,0.6497350339549577,0.732483807863954,0.7497864728411199,0.33376345770624666,0.7464989304965352,0.0,0.0,0.0,0.0,0.4952067293980991,0.796928520736794,1.1545051564478264,0.4952067293980991,0.796928520736794,7.824501466101419e-14,3.9333558915470573e-14,3.841740489028483e-14,1.0,1.0,1.0,8.366919847071476e-17,9.193485262380812e-17,7.61916901935873e-17,1.0,1.0,1.0,1.0,1.0,1.0,1.0,0.9994902596515491,0.0,0.0005097272958966907
Facade00064_RayleighNoise_3.ply,Facade00064.ply,RayleighNoise,25,2.67857142857143,793651,793651,2.8185808658599854,0.0611114501953125,0.873688483209453,0.9950269964856681,0.9957970278256923,0.48957167086960846,0.040733172128608365,0.022531953050186026,0.4361108871601889,0.8718230470574746,0.9057737781983799,0.30480177965598737,0.0768194458361818,0.26861126408857233,0.0,0.0,0.0,0.0,0.4952067293980991,0.796928520736794,1.1545051564478264,0.4952067293980991,0.796928520736794,7.824501466101419e-14,3.9333558915470573e-14,3.841740489028483e-14,1.0,1.0,1.0,8.366919847071476e-17,9.193485262380812e-17,7.61916901935873e-17,1.0,1.0,1.0,1.0,1.0,1.0,1.0,0.9994902596515491,0.0,0.0005097272958966907
Facade00064_RayleighNoise_4.ply,Facade00064.ply,RayleighNoise,25,2.71875,793651,793651,2.789309501647949,0.13862228393554688,0.8393785078527977,0.9934222687508816,0.9944606386463147,0.3787494638140331,0.024061023555384545,0.013780326966350448,0.5327664979377249,0.9016791830978677,0.9257780518636086,0.21549789315373158,0.0493789589918582,0.18057595012236716,0.0,0.0,0.0,0.0,0.4952067293980991,0.796928520736794,1.1545051564478264,0.4952067293980991,0.796928520736794,7.824501466101419e-14,3.9333558915470573e-14,3.841740489028483e-14,1.0,1.0,1.0,8.366919847071476e-17,9.193485262380812e-17,7.61916901935873e-17,1.0,1.0,1.0,1.0,1.0,1.0,1.0,0.9994902596515491,0.0,0.0005097272958966907
Facade00064_RayleighNoise_5.ply,Facade00064.ply,RayleighNoise,25,2.33333333333333,793651,793651,2.811406373977661,0.085968017578125,0.8095620829601593,0.9918744558153427,0.9928763944978772,0.31723433170871057,0.01670575758426057,0.010510031451638525,0.6019346641311513,0.9194871224913529,0.9353837722400733,0.17043473829491068,0.03720901829116541,0.13803271672658732,0.0,0.0,0.0,0.0,0.4952067293980991,0.796928520736794,1.1545051564478264,0.4952067293980991,0.796928520736794,7.824501466101419e-14,3.9333558915470573e-14,3.841740489028483e-14,1.0,1.0,1.0,8.366919847071476e-17,9.193485262380812e-17,7.61916901935873e-17,1.0,1.0,1.0,1.0,1.0,1.0,1.0,0.9994902596515491,0.0,0.0005097272958966907
Facade00064_RayleighNoise_7.ply,Facade00064.ply,RayleighNoise,25,1.92857142857143,793651,793651,2.795212507247925,0.08329010009765625,0.765880233442358,0.986564726467391,0.9876787924041007,0.28437342183110914,0.011609791137704403,0.00904132588382749,0.6905664314534907,0.935923898803507,0.9467971303391775,0.1418671630797878,0.029994130115301304,0.11188057093560569,0.0,0.0,0.0,0.0,0.4952067293980991,0.796928520736794,1.1545051564478264,0.4952067293980991,0.796928520736794,7.824501466101419e-14,3.9333558915470573e-14,3.841740489028483e-14,1.0,1.0,1.0,8.366919847071476e-17,9.193485262380812e-17,7.61916901935873e-17,1.0,1.0,1.0,1.0,1.0,1.0,1.0,0.9994902596515491,0.0,0.0005097272958966907
Fish_GammaNoise_1.ply,Fish.ply,GammaNoise,2,3.53571428571429,798030,798030,2.619823455810547,0.054576873779296875,0.8952371059719683,0.9990279955479262,0.9994481905797894,0.7526803640188641,0.9491403913464747,0.9470809928572418,0.2371605831430189,0.0483447652750188,0.048640555767224945,0.7666914680389169,0.8885964228988433,0.727679577721794,0.0,0.0,0.0,0.0,0.28331758856865885,0.21305529224161643,0.5069544680275573,0.28331758856865885,0.21305529224161643,7.10623761187434e-14,3.882273210914331e-14,2.3303648481100652e-14,1.0,1.0,1.0,9.408507518521397e-17,7.03572603359949e-17,5.1205645651601535e-17,1.0,1.0,1.0,1.0,1.0,1.0,1.0,0.9999999868090371,4.433355394330265e-20,-2.139648147188644e-17
Fish_GammaNoise_3.ply,Fish.ply,GammaNoise,2,3.33333333333333,798030,798030,2.6942408084869385,0.049285888671875,0.8602516986993755,0.997670734774141,0.9987705456364343,0.6674804980340013,0.9061986374085034,0.8990017315421026,0.3329110078941242,0.10401541331453283,0.10730595584112965,0.6826272783879402,0.8325881632184311,0.6364231529035523,0.0,0.0,0.0,0.0,0.28331758856865885,0.21305529224161643,0.5069544680275573,0.28331758856865885,0.21305529224161643,7.10623761187434e-14,3.882273210914331e-14,2.3303648481100652e-14,1.0,1.0,1.0,9.408507518521397e-17,7.03572603359949e-17,5.1205645651601535e-17,1.0,1.0,1.0,1.0,1.0,1.0,1.0,0.9999999868090371,4.433355394330265e-20,-2.139648147188644e-17
Fish_GammaNoise_4.ply,Fish.ply,GammaNoise,2,3.0,798030,798030,2.6493844985961914,0.05934906005859375,0.8431749090093139,0.9966796159153869,0.9982728582373371,0.6349156565834466,0.8810633892592264,0.8690983232018242,0.37809976330179346,0.1394208489930062,0.14637806310463242,0.6501252365196772,0.8065979857892763,0.6020620132740693,0.0,0.0,0.0,0.0,0.28331758856865885,0.21305529224161643,0.5069544680275573,0.28331758856865885,0.21305529224161643,7.10623761187434e-14,3.882273210914331e-14,2.3303648481100652e-14,1.0,1.0,1.0,9.408507518521397e-17,7.03572603359949e-17,5.1205645651601535e-17,1.0,1.0,1.0,1.0,1.0,1.0,1.0,0.9999999868090371,4.433355394330265e-20,-2.139648147188644e-17
Fish_GammaNoise_5.ply,Fish.ply,GammaNoise,2,3.06666666666667,798030,798030,2.6328237056732178,0.037975311279296875,0.8222403294208946,0.9950159216562459,0.9974211075812357,0.6020779719737762,0.8458162371505125,0.8274975921968545,0.430035408987927,0.19456229736767858,0.20344704960933896,0.6172380634948899,0.7755925058025732,0.5677149634246824,0.0,0.0,0.0,0.0,0.28331758856865885,0.21305529224161643,0.5069544680275573,0.28331758856865885,0.21305529224161643,7.10623761187434e-14,3.882273210914331e-14,2.3303648481100652e-14,1.0,1.0,1.0,9.408507518521397e-17,7.03572603359949e-17,5.1205645651601535e-17,1.0,1.0,1.0,1.0,1.0,1.0,1.0,0.9999999868090371,4.433355394330265e-20,-2.139648147188644e-17
Fish_GammaNoise_7.ply,Fish.ply,GammaNoise,2,2.39285714285714,798030,798030,2.691981792449951,0.05373382568359375,0.7646307434375287,0.9872095330814277,0.9935730534454843,0.5630803050158958,0.734126300141655,0.6932231286140008,0.5781857341972815,0.39737111783325096,0.41193242970305,0.5788415365621457,0.7092866798330585,0.5294283785298025,0.0,0.0,0.0,0.0,0.28331758856865885,0.21305529224161643,0.5069544680275573,0.28331758856865885,0.21305529224161643,7.10623761187434e-14,3.882273210914331e-14,2.3303648481100652e-14,1.0,1.0,1.0,9.408507518521397e-17,7.03572603359949e-17,5.1205645651601535e-17,1.0,1.0,1.0,1.0,1.0,1.0,1.0,0.9999999868090371,4.433355394330265e-20,-2.139648147188644e-17
Fish_reconstruction_3.ply,Fish.ply,reconstruction,4,4.13333333333333,798030,800000,2.7785768508911133,0.045379638671875,0.9788054386506051,0.9954964200976862,0.9975563247812177,0.5437415649601813,0.5496294823513096,0.5625258799609038,0.9416392007035953,0.9449138932550323,0.9472968594067325,0.546211533382664,0.5488501564919579,0.4799242360344585,1.171612154208772,0.6209652630244173,0.6484998860238826,0.423690779839203,0.28331758856865885,0.21305529224161643,1.1832806328737329,0.7084215806582457,0.30763865138198737,1.0009031765726857,0.5738394475716381,0.3290914372808243,0.90487890064988,0.8959534454522845,0.27913198510467513,0.9989631511967646,0.9998088132998363,0.5503382225697633,0.47677105866811514,0.8909288148900656,0.9764291312815339,0.881250724845335,0.3170210328720539,0.2775181231723378,0.27893103533831604,0.4969300512495275,0.5443372764833807,0.020942774469399527
Fish_reconstruction_4.ply,Fish.ply,reconstruction,4,4.25,798030,800000,2.7305169105529785,0.07514572143554688,0.9792966343926255,0.995541372573021,0.9976205995614336,0.532357976479143,0.5389948275768017,0.5523743456074154,0.9413535356510421,0.945869091629607,0.946285091338982,0.5347028539247446,0.53743086509798,0.467564442004824,1.1700479098264593,0.6287429837588276,0.6329915304091732,0.4260573494477201,0.28331758856865885,0.21305529224161643,1.1882791275902094,0.6984088001768223,0.31096099040007863,0.9952538614997853,0.5659258246043907,0.32867165299370316,0.9057727564615144,0.8941980764294605,0.2862389660067761,0.9992621091199262,1.0006073313850392,0.5498876232286054,0.48433411814294636,0.890032578842759,0.9778684474587267,0.8828316598613365,0.3223222114348135,0.28301775939958834,0.2845132372908936,0.49932972155691446,0.5400992356765416,0.019287392979722647
Fish_reconstruction_5.ply,Fish.ply,reconstruction,4,4.0,798030,800000,2.781093120574951,0.07471084594726562,0.9788183395713563,0.9954526454037111,0.9975640983742516,0.5176829179829925,0.5252344520918567,0.5392078322690569,0.9415998567446172,0.9446162441354534,0.9477129040507389,0.5201011417354706,0.522708227039787,0.4522711045922516,1.1682453944294453,0.6224902170694389,0.6320055776797384,0.43135426712441916,0.28331758856865885,0.21305529224161643,1.188389245444018,0.7003407516500796,0.3176458028552884,1.001872389480999,0.5726376963399107,0.33522458641939457,0.9056353296876006,0.8928552320288837,0.285082287587869,0.9979437861404667,1.000590063627478,0.5513454282886519,0.48320094695060845,0.888656208822981,0.97847182686197,0.8819950511312679,0.31693475829784257,0.282000111165089,0.28355258000635,0.49719054522803136,0.5437058136836593,0.01948826933391951
Fish_reconstruction_6.ply,Fish.ply,reconstruction,4,4.03333333333333,798030,800000,2.7439770698547363,0.07323455810546875,0.9782542806887475,0.9952804846202575,0.997486609846718,0.48921635097869487,0.4946215857635144,0.5088690743733397,0.945779382446939,0.9494113557204843,0.9518284592722093,0.49136001982009464,0.4915513743748984,0.422289286998853,1.2022280568693735,0.6484869074534929,0.6449589881438434,0.4428102860456675,0.28331758856865885,0.21305529224161643,1.21863816084478,0.7105955427399309,0.3320960629951486,1.0222432882191026,0.5757434860917815,0.34707227846992766,0.905363180191743,0.8949385601466765,0.2813305657378151,1.0015263608767593,0.9990401794173822,0.5509652154611454,0.48162902480268244,0.8907092666757656,0.9771675253003633,0.8815567935265347,0.32004688512282436,0.2772070706463182,0.27874490296643895,0.49889006424750626,0.5401297753184586,0.021300663595602346
Fish_reconstruction_7.ply,Fish.ply,reconstruction,4,3.6875,798030,800000,2.7727882862091064,0.18048858642578125,0.9743387622775672,0.9944722126035059,0.9970693946900098,0.4283450139726979,0.4391136760713202,0.45558560665294645,0.9535636797308543,0.955046148820939,0.9559450628363217,0.43029402355496443,0.4310102662136564,0.3602373423021277,1.3100542607968548,0.6973608469107545,0.6906820722451017,0.5142630754696226,0.28331758856865885,0.21305529224161643,1.3277058818488818,0.7519301741615296,0.41843231737243103,1.1230247852707558,0.6172599668548184,0.42469684801881025,0.9021132096398766,0.8957834170753851,0.24768235084892187,0.9985832160370247,0.998960473246122,0.5548811873653009,0.44942943089693455,0.8913459826512399,0.9706663260287682,0.8783662033695774,0.31618147473443314,0.2402297328269603,0.2416461196038224,0.4948062776795681,0.5439806123063831,0.028139748467439663
FishV1_GammaNoise_1.ply,FishV1.ply,GammaNoise,2,3.5,808618,808618,2.8676655292510986,0.145599365234375,0.9059477246683598,0.9941559683012025,0.9971670467835805,0.2421904102724025,0.6648229026810598,0.4380917339351877,0.6788610874981338,0.23106242228251042,0.4015137536030164,0.2620667537592798,0.3589340902217787,0.20044987430551917,0.0,0.0,0.0,0.0,0.2510262917084953,0.7256062214306632,0.9021086834300891,0.2510262917084953,0.7256062214306632,7.49191314957295e-14,3.698271951252586e-14,3.77994002437937e-14,1.0,1.0,1.0,7.54072091544487e-17,7.781599239691977e-17,8.300659539333213e-17,1.0,1.0,1.0,1.0,1.0,1.0,1.0,0.9998435108000384,8.686171612292427e-20,0.00015647615694556127
FishV1_GammaNoise_3.ply,FishV1.ply,GammaNoise,2,3.67857142857143,808618,808618,3.0090012550354004,0.11137008666992188,0.875997409381951,0.984293481663796,0.9920196825009824,0.20373392135233717,0.4503505367942612,0.2793298732868753,0.7458974671135122,0.4243806234425023,0.5705841033414601,0.2060320819502372,0.23300138776306217,0.1578352830253218,0.0,0.0,0.0,0.0,0.2510262917084953,0.7256062214306632,0.9021086834300891,0.2510262917084953,0.7256062214306632,7.49191314957295e-14,3.698271951252586e-14,3.77994002437937e-14,1.0,1.0,1.0,7.54072091544487e-17,7.781599239691977e-17,8.300659539333213e-17,1.0,1.0,1.0,1.0,1.0,1.0,1.0,0.9998435108000384,8.686171612292427e-20,0.00015647615694556127
FishV1_GammaNoise_4.ply,FishV1.ply,GammaNoise,2,3.23333333333333,808618,808618,2.8666112422943115,0.09517669677734375,0.8617593460932712,0.9769816011574641,0.9884162889721892,0.19722186608257852,0.3531686399943186,0.22598137903394855,0.7684550256974562,0.5154207170339953,0.6314312355931538,0.19050178939575427,0.19134741329327426,0.14676037460812272,0.0,0.0,0.0,0.0,0.2510262917084953,0.7256062214306632,0.9021086834300891,0.2510262917084953,0.7256062214306632,7.49191314957295e-14,3.698271951252586e-14,3.77994002437937e-14,1.0,1.0,1.0,7.54072091544487e-17,7.781599239691977e-17,8.300659539333213e-17,1.0,1.0,1.0,1.0,1.0,1.0,1.0,0.9998435108000384,8.686171612292427e-20,0.00015647615694556127
FishV1_GammaNoise_5.ply,FishV1.ply,GammaNoise,2,3.0,808618,808618,2.8997979164123535,0.08997726440429688,0.8448346775063904,0.9653771059815541,0.9831487932712891,0.1965767617180426,0.25104707276998506,0.17741839620145405,0.7963537126093914,0.6155591396389684,0.6928500457739974,0.17844144142907134,0.15540654252862748,0.13864498508615958,0.0,0.0,0.0,0.0,0.2510262917084953,0.7256062214306632,0.9021086834300891,0.2510262917084953,0.7256062214306632,7.49191314957295e-14,3.698271951252586e-14,3.77994002437937e-14,1.0,1.0,1.0,7.54072091544487e-17,7.781599239691977e-17,8.300659539333213e-17,1.0,1.0,1.0,1.0,1.0,1.0,1.0,0.9998435108000384,8.686171612292427e-20,0.00015647615694556127
FishV1_GammaNoise_7.ply,FishV1.ply,GammaNoise,2,2.92857142857143,808618,808618,2.895205497741699,0.05878448486328125,0.8002688131852776,0.9108451035780966,0.9632558346479758,0.23065357071516035,0.1036209170299397,0.1328491801309731,0.8543276405547382,0.7932215326682063,0.7779944793901866,0.1723197330789104,0.12186377693776436,0.1349733580506002,0.0,0.0,0.0,0.0,0.2510262917084953,0.7256062214306632,0.9021086834300891,0.2510262917084953,0.7256062214306632,7.49191314957295e-14,3.698271951252586e-14,3.77994002437937e-14,1.0,1.0,1.0,7.54072091544487e-17,7.781599239691977e-17,8.300659539333213e-17,1.0,1.0,1.0,1.0,1.0,1.0,1.0,0.9998435108000384,8.686171612292427e-20,0.00015647615694556127
FishV1_SaltpepperNoise_1.ply,FishV1.ply,SaltpepperNoise,15,3.84375,808618,808618,2.9067327976226807,0.054759979248046875,0.993771780512014,0.9909261689499278,0.998430782991051,0.36582249493769764,0.35390954844434835,0.40634604708285166,0.562808746584958,0.5235389623086881,0.43222230393485855,0.362603794180525,0.34335307648429253,0.32610770693163565,0.0,0.0,0.0,0.0,0.2510262917084953,0.7256062214306632,0.9021086834300891,0.2510262917084953,0.7256062214306632,7.49191314957295e-14,3.698271951252586e-14,3.77994002437937e-14,1.0,1.0,1.0,7.54072091544487e-17,7.781599239691977e-17,8.300659539333213e-17,1.0,1.0,1.0,1.0,1.0,1.0,1.0,0.9998435108000384,8.686171612292427e-20,0.00015647615694556127
FishV1_SaltpepperNoise_3.ply,FishV1.ply,SaltpepperNoise,15,2.92857142857143,808618,808618,2.905951976776123,0.060436248779296875,0.9805581741443311,0.9576940944860245,0.9920710953778006,0.08105019352248889,0.10259532436926139,0.15305912378250272,0.8530743915285341,0.765793102956728,0.6629029922374712,0.08269929353140115,0.08642975374757575,0.06265637800974883,0.0,0.0,0.0,0.0,0.2510262917084953,0.7256062214306632,0.9021086834300891,0.2510262917084953,0.7256062214306632,7.49191314957295e-14,3.698271951252586e-14,3.77994002437937e-14,1.0,1.0,1.0,7.54072091544487e-17,7.781599239691977e-17,8.300659539333213e-17,1.0,1.0,1.0,1.0,1.0,1.0,1.0,0.9998435108000384,8.686171612292427e-20,0.00015647615694556127
FishV1_SaltpepperNoise_4.ply,FishV1.ply,SaltpepperNoise,15,3.32142857142857,808618,808618,2.9010775089263916,0.060184478759765625,0.9727472753685713,0.9391479957929493,0.9880721156461614,0.06092800710006374,0.08486397285872838,0.13110313781644498,0.8866305550203583,0.7917591221225224,0.6949542153847708,0.06278675385657706,0.06959412823278222,0.04722344324457485,0.0,0.0,0.0,0.0,0.2510262917084953,0.7256062214306632,0.9021086834300891,0.2510262917084953,0.7256062214306632,7.49191314957295e-14,3.698271951252586e-14,3.77994002437937e-14,1.0,1.0,1.0,7.54072091544487e-17,7.781599239691977e-17,8.300659539333213e-17,1.0,1.0,1.0,1.0,1.0,1.0,1.0,0.9998435108000384,8.686171612292427e-20,0.00015647615694556127
FishV1_SaltpepperNoise_5.ply,FishV1.ply,SaltpepperNoise,15,2.96428571428571,808618,808618,2.904630422592163,0.06432723999023438,0.9652137300854103,0.9223589433159183,0.9840566265133631,0.049903012493037184,0.07532279932100802,0.11892426465078136,0.9068149061076942,0.8113282866531095,0.7162964963506764,0.051914427728195885,0.060599919466481585,0.03882601859627539,0.0,0.0,0.0,0.0,0.2510262917084953,0.7256062214306632,0.9021086834300891,0.2510262917084953,0.7256062214306632,7.49191314957295e-14,3.698271951252586e-14,3.77994002437937e-14,1.0,1.0,1.0,7.54072091544487e-17,7.781599239691977e-17,8.300659539333213e-17,1.0,1.0,1.0,1.0,1.0,1.0,1.0,0.9998435108000384,8.686171612292427e-20,0.00015647615694556127
FishV1_SaltpepperNoise_7.ply,FishV1.ply,SaltpepperNoise,15,2.89285714285714,808618,808618,2.897937536239624,0.06774520874023438,0.9499339335570035,0.8913053746160282,0.9758770095285819,0.038084119179430144,0.06566474248455131,0.10624687196366586,0.9316594558910708,0.834864059265472,0.745866929361231,0.04017034928860362,0.051293072502655426,0.029794977450957202,0.0,0.0,0.0,0.0,0.2510262917084953,0.7256062214306632,0.9021086834300891,0.2510262917084953,0.7256062214306632,7.49191314957295e-14,3.698271951252586e-14,3.77994002437937e-14,1.0,1.0,1.0,7.54072091544487e-17,7.781599239691977e-17,8.300659539333213e-17,1.0,1.0,1.0,1.0,1.0,1.0,1.0,0.9998435108000384,8.686171612292427e-20,0.00015647615694556127
GermanBoxer_GaussianNoise_1.ply,GermanBoxer.ply,GaussianNoise,19,4.03571428571429,738056,738056,2.7000370025634766,0.0501708984375,0.9881377677603999,0.9946351117517431,0.996081050819162,0.4898157809044094,0.030982617871276076,0.02380147254641089,0.4444907984716116,0.885278667611291,0.8856360556922751,0.304610574969674,0.06202373857087641,0.27044450252468083,0.0,0.0,0.0,0.0,0.17842060118812195,0.3508693912122609,0.4930102200803094,0.17842060118812195,0.3508693912122609,7.765114170713714e-14,3.8582333033371525e-14,4.0121962377291936e-14,1.0,1.0,1.0,7.567712597023015e-17,7.978707877819664e-17,8.382720790283563e-17,1.0,1.0,1.0,1.0,1.0,1.0,1.0,0.9999092881347746,8.559154423213306e-20,9.069883451993595e-05
GermanBoxer_GaussianNoise_3.ply,GermanBoxer.ply,GaussianNoise,19,3.32142857142857,738056,738056,2.6128056049346924,0.07220077514648438,0.9801134955727331,0.9912465921172658,0.9937755565230467,0.31076871609283163,0.01433971615129591,0.010701479009823095,0.59800105309968,0.9201682440100875,0.9159793916617406,0.16765951454297578,0.030624964522268837,0.1362815179609763,0.0,0.0,0.0,0.0,0.17842060118812195,0.3508693912122609,0.4930102200803094,0.17842060118812195,0.3508693912122609,7.765114170713714e-14,3.8582333033371525e-14,4.0121962377291936e-14,1.0,1.0,1.0,7.567712597023015e-17,7.978707877819664e-17,8.382720790283563e-17,1.0,1.0,1.0,1.0,1.0,1.0,1.0,0.9999092881347746,8.559154423213306e-20,9.069883451993595e-05
GermanBoxer_GaussianNoise_4.ply,GermanBoxer.ply,GaussianNoise,19,3.10714285714286,738056,738056,2.674053192138672,0.16631698608398438,0.9733122442119602,0.988846199371875,0.9921215315518953,0.2378743898543965,0.009862593212844387,0.007196304531862968,0.6673364758610055,0.9315532951106765,0.9230370631627014,0.12094188821783916,0.021363444763413293,0.09383947789262181,0.0,0.0,0.0,0.0,0.17842060118812195,0.3508693912122609,0.4930102200803094,0.17842060118812195,0.3508693912122609,7.765114170713714e-14,3.8582333033371525e-14,4.0121962377291936e-14,1.0,1.0,1.0,7.567712597023015e-17,7.978707877819664e-17,8.382720790283563e-17,1.0,1.0,1.0,1.0,1.0,1.0,1.0,0.9999092881347746,8.559154423213306e-20,9.069883451993595e-05
GermanBoxer_GaussianNoise_5.ply,GermanBoxer.ply,GaussianNoise,19,3.21875,738056,738056,2.579106092453003,0.12804031372070312,0.9636717193006697,0.9857539685212047,0.9899083776822852,0.17988711442223984,0.006817553340730439,0.004902571134508905,0.7270153906970122,0.9436912659866192,0.9344810838956812,0.08681303613707328,0.014965935798526316,0.06437690881437265,0.0,0.0,0.0,0.0,0.17842060118812195,0.3508693912122609,0.4930102200803094,0.17842060118812195,0.3508693912122609,7.765114170713714e-14,3.8582333033371525e-14,4.0121962377291936e-14,1.0,1.0,1.0,7.567712597023015e-17,7.978707877819664e-17,8.382720790283563e-17,1.0,1.0,1.0,1.0,1.0,1.0,1.0,0.9999092881347746,8.559154423213306e-20,9.069883451993595e-05
GermanBoxer_GaussianNoise_7.ply,GermanBoxer.ply,GaussianNoise,19,2.875,738056,738056,2.5800414085388184,0.07294845581054688,0.9291758679055304,0.9782376094121698,0.9832640331846704,0.10191068711070662,0.0032986560037086728,0.0024026176780653627,0.8255972886109173,0.9579170227497965,0.9473579873766089,0.045571731801400214,0.007534384080783951,0.03107360805954868,0.0,0.0,0.0,0.0,0.17842060118812195,0.3508693912122609,0.4930102200803094,0.17842060118812195,0.3508693912122609,7.765114170713714e-14,3.8582333033371525e-14,4.0121962377291936e-14,1.0,1.0,1.0,7.567712597023015e-17,7.978707877819664e-17,8.382720790283563e-17,1.0,1.0,1.0,1.0,1.0,1.0,1.0,0.9999092881347746,8.559154423213306e-20,9.069883451993595e-05
GermanBoxer_SaltpepperNoise_1.ply,GermanBoxer.ply,SaltpepperNoise,15,3.63333333333333,738056,738056,2.6816837787628174,0.089263916015625,0.9855960676264784,0.9984109277945014,0.9985904233492185,0.515445815818103,0.48059767106827495,0.416507497219727,0.42114746337515274,0.44132724700842324,0.4923884491974872,0.5097367196806989,0.4347213815197763,0.46471433363684456,0.0,0.0,0.0,0.0,0.17842060118812195,0.3508693912122609,0.4930102200803094,0.17842060118812195,0.3508693912122609,7.765114170713714e-14,3.8582333033371525e-14,4.0121962377291936e-14,1.0,1.0,1.0,7.567712597023015e-17,7.978707877819664e-17,8.382720790283563e-17,1.0,1.0,1.0,1.0,1.0,1.0,1.0,0.9999092881347746,8.559154423213306e-20,9.069883451993595e-05
GermanBoxer_SaltpepperNoise_3.ply,GermanBoxer.ply,SaltpepperNoise,15,2.90625,738056,738056,2.570587396621704,0.051517486572265625,0.9523915658082643,0.9921987350953851,0.9929637275273047,0.13704462352470823,0.20305941196045876,0.15033399651155077,0.7733743216447043,0.7151161177854255,0.7559917877049722,0.13526366339253695,0.1319023955301771,0.09728660086920694,0.0,0.0,0.0,0.0,0.17842060118812195,0.3508693912122609,0.4930102200803094,0.17842060118812195,0.3508693912122609,7.765114170713714e-14,3.8582333033371525e-14,4.0121962377291936e-14,1.0,1.0,1.0,7.567712597023015e-17,7.978707877819664e-17,8.382720790283563e-17,1.0,1.0,1.0,1.0,1.0,1.0,1.0,0.9999092881347746,8.559154423213306e-20,9.069883451993595e-05
GermanBoxer_SaltpepperNoise_4.ply,GermanBoxer.ply,SaltpepperNoise,15,2.85714285714286,738056,738056,2.589858055114746,0.0708770751953125,0.9338866377715936,0.9884283111031344,0.9894738252859712,0.09423394861452024,0.17242639836411774,0.12629632731018048,0.8231864996668155,0.7573375420188967,0.7922175436571334,0.09328084302744687,0.10229827382481223,0.06327472010050719,0.0,0.0,0.0,0.0,0.17842060118812195,0.3508693912122609,0.4930102200803094,0.17842060118812195,0.3508693912122609,7.765114170713714e-14,3.8582333033371525e-14,4.0121962377291936e-14,1.0,1.0,1.0,7.567712597023015e-17,7.978707877819664e-17,8.382720790283563e-17,1.0,1.0,1.0,1.0,1.0,1.0,1.0,0.9999092881347746,8.559154423213306e-20,9.069883451993595e-05
GermanBoxer_SaltpepperNoise_5.ply,GermanBoxer.ply,SaltpepperNoise,15,2.53571428571429,738056,738056,2.6539599895477295,0.04091644287109375,0.9174684219961834,0.9845867004465421,0.985864859154372,0.07158759066792392,0.1544131458463797,0.11241033531523205,0.8576397343252625,0.7869484574231682,0.8157784644356416,0.07101724968987798,0.08573638168434401,0.04624647281335466,0.0,0.0,0.0,0.0,0.17842060118812195,0.3508693912122609,0.4930102200803094,0.17842060118812195,0.3508693912122609,7.765114170713714e-14,3.8582333033371525e-14,4.0121962377291936e-14,1.0,1.0,1.0,7.567712597023015e-17,7.978707877819664e-17,8.382720790283563e-17,1.0,1.0,1.0,1.0,1.0,1.0,1.0,0.9999092881347746,8.559154423213306e-20,9.069883451993595e-05
GermanBoxer_SaltpepperNoise_7.ply,GermanBoxer.ply,SaltpepperNoise,15,2.5,738056,738056,2.5409202575683594,0.048473358154296875,0.8865576406546163,0.9770937024791166,0.9786352986023049,0.04943425140815962,0.13563446874430723,0.09789827296389152,0.8961614879777086,0.8242228151526177,0.8467115601432473,0.04925217698270501,0.069422933576336,0.03057241264364588,0.0,0.0,0.0,0.0,0.17842060118812195,0.3508693912122609,0.4930102200803094,0.17842060118812195,0.3508693912122609,7.765114170713714e-14,3.8582333033371525e-14,4.0121962377291936e-14,1.0,1.0,1.0,7.567712597023015e-17,7.978707877819664e-17,8.382720790283563e-17,1.0,1.0,1.0,1.0,1.0,1.0,1.0,0.9999092881347746,8.559154423213306e-20,9.069883451993595e-05
Handcream_C2AI-lossy-geom-lossy-attrs_3.ply,Handcream.ply,C2AI-lossy-geom-lossy-attrs,12,4.35714285714286,800000,526580,2.2286884784698486,0.043437957763671875,0.9910611612125095,0.994072533751188,0.9947391787267325,0.7533506272011133,0.39325337050361403,0.42940462536391505,0.9295826948241339,0.6850657155832632,0.7554466084291622,0.7636917894901668,0.4275152522209758,0.6690569731609951,1.6671015612693347,0.764989044955012,0.7637457316777585,0.9768417427372825,0.46641076988251806,0.2868315641620323,1.8228373791546226,0.8942428408325029,0.9782023481737917,1.465388043908842,0.561877670290824,1.065369012136913,0.8723262008076013,0.7786586112160336,0.22677066763671744,0.9982168337162326,1.0015563645175867,0.9840998195010626,0.5629956272322485,0.7854705399036902,0.9894347159558063,0.8998491072898465,0.22838769613109836,0.3082182586811184,0.2826216962447806,0.4957268287453121,0.5524779978916403,0.0026948274456350743
Handcream_C2AI-lossy-geom-lossy-attrs_4.ply,Handcream.ply,C2AI-lossy-geom-lossy-attrs,12,4.25,800000,498992,2.1787469387054443,0.0291748046875,0.9883294923967018,0.9925717519956062,0.9934383220854197,0.6837554259347997,0.34228010908045686,0.39364253028637186,0.9358983080453074,0.6324321887715239,0.7427508405612895,0.7048517493226086,0.3723550180867903,0.6040010421703205,1.879028328506529,0.8014186089894555,0.809741463302015,1.2043401781831329,0.46641076988251806,0.2868315641620323,2.0149418363678167,0.9337419542457595,1.191273169963434,1.678529020673624,0.5593817889802785,1.3142149230679494,0.8503140691647949,0.7547662008615651,0.21703937378830138,0.998790196362913,1.000255238954917,0.9830233405649842,0.540467216940558,0.7558787454550931,0.9882310504814187,0.900625949003978,0.21983757030861412,0.3072036838048486,0.2817981974384204,0.49475929743968305,0.5569054003851941,0.0040571895194444485
Handcream_C2AI-lossy-geom-lossy-attrs_5.ply,Handcream.ply,C2AI-lossy-geom-lossy-attrs,12,3.92857142857143,800000,493752,2.185171604156494,0.045406341552734375,0.9869271782825183,0.9911249398585555,0.9923062566239941,0.5957756557397719,0.30517620529268036,0.33543460404037906,0.9385084791463857,0.6113725888208683,0.6869805260171084,0.6277369099776452,0.31614550339944797,0.5203136180187248,1.8656369902165708,0.8069160341429007,0.8028986933765069,1.1761363615745428,0.46641076988251806,0.2868315641620323,2.003896062307139,0.9282739326065154,1.1616106890293572,1.5917047692725732,0.5645790304159422,1.192071990007161,0.846350287618011,0.7503781645542117,0.19549923267361946,0.9995896772091601,0.9996762135704876,0.9865412288982099,0.5196371290744468,0.7499401825001993,0.9857728553435204,0.9021853720960405,0.2259982060165261,0.28070105348354935,0.25696529121300254,0.4976177941948543,0.5503403163884522,0.006056559441070916
Handcream_C2AI-lossy-geom-lossy-attrs_6.ply,Handcream.ply,C2AI-lossy-geom-lossy-attrs,12,3.43333333333333,800000,491570,2.244431257247925,0.043468475341796875,0.9812465728312807,0.9887419500886598,0.9895464513679427,0.46806159797825087,0.26551018819292455,0.2630325977869172,0.945502474652478,0.5980283379128389,0.6248198480779512,0.4998587110329646,0.250794231528603,0.3919096341698397,2.2113603836035125,0.8605735090012058,0.8612897281271847,1.5446370939470841,0.46641076988251806,0.2868315641620323,2.3304140022569055,0.9777168920968919,1.5265674022227076,1.9969352858571139,0.587915760719077,1.6342265224804071,0.8431473576603308,0.7482487424915389,0.17114862031793598,1.0005128372490513,0.9978507605655614,0.9869062794888425,0.4949617977814511,0.7452949355265803,0.9802208141578822,0.9041354525208641,0.23076110885564516,0.2475551530325122,0.2260793205956958,0.49446092866537367,0.5522420990335402,0.00979901164675147
Handcream_C2AI-lossy-geom-lossy-attrs_7.ply,Handcream.ply,C2AI-lossy-geom-lossy-attrs,12,2.60714285714286,800000,487472,2.222059726715088,0.05094146728515625,0.9743244840990496,0.9849820253828403,0.9865903351224028,0.3525230140342892,0.2309892937302683,0.24313533719208047,0.9126410599590986,0.5649120655067564,0.6494473905535222,0.3877718330374003,0.19144571230649898,0.2912222680621735,3.0719005352740294,1.004942400209475,1.0114314122066483,2.4257709800051885,0.46641076988251806,0.2868315641620323,3.187920505619973,1.1189279971118533,2.42908832844359,3.010636783715747,0.6568359390711364,2.700636670442398,0.8396674771499186,0.7438638205913677,0.14329016085071988,1.0007494508663228,1.0000579683599087,0.9920690481228868,0.46362927620319766,0.738326115827509,0.9716595545623045,0.9025258699728157,0.2445562030325707,0.20979850670228878,0.19090306742529908,0.4935057983261647,0.5533674770674044,0.016066453597089143
Handcream_ColorNoise_3.ply,Handcream.ply,ColorNoise,20,4.21875,800000,800000,2.3486366271972656,0.08399581909179688,0.9970932208572958,0.9977418451800155,0.9978934840422756,0.5989726852189609,0.26092276752624816,0.2576515102849399,0.3581998947865162,0.6550689560182036,0.6604202230088868,0.544238821387737,0.30946028268044345,0.5227172786672091,0.0,0.0,0.0,0.0,0.46641076988251806,0.2868315641620323,0.7984510901085379,0.46641076988251806,0.2868315641620323,8.196857889293475e-14,4.0875028055024207e-14,4.146351988756623e-14,1.0,1.0,1.0,6.876754045321198e-17,8.091897291543915e-17,8.747188042831244e-17,1.0,1.0,1.0,1.0,1.0,1.0,1.0,0.9999530782568548,5.2079136158418074e-21,4.690871563932646e-05
Handcream_ColorNoise_4.ply,Handcream.ply,ColorNoise,20,3.39285714285714,800000,800000,2.365619659423828,0.07315444946289062,0.9952020565689605,0.9965133867805682,0.9967528278037999,0.5108980216824639,0.1735214430817137,0.16755865892937136,0.4423003144142239,0.7424474083545008,0.7499632429551406,0.4373519340991197,0.21024482866370578,0.41697356372025796,0.0,0.0,0.0,0.0,0.46641076988251806,0.2868315641620323,0.7984510901085379,0.46641076988251806,0.2868315641620323,8.196857889293475e-14,4.0875028055024207e-14,4.146351988756623e-14,1.0,1.0,1.0,6.876754045321198e-17,8.091897291543915e-17,8.747188042831244e-17,1.0,1.0,1.0,1.0,1.0,1.0,1.0,0.9999530782568548,5.2079136158418074e-21,4.690871563932646e-05
Handcream_ColorNoise_5.ply,Handcream.ply,ColorNoise,20,3.53333333333333,800000,800000,2.33439564704895,0.06953811645507812,0.9928567636708117,0.9951678859024268,0.9954824071073731,0.43457917595299655,0.11878700005299428,0.11325087069357463,0.5150200248491706,0.8002320982522303,0.8080922171108526,0.3461596862967601,0.1462540132990309,0.3242036949287844,0.0,0.0,0.0,0.0,0.46641076988251806,0.2868315641620323,0.7984510901085379,0.46641076988251806,0.2868315641620323,8.196857889293475e-14,4.0875028055024207e-14,4.146351988756623e-14,1.0,1.0,1.0,6.876754045321198e-17,8.091897291543915e-17,8.747188042831244e-17,1.0,1.0,1.0,1.0,1.0,1.0,1.0,0.9999530782568548,5.2079136158418074e-21,4.690871563932646e-05
Handcream_ColorNoise_6.ply,Handcream.ply,ColorNoise,20,3.3,800000,800000,2.3647117614746094,0.05394744873046875,0.9901579482979391,0.9936293775996026,0.9941031402516235,0.3658019898579523,0.08442007019639092,0.07868766300724093,0.576777650052821,0.8401305535702135,0.8486210226199102,0.27100415056417093,0.1038061764609131,0.24758759684869247,0.0,0.0,0.0,0.0,0.46641076988251806,0.2868315641620323,0.7984510901085379,0.46641076988251806,0.2868315641620323,8.196857889293475e-14,4.0875028055024207e-14,4.146351988756623e-14,1.0,1.0,1.0,6.876754045321198e-17,8.091897291543915e-17,8.747188042831244e-17,1.0,1.0,1.0,1.0,1.0,1.0,1.0,0.9999530782568548,5.2079136158418074e-21,4.690871563932646e-05
Handcream_ColorNoise_7.ply,Handcream.ply,ColorNoise,20,3.25,800000,800000,2.43109130859375,0.06760025024414062,0.9871106277284358,0.9919907706859203,0.9925273602144112,0.30833948871489497,0.06141804527317346,0.056495936296137785,0.632406024029,0.8678274839333354,0.8764728701711115,0.2125114064233842,0.07557733047224888,0.1888810675059972,0.0,0.0,0.0,0.0,0.46641076988251806,0.2868315641620323,0.7984510901085379,0.46641076988251806,0.2868315641620323,8.196857889293475e-14,4.0875028055024207e-14,4.146351988756623e-14,1.0,1.0,1.0,6.876754045321198e-17,8.091897291543915e-17,8.747188042831244e-17,1.0,1.0,1.0,1.0,1.0,1.0,1.0,0.9999530782568548,5.2079136158418074e-21,4.690871563932646e-05
Handcream_lossless-geom-lossy-attrs_3.ply,Handcream.ply,lossless-geom-lossy-attrs,7,4.60714285714286,800000,800000,2.3287622928619385,0.055644989013671875,0.9969381867861108,0.9972326648272232,0.997530659460074,0.8253343369763103,0.5882710276671799,0.6077210854636144,0.19917239438820467,0.4121858104621077,0.3985233953135124,0.8326021820613662,0.6265859274614197,0.7586884219874301,0.0,0.0,0.0,0.0,0.46641076988251806,0.2868315641620323,0.7984510901085379,0.46641076988251806,0.2868315641620323,8.196857889293475e-14,4.0875028055024207e-14,4.146351988756623e-14,1.0,1.0,1.0,6.876754045321198e-17,8.091897291543915e-17,8.747188042831244e-17,1.0,1.0,1.0,1.0,1.0,1.0,1.0,0.9999530782568548,5.2079136158418074e-21,4.690871563932646e-05
Handcream_lossless-geom-lossy-attrs_4.ply,Handcream.ply,lossless-geom-lossy-attrs,7,4.5,800000,800000,2.3724634647369385,0.06784439086914062,0.9953789798630852,0.9960790738007346,0.9965567258311769,0.7682436489209702,0.5259650743122611,0.5370010564649481,0.2481079868183609,0.4806170625576934,0.4613279384958922,0.7801069620499487,0.55760734141438,0.693430842044921,0.0,0.0,0.0,0.0,0.46641076988251806,0.2868315641620323,0.7984510901085379,0.46641076988251806,0.2868315641620323,8.196857889293475e-14,4.0875028055024207e-14,4.146351988756623e-14,1.0,1.0,1.0,6.876754045321198e-17,8.091897291543915e-17,8.747188042831244e-17,1.0,1.0,1.0,1.0,1.0,1.0,1.0,0.9999530782568548,5.2079136158418074e-21,4.690871563932646e-05
Handcream_lossless-geom-lossy-attrs_5.ply,Handcream.ply,lossless-geom-lossy-attrs,7,4.06666666666667,800000,800000,2.4048287868499756,0.0593109130859375,0.9930254936355155,0.9945023261508017,0.9951963299580786,0.7091821681393399,0.4341894149759358,0.45484867466455864,0.30531135382441654,0.5429708885245318,0.511788694684007,0.7236005756933918,0.4641643240914611,0.6294503788526582,0.0,0.0,0.0,0.0,0.46641076988251806,0.2868315641620323,0.7984510901085379,0.46641076988251806,0.2868315641620323,8.196857889293475e-14,4.0875028055024207e-14,4.146351988756623e-14,1.0,1.0,1.0,6.876754045321198e-17,8.091897291543915e-17,8.747188042831244e-17,1.0,1.0,1.0,1.0,1.0,1.0,1.0,0.9999530782568548,5.2079136158418074e-21,4.690871563932646e-05
Handcream_lossless-geom-lossy-attrs_6.ply,Handcream.ply,lossless-geom-lossy-attrs,7,3.5,800000,800000,2.3553812503814697,0.06760406494140625,0.9898347762299652,0.9925113938608512,0.9935308307200553,0.6313214849524393,0.3651834308426971,0.39126374652621243,0.38145417126218045,0.5560913996054839,0.5371363664655929,0.6513781303164351,0.3835685475294096,0.5480471079415123,0.0,0.0,0.0,0.0,0.46641076988251806,0.2868315641620323,0.7984510901085379,0.46641076988251806,0.2868315641620323,8.196857889293475e-14,4.0875028055024207e-14,4.146351988756623e-14,1.0,1.0,1.0,6.876754045321198e-17,8.091897291543915e-17,8.747188042831244e-17,1.0,1.0,1.0,1.0,1.0,1.0,1.0,0.9999530782568548,5.2079136158418074e-21,4.690871563932646e-05
Handcream_lossless-geom-lossy-attrs_7.ply,Handcream.ply,lossless-geom-lossy-attrs,7,3.17857142857143,800000,800000,2.300464630126953,0.06371307373046875,0.9841013997647593,0.9885204683350223,0.990349205537396,0.5355961701773749,0.3056898435988885,0.33488718120765787,0.4719672064534145,0.5431104971929009,0.5658054002004248,0.5581814467877597,0.315651867066944,0.4486736647009846,0.0,0.0,0.0,0.0,0.46641076988251806,0.2868315641620323,0.7984510901085379,0.46641076988251806,0.2868315641620323,8.196857889293475e-14,4.0875028055024207e-14,4.146351988756623e-14,1.0,1.0,1.0,6.876754045321198e-17,8.091897291543915e-17,8.747188042831244e-17,1.0,1.0,1.0,1.0,1.0,1.0,1.0,0.9999530782568548,5.2079136158418074e-21,4.690871563932646e-05
Handcream_LumaNoise_1.ply,Handcream.ply,LumaNoise,6,4.3125,800000,800000,2.3714053630828857,0.0690765380859375,0.9264366217832517,0.9999628319660274,0.9998791307840655,0.9976210034557934,0.9964524053877728,0.988087470874757,0.0003939687868081561,0.0032708081968344724,0.009968374887168376,0.9974659618548979,0.9954991726643252,0.9949185486827662,0.0,0.0,0.0,0.0,0.46641076988251806,0.2868315641620323,0.7984510901085379,0.46641076988251806,0.2868315641620323,8.196857889293475e-14,4.0875028055024207e-14,4.146351988756623e-14,1.0,1.0,1.0,6.876754045321198e-17,8.091897291543915e-17,8.747188042831244e-17,1.0,1.0,1.0,1.0,1.0,1.0,1.0,0.9999530782568548,5.2079136158418074e-21,4.690871563932646e-05
Handcream_LumaNoise_3.ply,Handcream.ply,LumaNoise,6,3.64285714285714,800000,800000,2.3607547283172607,0.06465911865234375,0.8045420032226729,0.9930878348928643,0.9938480170116376,0.770521550834783,0.782497214744556,0.7329843811010293,0.0431184187426842,0.08933325113955368,0.12335628602281215,0.7976197743991624,0.7921956165746008,0.7701906772711277,0.0,0.0,0.0,0.0,0.46641076988251806,0.2868315641620323,0.7984510901085379,0.46641076988251806,0.2868315641620323,8.196857889293475e-14,4.0875028055024207e-14,4.146351988756623e-14,1.0,1.0,1.0,6.876754045321198e-17,8.091897291543915e-17,8.747188042831244e-17,1.0,1.0,1.0,1.0,1.0,1.0,1.0,0.9999530782568548,5.2079136158418074e-21,4.690871563932646e-05
Handcream_LumaNoise_4.ply,Handcream.ply,LumaNoise,6,3.03333333333333,800000,800000,2.358269214630127,0.06685638427734375,0.7765454163274526,0.9866620876358879,0.9883140434746884,0.6025203105611209,0.6597092755558345,0.6267584321561289,0.08426214133080344,0.10537912419309467,0.2035371014407314,0.6503631439315921,0.6972103669208924,0.6056600776064869,0.0,0.0,0.0,0.0,0.46641076988251806,0.2868315641620323,0.7984510901085379,0.46641076988251806,0.2868315641620323,8.196857889293475e-14,4.0875028055024207e-14,4.146351988756623e-14,1.0,1.0,1.0,6.876754045321198e-17,8.091897291543915e-17,8.747188042831244e-17,1.0,1.0,1.0,1.0,1.0,1.0,1.0,0.9999530782568548,5.2079136158418074e-21,4.690871563932646e-05
Handcream_LumaNoise_5.ply,Handcream.ply,LumaNoise,6,2.76666666666667,800000,800000,2.367421865463257,0.0709991455078125,0.7568504827743519,0.9795291616127573,0.9821309487234366,0.4022756311727481,0.5526872757462843,0.48956816860887387,0.1439114198256221,0.15492387040388245,0.3106540347772512,0.4611379464572035,0.5355050949212029,0.41223782727975355,0.0,0.0,0.0,0.0,0.46641076988251806,0.2868315641620323,0.7984510901085379,0.46641076988251806,0.2868315641620323,8.196857889293475e-14,4.0875028055024207e-14,4.146351988756623e-14,1.0,1.0,1.0,6.876754045321198e-17,8.091897291543915e-17,8.747188042831244e-17,1.0,1.0,1.0,1.0,1.0,1.0,1.0,0.9999530782568548,5.2079136158418074e-21,4.690871563932646e-05
Handcream_LumaNoise_7.ply,Handcream.ply,LumaNoise,6,2.03571428571429,800000,800000,2.367509603500366,0.06931686401367188,0.7390721226492951,0.9653874057438308,0.9735829586491932,0.11071735652436486,0.30354589165984347,0.16553011938387036,0.19577541190075584,0.2324158941290028,0.2797594848388264,0.14861414539653417,0.1749322524854318,0.12258859193403687,0.0,0.0,0.0,0.0,0.46641076988251806,0.2868315641620323,0.7984510901085379,0.46641076988251806,0.2868315641620323,8.196857889293475e-14,4.0875028055024207e-14,4.146351988756623e-14,1.0,1.0,1.0,6.876754045321198e-17,8.091897291543915e-17,8.747188042831244e-17,1.0,1.0,1.0,1.0,1.0,1.0,1.0,0.9999530782568548,5.2079136158418074e-21,4.690871563932646e-05
HearNoEvilMonkey_GaussianShifting_1.ply,HearNoEvilMonkey.ply,GaussianShifting,23,4.73333333333333,739997,739997,2.699383497238159,0.0649566650390625,0.9947721215264975,0.9998862875177303,0.9999107203867313,0.968041807661245,0.956156580909991,0.9837922214005151,0.9406057507285428,0.8678221095347897,0.2280171177386958,0.9685473983054647,0.9866784785035715,0.9537768604908392,1.858772359515095,0.9728207911554186,0.9778981067972508,0.8296270509225447,0.298523592431045,0.44322648712759133,1.996802424652948,1.0275736508760998,0.9398809122651299,0.6388946720509863,0.3897998706234606,0.14640726789827907,0.9679622576832273,0.9679962481899494,0.15612451039178366,0.9978027124369825,0.9981992222752095,0.9464338579680422,0.5755010202900857,0.9831260632827252,0.9755125192052382,0.9471934323218995,0.3590496147883267,0.15882124916238696,0.15149502821031682,0.5353398996821482,0.4947220978238849,0.0009118862433688287
HearNoEvilMonkey_GaussianShifting_2.ply,HearNoEvilMonkey.ply,GaussianShifting,23,3.32142857142857,739997,739997,2.8124542236328125,0.0684051513671875,0.9901740342426187,0.999771063288899,0.9998022888427052,0.9333826256566528,0.9093661360025187,0.9609407072293602,0.974024685836547,0.9024734539698539,0.23446142341239762,0.934162397139871,0.9656716018681314,0.9070364644359619,2.5217710042647163,1.281300242540245,1.286549705266253,1.2104623168123292,0.298523592431045,0.44322648712759133,2.6251837539012914,1.3239578593253432,1.2933229962577066,0.9814179311693779,0.5509226774586147,0.3462920832798788,0.9538490517228742,0.9515281123763635,0.04639817120343639,0.9991391615365602,0.9990939652499699,0.9772943316806008,0.3866261712854651,0.9484265330694723,0.8527367215637136,0.8729951715476949,0.3299773317037749,0.05153180801834684,0.044943354578186406,0.5116678810016897,0.5245362424724078,0.0070382107966586805
HearNoEvilMonkey_GaussianShifting_3.ply,HearNoEvilMonkey.ply,GaussianShifting,23,3.0625,739997,739997,2.7163379192352295,0.05867767333984375,0.9845639287724078,0.9996090306461346,0.9996213994569076,0.8914430624118201,0.8576240981266227,0.9319630987809182,0.9876780576386436,0.9182310005829227,0.237132998477681,0.8922356281175682,0.9371620087639475,0.8536861923570088,2.9465518200377123,1.4929841438444191,1.4887762551356616,1.44000995501769,0.298523592431045,0.44322648712759133,3.035827698210762,1.5184411617303486,1.5172093830282698,1.2124058083320775,0.6581511736212771,0.49583143539838415,0.9460680088905503,0.934060668486226,0.02718312748399041,0.9990508470878635,0.9998640246321427,0.9841973233034103,0.3156494449664069,0.8818192694885514,0.6799723545663845,0.716755324711692,0.31285336614950393,0.03408226920385712,0.02710499470974676,0.4934059380975615,0.5386264905035725,0.02875923878583182
HearNoEvilMonkey_GaussianShifting_4.ply,HearNoEvilMonkey.ply,GaussianShifting,23,2.67857142857143,739997,739997,2.732438325881958,0.056964874267578125,0.9782009037452327,0.999423132121852,0.9994032538612564,0.8470818349395075,0.8134555994470173,0.9053600482884203,0.994025213601792,0.9249803137936328,0.23903428211505115,0.8479947632900139,0.9107707473473176,0.7994469619532335,3.2643400352019007,1.6507309800163001,1.636595271299512,1.6062340420768677,0.298523592431045,0.44322648712759133,3.3472621086346286,1.6675470517191502,1.6748619059128593,1.3701812222448289,0.7276884733063854,0.6082705413140417,0.9326676296088087,0.9080762727450835,0.020510298568434632,1.0009440974293948,1.0000644860207348,0.9867719865853213,0.2754327020516051,0.8078443361494737,0.5265705213565476,0.5643632213760287,0.31216059858097717,0.02878814429522665,0.02167007022870418,0.4685037015120283,0.5538674809558647,0.09230069612224819
HearNoEvilMonkey_GaussianShifting_5.ply,HearNoEvilMonkey.ply,GaussianShifting,23,2.78571428571429,739997,739997,2.7628369331359863,0.07183837890625,0.9719133753473463,0.9992396478541276,0.9991689785326541,0.8101967231670736,0.7777997386055359,0.8801288526733487,0.9961054563981334,0.9271804121820618,0.23993688074687683,0.810983096690994,0.8858801580793566,0.7559862085653718,3.5282593879169513,1.7761683496380036,1.7814692100487006,1.7356549002910564,0.298523592431045,0.44322648712759133,3.6043280947178715,1.804165103893766,1.8007327175823846,1.4836591208201646,0.770606276587274,0.6837354295476276,0.9100426061478081,0.8754786920753854,0.017177697145645807,1.000438153953136,1.001566681050683,0.9880199152103432,0.24784208155560689,0.7429431616279856,0.4167968007842292,0.4559600051827608,0.3046401783692853,0.026551664596493454,0.01930274614063291,0.43980458143278445,0.569070149994382,0.18155193552230225
HearNoEvilMonkey_SaturationDistortion_1.ply,HearNoEvilMonkey.ply,SaturationDistortion,29,4.28125,739997,739997,2.637425184249878,0.06721115112304688,0.9967699939064609,0.998621239545651,0.9981306421791002,0.9866492804584547,0.7290346204536531,0.936419189875297,0.0010950172732055656,0.10621682389524159,0.008134841397246899,0.9901039406035025,0.9590731299164333,0.984761068198434,0.0,0.0,0.0,0.0,0.298523592431045,0.44322648712759133,0.6929193327533438,0.298523592431045,0.44322648712759133,8.734897129630463e-14,4.269379845655241e-14,4.5351201601288805e-14,1.0,1.0,1.0,7.274151853624779e-17,6.783579187141962e-17,7.823904957452745e-17,1.0,1.0,1.0,1.0,1.0,1.0,1.0,0.9998670082319363,4.429081215259933e-20,0.00013297872340422824
HearNoEvilMonkey_SaturationDistortion_2.ply,HearNoEvilMonkey.ply,SaturationDistortion,29,4.09375,739997,739997,2.5775506496429443,0.15234756469726562,0.9865432824069117,0.9967247792979825,0.9963059860236051,0.9763829831259953,0.5903328515582249,0.8525555251279452,0.003830315113616657,0.15270839584683996,0.015488822667955536,0.9801828120484969,0.8971233507652906,0.9674376086020644,0.0,0.0,0.0,0.0,0.298523592431045,0.44322648712759133,0.6929193327533438,0.298523592431045,0.44322648712759133,8.734897129630463e-14,4.269379845655241e-14,4.5351201601288805e-14,1.0,1.0,1.0,7.274151853624779e-17,6.783579187141962e-17,7.823904957452745e-17,1.0,1.0,1.0,1.0,1.0,1.0,1.0,0.9998670082319363,4.429081215259933e-20,0.00013297872340422824
HearNoEvilMonkey_SaturationDistortion_3.ply,HearNoEvilMonkey.ply,SaturationDistortion,29,3.5,739997,739997,2.643012046813965,0.12887191772460938,0.98137318659185,0.994046305683407,0.9943240238470583,0.9775862608797039,0.46573071301056224,0.792003495119352,0.0034310980805536215,0.17793644949126775,0.04521490127366403,0.9861372310899477,0.8418726753111182,0.966243325823692,0.0,0.0,0.0,0.0,0.298523592431045,0.44322648712759133,0.6929193327533438,0.298523592431045,0.44322648712759133,8.734897129630463e-14,4.269379845655241e-14,4.5351201601288805e-14,1.0,1.0,1.0,7.274151853624779e-17,6.783579187141962e-17,7.823904957452745e-17,1.0,1.0,1.0,1.0,1.0,1.0,1.0,0.9998670082319363,4.429081215259933e-20,0.00013297872340422824
HearNoEvilMonkey_SaturationDistortion_4.ply,HearNoEvilMonkey.ply,SaturationDistortion,29,2.71428571428571,739997,739997,2.636936664581299,0.13547134399414062,0.9743930351054408,0.9917575144683144,0.9923796597120604,0.961585729429551,0.06919326241134757,0.7585549645390071,0.004575364102476842,0.0,0.0,0.9738824365057935,0.7609485815602837,0.9453377633516828,0.0,0.0,0.0,0.0,0.298523592431045,0.44322648712759133,0.6929193327533438,0.298523592431045,0.44322648712759133,8.734897129630463e-14,4.269379845655241e-14,4.5351201601288805e-14,1.0,1.0,1.0,7.274151853624779e-17,6.783579187141962e-17,7.823904957452745e-17,1.0,1.0,1.0,1.0,1.0,1.0,1.0,0.9998670082319363,4.429081215259933e-20,0.00013297872340422824
HearNoEvilMonkey_SaturationDistortion_5.ply,HearNoEvilMonkey.ply,SaturationDistortion,29,2.78125,739997,739997,2.6143531799316406,0.13176727294921875,0.9717202774653154,0.9904807582242328,0.9902423387667598,0.9493336175674235,0.37058128061655443,0.7937170542518955,0.006065286049614925,1.233283126455463,0.39050503340316006,0.9615582547824059,0.8376901159359926,0.9309846989984253,0.0,0.0,0.0,0.0,0.298523592431045,0.44322648712759133,0.6929193327533438,0.298523592431045,0.44322648712759133,8.734897129630463e-14,4.269379845655241e-14,4.5351201601288805e-14,1.0,1.0,1.0,7.274151853624779e-17,6.783579187141962e-17,7.823904957452745e-17,1.0,1.0,1.0,1.0,1.0,1.0,1.0,0.9998670082319363,4.429081215259933e-20,0.00013297872340422824
Horse_GaussianNoise_1.ply,Horse.ply,GaussianNoise,19,3.40625,800000,800000,3.1458210945129395,0.10152435302734375,0.9904031368727467,0.9905550078988119,0.9907904100959655,0.24321335643652411,0.037468617182500545,0.04911434016665757,0.6822187147759181,0.9080724713211805,0.8935254881829411,0.16058092627277293,0.06229340468459465,0.13883853186617176,0.0,0.0,0.0,0.0,0.9005303797266098,3.4399924853382613,3.801360385843241,0.9005303797266098,3.4399924853382613,7.80343875043748e-14,3.917351132258243e-14,3.890477352487652e-14,1.0,1.0,1.0,9.622803147882665e-17,7.934143920584e-17,6.772955288745271e-17,1.0,1.0,1.0,1.0,1.0,1.0,1.0,0.9999999869187925,0.0,-2.7252776805341507e-17
Horse_GaussianNoise_3.ply,Horse.ply,GaussianNoise,19,2.96875,800000,800000,3.079930543899536,0.108551025390625,0.9828105162866897,0.9848367724676809,0.9857941258216765,0.15936258788759508,0.019504471915913917,0.02682106939515706,0.7778859135630626,0.9418099732245448,0.9304164641995821,0.09494729882703769,0.034106759730520596,0.07846800035804892,0.0,0.0,0.0,0.0,0.9005303797266098,3.4399924853382613,3.801360385843241,0.9005303797266098,3.4399924853382613,7.80343875043748e-14,3.917351132258243e-14,3.890477352487652e-14,1.0,1.0,1.0,9.622803147882665e-17,7.934143920584e-17,6.772955288745271e-17,1.0,1.0,1.0,1.0,1.0,1.0,1.0,0.9999999869187925,0.0,-2.7252776805341507e-17
Horse_GaussianNoise_4.ply,Horse.ply,GaussianNoise,19,2.875,800000,800000,3.025395631790161,0.0914306640625,0.9765194186260395,0.9811046614891135,0.9828574070395057,0.12901655240694757,0.01443412569190968,0.019771378610025658,0.8188954879459333,0.9522143771401022,0.9453909528044355,0.07312946857774334,0.025582419457906902,0.05896784974011519,0.0,0.0,0.0,0.0,0.9005303797266098,3.4399924853382613,3.801360385843241,0.9005303797266098,3.4399924853382613,7.80343875043748e-14,3.917351132258243e-14,3.890477352487652e-14,1.0,1.0,1.0,9.622803147882665e-17,7.934143920584e-17,6.772955288745271e-17,1.0,1.0,1.0,1.0,1.0,1.0,1.0,0.9999999869187925,0.0,-2.7252776805341507e-17
Horse_GaussianNoise_5.ply,Horse.ply,GaussianNoise,19,2.35714285714286,800000,800000,3.0552875995635986,0.07781982421875,0.9674485321203776,0.9764619434066246,0.9793998505119257,0.10566048912047041,0.01097269108960265,0.015016664704587316,0.8536008544415014,0.9626844534339011,0.956157627410422,0.05719642825637376,0.01961362047879668,0.04498046385060504,0.0,0.0,0.0,0.0,0.9005303797266098,3.4399924853382613,3.801360385843241,0.9005303797266098,3.4399924853382613,7.80343875043748e-14,3.917351132258243e-14,3.890477352487652e-14,1.0,1.0,1.0,9.622803147882665e-17,7.934143920584e-17,6.772955288745271e-17,1.0,1.0,1.0,1.0,1.0,1.0,1.0,0.9999999869187925,0.0,-2.7252776805341507e-17
Horse_GaussianNoise_7.ply,Horse.ply,GaussianNoise,19,1.67857142857143,800000,800000,3.0410256385803223,0.06659698486328125,0.9439399956474117,0.96563607513743,0.9709135065654612,0.07636950053912749,0.007359633834759602,0.009614790095045381,0.9075597898541107,0.9778363161215792,0.9713533238069603,0.0387934931312681,0.013022494501202238,0.02927240588234917,0.0,0.0,0.0,0.0,0.9005303797266098,3.4399924853382613,3.801360385843241,0.9005303797266098,3.4399924853382613,7.80343875043748e-14,3.917351132258243e-14,3.890477352487652e-14,1.0,1.0,1.0,9.622803147882665e-17,7.934143920584e-17,6.772955288745271e-17,1.0,1.0,1.0,1.0,1.0,1.0,1.0,0.9999999869187925,0.0,-2.7252776805341507e-17
Horse_SaturationDistortion_1.ply,Horse.ply,SaturationDistortion,29,4.53571428571429,800000,800000,3.077101230621338,0.059539794921875,0.9958117467470942,0.9821573223951078,0.9872578453936856,0.9638147775422076,0.7543524741164522,0.7501532975365893,0.01098319706452892,0.12289805331203028,0.12265905775797127,0.9440352832648281,0.826354559191848,0.914961722733763,0.0,0.0,0.0,0.0,0.9005303797266098,3.4399924853382613,3.801360385843241,0.9005303797266098,3.4399924853382613,7.80343875043748e-14,3.917351132258243e-14,3.890477352487652e-14,1.0,1.0,1.0,9.622803147882665e-17,7.934143920584e-17,6.772955288745271e-17,1.0,1.0,1.0,1.0,1.0,1.0,1.0,0.9999999869187925,0.0,-2.7252776805341507e-17
Horse_SaturationDistortion_2.ply,Horse.ply,SaturationDistortion,29,3.64285714285714,800000,800000,3.0561699867248535,0.07093429565429688,0.9915883989023345,0.9650745635737908,0.9743387240667649,0.9342955264814083,0.4796963718941135,0.46882921474136524,0.019726564765319077,0.16984714807921308,0.16415866999155515,0.8941016192556053,0.6040850544914467,0.8597611603340005,0.0,0.0,0.0,0.0,0.9005303797266098,3.4399924853382613,3.801360385843241,0.9005303797266098,3.4399924853382613,7.80343875043748e-14,3.917351132258243e-14,3.890477352487652e-14,1.0,1.0,1.0,9.622803147882665e-17,7.934143920584e-17,6.772955288745271e-17,1.0,1.0,1.0,1.0,1.0,1.0,1.0,0.9999999869187925,0.0,-2.7252776805341507e-17
Horse_SaturationDistortion_3.ply,Horse.ply,SaturationDistortion,29,2.75,800000,800000,3.0578832626342773,0.0604705810546875,0.987143563797955,0.9486616970350663,0.9609715482653844,0.9082160397969856,0.2666666040057648,0.2407753629363496,0.027388995634526313,0.3066118652406534,0.2784324713404647,0.8564091766925336,0.3662254381259519,0.8241412629439527,0.0,0.0,0.0,0.0,0.9005303797266098,3.4399924853382613,3.801360385843241,0.9005303797266098,3.4399924853382613,7.80343875043748e-14,3.917351132258243e-14,3.890477352487652e-14,1.0,1.0,1.0,9.622803147882665e-17,7.934143920584e-17,6.772955288745271e-17,1.0,1.0,1.0,1.0,1.0,1.0,1.0,0.9999999869187925,0.0,-2.7252776805341507e-17
Horse_SaturationDistortion_4.ply,Horse.ply,SaturationDistortion,29,2.5,800000,800000,3.021836280822754,0.05760955810546875,0.9832925982533137,0.9328530047832667,0.9479262299612826,0.880234885380135,0.001480384900074159,0.0025322373290741006,0.04170150915193524,0.0,0.0,0.8240452860092471,0.003817834742296159,0.7926275416887052,0.0,0.0,0.0,0.0,0.9005303797266098,3.4399924853382613,3.801360385843241,0.9005303797266098,3.4399924853382613,7.80343875043748e-14,3.917351132258243e-14,3.890477352487652e-14,1.0,1.0,1.0,9.622803147882665e-17,7.934143920584e-17,6.772955288745271e-17,1.0,1.0,1.0,1.0,1.0,1.0,1.0,0.9999999869187925,0.0,-2.7252776805341507e-17
Horse_SaturationDistortion_5.ply,Horse.ply,SaturationDistortion,29,2.5625,800000,800000,3.065929412841797,0.055141448974609375,0.9786102241329998,0.9174039629635588,0.933394624949066,0.854341459059257,0.2521443069334104,0.2366931809249767,0.06327407398631234,1.5733263893504725,1.6056399839927806,0.821971882082703,0.35050531630433496,0.7657534245817654,0.0,0.0,0.0,0.0,0.9005303797266098,3.4399924853382613,3.801360385843241,0.9005303797266098,3.4399924853382613,7.80343875043748e-14,3.917351132258243e-14,3.890477352487652e-14,1.0,1.0,1.0,9.622803147882665e-17,7.934143920584e-17,6.772955288745271e-17,1.0,1.0,1.0,1.0,1.0,1.0,1.0,0.9999999869187925,0.0,-2.7252776805341507e-17
HorseV2_GaussianShifting_1.ply,HorseV2.ply,GaussianShifting,23,4.92857142857143,855438,855438,3.1644787788391113,0.06959915161132812,0.9954996713193495,0.9997120646601013,0.9996034350581411,0.9443955935259025,0.9419396965264666,0.9421202829942326,0.9350029274084273,0.9155918332964356,0.9304549856004036,0.9491168216551762,0.9496832570052416,0.9132618708691801,1.380554615151024,0.7296615922450278,0.7399948700481883,0.5913864985727654,0.19433893539839936,0.33966803884790775,1.4634579759241502,0.7680747455845953,0.6566323160678595,0.5198720585603244,0.3101197073232121,0.11746287676854203,0.9605026228084963,0.9623093309684362,0.20825429316811625,0.9966635735779923,0.9989905926531215,0.9576302847157384,0.6247466584756243,0.9731526221447029,0.9606098622628924,0.9328007878953464,0.34728129021669235,0.21029300144534507,0.19963988924369777,0.5261360794906466,0.5049344912564053,0.003123812775412181
HorseV2_GaussianShifting_2.ply,HorseV2.ply,GaussianShifting,23,3.6875,855438,855438,3.113046407699585,0.085906982421875,0.9884514007553528,0.9992715810994515,0.9989785627447252,0.8423844834954006,0.8493021731710955,0.8379884258870975,0.9657136063542435,0.9462681369709238,0.9582271686891898,0.849463178043879,0.8454705837728409,0.7755794165722922,1.8410142489206482,0.9470193942767137,0.9405078483307643,0.867993958342151,0.19433893539839936,0.33966803884790775,1.908364585564678,0.9636304068397173,0.9214450742005096,0.7799336999694675,0.4363468595449412,0.2667804049275266,0.9469153633294725,0.9427825775586941,0.05758227284223799,0.9997300936240027,0.9990379184742104,0.97886043321137,0.42971200162879253,0.9228929803634967,0.8113936626062648,0.8186299265257149,0.3186851843979644,0.06360681707495595,0.05541505505265372,0.49929406598809734,0.5354529204382071,0.021723883147198583
HorseV2_GaussianShifting_3.ply,HorseV2.ply,GaussianShifting,23,3.4375,855438,855438,3.141648530960083,0.08176422119140625,0.9795585532330789,0.9986932570858996,0.9981378185702479,0.7334539930240831,0.7510229177385889,0.7244644957677066,0.9802088643719427,0.9604131712904438,0.9707930921496093,0.7397415087463988,0.7318766942088523,0.6426663099931978,2.1251531073111725,1.0798276891444156,1.0764836404640603,1.035740537778415,0.19433893539839936,0.33966803884790775,2.187676892471493,1.0995669843476,1.0834716122324994,0.9463716485705989,0.508934889502239,0.38301226255234677,0.9322636032225404,0.916265230020664,0.03192285298629276,1.0001170711612641,0.9993285028669727,0.984571342824495,0.3501048433252256,0.8528326542802457,0.6608687541159376,0.6864758555751843,0.3095010265308957,0.040228672061096316,0.032397478744241225,0.476953163265156,0.5526442928835373,0.06726222130637567
HorseV2_GaussianShifting_4.ply,HorseV2.ply,GaussianShifting,23,3.0,855438,855438,3.1973655223846436,0.0855255126953125,0.9706546948467489,0.9981341455028879,0.9973110705191361,0.6472311157354386,0.6729025698530815,0.6330830935396834,0.9870734952801106,0.9671169752197633,0.9773551875772759,0.652022339907514,0.6415245515810931,0.5471881397744573,2.3559574074747953,1.1904570103875847,1.188812257100639,1.1600359452517868,0.19433893539839936,0.33966803884790775,2.4129821426929117,1.2056008489772958,1.2073894574572062,1.0550876759979089,0.5525619571684582,0.4716362117872451,0.9087376592848978,0.8848082180414577,0.023017435684601642,0.9996287698430336,1.0010912618493848,0.9870655005604742,0.30378943338534237,0.7880432104751239,0.5479230139969169,0.579766046476915,0.305130207383547,0.032992442013227014,0.025303462700087574,0.45714894542446644,0.5657440905050048,0.13721111549757187
HorseV2_GaussianShifting_5.ply,HorseV2.ply,GaussianShifting,23,2.82142857142857,855438,855438,3.2231197357177734,0.08978652954101562,0.9627820836787558,0.9975996545949497,0.9964687391937497,0.5797338338864476,0.6101569428057699,0.5616946935927187,0.9909117178272989,0.9700356904615817,0.9806131296718661,0.5830668311184108,0.5708135918178782,0.4778170571015306,2.55659890841879,1.3016420180753947,1.279697528111989,1.2572960517374077,0.19433893539839936,0.33966803884790775,2.6135101079687195,1.2995719214234847,1.3068888536975298,1.1516861059519063,0.5953151480931005,0.5344102829332451,0.8821039311364723,0.8529666936946115,0.018470105648165643,1.0011748561314735,1.0008201992525743,0.9868369290318596,0.2718049349848771,0.7310370311928318,0.4635431827848484,0.49899238075113966,0.3045559364420266,0.029728001490470838,0.02205719362946115,0.43765358559956663,0.5791920901522148,0.2089662161983747
HorseV2_UniformNoise_1.ply,HorseV2.ply,UniformNoise,30,4.78571428571429,855438,855438,2.903927803039551,0.09758377075195312,0.9935411960755527,0.9984423342100672,0.998727869735045,0.6405594268888636,0.17057179963656993,0.2856662779445619,0.31759966861370115,0.7118560169994922,0.6181293829963564,0.5313921840231738,0.29997561876522,0.47834033578466795,0.0,0.0,0.0,0.0,0.19433893539839936,0.33966803884790775,0.49575056887821956,0.19433893539839936,0.33966803884790775,8.243310991143506e-14,4.178066975385077e-14,4.191561771130429e-14,1.0,1.0,1.0,7.104623789551028e-17,7.365380944960333e-17,8.196630654155599e-17,1.0,1.0,1.0,1.0,1.0,1.0,1.0,0.9999225156285845,4.300523026902528e-21,7.747133560578451e-05
HorseV2_UniformNoise_3.ply,HorseV2.ply,UniformNoise,30,4.03571428571429,855438,855438,2.9693193435668945,0.11002731323242188,0.977507422367333,0.9953456211887196,0.9964325324766936,0.31613055088450137,0.034104176155911846,0.07103615438547572,0.6085967769978488,0.8770266440079991,0.8342351017304628,0.20964765574291047,0.08197787159715172,0.1739359280835519,0.0,0.0,0.0,0.0,0.19433893539839936,0.33966803884790775,0.49575056887821956,0.19433893539839936,0.33966803884790775,8.243310991143506e-14,4.178066975385077e-14,4.191561771130429e-14,1.0,1.0,1.0,7.104623789551028e-17,7.365380944960333e-17,8.196630654155599e-17,1.0,1.0,1.0,1.0,1.0,1.0,1.0,0.9999225156285845,4.300523026902528e-21,7.747133560578451e-05
HorseV2_UniformNoise_4.ply,HorseV2.ply,UniformNoise,30,3.9375,855438,855438,2.936819314956665,0.10099411010742188,0.9681435259687758,0.993672247563667,0.9952568630715146,0.24296910671417438,0.021383444389426035,0.04601978809587646,0.6819427268786851,0.900821808391263,0.8683637995769548,0.1506409278826209,0.05461470498406769,0.12087981080039724,0.0,0.0,0.0,0.0,0.19433893539839936,0.33966803884790775,0.49575056887821956,0.19433893539839936,0.33966803884790775,8.243310991143506e-14,4.178066975385077e-14,4.191561771130429e-14,1.0,1.0,1.0,7.104623789551028e-17,7.365380944960333e-17,8.196630654155599e-17,1.0,1.0,1.0,1.0,1.0,1.0,1.0,0.9999225156285845,4.300523026902528e-21,7.747133560578451e-05
HorseV2_UniformNoise_5.ply,HorseV2.ply,UniformNoise,30,3.78125,855438,855438,2.956577777862549,0.125579833984375,0.9576491566093713,0.9920722968317229,0.9939641896944751,0.1949545950890028,0.01501157684113883,0.03241144907012119,0.7340449762774469,0.9154698213273998,0.8892813364260451,0.11467243307098288,0.03960991296538184,0.08943710362484471,0.0,0.0,0.0,0.0,0.19433893539839936,0.33966803884790775,0.49575056887821956,0.19433893539839936,0.33966803884790775,8.243310991143506e-14,4.178066975385077e-14,4.191561771130429e-14,1.0,1.0,1.0,7.104623789551028e-17,7.365380944960333e-17,8.196630654155599e-17,1.0,1.0,1.0,1.0,1.0,1.0,1.0,0.9999225156285845,4.300523026902528e-21,7.747133560578451e-05
HorseV2_UniformNoise_7.ply,HorseV2.ply,UniformNoise,30,3.21428571428571,855438,855438,2.9373953342437744,0.1173553466796875,0.9329826894715304,0.9889098274607342,0.9910697775932686,0.1367612358562294,0.008849980368891876,0.01919982661795604,0.8019301766647274,0.932052109152065,0.9155053655251525,0.07453299890523009,0.024333764105547166,0.055446443543527936,0.0,0.0,0.0,0.0,0.19433893539839936,0.33966803884790775,0.49575056887821956,0.19433893539839936,0.33966803884790775,8.243310991143506e-14,4.178066975385077e-14,4.191561771130429e-14,1.0,1.0,1.0,7.104623789551028e-17,7.365380944960333e-17,8.196630654155599e-17,1.0,1.0,1.0,1.0,1.0,1.0,1.0,0.9999225156285845,4.300523026902528e-21,7.747133560578451e-05
HouseWithoutRoof_GaussianShifting_1.ply,HouseWithoutRoof.ply,GaussianShifting,23,4.03333333333333,604212,604212,2.554677724838257,0.039012908935546875,0.9961980859689141,0.999591063285303,0.9996727324948538,0.9469809678823122,0.9577131978374258,0.9600143563875936,0.9395543463179339,0.9408966975759164,0.9499501751419941,0.9504603241638573,0.9639252774643857,0.9324283570343745,2.1035948703674503,1.0772374912426554,1.0695050236652466,1.0079424516813136,0.8932242117340566,1.86909383257038,3.352414437502631,1.5368374403169103,2.03807827442421,0.6843379259779937,0.3852530844912706,0.2017140817656314,0.9682103062297345,0.963774129477501,0.5309404424379618,0.9921426212062565,0.9763018650453865,0.9287914534018983,0.8125643755083659,0.9777226147291741,0.9667211194832612,0.9355979151708447,0.5515847324764505,0.5426774430339112,0.5224958624665463,0.6760694693575586,0.3016606538631754,0.003293733619268124
HouseWithoutRoof_GaussianShifting_2.ply,HouseWithoutRoof.ply,GaussianShifting,23,3.23333333333333,604212,604212,2.483720302581787,0.04328155517578125,0.9917684434082338,0.9991562296149148,0.9993675800481575,0.8805709136021573,0.9104730796373531,0.9224920189894765,0.9739262847339195,0.9745583031177736,0.9796153662426393,0.8869233377790742,0.9173965461335738,0.8517474297955065,2.769864445321497,1.3953739150742255,1.4027641411046885,1.3586174427722928,0.8932242117340566,1.86909383257038,3.809133000496169,1.7963501009727665,2.264183345899165,1.208444441717118,0.6170151405331468,0.5631237702791185,0.9486756023750976,0.9286779842909976,0.24573450783351922,0.9948449605978605,0.9841695376272406,0.960346606293117,0.6260455962574184,0.918862955337069,0.814282105300537,0.8269725088271855,0.43876501484077607,0.2830365513827228,0.24464385390657017,0.5834506616340194,0.41009256917281167,0.017711815807993168
HouseWithoutRoof_GaussianShifting_3.ply,HouseWithoutRoof.ply,GaussianShifting,23,2.76666666666667,604212,604212,2.4912362098693848,0.03839874267578125,0.9861254975894227,0.9986185752145013,0.9990206024681045,0.8103178336836208,0.8573012437451419,0.8809728943489966,0.9885730340120016,0.9885128374723897,0.9913265140727383,0.8179565969578244,0.8623480155082427,0.7691096253925205,3.152845592011594,1.5906431567843138,1.5944337665543435,1.5471498596791986,0.8932242117340566,1.86909383257038,4.164765084019521,1.9633783410946664,2.445705966872861,1.6766810432713384,0.7862712934255187,0.9493522329611895,0.9347062189747212,0.8884274234594659,0.16193346429421349,0.9960677475434409,0.9886212330600413,0.9734293842235463,0.5314758271266588,0.828785752121427,0.6161168877935471,0.6487971421467351,0.37561662736878326,0.2165400890943607,0.17015482933589057,0.5156410890822284,0.47503819000671493,0.06594997359390968
HouseWithoutRoof_GaussianShifting_4.ply,HouseWithoutRoof.ply,GaussianShifting,23,2.64285714285714,604212,604212,2.5111076831817627,0.042308807373046875,0.9800347008102571,0.9980440965820538,0.9986581412947553,0.7475169228639396,0.808284900119982,0.8427205394487911,0.9941963453284846,0.9951630806004698,0.99547721510708,0.7562070096444947,0.8115595492058368,0.6979707309393978,3.4520008299062312,1.724162584670569,1.7375675601705116,1.7196756187165005,0.8932242117340566,1.86909383257038,4.4485166386708075,2.089830570334103,2.6203695206310686,2.038769203572549,0.9226386753238115,1.2257311416154408,0.9128100434151387,0.8436350710029608,0.12645495945467858,0.9980337494088629,0.9922817340125488,0.9815285486351916,0.4710663083211532,0.7457032891569543,0.4598198154923552,0.5000878997034373,0.3470723300846678,0.19291670968300625,0.14344653879650685,0.4599275733540432,0.510390097497129,0.1708660844547668
HouseWithoutRoof_GaussianShifting_5.ply,HouseWithoutRoof.ply,GaussianShifting,23,2.26666666666667,604212,604212,2.5253658294677734,0.037933349609375,0.9740211461823565,0.9975128833008186,0.998328633207857,0.6926933234597822,0.7634052923313877,0.8072033247224786,0.9977039743198108,0.9965612003235685,0.9983948794371968,0.7019064628189939,0.7647375093307677,0.638374994390916,3.693866376450995,1.839387553621159,1.8484503520562963,1.8456524750105117,0.8932242117340566,1.86909383257038,4.6744495789531735,2.1940401207698614,2.736535109737559,2.295414525900296,1.0102587065808464,1.4326984858239724,0.8810552895497351,0.7978593561956768,0.10620759825768329,0.9987376925535164,0.9924356657829012,0.9865505752337629,0.4265187403940284,0.6769461360864198,0.35749838843842846,0.4064316734378023,0.3337092347557265,0.18158540033587234,0.13040096893974093,0.4223395983187469,0.5455726423203624,0.29247748029429804
HouseWithoutRoof_LocalLoss_1.ply,HouseWithoutRoof.ply,LocalLoss,28,4.0625,604212,571844,2.4796302318573,0.045745849609375,0.9965616571030959,0.9995602442070014,0.9996743229073098,0.9714646076639541,0.9765005597409561,0.9798329500005144,0.2370354871513526,0.2359233614169261,0.23661511699760782,0.9728766745293399,0.977695343340387,0.9669663203659209,6.26183332066789,4.046851120904904,3.843403526535117,0.4211880521108121,0.8932242117340566,1.86909383257038,8.683381848125794,4.705634803957948,2.2048642285414064,6.460804868475245,3.9737720425085596,0.3830691297219463,0.9719297116273679,0.9699230512010769,0.9749122856950847,0.2562352984679856,0.25639704768608557,0.22325205928088965,0.9772455112407981,0.9669346669808766,0.9925522475909049,0.9635454287577799,0.9274782742756923,0.9757188338929406,0.9705678340774535,0.9519193380459683,0.041452681812563105,0.008396042243445704
HouseWithoutRoof_LocalLoss_2.ply,HouseWithoutRoof.ply,LocalLoss,28,3.63333333333333,604212,549394,2.3751392364501953,0.06489181518554688,0.9908676369728292,0.9991881096389442,0.9994707384467411,0.9476410581794459,0.9602324517152072,0.9656112627919518,0.2715778973982187,0.27193941817405215,0.273592220851939,0.949958284163988,0.9598331932646794,0.9405910775782769,8.670599329437632,5.356017103987701,5.312672952686584,1.187889248574137,0.8932242117340566,1.86909383257038,10.941452864798904,6.141933391977561,2.8219357320902954,9.123089616313187,5.621480365372385,1.1483457700353519,0.9553346732983201,0.9529098572441154,0.9573542866670745,0.29395467426890787,0.2922029648047138,0.25992487633862804,0.9642037197134479,0.9481015451344409,0.9875740403037925,0.9407788794629088,0.895837633129195,0.9614060061253751,0.953748303914819,0.9273007742371474,0.06288362388335851,0.017669899124537695
HouseWithoutRoof_LocalLoss_3.ply,HouseWithoutRoof.ply,LocalLoss,28,2.32142857142857,604212,480707,2.3827364444732666,0.10580825805664062,0.9709252089977171,0.998019880629588,0.9985249987043389,0.8820984268049439,0.9077303556049579,0.9156561560980703,0.38076948947893874,0.3789530805557473,0.3805147603966654,0.8853616215159699,0.9050520561248844,0.8684481910924899,17.096275865219894,10.115357100075261,10.238919802954054,3.275259091075035,0.8932242117340566,1.86909383257038,18.99274110928347,10.941368447155536,4.576032613519298,18.074465384195495,10.885143044786759,3.330838068540748,0.8971707136054586,0.8941081765815616,0.8914414921996054,0.40167880844306564,0.3994632671489436,0.36910589146693346,0.9159766063966902,0.8823428655203575,0.9613940617847428,0.863109300573751,0.7986111061260895,0.904251260413474,0.8863942022837275,0.8520133810148576,0.13669760398904202,0.05664242187965807
HouseWithoutRoof_LocalLoss_4.ply,HouseWithoutRoof.ply,LocalLoss,28,2.3,604212,454823,2.3620684146881104,0.10556793212890625,0.9681043197208556,0.9976784310295299,0.9983183430985387,0.8642024272230004,0.8966001578158116,0.9056376718780724,0.4170515015391281,0.4157625512131323,0.4180181491657937,0.8684763922139705,0.8928948542709872,0.8481631802332655,20.602917570447378,12.33719920481146,12.447792767915907,3.475698719366014,0.8932242117340566,1.86909383257038,22.422182485902376,13.13221097958759,4.710914663862119,21.938013881028372,13.306125978155096,3.4630902489010387,0.8746314958433369,0.870608520165975,0.8701885318952132,0.4379085034572417,0.4351748193800316,0.40595938867263537,0.8962063478071426,0.8557683511059968,0.959758199320248,0.8421536503053871,0.765459399128282,0.8904451445107283,0.8681440614175211,0.8283999121052248,0.16044774087642383,0.059356850935896766
HouseWithoutRoof_LocalLoss_5.ply,HouseWithoutRoof.ply,LocalLoss,28,2.1,604212,415843,2.317561388015747,0.001598358154296875,0.9601442387112835,0.9968847709091304,0.9978672217217166,0.837178176111171,0.8714671068092313,0.8829628938018267,0.47112056688380805,0.4687237974904568,0.47106577123587523,0.8421697332897741,0.8702536304005405,0.8168276526980769,26.80528580232084,16.158344919048634,16.050014921327765,4.366175961702506,0.8932242117340566,1.86909383257038,28.42851908497736,16.646801238095833,5.446786720366193,28.758598229010175,17.112721978151804,4.381205563042848,0.8382364307889557,0.8338671291454773,0.8345567812825098,0.4896171298569557,0.48674286878420353,0.4590117012748989,0.8642623357489521,0.8126717408711492,0.946830628166753,0.7998941125082293,0.7154281377115362,0.8590762948032961,0.832226068734276,0.7928586387833165,0.19807032237704228,0.07734479840000683
HouseWithoutRoof_losslessG-lossyA_3.ply,HouseWithoutRoof.ply,losslessG-lossyA,17,4.60714285714286,604212,604212,2.4340240955352783,0.032833099365234375,0.9987511223694151,0.9978641741047352,0.9968827661434922,0.902464261436049,0.5737132307138987,0.4791302749140386,0.07018205892005235,0.2479660894202521,0.35662589646680865,0.8564296566243284,0.6369613097624065,0.8187813483975903,0.0,0.0,0.0,0.0,0.8932242117340566,1.86909383257038,2.515292722311674,0.8932242117340566,1.86909383257038,7.313187785091578e-14,3.5100111071274816e-14,3.887227619711394e-14,1.0,1.0,1.0,7.067644679377764e-17,6.796593619661324e-17,7.750736636808053e-17,1.0,1.0,1.0,1.0,1.0,1.0,1.0,0.9992982704348726,-5.992783248543434e-20,0.0007017165065313609
HouseWithoutRoof_losslessG-lossyA_4.ply,HouseWithoutRoof.ply,losslessG-lossyA,17,4.4,604212,604212,2.3820512294769287,0.042041778564453125,0.9958200705146137,0.9917170636873323,0.9873620132641333,0.7968784348918179,0.2996728922147825,0.2390118931766115,0.1327878549436682,0.23758722107921332,0.2816395223243748,0.7136918192959493,0.29678630220439095,0.6759268920448182,0.0,0.0,0.0,0.0,0.8932242117340566,1.86909383257038,2.515292722311674,0.8932242117340566,1.86909383257038,7.313187785091578e-14,3.5100111071274816e-14,3.887227619711394e-14,1.0,1.0,1.0,7.067644679377764e-17,6.796593619661324e-17,7.750736636808053e-17,1.0,1.0,1.0,1.0,1.0,1.0,1.0,0.9992982704348726,-5.992783248543434e-20,0.0007017165065313609
HouseWithoutRoof_losslessG-lossyA_5.ply,HouseWithoutRoof.ply,losslessG-lossyA,17,3.96666666666667,604212,604212,2.40689754486084,0.043270111083984375,0.9858239945923851,0.9745622428755566,0.9777230815428333,0.6354215060596778,0.13156305089405895,0.07585687236609068,0.1860853859515307,0.16463868677568183,0.04821850027391304,0.6149593105462782,0.0726895372399014,0.5685717530895237,0.0,0.0,0.0,0.0,0.8932242117340566,1.86909383257038,2.515292722311674,0.8932242117340566,1.86909383257038,7.313187785091578e-14,3.5100111071274816e-14,3.887227619711394e-14,1.0,1.0,1.0,7.067644679377764e-17,6.796593619661324e-17,7.750736636808053e-17,1.0,1.0,1.0,1.0,1.0,1.0,1.0,0.9992982704348726,-5.992783248543434e-20,0.0007017165065313609
HouseWithoutRoof_losslessG-lossyA_6.ply,HouseWithoutRoof.ply,losslessG-lossyA,17,3.03333333333333,604212,604212,2.4109089374542236,0.0422515869140625,0.9780054727765611,0.9848910289822969,0.9484882438419218,0.5638547867044021,0.06490346806569847,0.07482731676591917,0.26110754781412304,0.10612215690925703,0.14208442278695993,0.5693126886289769,0.0708992880307171,0.5224157807510443,0.0,0.0,0.0,0.0,0.8932242117340566,1.86909383257038,2.515292722311674,0.8932242117340566,1.86909383257038,7.313187785091578e-14,3.5100111071274816e-14,3.887227619711394e-14,1.0,1.0,1.0,7.067644679377764e-17,6.796593619661324e-17,7.750736636808053e-17,1.0,1.0,1.0,1.0,1.0,1.0,1.0,0.9992982704348726,-5.992783248543434e-20,0.0007017165065313609
HouseWithoutRoof_losslessG-lossyA_7.ply,HouseWithoutRoof.ply,losslessG-lossyA,17,2.78571428571429,604212,604212,2.399263381958008,0.0383758544921875,0.9539892541352298,0.9649447369665834,0.9769098204802623,0.4242844651185674,0.0297020728480716,0.00849354378260308,0.23324238953567367,0.021002646717471988,0.01742544297049056,0.4307000758662552,0.01053662741533644,0.39549916242042094,0.0,0.0,0.0,0.0,0.8932242117340566,1.86909383257038,2.515292722311674,0.8932242117340566,1.86909383257038,7.313187785091578e-14,3.5100111071274816e-14,3.887227619711394e-14,1.0,1.0,1.0,7.067644679377764e-17,6.796593619661324e-17,7.750736636808053e-17,1.0,1.0,1.0,1.0,1.0,1.0,1.0,0.9992982704348726,-5.992783248543434e-20,0.0007017165065313609
HouseWithoutRoof_QuantizationNoise_1.ply,HouseWithoutRoof.ply,QuantizationNoise,11,4.1875,604212,604212,2.3857367038726807,0.045745849609375,0.9451503042817756,0.9942924676609662,0.9934711408622319,0.721905473005156,0.37173464110746773,0.23516881219680422,0.13094847483179142,0.5685625623089716,0.632724899780755,0.6692538709533181,0.4124046487924853,0.6335848779346293,0.0,0.0,0.0,0.0,0.8932242117340566,1.86909383257038,2.515292722311674,0.8932242117340566,1.86909383257038,7.313187785091578e-14,3.5100111071274816e-14,3.887227619711394e-14,1.0,1.0,1.0,7.067644679377764e-17,6.796593619661324e-17,7.750736636808053e-17,1.0,1.0,1.0,1.0,1.0,1.0,1.0,0.9992982704348726,-5.992783248543434e-20,0.0007017165065313609
HouseWithoutRoof_QuantizationNoise_3.ply,HouseWithoutRoof.ply,QuantizationNoise,11,3.78571428571429,604212,604212,2.3931784629821777,0.038173675537109375,0.9293863814701919,0.9916515275692365,0.9913388618905867,0.6643440058969403,0.28150390945313175,0.17817918992036424,0.13720775569171756,0.5913608866735371,0.6475416234482632,0.5902916098369222,0.3367691954344416,0.5558553571075525,0.0,0.0,0.0,0.0,0.8932242117340566,1.86909383257038,2.515292722311674,0.8932242117340566,1.86909383257038,7.313187785091578e-14,3.5100111071274816e-14,3.887227619711394e-14,1.0,1.0,1.0,7.067644679377764e-17,6.796593619661324e-17,7.750736636808053e-17,1.0,1.0,1.0,1.0,1.0,1.0,1.0,0.9992982704348726,-5.992783248543434e-20,0.0007017165065313609
HouseWithoutRoof_QuantizationNoise_4.ply,HouseWithoutRoof.ply,QuantizationNoise,11,3.35714285714286,604212,604212,2.339715003967285,0.04433441162109375,0.9067616822087159,0.9865271539648036,0.9877779569946292,0.5860556755686671,0.2013364812912507,0.1599268546947076,0.16416589710895263,0.6315801503549183,0.6596680449416876,0.5026974108500375,0.2795961420091276,0.4668031647244437,0.0,0.0,0.0,0.0,0.8932242117340566,1.86909383257038,2.515292722311674,0.8932242117340566,1.86909383257038,7.313187785091578e-14,3.5100111071274816e-14,3.887227619711394e-14,1.0,1.0,1.0,7.067644679377764e-17,6.796593619661324e-17,7.750736636808053e-17,1.0,1.0,1.0,1.0,1.0,1.0,1.0,0.9992982704348726,-5.992783248543434e-20,0.0007017165065313609
HouseWithoutRoof_QuantizationNoise_5.ply,HouseWithoutRoof.ply,QuantizationNoise,11,3.64285714285714,604212,604212,2.401677370071411,0.038173675537109375,0.9067616822087159,0.9865271539648036,0.9877779569946292,0.5860556755686671,0.2013364812912507,0.1599268546947076,0.16416589710895263,0.6315801503549183,0.6596680449416876,0.5026974108500375,0.2795961420091276,0.4668031647244437,0.0,0.0,0.0,0.0,0.8932242117340566,1.86909383257038,2.515292722311674,0.8932242117340566,1.86909383257038,7.313187785091578e-14,3.5100111071274816e-14,3.887227619711394e-14,1.0,1.0,1.0,7.067644679377764e-17,6.796593619661324e-17,7.750736636808053e-17,1.0,1.0,1.0,1.0,1.0,1.0,1.0,0.9992982704348726,-5.992783248543434e-20,0.0007017165065313609
HouseWithoutRoof_QuantizationNoise_7.ply,HouseWithoutRoof.ply,QuantizationNoise,11,2.96666666666667,604212,604212,2.429229736328125,0.065277099609375,0.8280336679675904,0.9754972224718282,0.9796382264526818,0.450862686994175,0.10413380418565182,0.1278693542768483,0.19409442468111068,0.6398565638320887,0.6568204198008254,0.3124618681697866,0.18075496077283032,0.2711760626522401,0.0,0.0,0.0,0.0,0.8932242117340566,1.86909383257038,2.515292722311674,0.8932242117340566,1.86909383257038,7.313187785091578e-14,3.5100111071274816e-14,3.887227619711394e-14,1.0,1.0,1.0,7.067644679377764e-17,6.796593619661324e-17,7.750736636808053e-17,1.0,1.0,1.0,1.0,1.0,1.0,1.0,0.9992982704348726,-5.992783248543434e-20,0.0007017165065313609
Jaguar_UniformNoise_1.ply,Jaguar.ply,UniformNoise,30,4.92857142857143,800000,800000,2.665804147720337,0.09893035888671875,0.9988796080799204,0.9981548210833443,0.9986922859354074,0.7418416055200008,0.40429096640993717,0.2951660566339268,0.23300575937276635,0.5220606293737086,0.6200940471910619,0.6361752731431194,0.4284332393958521,0.5883005344481466,0.0,0.0,0.0,0.0,0.44722245603440264,0.4301457552725231,0.8650258605937876,0.44722245603440264,0.4301457552725231,8.183122821492637e-14,4.150421899905832e-14,3.998009345580519e-14,1.0,1.0,1.0,7.427366845787819e-17,8.656366155386968e-17,7.641774640659736e-17,1.0,1.0,1.0,1.0,1.0,1.0,1.0,0.9998139317917983,5.16406821073146e-21,0.0001860551653565134
Jaguar_UniformNoise_3.ply,Jaguar.ply,UniformNoise,30,3.76666666666667,800000,800000,2.6606311798095703,0.0710296630859375,0.996517980217521,0.994557001650275,0.9953816397170828,0.38597486908216494,0.12048349744003602,0.07881760422997093,0.5396901167015737,0.787930041673034,0.8403345969953218,0.2696518457719909,0.14023407424433157,0.2261305394756502,0.0,0.0,0.0,0.0,0.44722245603440264,0.4301457552725231,0.8650258605937876,0.44722245603440264,0.4301457552725231,8.183122821492637e-14,4.150421899905832e-14,3.998009345580519e-14,1.0,1.0,1.0,7.427366845787819e-17,8.656366155386968e-17,7.641774640659736e-17,1.0,1.0,1.0,1.0,1.0,1.0,1.0,0.9998139317917983,5.16406821073146e-21,0.0001860551653565134
Jaguar_UniformNoise_4.ply,Jaguar.ply,UniformNoise,30,3.64285714285714,800000,800000,2.626387596130371,0.07149887084960938,0.9950767383542157,0.9925624485539589,0.993516506723475,0.29737228780290503,0.07893192851294781,0.05142432046913815,0.6215975185276972,0.8355238550998901,0.8794092175705889,0.19550091320874355,0.09546625912459981,0.15860326734882932,0.0,0.0,0.0,0.0,0.44722245603440264,0.4301457552725231,0.8650258605937876,0.44722245603440264,0.4301457552725231,8.183122821492637e-14,4.150421899905832e-14,3.998009345580519e-14,1.0,1.0,1.0,7.427366845787819e-17,8.656366155386968e-17,7.641774640659736e-17,1.0,1.0,1.0,1.0,1.0,1.0,1.0,0.9998139317917983,5.16406821073146e-21,0.0001860551653565134
Jaguar_UniformNoise_5.ply,Jaguar.ply,UniformNoise,30,3.28571428571429,800000,800000,2.6272566318511963,0.071258544921875,0.9934170413700303,0.9902623266653907,0.9915655118136729,0.23689807480552594,0.0555125428886634,0.03652669440448289,0.6811854138154997,0.8687107029365954,0.9070779220965057,0.14852580791144115,0.06937355128581507,0.11698765820840912,0.0,0.0,0.0,0.0,0.44722245603440264,0.4301457552725231,0.8650258605937876,0.44722245603440264,0.4301457552725231,8.183122821492637e-14,4.150421899905832e-14,3.998009345580519e-14,1.0,1.0,1.0,7.427366845787819e-17,8.656366155386968e-17,7.641774640659736e-17,1.0,1.0,1.0,1.0,1.0,1.0,1.0,0.9998139317917983,5.16406821073146e-21,0.0001860551653565134
Jaguar_UniformNoise_7.ply,Jaguar.ply,UniformNoise,30,3.32142857142857,800000,800000,2.695138454437256,0.07127761840820312,0.9894968773960254,0.9857126271714889,0.9878153846552103,0.16297337270627468,0.03169153844847112,0.0211389980304983,0.7596796532895033,0.905802104131064,0.9351253950295878,0.09462278166761164,0.04162899883981806,0.0708642145684053,0.0,0.0,0.0,0.0,0.44722245603440264,0.4301457552725231,0.8650258605937876,0.44722245603440264,0.4301457552725231,8.183122821492637e-14,4.150421899905832e-14,3.998009345580519e-14,1.0,1.0,1.0,7.427366845787819e-17,8.656366155386968e-17,7.641774640659736e-17,1.0,1.0,1.0,1.0,1.0,1.0,1.0,0.9998139317917983,5.16406821073146e-21,0.0001860551653565134
jetanima_MultiplicativeGaussianNoise_1.ply,jetanima.ply,MultiplicativeGaussianNoise,3,3.5,800000,800000,3.086744546890259,0.06940460205078125,0.9492879810411743,0.9908382357102714,0.9880163911113952,0.0861866093313458,0.026531833888171628,0.06991430248923679,0.6990899636704672,0.08545092886767319,0.12834661875000086,0.08043356366597441,0.056065287039238035,0.07896687424539534,0.0,0.0,0.0,0.0,0.4126461623651619,0.43939744365870653,0.8548420478642823,0.4126461623651619,0.43939744365870653,7.013931858430046e-14,3.5787464539864124e-14,3.2559585805132387e-14,1.0,1.0,1.0,8.562528980109277e-17,9.295987619358079e-17,7.742090491279866e-17,1.0,1.0,1.0,1.0,1.0,1.0,1.0,0.9994378734116343,2.6002975094274794e-20,0.0005621135469364749
jetanima_MultiplicativeGaussianNoise_3.ply,jetanima.ply,MultiplicativeGaussianNoise,3,3.32142857142857,800000,800000,3.0658304691314697,0.06954193115234375,0.9053778928201078,0.9840687712304371,0.9783712540306164,0.0786765375787535,0.01204842908879841,0.055231189586586175,0.7120990009581174,0.10045634811192075,0.1455213450321105,0.06881337762471906,0.0400601509733668,0.06760237870800379,0.0,0.0,0.0,0.0,0.4126461623651619,0.43939744365870653,0.8548420478642823,0.4126461623651619,0.43939744365870653,7.013931858430046e-14,3.5787464539864124e-14,3.2559585805132387e-14,1.0,1.0,1.0,8.562528980109277e-17,9.295987619358079e-17,7.742090491279866e-17,1.0,1.0,1.0,1.0,1.0,1.0,1.0,0.9994378734116343,2.6002975094274794e-20,0.0005621135469364749
jetanima_MultiplicativeGaussianNoise_4.ply,jetanima.ply,MultiplicativeGaussianNoise,3,2.82142857142857,800000,800000,3.107595443725586,0.07151031494140625,0.8842737093090098,0.9812446501375227,0.9743770569052463,0.07608362112038641,0.009472235059862194,0.05012959942208227,0.7161730487506766,0.10438256541365458,0.15156712019683383,0.06443939770940396,0.03571302380837032,0.06320497205207398,0.0,0.0,0.0,0.0,0.4126461623651619,0.43939744365870653,0.8548420478642823,0.4126461623651619,0.43939744365870653,7.013931858430046e-14,3.5787464539864124e-14,3.2559585805132387e-14,1.0,1.0,1.0,8.562528980109277e-17,9.295987619358079e-17,7.742090491279866e-17,1.0,1.0,1.0,1.0,1.0,1.0,1.0,0.9994378734116343,2.6002975094274794e-20,0.0005621135469364749
jetanima_MultiplicativeGaussianNoise_5.ply,jetanima.ply,MultiplicativeGaussianNoise,3,2.9,800000,800000,3.098675012588501,0.07123947143554688,0.8658227868416317,0.978893098527123,0.9713798623511978,0.0742652535917529,0.007703021606464134,0.04629707919385517,0.7209244314898315,0.10573075873729465,0.15584026854014807,0.06104900460159429,0.03250972650721169,0.05978657821746097,0.0,0.0,0.0,0.0,0.4126461623651619,0.43939744365870653,0.8548420478642823,0.4126461623651619,0.43939744365870653,7.013931858430046e-14,3.5787464539864124e-14,3.2559585805132387e-14,1.0,1.0,1.0,8.562528980109277e-17,9.295987619358079e-17,7.742090491279866e-17,1.0,1.0,1.0,1.0,1.0,1.0,1.0,0.9994378734116343,2.6002975094274794e-20,0.0005621135469364749
jetanima_MultiplicativeGaussianNoise_7.ply,jetanima.ply,MultiplicativeGaussianNoise,3,2.32142857142857,800000,800000,3.0819551944732666,0.070953369140625,0.8168428811836196,0.9736939529583214,0.9634603648922999,0.0703273446629267,0.005387747227648622,0.03946013962267426,0.7313516136305019,0.10975619266989319,0.1643142076369595,0.054191705126475954,0.02709177776815954,0.052671509375706506,0.0,0.0,0.0,0.0,0.4126461623651619,0.43939744365870653,0.8548420478642823,0.4126461623651619,0.43939744365870653,7.013931858430046e-14,3.5787464539864124e-14,3.2559585805132387e-14,1.0,1.0,1.0,8.562528980109277e-17,9.295987619358079e-17,7.742090491279866e-17,1.0,1.0,1.0,1.0,1.0,1.0,1.0,0.9994378734116343,2.6002975094274794e-20,0.0005621135469364749
jetanima_UniformShifting_1.ply,jetanima.ply,UniformShifting,31,4.39285714285714,800000,800000,3.1156201362609863,0.0717010498046875,0.9989263950421047,0.9998702471934234,0.9995650707220932,0.920634795220634,0.9848777377822261,0.9785403374901281,0.6399019348762921,0.09679072822773811,0.16230195358565322,0.9152748691370205,0.9853516744318924,0.9259822762696172,0.10582410054344686,0.06470866581906716,0.06270819206739858,0.02003956471495259,0.4126461623651619,0.43939744365870653,0.9056591620895703,0.4470161537079524,0.43879179357456877,0.374796531055646,0.18125996929938923,0.1959870523908349,0.9718086967567493,0.9738256024660118,0.406711176000221,0.89499847608114,0.8897868032286156,0.8298830804869174,0.7058643927058326,0.9743991435521951,0.9813753743384759,0.9518381851293399,0.7513248195703498,0.4049344506742123,0.39778315391231894,0.8239810294958446,0.10467350619388226,0.003242030037889532
jetanima_UniformShifting_2.ply,jetanima.ply,UniformShifting,31,3.6,800000,800000,3.1767947673797607,0.06732940673828125,0.9973246800641513,0.999677708528011,0.9989051817332926,0.8340384630542754,0.9613016496331678,0.9482030796551566,0.6964831537835555,0.1083573009401116,0.1780603759084158,0.8225161315508743,0.9622259497289024,0.8429782488475698,0.22728514637134395,0.13762214791075017,0.13707207387412668,0.04158512627095966,0.4126461623651619,0.43939744365870653,0.9686666955269821,0.49245124358792175,0.43637158692320993,0.6255638964179695,0.266711900355203,0.40612336876103583,0.9557978210197202,0.954358821062943,0.23319079906240023,0.9590571869490483,0.9545187488318114,0.9042876937557772,0.5757585255363475,0.9515911741933887,0.9528749875362078,0.9284913202286922,0.6645801211574258,0.24048570947206813,0.23068967065972742,0.759353485117538,0.17230592631279162,0.006291589521792283
jetanima_UniformShifting_3.ply,jetanima.ply,UniformShifting,31,3.03571428571429,800000,800000,3.170262336730957,0.07292938232421875,0.9954925831964282,0.9994364743521333,0.9980646241251909,0.7655179133152404,0.9318862390012806,0.9178129445915757,0.7222854841167109,0.11077432193381259,0.18439368073198426,0.7524533813453651,0.9347433874132783,0.7794472211819348,0.36832024860290413,0.2230150674651966,0.22490468414560935,0.06638135064314184,0.4126461623651619,0.43939744365870653,1.0443937510934187,0.5437052939444551,0.43735270558512446,0.7761081668822473,0.32576203666808157,0.49631433262829,0.937618595747183,0.9211721414875299,0.19249940297731963,0.983985218727211,0.9818121000021243,0.9220538682879943,0.5034539291550648,0.9130977910063967,0.9201853978764375,0.9001862157046648,0.5956653317315621,0.2137148159022367,0.20169874276158986,0.7096586056164933,0.233782931832317,0.009255051812443044
jetanima_UniformShifting_4.ply,jetanima.ply,UniformShifting,31,2.59375,800000,800000,3.2108983993530273,0.07141876220703125,0.9934453620884052,0.9991597689689579,0.9971098441239732,0.7173891250514929,0.9092213688155911,0.8954967808064352,0.7322982278475947,0.11160440979598563,0.18547567862165706,0.70345518388858,0.9134445995829561,0.7337615001805495,0.5095065142925236,0.3117593568482199,0.3056295056833125,0.09319769386226838,0.4126461623651619,0.43939744365870653,1.1200088071043832,0.5917998469850428,0.4401878543600203,0.8722922232294826,0.3879324592122529,0.5136546001820438,0.9088424136990705,0.8759806893633818,0.1718453713662484,0.9967828200638339,0.9934147477649803,0.9279447631461751,0.4586099484769799,0.8548706338645282,0.9018530536742472,0.8806074945977389,0.5354234251961993,0.20608087185739293,0.19207643865832502,0.664075505762114,0.2931564301772972,0.012054956507310232
jetanima_UniformShifting_5.ply,jetanima.ply,UniformShifting,31,2.5625,800000,800000,3.1965887546539307,0.040470123291015625,0.9909222278756594,0.9988096997544746,0.9958831860445339,0.680218676338589,0.8842015592029089,0.8704721420509207,0.7424039115845538,0.1124765875020692,0.18800857799375367,0.6652534470402576,0.8890716014820121,0.6989216793279729,0.7012919986349732,0.43088473420935614,0.423020869350658,0.1247031802718205,0.4126461623651619,0.43939744365870653,1.2443525540564369,0.675301512542889,0.4423158245628269,1.0099384908023816,0.4595488955811179,0.5815029112104728,0.8698112067105513,0.8225942877811367,0.14777890543906336,0.9991521262339758,0.9973730918972961,0.9335494942753779,0.4091326372295332,0.785734834278718,0.8771784768284734,0.8602088619114986,0.47457753395098257,0.1934935681672152,0.17801128877079456,0.6168016956113865,0.3584962162068145,0.016094591436400484
Kangaroo_lossless-geom-lossy-attrs_3.ply,Kangaroo.ply,lossless-geom-lossy-attrs,7,4.82142857142857,837025,837025,3.2197115421295166,0.10549545288085938,0.9911857464782337,0.9975250795124093,0.9979848786233954,0.7798226796359792,0.3503672442988538,0.3482582397572382,0.25476357337843525,0.6450544389846103,0.6717885804897674,0.7653667114910677,0.3976029367937662,0.7192340240044854,0.0,0.0,0.0,0.0,0.17891769887138453,0.34206646979016114,0.48204926087454786,0.17891769887138453,0.34206646979016114,8.459974417184196e-14,4.164805939472893e-14,4.232372574976218e-14,1.0,1.0,1.0,8.223924787547266e-17,7.786791703907296e-17,8.348501153954785e-17,1.0,1.0,1.0,1.0,1.0,1.0,1.0,0.9998822845184167,3.049105921365386e-20,0.00011770244821089393
Kangaroo_lossless-geom-lossy-attrs_4.ply,Kangaroo.ply,lossless-geom-lossy-attrs,7,4.8125,837025,837025,3.1516125202178955,0.093353271484375,0.9887548691981625,0.9967850836990376,0.997347160830588,0.6797844598623752,0.29806192794012537,0.2851336089478355,0.357595622823016,0.6521590270351342,0.6700773365170396,0.6671264697692114,0.32037373511405987,0.605193738026717,0.0,0.0,0.0,0.0,0.17891769887138453,0.34206646979016114,0.48204926087454786,0.17891769887138453,0.34206646979016114,8.459974417184196e-14,4.164805939472893e-14,4.232372574976218e-14,1.0,1.0,1.0,8.223924787547266e-17,7.786791703907296e-17,8.348501153954785e-17,1.0,1.0,1.0,1.0,1.0,1.0,1.0,0.9998822845184167,3.049105921365386e-20,0.00011770244821089393
Kangaroo_lossless-geom-lossy-attrs_5.ply,Kangaroo.ply,lossless-geom-lossy-attrs,7,4.78125,837025,837025,3.1724791526794434,0.17339706420898438,0.9851419238436596,0.9959148686851785,0.9967011061610811,0.5685451847387258,0.24232876120282262,0.2382516999820583,0.4702845216158933,0.6336868936541433,0.6559174725638288,0.5586542140517162,0.24962677627122581,0.48638255671498337,0.0,0.0,0.0,0.0,0.17891769887138453,0.34206646979016114,0.48204926087454786,0.17891769887138453,0.34206646979016114,8.459974417184196e-14,4.164805939472893e-14,4.232372574976218e-14,1.0,1.0,1.0,8.223924787547266e-17,7.786791703907296e-17,8.348501153954785e-17,1.0,1.0,1.0,1.0,1.0,1.0,1.0,0.9998822845184167,3.049105921365386e-20,0.00011770244821089393
Kangaroo_lossless-geom-lossy-attrs_6.ply,Kangaroo.ply,lossless-geom-lossy-attrs,7,4.03571428571429,837025,837025,3.1613924503326416,0.16368865966796875,0.9801560902898369,0.9949759628367786,0.995870295351853,0.45478185911196584,0.19348946908899786,0.20121360054049042,0.5848215495565147,0.5716356186792529,0.6166251744424686,0.4482118207110611,0.1880122020085501,0.37502546059244085,0.0,0.0,0.0,0.0,0.17891769887138453,0.34206646979016114,0.48204926087454786,0.17891769887138453,0.34206646979016114,8.459974417184196e-14,4.164805939472893e-14,4.232372574976218e-14,1.0,1.0,1.0,8.223924787547266e-17,7.786791703907296e-17,8.348501153954785e-17,1.0,1.0,1.0,1.0,1.0,1.0,1.0,0.9998822845184167,3.049105921365386e-20,0.00011770244821089393
Kangaroo_lossless-geom-lossy-attrs_7.ply,Kangaroo.ply,lossless-geom-lossy-attrs,7,3.85714285714286,837025,837025,3.190352201461792,0.1929931640625,0.973688082200052,0.9917951237883995,0.9927906878367593,0.33735160210203874,0.16775827278763483,0.17396782499601846,0.6797121268028893,0.5484032710421469,0.5931102704036831,0.3343942001044886,0.14773684575823107,0.2655434043203938,0.0,0.0,0.0,0.0,0.17891769887138453,0.34206646979016114,0.48204926087454786,0.17891769887138453,0.34206646979016114,8.459974417184196e-14,4.164805939472893e-14,4.232372574976218e-14,1.0,1.0,1.0,8.223924787547266e-17,7.786791703907296e-17,8.348501153954785e-17,1.0,1.0,1.0,1.0,1.0,1.0,1.0,0.9998822845184167,3.049105921365386e-20,0.00011770244821089393
Kangaroo_UniformShifting_1.ply,Kangaroo.ply,UniformShifting,31,4.03571428571429,837025,837025,3.265587329864502,0.16881561279296875,0.997120044228828,0.9997289603030931,0.9997708919779862,0.96633844747059,0.9685102331802106,0.9703603745993746,0.8220306101309675,0.8240772793396165,0.8241764532153817,0.9679577955324814,0.9759224309526917,0.9580707800846004,0.12961908520335838,0.07841777444689588,0.07702168383392655,0.02991645485552486,0.17891769887138453,0.34206646979016114,0.5653824921544074,0.23885053183189967,0.3398394300269381,0.2990340711956318,0.15276246390301124,0.14451951248499154,0.977343101845315,0.9738216940709411,0.4276723291542432,0.9111201144213648,0.9070476733061352,0.8754368167470599,0.762977521017055,0.9776489438983663,0.9830459036654738,0.959938324212512,0.5402208160800698,0.43361078567633754,0.4252071852716077,0.6788815268953601,0.2916416633366928,0.0011242764799526891
Kangaroo_UniformShifting_2.ply,Kangaroo.ply,UniformShifting,31,3.64285714285714,837025,837025,3.2611541748046875,0.09991836547851562,0.9930357400741573,0.9993667692699216,0.9994790407798545,0.9130977881270026,0.9236235208613468,0.9290324483829983,0.9124365505312529,0.9152732210904044,0.9150871497953906,0.9162263695825398,0.9328709863287498,0.8942290153048765,0.26550867589334504,0.16038761133118182,0.15898306288321457,0.06047563587834066,0.17891769887138453,0.34206646979016114,0.6544153173118552,0.3034900029232328,0.33806880333144296,0.4806966759117718,0.22877932922452038,0.26809036222898625,0.9599887506532268,0.943852320485049,0.22015854056648693,0.9876320918956265,0.9859822708166481,0.9442630048560453,0.6153542848283288,0.9417977761597011,0.9575281574582362,0.9416123504306448,0.4240859746623189,0.23807992029565633,0.22701548951210856,0.5860766924475967,0.4222771416109283,0.0024983794329526657
Kangaroo_UniformShifting_3.ply,Kangaroo.ply,UniformShifting,31,3.03571428571429,837025,837025,3.2894675731658936,0.11607742309570312,0.9885321350820351,0.9989634260712931,0.9991395001074066,0.8454957916032331,0.8634304967646791,0.8732759030986187,0.9431021837733741,0.9471600858957061,0.9476979441080443,0.8492387968813979,0.8701839502048928,0.8156193102389806,0.40997182023650214,0.2435147196968573,0.2488484371545729,0.09443984655236226,0.17891769887138453,0.34206646979016114,0.7528943115230765,0.3751237993494704,0.33859674916512145,0.5684670170789865,0.28528235840976834,0.28319335309871035,0.9231202505692194,0.8912201512081944,0.18164779666695358,1.0058162057514024,1.0066007791796425,0.9559281848993558,0.5407458646367012,0.8718449788743844,0.9410850760450165,0.9304489415470227,0.36374322344660226,0.21754211520611935,0.2056358171762413,0.5379345028321754,0.49098546666890586,0.0031341818958965624
Kangaroo_UniformShifting_4.ply,Kangaroo.ply,UniformShifting,31,2.71875,837025,837025,3.297302722930908,0.10021591186523438,0.9839602957619634,0.9985783216246956,0.9987902139528813,0.7867215640686278,0.8099322683992005,0.822173599188911,0.9506254573993478,0.9573042315783109,0.9576143265479206,0.7906072530847127,0.8131101217896118,0.7493931037577032,0.5650436939594452,0.3418845617910989,0.33956715717540065,0.12526654370525178,0.17891769887138453,0.34206646979016114,0.8625429728329282,0.4483809752122619,0.3372630162118057,0.6430338315084625,0.3298337978422603,0.3014897113708485,0.8704883034704459,0.8330525808444635,0.15452830675137233,1.0025704679446485,1.002428054101847,0.9564908267463539,0.4793615892063696,0.7907187955089746,0.9281299655282863,0.9200148016138434,0.3465241928412771,0.2049629585284707,0.19311516785425167,0.5255868935638827,0.5090337792712913,0.003905873558991863
Kangaroo_UniformShifting_5.ply,Kangaroo.ply,UniformShifting,31,2.57142857142857,837025,837025,3.3273026943206787,0.189788818359375,0.9787608102372695,0.9981201919261234,0.9983949124676934,0.7322959965652456,0.7570827113887794,0.7725189713883845,0.9589281008273413,0.9633475724116134,0.9659096614919601,0.736189564265695,0.7589733860186751,0.688775417270036,0.7440126511589958,0.44923588713018964,0.44830644604720754,0.16329266720043556,0.17891769887138453,0.34206646979016114,0.9948685681285558,0.5419539686856653,0.3365563915696692,0.7456357471276172,0.38251259850074126,0.35127515703880685,0.8091784006436373,0.7697339946350605,0.12398304060113764,1.0002932682470553,1.0001731214827168,0.9589570158204435,0.4146007687326535,0.7033629581536718,0.91090183999705,0.9061337148807126,0.3385937259951958,0.18524023633449968,0.1736235438450435,0.5189353921259711,0.5195575511030268,0.005428010857952092
longdress_losslessG-lossyA_3.ply,longdress.ply,losslessG-lossyA,17,4.78571428571429,857966,857966,2.8443143367767334,0.15143966674804688,0.9988165913828843,0.9980290800320011,0.9982081530295852,0.9276467178131834,0.7102860190172763,0.7208440169630597,0.05028297169898006,0.16184144023242505,0.16453434967260253,0.905062029373473,0.7442206097366932,0.8827208030999796,0.0,0.0,0.0,0.0,0.21763553293170887,0.8551187069382519,0.9591746036465502,0.21763553293170887,0.8551187069382519,7.96260666705874e-14,3.934245542193144e-14,4.0974885368924856e-14,1.0,1.0,1.0,9.091859871334744e-17,9.720158285920506e-17,7.05856514048446e-17,1.0,1.0,1.0,1.0,1.0,1.0,1.0,0.9997633938957671,7.442346773906806e-20,0.00023659305993689136
longdress_losslessG-lossyA_4.ply,longdress.ply,losslessG-lossyA,17,4.14285714285714,857966,857966,2.779395818710327,0.117462158203125,0.9964069498626894,0.9935076406410102,0.9939030638976311,0.8368215127211353,0.4995742043951252,0.5061410065267541,0.11087682666015676,0.19728374211470115,0.19706923090147052,0.7987866068788982,0.5247515783033153,0.7654173544743476,0.0,0.0,0.0,0.0,0.21763553293170887,0.8551187069382519,0.9591746036465502,0.21763553293170887,0.8551187069382519,7.96260666705874e-14,3.934245542193144e-14,4.0974885368924856e-14,1.0,1.0,1.0,9.091859871334744e-17,9.720158285920506e-17,7.05856514048446e-17,1.0,1.0,1.0,1.0,1.0,1.0,1.0,0.9997633938957671,7.442346773906806e-20,0.00023659305993689136
longdress_losslessG-lossyA_5.ply,longdress.ply,losslessG-lossyA,17,3.42857142857143,857966,857966,2.8223795890808105,0.09161376953125,0.9874943704741305,0.9788634870713637,0.9803034805134735,0.6607562613382134,0.26579282776408,0.29847322562652623,0.18161252368918518,0.20775888860358085,0.19634436625700047,0.6135102051455965,0.27519755431425647,0.5688087970752062,0.0,0.0,0.0,0.0,0.21763553293170887,0.8551187069382519,0.9591746036465502,0.21763553293170887,0.8551187069382519,7.96260666705874e-14,3.934245542193144e-14,4.0974885368924856e-14,1.0,1.0,1.0,9.091859871334744e-17,9.720158285920506e-17,7.05856514048446e-17,1.0,1.0,1.0,1.0,1.0,1.0,1.0,0.9997633938957671,7.442346773906806e-20,0.00023659305993689136
longdress_losslessG-lossyA_6.ply,longdress.ply,losslessG-lossyA,17,2.60714285714286,857966,857966,2.8073694705963135,0.185760498046875,0.9776270751744828,0.9683863333614757,0.9690064197556482,0.5595837490268748,0.15909804240723405,0.227141563673603,0.28707733798489327,0.20958704918615836,0.28580745530824214,0.5357821523106395,0.1926618325048697,0.481955004462369,0.0,0.0,0.0,0.0,0.21763553293170887,0.8551187069382519,0.9591746036465502,0.21763553293170887,0.8551187069382519,7.96260666705874e-14,3.934245542193144e-14,4.0974885368924856e-14,1.0,1.0,1.0,9.091859871334744e-17,9.720158285920506e-17,7.05856514048446e-17,1.0,1.0,1.0,1.0,1.0,1.0,1.0,0.9997633938957671,7.442346773906806e-20,0.00023659305993689136
longdress_losslessG-lossyA_7.ply,longdress.ply,losslessG-lossyA,17,2.3125,857966,857966,2.8155877590179443,0.1706695556640625,0.9591491293952117,0.9588874665802938,0.9624488660977081,0.4135410617226646,0.08651929858292506,0.10772796903634377,0.2295884341617955,0.09463809145371122,0.10800956133672954,0.44335547561446553,0.0621743130961282,0.39562277619461506,0.0,0.0,0.0,0.0,0.21763553293170887,0.8551187069382519,0.9591746036465502,0.21763553293170887,0.8551187069382519,7.96260666705874e-14,3.934245542193144e-14,4.0974885368924856e-14,1.0,1.0,1.0,9.091859871334744e-17,9.720158285920506e-17,7.05856514048446e-17,1.0,1.0,1.0,1.0,1.0,1.0,1.0,0.9997633938957671,7.442346773906806e-20,0.00023659305993689136
longdress_lossy-geom-lossy-attrs_3.ply,longdress.ply,lossy-geom-lossy-attrs,27,4.5,857966,857966,2.853026866912842,0.13431930541992188,0.9950427400872719,0.996830537557154,0.9969584445167063,0.822085416511305,0.6875755431318015,0.6991293847526872,0.9074900417913263,0.9279942627757595,0.934093940567827,0.8346555136926552,0.7418879924243251,0.7883151432300445,0.6702893643190941,0.33592159638992575,0.33579961899203103,0.33781174079922804,0.21763553293170887,0.8551187069382519,1.1823206404180222,0.4037639098420198,0.9066204549596686,0.35841167472604374,0.1705276847194905,0.18652323565302334,0.9804627543503415,0.9801367696555133,0.9080181589179895,0.9770313430598485,0.9788165654718726,0.8728814956644693,0.9685019212567938,0.9917285247727916,0.995967686013442,0.9623369203585701,0.5578754284569845,0.9092295998639961,0.8985896349591047,0.6951916076301385,0.2677922345772439,0.0007234331173761609
longdress_lossy-geom-lossy-attrs_4.ply,longdress.ply,lossy-geom-lossy-attrs,27,4.1875,857966,857966,2.730802059173584,0.09327316284179688,0.9929323974375421,0.9955243379726617,0.9956372332588549,0.7428477836846671,0.6200501196075813,0.6295334854884939,0.865675235571416,0.9002876655179498,0.903246747587306,0.762966535820102,0.6689313189633328,0.7030246193934064,1.1093580391292654,0.5378655414918548,0.5427805173632995,0.581426399991986,0.21763553293170887,0.8551187069382519,1.3837960240656828,0.6034393330118051,0.8588369425851156,0.6606571776603033,0.16995492414356606,0.5604565696223851,0.9751326958081374,0.9772418793653551,0.9605150143296238,0.9034142886618938,0.9014292718229343,0.8142012199427929,0.9821711782245129,0.9839640103788374,0.9971927597794683,0.9598795124800403,0.5575540708042173,0.9605188274471141,0.9516819307247348,0.6960205628917856,0.280617973776464,0.0010846562408371057
longdress_lossy-geom-lossy-attrs_5.ply,longdress.ply,lossy-geom-lossy-attrs,27,2.92857142857143,857966,243092,2.3728840351104736,0.038867950439453125,0.9716440430029816,0.9880287423432975,0.9873177704442566,0.6720135681640199,0.545478209662488,0.5201793777167067,0.971334923487992,0.9810737941850427,0.9804882547123137,0.6908241802998206,0.6130366555573713,0.6285651720808287,2.010868525322265,1.0286236697309563,1.0229489159258527,0.9746823122733766,0.21763553293170887,0.8551187069382519,2.1856435029013155,1.0522866149499244,1.1812078694085595,1.2196582609771844,0.4175270380323583,0.9336340511834493,0.4727232023072617,0.44094164929393803,0.28228497512199735,1.0011994896493286,1.0021200278884774,0.9272341305423022,0.3861176508340717,0.3436642337517747,0.9718974975525753,0.9338299126576932,0.3487474446507171,0.7126732496353412,0.685683545960331,0.5360435768328874,0.4859226087669852,0.008714914204275025
longdress_lossy-geom-lossy-attrs_6.ply,longdress.ply,lossy-geom-lossy-attrs,27,1.96428571428571,857966,63495,2.282665491104126,0.0017852783203125,0.9490835104577023,0.9793640190802243,0.9777947304306129,0.5506468779477225,0.4316012399312479,0.45445768148486965,0.9929032347705365,0.9886242606476511,0.9923866572086828,0.5732216758106671,0.5166535287471571,0.5079552303063569,3.8951858526745884,1.9751224599016737,1.9752632238153227,1.9166976252803745,0.21763553293170887,0.8551187069382519,3.999098306581375,1.9909328729081552,2.0433507896325924,3.3303215465612785,1.0281967033346604,2.7028525049854855,0.16592181321137858,0.152579095301397,0.0532884498759869,1.0003056906551244,0.9986576839385738,0.9474466643894879,0.10562850733721424,0.08533493087719746,0.9053979711765339,0.8859848437263325,0.33063458753347996,0.4930795024785133,0.46269680415426645,0.5026461730866162,0.5209426896411881,0.04219133371225712
longdress_lossy-geom-lossy-attrs_7.ply,longdress.ply,lossy-geom-lossy-attrs,27,1.60714285714286,857966,15992,2.2187483310699463,0.015605926513671875,0.9260780270990694,0.9706083838355714,0.9689089043225924,0.5001417265708175,0.3812559170905992,0.3997983318105646,0.9988541158660436,0.9751838631466698,0.9944753465093492,0.5272919875524407,0.4600258484003293,0.4587040177644318,7.749902785700182,3.8847283201150224,3.8876696982760537,3.90439471066082,0.21763553293170887,0.8551187069382519,7.804489374577538,3.8977358290675084,3.981832666072296,8.693226558769913,2.6902149539946354,6.993388330904976,0.052893935518817534,0.04853640674826694,0.00904607924007913,1.0011127153954544,0.9998693093997086,0.9632979792962193,0.026355825097559116,0.020065114335630574,0.8003689177350246,0.7973450152058693,0.3214720191899397,0.3301336206168887,0.29846133750128834,0.47708038404160963,0.5359899730118465,0.11473396369889788
longdress_RayleighNoise_1.ply,longdress.ply,RayleighNoise,25,4.0,857966,857966,2.762307643890381,0.12996292114257812,0.9407581491851785,0.9985201661281656,0.9984718650813718,0.8345160311259059,0.554059159727589,0.54487810784503,0.1482519602110194,0.395120586545233,0.4014155565016922,0.7733274528004798,0.6179212567266386,0.7495559866509656,0.0,0.0,0.0,0.0,0.21763553293170887,0.8551187069382519,0.9591746036465502,0.21763553293170887,0.8551187069382519,7.96260666705874e-14,3.934245542193144e-14,4.0974885368924856e-14,1.0,1.0,1.0,9.091859871334744e-17,9.720158285920506e-17,7.05856514048446e-17,1.0,1.0,1.0,1.0,1.0,1.0,1.0,0.9997633938957671,7.442346773906806e-20,0.00023659305993689136
longdress_RayleighNoise_3.ply,longdress.ply,RayleighNoise,25,3.28125,857966,857966,2.769023895263672,0.07682418823242188,0.8426944274964973,0.9954309385841021,0.9953636474881724,0.5273284369901976,0.22198105007884647,0.23476942913049786,0.41316847053226313,0.6865538801138935,0.6787370804814973,0.42322152872134755,0.2802625979768918,0.3845253374539952,0.0,0.0,0.0,0.0,0.21763553293170887,0.8551187069382519,0.9591746036465502,0.21763553293170887,0.8551187069382519,7.96260666705874e-14,3.934245542193144e-14,4.0974885368924856e-14,1.0,1.0,1.0,9.091859871334744e-17,9.720158285920506e-17,7.05856514048446e-17,1.0,1.0,1.0,1.0,1.0,1.0,1.0,0.9997633938957671,7.442346773906806e-20,0.00023659305993689136
longdress_RayleighNoise_4.ply,longdress.ply,RayleighNoise,25,3.03333333333333,857966,857966,2.7534141540527344,0.10796737670898438,0.8021447550653446,0.993719663560336,0.9934194158112379,0.43659351140222435,0.16307300895286347,0.17798468777455573,0.4966025920412255,0.7464468152142413,0.7380051118920063,0.3345015985921194,0.21236058263919744,0.2967673167784916,0.0,0.0,0.0,0.0,0.21763553293170887,0.8551187069382519,0.9591746036465502,0.21763553293170887,0.8551187069382519,7.96260666705874e-14,3.934245542193144e-14,4.0974885368924856e-14,1.0,1.0,1.0,9.091859871334744e-17,9.720158285920506e-17,7.05856514048446e-17,1.0,1.0,1.0,1.0,1.0,1.0,1.0,0.9997633938957671,7.442346773906806e-20,0.00023659305993689136
longdress_RayleighNoise_5.ply,longdress.ply,RayleighNoise,25,2.71428571428571,857966,857966,2.7744250297546387,0.055023193359375,0.7668580123187012,0.9916230230746693,0.9914070900160299,0.3802351185345816,0.13156275343197804,0.1458566220598336,0.5614773963158313,0.7854810646899988,0.7766332690379578,0.281956352004067,0.1742053521997937,0.24656404730275194,0.0,0.0,0.0,0.0,0.21763553293170887,0.8551187069382519,0.9591746036465502,0.21763553293170887,0.8551187069382519,7.96260666705874e-14,3.934245542193144e-14,4.0974885368924856e-14,1.0,1.0,1.0,9.091859871334744e-17,9.720158285920506e-17,7.05856514048446e-17,1.0,1.0,1.0,1.0,1.0,1.0,1.0,0.9997633938957671,7.442346773906806e-20,0.00023659305993689136
longdress_RayleighNoise_7.ply,longdress.ply,RayleighNoise,25,2.57142857142857,857966,857966,2.7345850467681885,0.10056686401367188,0.7118233249348193,0.9867936953177026,0.9866615258828279,0.33327131659369635,0.10827871664038577,0.11981159443823182,0.6484196489503673,0.834291734365896,0.8245315547001587,0.240433980059276,0.14551050697836554,0.20895990164773426,0.0,0.0,0.0,0.0,0.21763553293170887,0.8551187069382519,0.9591746036465502,0.21763553293170887,0.8551187069382519,7.96260666705874e-14,3.934245542193144e-14,4.0974885368924856e-14,1.0,1.0,1.0,9.091859871334744e-17,9.720158285920506e-17,7.05856514048446e-17,1.0,1.0,1.0,1.0,1.0,1.0,1.0,0.9997633938957671,7.442346773906806e-20,0.00023659305993689136
loot_HighFrequencyNoise_3.ply,loot.ply,HighFrequencyNoise,18,3.85714285714286,805285,805285,2.8192031383514404,0.08822250366210938,0.9915949783738328,0.9960738639127735,0.9957214141220194,0.2346174394538069,0.011051011818984968,0.012149552855092121,0.6816619781307386,0.9441820888128212,0.9426637255222674,0.1345691250237564,0.026656070186348125,0.10869325669039863,0.0,0.0,0.0,0.0,0.23321441793267095,0.8295027892923867,0.9471328833952595,0.23321441793267095,0.8295027892923867,7.631182026460708e-14,3.854904612338652e-14,3.701733492046172e-14,1.0,1.0,1.0,8.913710316098066e-17,9.523821544550061e-17,6.958038048870188e-17,1.0,1.0,1.0,1.0,1.0,1.0,1.0,0.9998763316983498,4.5761634913035594e-20,0.0001236552491652921
loot_HighFrequencyNoise_4.ply,loot.ply,HighFrequencyNoise,18,3.21428571428571,805285,805285,2.762127637863159,0.07092666625976562,0.9897339939289502,0.9952560210778988,0.994822050603539,0.1864947473555905,0.007568947436180677,0.00859127894763588,0.727050960330195,0.9525936063033196,0.951685501191059,0.10123109520304968,0.019044724791412143,0.0789235777973916,0.0,0.0,0.0,0.0,0.23321441793267095,0.8295027892923867,0.9471328833952595,0.23321441793267095,0.8295027892923867,7.631182026460708e-14,3.854904612338652e-14,3.701733492046172e-14,1.0,1.0,1.0,8.913710316098066e-17,9.523821544550061e-17,6.958038048870188e-17,1.0,1.0,1.0,1.0,1.0,1.0,1.0,0.9998763316983498,4.5761634913035594e-20,0.0001236552491652921
loot_HighFrequencyNoise_5.ply,loot.ply,HighFrequencyNoise,18,3.42857142857143,805285,805285,2.7756314277648926,0.075653076171875,0.9881864666375951,0.9944831210202211,0.9939536074056098,0.15599405932792854,0.005795246346342728,0.006701935384692019,0.7584476928733191,0.9567101434190333,0.954991673329434,0.08170381075725265,0.014930327638549644,0.061907722324341545,0.0,0.0,0.0,0.0,0.23321441793267095,0.8295027892923867,0.9471328833952595,0.23321441793267095,0.8295027892923867,7.631182026460708e-14,3.854904612338652e-14,3.701733492046172e-14,1.0,1.0,1.0,8.913710316098066e-17,9.523821544550061e-17,6.958038048870188e-17,1.0,1.0,1.0,1.0,1.0,1.0,1.0,0.9998763316983498,4.5761634913035594e-20,0.0001236552491652921
loot_HighFrequencyNoise_6.ply,loot.ply,HighFrequencyNoise,18,2.86666666666667,805285,805285,2.8284974098205566,0.07535934448242188,0.9770012907928501,0.9907800479868608,0.9900284840783724,0.07334949843899852,0.0021390632407284763,0.002501936650863408,0.8540513552410564,0.9678819914246606,0.9704689013890353,0.03415050052217942,0.005797717210167011,0.023044484363983528,0.0,0.0,0.0,0.0,0.23321441793267095,0.8295027892923867,0.9471328833952595,0.23321441793267095,0.8295027892923867,7.631182026460708e-14,3.854904612338652e-14,3.701733492046172e-14,1.0,1.0,1.0,8.913710316098066e-17,9.523821544550061e-17,6.958038048870188e-17,1.0,1.0,1.0,1.0,1.0,1.0,1.0,0.9998763316983498,4.5761634913035594e-20,0.0001236552491652921
loot_HighFrequencyNoise_7.ply,loot.ply,HighFrequencyNoise,18,2.85714285714286,805285,805285,2.7836806774139404,0.0738677978515625,0.9650024824050798,0.9885410102245046,0.9875757296203274,0.050938092160694046,0.0014048580052802072,0.0016122277618150585,0.8844632073429508,0.9739048472156177,0.9749630988192654,0.022793297258492273,0.003815331941688059,0.014576516915460172,0.0,0.0,0.0,0.0,0.23321441793267095,0.8295027892923867,0.9471328833952595,0.23321441793267095,0.8295027892923867,7.631182026460708e-14,3.854904612338652e-14,3.701733492046172e-14,1.0,1.0,1.0,8.913710316098066e-17,9.523821544550061e-17,6.958038048870188e-17,1.0,1.0,1.0,1.0,1.0,1.0,1.0,0.9998763316983498,4.5761634913035594e-20,0.0001236552491652921
loot_SaltpepperNoise_1.ply,loot.ply,SaltpepperNoise,15,3.21428571428571,805285,805285,2.782933473587036,0.07091140747070312,0.9874178366128972,0.9995397321846836,0.9996023618643158,0.3381891584566316,0.5860556491242177,0.6658389186974444,0.5925734385823861,0.3538389574372498,0.29210959112847623,0.34233284185511675,0.4621329172181596,0.300903619922826,0.0,0.0,0.0,0.0,0.23321441793267095,0.8295027892923867,0.9471328833952595,0.23321441793267095,0.8295027892923867,7.631182026460708e-14,3.854904612338652e-14,3.701733492046172e-14,1.0,1.0,1.0,8.913710316098066e-17,9.523821544550061e-17,6.958038048870188e-17,1.0,1.0,1.0,1.0,1.0,1.0,1.0,0.9998763316983498,4.5761634913035594e-20,0.0001236552491652921
loot_SaltpepperNoise_3.ply,loot.ply,SaltpepperNoise,15,3.39285714285714,805285,805285,2.7978336811065674,0.056095123291015625,0.9580884755590964,0.9977234262846811,0.9980399874616234,0.05418053194870684,0.24921983565918723,0.3330563116072656,0.8804480874835336,0.6634593213884455,0.5966856419558224,0.055725291520754984,0.14227768160449406,0.035720922646768925,0.0,0.0,0.0,0.0,0.23321441793267095,0.8295027892923867,0.9471328833952595,0.23321441793267095,0.8295027892923867,7.631182026460708e-14,3.854904612338652e-14,3.701733492046172e-14,1.0,1.0,1.0,8.913710316098066e-17,9.523821544550061e-17,6.958038048870188e-17,1.0,1.0,1.0,1.0,1.0,1.0,1.0,0.9998763316983498,4.5761634913035594e-20,0.0001236552491652921
loot_SaltpepperNoise_4.ply,loot.ply,SaltpepperNoise,15,2.5625,805285,805285,2.8130404949188232,0.07411575317382812,0.9415422419298941,0.996571408102196,0.9970499229136416,0.03618245825326753,0.19969165364569136,0.2726685980538149,0.9088750385711941,0.7226653260979319,0.6632148807369789,0.03721831920740663,0.10775495227441434,0.022603947257195982,0.0,0.0,0.0,0.0,0.23321441793267095,0.8295027892923867,0.9471328833952595,0.23321441793267095,0.8295027892923867,7.631182026460708e-14,3.854904612338652e-14,3.701733492046172e-14,1.0,1.0,1.0,8.913710316098066e-17,9.523821544550061e-17,6.958038048870188e-17,1.0,1.0,1.0,1.0,1.0,1.0,1.0,0.9998763316983498,4.5761634913035594e-20,0.0001236552491652921
loot_SaltpepperNoise_5.ply,loot.ply,SaltpepperNoise,15,2.46428571428571,805285,805285,2.745945453643799,0.06755828857421875,0.9258181725511289,0.9954630948151623,0.9960974085280068,0.02758381022891012,0.1735427978536121,0.2392073282475479,0.926961224995976,0.7585101810196546,0.7079819971755145,0.028410795356063532,0.08990531982420336,0.01669642756285897,0.0,0.0,0.0,0.0,0.23321441793267095,0.8295027892923867,0.9471328833952595,0.23321441793267095,0.8295027892923867,7.631182026460708e-14,3.854904612338652e-14,3.701733492046172e-14,1.0,1.0,1.0,8.913710316098066e-17,9.523821544550061e-17,6.958038048870188e-17,1.0,1.0,1.0,1.0,1.0,1.0,1.0,0.9998763316983498,4.5761634913035594e-20,0.0001236552491652921
loot_SaltpepperNoise_7.ply,loot.ply,SaltpepperNoise,15,2.10714285714286,805285,805285,2.7995166778564453,0.06070709228515625,0.896737380525772,0.9931860179628994,0.9941423008297423,0.018714637664597734,0.14595629254715806,0.2028661715428675,0.9472062107730644,0.8070719064466946,0.7666965722480135,0.01929726955645186,0.07135586219706051,0.010814620707406752,0.0,0.0,0.0,0.0,0.23321441793267095,0.8295027892923867,0.9471328833952595,0.23321441793267095,0.8295027892923867,7.631182026460708e-14,3.854904612338652e-14,3.701733492046172e-14,1.0,1.0,1.0,8.913710316098066e-17,9.523821544550061e-17,6.958038048870188e-17,1.0,1.0,1.0,1.0,1.0,1.0,1.0,0.9998763316983498,4.5761634913035594e-20,0.0001236552491652921
lowpolycarsset1_lossless-geom-nearlossless-attrs_3.ply,lowpolycarsset1.ply,lossless-geom-nearlossless-attrs,9,4.85714285714286,720117,720117,3.1983277797698975,0.16350555419921875,0.99236225176888,0.9977119889973205,0.9963095781250355,0.47805959792943514,0.6823939922502259,0.6548757307472315,0.31540321564131363,0.19127472894864958,0.1161716474768445,0.5121452927876808,0.7668858750975613,0.4610912019145237,0.0,0.0,0.0,0.0,0.17131772622309283,0.19005491777055855,0.4550342812526725,0.17131772622309283,0.19005491777055855,6.4283321676488e-14,4.18718612994869e-14,1.3746492904802208e-14,1.0,1.0,1.0,6.910769665803769e-17,6.034022573116523e-17,3.287349330010996e-17,1.0,1.0,1.0,1.0,1.0,1.0,1.0,0.9972611843678435,9.355943408967737e-21,0.0027388025112712235
lowpolycarsset1_lossless-geom-nearlossless-attrs_4.ply,lowpolycarsset1.ply,lossless-geom-nearlossless-attrs,9,4.5,720117,720117,3.2066595554351807,0.10762405395507812,0.9823513100722516,0.9955107803402257,0.9946458821982095,0.4446697832869423,0.6596977459877207,0.6209925371399212,0.41957276670195104,0.23297681234274428,0.14288582391194618,0.4722003869357469,0.7483486947292965,0.4351003600966318,0.0,0.0,0.0,0.0,0.17131772622309283,0.19005491777055855,0.4550342812526725,0.17131772622309283,0.19005491777055855,6.4283321676488e-14,4.18718612994869e-14,1.3746492904802208e-14,1.0,1.0,1.0,6.910769665803769e-17,6.034022573116523e-17,3.287349330010996e-17,1.0,1.0,1.0,1.0,1.0,1.0,1.0,0.9972611843678435,9.355943408967737e-21,0.0027388025112712235
lowpolycarsset1_lossless-geom-nearlossless-attrs_5.ply,lowpolycarsset1.ply,lossless-geom-nearlossless-attrs,9,4.5,720117,720117,3.167043685913086,0.09324264526367188,0.9593156985355036,0.9863094221259576,0.9922866571494582,0.40338241390765534,0.6026201136712872,0.6333787642558093,0.4541423670434186,0.25279895608468766,0.16411757118537645,0.4136413029366885,0.6699329356283986,0.37347024532970996,0.0,0.0,0.0,0.0,0.17131772622309283,0.19005491777055855,0.4550342812526725,0.17131772622309283,0.19005491777055855,6.4283321676488e-14,4.18718612994869e-14,1.3746492904802208e-14,1.0,1.0,1.0,6.910769665803769e-17,6.034022573116523e-17,3.287349330010996e-17,1.0,1.0,1.0,1.0,1.0,1.0,1.0,0.9972611843678435,9.355943408967737e-21,0.0027388025112712235
lowpolycarsset1_lossless-geom-nearlossless-attrs_6.ply,lowpolycarsset1.ply,lossless-geom-nearlossless-attrs,9,3.39285714285714,720117,720117,3.16597843170166,0.07804489135742188,0.9188221089061307,0.9741386429360059,0.9830636106305526,0.381998915233066,0.500980383420742,0.4486533589308515,0.5723840188486312,0.2792766289934565,0.21581679896697445,0.4131461365885314,0.5840981409524669,0.3759817825952438,0.0,0.0,0.0,0.0,0.17131772622309283,0.19005491777055855,0.4550342812526725,0.17131772622309283,0.19005491777055855,6.4283321676488e-14,4.18718612994869e-14,1.3746492904802208e-14,1.0,1.0,1.0,6.910769665803769e-17,6.034022573116523e-17,3.287349330010996e-17,1.0,1.0,1.0,1.0,1.0,1.0,1.0,0.9972611843678435,9.355943408967737e-21,0.0027388025112712235
lowpolycarsset1_lossless-geom-nearlossless-attrs_7.ply,lowpolycarsset1.ply,lossless-geom-nearlossless-attrs,9,2.7,720117,720117,3.189985752105713,0.06562423706054688,0.7292689889925211,0.9545555724884138,0.9308768582655544,0.3612814629277664,0.24309249725785187,0.21470328448386683,0.7767499339881762,0.3104963169969461,0.2560516091119535,0.3364438600827594,0.30868477496918595,0.30296144664444374,0.0,0.0,0.0,0.0,0.17131772622309283,0.19005491777055855,0.4550342812526725,0.17131772622309283,0.19005491777055855,6.4283321676488e-14,4.18718612994869e-14,1.3746492904802208e-14,1.0,1.0,1.0,6.910769665803769e-17,6.034022573116523e-17,3.287349330010996e-17,1.0,1.0,1.0,1.0,1.0,1.0,1.0,0.9972611843678435,9.355943408967737e-21,0.0027388025112712235
lowpolycarsset1_UniformShifting_1.ply,lowpolycarsset1.ply,UniformShifting,31,3.92857142857143,720117,720117,3.0840673446655273,0.06945419311523438,0.9990002160404067,0.9999307205953212,0.999622730790162,0.9657249138077383,0.9890838910601434,0.985468587025272,0.7145404836761159,0.26360562138094873,0.26065258932156693,0.9673309226052351,0.9875123431921459,0.9566330432565008,0.255836533604017,0.16417950211162352,0.1088695393831761,0.025035170790021485,0.17131772622309283,0.19005491777055855,0.6774125035989123,0.27009910622563826,0.20444831801300128,0.441525793853548,0.20199797973987882,0.2420304643512987,0.9815852770308917,0.9834185739251652,0.11938731127148007,0.8875503995471737,0.8617101277148854,0.5774090299686684,0.2624760118044554,0.9885743874757483,0.9924993414081804,0.9698466491392976,0.6602036019131842,0.1199288138024974,0.11827284186180335,0.7658620627491713,0.17091815966432955,0.0003595796835503968
lowpolycarsset1_UniformShifting_2.ply,lowpolycarsset1.ply,UniformShifting,31,3.28571428571429,720117,720117,3.124216079711914,0.07085037231445312,0.997156018543878,0.9998083846722818,0.9989571867434058,0.900516165788115,0.9684522128242736,0.9526677270291486,0.8369618568651954,0.31615918475578403,0.31181559052974134,0.9033576298383904,0.9591756392845384,0.8831791387631038,0.5255934424488321,0.3346963227746311,0.22898959496647808,0.040336307488629104,0.17131772622309283,0.19005491777055855,0.9105244351485372,0.38088948784350257,0.20737248305653408,0.9813557198615931,0.3434186811807798,0.7485839160172074,0.9678582188382453,0.9645994978942893,0.06925106399293095,0.9758775826149233,0.969095852030536,0.6489367865115994,0.19529230248664772,0.9696831840274713,0.9627176228123966,0.9488382283623326,0.4965841911164393,0.07189281505788789,0.06900481542799156,0.6403308663389735,0.33416796696885853,0.0014579421133036564
lowpolycarsset1_UniformShifting_3.ply,lowpolycarsset1.ply,UniformShifting,31,2.75,720117,720117,3.1020658016204834,0.07116317749023438,0.9935872372740924,0.999624847487121,0.997701514115981,0.8008216588829153,0.9202335736086839,0.8858432084130138,0.8928362533563667,0.33474229356259455,0.3317366113241292,0.8035320744639387,0.8940210404196001,0.7759862743466267,0.7914435087248898,0.49168271752609427,0.3587371555959694,0.05063054670022524,0.17131772622309283,0.19005491777055855,1.14729990583463,0.5018609245871034,0.21043152795589473,1.4384346807426749,0.47110420656738106,1.1445819392462995,0.9547829494901157,0.9163423661922439,0.05460010978001316,1.0064272688706783,1.0092055838007339,0.6690731787607228,0.16588577653088202,0.9177338726195406,0.9180219949963466,0.9241845242460699,0.34451614468671005,0.06187980490662068,0.057816815495252284,0.51123151565855,0.5235696462916396,0.002742508383654766
lowpolycarsset1_UniformShifting_4.ply,lowpolycarsset1.ply,UniformShifting,31,2.75,720117,720117,3.132561445236206,0.07067108154296875,0.9891631996678777,0.9994159327157033,0.9960630326095976,0.7274023415443784,0.8794903688038631,0.8296251874314594,0.8976964165296759,0.3350549555806637,0.33304010018713964,0.7288737448452692,0.8397458387126119,0.6979779564629758,1.1062571000086985,0.6694604126166293,0.5295974892693356,0.07135575293975324,0.17131772622309283,0.19005491777055855,1.4185264685144174,0.6579723766479678,0.21876942118782464,1.6427647773276022,0.578626991949822,1.268767053770185,0.9124930137597046,0.8559849562278936,0.04737892536680267,1.002002461384938,1.0009834204913706,0.6710480823697457,0.14806968939686863,0.8407534513829661,0.9094704191639236,0.9204726615923964,0.3164324109494382,0.05916437842338709,0.054933684328180146,0.48673988335928414,0.5618899168946079,0.0036432627796108437
lowpolycarsset1_UniformShifting_5.ply,lowpolycarsset1.ply,UniformShifting,31,2.78571428571429,720117,720117,3.0482492446899414,0.1155853271484375,0.9840269100290322,0.9992134704573046,0.99399777366171,0.6656072950167393,0.8396133021773482,0.7763939528600039,0.9033423704707212,0.33765443067363377,0.3360435982831711,0.6654985903779024,0.7867802855802206,0.636429846577564,1.4351373635946905,0.8516288249088115,0.7237618007752098,0.0902679069007962,0.17131772622309283,0.19005491777055855,1.713075961021968,0.8392916940400027,0.22893028663184448,1.964625958829726,0.6746369162811352,1.5301807395372593,0.8521700883123713,0.799953453130613,0.03999535100596402,0.9979847655487614,1.001779642165697,0.6749737033401383,0.12923629865866537,0.7616509315318755,0.893288366067932,0.9052047965965027,0.3502127980981039,0.05542480662738048,0.05073655867224297,0.5171951880912834,0.5173035528452824,0.005063354286486688
lowpolycarsset2_lossy-geom-lossy-attrs_3.ply,lowpolycarsset2.ply,lossy-geom-lossy-attrs,27,4.5,792791,792603,3.544647216796875,0.13436126708984375,0.9972363085476766,0.9995386545503695,0.9993975828037234,0.6664336059594556,0.8524982428254209,0.8474232715851104,0.3914405026061173,0.11669042487104712,0.14274669806865775,0.6675346184431116,0.8970985697269358,0.6276054622626235,0.6970396055317286,0.336990949556851,0.33560661878917575,0.4038661310309648,0.18508226270064274,0.16849976122949892,0.9285408808653459,0.399780869200642,0.5312816131384759,0.5908863844914635,0.266331507343874,0.38775728880101856,0.9782636545466306,0.9742073925368091,0.9660061832776101,0.9388700624673344,0.9131426044568949,0.12085550022212847,0.9802250619927949,0.9937240558049835,0.9991274354536281,0.9527462484326241,0.47100786995768895,0.9659502903760087,0.9648324489774855,0.6949830910944979,0.30048123581585884,0.0004362186533081024
lowpolycarsset2_lossy-geom-lossy-attrs_4.ply,lowpolycarsset2.ply,lossy-geom-lossy-attrs,27,4.375,792791,792428,3.418426275253296,0.093170166015625,0.9959201817834237,0.9992174189861776,0.9989321221277735,0.6196065307563297,0.8098033248829314,0.792804060413424,0.41578436800511603,0.12419323397891091,0.15784687415145182,0.6091762667362959,0.8720682358234781,0.5624949321406518,1.2361036405091512,0.5158642215579454,0.518886141552961,0.7291346715449852,0.18508226270064274,0.16849976122949892,1.4513400983939058,0.6021890534698443,0.8561654554841869,0.944627167309242,0.3191089766684898,0.7213653593952001,0.9752181778503834,0.97418155310555,0.9503758269015592,0.9815614476988406,0.9757524950559329,0.1261608272645474,0.9669855494125312,0.9909076325872084,0.9987203589940592,0.9498831132852039,0.42538818687918123,0.9499996922789472,0.9487330246771315,0.641013746285613,0.3663664467978947,0.0005971283946684018
lowpolycarsset2_lossy-geom-lossy-attrs_5.ply,lowpolycarsset2.ply,lossy-geom-lossy-attrs,27,3.92857142857143,792791,549417,3.2426090240478516,0.0370025634765625,0.9918195709396015,0.9989498545930791,0.998336683184491,0.5100667638391873,0.784483267757293,0.7453800882481635,0.4225547414525597,0.12096984577259069,0.17075586285688657,0.5023007314348862,0.8414241763821301,0.4549965482771079,2.0910815158643157,1.0174018938904381,1.0098536266468916,1.2045001272705824,0.18508226270064274,0.16849976122949892,2.2005530528904274,1.0455506327064896,1.2776564514785833,1.3537289541279016,0.2996129519252984,1.2015712044049274,0.8444171916635298,0.8025066094517921,0.8932883082736385,0.9996440996705019,1.0000144024220237,0.1364891594556311,0.8717658936220603,0.7845706530939659,0.99609039623747,0.9468615352844791,0.2818352601727746,0.9082702783247931,0.905698078310795,0.5468015396897321,0.48784617299683397,0.0016725834466222332
lowpolycarsset2_lossy-geom-lossy-attrs_6.ply,lowpolycarsset2.ply,lossy-geom-lossy-attrs,27,2.25,792791,140038,2.883993625640869,0.01967620849609375,0.9671363007921217,0.9975308366225077,0.9956079795896812,0.25687857469300907,0.6978636427787079,0.5211264311502987,0.4233554504298882,0.11857179243469287,0.1808205214496524,0.23932858139557903,0.7550764800970273,0.21265276209839062,3.6721445609360748,1.9855655934961256,1.9643502752333035,1.7271284187508456,0.18508226270064274,0.16849976122949892,3.766198460712681,1.98619792388315,1.8044339580205193,2.601773825500116,0.7692916240947602,2.055402382246256,0.32854788745497704,0.30063176789320606,0.7586630740068041,1.0006580227411033,1.0020322396439765,0.16033891682191723,0.5974213870355095,0.23154182506481905,0.965602869768197,0.9257825325953567,0.26092330020899857,0.8008463092325039,0.7965158831671073,0.5037447821351263,0.5402274714721383,0.010421295611217542
lowpolycarsset2_lossy-geom-lossy-attrs_7.ply,lowpolycarsset2.ply,lossy-geom-lossy-attrs,27,1.89285714285714,792791,34881,2.721151828765869,0.017002105712890625,0.934293719915668,0.9923439695520845,0.9876872818093292,0.19521602562487278,0.6351729028707551,0.3098200593802057,0.4140366322316026,0.12408397285377676,0.18216636365769479,0.15076167349040767,0.6733917887991405,0.13532505453008808,7.311455628759818,3.9246069841468056,3.9861916306362533,3.228774425636752,0.18508226270064274,0.16849976122949892,7.33546793748689,3.9853016180602774,3.2354878941413223,6.643272410074053,1.7891986695426763,5.329176353768183,0.10426306371350144,0.0916816241275218,0.614849857117251,1.001167474735594,1.0008900042094557,0.20620138928034087,0.4329327730730947,0.055702819853448736,0.9319851639936777,0.904543426431093,0.2530485449110347,0.6621920951084704,0.6569367442517001,0.4847931783709269,0.5509960401221459,0.03538077071086645
Man_C2AI-lossy-geom-lossy-attrs_3.ply,Man.ply,C2AI-lossy-geom-lossy-attrs,12,4.53333333333333,800000,1170650,2.8898801803588867,0.13799285888671875,0.9872552337394944,0.9982212362855774,0.9977416185893518,0.5987801373613043,0.3836831489257807,0.37990891394476706,0.8754672000647217,0.33455879152258505,0.3716283374208525,0.5927660161418692,0.4403143133417753,0.47115776158296735,2.408930159848048,0.9277429595734743,0.9371350932260694,1.6908814164557655,0.8193529780576513,1.0034455527031385,2.738031143971638,1.233136475502404,1.6657974490787648,2.4308112670406534,0.9035559581164496,1.7637799428578576,0.7569341519181715,0.8466745505064066,0.5004241932316907,0.9992622318003024,0.9985109920461882,0.9415165625509202,0.8265608884783099,0.7573024392554489,0.9743086148223034,0.8705227916047596,0.27833981420182,0.4484822669714722,0.4286807399083319,0.5155055790360618,0.5148554923976376,0.0164270049431247
Man_C2AI-lossy-geom-lossy-attrs_4.ply,Man.ply,C2AI-lossy-geom-lossy-attrs,12,3.92857142857143,800000,1137590,2.8168678283691406,0.14598464965820312,0.9823354310737109,0.9977169564100716,0.9973991956596684,0.5284912541010225,0.36129218643345457,0.3704816538941812,0.8593730929799486,0.3181968144533132,0.38245786336470067,0.529231849357329,0.4265670122057638,0.40937581686485297,2.837614209794394,1.0113353976886836,1.0110111808265394,2.1209582079707254,0.8193529780576513,1.0034455527031385,3.0666408774199283,1.2883955640097167,2.017190325624891,2.8691059474873466,0.9471077599103532,2.239513940237267,0.7650703242732266,0.8518265329521766,0.4765303500759675,0.9990777977667439,0.998105590820917,0.9554012328523668,0.8204082969302469,0.7688364396173513,0.9671429933308292,0.8667206327533215,0.2677470836615429,0.4234214666795595,0.40262245924717305,0.5064783992086278,0.522142393267117,0.022590622093918176
Man_C2AI-lossy-geom-lossy-attrs_5.ply,Man.ply,C2AI-lossy-geom-lossy-attrs,12,4.03571428571429,800000,1125207,2.7686290740966797,0.14349746704101562,0.975138166096986,0.99689220704944,0.9964168233216713,0.46228507860423623,0.349462850487391,0.3633157732972253,0.8300467019376422,0.3243688424803685,0.3835287431882123,0.4696424061624335,0.41310894218293037,0.3489703193994273,3.3189881435914916,1.0988580873571294,1.120099144167137,2.584338306781424,0.8193529780576513,1.0034455527031385,3.4840200447069463,1.3863596840794712,2.419037630615774,3.35845170533161,1.0060961298188673,2.730004061029299,0.7640772170931153,0.8519123606846292,0.4474423015497067,0.9997910554491727,0.9966611869437709,0.9649271961663907,0.8121062836719773,0.7703685707020069,0.9598540704900302,0.8646919853396323,0.26451995428605735,0.39256128109359734,0.37057613496045483,0.5003182467652171,0.5310729005663762,0.030053743128114048
Man_C2AI-lossy-geom-lossy-attrs_6.ply,Man.ply,C2AI-lossy-geom-lossy-attrs,12,3.5,800000,1136378,2.826131820678711,0.1454620361328125,0.9639101269036102,0.9959454506058248,0.9956417273770026,0.394575258369495,0.3440284573622885,0.34568044076113547,0.782332452647815,0.3114918892107765,0.38732453554679797,0.40702339456810877,0.39938330730388544,0.30049535160482216,4.56424452314407,1.3209237194568588,1.330995601420698,3.783341589503214,0.8193529780576513,1.0034455527031385,4.682501011958893,1.5715678109930882,3.6328413485481184,4.739238622293403,1.1566900448652986,4.115683921007327,0.7565943868018231,0.8459209577927819,0.4089239563037223,1.0004122401903506,0.9988241169717357,0.9741080356001869,0.7987026592315778,0.7682335865819768,0.9414545859801788,0.854515027650578,0.2696266079854909,0.3544435134257258,0.3304027324228828,0.4891177141799886,0.543209481035234,0.04680439363064432
Man_C2AI-lossy-geom-lossy-attrs_7.ply,Man.ply,C2AI-lossy-geom-lossy-attrs,12,3.34375,800000,1125170,2.7880733013153076,0.12298965454101562,0.9532180977529718,0.9939881093143369,0.9928358550504994,0.3598060547853972,0.3444847484327933,0.32518243272092023,0.7539252139378042,0.32722294905900656,0.39841983614432264,0.3721635142917182,0.39300324464886766,0.2848524881830247,5.242541311660341,1.497823572078218,1.5027491720171078,4.3721430749132715,0.8193529780576513,1.0034455527031385,5.357015365316638,1.7213886869390178,4.238101979305294,5.459899758153589,1.322292340106813,4.761556615575291,0.7575351018507297,0.8468090599997011,0.3744136370457756,1.0008345673264747,0.9973329392935167,0.9787588795556386,0.776354894674161,0.7749961075209194,0.9201378602463329,0.8440463073500079,0.2724049408927145,0.32511055713321413,0.2997590298488476,0.4830378400240671,0.5587124763797091,0.06229252973004944
Man_DownSample_3.ply,Man.ply,DownSample,26,3.78571428571429,800000,440000,2.340362787246704,0.01267242431640625,0.9925603882959774,0.9997103910225877,0.9996617044762993,0.7780473870617655,0.8281435707340685,0.8143133128775633,0.8923286260707671,0.7409325622370367,0.7736812004494538,0.7893093016324517,0.8145042252004283,0.6731467379556448,1.1192699148612093,0.6900269044489766,0.6854856299145413,0.2072796124998831,0.8193529780576513,1.0034455527031385,2.3474439904161897,1.2183014704410777,0.9649462002272532,1.6495136240294217,0.9511041435987976,0.43732632264113924,0.7617048420142255,0.6949326915161134,0.6966523766377865,1.0026568103921192,1.0005322747495893,0.8654861646702373,0.7118056180687994,0.6705690572702795,0.9887332748710371,0.8926346664237079,0.4622081554514839,0.8204409799987308,0.8113246458476753,0.6169885520387397,0.3739874001224295,0.006539310347177349
Man_DownSample_4.ply,Man.ply,DownSample,26,3.5,800000,320000,2.2906582355499268,0.009532928466796875,0.9887670406943003,0.9995680442497442,0.999487107740339,0.6845482754963378,0.7632738583056696,0.7443970004945726,0.900494700476921,0.746610829380356,0.7760334706374339,0.698465826007671,0.740149397722382,0.5684790678597591,1.7005104127931194,1.0566740925021556,1.041794538134833,0.2935722965808117,0.8193529780576513,1.0034455527031385,2.6982380965993373,1.469220505194045,0.9414419009419529,2.1998881928019096,1.2263994657376862,0.7244931454753847,0.6355803986340355,0.5605857386499941,0.5472891771467069,1.0032386698721951,0.9997864055196292,0.8838416506083033,0.5678969986893014,0.5207124004267157,0.9822174379463146,0.8769132122392377,0.3968923113867378,0.7470421791588077,0.7331580740521946,0.5648538665569198,0.444211192284772,0.010659794116504072
Man_DownSample_5.ply,Man.ply,DownSample,26,3.14285714285714,800000,240000,2.202080249786377,0.021907806396484375,0.9852033866046528,0.999431297525692,0.9993213229242167,0.609901204242769,0.7123926296851719,0.6879742968730679,0.9078653109268856,0.7517849146265708,0.7802479621921169,0.6251669308955295,0.6782073811945466,0.49097154344651345,2.2545204336420985,1.4040859601912716,1.386305341357709,0.36788325712052844,0.8193529780576513,1.0034455527031385,3.0665320102167364,1.7296715938458274,0.9200095068062825,2.7278884228130673,1.480955751690806,1.027774283041159,0.5296905798477552,0.4561744605571932,0.4301748578407227,1.0025332226815764,1.0004090302356097,0.8941516785025827,0.45203335756070684,0.4061217440149179,0.9749305395555036,0.8665763307968503,0.3639943681701062,0.6859494873886243,0.668320687649211,0.5375069716949211,0.4813440269941841,0.014853050526208465
Man_DownSample_6.ply,Man.ply,DownSample,26,3.03571428571429,800000,160000,2.1467232704162598,0.007755279541015625,0.9798863032981124,0.9992256283790202,0.999068572004339,0.5242424302913099,0.6508252170524919,0.6248326499873417,0.9179244861955708,0.7549022352369661,0.7853906138544401,0.5410551887636069,0.6063891751816772,0.411113663059389,3.096641960340278,1.9506463306495818,1.8973117079460378,0.46469682239962196,0.8193529780576513,1.0034455527031385,3.6970939543372383,2.137643821661678,0.8921869934300781,3.595634724197472,1.858301331220797,1.5588439466700272,0.4001285429807398,0.3349998482781002,0.29702659989507585,1.0021364383575324,0.9987986975456925,0.9117536359239364,0.3165660382056914,0.2789805921559045,0.9625446503381451,0.8556657544546677,0.3381977507668954,0.6091693564761876,0.5864881661207036,0.5114518535590796,0.5189706443046473,0.02209978419292041
Man_DownSample_7.ply,Man.ply,DownSample,26,2.375,800000,80000,2.1067442893981934,0.015445709228515625,0.9697412157747636,0.9988245463832551,0.9985597683690948,0.40783893912113495,0.5622851904800218,0.5325480921613382,0.9323843069870464,0.7652483644701135,0.7938574777269815,0.4234835400016393,0.5013725773997773,0.3050297257740569,4.796161667803119,3.061102414204751,2.9046548429267247,0.631500600228655,0.8193529780576513,1.0034455527031385,5.117591696077907,3.032908855526784,0.8323913851385368,5.526802429886308,2.7045538844829995,2.8165336891488217,0.2349033374234785,0.19071975265153904,0.1492565699631313,1.0020758384729125,1.0002194632033627,0.9337246243759064,0.16139439878284506,0.14017644502320714,0.9389008860580154,0.8411931146583724,0.32327158889147983,0.5035821518731197,0.4773321826034279,0.4942504608175439,0.538273517227833,0.03795948455782507
Man_MeanShift_1.ply,Man.ply,MeanShift,16,4.03571428571429,800000,800000,2.544297218322754,0.10565567016601562,0.7499371639335184,1.0,0.9999245018353693,1.0,1.0,0.9685299073915364,2.3486954397969987e-16,5.47299248376382e-17,0.030554302429431496,0.9980459618114258,0.9857341138335624,0.9963047132661849,0.0,0.0,0.0,0.0,0.8193529780576513,1.0034455527031385,1.7930558663663714,0.8193529780576513,1.0034455527031385,7.712259441390065e-14,4.010357876217445e-14,3.531801690202342e-14,1.0,1.0,1.0,9.260953099266496e-17,7.436120093939918e-17,7.971404682329583e-17,1.0,1.0,1.0,1.0,1.0,1.0,1.0,0.9997783557574741,4.921201350288815e-21,0.00022163120567373658
Man_MeanShift_3.ply,Man.ply,MeanShift,16,3.07142857142857,800000,800000,2.5552902221679688,0.09682846069335938,0.4814136036424884,1.0,0.9995887713693095,1.0,1.0,0.8441890183798081,3.2709360891749957e-16,5.47299248376382e-17,0.1055933730463088,0.9778890886446289,0.924841027059558,0.9656582561989061,0.0,0.0,0.0,0.0,0.8193529780576513,1.0034455527031385,1.7930558663663714,0.8193529780576513,1.0034455527031385,7.712259441390065e-14,4.010357876217445e-14,3.531801690202342e-14,1.0,1.0,1.0,9.260953099266496e-17,7.436120093939918e-17,7.971404682329583e-17,1.0,1.0,1.0,1.0,1.0,1.0,1.0,0.9997783557574741,4.921201350288815e-21,0.00022163120567373658
Man_MeanShift_4.ply,Man.ply,MeanShift,16,3.21875,800000,800000,2.590824842453003,0.17435073852539062,0.42388639653847043,1.0,0.9995291665034075,1.0,1.0,0.840700371554832,3.3517557376953093e-16,5.47299248376382e-17,0.10982783978917253,0.9787669950516934,0.9213729847828074,0.9659538460815683,0.0,0.0,0.0,0.0,0.8193529780576513,1.0034455527031385,1.7930558663663714,0.8193529780576513,1.0034455527031385,7.712259441390065e-14,4.010357876217445e-14,3.531801690202342e-14,1.0,1.0,1.0,9.260953099266496e-17,7.436120093939918e-17,7.971404682329583e-17,1.0,1.0,1.0,1.0,1.0,1.0,1.0,0.9997783557574741,4.921201350288815e-21,0.00022163120567373658
Man_MeanShift_5.ply,Man.ply,MeanShift,16,2.83333333333333,800000,800000,2.5369505882263184,0.15947341918945312,0.3793237741369629,0.9999916070467497,0.9994747874285291,0.9993890658404759,0.998478209867294,0.8359104651139005,4.5541854041251724e-05,0.0017481785265804064,0.11863378845066826,0.9782511316195391,0.9193622079132575,0.9647035574116354,0.0,0.0,0.0,0.0,0.8193529780576513,1.0034455527031385,1.7930558663663714,0.8193529780576513,1.0034455527031385,7.712259441390065e-14,4.010357876217445e-14,3.531801690202342e-14,1.0,1.0,1.0,9.260953099266496e-17,7.436120093939918e-17,7.971404682329583e-17,1.0,1.0,1.0,1.0,1.0,1.0,1.0,0.9997783557574741,4.921201350288815e-21,0.00022163120567373658
Man_MeanShift_7.ply,Man.ply,MeanShift,16,3.0,800000,800000,2.561391592025757,0.1236114501953125,0.31502685915708567,0.9990435153632192,0.9960710198038578,0.9695118576868318,0.954199872880411,0.7910635396646578,0.003912453497334622,0.06829770427415903,0.2533751396423219,0.958556751502554,0.8914090622406496,0.9199112501857997,0.0,0.0,0.0,0.0,0.8193529780576513,1.0034455527031385,1.7930558663663714,0.8193529780576513,1.0034455527031385,7.712259441390065e-14,4.010357876217445e-14,3.531801690202342e-14,1.0,1.0,1.0,9.260953099266496e-17,7.436120093939918e-17,7.971404682329583e-17,1.0,1.0,1.0,1.0,1.0,1.0,1.0,0.9997783557574741,4.921201350288815e-21,0.00022163120567373658
Mario_GaussianNoise_1.ply,Mario.ply,GaussianNoise,19,3.57142857142857,800000,800000,2.610569953918457,0.1010284423828125,0.9666833877018363,0.9919695019894411,0.9830308198750566,0.16653850845691504,0.06170896269054766,0.11340146261397785,0.783312561683839,0.8757744537799556,0.8324106476238686,0.14117093555923874,0.08471177953189211,0.11526645927448101,0.0,0.0,0.0,0.0,0.6826981871925867,0.658684404793189,1.3503096222487725,0.6826981871925867,0.658684404793189,7.466222118271578e-14,3.73079961503831e-14,3.739804281396683e-14,1.0,1.0,1.0,8.020505116379909e-17,6.417144938600906e-17,7.60330066854855e-17,1.0,1.0,1.0,1.0,1.0,1.0,1.0,0.9996001824064592,2.9591480377375237e-20,0.0003998045400026481
Mario_GaussianNoise_3.ply,Mario.ply,GaussianNoise,19,3.32142857142857,800000,800000,2.5791094303131104,0.066070556640625,0.9449762222338262,0.9863668298921591,0.9730962806101991,0.10799110475664228,0.03293933402991465,0.07121543647934268,0.8507619919443385,0.9149747263060256,0.886638410254551,0.08616310734741578,0.048426390584209014,0.06833887009771054,0.0,0.0,0.0,0.0,0.6826981871925867,0.658684404793189,1.3503096222487725,0.6826981871925867,0.658684404793189,7.466222118271578e-14,3.73079961503831e-14,3.739804281396683e-14,1.0,1.0,1.0,8.020505116379909e-17,6.417144938600906e-17,7.60330066854855e-17,1.0,1.0,1.0,1.0,1.0,1.0,1.0,0.9996001824064592,2.9591480377375237e-20,0.0003998045400026481
Mario_GaussianNoise_4.ply,Mario.ply,GaussianNoise,19,3.21428571428571,800000,800000,2.582942485809326,0.043918609619140625,0.928469894664965,0.9817805464413537,0.966526145973648,0.08657732068723388,0.024170945452556027,0.0556250785745537,0.8754435276240974,0.9320674009721843,0.9082947118612817,0.06673757131081214,0.03644468931217507,0.05210563902512007,0.0,0.0,0.0,0.0,0.6826981871925867,0.658684404793189,1.3503096222487725,0.6826981871925867,0.658684404793189,7.466222118271578e-14,3.73079961503831e-14,3.739804281396683e-14,1.0,1.0,1.0,8.020505116379909e-17,6.417144938600906e-17,7.60330066854855e-17,1.0,1.0,1.0,1.0,1.0,1.0,1.0,0.9996001824064592,2.9591480377375237e-20,0.0003998045400026481
Mario_GaussianNoise_5.ply,Mario.ply,GaussianNoise,19,2.92857142857143,800000,800000,2.66176700592041,0.07146835327148438,0.9056955553010622,0.975186674693656,0.9583818372587471,0.06883193180040977,0.01806857268539125,0.04333527677592796,0.9000313840023795,0.9443318363801525,0.9264254268365781,0.05151626295974124,0.027493299233145568,0.03955592703497936,0.0,0.0,0.0,0.0,0.6826981871925867,0.658684404793189,1.3503096222487725,0.6826981871925867,0.658684404793189,7.466222118271578e-14,3.73079961503831e-14,3.739804281396683e-14,1.0,1.0,1.0,8.020505116379909e-17,6.417144938600906e-17,7.60330066854855e-17,1.0,1.0,1.0,1.0,1.0,1.0,1.0,0.9996001824064592,2.9591480377375237e-20,0.0003998045400026481
Mario_GaussianNoise_7.ply,Mario.ply,GaussianNoise,19,2.82142857142857,800000,800000,2.5968048572540283,0.07125473022460938,0.8492427232324979,0.957672871960928,0.9362981300123923,0.04676222912932387,0.011118507071026693,0.02748525974055813,0.9335373495519789,0.9629557753105711,0.9532642945492206,0.0329449313622449,0.016934508217687345,0.024576982131400804,0.0,0.0,0.0,0.0,0.6826981871925867,0.658684404793189,1.3503096222487725,0.6826981871925867,0.658684404793189,7.466222118271578e-14,3.73079961503831e-14,3.739804281396683e-14,1.0,1.0,1.0,8.020505116379909e-17,6.417144938600906e-17,7.60330066854855e-17,1.0,1.0,1.0,1.0,1.0,1.0,1.0,0.9996001824064592,2.9591480377375237e-20,0.0003998045400026481
Mario_GaussianShifting_1.ply,Mario.ply,GaussianShifting,23,4.46875,800000,800000,2.761337995529175,0.13542556762695312,0.998209998815163,0.9994436238498947,0.9993036559244495,0.94698507400747,0.9528869354534482,0.9518579291893872,0.9037875431036203,0.9058214038441765,0.9099178326452809,0.9569190818444117,0.9589241179380302,0.9176653946714999,1.7575544695377723,0.916156896653795,0.9182192429903717,0.7997111532976803,0.6826981871925867,0.658684404793189,2.2076460284687665,1.1273373757309697,1.0531722943380177,0.7057770913509529,0.41155519491034415,0.16183527856855953,0.953609247966564,0.9638379135274151,0.2557844972411988,0.9825709597498824,0.982884454871991,0.9202955178825202,0.6597298403061584,0.9664387788844976,0.974246210737311,0.9402969323993257,0.6366689939800736,0.2503004031154961,0.24095853906606193,0.7462407607698314,0.19668295114412462,0.0019535215399597433
Mario_GaussianShifting_2.ply,Mario.ply,GaussianShifting,23,3.78571428571429,800000,800000,2.706052541732788,0.147674560546875,0.9964029079027751,0.9989141580574911,0.998606431401839,0.8618041688551684,0.877690491874387,0.8729954222918371,0.9456818300264554,0.9453583987766216,0.9488805244614695,0.8778228320107867,0.8762758592464296,0.8020441958897777,2.494997480867978,1.2770687354958088,1.263443745509499,1.1989595043735082,0.6826981871925867,0.658684404793189,2.824578822046273,1.4151734710553168,1.3990518407966852,1.1001294083350246,0.6222571409376112,0.3698573829320997,0.9341934230291966,0.9461668983771949,0.09609552242947138,0.9976479069767556,0.9962945012833934,0.9630510919930863,0.46529684267432303,0.9569496892498055,0.8455951641436378,0.8696424491281189,0.45959567471757334,0.10182341735391509,0.08828930634922696,0.6126514958311672,0.3704861354903295,0.010096724551267764
Mario_GaussianShifting_3.ply,Mario.ply,GaussianShifting,23,3.36666666666667,800000,800000,2.747345209121704,0.1148223876953125,0.9931202943820744,0.9979525631862673,0.9973576695032276,0.7463156273112548,0.7697724055417454,0.7566324005754855,0.967579660788737,0.9659834280032703,0.9708239025285411,0.7605470662635626,0.7559521261035564,0.6516869015999267,2.909036428944748,1.4747396712332133,1.4610663331196871,1.4286734637026406,0.6826981871925867,0.658684404793189,3.1914427392315017,1.6005173702499969,1.59456482277724,1.3734596565273733,0.7604363802461955,0.5250892313060138,0.932959680078439,0.9241290596043785,0.06256291706472066,0.9982702133488804,0.9978709753909666,0.9772763852065908,0.38698506448758646,0.8976051892657224,0.6640701047627808,0.7203507565602575,0.38054303315054416,0.07378870967159804,0.05884284150758435,0.536716567106889,0.4641481016483055,0.03580160447307458
Mario_GaussianShifting_4.ply,Mario.ply,GaussianShifting,23,3.0,800000,800000,2.7979376316070557,0.10251998901367188,0.9888776358810374,0.9967406025657339,0.9957658776723057,0.6421726671045558,0.6718767874565901,0.6510651944174992,0.9798756054968825,0.9775071017165006,0.9832146138107954,0.6532378174432877,0.6467664332788403,0.5323968548915098,3.2046230529471553,1.611350337572044,1.6158677290277093,1.570181301576493,0.6826981871925867,0.658684404793189,3.475128464354001,1.7466302591664726,1.7351483181714653,1.58510540661009,0.8652151190647795,0.6451896589491659,0.9317623925549449,0.8913462553452243,0.04969743198043753,0.9989587195581084,1.0003219736591216,0.9800410601280531,0.34085803213017635,0.8230634830796975,0.5066453730402427,0.5765751913769752,0.3380253251843632,0.06480104988875332,0.049049661139033654,0.47986230296184873,0.5212946256634023,0.10340197918874929
Mario_GaussianShifting_5.ply,Mario.ply,GaussianShifting,23,2.71428571428571,800000,800000,2.795104742050171,0.09341049194335938,0.9845722603468102,0.9954613110320482,0.9939595180662408,0.5622003380351595,0.59095389157126,0.5645781409536202,0.9855557179881141,0.9830164803992792,0.988943766265689,0.5684091751287387,0.5591020767378303,0.44812312030302165,3.484827252322012,1.7434227249102447,1.752289459101773,1.7291297094870692,0.6826981871925867,0.658684404793189,3.7372890314702656,1.8770481277792561,1.874964459035724,1.730640189570165,0.9322942670762779,0.7301834642797332,0.9232894404508991,0.855679879265186,0.042708961533621644,0.9998221218918939,0.999394478169083,0.9830349143908635,0.3084249792254784,0.7566819571054121,0.39483167052504997,0.4662018351802693,0.323872702280715,0.060627839842357055,0.04470812737102173,0.4398855126930404,0.555295839581575,0.2068963252792293
Mario_Octree_1.ply,Mario.ply,Octree,1,3.7,800000,135403,2.2458608150482178,0.022075653076171875,0.976193201530396,0.9929047126372483,0.9905032116801272,0.49511590176220377,0.5167045663870528,0.49332677259961066,0.9618640220831303,0.9612112221304332,0.9647134215395157,0.49781539372954914,0.4914404642406235,0.380400198001918,3.8969003252088568,1.9753324304822022,1.9756639570193724,1.9029458033379512,0.6826981871925867,0.658684404793189,4.1209068333278775,2.0873915500234634,2.0406241252577217,2.65415020420838,1.022188802664852,1.8466235858354076,0.34589240395203885,0.28837736833051325,0.05670789456987441,0.9995404407436437,0.9994369286683706,0.897695086326998,0.16710385829465627,0.23089118517562968,0.9543393393948647,0.8928806609728798,0.25505980009951856,0.23621003363095663,0.21301019370993318,0.5049017000993306,0.5332738916611225,0.012882410763191
Mario_Octree_2.ply,Mario.ply,Octree,1,3.03571428571429,800000,90100,2.18546199798584,0.0149688720703125,0.9693941581318762,0.9907584184529482,0.9874421838231878,0.43099467290570825,0.45217332111505776,0.42287850118697357,0.9699997630183801,0.9685658274082224,0.9710618810618936,0.4286554955464808,0.4205215656258962,0.3223755734225803,4.850288515975227,2.4560068077167725,2.4494495123831217,2.3775023729436047,0.6826981871925867,0.658684404793189,5.024356213929266,2.5391809908708143,2.4740209935274753,3.5607035452230655,1.2178292175189125,2.7051679143773035,0.2503085871180306,0.20649129702742716,0.033952810522455724,0.999746922864702,0.9988708230071153,0.9030003640124694,0.10987697409917958,0.15261274073332273,0.9388884192416177,0.8891566165418836,0.2576318787117512,0.20473750576533667,0.18307071578366782,0.4998905342545436,0.5411973918074172,0.019755790414070554
Mario_Octree_3.ply,Mario.ply,Octree,1,2.57142857142857,800000,63964,2.1458559036254883,0.018756866455078125,0.9632222449492773,0.9887944497797699,0.984453017435248,0.3846473986799456,0.40564707888069623,0.37329849454091596,0.9760629590006181,0.976011672564544,0.9773869339041273,0.3789539395591529,0.37075989434244677,0.2828149665656194,5.799667635399601,2.9143352433142846,2.9190136519247325,2.8712355884357783,0.6826981871925867,0.658684404793189,5.946790033591571,2.993955684310233,2.962855024429627,4.596978205121163,1.4590667214996094,3.6492438193588463,0.18908714737355187,0.1550188343197002,0.02212774942917668,1.0006203188414042,1.0003152854376323,0.9053715883793256,0.07684212073591448,0.10703257046248146,0.9222300003137532,0.8829919654687816,0.2633679138807287,0.18318034899957328,0.16270162293110296,0.496961030315904,0.5425406419588985,0.026521256193737568
Mario_Octree_4.ply,Mario.ply,Octree,1,2.5,800000,47708,2.1605279445648193,0.029666900634765625,0.9577314117941007,0.9869776872145354,0.9816182925649178,0.34983224885704467,0.3692197188939493,0.3344655126893802,0.9804366459110896,0.9778555188884497,0.9812937225448802,0.3412999428335131,0.3325848350731443,0.25377542873414616,6.734610806659301,3.3611900507990136,3.392748599168292,3.3480890551283786,0.6826981871925867,0.658684404793189,6.858885534876439,3.4501825307609946,3.4227354972374515,5.744740468717759,1.7459832480318438,4.660330218367578,0.14849850839610157,0.12118753460095763,0.015243233882708238,0.9998086781993158,1.000055052481067,0.9102761324218456,0.056464503602565025,0.07891184059770275,0.9032384924441527,0.8733442802103983,0.2631389105850181,0.1668628433105028,0.14720063668542785,0.48967764399691216,0.5515827657588566,0.03511497579533028
Mario_Octree_5.ply,Mario.ply,Octree,1,2.39285714285714,800000,37011,2.1067495346069336,0.036968231201171875,0.9526558820728549,0.9853610816978251,0.9790936079073214,0.3228557624585846,0.3410196319683546,0.3039498799436091,0.9835462457135948,0.9809603498303718,0.9870415775377297,0.31171540336161524,0.3028084141836795,0.2317287872197969,7.696092837978571,3.845762648313054,3.8595335146295597,3.8460620182797762,0.6826981871925867,0.658684404793189,7.809737242631976,3.917873206487712,3.9149037697494284,6.922193863884355,2.0694239428643977,5.661875155375452,0.12049222835655045,0.0980444958769595,0.01106201299397423,1.001066877885391,1.0006258311224594,0.913212463011912,0.04319372523611815,0.06062607489558589,0.8820205945480187,0.8616003803120311,0.26699906942302193,0.15312733333045395,0.1342522706675732,0.48840700318110614,0.5445662192629644,0.04456100546937119
Mario_reconstruction_3.ply,Mario.ply,reconstruction,4,3.90625,800000,800000,2.7328872680664062,0.11875534057617188,0.9910096540851016,0.9978202312681856,0.9971798995012914,0.7779711580999022,0.801210494529329,0.803778801293648,0.9316651312789261,0.9285264148209126,0.936177287877716,0.813550674143517,0.8189251362348451,0.7049888089526235,2.2709299324852394,1.2307816008483399,1.2210352753381144,0.8677554355978936,0.6826981871925867,0.658684404793189,2.420954542158822,1.3830838956147609,0.7217318725842272,2.1025048359136957,1.1196577250054807,0.8035669759505619,0.8818857963994273,0.8118380320812582,0.6093043403187764,0.9983517540015506,1.0011368960145273,0.8402083967928755,0.8027515478806783,0.8309707603127736,0.9323567432256225,0.827190922807847,0.3163975346204609,0.5958384488951743,0.6004113752405379,0.49075275259750034,0.5542927676579171,0.040223793079670514
Mario_reconstruction_4.ply,Mario.ply,reconstruction,4,4.15625,800000,800000,2.718332290649414,0.11017608642578125,0.9909280012886422,0.9977785611056025,0.9971364447652238,0.76641703736359,0.7895270921358736,0.7928078984456977,0.9335628028703751,0.9285649325871951,0.9377361850339755,0.8034093204508055,0.8078235778696158,0.6899369422201633,2.2969691291506518,1.2280474809137958,1.2194024021547996,0.9183396556573212,0.6826981871925867,0.658684404793189,2.4567937994658107,1.3968502100913671,0.7740003471349044,2.1297398339379305,1.1260668768976507,0.8451602405181566,0.8828572035430784,0.8149646183432944,0.6117370578368269,0.9984290506695649,1.0004550561695256,0.8492670886302918,0.7977603631070015,0.8340024531662248,0.9321419995588777,0.8271848034278619,0.317631012170011,0.6078775535698485,0.6082206445316041,0.4911723727339082,0.550913755349385,0.04212315731948852
Mario_reconstruction_5.ply,Mario.ply,reconstruction,4,3.84375,800000,800000,2.7557597160339355,0.11071014404296875,0.9906538591013937,0.9976935638639601,0.9970152868405696,0.7530674488816033,0.7764456271308513,0.7810887865793983,0.9362463613554828,0.9309650327420992,0.9398467451492982,0.7913475547312446,0.7957589664553957,0.6740090474021356,2.3876190959670844,1.2513812206993418,1.2404386426260359,1.0231736825953477,0.6826981871925867,0.658684404793189,2.5381924979186588,1.404345598133113,0.8892217403842257,2.2094682582466874,1.15105163277573,0.9442991520525187,0.8821468024843633,0.8142920923723509,0.5925880964672127,1.0002907560909267,1.0005330709890556,0.8648153694108246,0.7750038747643753,0.8333806665419892,0.9267100142725734,0.8250792242805848,0.32120205011136554,0.6071919775647885,0.5996418386826227,0.4926429181242906,0.547784572382922,0.0473543586878041
Mario_reconstruction_6.ply,Mario.ply,reconstruction,4,4.16666666666667,800000,800000,2.734074354171753,0.09269332885742188,0.9900914684879913,0.9974553610753355,0.9967458896613396,0.7283212132198595,0.7543452031381971,0.7579812239509964,0.9385712433299371,0.9336517099153291,0.9420380148858769,0.7687031437397764,0.7730735492134261,0.6440642660378204,2.671209964295351,1.343079261220457,1.3284496464984963,1.3046731621008436,0.6826981871925867,0.658684404793189,2.819231834845709,1.4882642395014023,1.205334983261117,2.433541638688375,1.1933363822857046,1.2044225620293,0.8794462346376827,0.8137977450317191,0.4798713245388232,0.9995209414810012,0.9988458842560144,0.8948232559240227,0.7049616932433214,0.8321154476248739,0.9098480736731916,0.8150895430863735,0.3183375281689738,0.5227375032234849,0.5015689649615336,0.48711046705292826,0.5565304011362899,0.06163217462681273
Mario_reconstruction_7.ply,Mario.ply,reconstruction,4,3.17857142857143,800000,800000,2.816603660583496,0.08751678466796875,0.9871531855209958,0.9964879732645686,0.9954441430180093,0.6571654231563698,0.6874504374464062,0.6882277173469572,0.9497058334280938,0.9432591296108876,0.9535953147399759,0.7011056010730968,0.7046534995292153,0.562034549957312,4.202000692938198,1.8524967391838214,1.8494151293287895,2.5961519956444485,0.6826981871925867,0.658684404793189,4.311785186629223,1.98818271051408,2.519712864406758,3.831828335782594,1.6022649916593954,2.51389081239084,0.8726670284575576,0.81242658702335,0.25573695568461513,0.9995043423663792,0.9990700200339077,0.9448719352322084,0.56170216824139,0.8286293039478732,0.8450460629718943,0.7740898951625417,0.31135095943166324,0.2995505604576932,0.27532382138478795,0.4658463283495572,0.5712963488262683,0.12440215635326607
matilda_GaussianShifting_1.ply,matilda.ply,GaussianShifting,23,3.92857142857143,747045,747045,2.796525001525879,0.0528564453125,0.9959462926395103,0.9996453723953603,0.9994303708933512,0.9259815040402444,0.9374415101257477,0.9318797925018252,0.7011840220459918,0.6488347698589613,0.6643225073140671,0.9276115806740328,0.9374749963424761,0.9109535684675465,1.441881528546859,0.7708184085531228,0.7679814084194218,0.6119597384805496,0.498381514538981,1.3641223393443895,2.3375816962089973,0.9773793859209664,1.476615870772479,0.5315654240386146,0.30125641941201,0.1549231199275913,0.9625204256828018,0.9627846167173321,0.6932008924036184,0.9851746738219211,0.9836045020228198,0.8675685743786863,0.8737438425044659,0.9740406271127863,0.9590996387906082,0.9106480706901708,0.4892804603719817,0.6945417485129676,0.6761028237081217,0.6234879799942167,0.3623292341549371,0.0153105737903658
matilda_GaussianShifting_2.ply,matilda.ply,GaussianShifting,23,2.96875,747045,747045,2.818690061569214,0.10569381713867188,0.9918596417401354,0.9992887396683788,0.9988165067187625,0.8325168134295624,0.8626860862753227,0.8472061578018766,0.7319186744723183,0.6750992252291301,0.6931456947363666,0.8351246111466302,0.8555867335045005,0.8090477997983072,1.9647152045407024,1.0135187548265219,1.010522621956734,0.9223217586658069,0.498381514538981,1.3641223393443895,2.6772897688280435,1.1748875206352611,1.62061140897684,0.8556029313062942,0.45018104172361795,0.35273975261500695,0.9439873938555281,0.9414694670944992,0.49136775442730884,0.9937904672883305,0.9901805729909803,0.9191378799860682,0.7527271945539099,0.9463551479142853,0.8684752439631075,0.838170058736023,0.4098171387849071,0.5071231574919486,0.47380083389020067,0.5543676093631245,0.4404435446408011,0.040831620838631705
matilda_GaussianShifting_3.ply,matilda.ply,GaussianShifting,23,2.60714285714286,747045,747045,2.805574655532837,0.13111114501953125,0.9869594234471837,0.9988408647832645,0.9980543297243181,0.7431002335836501,0.7837989969334935,0.7633456781563729,0.7481454278774414,0.6887861522019213,0.7067267014961645,0.7461138744222706,0.7729510994025776,0.7128427963000673,2.21712999726393,1.1289680925899952,1.1259671846626096,1.0686907964837113,0.498381514538981,1.3641223393443895,2.8717803385487364,1.2769659179742752,1.726883764924599,1.1180411598718292,0.5500487704444695,0.5503836744692923,0.929393611021572,0.9224259348345805,0.4012240559566528,0.9953370894461925,0.9940559289450791,0.9429413009773449,0.6842125298677322,0.9113831272571891,0.7481517053552288,0.7446562568717572,0.3751783751382845,0.4323526388903308,0.3879600675396858,0.5088625710457924,0.4855419955519236,0.08744075030269799
matilda_GaussianShifting_4.ply,matilda.ply,GaussianShifting,23,2.21428571428571,747045,747045,2.8152759075164795,0.180816650390625,0.981472305290346,0.9983256295309851,0.9971830926134649,0.6694116320066658,0.7176449700645224,0.6940838029348275,0.7575754511585658,0.6964131965680932,0.716585554972138,0.6728505493959036,0.7030854010463763,0.6366738414101702,2.402075598363428,1.22289720337074,1.213053914618924,1.1659742280318772,0.498381514538981,1.3641223393443895,3.027949090806408,1.3613899494511603,1.7839727517497261,1.323861112073161,0.6138306849727267,0.7175665529782397,0.9188889183068788,0.9037222463835527,0.3503289035740192,0.9971952702492077,0.9946493221946882,0.9561625938141569,0.6381029749318693,0.8746878464504534,0.6317989730784234,0.6491341655942772,0.3506933949115239,0.3958233307914302,0.3444596018995331,0.47961746537004324,0.5129100421102126,0.14436633574807298
matilda_GaussianShifting_5.ply,matilda.ply,GaussianShifting,23,2.33333333333333,747045,747045,2.7962005138397217,0.14524459838867188,0.9754774755594576,0.9977931024745672,0.9962687387034995,0.6121544204101019,0.6648788929384338,0.639839646734909,0.7649953169558804,0.7041847101662875,0.7237870240850404,0.6158182533106192,0.6471942905840306,0.5772433486831726,2.550960211771847,1.283809655015537,1.2937755064043355,1.24914216706273,0.498381514538981,1.3641223393443895,3.163617561295705,1.43710915588977,1.8665212436383303,1.4876161890029873,0.6688546565796486,0.8529499508886749,0.9091130705056335,0.8871445438050543,0.31698893631149366,0.9971495455716951,0.996250554699338,0.9642369064774894,0.6048898771069587,0.839987178571037,0.533641935556253,0.5628637924876607,0.3386266328480383,0.3748144139882799,0.3190191854340266,0.4546021814075058,0.538570990873999,0.2140740054496143
model_ColorNoise_3.ply,model.ply,ColorNoise,20,3.84375,811282,811282,2.6421329975128174,0.15178298950195312,0.9967284508874471,0.9978539224513783,0.9977492148518364,0.5445690883534027,0.13274001030328297,0.08920075619098661,0.3957593302040835,0.6472414306396037,0.8306519964086446,0.42990463763154746,0.15920019235167532,0.4006500305730423,0.0,0.0,0.0,0.0,0.3986237615405322,0.6217919074885183,0.9437037969114043,0.3986237615405322,0.6217919074885183,7.895490775515917e-14,3.888286933603938e-14,4.019818751508115e-14,1.0,1.0,1.0,9.238498223238659e-17,9.186103996764959e-17,7.996055891562961e-17,1.0,1.0,1.0,1.0,1.0,1.0,1.0,0.999915566712768,2.811758958149061e-20,8.442024397446756e-05
model_ColorNoise_4.ply,model.ply,ColorNoise,20,3.5,811282,811282,2.5600740909576416,0.08696746826171875,0.9950666734322161,0.9966519483505238,0.9966006323054062,0.4299892055872552,0.07118666627255431,0.04781913938062375,0.5005036353294476,0.7119969124045875,0.8861410853107333,0.3149388863418478,0.09637803386695035,0.2902117671848899,0.0,0.0,0.0,0.0,0.3986237615405322,0.6217919074885183,0.9437037969114043,0.3986237615405322,0.6217919074885183,7.895490775515917e-14,3.888286933603938e-14,4.019818751508115e-14,1.0,1.0,1.0,9.238498223238659e-17,9.186103996764959e-17,7.996055891562961e-17,1.0,1.0,1.0,1.0,1.0,1.0,1.0,0.999915566712768,2.811758958149061e-20,8.442024397446756e-05
model_ColorNoise_5.ply,model.ply,ColorNoise,20,3.17857142857143,811282,811282,2.613233804702759,0.095550537109375,0.9929566643913935,0.9954222787537487,0.9952369739880624,0.3425037797411694,0.04141701387072385,0.027691094982545496,0.5850197286207917,0.7537767635952208,0.9169319787642892,0.2336972611063163,0.06189936336768793,0.21147045299075168,0.0,0.0,0.0,0.0,0.3986237615405322,0.6217919074885183,0.9437037969114043,0.3986237615405322,0.6217919074885183,7.895490775515917e-14,3.888286933603938e-14,4.019818751508115e-14,1.0,1.0,1.0,9.238498223238659e-17,9.186103996764959e-17,7.996055891562961e-17,1.0,1.0,1.0,1.0,1.0,1.0,1.0,0.999915566712768,2.811758958149061e-20,8.442024397446756e-05
model_ColorNoise_6.ply,model.ply,ColorNoise,20,2.89285714285714,811282,811282,2.592632532119751,0.045398712158203125,0.9904029234208007,0.993995290977496,0.9937919652313347,0.2756768588942522,0.026050120717946906,0.017326308971017303,0.6470528436604099,0.7755482931837363,0.9337072142575797,0.1757921905744301,0.04191025952569187,0.15547846929754677,0.0,0.0,0.0,0.0,0.3986237615405322,0.6217919074885183,0.9437037969114043,0.3986237615405322,0.6217919074885183,7.895490775515917e-14,3.888286933603938e-14,4.019818751508115e-14,1.0,1.0,1.0,9.238498223238659e-17,9.186103996764959e-17,7.996055891562961e-17,1.0,1.0,1.0,1.0,1.0,1.0,1.0,0.999915566712768,2.811758958149061e-20,8.442024397446756e-05
model_ColorNoise_7.ply,model.ply,ColorNoise,20,2.89285714285714,811282,811282,2.5882840156555176,0.06962203979492188,0.9866394405955706,0.9925740373184991,0.9922533613543704,0.22336685659690328,0.017410819945334378,0.011577734603281688,0.7011287700107456,0.79368486205592,0.948255546686468,0.13428390935193238,0.029613891950118588,0.11590504905554623,0.0,0.0,0.0,0.0,0.3986237615405322,0.6217919074885183,0.9437037969114043,0.3986237615405322,0.6217919074885183,7.895490775515917e-14,3.888286933603938e-14,4.019818751508115e-14,1.0,1.0,1.0,9.238498223238659e-17,9.186103996764959e-17,7.996055891562961e-17,1.0,1.0,1.0,1.0,1.0,1.0,1.0,0.999915566712768,2.811758958149061e-20,8.442024397446756e-05
model_HighFrequencyNoise_3.ply,model.ply,HighFrequencyNoise,18,3.25,811282,811282,2.605144739151001,0.175994873046875,0.9658675922641953,0.9957836225360915,0.9956104668166361,0.2955351197950301,0.05031124982314271,0.0339297225835717,0.6730931250547032,0.7548747661368268,0.9205306594057704,0.23219031362379106,0.06799769492980152,0.2092751017621173,0.0,0.0,0.0,0.0,0.3986237615405322,0.6217919074885183,0.9437037969114043,0.3986237615405322,0.6217919074885183,7.895490775515917e-14,3.888286933603938e-14,4.019818751508115e-14,1.0,1.0,1.0,9.238498223238659e-17,9.186103996764959e-17,7.996055891562961e-17,1.0,1.0,1.0,1.0,1.0,1.0,1.0,0.999915566712768,2.811758958149061e-20,8.442024397446756e-05
model_HighFrequencyNoise_4.ply,model.ply,HighFrequencyNoise,18,3.0,811282,811282,2.6074628829956055,0.16220474243164062,0.9653631270150252,0.9948728495757885,0.994732151379953,0.2691727689799752,0.035601574714718774,0.02407478233565416,0.6960218651751334,0.7734509081429654,0.9349069572590276,0.19798829421511271,0.05216366455967118,0.17706921812342524,0.0,0.0,0.0,0.0,0.3986237615405322,0.6217919074885183,0.9437037969114043,0.3986237615405322,0.6217919074885183,7.895490775515917e-14,3.888286933603938e-14,4.019818751508115e-14,1.0,1.0,1.0,9.238498223238659e-17,9.186103996764959e-17,7.996055891562961e-17,1.0,1.0,1.0,1.0,1.0,1.0,1.0,0.999915566712768,2.811758958149061e-20,8.442024397446756e-05
model_HighFrequencyNoise_5.ply,model.ply,HighFrequencyNoise,18,2.82142857142857,811282,811282,2.6121082305908203,0.13909530639648438,0.9647199828503621,0.9941546252717303,0.993978403018413,0.2482553579449196,0.027824799239412914,0.018823968704509732,0.714997040144996,0.7824103912740783,0.9402200239069025,0.17384587912819943,0.04289858892620143,0.15409512797760752,0.0,0.0,0.0,0.0,0.3986237615405322,0.6217919074885183,0.9437037969114043,0.3986237615405322,0.6217919074885183,7.895490775515917e-14,3.888286933603938e-14,4.019818751508115e-14,1.0,1.0,1.0,9.238498223238659e-17,9.186103996764959e-17,7.996055891562961e-17,1.0,1.0,1.0,1.0,1.0,1.0,1.0,0.999915566712768,2.811758958149061e-20,8.442024397446756e-05
model_HighFrequencyNoise_6.ply,model.ply,HighFrequencyNoise,18,2.71875,811282,811282,2.7191994190216064,0.11692428588867188,0.9575980300398387,0.9903283985567066,0.9901038603557132,0.1633090184427811,0.010698433737879936,0.007208698510089624,0.7941454543405377,0.81307170974208,0.9642276216096097,0.09454935179563365,0.019264536237135768,0.0791959385823471,0.0,0.0,0.0,0.0,0.3986237615405322,0.6217919074885183,0.9437037969114043,0.3986237615405322,0.6217919074885183,7.895490775515917e-14,3.888286933603938e-14,4.019818751508115e-14,1.0,1.0,1.0,9.238498223238659e-17,9.186103996764959e-17,7.996055891562961e-17,1.0,1.0,1.0,1.0,1.0,1.0,1.0,0.999915566712768,2.811758958149061e-20,8.442024397446756e-05
model_HighFrequencyNoise_7.ply,model.ply,HighFrequencyNoise,18,2.53333333333333,811282,811282,2.581226348876953,0.11709976196289062,0.9500794109525071,0.9881990057747014,0.9877176465741841,0.12878057328327158,0.006992121761757418,0.004736857054101938,0.8302404256545961,0.8217283526019529,0.9696551047735313,0.06915189569629782,0.013298030798744467,0.05600794429404106,0.0,0.0,0.0,0.0,0.3986237615405322,0.6217919074885183,0.9437037969114043,0.3986237615405322,0.6217919074885183,7.895490775515917e-14,3.888286933603938e-14,4.019818751508115e-14,1.0,1.0,1.0,9.238498223238659e-17,9.186103996764959e-17,7.996055891562961e-17,1.0,1.0,1.0,1.0,1.0,1.0,1.0,0.999915566712768,2.811758958149061e-20,8.442024397446756e-05
model_SaltpepperNoise_1.ply,model.ply,SaltpepperNoise,15,3.6,811282,811282,2.6344025135040283,0.09356307983398438,0.9910750596572315,0.9998418303909261,0.9998624987010393,0.4442010885342033,0.9723359795895754,0.9563962781316668,0.4992520805413605,0.032655758790853244,0.04680742332206967,0.4534107100632663,0.7482199909338714,0.41211249064218075,0.0,0.0,0.0,0.0,0.3986237615405322,0.6217919074885183,0.9437037969114043,0.3986237615405322,0.6217919074885183,7.895490775515917e-14,3.888286933603938e-14,4.019818751508115e-14,1.0,1.0,1.0,9.238498223238659e-17,9.186103996764959e-17,7.996055891562961e-17,1.0,1.0,1.0,1.0,1.0,1.0,1.0,0.999915566712768,2.811758958149061e-20,8.442024397446756e-05
model_SaltpepperNoise_3.ply,model.ply,SaltpepperNoise,15,2.59375,811282,811282,2.631124258041382,0.0830535888671875,0.9691384745541429,0.999202811898361,0.9993159793053543,0.1311036866531547,0.9121701074882834,0.8743551483866596,0.8079006480023755,0.11728507994090198,0.15905415229786302,0.1350297919699867,0.5341427795647444,0.10553841669484264,0.0,0.0,0.0,0.0,0.3986237615405322,0.6217919074885183,0.9437037969114043,0.3986237615405322,0.6217919074885183,7.895490775515917e-14,3.888286933603938e-14,4.019818751508115e-14,1.0,1.0,1.0,9.238498223238659e-17,9.186103996764959e-17,7.996055891562961e-17,1.0,1.0,1.0,1.0,1.0,1.0,1.0,0.999915566712768,2.811758958149061e-20,8.442024397446756e-05
model_SaltpepperNoise_4.ply,model.ply,SaltpepperNoise,15,2.42857142857143,811282,811282,2.587813138961792,0.0710906982421875,0.9569043233685691,0.9988113280565559,0.9989777941619841,0.09772693546268577,0.8879082360572844,0.8451674888624778,0.8475850802943727,0.15686625355055855,0.20767517437520802,0.1006999145255379,0.49673884810863306,0.07633214858812931,0.0,0.0,0.0,0.0,0.3986237615405322,0.6217919074885183,0.9437037969114043,0.3986237615405322,0.6217919074885183,7.895490775515917e-14,3.888286933603938e-14,4.019818751508115e-14,1.0,1.0,1.0,9.238498223238659e-17,9.186103996764959e-17,7.996055891562961e-17,1.0,1.0,1.0,1.0,1.0,1.0,1.0,0.999915566712768,2.811758958149061e-20,8.442024397446756e-05
model_SaltpepperNoise_5.ply,model.ply,SaltpepperNoise,15,2.42857142857143,811282,811282,2.630467176437378,0.07530593872070312,0.9463286678589028,0.9984215113885168,0.9986440544349906,0.07846885722894963,0.8667948587697705,0.8200627626603667,0.873975741904261,0.19241301795026078,0.2511789216505024,0.0809401711975802,0.47478757400352006,0.059782504904623675,0.0,0.0,0.0,0.0,0.3986237615405322,0.6217919074885183,0.9437037969114043,0.3986237615405322,0.6217919074885183,7.895490775515917e-14,3.888286933603938e-14,4.019818751508115e-14,1.0,1.0,1.0,9.238498223238659e-17,9.186103996764959e-17,7.996055891562961e-17,1.0,1.0,1.0,1.0,1.0,1.0,1.0,0.999915566712768,2.811758958149061e-20,8.442024397446756e-05
model_SaltpepperNoise_7.ply,model.ply,SaltpepperNoise,15,1.82142857142857,811282,811282,2.5786173343658447,0.08200836181640625,0.9254029528451733,0.9976338475246624,0.9979609022982823,0.05683970000235526,0.8275224457401424,0.7776387091547721,0.9108266858623884,0.2574367187374006,0.32866120367386736,0.05870604562792431,0.4504712777485957,0.04177875799786451,0.0,0.0,0.0,0.0,0.3986237615405322,0.6217919074885183,0.9437037969114043,0.3986237615405322,0.6217919074885183,7.895490775515917e-14,3.888286933603938e-14,4.019818751508115e-14,1.0,1.0,1.0,9.238498223238659e-17,9.186103996764959e-17,7.996055891562961e-17,1.0,1.0,1.0,1.0,1.0,1.0,1.0,0.999915566712768,2.811758958149061e-20,8.442024397446756e-05
MuteSwan_lossless-geom-lossy-attrs_3.ply,MuteSwan.ply,lossless-geom-lossy-attrs,7,4.53125,729717,729717,2.4296326637268066,0.06299972534179688,0.997512333715264,0.9980872825392763,0.9984199170262738,0.6215274959877288,0.20172255600466435,0.13800625243018544,0.42693642967064954,0.47026482501355055,0.36643859561680003,0.565262531627548,0.1491214223105675,0.47861285326454267,0.0,0.0,0.0,0.0,0.4211738696608559,0.7546368884547816,1.09107800854597,0.4211738696608559,0.7546368884547816,8.226799880640561e-14,4.1516334513087635e-14,4.027218806450457e-14,1.0,1.0,1.0,8.566371295214231e-17,8.500021775315905e-17,8.057211737416215e-17,1.0,1.0,1.0,1.0,1.0,1.0,1.0,0.9998635923176108,1.0095230958173735e-20,0.00013639463514431767
MuteSwan_lossless-geom-lossy-attrs_4.ply,MuteSwan.ply,lossless-geom-lossy-attrs,7,4.23333333333333,729717,729717,2.4030885696411133,0.06980133056640625,0.9964603427896801,0.9977019710610181,0.9982337907563715,0.5271193728137649,0.15511647043751167,0.10746437190366653,0.5295452959896512,0.38750645396826,0.2936484992953544,0.47873569123423515,0.1106702885465199,0.3815001166422102,0.0,0.0,0.0,0.0,0.4211738696608559,0.7546368884547816,1.09107800854597,0.4211738696608559,0.7546368884547816,8.226799880640561e-14,4.1516334513087635e-14,4.027218806450457e-14,1.0,1.0,1.0,8.566371295214231e-17,8.500021775315905e-17,8.057211737416215e-17,1.0,1.0,1.0,1.0,1.0,1.0,1.0,0.9998635923176108,1.0095230958173735e-20,0.00013639463514431767
MuteSwan_lossless-geom-lossy-attrs_5.ply,MuteSwan.ply,lossless-geom-lossy-attrs,7,4.07142857142857,729717,729717,2.4249701499938965,0.06612014770507812,0.9950826133513404,0.9975145216604865,0.9980549965068485,0.43397737554997085,0.12821398028007797,0.08843370016274182,0.6270776761952136,0.3383572613578596,0.24025788757465708,0.3935135216996358,0.08492633570132485,0.2977321896276905,0.0,0.0,0.0,0.0,0.4211738696608559,0.7546368884547816,1.09107800854597,0.4211738696608559,0.7546368884547816,8.226799880640561e-14,4.1516334513087635e-14,4.027218806450457e-14,1.0,1.0,1.0,8.566371295214231e-17,8.500021775315905e-17,8.057211737416215e-17,1.0,1.0,1.0,1.0,1.0,1.0,1.0,0.9998635923176108,1.0095230958173735e-20,0.00013639463514431767
MuteSwan_lossless-geom-lossy-attrs_6.ply,MuteSwan.ply,lossless-geom-lossy-attrs,7,3.67857142857143,729717,729717,2.4036500453948975,0.07120895385742188,0.9930124768560255,0.9967701920653533,0.9975699800191046,0.34556540627110105,0.09692857383318887,0.07655009225075306,0.7003445085925926,0.2753209963787289,0.20712791421830307,0.311945669572461,0.06605253875521139,0.22407805185897953,0.0,0.0,0.0,0.0,0.4211738696608559,0.7546368884547816,1.09107800854597,0.4211738696608559,0.7546368884547816,8.226799880640561e-14,4.1516334513087635e-14,4.027218806450457e-14,1.0,1.0,1.0,8.566371295214231e-17,8.500021775315905e-17,8.057211737416215e-17,1.0,1.0,1.0,1.0,1.0,1.0,1.0,0.9998635923176108,1.0095230958173735e-20,0.00013639463514431767
MuteSwan_lossless-geom-lossy-attrs_7.ply,MuteSwan.ply,lossless-geom-lossy-attrs,7,3.25,729717,729717,2.4980621337890625,0.06660079956054688,0.9897131359110426,0.993104229098383,0.9937446305496903,0.2686077336557548,0.08094383278591633,0.06881871794236231,0.7643863312461143,0.21857998851711738,0.18138897356242653,0.2375255328874409,0.051333116301008834,0.1602559698605822,0.0,0.0,0.0,0.0,0.4211738696608559,0.7546368884547816,1.09107800854597,0.4211738696608559,0.7546368884547816,8.226799880640561e-14,4.1516334513087635e-14,4.027218806450457e-14,1.0,1.0,1.0,8.566371295214231e-17,8.500021775315905e-17,8.057211737416215e-17,1.0,1.0,1.0,1.0,1.0,1.0,1.0,0.9998635923176108,1.0095230958173735e-20,0.00013639463514431767
MuteSwan_UniformShifting_1.ply,MuteSwan.ply,UniformShifting,31,4.3,729717,729717,2.4520103931427,0.037075042724609375,0.9995425699088466,0.9998807719504709,0.9998915684412127,0.976176324598969,0.9806169468138676,0.9809809134106656,0.7462928890852438,0.7224178422587241,0.7214407652296607,0.9805705902952943,0.984296850655598,0.945329468760382,0.28994697004562536,0.18595035759196565,0.1626540131848443,0.04570065083685773,0.4211738696608559,0.7546368884547816,1.2940310185798354,0.5461275556768045,0.7582518163438511,0.5041229770765754,0.2480457478959672,0.25878658500958907,0.9821415192521722,0.9808955269553273,0.4243270899451581,0.8389294245247808,0.8260777024098815,0.828745941877417,0.7409540762599569,0.9878552283285634,0.9875673261263006,0.9628979174328525,0.606235866412064,0.4259813033504668,0.42027600743010324,0.7257215713805409,0.2264300588461799,0.00173640767065871
MuteSwan_UniformShifting_2.ply,MuteSwan.ply,UniformShifting,31,3.71428571428571,729717,729717,2.466836929321289,0.06753158569335938,0.9987838375204676,0.9997071913832065,0.9997485817022803,0.9323968650839339,0.9523641048181168,0.9549317954807225,0.8951764191388081,0.8707508773068885,0.8693188829516927,0.9449387068064373,0.9573471351985284,0.8682415087837548,0.5930256541192306,0.3803178472320546,0.333206680991094,0.09215946571134552,0.4211738696608559,0.7546368884547816,1.5114052094535413,0.6815394083202185,0.7607863440030482,1.0750973005137385,0.4298252023173773,0.747428558299355,0.9671065251495727,0.9601754604300529,0.2264133723892497,0.9711708187271058,0.9668158025563517,0.9342505311194093,0.5572338356556951,0.9658947976117116,0.9500545520396131,0.9318586643806798,0.4507420101454509,0.23325616650001368,0.22471206901759774,0.605134610279107,0.3896034045404336,0.005725989602035384
MuteSwan_UniformShifting_3.ply,MuteSwan.ply,UniformShifting,31,3.09375,729717,729717,2.4840407371520996,0.03682708740234375,0.9975737985578131,0.9994572058415948,0.9995471484055092,0.8496092956525058,0.9107017883932664,0.9171674157166091,0.9412865838055955,0.9192913152194877,0.9208898839186075,0.8749118253991823,0.9058665586160184,0.7509291334488196,0.9044259706319379,0.5750764835538648,0.5170082716174718,0.132634124139859,0.4211738696608559,0.7546368884547816,1.7424433659366874,0.8264613787182638,0.765746600765162,1.3887249146636462,0.5740968117175922,0.9482287616726897,0.9433365581260836,0.9169064546903649,0.18045024061140158,1.0012926319189117,1.0025407307092526,0.9580760969502009,0.4668117782809547,0.9106920712536153,0.9120519776547676,0.9098649069744827,0.36591991943888147,0.19753515786476014,0.18718093946103567,0.5328768898043993,0.49367485214339624,0.008909595854080766
MuteSwan_UniformShifting_4.ply,MuteSwan.ply,UniformShifting,31,2.82142857142857,729717,729717,2.4878389835357666,0.07165908813476562,0.9963368494297523,0.9992277091001697,0.9993584433760696,0.7763709062548545,0.8755668960035407,0.8873372562141859,0.9507951054886071,0.9335766874120275,0.9370895097235207,0.8099558555864278,0.8583606751230908,0.6642433368373268,1.2487067783017467,0.7920378682983228,0.7171447186924965,0.18203295970931688,0.4211738696608559,0.7546368884547816,1.9915680960814273,0.9899284854019521,0.7644701971726227,1.5474990755914773,0.6661853074538845,1.0031557553147232,0.9014774651595291,0.8697878308889739,0.16182941851511523,1.00118770015011,0.9984660155963812,0.9626319321228718,0.4187956939871519,0.8441844130665948,0.8885767317593642,0.8900620188365069,0.3595805046934436,0.1893312218976301,0.17819310820449755,0.5290005801424151,0.4977212627840187,0.012160843793717504
MuteSwan_UniformShifting_5.ply,MuteSwan.ply,UniformShifting,31,2.64285714285714,729717,729717,2.534494638442993,0.055889129638671875,0.994946711434114,0.9989553518952925,0.9991410857696515,0.7109857355313105,0.8429923070734474,0.8604292629797627,0.9573013948685788,0.9410425544152154,0.9445087358383093,0.7497558444962464,0.8133336827094537,0.5951115052175163,1.590313000802559,0.9748369293643935,0.9428325510348955,0.24044788541226877,0.4211738696608559,0.7546368884547816,2.2500010194605164,1.180126154631784,0.7750259555949689,1.772213137895577,0.7672366312188974,1.1322570378264778,0.852584492309301,0.8167274504331187,0.14323424597018813,0.9972693449795522,0.9954012639674306,0.9645728383225811,0.3725459508375552,0.7726762110105392,0.860539176991234,0.864116008083724,0.3516365508562232,0.18011703532633272,0.16815573108711815,0.5214559777750712,0.5035051559263775,0.0186018003292558
ParrotV1_lossless-geom-nearlossless-attrs_3.ply,ParrotV1.ply,lossless-geom-nearlossless-attrs,9,4.9,752422,752422,3.156757354736328,0.0721435546875,0.9953024343911441,0.997264143782314,0.9987852458083066,0.9026352774725079,0.8482503740239142,0.8592524140756158,0.1260762391318936,0.2598399982010951,0.21165339227726587,0.9276084609425214,0.9055976139629056,0.8945073877419806,0.0,0.0,0.0,0.0,0.3141534844319092,0.5276389628960871,0.8138314948916409,0.3141534844319092,0.5276389628960871,8.815670482219141e-14,4.453619127588624e-14,4.317515190984312e-14,1.0,1.0,1.0,8.137671472700804e-17,8.457104404178917e-17,8.39108287163059e-17,1.0,1.0,1.0,1.0,1.0,1.0,1.0,0.9998723545596051,1.417004498564335e-20,0.000127632418634318
ParrotV1_lossless-geom-nearlossless-attrs_4.ply,ParrotV1.ply,lossless-geom-nearlossless-attrs,9,4.625,752422,752422,3.167738914489746,0.06657028198242188,0.9867731440709864,0.9933994971338352,0.9968962254735612,0.814928073594831,0.7635019629298286,0.7764843639676821,0.2668956899120855,0.3924667815591977,0.35758199154262194,0.8719532677483032,0.8367719213195073,0.8211656285221104,0.0,0.0,0.0,0.0,0.3141534844319092,0.5276389628960871,0.8138314948916409,0.3141534844319092,0.5276389628960871,8.815670482219141e-14,4.453619127588624e-14,4.317515190984312e-14,1.0,1.0,1.0,8.137671472700804e-17,8.457104404178917e-17,8.39108287163059e-17,1.0,1.0,1.0,1.0,1.0,1.0,1.0,0.9998723545596051,1.417004498564335e-20,0.000127632418634318
ParrotV1_lossless-geom-nearlossless-attrs_5.ply,ParrotV1.ply,lossless-geom-nearlossless-attrs,9,4.5625,752422,752422,3.308854579925537,0.06778717041015625,0.962969189164807,0.9812527314135704,0.9910421902529192,0.6325704745061561,0.635296769778418,0.5933591393175379,0.49721507986165525,0.5471628866830291,0.5465551799200299,0.7183951930927883,0.6648994482262705,0.6444259967787498,0.0,0.0,0.0,0.0,0.3141534844319092,0.5276389628960871,0.8138314948916409,0.3141534844319092,0.5276389628960871,8.815670482219141e-14,4.453619127588624e-14,4.317515190984312e-14,1.0,1.0,1.0,8.137671472700804e-17,8.457104404178917e-17,8.39108287163059e-17,1.0,1.0,1.0,1.0,1.0,1.0,1.0,0.9998723545596051,1.417004498564335e-20,0.000127632418634318
ParrotV1_lossless-geom-nearlossless-attrs_6.ply,ParrotV1.ply,lossless-geom-nearlossless-attrs,9,3.92857142857143,752422,752422,3.1755552291870117,0.06584930419921875,0.916514794944264,0.9427323564617983,0.9776787137944607,0.46555015799448213,0.5198120902195625,0.44423087011161,0.6675540562949259,0.675132897403695,0.7007777844838258,0.5587928455915049,0.5201782566416219,0.47536894990120515,0.0,0.0,0.0,0.0,0.3141534844319092,0.5276389628960871,0.8138314948916409,0.3141534844319092,0.5276389628960871,8.815670482219141e-14,4.453619127588624e-14,4.317515190984312e-14,1.0,1.0,1.0,8.137671472700804e-17,8.457104404178917e-17,8.39108287163059e-17,1.0,1.0,1.0,1.0,1.0,1.0,1.0,0.9998723545596051,1.417004498564335e-20,0.000127632418634318
ParrotV1_lossless-geom-nearlossless-attrs_7.ply,ParrotV1.ply,lossless-geom-nearlossless-attrs,9,2.78125,752422,752422,3.1275625228881836,0.06655502319335938,0.8078051350165729,0.8854539438030912,0.9409733336414147,0.3216997262011205,0.3954419188907631,0.38504131763209176,0.8089747349731738,0.7827200350687166,0.8141392243066741,0.39560496841783654,0.3970858642244431,0.30770962414560166,0.0,0.0,0.0,0.0,0.3141534844319092,0.5276389628960871,0.8138314948916409,0.3141534844319092,0.5276389628960871,8.815670482219141e-14,4.453619127588624e-14,4.317515190984312e-14,1.0,1.0,1.0,8.137671472700804e-17,8.457104404178917e-17,8.39108287163059e-17,1.0,1.0,1.0,1.0,1.0,1.0,1.0,0.9998723545596051,1.417004498564335e-20,0.000127632418634318
PjanicFace_GammaNoise_1.ply,PjanicFace.ply,GammaNoise,2,3.5625,800403,800403,2.863269805908203,0.07212066650390625,0.8688205089019587,0.9978382967841057,0.9982523225107266,0.2955157668372284,0.7552051450589505,0.7252719170951127,0.5774258797137967,0.20190168493296656,0.19136819074296338,0.309809206083852,0.5392009456553197,0.2571896264295879,0.0,0.0,0.0,0.0,0.7389172161576933,0.38029483620744003,1.249055708305622,0.7389172161576933,0.38029483620744003,7.859857662704417e-14,4.017737080884362e-14,3.7923099381334246e-14,1.0,1.0,1.0,7.185723645942513e-17,7.073303803333551e-17,8.150159078490728e-17,1.0,1.0,1.0,1.0,1.0,1.0,1.0,0.9997106829345236,2.7530741228926016e-20,0.00028930401719291966
PjanicFace_GammaNoise_3.ply,PjanicFace.ply,GammaNoise,2,2.96428571428571,800403,800403,2.7256648540496826,0.06827545166015625,0.8290766546289672,0.9965970016497012,0.996621576557543,0.22840307047713804,0.6782513081620964,0.6322906987316634,0.6320668494862801,0.264484969637749,0.27327007795795677,0.2348305872650761,0.44503029253682164,0.19526932190079077,0.0,0.0,0.0,0.0,0.7389172161576933,0.38029483620744003,1.249055708305622,0.7389172161576933,0.38029483620744003,7.859857662704417e-14,4.017737080884362e-14,3.7923099381334246e-14,1.0,1.0,1.0,7.185723645942513e-17,7.073303803333551e-17,8.150159078490728e-17,1.0,1.0,1.0,1.0,1.0,1.0,1.0,0.9997106829345236,2.7530741228926016e-20,0.00028930401719291966
PjanicFace_GammaNoise_4.ply,PjanicFace.ply,GammaNoise,2,3.15625,800403,800403,2.7541399002075195,0.07318496704101562,0.8098090073960589,0.9957612914439976,0.9955550271433461,0.20665973340212693,0.6321897120558206,0.5859827981290054,0.65121504294948,0.3001613545064662,0.3185799812588652,0.21052325882788933,0.4055530345281777,0.17544667950430448,0.0,0.0,0.0,0.0,0.7389172161576933,0.38029483620744003,1.249055708305622,0.7389172161576933,0.38029483620744003,7.859857662704417e-14,4.017737080884362e-14,3.7923099381334246e-14,1.0,1.0,1.0,7.185723645942513e-17,7.073303803333551e-17,8.150159078490728e-17,1.0,1.0,1.0,1.0,1.0,1.0,1.0,0.9997106829345236,2.7530741228926016e-20,0.00028930401719291966
PjanicFace_GammaNoise_5.ply,PjanicFace.ply,GammaNoise,2,2.82142857142857,800403,800403,2.697620153427124,0.07001495361328125,0.7861710635793586,0.9944542947849353,0.9939684424426997,0.18723083178661676,0.5604632940806583,0.517709392715655,0.6750114784509583,0.3617322405773103,0.3850182479595465,0.1881572309074616,0.3532171685795666,0.1570143344589906,0.0,0.0,0.0,0.0,0.7389172161576933,0.38029483620744003,1.249055708305622,0.7389172161576933,0.38029483620744003,7.859857662704417e-14,4.017737080884362e-14,3.7923099381334246e-14,1.0,1.0,1.0,7.185723645942513e-17,7.073303803333551e-17,8.150159078490728e-17,1.0,1.0,1.0,1.0,1.0,1.0,1.0,0.9997106829345236,2.7530741228926016e-20,0.00028930401719291966
PjanicFace_GammaNoise_7.ply,PjanicFace.ply,GammaNoise,2,2.39285714285714,800403,800403,2.7437002658843994,0.14038848876953125,0.7203999393522733,0.9883601221311612,0.9874442043402258,0.16815643768774366,0.31510758449575343,0.30415067043384764,0.7191636147788463,0.580360091900764,0.597988449339925,0.1614355057480407,0.22486651279932082,0.1362699174855999,0.0,0.0,0.0,0.0,0.7389172161576933,0.38029483620744003,1.249055708305622,0.7389172161576933,0.38029483620744003,7.859857662704417e-14,4.017737080884362e-14,3.7923099381334246e-14,1.0,1.0,1.0,7.185723645942513e-17,7.073303803333551e-17,8.150159078490728e-17,1.0,1.0,1.0,1.0,1.0,1.0,1.0,0.9997106829345236,2.7530741228926016e-20,0.00028930401719291966
PjanicFace_MeanShift_1.ply,PjanicFace.ply,MeanShift,16,4.1875,800403,800403,2.766716718673706,0.12877655029296875,0.9053609439105976,0.9985449103404715,0.9992919407960846,0.858598058780369,0.8661673823105157,0.8699646087141032,0.010567742938347034,0.048060030433823266,0.05084803433584717,0.8614602852863451,0.8905596032082684,0.8537181659431918,0.0,0.0,0.0,0.0,0.7389172161576933,0.38029483620744003,1.249055708305622,0.7389172161576933,0.38029483620744003,7.859857662704417e-14,4.017737080884362e-14,3.7923099381334246e-14,1.0,1.0,1.0,7.185723645942513e-17,7.073303803333551e-17,8.150159078490728e-17,1.0,1.0,1.0,1.0,1.0,1.0,1.0,0.9997106829345236,2.7530741228926016e-20,0.00028930401719291966
PjanicFace_MeanShift_3.ply,PjanicFace.ply,MeanShift,16,3.10714285714286,800403,800403,2.729248046875,0.11217117309570312,0.7602772376103939,0.9938622134159689,0.9921625250754904,0.7107837188722484,0.7150050383864136,0.6906802587512796,0.024165599752210692,0.14148677083081543,0.20808845555235145,0.7280988647361625,0.7541572642481826,0.7043081552661947,0.0,0.0,0.0,0.0,0.7389172161576933,0.38029483620744003,1.249055708305622,0.7389172161576933,0.38029483620744003,7.859857662704417e-14,4.017737080884362e-14,3.7923099381334246e-14,1.0,1.0,1.0,7.185723645942513e-17,7.073303803333551e-17,8.150159078490728e-17,1.0,1.0,1.0,1.0,1.0,1.0,1.0,0.9997106829345236,2.7530741228926016e-20,0.00028930401719291966
PjanicFace_MeanShift_4.ply,PjanicFace.ply,MeanShift,16,3.32142857142857,800403,800403,2.731567859649658,0.11118316650390625,0.7241442598422091,0.9916570864603315,0.9888918531212654,0.6556557715953978,0.6770100558414094,0.6547572249183523,0.02648910572818096,0.15162230280389757,0.23556112666994178,0.6762876850968061,0.7260238613312432,0.6469449454387468,0.0,0.0,0.0,0.0,0.7389172161576933,0.38029483620744003,1.249055708305622,0.7389172161576933,0.38029483620744003,7.859857662704417e-14,4.017737080884362e-14,3.7923099381334246e-14,1.0,1.0,1.0,7.185723645942513e-17,7.073303803333551e-17,8.150159078490728e-17,1.0,1.0,1.0,1.0,1.0,1.0,1.0,0.9997106829345236,2.7530741228926016e-20,0.00028930401719291966
PjanicFace_MeanShift_5.ply,PjanicFace.ply,MeanShift,16,2.89285714285714,800403,800403,2.750131368637085,0.0900115966796875,0.6953970069741733,0.9883477138828104,0.9851416220568544,0.6032063423368359,0.6398132708960994,0.6163184611217531,0.02821606877115039,0.17744788588243635,0.26845836512040305,0.633525575518731,0.696361566322485,0.5889231939234348,0.0,0.0,0.0,0.0,0.7389172161576933,0.38029483620744003,1.249055708305622,0.7389172161576933,0.38029483620744003,7.859857662704417e-14,4.017737080884362e-14,3.7923099381334246e-14,1.0,1.0,1.0,7.185723645942513e-17,7.073303803333551e-17,8.150159078490728e-17,1.0,1.0,1.0,1.0,1.0,1.0,1.0,0.9997106829345236,2.7530741228926016e-20,0.00028930401719291966
PjanicFace_MeanShift_7.ply,PjanicFace.ply,MeanShift,16,3.32142857142857,800403,800403,2.718906879425049,0.08491897583007812,0.655092519557464,0.9796774306758632,0.9781342097670582,0.4695737482389788,0.5481144079269332,0.49349022323641106,0.04321214613403111,0.22924415766524972,0.2965078990761314,0.4962026966432338,0.5733236558794833,0.45854339628698726,0.0,0.0,0.0,0.0,0.7389172161576933,0.38029483620744003,1.249055708305622,0.7389172161576933,0.38029483620744003,7.859857662704417e-14,4.017737080884362e-14,3.7923099381334246e-14,1.0,1.0,1.0,7.185723645942513e-17,7.073303803333551e-17,8.150159078490728e-17,1.0,1.0,1.0,1.0,1.0,1.0,1.0,0.9997106829345236,2.7530741228926016e-20,0.00028930401719291966
QQdog_ColorQuantizationDither_3.ply,QQdog.ply,ColorQuantizationDither,24,4.3125,796626,796626,2.7038707733154297,0.0420074462890625,0.979874056200864,0.995329641204473,0.9952246115161248,0.4939245860994992,0.4871689905726627,0.5224988011357704,0.3600278986794566,0.6191503319086579,0.6317772506180801,0.5040198354329614,0.5555410817350726,0.3999643856696591,0.0,0.0,0.0,0.0,0.911272840902024,0.7695258237273566,1.651789557578704,0.911272840902024,0.7695258237273566,7.38077426349933e-14,3.6434787375945553e-14,3.7527974979554957e-14,1.0,1.0,1.0,7.906834222105394e-17,7.297554723807616e-17,7.505953880176582e-17,1.0,1.0,1.0,1.0,1.0,1.0,1.0,0.9997031629780162,2.8246356052032987e-20,0.00029682398337784474
QQdog_ColorQuantizationDither_4.ply,QQdog.ply,ColorQuantizationDither,24,4.03333333333333,796626,796626,2.7658028602600098,0.07176589965820312,0.9618938730601085,0.9946439873692339,0.9954353068933242,0.3663441464993964,0.37289503104520255,0.357596030643446,0.31328382419877776,0.4924594321464189,0.49151358885924207,0.3752956849124257,0.40485793548796883,0.3120957792344278,0.0,0.0,0.0,0.0,0.911272840902024,0.7695258237273566,1.651789557578704,0.911272840902024,0.7695258237273566,7.38077426349933e-14,3.6434787375945553e-14,3.7527974979554957e-14,1.0,1.0,1.0,7.906834222105394e-17,7.297554723807616e-17,7.505953880176582e-17,1.0,1.0,1.0,1.0,1.0,1.0,1.0,0.9997031629780162,2.8246356052032987e-20,0.00029682398337784474
QQdog_ColorQuantizationDither_5.ply,QQdog.ply,ColorQuantizationDither,24,4.25,796626,796626,2.6894009113311768,0.07520675659179688,0.9556921630969172,0.9944278546401859,0.9938615918651563,0.29403072755673454,0.2772989401442819,0.33402646000555736,0.3022923701856505,0.3066856590116989,0.3959430219333444,0.30372719009261484,0.2921705659058462,0.25003828117758786,0.0,0.0,0.0,0.0,0.911272840902024,0.7695258237273566,1.651789557578704,0.911272840902024,0.7695258237273566,7.38077426349933e-14,3.6434787375945553e-14,3.7527974979554957e-14,1.0,1.0,1.0,7.906834222105394e-17,7.297554723807616e-17,7.505953880176582e-17,1.0,1.0,1.0,1.0,1.0,1.0,1.0,0.9997031629780162,2.8246356052032987e-20,0.00029682398337784474
QQdog_ColorQuantizationDither_6.ply,QQdog.ply,ColorQuantizationDither,24,3.1875,796626,796626,2.7082180976867676,0.042728424072265625,0.9299399265679097,0.9870858821041041,0.9905369958646869,0.16799138554234913,0.1097292138199882,0.08868498838820817,0.11801050816837279,0.25611469260150543,0.2117899165915538,0.17332780822085636,0.12951616985009667,0.15902726286276248,0.0,0.0,0.0,0.0,0.911272840902024,0.7695258237273566,1.651789557578704,0.911272840902024,0.7695258237273566,7.38077426349933e-14,3.6434787375945553e-14,3.7527974979554957e-14,1.0,1.0,1.0,7.906834222105394e-17,7.297554723807616e-17,7.505953880176582e-17,1.0,1.0,1.0,1.0,1.0,1.0,1.0,0.9997031629780162,2.8246356052032987e-20,0.00029682398337784474
QQdog_ColorQuantizationDither_7.ply,QQdog.ply,ColorQuantizationDither,24,2.28571428571429,796626,796626,2.6835875511169434,0.03985595703125,0.9150379365583082,0.9847784936469726,0.9753068338018775,0.07629011790936199,0.08776889951595777,0.05789019010886416,0.0453699140568796,0.07042742275949793,0.06746020264050581,0.0773851229595132,0.08051372995318626,0.07112440242660054,0.0,0.0,0.0,0.0,0.911272840902024,0.7695258237273566,1.651789557578704,0.911272840902024,0.7695258237273566,7.38077426349933e-14,3.6434787375945553e-14,3.7527974979554957e-14,1.0,1.0,1.0,7.906834222105394e-17,7.297554723807616e-17,7.505953880176582e-17,1.0,1.0,1.0,1.0,1.0,1.0,1.0,0.9997031629780162,2.8246356052032987e-20,0.00029682398337784474
QQdog_MeanShift_1.ply,QQdog.ply,MeanShift,16,4.53571428571429,796626,796626,2.69187068939209,0.0710906982421875,0.830970732185712,0.9999998129040562,0.9999660058443263,0.9999996388298483,0.9999627034708113,0.9936432541746962,2.4663019280639567e-09,3.614016341358429e-05,0.0066656082892763814,0.9996036731419905,0.9978603690765715,0.999534251277927,0.0,0.0,0.0,0.0,0.911272840902024,0.7695258237273566,1.651789557578704,0.911272840902024,0.7695258237273566,7.38077426349933e-14,3.6434787375945553e-14,3.7527974979554957e-14,1.0,1.0,1.0,7.906834222105394e-17,7.297554723807616e-17,7.505953880176582e-17,1.0,1.0,1.0,1.0,1.0,1.0,1.0,0.9997031629780162,2.8246356052032987e-20,0.00029682398337784474
QQdog_MeanShift_3.ply,QQdog.ply,MeanShift,16,3.71875,796626,796626,2.6837117671966553,0.07204818725585938,0.6221963777236927,0.9911386736137354,0.9987110622838199,0.9427259957056081,0.8225993225496218,0.9306086245470195,0.01371147362670721,0.23671334897036456,0.1039014150399491,0.9657940210226518,0.9204935272230109,0.9094453430391657,0.0,0.0,0.0,0.0,0.911272840902024,0.7695258237273566,1.651789557578704,0.911272840902024,0.7695258237273566,7.38077426349933e-14,3.6434787375945553e-14,3.7527974979554957e-14,1.0,1.0,1.0,7.906834222105394e-17,7.297554723807616e-17,7.505953880176582e-17,1.0,1.0,1.0,1.0,1.0,1.0,1.0,0.9997031629780162,2.8246356052032987e-20,0.00029682398337784474
QQdog_MeanShift_4.ply,QQdog.ply,MeanShift,16,3.03333333333333,796626,796626,2.6808104515075684,0.049617767333984375,0.5771324917045411,0.9838313879823215,0.9909150597636859,0.7484582198438943,0.7600173531592508,0.7742597130227079,0.04814872654187851,0.2836560471381953,0.2463949816924437,0.8265734014152195,0.8120714853084214,0.7410545822159164,0.0,0.0,0.0,0.0,0.911272840902024,0.7695258237273566,1.651789557578704,0.911272840902024,0.7695258237273566,7.38077426349933e-14,3.6434787375945553e-14,3.7527974979554957e-14,1.0,1.0,1.0,7.906834222105394e-17,7.297554723807616e-17,7.505953880176582e-17,1.0,1.0,1.0,1.0,1.0,1.0,1.0,0.9997031629780162,2.8246356052032987e-20,0.00029682398337784474
QQdog_MeanShift_5.ply,QQdog.ply,MeanShift,16,2.86666666666667,796626,796626,2.7045788764953613,0.07646942138671875,0.5463653347598534,0.9798767495303075,0.9854173548549967,0.6541632201404939,0.6526244462568309,0.6464680409858141,0.031129419088940406,0.2102049929375905,0.20655920311434178,0.6813769096469308,0.6747322212941069,0.6570762490742983,0.0,0.0,0.0,0.0,0.911272840902024,0.7695258237273566,1.651789557578704,0.911272840902024,0.7695258237273566,7.38077426349933e-14,3.6434787375945553e-14,3.7527974979554957e-14,1.0,1.0,1.0,7.906834222105394e-17,7.297554723807616e-17,7.505953880176582e-17,1.0,1.0,1.0,1.0,1.0,1.0,1.0,0.9997031629780162,2.8246356052032987e-20,0.00029682398337784474
QQdog_MeanShift_7.ply,QQdog.ply,MeanShift,16,2.42857142857143,796626,796626,2.669602870941162,0.0747222900390625,0.5063251422777333,0.9747960411486979,0.9810192640511068,0.5627786312931192,0.5894030569625526,0.5457634918416824,0.028452003452066423,0.21690703242236756,0.2743391107043675,0.5784133763908794,0.5862895511374494,0.5567963776439435,0.0,0.0,0.0,0.0,0.911272840902024,0.7695258237273566,1.651789557578704,0.911272840902024,0.7695258237273566,7.38077426349933e-14,3.6434787375945553e-14,3.7527974979554957e-14,1.0,1.0,1.0,7.906834222105394e-17,7.297554723807616e-17,7.505953880176582e-17,1.0,1.0,1.0,1.0,1.0,1.0,1.0,0.9997031629780162,2.8246356052032987e-20,0.00029682398337784474
queen_ColorNoise_3.ply,queen.ply,ColorNoise,20,3.66666666666667,800794,800794,2.7819089889526367,0.06449508666992188,0.9902177608049078,0.9980150230280657,0.9975750977284175,0.41638935811896655,0.11859927802457518,0.12951842269026662,0.4991180266643511,0.7727334643576227,0.775842332997545,0.3049475839958521,0.16456184240517713,0.25747401246109974,0.0,0.0,0.0,0.0,0.34381015204778564,1.00030511342024,1.1955737025932083,0.34381015204778564,1.00030511342024,8.784362888652708e-14,4.3364818560694685e-14,4.516546688015999e-14,1.0,1.0,1.0,9.062311334992726e-17,9.475805376772655e-17,6.80559513137216e-17,1.0,1.0,1.0,1.0,1.0,1.0,1.0,0.999457053445297,6.49144768825267e-20,0.0005429335115268892
queen_ColorNoise_4.ply,queen.ply,ColorNoise,20,3.39285714285714,800794,800794,2.7674429416656494,0.07625961303710938,0.9853600296185799,0.9968932708124822,0.9962759067413427,0.29587014295893127,0.07785510148334222,0.0872679151152463,0.6124618188282098,0.8298346485570258,0.8312078668263055,0.21044973826471314,0.10950749097710785,0.17728272919540555,0.0,0.0,0.0,0.0,0.34381015204778564,1.00030511342024,1.1955737025932083,0.34381015204778564,1.00030511342024,8.784362888652708e-14,4.3364818560694685e-14,4.516546688015999e-14,1.0,1.0,1.0,9.062311334992726e-17,9.475805376772655e-17,6.80559513137216e-17,1.0,1.0,1.0,1.0,1.0,1.0,1.0,0.999457053445297,6.49144768825267e-20,0.0005429335115268892
queen_ColorNoise_5.ply,queen.ply,ColorNoise,20,3.39285714285714,800794,800794,2.761383533477783,0.07567977905273438,0.9796969693996403,0.9957148449421631,0.9946807085336783,0.22341186810631336,0.05707080370774956,0.06540546195196931,0.6902988749053872,0.8625255609142638,0.8665660791974101,0.15658913497283872,0.08057358967843792,0.13246408161399442,0.0,0.0,0.0,0.0,0.34381015204778564,1.00030511342024,1.1955737025932083,0.34381015204778564,1.00030511342024,8.784362888652708e-14,4.3364818560694685e-14,4.516546688015999e-14,1.0,1.0,1.0,9.062311334992726e-17,9.475805376772655e-17,6.80559513137216e-17,1.0,1.0,1.0,1.0,1.0,1.0,1.0,0.999457053445297,6.49144768825267e-20,0.0005429335115268892
queen_ColorNoise_6.ply,queen.ply,ColorNoise,20,2.89285714285714,800794,800794,2.7459604740142822,0.07448577880859375,0.9736908625943007,0.9943889232008212,0.9928456275860406,0.17672155364944192,0.04431278064915571,0.05210743117007072,0.7438918263612729,0.8866121656250101,0.8868953921944507,0.12226562474956698,0.06267834151081135,0.10385986380035878,0.0,0.0,0.0,0.0,0.34381015204778564,1.00030511342024,1.1955737025932083,0.34381015204778564,1.00030511342024,8.784362888652708e-14,4.3364818560694685e-14,4.516546688015999e-14,1.0,1.0,1.0,9.062311334992726e-17,9.475805376772655e-17,6.80559513137216e-17,1.0,1.0,1.0,1.0,1.0,1.0,1.0,0.999457053445297,6.49144768825267e-20,0.0005429335115268892
queen_ColorNoise_7.ply,queen.ply,ColorNoise,20,2.90625,800794,800794,2.828164577484131,0.0746307373046875,0.9664594311914319,0.9927151498601684,0.9909765611656313,0.14525319108410506,0.03589704525894967,0.043425965506606226,0.7833758530587506,0.9008700569055273,0.901718199320418,0.09884191514278212,0.05103396229225281,0.08406977159539604,0.0,0.0,0.0,0.0,0.34381015204778564,1.00030511342024,1.1955737025932083,0.34381015204778564,1.00030511342024,8.784362888652708e-14,4.3364818560694685e-14,4.516546688015999e-14,1.0,1.0,1.0,9.062311334992726e-17,9.475805376772655e-17,6.80559513137216e-17,1.0,1.0,1.0,1.0,1.0,1.0,1.0,0.999457053445297,6.49144768825267e-20,0.0005429335115268892
queen_LocalLoss_1.ply,queen.ply,LocalLoss,28,3.1,800794,741495,2.779430389404297,0.053035736083984375,0.9921717976756284,0.9986921848517962,0.9979662448450058,0.9563416274614526,0.9604692073960437,0.962777164100154,0.6725776217177002,0.6623833792585829,0.6724813934558195,0.957438416018089,0.96246724281468,0.9418950253957775,3.2248174562333536,1.9021848362767952,2.0293202818010285,0.6253357318944907,0.34381015204778564,1.00030511342024,4.333471835240863,2.35324726886187,1.5393571524734793,3.4505327248166013,2.1760361648921847,0.6510721515584544,0.957035221156629,0.9558852261570102,0.9557910079475649,0.7387054943928438,0.7024610955683713,0.6605030376037572,0.967356281270308,0.9544485770270673,0.9883622791842207,0.9386233091543171,0.8112279920168386,0.9677922041043929,0.9556580897638244,0.8703706814191556,0.09068307816998025,0.01765581563678561
queen_LocalLoss_2.ply,queen.ply,LocalLoss,28,2.67857142857143,800794,666144,2.810309886932373,0.0543975830078125,0.9779950120056601,0.9980395529163643,0.997397392776971,0.9191414924547666,0.935895039728462,0.9417392451694431,0.724912191029944,0.7114918867788113,0.7217378641836982,0.9232690808207256,0.9396999671087154,0.8939925524629272,8.67315518157267,4.627921577587351,4.877604378907749,3.0460783153078546,0.34381015204778564,1.00030511342024,9.673167856330952,5.170357301164406,3.8542924658555755,9.07948777530792,5.055059278959963,3.255069013306279,0.9087601506936485,0.907478667652862,0.8969030913965239,0.7920314491735855,0.7583603886476206,0.7103274856908712,0.9233493706541855,0.8955724981362132,0.9718132894837539,0.8796002719720163,0.7409186068421942,0.9317652834029904,0.907580036430941,0.813100365319071,0.14295710541588008,0.05554653527827297
queen_LocalLoss_3.ply,queen.ply,LocalLoss,28,1.60714285714286,800794,552328,2.863405466079712,0.04813385009765625,0.9649503622397012,0.99706408996114,0.9961561899171673,0.8389914973155552,0.8597472744153504,0.8741895383455192,0.7734081265631482,0.7555686844818971,0.7658999007292492,0.8449362986551125,0.8674936130629649,0.799774427781588,16.214663872647492,8.756616546711943,9.16881406325727,5.7621341439700275,0.34381015204778564,1.00030511342024,17.03297581644531,9.413148553437532,6.403623903304913,16.862902948332316,9.429624174481443,6.081228187023352,0.8392149806663165,0.837184277182095,0.8070859552938299,0.8314316638449986,0.8040532443363028,0.7597520126007852,0.8547493245109734,0.8085432721352891,0.932798490459935,0.7884313964443355,0.6397780228842607,0.8614722767822626,0.8258400229524128,0.7364599602021656,0.2238266743819327,0.10734323184253707
queen_LocalLoss_4.ply,queen.ply,LocalLoss,28,1.67857142857143,800794,505480,2.843487501144409,0.04413604736328125,0.9576159358551491,0.996325964362865,0.995326630867372,0.8052037689057169,0.8299103408814983,0.8440986923405565,0.7949181005962518,0.7741863728206594,0.7840578318975993,0.8115693685227394,0.83641065641305,0.759702135139697,24.182718829105518,12.976137830139297,13.706718822623621,8.670217349095017,0.34381015204778564,1.00030511342024,24.93239328815048,13.931148707069573,9.259591057132743,24.94180657296419,13.960269919265635,9.145095898489464,0.8104248992625206,0.808280702111756,0.7550079532810076,0.8427962332114386,0.8186428259921421,0.777064967465636,0.8193089075635658,0.7745950829162588,0.9118130630945548,0.7516812213259133,0.6030711799314018,0.8297769493377707,0.7887642637172148,0.706000476578474,0.25458687896953996,0.1320245828300694
queen_LocalLoss_5.ply,queen.ply,LocalLoss,28,1.32142857142857,800794,333850,3.0122480392456055,0.016170501708984375,0.9338631980779272,0.9944311102737052,0.9917165059340198,0.7087648402174749,0.7446911255329568,0.7614362097952074,0.8653576256589964,0.8387637729975211,0.8534338491050746,0.7214848831199627,0.757563094663976,0.6421512756589539,43.48250483457926,23.305220764391063,23.91040348149935,16.161192815874287,0.34381015204778564,1.00030511342024,43.987826957806185,24.068598204355656,16.529280546497706,44.591041350942795,24.386578160343667,16.873497294168676,0.7066074174832986,0.702038707284452,0.6120061909280301,0.9024243217643078,0.8866151626861313,0.8509887586212768,0.7134764408874801,0.6467687888965178,0.8566141959076295,0.6182174335293052,0.45412553924241134,0.7324719544507531,0.6678100486822418,0.586888733723278,0.36839880133432046,0.22986172409685188
queen_SaturationDistortion_1.ply,queen.ply,SaturationDistortion,29,4.4375,800794,800794,2.7345056533813477,0.09931182861328125,0.9936450775139053,0.9895918676099357,0.9866029140339538,0.9683600541600801,0.7680667585779953,0.733496743029259,0.01666016380905553,0.1812603753081142,0.18039947432363593,0.9531431992306876,0.8230428065836561,0.926957904439358,0.0,0.0,0.0,0.0,0.34381015204778564,1.00030511342024,1.1955737025932083,0.34381015204778564,1.00030511342024,8.784362888652708e-14,4.3364818560694685e-14,4.516546688015999e-14,1.0,1.0,1.0,9.062311334992726e-17,9.475805376772655e-17,6.80559513137216e-17,1.0,1.0,1.0,1.0,1.0,1.0,1.0,0.999457053445297,6.49144768825267e-20,0.0005429335115268892
queen_SaturationDistortion_2.ply,queen.ply,SaturationDistortion,29,3.67857142857143,800794,800794,2.739445209503174,0.073394775390625,0.9873184999768003,0.9790427355248555,0.9735303480616249,0.9482572827173112,0.5147314485633235,0.5179015926379529,0.02745015377356188,0.2431384606762586,0.21724093025470265,0.9168165231355989,0.6306980799375338,0.8952327469003105,0.0,0.0,0.0,0.0,0.34381015204778564,1.00030511342024,1.1955737025932083,0.34381015204778564,1.00030511342024,8.784362888652708e-14,4.3364818560694685e-14,4.516546688015999e-14,1.0,1.0,1.0,9.062311334992726e-17,9.475805376772655e-17,6.80559513137216e-17,1.0,1.0,1.0,1.0,1.0,1.0,1.0,0.999457053445297,6.49144768825267e-20,0.0005429335115268892
queen_SaturationDistortion_3.ply,queen.ply,SaturationDistortion,29,2.90625,800794,800794,2.759814739227295,0.0650482177734375,0.9825135222070789,0.9684291082579672,0.9611697374629395,0.9309873914367262,0.308043253462846,0.34497130806107135,0.04333122683284969,0.3578837747933035,0.3343900820236462,0.8936898865293903,0.40952998037187666,0.8695128963296785,0.0,0.0,0.0,0.0,0.34381015204778564,1.00030511342024,1.1955737025932083,0.34381015204778564,1.00030511342024,8.784362888652708e-14,4.3364818560694685e-14,4.516546688015999e-14,1.0,1.0,1.0,9.062311334992726e-17,9.475805376772655e-17,6.80559513137216e-17,1.0,1.0,1.0,1.0,1.0,1.0,1.0,0.999457053445297,6.49144768825267e-20,0.0005429335115268892
queen_SaturationDistortion_4.ply,queen.ply,SaturationDistortion,29,2.53571428571429,800794,800794,2.7132139205932617,0.060802459716796875,0.9751682062742383,0.957497625588791,0.9491604305992593,0.9166870699672153,0.028483127297026515,0.0173738723688608,0.05847229602550029,0.0,0.0,0.8695362866802655,0.03378717006348146,0.8483528452529119,0.0,0.0,0.0,0.0,0.34381015204778564,1.00030511342024,1.1955737025932083,0.34381015204778564,1.00030511342024,8.784362888652708e-14,4.3364818560694685e-14,4.516546688015999e-14,1.0,1.0,1.0,9.062311334992726e-17,9.475805376772655e-17,6.80559513137216e-17,1.0,1.0,1.0,1.0,1.0,1.0,1.0,0.999457053445297,6.49144768825267e-20,0.0005429335115268892
queen_SaturationDistortion_5.ply,queen.ply,SaturationDistortion,29,2.5,800794,800794,2.7521824836730957,0.060596466064453125,0.9706038372053339,0.946328107195916,0.9373259843015673,0.9027175034487557,0.29675143605878873,0.3200419473463433,0.08195838490795185,1.3631490760899247,1.4610772984343052,0.8812242249130413,0.40946336068857264,0.8359840045254968,0.0,0.0,0.0,0.0,0.34381015204778564,1.00030511342024,1.1955737025932083,0.34381015204778564,1.00030511342024,8.784362888652708e-14,4.3364818560694685e-14,4.516546688015999e-14,1.0,1.0,1.0,9.062311334992726e-17,9.475805376772655e-17,6.80559513137216e-17,1.0,1.0,1.0,1.0,1.0,1.0,1.0,0.999457053445297,6.49144768825267e-20,0.0005429335115268892
RattleSnake_lossless-geom-nearlossless-attrs_3.ply,RattleSnake.ply,lossless-geom-nearlossless-attrs,9,4.75,802417,802417,2.6757471561431885,0.07038497924804688,0.9982004751709581,0.999047839420707,0.9991227623842099,0.9810899601142541,0.9104949366594277,0.8775124495751541,0.0085067511103055,0.13770909882678678,0.1917808823362093,0.9833379043062788,0.9356121747084155,0.9789897439631803,0.0,0.0,0.0,0.0,0.40323743936077694,0.35705653328156733,0.7458380961734921,0.40323743936077694,0.35705653328156733,7.334501727573646e-14,3.699459202486437e-14,3.581109592761121e-14,1.0,1.0,1.0,8.180885565674823e-17,8.063127895436388e-17,7.527509669887969e-17,1.0,1.0,1.0,1.0,1.0,1.0,1.0,0.9998735753694448,3.742535056885746e-20,0.00012641159615705603
RattleSnake_lossless-geom-nearlossless-attrs_4.ply,RattleSnake.ply,lossless-geom-nearlossless-attrs,9,4.78571428571429,802417,802417,2.684997320175171,0.047149658203125,0.99530548702662,0.9980193840465567,0.9981595822812273,0.9658827800874544,0.8019993785741459,0.7345859877797016,0.029250679492103488,0.2729913808111151,0.36394352981367645,0.9741344728704207,0.8482972446073137,0.9658816424220541,0.0,0.0,0.0,0.0,0.40323743936077694,0.35705653328156733,0.7458380961734921,0.40323743936077694,0.35705653328156733,7.334501727573646e-14,3.699459202486437e-14,3.581109592761121e-14,1.0,1.0,1.0,8.180885565674823e-17,8.063127895436388e-17,7.527509669887969e-17,1.0,1.0,1.0,1.0,1.0,1.0,1.0,0.9998735753694448,3.742535056885746e-20,0.00012641159615705603
RattleSnake_lossless-geom-nearlossless-attrs_5.ply,RattleSnake.ply,lossless-geom-nearlossless-attrs,9,4.7,802417,802417,2.640866756439209,0.016510009765625,0.9857396805626621,0.9945089045383018,0.9950218655168066,0.9060264124454758,0.6499750582941527,0.5566765101114679,0.10231534359277303,0.4804560099701914,0.5952140281320301,0.9319007081487064,0.737192652826057,0.9119331945917674,0.0,0.0,0.0,0.0,0.40323743936077694,0.35705653328156733,0.7458380961734921,0.40323743936077694,0.35705653328156733,7.334501727573646e-14,3.699459202486437e-14,3.581109592761121e-14,1.0,1.0,1.0,8.180885565674823e-17,8.063127895436388e-17,7.527509669887969e-17,1.0,1.0,1.0,1.0,1.0,1.0,1.0,0.9998735753694448,3.742535056885746e-20,0.00012641159615705603
RattleSnake_lossless-geom-nearlossless-attrs_6.ply,RattleSnake.ply,lossless-geom-nearlossless-attrs,9,3.10714285714286,802417,802417,2.6770663261413574,0.070526123046875,0.9597830146605028,0.9858479757765439,0.9869422382012683,0.7420551451290403,0.510054621209323,0.3860619959529242,0.27039939267474655,0.6843623899664611,0.7716305971367686,0.8118149923114241,0.6306063852072925,0.7682685497852492,0.0,0.0,0.0,0.0,0.40323743936077694,0.35705653328156733,0.7458380961734921,0.40323743936077694,0.35705653328156733,7.334501727573646e-14,3.699459202486437e-14,3.581109592761121e-14,1.0,1.0,1.0,8.180885565674823e-17,8.063127895436388e-17,7.527509669887969e-17,1.0,1.0,1.0,1.0,1.0,1.0,1.0,0.9998735753694448,3.742535056885746e-20,0.00012641159615705603
RattleSnake_lossless-geom-nearlossless-attrs_7.ply,RattleSnake.ply,lossless-geom-nearlossless-attrs,9,2.28571428571429,802417,802417,2.7091124057769775,0.0686187744140625,0.9026757770214581,0.9672767532736768,0.9754205381588346,0.46427541979392567,0.39011764077715644,0.3336885366124652,0.5849262609643763,0.8343567249717523,0.8590161500785618,0.5624290903950554,0.5133381025447982,0.5050671923462813,0.0,0.0,0.0,0.0,0.40323743936077694,0.35705653328156733,0.7458380961734921,0.40323743936077694,0.35705653328156733,7.334501727573646e-14,3.699459202486437e-14,3.581109592761121e-14,1.0,1.0,1.0,8.180885565674823e-17,8.063127895436388e-17,7.527509669887969e-17,1.0,1.0,1.0,1.0,1.0,1.0,1.0,0.9998735753694448,3.742535056885746e-20,0.00012641159615705603
redandblack_ColorQuantizationDither_3.ply,redandblack.ply,ColorQuantizationDither,24,3.82142857142857,757691,757691,2.756551742553711,0.0535888671875,0.9806437989114714,0.9909070044769859,0.9925867078738776,0.5378025188440595,0.47671235313171406,0.4628979617903333,0.39400541097059755,0.6723511944875364,0.4518639368146939,0.5701090573946913,0.5226416451908661,0.4948410353476688,0.0,0.0,0.0,0.0,0.3062598442244995,0.9363007921218138,1.1063489183276998,0.3062598442244995,0.9363007921218138,8.117249781818854e-14,4.060485734746759e-14,4.038084484382196e-14,1.0,1.0,1.0,8.788755013170329e-17,9.402029154998001e-17,7.06421378293669e-17,1.0,1.0,1.0,1.0,1.0,1.0,1.0,0.9998236123439899,2.4476895467726895e-20,0.0001763746196922014
redandblack_ColorQuantizationDither_4.ply,redandblack.ply,ColorQuantizationDither,24,3.67857142857143,757691,757691,2.6101906299591064,0.0537567138671875,0.9739889775517309,0.9900537609938058,0.9913090508644912,0.42958063952393316,0.39706486056991663,0.45538233936168265,0.37420854650816143,0.6214587212087943,0.44391099932894584,0.48759783608052126,0.4684482086888676,0.43328697955924667,0.0,0.0,0.0,0.0,0.3062598442244995,0.9363007921218138,1.1063489183276998,0.3062598442244995,0.9363007921218138,8.117249781818854e-14,4.060485734746759e-14,4.038084484382196e-14,1.0,1.0,1.0,8.788755013170329e-17,9.402029154998001e-17,7.06421378293669e-17,1.0,1.0,1.0,1.0,1.0,1.0,1.0,0.9998236123439899,2.4476895467726895e-20,0.0001763746196922014
redandblack_ColorQuantizationDither_5.ply,redandblack.ply,ColorQuantizationDither,24,3.64285714285714,757691,757691,2.6302554607391357,0.05655670166015625,0.9661917675448557,0.9896254408020415,0.989239960770719,0.3099925259825171,0.3248139310966532,0.3589242004821591,0.3816592440890375,0.5952089611983422,0.308492340170965,0.42441513475699527,0.32122794781778286,0.37946650099081125,0.0,0.0,0.0,0.0,0.3062598442244995,0.9363007921218138,1.1063489183276998,0.3062598442244995,0.9363007921218138,8.117249781818854e-14,4.060485734746759e-14,4.038084484382196e-14,1.0,1.0,1.0,8.788755013170329e-17,9.402029154998001e-17,7.06421378293669e-17,1.0,1.0,1.0,1.0,1.0,1.0,1.0,0.9998236123439899,2.4476895467726895e-20,0.0001763746196922014
redandblack_ColorQuantizationDither_6.ply,redandblack.ply,ColorQuantizationDither,24,3.25,757691,757691,2.610481023788452,0.05159759521484375,0.9420001428801414,0.9887728446126908,0.9841987813717301,0.18859793768581418,0.2337320748866803,0.31319292541666877,0.5285241853237612,0.5376749803943149,0.36386384117117415,0.3245920353511113,0.29580751453064813,0.2910442792935511,0.0,0.0,0.0,0.0,0.3062598442244995,0.9363007921218138,1.1063489183276998,0.3062598442244995,0.9363007921218138,8.117249781818854e-14,4.060485734746759e-14,4.038084484382196e-14,1.0,1.0,1.0,8.788755013170329e-17,9.402029154998001e-17,7.06421378293669e-17,1.0,1.0,1.0,1.0,1.0,1.0,1.0,0.9998236123439899,2.4476895467726895e-20,0.0001763746196922014
redandblack_ColorQuantizationDither_7.ply,redandblack.ply,ColorQuantizationDither,24,2.23333333333333,757691,757691,2.613637924194336,0.04965972900390625,0.9146323495341253,0.9874912867512573,0.9500897786814366,0.15355883993271838,0.16359322014542357,0.1187995828459203,0.2977397651633777,0.4276712791351035,0.5430968241077209,0.169045142992207,0.17061471418022436,0.14741115809039368,0.0,0.0,0.0,0.0,0.3062598442244995,0.9363007921218138,1.1063489183276998,0.3062598442244995,0.9363007921218138,8.117249781818854e-14,4.060485734746759e-14,4.038084484382196e-14,1.0,1.0,1.0,8.788755013170329e-17,9.402029154998001e-17,7.06421378293669e-17,1.0,1.0,1.0,1.0,1.0,1.0,1.0,0.9998236123439899,2.4476895467726895e-20,0.0001763746196922014
redandblack_LocalLoss_1.ply,redandblack.ply,LocalLoss,28,4.56666666666667,757691,735308,2.588972568511963,0.046169281005859375,0.9974989199073255,0.9997511009599043,0.9983121540703861,0.9830406477959244,0.985923937465939,0.9794285748281842,0.5252852447937718,0.5397579637363628,0.5248636138552156,0.9817177660051465,0.9847424930024773,0.9726109767798801,1.0794563960399444,0.5781796991161334,0.602565565652751,0.37269238168884533,0.3062598442244995,0.9363007921218138,2.1572683744009544,0.9017754247651427,1.2785568255449467,1.186079103463109,0.6641164653599368,0.3888765897904248,0.9820647324911579,0.9815985697130922,0.9747180259764909,0.47018011461611636,0.5451513365178302,0.5235705000369486,0.9831252129677185,0.9826996018245489,0.9916131172357765,0.9704799064836859,0.8717962872637767,0.9792281695089825,0.9744340569418234,0.9116661096107477,0.062494200642095626,0.009403349134894668
redandblack_LocalLoss_2.ply,redandblack.ply,LocalLoss,28,2.96666666666667,757691,680212,2.6485681533813477,0.049068450927734375,0.9875390273393747,0.9982051434976724,0.9950307122946744,0.9401191885893881,0.9481141340297312,0.9357609908442595,0.5830991002211218,0.5951505285833534,0.5799870767879889,0.9400508033447181,0.9437814058508259,0.919402392193924,8.735667176744808,4.879962454329522,4.815658187503954,2.7926855444228686,0.3062598442244995,0.9363007921218138,9.74760857510679,5.096658895582736,3.6407151297723273,8.90683030800671,4.897764929748203,2.874092251235591,0.9472652580978442,0.9466025179043364,0.9135331525228991,0.5335506149114866,0.6035865453426476,0.5732536059536759,0.9416870328211253,0.9407327129235648,0.9609660447195228,0.9192121764049521,0.8120793398855086,0.9302094322197458,0.920354493537209,0.8645572081261379,0.10758596910997556,0.05144247854405327
redandblack_LocalLoss_3.ply,redandblack.ply,LocalLoss,28,3.60714285714286,757691,604180,2.758470296859741,0.04431915283203125,0.9827214103292462,0.9976357849947385,0.9901414282897819,0.8945055552232153,0.913521820911746,0.8822239130961672,0.640395775560099,0.6511857631228005,0.6413221021141449,0.8918544139204122,0.9006402593483502,0.8623724327969733,14.309509379040405,8.135327109309744,8.007615381293968,4.580587202346776,0.3062598442244995,0.9363007921218138,15.212356925631832,8.260169681776691,5.322545299993365,14.682954227939842,8.20206789342647,4.85330809623335,0.8989489712723996,0.898557558087089,0.844638307477669,0.6013001464854336,0.6639556485017769,0.6286975155445189,0.8914601284620571,0.8849002888720818,0.9329989287168631,0.8546213288083891,0.733888355269275,0.8783356909844927,0.8599217145145065,0.8131408766827284,0.16918640248211067,0.07890272410494875
redandblack_LocalLoss_4.ply,redandblack.ply,LocalLoss,28,3.0,757691,548044,2.757617473602295,0.040119171142578125,0.9735573868376642,0.9965238792247295,0.9875644437206315,0.859613785544353,0.8858397035102957,0.8458776590982741,0.6740815447765968,0.6832625915169565,0.6749780552644856,0.8613124314009023,0.874375746492596,0.8229530284533341,21.63163637539138,12.053841168014536,12.08674753180194,7.732442892665115,0.3062598442244995,0.9363007921218138,22.450826536565486,12.317157197426909,8.396006706322831,22.91808916041088,12.745037019245535,8.331608009260256,0.8598977502036216,0.8588536848004631,0.7780131364277832,0.6394309426459679,0.6946963194957505,0.6606959108537929,0.8434674066983547,0.8382768427026019,0.8984972551995408,0.8036798528282855,0.6820969664062564,0.8294290632452129,0.8052876819159096,0.7702223900098917,0.21022531427785765,0.12986502691296856
redandblack_LocalLoss_5.ply,redandblack.ply,LocalLoss,28,2.0,757691,425785,2.687166452407837,0.026027679443359375,0.9557730520637643,0.9942432371622246,0.9821054974985113,0.7799681421635994,0.8240975864371516,0.7653857702669317,0.7522412407324929,0.7590496546494654,0.753795730707603,0.7844782528701626,0.8055031562318167,0.7243591542984706,31.20577318075144,17.654666119834506,17.414526821450007,10.250734019153542,0.3062598442244995,0.9363007921218138,31.84930159917751,17.602418752921857,10.741537792281811,32.677902664747315,18.2219902305398,10.963924631560248,0.7759724263160666,0.7736530017151516,0.6595713773031425,0.7299738856309753,0.7710731778080133,0.7357135523866665,0.7529980398547543,0.7346872313798648,0.8469506273282752,0.6943286989748357,0.5545463573977576,0.7440675264277529,0.7055764755972519,0.6741934063539727,0.30730348197406165,0.2013889663753426
redandblack_SaturationDistortion_1.ply,redandblack.ply,SaturationDistortion,29,4.2,757691,757691,2.615678071975708,0.047088623046875,0.9739888769920776,0.9919962422330462,0.981831612371281,0.9097544379668426,0.7519785193124057,0.7394577415535267,0.03172523234883776,0.1335205006538815,0.12366929176619824,0.9011073945566255,0.8404983916443018,0.8367406269644709,0.0,0.0,0.0,0.0,0.3062598442244995,0.9363007921218138,1.1063489183276998,0.3062598442244995,0.9363007921218138,8.117249781818854e-14,4.060485734746759e-14,4.038084484382196e-14,1.0,1.0,1.0,8.788755013170329e-17,9.402029154998001e-17,7.06421378293669e-17,1.0,1.0,1.0,1.0,1.0,1.0,1.0,0.9998236123439899,2.4476895467726895e-20,0.0001763746196922014
redandblack_SaturationDistortion_2.ply,redandblack.ply,SaturationDistortion,29,3.53571428571429,757691,757691,2.613229990005493,0.04984283447265625,0.9514284799840583,0.9842382598267522,0.9627400923447877,0.84047930187485,0.4822161720480543,0.47004831905897304,0.06281899676521284,0.17410507528626817,0.13847761883080256,0.8235185641041941,0.6394596004159674,0.7459925011893427,0.0,0.0,0.0,0.0,0.3062598442244995,0.9363007921218138,1.1063489183276998,0.3062598442244995,0.9363007921218138,8.117249781818854e-14,4.060485734746759e-14,4.038084484382196e-14,1.0,1.0,1.0,8.788755013170329e-17,9.402029154998001e-17,7.06421378293669e-17,1.0,1.0,1.0,1.0,1.0,1.0,1.0,0.9998236123439899,2.4476895467726895e-20,0.0001763746196922014
redandblack_SaturationDistortion_3.ply,redandblack.ply,SaturationDistortion,29,2.9,757691,757691,2.624115228652954,0.047149658203125,0.9321502404191083,0.9767107686001292,0.9425311122052958,0.7843241573458036,0.2555239554995849,0.24085734713225382,0.09270930786438551,0.31811651899990806,0.23689520852454243,0.7858905828755924,0.39480778782399883,0.715531106750704,0.0,0.0,0.0,0.0,0.3062598442244995,0.9363007921218138,1.1063489183276998,0.3062598442244995,0.9363007921218138,8.117249781818854e-14,4.060485734746759e-14,4.038084484382196e-14,1.0,1.0,1.0,8.788755013170329e-17,9.402029154998001e-17,7.06421378293669e-17,1.0,1.0,1.0,1.0,1.0,1.0,1.0,0.9998236123439899,2.4476895467726895e-20,0.0001763746196922014
redandblack_SaturationDistortion_4.ply,redandblack.ply,SaturationDistortion,29,2.57142857142857,757691,757691,2.670199394226074,0.043521881103515625,0.9133669879987919,0.9694455369946932,0.9213275708919751,0.7357562127770872,0.0013669033026148729,0.0018519335067684992,0.12665024778018158,0.0,0.0,0.7811866679419893,0.0025574319855372974,0.7168461597821197,0.0,0.0,0.0,0.0,0.3062598442244995,0.9363007921218138,1.1063489183276998,0.3062598442244995,0.9363007921218138,8.117249781818854e-14,4.060485734746759e-14,4.038084484382196e-14,1.0,1.0,1.0,8.788755013170329e-17,9.402029154998001e-17,7.06421378293669e-17,1.0,1.0,1.0,1.0,1.0,1.0,1.0,0.9998236123439899,2.4476895467726895e-20,0.0001763746196922014
redandblack_SaturationDistortion_5.ply,redandblack.ply,SaturationDistortion,29,2.7,757691,757691,2.5864908695220947,0.04468536376953125,0.8976032501538251,0.9623767268836841,0.8981459043011073,0.6950115699857194,0.24358450428511913,0.22693814059196737,0.1626965568886551,1.5550939333415275,1.6094156610402943,0.8287353995658803,0.40178408082893735,0.7391864137090294,0.0,0.0,0.0,0.0,0.3062598442244995,0.9363007921218138,1.1063489183276998,0.3062598442244995,0.9363007921218138,8.117249781818854e-14,4.060485734746759e-14,4.038084484382196e-14,1.0,1.0,1.0,8.788755013170329e-17,9.402029154998001e-17,7.06421378293669e-17,1.0,1.0,1.0,1.0,1.0,1.0,1.0,0.9998236123439899,2.4476895467726895e-20,0.0001763746196922014
RedHorse_LocalRotation_1.ply,RedHorse.ply,LocalRotation,14,3.06666666666667,800000,800000,2.6112232208251953,0.057491302490234375,0.9928118105357467,0.9977252655295211,0.9975401153510857,0.9572948942349915,0.9572219304420407,0.9521662152340434,0.31296599178528195,0.3144715938114616,0.31388514163529413,0.9586567970043791,0.9579145916752734,0.9532082857995565,4.086748220227046,2.448936097466228,2.5132913739456324,0.9067578295456916,0.5558299112774061,0.6532347360709252,5.167327607299233,3.030112586280127,1.5039344925767195,4.318667680976554,2.6610691027395332,0.9463464945938754,0.9640962685002731,0.9625565517413742,0.9301895398007061,0.342896823712187,0.34098485624615676,0.27152730276017384,0.9530295095118654,0.957725180215087,0.980361957115962,0.9508145298967382,0.9175223920128083,0.9400007810615104,0.9358668660284257,0.9391594536249047,0.050085405868212536,0.022440117850135097
RedHorse_LocalRotation_2.ply,RedHorse.ply,LocalRotation,14,2.64285714285714,800000,800000,2.703519821166992,0.08805465698242188,0.9784580708773504,0.9936155447109255,0.9919857823767699,0.8915250825460882,0.893657954964011,0.881540931148964,0.40935322881266795,0.41064010127620776,0.40970278668775734,0.8952471471069335,0.894807835327857,0.8810376257650517,10.142214242710352,5.707664551077042,5.787679215097141,3.3118775355896948,0.5558299112774061,0.6532347360709252,11.104997193551641,6.249338878034192,3.8310988014187237,10.606037972412262,6.043779916396991,3.48054215740377,0.9172979110631145,0.9139759285369189,0.8263922765337193,0.43635505011526593,0.43391806953818257,0.36530330677424205,0.8844765572968909,0.9019905851560058,0.9404141236157115,0.8817577723107446,0.8285236007919633,0.8469880403517404,0.8383213481119055,0.8685235542738144,0.12237718752538088,0.0649039064017016
RedHorse_LocalRotation_3.ply,RedHorse.ply,LocalRotation,14,2.21428571428571,800000,800000,2.715277671813965,0.14883041381835938,0.9665146496432716,0.9888676543270523,0.9863915218074557,0.8507660061426113,0.8598582562063449,0.842128213504045,0.46063677885463455,0.4616343545296844,0.46105542533054905,0.8567546289787333,0.8600076557461882,0.8386262440781712,17.045830611601957,9.541362252299692,9.546605693165326,6.110900058948957,0.5558299112774061,0.6532347360709252,17.925027417900427,9.972703426043745,6.573063136582794,17.665139786150483,9.876023931685605,6.364937997761279,0.8880311972484564,0.8824439433796648,0.7681881393229482,0.48766688988625934,0.484924405900309,0.4171969218160329,0.8423298057366716,0.8672424220112775,0.9113725442386253,0.8354570557954469,0.7773048446213281,0.7958041405017843,0.7839596870018252,0.825594212948147,0.16385405429239738,0.10627438601197846
RedHorse_LocalRotation_4.ply,RedHorse.ply,LocalRotation,14,1.26666666666667,800000,800000,2.827359437942505,0.11595916748046875,0.9452873735772531,0.9845474329070993,0.9802404120934117,0.7674479427549158,0.7781621010332145,0.7527079061201996,0.5739380814487551,0.5746289166932753,0.5751393436774179,0.775379457451382,0.7796178378741717,0.747002628911293,28.89429154543266,16.24005157672358,16.303831494631016,10.22452090672933,0.5558299112774061,0.6532347360709252,29.601361041796974,16.650279607996143,10.57495246869827,29.893610003730434,16.837804849450634,10.608980218181877,0.8191184851190956,0.8080406517527928,0.6362890086231844,0.5983728021266818,0.5946669303422295,0.5303828804197619,0.7459283235496161,0.783599638871536,0.8602972848676714,0.738945468175578,0.6587350861479842,0.6809257794550516,0.6622884912737451,0.7336449864336244,0.2579288976475744,0.1650967401522497
RedHorse_LocalRotation_5.ply,RedHorse.ply,LocalRotation,14,1.0,800000,800000,2.860203504562378,0.09557342529296875,0.9338476356131031,0.981976891910722,0.9768701547515832,0.7297654623236793,0.7377543031794404,0.7082630176963824,0.6210261486627281,0.622481950563605,0.6221559022585509,0.7392888508783175,0.741387905474874,0.7074292830502464,37.53956050382614,21.39137735315415,20.974110620617306,13.1024073129952,0.5558299112774061,0.6532347360709252,38.15641873466181,21.278277608998746,13.39667278582932,38.78584303587974,21.665216332296097,13.722307107506023,0.7879058592141751,0.7749804680725527,0.5684302908780186,0.6419435548376555,0.6402763234980591,0.5786433166492377,0.6922074705618073,0.7458336143869024,0.8158934925358878,0.6878791067516903,0.6084834028503641,0.6161256858176773,0.5966830390586072,0.6878043751901145,0.2994852825438956,0.21944388658090402
Rock1_ContrastDistortion_1.ply,Rock1.ply,ContrastDistortion,21,3.60714285714286,839112,839112,2.8004045486450195,0.09217071533203125,0.7893242063657093,0.9606202815721673,0.9762403436161324,0.6865750610181094,0.3782405318870309,0.31624953106063863,0.06237298438343662,0.34157684931109006,0.4495606225737331,0.6807657265544435,0.4533256186042674,0.6479093153348184,0.0,0.0,0.0,0.0,0.2723496576025065,0.3580767766860283,0.5886807106171671,0.2723496576025065,0.3580767766860283,8.031383269396334e-14,4.0235872375814754e-14,3.885587480679087e-14,1.0,1.0,1.0,7.819723452875309e-17,7.786310176583242e-17,8.96465396250814e-17,1.0,1.0,1.0,1.0,1.0,1.0,1.0,0.9996457957072897,5.243083941559181e-20,0.0003541912632821563
Rock1_ContrastDistortion_2.ply,Rock1.ply,ContrastDistortion,21,2.5,839112,839112,2.700005292892456,0.07360076904296875,0.7019546086110812,0.948427234903733,0.957674173535409,0.45776753248047203,0.23232577698030227,0.3387069642722011,0.2996930697044767,0.7349877345947629,0.7695281067341114,0.5831259001813551,0.43599292929772065,0.539041008364052,0.0,0.0,0.0,0.0,0.2723496576025065,0.3580767766860283,0.5886807106171671,0.2723496576025065,0.3580767766860283,8.031383269396334e-14,4.0235872375814754e-14,3.885587480679087e-14,1.0,1.0,1.0,7.819723452875309e-17,7.786310176583242e-17,8.96465396250814e-17,1.0,1.0,1.0,1.0,1.0,1.0,1.0,0.9996457957072897,5.243083941559181e-20,0.0003541912632821563
Rock1_ContrastDistortion_3.ply,Rock1.ply,ContrastDistortion,21,1.78571428571429,839112,839112,2.7544689178466797,0.06339263916015625,0.6791458391719227,0.9385257601022078,0.9481957661811973,0.25669358532679537,0.267425888654566,0.2802845052049399,0.41820994017700036,0.7960176164621047,0.7808672951878011,0.4202273354877009,0.350067755979037,0.37894399927838296,0.0,0.0,0.0,0.0,0.2723496576025065,0.3580767766860283,0.5886807106171671,0.2723496576025065,0.3580767766860283,8.031383269396334e-14,4.0235872375814754e-14,3.885587480679087e-14,1.0,1.0,1.0,7.819723452875309e-17,7.786310176583242e-17,8.96465396250814e-17,1.0,1.0,1.0,1.0,1.0,1.0,1.0,0.9996457957072897,5.243083941559181e-20,0.0003541912632821563
Rock1_ContrastDistortion_4.ply,Rock1.ply,ContrastDistortion,21,1.66666666666667,839112,839112,2.6679015159606934,0.06145477294921875,0.672068513188201,0.9324418421796432,0.9446595755948783,0.15587134913624479,0.2528529154255095,0.19239093595834564,0.4022575182844627,0.7082065504849808,0.6610727108390693,0.29005150934773605,0.24682702250172275,0.25636663248435554,0.0,0.0,0.0,0.0,0.2723496576025065,0.3580767766860283,0.5886807106171671,0.2723496576025065,0.3580767766860283,8.031383269396334e-14,4.0235872375814754e-14,3.885587480679087e-14,1.0,1.0,1.0,7.819723452875309e-17,7.786310176583242e-17,8.96465396250814e-17,1.0,1.0,1.0,1.0,1.0,1.0,1.0,0.9996457957072897,5.243083941559181e-20,0.0003541912632821563
Rock1_ContrastDistortion_5.ply,Rock1.ply,ContrastDistortion,21,1.21428571428571,839112,839112,2.6786882877349854,0.057483673095703125,0.6694033061734487,0.9295600122808206,0.9431104861437325,0.10759547201289224,0.20960208986748613,0.13648263654389634,0.344196531143702,0.5821104638483549,0.5376359723996603,0.21504512757112834,0.18005415691901236,0.18932814763766784,0.0,0.0,0.0,0.0,0.2723496576025065,0.3580767766860283,0.5886807106171671,0.2723496576025065,0.3580767766860283,8.031383269396334e-14,4.0235872375814754e-14,3.885587480679087e-14,1.0,1.0,1.0,7.819723452875309e-17,7.786310176583242e-17,8.96465396250814e-17,1.0,1.0,1.0,1.0,1.0,1.0,1.0,0.9996457957072897,5.243083941559181e-20,0.0003541912632821563
Rock1_lossless-geom-lossy-attrs_3.ply,Rock1.ply,lossless-geom-lossy-attrs,7,4.56666666666667,839112,839112,2.7753641605377197,0.13072586059570312,0.996228296554892,0.9966707252659583,0.9975144138012502,0.9203490090879719,0.5579557060669522,0.48680253261627515,0.07402436414779558,0.4886517165193541,0.5730472692895077,0.9041879476850452,0.619661252638376,0.8981201289316098,0.0,0.0,0.0,0.0,0.2723496576025065,0.3580767766860283,0.5886807106171671,0.2723496576025065,0.3580767766860283,8.031383269396334e-14,4.0235872375814754e-14,3.885587480679087e-14,1.0,1.0,1.0,7.819723452875309e-17,7.786310176583242e-17,8.96465396250814e-17,1.0,1.0,1.0,1.0,1.0,1.0,1.0,0.9996457957072897,5.243083941559181e-20,0.0003541912632821563
Rock1_lossless-geom-lossy-attrs_4.ply,Rock1.ply,lossless-geom-lossy-attrs,7,4.5,839112,839112,2.671367645263672,0.13071823120117188,0.9942924204679165,0.9951863477256233,0.9964833410048523,0.8734618988353381,0.3970688592622558,0.3030612790792105,0.15378808048913514,0.6516720540318587,0.7334861979682459,0.8534941156459959,0.43746049027257855,0.8422389631268039,0.0,0.0,0.0,0.0,0.2723496576025065,0.3580767766860283,0.5886807106171671,0.2723496576025065,0.3580767766860283,8.031383269396334e-14,4.0235872375814754e-14,3.885587480679087e-14,1.0,1.0,1.0,7.819723452875309e-17,7.786310176583242e-17,8.96465396250814e-17,1.0,1.0,1.0,1.0,1.0,1.0,1.0,0.9996457957072897,5.243083941559181e-20,0.0003541912632821563
Rock1_lossless-geom-lossy-attrs_5.ply,Rock1.ply,lossless-geom-lossy-attrs,7,3.89285714285714,839112,839112,2.6937921047210693,0.11194229125976562,0.9915964194871031,0.9935081273965964,0.9954272351175268,0.775388827589614,0.22916740392299162,0.16201394867194518,0.27943236263972365,0.7933057011667018,0.8141850717828438,0.7526659509477912,0.2572067923097143,0.7294643228604483,0.0,0.0,0.0,0.0,0.2723496576025065,0.3580767766860283,0.5886807106171671,0.2723496576025065,0.3580767766860283,8.031383269396334e-14,4.0235872375814754e-14,3.885587480679087e-14,1.0,1.0,1.0,7.819723452875309e-17,7.786310176583242e-17,8.96465396250814e-17,1.0,1.0,1.0,1.0,1.0,1.0,1.0,0.9996457957072897,5.243083941559181e-20,0.0003541912632821563
Rock1_lossless-geom-lossy-attrs_6.ply,Rock1.ply,lossless-geom-lossy-attrs,7,3.53333333333333,839112,839112,2.765192747116089,0.17099761962890625,0.9873956791316159,0.9917891415396185,0.9943687635862479,0.6212739951405626,0.12361472748167061,0.0850169262648001,0.4362348310396511,0.8374402416586787,0.8023100970255289,0.5994766079600142,0.1397994978852178,0.5606628637551164,0.0,0.0,0.0,0.0,0.2723496576025065,0.3580767766860283,0.5886807106171671,0.2723496576025065,0.3580767766860283,8.031383269396334e-14,4.0235872375814754e-14,3.885587480679087e-14,1.0,1.0,1.0,7.819723452875309e-17,7.786310176583242e-17,8.96465396250814e-17,1.0,1.0,1.0,1.0,1.0,1.0,1.0,0.9996457957072897,5.243083941559181e-20,0.0003541912632821563
Rock1_lossless-geom-lossy-attrs_7.ply,Rock1.ply,lossless-geom-lossy-attrs,7,2.84375,839112,839112,2.69193172454834,0.1244354248046875,0.9805453772241347,0.9890203075647259,0.9918922472951208,0.4225344754704191,0.058469617641477,0.036816451687079414,0.6131825986641728,0.7544094919751098,0.6681958440917569,0.4056670622033736,0.061009564565599854,0.35936850639330714,0.0,0.0,0.0,0.0,0.2723496576025065,0.3580767766860283,0.5886807106171671,0.2723496576025065,0.3580767766860283,8.031383269396334e-14,4.0235872375814754e-14,3.885587480679087e-14,1.0,1.0,1.0,7.819723452875309e-17,7.786310176583242e-17,8.96465396250814e-17,1.0,1.0,1.0,1.0,1.0,1.0,1.0,0.9996457957072897,5.243083941559181e-20,0.0003541912632821563
Rock1_Octree_1.ply,Rock1.ply,Octree,1,4.03333333333333,839112,156758,2.3097236156463623,0.0067596435546875,0.970548355711495,0.993840330838231,0.996207191693195,0.7558474419794905,0.8122414090492553,0.7782038614448369,0.9883656344351892,0.9883994670297657,0.9913198757761751,0.7618744363790192,0.807749472501917,0.7244857940371277,3.8959110728248882,1.9909625357567458,1.9780307307845475,1.9242722508332974,0.2723496576025065,0.3580767766860283,3.9595638309267307,2.0136980853309843,1.959468828588093,1.6113970991228783,0.716414173977711,0.9587431329641253,0.32646692094381785,0.30195972833354934,0.044563154144737833,1.0002621992526421,1.0003127159245802,0.9648469726046339,0.14574888191159077,0.2336844430598596,0.9828360457005375,0.952198736848116,0.3109018637172588,0.16995992327495102,0.16222967691942078,0.5092745938356713,0.5318751047495658,0.002660602995257468
Rock1_Octree_2.ply,Rock1.ply,Octree,1,2.875,839112,103002,2.335425615310669,0.0,0.9658290764295757,0.9929798021836667,0.9956522102612799,0.7174396646862884,0.7837365381794679,0.7348158794136409,0.9937452580951495,0.9939170502633715,0.9947724487452596,0.7232950829313807,0.7681977015924362,0.6813228032796951,4.839975537102835,2.444334928450984,2.458997459307039,2.417476960315607,0.2723496576025065,0.3580767766860283,4.8960472880520935,2.48841868899467,2.4486439191008262,2.1206467197592436,0.8920949390231785,1.3116074594149811,0.2291254960371775,0.21051939601129252,0.02959881450432875,1.0004974907318174,0.9988017664166282,0.9678730858209954,0.09526651534054797,0.15093989679714354,0.9791674143571469,0.9506960889948334,0.30789771029991686,0.15689952022124182,0.14940274109337628,0.503930912810613,0.5340706680410199,0.004094725822026209
Rock1_Octree_3.ply,Rock1.ply,Octree,1,2.57142857142857,839112,72961,2.2106945514678955,0.0057830810546875,0.9622326298363952,0.9923376271014502,0.9952373708901437,0.6907012380506747,0.7591967150529326,0.7024481686419461,0.9948377431271324,0.9955417069535398,0.9953204678163392,0.6962245644178362,0.7381392314257634,0.6515663187968171,5.800161821065164,2.926677336379338,2.9422137376855333,2.909065369224265,0.2723496576025065,0.3580767766860283,5.84500056073404,2.9683643057504603,2.933265787422906,2.6633411251763373,1.0837299778778362,1.7133977235936504,0.16925562571560068,0.1546473884167377,0.021459806352746233,0.9989585145175163,0.9986584458468826,0.9695954049538046,0.0665080121152213,0.10440076080760195,0.9755307487008942,0.9493466326498454,0.302966609768664,0.14580171584975443,0.1384752628790989,0.4981839345416377,0.5431534645933533,0.005616999385636926
Rock1_Octree_4.ply,Rock1.ply,Octree,1,2.21428571428571,839112,54245,2.1896369457244873,0.016326904296875,0.9593636143925055,0.9918436821851048,0.9949167910357187,0.674650378709085,0.7386236250067394,0.6764906965607453,0.9967429831570829,0.9982521978385857,0.996486537623009,0.679665334919302,0.7154539542169356,0.6336276169737034,6.745719325774505,3.4191067548514384,3.4106364966988814,3.3884598458638613,0.2723496576025065,0.3580767766860283,6.791703797431788,3.437923544706889,3.412870623856357,3.286117320093632,1.2743375602146743,2.1794745416778145,0.12945462110981595,0.11798097649593504,0.017303100012543215,0.9995108137689105,1.0003901739342087,0.9694169168407134,0.048836172610567156,0.07572310767233115,0.9721452823593523,0.948805895109595,0.30450898273475163,0.1393498115476158,0.13220290524678271,0.4984129009303767,0.5414220737369682,0.00726280950523917
Rock1_Octree_5.ply,Rock1.ply,Octree,1,2.10714285714286,839112,41999,2.1876628398895264,0.0834503173828125,0.9568907814851975,0.9914230257723863,0.9946467986597414,0.659789421748212,0.718633588796768,0.657078609384755,0.9981665255164774,0.9962537196231551,0.9980681976997591,0.6645439337652053,0.696878520131403,0.6172404195424536,7.681302878457969,3.892619078992085,3.8570546030718678,3.8749692757819867,0.2723496576025065,0.3580767766860283,7.7182699225756135,3.8773289778361324,3.888282142619758,3.9368383431929925,1.485227691351304,2.6907565954054253,0.1023809305814534,0.09306725129216846,0.014525672535254957,1.001273557820893,0.9995421363757099,0.9702780162096157,0.037297334575907864,0.05730082604594429,0.9687837992847473,0.9475372565490506,0.30430159487832975,0.13313273701498243,0.12613364480075265,0.4968772691721378,0.5424106377003497,0.009006551472277151
Rock1_SaturationDistortion_1.ply,Rock1.ply,SaturationDistortion,29,3.82142857142857,839112,839112,2.6635262966156006,0.13619613647460938,0.995946820625475,0.9793454940800501,0.9857865277377693,0.9835783491894554,0.7264767534987496,0.7267842901857929,0.0014816388213470108,0.007194007308704446,0.008266444070191266,0.9708330037330287,0.8099960153080953,0.9730113666703866,0.0,0.0,0.0,0.0,0.2723496576025065,0.3580767766860283,0.5886807106171671,0.2723496576025065,0.3580767766860283,8.031383269396334e-14,4.0235872375814754e-14,3.885587480679087e-14,1.0,1.0,1.0,7.819723452875309e-17,7.786310176583242e-17,8.96465396250814e-17,1.0,1.0,1.0,1.0,1.0,1.0,1.0,0.9996457957072897,5.243083941559181e-20,0.0003541912632821563
Rock1_SaturationDistortion_2.ply,Rock1.ply,SaturationDistortion,29,3.46428571428571,839112,839112,2.699662208557129,0.11920547485351562,0.9918629342407193,0.9595599873629962,0.9709135922643042,0.9691493813554403,0.40377236351806284,0.40663806578096984,0.005755540496296464,0.01215831639543248,0.014574770972132002,0.9465360193729889,0.56450297168125,0.9514179113059483,0.0,0.0,0.0,0.0,0.2723496576025065,0.3580767766860283,0.5886807106171671,0.2723496576025065,0.3580767766860283,8.031383269396334e-14,4.0235872375814754e-14,3.885587480679087e-14,1.0,1.0,1.0,7.819723452875309e-17,7.786310176583242e-17,8.96465396250814e-17,1.0,1.0,1.0,1.0,1.0,1.0,1.0,0.9996457957072897,5.243083941559181e-20,0.0003541912632821563
Rock1_SaturationDistortion_3.ply,Rock1.ply,SaturationDistortion,29,2.71428571428571,839112,839112,2.6422927379608154,0.08839035034179688,0.9872777302135595,0.9407179675876611,0.9557892356371837,0.9571289052744453,0.13031491895960087,0.1316180875727309,0.012826324021921768,0.04657418662031553,0.051068354858222795,0.9290594648208883,0.28360633002829,0.9359912059690174,0.0,0.0,0.0,0.0,0.2723496576025065,0.3580767766860283,0.5886807106171671,0.2723496576025065,0.3580767766860283,8.031383269396334e-14,4.0235872375814754e-14,3.885587480679087e-14,1.0,1.0,1.0,7.819723452875309e-17,7.786310176583242e-17,8.96465396250814e-17,1.0,1.0,1.0,1.0,1.0,1.0,1.0,0.9996457957072897,5.243083941559181e-20,0.0003541912632821563
Rock1_SaturationDistortion_4.ply,Rock1.ply,SaturationDistortion,29,2.60714285714286,839112,839112,2.644407272338867,0.04373931884765625,0.9837277439296399,0.9225596268389388,0.9405507203977935,0.947082208542996,1.3107709853897953e-20,8.738473235931968e-21,0.023157474465631805,0.0,0.0,0.9180562032931182,0.0,0.9252598909960416,0.0,0.0,0.0,0.0,0.2723496576025065,0.3580767766860283,0.5886807106171671,0.2723496576025065,0.3580767766860283,8.031383269396334e-14,4.0235872375814754e-14,3.885587480679087e-14,1.0,1.0,1.0,7.819723452875309e-17,7.786310176583242e-17,8.96465396250814e-17,1.0,1.0,1.0,1.0,1.0,1.0,1.0,0.9996457957072897,5.243083941559181e-20,0.0003541912632821563
Rock1_SaturationDistortion_5.ply,Rock1.ply,SaturationDistortion,29,2.625,839112,839112,2.7366275787353516,0.0763702392578125,0.9787110487410992,0.9050817157885441,0.9239173504306875,0.9391980333245418,0.12984675022366254,0.12732543783715367,0.03688376780258173,1.9524221304761262,1.9461051494679869,0.9147621448367569,0.2784078376688404,0.9175847693654384,0.0,0.0,0.0,0.0,0.2723496576025065,0.3580767766860283,0.5886807106171671,0.2723496576025065,0.3580767766860283,8.031383269396334e-14,4.0235872375814754e-14,3.885587480679087e-14,1.0,1.0,1.0,7.819723452875309e-17,7.786310176583242e-17,8.96465396250814e-17,1.0,1.0,1.0,1.0,1.0,1.0,1.0,0.9996457957072897,5.243083941559181e-20,0.0003541912632821563
RpClaudiaRigged_UniformNoise_1.ply,RpClaudiaRigged.ply,UniformNoise,30,4.53571428571429,690297,690297,2.521024703979492,0.01998138427734375,0.998788818451127,0.998550975395272,0.9986229166683078,0.6949339725395306,0.14189220632719504,0.23429410521240043,0.26255260170937034,0.7500405483074313,0.6608209979334088,0.6087444728547183,0.28249622103043254,0.5845047478123097,0.0,0.0,0.0,0.0,0.21821258464776958,0.4346211659258267,0.5992859070892274,0.21821258464776958,0.4346211659258267,7.849620532283127e-14,3.843959315060073e-14,4.0072749649601154e-14,1.0,1.0,1.0,9.390157919517355e-17,9.455267545731805e-17,7.925976954077401e-17,1.0,1.0,1.0,1.0,1.0,1.0,1.0,0.999999986973549,1.532800176821211e-19,-4.2199574523243274e-17
RpClaudiaRigged_UniformNoise_3.ply,RpClaudiaRigged.ply,UniformNoise,30,3.46875,690297,690297,2.522155284881592,0.046947479248046875,0.9965892881189924,0.9960009544382041,0.9961604110787406,0.4553392657905462,0.026238713779446064,0.05004420711427674,0.4850035223555522,0.8915592239137373,0.8566632194831862,0.3267297563786026,0.0802344730179481,0.30933360921550024,0.0,0.0,0.0,0.0,0.21821258464776958,0.4346211659258267,0.5992859070892274,0.21821258464776958,0.4346211659258267,7.849620532283127e-14,3.843959315060073e-14,4.0072749649601154e-14,1.0,1.0,1.0,9.390157919517355e-17,9.455267545731805e-17,7.925976954077401e-17,1.0,1.0,1.0,1.0,1.0,1.0,1.0,0.999999986973549,1.532800176821211e-19,-4.2199574523243274e-17
RpClaudiaRigged_UniformNoise_4.ply,RpClaudiaRigged.ply,UniformNoise,30,3.10714285714286,690297,690297,2.4860923290252686,0.04864501953125,0.9954638632283466,0.994623442803607,0.9948868048961079,0.37648378406759403,0.015891219045679045,0.031279922285521865,0.5581803493376348,0.914760922655093,0.8874809379062252,0.24610456649307783,0.053153849136993406,0.22565267886359555,0.0,0.0,0.0,0.0,0.21821258464776958,0.4346211659258267,0.5992859070892274,0.21821258464776958,0.4346211659258267,7.849620532283127e-14,3.843959315060073e-14,4.0072749649601154e-14,1.0,1.0,1.0,9.390157919517355e-17,9.455267545731805e-17,7.925976954077401e-17,1.0,1.0,1.0,1.0,1.0,1.0,1.0,0.999999986973549,1.532800176821211e-19,-4.2199574523243274e-17
RpClaudiaRigged_UniformNoise_5.ply,RpClaudiaRigged.ply,UniformNoise,30,2.89285714285714,690297,690297,2.575817823410034,0.059352874755859375,0.9942421158023624,0.9933342676346474,0.9936157697732624,0.3137868209060319,0.010697973208682546,0.02138196504964234,0.6155588046800048,0.926030037102021,0.907546214078752,0.18981858429441206,0.03792533570069632,0.16813573459056202,0.0,0.0,0.0,0.0,0.21821258464776958,0.4346211659258267,0.5992859070892274,0.21821258464776958,0.4346211659258267,7.849620532283127e-14,3.843959315060073e-14,4.0072749649601154e-14,1.0,1.0,1.0,9.390157919517355e-17,9.455267545731805e-17,7.925976954077401e-17,1.0,1.0,1.0,1.0,1.0,1.0,1.0,0.999999986973549,1.532800176821211e-19,-4.2199574523243274e-17
RpClaudiaRigged_UniformNoise_7.ply,RpClaudiaRigged.ply,UniformNoise,30,2.82142857142857,690297,690297,2.480515480041504,0.032680511474609375,0.991133363219784,0.990998170232188,0.991110349928854,0.22685343417446213,0.005934703455147837,0.012134429673915263,0.7026702848005398,0.9413840725737452,0.9258680348432554,0.12257682281419309,0.02251100473901736,0.1021814198997447,0.0,0.0,0.0,0.0,0.21821258464776958,0.4346211659258267,0.5992859070892274,0.21821258464776958,0.4346211659258267,7.849620532283127e-14,3.843959315060073e-14,4.0072749649601154e-14,1.0,1.0,1.0,9.390157919517355e-17,9.455267545731805e-17,7.925976954077401e-17,1.0,1.0,1.0,1.0,1.0,1.0,1.0,0.999999986973549,1.532800176821211e-19,-4.2199574523243274e-17
RpDennisPosed004_ColorQuantizationDither_3.ply,RpDennisPosed004.ply,ColorQuantizationDither,24,3.78125,804088,804088,2.627275228500366,0.0745391845703125,0.9896501571514223,0.9967539528325825,0.9972113941506415,0.6186612495490631,0.42142406314916137,0.3873338136320039,0.3347059939077365,0.6345615161842137,0.6340393483615464,0.6345568205482729,0.4370270621623712,0.5037553038176834,0.0,0.0,0.0,0.0,0.24526191486314347,0.5038497531231426,0.680236101306513,0.24526191486314347,0.5038497531231426,8.162562533932241e-14,4.096075182034086e-14,4.019449776767355e-14,1.0,1.0,1.0,8.908840273890394e-17,9.307196284945783e-17,7.82422872344254e-17,1.0,1.0,1.0,1.0,1.0,1.0,1.0,0.9998742640582867,0.0,0.0001257229067135635
RpDennisPosed004_ColorQuantizationDither_4.ply,RpDennisPosed004.ply,ColorQuantizationDither,24,3.5,804088,804088,2.6269173622131348,0.053020477294921875,0.9811793232242724,0.9965781613833296,0.996686452601118,0.5255898494970873,0.4360290363067248,0.33588372934765687,0.44279585343330147,0.6508909498819059,0.6186527197222881,0.5373399159927905,0.39662584809978757,0.4251294289579535,0.0,0.0,0.0,0.0,0.24526191486314347,0.5038497531231426,0.680236101306513,0.24526191486314347,0.5038497531231426,8.162562533932241e-14,4.096075182034086e-14,4.019449776767355e-14,1.0,1.0,1.0,8.908840273890394e-17,9.307196284945783e-17,7.82422872344254e-17,1.0,1.0,1.0,1.0,1.0,1.0,1.0,0.9998742640582867,0.0,0.0001257229067135635
RpDennisPosed004_ColorQuantizationDither_5.ply,RpDennisPosed004.ply,ColorQuantizationDither,24,2.5,804088,804088,2.6599340438842773,0.045551300048828125,0.9791160832909734,0.9962730680164197,0.9962114804380496,0.45265076178333674,0.4304974677822939,0.40462045365303245,0.4982517476651006,0.7102166473896669,0.7274708683244545,0.4630223774348772,0.44533567371265165,0.35014140009172295,0.0,0.0,0.0,0.0,0.24526191486314347,0.5038497531231426,0.680236101306513,0.24526191486314347,0.5038497531231426,8.162562533932241e-14,4.096075182034086e-14,4.019449776767355e-14,1.0,1.0,1.0,8.908840273890394e-17,9.307196284945783e-17,7.82422872344254e-17,1.0,1.0,1.0,1.0,1.0,1.0,1.0,0.9998742640582867,0.0,0.0001257229067135635
RpDennisPosed004_ColorQuantizationDither_6.ply,RpDennisPosed004.ply,ColorQuantizationDither,24,2.75,804088,804088,2.7050538063049316,0.0511932373046875,0.9548767039713578,0.9966482893640111,0.9963556957744788,0.31501936273944214,0.10591017039049068,0.3545437364540588,0.47471400913328676,0.06888290945296364,0.6649439024836312,0.3223204057144443,0.14105837859295703,0.24665814302487543,0.0,0.0,0.0,0.0,0.24526191486314347,0.5038497531231426,0.680236101306513,0.24526191486314347,0.5038497531231426,8.162562533932241e-14,4.096075182034086e-14,4.019449776767355e-14,1.0,1.0,1.0,8.908840273890394e-17,9.307196284945783e-17,7.82422872344254e-17,1.0,1.0,1.0,1.0,1.0,1.0,1.0,0.9998742640582867,0.0,0.0001257229067135635
RpDennisPosed004_ColorQuantizationDither_7.ply,RpDennisPosed004.ply,ColorQuantizationDither,24,2.46428571428571,804088,804088,2.626828193664551,0.049648284912109375,0.8962994124386715,0.9932620038935325,0.9929393775236054,0.0473998074072667,0.11297473466324448,0.06341883201046572,0.029269482992256908,0.09082272990985345,0.09067863414064214,0.047748361250451975,0.15276947900572244,0.043945121098712694,0.0,0.0,0.0,0.0,0.24526191486314347,0.5038497531231426,0.680236101306513,0.24526191486314347,0.5038497531231426,8.162562533932241e-14,4.096075182034086e-14,4.019449776767355e-14,1.0,1.0,1.0,8.908840273890394e-17,9.307196284945783e-17,7.82422872344254e-17,1.0,1.0,1.0,1.0,1.0,1.0,1.0,0.9998742640582867,0.0,0.0001257229067135635
RpDennisPosed004_LocalOffset_1.ply,RpDennisPosed004.ply,LocalOffset,13,2.75,804088,804088,2.671510696411133,0.05266571044921875,0.9968726365637893,0.9998724787229075,0.9998413891664397,0.9722470323945267,0.9658237694304226,0.9725586668424393,0.42831292212493866,0.38974714570558633,0.40610388229044747,0.9730763421223824,0.972446501748129,0.9570299442058069,2.2823358203263355,1.2551078985310848,1.3181074109434532,0.6530639597502379,0.24526191486314347,0.5038497531231426,2.923744014780185,1.5481975755603814,1.1232372072546104,2.448997396922773,1.422028906931528,0.6829363839777158,0.965211490994215,0.9644010923623478,0.940565338999696,0.4724455898015022,0.4696894528867535,0.3777918906476483,0.9606798746237052,0.9612956227146345,0.988103020827303,0.9529524975446225,0.8778029990029129,0.9515369568331664,0.9464016240728047,0.918670251473689,0.06710023534530739,0.012140243164566925
RpDennisPosed004_LocalOffset_2.ply,RpDennisPosed004.ply,LocalOffset,13,2.7,804088,804088,2.7202601432800293,0.049106597900390625,0.9890543899497033,0.9995329723014177,0.9995643764660611,0.9245574259780853,0.9232710557078773,0.9414016623438519,0.49234998434521693,0.44836334814156403,0.4691490672827686,0.9268851071709694,0.9320931828860505,0.8963288740959653,5.201151724212559,2.8714461854632933,2.8775005766266584,1.7454768226196273,0.24526191486314347,0.5038497531231426,5.784138281875139,3.0872002389327107,2.164983139911228,5.49592893998763,3.0506662800106032,1.8422436511506823,0.9243423412981875,0.9217911067563735,0.8562994415182287,0.5330924784200086,0.530213380345701,0.4446273564388841,0.9039362670294887,0.9135341077602099,0.9532716630332093,0.8924528779767879,0.7965742314973759,0.8754055088279051,0.8664906671486243,0.8572284696680113,0.12705412108729097,0.057890318589983565
RpDennisPosed004_LocalOffset_3.ply,RpDennisPosed004.ply,LocalOffset,13,2.39285714285714,804088,804088,2.78660249710083,0.054821014404296875,0.9731158613149322,0.9992864077870912,0.9992002215148326,0.8574899899684821,0.8551583377103746,0.8879991871530337,0.5929971437806343,0.5369677538661278,0.561689093060996,0.8612111228458068,0.8684364157928602,0.8134637227226494,12.223875673388262,6.89197646529107,6.926710622331182,3.8490790702536444,0.24526191486314347,0.5038497531231426,12.707547583430495,7.09997305195948,4.182049002947021,12.869016766880566,7.225785723925203,4.250599003828969,0.8492343430890857,0.8447981238836568,0.723857883040915,0.6277698730684269,0.6247513370847846,0.5486952069607086,0.8070315522026948,0.8203959180827939,0.9061782154885509,0.7941087847689297,0.671340821630211,0.7652384130995629,0.7485487301582006,0.7636676361320898,0.21812954197877762,0.1233447550968101
RpDennisPosed004_LocalOffset_4.ply,RpDennisPosed004.ply,LocalOffset,13,1.21875,804088,804088,2.975240707397461,0.05242919921875,0.9466958076243309,0.9970919687800898,0.9974241128532318,0.7793670614255207,0.7840495579835409,0.8260707164148232,0.6734436713609313,0.614456296415105,0.6403210995418669,0.7836187658768259,0.7969535598521117,0.7269567104426783,17.30580280506852,9.541773350783291,9.688356805536756,5.913738812115697,0.24526191486314347,0.5038497531231426,17.690924608220467,9.83078319150989,6.165559315797823,18.153903492259406,10.065450604431792,6.430186466772981,0.7900704839736179,0.7835110352876935,0.6168705198062304,0.7034271519234967,0.7031966107921814,0.6329853737138466,0.7248081174044254,0.7475378409446204,0.8524894829511827,0.711089568084029,0.5757087753278411,0.6741041183479175,0.6519433321118621,0.6904168321707528,0.2958543859406488,0.18825341784242464
RpDennisPosed004_LocalOffset_5.ply,RpDennisPosed004.ply,LocalOffset,13,1.21428571428571,804088,804088,2.9536092281341553,0.052761077880859375,0.9281961112894698,0.9960412274403538,0.9958677016587145,0.7370473331227825,0.7438886751644258,0.7934182085287348,0.7196218696947185,0.6523269814061493,0.6850206719235225,0.7425233992840267,0.7593062184357267,0.6736782384050262,23.324682835041877,12.828990555522584,12.823597127101793,8.419928248728283,0.24526191486314347,0.5038497531231426,23.643150277580112,12.943080778177057,8.619032244662531,24.179371065367263,13.264795657311913,8.8266208342042,0.7469321603950438,0.7411075917582174,0.5347948087152883,0.7443895846074995,0.7439339377303514,0.6831140932582194,0.6657057236022287,0.7031021039788181,0.8023662379673075,0.6457376831607686,0.5151630196349313,0.5959084341714663,0.5720003643977651,0.635813372225516,0.3475515140392475,0.25375804640894145
RpDennisPosed004_UniformNoise_1.ply,RpDennisPosed004.ply,UniformNoise,30,4.82142857142857,804088,804088,2.6292636394500732,0.05066680908203125,0.9957358796236069,0.9984284696754552,0.9985597388649474,0.5183976178870648,0.06360373597208001,0.066394582042393,0.41812790011439205,0.783975848155942,0.8052283207017623,0.366096579404037,0.11192719858949539,0.3109729743487345,0.0,0.0,0.0,0.0,0.24526191486314347,0.5038497531231426,0.680236101306513,0.24526191486314347,0.5038497531231426,8.162562533932241e-14,4.096075182034086e-14,4.019449776767355e-14,1.0,1.0,1.0,8.908840273890394e-17,9.307196284945783e-17,7.82422872344254e-17,1.0,1.0,1.0,1.0,1.0,1.0,1.0,0.9998742640582867,0.0,0.0001257229067135635
RpDennisPosed004_UniformNoise_3.ply,RpDennisPosed004.ply,UniformNoise,30,3.67857142857143,804088,804088,2.735273838043213,0.06312942504882812,0.98834191158406,0.9960356746296726,0.9959229378201163,0.20397236015186285,0.013178425615817248,0.014609013611837649,0.7009744270356545,0.8737919593324679,0.9027207506648177,0.1250916914189073,0.027468737637796833,0.10230013813283918,0.0,0.0,0.0,0.0,0.24526191486314347,0.5038497531231426,0.680236101306513,0.24526191486314347,0.5038497531231426,8.162562533932241e-14,4.096075182034086e-14,4.019449776767355e-14,1.0,1.0,1.0,8.908840273890394e-17,9.307196284945783e-17,7.82422872344254e-17,1.0,1.0,1.0,1.0,1.0,1.0,1.0,0.9998742640582867,0.0,0.0001257229067135635
RpDennisPosed004_UniformNoise_4.ply,RpDennisPosed004.ply,UniformNoise,30,3.4375,804088,804088,2.6802384853363037,0.047145843505859375,0.9841038449117119,0.9948206449522291,0.9946213596255433,0.15339500325716238,0.008258500748329031,0.00957358872126096,0.7599082833991249,0.8860795527296581,0.9191737558518003,0.09064462297714619,0.01837940977518452,0.0736026317025973,0.0,0.0,0.0,0.0,0.24526191486314347,0.5038497531231426,0.680236101306513,0.24526191486314347,0.5038497531231426,8.162562533932241e-14,4.096075182034086e-14,4.019449776767355e-14,1.0,1.0,1.0,8.908840273890394e-17,9.307196284945783e-17,7.82422872344254e-17,1.0,1.0,1.0,1.0,1.0,1.0,1.0,0.9998742640582867,0.0,0.0001257229067135635
RpDennisPosed004_UniformNoise_5.ply,RpDennisPosed004.ply,UniformNoise,30,3.34375,804088,804088,2.6072301864624023,0.0505828857421875,0.9790836652046901,0.9935429648525489,0.9933506428220823,0.12160283597303717,0.005727423965738294,0.006808175749573755,0.8014325274275114,0.8940588055428268,0.9261992570129043,0.06975619090690476,0.01330645174973851,0.056107731720157296,0.0,0.0,0.0,0.0,0.24526191486314347,0.5038497531231426,0.680236101306513,0.24526191486314347,0.5038497531231426,8.162562533932241e-14,4.096075182034086e-14,4.019449776767355e-14,1.0,1.0,1.0,8.908840273890394e-17,9.307196284945783e-17,7.82422872344254e-17,1.0,1.0,1.0,1.0,1.0,1.0,1.0,0.9998742640582867,0.0,0.0001257229067135635
RpDennisPosed004_UniformNoise_7.ply,RpDennisPosed004.ply,UniformNoise,30,2.96428571428571,804088,804088,2.7037031650543213,0.055438995361328125,0.9652259411216758,0.9913698980202025,0.991204432103076,0.08570117462167096,0.0033768011724357727,0.0039640575057193666,0.8520677531011709,0.9031582607444458,0.9375739314367151,0.046767823638411185,0.008189951583078671,0.03686007910272795,0.0,0.0,0.0,0.0,0.24526191486314347,0.5038497531231426,0.680236101306513,0.24526191486314347,0.5038497531231426,8.162562533932241e-14,4.096075182034086e-14,4.019449776767355e-14,1.0,1.0,1.0,8.908840273890394e-17,9.307196284945783e-17,7.82422872344254e-17,1.0,1.0,1.0,1.0,1.0,1.0,1.0,0.9998742640582867,0.0,0.0001257229067135635
RpFabiennePercyPosed001_ContrastDistortion_1.ply,RpFabiennePercyPosed001.ply,ContrastDistortion,21,3.8,799801,799801,2.635165214538574,0.050754547119140625,0.8260104476475437,0.9878851383620721,0.9881929923779449,0.5891856180220509,0.5068046461941051,0.4735837230984642,0.008387597243114506,0.14965950403279535,0.23642052793250187,0.5790233290612582,0.4779641594346258,0.4177753440347443,0.0,0.0,0.0,0.0,0.2626662495987131,0.596911489220069,0.7839923174725343,0.2626662495987131,0.596911489220069,7.983010326996611e-14,3.956500802530864e-14,4.010021547939599e-14,1.0,1.0,1.0,7.98202139412335e-17,8.546662787855925e-17,7.617471238441724e-17,1.0,1.0,1.0,1.0,1.0,1.0,1.0,0.9999999869693672,-2.334068504026314e-20,-4.0454075311784074e-17
RpFabiennePercyPosed001_ContrastDistortion_2.ply,RpFabiennePercyPosed001.ply,ContrastDistortion,21,3.82142857142857,799801,799801,2.648554563522339,0.051746368408203125,0.6732918431683405,0.9752869742166368,0.9813791731213928,0.34085355713401305,0.29574957180277583,0.2826470138286187,0.017838389261419008,0.16259906333896113,0.31560377267529394,0.3345159929627157,0.2796809240166614,0.20151444599320475,0.0,0.0,0.0,0.0,0.2626662495987131,0.596911489220069,0.7839923174725343,0.2626662495987131,0.596911489220069,7.983010326996611e-14,3.956500802530864e-14,4.010021547939599e-14,1.0,1.0,1.0,7.98202139412335e-17,8.546662787855925e-17,7.617471238441724e-17,1.0,1.0,1.0,1.0,1.0,1.0,1.0,0.9999999869693672,-2.334068504026314e-20,-4.0454075311784074e-17
RpFabiennePercyPosed001_ContrastDistortion_3.ply,RpFabiennePercyPosed001.ply,ContrastDistortion,21,3.17857142857143,799801,799801,2.6611251831054688,0.049777984619140625,0.5505261322863415,0.9667195552056266,0.9774990758529098,0.21398455957074972,0.1672581409690437,0.21173606745947512,0.03932061801919752,0.2488822227233796,0.3813763692185305,0.2174225658280188,0.1920863827614129,0.134175367049947,0.0,0.0,0.0,0.0,0.2626662495987131,0.596911489220069,0.7839923174725343,0.2626662495987131,0.596911489220069,7.983010326996611e-14,3.956500802530864e-14,4.010021547939599e-14,1.0,1.0,1.0,7.98202139412335e-17,8.546662787855925e-17,7.617471238441724e-17,1.0,1.0,1.0,1.0,1.0,1.0,1.0,0.9999999869693672,-2.334068504026314e-20,-4.0454075311784074e-17
RpFabiennePercyPosed001_ContrastDistortion_4.ply,RpFabiennePercyPosed001.ply,ContrastDistortion,21,2.71428571428571,799801,799801,2.6352994441986084,0.050128936767578125,0.45372617842036056,0.9594316512770449,0.9759744063585545,0.15696160547425342,0.10365445352616469,0.1625269935751184,0.06267956265284604,0.3149554259362681,0.4267382186599588,0.16170702549716617,0.15026758370761223,0.1124271461368575,0.0,0.0,0.0,0.0,0.2626662495987131,0.596911489220069,0.7839923174725343,0.2626662495987131,0.596911489220069,7.983010326996611e-14,3.956500802530864e-14,4.010021547939599e-14,1.0,1.0,1.0,7.98202139412335e-17,8.546662787855925e-17,7.617471238441724e-17,1.0,1.0,1.0,1.0,1.0,1.0,1.0,0.9999999869693672,-2.334068504026314e-20,-4.0454075311784074e-17
RpFabiennePercyPosed001_ContrastDistortion_5.ply,RpFabiennePercyPosed001.ply,ContrastDistortion,21,2.53333333333333,799801,799801,2.6302151679992676,0.04999542236328125,0.3790077379459336,0.9531602857795078,0.9733823162881421,0.12878456709863298,0.07826462883842178,0.13259356641256434,0.09663869169876325,0.43806969919990996,0.4452035131482472,0.14538875526671463,0.1259244790119762,0.11355793157149281,0.0,0.0,0.0,0.0,0.2626662495987131,0.596911489220069,0.7839923174725343,0.2626662495987131,0.596911489220069,7.983010326996611e-14,3.956500802530864e-14,4.010021547939599e-14,1.0,1.0,1.0,7.98202139412335e-17,8.546662787855925e-17,7.617471238441724e-17,1.0,1.0,1.0,1.0,1.0,1.0,1.0,0.9999999869693672,-2.334068504026314e-20,-4.0454075311784074e-17
RpFabiennePercyPosed001_LocalOffset_1.ply,RpFabiennePercyPosed001.ply,LocalOffset,13,4.46666666666667,799801,799801,2.622410774230957,0.0498809814453125,0.9963984546014922,0.9996620944597203,0.9996785460838068,0.9839394506431273,0.9861159409876208,0.9842195200537109,0.3468786118309391,0.32720856977771234,0.32282051754504837,0.9844542147637436,0.9853646716344331,0.9777710323639451,0.6195435925603962,0.3636637961479419,0.33506575261596017,0.19012090269263024,0.2626662495987131,0.596911489220069,1.3850940183234128,0.5908569969885582,0.7715123135908375,0.7193123717816962,0.38784607550955197,0.21979236680143172,0.9857754376430132,0.985289965178493,0.9737378031545046,0.3783878357729452,0.37256335451090006,0.29864310322637655,0.9844677797115524,0.9861545006456272,0.9938143592494965,0.9788292263434936,0.9232021077598462,0.9777958895647575,0.9748338802079718,0.947524385926416,0.03764410037122567,0.007052252987963101
RpFabiennePercyPosed001_LocalOffset_2.ply,RpFabiennePercyPosed001.ply,LocalOffset,13,3.5,799801,799801,2.6346774101257324,0.0516815185546875,0.9941824677947592,0.9995938077369351,0.9995814334474934,0.9749976058024535,0.9765461951099952,0.9713468277564412,0.36549138203891257,0.34679998746979096,0.3366017413690501,0.9754938028397696,0.9738809069713623,0.9661047768126778,1.0813203656447714,0.6308296055928917,0.6018849098343706,0.3469747727433278,0.2626662495987131,0.596911489220069,1.8268696506527022,0.8521405223228787,0.9080506300231792,1.2376819270791606,0.6853667496466116,0.3983003105241405,0.9769786077188631,0.9760153476393282,0.9568458970991521,0.3985348360889461,0.39440662968574247,0.3167925582568623,0.9733051684265945,0.9756913805278057,0.9904081117802583,0.9669979876251176,0.903205504234355,0.9639684466937479,0.9598681305352287,0.9332673954100443,0.051844120379080885,0.011665419030423597
RpFabiennePercyPosed001_LocalOffset_3.ply,RpFabiennePercyPosed001.ply,LocalOffset,13,2.78571428571429,799801,799801,2.6895956993103027,0.049655914306640625,0.9696590787105165,0.9985931924397832,0.9977954490874558,0.8991986715978773,0.9106267770416252,0.8918467495288223,0.46391152210764725,0.44309043315286967,0.4171790613968458,0.9010127826030048,0.897592822232584,0.8712489819881138,4.87902717120264,2.748115921373532,2.685658556085711,1.7412776653053235,0.2626662495987131,0.596911489220069,5.524711911070322,2.904934562862821,2.212621576092791,5.245137346487829,2.874834885940784,1.8795131444602962,0.9231293261562027,0.9201443643510127,0.8475140165923214,0.4945366663567438,0.48952298706783737,0.4144253625298563,0.9022685936856929,0.9150312935345882,0.9480442514899392,0.8845820788069594,0.7946651246642779,0.8698263045334577,0.85943439292695,0.8523854174724126,0.13231130417081552,0.07244232396664453
RpFabiennePercyPosed001_LocalOffset_4.ply,RpFabiennePercyPosed001.ply,LocalOffset,13,2.57142857142857,799801,799801,2.761446475982666,0.027805328369140625,0.9572942382412064,0.9981316385517077,0.9971024877475395,0.8488688885058607,0.8656971692610343,0.8432375678033236,0.5417943190167349,0.5118120908393078,0.48416619765843466,0.8514276600861657,0.848292468604012,0.8084675526864501,8.830813353953731,4.729717068825456,4.7268669305729345,3.5028238468310597,0.2626662495987131,0.596911489220069,9.394186427874494,4.917426583303587,3.899176431078774,9.331786437400877,4.955521030899197,3.7236108924841984,0.8800756910247517,0.8753969292870005,0.7655081364271441,0.5753349668576769,0.5689557389501544,0.4886974857649059,0.844728919095409,0.8630915409300627,0.9163466290186307,0.8242657192626619,0.712366757395261,0.7985456621072929,0.7831991623761057,0.7917397049241258,0.19411642479340194,0.1097036221655533
RpFabiennePercyPosed001_LocalOffset_5.ply,RpFabiennePercyPosed001.ply,LocalOffset,13,1.89285714285714,799801,799801,2.892221212387085,0.11689376831054688,0.9307190804018276,0.9964123807359542,0.9946971538076411,0.7867364112078531,0.809640612582706,0.7729105032022924,0.6119650243806577,0.5799266434133361,0.5468347808020565,0.7903804212861688,0.7867960779723466,0.7365626756708683,17.697291120745213,9.482296048313872,9.530507356866092,7.218859872483414,0.2626662495987131,0.596911489220069,18.183877762303045,9.69463200864174,7.560600711852212,18.378427598454312,9.847616960203558,7.616037729954204,0.8301213894370956,0.8253875455401943,0.670755156931419,0.6398730762088837,0.6355057635881282,0.564107999377102,0.7746877708520774,0.8067773571880383,0.8479335057364268,0.7465358259305024,0.6342561677830469,0.7102815843699619,0.6912042150014372,0.7278043667630737,0.2679761880767776,0.18751143994272068
RpFabiennePercyPosed001_UniformShifting_1.ply,RpFabiennePercyPosed001.ply,UniformShifting,31,3.92857142857143,799801,799801,2.6763105392456055,0.11822891235351562,0.9966692092291566,0.9998158984202055,0.999740243284135,0.9635365354558819,0.9638010625774325,0.9540224625128425,0.7907328275311777,0.7494582377596548,0.7370565468468401,0.9649140701432626,0.9598560745679671,0.9319701074249875,0.15557336715869982,0.09314379194106104,0.09469785126822035,0.03616300192094317,0.2626662495987131,0.596911489220069,0.8756783347358144,0.3331827588362011,0.5934605091699068,0.3462463321664799,0.16720865859969308,0.18213041633089508,0.9804946550319479,0.9786381439535107,0.5540000667511381,0.8675892679530488,0.864086440814808,0.8019740186873224,0.8216619391559025,0.9834924417488031,0.98671839788714,0.9640544449067777,0.6570974884414744,0.5581249766035951,0.5504476936405702,0.7614319232006153,0.17852235825652826,0.000797629819992817
RpFabiennePercyPosed001_UniformShifting_2.ply,RpFabiennePercyPosed001.ply,UniformShifting,31,3.07142857142857,799801,799801,2.695235013961792,0.1047515869140625,0.9910711572029984,0.99950451333177,0.9992867370605242,0.8998154729658233,0.8996300671564291,0.8744320485405134,0.9108031720878565,0.8605636416784597,0.844968237527742,0.902476910531629,0.8877214610256601,0.8384202472097279,0.3230510583942738,0.19649857619084962,0.19347954713884255,0.07541520199089438,0.2626662495987131,0.596911489220069,0.9793234199175983,0.4114378322984447,0.5898413750663745,0.6526311735479073,0.278781518061328,0.42477304264392024,0.964210819549461,0.9549261458108586,0.28612247408261904,0.9752763047595499,0.9727400164447815,0.9075568929952177,0.6592516289727132,0.9546286294011889,0.9548960975522852,0.938415014503802,0.5318533082965565,0.3015622618440896,0.28899062763597644,0.6669571634970256,0.30216328420382804,0.0027182053187623685
RpFabiennePercyPosed001_UniformShifting_3.ply,RpFabiennePercyPosed001.ply,UniformShifting,31,2.625,799801,799801,2.6988160610198975,0.08199310302734375,0.9828905986051074,0.9990653321946616,0.9986254000946548,0.8081126650636966,0.8131801800201738,0.7779652636598239,0.9520500194214355,0.9013402493100966,0.8825906619340589,0.8116123054926625,0.7913678426894067,0.7243192536995527,0.5058159638325973,0.3068973672007791,0.30873789645103084,0.11082312369031949,0.2626662495987131,0.596911489220069,1.0991167477114663,0.5032515357765511,0.5882040201766685,0.7900749122133094,0.35548195871378707,0.48047146497481674,0.9315961310786294,0.9075495010946756,0.2101654727572165,1.0029690062461647,1.0023423579660617,0.9299306604544423,0.5674758447448649,0.890598179964749,0.9303295883155765,0.9206920466518685,0.4627981727308891,0.2462611197369961,0.2314977666590347,0.61600594603591,0.3745935414314541,0.004492414219068608
RpFabiennePercyPosed001_UniformShifting_4.ply,RpFabiennePercyPosed001.ply,UniformShifting,31,2.1875,799801,799801,2.7047667503356934,0.08734893798828125,0.9742279502759705,0.9985889264702588,0.997920989425665,0.7289959181723551,0.7425770858678272,0.6997342003089251,0.9625531463195394,0.9122499253375148,0.8916752928041974,0.7326724273322044,0.7111830934059656,0.6356138828421943,0.6984642949574593,0.4276491006135097,0.4201682725642708,0.151078468252961,0.2626662495987131,0.596911489220069,1.2228997395021892,0.5907649904440875,0.583489259789194,0.8965328539801437,0.41959399755356713,0.5117325732352415,0.8852377927611236,0.8515776982329764,0.17591323087464789,1.003301522466775,1.0016296312129276,0.9356658788257528,0.5054513892359279,0.8148584932253345,0.9134169827268355,0.9066733349316258,0.4250998264054042,0.23018133898211662,0.21404742788180703,0.5842158872699889,0.41503131940626087,0.006028434244388107
RpFabiennePercyPosed001_UniformShifting_5.ply,RpFabiennePercyPosed001.ply,UniformShifting,31,1.92857142857143,799801,799801,2.826265573501587,0.07881927490234375,0.964743248556255,0.9980560540754364,0.9971287362069305,0.6586487831056373,0.6790571129421987,0.6358402474596301,0.9701567116743591,0.9196352771856893,0.9014958204290503,0.6621702369663757,0.6434295327353664,0.5613039063359919,0.9104252816106436,0.5562905765036221,0.5499778289914361,0.1957933557951134,0.2626662495987131,0.596911489220069,1.3691382596321342,0.6988980702361817,0.5847029608615012,1.0398184496200813,0.4908416336590753,0.5838933546984173,0.8304289097237577,0.7907691455676905,0.1424809023895996,1.0008987844030712,1.000361559299735,0.9409904404395771,0.44330784435549425,0.7328761553365524,0.8914604976224357,0.8887860170296519,0.3997782644611635,0.2108628130103777,0.19362531779010367,0.5616050914739162,0.4477366385063906,0.008529155751570712
RpManuelAnimated001Dancing_CorrelatedGaussianNoise_1.ply,RpManuelAnimated001Dancing.ply,CorrelatedGaussianNoise,22,4.53333333333333,680879,680879,2.3427321910858154,0.047878265380859375,0.99665846296665,0.9977973379762811,0.9977010384032861,0.811940539257991,0.13031805199138563,0.10996862161887336,0.16679355388463596,0.7622676912168639,0.7773287778022125,0.700506414638354,0.22944592500327948,0.6967659467176489,0.0,0.0,0.0,0.0,0.2131863972571421,0.5270207839749704,0.6828987005337639,0.2131863972571421,0.5270207839749704,7.966341079343143e-14,3.956517837827728e-14,3.990817937619603e-14,1.0,1.0,1.0,8.338364363167599e-17,8.707605119886115e-17,7.708541173228172e-17,1.0,1.0,1.0,1.0,1.0,1.0,1.0,0.9999512540403723,1.1902975897540664e-19,4.8732943469744374e-05
RpManuelAnimated001Dancing_CorrelatedGaussianNoise_2.ply,RpManuelAnimated001Dancing.ply,CorrelatedGaussianNoise,22,3.5,680879,680879,2.2818188667297363,0.055633544921875,0.9931127279730831,0.9956807205713152,0.9954088931877935,0.622923500285184,0.0415534650817715,0.03834096972055681,0.33351850162140934,0.874964645559587,0.879524386540345,0.4512834378008952,0.09582870319757629,0.43433499202505355,0.0,0.0,0.0,0.0,0.2131863972571421,0.5270207839749704,0.6828987005337639,0.2131863972571421,0.5270207839749704,7.966341079343143e-14,3.956517837827728e-14,3.990817937619603e-14,1.0,1.0,1.0,8.338364363167599e-17,8.707605119886115e-17,7.708541173228172e-17,1.0,1.0,1.0,1.0,1.0,1.0,1.0,0.9999512540403723,1.1902975897540664e-19,4.8732943469744374e-05
RpManuelAnimated001Dancing_CorrelatedGaussianNoise_3.ply,RpManuelAnimated001Dancing.ply,CorrelatedGaussianNoise,22,3.25,680879,680879,2.2968461513519287,0.06147003173828125,0.9887059782383334,0.9935742301107867,0.9932333475328006,0.4745062326987343,0.020425735157881184,0.02044170602270549,0.46078697398191654,0.914163841390903,0.918650985700053,0.29939285006834443,0.053270614297105355,0.2742781809614461,0.0,0.0,0.0,0.0,0.2131863972571421,0.5270207839749704,0.6828987005337639,0.2131863972571421,0.5270207839749704,7.966341079343143e-14,3.956517837827728e-14,3.990817937619603e-14,1.0,1.0,1.0,8.338364363167599e-17,8.707605119886115e-17,7.708541173228172e-17,1.0,1.0,1.0,1.0,1.0,1.0,1.0,0.9999512540403723,1.1902975897540664e-19,4.8732943469744374e-05
RpManuelAnimated001Dancing_CorrelatedGaussianNoise_4.ply,RpManuelAnimated001Dancing.ply,CorrelatedGaussianNoise,22,3.14285714285714,680879,680879,2.3369579315185547,0.0528717041015625,0.9839066253577251,0.9914946401219439,0.9911165144658408,0.3690901146643448,0.012230610863211252,0.013130132058319586,0.5554260732313219,0.9355994098393704,0.9349816212949551,0.21147595990659485,0.034480992980802774,0.18524812852355935,0.0,0.0,0.0,0.0,0.2131863972571421,0.5270207839749704,0.6828987005337639,0.2131863972571421,0.5270207839749704,7.966341079343143e-14,3.956517837827728e-14,3.990817937619603e-14,1.0,1.0,1.0,8.338364363167599e-17,8.707605119886115e-17,7.708541173228172e-17,1.0,1.0,1.0,1.0,1.0,1.0,1.0,0.9999512540403723,1.1902975897540664e-19,4.8732943469744374e-05
RpManuelAnimated001Dancing_CorrelatedGaussianNoise_5.ply,RpManuelAnimated001Dancing.ply,CorrelatedGaussianNoise,22,3.0,680879,680879,2.3050131797790527,0.13001251220703125,0.978295638524474,0.989653983629362,0.9891166023997864,0.2964575493347611,0.008463005865938247,0.009427802127624924,0.621638605087294,0.9482015174403934,0.9483977845190089,0.15902924146353437,0.02476249066961932,0.13436309398247756,0.0,0.0,0.0,0.0,0.2131863972571421,0.5270207839749704,0.6828987005337639,0.2131863972571421,0.5270207839749704,7.966341079343143e-14,3.956517837827728e-14,3.990817937619603e-14,1.0,1.0,1.0,8.338364363167599e-17,8.707605119886115e-17,7.708541173228172e-17,1.0,1.0,1.0,1.0,1.0,1.0,1.0,0.9999512540403723,1.1902975897540664e-19,4.8732943469744374e-05
RpManuelAnimated001Dancing_LocalRotation_1.ply,RpManuelAnimated001Dancing.ply,LocalRotation,14,3.14285714285714,680879,680879,2.372199535369873,0.0811614990234375,0.9989304451131634,0.9998878219601054,0.9998992504109945,0.9918019191183817,0.9922559071170456,0.9924281461218861,0.319205583766154,0.3212814373394006,0.32141273478488175,0.9919838991467447,0.9933827295138614,0.9904586172303473,0.4928705193555071,0.30104595215910107,0.311068797919956,0.07023401503727139,0.2131863972571421,0.5270207839749704,1.16272405305217,0.5209019445806666,0.58402316068822,0.5895198389168609,0.3697858188783047,0.08818631038808356,0.987868223303911,0.9871296172153998,0.9801668105393301,0.3165849720130526,0.318433916126348,0.2718950139923825,0.9870750841510723,0.9879743110742988,0.9965962836522224,0.9814363491444316,0.9056893975417568,0.9833646280274185,0.9806693625718358,0.9367646170585796,0.049342540192944914,0.0043450025540838315
RpManuelAnimated001Dancing_LocalRotation_2.ply,RpManuelAnimated001Dancing.ply,LocalRotation,14,2.32142857142857,680879,680879,2.421447277069092,0.06284332275390625,0.988331637166261,0.9991051769454874,0.9991892109943209,0.9434147638621958,0.9445618477256607,0.9500409745916986,0.5170668924960375,0.5157428051438314,0.515955891974664,0.9439917704825833,0.954701930689355,0.9339583875442711,7.655403313766599,4.333224465226448,4.652955810221934,1.9903635467863774,0.2131863972571421,0.5270207839749704,8.19045044705096,4.82615662286584,2.3801077165704116,8.17888983764212,4.981123562762845,2.162711419421621,0.8969496165019261,0.896935258334689,0.8321529170340237,0.5521537156246943,0.5485872150955661,0.46863010689366125,0.8853828607043126,0.8849611811761444,0.9549696834902704,0.8593003261713948,0.7300078702300709,0.8648724606883154,0.850597019237783,0.8151115769674718,0.16226527604475705,0.06186843356736775
RpManuelAnimated001Dancing_LocalRotation_3.ply,RpManuelAnimated001Dancing.ply,LocalRotation,14,2.26666666666667,680879,680879,2.4282970428466797,0.060028076171875,0.9878584573991397,0.9990553481055502,0.999149449296513,0.9410417283693275,0.943636505250463,0.9494832709932661,0.5231567220663061,0.5233198513169376,0.5222240182363206,0.9416998081592558,0.9538389739045512,0.9312770383647571,7.990181749764955,4.5908118672830955,4.826042523637894,2.041565646223299,0.2131863972571421,0.5270207839749704,8.520458410916945,4.99773289731187,2.4264812671941756,8.537559341891521,5.177773240169214,2.214532424558636,0.8936660033708506,0.8930811914658239,0.8250643046563837,0.5573745267742668,0.5527500400966129,0.4746264051346425,0.8805585636665856,0.8806349299010828,0.953145544745799,0.8535211619139819,0.7229202979528757,0.8592837048355823,0.8441187886234903,0.811241707775685,0.1670865866659617,0.06350889929354543
RpManuelAnimated001Dancing_LocalRotation_4.ply,RpManuelAnimated001Dancing.ply,LocalRotation,14,2.03571428571429,680879,680879,2.65014910697937,0.050769805908203125,0.9675216809881388,0.997489158812888,0.997669890595687,0.8699616249738461,0.8813745134027651,0.8953888579553074,0.6460925956360533,0.6452333722079193,0.6455004902943808,0.8711224987824479,0.8947743587764662,0.8524155442461594,21.2954089450782,11.66655104209359,12.198947919762173,7.0780269210873445,0.2131863972571421,0.5270207839749704,21.70482997392209,12.340023904794,7.35032099624861,22.058417664213763,12.669570864409419,7.556766505626909,0.7928824627891791,0.7914087888287198,0.6494186704652115,0.6712929267678132,0.6684826990871526,0.5975362814590883,0.7510862668124738,0.7642311773575994,0.8901333435162216,0.7281897504203375,0.5699812101151336,0.7109276421924497,0.6881318737088479,0.6976684951278999,0.2775042835409838,0.15604558343135944
RpManuelAnimated001Dancing_LocalRotation_5.ply,RpManuelAnimated001Dancing.ply,LocalRotation,14,1.39285714285714,680879,680879,2.8197081089019775,0.049381256103515625,0.9478933484570863,0.9936905458956357,0.9923907295542351,0.7675762259194232,0.7963264724362091,0.8001432137157491,0.7999256337998131,0.7992055994501628,0.7992117116946531,0.7698014359285105,0.8063882845986213,0.737577686811645,46.63986340733986,24.78086866868198,25.276004801332594,18.679791164538994,0.2131863972571421,0.5270207839749704,46.85028641600352,25.358198532051606,18.782779126919127,47.84540797450067,25.8571853698275,19.443263737481033,0.6737194595547036,0.6673856884542383,0.4286297492819709,0.8174927945070857,0.8170011355182453,0.7560948517814575,0.5884703252282937,0.6182901922966163,0.7939875029597172,0.561552586723401,0.3805692588521461,0.5194587405797142,0.48638404863059553,0.5449195376633851,0.4257980290328011,0.30665280143667156
RpManuelAnimated001Dancing_UniformShifting_1.ply,RpManuelAnimated001Dancing.ply,UniformShifting,31,4.15625,680879,680879,2.3988263607025146,0.04587554931640625,0.9975987022846549,0.9997982112032243,0.9997891678808768,0.9753873476782895,0.976978189271261,0.9770801870407875,0.7908153025892053,0.7918488008309215,0.7898599907717568,0.9762068459851415,0.9820843473481313,0.9697072060801087,0.15749237263261925,0.09529110864111605,0.09289084887340715,0.03571664293153937,0.2131863972571421,0.5270207839749704,0.7837381301927471,0.2879528585227455,0.5247411168252546,0.3340722109723984,0.16975166027579097,0.16229782819175595,0.9795256580401505,0.9782561963361605,0.5620546978642336,0.8696014267447927,0.8656729686341226,0.8113829338385318,0.8255685540310864,0.9831951821835201,0.988493578235311,0.9638453130939211,0.5719667193099364,0.5653033682149295,0.5573553852520987,0.7013477024268661,0.2597753771562127,0.0007652905899426953
RpManuelAnimated001Dancing_UniformShifting_2.ply,RpManuelAnimated001Dancing.ply,UniformShifting,31,4.07142857142857,680879,680879,2.3865373134613037,0.04608917236328125,0.9945946740077746,0.9995374379283303,0.9995131053463613,0.9402452998154879,0.9448629420266891,0.9444570626359169,0.9100104796521346,0.9108771226877809,0.911023760968932,0.941722013628255,0.9538481054263475,0.9278349940482511,0.33122599546516845,0.19965823871135277,0.19719728099891956,0.0741087256000508,0.2131863972571421,0.5270207839749704,0.8955114573433325,0.3700206993924046,0.5232579120667987,0.6401820546809883,0.27506588824911155,0.41553698146765006,0.9647857429444482,0.9563471451004554,0.27154393855696596,0.9741222587696864,0.975909619918541,0.9183297099784875,0.6527205784142276,0.9574351001128545,0.9559444006740307,0.9406830519738418,0.44701333536630905,0.28378511750104074,0.2718552752593052,0.6052264272797381,0.3910075289067544,0.0029005097923166952
RpManuelAnimated001Dancing_UniformShifting_3.ply,RpManuelAnimated001Dancing.ply,UniformShifting,31,2.89285714285714,680879,680879,2.3612327575683594,0.046283721923828125,0.9906485806633046,0.9991745532576728,0.9991267174481464,0.8947197742887433,0.8978141362911378,0.8967513062500229,0.9575230800213433,0.9591904674748858,0.9594883407175678,0.8955662488878647,0.9087318506582345,0.8739122434659521,0.5279389245866281,0.31663048412281636,0.31957399693105026,0.11327284329056285,0.2131863972571421,0.5270207839749704,1.029520912089061,0.469195483870875,0.5222773162040616,0.7947058282285434,0.3438433373722447,0.5059719735872428,0.9372612655722544,0.9120482820141594,0.18617773646740435,1.0047176595930674,1.005847041333932,0.9428753714848399,0.5539569116842655,0.8988948057242098,0.9274574121247787,0.9241166224867194,0.37865687652277047,0.2155963053707121,0.20176354000447494,0.5505567378409604,0.47533978048406794,0.0037890603025083278
RpManuelAnimated001Dancing_UniformShifting_4.ply,RpManuelAnimated001Dancing.ply,UniformShifting,31,2.46875,680879,680879,2.3967068195343018,0.047542572021484375,0.9867673076821918,0.9987769985330821,0.998680791382649,0.8542421403680234,0.8558479586296839,0.8544400379288174,0.9731137578841594,0.9740255403606064,0.9746100768182249,0.8539986376291027,0.8665519581453401,0.8271474570151532,0.7326199940700401,0.446078838801141,0.4385042803557108,0.1549710159556574,0.2131863972571421,0.5270207839749704,1.1713369997255254,0.5688543278102612,0.5187727295343414,0.9034746099683628,0.4044589959383281,0.5489419439471453,0.8909425362077674,0.8598855143417389,0.15513643810967542,1.0037456885191933,1.0036411958499298,0.9468775862907771,0.4921600837143846,0.8244606189187701,0.9095021097507314,0.9082485658514292,0.3695757333520365,0.2002280105107358,0.18605540597970857,0.5432193500650709,0.4790758257133112,0.005016055952588582
RpManuelAnimated001Dancing_UniformShifting_5.ply,RpManuelAnimated001Dancing.ply,UniformShifting,31,2.2,680879,680879,2.3769891262054443,0.046356201171875,0.9824811008395992,0.9983249254804318,0.9981811330354413,0.815433404265424,0.8149143614368771,0.8122605041548845,0.9801491184065483,0.98158004053807,0.9807909042413412,0.8142401712028688,0.825144625016383,0.7830020284753864,0.9372545439928648,0.5711209429722136,0.561793065363734,0.1960251204076807,0.2131863972571421,0.5270207839749704,1.3180484901407528,0.6732203507274269,0.5185271757428787,1.0460663297047972,0.46602319908527906,0.6368865862790524,0.8376992689774765,0.8017777765324561,0.12376087492213707,1.000001047326738,0.9986076420361767,0.9500538613283691,0.43049449266082895,0.7440118665576088,0.8864172476540405,0.8894321881167522,0.3539128923862215,0.18097052060782817,0.16609199379141526,0.5299709912066591,0.5000308069952885,0.007493661270885385
RpMeiPosed001_CorrelatedGaussianNoise_1.ply,RpMeiPosed001.ply,CorrelatedGaussianNoise,22,4.0,804165,804165,2.832033634185791,0.074951171875,0.9946410267205289,0.9977135582798249,0.99768533087372,0.5450782842789368,0.18571527232993973,0.07301102596900551,0.3710934802156592,0.5016786620404455,0.737518550657778,0.4664373208648322,0.16857163481495738,0.4491806525706758,0.0,0.0,0.0,0.0,0.25063011431131477,0.5984629234622133,0.7667964606188094,0.25063011431131477,0.5984629234622133,8.730015440167868e-14,4.42183065910033e-14,4.322006176507017e-14,1.0,1.0,1.0,8.85671873887555e-17,9.272621920115732e-17,7.741137938855165e-17,1.0,1.0,1.0,1.0,1.0,1.0,1.0,0.9999999869649111,4.575786277975339e-20,-4.169456456491129e-17
RpMeiPosed001_CorrelatedGaussianNoise_2.ply,RpMeiPosed001.ply,CorrelatedGaussianNoise,22,3.60714285714286,804165,804165,2.8054754734039307,0.049968719482421875,0.9893281471714662,0.9956170024865363,0.9955157497568167,0.42619159975587495,0.08293818298240524,0.030850744312607117,0.49535374734160825,0.5983691480063642,0.7959562703732047,0.33816953500207136,0.08275730228497231,0.32728266034112696,0.0,0.0,0.0,0.0,0.25063011431131477,0.5984629234622133,0.7667964606188094,0.25063011431131477,0.5984629234622133,8.730015440167868e-14,4.42183065910033e-14,4.322006176507017e-14,1.0,1.0,1.0,8.85671873887555e-17,9.272621920115732e-17,7.741137938855165e-17,1.0,1.0,1.0,1.0,1.0,1.0,1.0,0.9999999869649111,4.575786277975339e-20,-4.169456456491129e-17
RpMeiPosed001_CorrelatedGaussianNoise_3.ply,RpMeiPosed001.ply,CorrelatedGaussianNoise,22,3.28571428571429,804165,804165,2.824009656906128,0.049243927001953125,0.9816678058867263,0.993585808696243,0.9935269788165363,0.3561017587295921,0.04714768776669685,0.01807976854152293,0.5739284911448744,0.6399537503916883,0.8227383890301428,0.2601187233602048,0.051231611316283066,0.2481627622889531,0.0,0.0,0.0,0.0,0.25063011431131477,0.5984629234622133,0.7667964606188094,0.25063011431131477,0.5984629234622133,8.730015440167868e-14,4.42183065910033e-14,4.322006176507017e-14,1.0,1.0,1.0,8.85671873887555e-17,9.272621920115732e-17,7.741137938855165e-17,1.0,1.0,1.0,1.0,1.0,1.0,1.0,0.9999999869649111,4.575786277975339e-20,-4.169456456491129e-17
RpMeiPosed001_CorrelatedGaussianNoise_4.ply,RpMeiPosed001.ply,CorrelatedGaussianNoise,22,3.07142857142857,804165,804165,2.8016717433929443,0.05252838134765625,0.9698203746956121,0.9917442220103896,0.9917468593484928,0.3058879327070193,0.031105511142352164,0.01237703703976295,0.6303844840263104,0.6639956081993675,0.8368562692061642,0.20887888203908453,0.03589738971135655,0.19607718101721733,0.0,0.0,0.0,0.0,0.25063011431131477,0.5984629234622133,0.7667964606188094,0.25063011431131477,0.5984629234622133,8.730015440167868e-14,4.42183065910033e-14,4.322006176507017e-14,1.0,1.0,1.0,8.85671873887555e-17,9.272621920115732e-17,7.741137938855165e-17,1.0,1.0,1.0,1.0,1.0,1.0,1.0,0.9999999869649111,4.575786277975339e-20,-4.169456456491129e-17
RpMeiPosed001_CorrelatedGaussianNoise_5.ply,RpMeiPosed001.ply,CorrelatedGaussianNoise,22,3.06666666666667,804165,804165,2.8898825645446777,0.0504608154296875,0.95414860585349,0.9899236261562766,0.989892175878854,0.26716410025539344,0.022528828499231834,0.009219423415419462,0.6751517519424871,0.680221291633882,0.8462399649759601,0.17347652688196982,0.02714894296461628,0.16055164785650605,0.0,0.0,0.0,0.0,0.25063011431131477,0.5984629234622133,0.7667964606188094,0.25063011431131477,0.5984629234622133,8.730015440167868e-14,4.42183065910033e-14,4.322006176507017e-14,1.0,1.0,1.0,8.85671873887555e-17,9.272621920115732e-17,7.741137938855165e-17,1.0,1.0,1.0,1.0,1.0,1.0,1.0,0.9999999869649111,4.575786277975339e-20,-4.169456456491129e-17
RpMeiPosed001_LocalRotation_1.ply,RpMeiPosed001.ply,LocalRotation,14,2.375,804165,804165,2.946281671524048,0.04923248291015625,0.9943554003379688,0.9996847952148963,0.9996342955289086,0.963182371110637,0.9584295010798597,0.9581991344495482,0.1686255171454636,0.08711806360857091,0.13889932727579898,0.9636090252379491,0.9653564611972401,0.946137650063754,4.4090530687683005,2.284273304938111,2.2355440864137495,2.116671605758256,0.25063011431131477,0.5984629234622133,5.123805329726536,2.4678963048632787,2.670659832368865,4.590625833614672,2.3245304880062476,2.2296904685881827,0.9591642508237496,0.9575352161913038,0.929596618011175,0.16021846954993083,0.16135379418614,0.15139031588339327,0.9502151801696095,0.9514820282284857,0.9813849002689039,0.9466619559193616,0.9118478330511474,0.9425634986235487,0.9379234835684562,0.9334179201654976,0.05602401327263726,0.03355792946988881
RpMeiPosed001_LocalRotation_2.ply,RpMeiPosed001.ply,LocalRotation,14,2.3,804165,804165,2.9806113243103027,0.05089569091796875,0.9914038781108754,0.9994789321855562,0.9994914333957378,0.9540167919180816,0.9473284479076024,0.9491416394834082,0.3166530671564658,0.2094979608183167,0.2772033364962765,0.954612378843498,0.9547616370209736,0.9345112744003893,4.978412175550592,2.6056764457471306,2.571935086285955,2.325043956917368,0.25063011431131477,0.5984629234622133,5.683667086561099,2.8013903086124645,2.8704741178406605,5.204419768284721,2.6586499865439306,2.463408223839653,0.9516694151655344,0.9495885620148218,0.9145069944095074,0.3241433557818583,0.32644870674611554,0.29012197593593203,0.9403739076967694,0.9436946523710101,0.97629374389971,0.9345201275882837,0.8728017063196957,0.9288109660218177,0.9234095391618133,0.9068226844301785,0.07535419842588248,0.04020538878096949
RpMeiPosed001_LocalRotation_3.ply,RpMeiPosed001.ply,LocalRotation,14,2.34375,804165,804165,2.930819272994995,0.0174560546875,0.991058046871263,0.9994519177185518,0.9994735269403499,0.9528246848381463,0.9466698186384224,0.9481496601084038,0.3448510802127768,0.2316068961010835,0.30013242831525516,0.9534424170930411,0.954590568507277,0.933036419942378,5.139904421250448,2.7104267888429385,2.6675018897971534,2.3617992537683756,0.25063011431131477,0.5984629234622133,5.838871809876052,2.8951393069864313,2.9002139015235935,5.391044577756215,2.773289315438976,2.5047287450905267,0.9482600975855912,0.9458013723922551,0.9080136646641269,0.3597457667616352,0.36123928920828724,0.31277990387843285,0.9358376713749512,0.9394075338928585,0.9751459340791553,0.929931972684819,0.8633615771840695,0.9241078899884771,0.9180469872999113,0.9000459041988859,0.08254051072668651,0.041526879126721435
RpMeiPosed001_LocalRotation_4.ply,RpMeiPosed001.ply,LocalRotation,14,1.65625,804165,804165,3.165087938308716,0.1259307861328125,0.9492972915805943,0.993632584467733,0.9927641427152553,0.8151568507417649,0.8107981286307654,0.8111001876839392,0.5883194219951773,0.42634762417603983,0.5179643800288106,0.8167502222193629,0.8293851570586914,0.7810200989929155,19.938646898064302,10.45031507839678,10.458101349858083,8.636803046449947,0.25063011431131477,0.5984629234622133,20.403521469090638,10.616625579844866,8.966861156115108,20.403802041343376,10.723371932693766,8.881364520446208,0.8233875113208369,0.8164901192453283,0.7117059578285355,0.6564288527534613,0.6521922585707719,0.5728142593529021,0.7843795680034842,0.7793729368226241,0.8810885504678532,0.7598884424128676,0.6468548138280602,0.7582587325208952,0.7358380987725716,0.7339069617733698,0.24870910583547867,0.16717522192868503
RpMeiPosed001_LocalRotation_5.ply,RpMeiPosed001.ply,LocalRotation,14,1.64285714285714,804165,804165,3.6199734210968018,0.16850662231445312,0.9313787722057917,0.9912302181694749,0.9907229039814883,0.7243326049225591,0.6926844427444678,0.7149134007773505,0.7104922500719946,0.4929842570568824,0.6030364231279357,0.7279895460193142,0.7233473345803608,0.6664188600255007,40.37020071309533,21.321005764352098,20.57116707918001,18.3619018106575,0.25063011431131477,0.5984629234622133,40.701587929303436,20.685741595887905,18.5745381107463,41.19597488111535,20.990259741831935,18.846290172684256,0.7302897417071502,0.7164939986322361,0.5323913474091883,0.7716008847817855,0.7681350543678529,0.6983225976832541,0.6522432998892442,0.6638617848872304,0.8056364042947772,0.6292737735709489,0.492524090671533,0.5976054423381616,0.5680758946537714,0.61202003621645,0.3690428345096859,0.2697244254213733
RyukinGoldfish_lossy-geom-lossy-attrs_3.ply,RyukinGoldfish.ply,lossy-geom-lossy-attrs,27,4.67857142857143,795994,789960,3.3464176654815674,0.16668319702148438,0.9953487733217888,0.9959421045880272,0.9976867458791485,0.6738496866234952,0.5682120666052871,0.6374311191753173,0.9178565899585165,0.939204956224549,0.9391466619795488,0.6890248740354594,0.6203408062479204,0.6031150475708212,0.6703042909074227,0.33824126418240563,0.3350300766573953,0.33651424932651197,0.289702564441145,1.0406868308251411,1.44835846696713,0.45801538004758363,1.1265426861034058,0.35893171012941333,0.1945077673407428,0.15410521179963688,0.9794942456495436,0.9770592212505285,0.7587613159758407,0.9609845709637908,0.9541083344402582,0.8111037133693223,0.9129054324737725,0.9909743093872959,0.9793857668092998,0.9469201969607861,0.47424133981455785,0.7598611482108748,0.7477865568361549,0.6313455954753572,0.35858826510882846,0.0023366884418921353
RyukinGoldfish_lossy-geom-lossy-attrs_4.ply,RyukinGoldfish.ply,lossy-geom-lossy-attrs,27,4.46666666666667,795994,775177,3.3048627376556396,0.13381195068359375,0.9932666052529759,0.9943846354518093,0.9968492426268294,0.606594088140831,0.49017240299956705,0.5797658620375592,0.9498078494961414,0.9627959693924948,0.9620730710988723,0.6257898692571537,0.5458890232870569,0.5327383213134732,1.1179169286293495,0.5699872857255855,0.5704304710842437,0.5272480749771897,0.289702564441145,1.0406868308251411,1.7399941363832083,0.6758069060378762,1.2039842268478007,0.5580186676501382,0.23962310670608888,0.36967014647939994,0.9711590458527161,0.9632980662427129,0.6617478154399062,0.9901128031645282,0.984074180038905,0.8484018158070997,0.8680952691363044,0.9779789575999992,0.9642702175515128,0.9281004716936373,0.40052543123824325,0.6674973422655599,0.6522966681800071,0.5751102492591441,0.43907228806046744,0.0032598491115704386
RyukinGoldfish_lossy-geom-lossy-attrs_5.ply,RyukinGoldfish.ply,lossy-geom-lossy-attrs,27,3.82142857142857,795994,343647,2.8805174827575684,0.07979965209960938,0.9851739731715692,0.9902585539109553,0.9942703114148956,0.535551939560095,0.41902114862901735,0.5487208142027632,0.9809548541059016,0.9768554213273296,0.9762242134548998,0.5734104775788774,0.5078845801563203,0.4801072954888771,2.0109040073081577,1.0400244422278622,1.0334506154835126,0.9583900508251185,0.289702564441145,1.0406868308251411,2.412097745408475,1.097100397848055,1.434579951994736,1.4394344100547594,0.46981384961343403,1.1078643313625036,0.6728244725601098,0.6371673083622565,0.38780427983955335,0.9995687375242339,0.9947221482622761,0.9271702019052804,0.4995672944699495,0.5713137343696638,0.9112466875744485,0.8628961459086038,0.33025505579424136,0.48512336808540707,0.47013840291352926,0.5133528515718526,0.5277402010482297,0.009400994044258475
RyukinGoldfish_lossy-geom-lossy-attrs_6.ply,RyukinGoldfish.ply,lossy-geom-lossy-attrs,27,2.92857142857143,795994,94019,2.660478353500366,0.03041839599609375,0.9713272423021052,0.9840017940514338,0.9898526254732628,0.47881264664420364,0.39651242646426116,0.5073764648202007,0.9942737286591203,0.9798444501892879,0.9916798008215946,0.534789803300736,0.5022982003199886,0.44354517582983266,3.9023570214944763,1.970808378345768,1.9730260013146554,1.952969868499946,0.289702564441145,1.0406868308251411,4.106255841002899,2.0080020689364093,2.189170947416082,3.057160657446494,1.0652509830406387,2.172437752974523,0.262817787454607,0.2430820799905816,0.24749034172226927,1.0030952483130733,0.9953328766761244,0.9592895335715617,0.19877064841019648,0.17298109061761469,0.8665798416171979,0.8090380822454759,0.31329144301830125,0.3452193466328707,0.3273276556939646,0.49528939358410584,0.545313945677428,0.018234208260133097
RyukinGoldfish_lossy-geom-lossy-attrs_7.ply,RyukinGoldfish.ply,lossy-geom-lossy-attrs,27,2.10714285714286,795994,22560,2.5706849098205566,0.05584716796875,0.9579859933700263,0.9729851794398612,0.9835454428602929,0.4472281114627836,0.4189796067872939,0.5127921634737743,0.9993683314062717,1.0003421759751605,0.9990815026200747,0.5219571295597643,0.5439778885200761,0.42476845173473426,7.671285730595193,3.871947609376574,3.8638748646111236,3.852024405485081,0.289702564441145,1.0406868308251411,7.7848757796664225,3.8815765152869615,3.995239724398338,7.16203135768736,3.2433806397163867,3.882755388096623,0.07218996554251739,0.06574948512547445,0.10560356368102723,1.002549823385511,0.9925192298841364,0.9658059622208571,0.05476632075751955,0.03610346154599866,0.8443232707190349,0.7883224100586308,0.3044094656739992,0.2554233771196629,0.24014327593244647,0.4885418995653243,0.5483388758528682,0.029379409979090467
ScarletSnake_lossy-geom-lossy-attrs_3.ply,ScarletSnake.ply,lossy-geom-lossy-attrs,27,4.71428571428571,723974,715227,2.446652412414551,0.1147003173828125,0.9885204371853207,0.9970200036946801,0.9978072884184037,0.6266687641856985,0.47272374010021523,0.43761786385437956,0.9013647020020101,0.7905725792436901,0.8054090521136084,0.6325996044557117,0.4666920894201645,0.5479124296475073,0.6737210346440974,0.3379775064398047,0.34002188112043286,0.3355657039129557,0.22268257627971805,0.369098751049979,0.8806086795533727,0.41095556217589996,0.49848035481842395,0.36485701106056956,0.19265540281627294,0.16060893205374469,0.9825632410438557,0.9770828039276733,0.6903584689797304,0.9586399570360191,0.9565304661200373,0.8205432678676158,0.8872010744786104,0.9890641038925317,0.997793647678586,0.9648602571264936,0.516812388597306,0.6962253590285941,0.6860499764541926,0.6692790223671963,0.31242471305109876,0.00018814670149393256
ScarletSnake_lossy-geom-lossy-attrs_4.ply,ScarletSnake.ply,lossy-geom-lossy-attrs,27,4.5625,723974,691744,2.415964126586914,0.13405227661132812,0.9831962222482769,0.9964670553271963,0.9969643628884535,0.4928974859294372,0.36018698554917716,0.39873778061554527,0.9247510557821002,0.8260539045610915,0.8412295842362566,0.4980298196422828,0.3848499369160881,0.4138889445559358,1.1161365965189298,0.5625742879025933,0.5711184155262106,0.5273491547063168,0.22268257627971805,0.369098751049979,1.2734412775511827,0.6317988377839554,0.6479451012545362,0.6258681197032954,0.244743027190167,0.44678952024422297,0.9716222521247972,0.9554098031263132,0.5407151873078984,0.991448581486351,0.9899357543609829,0.8705382520472565,0.8164469437191461,0.965395849747072,0.9960444138428428,0.955163844818804,0.41657404145321386,0.5593157389928498,0.5460283596399118,0.5888233002976366,0.41598926752616966,0.00031861335826032053
ScarletSnake_lossy-geom-lossy-attrs_5.ply,ScarletSnake.ply,lossy-geom-lossy-attrs,27,3.83333333333333,723974,299408,2.120758056640625,0.0948638916015625,0.9556889146382802,0.9929274144915855,0.9936851726001286,0.3681244890580231,0.3916443921964826,0.4274914841955621,0.9606729889146439,0.91479066034917,0.9453649265957783,0.40175104238142967,0.40143066988568715,0.32041336387925334,2.021157453242894,1.0456789633863761,1.0484132760819438,0.9494648856126506,0.22268257627971805,0.369098751049979,2.098686635327568,1.0786050471238027,1.010081157447201,0.949421783087934,0.41413632043300647,0.5864269819153402,0.6043393541427359,0.5651543041332685,0.15010054458364078,0.998314846829209,1.0003577175753204,0.8965658198055703,0.37925413013452625,0.49773806621839156,0.985516285896834,0.9469831856566546,0.304893804886294,0.3084662172118818,0.29475584440582137,0.5062566902592941,0.5373326116718092,0.0013724145138772354
ScarletSnake_lossy-geom-lossy-attrs_6.ply,ScarletSnake.ply,lossy-geom-lossy-attrs,27,3.0,723974,84525,1.9834458827972412,0.04985809326171875,0.9023037703554142,0.9851334518510358,0.9858229577148867,0.3461070680760784,0.40462793088697013,0.38663397591575843,0.9782582956395234,0.9702420652663087,0.9836340015850462,0.3836222124447874,0.4049302830387193,0.3046152746667174,3.884182857978191,1.972032567071933,1.9794035592335462,1.914449211311793,0.22268257627971805,0.369098751049979,3.9214543698264857,1.9936476371178227,1.9401468713888719,2.635834637552008,0.8836113438368676,2.056044520583725,0.22662820914565385,0.20870171004291585,0.026967378512940822,1.0006486563013048,0.998601849185056,0.8722667121234999,0.10408298549317294,0.14127723949350607,0.9647962440396295,0.9400415127193539,0.31372444129556376,0.17943505379301455,0.16887358758752735,0.5038714257017733,0.5335883488573789,0.005632025997824858
ScarletSnake_lossy-geom-lossy-attrs_7.ply,ScarletSnake.ply,lossy-geom-lossy-attrs,27,2.07142857142857,723974,22148,1.9228720664978027,0.06928634643554688,0.8283397715010237,0.9714430947369745,0.9715887162137925,0.28089742066573464,0.34956980917254066,0.32226821242193415,0.9810870756174839,0.9725154126988603,0.9855280801252007,0.29455407566691305,0.34849108233338405,0.25166958240667503,7.74204166263995,3.923052847427907,3.8678989788339875,3.9018979455892193,0.22268257627971805,0.369098751049979,7.767144565941516,3.8788228940848124,3.9240264941427547,9.12486422487731,2.0217166649982805,8.166846466757734,0.07159048491994179,0.06652896091300228,0.003434044802642574,0.9988159581911698,1.00032858731554,0.8397519144668103,0.02345066085408977,0.03441155967138598,0.9180436775668562,0.9043382179430144,0.3254235443407623,0.09136734601300402,0.08369973327799064,0.5091094034948286,0.5132167949293023,0.018903170708969335
SeaTurtle_HighFrequencyNoise_3.ply,SeaTurtle.ply,HighFrequencyNoise,18,4.28571428571429,779430,779430,2.8965072631835938,0.14175033569335938,0.9612928149199673,0.9956177981344344,0.9960616302357918,0.6833437184824545,0.1667119857633525,0.1410594737528749,0.3117905896988333,0.7366826068275154,0.7627397137217049,0.5428657936022498,0.24506643918549786,0.5194871879820949,0.0,0.0,0.0,0.0,0.2515174876101785,0.34872128830031174,0.5654273542104258,0.2515174876101785,0.34872128830031174,7.897727090240818e-14,3.966892241250686e-14,3.842326012282743e-14,1.0,1.0,1.0,7.701022919333452e-17,7.910955081239349e-17,8.849416899628828e-17,1.0,1.0,1.0,1.0,1.0,1.0,1.0,0.9998734794058444,-5.618063715738331e-20,0.00012650754828367656
SeaTurtle_HighFrequencyNoise_4.ply,SeaTurtle.ply,HighFrequencyNoise,18,4.17857142857143,779430,779430,2.8581526279449463,0.15547561645507812,0.9552019460980208,0.9946749676059059,0.9952425611842707,0.6225055834782242,0.1262687475972824,0.10549359207786468,0.36648060506317204,0.7790090522527187,0.8012565859313657,0.4725797844829406,0.19476626937676808,0.44779402045725586,0.0,0.0,0.0,0.0,0.2515174876101785,0.34872128830031174,0.5654273542104258,0.2515174876101785,0.34872128830031174,7.897727090240818e-14,3.966892241250686e-14,3.842326012282743e-14,1.0,1.0,1.0,7.701022919333452e-17,7.910955081239349e-17,8.849416899628828e-17,1.0,1.0,1.0,1.0,1.0,1.0,1.0,0.9998734794058444,-5.618063715738331e-20,0.00012650754828367656
SeaTurtle_HighFrequencyNoise_5.ply,SeaTurtle.ply,HighFrequencyNoise,18,3.89285714285714,779430,779430,2.8424911499023438,0.14262008666992188,0.9495625277487562,0.9939225218365402,0.9943789181364965,0.5777300564717703,0.10289265565521459,0.08489346219345688,0.4065226696639481,0.8048383268029567,0.8260399330328134,0.4238030223094865,0.16401801505945707,0.3985240577039068,0.0,0.0,0.0,0.0,0.2515174876101785,0.34872128830031174,0.5654273542104258,0.2515174876101785,0.34872128830031174,7.897727090240818e-14,3.966892241250686e-14,3.842326012282743e-14,1.0,1.0,1.0,7.701022919333452e-17,7.910955081239349e-17,8.849416899628828e-17,1.0,1.0,1.0,1.0,1.0,1.0,1.0,0.9998734794058444,-5.618063715738331e-20,0.00012650754828367656
SeaTurtle_HighFrequencyNoise_6.ply,SeaTurtle.ply,HighFrequencyNoise,18,3.5,779430,779430,3.0543832778930664,0.14773941040039062,0.9223460934259826,0.9894990955856675,0.9904682073397759,0.4058098582074758,0.04441993132381815,0.036007426223490104,0.5686537182458146,0.8818408808365493,0.8981705115850385,0.25843993421704947,0.08082932683577974,0.233806398636838,0.0,0.0,0.0,0.0,0.2515174876101785,0.34872128830031174,0.5654273542104258,0.2515174876101785,0.34872128830031174,7.897727090240818e-14,3.966892241250686e-14,3.842326012282743e-14,1.0,1.0,1.0,7.701022919333452e-17,7.910955081239349e-17,8.849416899628828e-17,1.0,1.0,1.0,1.0,1.0,1.0,1.0,0.9998734794058444,-5.618063715738331e-20,0.00012650754828367656
SeaTurtle_HighFrequencyNoise_7.ply,SeaTurtle.ply,HighFrequencyNoise,18,3.0,779430,779430,2.8860299587249756,0.11469268798828125,0.9045761882923509,0.9867087696645701,0.9880522798394655,0.335638901719003,0.030011810805185727,0.024133596664577615,0.6425549227175593,0.9088784507258938,0.9219373021495649,0.19978655797031467,0.05765878663804562,0.1769518960786262,0.0,0.0,0.0,0.0,0.2515174876101785,0.34872128830031174,0.5654273542104258,0.2515174876101785,0.34872128830031174,7.897727090240818e-14,3.966892241250686e-14,3.842326012282743e-14,1.0,1.0,1.0,7.701022919333452e-17,7.910955081239349e-17,8.849416899628828e-17,1.0,1.0,1.0,1.0,1.0,1.0,1.0,0.9998734794058444,-5.618063715738331e-20,0.00012650754828367656
Shark_HighFrequencyNoise_3.ply,Shark.ply,HighFrequencyNoise,18,3.86666666666667,770377,770377,2.9722821712493896,0.10637664794921875,0.9826406555406099,0.9961528878661123,0.9958400133924034,0.20693831369811053,0.011642294193398484,0.017311674051841832,0.7131418358332605,0.9352400338808089,0.8148011542348812,0.13717797335542276,0.028130735139162217,0.11605687778367285,0.0,0.0,0.0,0.0,0.1621180968985087,0.36493513666037086,0.48193023619428926,0.1621180968985087,0.36493513666037086,7.923715294831849e-14,4.005012107134965e-14,3.912993394533084e-14,1.0,1.0,1.0,8.638204063505522e-17,7.418472887710766e-17,8.500528925194886e-17,1.0,1.0,1.0,1.0,1.0,1.0,1.0,0.999855443467488,1.337295861991275e-19,0.00014454348349790988
Shark_HighFrequencyNoise_4.ply,Shark.ply,HighFrequencyNoise,18,3.5,770377,770377,3.006436586380005,0.11083221435546875,0.980326101899304,0.9953195854344453,0.9950363836433065,0.1726210964144776,0.008070846288348437,0.012958932283668357,0.7491627127500564,0.9440259703035164,0.8245971635023545,0.11372049447099683,0.0211928061024108,0.09697680759791602,0.0,0.0,0.0,0.0,0.1621180968985087,0.36493513666037086,0.48193023619428926,0.1621180968985087,0.36493513666037086,7.923715294831849e-14,4.005012107134965e-14,3.912993394533084e-14,1.0,1.0,1.0,8.638204063505522e-17,7.418472887710766e-17,8.500528925194886e-17,1.0,1.0,1.0,1.0,1.0,1.0,1.0,0.999855443467488,1.337295861991275e-19,0.00014454348349790988
Shark_HighFrequencyNoise_5.ply,Shark.ply,HighFrequencyNoise,18,3.46428571428571,770377,770377,2.978482246398926,0.07485198974609375,0.978031979715917,0.9945999324120395,0.994277153807584,0.15277556705481443,0.006287963129154679,0.010784163666672274,0.7717324827510657,0.9516850878825637,0.8300569409161518,0.10017067815739719,0.017478759286447147,0.08592250396510559,0.0,0.0,0.0,0.0,0.1621180968985087,0.36493513666037086,0.48193023619428926,0.1621180968985087,0.36493513666037086,7.923715294831849e-14,4.005012107134965e-14,3.912993394533084e-14,1.0,1.0,1.0,8.638204063505522e-17,7.418472887710766e-17,8.500528925194886e-17,1.0,1.0,1.0,1.0,1.0,1.0,1.0,0.999855443467488,1.337295861991275e-19,0.00014454348349790988
Shark_HighFrequencyNoise_6.ply,Shark.ply,HighFrequencyNoise,18,3.14285714285714,770377,770377,2.988349676132202,0.07654190063476562,0.9591485658487419,0.9913556229261123,0.990947212473367,0.09778425151519811,0.0025065828201473106,0.004800437562056725,0.8441087861847153,0.9655629435697869,0.8465146020569067,0.0616427146486395,0.008343982954756586,0.05360615421353475,0.0,0.0,0.0,0.0,0.1621180968985087,0.36493513666037086,0.48193023619428926,0.1621180968985087,0.36493513666037086,7.923715294831849e-14,4.005012107134965e-14,3.912993394533084e-14,1.0,1.0,1.0,8.638204063505522e-17,7.418472887710766e-17,8.500528925194886e-17,1.0,1.0,1.0,1.0,1.0,1.0,1.0,0.999855443467488,1.337295861991275e-19,0.00014454348349790988
Shark_HighFrequencyNoise_7.ply,Shark.ply,HighFrequencyNoise,18,2.67857142857143,770377,770377,3.079385757446289,0.06565475463867188,0.9376409332670286,0.9893542768468829,0.9890151603909493,0.08053559257371648,0.0016566635302403556,0.0033170860629939754,0.8738728714805931,0.9726265930618632,0.8522797507794273,0.049772833679722246,0.005991230467944622,0.043510060957778186,0.0,0.0,0.0,0.0,0.1621180968985087,0.36493513666037086,0.48193023619428926,0.1621180968985087,0.36493513666037086,7.923715294831849e-14,4.005012107134965e-14,3.912993394533084e-14,1.0,1.0,1.0,8.638204063505522e-17,7.418472887710766e-17,8.500528925194886e-17,1.0,1.0,1.0,1.0,1.0,1.0,1.0,0.999855443467488,1.337295861991275e-19,0.00014454348349790988
Soccer_CorrelatedGaussianNoise_1.ply,Soccer.ply,CorrelatedGaussianNoise,22,3.9,800000,800000,2.7983953952789307,0.09265518188476562,0.9980344997916971,0.9977905247417703,0.9976124364213761,0.14284684840618467,0.0,0.0,0.759456165687059,0.0,0.0,0.10515166269603014,0.0,0.09078613312339266,0.0,0.0,0.0,0.0,0.9886007869915097,0.6182249345591011,1.785668572205568,0.9886007869915097,0.6182249345591011,7.79804331160221e-14,4.028922406696392e-14,3.615060752383602e-14,1.0,1.0,1.0,7.722588267663446e-17,8.81987089157441e-17,8.479571103170502e-17,1.0,1.0,1.0,1.0,1.0,1.0,1.0,0.999781034411979,9.723445652698867e-21,0.00021895253109122938
Soccer_CorrelatedGaussianNoise_2.ply,Soccer.ply,CorrelatedGaussianNoise,22,3.5,800000,800000,2.7745754718780518,0.0546417236328125,0.9960598888963236,0.995584099495071,0.9953255318421054,0.09232042694147277,0.0,0.0,0.8387920458881013,0.0,0.0,0.06930426746328183,0.0,0.06518814041639595,0.0,0.0,0.0,0.0,0.9886007869915097,0.6182249345591011,1.785668572205568,0.9886007869915097,0.6182249345591011,7.79804331160221e-14,4.028922406696392e-14,3.615060752383602e-14,1.0,1.0,1.0,7.722588267663446e-17,8.81987089157441e-17,8.479571103170502e-17,1.0,1.0,1.0,1.0,1.0,1.0,1.0,0.999781034411979,9.723445652698867e-21,0.00021895253109122938
Soccer_CorrelatedGaussianNoise_3.ply,Soccer.ply,CorrelatedGaussianNoise,22,3.35714285714286,800000,800000,2.7630374431610107,0.06657028198242188,0.9941587142921756,0.9935620864480341,0.9931454815309404,0.07304492679211468,0.0,0.0,0.8712054658553764,0.0,0.0,0.05091435116732235,0.0,0.0481762352539067,0.0,0.0,0.0,0.0,0.9886007869915097,0.6182249345591011,1.785668572205568,0.9886007869915097,0.6182249345591011,7.79804331160221e-14,4.028922406696392e-14,3.615060752383602e-14,1.0,1.0,1.0,7.722588267663446e-17,8.81987089157441e-17,8.479571103170502e-17,1.0,1.0,1.0,1.0,1.0,1.0,1.0,0.999781034411979,9.723445652698867e-21,0.00021895253109122938
Soccer_CorrelatedGaussianNoise_4.ply,Soccer.ply,CorrelatedGaussianNoise,22,3.0,800000,800000,2.7587034702301025,0.049396514892578125,0.9919738974769529,0.9916115385510078,0.9911186769777759,0.06074571005570402,0.0,0.0,0.8910764857787917,0.0,0.0,0.039029109850718155,0.0,0.03635605395621046,0.0,0.0,0.0,0.0,0.9886007869915097,0.6182249345591011,1.785668572205568,0.9886007869915097,0.6182249345591011,7.79804331160221e-14,4.028922406696392e-14,3.615060752383602e-14,1.0,1.0,1.0,7.722588267663446e-17,8.81987089157441e-17,8.479571103170502e-17,1.0,1.0,1.0,1.0,1.0,1.0,1.0,0.999781034411979,9.723445652698867e-21,0.00021895253109122938
Soccer_CorrelatedGaussianNoise_5.ply,Soccer.ply,CorrelatedGaussianNoise,22,2.75,800000,800000,2.8323400020599365,0.04941558837890625,0.9890942661230714,0.989944429264486,0.9892886415043826,0.05220982628235085,0.0,0.0,0.905160155319009,0.0,0.0,0.031115093305975262,0.0,0.02840781088667313,0.0,0.0,0.0,0.0,0.9886007869915097,0.6182249345591011,1.785668572205568,0.9886007869915097,0.6182249345591011,7.79804331160221e-14,4.028922406696392e-14,3.615060752383602e-14,1.0,1.0,1.0,7.722588267663446e-17,8.81987089157441e-17,8.479571103170502e-17,1.0,1.0,1.0,1.0,1.0,1.0,1.0,0.999781034411979,9.723445652698867e-21,0.00021895253109122938
Soccer_MeanShift_1.ply,Soccer.ply,MeanShift,16,4.125,800000,800000,2.791649103164673,0.051059722900390625,0.9441066418855979,1.0,1.0,1.0,1.0,1.0,1.33786564464945e-16,0.0,0.0,1.0,1.0,1.0,0.0,0.0,0.0,0.0,0.9886007869915097,0.6182249345591011,1.785668572205568,0.9886007869915097,0.6182249345591011,7.79804331160221e-14,4.028922406696392e-14,3.615060752383602e-14,1.0,1.0,1.0,7.722588267663446e-17,8.81987089157441e-17,8.479571103170502e-17,1.0,1.0,1.0,1.0,1.0,1.0,1.0,0.999781034411979,9.723445652698867e-21,0.00021895253109122938
Soccer_MeanShift_3.ply,Soccer.ply,MeanShift,16,3.2,800000,800000,2.756416082382202,0.058834075927734375,0.846333885572091,1.0,1.0,0.33971828814924276,1.0,1.0,0.0022255110617575976,0.0,0.0,0.33971828814924276,1.0,0.33632134925851226,0.0,0.0,0.0,0.0,0.9886007869915097,0.6182249345591011,1.785668572205568,0.9886007869915097,0.6182249345591011,7.79804331160221e-14,4.028922406696392e-14,3.615060752383602e-14,1.0,1.0,1.0,7.722588267663446e-17,8.81987089157441e-17,8.479571103170502e-17,1.0,1.0,1.0,1.0,1.0,1.0,1.0,0.999781034411979,9.723445652698867e-21,0.00021895253109122938
Soccer_MeanShift_4.ply,Soccer.ply,MeanShift,16,2.67857142857143,800000,800000,2.83490252494812,0.05230712890625,0.8326083995152811,1.0,1.0,0.3086377585890995,1.0,1.0,0.004388224152081005,0.0,0.0,0.3086377585890995,1.0,0.302987619116953,0.0,0.0,0.0,0.0,0.9886007869915097,0.6182249345591011,1.785668572205568,0.9886007869915097,0.6182249345591011,7.79804331160221e-14,4.028922406696392e-14,3.615060752383602e-14,1.0,1.0,1.0,7.722588267663446e-17,8.81987089157441e-17,8.479571103170502e-17,1.0,1.0,1.0,1.0,1.0,1.0,1.0,0.999781034411979,9.723445652698867e-21,0.00021895253109122938
Soccer_MeanShift_5.ply,Soccer.ply,MeanShift,16,2.71428571428571,800000,800000,2.7357513904571533,0.05755615234375,0.8205138912295207,1.0,1.0,0.28124013617640314,1.0,1.0,0.0081147464943059,0.0,0.0,0.28124013617640314,1.0,0.2763984916549996,0.0,0.0,0.0,0.0,0.9886007869915097,0.6182249345591011,1.785668572205568,0.9886007869915097,0.6182249345591011,7.79804331160221e-14,4.028922406696392e-14,3.615060752383602e-14,1.0,1.0,1.0,7.722588267663446e-17,8.81987089157441e-17,8.479571103170502e-17,1.0,1.0,1.0,1.0,1.0,1.0,1.0,0.999781034411979,9.723445652698867e-21,0.00021895253109122938
Soccer_MeanShift_7.ply,Soccer.ply,MeanShift,16,1.14285714285714,800000,800000,2.7658395767211914,0.055438995361328125,0.8089119274176336,1.0,1.0,0.012217551234892373,1.0,1.0,0.0,0.0,0.0,0.012217551234892373,1.0,0.012217551234893148,0.0,0.0,0.0,0.0,0.9886007869915097,0.6182249345591011,1.785668572205568,0.9886007869915097,0.6182249345591011,7.79804331160221e-14,4.028922406696392e-14,3.615060752383602e-14,1.0,1.0,1.0,7.722588267663446e-17,8.81987089157441e-17,8.479571103170502e-17,1.0,1.0,1.0,1.0,1.0,1.0,1.0,0.999781034411979,9.723445652698867e-21,0.00021895253109122938
soldier_DownSample_3.ply,soldier.ply,DownSample,26,4.17857142857143,805927,443260,2.7602007389068604,0.11264801025390625,0.9894414560088777,0.9993703902926944,0.9994479698061014,0.8127283207138593,0.8406283582975056,0.8385317611729752,0.9269599552005943,0.9343013137376316,0.9349398158407658,0.8150595471877233,0.8362148830579422,0.7628584355110202,0.9971753731518602,0.5513391612516939,0.5554275976648698,0.36140246244664653,0.37694449893074583,0.9593026379407413,1.6482537468370029,0.776473047505681,0.881232283956282,0.993815055507037,0.5438717643032834,0.36783572124506037,0.7425649915275438,0.6967462014313461,0.7506347425505455,1.0026864373082292,1.001804053456632,0.880032085926946,0.7277299127924819,0.6470175795821482,0.9931937270188498,0.9188368152235442,0.4306014778308689,0.8578701538237905,0.8573184828515609,0.5943260907754199,0.40763673142148904,0.0024087967746186227
soldier_DownSample_4.ply,soldier.ply,DownSample,26,3.92857142857143,805927,322371,2.6347861289978027,0.09769439697265625,0.9842965569930511,0.9990676086690401,0.999177852209227,0.7393710359710978,0.7776415005302928,0.7745910284546765,0.9413188365049302,0.9438612782740305,0.9449604373714894,0.7418619079083252,0.7681066831659049,0.6808635931979359,1.40805033902299,0.7936082812613615,0.7886164017771944,0.4939076741876722,0.37694449893074583,0.9593026379407413,1.8865102041349728,0.9622608119867898,0.8564859765609326,1.3726292886815004,0.6942535540804075,0.6308776150292844,0.6114575735024085,0.5622066945910353,0.6004045826060993,0.9988933480320255,1.000008276691068,0.8840770403590343,0.5852642655882,0.4924776621917891,0.9884720449324462,0.9077083486623574,0.38516725961268483,0.8032783850384155,0.7986842850538571,0.555862674571154,0.4651128981629598,0.004993720452490108
soldier_DownSample_5.ply,soldier.ply,DownSample,26,3.64285714285714,805927,241778,2.587465286254883,0.081207275390625,0.9797095446787237,0.9987794607752487,0.9989208792438425,0.6825149305696495,0.7259568576971985,0.722282771033781,0.9539661426748332,0.9534246413699703,0.9540549805289724,0.6849166382607205,0.7125328156398204,0.6203307668870782,1.803590204521008,1.0278791696425282,1.0260438625119035,0.6035053119832627,0.37694449893074583,0.9593026379407413,2.1395360674953343,1.1615994776065546,0.8272335864229933,1.7684350197859253,0.8520192436216356,0.9234188022596347,0.5042563704588617,0.4574470361547174,0.4694047513420228,1.0010443317336326,0.9997466601542181,0.890228360698555,0.467053207736209,0.3776287827063453,0.9826754050534525,0.9005459256713108,0.36492190671128955,0.7554564958083024,0.746187545490294,0.5366254086889747,0.4867920905433781,0.008702374421694116
soldier_DownSample_6.ply,soldier.ply,DownSample,26,3.0625,805927,161185,2.5404083728790283,0.05748748779296875,0.973464651056746,0.9983770387677752,0.9985581812699493,0.6161356737750138,0.662322182089491,0.658619613079033,0.9693925007484674,0.9646721504046409,0.9629731617154138,0.6181035604922483,0.6445703259257836,0.5527303345853961,2.338748279148848,1.3859403117032578,1.3469576616706624,0.7003666176644866,0.37694449893074583,0.9593026379407413,2.554296797156455,1.4367371503148316,0.8146933453933133,2.4397853891897725,1.0936611551961488,1.4375353416107008,0.3762697564208846,0.33644679293520086,0.31085888530558103,1.0016540567831609,1.0005158342561224,0.8998152989914427,0.32649875945220286,0.2541933917706426,0.9710362281120585,0.8925785341053909,0.35100967028375857,0.6926740922217473,0.6771792645714969,0.5202337124093273,0.5096675241524288,0.01631466088409221
soldier_DownSample_7.ply,soldier.ply,DownSample,26,2.39285714285714,805927,80593,2.5652246475219727,0.034420013427734375,0.9633439227745317,0.9976832524109993,0.997929232346913,0.5314235033501211,0.5694391912084323,0.5635889865412389,0.9830403870735593,0.9770410459075398,0.9751095324698804,0.5326985569263529,0.5494658642031152,0.4701142238056366,3.44659974628484,2.095520584676963,2.046880752193807,0.8456893948732677,0.37694449893074583,0.9593026379407413,3.5153160516370527,2.09195857919877,0.7758941364785091,4.010810560190078,1.6221374757169045,2.6677103898339425,0.219697594775192,0.19297256296850845,0.13324278917198168,1.0010124642519953,0.9990339252310545,0.9217200581109257,0.16438383611301444,0.12482767538233251,0.9397109862444258,0.8750074796142496,0.3319530520411445,0.59243592300638,0.5673815671752135,0.4995167829808169,0.5332826564016278,0.03659088284209851
soldier_LumaNoise_1.ply,soldier.ply,LumaNoise,6,4.06666666666667,805927,805927,3.102888822555542,0.12213134765625,0.904025954447259,0.9999984219500028,0.9999108886328678,0.999997747522233,0.9998844431076104,0.9749233907370329,2.1865058035042755e-08,0.0002083074720780831,0.026878335360679705,0.9996647178861074,0.9912712587772258,0.9994970906409204,0.0,0.0,0.0,0.0,0.37694449893074583,0.9593026379407413,1.1865861885907847,0.37694449893074583,0.9593026379407413,7.593157871357908e-14,3.755279261510364e-14,3.865557864528406e-14,1.0,1.0,1.0,7.03585599806829e-17,8.006679895097708e-17,7.220185585231288e-17,1.0,1.0,1.0,1.0,1.0,1.0,1.0,0.9998333272297041,1.8502946120997567e-20,0.00016665972251152548
soldier_LumaNoise_3.ply,soldier.ply,LumaNoise,6,3.21875,805927,805927,3.1467347145080566,0.07803726196289062,0.7318574787109859,0.9999067378761637,0.9995011541556816,0.9951649026396105,0.9949723704048277,0.9170300260959956,0.0007678592153342456,0.0074549133778829026,0.09406267959129086,0.9951391798968128,0.9677580783701106,0.9930428669864108,0.0,0.0,0.0,0.0,0.37694449893074583,0.9593026379407413,1.1865861885907847,0.37694449893074583,0.9593026379407413,7.593157871357908e-14,3.755279261510364e-14,3.865557864528406e-14,1.0,1.0,1.0,7.03585599806829e-17,8.006679895097708e-17,7.220185585231288e-17,1.0,1.0,1.0,1.0,1.0,1.0,1.0,0.9998333272297041,1.8502946120997567e-20,0.00016665972251152548
soldier_LumaNoise_4.ply,soldier.ply,LumaNoise,6,3.09375,805927,805927,3.1055309772491455,0.08057403564453125,0.6810265297314844,0.9997160755060762,0.9990737948889729,0.9833313779215306,0.981607705245981,0.8806564210992621,0.0027540050470028716,0.017513227236401974,0.12623560501823208,0.9837277529738443,0.9479441156971136,0.9798540866414062,0.0,0.0,0.0,0.0,0.37694449893074583,0.9593026379407413,1.1865861885907847,0.37694449893074583,0.9593026379407413,7.593157871357908e-14,3.755279261510364e-14,3.865557864528406e-14,1.0,1.0,1.0,7.03585599806829e-17,8.006679895097708e-17,7.220185585231288e-17,1.0,1.0,1.0,1.0,1.0,1.0,1.0,0.9998333272297041,1.8502946120997567e-20,0.00016665972251152548
soldier_LumaNoise_5.ply,soldier.ply,LumaNoise,6,3.1875,805927,805927,3.118486166000366,0.04347991943359375,0.637996671111318,0.9992775947415387,0.9980125210242373,0.9465530474232925,0.9462308518039694,0.812374707986164,0.008642771911984206,0.04983369964898625,0.19502552202521314,0.9498215088737831,0.9125915660037217,0.9392986209356424,0.0,0.0,0.0,0.0,0.37694449893074583,0.9593026379407413,1.1865861885907847,0.37694449893074583,0.9593026379407413,7.593157871357908e-14,3.755279261510364e-14,3.865557864528406e-14,1.0,1.0,1.0,7.03585599806829e-17,8.006679895097708e-17,7.220185585231288e-17,1.0,1.0,1.0,1.0,1.0,1.0,1.0,0.9998333272297041,1.8502946120997567e-20,0.00016665972251152548
soldier_LumaNoise_7.ply,soldier.ply,LumaNoise,6,2.35714285714286,805927,805927,3.11207914352417,0.08016204833984375,0.5779251764390142,0.9963100247807913,0.9925907384035194,0.5901972713384853,0.6883125720659029,0.5604363315893326,0.089212268863392,0.24965268427855272,0.4355567505325271,0.6047634622988133,0.6804073429732658,0.5580357465254808,0.0,0.0,0.0,0.0,0.37694449893074583,0.9593026379407413,1.1865861885907847,0.37694449893074583,0.9593026379407413,7.593157871357908e-14,3.755279261510364e-14,3.865557864528406e-14,1.0,1.0,1.0,7.03585599806829e-17,8.006679895097708e-17,7.220185585231288e-17,1.0,1.0,1.0,1.0,1.0,1.0,1.0,0.9998333272297041,1.8502946120997567e-20,0.00016665972251152548
SpiderMonkey_C2AI-lossy-geom-lossy-attrs_3.ply,SpiderMonkey.ply,C2AI-lossy-geom-lossy-attrs,12,4.96428571428571,825325,782571,3.4183387756347656,0.0803680419921875,0.9889162488729137,0.9976580589095457,0.9976637326429394,0.5478713094219678,0.20526919906383645,0.21711929104167238,0.9572321717004625,0.32828508434397463,0.28730617467616343,0.5449705705119309,0.18771906435282265,0.44460276505216706,1.5502168054752663,0.7591751532045671,0.7500962551562327,0.8174618761517655,0.1870131044714958,0.4367086311846139,1.5877686559656803,0.7800876874625997,0.8156477357027382,0.972203929750838,0.42725761733657,0.5960279787034829,0.9159851581328972,0.8991907242972466,0.29965137917005985,0.9990718558869243,1.0002515563731478,0.9469560971961292,0.6718301720408149,0.8894026998666144,0.9821945884182651,0.9451583675655154,0.30582060415694806,0.32705904243113254,0.3133193851842814,0.5028227222360974,0.5414930179013594,0.005330159140905702
SpiderMonkey_C2AI-lossy-geom-lossy-attrs_4.ply,SpiderMonkey.ply,C2AI-lossy-geom-lossy-attrs,12,4.5625,825325,762584,3.4312403202056885,0.043178558349609375,0.9824040529975742,0.9974742308324199,0.9974198797144712,0.4211274264595079,0.16877515528512002,0.21739072916601893,0.9740028117403706,0.26658362337170405,0.29521569421650884,0.42066626706093535,0.15735647918115742,0.3191662970319144,1.8082093780821302,0.8038060793389118,0.8029342281182624,1.0989288412436344,0.1870131044714958,0.4367086311846139,1.8294631798819119,0.8319413514496551,1.079982216334335,1.3435867649681423,0.43959900443420113,1.033079775216179,0.908749705665691,0.8890978495188221,0.27400029321925296,0.9982743305508502,0.9998358591887124,0.9522337818460409,0.6468114540705848,0.8782138581534948,0.9786240262837715,0.9443798540589976,0.30476854024859884,0.3050116583561235,0.2917892455698727,0.5000277917379066,0.5427554290736996,0.008042147697036248
SpiderMonkey_C2AI-lossy-geom-lossy-attrs_5.ply,SpiderMonkey.ply,C2AI-lossy-geom-lossy-attrs,12,4.0,825325,762778,3.436680316925049,0.14744186401367188,0.9714382942526385,0.9975329417056077,0.995506253871336,0.33047571117642,0.12074400083373063,0.19911648014236455,0.9706219491485052,0.1785382172933079,0.27688008431518263,0.33047049573092213,0.13428825981785433,0.2380991466683571,2.9541129079103943,0.9856388406080127,0.9941368403434161,2.305596770611334,0.1870131044714958,0.4367086311846139,2.9583835790768087,1.0145233854040623,2.284810941933173,2.8710414519863456,0.503165713178848,2.651800728845061,0.9088321395668469,0.8888218252009151,0.2327914609170862,0.9999060426726571,0.9998969073318753,0.9580771298555305,0.6175454761137431,0.8795298052320203,0.9686895503620309,0.935360829390473,0.3048677113988478,0.25914639497141345,0.24657453940845314,0.4933804672658134,0.5489318821889727,0.015605965652860565
SpiderMonkey_C2AI-lossy-geom-lossy-attrs_6.ply,SpiderMonkey.ply,C2AI-lossy-geom-lossy-attrs,12,3.46428571428571,825325,762187,3.446197032928467,0.07848358154296875,0.9607945086374717,0.9978062301980748,0.9953548170127358,0.26366964310671737,0.03218602941214572,0.20944482486599528,0.9168808918787469,0.013720294987682598,0.29207890261108505,0.2638887918693382,0.0826554097360981,0.18651389813684788,2.405338065381767,0.9295255723180472,0.9222631584984007,1.6983299407876857,0.1870131044714958,0.4367086311846139,2.3968260854246077,0.9460617170240206,1.6551089560419074,2.0432506299138344,0.5029914479362083,1.7555002454847788,0.9040304298674043,0.885007045039391,0.20563747150030298,0.9994363081127324,1.0007194978033573,0.9627920347281869,0.5917214646692536,0.8730555212509278,0.9604384549842437,0.9347020293624472,0.3026503017188178,0.229235072878158,0.2173934508382668,0.49307544922905605,0.5458523503934861,0.020817517999063617
SpiderMonkey_C2AI-lossy-geom-lossy-attrs_7.ply,SpiderMonkey.ply,C2AI-lossy-geom-lossy-attrs,12,3.0,825325,759643,3.4580318927764893,0.13013458251953125,0.9480431207665201,0.9978110391424284,0.9957492597133045,0.2137305786499579,0.027849875778282563,0.1930438447723034,0.8387677367286664,0.0032288551072914237,0.26438169354089414,0.2156757809818809,0.07881170581990515,0.1516350809066618,3.8194548287821117,1.2059016928310269,1.1951342394341138,3.0703226607261995,0.1870131044714958,0.4367086311846139,3.8057422921715154,1.2126930008218721,3.0351742050709576,3.7454911122291015,0.7229482430102347,3.425008396047405,0.8985085340973721,0.8802992815711027,0.16437327350607212,0.9986623841286076,1.0004586080137554,0.9706897725411171,0.5513058938807406,0.8690249112914458,0.9342718443231859,0.9078355746061803,0.30240226141442844,0.1841671945094779,0.17306221414035278,0.48454348083655097,0.5514429284058557,0.04015252742820982
SpiderMonkey_LocalLoss_1.ply,SpiderMonkey.ply,LocalLoss,28,3.82142857142857,825325,785998,3.478893280029297,0.07547378540039062,0.9958658025006757,0.9999101561988956,0.9999081775810061,0.9843203040505981,0.9858713145783734,0.9849574384315737,0.29971548327048914,0.28931583781468717,0.2790109837457548,0.9847079769047767,0.9885042438128112,0.9803238109785395,3.8274804555576494,2.4781106975322866,2.149065879746128,0.7563175746772852,0.1870131044714958,0.4367086311846139,4.373437063246383,2.32770434296373,1.174973254265759,3.9666455435400874,2.2360933042561624,0.776191797922406,0.9734537615224974,0.9721607379562006,0.9591673366188069,0.3361151114560768,0.33496646806117836,0.25953910585360895,0.9698116384234226,0.9692493492930206,0.9922085984616594,0.9647906524259482,0.9033518720099384,0.9677357178565352,0.9634787610920964,0.9368382671525884,0.056990260820997354,0.00683325051096291
SpiderMonkey_LocalLoss_2.ply,SpiderMonkey.ply,LocalLoss,28,3.60714285714286,825325,757421,3.5456643104553223,0.06738662719726562,0.9930221523869809,0.9998394650045092,0.9998389584388391,0.9727783182846341,0.9765842944450303,0.9757450429388896,0.3357116391663375,0.3260588284690094,0.31493359880178157,0.9732743047677824,0.980403398585047,0.9662579261624191,7.102225355819173,4.475388198666859,4.063963031014227,1.3752232704313492,0.1870131044714958,0.4367086311846139,7.629493431165629,4.235236526051263,1.778599642910054,7.337461397016691,4.231677913268704,1.4326169641370077,0.9564281920114304,0.9555680674076447,0.9272500380797599,0.37607061119191526,0.3742800496943274,0.2915602986393642,0.9468477266617409,0.9492710063015598,0.9838080461558282,0.9422600376737068,0.8679604498609327,0.9387734715892986,0.9342160944895852,0.9140592993630114,0.08048354520041422,0.01820586178371116
SpiderMonkey_LocalLoss_3.ply,SpiderMonkey.ply,LocalLoss,28,2.53125,825325,677898,3.450326681137085,0.03106689453125,0.9821845429412396,0.9996067481556724,0.999581339081297,0.938754721753779,0.9451945594933153,0.9393098910647764,0.41031610606095203,0.3964629699069828,0.37366273193192956,0.9396674411975029,0.9514439243100291,0.9258450736787965,19.743285943073516,11.338057246908027,11.143876293064029,6.257416603420387,0.1870131044714958,0.4367086311846139,20.21700124633847,11.29695796895981,6.614644615583833,20.26823782884623,11.465271539622089,6.4788092166523965,0.911991697825211,0.9129696561066768,0.8364099371348166,0.44614347986244857,0.4433943321424973,0.3654580243911123,0.8774953243134485,0.8995976069083618,0.9347330534174219,0.8775158708152748,0.785999911021862,0.8526562700903073,0.8469886786052302,0.8548797310386844,0.1408670583438218,0.07239966165485172
SpiderMonkey_LocalLoss_4.ply,SpiderMonkey.ply,LocalLoss,28,2.3,825325,599623,3.446457624435425,0.029560089111328125,0.9708676880679507,0.9993853059009646,0.999436267039752,0.9074421109613582,0.9125547406505629,0.9019172237538206,0.4836615288347823,0.4695544185102786,0.4339023667744449,0.9088475250869313,0.920682030012439,0.8879092476254647,28.45383920070285,17.055457606254006,16.184167230706738,7.847650509366147,0.1870131044714958,0.4367086311846139,28.87756781992573,16.31754723132421,8.162391400604841,29.28423775270063,16.711334223144803,8.130717296034792,0.8680855859583051,0.8646940964937246,0.7521273975386586,0.5160271868480889,0.5147290828636153,0.4382274068765655,0.815315536263659,0.8476936599327134,0.9151431878470716,0.8202594573520687,0.7051376744270585,0.7798146590545435,0.769654869191252,0.799972489832317,0.20499362323045262,0.08226020534093408
SpiderMonkey_LocalLoss_5.ply,SpiderMonkey.ply,LocalLoss,28,2.21428571428571,825325,530053,3.5147430896759033,0.031909942626953125,0.9619796542334405,0.9991537328620318,0.999189260619349,0.8767066741905485,0.8899580610328831,0.8762122455449008,0.5442916343651916,0.5280466134002474,0.5019445607865207,0.8784229095163317,0.8984920924800964,0.8513170383498753,39.75971155854776,23.10464965260479,22.01090727273193,13.10589360288036,0.1870131044714958,0.4367086311846139,40.138124313121864,22.131755957721023,13.377810506423357,40.84136356327132,22.75093186158559,13.24081869017245,0.8243539667292222,0.8180503515281421,0.6710411240048427,0.5727485802608309,0.5723136859560011,0.49384745099842625,0.752887759272796,0.7929094039532386,0.8792932815964026,0.7558547487900655,0.6346790957319111,0.7045382142302945,0.6925690773592451,0.7467958418952123,0.25560299228329114,0.13594038897830052
Statue_GammaNoise_1.ply,Statue.ply,GammaNoise,2,3.3,800000,800000,3.585134267807007,0.08021926879882812,0.8668887036786218,0.9998232717980163,0.9997475116110506,0.16899146487684336,0.977725973920999,0.9679009893868179,0.7416580096718934,0.022895645688386347,0.03132798347027453,0.19447535015566447,0.5204338140684293,0.1390442159611619,0.0,0.0,0.0,0.0,0.6549627227386531,2.5424493503053798,2.78717750049215,0.6549627227386531,2.5424493503053798,8.211515801940586e-14,4.1322564742765024e-14,3.920606165119977e-14,1.0,1.0,1.0,6.513577211887976e-17,6.393994518293026e-17,8.036807014944539e-17,1.0,1.0,1.0,1.0,1.0,1.0,1.0,0.9999609030393473,-4.339181679923226e-21,3.9083873993563874e-05
Statue_GammaNoise_3.ply,Statue.ply,GammaNoise,2,2.96666666666667,800000,800000,3.589179277420044,0.039554595947265625,0.8212550996882894,0.9995754015050091,0.999384996080192,0.12082130113608892,0.9233628124442648,0.8637685769662807,0.8048162077049286,0.07604905149688651,0.12920852723542456,0.13678063022758033,0.4199647733192468,0.09836203351023641,0.0,0.0,0.0,0.0,0.6549627227386531,2.5424493503053798,2.78717750049215,0.6549627227386531,2.5424493503053798,8.211515801940586e-14,4.1322564742765024e-14,3.920606165119977e-14,1.0,1.0,1.0,6.513577211887976e-17,6.393994518293026e-17,8.036807014944539e-17,1.0,1.0,1.0,1.0,1.0,1.0,1.0,0.9999609030393473,-4.339181679923226e-21,3.9083873993563874e-05
Statue_GammaNoise_4.ply,Statue.ply,GammaNoise,2,3.14285714285714,800000,800000,3.607128143310547,0.04544830322265625,0.7981806370781775,0.9993128455575727,0.9989436275906507,0.10704829047046495,0.8408037753308053,0.7454150217171052,0.8270441151161944,0.15228737155679628,0.2373406464303785,0.11999922285631251,0.35969369863366457,0.08719169696007803,0.0,0.0,0.0,0.0,0.6549627227386531,2.5424493503053798,2.78717750049215,0.6549627227386531,2.5424493503053798,8.211515801940586e-14,4.1322564742765024e-14,3.920606165119977e-14,1.0,1.0,1.0,6.513577211887976e-17,6.393994518293026e-17,8.036807014944539e-17,1.0,1.0,1.0,1.0,1.0,1.0,1.0,0.9999609030393473,-4.339181679923226e-21,3.9083873993563874e-05
Statue_GammaNoise_5.ply,Statue.ply,GammaNoise,2,2.85714285714286,800000,800000,3.432486057281494,0.04170989990234375,0.7694770276600991,0.9986830892820809,0.997875867222032,0.09509363332333155,0.6702246791341709,0.5621388700516131,0.8512951016694733,0.3082621629579734,0.4086374648588766,0.10547078406295285,0.27982160950652946,0.07763676675647203,0.0,0.0,0.0,0.0,0.6549627227386531,2.5424493503053798,2.78717750049215,0.6549627227386531,2.5424493503053798,8.211515801940586e-14,4.1322564742765024e-14,3.920606165119977e-14,1.0,1.0,1.0,6.513577211887976e-17,6.393994518293026e-17,8.036807014944539e-17,1.0,1.0,1.0,1.0,1.0,1.0,1.0,0.9999609030393473,-4.339181679923226e-21,3.9083873993563874e-05
Statue_GammaNoise_7.ply,Statue.ply,GammaNoise,2,2.28571428571429,800000,800000,3.3893754482269287,0.0428314208984375,0.6859415279438097,0.9927337611092153,0.989100864689475,0.08146602379352369,0.26578004738996763,0.2601710970081633,0.8964534069188084,0.707117599300671,0.7280386121134443,0.08880288977917976,0.1524630014245368,0.06707096685600797,0.0,0.0,0.0,0.0,0.6549627227386531,2.5424493503053798,2.78717750049215,0.6549627227386531,2.5424493503053798,8.211515801940586e-14,4.1322564742765024e-14,3.920606165119977e-14,1.0,1.0,1.0,6.513577211887976e-17,6.393994518293026e-17,8.036807014944539e-17,1.0,1.0,1.0,1.0,1.0,1.0,1.0,0.9999609030393473,-4.339181679923226e-21,3.9083873993563874e-05
Statue_HighFrequencyNoise_3.ply,Statue.ply,HighFrequencyNoise,18,3.53333333333333,800000,800000,3.435814142227173,0.09706878662109375,0.9850047672700519,0.9949529190942246,0.994785012834559,0.18309886695230093,0.025774002286848462,0.05992025769024166,0.7575624716303797,0.9223130037385706,0.8799741483859326,0.13250974145502536,0.054577947804067974,0.10303116583776455,0.0,0.0,0.0,0.0,0.6549627227386531,2.5424493503053798,2.78717750049215,0.6549627227386531,2.5424493503053798,8.211515801940586e-14,4.1322564742765024e-14,3.920606165119977e-14,1.0,1.0,1.0,6.513577211887976e-17,6.393994518293026e-17,8.036807014944539e-17,1.0,1.0,1.0,1.0,1.0,1.0,1.0,0.9999609030393473,-4.339181679923226e-21,3.9083873993563874e-05
Statue_HighFrequencyNoise_4.ply,Statue.ply,HighFrequencyNoise,18,3.3,800000,800000,3.409497022628784,0.06903839111328125,0.9843069522264695,0.9940664639117343,0.9940746742934211,0.1542191598439729,0.017787691134352343,0.043548312439062306,0.7853214858602946,0.9355380859208554,0.8998664771162718,0.10473066936320141,0.03999644445695895,0.08038720335545418,0.0,0.0,0.0,0.0,0.6549627227386531,2.5424493503053798,2.78717750049215,0.6549627227386531,2.5424493503053798,8.211515801940586e-14,4.1322564742765024e-14,3.920606165119977e-14,1.0,1.0,1.0,6.513577211887976e-17,6.393994518293026e-17,8.036807014944539e-17,1.0,1.0,1.0,1.0,1.0,1.0,1.0,0.9999609030393473,-4.339181679923226e-21,3.9083873993563874e-05
Statue_HighFrequencyNoise_5.ply,Statue.ply,HighFrequencyNoise,18,3.375,800000,800000,3.395280122756958,0.03632354736328125,0.983714244736832,0.9933893874908339,0.9934693414476767,0.1336328283330832,0.013717852078920203,0.034170014868172956,0.8067053210384756,0.9434077783295585,0.912119526428578,0.08727318220224756,0.03171474272600256,0.06618960673111197,0.0,0.0,0.0,0.0,0.6549627227386531,2.5424493503053798,2.78717750049215,0.6549627227386531,2.5424493503053798,8.211515801940586e-14,4.1322564742765024e-14,3.920606165119977e-14,1.0,1.0,1.0,6.513577211887976e-17,6.393994518293026e-17,8.036807014944539e-17,1.0,1.0,1.0,1.0,1.0,1.0,1.0,0.9999609030393473,-4.339181679923226e-21,3.9083873993563874e-05
Statue_HighFrequencyNoise_6.ply,Statue.ply,HighFrequencyNoise,18,3.1875,800000,800000,3.3655190467834473,0.04834747314453125,0.9783878497324912,0.9891143405585756,0.9899711189727023,0.07190109212617886,0.005075043474241274,0.01328907711106521,0.8744508036787635,0.9668231788379674,0.9466527527560596,0.04054904239567667,0.012665383576027242,0.02886074184224049,0.0,0.0,0.0,0.0,0.6549627227386531,2.5424493503053798,2.78717750049215,0.6549627227386531,2.5424493503053798,8.211515801940586e-14,4.1322564742765024e-14,3.920606165119977e-14,1.0,1.0,1.0,6.513577211887976e-17,6.393994518293026e-17,8.036807014944539e-17,1.0,1.0,1.0,1.0,1.0,1.0,1.0,0.9999609030393473,-4.339181679923226e-21,3.9083873993563874e-05
Statue_HighFrequencyNoise_7.ply,Statue.ply,HighFrequencyNoise,18,2.28571428571429,800000,800000,3.375352621078491,0.00717926025390625,0.9724996012883054,0.98637784209561,0.9873832988100285,0.05267654837256007,0.0033083208752406374,0.00874812988724785,0.8990799861362915,0.975548664808031,0.959056407727251,0.028161045451302512,0.00839620172493672,0.019346790833564907,0.0,0.0,0.0,0.0,0.6549627227386531,2.5424493503053798,2.78717750049215,0.6549627227386531,2.5424493503053798,8.211515801940586e-14,4.1322564742765024e-14,3.920606165119977e-14,1.0,1.0,1.0,6.513577211887976e-17,6.393994518293026e-17,8.036807014944539e-17,1.0,1.0,1.0,1.0,1.0,1.0,1.0,0.9999609030393473,-4.339181679923226e-21,3.9083873993563874e-05
Statue_limitlossyG-lossyA_3.ply,Statue.ply,limitlossyG-lossyA,5,4.89285714285714,800000,677404,3.3802907466888428,0.02046966552734375,0.9973250164588986,0.9954386030502745,0.9971553820649272,0.750630438388348,0.2558712581492225,0.40541990890794416,0.9337795046139027,0.6342963558731847,0.6909512011603941,0.6813545817595912,0.2983693513925482,0.555865239435766,1.1243667974271865,0.5742220635544746,0.5725814123697961,0.5344095212690739,0.6549627227386531,2.5424493503053798,2.977484306533642,0.8874578961745514,2.5368621142815067,0.8275779708928698,0.3566271718977623,0.5049661236896523,0.9677064599278536,0.946970056881528,0.9110695395265229,0.9668637009673042,0.9579251473636549,0.7204890244308957,0.9510006073508929,0.9502386522072073,0.9077610747520444,0.8402307779118887,0.6760831641318498,0.9344416694502852,0.9091059446891084,0.7430794690167533,0.15698188876166497,0.03421436234825909
Statue_limitlossyG-lossyA_4.ply,Statue.ply,limitlossyG-lossyA,5,4.4375,800000,442456,3.096205949783325,0.018306732177734375,0.9924400738928951,0.9883435341634127,0.9923458874460643,0.5874675061713153,0.075594174378864,0.1821659101153038,0.9611054543013505,0.29633278376166367,0.4802752179226214,0.545532978128428,0.08718296817424245,0.4077978506048948,2.018062157073001,1.0463736296235349,1.0304176011372383,0.9477771268457543,0.6549627227386531,2.5424493503053798,3.3630423218766863,1.2239509554652526,2.5587200938490886,2.0330255948456837,0.6786870309570567,1.61122174860287,0.8706402567823068,0.7893841492410193,0.7714307014166552,0.9986725408603827,0.9926961997338195,0.826877054275269,0.8090084568415177,0.779337732721746,0.8684411604518969,0.7996949733640244,0.4156354405058473,0.9166059352087375,0.8746793694331537,0.5770279787198143,0.39398367526573197,0.05240862283760203
Statue_limitlossyG-lossyA_5.ply,Statue.ply,limitlossyG-lossyA,5,2.75,800000,164196,2.7494900226593018,0.003170013427734375,0.9766558793076757,0.966104228026877,0.9770528048614783,0.39662548449129315,0.024083657127723195,0.07030493166935793,0.9196200560855373,0.3725412980591786,0.6067542884113954,0.2645654653992828,0.033161511900847984,0.18724865172220165,3.8898254646066976,1.9815506066371198,1.9699826970973946,1.8954093976915385,0.6549627227386531,2.5424493503053798,4.6820101120972515,2.075238902809521,2.8950316341592424,3.5665874425310706,0.9996473868021192,3.0657837710724936,0.4993511670182022,0.4287377481506654,0.6080678646250293,0.9994863552141074,0.9983462894625585,0.9279318637222359,0.5060156461427616,0.3942499368108741,0.8614194586345586,0.6531288423654601,0.3062678464269028,0.8261585760362271,0.8243030178031364,0.4893698138940493,0.538134726918299,0.054438117199957996
Statue_limitlossyG-lossyA_6.ply,Statue.ply,limitlossyG-lossyA,5,2.07142857142857,800000,73075,2.7108585834503174,0.03681182861328125,0.9635647778780254,0.9472207598984956,0.9695351232905314,0.3060680682768605,0.029555531098930544,0.061423287001252644,0.9386981380529186,0.5586874096866491,0.2662453822951231,0.23244727633786877,0.05842110894080504,0.15833459831213578,5.798515404112105,2.9162217405638566,2.911354041423473,2.8777414851055454,0.6549627227386531,2.5424493503053798,6.314813174240661,2.9889347064771847,3.5277426935865686,4.4066383937468325,1.2608400389122956,3.7017652973673356,0.268134830286705,0.22660422093608446,0.44239051433839727,1.0013865007198561,0.9998631076798569,0.9574024116562297,0.29794117628705735,0.18594045594401712,0.8143862964048246,0.6040841453230076,0.3037752719651591,0.707173389629191,0.6977063984946628,0.48252013550318484,0.5442781090511767,0.05672660528808654
Statue_limitlossyG-lossyA_7.ply,Statue.ply,limitlossyG-lossyA,5,1.64285714285714,800000,37044,2.6337456703186035,0.002094268798828125,0.94470124394401,0.9549916529834345,0.9452846761271279,0.24529585858475325,0.0027812563263360742,0.016567169951833497,0.8998973494089784,0.0067229704213124615,0.08814685218230453,0.27112093749996513,0.0033998683647840843,0.18386069959976992,7.690164099759418,3.855713960454619,3.8636260501451085,3.8215829484713177,0.6549627227386531,2.5424493503053798,8.094697206505247,3.9255934565239894,4.328681542993026,5.6110250374104575,1.6217466843069621,4.667517040933621,0.15055429189612063,0.12626117840526477,0.28994731289464143,1.0016866479943525,1.0010130067866572,0.9709899480330204,0.1737994719514676,0.09283589477219156,0.8018981327922441,0.5938414448969421,0.2985484127620861,0.6664897229475218,0.6532526202684894,0.47852277780215685,0.5466611711311399,0.06343753570818444
Statue_PoissonNoise_3.ply,Statue.ply,PoissonNoise,8,3.90625,800000,800000,3.404383659362793,0.07967376708984375,0.8666382451757698,0.9985942336887504,0.9987251076243454,0.5622646014812884,0.17944754625727333,0.29146490555645665,0.3826388369988094,0.7355123518355372,0.62976172423061,0.4662742797996924,0.2946134534059071,0.3875305798892642,0.0,0.0,0.0,0.0,0.6549627227386531,2.5424493503053798,2.78717750049215,0.6549627227386531,2.5424493503053798,8.211515801940586e-14,4.1322564742765024e-14,3.920606165119977e-14,1.0,1.0,1.0,6.513577211887976e-17,6.393994518293026e-17,8.036807014944539e-17,1.0,1.0,1.0,1.0,1.0,1.0,1.0,0.9999609030393473,-4.339181679923226e-21,3.9083873993563874e-05
Statue_PoissonNoise_4.ply,Statue.ply,PoissonNoise,8,3.63333333333333,800000,800000,3.39625883102417,0.03910064697265625,0.8302477210427867,0.9982481406401353,0.9984716347273482,0.5090816439790817,0.15050401526564225,0.25286443678760095,0.4238223515719397,0.7675767681691944,0.6620890353991733,0.41629062873962275,0.255219053239374,0.34130878120539165,0.0,0.0,0.0,0.0,0.6549627227386531,2.5424493503053798,2.78717750049215,0.6549627227386531,2.5424493503053798,8.211515801940586e-14,4.1322564742765024e-14,3.920606165119977e-14,1.0,1.0,1.0,6.513577211887976e-17,6.393994518293026e-17,8.036807014944539e-17,1.0,1.0,1.0,1.0,1.0,1.0,1.0,0.9999609030393473,-4.339181679923226e-21,3.9083873993563874e-05
Statue_PoissonNoise_5.ply,Statue.ply,PoissonNoise,8,3.625,800000,800000,3.4133989810943604,0.048755645751953125,0.7971423158648013,0.9979589242025516,0.9982277805404292,0.46586288383966373,0.13012432746119496,0.22332657729603808,0.4538427028382996,0.7883565951497963,0.683489728137669,0.3742107560656663,0.2249388862874292,0.30356421098183173,0.0,0.0,0.0,0.0,0.6549627227386531,2.5424493503053798,2.78717750049215,0.6549627227386531,2.5424493503053798,8.211515801940586e-14,4.1322564742765024e-14,3.920606165119977e-14,1.0,1.0,1.0,6.513577211887976e-17,6.393994518293026e-17,8.036807014944539e-17,1.0,1.0,1.0,1.0,1.0,1.0,1.0,0.9999609030393473,-4.339181679923226e-21,3.9083873993563874e-05
Statue_PoissonNoise_6.ply,Statue.ply,PoissonNoise,8,3.3,800000,800000,3.3842594623565674,0.0309906005859375,0.7668144652034788,0.9976975251280151,0.9980052411503132,0.4298261976420021,0.11527445392592496,0.202399673519332,0.48033973618473247,0.801986910957091,0.7034816473163001,0.34018726566310054,0.20362597230329674,0.27275405532310587,0.0,0.0,0.0,0.0,0.6549627227386531,2.5424493503053798,2.78717750049215,0.6549627227386531,2.5424493503053798,8.211515801940586e-14,4.1322564742765024e-14,3.920606165119977e-14,1.0,1.0,1.0,6.513577211887976e-17,6.393994518293026e-17,8.036807014944539e-17,1.0,1.0,1.0,1.0,1.0,1.0,1.0,0.9999609030393473,-4.339181679923226e-21,3.9083873993563874e-05
Statue_PoissonNoise_7.ply,Statue.ply,PoissonNoise,8,3.46875,800000,800000,3.4261837005615234,0.031452178955078125,0.7390096834152059,0.9974299801186514,0.9977379348290918,0.3991110620685389,0.10397884740907304,0.18664686096294486,0.5023293667055857,0.8117567520192404,0.7180454707387793,0.3126324453403761,0.1872214186088985,0.24805475752388073,0.0,0.0,0.0,0.0,0.6549627227386531,2.5424493503053798,2.78717750049215,0.6549627227386531,2.5424493503053798,8.211515801940586e-14,4.1322564742765024e-14,3.920606165119977e-14,1.0,1.0,1.0,6.513577211887976e-17,6.393994518293026e-17,8.036807014944539e-17,1.0,1.0,1.0,1.0,1.0,1.0,1.0,0.9999609030393473,-4.339181679923226e-21,3.9083873993563874e-05
StreetRoad_losslessG-lossyA_3.ply,StreetRoad.ply,losslessG-lossyA,17,4.71428571428571,847925,847925,4.981185674667358,0.045925140380859375,0.9987124005616632,0.9971691288938743,0.9960469341454525,0.9104295677922752,0.6340196720431027,0.7715288202748884,0.06094462744557939,0.094004899960382,0.08180237933727096,0.9086099422571959,0.8303255577119978,0.8835629937073155,0.0,0.0,0.0,0.0,0.171505244159443,0.026179030574837975,0.30225256583073046,0.171505244159443,0.026179030574837975,6.147903052092492e-14,3.861607242430834e-14,1.8857402709792502e-15,1.0,1.0,1.0,6.735516253233876e-17,6.893456288869814e-17,3.558204092024643e-18,1.0,1.0,1.0,1.0,1.0,1.0,1.0,0.9991713434568847,0.0,0.0008286434416324266
StreetRoad_losslessG-lossyA_4.ply,StreetRoad.ply,losslessG-lossyA,17,4.66666666666667,847925,847925,5.0691468715667725,0.1479644775390625,0.996761508622108,0.9945227534134508,0.9927508472955635,0.8379846158952121,0.6305685632994331,0.722627091855043,0.1930325006456486,0.10652636751162103,0.12035011565813387,0.8356845714449446,0.7805924382855054,0.7944707265890022,0.0,0.0,0.0,0.0,0.171505244159443,0.026179030574837975,0.30225256583073046,0.171505244159443,0.026179030574837975,6.147903052092492e-14,3.861607242430834e-14,1.8857402709792502e-15,1.0,1.0,1.0,6.735516253233876e-17,6.893456288869814e-17,3.558204092024643e-18,1.0,1.0,1.0,1.0,1.0,1.0,1.0,0.9991713434568847,0.0,0.0008286434416324266
StreetRoad_losslessG-lossyA_5.ply,StreetRoad.ply,losslessG-lossyA,17,4.07142857142857,847925,847925,5.029103755950928,0.0543365478515625,0.9886452621048265,0.9842288983709468,0.9787874806314323,0.704384383461804,0.5956163523095365,0.6278534760948089,0.5018797400241986,0.1622774710173951,0.18534293915917566,0.7111470575880077,0.7267859379133005,0.6569123021440417,0.0,0.0,0.0,0.0,0.171505244159443,0.026179030574837975,0.30225256583073046,0.171505244159443,0.026179030574837975,6.147903052092492e-14,3.861607242430834e-14,1.8857402709792502e-15,1.0,1.0,1.0,6.735516253233876e-17,6.893456288869814e-17,3.558204092024643e-18,1.0,1.0,1.0,1.0,1.0,1.0,1.0,0.9991713434568847,0.0,0.0008286434416324266
StreetRoad_losslessG-lossyA_6.ply,StreetRoad.ply,losslessG-lossyA,17,3.32142857142857,847925,847925,5.062450885772705,0.042484283447265625,0.9789565476048435,0.9713142458528966,0.971897002045282,0.5378935574943965,0.5761789763825331,0.7035101707395935,0.587933940991198,0.18090376955780446,0.03893783477730584,0.5536806980300694,0.7243194306656403,0.49874010608455493,0.0,0.0,0.0,0.0,0.171505244159443,0.026179030574837975,0.30225256583073046,0.171505244159443,0.026179030574837975,6.147903052092492e-14,3.861607242430834e-14,1.8857402709792502e-15,1.0,1.0,1.0,6.735516253233876e-17,6.893456288869814e-17,3.558204092024643e-18,1.0,1.0,1.0,1.0,1.0,1.0,1.0,0.9991713434568847,0.0,0.0008286434416324266
StreetRoad_losslessG-lossyA_7.ply,StreetRoad.ply,losslessG-lossyA,17,3.0,847925,847925,5.063415050506592,0.060298919677734375,0.9673705519469128,0.9580159573424925,0.9966209549929512,0.3937540564200669,0.5198873239099094,0.7086874528915126,0.5128021030358928,0.19108917261636035,0.04892396384335491,0.4160055853614418,0.7251675413794544,0.3716962988898431,0.0,0.0,0.0,0.0,0.171505244159443,0.026179030574837975,0.30225256583073046,0.171505244159443,0.026179030574837975,6.147903052092492e-14,3.861607242430834e-14,1.8857402709792502e-15,1.0,1.0,1.0,6.735516253233876e-17,6.893456288869814e-17,3.558204092024643e-18,1.0,1.0,1.0,1.0,1.0,1.0,1.0,0.9991713434568847,0.0,0.0008286434416324266
StreetRoad_SaltpepperNoise_1.ply,StreetRoad.ply,SaltpepperNoise,15,3.7,847925,847925,5.040240287780762,0.0418243408203125,0.9900490233241875,0.9997206334842033,0.9999247599974695,0.4544510248849814,0.947896971049574,0.9798576077056479,0.47347329083259315,0.013536538138228587,0.008081904196306227,0.46147128880110844,0.9380137387603197,0.4171572208971938,0.0,0.0,0.0,0.0,0.171505244159443,0.026179030574837975,0.30225256583073046,0.171505244159443,0.026179030574837975,6.147903052092492e-14,3.861607242430834e-14,1.8857402709792502e-15,1.0,1.0,1.0,6.735516253233876e-17,6.893456288869814e-17,3.558204092024643e-18,1.0,1.0,1.0,1.0,1.0,1.0,1.0,0.9991713434568847,0.0,0.0008286434416324266
StreetRoad_SaltpepperNoise_3.ply,StreetRoad.ply,SaltpepperNoise,15,2.75,847925,847925,5.049835443496704,0.06836318969726562,0.9696233327953899,0.9986987466255215,0.9996583562429051,0.1617348961340672,0.9100951435462904,0.9592200177229884,0.7725503478908551,0.056255195124436254,0.03195989252776397,0.16684164381708708,0.8863061225496888,0.14105778424412194,0.0,0.0,0.0,0.0,0.171505244159443,0.026179030574837975,0.30225256583073046,0.171505244159443,0.026179030574837975,6.147903052092492e-14,3.861607242430834e-14,1.8857402709792502e-15,1.0,1.0,1.0,6.735516253233876e-17,6.893456288869814e-17,3.558204092024643e-18,1.0,1.0,1.0,1.0,1.0,1.0,1.0,0.9991713434568847,0.0,0.0008286434416324266
StreetRoad_SaltpepperNoise_4.ply,StreetRoad.ply,SaltpepperNoise,15,2.875,847925,847925,5.00840425491333,0.15443801879882812,0.9586734826555735,0.9981019823858616,0.9994945461826752,0.13552119083117709,0.8977277312140041,0.9512067770042423,0.8156276848232212,0.07703976298891203,0.04381066612117347,0.13995462545395407,0.8763754634493929,0.11956337329249112,0.0,0.0,0.0,0.0,0.171505244159443,0.026179030574837975,0.30225256583073046,0.171505244159443,0.026179030574837975,6.147903052092492e-14,3.861607242430834e-14,1.8857402709792502e-15,1.0,1.0,1.0,6.735516253233876e-17,6.893456288869814e-17,3.558204092024643e-18,1.0,1.0,1.0,1.0,1.0,1.0,1.0,0.9991713434568847,0.0,0.0008286434416324266
StreetRoad_SaltpepperNoise_5.ply,StreetRoad.ply,SaltpepperNoise,15,2.93333333333333,847925,847925,5.072319746017456,0.042072296142578125,0.946137365537326,0.9975421572815151,0.9993372574687295,0.11986972305197406,0.885628242697504,0.9441297381554797,0.8423539403782669,0.09693626241521118,0.054879869919777176,0.12394187703315022,0.8706290250264908,0.10660523035998645,0.0,0.0,0.0,0.0,0.171505244159443,0.026179030574837975,0.30225256583073046,0.171505244159443,0.026179030574837975,6.147903052092492e-14,3.861607242430834e-14,1.8857402709792502e-15,1.0,1.0,1.0,6.735516253233876e-17,6.893456288869814e-17,3.558204092024643e-18,1.0,1.0,1.0,1.0,1.0,1.0,1.0,0.9991713434568847,0.0,0.0008286434416324266
StreetRoad_SaltpepperNoise_7.ply,StreetRoad.ply,SaltpepperNoise,15,2.71875,847925,847925,5.024127006530762,0.04239654541015625,0.9240520771030628,0.9963107429795797,0.9989971928292622,0.10048980797563922,0.865481725836935,0.929796440797024,0.8796612782292232,0.13404369248881684,0.07594811406376403,0.10423887175563855,0.8628979903930434,0.08965175766973704,0.0,0.0,0.0,0.0,0.171505244159443,0.026179030574837975,0.30225256583073046,0.171505244159443,0.026179030574837975,6.147903052092492e-14,3.861607242430834e-14,1.8857402709792502e-15,1.0,1.0,1.0,6.735516253233876e-17,6.893456288869814e-17,3.558204092024643e-18,1.0,1.0,1.0,1.0,1.0,1.0,1.0,0.9991713434568847,0.0,0.0008286434416324266
Table_SaturationDistortion_1.ply,Table.ply,SaturationDistortion,29,4.32142857142857,838470,838470,4.435755729675293,0.0394439697265625,0.9980616081552293,0.9813218182823041,0.9847059783897644,0.993715183962557,0.7371442404202888,0.7543479706685191,0.00039770918076760753,0.03709948424789912,0.07354148404652923,0.9900678237585734,0.825758454303934,0.9907787218199607,0.0,0.0,0.0,0.0,0.25990213327737677,0.28319868314347363,0.7430523346403551,0.25990213327737677,0.28319868314347363,5.3140415209781436e-14,3.013597953487085e-14,7.252884728670393e-15,1.0,1.0,1.0,9.726482759133607e-17,7.972181455190927e-17,1.446637238305065e-17,1.0,1.0,1.0,1.0,1.0,1.0,1.0,0.9984538402163082,0.0008325404376784015,0.000713606089438628
Table_SaturationDistortion_2.ply,Table.ply,SaturationDistortion,29,3.28571428571429,838470,838470,4.239329814910889,0.0415496826171875,0.9963017539969108,0.9642722312946528,0.9685525197855678,0.988776092032642,0.4435831868819047,0.5046760410098906,0.0010121761711296266,0.0647746153395343,0.12066198906340785,0.9827054376642963,0.623339583991358,0.9840288098409546,0.0,0.0,0.0,0.0,0.25990213327737677,0.28319868314347363,0.7430523346403551,0.25990213327737677,0.28319868314347363,5.3140415209781436e-14,3.013597953487085e-14,7.252884728670393e-15,1.0,1.0,1.0,9.726482759133607e-17,7.972181455190927e-17,1.446637238305065e-17,1.0,1.0,1.0,1.0,1.0,1.0,1.0,0.9984538402163082,0.0008325404376784015,0.000713606089438628
Table_SaturationDistortion_3.ply,Table.ply,SaturationDistortion,29,3.13333333333333,838470,838470,4.210843086242676,0.05620574951171875,0.9927538085976411,0.946853671492108,0.9522894291176746,0.9832279451171321,0.22467367875654706,0.2523489009917388,0.0017121790314259591,0.19859819770874174,0.2976300704057309,0.9756707694101733,0.39627876631668807,0.9771311718619353,0.0,0.0,0.0,0.0,0.25990213327737677,0.28319868314347363,0.7430523346403551,0.25990213327737677,0.28319868314347363,5.3140415209781436e-14,3.013597953487085e-14,7.252884728670393e-15,1.0,1.0,1.0,9.726482759133607e-17,7.972181455190927e-17,1.446637238305065e-17,1.0,1.0,1.0,1.0,1.0,1.0,1.0,0.9984538402163082,0.0008325404376784015,0.000713606089438628
Table_SaturationDistortion_4.ply,Table.ply,SaturationDistortion,29,2.60714285714286,838470,838470,4.227592706680298,0.04207611083984375,0.9917465189590214,0.9303437090194573,0.9355773519191098,0.9781163906594592,8.985570507343233e-17,0.0010704091341580328,0.002951500250325759,0.0,0.0,0.9702772417624276,0.001070409134157945,0.971311931189161,0.0,0.0,0.0,0.0,0.25990213327737677,0.28319868314347363,0.7430523346403551,0.25990213327737677,0.28319868314347363,5.3140415209781436e-14,3.013597953487085e-14,7.252884728670393e-15,1.0,1.0,1.0,9.726482759133607e-17,7.972181455190927e-17,1.446637238305065e-17,1.0,1.0,1.0,1.0,1.0,1.0,1.0,0.9984538402163082,0.0008325404376784015,0.000713606089438628
Table_SaturationDistortion_5.ply,Table.ply,SaturationDistortion,29,2.46428571428571,838470,838470,4.233797788619995,0.052947998046875,0.9892339731779739,0.9143141388114027,0.9180410059257258,0.9730043622432526,0.22131634214944554,0.24382391265941225,0.004599594155666183,1.7890789532131117,1.7186474966697494,0.9664325650858275,0.38800041632913607,0.9655690735215875,0.0,0.0,0.0,0.0,0.25990213327737677,0.28319868314347363,0.7430523346403551,0.25990213327737677,0.28319868314347363,5.3140415209781436e-14,3.013597953487085e-14,7.252884728670393e-15,1.0,1.0,1.0,9.726482759133607e-17,7.972181455190927e-17,1.446637238305065e-17,1.0,1.0,1.0,1.0,1.0,1.0,1.0,0.9984538402163082,0.0008325404376784015,0.000713606089438628
Thaidancer_C2AI-lossy-geom-lossy-attrs_3.ply,Thaidancer.ply,C2AI-lossy-geom-lossy-attrs,12,4.35714285714286,800344,534670,2.8769400119781494,0.009563446044921875,0.96990052592127,0.9929561909499868,0.9938975551478798,0.7329098060266843,0.5430530947096516,0.5370190099453842,0.9562884320981644,0.9290604292411031,0.9378401130001144,0.7343174308675848,0.6122521702475271,0.6515612093829855,2.1939423977073553,0.8659319199949826,0.8702150488987169,1.4968830550489256,0.39010468533613885,0.5736997381746468,2.2665640332795425,0.9523837298261523,1.4597343242794678,2.0665044299980853,0.6439220824838482,1.6241622703643273,0.8138813449859641,0.7348762175810146,0.3108620830327951,0.9998341187737844,0.9994630308494515,0.9435158070849554,0.5765361356924075,0.7119193648842158,0.9593873214701284,0.8950634232451341,0.2878595233729286,0.4406999522203719,0.40875298112316694,0.4963233378097095,0.5425896562608216,0.023933056328835724
Thaidancer_C2AI-lossy-geom-lossy-attrs_4.ply,Thaidancer.ply,C2AI-lossy-geom-lossy-attrs,12,4.0625,800344,508641,2.807898998260498,0.0316009521484375,0.9711505677434981,0.992132935847569,0.9930916738753607,0.6737759813208728,0.4644289644588377,0.4636772992638439,0.947915107368356,0.9200850448821725,0.933082445319971,0.6725478169286738,0.5273536327502327,0.5837048846654825,1.8872583148252688,0.8113460236655138,0.8208303779537793,1.1824951232781966,0.39010468533613885,0.5736997381746468,1.921236358843546,0.9076236802847587,1.0796638729866763,1.5723469062159618,0.6158727417125539,1.0843111503067784,0.7979939209132342,0.7197942085893602,0.29291784793337144,0.9984597199765635,0.9979832512207228,0.9469078258105834,0.5551100745362092,0.6928176734328781,0.9587574456366779,0.9011868210302723,0.2848472758661931,0.42429786026846533,0.39393456676558714,0.5009508819161621,0.5350923756113177,0.024060269933017325
Thaidancer_C2AI-lossy-geom-lossy-attrs_5.ply,Thaidancer.ply,C2AI-lossy-geom-lossy-attrs,12,3.07142857142857,800344,488047,2.817962408065796,0.0298919677734375,0.9509866306610746,0.9894719447183646,0.9905030943432757,0.5293293519429146,0.38886202839198164,0.38593371791354064,0.9768119467948144,0.9052042639448306,0.8955877440111755,0.5395210824228605,0.4202284729375223,0.44112202364881214,4.111804849285792,1.22155968202821,1.2324865839117838,3.37709597433923,0.39010468533613885,0.5736997381746468,4.129456193122785,1.2951121159855434,3.3172387112106363,4.300575268194472,0.8551462558350941,3.9206526766765,0.7759262849742341,0.6981427565413834,0.24651538220221345,1.000283319828931,0.9987493452747337,0.9645627535462338,0.5105497392634765,0.6604784603419519,0.9254501990362634,0.8708112540309885,0.28969425959129574,0.3741969305471638,0.3442183018933721,0.48148964243395,0.5606251971431044,0.05540377374187394
Thaidancer_C2AI-lossy-geom-lossy-attrs_6.ply,Thaidancer.ply,C2AI-lossy-geom-lossy-attrs,12,2.17857142857143,800344,479278,2.8092758655548096,0.0290069580078125,0.9462900177471439,0.9875031726372236,0.9890253632000631,0.37307232675028335,0.3314893411358761,0.33866552250037013,0.9682597603009833,0.8506499516311565,0.8517569161051426,0.4028423452668409,0.34335024610261883,0.3092337288650576,2.925426308012848,1.0429560949328134,1.0484244704248675,2.179247112820865,0.39010468533613885,0.5736997381746468,2.937833634725703,1.1202426050937953,2.0942077298754103,2.8164667128981566,0.7563792990916396,2.3862638609799407,0.7774322190640306,0.6986257371512361,0.22805151703452517,0.9997252169948493,1.0006794783748965,0.9645500069899001,0.4965430500455871,0.6601050764306746,0.9244416863913909,0.882211126672243,0.28461853264220693,0.3482719812494302,0.319327007278972,0.48678425700254513,0.5485154558809267,0.0511620731150217
Thaidancer_C2AI-lossy-geom-lossy-attrs_7.ply,Thaidancer.ply,C2AI-lossy-geom-lossy-attrs,12,2.32142857142857,800344,472866,2.735503673553467,0.06280136108398438,0.9315085382291448,0.9847309666986086,0.9859944318838836,0.29989578694498437,0.2981482362613571,0.3020898341369617,0.9230232437697821,0.8224606503014334,0.8377001015486418,0.3322817232555031,0.2917413514629749,0.2451912706563162,3.822212371028409,1.2533478163915868,1.2561668617494335,3.0064879557183897,0.39010468533613885,0.5736997381746468,3.819472970550743,1.316196327861697,2.921383738458998,3.809154418775109,0.9391137605045204,3.3127892665306056,0.7790545765083354,0.7000336974537317,0.19285073270859837,0.999587583020044,1.0002215373677104,0.9701429096884059,0.4686278616569021,0.6556756917197256,0.8940254253552365,0.8609724798401481,0.2925943788260023,0.29930673463296775,0.27157569394829545,0.47689655916972007,0.5550846923442282,0.07459666467953525
Thaidancer_ContrastDistortion_1.ply,Thaidancer.ply,ContrastDistortion,21,4.43333333333333,800344,800344,3.016874074935913,0.060638427734375,0.8076793057574166,0.952912247312344,0.9644902406692051,0.5719952356235164,0.5601591297168534,0.5205022573081804,0.01450055748726116,0.06260087814843894,0.14884973893219827,0.56468589900202,0.5414118605565084,0.4525695708332495,0.0,0.0,0.0,0.0,0.39010468533613885,0.5736997381746468,0.9053677214700844,0.39010468533613885,0.5736997381746468,6.98876493213285e-14,3.4096375020878615e-14,3.623654837773571e-14,1.0,1.0,1.0,8.174007079288505e-17,9.169975916580218e-17,7.490378363666343e-17,1.0,1.0,1.0,1.0,1.0,1.0,1.0,0.9998329304838389,1.391024504625572e-20,0.00016705646508518026
Thaidancer_ContrastDistortion_2.ply,Thaidancer.ply,ContrastDistortion,21,3.46666666666667,800344,800344,3.0011274814605713,0.031383514404296875,0.6443438604945146,0.894676332048019,0.9323498245995244,0.3382598091096713,0.3176545383343534,0.2740985872668191,0.021433755843600213,0.15844098106685875,0.48339132339735014,0.3365504037925879,0.2985424926449459,0.2413624191695494,0.0,0.0,0.0,0.0,0.39010468533613885,0.5736997381746468,0.9053677214700844,0.39010468533613885,0.5736997381746468,6.98876493213285e-14,3.4096375020878615e-14,3.623654837773571e-14,1.0,1.0,1.0,8.174007079288505e-17,9.169975916580218e-17,7.490378363666343e-17,1.0,1.0,1.0,1.0,1.0,1.0,1.0,0.9998329304838389,1.391024504625572e-20,0.00016705646508518026
Thaidancer_ContrastDistortion_3.ply,Thaidancer.ply,ContrastDistortion,21,3.1875,800344,800344,2.995116949081421,0.03197479248046875,0.5288932541323377,0.8469435131729554,0.911291798806341,0.24861108429670117,0.19505410833714398,0.1761769103402284,0.049341799965476024,0.3379989107588671,0.7623800901664723,0.2539532314290935,0.21393955751577895,0.18166344305041246,0.0,0.0,0.0,0.0,0.39010468533613885,0.5736997381746468,0.9053677214700844,0.39010468533613885,0.5736997381746468,6.98876493213285e-14,3.4096375020878615e-14,3.623654837773571e-14,1.0,1.0,1.0,8.174007079288505e-17,9.169975916580218e-17,7.490378363666343e-17,1.0,1.0,1.0,1.0,1.0,1.0,1.0,0.9998329304838389,1.391024504625572e-20,0.00016705646508518026
Thaidancer_ContrastDistortion_4.ply,Thaidancer.ply,ContrastDistortion,21,3.35714285714286,800344,800344,2.9445254802703857,0.0351715087890625,0.45388646815642414,0.8111819173689463,0.9019157493761143,0.2603923333604842,0.16611852931659613,0.16042272850611114,0.09965395300220942,0.5051740595529666,0.8885234940599035,0.23738744107896864,0.2165164973864399,0.17628261051297683,0.0,0.0,0.0,0.0,0.39010468533613885,0.5736997381746468,0.9053677214700844,0.39010468533613885,0.5736997381746468,6.98876493213285e-14,3.4096375020878615e-14,3.623654837773571e-14,1.0,1.0,1.0,8.174007079288505e-17,9.169975916580218e-17,7.490378363666343e-17,1.0,1.0,1.0,1.0,1.0,1.0,1.0,0.9998329304838389,1.391024504625572e-20,0.00016705646508518026
Thaidancer_ContrastDistortion_5.ply,Thaidancer.ply,ContrastDistortion,21,2.53571428571429,800344,800344,3.0444841384887695,0.03165435791015625,0.40999888593216127,0.7815035810007784,0.9028440682037568,0.2982560312736752,0.18365612588903574,0.1892566870142337,0.1613223935621182,0.6461059511833492,0.8898755375687888,0.25741509802779017,0.25744672352724013,0.19761376729645888,0.0,0.0,0.0,0.0,0.39010468533613885,0.5736997381746468,0.9053677214700844,0.39010468533613885,0.5736997381746468,6.98876493213285e-14,3.4096375020878615e-14,3.623654837773571e-14,1.0,1.0,1.0,8.174007079288505e-17,9.169975916580218e-17,7.490378363666343e-17,1.0,1.0,1.0,1.0,1.0,1.0,1.0,0.9998329304838389,1.391024504625572e-20,0.00016705646508518026
Thaidancer_LumaNoise_1.ply,Thaidancer.ply,LumaNoise,6,4.25,800344,800344,2.9753260612487793,0.034557342529296875,0.8060967758243672,0.9999964403930229,0.999929027882024,0.9999292511312206,0.9998795161235853,0.9949120427072161,1.296342500812816e-06,2.6070001376364937e-05,0.0025806581889748635,0.9994609037594835,0.9983064959019784,0.999224073277948,0.0,0.0,0.0,0.0,0.39010468533613885,0.5736997381746468,0.9053677214700844,0.39010468533613885,0.5736997381746468,6.98876493213285e-14,3.4096375020878615e-14,3.623654837773571e-14,1.0,1.0,1.0,8.174007079288505e-17,9.169975916580218e-17,7.490378363666343e-17,1.0,1.0,1.0,1.0,1.0,1.0,1.0,0.9998329304838389,1.391024504625572e-20,0.00016705646508518026
Thaidancer_LumaNoise_3.ply,Thaidancer.ply,LumaNoise,6,3.63333333333333,800344,800344,3.0154731273651123,0.05005645751953125,0.5669313290124084,0.9997515743998848,0.9991248445599069,0.9946514115986976,0.9911408913962911,0.9496312042240371,0.0002900652201818358,0.0051427245126707925,0.05625107484710202,0.9891694388375954,0.9799694230273795,0.9847922296262942,0.0,0.0,0.0,0.0,0.39010468533613885,0.5736997381746468,0.9053677214700844,0.39010468533613885,0.5736997381746468,6.98876493213285e-14,3.4096375020878615e-14,3.623654837773571e-14,1.0,1.0,1.0,8.174007079288505e-17,9.169975916580218e-17,7.490378363666343e-17,1.0,1.0,1.0,1.0,1.0,1.0,1.0,0.9998329304838389,1.391024504625572e-20,0.00016705646508518026
Thaidancer_LumaNoise_4.ply,Thaidancer.ply,LumaNoise,6,3.10714285714286,800344,800344,2.987330436706543,0.043346405029296875,0.5094414083800154,0.9993313278183682,0.9979756232394721,0.9878506950956263,0.9800899123558134,0.9245264374407998,0.0005509063059639431,0.010918244900636826,0.1023328823300699,0.9808872612968423,0.9707472886900345,0.9738657975024172,0.0,0.0,0.0,0.0,0.39010468533613885,0.5736997381746468,0.9053677214700844,0.39010468533613885,0.5736997381746468,6.98876493213285e-14,3.4096375020878615e-14,3.623654837773571e-14,1.0,1.0,1.0,8.174007079288505e-17,9.169975916580218e-17,7.490378363666343e-17,1.0,1.0,1.0,1.0,1.0,1.0,1.0,0.9998329304838389,1.391024504625572e-20,0.00016705646508518026
Thaidancer_LumaNoise_5.ply,Thaidancer.ply,LumaNoise,6,3.03571428571429,800344,800344,3.0090601444244385,0.038455963134765625,0.46344112903464174,0.9984391865992872,0.9957886140140016,0.9716124670128896,0.9553663302729206,0.8958847061397052,0.0014139507033927342,0.028244979811838773,0.18443841540896533,0.9670985306135741,0.9559982465683774,0.9540516998935068,0.0,0.0,0.0,0.0,0.39010468533613885,0.5736997381746468,0.9053677214700844,0.39010468533613885,0.5736997381746468,6.98876493213285e-14,3.4096375020878615e-14,3.623654837773571e-14,1.0,1.0,1.0,8.174007079288505e-17,9.169975916580218e-17,7.490378363666343e-17,1.0,1.0,1.0,1.0,1.0,1.0,1.0,0.9998329304838389,1.391024504625572e-20,0.00016705646508518026
Thaidancer_LumaNoise_7.ply,Thaidancer.ply,LumaNoise,6,2.67857142857143,800344,800344,3.1310744285583496,0.046451568603515625,0.39575538853453807,0.992644486193192,0.9858798843199176,0.8809241659626795,0.8487600427056993,0.8107991422502804,0.011658658119174416,0.13037728373029148,0.46204002706990555,0.8928086648609849,0.885268250568711,0.8571698335576964,0.0,0.0,0.0,0.0,0.39010468533613885,0.5736997381746468,0.9053677214700844,0.39010468533613885,0.5736997381746468,6.98876493213285e-14,3.4096375020878615e-14,3.623654837773571e-14,1.0,1.0,1.0,8.174007079288505e-17,9.169975916580218e-17,7.490378363666343e-17,1.0,1.0,1.0,1.0,1.0,1.0,1.0,0.9998329304838389,1.391024504625572e-20,0.00016705646508518026
TibetanFox_LocalLoss_1.ply,TibetanFox.ply,LocalLoss,28,2.75,823874,792547,3.0193681716918945,0.06497955322265625,0.9985178035609302,0.9995634122257518,0.9997417935482248,0.9857339820075205,0.9819687291035691,0.9811836220714453,0.37000522838723104,0.3594660974796947,0.35062424390798597,0.9862942196026662,0.9849397614231691,0.9829846610459332,1.3135152836661599,0.8546593849206945,0.7786435186744625,0.17314917777153238,0.18709445964694243,0.33794607990106196,1.7861147494185103,0.9594787314856742,0.49711958214492613,1.423452107557919,0.85408089427162,0.1949519863657081,0.9783644289981178,0.9776845901210933,0.9708498277292842,0.41480419001331253,0.40961159190226826,0.33716875971439547,0.9800497229612125,0.9771027308301768,0.9983049811836051,0.9712581022434282,0.8849503140614926,0.9812146552851796,0.975917463495997,0.9255884841162939,0.06216901128220238,0.0017123763877303856
TibetanFox_LocalLoss_2.ply,TibetanFox.ply,LocalLoss,28,2.53571428571429,823874,742836,2.966120958328247,0.04315948486328125,0.99574858823687,0.9979661790633635,0.9988629096197215,0.9682801749849418,0.9556207330309391,0.9548402608056521,0.42817380957888324,0.4222834406695894,0.41034863824890205,0.9692559309391824,0.965023502992932,0.9626419703564589,4.9985027122602625,3.2287649948155472,3.0442236707841475,0.6374052310665229,0.18709445964694243,0.33794607990106196,5.445687512698877,3.214510195203613,0.9408115531973373,5.236052402780104,3.2034109233240535,0.696486952004519,0.9500993244652778,0.9479592260226946,0.9240951786020326,0.4752872195115552,0.4701349228314215,0.388582479715716,0.9462131183199666,0.9433914242581505,0.9950965521734364,0.9372282797040365,0.8286700071903662,0.9460141842059797,0.9354134558847074,0.8896418095583598,0.09999775312837696,0.005008321527596831
TibetanFox_LocalLoss_3.ply,TibetanFox.ply,LocalLoss,28,1.75,823874,669785,3.014727830886841,0.041278839111328125,0.9916020786994362,0.9963580945581983,0.997989178208402,0.936865905750705,0.9139810805822616,0.9116279339401464,0.4857985480740716,0.4683979355798227,0.4554752140496842,0.9384094007124569,0.9283840053903822,0.9256648933036747,7.967919492151623,5.12403765502663,4.833816000275354,1.0370120857810015,0.18709445964694243,0.33794607990106196,8.3740777157285,4.987652882971811,1.307802576904885,8.370862435317655,5.06704578827119,1.1226349880110764,0.9102518974486922,0.90595548276784,0.8610695502468839,0.5297678838351203,0.5254032315277529,0.44479376036643764,0.900336848968585,0.8958906069655794,0.9867748523913471,0.8883418460494199,0.7555101536112971,0.8996320255957994,0.881932217693369,0.843293936424683,0.15132150675283665,0.01304029974909802
TibetanFox_LocalLoss_4.ply,TibetanFox.ply,LocalLoss,28,2.0,823874,599532,2.9511077404022217,0.055206298828125,0.9865191365718675,0.9947018192797451,0.9967107663024235,0.9069353650776,0.8746071885024566,0.8690797258708638,0.5503047887534778,0.5282063909858151,0.5109867477676046,0.9088191366368374,0.8952644761199186,0.8902599064993223,11.414484121174775,7.102516720249542,6.863779496966302,2.044786234772088,0.18709445964694243,0.33794607990106196,11.768348839670619,6.9968120720591305,2.268846115883557,12.029534610179885,7.20444896645457,2.241320667193693,0.8698647581040421,0.8643404773970214,0.7909146981112783,0.589412904817183,0.5886727409975672,0.5006738994669279,0.8519009633453695,0.8494404004722887,0.9756750900211602,0.8359464813184776,0.6786316394016643,0.8436794373410319,0.8211724810306095,0.7901408830305429,0.20152420720268047,0.037779172869273445
TibetanFox_LocalLoss_5.ply,TibetanFox.ply,LocalLoss,28,2.07142857142857,823874,518901,2.884538173675537,0.01728057861328125,0.9794806041640144,0.9913806003299193,0.9947107448133823,0.8721070086420248,0.8214574863942586,0.8142153524296342,0.615384118550148,0.5873140899018084,0.5684678652498385,0.8738340685854967,0.8471528569732342,0.8496092353226877,21.689291492253258,12.723401232872863,13.631194486006533,4.584981487578301,0.18709445964694243,0.33794607990106196,21.994731834720557,13.744123674161552,4.7691201597728625,22.58431320114228,14.097242000576118,4.993451417573622,0.8180014168378884,0.8143647854617876,0.6957578906950065,0.6525356929622504,0.6476372905830556,0.5642781309290059,0.7795095731176431,0.7888101882314714,0.9553880381247489,0.7766542821804858,0.5993175930724207,0.7579144283593824,0.7363926016773338,0.7340187048050676,0.2531928374602643,0.06925576435205905
ToyDog_DownSample_3.ply,ToyDog.ply,DownSample,26,4.28571428571429,701110,385611,2.2970426082611084,0.060070037841796875,0.9912286873674028,0.9990942826745797,0.9996161270090446,0.9244869776021994,0.8848254963846228,0.8843655655002026,0.9848479178300474,0.9489595879502563,0.9304486109589448,0.9256031557841204,0.9132684791573958,0.903033178423956,1.8804561627214182,1.19546400791188,1.1784551510422572,0.15902442752279625,0.6046605156669714,0.4699641334409272,2.4162870444151006,1.4646498132568773,0.4523731562316033,1.6030524450268016,0.9939171166971297,0.2984438491600494,0.7351542739943754,0.6980646943919382,0.6862408370788343,1.00146313089419,1.002583464583929,0.7882646552138145,0.70255121526324,0.6626578599327682,0.997087775161432,0.9347577435220815,0.3263111601611039,0.856440377215123,0.8515577576682208,0.5113865842343623,0.5363408174163712,0.000596767935682472
ToyDog_DownSample_4.ply,ToyDog.ply,DownSample,26,3.67857142857143,701110,280444,2.159938097000122,0.026340484619140625,0.9891370357705023,0.9987945510415965,0.9994567034852673,0.904272063296576,0.8560128807619707,0.8463149498026834,0.9920257846230348,0.9579972526829716,0.9424002180913801,0.9056480852141257,0.8857615468633554,0.8780939219038584,2.656036271571523,1.6815161092735733,1.6737460613906472,0.21173898679660527,0.6046605156669714,0.4699641334409272,3.0539500158116972,1.879962166860757,0.44597531178902683,2.1726842593839986,1.2921305400047538,0.5436269755175758,0.5974881603950417,0.5648280374347214,0.5136237261443384,1.0022562823885528,0.9982392287086291,0.7820390348942489,0.5497460249152497,0.5103404928239146,0.99489807185879,0.9279448059114053,0.32467359011366276,0.7895591854231915,0.7812283543316263,0.514104238709894,0.5253453811108755,0.0011708131297385378
ToyDog_DownSample_5.ply,ToyDog.ply,DownSample,26,2.64285714285714,701110,210333,2.1205432415008545,0.022716522216796875,0.9875175119158233,0.9985696976170978,0.9993304325497236,0.888459580199789,0.8375877758825595,0.8170424922730941,0.9940341575299109,0.9641950039261923,0.9519780148080894,0.8901135583203856,0.8660297652441824,0.8589909329006143,3.339811095859376,2.1307365126758304,2.09924944911521,0.24770052124551867,0.6046605156669714,0.4699641334409272,3.6496865115016353,2.257747784543819,0.4421740557518993,2.79844777840893,1.616741645667279,0.8399733601556216,0.4882978442240109,0.4581643333211031,0.37472364817321596,0.9990002805840328,0.9991572700228079,0.776215448901533,0.426427916688073,0.3953882432805811,0.9923799352048468,0.9227587831099534,0.31504334619760427,0.7251581489089879,0.7139261928990395,0.5075597871570052,0.5368958604849231,0.002053196233230552
ToyDog_DownSample_6.ply,ToyDog.ply,DownSample,26,2.64285714285714,701110,140222,2.073428153991699,0.0194244384765625,0.9856802434544752,0.9983232459036006,0.9991847050630298,0.8683193120681784,0.8170403318502855,0.7855710649315018,0.9972684944136302,0.9706958033231093,0.96430814503856,0.8702177066493987,0.8415129289087443,0.8350915445264138,4.37983621369159,2.7686635253022738,2.7798579373174204,0.2961537066364621,0.6046605156669714,0.4699641334409272,4.596757704457881,2.886429311267056,0.4306500576139639,3.811749069759537,2.080216694570653,1.428440208274005,0.3585295655919742,0.3343899507330046,0.22157207022507003,0.9978040862131353,0.998947955906553,0.7770498087466067,0.2843114707799889,0.2691832846753612,0.9881612337374556,0.9172013189702277,0.30946077756358903,0.6258164470306381,0.612255449968508,0.5038784499546567,0.5432650803539005,0.003156794428201677
ToyDog_DownSample_7.ply,ToyDog.ply,DownSample,26,2.17857142857143,701110,70111,1.9989073276519775,0.0555877685546875,0.9827355812143245,0.9979794742808715,0.9990039340909173,0.8324930356922187,0.7855872890863521,0.7437890717995319,1.000003180612422,0.975065346439259,0.9774959688150104,0.8344698612031011,0.8050542660208142,0.7932813845624747,6.533020028517341,4.1701509269551895,4.130358171514757,0.35524796384310947,0.6046605156669714,0.4699641334409272,6.638838628873557,4.181465937458059,0.4098493930432643,6.611809115946057,3.3002954990622597,3.224907130029781,0.20427042108946872,0.18869257761749025,0.07303497479113288,0.998266829525656,0.997203128216642,0.7850755462550723,0.12754257122794235,0.13479759413493345,0.97278808914445,0.9041020254890731,0.3038582616157577,0.4288683603241349,0.41568018271798296,0.5010497554821456,0.5411773403587187,0.007207600084687667
ToyDog_lossless-geom-nearlossless-attrs_3.ply,ToyDog.ply,lossless-geom-nearlossless-attrs,9,4.93333333333333,701110,701110,2.5591135025024414,0.0708160400390625,0.9964061661716098,0.9979395951019631,0.9990714273829724,0.9211574884812723,0.8628635632892113,0.44558536560030065,0.09644094709732497,0.3152152246606399,0.6564427557216778,0.9441072510794505,0.7593066125182718,0.9058307904292703,0.0,0.0,0.0,0.0,0.6046605156669714,0.4699641334409272,1.0055546201937329,0.6046605156669714,0.4699641334409272,7.09567983544202e-14,3.55626549343871e-14,3.449256631667004e-14,1.0,1.0,1.0,7.400235713708303e-17,7.713954176422961e-17,7.70557445495915e-17,1.0,1.0,1.0,1.0,1.0,1.0,1.0,0.9999999869619859,1.0022443800958795e-19,-4.443635083119836e-17
ToyDog_lossless-geom-nearlossless-attrs_4.ply,ToyDog.ply,lossless-geom-nearlossless-attrs,9,4.92857142857143,701110,701110,2.5536489486694336,0.04367828369140625,0.9909758942422712,0.994988520985921,0.998143921629612,0.8677108190566095,0.7158329107878096,0.27360294557667947,0.33234236702584186,0.5035119259008349,0.7747210365376265,0.9045177148443538,0.615465348745573,0.8549281813528392,0.0,0.0,0.0,0.0,0.6046605156669714,0.4699641334409272,1.0055546201937329,0.6046605156669714,0.4699641334409272,7.09567983544202e-14,3.55626549343871e-14,3.449256631667004e-14,1.0,1.0,1.0,7.400235713708303e-17,7.713954176422961e-17,7.70557445495915e-17,1.0,1.0,1.0,1.0,1.0,1.0,1.0,0.9999999869619859,1.0022443800958795e-19,-4.443635083119836e-17
ToyDog_lossless-geom-nearlossless-attrs_5.ply,ToyDog.ply,lossless-geom-nearlossless-attrs,9,3.5,701110,701110,2.5394468307495117,0.06585693359375,0.9580828473595226,0.9908795762044758,0.9889153945931127,0.3807549167733383,0.4091058737514265,0.32704423359017604,0.732231880715006,0.705150870224854,0.8472748865393221,0.4772443094931326,0.4727704571733629,0.3799562421502077,0.0,0.0,0.0,0.0,0.6046605156669714,0.4699641334409272,1.0055546201937329,0.6046605156669714,0.4699641334409272,7.09567983544202e-14,3.55626549343871e-14,3.449256631667004e-14,1.0,1.0,1.0,7.400235713708303e-17,7.713954176422961e-17,7.70557445495915e-17,1.0,1.0,1.0,1.0,1.0,1.0,1.0,0.9999999869619859,1.0022443800958795e-19,-4.443635083119836e-17
ToyDog_lossless-geom-nearlossless-attrs_6.ply,ToyDog.ply,lossless-geom-nearlossless-attrs,9,2.90625,701110,701110,2.5586416721343994,0.03435516357421875,0.8034741415190486,0.9796427911819974,0.9748814389239893,0.19125446769987656,0.2545023871438084,0.36303029683178545,0.7632287172115299,0.6794060038592213,0.6565564069657386,0.2275383921322221,0.2472370439583903,0.17314181794965725,0.0,0.0,0.0,0.0,0.6046605156669714,0.4699641334409272,1.0055546201937329,0.6046605156669714,0.4699641334409272,7.09567983544202e-14,3.55626549343871e-14,3.449256631667004e-14,1.0,1.0,1.0,7.400235713708303e-17,7.713954176422961e-17,7.70557445495915e-17,1.0,1.0,1.0,1.0,1.0,1.0,1.0,0.9999999869619859,1.0022443800958795e-19,-4.443635083119836e-17
ToyDog_lossless-geom-nearlossless-attrs_7.ply,ToyDog.ply,lossless-geom-nearlossless-attrs,9,1.60714285714286,701110,701110,2.617888927459717,0.035106658935546875,0.701860770325803,0.9494624299905344,0.9698100007452254,0.10564242291829568,0.22975762851401402,0.12245889359500099,0.8920394841631775,0.7781340153319685,0.20144016833047554,0.11799632662516714,0.0988550922597992,0.05918574366625238,0.0,0.0,0.0,0.0,0.6046605156669714,0.4699641334409272,1.0055546201937329,0.6046605156669714,0.4699641334409272,7.09567983544202e-14,3.55626549343871e-14,3.449256631667004e-14,1.0,1.0,1.0,7.400235713708303e-17,7.713954176422961e-17,7.70557445495915e-17,1.0,1.0,1.0,1.0,1.0,1.0,1.0,0.9999999869619859,1.0022443800958795e-19,-4.443635083119836e-17
ToyDog_MultiplicativeGaussianNoise_1.ply,ToyDog.ply,MultiplicativeGaussianNoise,3,3.92857142857143,701110,701110,2.56248140335083,0.0339508056640625,0.991475815629634,0.9982803682696312,0.9973885300381351,0.5873407640241164,0.2888431372730873,0.019286113325437573,0.3568635299084962,0.5810613191680641,0.9189462428342877,0.3942224414614491,0.1447646450726466,0.3368849776584797,0.0,0.0,0.0,0.0,0.6046605156669714,0.4699641334409272,1.0055546201937329,0.6046605156669714,0.4699641334409272,7.09567983544202e-14,3.55626549343871e-14,3.449256631667004e-14,1.0,1.0,1.0,7.400235713708303e-17,7.713954176422961e-17,7.70557445495915e-17,1.0,1.0,1.0,1.0,1.0,1.0,1.0,0.9999999869619859,1.0022443800958795e-19,-4.443635083119836e-17
ToyDog_MultiplicativeGaussianNoise_3.ply,ToyDog.ply,MultiplicativeGaussianNoise,3,3.46428571428571,701110,701110,2.515890121459961,0.034595489501953125,0.9849090004091721,0.996971667787931,0.9954149461467435,0.330294496549439,0.12445667806672164,0.006942296826849561,0.5649487858360577,0.7372133372790736,0.9467832614925284,0.1822917888728372,0.06065412717999174,0.1310994489015541,0.0,0.0,0.0,0.0,0.6046605156669714,0.4699641334409272,1.0055546201937329,0.6046605156669714,0.4699641334409272,7.09567983544202e-14,3.55626549343871e-14,3.449256631667004e-14,1.0,1.0,1.0,7.400235713708303e-17,7.713954176422961e-17,7.70557445495915e-17,1.0,1.0,1.0,1.0,1.0,1.0,1.0,0.9999999869619859,1.0022443800958795e-19,-4.443635083119836e-17
ToyDog_MultiplicativeGaussianNoise_4.ply,ToyDog.ply,MultiplicativeGaussianNoise,3,3.40625,701110,701110,2.6375463008880615,0.03757476806640625,0.9817304758495101,0.9963225982271554,0.9945140562516674,0.25966776303782996,0.09187712443875595,0.004937421053082648,0.6213169633685033,0.7718890612101219,0.9512946678530699,0.13621485415510173,0.04460594258162592,0.09249348027796293,0.0,0.0,0.0,0.0,0.6046605156669714,0.4699641334409272,1.0055546201937329,0.6046605156669714,0.4699641334409272,7.09567983544202e-14,3.55626549343871e-14,3.449256631667004e-14,1.0,1.0,1.0,7.400235713708303e-17,7.713954176422961e-17,7.70557445495915e-17,1.0,1.0,1.0,1.0,1.0,1.0,1.0,0.9999999869619859,1.0022443800958795e-19,-4.443635083119836e-17
ToyDog_MultiplicativeGaussianNoise_5.ply,ToyDog.ply,MultiplicativeGaussianNoise,3,2.89285714285714,701110,701110,2.552199602127075,0.03430938720703125,0.978363291215123,0.9956208295806993,0.9936476376859718,0.21128332956474155,0.0717811553176865,0.0037647336151065782,0.6618197110055721,0.7958713759393082,0.9551770274741018,0.10711205643388073,0.034753889388145894,0.06963086115763947,0.0,0.0,0.0,0.0,0.6046605156669714,0.4699641334409272,1.0055546201937329,0.6046605156669714,0.4699641334409272,7.09567983544202e-14,3.55626549343871e-14,3.449256631667004e-14,1.0,1.0,1.0,7.400235713708303e-17,7.713954176422961e-17,7.70557445495915e-17,1.0,1.0,1.0,1.0,1.0,1.0,1.0,0.9999999869619859,1.0022443800958795e-19,-4.443635083119836e-17
ToyDog_MultiplicativeGaussianNoise_7.ply,ToyDog.ply,MultiplicativeGaussianNoise,3,2.92857142857143,701110,701110,2.540027379989624,0.13319778442382812,0.9565092144781762,0.9917291896353758,0.9909164677327271,0.1225526131359614,0.03903444725904359,0.0020003871651898203,0.7369734780557571,0.8392191540652207,0.962393833572341,0.05885801693648815,0.018914491274652098,0.03472052878191741,0.0,0.0,0.0,0.0,0.6046605156669714,0.4699641334409272,1.0055546201937329,0.6046605156669714,0.4699641334409272,7.09567983544202e-14,3.55626549343871e-14,3.449256631667004e-14,1.0,1.0,1.0,7.400235713708303e-17,7.713954176422961e-17,7.70557445495915e-17,1.0,1.0,1.0,1.0,1.0,1.0,1.0,0.9999999869619859,1.0022443800958795e-19,-4.443635083119836e-17
ToyDog_reconstruction_3.ply,ToyDog.ply,reconstruction,4,3.7,701110,800000,2.8217198848724365,0.05695343017578125,0.9846950958011089,0.9989586222510483,0.9992924898058343,0.25754950155284384,0.4335930309478429,0.6871446360782548,0.9704876732548011,0.9382078706809887,0.9121342546338501,0.27819429601062656,0.4322069585271171,0.1284420846504068,6.649451533298298,3.3581833480140317,3.258299168239279,3.0096190567639396,0.6046605156669714,0.4699641334409272,6.688029268084521,3.3198437340891274,2.9415279701801196,6.396820720214753,2.964446861491187,3.2969016608363875,0.8396214360762362,0.8314582590709048,0.5525649659017778,0.999990617029234,1.0011140321819585,0.8741482112637159,0.7501425588679589,0.8254160172108576,0.9328872928609979,0.8563593239011922,0.28201870698154585,0.546109083458855,0.5443004727694922,0.47881571729171224,0.5617225737443292,0.061805187522037515
ToyDog_reconstruction_4.ply,ToyDog.ply,reconstruction,4,2.78571428571429,701110,800000,2.84727144241333,0.056476593017578125,0.9838183786598901,0.9988399794883859,0.9992523736426864,0.2553514064493942,0.42067096247631164,0.6640176804211512,0.9753843555086944,0.9426920999035976,0.9099234286391455,0.2745893157602539,0.4187770186840379,0.1281298712715117,7.608390716220865,3.9374846739063134,3.7256427802116505,3.4560157270245537,0.6046605156669714,0.4699641334409272,7.646101544212969,3.7983742002740475,3.3902331894429536,7.379143742771257,3.430947231372369,3.8498939525254534,0.8360659041139977,0.8274173129240326,0.47067597702953873,0.9997599688329379,0.9992065543390862,0.9011468375078016,0.7007150408464621,0.8229737837051023,0.9218236727164946,0.8461051695409233,0.28255006705873437,0.4826423972076442,0.47666017810897554,0.4773989983427842,0.5579716906871492,0.07525647270180558
ToyDog_reconstruction_5.ply,ToyDog.ply,reconstruction,4,3.0625,701110,800000,2.794618606567383,0.0661468505859375,0.9828360272846689,0.9987169556972866,0.9992150407354419,0.2466570110607876,0.39986247152872406,0.6415820090879744,0.9793228882595942,0.9450389300811335,0.9028086677833357,0.26455511592482067,0.3989266071313369,0.12202328913460996,8.65070655483851,4.321277636503641,4.243191759316933,4.105663859592659,0.6046605156669714,0.4699641334409272,8.672501434773041,4.304927283983771,4.0448322217254145,8.404218697150197,3.895354285245171,4.46878700159484,0.8312793477170825,0.8241503795663491,0.36186801803335683,0.998881379019812,0.9994272462550339,0.9232810663061911,0.6351528205745282,0.8217141968430894,0.9075643173116106,0.83537954219841,0.27960179053356105,0.3899867065665097,0.3811856753888546,0.47410548354646587,0.5641742105574631,0.08468030899300812
ToyDog_reconstruction_6.ply,ToyDog.ply,reconstruction,4,2.71428571428571,701110,800000,2.8172736167907715,0.0655517578125,0.9809953871053004,0.9984917321948019,0.9991538735058523,0.2308249277459598,0.3741951012096471,0.6003524235144984,0.9866279039804364,0.952022668037291,0.8849832328153544,0.2475036102778233,0.36561621651701226,0.11244085614484899,10.245933510343432,4.99370906437425,4.837889048307381,5.253403077028921,0.6046605156669714,0.4699641334409272,10.245720480867055,4.882136776119908,5.197600549664919,10.032028341936488,4.52358826334481,5.617859185136872,0.8246419160028623,0.8198224261448491,0.2310710677362667,0.9992032274149654,1.0003319526377632,0.9454153729884334,0.5495262428128044,0.8175366613811705,0.8838840749516023,0.8158868305032022,0.27467440845899943,0.26514133811801177,0.25607602124026385,0.46615529909885656,0.5663025864891619,0.11230213223742218
ToyDog_reconstruction_7.ply,ToyDog.ply,reconstruction,4,2.35714285714286,701110,800000,2.9000492095947266,0.049530029296875,0.9770091952951413,0.9980404387841686,0.9989603933775869,0.18555914883083777,0.2987936440423871,0.5008215252911065,0.9939154737532623,0.953064639901154,0.8158126582529204,0.19876082086066904,0.2791578108650814,0.08409224812514418,16.837376305869718,7.8092518419655,7.636236796203292,9.678274764440694,0.6046605156669714,0.4699641334409272,16.801716807290457,7.647687399351457,9.6260830405076,16.533054874196463,7.181416012224545,10.065561801727736,0.8057944266659638,0.80709771906291,0.11999105785477922,1.0012055531147,1.0004146721343408,0.9680118028714908,0.4651007882081551,0.821646121480334,0.7842818165105514,0.7373937411175426,0.24998581376905438,0.13784485513001113,0.13014537461729384,0.4371280083776936,0.5895399536384847,0.2263328900483818
ToyDog_UniformNoise_1.ply,ToyDog.ply,UniformNoise,30,4.9,701110,701110,2.539754629135132,0.06292724609375,0.9939628775018979,0.996859388316097,0.9985429236362947,0.7723558493039937,0.3131637337459274,0.05660110685546874,0.21632205511565272,0.5205496880834068,0.8612945578792147,0.6082469793181919,0.23512273381763962,0.5786252603429526,0.0,0.0,0.0,0.0,0.6046605156669714,0.4699641334409272,1.0055546201937329,0.6046605156669714,0.4699641334409272,7.09567983544202e-14,3.55626549343871e-14,3.449256631667004e-14,1.0,1.0,1.0,7.400235713708303e-17,7.713954176422961e-17,7.70557445495915e-17,1.0,1.0,1.0,1.0,1.0,1.0,1.0,0.9999999869619859,1.0022443800958795e-19,-4.443635083119836e-17
ToyDog_UniformNoise_3.ply,ToyDog.ply,UniformNoise,30,3.75,701110,701110,2.5596585273742676,0.051158905029296875,0.9826236280816629,0.9877212301307549,0.995983796425236,0.310575719193279,0.07075529776147207,0.009120592363327568,0.5956425962814067,0.7856608952887029,0.9366419755268521,0.17917249241935693,0.05274680327511699,0.13086205475833845,0.0,0.0,0.0,0.0,0.6046605156669714,0.4699641334409272,1.0055546201937329,0.6046605156669714,0.4699641334409272,7.09567983544202e-14,3.55626549343871e-14,3.449256631667004e-14,1.0,1.0,1.0,7.400235713708303e-17,7.713954176422961e-17,7.70557445495915e-17,1.0,1.0,1.0,1.0,1.0,1.0,1.0,0.9999999869619859,1.0022443800958795e-19,-4.443635083119836e-17
ToyDog_UniformNoise_4.ply,ToyDog.ply,UniformNoise,30,3.46428571428571,701110,701110,2.4200599193573,0.034893035888671875,0.9760624314923076,0.9834376341588693,0.9946015336331377,0.21862961074114134,0.04546441563081919,0.0055514564029573495,0.6890503496959669,0.8385723556747876,0.9437797064672744,0.11839709035225685,0.033973911557339836,0.08064651348597289,0.0,0.0,0.0,0.0,0.6046605156669714,0.4699641334409272,1.0055546201937329,0.6046605156669714,0.4699641334409272,7.09567983544202e-14,3.55626549343871e-14,3.449256631667004e-14,1.0,1.0,1.0,7.400235713708303e-17,7.713954176422961e-17,7.70557445495915e-17,1.0,1.0,1.0,1.0,1.0,1.0,1.0,0.9999999869619859,1.0022443800958795e-19,-4.443635083119836e-17
ToyDog_UniformNoise_5.ply,ToyDog.ply,UniformNoise,30,3.35714285714286,701110,701110,2.421386480331421,0.01458740234375,0.9662790160022037,0.9803195408130769,0.9927453056345541,0.16675794252324036,0.03243598657212786,0.0038002141067978133,0.7501632615979348,0.8704336065991709,0.9489571011952798,0.08617721629397461,0.024384098929461587,0.055927435800234696,0.0,0.0,0.0,0.0,0.6046605156669714,0.4699641334409272,1.0055546201937329,0.6046605156669714,0.4699641334409272,7.09567983544202e-14,3.55626549343871e-14,3.449256631667004e-14,1.0,1.0,1.0,7.400235713708303e-17,7.713954176422961e-17,7.70557445495915e-17,1.0,1.0,1.0,1.0,1.0,1.0,1.0,0.9999999869619859,1.0022443800958795e-19,-4.443635083119836e-17
ToyDog_UniformNoise_7.ply,ToyDog.ply,UniformNoise,30,3.0,701110,701110,2.4319217205047607,0.000453948974609375,0.9322066145560521,0.9763344311921262,0.9895444910194757,0.11009545791993619,0.019484064159421114,0.0022359177940328052,0.8216567659077644,0.9036516390904956,0.9606541417704549,0.05394744718874035,0.015051405324755518,0.03273611138507314,0.0,0.0,0.0,0.0,0.6046605156669714,0.4699641334409272,1.0055546201937329,0.6046605156669714,0.4699641334409272,7.09567983544202e-14,3.55626549343871e-14,3.449256631667004e-14,1.0,1.0,1.0,7.400235713708303e-17,7.713954176422961e-17,7.70557445495915e-17,1.0,1.0,1.0,1.0,1.0,1.0,1.0,0.9999999869619859,1.0022443800958795e-19,-4.443635083119836e-17
Truck_ColorQuantizationDither_3.ply,Truck.ply,ColorQuantizationDither,24,3.82142857142857,817687,817687,3.549636125564575,0.023006439208984375,0.9770915737096171,0.9865985697770164,0.9871326289687405,0.8075953985449061,0.5150841016420452,0.5095774401794348,0.1591431065720458,0.5342216156989187,0.674662217542726,0.8043079888697026,0.620115044576688,0.7772912518898224,0.0,0.0,0.0,0.0,0.8634534228018635,0.8166010916253008,1.566668275107867,0.8634534228018635,0.8166010916253008,7.75083873565043e-14,4.180040158332807e-14,3.0693018153895263e-14,1.0,1.0,1.0,7.84165297875478e-17,8.109697260998787e-17,6.448806270099903e-17,1.0,1.0,1.0,1.0,1.0,1.0,1.0,0.999354513278417,8.957745882081302e-21,0.0006454736162659339
Truck_ColorQuantizationDither_4.ply,Truck.ply,ColorQuantizationDither,24,3.07142857142857,817687,817687,3.567203998565674,0.048492431640625,0.976097927306024,0.9813891622930694,0.9772754278419179,0.7879590574938184,0.4995227314524636,0.5416640941603796,0.17412315149084712,0.6543017343940759,0.7972739024098251,0.8039598104156493,0.665034549831229,0.770066661551407,0.0,0.0,0.0,0.0,0.8634534228018635,0.8166010916253008,1.566668275107867,0.8634534228018635,0.8166010916253008,7.75083873565043e-14,4.180040158332807e-14,3.0693018153895263e-14,1.0,1.0,1.0,7.84165297875478e-17,8.109697260998787e-17,6.448806270099903e-17,1.0,1.0,1.0,1.0,1.0,1.0,1.0,0.999354513278417,8.957745882081302e-21,0.0006454736162659339
Truck_ColorQuantizationDither_5.ply,Truck.ply,ColorQuantizationDither,24,2.65625,817687,817687,3.5314810276031494,0.04747772216796875,0.960278040616095,0.9791447159834217,0.9741927466548477,0.7353340257518979,0.4129276699361534,0.231814128336419,0.17918834719445625,0.6436273611675961,0.8155488472399267,0.7574480170494762,0.45577913301924367,0.7228673507859091,0.0,0.0,0.0,0.0,0.8634534228018635,0.8166010916253008,1.566668275107867,0.8634534228018635,0.8166010916253008,7.75083873565043e-14,4.180040158332807e-14,3.0693018153895263e-14,1.0,1.0,1.0,7.84165297875478e-17,8.109697260998787e-17,6.448806270099903e-17,1.0,1.0,1.0,1.0,1.0,1.0,1.0,0.999354513278417,8.957745882081302e-21,0.0006454736162659339
Truck_ColorQuantizationDither_6.ply,Truck.ply,ColorQuantizationDither,24,2.46875,817687,817687,3.560662269592285,0.09505462646484375,0.9551132896046258,0.9783168105520583,0.974167751899951,0.6473708605595002,0.2433291019768024,0.24126837859058048,0.247813827460317,0.7243407887515092,0.8287516716725536,0.6701967727273861,0.3618492666878146,0.6280001176003736,0.0,0.0,0.0,0.0,0.8634534228018635,0.8166010916253008,1.566668275107867,0.8634534228018635,0.8166010916253008,7.75083873565043e-14,4.180040158332807e-14,3.0693018153895263e-14,1.0,1.0,1.0,7.84165297875478e-17,8.109697260998787e-17,6.448806270099903e-17,1.0,1.0,1.0,1.0,1.0,1.0,1.0,0.999354513278417,8.957745882081302e-21,0.0006454736162659339
Truck_ColorQuantizationDither_7.ply,Truck.ply,ColorQuantizationDither,24,1.96428571428571,817687,817687,3.5589308738708496,0.07683944702148438,0.9055672039386508,0.9763167922181246,0.9731401933819531,0.41024284629965385,0.15517076259896817,0.12861926794688477,0.29286973253830506,0.5523834972994079,0.7384414380537481,0.42202012627454,0.2741877730185664,0.38822097151849755,0.0,0.0,0.0,0.0,0.8634534228018635,0.8166010916253008,1.566668275107867,0.8634534228018635,0.8166010916253008,7.75083873565043e-14,4.180040158332807e-14,3.0693018153895263e-14,1.0,1.0,1.0,7.84165297875478e-17,8.109697260998787e-17,6.448806270099903e-17,1.0,1.0,1.0,1.0,1.0,1.0,1.0,0.999354513278417,8.957745882081302e-21,0.0006454736162659339
Truck_lossy-geom-lossy-attrs_3.ply,Truck.ply,lossy-geom-lossy-attrs,27,4.57142857142857,817687,794521,3.5564496517181396,0.07470321655273438,0.992087789105139,0.9969005603020644,0.9973500142098676,0.791525260494873,0.3337518052606048,0.3086908247885165,0.9096600956877097,0.8988721026417261,0.869085258443845,0.7619686355335374,0.3850445196271423,0.7304467020678947,0.6722176558449936,0.33625328867080667,0.3362190964283324,0.33708905131124645,0.8634534228018635,0.8166010916253008,1.819872756508855,1.0115621077882968,0.9512581158100185,0.3942037776286504,0.1792775842699663,0.22075389583329244,0.9804677058418145,0.9702982873755454,0.8468053425898219,0.9595955302546761,0.9342517048745539,0.7105058948319132,0.9365094195925453,0.9788464114326039,0.9954211307738655,0.9573595764079822,0.6258616501375134,0.8541964610543421,0.8472949546860225,0.7399283675271009,0.22566906932473682,0.0011399106552718915
Truck_lossy-geom-lossy-attrs_4.ply,Truck.ply,lossy-geom-lossy-attrs,27,4.28571428571429,817687,736461,3.546271800994873,0.06653976440429688,0.9879288486413228,0.9958232805668707,0.9963316832935746,0.6165926426898657,0.2393569415744183,0.23211665727144842,0.9499835416192765,0.9010719971329957,0.8457142599790988,0.5926043548738924,0.27615392364598185,0.5423033283958192,1.1187951636538511,0.5566111628026966,0.5524797757693517,0.5292539051415684,0.8634534228018635,0.8166010916253008,2.093512191797681,1.1751355385204154,1.0313925797522927,0.6738805989458477,0.25374747980184775,0.471640391683004,0.9565782420287586,0.9303073043027089,0.7530148361281462,0.9885611947263481,0.9604869118961133,0.7450588552294134,0.8800566237037084,0.9298565485399448,0.9924059201777629,0.9421671634501391,0.5405412755375375,0.7794913333355183,0.7704242940946374,0.6759602874124442,0.3095127761977566,0.0027847788880521196
Truck_lossy-geom-lossy-attrs_5.ply,Truck.ply,lossy-geom-lossy-attrs,27,3.8125,817687,261254,2.9839704036712646,0.0001068115234375,0.9672469722274938,0.9924649242438726,0.9931502743472364,0.47207414596635877,0.2516795311741444,0.254307726809208,0.9822717774547757,0.9538095942901028,0.8926049197047975,0.4657966840419344,0.28470219058496127,0.40392374884714544,2.0166478652095954,1.027255767466567,1.01758208676802,0.9872463014450072,0.8634534228018635,0.8166010916253008,2.764423832821425,1.5312903451393467,1.360071334428398,1.643762851255084,0.8424169024111884,0.8976265331512523,0.5098543812906206,0.466438067359328,0.42119690512769725,0.9983924888619558,0.9776819898546668,0.7798900295809654,0.49881534494979146,0.38179965215576606,0.9646512753259786,0.8876807675736165,0.3884465694780543,0.6178769119025128,0.6018340372134116,0.5586810238275995,0.44934502156317097,0.02202922984508241
Truck_lossy-geom-lossy-attrs_6.ply,Truck.ply,lossy-geom-lossy-attrs,27,3.0,817687,70685,2.819769859313965,0.00069427490234375,0.9372481012629014,0.9871762903316493,0.9879525079291892,0.452874748397359,0.2515830039354654,0.2588004144054097,0.9939418454833789,0.9694608735305426,0.9116159979342863,0.4539010333169827,0.3051122115166539,0.39417011626197124,3.8917323691734507,1.9656625085406292,1.98823958626476,1.9463324762066918,0.8634534228018635,0.8166010916253008,4.402668230252202,2.357543359933858,2.1897088189397156,4.2893734449813445,2.315344895759722,2.198938904610719,0.1826209446529905,0.1560738248393758,0.23060920343295585,0.9987952502380717,0.9868807343603606,0.7984906874376269,0.22811080382594565,0.09687916466499201,0.9109829220205214,0.8356853443763133,0.34852392313213565,0.5122408442446008,0.48986971972815413,0.51361259770974,0.49379684823793724,0.061743794010881814
Truck_lossy-geom-lossy-attrs_7.ply,Truck.ply,lossy-geom-lossy-attrs,27,1.42857142857143,817687,18661,2.771327018737793,0.09195709228515625,0.8960453593233002,0.9808044504579994,0.9809630110378842,0.4728639835229605,0.25641973553415,0.2906151682122411,0.9975686095005155,0.946151781458521,0.9663961587905553,0.47969406905460077,0.341286041960619,0.4250688629102698,7.605446033385423,3.9004540735697604,3.9043112354901615,3.698669242103903,0.8634534228018635,0.8166010916253008,7.9394522642648955,4.139805705201991,3.848599557459419,10.476216983868737,5.556560488933652,5.097564475658479,0.05816334053360234,0.04683720893657511,0.14010882444247344,1.0000263620666408,0.9911226505977448,0.8113123973241193,0.1314161590536008,0.02264856178407036,0.837766369622158,0.7732324835957003,0.3290155658671726,0.4261359762572124,0.39871447389407794,0.4819640999191043,0.5328318064677526,0.1242416465193423
Truck_PoissonNoise_3.ply,Truck.ply,PoissonNoise,8,4.10714285714286,817687,817687,3.5490658283233643,0.10517120361328125,0.8353947452573114,0.9980560905829736,0.998291985533256,0.9086800647224285,0.657577650521441,0.6100245092636708,0.07140529748109388,0.31841890903516135,0.355798026864014,0.8736577653817147,0.7190792459341401,0.8607717945894181,0.0,0.0,0.0,0.0,0.8634534228018635,0.8166010916253008,1.566668275107867,0.8634534228018635,0.8166010916253008,7.75083873565043e-14,4.180040158332807e-14,3.0693018153895263e-14,1.0,1.0,1.0,7.84165297875478e-17,8.109697260998787e-17,6.448806270099903e-17,1.0,1.0,1.0,1.0,1.0,1.0,1.0,0.999354513278417,8.957745882081302e-21,0.0006454736162659339
Truck_PoissonNoise_4.ply,Truck.ply,PoissonNoise,8,3.67857142857143,817687,817687,3.74263334274292,0.0684661865234375,0.7963880776771092,0.9974741756527317,0.9978682097673208,0.8876671241162551,0.6095695322326652,0.5565040220749088,0.08630436038312352,0.36727735209032053,0.4038013585892003,0.8468637328994361,0.6769986660452971,0.8322726380915844,0.0,0.0,0.0,0.0,0.8634534228018635,0.8166010916253008,1.566668275107867,0.8634534228018635,0.8166010916253008,7.75083873565043e-14,4.180040158332807e-14,3.0693018153895263e-14,1.0,1.0,1.0,7.84165297875478e-17,8.109697260998787e-17,6.448806270099903e-17,1.0,1.0,1.0,1.0,1.0,1.0,1.0,0.999354513278417,8.957745882081302e-21,0.0006454736162659339
Truck_PoissonNoise_5.ply,Truck.ply,PoissonNoise,8,3.85714285714286,817687,817687,3.5882887840270996,0.06399154663085938,0.762049316099554,0.9968120747942698,0.9973251191539431,0.865929058625943,0.5711096882958671,0.5173659455340802,0.10063404687468458,0.4103402687996101,0.445850863506019,0.8213311424407944,0.6442681724102012,0.8046100767458949,0.0,0.0,0.0,0.0,0.8634534228018635,0.8166010916253008,1.566668275107867,0.8634534228018635,0.8166010916253008,7.75083873565043e-14,4.180040158332807e-14,3.0693018153895263e-14,1.0,1.0,1.0,7.84165297875478e-17,8.109697260998787e-17,6.448806270099903e-17,1.0,1.0,1.0,1.0,1.0,1.0,1.0,0.999354513278417,8.957745882081302e-21,0.0006454736162659339
Truck_PoissonNoise_6.ply,Truck.ply,PoissonNoise,8,3.17857142857143,817687,817687,3.599724769592285,0.04970550537109375,0.7314869810990491,0.9960308464638291,0.9966066747982073,0.8425886682410172,0.5411969184474504,0.48615099696615527,0.11489841444730634,0.45155396571897405,0.48498955512309694,0.7972636252216788,0.6184348483656936,0.7780621703336835,0.0,0.0,0.0,0.0,0.8634534228018635,0.8166010916253008,1.566668275107867,0.8634534228018635,0.8166010916253008,7.75083873565043e-14,4.180040158332807e-14,3.0693018153895263e-14,1.0,1.0,1.0,7.84165297875478e-17,8.109697260998787e-17,6.448806270099903e-17,1.0,1.0,1.0,1.0,1.0,1.0,1.0,0.999354513278417,8.957745882081302e-21,0.0006454736162659339
Truck_PoissonNoise_7.ply,Truck.ply,PoissonNoise,8,3.13333333333333,817687,817687,3.6482038497924805,0.07240676879882812,0.7041927068581739,0.9950456414186443,0.9956766041090107,0.8157746183574818,0.5163075773300274,0.4637805397749484,0.13083562760304815,0.4885829366257278,0.5217714806078114,0.7746727857841773,0.5994771158637429,0.7524539084956369,0.0,0.0,0.0,0.0,0.8634534228018635,0.8166010916253008,1.566668275107867,0.8634534228018635,0.8166010916253008,7.75083873565043e-14,4.180040158332807e-14,3.0693018153895263e-14,1.0,1.0,1.0,7.84165297875478e-17,8.109697260998787e-17,6.448806270099903e-17,1.0,1.0,1.0,1.0,1.0,1.0,1.0,0.999354513278417,8.957745882081302e-21,0.0006454736162659339
Whale_LocalOffset_1.ply,Whale.ply,LocalOffset,13,4.28571428571429,857576,857576,3.8518803119659424,0.037303924560546875,0.9881150047880992,0.9996921816502007,0.9997055402124218,0.9538920315782968,0.9629239179917113,0.9587067025587593,0.34535643676891503,0.3449284370905422,0.33090677366371724,0.9555947865894217,0.960838552624108,0.9449584099836454,4.857143694943621,2.703062407124578,2.4765720097095154,1.6124966662658047,0.15556784138857024,0.3139475604296329,5.257036780247428,2.623587770130898,1.900002920047841,5.012658695119585,2.5335439442727483,1.7174856833218506,0.9547671672585093,0.9515748885619506,0.9394335276528157,0.348188485869744,0.35324762068575716,0.36330506029480236,0.9549957869862038,0.9445735124040359,0.9944221902501459,0.9474748233821764,0.8538987855582949,0.9623070341086266,0.9490940557698302,0.9015338274643739,0.08236935179185836,0.010935239049006056
Whale_LocalOffset_2.ply,Whale.ply,LocalOffset,13,3.0,857576,857576,3.830507516860962,0.046215057373046875,0.986589586076434,0.9996576184629082,0.9996542663534327,0.9396257954245302,0.9487478539022803,0.9457535809549968,0.37377004281361564,0.37167570563319097,0.3581514825749173,0.9419895267847564,0.9478938974711355,0.9252831073234887,6.464562953759758,3.754297612121694,3.2913485066766763,1.9853101784471652,0.15556784138857024,0.3139475604296329,6.842180692284527,3.4277012813923737,2.2569027770819647,6.694521873586525,3.3868834787141866,2.088210351384726,0.9360423469919295,0.9315212373122179,0.9128716029705245,0.3751917273492147,0.37964931753615777,0.3909052086799875,0.9355113632732835,0.9222626769305527,0.9876166881342905,0.9222933343324137,0.8190485945986083,0.9421663726073233,0.9242500753423495,0.8775718639874667,0.10883857580287537,0.019492719468357893
Whale_LocalOffset_3.ply,Whale.ply,LocalOffset,13,2.10714285714286,857576,857576,3.9249441623687744,0.06906890869140625,0.9590374742820975,0.9988085819689924,0.998902282740958,0.8509315914767063,0.864889454879919,0.855883335578603,0.6452776656820761,0.6033109157171295,0.5729727300136088,0.8557180693129006,0.8598854398585998,0.8174830192924841,14.24562675209194,7.915468002778959,7.39020371704456,5.400587351341062,0.15556784138857024,0.3139475604296329,14.54971696638322,7.500618389832085,5.614570450380177,14.679337220520797,7.557975024761171,5.7584271959083795,0.8632080194215799,0.8580317496280749,0.7803562658044864,0.691524980654914,0.6874840162629691,0.6234022029838401,0.8413831797018738,0.8417166118400058,0.9321403006308612,0.8160984894705631,0.6467621782770291,0.8179691961902958,0.793795442679157,0.7585172108254036,0.23177790228834236,0.08982763524193593
Whale_LocalOffset_4.ply,Whale.ply,LocalOffset,13,2.1,857576,857576,4.089514255523682,0.06732559204101562,0.9408153129030169,0.9978679182149467,0.9976314810536495,0.8056168637173289,0.8173631918636198,0.8007632399070079,0.694089923716508,0.6538767237166644,0.6262086214038647,0.8117658304506988,0.8175855391090108,0.763325584289306,22.658965392173997,11.073144494203587,10.332378899845486,11.241825013324737,0.15556784138857024,0.3139475604296329,22.9266686127567,10.432662783371002,11.422710190718396,23.19730260765677,10.469245887677271,11.822979897950976,0.8212979622375002,0.8164006457416699,0.6886892051391317,0.7294833487841146,0.7264747259068489,0.6723701087122779,0.7770022841738008,0.7890830032358948,0.9051489415762747,0.7672827448396866,0.5752688575336968,0.7347787639225345,0.7090611285553222,0.7085556692743756,0.28537131000120813,0.13030499875806623
Whale_LocalOffset_5.ply,Whale.ply,LocalOffset,13,1.67857142857143,857576,857576,4.1962292194366455,0.06789779663085938,0.9296785915926732,0.99752694917398,0.9973096512746283,0.7455710066781094,0.7818068583380118,0.7619072751895265,0.7489966988177059,0.7087325726212128,0.6807219211479597,0.7525934411166345,0.775611901234278,0.696146220201263,29.852966582517798,14.301573817741756,13.149210273134932,15.161080064936428,0.15556784138857024,0.3139475604296329,30.06854014132843,13.233277223912047,15.293560298667272,30.52167448503805,13.343640248995714,15.806520740294001,0.7754603673072755,0.7660020407257074,0.6103218929946722,0.7792625611877334,0.7763402869189405,0.7286241932532515,0.7166711449422666,0.7247979387299665,0.8694851597166275,0.698840480098451,0.49725627415508344,0.6665374492567007,0.634150221584123,0.6527754542091558,0.35049182849979965,0.1705320243523013
WhiteTailedDeer_C2AI-lossy-geom-lossy-attrs_3.ply,WhiteTailedDeer.ply,C2AI-lossy-geom-lossy-attrs,12,4.43333333333333,865756,606734,3.370847463607788,0.036067962646484375,0.9939574378282174,0.9951932624524099,0.9964484331593763,0.6149534825633765,0.27023672235607754,0.2944740940374489,0.9649641096993985,0.7339865965992632,0.7751124163628256,0.5975674495752099,0.30147343363967305,0.5237200702943794,2.1718015814218408,0.843160919738737,0.8336953409625233,1.5361238564529789,0.2124341538094399,0.37631808217916046,2.2046421452071114,0.8642748513530591,1.5386273740887173,2.010482561041527,0.411693349583663,1.8035294685170677,0.8123150916893308,0.7765259483059593,0.23798876952643616,1.0012640130628403,0.9996351362911389,0.963753777645411,0.5494308234909917,0.7388531554841637,0.9785030705716427,0.9414137502905433,0.30494013587018515,0.3357749285268214,0.3216268474573838,0.5008726021195465,0.5438426096064554,0.008133869089249266
WhiteTailedDeer_C2AI-lossy-geom-lossy-attrs_4.ply,WhiteTailedDeer.ply,C2AI-lossy-geom-lossy-attrs,12,3.85714285714286,865756,598504,3.2752034664154053,0.09026336669921875,0.9922537846493841,0.994660498861149,0.9958598032920823,0.42942306783028883,0.2558163085684653,0.27921369383419137,0.9798457303408769,0.6934377780639732,0.7570290147362735,0.4231044058361879,0.259691708360849,0.34052262333153327,2.313069510265261,0.8667756110386542,0.857711511533185,1.6812333060928635,0.2124341538094399,0.37631808217916046,2.3405061093738944,0.8858630616083998,1.6782530049662983,2.1493185477505823,0.43074393952602885,1.9298118498012262,0.8030028448258606,0.7678480223330112,0.21886758659415972,1.0004490552006158,1.0000503699359602,0.9689377702845429,0.5306459862993439,0.7277020106568525,0.974194159547673,0.9399848379260715,0.30626566646559267,0.31497518776887296,0.301176234085881,0.4993508269850466,0.5444362861277777,0.01123747907627663
WhiteTailedDeer_C2AI-lossy-geom-lossy-attrs_5.ply,WhiteTailedDeer.ply,C2AI-lossy-geom-lossy-attrs,12,4.07142857142857,865756,589135,3.2972989082336426,0.06056976318359375,0.988993765590213,0.9936688490003908,0.9950401897870582,0.35321042937798264,0.23542174717674644,0.26677316125975453,0.9843688080867551,0.639637237975026,0.7158286211038157,0.35174199888324786,0.2317945555915931,0.2771551703937257,2.8101049597252663,0.9414541533069499,0.9419810134875536,2.1864432251999313,0.2124341538094399,0.37631808217916046,2.8262923493337384,0.9655996921620136,2.1786287618707783,2.697238480453543,0.4724715904812491,2.4884678069525106,0.7943792572185375,0.7601409749569569,0.19451872827507874,1.0014795615334808,0.9997398783205019,0.9729401463702372,0.5068892135714701,0.7173106118379109,0.9659215353125411,0.933740601495318,0.304107495856391,0.28377641366164685,0.2705509365311168,0.49643341416059844,0.5467067818182388,0.018263583180094217
WhiteTailedDeer_C2AI-lossy-geom-lossy-attrs_6.ply,WhiteTailedDeer.ply,C2AI-lossy-geom-lossy-attrs,12,3.14285714285714,865756,592603,3.3370397090911865,0.042652130126953125,0.9859450872935676,0.9920641108245004,0.9939557669336369,0.3178807698265627,0.2110809925119234,0.24538689216106668,0.9603414236788059,0.5743415743164892,0.6607419204632902,0.321801958386212,0.20592837097037384,0.2521467213440401,2.9291913446438094,0.9760644333769826,0.9649382409718436,2.277767894430278,0.2124341538094399,0.37631808217916046,2.933986564006875,0.9930781094673883,2.2508679607289674,2.7878308034929584,0.5226094330296965,2.5393159492939055,0.7974641146219309,0.7644047810056022,0.17410241874809465,1.001580858537638,0.9996039756574192,0.9723785080923291,0.49024834128964084,0.7201783658925992,0.9558125825494246,0.9278629089461292,0.30003679301778274,0.25061303196732243,0.2380815941880591,0.4922128949252455,0.547835345156555,0.02448271221912648
WhiteTailedDeer_C2AI-lossy-geom-lossy-attrs_7.ply,WhiteTailedDeer.ply,C2AI-lossy-geom-lossy-attrs,12,2.83333333333333,865756,567165,3.295620918273926,0.0362701416015625,0.9818617224622248,0.9889031755359188,0.9923498688756779,0.3045763065543042,0.19311904551200382,0.23178639609199211,0.932801100998982,0.5351988759798776,0.6501779625117186,0.311577894986231,0.19619077400670704,0.24743236511918415,3.518552872410243,1.0957662687978715,1.087089100878476,2.827712383390462,0.2124341538094399,0.37631808217916046,3.513682469109595,1.1127292714522024,2.7938250502028974,3.3887301991938807,0.6230843271140096,3.1071220968968363,0.7890213840877576,0.7536218192696901,0.15268299993222656,0.9999814006740504,0.9996590652589195,0.9757755706790968,0.45935144151203283,0.7054774347696863,0.9400366277888788,0.9135771202090852,0.2969901374613423,0.22229000677639588,0.21022021156069637,0.4850809392935363,0.5524906237127252,0.03709107430432059
WhiteTailedDeer_LocalOffset_1.ply,WhiteTailedDeer.ply,LocalOffset,13,3.5,865756,865756,3.6745266914367676,0.07109451293945312,0.9956668410830687,0.9983483248203245,0.998488459148428,0.9635980820997563,0.9749639246359341,0.9721431199764535,0.39489841837964973,0.3940639149119756,0.3953765639248257,0.9664468056714307,0.97246684498147,0.9582112170599414,2.6954001901687397,1.6511011043886004,1.5718244201444944,0.6835584278087282,0.2124341538094399,0.37631808217916046,3.1939841297123306,1.7691708718270485,1.032160176546223,2.863339346920681,1.6705850480507671,0.7505135774432221,0.9642588718603773,0.9637966025288456,0.9387472974515394,0.4421777187006393,0.4341184760317443,0.35863380175502807,0.960741861135653,0.9623026060782636,0.9846056740508292,0.9498403594842904,0.840687575063143,0.9490650600801853,0.9430221289638759,0.8922999193220879,0.09470534250367227,0.023228611890057857
WhiteTailedDeer_LocalOffset_2.ply,WhiteTailedDeer.ply,LocalOffset,13,2.75,865756,865756,3.7277512550354004,0.0676422119140625,0.9928225997567128,0.9978430379912517,0.9980483889099192,0.9417793254909919,0.9541580682099556,0.9517317193490133,0.45091856994792145,0.45027813178260073,0.45077217285914073,0.9457753527660985,0.9553163074660015,0.9333871054246246,6.8522043225182125,4.017219737105596,3.5853948812070247,2.312383473511681,0.2124341538094399,0.37631808217916046,7.317052181912872,3.7692261780490433,2.6322377965634423,7.136016568207979,3.75049148777128,2.4476878307767245,0.9374279778313411,0.9360464656187927,0.8872938434139241,0.496537879839203,0.4920028056629104,0.4137023286701871,0.9266188568369708,0.93276040790404,0.9707513250563331,0.9120640718357808,0.7837047447598358,0.9050117726023019,0.8941860549135052,0.8510209162073425,0.13388814780499375,0.04419324691165352
WhiteTailedDeer_LocalOffset_3.ply,WhiteTailedDeer.ply,LocalOffset,13,2.6875,865756,865756,3.8639426231384277,0.15268707275390625,0.9859269874542448,0.99650557949901,0.9965852750873062,0.9084493149910501,0.9186190793130888,0.9156460154517349,0.5151958193655322,0.513072682151877,0.5144224373393398,0.9145577856516688,0.9273052982806818,0.8953228239757317,15.308111873274658,8.502801951744857,7.920900428640104,5.837395932089284,0.2124341538094399,0.37631808217916046,15.721798459929559,8.087977684372738,6.109446790573145,15.84424626802284,8.11079509350321,6.3086767069711085,0.8929920175090938,0.8902962187510985,0.8057657046144124,0.5573559706392626,0.5502701265264877,0.4720602328699184,0.8688925517677963,0.8825510963570733,0.9390368012301173,0.850580596266285,0.7066827606201032,0.8360605157856237,0.8191549490007244,0.7955119279858069,0.19774828129280733,0.08157045971151287
WhiteTailedDeer_LocalOffset_4.ply,WhiteTailedDeer.ply,LocalOffset,13,2.0,865756,865756,4.004610300064087,0.08358383178710938,0.975241509634124,0.9939251280105929,0.9940379122666785,0.8508977862441954,0.8640994400168339,0.8578589839023574,0.6076580120286009,0.6052922070655641,0.6053664263856534,0.8597523713355127,0.8770389197832053,0.8311185142590546,22.30597849790628,11.968017285970571,11.482403393837169,8.731186556572966,0.2124341538094399,0.37631808217916046,22.656716040278845,11.620731922310563,8.960159061515776,22.964500957057716,11.735917769077036,9.249024257803256,0.8397463745320921,0.8393716033484389,0.6860693693685533,0.6409175582834058,0.6365703227366334,0.5655153224668422,0.7839466226218635,0.8263360090795973,0.8877582829672985,0.7708932593863794,0.5999839558292988,0.7255088057614331,0.7056413088770904,0.7237674512034885,0.28257800471982825,0.13631033219941163
WhiteTailedDeer_LocalOffset_5.ply,WhiteTailedDeer.ply,LocalOffset,13,2.0,865756,865756,4.213443756103516,0.15609359741210938,0.9599321477299808,0.9915037339964935,0.9913757298729255,0.79813525275192,0.8138776851630856,0.8060380954838058,0.6846339963137196,0.6815173874674206,0.6835002340561465,0.8109505205137051,0.8395578280016962,0.7729933495290456,36.50714094270744,19.624215680619002,19.07231100975298,14.871529332720064,0.2124341538094399,0.37631808217916046,36.803365286210095,19.18531897457616,15.067929757102283,37.318707924026356,19.477865691782192,15.208315270134618,0.782145077420072,0.7791451584952083,0.5801299959661278,0.7124075999077714,0.7089813052715835,0.6500868894104684,0.6985318438181318,0.755950522547403,0.8304243533061204,0.6843410327899416,0.5074823985823476,0.629373180055946,0.6054648521391565,0.6570468540775418,0.34898342550186456,0.19808433472506767
Wood_DownSample_3.ply,Wood.ply,DownSample,26,4.3,803992,442196,3.0361692905426025,0.002227783203125,0.9812962228229826,0.9981045593733313,0.9989038508249883,0.9068810597015644,0.8738608597209709,0.8729769713257269,0.9586029742195012,0.9509277681672477,0.9416988334230275,0.9078665559070159,0.9027501232518134,0.8912557140608682,0.8189225850646115,0.4157119343195328,0.5780628761779817,0.11726926745498048,0.17471854412317314,0.25648296920930264,1.0560573347147775,0.6797428842092881,0.24695478935319842,0.7996467466701839,0.49338543929330986,0.08658400903376814,0.732745555526157,0.696684350053856,0.8578564360971794,0.996576039599241,0.9967993759894798,0.7524071298880309,0.7985859124833137,0.6400016920854745,0.9991785227425126,0.9350911050768029,0.3589889642741721,0.8133170321918922,0.8203926011180762,0.5364494451347868,0.49671065097595896,0.00021284791190281574
Wood_DownSample_4.ply,Wood.ply,DownSample,26,4.25,803992,321597,2.8507397174835205,0.002685546875,0.9748045846847163,0.9973679555080114,0.9984250933864988,0.8786703509852253,0.8318671496220021,0.8266156899716479,0.9745221408595838,0.9688631595140499,0.9595554748409244,0.879613743966246,0.8663260461329884,0.8586801214449958,1.2617939473776687,0.6796388077451034,0.8616271832465265,0.15377699396910202,0.17471854412317314,0.25648296920930264,1.4383569660211712,0.9392804432656661,0.24108015351229511,1.0832717639829816,0.6562950910876992,0.1482157156370691,0.5956499437078677,0.5610526366277568,0.7837704069012307,0.9995144235621015,0.9992193086159367,0.7578889320220865,0.694644248406899,0.4827951682078898,0.9986718127530443,0.92794771666861,0.3431803160079221,0.7338374977159998,0.7396820121623765,0.5245942670727882,0.5094916342503159,0.0004244426947780235
Wood_DownSample_5.ply,Wood.ply,DownSample,26,3.85714285714286,803992,241198,2.811384439468384,0.017871856689453125,0.9698810545706564,0.9967740176989811,0.9980385339631577,0.8580115892667607,0.8007812516654719,0.7920807815181832,0.9816802231738386,0.9784220050817921,0.9719351524514406,0.8588404434391951,0.8382044534253027,0.834971540314398,1.6601115978911252,0.9467890316849017,1.0950903187370074,0.1821671651437497,0.17471854412317314,0.25648296920930264,1.7936637874150914,1.1539838026393117,0.2414751985892628,1.3649889473769603,0.8255980665430025,0.22116596489748325,0.48599513946331324,0.45361666562198305,0.7147839570258303,1.0003001272237917,0.9985339287429952,0.7596872091219614,0.6052739363621982,0.3671513794315071,0.9981231708826301,0.9230773339505515,0.32733213190623767,0.6738100718902885,0.6784611019079468,0.5122947775497265,0.5317306148813817,0.0007189156104888536
Wood_DownSample_6.ply,Wood.ply,DownSample,26,2.85714285714286,803992,160798,2.7379045486450195,0.0,0.9639438685960209,0.9960114193691794,0.9975223771340029,0.833758180303088,0.7634655696060256,0.7495031454362642,0.9900230431836392,0.986450780529473,0.9820332852481204,0.8343335131159065,0.802104416772337,0.8073550319089189,2.2381297855745,1.3427863304712497,1.4336998919043777,0.21210215069471813,0.17471854412317314,0.25648296920930264,2.330364180261986,1.4784317175407162,0.23639355096043768,1.8335126018160037,1.0952149668577222,0.36454283839672036,0.35458347556004544,0.32954537291370584,0.6117062320349971,0.997521744792907,0.999185710746565,0.760917845632976,0.49036075773299753,0.24351427817643678,0.9970961071128899,0.9197321594731777,0.3263587375926875,0.6109979698900417,0.6129844717063494,0.5137345778005133,0.5268052051556733,0.0013120557616000637
Wood_DownSample_7.ply,Wood.ply,DownSample,26,2.46875,803992,80399,2.699944019317627,0.0257568359375,0.9561015134648091,0.9949187772039577,0.9967338861521826,0.8004982798766379,0.7151029322836749,0.6919340741299654,0.9968142008452843,0.994738436700279,0.9928170984372549,0.8006764004581631,0.7538417621222626,0.76988012572959,3.378908145147822,2.1169229339959874,2.129281176916814,0.24873276767424304,0.17471854412317314,0.25648296920930264,3.4208068358808177,2.151071943345067,0.23151783987154922,2.855086088670009,1.6663424489979717,0.7649293668146843,0.19711885084054018,0.18139416061319444,0.430071348447905,1.0002039885745677,0.9990513413280337,0.7635152533883479,0.33557093865893584,0.11590582290027217,0.9946803281431623,0.9142702791238669,0.3181182388580109,0.553678884697164,0.5517936730482822,0.5087162525403565,0.5331992886110448,0.002847974082877188
Wood_Octree_1.ply,Wood.ply,Octree,1,2.84375,803992,82422,2.656825065612793,0.0124053955078125,0.9565278633165066,0.9947572086502409,0.9964055533609908,0.6985300099483563,0.7126969623546536,0.71547778485495,0.9952210832754962,0.9939471512753538,0.9909720621449346,0.702451048051562,0.7570000695527461,0.655270018130441,3.8602287833023774,1.9845169949973709,1.9848461908974335,1.9440099708678285,0.17471854412317314,0.25648296920930264,3.8894071947389777,1.993253207200322,1.9675397054027182,1.9558305303164438,0.8042267325442027,1.3222652428967223,0.19063392632683945,0.17503068008851533,0.18647265540265975,0.9988781426584564,0.9999593545977365,0.7747740235928094,0.2470578948859527,0.1183660717378186,0.9830579071887154,0.9483592989262957,0.3237685223014241,0.320767144130815,0.3129632169100965,0.512740773129221,0.5232906385031911,0.0038768150233443664
Wood_Octree_2.ply,Wood.ply,Octree,1,2.375,803992,53315,2.701575994491577,0.029819488525390625,0.9519283208514031,0.9941580131696313,0.995941216916408,0.6682849950732608,0.6866225138984963,0.6887288298867312,0.9968468320532654,0.995722016925855,0.994184612148357,0.6721647618873886,0.7299986439103456,0.6220730532818322,4.848723187948493,2.4625276374860023,2.438411259033502,2.530794594864096,0.17471854412317314,0.25648296920930264,4.871269845761699,2.4520263935517206,2.541259641242648,2.657605588548355,1.0473833535962742,1.8588842076947112,0.12906876227069716,0.11820512483684222,0.1713788110819907,0.9987365879923659,1.0007801153023126,0.7759693554675031,0.21089733429637972,0.07363957412995159,0.9793634949411442,0.9458622150873811,0.32398351485530996,0.30014301231778484,0.2927793400375502,0.510870411113249,0.5240878806940014,0.00558601001641388
Wood_Octree_3.ply,Wood.ply,Octree,1,2.07142857142857,803992,37446,2.703735113143921,0.02919769287109375,0.9484507444589908,0.9936756593927276,0.9955130633901474,0.6426441714073761,0.6678460956717819,0.667360824046219,0.9980367230726468,0.9979254672861522,0.995180834681029,0.6466733406092394,0.7089821125471892,0.5942697886224204,5.765266847960384,2.9859513893781346,2.9231819486425934,2.795022146498483,0.17471854412317314,0.25648296920930264,5.790893614563729,2.9347018704514505,2.8143176186659242,3.1652192888957473,1.2617641600171068,2.141767846421672,0.09331004749319001,0.08531511764895518,0.1419290010135279,1.0005247529469143,0.9980146302675673,0.7761464054829238,0.16980643949684393,0.04990186178295019,0.9757383660331993,0.9450345515459475,0.3280249989499722,0.2610019615115916,0.25400109437142393,0.5119704346041788,0.5180410136095525,0.007924955095096158
Wood_Octree_4.ply,Wood.ply,Octree,1,1.60714285714286,803992,27730,2.624702215194702,0.0303497314453125,0.9455804523189516,0.9932751753931816,0.9951697651477697,0.6249538594366608,0.6529744492528496,0.6477160334059158,0.9981006707007147,0.9978177051562549,0.9965070133219264,0.6291477082845531,0.692148022305007,0.5753330888832948,6.578421129367865,3.442334088218852,3.3820707850259857,3.142616697212626,0.17471854412317314,0.25648296920930264,6.5918808886961155,3.394829197518987,3.1486828061784538,3.9419529279346697,1.5573168859059454,2.7416070332759497,0.07045953130806445,0.06454696428640008,0.1344627677918322,0.9996416275144129,0.9995994266977507,0.7768365077148015,0.15506360542652978,0.03583687659557434,0.9724804929881051,0.9415655468226648,0.3371846898277087,0.24542314946297902,0.23884997611474662,0.5183641865664567,0.5067126669669725,0.0100063056866391
Wood_Octree_5.ply,Wood.ply,Octree,1,1.73333333333333,803992,21334,2.6104445457458496,0.0183563232421875,0.9418478509197195,0.9927094675324746,0.9946829688421626,0.5977909218096149,0.6344722150263375,0.6307051345158438,0.9994110861519347,0.9993725422461948,0.9978785422439145,0.602053804329543,0.6718650110135559,0.5467222865339145,7.905257243508283,3.9217730674006046,3.896815875402885,4.290142007101748,0.17471854412317314,0.25648296920930264,7.920345886526222,3.898757104512505,4.301364729129741,5.408632589047512,1.7858196739634402,4.233545561070312,0.05505485192967277,0.05035800918070079,0.12326109802132403,1.0005713389537143,1.0011023726890043,0.776537532364933,0.13902216869931427,0.026803377729337927,0.9690584453262052,0.9397446910650564,0.33426576569900024,0.2282685470496286,0.22188990626137417,0.5132119466441863,0.5137545055708939,0.01080079865483851
Wood_UniformNoise_1.ply,Wood.ply,UniformNoise,30,4.64285714285714,803992,803992,3.3924901485443115,0.109130859375,0.9974844165145856,0.9984099555832356,0.9986752150568609,0.9607193639413781,0.4562920254801657,0.2713728282381841,0.03671004407266113,0.4637007280810496,0.6249398922341953,0.91808134577447,0.4978561366289359,0.9257485167666212,0.0,0.0,0.0,0.0,0.17471854412317314,0.25648296920930264,0.4150993367508634,0.17471854412317314,0.25648296920930264,7.764434655061055e-14,4.038062677918411e-14,3.3137246067979895e-14,1.0,1.0,1.0,6.363579474177082e-17,6.448502129881189e-17,7.178368770123829e-17,1.0,1.0,1.0,1.0,1.0,1.0,1.0,0.9997961132742534,-4.5269032604491603e-20,0.00020387359836899818
Wood_UniformNoise_3.ply,Wood.ply,UniformNoise,30,3.85714285714286,803992,803992,3.359140157699585,0.07202529907226562,0.9926599997744338,0.9954175141131387,0.9962094247407682,0.7903539028782249,0.12071572552143352,0.050497912297674606,0.19893244395210063,0.7586888501157429,0.8537281053056225,0.6263372526390917,0.17041517326660008,0.6205574171769837,0.0,0.0,0.0,0.0,0.17471854412317314,0.25648296920930264,0.4150993367508634,0.17471854412317314,0.25648296920930264,7.764434655061055e-14,4.038062677918411e-14,3.3137246067979895e-14,1.0,1.0,1.0,6.363579474177082e-17,6.448502129881189e-17,7.178368770123829e-17,1.0,1.0,1.0,1.0,1.0,1.0,1.0,0.9997961132742534,-4.5269032604491603e-20,0.00020387359836899818
Wood_UniformNoise_4.ply,Wood.ply,UniformNoise,30,4.0,803992,803992,3.384657382965088,0.039520263671875,0.9900534226597026,0.9937695241398715,0.9949700028128237,0.7003110647113434,0.07685668662209229,0.03017304318054934,0.2806178584760923,0.8089135091743502,0.8874371553691963,0.5098620378794972,0.1177444145869388,0.4956101062706822,0.0,0.0,0.0,0.0,0.17471854412317314,0.25648296920930264,0.4150993367508634,0.17471854412317314,0.25648296920930264,7.764434655061055e-14,4.038062677918411e-14,3.3137246067979895e-14,1.0,1.0,1.0,6.363579474177082e-17,6.448502129881189e-17,7.178368770123829e-17,1.0,1.0,1.0,1.0,1.0,1.0,1.0,0.9997961132742534,-4.5269032604491603e-20,0.00020387359836899818
Wood_UniformNoise_5.ply,Wood.ply,UniformNoise,30,3.07142857142857,803992,803992,3.278059244155884,0.057270050048828125,0.9874357514585044,0.992264625368613,0.9937953692087782,0.6181164470465809,0.05338580245219312,0.02001876327214023,0.3544363795603907,0.8417037296427015,0.9074300813337058,0.418295155040599,0.08653154688769592,0.3981531367171295,0.0,0.0,0.0,0.0,0.17471854412317314,0.25648296920930264,0.4150993367508634,0.17471854412317314,0.25648296920930264,7.764434655061055e-14,4.038062677918411e-14,3.3137246067979895e-14,1.0,1.0,1.0,6.363579474177082e-17,6.448502129881189e-17,7.178368770123829e-17,1.0,1.0,1.0,1.0,1.0,1.0,1.0,0.9997961132742534,-4.5269032604491603e-20,0.00020387359836899818
Wood_UniformNoise_7.ply,Wood.ply,UniformNoise,30,3.10714285714286,803992,803992,3.220564126968384,0.017574310302734375,0.9814950599619053,0.9890695345254079,0.9912367164804876,0.48780835759117736,0.030716636453222708,0.010802003393751362,0.47692877892000374,0.879745332868218,0.9316978314941897,0.29368867028294077,0.053245359888809435,0.26816125130266877,0.0,0.0,0.0,0.0,0.17471854412317314,0.25648296920930264,0.4150993367508634,0.17471854412317314,0.25648296920930264,7.764434655061055e-14,4.038062677918411e-14,3.3137246067979895e-14,1.0,1.0,1.0,6.363579474177082e-17,6.448502129881189e-17,7.178368770123829e-17,1.0,1.0,1.0,1.0,1.0,1.0,1.0,0.9997961132742534,-4.5269032604491603e-20,0.00020387359836899818
